0.9, 5.0, 0.4
parameter ends

state | action | reward
[-0.57] | [-0.11] | -0.0012897478523600503
-0.5704488158226013 | [-0.11] | -0.0012655768529725546
-0.5700861215591431 | [-0.11] | -0.0012379693554308178
-0.5695428252220154 | [-0.11] | -0.0012071846512273674
-0.5688208341598511 | [-0.11] | -0.0011735118272460706
-0.5679231882095337 | [-0.11] | -0.0011372666555441787
-0.5668540596961975 | [-0.1] | -0.0010987869404040771
-0.5656186938285828 | [-0.1] | -0.0010584265008334937
-0.5642232894897461 | [-0.1] | -0.0010165482020607548
-0.5626751780509949 | [-0.1] | -0.0009735225021718709
-0.5609827041625977 | [-0.1] | -0.0009297204157710236
-0.5591550469398499 | [-0.09] | -0.0008855059222797368
-0.5572023987770081 | [-0.09] | -0.0008412350752064332
-0.5551357269287109 | [-0.09] | -0.0007972481219553655
-0.552966833114624 | [-0.09] | -0.000753867457590601
-0.5507081747055054 | [-0.08] | -0.0007113920743530794
-0.5483729243278503 | [-0.08] | -0.0006700967053003975
-0.545974850654602 | [-0.08] | -0.000630228608620935
-0.543528139591217 | [-0.08] | -0.0005920044976436763
-0.5410474538803101 | [-0.07] | -0.0005556117617017383
-0.5385478138923645 | [-0.07] | -0.0005212076535427362
-0.5360443592071533 | [-0.07] | -0.0004889178754312663
-0.5335524678230286 | [-0.07] | -0.0004588406738276333
-0.5310875177383423 | [-0.07] | -0.0004310467335892557
-0.5286648869514465 | [-0.06] | -0.0004055828137801529
-0.5262998342514038 | [-0.06] | -0.000382474275802253
-0.524007260799408 | [-0.06] | -0.0003617268717356487
-0.5218018293380737 | [-0.06] | -0.00034333277952143645
-0.5196977853775024 | [-0.06] | -0.0003272733561604532
-0.5177088379859924 | [-0.06] | -0.0003135227208456051
-0.5158480405807495 | [-0.05] | -0.00030205127071188066
-0.514127790927887 | [-0.05] | -0.0002928301927663896
-0.512559711933136 | [-0.05] | -0.00028583440290491
-0.5111546516418457 | [-0.05] | -0.00028104623773098477
-0.5099223852157593 | [-0.05] | -0.00027845572508433333
-0.508871853351593 | [-0.05] | -0.00027806546734276293
-0.5080108046531677 | [-0.05] | -0.0002798890205785321
-0.507345974445343 | [-0.05] | -0.00028395375387525707
-0.5068829655647278 | [-0.05] | -0.00029030001639819417
-0.5066260695457458 | [-0.05] | -0.000298978939223579
-0.5065784454345703 | [-0.06] | -0.00031005295208219857
-0.5067419409751892 | [-0.06] | -0.00032359200258805915
-0.5071170926094055 | [-0.06] | -0.0003396708147493813
-0.5077032446861267 | [-0.06] | -0.0003583667677154619
-0.5084983706474304 | [-0.06] | -0.0003797540849328796
-0.5094991326332092 | [-0.06] | -0.00040390002585616444
-0.5107009410858154 | [-0.07] | -0.0004308607591525035
-0.512097954750061 | [-0.07] | -0.00046067638042368965
-0.513683021068573 | [-0.07] | -0.0004933650392095898
-0.5154477953910828 | [-0.07] | -0.0005289191947752339
-0.517382800579071 | [-0.08] | -0.0005673014788754674
-0.519477367401123 | [-0.08] | -0.000608439159332739
-0.5217198729515076 | [-0.08] | -0.0006522231399468311
-0.5240976214408875 | [-0.08] | -0.0006985025980969574
-0.5265969634056091 | [-0.09] | -0.0007470834976971256
-0.529203474521637 | [-0.09] | -0.0007977290127394919
-0.5319018959999084 | [-0.09] | -0.0008501569683160795
-0.5346763730049133 | [-0.1] | -0.0009040431030826468
-0.5375103950500488 | [-0.1] | -0.0009590201927082652
-0.5403870344161987 | [-0.1] | -0.0010146832954379583
-0.5432888865470886 | [-0.1] | -0.0010705906255073807
-0.5461983680725098 | [-0.11] | -0.0011262717870910545
-0.5490976572036743 | [-0.11] | -0.0011812303612061458
-0.5519689321517944 | [-0.11] | -0.0012349527172565533
-0.5547943711280823 | [-0.11] | -0.0012869130079152008
-0.5575563311576843 | [-0.12] | -0.0013365820131296482
-0.560237467288971 | [-0.12] | -0.0013834355035758582
-0.5628208518028259 | [-0.12] | -0.0014269626357873992
-0.5652899146080017 | [-0.12] | -0.001466670630163193
-0.5676287412643433 | [-0.12] | -0.0015020971680367804
-0.5698221325874329 | [-0.12] | -0.0015328173374919616
-0.5718557238578796 | [-0.12] | -0.0015584515960524788
-0.57371586561203 | [-0.13] | -0.0015786678615580417
-0.5753900408744812 | [-0.13] | -0.0015931949746029767
-0.5768666863441467 | [-0.13] | -0.0016018219490944977
-0.5781353116035461 | [-0.13] | -0.0016044031187593525
-0.579186737537384 | [-0.13] | -0.0016008651091336326
-0.5800129771232605 | [-0.13] | -0.0015912044741002427
-0.5806073546409607 | [-0.13] | -0.0015754898316939947
-0.5809645056724548 | [-0.12] | -0.001553860165391908
-0.5810805559158325 | [-0.12] | -0.001526526116187074
-0.5809529423713684 | [-0.12] | -0.0014937620642759442
-0.5805805921554565 | [-0.12] | -0.0014559054304124346
-0.5799639821052551 | [-0.12] | -0.0014133521475302208
-0.5791049599647522 | [-0.12] | -0.001366546151572879
-0.5780069231987 | [-0.11] | -0.0013159760900234181
-0.5766746997833252 | [-0.11] | -0.001262164891433111
-0.5751146078109741 | [-0.11] | -0.0012056628064105986
-0.5733343958854675 | [-0.11] | -0.0011470376770014873
-0.571343183517456 | [-0.1] | -0.0010868652341372374
-0.5691515207290649 | [-0.1] | -0.001025721889962345
-0.5667711496353149 | [-0.1] | -0.0009641720517394431
-0.5642151832580566 | [-0.1] | -0.0009027639973597712
-0.5614978671073914 | [-0.09] | -0.0008420184567485145
-0.5586345791816711 | [-0.09] | -0.0007824226996039602
-0.5556417107582092 | [-0.09] | -0.000724423361026539
-0.5525365471839905 | [-0.08] | -0.0006684207634568394
-0.5493372678756714 | [-0.08] | -0.000614766169525357
-0.546062707901001 | [-0.08] | -0.0005637567964789315
-0.5427324175834656 | [-0.07] | -0.0005156366815166047
-0.5393664240837097 | [-0.07] | -0.00047059453661191936
-0.5359851121902466 | [-0.07] | -0.0004287649404090606
-0.5326091647148132 | [-0.06] | -0.0003902315140727874
-0.5292593240737915 | [-0.06] | -0.0003550291468588774
-0.5259564518928528 | [-0.06] | -0.00032315086056317494
-0.5227211713790894 | [-0.05] | -0.00029455088414054157
-0.5195738673210144 | [-0.05] | -0.00026915264152210317
-0.5165345668792725 | [-0.05] | -0.00024685577254069833
-0.5136227607727051 | [-0.05] | -0.000227543117262632
-0.510857343673706 | [-0.05] | -0.0002110888784916645
-0.5082563757896423 | [-0.04] | -0.0001973652518682128
-0.505837082862854 | [-0.04] | -0.00018625073203251474
-0.50361567735672 | [-0.04] | -0.0001776364164207926
-0.5016072392463684 | [-0.04] | -0.00017143210981193955
-0.49982574582099915 | [-0.04] | -0.00016757261048472703
-0.4982837736606598 | [-0.04] | -0.00016602046392981388
-0.4969926178455353 | [-0.04] | -0.00016677063628818957
-0.4959620535373688 | [-0.04] | -0.00016985118858207885
-0.49520033597946167 | [-0.04] | -0.0001753243285716098
-0.4947141706943512 | [-0.04] | -0.00018328580204670663
-0.4945085942745209 | [-0.04] | -0.00019386214489356004
-0.4945869445800781 | [-0.05] | -0.00020720717955211547
-0.49495089054107666 | [-0.05] | -0.00022349764368148834
-0.4956003427505493 | [-0.05] | -0.00024292660013061079
-0.49653348326683044 | [-0.05] | -0.00026569669150225986
-0.49774670600891113 | [-0.05] | -0.0002920116527452324
-0.499234676361084 | [-0.06] | -0.00032206808181929565
-0.5009903311729431 | [-0.06] | -0.00035604617263949856
-0.5030049085617065 | [-0.06] | -0.000394100357237603
-0.5052680373191833 | [-0.07] | -0.00043635058192687936
-0.5077676773071289 | [-0.07] | -0.0004828720647541104
-0.5104902386665344 | [-0.07] | -0.0005336874082831577
-0.5134206414222717 | [-0.08] | -0.0005887588427836096
-0.5165424942970276 | [-0.08] | -0.0006479829876903114
-0.5198379755020142 | [-0.08] | -0.0007111826266218592
-0.5232881903648376 | [-0.09] | -0.0007781066289976194
-0.5268730521202087 | [-0.09] | -0.0008484243485793951
-0.5305715203285217 | [-0.1] | -0.0009217270355129757
-0.5343616604804993 | [-0.1] | -0.0009975281806118477
-0.5382209420204163 | [-0.1] | -0.0010752698773906237
-0.5421261191368103 | [-0.11] | -0.0011543232882251892
-0.5460535883903503 | [-0.11] | -0.0012339996878523286
-0.5499793887138367 | [-0.11] | -0.0013135562521894024
-0.55387943983078 | [-0.12] | -0.0013922080328756243
-0.5577297210693359 | [-0.12] | -0.0014691401919010884
-0.5615062713623047 | [-0.12] | -0.0015435173757082537
-0.5651854872703552 | [-0.13] | -0.0016145002872624435
-0.5687441825866699 | [-0.13] | -0.0016812578383468384
-0.5721598267555237 | [-0.13] | -0.0017429834848496186
-0.5754106044769287 | [-0.13] | -0.0017989075820750867
-0.5784755349159241 | [-0.14] | -0.0018483107825688152
-0.58133465051651 | [-0.14] | -0.0018905383013815222
-0.5839691758155823 | [-0.14] | -0.0019250136254718268
-0.5863615274429321 | [-0.14] | -0.0019512466133916014
-0.5884954333305359 | [-0.14] | -0.0019688432939531267
-0.590356171131134 | [-0.14] | -0.001977517314140412
-0.5919305086135864 | [-0.14] | -0.0019770922046144987
-0.5932068228721619 | [-0.14] | -0.001967506447054134
-0.5941752791404724 | [-0.14] | -0.00194881820129909
-0.5948277711868286 | [-0.14] | -0.0019212020659215554
-0.5951579809188843 | [-0.14] | -0.0018849470091184544
-0.5951615571975708 | [-0.14] | -0.0018404554191785738
-0.5948360562324524 | [-0.13] | -0.001788234178205254
-0.5941808819770813 | [-0.13] | -0.0017288842704485476
-0.5931975245475769 | [-0.13] | -0.0016630960409577452
-0.5918894410133362 | [-0.13] | -0.001591634136055963
-0.5902619957923889 | [-0.12] | -0.001515323073468494
-0.5883225202560425 | [-0.12] | -0.0014350346109110801
-0.5860803723335266 | [-0.12] | -0.0013516742614461156
-0.5835467576980591 | [-0.11] | -0.0012661621630530868
-0.5807347297668457 | [-0.11] | -0.0011794182667103999
-0.5776591897010803 | [-0.1] | -0.0010923474038472584
-0.5743367075920105 | [-0.1] | -0.0010058217893888564
-0.5707855820655823 | [-0.1] | -0.0009206690320877584
-0.5670256614685059 | [-0.09] | -0.0008376570532725036
-0.5630782842636108 | [-0.09] | -0.0007574828089504306
-0.5589660406112671 | [-0.08] | -0.0006807602627250783
-0.5547127723693848 | [-0.08] | -0.0006080144599843152
-0.5503434538841248 | [-0.07] | -0.0005396757687413045
-0.5458839535713196 | [-0.07] | -0.0004760751420650667
-0.5413609743118286 | [-0.06] | -0.00041744432728256823
-0.5368017554283142 | [-0.06] | -0.000363915885960486
-0.5322340130805969 | [-0.06] | -0.0003155286015416322
-0.5276857614517212 | [-0.05] | -0.00027223361219105233
-0.523185133934021 | [-0.05] | -0.00023390289605706448
-0.5187601447105408 | [-0.04] | -0.00020033910244919491
-0.5144385695457458 | [-0.04] | -0.0001712881820962706
-0.5102477669715881 | [-0.04] | -0.00014645256801775966
-0.5062144994735718 | [-0.04] | -0.00012550530804707248
-0.5023646950721741 | [-0.03] | -0.00010810430983466283
-0.4987233579158783 | [-0.03] | -9.390762060844226e-05
-0.4953143894672394 | [-0.03] | -8.258768600265639e-05
-0.4921604096889496 | [-0.03] | -7.384490898371059e-05
-0.48928260803222656 | [-0.03] | -6.742019097710033e-05
-0.4867006838321686 | [-0.03] | -6.310641866215891e-05
-0.4844326078891754 | [-0.02] | -6.07572454016737e-05
-0.482494592666626 | [-0.02] | -6.0294766535340806e-05
-0.4809008836746216 | [-0.02] | -6.17140872737012e-05
-0.47966381907463074 | [-0.03] | -6.508659793817962e-05
-0.47879356145858765 | [-0.03] | -7.055918343138683e-05
-0.4782981872558594 | [-0.03] | -7.8352434055357e-05
-0.4781835079193115 | [-0.03] | -8.875500005094816e-05
-0.4784530699253082 | [-0.03] | -0.00010211622890975348
-0.47910812497138977 | [-0.03] | -0.00011883628948160519
-0.4801476001739502 | [-0.04] | -0.00013935410411094126
-0.48156800866127014 | [-0.04] | -0.00016413286795069875
-0.4833635985851288 | [-0.04] | -0.00019364555255546698
-0.4855262339115143 | [-0.05] | -0.000228357302089783
-0.48804545402526855 | [-0.05] | -0.0002687080953083652
-0.49090859293937683 | [-0.06] | -0.00031509571889265183
-0.4941007196903229 | [-0.06] | -0.0003678570460304549
-0.49760475754737854 | [-0.07] | -0.00042725142314846274
-0.5014016032218933 | [-0.07] | -0.0004934452042744904
-0.5054701566696167 | [-0.08] | -0.000566496675694534
-0.5097874999046326 | [-0.08] | -0.0006463447065651731
-0.5143290162086487 | [-0.09] | -0.0007327988801095407
-0.5190684199333191 | [-0.09] | -0.0008255309531983821
-0.5239781141281128 | [-0.1] | -0.0009240742921540921
-0.529029130935669 | [-0.1] | -0.001027819622439385
-0.5341915488243103 | [-0.11] | -0.0011360222815446595
-0.5394343733787537 | [-0.11] | -0.001247803108795094
-0.5447260141372681 | [-0.12] | -0.001362163512563571
-0.5500344038009644 | [-0.12] | -0.0014779972302665651
-0.5553271174430847 | [-0.13] | -0.0015941044815187548
-0.5605716109275818 | [-0.13] | -0.0017092114138350892
-0.5657354593276978 | [-0.13] | -0.0018219914197571234
-0.5707865953445435 | [-0.14] | -0.0019310888483722779
-0.5756934285163879 | [-0.14] | -0.0020351407950188498
-0.5804251432418823 | [-0.15] | -0.0021328042361642096
-0.5849518179893494 | [-0.15] | -0.0022227789405008446
-0.589244544506073 | [-0.15] | -0.0023038299871774447
-0.593275785446167 | [-0.15] | -0.002374816249915955
-0.597019374370575 | [-0.16] | -0.0024347077353617137
-0.6004508137702942 | [-0.16] | -0.0024826098362981473
-0.6035473346710205 | [-0.16] | -0.00251777880257833
-0.606287956237793 | [-0.16] | -0.0025396347817667163
-0.6086537837982178 | [-0.16] | -0.0025477790949763835
-0.610628068447113 | [-0.16] | -0.0025420018239578745
-0.612196147441864 | [-0.16] | -0.0025222827978003057
-0.6133458018302917 | [-0.16] | -0.0024888015393015085
-0.6140670776367188 | [-0.16] | -0.0024419282623759013
-0.6143525242805481 | [-0.15] | -0.002382223734109108
-0.6141971945762634 | [-0.15] | -0.00231042895300574
-0.6135987639427185 | [-0.15] | -0.002227454958606459
-0.6125573515892029 | [-0.15] | -0.0021343615330488733
-0.611075758934021 | [-0.14] | -0.002032344762618076
-0.6091594696044922 | [-0.14] | -0.0019227152755886855
-0.6068164706230164 | [-0.13] | -0.0018068700350251155
-0.6040574312210083 | [-0.13] | -0.001686271886001435
-0.6008955836296082 | [-0.12] | -0.0015624201494226565
-0.5973466634750366 | [-0.12] | -0.0014368225083078584
-0.5934289693832397 | [-0.11] | -0.0013109694462477455
-0.5891631245613098 | [-0.11] | -0.0011863027280717654
-0.5845720767974854 | [-0.1] | -0.001064190788222349
-0.5796810388565063 | [-0.1] | -0.0009459044105193117
-0.5745172500610352 | [-0.09] | -0.0008325916888460482
-0.5691099166870117 | [-0.09] | -0.0007252597919307036
-0.5634900331497192 | [-0.08] | -0.0006247580499728625
-0.5576902627944946 | [-0.07] | -0.0005317662311021976
-0.5517446398735046 | [-0.07] | -0.00044678471497391035
-0.5456883907318115 | [-0.06] | -0.0003701314769125349
-0.5395578742027283 | [-0.05] | -0.0003019447493149373
-0.5333901047706604 | [-0.05] | -0.00024218594759931817
-0.527222752571106 | [-0.04] | -0.0001906522562444672
-0.5210937261581421 | [-0.04] | -0.0001469894475254499
-0.5150409936904907 | [-0.03] | -0.00011071075017852014
-0.5091023445129395 | [-0.03] | -8.121856573263639e-05
-0.5033151507377625 | [-0.02] | -5.7828624665427894e-05
-0.4977160394191742 | [-0.02] | -3.9795888347234235e-05
-0.4923407733440399 | [-0.02] | -2.6342628018493573e-05
-0.48722395300865173 | [-0.01] | -1.6686079061203648e-05
-0.48239877820014954 | [-0.01] | -1.0066180437121389e-05
-0.47789686918258667 | [-0.01] | -5.772405528669315e-06
-0.4737480580806732 | [-0.01] | -3.168725330109979e-06
-0.4699801802635193 | [-0.] | -1.7162067814045907e-06
-0.46661892533302307 | [-0.] | -9.92685142298889e-07
-0.4636876583099365 | [-0.] | -7.089087729535125e-07
-0.4612073004245758 | [-0.] | -7.207998770164496e-07
-0.45919618010520935 | [-0.] | -1.0374466538967675e-06
-0.4576699137687683 | [-0.] | -1.8246213688868806e-06
-0.456641286611557 | [-0.01] | -3.4036432661178273e-06
-0.45612022280693054 | [-0.01] | -6.245626286726581e-06
-0.45611366629600525 | [-0.01] | -1.0961036039883896e-05
-0.45662549138069153 | [-0.01] | -1.828471718921856e-05
-0.45765653252601624 | [-0.02] | -2.9056907336129194e-05
-0.4592044949531555 | [-0.02] | -4.420016335891444e-05
-0.4612639546394348 | [-0.03] | -6.469301456595373e-05
-0.46382635831832886 | [-0.03] | -9.154074611401018e-05
-0.46688002347946167 | [-0.04] | -0.00012574392597214918
-0.47041022777557373 | [-0.04] | -0.00016826593623843738
-0.4743991792201996 | [-0.05] | -0.0002199990448070377
-0.4788261651992798 | [-0.05] | -0.0002817318214334424
-0.4836675524711609 | [-0.06] | -0.0003541164259943
-0.4888969659805298 | [-0.07] | -0.00043763919817873045
-0.49448540806770325 | [-0.07] | -0.000532593864493643
-0.5004013776779175 | [-0.08] | -0.0006390580894712547
-0.5066111087799072 | [-0.09] | -0.000756876083405004
-0.5130786895751953 | [-0.09] | -0.0008856447224224981
-0.5197663307189941 | [-0.1] | -0.0010247073335766727
-0.5266345143318176 | [-0.11] | -0.0011731514473378032
-0.5336424112319946 | [-0.12] | -0.0013298177574372636
-0.5407480001449585 | [-0.12] | -0.0014933098710237997
-0.5479083061218262 | [-0.13] | -0.0016620115955033087
-0.5550798177719116 | [-0.14] | -0.0018341144790021396
-0.5622187256813049 | [-0.14] | -0.0020076463290209508
-0.5692811608314514 | [-0.15] | -0.002180504209934836
-0.5762235522270203 | [-0.15] | -0.00235049417458821
-0.5830028653144836 | [-0.16] | -0.002515370774933696
-0.5895769000053406 | [-0.16] | -0.0026728799820427487
-0.5959045886993408 | [-0.17] | -0.0028208036376386764
-0.6019461154937744 | [-0.17] | -0.002956998194738789
-0.6076633930206299 | [-0.18] | -0.0030794438189037116
-0.6130200624465942 | [-0.18] | -0.0031862770109283758
-0.6179818511009216 | [-0.18] | -0.003275832292201084
-0.6225166916847229 | [-0.18] | -0.0033466730387158093
-0.6265949010848999 | [-0.18] | -0.0033976206201976355
-0.6301893591880798 | [-0.19] | -0.003427779299971021
-0.6332756280899048 | [-0.19] | -0.0034365546723490073
-0.6358321905136108 | [-0.19] | -0.003423671053025211
-0.6378403306007385 | [-0.18] | -0.0033891716665646315
-0.6392844915390015 | [-0.18] | -0.0033334295736278975
-0.6401521563529968 | [-0.18] | -0.0032571368998144286
-0.6404340863227844 | [-0.18] | -0.003161300640872445
-0.6401243209838867 | [-0.17] | -0.003047224789738358
-0.639220118522644 | [-0.17] | -0.0029164855224594593
-0.6377222537994385 | [-0.17] | -0.00277091251610999
-0.6356347799301147 | [-0.16] | -0.0026125484886350813
-0.6329652070999146 | [-0.16] | -0.002443617507995273
-0.6297245025634766 | [-0.15] | -0.002266483944189526
-0.6259270310401917 | [-0.14] | -0.002083606498077671
-0.6215906143188477 | [-0.14] | -0.0018974934247479485
-0.6167364120483398 | [-0.13] | -0.0017106516021180287
-0.6113889217376709 | [-0.12] | -0.0015255383383737898
-0.6055758595466614 | [-0.12] | -0.0013445114921856105
-0.5993281006813049 | [-0.11] | -0.0011697826681662533
-0.592679500579834 | [-0.1] | -0.0010033716955494697
-0.5856667160987854 | [-0.09] | -0.0008470657625463556
-0.5783291459083557 | [-0.08] | -0.0007023866864485866
-0.570708692073822 | [-0.08] | -0.0005705610023113586
-0.5628494024276733 | [-0.07] | -0.000452497003929598
-0.5547972917556763 | [-0.06] | -0.00034877303380257286
-0.5466001033782959 | [-0.05] | -0.000259633358709427
-0.5383070111274719 | [-0.04] | -0.00018499234974462566
-0.5299681425094604 | [-0.04] | -0.00012444637113211574
-0.5216343998908997 | [-0.03] | -7.729695883507088e-05
-0.5133571028709412 | [-0.02] | -4.258009442972916e-05
-0.5051875710487366 | [-0.01] | -1.910236773162025e-05
-0.49717676639556885 | [-0.01] | -5.483604420460485e-06
-0.4893750548362732 | [-0.] | -2.0418172446629373e-07
-0.48183169960975647 | [0.] | -1.6550610508730555e-06
-0.47459468245506287 | [0.01] | -8.190072316693892e-06
-0.4677102863788605 | [0.01] | -1.817829935994391e-05
-0.46122288703918457 | [0.02] | -3.0055280715951626e-05
-0.4551745653152466 | [0.02] | -4.2372182520508426e-05
-0.44960495829582214 | [0.02] | -5.3840740358867494e-05
-0.44455093145370483 | [0.03] | -6.337415401439016e-05
-0.440046489238739 | [0.03] | -7.012137348550968e-05
-0.43612241744995117 | [0.03] | -7.349631714263379e-05
-0.43280625343322754 | [0.03] | -7.319859335299667e-05
-0.430122047662735 | [0.03] | -6.922772199413015e-05
-0.42809030413627625 | [0.02] | -6.188875630114626e-05
-0.4267278015613556 | [0.02] | -5.1790479562672915e-05
-0.42604750394821167 | [0.02] | -3.983507928958771e-05
-0.42605850100517273 | [0.02] | -2.7199736522279528e-05
-0.42676591873168945 | [0.01] | -1.531053919323789e-05
-0.4281708598136902 | [0.01] | -5.808812876328717e-06
-0.43027034401893616 | [0.] | -5.104518960037186e-07
-0.4330572783946991 | [-0.] | -1.3588416069609817e-06
-0.4365204870700836 | [-0.01] | -1.0372385801319177e-05
-0.44064465165138245 | [-0.02] | -2.9587592560691856e-05
-0.4454103708267212 | [-0.02] | -6.099896827005803e-05
-0.45079419016838074 | [-0.03] | -0.00010649710030903614
-0.456768661737442 | [-0.04] | -0.00016780647258307136
-0.46330246329307556 | [-0.05] | -0.0002464250269239593
-0.47036048769950867 | [-0.06] | -0.0003435665119063857
-0.4779040217399597 | [-0.07] | -0.0004601084503348229
-0.4858909547328949 | [-0.08] | -0.0005965470603755637
-0.49427592754364014 | [-0.09] | -0.0007529594502555725
-0.5030106902122498 | [-0.1] | -0.000928978081484041
-0.512044370174408 | [-0.11] | -0.0011237750862136077
-0.5213236808776855 | [-0.12] | -0.0013360563449212747
-0.5307934284210205 | [-0.13] | -0.001564072957122225
-0.5403968095779419 | [-0.13] | -0.0018056408654246467
-0.5500758290290833 | [-0.14] | -0.0020581746927588866
-0.5597716569900513 | [-0.15] | -0.0023187302690066635
-0.5694251656532288 | [-0.16] | -0.002584061537524036
-0.5789771676063538 | [-0.17] | -0.002850678075637212
-0.5883690118789673 | [-0.18] | -0.0031149185359133393
-0.5975428819656372 | [-0.18] | -0.003373020797015819
-0.6064421534538269 | [-0.19] | -0.0036211964997251325
-0.6150119304656982 | [-0.2] | -0.0038557123284794236
-0.6231992244720459 | [-0.2] | -0.004072959833257028
-0.630953311920166 | [-0.21] | -0.004269528098193464
-0.6382260322570801 | [-0.21] | -0.004442271375592613
-0.644972026348114 | [-0.21] | -0.004588370082703945
-0.6511490345001221 | [-0.22] | -0.004705388164392508
-0.6567179560661316 | [-0.22] | -0.004791315111447536
-0.6616431474685669 | [-0.22] | -0.00484461010397725
-0.665892481803894 | [-0.22] | -0.004864229359240336
-0.6694375872612 | [-0.22] | -0.004849652981229714
-0.6722537875175476 | [-0.22] | -0.004800891265507159
-0.6743203401565552 | [-0.22] | -0.00471849499740948
-0.675620436668396 | [-0.21] | -0.004603547586300847
-0.6761413216590881 | [-0.21] | -0.004457653023015631
-0.6758743524551392 | [-0.21] | -0.0042829129413372805
-0.6748150587081909 | [-0.2] | -0.004081894642596871
-0.6729632019996643 | [-0.2] | -0.003857590463962485
-0.670322835445404 | [-0.19] | -0.0036133685290958696
-0.6669023633003235 | [-0.18] | -0.003352915281374995
-0.6627145409584045 | [-0.18] | -0.0030801683705447345
-0.6577766537666321 | [-0.17] | -0.002799248711379302
-0.6521103382110596 | [-0.16] | -0.002514374976653159
-0.6457417607307434 | [-0.15] | -0.0022297855475761157
-0.6387014389038086 | [-0.14] | -0.0019496470635251293
-0.6310243606567383 | [-0.13] | -0.0016779713473815726
-0.6227497458457947 | [-0.12] | -0.001418524311722862
-0.6139211058616638 | [-0.11] | -0.0011747466502806875
-0.6045858860015869 | [-0.1] | -0.0009496723305143023
-0.5947954058647156 | [-0.09] | -0.0007458629517254936
-0.5846045017242432 | [-0.08] | -0.000565348305580183
-0.5740714073181152 | [-0.06] | -0.0004095848684754741
-0.5632572174072266 | [-0.05] | -0.0002794236350660973
-0.5522255897521973 | [-0.04] | -0.00017509907416721877
-0.5410422682762146 | [-0.03] | -9.623337053266034e-05
-0.5297747254371643 | [-0.02] | -4.1859291428731984e-05
-0.5184915661811829 | [-0.01] | -1.0458257157553427e-05
-0.5072620511054993 | [-0.] | -1.5070706665150726e-08
-0.49615558981895447 | [0.01] | -8.086169036652107e-06
-0.48524123430252075 | [0.02] | -3.187909524541914e-05
-0.4745871424674988 | [0.03] | -6.834082170872926e-05
-0.4642601013183594 | [0.03] | -0.00011425184934186507
-0.4543250501155853 | [0.04] | -0.00016632325477060003
-0.44484463334083557 | [0.05] | -0.00022129390315989465
-0.43587884306907654 | [0.05] | -0.0002760244580470028
-0.42748457193374634 | [0.06] | -0.00032758738711234674
-0.41971534490585327 | [0.06] | -0.00037334878270467084
-0.41262105107307434 | [0.06] | -0.00041104168250193616
-0.406247615814209 | [0.07] | -0.0004388302185068291
-0.4006368815898895 | [0.07] | -0.0004553608270527324
-0.3958263695240021 | [0.07] | -0.00045980317539825343
-0.391849160194397 | [0.07] | -0.000451877792732702
-0.38873371481895447 | [0.07] | -0.00043187171977315645
-0.38650378584861755 | [0.06] | -0.00040064060293932505
-0.3851783871650696 | [0.06] | -0.0003595970752495337
-0.3847716152667999 | [0.06] | -0.0003106880153049822
-0.38529258966445923 | [0.05] | -0.0002563573947990736
-0.386745423078537 | [0.04] | -0.00019949616951341165
-0.38912907242774963 | [0.04] | -0.00014338082259004664
-0.39243730902671814 | [0.03] | -9.159877146034995e-05
-0.39665865898132324 | [0.02] | -4.796298191428217e-05
-0.40177637338638306 | [0.01] | -1.6416620802822184e-05
-0.4077683389186859 | [0.] | -9.294826669617032e-07
-0.41460707783699036 | [-0.01] | -5.387572867701552e-06
-0.42225977778434753 | [-0.02] | -3.347888773851916e-05
-0.4306882917881012 | [-0.03] | -8.857808035992869e-05
-0.43984928727149963 | [-0.04] | -0.00017363374402206723
-0.44969433546066284 | [-0.05] | -0.00029106148999605535
-0.46017006039619446 | [-0.07] | -0.00044264618366163716
-0.47121843695640564 | [-0.08] | -0.0006294587133739656
-0.48277705907821655 | [-0.09] | -0.0008517891134617794
-0.494779497385025 | [-0.11] | -0.001109099641073386
-0.5071557760238647 | [-0.12] | -0.0014000019979633026
-0.5198328495025635 | [-0.13] | -0.0017222578029538309
-0.5327349901199341 | [-0.14] | -0.0020728002087183266
-0.545784592628479 | [-0.16] | -0.0024477883743895105
-0.5589026212692261 | [-0.17] | -0.002842675983083438
-0.572009265422821 | [-0.18] | -0.003252303782699121
-0.5850245952606201 | [-0.19] | -0.003671009616858484
-0.5978692173957825 | [-0.2] | -0.004092750946113898
-0.610464870929718 | [-0.21] | -0.004511236328641849
-0.6227349638938904 | [-0.22] | -0.0049200580834968715
-0.6346051692962646 | [-0.23] | -0.005312830114533527
-0.6460039019584656 | [-0.24] | -0.005683319088061907
-0.6568626761436462 | [-0.25] | -0.0060255658095806595
-0.6671165823936462 | [-0.25] | -0.006334005025425124
-0.6767045855522156 | [-0.26] | -0.006603567895022045
-0.685569703578949 | [-0.26] | -0.006829770221653821
-0.6936593055725098 | [-0.26] | -0.007008794174845196
-0.7009251713752747 | [-0.27] | -0.007137548921688966
-0.7073236703872681 | [-0.27] | -0.00721372467620164
-0.7128158211708069 | [-0.27] | -0.007235830499108889
-0.7173673510551453 | [-0.27] | -0.0072032208498266515
-0.7209486365318298 | [-0.27] | -0.00711610522685284
-0.7235349416732788 | [-0.26] | -0.006975561342464813
-0.7251061797142029 | [-0.26] | -0.006783513267840591
-0.7256471514701843 | [-0.26] | -0.006542721224897442
-0.725147545337677 | [-0.25] | -0.006256746884583459
-0.7236019968986511 | [-0.24] | -0.005929908308271262
-0.7210100889205933 | [-0.24] | -0.0055672184392723464
-0.7173765897750854 | [-0.23] | -0.0051743197632777805
-0.7127114534378052 | [-0.22] | -0.004757393032810868
-0.7070299983024597 | [-0.21] | -0.004323059176332094
-0.7003530859947205 | [-0.2] | -0.003878265849410744
-0.6927071809768677 | [-0.19] | -0.0034301564096371863
-0.6841244697570801 | [-0.17] | -0.0029859290776069847
-0.6746429800987244 | [-0.16] | -0.0025526881372718614
-0.6643067002296448 | [-0.15] | -0.0021372882346560773
-0.6531654596328735 | [-0.13] | -0.0017461714447500856
-0.6412749886512756 | [-0.12] | -0.0013852138197260548
-0.6286966800689697 | [-0.1] | -0.0010595732858462914
-0.6154975295066833 | [-0.09] | -0.0007735582235180454
-0.6017497777938843 | [-0.07] | -0.0005305099109261352
-0.5875304937362671 | [-0.06] | -0.0003327113968212844
-0.5729212164878845 | [-0.04] | -0.00018132803295784663
-0.5580072402954102 | [-0.03] | -7.637800074956384e-05
-0.5428770780563354 | [-0.01] | -1.6740920243402126e-05
-0.527621865272522 | [0.] | -2.0065163287702472e-07
-0.5123343467712402 | [0.02] | -2.3521647992199413e-05
-0.4971082806587219 | [0.03] | -8.255806847878418e-05
-0.48203757405281067 | [0.04] | -0.00017238856883966547
-0.46721547842025757 | [0.05] | -0.00028747266847442766
-0.4527338445186615 | [0.06] | -0.00042182122201318704
-0.4386822581291199 | [0.08] | -0.0005691772857472663
-0.42514753341674805 | [0.09] | -0.0007231951396981992
-0.41221293807029724 | [0.09] | -0.0008776194670591176
-0.3999577462673187 | [0.1] | -0.001026451837632155
-0.388456791639328 | [0.11] | -0.0011641056079335387
-0.377780020236969 | [0.11] | -0.0012855454040745298
-0.36799225211143494 | [0.12] | -0.0013864071167356423
-0.35915300250053406 | [0.12] | -0.0014630983321198155
-0.3513162136077881 | [0.12] | -0.0015128828045007441
-0.34453028440475464 | [0.12] | -0.0015339406447061504
-0.3388379216194153 | [0.12] | -0.001525414294680234
-0.33427613973617554 | [0.12] | -0.0014874340860166714
-0.3308762013912201 | [0.12] | -0.0014211275259692767
-0.3286636769771576 | [0.12] | -0.001328608454996227
-0.32765835523605347 | [0.11] | -0.0012129518968676558
-0.32787421345710754 | [0.1] | -0.001078149176353936
-0.3293193280696869 | [0.1] | -0.0009290450898259228
-0.3319958746433258 | [0.09] | -0.0007712536379377667
-0.33589985966682434 | [0.08] | -0.0006110578714853956
-0.3410211205482483 | [0.07] | -0.0004552840625852892
-0.3473430275917053 | [0.06] | -0.0003111594719255341
-0.3548424541950226 | [0.04] | -0.00018614635409561913
-0.36348944902420044 | [0.03] | -8.776111842702245e-05
-0.3732471764087677 | [0.02] | -2.3374917109009534e-05
-0.3840717673301697 | [0.] | -4.513704027432175e-09
-0.39591220021247864 | [-0.02] | -2.409680183586794e-05
-0.4087103307247162 | [-0.03] | -0.00010131418768795913
-0.42240089178085327 | [-0.05] | -0.00023632860406937542
-0.43691176176071167 | [-0.07] | -0.00043263396876085374
-0.4521641433238983 | [-0.08] | -0.0006923840557826177
-0.4680730104446411 | [-0.1] | -0.0010162657662754267
-0.48454761505126953 | [-0.12] | -0.0014034152880705952
-0.5014921426773071 | [-0.14] | -0.0018513813053608987
-0.5188064575195312 | [-0.15] | -0.002356140175652998
-0.5363869071006775 | [-0.17] | -0.0029121619107920394
-0.5541274547576904 | [-0.19] | -0.0035125324088982196
-0.5719205141067505 | [-0.2] | -0.004149111348854069
-0.5896579623222351 | [-0.22] | -0.004812730385783782
-0.6072322726249695 | [-0.23] | -0.005493424236362581
-0.624537467956543 | [-0.25] | -0.006180674480380695
-0.6414700150489807 | [-0.26] | -0.006863659612063467
-0.6579298377037048 | [-0.27] | -0.007531510520858518
-0.6738208532333374 | [-0.29] | -0.008173537613106454
-0.6890518069267273 | [-0.3] | -0.008779457445172707
-0.7035366892814636 | [-0.31] | -0.009339582572411692
-0.7171950340270996 | [-0.31] | -0.009844983730462224
-0.7299522757530212 | [-0.32] | -0.010287632640202134
-0.7417399883270264 | [-0.33] | -0.010660521055140211
-0.7524957060813904 | [-0.33] | -0.010957734339826311
-0.762162983417511 | [-0.33] | -0.011174522498818906
-0.7706913352012634 | [-0.34] | -0.011307350443727387
-0.7780359983444214 | [-0.34] | -0.011353923180302754
-0.7841578125953674 | [-0.34] | -0.0113132100237797
-0.7890229821205139 | [-0.33] | -0.011185450114391031
-0.7926029562950134 | [-0.33] | -0.010972156611196526
-0.7948741912841797 | [-0.33] | -0.010676104477157874
-0.7958182692527771 | [-0.32] | -0.010301328624869916
-0.7954216003417969 | [-0.31] | -0.00985308415144475
-0.7936756610870361 | [-0.31] | -0.009337823068155388
-0.7905769944190979 | [-0.3] | -0.00876313803019924
-0.7861273288726807 | [-0.29] | -0.008137691155029634
-0.780333936214447 | [-0.27] | -0.00747113028503529
-0.7732098698616028 | [-0.26] | -0.006773968839829065
-0.7647742033004761 | [-0.25] | -0.006057436486055684
-0.7550526857376099 | [-0.23] | -0.005333315746251011
-0.7440778017044067 | [-0.21] | -0.0046137188375385855
-0.7318894863128662 | [-0.2] | -0.003910863417320047
-0.7185353636741638 | [-0.18] | -0.0032368001399315604
-0.7040709853172302 | [-0.16] | -0.0026031233340393493
-0.6885602474212646 | [-0.14] | -0.002020676349780955
-0.6720753908157349 | [-0.12] | -0.0014992443482415027
-0.6546971201896667 | [-0.1] | -0.0010472645287345193
-0.6365142464637756 | [-0.08] | -0.0006715548979896409
-0.617623507976532 | [-0.06] | -0.0003770891595576882
-0.5981290340423584 | [-0.04] | -0.0001668212809950232
-0.5781415104866028 | [-0.02] | -4.1573852662474396e-05
-0.5577772855758667 | [-0.] | -3.1881365408901026e-09
-0.5371574759483337 | [0.02] | -3.864127841239477e-05
-0.5164064764976501 | [0.04] | -0.00015201443595267062
-0.4956509470939636 | [0.06] | -0.00033283356459264476
-0.4750182628631592 | [0.08] | -0.0005722470502725396
-0.4546351730823517 | [0.09] | -0.0008601416346589651
-0.4346265196800232 | [0.11] | -0.0011854737788108637
-0.4151139259338379 | [0.12] | -0.0015366182615367157
-0.3962147533893585 | [0.14] | -0.0019017133133755618
-0.37804102897644043 | [0.15] | -0.002268993028143407
-0.3606986701488495 | [0.16] | -0.002627091106795659
-0.34428688883781433 | [0.17] | -0.002965310901384332
-0.32889771461486816 | [0.18] | -0.0032738555681455167
-0.31461575627326965 | [0.19] | -0.003544018736921588
-0.30151811242103577 | [0.19] | -0.00376833425826467
-0.2896743714809418 | [0.2] | -0.0039406939613553784
-0.27914679050445557 | [0.2] | -0.004056430112948263
-0.2699905037879944 | [0.2] | -0.004112375528369586
-0.26225385069847107 | [0.2] | -0.004106898959443268
-0.2559785544872284 | [0.2] | -0.004039929409335559
-0.2512001395225525 | [0.2] | -0.003912957555750747
-0.2479480803012848 | [0.19] | -0.003729032849944211
-0.24624603986740112 | [0.19] | -0.0034927420102755027
-0.24611195921897888 | [0.18] | -0.0032101761233807725
-0.2475581020116806 | [0.17] | -0.002888878684305176
-0.2505909502506256 | [0.16] | -0.002537774000117572
-0.2552110254764557 | [0.15] | -0.002167067959948171
-0.261412650346756 | [0.13] | -0.0017881160818229381
-0.26918351650238037 | [0.12] | -0.0014132572658461346
-0.27850425243377686 | [0.1] | -0.0010556033295316546
-0.2893478572368622 | [0.09] | -0.0007287851440766418
-0.30167919397354126 | [0.07] | -0.0004466511844448192
-0.3154544234275818 | [0.05] | -0.0002229237508614856
-0.3306204378604889 | [0.03] | -7.081737291141461e-05
-0.34711435437202454 | [0.01] | -2.629057239894631e-06
-0.36486324667930603 | [-0.02] | -2.931417745902898e-05
-0.38378384709358215 | [-0.04] | -0.00016006779733111797
-0.40378260612487793 | [-0.06] | -0.00040193171549784734
-0.42475584149360657 | [-0.09] | -0.0007594505861351353
-0.4465903043746948 | [-0.11] | -0.0012344011481548278
-0.4691638648509979 | [-0.14] | -0.0018256141608170716
-0.49234655499458313 | [-0.16] | -0.0025289053124150345
-0.51600182056427 | [-0.18] | -0.0033371249599992883
-0.539988100528717 | [-0.21] | -0.004240328850155923
-0.5641603469848633 | [-0.23] | -0.005226055036226985
-0.5883720517158508 | [-0.25] | -0.006279706986145607
-0.6124768853187561 | [-0.27] | -0.007384996214611567
-0.6363306641578674 | [-0.29] | -0.00852444215377714
-0.6597929000854492 | [-0.31] | -0.009679871011206188
-0.6827285885810852 | [-0.33] | -0.010832926039633302
-0.7050092816352844 | [-0.35] | -0.011965508299258382
-0.726514458656311 | [-0.36] | -0.013060196917931638
-0.7471321225166321 | [-0.38] | -0.014100570043986616
-0.7667593955993652 | [-0.39] | -0.015071469484949869
-0.7853028178215027 | [-0.4] | -0.015959193353361913
-0.8026782274246216 | [-0.41] | -0.016751611220581275
-0.8188105225563049 | [-0.42] | -0.017438230704235058
-0.8336334228515625 | [-0.42] | -0.01801023367137884
-0.8470886945724487 | [-0.43] | -0.018460450023228683
-0.8591256141662598 | [-0.43] | -0.018783341063125125
-0.8697000741958618 | [-0.44] | -0.018974946263867417
-0.878774106502533 | [-0.44] | -0.019032868146601083
-0.8863149285316467 | [-0.44] | -0.01895622319340179
-0.8922944068908691 | [-0.43] | -0.018745633086213256
-0.8966884613037109 | [-0.43] | -0.018403219949843615
-0.8994765281677246 | [-0.42] | -0.017932612421302972
-0.9006412625312805 | [-0.42] | -0.017338973865940764
-0.9001684188842773 | [-0.41] | -0.016629042042190754
-0.8980464935302734 | [-0.4] | -0.015811144327525044
-0.8942671418190002 | [-0.39] | -0.014895255703887814
-0.8888252377510071 | [-0.37] | -0.0138930061408836
-0.8817193508148193 | [-0.36] | -0.01281768464152679
-0.8729522824287415 | [-0.34] | -0.011684203203386792
-0.8625317811965942 | [-0.32] | -0.010509017200307459
-0.8504714965820312 | [-0.31] | -0.009309995603421599
-0.8367917537689209 | [-0.28] | -0.008106205348144702
-0.8215208053588867 | [-0.26] | -0.006917642616979254
-0.8046957850456238 | [-0.24] | -0.005764860769358762
-0.7863638401031494 | [-0.22] | -0.0046685296740506255
-0.7665831446647644 | [-0.19] | -0.0036489132398036007
-0.7454237341880798 | [-0.17] | -0.0027252847324846386
-0.7229683995246887 | [-0.14] | -0.0019153116185756049
-0.6993129253387451 | [-0.11] | -0.0012344167354215365
-0.6745664477348328 | [-0.08] | -0.0006951797981451955
-0.6488510966300964 | [-0.06] | -0.0003067967991596019
-0.6223013997077942 | [-0.03] | -7.465309870038832e-05
-0.5950631499290466 | [0.] | -4.023156502613304e-08
-0.5672920942306519 | [0.03] | -8.004611213538282e-05
-0.5391518473625183 | [0.06] | -0.000307632698033275
-0.5108118057250977 | [0.08] | -0.0006719030864494352
-0.4824446737766266 | [0.11] | -0.0011585398835904982
-0.45422396063804626 | [0.13] | -0.0017503829357270518
-0.4263213574886322 | [0.16] | -0.0024281066388608633
-0.39890429377555847 | [0.18] | -0.003170946600715971
-0.37213367223739624 | [0.2] | -0.0039574285918877366
-0.34616193175315857 | [0.22] | -0.004766054204927463
-0.32113152742385864 | [0.24] | -0.005575907283901554
-0.29717376828193665 | [0.25] | -0.006367162813737521
-0.27440810203552246 | [0.27] | -0.0071214849144425815
-0.2529417872428894 | [0.28] | -0.007822313615535679
-0.23287005722522736 | [0.29] | -0.008455045956505277
-0.2142765074968338 | [0.3] | -0.009007136604262379
-0.19723378121852875 | [0.31] | -0.009468127670307223
-0.18180447816848755 | [0.31] | -0.009829633393744446
-0.16804218292236328 | [0.32] | -0.010085295005843892
-0.1559925079345703 | [0.32] | -0.010230727552929815
-0.14569425582885742 | [0.32] | -0.01026346257828537
-0.13718043267726898 | [0.32] | -0.01018290879412284
-0.13047921657562256 | [0.32] | -0.00999032671421973
-0.12561479210853577 | [0.31] | -0.00968882688298788
-0.12260804325342178 | [0.3] | -0.009283387150669118
-0.12147704511880875 | [0.3] | -0.008780889744151971
-0.12223736941814423 | [0.29] | -0.008190169869706648
-0.12490219622850418 | [0.27] | -0.007522067525016728
-0.12948216497898102 | [0.26] | -0.006789474377640827
-0.13598503172397614 | [0.25] | -0.006007358503011313
-0.14441508054733276 | [0.23] | -0.005192754222310104
-0.1547723412513733 | [0.21] | -0.004364697697748203
-0.1670515388250351 | [0.19] | -0.003544092542846418
-0.18124093115329742 | [0.17] | -0.002753483184928688
-0.1973208785057068 | [0.14] | -0.0020167247764462377
-0.21526242792606354 | [0.12] | -0.0013585310419706063
-0.23502571880817413 | [0.09] | -0.0008038990428355444
-0.2565584182739258 | [0.06] | -0.0003774126147086974
-0.279794305562973 | [0.03] | -0.00010243623109807833
-0.30465200543403625 | [0.] | -2.3248391429477724e-07
-0.33103394508361816 | [-0.03] | -8.904426731016296e-05
-0.3588258922100067 | [-0.06] | -0.00038319838844391284
-0.3878967761993408 | [-0.09] | -0.0008922973203804541
-0.41809922456741333 | [-0.13] | -0.0016205690205846062
-0.44927072525024414 | [-0.16] | -0.002566442236430967
-0.4812353849411011 | [-0.19] | -0.0037223977325470804
-0.5138063430786133 | [-0.23] | -0.005075125308208389
-0.5467886328697205 | [-0.26] | -0.00660599067789045
-0.5799826979637146 | [-0.29] | -0.008291786505228958
-0.6131877899169922 | [-0.32] | -0.010105694186631702
-0.6462059020996094 | [-0.35] | -0.012018408329545422
-0.6788450479507446 | [-0.37] | -0.013999291618475365
-0.7109227180480957 | [-0.4] | -0.016017510016535463
-0.7422685623168945 | [-0.42] | -0.018043041990882146
-0.7727266550064087 | [-0.45] | -0.0200475220248859
-0.8021571040153503 | [-0.47] | -0.02200487631919514
-0.8304368257522583 | [-0.49] | -0.02389172674344471
-0.8574599027633667 | [-0.51] | -0.025687607845398638
-0.8831374645233154 | [-0.52] | -0.027375016541237737
-0.9073965549468994 | [-0.54] | -0.02893927325598322
-0.930179238319397 | [-0.55] | -0.030368339032611526
-0.9514409899711609 | [-0.56] | -0.03165252527802564
-0.9711491465568542 | [-0.57] | -0.032784200896164246
-0.9892809391021729 | [-0.58] | -0.033757462354109306
-1.0058218240737915 | [-0.59] | -0.034567852104684965
-1.020763874053955 | [-0.59] | -0.035212108927339336
-1.0341038703918457 | [-0.6] | -0.0356879213567101
-1.045841932296753 | [-0.6] | -0.035993764424653074
-1.0559799671173096 | [-0.6] | -0.03612875269766876
-1.0645204782485962 | [-0.6] | -0.03609255762915982
-1.0714654922485352 | [-0.6] | -0.03588536988544753
-1.0768157243728638 | [-0.6] | -0.03550790976109055
-1.0805696249008179 | [-0.59] | -0.03496145202357129
-1.0827229022979736 | [-0.59] | -0.03424792384711039
-1.0832682847976685 | [-0.58] | -0.033370049651679855
-1.0821948051452637 | [-0.57] | -0.032331465884275316
-1.079487919807434 | [-0.56] | -0.031136940369553667
-1.075129747390747 | [-0.55] | -0.02979261610257887
-1.0690991878509521 | [-0.53] | -0.0283062497178623
-1.0613720417022705 | [-0.52] | -0.026687451926032835
-1.051922082901001 | [-0.5] | -0.024948009042163717
-1.0407215356826782 | [-0.48] | -0.02310212341439307
-1.0277423858642578 | [-0.46] | -0.021166685151889072
-1.0129576921463013 | [-0.44] | -0.019161478726262324
-0.9963427186012268 | [-0.41] | -0.01710928455527418
-0.9778772592544556 | [-0.39] | -0.015035955935191065
-0.9575473070144653 | [-0.36] | -0.012970286069393095
-0.9353474378585815 | [-0.33] | -0.010943750221842324
-0.9112832546234131 | [-0.3] | -0.00899003459853498
-0.8853737711906433 | [-0.27] | -0.007144333245400864
-0.8576540350914001 | [-0.23] | -0.005442425776747507
-0.8281776309013367 | [-0.2] | -0.003919528684969065
-0.7970187664031982 | [-0.16] | -0.0026089503635103265
-0.7642738819122314 | [-0.12] | -0.0015406256208069914
-0.7300629019737244 | [-0.09] | -0.0007396284869910495
-0.6945295333862305 | [-0.05] | -0.00022476973020772937
-0.6578407883644104 | [-0.01] | -7.418253802678448e-06
-0.620185136795044 | [0.03] | -9.0671166793695e-05
-0.5817700028419495 | [0.07] | -0.0004689870605528113
-0.5428180694580078 | [0.11] | -0.0011283399772532136
-0.5035627484321594 | [0.14] | -0.0020469062538958304
-0.46424299478530884 | [0.18] | -0.003196230115580124
-0.42509791254997253 | [0.21] | -0.004542753609805518
-0.38636115193367004 | [0.25] | -0.0060495696414734935
-0.3482559025287628 | [0.28] | -0.007678213640897333
-0.31099027395248413 | [0.31] | -0.00939035714287826
-0.274753600358963 | [0.33] | -0.011149258451158007
-0.23971383273601532 | [0.36] | -0.01292088953429711
-0.20601581037044525 | [0.38] | -0.01467471317489014
-0.17378070950508118 | [0.4] | -0.016384110302340778
-0.14310632646083832 | [0.42] | -0.018026499150883314
-0.11406819522380829 | [0.44] | -0.019583215584269124
-0.08672131597995758 | [0.46] | -0.02103921321018991
-0.06110227480530739 | [0.47] | -0.02238265898163099
-0.03723169490695 | [0.49] | -0.02360447467712889
-0.015116771683096886 | [0.5] | -0.024697870540378412
0.0052461763843894005 | [0.51] | -0.025657901757160248
0.023869236931204796 | [0.51] | -0.026481071115679586
0.040770601481199265 | [0.52] | -0.027164981952030567
0.05597244203090668 | [0.53] | -0.027708054697480024
0.06949902325868607 | [0.53] | -0.02810929818298721
0.08137501776218414 | [0.53] | -0.028368139898050315
0.09162406623363495 | [0.53] | -0.028484306217830685
0.10026752948760986 | [0.53] | -0.028457752187847393
0.10732343047857285 | [0.53] | -0.028288632209110428
0.11280560493469238 | [0.53] | -0.027977318922005442
0.11672297865152359 | [0.52] | -0.027524454843737674
0.11907902359962463 | [0.52] | -0.02693104801621837
0.11987132579088211 | [0.51] | -0.026198602308771853
0.11909131705760956 | [0.5] | -0.02532929003709379
0.11672409623861313 | [0.49] | -0.024326160280181672
0.1127484142780304 | [0.48] | -0.023193389434276204
0.10713677853345871 | [0.47] | -0.021936569575803682
0.09985571354627609 | [0.45] | -0.020563033415394727
0.09086618572473526 | [0.44] | -0.019082212522249693
0.08012421429157257 | [0.42] | -0.017506019538135045
0.06758172810077667 | [0.4] | -0.015849245990524948
0.05318761244416237 | [0.38] | -0.014129951508256433
0.036889102309942245 | [0.35] | -0.012369826502467101
0.018633447587490082 | [0.33] | -0.010594493088669037
-0.001630064332857728 | [0.3] | -0.00883369842858505
-0.02394772320985794 | [0.27] | -0.007121359435265016
-0.04835864529013634 | [0.23] | -0.005495395953417266
-0.07489167153835297 | [0.2] | -0.003997295032433754
-0.10356196761131287 | [0.16] | -0.0026713535174761327
-0.13436740636825562 | [0.13] | -0.0015635534567693154
-0.16728490591049194 | [0.08] | -0.0007200555495754242
-0.2022668570280075 | [0.04] | -0.000185331200029637
-0.2392379194498062 | [-0.] | -2.8703470960615123e-09
-0.27809250354766846 | [-0.04] | -0.0001985255932894533
-0.31869322061538696 | [-0.09] | -0.0008068970169779009
-0.36087048053741455 | [-0.14] | -0.001840628631459059
-0.4044238030910492 | [-0.18] | -0.003303236196761201
-0.44912463426589966 | [-0.23] | -0.005185475090120352
-0.4947209656238556 | [-0.27] | -0.007465494061421232
-0.540943443775177 | [-0.32] | -0.010109956844607302
-0.5875128507614136 | [-0.36] | -0.013076080698173254
-0.6341482400894165 | [-0.4] | -0.01631436413003372
-0.6805754899978638 | [-0.44] | -0.01977174154237049
-0.726535439491272 | [-0.48] | -0.023394796782115753
-0.7717911601066589 | [-0.52] | -0.02713272215497638
-0.8161340951919556 | [-0.56] | -0.03093977769372055
-0.8593883514404297 | [-0.59] | -0.034777064101856
-0.90141361951828 | [-0.62] | -0.038613621754131425
-0.942106306552887 | [-0.65] | -0.04242686187796749
-0.9813992381095886 | [-0.68] | -0.04620247035448108
-1.019260287284851 | [-0.71] | -0.049933952084673425
-1.055690050125122 | [-0.73] | -0.05362194469306941
-1.0907191038131714 | [-0.76] | -0.05727345766120178
-1.1244045495986938 | [-0.78] | -0.06090109376880818
-1.1568273305892944 | [-0.8] | -0.06452246706675668
-1.1880890130996704 | [-0.83] | -0.068159671908024
-1.2000000476837158 | [-0.68] | -0.046240005836487
-1.1987781524658203 | [-0.67] | -0.045264753890356675
-1.1963194608688354 | [-0.66] | -0.04414197674491174
-1.1926034688949585 | [-0.65] | -0.04287145576211628
-1.1876037120819092 | [-0.64] | -0.04145356964046465
-1.181288242340088 | [-0.63] | -0.03988958015655415
-1.1736197471618652 | [-0.62] | -0.0381818982816071
-1.1645557880401611 | [-0.6] | -0.036334387899570934
-1.154049277305603 | [-0.59] | -0.03435271300918246
-1.1420493125915527 | [-0.57] | -0.032244736245312364
-1.1285016536712646 | [-0.55] | -0.030020876067387514
-1.1133497953414917 | [-0.53] | -0.02769451315664706
-1.09653639793396 | [-0.5] | -0.02528239057146698
-1.0780045986175537 | [-0.48] | -0.022804938060370664
-1.0576997995376587 | [-0.45] | -0.020286536451193563
-1.035571813583374 | [-0.42] | -0.017755674974990452
-1.0115774869918823 | [-0.39] | -0.015244952659804568
-0.985683023929596 | [-0.36] | -0.012790815734665218
-0.9578675031661987 | [-0.32] | -0.010433100420296106
-0.9281257390975952 | [-0.29] | -0.008214198108445703
-0.8964716792106628 | [-0.25] | -0.006177917771209724
-0.8629416823387146 | [-0.21] | -0.0043679998582619095
-0.8275974988937378 | [-0.17] | -0.0028263287916093175
-0.7905286550521851 | [-0.13] | -0.0015909210626392709
-0.7518543004989624 | [-0.08] | -0.0006938384761009507
-0.7117236256599426 | [-0.04] | -0.0001591844511210694
-0.6703155636787415 | [0.] | -1.4108969599678004e-06
-0.6278367042541504 | [0.05] | -0.00022411969738924927
-0.5845177173614502 | [0.09] | -0.0008195491075132296
-0.5406085848808289 | [0.13] | -0.0017688441073898987
-0.49637243151664734 | [0.17] | -0.0030431233848411
-0.45207858085632324 | [0.21] | -0.004605249732836692
-0.4079951345920563 | [0.25] | -0.006412116499996988
-0.3643816113471985 | [0.29] | -0.008417202089608139
-0.3214821517467499 | [0.33] | -0.010573123584312588
-0.27951961755752563 | [0.36] | -0.012833949087577423
-0.238691046833992 | [0.39] | -0.015157074309888744
-0.199164479970932 | [0.42] | -0.017504585841635233
-0.16107720136642456 | [0.45] | -0.019844076950217428
-0.1245354637503624 | [0.47] | -0.022148953977198918
-0.08961533010005951 | [0.49] | -0.024398349312924235
-0.056364476680755615 | [0.52] | -0.026576730215287555
-0.024804677814245224 | [0.54] | -0.028673324462084378
0.00506525207310915 | [0.55] | -0.030681448417947583
0.033266332000494 | [0.57] | -0.03259783107469976
0.05983626842498779 | [0.59] | -0.03442196275689798
0.08482643216848373 | [0.6] | -0.03615552052119549
0.10829905420541763 | [0.61] | -0.03780186952174511
0.13032470643520355 | [0.63] | -0.03936565267276767
0.150980144739151 | [0.64] | -0.0408524674340438
0.1703464239835739 | [0.65] | -0.04226861032099749
0.1885073184967041 | [0.66] | -0.04362088107363415
0.20554813742637634 | [0.67] | -0.04491645420888135
0.2215546816587448 | [0.68] | -0.04616277917948646
0.23661257326602936 | [0.69] | -0.04736753373239094
0.25080665946006775 | [0.7] | -0.04853858624697059
0.2642206847667694 | [0.7] | -0.04968399839973346
0.2769371271133423 | [0.71] | -0.050812045957775435
0.28903713822364807 | [0.72] | -0.05193125386032578
0.30060049891471863 | [0.73] | -0.053050436863844364
0.31170591711997986 | [0.74] | -0.05417878466115066
0.32243111729621887 | [0.74] | -0.05532592623333006
0.33285319805145264 | [0.75] | -0.0565020337671959
0.343049019575119 | [0.76] | -0.057717942141574156
0.35309556126594543 | [0.77] | -0.058985270866613086
0.36307039856910706 | [0.78] | -0.0603165818793776
0.3730522096157074 | [0.79] | -0.061725552905127545
0.38312140107154846 | [0.8] | -0.06322719321819313
0.3933606743812561 | [0.81] | -0.06483807861540522
0.40385565161705017 | [0.82] | -0.06657662059662937
0.4146956503391266 | [0.83] | -0.06846340393657376
0.4259744882583618 | [0.84] | -0.0705215670178503
0.43779122829437256 | [0.85] | 99.92722276417318
Total reward: 93.31178751232774
0.9, 5.0, 0.4
parameter ends

state | action | reward
[-0.41] | [0.03] | -8.624282078238213e-05
-0.4125930070877075 | [0.02] | -6.136896762970629e-05
-0.41415178775787354 | [0.02] | -3.79059612757368e-05
-0.41648754477500916 | [0.01] | -1.817745492926994e-05
-0.4195926785469055 | [0.01] | -4.679890933191804e-06
-0.42345499992370605 | [-0.] | -1.772917334642854e-08
-0.4280577600002289 | [-0.01] | -6.832434618489059e-06
-0.4333797097206116 | [-0.02] | -2.772736593151855e-05
-0.43939507007598877 | [-0.03] | -6.518986822371973e-05
-0.4460735619068146 | [-0.03] | -0.00012151222961349145
-0.4533805549144745 | [-0.04] | -0.0001987144110405869
-0.46127715706825256 | [-0.05] | -0.00029847012641419997
-0.46972039341926575 | [-0.06] | -0.0004220392125978706
-0.4786634147167206 | [-0.08] | -0.0005702085068355524
-0.4880557060241699 | [-0.09] | -0.0007432428150304484
-0.4978433847427368 | [-0.1] | -0.0009408489789265111
-0.5079694986343384 | [-0.11] | -0.0011621534387772441
-0.518374502658844 | [-0.12] | -0.0014056979393710922
-0.5289965271949768 | [-0.13] | -0.0016694467367456085
-0.5397719144821167 | [-0.14] | -0.0019508146443127927
-0.5506355166435242 | [-0.15] | -0.0022467039740183443
-0.5615214109420776 | [-0.16] | -0.0025535658569440654
-0.5723631978034973 | [-0.17] | -0.002867463783936236
-0.583094596862793 | [-0.18] | -0.0031841548109113648
-0.5936498045921326 | [-0.19] | -0.0034991719346089455
-0.6039640307426453 | [-0.2] | -0.0038079180472363897
-0.6139740943908691 | [-0.2] | -0.004105765524517414
-0.6236185431480408 | [-0.21] | -0.004388140370199158
-0.632838249206543 | [-0.22] | -0.0046506216902641945
-0.6415767073631287 | [-0.22] | -0.004889027882744887
-0.6497803926467896 | [-0.23] | -0.00509950035584707
-0.6573988795280457 | [-0.23] | -0.005278571346108892
-0.664385199546814 | [-0.23] | -0.005423234628628754
-0.6706960797309875 | [-0.24] | -0.005531003411277172
-0.6762919425964355 | [-0.24] | -0.00559995010843084
-0.681137204170227 | [-0.24] | -0.005628749566339637
-0.6852003335952759 | [-0.24] | -0.005616703050721608
-0.6884538531303406 | [-0.24] | -0.0055637504542490265
-0.6908745765686035 | [-0.23] | -0.005470483395843263
-0.6924435496330261 | [-0.23] | -0.005338135093324443
-0.6931462287902832 | [-0.23] | -0.005168571089119283
-0.6929724216461182 | [-0.22] | -0.004964259274157486
-0.6919164657592773 | [-0.22] | -0.004728239669880804
-0.6899772882461548 | [-0.21] | -0.00446407838437589
-0.6871583461761475 | [-0.2] | -0.004175806525199145
-0.6834678649902344 | [-0.2] | -0.003867860523118396
-0.6789188385009766 | [-0.19] | -0.0035450027914327173
-0.6735290288925171 | [-0.18] | -0.003212233629392527
-0.6673210859298706 | [-0.17] | -0.002874699663574656
-0.6603226661682129 | [-0.16] | -0.0025375947136059085
-0.6525662541389465 | [-0.15] | -0.0022060471134781596
-0.6440893411636353 | [-0.14] | -0.0018850162342707493
-0.6349342465400696 | [-0.13] | -0.0015791789243841425
-0.6251480579376221 | [-0.11] | -0.0012928241575258367
-0.6147825717926025 | [-0.1] | -0.0010297539062134398
-0.6038938760757446 | [-0.09] | -0.0007931885876575333
-0.5925424098968506 | [-0.08] | -0.0005856954911954668
-0.5807923078536987 | [-0.06] | -0.00040912194895401804
-0.5687113404273987 | [-0.05] | -0.00026455837974080295
-0.556370198726654 | [-0.04] | -0.0001523139080284279
-0.5438421964645386 | [-0.03] | -7.192035237236405e-05
-0.5312026739120483 | [-0.01] | -2.2155944186869688e-05
-0.5185284614562988 | [-0.] | -1.09203477269727e-06
-0.5058972239494324 | [0.01] | -6.160062897451968e-06
-0.4933869242668152 | [0.02] | -3.423700122447814e-05
-0.4810751676559448 | [0.03] | -8.17457098835643e-05
-0.46903857588768005 | [0.04] | -0.0001447670025780989
-0.45735228061676025 | [0.05] | -0.00021915885317077348
-0.44608935713768005 | [0.05] | -0.00030067921119399126
-0.43532025814056396 | [0.06] | -0.0003851094601489975
-0.42511245608329773 | [0.07] | -0.00046837267066318714
-0.4155299663543701 | [0.07] | -0.0005466464684066894
-0.4066329598426819 | [0.08] | -0.0006164669703185187
-0.3984775245189667 | [0.08] | -0.0006748196839606141
-0.3911153972148895 | [0.08] | -0.0007192192138406124
-0.3845937252044678 | [0.09] | -0.0007477751534240443
-0.3789549171924591 | [0.09] | -0.0007592431726898436
-0.374236524105072 | [0.09] | -0.0007530613535327216
-0.3704710602760315 | [0.09] | -0.0007293731156478345
-0.3676859736442566 | [0.08] | -0.0006890329003036667
-0.3659035563468933 | [0.08] | -0.0006335981967902722
-0.365140825510025 | [0.08] | -0.0005653068599850967
-0.3654094934463501 | [0.07] | -0.00048703797026770055
-0.3667158782482147 | [0.06] | -0.00040225839591885706
-0.36906078457832336 | [0.06] | -0.00031495442651505417
-0.3724394738674164 | [0.05] | -0.00022954727621633667
-0.3768415153026581 | [0.04] | -0.00015079557377566062
-0.3822507858276367 | [0.03] | -8.368285490113655e-05
-0.3886452913284302 | [0.02] | -3.32944730924722e-05
-0.39599713683128357 | [0.01] | -4.683117522184523e-06
-0.40427252650260925 | [-0.01] | -2.727179934321399e-06
-0.41343170404434204 | [-0.02] | -3.1985319322020993e-05
-0.423429012298584 | [-0.03] | -9.655074083468672e-05
-0.43421295285224915 | [-0.04] | -0.00019990994969375055
-0.44572633504867554 | [-0.06] | -0.00034481097885432727
-0.4579065442085266 | [-0.07] | -0.0005331471522459459
-0.47068578004837036 | [-0.09] | -0.0007658596786731298
-0.48399147391319275 | [-0.1] | -0.0010428657895291482
-0.49774670600891113 | [-0.12] | -0.0013630141242778728
-0.5118707418441772 | [-0.13] | -0.0017240719759758828
-0.5262796878814697 | [-0.15] | -0.0021227459403448954
-0.5408870577812195 | [-0.16] | -0.002554731843360651
-0.5556045770645142 | [-0.17] | -0.0030148001830100925
-0.5703428983688354 | [-0.19] | -0.003496905778960291
-0.5850122570991516 | [-0.2] | -0.003994318559515355
-0.5995234251022339 | [-0.21] | -0.004499782141696609
-0.6137882471084595 | [-0.22] | -0.005005671020249128
-0.6277204751968384 | [-0.23] | -0.005504165819289457
-0.6412363648414612 | [-0.24] | -0.0059874215702206985
-0.654255211353302 | [-0.25] | -0.0064477311261541565
-0.6666998863220215 | [-0.26] | -0.006877682047569965
-0.6784973740577698 | [-0.27] | -0.007270304622571779
-0.6895789504051208 | [-0.28] | -0.00761919098493273
-0.6998804807662964 | [-0.28] | -0.007918607307267591
-0.7093427777290344 | [-0.29] | -0.008163595493344333
-0.7179116010665894 | [-0.29] | -0.008350043484078867
-0.7255376577377319 | [-0.29] | -0.00847474237594826
-0.7321767807006836 | [-0.29] | -0.008535440069281015
-0.7377899289131165 | [-0.29] | -0.008530873633325168
-0.742343008518219 | [-0.29] | -0.008460781173199844
-0.7458070516586304 | [-0.29] | -0.008325920454805047
-0.7481580972671509 | [-0.29] | -0.00812806079950978
-0.7493771314620972 | [-0.28] | -0.007869965938089397
-0.749450147151947 | [-0.27] | -0.007555370193059613
-0.7483682632446289 | [-0.27] | -0.007188943493394612
-0.7461276650428772 | [-0.26] | -0.0067762318293945085
-0.7427298426628113 | [-0.25] | -0.006323595668312651
-0.7381815314292908 | [-0.24] | -0.005838116230610705
-0.7324951887130737 | [-0.23] | -0.005327506843216243
-0.7256888747215271 | [-0.22] | -0.0047999778460393935
-0.7177866697311401 | [-0.21] | -0.0042641059537658
-0.708818793296814 | [-0.19] | -0.0037286712534723675
-0.6988218426704407 | [-0.18] | -0.0032024838120976273
-0.6878388524055481 | [-0.16] | -0.002694191269800568
-0.6759194731712341 | [-0.15] | -0.002212082790901239
-0.6631201505661011 | [-0.13] | -0.0017638898030664437
-0.6495039463043213 | [-0.12] | -0.001356582104179524
-0.6351404190063477 | [-0.1] | -0.0009961795857820097
-0.6201055645942688 | [-0.08] | -0.0006875860055026088
-0.6044813990592957 | [-0.07] | -0.00043444320492752576
-0.5883554220199585 | [-0.05] | -0.0002390217003736872
-0.5718201398849487 | [-0.03] | -0.00010215464772330382
-0.5549724102020264 | [-0.02] | -2.321478756742426e-05
-0.5379125475883484 | [0.] | -1.3876439152427612e-07
-0.5207436084747314 | [0.02] | -2.9499665180368157e-05
-0.5035703182220459 | [0.03] | -0.0001066229783821234
-0.4864981770515442 | [0.05] | -0.0002257426610464557
-0.46963244676589966 | [0.06] | -0.00038018922867663336
-0.45307719707489014 | [0.08] | -0.000562601291477498
-0.4369344115257263 | [0.09] | -0.0007651515012898893
-0.4213030934333801 | [0.1] | -0.0009797782861528707
-0.4062785506248474 | [0.11] | -0.001198413200599169
-0.39195165038108826 | [0.12] | -0.0014131997051365888
-0.3784083127975464 | [0.13] | -0.0016166928977314752
-0.36572906374931335 | [0.13] | -0.0018020397439857132
-0.3539887070655823 | [0.14] | -0.001963135379415856
-0.3432560861110687 | [0.14] | -0.002094754957236575
-0.3335939049720764 | [0.15] | -0.0021926627290249057
-0.3250586986541748 | [0.15] | -0.0022536953649060455
-0.31770089268684387 | [0.15] | -0.00227582262552783
-0.31156468391418457 | [0.15] | -0.0022581934833424667
-0.30668821930885315 | [0.15] | -0.0022011557707038508
-0.30310362577438354 | [0.15] | -0.002106262199764528
-0.30083706974983215 | [0.14] | -0.0019762574873061103
-0.29990875720977783 | [0.13] | -0.0018150486433591536
-0.3003329038619995 | [0.13] | -0.0016276562691321416
-0.3021177649497986 | [0.12] | -0.0014201432449154078
-0.3052654266357422 | [0.11] | -0.0011995261449346325
-0.30977168679237366 | [0.1] | -0.0009736593097512138
-0.3156259059906006 | [0.09] | -0.0007510934743161532
-0.32281064987182617 | [0.07] | -0.0005409105832917871
-0.33130156993865967 | [0.06] | -0.0003525270852113459
-0.34106698632240295 | [0.04] | -0.0001954758744913452
-0.3520676791667938 | [0.03] | -7.916165119809206e-05
-0.3642566204071045 | [0.01] | -1.2598696031159172e-05
-0.3775787949562073 | [-0.01] | -4.136712082275593e-06
-0.39197105169296265 | [-0.02] | -6.118346081610529e-05
-0.407362163066864 | [-0.04] | -0.00018993523292399
-0.4236728847026825 | [-0.06] | -0.00039512713833443765
-0.44081616401672363 | [-0.08] | -0.000679814744666502
-0.4586976170539856 | [-0.1] | -0.001045201606223022
-0.47721609473228455 | [-0.12] | -0.001490522063608642
-0.4962644577026367 | [-0.14] | -0.0020129895819168075
-0.5157304406166077 | [-0.16] | -0.0026078127590839495
-0.5354976654052734 | [-0.18] | -0.0032682829229030916
-0.5554468035697937 | [-0.2] | -0.003985929055516397
-0.5754569172859192 | [-0.22] | -0.004750738836224928
-0.5954066514968872 | [-0.24] | -0.00555142053413872
-0.6151753664016724 | [-0.25] | -0.006375698738534869
-0.634644627571106 | [-0.27] | -0.007210646544574061
-0.6536991596221924 | [-0.28] | -0.008043002405695224
-0.6722279191017151 | [-0.3] | -0.00885948878532251
-0.6901249885559082 | [-0.31] | -0.00964710741846038
-0.7072903513908386 | [-0.32] | -0.010393405259531911
-0.7236302495002747 | [-0.33] | -0.011086690778664428
-0.7390578389167786 | [-0.34] | -0.0117162378598539
-0.753493070602417 | [-0.35] | -0.012272414234498956
-0.7668631076812744 | [-0.36] | -0.01274681596932428
-0.7791018486022949 | [-0.36] | -0.013132322269165612
-0.7901501059532166 | [-0.37] | -0.01342317182006278
-0.7999551296234131 | [-0.37] | -0.013614984120151902
-0.8084704279899597 | [-0.37] | -0.013704785585899047
-0.8156552314758301 | [-0.37] | -0.013691006076043856
-0.8214743137359619 | [-0.37] | -0.013573492813753061
-0.8258976340293884 | [-0.37] | -0.013353506862783852
-0.8289000988006592 | [-0.36] | -0.013033722119354833
-0.830461323261261 | [-0.36] | -0.012618218468688783
-0.8305655121803284 | [-0.35] | -0.012112472721739882
-0.829201340675354 | [-0.34] | -0.011523337325529634
-0.8263621926307678 | [-0.33] | -0.010859024437596123
-0.8220462203025818 | [-0.32] | -0.010129055819800092
-0.816256582736969 | [-0.31] | -0.009344195967537645
-0.8090018630027771 | [-0.29] | -0.008516362440972178
-0.8002964854240417 | [-0.28] | -0.0076584968437762874
-0.7901611924171448 | [-0.26] | -0.006784397102679359
-0.7786237597465515 | [-0.24] | -0.005908514001883003
-0.765719473361969 | [-0.22] | -0.005045691353181441
-0.7514917254447937 | [-0.21] | -0.004210866424320005
-0.7359926700592041 | [-0.18] | -0.003418735148462901
-0.7192836403846741 | [-0.16] | -0.0026833773282722156
-0.7014355659484863 | [-0.14] | -0.0020178654393856635
-0.6825291514396667 | [-0.12] | -0.0014338678135026775
-0.6626550555229187 | [-0.1] | -0.000941268375465361
-0.6419135332107544 | [-0.07] | -0.0005478159082164989
-0.6204141974449158 | [-0.05] | -0.0002588374593432502
-0.5982752442359924 | [-0.03] | -7.702197226433875e-05
-0.5756224989891052 | [-0.] | -2.3006452821762042e-06
-0.5525883436203003 | [0.02] | -3.1830983210875494e-05
-0.5293102860450745 | [0.04] | -0.00016008833017790847
-0.5059293508529663 | [0.06] | -0.00037906357548149786
-0.4825885593891144 | [0.08] | -0.0006785528440868365
-0.459430992603302 | [0.1] | -0.001046527593843277
-0.4365982711315155 | [0.12] | -0.0014695542484942235
-0.4142288267612457 | [0.14] | -0.0019332471743174406
-0.3924564719200134 | [0.16] | -0.0024227235468801717
-0.37140902876853943 | [0.17] | -0.0029230445612239983
-0.35120728611946106 | [0.18] | -0.003419617612720064
-0.33196425437927246 | [0.2] | -0.0038985473773401366
-0.3137844204902649 | [0.21] | -0.004346940681145857
-0.2967635989189148 | [0.22] | -0.004753138352048715
-0.2809886932373047 | [0.23] | -0.00510690614097001
-0.26653796434402466 | [0.23] | -0.0053995608261026805
-0.2534811198711395 | [0.24] | -0.005624068527767274
-0.2418798804283142 | [0.24] | -0.005775096510527435
-0.23178835213184357 | [0.24] | -0.005849050184065976
-0.22325360774993896 | [0.24] | -0.005844087690277487
-0.21631616353988647 | [0.24] | -0.0057601268933251465
-0.21101051568984985 | [0.24] | -0.005598843262343716
-0.20736554265022278 | [0.23] | -0.005363665770591877
-0.20540481805801392 | [0.22] | -0.00505976811338953
-0.20514686405658722 | [0.22] | -0.004694050892058201
-0.2066052258014679 | [0.21] | -0.0042751145528571455
-0.20978839695453644 | [0.2] | -0.0038132151588028103
-0.2146996706724167 | [0.18] | -0.003320192397127794
-0.2213367223739624 | [0.17] | -0.0028093680640125748
-0.22969117760658264 | [0.15] | -0.0022953971865372204
-0.23974795639514923 | [0.13] | -0.0017940708853726923
-0.25148457288742065 | [0.11] | -0.0013220571964654441
-0.2648703455924988 | [0.09] | -0.0008965786050511822
-0.2798655033111572 | [0.07] | -0.0005350238367364295
-0.2964203357696533 | [0.05] | -0.0002544952899861704
-0.3144744634628296 | [0.03] | -7.130151973946398e-05
-0.3339560925960541 | [0.] | -4.126581641675925e-07
-0.35478147864341736 | [-0.02] | -5.489801862354212e-05
-0.37685471773147583 | [-0.05] | -0.00024537599545561755
-0.40006762742996216 | [-0.08] | -0.0005795082785573728
-0.4243001639842987 | [-0.1] | -0.001061575261667501
-0.4494210183620453 | [-0.13] | -0.0016921628639137657
-0.4752887487411499 | [-0.16] | -0.0024679940944393308
-0.5017532110214233 | [-0.18] | -0.0033819229239266282
-0.5286571979522705 | [-0.21] | -0.004423093344959546
-0.5558387637138367 | [-0.24] | -0.00557727625163984
-0.5831331014633179 | [-0.26] | -0.006827329109051496
-0.6103752851486206 | [-0.29] | -0.008153797136607433
-0.6374022960662842 | [-0.31] | -0.009535557569061746
-0.6640554070472717 | [-0.33] | -0.010950510231233626
-0.6901823878288269 | [-0.35] | -0.012376258021190242
-0.715639054775238 | [-0.37] | -0.013790710982670765
-0.7402908205986023 | [-0.39] | -0.015172626537132642
-0.7640137672424316 | [-0.41] | -0.016502040039421875
-0.7866952419281006 | [-0.42] | -0.01776058267783286
-0.8082342147827148 | [-0.44] | -0.018931698998728666
-0.8285412192344666 | [-0.45] | -0.020000765755313107
-0.8475379347801208 | [-0.46] | -0.020955122490016395
-0.8651565313339233 | [-0.47] | -0.021784039265240224
-0.8813388347625732 | [-0.47] | -0.022478646979166232
-0.8960354924201965 | [-0.48] | -0.023031850871527173
-0.9092046618461609 | [-0.48] | -0.023438200654468007
-0.9208112359046936 | [-0.49] | -0.02369381695030196
-0.9308255314826965 | [-0.49] | -0.023796282558028226
-0.9392223358154297 | [-0.49] | -0.02374458174026053
-0.9459800720214844 | [-0.49] | -0.023539070685032557
-0.9510799646377563 | [-0.48] | -0.023181466288618616
-0.9545052647590637 | [-0.48] | -0.02267485711618282
-0.9562408924102783 | [-0.47] | -0.02202376540880807
-0.9562729597091675 | [-0.46] | -0.021234207927444057
-0.9545886516571045 | [-0.45] | -0.020313790590581138
-0.9511762857437134 | [-0.44] | -0.01927181349196748
-0.9460254311561584 | [-0.43] | -0.018119366879265096
-0.9391273260116577 | [-0.41] | -0.01686942636033332
-0.9304755330085754 | [-0.39] | -0.015536928556321272
-0.9200667142868042 | [-0.38] | -0.014138802560712233
-0.9079015851020813 | [-0.36] | -0.01269394679158189
-0.8939859867095947 | [-0.34] | -0.01122313016993782
-0.8783323764801025 | [-0.31] | -0.00974882230379441
-0.8609610795974731 | [-0.29] | -0.008294894772373817
-0.841901957988739 | [-0.26] | -0.006886225750840774
-0.8211958408355713 | [-0.24] | -0.005548170169702445
-0.7988959550857544 | [-0.21] | -0.004305911861146036
-0.7750694155693054 | [-0.18] | -0.0031837238293145596
-0.7497984170913696 | [-0.15] | -0.0022041410586846363
-0.7231808304786682 | [-0.12] | -0.0013870917867887138
-0.6953309178352356 | [-0.09] | -0.0007490584066731453
-0.6663790345191956 | [-0.05] | -0.00030229930243966583
-0.6364712119102478 | [-0.02] | -5.421936550388374e-05
-0.6057678461074829 | [0.01] | -6.931607857557138e-06
-0.5744419693946838 | [0.04] | -0.00015706631226853485
-0.5426768064498901 | [0.07] | -0.0004958512701551135
-0.5106630325317383 | [0.1] | -0.0010094677179082632
-0.4785955250263214 | [0.13] | -0.0016796575307399687
-0.4466701149940491 | [0.16] | -0.002484532030669279
-0.41508013010025024 | [0.18] | -0.003399519645963125
-0.3840131461620331 | [0.21] | -0.004398375416920036
-0.3536481559276581 | [0.23] | -0.005454169704248793
-0.32415297627449036 | [0.26] | -0.006540206079127211
-0.2956823408603668 | [0.28] | -0.007630798794068603
-0.2683766186237335 | [0.29] | -0.008701889072128634
-0.24236096441745758 | [0.31] | -0.009731494892035309
-0.21774516999721527 | [0.33] | -0.010699987070546221
-0.19462400674819946 | [0.34] | -0.011590224755689757
-0.1730780154466629 | [0.35] | -0.012387565385929989
-0.15317457914352417 | [0.36] | -0.013079797899712076
-0.1349693238735199 | [0.37] | -0.01365700944683996
-0.11850757896900177 | [0.38] | -0.014111435256597554
-0.10382601618766785 | [0.38] | -0.014437293768672291
-0.09095421433448792 | [0.38] | -0.014630642264378694
-0.07991617172956467 | [0.38] | -0.014689257566923481
-0.07073172181844711 | [0.38] | -0.014612553627575213
-0.06341780722141266 | [0.38] | -0.014401536419452863
-0.057989541441202164 | [0.37] | -0.014058806386736893
-0.05446111038327217 | [0.37] | -0.01358859740919431
-0.05284644663333893 | [0.36] | -0.012996855331108129
-0.05315966159105301 | [0.35] | -0.012291350401303549
-0.05541526898741722 | [0.34] | -0.011481811998285959
-0.059628136456012726 | [0.33] | -0.010580079701324597
-0.06581320613622665 | [0.31] | -0.009600254546110045
-0.07398494333028793 | [0.29] | -0.00855883599526643
-0.08415651321411133 | [0.27] | -0.0074748254471367764
-0.09633873403072357 | [0.25] | -0.006369770832043305
-0.11053869128227234 | [0.23] | -0.005267732352600484
-0.1267581582069397 | [0.2] | -0.004195134944959709
-0.14499181509017944 | [0.18] | -0.003180483813501784
-0.16522516310214996 | [0.15] | -0.002253920659705973
-0.1874324232339859 | [0.12] | -0.0014465950822475917
-0.21157436072826385 | [0.09] | -0.0007898479072055416
-0.2375960797071457 | [0.06] | -0.00031421565991255154
-0.26542505621910095 | [0.02] | -4.8279123804896575e-05
-0.2949695289134979 | [-0.01] | -1.7410519938149637e-05
-0.3261171877384186 | [-0.05] | -0.00024249472859468082
-0.35873469710350037 | [-0.09] | -0.0007387182184151952
-0.3926678001880646 | [-0.12] | -0.0015145372182636483
-0.4277424216270447 | [-0.16] | -0.0025709340153899
-0.46376660466194153 | [-0.2] | -0.0039010561642729177
-0.500533401966095 | [-0.23] | -0.005490307322616688
-0.5378245115280151 | [-0.27] | -0.0073168986264171955
-0.5754147171974182 | [-0.31] | -0.009352848646040008
-0.6130766272544861 | [-0.34] | -0.011565330755598586
-0.6505855917930603 | [-0.37] | -0.013918255362989462
-0.6877245903015137 | [-0.4] | -0.016373941540490506
-0.7242887616157532 | [-0.43] | -0.01889474446464605
-0.760089099407196 | [-0.46] | -0.021444484337555858
-0.7949554920196533 | [-0.49] | -0.02398960563270297
-0.8287388682365417 | [-0.51] | -0.02650002317164052
-0.8613123297691345 | [-0.54] | -0.028949616571223594
-0.8925716280937195 | [-0.56] | -0.031316446478493985
-0.9224345684051514 | [-0.58] | -0.033582682552991926
-0.9508398175239563 | [-0.6] | -0.03573434279363303
-0.9777454733848572 | [-0.61] | -0.0377609250484979
-1.0031269788742065 | [-0.63] | -0.03965493331566588
-1.0269747972488403 | [-0.64] | -0.04141137047833979
-1.0492925643920898 | [-0.66] | -0.04302730681674082
-1.0700942277908325 | [-0.67] | -0.04450136310455696
-1.089402437210083 | [-0.68] | -0.04583337156274615
-1.1072461605072021 | [-0.69] | -0.04702399259702984
-1.1236590147018433 | [-0.69] | -0.04807443847426891
-1.1386773586273193 | [-0.7] | -0.04898620194488714
-1.1523391008377075 | [-0.71] | -0.04976089765210596
-1.164682388305664 | [-0.71] | -0.0504001034779028
-1.1757441759109497 | [-0.71] | -0.05090519763909745
-1.1855597496032715 | [-0.72] | -0.0512773313064162
-1.1941617727279663 | [-0.72] | -0.051517344127079145
-1.2000000476837158 | [-0.68] | -0.046240005836487
-1.1987781524658203 | [-0.67] | -0.045264753890356675
-1.1963194608688354 | [-0.66] | -0.04414197674491174
-1.1926034688949585 | [-0.65] | -0.04287145576211628
-1.1876037120819092 | [-0.64] | -0.04145356964046465
-1.181288242340088 | [-0.63] | -0.03988958015655415
-1.1736197471618652 | [-0.62] | -0.0381818982816071
-1.1645557880401611 | [-0.6] | -0.036334387899570934
-1.154049277305603 | [-0.59] | -0.03435271300918246
-1.1420493125915527 | [-0.57] | -0.032244736245312364
-1.1285016536712646 | [-0.55] | -0.030020876067387514
-1.1133497953414917 | [-0.53] | -0.02769451315664706
-1.09653639793396 | [-0.5] | -0.02528239057146698
-1.0780045986175537 | [-0.48] | -0.022804938060370664
-1.0576997995376587 | [-0.45] | -0.020286536451193563
-1.035571813583374 | [-0.42] | -0.017755674974990452
-1.0115774869918823 | [-0.39] | -0.015244952659804568
-0.985683023929596 | [-0.36] | -0.012790815734665218
-0.9578675031661987 | [-0.32] | -0.010433100420296106
-0.9281257390975952 | [-0.29] | -0.008214198108445703
-0.8964716792106628 | [-0.25] | -0.006177917771209724
-0.8629416823387146 | [-0.21] | -0.0043679998582619095
-0.8275974988937378 | [-0.17] | -0.0028263287916093175
-0.7905286550521851 | [-0.13] | -0.0015909210626392709
-0.7518543004989624 | [-0.08] | -0.0006938384761009507
-0.7117236256599426 | [-0.04] | -0.0001591844511210694
-0.6703155636787415 | [0.] | -1.4108969599678004e-06
-0.6278367042541504 | [0.05] | -0.00022411969738924927
-0.5845177173614502 | [0.09] | -0.0008195491075132296
-0.5406085848808289 | [0.13] | -0.0017688441073898987
-0.49637243151664734 | [0.17] | -0.0030431233848411
-0.45207858085632324 | [0.21] | -0.004605249732836692
-0.4079951345920563 | [0.25] | -0.006412116499996988
-0.3643816113471985 | [0.29] | -0.008417202089608139
-0.3214821517467499 | [0.33] | -0.010573123584312588
-0.27951961755752563 | [0.36] | -0.012833949087577423
-0.238691046833992 | [0.39] | -0.015157074309888744
-0.199164479970932 | [0.42] | -0.017504585841635233
-0.16107720136642456 | [0.45] | -0.019844076950217428
-0.1245354637503624 | [0.47] | -0.022148953977198918
-0.08961533010005951 | [0.49] | -0.024398349312924235
-0.056364476680755615 | [0.52] | -0.026576730215287555
-0.024804677814245224 | [0.54] | -0.028673324462084378
0.00506525207310915 | [0.55] | -0.030681448417947583
0.033266332000494 | [0.57] | -0.03259783107469976
0.05983626842498779 | [0.59] | -0.03442196275689798
0.08482643216848373 | [0.6] | -0.03615552052119549
0.10829905420541763 | [0.61] | -0.03780186952174511
0.13032470643520355 | [0.63] | -0.03936565267276767
0.150980144739151 | [0.64] | -0.0408524674340438
0.1703464239835739 | [0.65] | -0.04226861032099749
0.1885073184967041 | [0.66] | -0.04362088107363415
0.20554813742637634 | [0.67] | -0.04491645420888135
0.2215546816587448 | [0.68] | -0.04616277917948646
0.23661257326602936 | [0.69] | -0.04736753373239094
0.25080665946006775 | [0.7] | -0.04853858624697059
0.2642206847667694 | [0.7] | -0.04968399839973346
0.2769371271133423 | [0.71] | -0.050812045957775435
0.28903713822364807 | [0.72] | -0.05193125386032578
0.30060049891471863 | [0.73] | -0.053050436863844364
0.31170591711997986 | [0.74] | -0.05417878466115066
0.32243111729621887 | [0.74] | -0.05532592623333006
0.33285319805145264 | [0.75] | -0.0565020337671959
0.343049019575119 | [0.76] | -0.057717942141574156
0.35309556126594543 | [0.77] | -0.058985270866613086
0.36307039856910706 | [0.78] | -0.0603165818793776
0.3730522096157074 | [0.79] | -0.061725552905127545
0.38312140107154846 | [0.8] | -0.06322719321819313
0.3933606743812561 | [0.81] | -0.06483807861540522
0.40385565161705017 | [0.82] | -0.06657662059662937
0.4146956503391266 | [0.83] | -0.06846340393657376
0.4259744882583618 | [0.84] | -0.0705215670178503
0.43779122829437256 | [0.85] | 99.92722276417318
Total reward: 94.87013857517655
0.9, 5.0, 0.4
parameter ends

state | action | reward
[-0.52] | [-0.07] | -0.000511790480164237
-0.5240375995635986 | [-0.07] | -0.0005206756692179294
-0.5242473483085632 | [-0.07] | -0.0005310235315581057
-0.5245615243911743 | [-0.07] | -0.0005428202148994199
-0.5249789953231812 | [-0.07] | -0.000556046521805063
-0.5254979729652405 | [-0.08] | -0.0005706761887501916
-0.5261160135269165 | [-0.08] | -0.0005866748553273198
-0.5268300771713257 | [-0.08] | -0.0006039998182854312
-0.5276364684104919 | [-0.08] | -0.0006225981039647689
-0.5285309553146362 | [-0.08] | -0.0006424070750033939
-0.529508650302887 | [-0.08] | -0.0006633516722376859
-0.5305642485618591 | [-0.08] | -0.0006853469095360011
-0.5316917896270752 | [-0.08] | -0.0007082935077560242
-0.5328848361968994 | [-0.09] | -0.0007320797650342581
-0.5341365933418274 | [-0.09] | -0.0007565828579732736
-0.5354397892951965 | [-0.09] | -0.0007816665631124802
-0.5367868542671204 | [-0.09] | -0.0008071838717410591
-0.538169801235199 | [-0.09] | -0.0008329750407062132
-0.5395804047584534 | [-0.09] | -0.0008588706774435847
-0.5410102009773254 | [-0.09] | -0.0008846921628205272
-0.5424505472183228 | [-0.1] | -0.0009102532225650248
-0.5438926815986633 | [-0.1] | -0.0009353617568360171
-0.5453277826309204 | [-0.1] | -0.0009598218342287952
-0.5467469692230225 | [-0.1] | -0.0009834348404635647
-0.5481414794921875 | [-0.1] | -0.0010060038834354542
-0.5495024919509888 | [-0.1] | -0.0010273319334362864
-0.5508214831352234 | [-0.1] | -0.0010472297650358493
-0.552090048789978 | [-0.1] | -0.0010655141231613809
-0.5533000230789185 | [-0.1] | -0.0010820113878661894
-0.5544435381889343 | [-0.1] | -0.001096560078341896
-0.5555131435394287 | [-0.11] | -0.0011090144793629221
-0.5565016865730286 | [-0.11] | -0.0011192435395187494
-0.5574025511741638 | [-0.11] | -0.0011271365216484574
-0.5582095980644226 | [-0.11] | -0.0011326026992190786
-0.5589171648025513 | [-0.11] | -0.0011355720295606118
-0.5595201849937439 | [-0.11] | -0.0011359978879437783
-0.5600141882896423 | [-0.11] | -0.0011338572111110092
-0.560395359992981 | [-0.11] | -0.0011291515573562867
-0.5606604814529419 | [-0.11] | -0.0011219055526339788
-0.5608071088790894 | [-0.11] | -0.0011121696835927118
-0.5608334541320801 | [-0.1] | -0.001100017012613835
-0.5607383847236633 | [-0.1] | -0.0010855420161387996
-0.56052166223526 | [-0.1] | -0.001068863645323768
-0.5601836442947388 | [-0.1] | -0.0010501179153090444
-0.5597255229949951 | [-0.1] | -0.001029460576733713
-0.5591491460800171 | [-0.1] | -0.0010070616776050394
-0.5584571957588196 | [-0.1] | -0.0009831067141422931
-0.55765300989151 | [-0.1] | -0.0009577910416268958
-0.5567406415939331 | [-0.1] | -0.0009313187091139187
-0.5557249188423157 | [-0.1] | -0.0009039011804797391
-0.5546112060546875 | [-0.09] | -0.0008757508903299324
-0.5534056425094604 | [-0.09] | -0.0008470833004300114
-0.5521148443222046 | [-0.09] | -0.0008181097610255351
-0.5507461428642273 | [-0.09] | -0.0007890397718147953
-0.5493072867393494 | [-0.09] | -0.0007600744425128218
-0.5478065609931946 | [-0.09] | -0.0007314072065691055
-0.5462527275085449 | [-0.08] | -0.0007032218114476845
-0.544654905796051 | [-0.08] | -0.0006756897591041033
-0.5430225729942322 | [-0.08] | -0.0006489699925160109
-0.5413655042648315 | [-0.08] | -0.0006232079620877297
-0.5396936535835266 | [-0.08] | -0.0005985342578153798
-0.5380171537399292 | [-0.08] | -0.0005750653022312538
-0.5363463163375854 | [-0.07] | -0.0005529042829971425
-0.5346914529800415 | [-0.07] | -0.0005321399354650839
-0.5330628156661987 | [-0.07] | -0.0005128473211883146
-0.5314706563949585 | [-0.07] | -0.0004950904241422504
-0.5299249887466431 | [-0.07] | -0.0004789209285645529
-0.5284356474876404 | [-0.07] | -0.00046438116082890037
-0.527012288570404 | [-0.07] | -0.0004515061834665188
-0.5256640911102295 | [-0.07] | -0.0004403222827697297
-0.5243999361991882 | [-0.07] | -0.00043085140570167625
-0.5232282280921936 | [-0.07] | -0.0004231110364258928
-0.5221568942070007 | [-0.06] | -0.00041711619069653586
-0.521193265914917 | [-0.06] | -0.00041287977971483274
-0.5203440189361572 | [-0.06] | -0.000410413501790695
-0.5196152925491333 | [-0.06] | -0.0004097305374361293
-0.519012451171875 | [-0.06] | -0.0004108437427945583
-0.5185401439666748 | [-0.06] | -0.00041376705391455793
-0.5182023048400879 | [-0.06] | -0.00041851582396918954
-0.5180019736289978 | [-0.07] | -0.0004251047259749722
-0.517941415309906 | [-0.07] | -0.0004335488147145655
-0.5180220603942871 | [-0.07] | -0.0004438621249060671
-0.5182444453239441 | [-0.07] | -0.00045605594402244704
-0.5186082720756531 | [-0.07] | -0.000470138224996874
-0.5191124081611633 | [-0.07] | -0.0004861120391623687
-0.5197547674179077 | [-0.07] | -0.0005039722857515714
-0.5205324292182922 | [-0.07] | -0.000523705226959076
-0.521441638469696 | [-0.07] | -0.0005452864200474736
-0.5224778056144714 | [-0.08] | -0.0005686785808127749
-0.5236355066299438 | [-0.08] | -0.0005938294202457577
-0.5249084830284119 | [-0.08] | -0.0006206695212483221
-0.5262898206710815 | [-0.08] | -0.0006491128722283714
-0.5277718305587769 | [-0.08] | -0.0006790533502409827
-0.5293461680412292 | [-0.08] | -0.0007103648814495467
-0.5310038328170776 | [-0.09] | -0.0007429000833220629
-0.5327352285385132 | [-0.09] | -0.0007764901495488437
-0.5345302820205688 | [-0.09] | -0.0008109460458554683
-0.5363784432411194 | [-0.09] | -0.0008460582295983853
-0.5382687449455261 | [-0.09] | -0.0008815977217681032
-0.5401899218559265 | [-0.1] | -0.0009173185654708786
-0.5421303510665894 | [-0.1] | -0.0009529576524008675
-0.5440782904624939 | [-0.1] | -0.000988240100208445
-0.5460218787193298 | [-0.1] | -0.0010228808859215502
-0.5479491353034973 | [-0.1] | -0.0010565867273063915
-0.5498480796813965 | [-0.1] | -0.0010890603828086313
-0.5517069101333618 | [-0.11] | -0.0011200064426328486
-0.5535139441490173 | [-0.11] | -0.0011491327297225734
-0.5552576780319214 | [-0.11] | -0.0011761540850269312
-0.5569270253181458 | [-0.11] | -0.0012007996802860673
-0.5585111975669861 | [-0.11] | -0.001222813326858993
-0.5599998831748962 | [-0.11] | -0.0012419595795653705
-0.5613832473754883 | [-0.11] | -0.0012580260914917807
-0.562652051448822 | [-0.11] | -0.001270828150303651
-0.5637977719306946 | [-0.11] | -0.0012802129394957496
-0.564812421798706 | [-0.11] | -0.0012860573352842858
-0.5656888484954834 | [-0.11] | -0.0012882751356508675
-0.5664207339286804 | [-0.11] | -0.0012868176499011787
-0.5670024752616882 | [-0.11] | -0.0012816714020411697
-0.5674294233322144 | [-0.11] | -0.0012728627494742585
-0.5676978230476379 | [-0.11] | -0.0012604557644552649
-0.5678048729896545 | [-0.11] | -0.0012445521316764283
-0.5677486658096313 | [-0.11] | -0.0012252881104094558
-0.5675283074378967 | [-0.11] | -0.0012028347101610572
-0.567143976688385 | [-0.11] | -0.00117739609728635
-0.5665967464447021 | [-0.11] | -0.001149202907450394
-0.5658887028694153 | [-0.11] | -0.0011185112724029528
-0.5650230050086975 | [-0.1] | -0.0010856002365265476
-0.5640037059783936 | [-0.1] | -0.001050764405971932
-0.5628358721733093 | [-0.1] | -0.0010143123161522305
-0.5615255236625671 | [-0.1] | -0.0009765612241600424
-0.5600795745849609 | [-0.1] | -0.0009378320726300552
-0.5585057735443115 | [-0.09] | -0.000898444682954277
-0.5568128824234009 | [-0.09] | -0.0008587172141684828
-0.5550102591514587 | [-0.09] | -0.0008189556546016086
-0.5531081557273865 | [-0.09] | -0.0007794560654782273
-0.5511174201965332 | [-0.09] | -0.0007404971036970351
-0.5490496158599854 | [-0.08] | -0.000702340063967044
-0.5469168424606323 | [-0.08] | -0.0006652245554413241
-0.5447316765785217 | [-0.08] | -0.0006293668681643149
-0.5425071120262146 | [-0.08] | -0.0005949589044246127
-0.5402565002441406 | [-0.07] | -0.0005621677743625125
-0.5379934906959534 | [-0.07] | -0.0005311358762178584
-0.535731852054596 | [-0.07] | -0.0005019800997703032
-0.5334855318069458 | [-0.07] | -0.00047479479847594135
-0.5312684178352356 | [-0.07] | -0.0004496512962640419
-0.529094398021698 | [-0.07] | -0.00042660178998289245
-0.5269771218299866 | [-0.06] | -0.0004056797751193449
-0.5249300599098206 | [-0.06] | -0.00038690455550583375
-0.5229663252830505 | [-0.06] | -0.00037028297290231306
-0.5210985541343689 | [-0.06] | -0.00035581207804449665
-0.5193390250205994 | [-0.06] | -0.00034348439277300284
-0.5176993608474731 | [-0.06] | -0.0003332884120817832
-0.5161905288696289 | [-0.06] | -0.0003252122946616422
-0.514822781085968 | [-0.06] | -0.000319246545710085
-0.5136056542396545 | [-0.06] | -0.0003153869040703488
-0.5125476717948914 | [-0.06] | -0.00031363376994590766
-0.5116565823554993 | [-0.06] | -0.0003139965802185298
-0.5109390616416931 | [-0.06] | -0.00031649210537108277
-0.5104008913040161 | [-0.06] | -0.00032114702254556083
-0.510046660900116 | [-0.06] | -0.0003279949450614044
-0.5098799467086792 | [-0.06] | -0.0003370777320322067
-0.5099031925201416 | [-0.06] | -0.00034844306135312704
-0.5101176500320435 | [-0.06] | -0.0003621420022191234
-0.5105234980583191 | [-0.06] | -0.0003782279496541245
-0.5111196041107178 | [-0.06] | -0.0003967511342259848
-0.5119037628173828 | [-0.06] | -0.00041775795657550776
-0.512872576713562 | [-0.07] | -0.00044128598701886895
-0.5140214562416077 | [-0.07] | -0.0004673600267689468
-0.5153446793556213 | [-0.07] | -0.0004959886800292359
-0.5168354511260986 | [-0.07] | -0.0005271610023974622
-0.5184858441352844 | [-0.07] | -0.0005608416038305127
-0.5202869176864624 | [-0.08] | -0.0005969682785604231
-0.5222287774085999 | [-0.08] | -0.0006354491863627008
-0.5243004560470581 | [-0.08] | -0.0006761578061723427
-0.5264902114868164 | [-0.08] | -0.0007189343727756629
-0.5287854671478271 | [-0.09] | -0.0007635828101164546
-0.5311729311943054 | [-0.09] | -0.0008098708448825113
-0.5336385369300842 | [-0.09] | -0.0008575280365230846
-0.5361678004264832 | [-0.1] | -0.0009062513410028492
-0.5387455821037292 | [-0.1] | -0.0009557015740066762
-0.5413564443588257 | [-0.1] | -0.0010055107031234918
-0.543984591960907 | [-0.1] | -0.001055282743938986
-0.5466140508651733 | [-0.11] | -0.0011045995248717304
-0.5492286682128906 | [-0.11] | -0.0011530238366637714
-0.5518123507499695 | [-0.11] | -0.0012001077483474482
-0.5543490052223206 | [-0.11] | -0.0012453955859122194
-0.5568227171897888 | [-0.11] | -0.001288431912873016
-0.5592179298400879 | [-0.12] | -0.0013287700515212928
-0.5615194439888 | [-0.12] | -0.0013659769275773106
-0.563712477684021 | [-0.12] | -0.0013996392055921135
-0.5657828450202942 | [-0.12] | -0.0014293718749890398
-0.5677170157432556 | [-0.12] | -0.001454823971098088
-0.5695021748542786 | [-0.12] | -0.001475684134424439
-0.5711263418197632 | [-0.12] | -0.0014916868217242163
-0.572578489780426 | [-0.12] | -0.0015026180886258313
-0.5738484859466553 | [-0.12] | -0.001508316636760966
-0.5749272108078003 | [-0.12] | -0.0015086781916512006
-0.575806736946106 | [-0.12] | -0.0015036603363516269
-0.5764802694320679 | [-0.12] | -0.0014932811356274949
-0.5769421458244324 | [-0.12] | -0.0014776182657511058
-0.5771880149841309 | [-0.12] | -0.0014568112354580868
-0.5772147178649902 | [-0.12] | -0.0014310560644215406
-0.5770204663276672 | [-0.12] | -0.0014006057506353448
-0.5766047835350037 | [-0.12] | -0.0013657645917658804
-0.5759685635566711 | [-0.12] | -0.0013268844163678904
-0.5751139521598816 | [-0.11] | -0.001284356408301141
-0.5740445256233215 | [-0.11] | -0.0012386086835344974
-0.5727651119232178 | [-0.11] | -0.0011900959356389413
-0.571281909942627 | [-0.11] | -0.0011392950088356976
-0.5696024298667908 | [-0.1] | -0.0010866965561360828
-0.5677353739738464 | [-0.1] | -0.0010327957347003535
-0.5656906962394714 | [-0.1] | -0.0009780865382870928
-0.5634795427322388 | [-0.1] | -0.0009230540325537147
-0.5611140727996826 | [-0.09] | -0.0008681651850662944
-0.5586076378822327 | [-0.09] | -0.0008138665121041555
-0.5559744238853455 | [-0.09] | -0.0007605731918868425
-0.553229570388794 | [-0.08] | -0.0007086673431770168
-0.5503890514373779 | [-0.08] | -0.00065849315442167
-0.5474695563316345 | [-0.08] | -0.0006103530999108117
-0.5444883704185486 | [-0.08] | -0.0005645054748053469
-0.541463315486908 | [-0.07] | -0.0005211639358997809
-0.5384126305580139 | [-0.07] | -0.00048049721988347393
-0.5353548526763916 | [-0.07] | -0.00044263014049274993
-0.5323086977005005 | [-0.06] | -0.00040764562918771304
-0.5292930006980896 | [-0.06] | -0.00037558847876688215
-0.5263265371322632 | [-0.06] | -0.00034646847259812855
-0.5234279036521912 | [-0.06] | -0.00032026515015553983
-0.5206154584884644 | [-0.05] | -0.0002969336700819917
-0.5179070830345154 | [-0.05] | -0.0002764093084524016
-0.5153203010559082 | [-0.05] | -0.00025861575134247675
-0.5128718614578247 | [-0.05] | -0.00024346822510392828
-0.5105778574943542 | [-0.05] | -0.00023088173352739085
-0.5084536075592041 | [-0.05] | -0.00022077655368656491
-0.5065133571624756 | [-0.05] | -0.0002130818518215669
-0.5047704577445984 | [-0.05] | -0.00020774278246451486
-0.5032370686531067 | [-0.05] | -0.00020472264445063355
-0.5019241571426392 | [-0.05] | -0.0002040067137885284
-0.5008414387702942 | [-0.05] | -0.00020560452285360342
-0.49999725818634033 | [-0.05] | -0.00020955050794270905
-0.4993986189365387 | [-0.05] | -0.00021590477448661346
-0.4990510046482086 | [-0.05] | -0.000224750917288109
-0.4989584684371948 | [-0.05] | -0.00023619491389477557
-0.4991234540939331 | [-0.05] | -0.0002503605774574837
-0.4995468854904175 | [-0.05] | -0.0002673862400015928
-0.5002281069755554 | [-0.05] | -0.00028741915007809206
-0.5011649131774902 | [-0.06] | -0.000310609825758862
-0.5023534297943115 | [-0.06] | -0.0003371041794668217
-0.5037882924079895 | [-0.06] | -0.00036703806130321454
-0.5054625272750854 | [-0.06] | -0.0004005283724864451
-0.5073676109313965 | [-0.07] | -0.0004376657972825219
-0.5094936490058899 | [-0.07] | -0.0004785090685937845
-0.5118291974067688 | [-0.07] | -0.0005230751697045342
-0.5143614411354065 | [-0.08] | -0.0005713341941064853
-0.5170763731002808 | [-0.08] | -0.0006232051991383948
-0.5199586153030396 | [-0.08] | -0.0006785478321703706
-0.5229917168617249 | [-0.09] | -0.0007371615854532226
-0.5261581540107727 | [-0.09] | -0.0007987820586250026
-0.5294394493103027 | [-0.09] | -0.0008630801628038717
-0.5328162908554077 | [-0.1] | -0.0009296626905360921
-0.5362686514854431 | [-0.1] | -0.0009980743707447093
-0.5397759079933167 | [-0.1] | -0.0010678013758444065
-0.5433168411254883 | [-0.11] | -0.00113827388799236
-0.5468700528144836 | [-0.11] | -0.0012088780049861639
-0.5504137873649597 | [-0.11] | -0.001278957478276787
-0.5539262294769287 | [-0.12] | -0.001347825901858679
-0.5573856830596924 | [-0.12] | -0.0014147775307150087
-0.560770571231842 | [-0.12] | -0.0014790953305191873
-0.5640596747398376 | [-0.12] | -0.001540064533575919
-0.5672322511672974 | [-0.13] | -0.0015969841819328111
-0.5702680349349976 | [-0.13] | -0.0016491759815068189
-0.5731475949287415 | [-0.13] | -0.001696001384963032
-0.5758522748947144 | [-0.13] | -0.0017368686694864714
-0.5783643126487732 | [-0.13] | -0.001771243813580455
-0.5806670784950256 | [-0.13] | -0.0017986632972505107
-0.5827450752258301 | [-0.13] | -0.0018187404422023907
-0.58458411693573 | [-0.14] | -0.0018311749236806089
-0.5861712694168091 | [-0.14] | -0.0018357551706801479
-0.5874951481819153 | [-0.14] | -0.0018323682391495743
-0.5885457992553711 | [-0.13] | -0.001820997857531718
-0.5893148183822632 | [-0.13] | -0.0018017268957979593
-0.5897954702377319 | [-0.13] | -0.0017747382376610901
-0.5899827480316162 | [-0.13] | -0.0017403125190072922
-0.5898733139038086 | [-0.13] | -0.001698821453916984
-0.5894656181335449 | [-0.13] | -0.0016507240688639396
-0.5887598395347595 | [-0.13] | -0.0015965572378201266
-0.5877580046653748 | [-0.12] | -0.0015369292358336365
-0.5864638686180115 | [-0.12] | -0.0014725065875005193
-0.5848830938339233 | [-0.12] | -0.0014040068703772774
-0.5830230116844177 | [-0.12] | -0.0013321814694266215
-0.5808926820755005 | [-0.11] | -0.0012578047823167703
-0.5785030126571655 | [-0.11] | -0.0011816641095691762
-0.5758664608001709 | [-0.11] | -0.001104541088170453
-0.5729971528053284 | [-0.1] | -0.001027202213251241
-0.5699107646942139 | [-0.1] | -0.00095038520933469
-0.5666244029998779 | [-0.09] | -0.0008747864053482208
-0.5631564855575562 | [-0.09] | -0.0008010497261679559
-0.5595268607139587 | [-0.09] | -0.0007297609096652095
-0.5557564496994019 | [-0.08] | -0.0006614353212437871
-0.5518671870231628 | [-0.08] | -0.0005965130873483273
-0.5478820204734802 | [-0.07] | -0.0005353566734596736
-0.5438246726989746 | [-0.07] | -0.0004782469859841564
-0.5397194623947144 | [-0.07] | -0.00042538276042713833
-0.535591185092926 | [-0.06] | -0.00037688296078051
-0.5314651131629944 | [-0.06] | -0.00033279217366261087
-0.527366578578949 | [-0.05] | -0.0002930832271895985
-0.5233209729194641 | [-0.05] | -0.0002576664567163597
-0.5193535685539246 | [-0.05] | -0.00022639815941679828
-0.515489399433136 | [-0.04] | -0.00019909099433249695
-0.5117529630661011 | [-0.04] | -0.00017552362416863943
-0.5081682205200195 | [-0.04] | -0.00015545366192458302
-0.5047582983970642 | [-0.04] | -0.00013862835433357083
-0.5015454292297363 | [-0.04] | -0.00012479711239280866
-0.4985508620738983 | [-0.03] | -0.00011372320556146154
-0.49579453468322754 | [-0.03] | -0.0001051932686541514
-0.49329516291618347 | [-0.03] | -9.90284018779051e-05
-0.4910699427127838 | [-0.03] | -9.509154669450328e-05
-0.4891345798969269 | [-0.03] | -9.329520382631727e-05
-0.4875030517578125 | [-0.03] | -9.360586877176016e-05
-0.486187607049942 | [-0.03] | -9.604783389908974e-05
-0.48519864678382874 | [-0.03] | -0.00010070425064789963
-0.48454463481903076 | [-0.03] | -0.00010771621650250482
-0.484232097864151 | [-0.03] | -0.00011728021217508969
-0.4842655062675476 | [-0.04] | -0.0001296427269619956
-0.4846472144126892 | [-0.04] | -0.00014509313379289327
-0.48537755012512207 | [-0.04] | -0.00016395566827667458
-0.48645463585853577 | [-0.04] | -0.00018657786291462663
-0.4878745377063751 | [-0.05] | -0.00021331979479389352
-0.48963111639022827 | [-0.05] | -0.00024453985834928905
-0.491716206073761 | [-0.05] | -0.0002805822886381352
-0.4941194951534271 | [-0.06] | -0.00032176153853673544
-0.49682867527008057 | [-0.06] | -0.00036834889706184625
-0.4998294711112976 | [-0.06] | -0.0004205581877424377
-0.503105640411377 | [-0.07] | -0.00047853165192077694
-0.5066391825675964 | [-0.07] | -0.0005423291209660038
-0.5104103088378906 | [-0.08] | -0.0006119157563144223
-0.5143976807594299 | [-0.08] | -0.0006871548677332314
-0.5185784101486206 | [-0.09] | -0.0007677995082945155
-0.5229282379150391 | [-0.09] | -0.0008534887126259912
-0.5274216532707214 | [-0.1] | -0.0009437453227801922
-0.5320321321487427 | [-0.1] | -0.0010379785399860283
-0.5367321968078613 | [-0.11] | -0.0011354859200106702
-0.5414935946464539 | [-0.11] | -0.0012354601926246884
-0.5462875962257385 | [-0.12] | -0.0013370009758082988
-0.5510849952697754 | [-0.12] | -0.0014391231343297067
-0.5558564066886902 | [-0.12] | -0.0015407732655548963
-0.5605724453926086 | [-0.13] | -0.0016408459287614514
-0.5652039051055908 | [-0.13] | -0.001738201413510522
-0.5697219371795654 | [-0.14] | -0.0018316849864927387
-0.5740981101989746 | [-0.14] | -0.0019201439098710032
-0.5783048868179321 | [-0.14] | -0.0020024552802096218
-0.5823154449462891 | [-0.14] | -0.0020775379007479974
-0.5861040949821472 | [-0.15] | -0.0021443786695888143
-0.5896463394165039 | [-0.15] | -0.002202049207092977
-0.5929190516471863 | [-0.15] | -0.0022497243807312567
-0.5959005951881409 | [-0.15] | -0.0022866979870133915
-0.5985709428787231 | [-0.15] | -0.0023123965422507803
-0.6009118556976318 | [-0.15] | -0.002326392541195217
-0.6029068827629089 | [-0.15] | -0.002328410789435182
-0.6045415997505188 | [-0.15] | -0.002318338650010656
-0.6058035492897034 | [-0.15] | -0.002296225422648111
-0.6066824793815613 | [-0.15] | -0.0022622873866544007
-0.6071703433990479 | [-0.15] | -0.0022169032737567812
-0.6072613000869751 | [-0.15] | -0.002160607188913153
-0.6069518327713013 | [-0.14] | -0.002094082083255899
-0.6062408089637756 | [-0.14] | -0.0020181489431497467
-0.6051293611526489 | [-0.14] | -0.0019337489745046737
-0.6036211252212524 | [-0.14] | -0.0018419330047659138
-0.6017220616340637 | [-0.13] | -0.0017438380898389914
-0.5994405150413513 | [-0.13] | -0.0016406689796477322
-0.59678715467453 | [-0.12] | -0.0015336754607313922
-0.5937750339508057 | [-0.12] | -0.0014241317134853979
-0.5904194712638855 | [-0.11] | -0.0013133113704938406
-0.5867380499839783 | [-0.11] | -0.0012024655362527171
-0.5827503800392151 | [-0.1] | -0.001092796864467367
-0.578478217124939 | [-0.1] | -0.0009854422407039017
-0.573945164680481 | [-0.09] | -0.0008814491496622903
-0.5691767930984497 | [-0.09] | -0.0007817621018476527
-0.5642002820968628 | [-0.08] | -0.000687203311174415
-0.559044361114502 | [-0.08] | -0.0005984621646279991
-0.5537391304969788 | [-0.07] | -0.0005160859865770252
-0.5483159422874451 | [-0.07] | -0.00044047546323694074
-0.5428071022033691 | [-0.06] | -0.0003718814909124408
-0.5372457504272461 | [-0.06] | -0.00031040855693206196
-0.5316656231880188 | [-0.05] | -0.00025602026999533173
-0.5261008739471436 | [-0.05] | -0.0002085491546048275
-0.5205858945846558 | [-0.04] | -0.0001677097267603461
-0.5151549577713013 | [-0.04] | -0.00013311303557558832
-0.509842038154602 | [-0.03] | -0.00010428556642752128
-0.5046806931495667 | [-0.03] | -8.069006427428178e-05
-0.4997037947177887 | [-0.02] | -6.174668957786923e-05
-0.494943231344223 | [-0.02] | -4.685508512489092e-05
-0.4904297888278961 | [-0.02] | -3.541751416724202e-05
-0.486192911863327 | [-0.02] | -2.6860865457016918e-05
-0.4822605848312378 | [-0.01] | -2.0657993416355473e-05
-0.478659063577652 | [-0.01] | -1.634697177720374e-05
-0.4754127562046051 | [-0.01] | -1.354868263101312e-05
-0.4725440442562103 | [-0.01] | -1.1981552244683467e-05
-0.4700731635093689 | [-0.01] | -1.1473422216703247e-05
-0.4680180549621582 | [-0.01] | -1.1969977700339984e-05
-0.466394305229187 | [-0.01] | -1.3539770888543462e-05
-0.46521493792533875 | [-0.01] | -1.6375157241771448e-05
-0.4644903838634491 | [-0.01] | -2.0789710591030665e-05
-0.46422845125198364 | [-0.02] | -2.721181637560207e-05
-0.4644342064857483 | [-0.02] | -3.61742847697708e-05
-0.4651098847389221 | [-0.02] | -4.8300329076733604e-05
-0.46625494956970215 | [-0.03] | -6.428669020027221e-05
-0.4678660035133362 | [-0.03] | -8.48832623394964e-05
-0.4699368178844452 | [-0.03] | -0.00011087055303649376
-0.4724583029747009 | [-0.04] | -0.0001430347776423425
-0.4754185676574707 | [-0.04] | -0.00018214184875238205
-0.47880294919013977 | [-0.05] | -0.000228910400044746
-0.4825940728187561 | [-0.05] | -0.0002839847510508861
-0.4867718815803528 | [-0.06] | -0.0003479079884331166
-0.4913138151168823 | [-0.06] | -0.00042109775572971795
-0.49619483947753906 | [-0.07] | -0.0005038224526616305
-0.5013876557350159 | [-0.08] | -0.0005961821027382634
-0.5068626999855042 | [-0.08] | -0.0006980897489159574
-0.5125885605812073 | [-0.09] | -0.0008092624706290494
-0.5185319185256958 | [-0.1] | -0.0009292100069934945
-0.5246578454971313 | [-0.1] | -0.0010572330813805291
-0.5309301018714905 | [-0.11] | -0.0011924273091933847
-0.5373111367225647 | [-0.12] | -0.001333686306294258
-0.5437626242637634 | [-0.12] | -0.0014797201505494981
-0.5502454042434692 | [-0.13] | -0.0016290666192635987
-0.5567200183868408 | [-0.13] | -0.0017801196467625688
-0.5631467700004578 | [-0.14] | -0.0019311509057411966
-0.5694860816001892 | [-0.14] | -0.002080342022808339
-0.5756986737251282 | [-0.15] | -0.002225814859741044
-0.5817458629608154 | [-0.15] | -0.002365667254204024
-0.5875898599624634 | [-0.16] | -0.002498009830996447
-0.5931939482688904 | [-0.16] | -0.0026210005229206712
-0.5985227227210999 | [-0.17] | -0.002732880296874359
-0.6035422682762146 | [-0.17] | -0.002832006094129912
-0.6082203984260559 | [-0.17] | -0.0029168844353333434
-0.6125268340110779 | [-0.17] | -0.0029862003845705495
-0.6164333820343018 | [-0.17] | -0.003038844436758243
-0.6199141144752502 | [-0.18] | -0.0030739356797375513
-0.6229454874992371 | [-0.18] | -0.0030908395362693195
-0.6255064606666565 | [-0.18] | -0.003089181637848346
-0.627578616142273 | [-0.18] | -0.0030688571976111812
-0.6291462779045105 | [-0.17] | -0.0030300358908646047
-0.6301966309547424 | [-0.17] | -0.0029731623439254715
-0.6307196617126465 | [-0.17] | -0.0028989459764712463
-0.6307084560394287 | [-0.17] | -0.0028083577074200137
-0.6301590204238892 | [-0.16] | -0.0027026069397646005
-0.629070520401001 | [-0.16] | -0.0025831272480874995
-0.6274452209472656 | [-0.16] | -0.002451548588763868
-0.6252884864807129 | [-0.15] | -0.0023096677458832
-0.6226087808609009 | [-0.15] | -0.0021594157379790247
-0.6194178462028503 | [-0.14] | -0.002002826907566162
-0.6157304048538208 | [-0.14] | -0.0018419930849484267
-0.6115642786026001 | [-0.13] | -0.0016790281152213719
-0.6069404482841492 | [-0.12] | -0.001516029435044615
-0.6018826961517334 | [-0.12] | -0.0013550303440217834
-0.5964178442955017 | [-0.11] | -0.0011979677283623924
-0.5905753374099731 | [-0.1] | -0.001046637383129482
-0.5843873620033264 | [-0.1] | -0.0009026644203627053
-0.5778884887695312 | [-0.09] | -0.0007674683984187279
-0.5711156725883484 | [-0.08] | -0.0006422404109214134
-0.5641078948974609 | [-0.07] | -0.0005279199235443042
-0.55690598487854 | [-0.07] | -0.0004251817179918461
-0.5495525002479553 | [-0.06] | -0.0003344300209209909
-0.5420913100242615 | [-0.05] | -0.00025579616588412884
-0.5345673561096191 | [-0.04] | -0.00018914622150302508
-0.5270264148712158 | [-0.04] | -0.0001340953524206821
-0.5195146799087524 | [-0.03] | -9.002747618719473e-05
-0.512078583240509 | [-0.02] | -5.612292006387589e-05
-0.5047644376754761 | [-0.02] | -3.1389714483286066e-05
-0.49761801958084106 | [-0.01] | -1.4699519308591003e-05
-0.490684449672699 | [-0.01] | -4.827702196748575e-06
-0.48400774598121643 | [-0.] | -4.944074238579689e-07
-0.477630615234375 | [0.] | -4.072483372311478e-07
-0.4715941250324249 | [0.01] | -3.3035694696090155e-06
-0.4659374952316284 | [0.01] | -7.991413847733194e-06
-0.460697740316391 | [0.01] | -1.3388263466495605e-05
-0.4559096097946167 | [0.01] | -1.855602560061574e-05
-0.4516052305698395 | [0.02] | -2.2732266954326858e-05
-0.4478139877319336 | [0.02] | -2.53561173139642e-05
-0.4445623755455017 | [0.02] | -2.608862317861474e-05
-0.4418737590312958 | [0.02] | -2.482734672734715e-05
-0.43976831436157227 | [0.01] | -2.1714070775861462e-05
-0.4382629096508026 | [0.01] | -1.71360360692308e-05
-0.4373708963394165 | [0.01] | -1.172067176522618e-05
-0.43710216879844666 | [0.01] | -6.322879771029894e-06
-0.4374629855155945 | [0.] | -2.006334524728332e-06
-0.4384559392929077 | [0.] | -1.8052641650419376e-08
-0.4400798976421356 | [-0.] | -1.757070196414781e-06
-0.442330002784729 | [-0.01] | -8.73769802556823e-06
-0.4451976418495178 | [-0.02] | -2.254809795938389e-05
-0.4486703872680664 | [-0.02] | -4.480471608023944e-05
-0.4527321457862854 | [-0.03] | -7.710436402885093e-05
-0.4573630392551422 | [-0.03] | -0.00012097359465491759
-0.4625396132469177 | [-0.04] | -0.0001778187575800861
-0.4682348370552063 | [-0.05] | -0.0002488758972349111
-0.4744182229042053 | [-0.06] | -0.00033516319808165576
-0.48105594515800476 | [-0.07] | -0.00043743696742994727
-0.48811107873916626 | [-0.07] | -0.0005561536316212461
-0.4955437481403351 | [-0.08] | -0.0006914372188166101
-0.5033113360404968 | [-0.09] | -0.0008430545107576187
-0.5113686919212341 | [-0.1] | -0.0010103981885513497
-0.5196685194969177 | [-0.11] | -0.00119248199736567
-0.5281616449356079 | [-0.12] | -0.0013879437332684002
-0.5367972254753113 | [-0.13] | -0.0015950560063983739
-0.5455232858657837 | [-0.13] | -0.001811753283318107
-0.5542869567871094 | [-0.14] | -0.0020356619329452603
-0.5630348324775696 | [-0.15] | -0.0022641403453635234
-0.5717133283615112 | [-0.16] | -0.0024943267487716222
-0.5802690982818604 | [-0.17] | -0.0027231944537766547
-0.5886493921279907 | [-0.17] | -0.0029476100633678663
-0.5968024730682373 | [-0.18] | -0.0031643972624057037
-0.6046777367591858 | [-0.18] | -0.0033703927898294968
-0.6122262477874756 | [-0.19] | -0.0035625160196532447
-0.6194009780883789 | [-0.19] | -0.003737827899210125
-0.6261570453643799 | [-0.2] | -0.0038935881969043417
-0.6324520111083984 | [-0.2] | -0.004027310890444229
-0.6382459998130798 | [-0.2] | -0.0041368095378728625
-0.6435021162033081 | [-0.21] | -0.004220247782500886
-0.6481863856315613 | [-0.21] | -0.004276167652255092
-0.6522679924964905 | [-0.21] | -0.0043035218728422866
-0.6557195782661438 | [-0.21] | -0.0043017021794376645
-0.658517062664032 | [-0.21] | -0.004270542662862891
-0.6606400609016418 | [-0.21] | -0.004210338351279201
-0.6620717644691467 | [-0.2] | -0.0041218362604943885
-0.662799060344696 | [-0.2] | -0.00400622771145045
-0.6628126502037048 | [-0.2] | -0.0038651332826917214
-0.6621071696281433 | [-0.19] | -0.003700579812874898
-0.6606810092926025 | [-0.19] | -0.0035149595328296903
-0.6585367321968079 | [-0.18] | -0.003311002986278771
-0.655680775642395 | [-0.18] | -0.003091719895750334
-0.6521236896514893 | [-0.17] | -0.0028603525175492474
-0.6478800177574158 | [-0.16] | -0.002620311383880096
-0.6429685354232788 | [-0.15] | -0.0023751175270531645
-0.6374119520187378 | [-0.15] | -0.002128324821294451
-0.6312370896339417 | [-0.14] | -0.0018834550487180782
-0.6244747638702393 | [-0.13] | -0.0016439233633006043
-0.6171596646308899 | [-0.12] | -0.001412965608211048
-0.6093303561210632 | [-0.11] | -0.0011935719257627295
-0.6010289788246155 | [-0.1] | -0.0009884187338022375
-0.5923012495040894 | [-0.09] | -0.0007998144791146037
-0.5831960439682007 | [-0.08] | -0.0006296464219176734
-0.573765218257904 | [-0.07] | -0.0004793435061579919
-0.5640634298324585 | [-0.06] | -0.0003498502473192858
-0.5541476011276245 | [-0.05] | -0.00024160965059460095
-0.5440767407417297 | [-0.04] | -0.00015456459664998402
-0.5339113473892212 | [-0.03] | -8.816902340508118e-05
-0.5237131714820862 | [-0.02] | -4.1416122757150424e-05
-0.5135446786880493 | [-0.01] | -1.2876913919322424e-05
-0.5034685730934143 | [-0.] | -7.514365909792181e-07
-0.4935474693775177 | [0.01] | -2.929816040811408e-06
-0.4838433265686035 | [0.01] | -1.7060804624167176e-05
-0.4744170606136322 | [0.02] | -4.062646511946598e-05
-0.46532806754112244 | [0.03] | -7.102032792417297e-05
-0.45663392543792725 | [0.03] | -0.00010562630588592395
-0.4483898878097534 | [0.04] | -0.00014189732372755232
-0.4406486451625824 | [0.04] | -0.00017742995234074478
-0.43345993757247925 | [0.05] | -0.0002100349137677541
-0.42687031626701355 | [0.05] | -0.00023780044474901844
-0.4209228754043579 | [0.05] | -0.00025914814648506394
-0.41565701365470886 | [0.05] | -0.00027288007332405373
-0.4111082851886749 | [0.05] | -0.0002782153470020045
-0.4073081910610199 | [0.05] | -0.00027481735859769934
-0.4042840600013733 | [0.05] | -0.0002628094509313373
-0.4020589292049408 | [0.05] | -0.00024277971644857664
-0.40065136551856995 | [0.05] | -0.00021577521646788854
-0.4000754654407501 | [0.04] | -0.00018328340516846043
-0.4003407061100006 | [0.04] | -0.00014720380054410447
-0.4014519155025482 | [0.03] | -0.00010980774173490283
-0.4034091532230377 | [0.03] | -7.368827293002098e-05
-0.4062076807022095 | [0.02] | -4.1699349334942126e-05
-0.409837931394577 | [0.01] | -1.688599957069126e-05
-0.41428542137145996 | [0.] | -2.4065241295778695e-06
-0.41953080892562866 | [-0.] | -1.4474914945603686e-06
-0.42554977536201477 | [-0.01] | -1.7133908422701913e-05
-0.4323132038116455 | [-0.02] | -5.243622847102914e-05
-0.4397870898246765 | [-0.03] | -0.00011007649736587572
-0.44793272018432617 | [-0.04] | -0.00019243667351628618
-0.45670679211616516 | [-0.05] | -0.00030147181726118005
-0.4660615622997284 | [-0.07] | -0.00043863052290103754
-0.47594505548477173 | [-0.08] | -0.0006047861393952258
-0.48630139231681824 | [-0.09] | -0.0008001820483967089
-0.4970710575580597 | [-0.1] | -0.0010243914850923894
-0.5081912875175476 | [-0.11] | -0.0012762958978411742
-0.5195964574813843 | [-0.12] | -0.0015540811693674772
-0.5312186479568481 | [-0.14] | -0.0018552570054129265
-0.5429880023002625 | [-0.15] | -0.002176689379016791
-0.5548333525657654 | [-0.16] | -0.002514657825950917
-0.5666826367378235 | [-0.17] | -0.002864922739444403
-0.578463613986969 | [-0.18] | -0.003222815318943409
-0.5901042222976685 | [-0.19] | -0.0035833287195980463
-0.6015332937240601 | [-0.2] | -0.003941228293215165
-0.612680971622467 | [-0.21] | -0.00429115902088871
-0.6234791278839111 | [-0.22] | -0.004627753744767377
-0.6338620781898499 | [-0.22] | -0.004945753485880611
-0.6437666416168213 | [-0.23] | -0.0052401005701440675
-0.6531326770782471 | [-0.23] | -0.0055060443825358735
-0.661903440952301 | [-0.24] | -0.005739234528007708
-0.6700257658958435 | [-0.24] | -0.005935798840626811
-0.6774503588676453 | [-0.25] | -0.006092417724214722
-0.6841318607330322 | [-0.25] | -0.006206378362255783
-0.6900290250778198 | [-0.25] | -0.00627562470658573
-0.6951049566268921 | [-0.25] | -0.006298800475597455
-0.6993270516395569 | [-0.25] | -0.006275268311180963
-0.7026671767234802 | [-0.25] | -0.006205129576605125
-0.7051016092300415 | [-0.25] | -0.0060892230224175795
-0.706611156463623 | [-0.24] | -0.0059291206798877585
-0.7071812748908997 | [-0.24] | -0.005727112931278468
-0.7068020701408386 | [-0.23] | -0.005486176632727276
-0.7054683566093445 | [-0.23] | -0.005209934372426188
-0.703179657459259 | [-0.22] | -0.004902599327358849
-0.6999404430389404 | [-0.21] | -0.004568917774977446
-0.6957601308822632 | [-0.21] | -0.004214089093190479
-0.6906531453132629 | [-0.2] | -0.003843676905122126
-0.6846391558647156 | [-0.19] | -0.0034635148030888185
-0.6777429580688477 | [-0.18] | -0.0030795898141631026
-0.6699946522712708 | [-0.16] | -0.0026979278717312732
-0.6614297032356262 | [-0.15] | -0.002324469036176224
-0.6520889401435852 | [-0.14] | -0.0019649379561053597
-0.6420184373855591 | [-0.13] | -0.001624711539580287
-0.6312695741653442 | [-0.11] | -0.00130869626677535
-0.6198987364768982 | [-0.1] | -0.0010212050038893355
-0.6079672574996948 | [-0.09] | -0.0007658532823142869
-0.5955410003662109 | [-0.07] | -0.0005454651817126998
-0.5826901197433472 | [-0.06] | -0.0003620044116282857
-0.5694886445999146 | [-0.05] | -0.00021652633612631255
-0.5560138821601868 | [-0.03] | -0.00010915529529993962
-0.5423459410667419 | [-0.02] | -3.9091817559714286e-05
-0.5285671353340149 | [-0.01] | -4.646283450297479e-06
-0.5147612690925598 | [0.01] | -3.299469110929019e-06
-0.5010131001472473 | [0.02] | -3.178791728339933e-05
-0.4874074161052704 | [0.03] | -8.62108556560925e-05
-0.474028617143631 | [0.04] | -0.00016215363530638427
-0.4609598219394684 | [0.05] | -0.00025482502701034245
-0.4482823312282562 | [0.06] | -0.0003592009886436475
-0.43607500195503235 | [0.07] | -0.0004701718651684821
-0.4244137406349182 | [0.08] | -0.0005826868267627545
-0.41337093710899353 | [0.08] | -0.0006918939061160536
-0.4030150771141052 | [0.09] | -0.0007932692749433676
-0.39341041445732117 | [0.09] | -0.0008827344642725381
-0.38461658358573914 | [0.1] | -0.0009567610666922164
-0.37668848037719727 | [0.1] | -0.0010124571608271513
-0.3696759343147278 | [0.1] | -0.0010476417222404515
-0.3636236786842346 | [0.1] | -0.0010608980800950276
-0.35857123136520386 | [0.1] | -0.0010516132957279004
-0.3545527160167694 | [0.1] | -0.0010200024278489478
-0.3515968918800354 | [0.1] | -0.0009671130315602934
-0.3497270941734314 | [0.09] | -0.000894815062659276
-0.34896108508110046 | [0.09] | -0.0008057758814564349
-0.34931111335754395 | [0.08] | -0.0007034148402933104
-0.35078373551368713 | [0.08] | -0.0005918449676243961
-0.3533797860145569 | [0.07] | -0.00047579470637346995
-0.35709425806999207 | [0.06] | -0.0003605138028668127
-0.3619161546230316 | [0.05] | -0.00025166209176631643
-0.3678284287452698 | [0.04] | -0.00015518082088553738
-0.37480783462524414 | [0.03] | -7.715000191521703e-05
-0.3828248381614685 | [0.02] | -2.3631983834957144e-05
-0.3918434679508209 | [0.] | -5.052310625748981e-07
-0.4018213450908661 | [-0.01] | -1.3291014276464124e-05
-0.41270968317985535 | [-0.03] | -6.697941736953303e-05
-0.4244532585144043 | [-0.04] | -0.00016585881324523443
-0.4369905889034271 | [-0.06] | -0.00031335573766826515
-0.4502541720867157 | [-0.07] | -0.0005118920771133717
-0.4641707241535187 | [-0.09] | -0.0007627648873641922
-0.4786616265773773 | [-0.1] | -0.0010660565244764273
-0.4936434328556061 | [-0.12] | -0.0014205792637901056
-0.5090283751487732 | [-0.14] | -0.0018238564750886052
-0.5247251391410828 | [-0.15] | -0.0022721464677333456
-0.5406395792961121 | [-0.17] | -0.002760505547600859
-0.5566754937171936 | [-0.18] | -0.003282886211957304
-0.5727354884147644 | [-0.2] | -0.0038322730251707984
-0.5887219309806824 | [-0.21] | -0.0044008478567098335
-0.6045377254486084 | [-0.22] | -0.004980169951664852
-0.6200871467590332 | [-0.24] | -0.005561374836522373
-0.635276734828949 | [-0.25] | -0.006135380464900638
-0.6500158905982971 | [-0.26] | -0.006693084063845137
-0.6642175316810608 | [-0.27] | -0.007225555924401699
-0.6777987480163574 | [-0.28] | -0.007724223913723827
-0.6906811594963074 | [-0.29] | -0.0081810321077989
-0.7027912735939026 | [-0.29] | -0.00858858214373997
-0.7140608429908752 | [-0.3] | -0.008940261667969051
-0.7244269251823425 | [-0.3] | -0.009230338012124575
-0.7338320016860962 | [-0.31] | -0.009454041680241295
-0.7422240376472473 | [-0.31] | -0.009607629707748566
-0.7495563626289368 | [-0.31] | -0.009688428320834882
-0.75578773021698 | [-0.31] | -0.009694871202703723
-0.7608821988105774 | [-0.31] | -0.009626517461111627
-0.7648089528083801 | [-0.31] | -0.009484054743782486
-0.7675424218177795 | [-0.3] | -0.009269308428159033
-0.7690619826316833 | [-0.3] | -0.00898521600417842
-0.76935213804245 | [-0.29] | -0.008635815034255607
-0.7684023976325989 | [-0.29] | -0.008226200535168626
-0.7662075161933899 | [-0.28] | -0.007762485346806923
-0.7627674341201782 | [-0.27] | -0.007251725884866969
-0.7580875158309937 | [-0.26] | -0.006701843696013426
-0.7521787285804749 | [-0.25] | -0.006121520577595219
-0.745058000087738 | [-0.23] | -0.005520078315105827
-0.7367482781410217 | [-0.22] | -0.0049073199295926705
-0.7272789478302002 | [-0.21] | -0.004293363891146829
-0.7166861295700073 | [-0.19] | -0.003688448418999483
-0.705012857913971 | [-0.18] | -0.0031027134719101893
-0.6923093795776367 | [-0.16] | -0.002545972717135329
-0.6786332726478577 | [-0.14] | -0.002027470848441427
-0.6640494465827942 | [-0.12] | -0.0015556405543009537
-0.6486302018165588 | [-0.11] | -0.0011378704166724767
-0.632455050945282 | [-0.09] | -0.0007802878463924221
-0.6156104207038879 | [-0.07] | -0.000487571244154559
-0.5981891751289368 | [-0.05] | -0.000262800742938857
-0.5802900791168213 | [-0.03] | -0.0001073580301215544
-0.5620169639587402 | [-0.01] | -2.0879628379262708e-05
-0.5434780716896057 | [0.] | -1.2704494852140484e-06
-0.5247848033905029 | [0.02] | -4.47747562961966e-05
-0.5060508847236633 | [0.04] | -0.000146105510356845
-0.4873911738395691 | [0.05] | -0.00029862315968661466
-0.4689205288887024 | [0.07] | -0.0004945568977483304
-0.4507526457309723 | [0.09] | -0.0007252568969920736
-0.43299904465675354 | [0.1] | -0.0009814652965170233
-0.41576799750328064 | [0.11] | -0.0012535954150464967
-0.39916369318962097 | [0.12] | -0.0015320047404746512
-0.3832854628562927 | [0.13] | -0.0018072556053743132
-0.36822712421417236 | [0.14] | -0.0020703536353273437
-0.3540765047073364 | [0.15] | -0.0023129605728238836
-0.34091508388519287 | [0.16] | -0.0025275766812521278
-0.328817754983902 | [0.16] | -0.0027076935151313657
-0.3178527057170868 | [0.17] | -0.002847917369033226
-0.3080815076828003 | [0.17] | -0.002944061761324445
-0.2995590269565582 | [0.17] | -0.002993222363843044
-0.2923336327075958 | [0.17] | -0.0029938228258490104
-0.28644734621047974 | [0.17] | -0.0029456437776442454
-0.2819359600543976 | [0.17] | -0.0028498350079687877
-0.2788291871547699 | [0.16] | -0.0027089099002635107
-0.2771506905555725 | [0.16] | -0.002526726124053726
-0.27691829204559326 | [0.15] | -0.002308442079724304
-0.2781437635421753 | [0.14] | -0.002060464793589709
-0.2808329164981842 | [0.13] | -0.0017903654441333732
-0.28498536348342896 | [0.12] | -0.0015067775616725116
-0.29059433937072754 | [0.11] | -0.00121926372781156
-0.29764634370803833 | [0.1] | -0.0009381537800016896
-0.3061208724975586 | [0.08] | -0.0006743469613247345
-0.31599003076553345 | [0.07] | -0.00043908184092791223
-0.32721811532974243 | [0.05] | -0.00024367341381986403
-0.33976125717163086 | [0.03] | -9.921923451454358e-05
-0.35356709361076355 | [0.01] | -1.628271195759074e-05
-0.36857444047927856 | [-0.01] | -4.561363415802641e-06
-0.38471314311027527 | [-0.03] | -7.255141513216718e-05
-0.40190401673316956 | [-0.05] | -0.00022722375077931014
-0.4200589656829834 | [-0.07] | -0.00047372666792457524
-0.4390812814235687 | [-0.09] | -0.000815132778439596
-0.4588661193847656 | [-0.11] | -0.0012522449964944352
-0.4793012738227844 | [-0.13] | -0.0017834779475728092
-0.5002679824829102 | [-0.16] | -0.0024048202893552652
-0.5216421484947205 | [-0.18] | -0.003109890945330109
-0.5432955026626587 | [-0.2] | -0.003890079120008322
-0.5650970935821533 | [-0.22] | -0.004734772337074701
-0.5869146585464478 | [-0.24] | -0.005631647483057308
-0.6086161732673645 | [-0.26] | -0.006567022653326202
-0.6300713419914246 | [-0.27] | -0.007526240759927061
-0.6511529684066772 | [-0.29] | -0.008494065103208926
-0.6717382669448853 | [-0.31] | -0.009455071966092032
-0.6917099952697754 | [-0.32] | -0.010394020054924333
-0.7109572291374207 | [-0.34] | -0.011296171012119471
-0.7293762564659119 | [-0.35] | -0.012147583250473534
-0.7468709349632263 | [-0.36] | -0.012935335273161881
-0.7633529901504517 | [-0.37] | -0.013647706414140162
-0.7787421345710754 | [-0.38] | -0.014274310677700628
-0.7929658889770508 | [-0.38] | -0.014806178876517721
-0.8059593439102173 | [-0.39] | -0.015235812299159369
-0.8176649212837219 | [-0.39] | -0.015557218121886396
-0.8280318379402161 | [-0.4] | -0.015765910357916506
-0.8370155096054077 | [-0.4] | -0.015858898198877928
-0.8445772528648376 | [-0.4] | -0.01583469410107825
-0.8506837487220764 | [-0.4] | -0.015693302008543224
-0.8553064465522766 | [-0.39] | -0.015436201331557315
-0.8584214448928833 | [-0.39] | -0.015066365055047005
-0.860008955001831 | [-0.38] | -0.014588245303549545
-0.860053300857544 | [-0.37] | -0.014007791263238293
-0.8585428595542908 | [-0.37] | -0.013332451853284197
-0.8554699420928955 | [-0.35] | -0.012571158647668355
-0.8508310914039612 | [-0.34] | -0.01173431464555908
-0.8446274995803833 | [-0.33] | -0.01083375913068746
-0.836865246295929 | [-0.31] | -0.0098826839825023
-0.8275559544563293 | [-0.3] | -0.008895530542232567
-0.8167173862457275 | [-0.28] | -0.007887830418849554
-0.8043742775917053 | [-0.26] | -0.006876001605743085
-0.7905589938163757 | [-0.24] | -0.005877074946651998
-0.7753124237060547 | [-0.22] | -0.004908372064635385
-0.7586846947669983 | [-0.2] | -0.003987119570085782
-0.7407359480857849 | [-0.18] | -0.0031300178284915346
-0.7215368151664734 | [-0.15] | -0.0023527684234871094
-0.701168954372406 | [-0.13] | -0.001669589994399365
-0.6797252297401428 | [-0.1] | -0.0010927353217019043
-0.6573097109794617 | [-0.08] | -0.0006320410015388848
-0.6340372562408447 | [-0.05] | -0.0002945372360719182
-0.6100329756736755 | [-0.03] | -8.414859777109474e-05
-0.5854312181472778 | [-0.] | -1.5048819221766958e-06
-0.5603742003440857 | [0.02] | -4.388347592005567e-05
-0.5350105166435242 | [0.05] | -0.00020529139286018882
-0.5094932913780212 | [0.07] | -0.0004766834567983258
-0.4839782416820526 | [0.09] | -0.0008463048924462141
-0.45862165093421936 | [0.11] | -0.0013001346983865516
-0.4335782825946808 | [0.13] | -0.0018224032144432555
-0.40899938344955444 | [0.15] | -0.002396149616363946
-0.38503095507621765 | [0.17] | -0.003003782753558247
-0.36181214451789856 | [0.19] | -0.0036276197570691802
-0.3394739627838135 | [0.21] | -0.004250374750065557
-0.3181383013725281 | [0.22] | -0.004855580885668516
-0.29791733622550964 | [0.23] | -0.0054279340109135606
-0.27891311049461365 | [0.24] | -0.005953564084071445
-0.2612176239490509 | [0.25] | -0.00642022394888361
-0.24491290748119354 | [0.26] | -0.0068174236443427835
-0.230071559548378 | [0.27] | -0.00713650451369233
-0.21675726771354675 | [0.27] | -0.007370678328693945
-0.2050255388021469 | [0.27] | -0.007515036754281536
-0.19492442905902863 | [0.28] | -0.007566547250627347
-0.18649530410766602 | [0.27] | -0.0075240421064573515
-0.17977353930473328 | [0.27] | -0.0073882095335944704
-0.1747892051935196 | [0.27] | -0.0071615852607469005
-0.17156755924224854 | [0.26] | -0.006848555092549964
-0.1701294630765915 | [0.25] | -0.006455358217064361
-0.17049163579940796 | [0.24] | -0.005990091473339952
-0.1726667582988739 | [0.23] | -0.005462706219129695
-0.1766633242368698 | [0.22] | -0.0048849934740856325
-0.18248538672924042 | [0.21] | -0.004270540376432178
-0.19013209640979767 | [0.19] | -0.0036346497526085113
-0.1995970457792282 | [0.17] | -0.0029942110914844434
-0.2108674943447113 | [0.15] | -0.0023675068926527583
-0.22392337024211884 | [0.13] | -0.0017739474846801093
-0.23873625695705414 | [0.11] | -0.0012337195891493243
-0.25526827573776245 | [0.09] | -0.0007673481673907139
-0.2734709680080414 | [0.06] | -0.0003951714957844047
-0.29328417778015137 | [0.04] | -0.0001367391441199353
-0.3146350681781769 | [0.01] | -1.0148501937203439e-05
-0.3374374210834503 | [-0.02] | -3.1348338916334943e-05
-0.361591100692749 | [-0.05] | -0.00021344707499634037
-0.3869818449020386 | [-0.08] | -0.0005660669174322238
-0.41348162293434143 | [-0.1] | -0.001094794052802056
-0.44094929099082947 | [-0.13] | -0.001800769381448145
-0.4692317843437195 | [-0.16] | -0.0026804610984261477
-0.4981658160686493 | [-0.19] | -0.0037256493297988143
-0.5275799632072449 | [-0.22] | -0.004923632599423388
-0.5572970509529114 | [-0.25] | -0.0062576466890162386
-0.5871371030807495 | [-0.28] | -0.0077074836051183315
-0.6169199347496033 | [-0.3] | -0.00925023487795557
-0.6464681625366211 | [-0.33] | -0.010861140710877898
-0.6756099462509155 | [-0.35] | -0.01251445846017546
-0.7041813731193542 | [-0.38] | -0.014184291724183357
-0.7320286631584167 | [-0.4] | -0.015845349320096076
-0.7590097188949585 | [-0.42] | -0.017473564781086016
-0.7849953174591064 | [-0.44] | -0.019046583640525225
-0.8098699450492859 | [-0.45] | -0.020544110708567646
-0.8335317969322205 | [-0.47] | -0.02194808731189325
-0.8558925986289978 | [-0.48] | -0.023242762897167365
-0.8768771290779114 | [-0.49] | -0.024414676376370566
-0.8964221477508545 | [-0.5] | -0.02545253122056748
-0.9144753217697144 | [-0.51] | -0.02634704766833203
-0.9309940338134766 | [-0.52] | -0.027090788874315725
-0.9459438323974609 | [-0.53] | -0.027677963445227632
-0.959297239780426 | [-0.53] | -0.028104267360825254
-0.9710322618484497 | [-0.53] | -0.028366724578403658
-0.9811311960220337 | [-0.53] | -0.028463578195638196
-0.9895793199539185 | [-0.53] | -0.028394196878927653
-0.9963639974594116 | [-0.53] | -0.028159049037650263
-1.0014736652374268 | [-0.53] | -0.027759690828460595
-1.004897117614746 | [-0.52] | -0.02719880592029557
-1.0066230297088623 | [-0.51] | -0.026480288452659536
-1.0066392421722412 | [-0.51] | -0.025609320338354804
-1.0049329996109009 | [-0.5] | -0.024592548191832434
-1.0014907121658325 | [-0.48] | -0.02343821905493918
-0.9962981343269348 | [-0.47] | -0.022156350918026285
-0.9893406629562378 | [-0.46] | -0.020758898715634584
-0.9806042313575745 | [-0.44] | -0.019259943359920623
-0.970075786113739 | [-0.42] | -0.017675802140002007
-0.9577445983886719 | [-0.4] | -0.016025145866116777
-0.9436033368110657 | [-0.38] | -0.01432901318812318
-0.9276496767997742 | [-0.36] | -0.012610764414236595
-0.9098877310752869 | [-0.33] | -0.010895896696210008
-0.8903300762176514 | [-0.3] | -0.009211755430237117
-0.8689994215965271 | [-0.28] | -0.007587064849638128
-0.8459307551383972 | [-0.25] | -0.006051323266624155
-0.8211731314659119 | [-0.22] | -0.004634017061571196
-0.7947914600372314 | [-0.18] | -0.0033636987489797858
-0.766867995262146 | [-0.15] | -0.0022669499140925147
-0.7375035881996155 | [-0.12] | -0.0013672886721834573
-0.706818163394928 | [-0.08] | -0.0006840795547040095
-0.6749507784843445 | [-0.05] | -0.00023154219894205884
-0.6420590281486511 | [-0.01] | -1.794117405234958e-05
-0.608317494392395 | [0.02] | -4.503645169358552e-05
-0.5739156007766724 | [0.06] | -0.000307864298647266
-0.5390545129776001 | [0.09] | -0.0007948856294694062
-0.5039438009262085 | [0.12] | -0.0014884987311404017
-0.4687974154949188 | [0.15] | -0.0023658807300784984
-0.43382948637008667 | [0.18] | -0.0034000825106911396
-0.3992501199245453 | [0.21] | -0.004561287346243631
-0.3652615249156952 | [0.24] | -0.005818108959038259
-0.3320544958114624 | [0.27] | -0.00713884017008013
-0.29980552196502686 | [0.29] | -0.008492560122836048
-0.2686745822429657 | [0.31] | -0.009850033515225584
-0.23880378901958466 | [0.33] | -0.011184378432747824
-0.21031677722930908 | [0.35] | -0.01247149135897975
-0.18331870436668396 | [0.37] | -0.013690261938781796
-0.1578969955444336 | [0.39] | -0.014822596822613637
-0.13412250578403473 | [0.4] | -0.015853311757677048
-0.1120511144399643 | [0.41] | -0.01676992059647834
-0.09172553569078445 | [0.42] | -0.017562377374694692
-0.0731772929430008 | [0.43] | -0.018222795908632804
-0.05642872303724289 | [0.43] | -0.018745176280580825
-0.041494980454444885 | [0.44] | -0.019125160793932033
-0.028385907411575317 | [0.44] | -0.01935982827224667
-0.017107777297496796 | [0.44] | -0.019447539611756975
-0.00766486581414938 | [0.44] | -0.01938783367705664
-6.081915489630774e-05 | [0.44] | -0.0191813776023126
0.005700175650417805 | [0.43] | -0.01882997006175241
0.009612439200282097 | [0.43] | -0.018336595631510424
0.011668060906231403 | [0.42] | -0.017705527261732214
0.011856382712721825 | [0.41] | -0.016942473120945375
0.010163704864680767 | [0.4] | -0.016054762342490023
0.006573214661329985 | [0.39] | -0.015051563337024393
0.0010651559568941593 | [0.37] | -0.013944126175599085
-0.0063827624544501305 | [0.36] | -0.012746036837177286
-0.015794698148965836 | [0.34] | -0.011473468560422195
-0.02719574049115181 | [0.32] | -0.010145410949689772
-0.04061068966984749 | [0.3] | -0.008783851607542003
-0.056062545627355576 | [0.27] | -0.007413881289221125
-0.07357069849967957 | [0.25] | -0.006063689896121777
-0.09314883500337601 | [0.22] | -0.00476441313273437
-0.11480258405208588 | [0.19] | -0.003549793158699615
-0.13852690160274506 | [0.16] | -0.0024556200712007523
-0.16430337727069855 | [0.12] | -0.0015189233907924777
-0.19209738075733185 | [0.09] | -0.0007769073722223366
-0.22185538709163666 | [0.05] | -0.0002656382044029629
-0.2535025179386139 | [0.01] | -1.8529023286262446e-05
-0.28694042563438416 | [-0.03] | -6.469889477763069e-05
-0.32204604148864746 | [-0.07] | -0.0004273168831561647
-0.3586709201335907 | [-0.11] | -0.0011220772292774802
-0.3966417908668518 | [-0.15] | -0.0021559609667126224
-0.4357622265815735 | [-0.19] | -0.0035264394489881203
-0.4758155047893524 | [-0.23] | -0.00522124333616615
-0.5165687203407288 | [-0.27] | -0.0072187757890591776
-0.5577776432037354 | [-0.31] | -0.009489142126540786
-0.59919273853302 | [-0.35] | -0.011995760206024277
-0.6405652761459351 | [-0.38] | -0.014697357270743592
-0.6816534996032715 | [-0.42] | -0.017550169947753297
-0.7222286462783813 | [-0.45] | -0.02051015485542879
-0.7620799541473389 | [-0.49] | -0.02353497680815084
-0.8010190725326538 | [-0.52] | -0.026585663064198007
-0.8388829827308655 | [-0.54] | -0.02962780477441116
-0.8755359053611755 | [-0.57] | -0.0326322946319689
-0.9108699560165405 | [-0.6] | -0.03557562805858915
-0.944804847240448 | [-0.62] | -0.038439853510996186
-0.9772867560386658 | [-0.64] | -0.04121224547261759
-1.0082863569259644 | [-0.66] | -0.043884789695282235
-1.0377967357635498 | [-0.68] | -0.04645360137805013
-1.0658304691314697 | [-0.7] | -0.0489182579025045
-1.0924172401428223 | [-0.72] | -0.051281227135790836
-1.1176010370254517 | [-0.73] | -0.05354729861078722
-1.1414381265640259 | [-0.75] | -0.05572317285852535
-1.1639941930770874 | [-0.76] | -0.05781699340932033
-1.1853426694869995 | [-0.77] | -0.059838087397052
-1.2000000476837158 | [-0.68] | -0.046240005836487
-1.1987781524658203 | [-0.67] | -0.045264753890356675
-1.1963194608688354 | [-0.66] | -0.04414197674491174
-1.1926034688949585 | [-0.65] | -0.04287145576211628
-1.1876037120819092 | [-0.64] | -0.04145356964046465
-1.181288242340088 | [-0.63] | -0.03988958015655415
-1.1736197471618652 | [-0.62] | -0.0381818982816071
-1.1645557880401611 | [-0.6] | -0.036334387899570934
-1.154049277305603 | [-0.59] | -0.03435271300918246
-1.1420493125915527 | [-0.57] | -0.032244736245312364
-1.1285016536712646 | [-0.55] | -0.030020876067387514
-1.1133497953414917 | [-0.53] | -0.02769451315664706
-1.09653639793396 | [-0.5] | -0.02528239057146698
-1.0780045986175537 | [-0.48] | -0.022804938060370664
-1.0576997995376587 | [-0.45] | -0.020286536451193563
-1.035571813583374 | [-0.42] | -0.017755674974990452
-1.0115774869918823 | [-0.39] | -0.015244952659804568
-0.985683023929596 | [-0.36] | -0.012790815734665218
-0.9578675031661987 | [-0.32] | -0.010433100420296106
-0.9281257390975952 | [-0.29] | -0.008214198108445703
-0.8964716792106628 | [-0.25] | -0.006177917771209724
-0.8629416823387146 | [-0.21] | -0.0043679998582619095
-0.8275974988937378 | [-0.17] | -0.0028263287916093175
-0.7905286550521851 | [-0.13] | -0.0015909210626392709
-0.7518543004989624 | [-0.08] | -0.0006938384761009507
-0.7117236256599426 | [-0.04] | -0.0001591844511210694
-0.6703155636787415 | [0.] | -1.4108969599678004e-06
-0.6278367042541504 | [0.05] | -0.00022411969738924927
-0.5845177173614502 | [0.09] | -0.0008195491075132296
-0.5406085848808289 | [0.13] | -0.0017688441073898987
-0.49637243151664734 | [0.17] | -0.0030431233848411
-0.45207858085632324 | [0.21] | -0.004605249732836692
-0.4079951345920563 | [0.25] | -0.006412116499996988
-0.3643816113471985 | [0.29] | -0.008417202089608139
-0.3214821517467499 | [0.33] | -0.010573123584312588
-0.27951961755752563 | [0.36] | -0.012833949087577423
-0.238691046833992 | [0.39] | -0.015157074309888744
-0.199164479970932 | [0.42] | -0.017504585841635233
-0.16107720136642456 | [0.45] | -0.019844076950217428
-0.1245354637503624 | [0.47] | -0.022148953977198918
-0.08961533010005951 | [0.49] | -0.024398349312924235
-0.056364476680755615 | [0.52] | -0.026576730215287555
-0.024804677814245224 | [0.54] | -0.028673324462084378
Total reward: -4.392812746241598
0.9, 5.0, 0.4
parameter ends

state | action | reward
[-0.42] | [0.02] | -4.1597919458071036e-05
-0.42250388860702515 | [0.02] | -2.6051439232304836e-05
-0.4239475131034851 | [0.01] | -1.2609139283720788e-05
-0.4261105954647064 | [0.01] | -3.2318985480079906e-06
-0.42898595333099365 | [-0.] | -2.1540572724123676e-08
-0.43256211280822754 | [-0.01] | -5.1648289885382265e-06
-0.43682336807250977 | [-0.01] | -2.087244274018624e-05
-0.44174978137016296 | [-0.02] | -4.931451662325957e-05
-0.4473172128200531 | [-0.03] | -9.255405342463293e-05
-0.45349740982055664 | [-0.04] | -0.0001524801003487155
-0.4602580964565277 | [-0.05] | -0.0002307423684520159
-0.46756303310394287 | [-0.06] | -0.00032868855806862977
-0.4753722548484802 | [-0.07] | -0.000447308258300779
-0.48364222049713135 | [-0.08] | -0.0005871831673513298
-0.4923260807991028 | [-0.09] | -0.0007484472190506347
-0.5013739466667175 | [-0.1] | -0.0009307575014440163
-0.5107330679893494 | [-0.11] | -0.00113327443427513
-0.5203483700752258 | [-0.12] | -0.0013546607538339691
-0.5301626324653625 | [-0.13] | -0.0015930867775014815
-0.5401169657707214 | [-0.14] | -0.0018462544191682854
-0.5501512885093689 | [-0.15] | -0.0021114338170148727
-0.5602046251296997 | [-0.15] | -0.002385507381217419
-0.57021564245224 | [-0.16] | -0.002665030501810068
-0.5801230669021606 | [-0.17] | -0.002946297477179579
-0.589866042137146 | [-0.18] | -0.0032254127692074837
-0.5993846654891968 | [-0.19] | -0.0034983728262938385
-0.6086203455924988 | [-0.19] | -0.00376114571176168
-0.6175161600112915 | [-0.2] | -0.004009751697994138
-0.6260172724723816 | [-0.21] | -0.004240345074631869
-0.6340711116790771 | [-0.21] | -0.004449285662285978
-0.6416279077529907 | [-0.22] | -0.0046332185936791385
-0.6486407518386841 | [-0.22] | -0.004789132702658577
-0.6550658941268921 | [-0.22] | -0.004914421025721147
-0.660862922668457 | [-0.22] | -0.0050069299845925015
-0.6659949421882629 | [-0.23] | -0.0050650012215076035
-0.6704287528991699 | [-0.23] | -0.005087505953228818
-0.6741349697113037 | [-0.23] | -0.005073867868224848
-0.6770880222320557 | [-0.22] | -0.005024073499499545
-0.6792663931846619 | [-0.22] | -0.004938682992254287
-0.6806525588035583 | [-0.22] | -0.004818820166781019
-0.6812331676483154 | [-0.22] | -0.004666162856549054
-0.6809991598129272 | [-0.21] | -0.00448292159882461
-0.6799455881118774 | [-0.21] | -0.004271797327208344
-0.6780719757080078 | [-0.2] | -0.0040359507853658765
-0.6753821969032288 | [-0.19] | -0.0037789440673670275
-0.6718845367431641 | [-0.19] | -0.00350468056112914
-0.6675918698310852 | [-0.18] | -0.0032173405703060584
-0.6625216007232666 | [-0.17] | -0.0029213007971054185
-0.6566957235336304 | [-0.16] | -0.0026210519620868864
-0.6501407623291016 | [-0.15] | -0.0023211079754185218
-0.6428878903388977 | [-0.14] | -0.0020259171968329487
-0.6349728107452393 | [-0.13] | -0.0017397659484108111
-0.6264357566833496 | [-0.12] | -0.0014666866902210943
-0.617321252822876 | [-0.11] | -0.001210364896519503
-0.6076780557632446 | [-0.1] | -0.0009740577224344308
-0.5975589752197266 | [-0.09] | -0.0007605192382593101
-0.5870205760002136 | [-0.08] | -0.0005719359606365382
-0.5761228203773499 | [-0.06] | -0.0004098774453620119
-0.5649287700653076 | [-0.05] | -0.00027526474468523123
-0.553504228591919 | [-0.04] | -0.00016835575293508708
-0.5419172644615173 | [-0.03] | -8.874854537856144e-05
-0.5302376747131348 | [-0.02] | -3.540380161894415e-05
-0.5185365080833435 | [-0.01] | -6.6863723558050665e-06
-0.5068855881690979 | [0.] | -4.233920977017569e-07
-0.49535685777664185 | [0.01] | -1.3977048195610968e-05
-0.48402196168899536 | [0.02] | -4.4330141245871665e-05
-0.47295162081718445 | [0.03] | -8.818106547916658e-05
-0.4622151255607605 | [0.04] | -0.00014204521701702134
-0.4518798589706421 | [0.04] | -0.00020235957651249285
-0.44201087951660156 | [0.05] | -0.00026558666400944004
-0.4326704144477844 | [0.06] | -0.00032831688721092576
-0.4239175319671631 | [0.06] | -0.00038736428793222923
-0.4158078134059906 | [0.07] | -0.00043985481837167245
-0.4083930253982544 | [0.07] | -0.00048330570357739525
-0.40172091126441956 | [0.07] | -0.0005156931192750212
-0.39583492279052734 | [0.07] | -0.0005355091530873902
-0.39077410101890564 | [0.07] | -0.0005418046149015122
-0.3865728974342346 | [0.07] | -0.0005342200920535311
-0.3832610547542572 | [0.07] | -0.0005130030207986898
-0.3808634877204895 | [0.07] | -0.0004790114670140421
-0.37940022349357605 | [0.07] | -0.0004337036513514749
-0.37888622283935547 | [0.06] | -0.000379115342901545
-0.37933143973350525 | [0.06] | -0.0003178206894708501
-0.3807406425476074 | [0.05] | -0.0002528824713285718
-0.3831133544445038 | [0.04] | -0.00018778749131637918
-0.3864437937736511 | [0.04] | -0.00012636920131204942
-0.39072078466415405 | [0.03] | -7.27184713644271e-05
-0.3959277272224426 | [0.02] | -3.1082978077536766e-05
-0.4020425081253052 | [0.01] | -5.75751468038965e-06
-0.4090375006198883 | [-0.] | -9.66435727903222e-07
-0.4168795645236969 | [-0.01] | -2.0741471354862944e-05
-0.42553001642227173 | [-0.03] | -6.879748288839955e-05
-0.434944748878479 | [-0.04] | -0.00014840990476001006
-0.4450743794441223 | [-0.05] | -0.0002622983979107831
-0.4558643400669098 | [-0.06] | -0.0004125192045923905
-0.4672551453113556 | [-0.08] | -0.0006003721432210684
-0.47918274998664856 | [-0.09] | -0.0008263263362303101
-0.4915788471698761 | [-0.1] | -0.0010899657559979702
-0.5043713450431824 | [-0.12] | -0.0013899604398631919
-0.5174847841262817 | [-0.13] | -0.0017240617968787909
-0.530841052532196 | [-0.14] | -0.002089129553836358
-0.5443598031997681 | [-0.16] | -0.0024811782416493573
-0.5579591989517212 | [-0.17] | -0.002895454978916673
-0.5715566277503967 | [-0.18] | -0.003326539001938786
-0.5850691795349121 | [-0.19] | -0.0037684518161887354
-0.5984144806861877 | [-0.21] | -0.004214793296057814
-0.6115113496780396 | [-0.22] | -0.0046588827704119986
-0.6242802143096924 | [-0.23] | -0.005093896779834904
-0.6366439461708069 | [-0.23] | -0.005513024355731124
-0.6485282182693481 | [-0.24] | -0.0059096024176313105
-0.6598619222640991 | [-0.25] | -0.006277247254806101
-0.6705777049064636 | [-0.26] | -0.006609984618449876
-0.6806122064590454 | [-0.26] | -0.006902356556633198
-0.6899062395095825 | [-0.27] | -0.007149513834850592
-0.6984051465988159 | [-0.27] | -0.007347306969906916
-0.7060588598251343 | [-0.27] | -0.007492349801585363
-0.7128220200538635 | [-0.28] | -0.007582074779406929
-0.7186540365219116 | [-0.28] | -0.007614773968554336
-0.7235191464424133 | [-0.28] | -0.007589627901819947
-0.7273863554000854 | [-0.27] | -0.007506718366864043
-0.7302296161651611 | [-0.27] | -0.0073670405269700675
-0.7320276498794556 | [-0.27] | -0.0071724865136276435
-0.7327640652656555 | [-0.26] | -0.00692583163596178
-0.7324274182319641 | [-0.26] | -0.006630704574999497
-0.7310112714767456 | [-0.25] | -0.006291543991898178
-0.7285142540931702 | [-0.24] | -0.005913540616370773
-0.7249401211738586 | [-0.23] | -0.005502564023589379
-0.7202979326248169 | [-0.23] | -0.005065078995736636
-0.7146022319793701 | [-0.21] | -0.004608045160457308
-0.7078731060028076 | [-0.2] | -0.004138795210317763
-0.7001364231109619 | [-0.19] | -0.0036649055945761435
-0.6914238929748535 | [-0.18] | -0.0031940466698840183
-0.68177330493927 | [-0.17] | -0.0027338280483847534
-0.6712284088134766 | [-0.15] | -0.0022916251921092207
-0.6598392128944397 | [-0.14] | -0.0018744166090337072
-0.6476618051528931 | [-0.12] | -0.0014886082541380708
-0.6347582340240479 | [-0.11] | -0.0011398699034893794
-0.6211965084075928 | [-0.09] | -0.0008329888863244368
-0.6070501208305359 | [-0.08] | -0.0005717347382621533
-0.5923978090286255 | [-0.06] | -0.00035875697199005626
-0.5773229598999023 | [-0.04] | -0.00019550986448635825
-0.561913251876831 | [-0.03] | -8.221660350716522e-05
-0.5462598204612732 | [-0.01] | -1.786704107460362e-05
-0.5304566025733948 | [0.] | -2.576078729826308e-07
-0.5145995616912842 | [0.02] | -2.6067855905684926e-05
-0.4987857937812805 | [0.03] | -9.097219460886896e-05
-0.48311272263526917 | [0.04] | -0.00018978170958334508
-0.46767720580101013 | [0.06] | -0.00031661036758297615
-0.4525747299194336 | [0.07] | -0.0004650577905699121
-0.4378986060619354 | [0.08] | -0.0006284022598030337
-0.4237392842769623 | [0.09] | -0.0007997954856927161
-0.4101836085319519 | [0.1] | -0.0009724555125192668
-0.39731431007385254 | [0.11] | -0.001139847606884666
-0.38520950078964233 | [0.11] | -0.001295852326415354
-0.3739422857761383 | [0.12] | -0.0014349159184468916
-0.36358049511909485 | [0.12] | -0.0015521803696920203
-0.35418638586997986 | [0.13] | -0.0016435952885916968
-0.34581658244132996 | [0.13] | -0.0017060055873385585
-0.33852189779281616 | [0.13] | -0.0017372227327042723
-0.3323473632335663 | [0.13] | -0.0017360727485006104
-0.32733213901519775 | [0.13] | -0.0017024287733853928
-0.3235096037387848 | [0.13] | -0.0016372218775801374
-0.3209072947502136 | [0.12] | -0.001542437649230945
-0.3195469379425049 | [0.12] | -0.0014210927446005408
-0.31944432854652405 | [0.11] | -0.0012771961649759925
-0.3206094205379486 | [0.11] | -0.0011156864388547564
-0.32304611802101135 | [0.1] | -0.0009423547820103152
-0.326752245426178 | [0.09] | -0.0007637428374272382
-0.331719309091568 | [0.08] | -0.0005870218329721244
-0.33793237805366516 | [0.06] | -0.0004198468110058996
-0.3453698456287384 | [0.05] | -0.0002701901412458171
-0.35400328040122986 | [0.04] | -0.00014615275214866795
-0.3637971580028534 | [0.02] | -5.575828870734304e-05
-0.37470874190330505 | [0.01] | -6.730933664098968e-06
-0.3866879343986511 | [-0.01] | -6.264842010483235e-06
-0.39967718720436096 | [-0.02] | -6.079074419728665e-05
-0.41361159086227417 | [-0.04] | -0.00017574886960392556
-0.4284188747406006 | [-0.06] | -0.00035537660261005004
-0.44401979446411133 | [-0.08] | -0.0006025228254841414
-0.4603283107280731 | [-0.1] | -0.000918494464220323
-0.4772522747516632 | [-0.11] | -0.0013029513714419595
-0.49469393491744995 | [-0.13] | -0.0017538470041413745
-0.5125507712364197 | [-0.15] | -0.002267429616335553
-0.5307163000106812 | [-0.17] | -0.0028382955062857076
-0.5490812063217163 | [-0.19] | -0.0034595065118072227
-0.5675341486930847 | [-0.2] | -0.004122745679365716
-0.5859630703926086 | [-0.22] | -0.004818530370268199
-0.604256272315979 | [-0.24] | -0.0055364533244559545
-0.6223033666610718 | [-0.25] | -0.006265438333240465
-0.6399964094161987 | [-0.26] | -0.006994018438961392
-0.657230794429779 | [-0.28] | -0.007710603422278144
-0.6739060878753662 | [-0.29] | -0.008403739993499415
-0.6899267435073853 | [-0.3] | -0.009062350690853229
-0.7052026391029358 | [-0.31] | -0.00967594446309211
-0.7196494936943054 | [-0.32] | -0.010234799006142183
-0.7331891655921936 | [-0.33] | -0.010730112922419252
-0.7457497715950012 | [-0.33] | -0.01115412556530969
-0.7572658658027649 | [-0.34] | -0.011500218606749914
-0.7676782011985779 | [-0.34] | -0.011762974636565109
-0.7769336104393005 | [-0.35] | -0.011938226913353715
-0.7849850058555603 | [-0.35] | -0.012023103609450792
-0.7917909622192383 | [-0.35] | -0.012016035613412872
-0.7973155379295349 | [-0.35] | -0.011916770410219059
-0.8015280961990356 | [-0.34] | -0.011726377183543371
-0.8044030666351318 | [-0.34] | -0.011447240596809988
-0.8059199452400208 | [-0.33] | -0.011083059295916145
-0.8060629963874817 | [-0.33] | -0.010638815203394355
-0.8048214316368103 | [-0.32] | -0.010120757810628787
-0.8021893501281738 | [-0.31] | -0.009536356541340094
-0.7981659173965454 | [-0.3] | -0.008894245994674848
-0.792755663394928 | [-0.29] | -0.008204152231388909
-0.7859687209129333 | [-0.27] | -0.0074767858655976575
-0.7778211236000061 | [-0.26] | -0.006723706486642513
-0.7683353424072266 | [-0.24] | -0.005957163614416037
-0.7575407028198242 | [-0.23] | -0.005189893552449446
-0.7454737424850464 | [-0.21] | -0.004434880202345191
-0.732178807258606 | [-0.19] | -0.00370509225325783
-0.7177083492279053 | [-0.17] | -0.0030131813877383546
-0.7021233439445496 | [-0.15] | -0.002371166722636806
-0.6854934692382812 | [-0.13] | -0.0017901037294057428
-0.6678972840309143 | [-0.11] | -0.001279760060827599
-0.6494219899177551 | [-0.09] | -0.0008483037061399927
-0.6301634311676025 | [-0.07] | -0.0005020340259115043
-0.6102254986763 | [-0.05] | -0.0002451554458321326
-0.5897194147109985 | [-0.03] | -7.961984242533794e-05
-0.5687629580497742 | [-0.01] | -5.047405273246312e-06
-0.547479510307312 | [0.01] | -1.873008806177832e-05
-0.5259965658187866 | [0.03] | -0.00011572141498251683
-0.5044445991516113 | [0.05] | -0.00028901017056076655
-0.48295557498931885 | [0.07] | -0.000529767126545963
-0.4616614282131195 | [0.09] | -0.0008276518671416433
-0.4406926929950714 | [0.11] | -0.0011711621012608223
-0.42017704248428345 | [0.12] | -0.0015480077827507437
-0.400238037109375 | [0.14] | -0.001945489954282127
-0.3809940218925476 | [0.15] | -0.002350867558303415
-0.36255723237991333 | [0.17] | -0.0027516971017376214
-0.3450329899787903 | [0.18] | -0.003136139362449806
-0.32851922512054443 | [0.19] | -0.003493218925126062
-0.31310608983039856 | [0.2] | -0.003813043292362168
-0.2988758981227875 | [0.2] | -0.004086972585030778
-0.28590309619903564 | [0.21] | -0.004307752758198933
-0.27425438165664673 | [0.21] | -0.004469613166597296
-0.26398906111717224 | [0.21] | -0.004568329893060145
-0.2551592290401459 | [0.21] | -0.00460127415296812
-0.2478102743625641 | [0.21] | -0.00456743222699976
-0.2419811189174652 | [0.21] | -0.004467420684723991
-0.23770460486412048 | [0.21] | -0.004303483974376068
-0.23500774800777435 | [0.2] | -0.00407948421834864
-0.2339119166135788 | [0.19] | -0.0038008798385826183
-0.23443295061588287 | [0.19] | -0.0034746889381345237
-0.23658116161823273 | [0.18] | -0.003109435439047194
-0.24036118388175964 | [0.16] | -0.0027150734683969203
-0.24577178061008453 | [0.15] | -0.0023028802870124205
-0.2528054416179657 | [0.14] | -0.0018853167510460977
-0.261447936296463 | [0.12] | -0.001475843970169397
-0.2716778516769409 | [0.1] | -0.0010886914871713902
-0.2834658622741699 | [0.09] | -0.0007385799726660591
-0.2967741787433624 | [0.07] | -0.0004403873817540336
-0.3115558624267578 | [0.05] | -0.00020877013465317362
-0.3277541995048523 | [0.02] | -5.7741586946049694e-05
-0.3453022837638855 | [0.] | -2.2128087422447485e-07
-0.36412250995635986 | [-0.02] | -4.757338864999947e-05
-0.3841263949871063 | [-0.05] | -0.00020915272190343825
-0.40521466732025146 | [-0.07] | -0.0004918862047986949
-0.42727747559547424 | [-0.09] | -0.0008999140047987811
-0.45019498467445374 | [-0.12] | -0.0014343181507718882
-0.4738382399082184 | [-0.14] | -0.002092959028579869
-0.49807029962539673 | [-0.17] | -0.0028704358101179304
-0.5227477550506592 | [-0.19] | -0.0037581846058984433
-0.5477223992347717 | [-0.22] | -0.004744704526201759
-0.5728430151939392 | [-0.24] | -0.005815901961382876
-0.5979573726654053 | [-0.26] | -0.0069555357578045904
-0.6229142546653748 | [-0.29] | -0.008145733471601356
-0.6475653648376465 | [-0.31] | -0.009367541562619748
-0.6717671155929565 | [-0.33] | -0.010601479337244885
-0.6953822374343872 | [-0.34] | -0.011828068779636686
-0.7182811498641968 | [-0.36] | -0.013028310729089011
-0.7403429746627808 | [-0.38] | -0.014184089100718068
-0.7614562511444092 | [-0.39] | -0.015278493765466652
-0.7815195322036743 | [-0.4] | -0.016296072156788004
-0.8004412651062012 | [-0.42] | -0.01722297625029008
-0.8181397914886475 | [-0.42] | -0.01804706393609674
-0.8345429301261902 | [-0.43] | -0.018757932865693862
-0.8495874404907227 | [-0.44] | -0.019346912879254215
-0.8632183074951172 | [-0.45] | -0.019807029551758407
-0.875387966632843 | [-0.45] | -0.020132952851625786
-0.8860554695129395 | [-0.45] | -0.020320942247831313
-0.895185649394989 | [-0.45] | -0.020368796459289934
-0.9027482867240906 | [-0.45] | -0.020275813158740812
-0.9087174534797668 | [-0.45] | -0.020042773129099047
-0.913070797920227 | [-0.44] | -0.019671932378701316
-0.9157891273498535 | [-0.44] | -0.019167046302779125
-0.9168559312820435 | [-0.43] | -0.01853339615025102
-0.9162572026252747 | [-0.42] | -0.01777783927337757
-0.9139813184738159 | [-0.41] | -0.016908858780761073
-0.9100192785263062 | [-0.4] | -0.015936626756461097
-0.9043647646903992 | [-0.39] | -0.01487303102836255
-0.8970147371292114 | [-0.37] | -0.013731708355475804
-0.8879700303077698 | [-0.35] | -0.012528030634697429
-0.8772361278533936 | [-0.34] | -0.0112790459971525
-0.8648239970207214 | [-0.32] | -0.010003354663534378
-0.8507512211799622 | [-0.3] | -0.008720922743860642
-0.8350431323051453 | [-0.27] | -0.007452806682422802
-0.8177340030670166 | [-0.25] | -0.0062207853080664555
-0.7988683581352234 | [-0.22] | -0.005046905393682889
-0.7785019278526306 | [-0.2] | -0.003952923054781384
-0.7567028999328613 | [-0.17] | -0.002959691042792584
-0.7335526943206787 | [-0.14] | -0.0020864785771226
-0.7091466188430786 | [-0.12] | -0.0013502776792835862
-0.6835939884185791 | [-0.09] | -0.0007651237706772795
-0.6570181250572205 | [-0.06] | -0.00034148868255635457
-0.6295557618141174 | [-0.03] | -8.578151295910223e-05
-0.6013559699058533 | [-0.] | -4.907338439828188e-09
-0.5725786089897156 | [0.03] | -8.160142625527174e-05
-0.5433923602104187 | [0.06] | -0.0003235103550437657
-0.5139724612236023 | [0.08] | -0.0007144355455647729
-0.48449796438217163 | [0.11] | -0.0012393107538623029
-0.4551490545272827 | [0.14] | -0.0018799251627454544
-0.42610424757003784 | [0.16] | -0.0026156643390136507
-0.3975376784801483 | [0.19] | -0.003424309793660834
-0.36961662769317627 | [0.21] | -0.004282842983123648
-0.34249937534332275 | [0.23] | -0.005168203151925255
-0.316333532333374 | [0.25] | -0.006057952526008709
-0.2912547290325165 | [0.26] | -0.006930834386269515
-0.26738590002059937 | [0.28] | -0.007767196219983188
-0.24483691155910492 | [0.29] | -0.008549293537681
-0.2237047255039215 | [0.3] | -0.009261472086155869
-0.20407387614250183 | [0.31] | -0.009890255596504543
-0.1860172301530838 | [0.32] | -0.01042435784598328
-0.16959699988365173 | [0.33] | -0.010854642941350237
-0.15486590564250946 | [0.33] | -0.01117405361025884
-0.14186841249465942 | [0.34] | -0.011377528845027835
-0.13064192235469818 | [0.34] | -0.011461928621524738
-0.12121804058551788 | [0.34] | -0.011425966187647062
-0.11362363398075104 | [0.34] | -0.011270171758209891
-0.1078818216919899 | [0.33] | -0.010996879268846663
-0.10401278734207153 | [0.33] | -0.010610240792761193
-0.10203442722558975 | [0.32] | -0.010116267235747765
-0.10196276754140854 | [0.31] | -0.00952289059389914
-0.10381216555833817 | [0.3] | -0.008840039786773871
-0.10759531706571579 | [0.28] | -0.00807971774241762
-0.11332298815250397 | [0.27] | -0.007256071402959171
-0.12100351601839066 | [0.25] | -0.006385436035055985
-0.1306420862674713 | [0.23] | -0.005486336235368695
-0.1422397494316101 | [0.21] | -0.004579425733638661
-0.155792236328125 | [0.19] | -0.0036873428886532488
-0.17128856480121613 | [0.17] | -0.00283446269588392
-0.18870948255062103 | [0.14] | -0.0020465264715525803
-0.20802578330039978 | [0.12] | -0.0013501352208736166
-0.22919654846191406 | [0.09] | -0.0007721015379147332
-0.2521674633026123 | [0.06] | -0.0003386632806821421
-0.27686917781829834 | [0.03] | -7.457916406135942e-05
-0.30321598052978516 | [-0.] | -2.142265332818465e-06
-0.3311047852039337 | [-0.04] | -0.0001401633438660362
-0.3604145646095276 | [-0.07] | -0.0005029920250064996
-0.3910062909126282 | [-0.1] | -0.0010996518063791179
-0.4227237403392792 | [-0.14] | -0.0019331730847338545
-0.45539480447769165 | [-0.17] | -0.0030001940350205744
-0.4888336658477783 | [-0.21] | -0.004290887240841519
-0.5228434801101685 | [-0.24] | -0.005789236132885519
-0.557219922542572 | [-0.27] | -0.007473662081255494
-0.591754674911499 | [-0.31] | -0.009317937524508935
-0.6262397170066833 | [-0.34] | -0.01129234363333466
-0.6604710817337036 | [-0.37] | -0.01336493601348905
-0.6942529082298279 | [-0.39] | -0.015502855487276923
-0.7274006009101868 | [-0.42] | -0.01767353070888939
-0.759743869304657 | [-0.45] | -0.019845748692861907
-0.7911286950111389 | [-0.47] | -0.021990480278296008
-0.8214190602302551 | [-0.49] | -0.024081494124957595
-0.8504974246025085 | [-0.51] | -0.026095691321442904
-0.878264844417572 | [-0.53] | -0.02801323833929937
-0.9046403765678406 | [-0.55] | -0.02981750722577957
-0.9295601844787598 | [-0.56] | -0.03149489752400757
-0.952975869178772 | [-0.57] | -0.03303452172887986
-0.9748529195785522 | [-0.59] | -0.034427877780504976
-0.9951687455177307 | [-0.6] | -0.035668471241145194
-1.0139107704162598 | [-0.61] | -0.03675146711147707
-1.0310746431350708 | [-0.61] | -0.03767337024299118
-1.0466620922088623 | [-0.62] | -0.038431703167222137
-1.0606794357299805 | [-0.62] | -0.03902478532805642
-1.0731358528137207 | [-0.63] | -0.03945151951896183
-1.084041953086853 | [-0.63] | -0.03971123928352996
-1.0934085845947266 | [-0.63] | -0.03980361424231752
-1.101245641708374 | [-0.63] | -0.039728577090094454
-1.1075608730316162 | [-0.63] | -0.03948627491560683
-1.1123595237731934 | [-0.63] | -0.03907713856063444
-1.1156435012817383 | [-0.62] | -0.03850191798235406
-1.1174107789993286 | [-0.61] | -0.03776176598633968
-1.1176550388336182 | [-0.61] | -0.0368583694776956
-1.116365671157837 | [-0.6] | -0.03579414033470478
-1.1135272979736328 | [-0.59] | -0.03457237389226202
-1.10912024974823 | [-0.58] | -0.03319752829368561
-1.1031204462051392 | [-0.56] | -0.03167545362312667
-1.0954999923706055 | [-0.55] | -0.03001370674223615
-1.086227536201477 | [-0.53] | -0.02822184076423319
-1.0752689838409424 | [-0.51] | -0.02631172236118974
-1.0625888109207153 | [-0.49] | -0.024297880167283514
-1.048150658607483 | [-0.47] | -0.02219773773542475
-1.031919240951538 | [-0.45] | -0.020031900946843453
-1.0138617753982544 | [-0.42] | -0.017824295899489324
-0.9939500689506531 | [-0.39] | -0.01560223394991625
-0.9721627235412598 | [-0.37] | -0.013396305680800698
-0.9484874606132507 | [-0.34] | -0.011240083932618381
-0.9229239225387573 | [-0.3] | -0.009169614831800116
-0.8954862952232361 | [-0.27] | -0.007222637948591681
-0.8662062883377075 | [-0.23] | -0.005437559220670612
-0.8351356387138367 | [-0.2] | -0.0038521463310637882
-0.8023484945297241 | [-0.16] | -0.0025020232120019155
-0.767943263053894 | [-0.12] | -0.0014190241002349537
-0.7320439219474792 | [-0.08] | -0.0006295268976566131
-0.6948001384735107 | [-0.04] | -0.0001528910235440943
-0.6563867330551147 | [0.] | -1.7398222594660588e-07
-0.6170015335083008 | [0.04] | -0.00017325979339502388
-0.5768625140190125 | [0.08] | -0.0006645305247874102
-0.5362034440040588 | [0.12] | -0.0014571433923159086
-0.4952687919139862 | [0.16] | -0.0025259155528608
-0.4543079733848572 | [0.2] | -0.0038387356648098754
-0.41356921195983887 | [0.23] | -0.005358369241689745
-0.37329354882240295 | [0.27] | -0.0070444665910187184
-0.3337092399597168 | [0.3] | -0.008855578888086068
-0.2950269281864166 | [0.33] | -0.010751007248165023
-0.2574358582496643 | [0.36] | -0.012692336694626409
-0.22110114991664886 | [0.38] | -0.014644588670884758
-0.1861623227596283 | [0.41] | -0.016576951562533505
-0.15273292362689972 | [0.43] | -0.018463123112453125
-0.12090112268924713 | [0.45] | -0.02028133327179275
-0.09073115140199661 | [0.47] | -0.022014097285799752
-0.06226534768939018 | [0.49] | -0.02364781550460429
-0.03552662208676338 | [0.5] | -0.02517226253935417
-0.010521131567656994 | [0.52] | -0.026580050386043053
0.012758942320942879 | [0.53] | -0.02786609074214008
0.034332673996686935 | [0.54] | -0.029027102783770155
0.0542278066277504 | [0.55] | -0.030061171406222303
0.07247836887836456 | [0.56] | -0.030967371130757315
0.08912251889705658 | [0.56] | -0.0317454521525975
0.10420064628124237 | [0.57] | -0.03239558601506059
0.11775368452072144 | [0.57] | -0.032918162281674754
0.12982171773910522 | [0.58] | -0.03331364092595228
0.14044274389743805 | [0.58] | -0.03358243903776323
0.1496516466140747 | [0.58] | -0.03372485270354133
0.1574794054031372 | [0.58] | -0.033741022510917665
0.1639523059129715 | [0.58] | -0.033630906348491495
0.16909144818782806 | [0.58] | -0.03339430106875071
0.17291222512722015 | [0.57] | -0.03303087228578825
0.1754239797592163 | [0.57] | -0.03254021919070104
0.1766296774148941 | [0.56] | -0.03192195848901833
0.17652571201324463 | [0.56] | -0.031175842271053834
0.17510172724723816 | [0.55] | -0.030301900145807414
0.172340527176857 | [0.54] | -0.02930061641990371
0.16821803152561188 | [0.53] | -0.028173139433138917
0.16270336508750916 | [0.52] | -0.026921534829417157
0.15575893223285675 | [0.51] | -0.025549068176678125
0.14734068512916565 | [0.49] | -0.024060537563975887
0.13739849627017975 | [0.47] | -0.022462642897515057
0.12587662041187286 | [0.46] | -0.020764388303359922
0.11271440982818604 | [0.44] | -0.01897751742884475
0.09784721583127975 | [0.41] | -0.017116964843864182
0.08120755106210709 | [0.39] | -0.015201302068429604
0.06272654235363007 | [0.36] | -0.01325315612370347
0.042335741221904755 | [0.34] | -0.011299558644022357
0.01996929943561554 | [0.31] | -0.009372179790807482
-0.004433447029441595 | [0.27] | -0.0075073897349633364
-0.030924977734684944 | [0.24] | -0.00574608167547645
-0.05954619497060776 | [0.2] | -0.004133184456409382
-0.09032267332077026 | [0.16] | -0.002716800660502188
-0.12326069176197052 | [0.12] | -0.0015469211570627382
-0.15834316611289978 | [0.08] | -0.0006736928977737598
-0.19552572071552277 | [0.04] | -0.000145268438779024
-0.2347331941127777 | [-0.01] | -5.325027993805775e-06
-0.27585694193840027 | [-0.05] | -0.0002904132692695667
-0.318753182888031 | [-0.1] | -0.0010273672266729165
-0.3632429242134094 | [-0.15] | -0.002231060178636429
-0.4091135263442993 | [-0.2] | -0.0039028058228724478
-0.4561223089694977 | [-0.25] | -0.006029679918393412
-0.504002034664154 | [-0.29] | -0.00858493457732702
-0.5524681806564331 | [-0.34] | -0.011529561090726679
-0.6012274026870728 | [-0.38] | -0.014814860472618664
-0.649986982345581 | [-0.43] | -0.018385770203495026
-0.6984643936157227 | [-0.47] | -0.022184577265379785
-0.7463961839675903 | [-0.51] | -0.026154571705582164
-0.7935457825660706 | [-0.55] | -0.030243301829487004
-0.8397098183631897 | [-0.59] | -0.03440515223810075
-0.8847225904464722 | [-0.62] | -0.038603130180899246
-0.9284584522247314 | [-0.65] | -0.042809805744931075
-0.9708327054977417 | [-0.69] | -0.04700758226930433
-1.011800765991211 | [-0.72] | -0.05118841110365509
-1.0513560771942139 | [-0.74] | -0.05535314076413994
-1.0895276069641113 | [-0.77] | -0.059510769218939885
-1.1263763904571533 | [-0.8] | -0.06367761317373183
-1.1619923114776611 | [-0.82] | -0.06787662631849505
-1.1964908838272095 | [-0.85] | -0.07213689802257144
-1.2000000476837158 | [-0.68] | -0.046240005836487
-1.1987781524658203 | [-0.67] | -0.045264753890356675
-1.1963194608688354 | [-0.66] | -0.04414197674491174
-1.1926034688949585 | [-0.65] | -0.04287145576211628
-1.1876037120819092 | [-0.64] | -0.04145356964046465
-1.181288242340088 | [-0.63] | -0.03988958015655415
-1.1736197471618652 | [-0.62] | -0.0381818982816071
-1.1645557880401611 | [-0.6] | -0.036334387899570934
-1.154049277305603 | [-0.59] | -0.03435271300918246
-1.1420493125915527 | [-0.57] | -0.032244736245312364
-1.1285016536712646 | [-0.55] | -0.030020876067387514
-1.1133497953414917 | [-0.53] | -0.02769451315664706
-1.09653639793396 | [-0.5] | -0.02528239057146698
-1.0780045986175537 | [-0.48] | -0.022804938060370664
-1.0576997995376587 | [-0.45] | -0.020286536451193563
-1.035571813583374 | [-0.42] | -0.017755674974990452
-1.0115774869918823 | [-0.39] | -0.015244952659804568
-0.985683023929596 | [-0.36] | -0.012790815734665218
-0.9578675031661987 | [-0.32] | -0.010433100420296106
-0.9281257390975952 | [-0.29] | -0.008214198108445703
-0.8964716792106628 | [-0.25] | -0.006177917771209724
-0.8629416823387146 | [-0.21] | -0.0043679998582619095
-0.8275974988937378 | [-0.17] | -0.0028263287916093175
-0.7905286550521851 | [-0.13] | -0.0015909210626392709
-0.7518543004989624 | [-0.08] | -0.0006938384761009507
-0.7117236256599426 | [-0.04] | -0.0001591844511210694
-0.6703155636787415 | [0.] | -1.4108969599678004e-06
-0.6278367042541504 | [0.05] | -0.00022411969738924927
-0.5845177173614502 | [0.09] | -0.0008195491075132296
-0.5406085848808289 | [0.13] | -0.0017688441073898987
-0.49637243151664734 | [0.17] | -0.0030431233848411
-0.45207858085632324 | [0.21] | -0.004605249732836692
-0.4079951345920563 | [0.25] | -0.006412116499996988
-0.3643816113471985 | [0.29] | -0.008417202089608139
-0.3214821517467499 | [0.33] | -0.010573123584312588
-0.27951961755752563 | [0.36] | -0.012833949087577423
-0.238691046833992 | [0.39] | -0.015157074309888744
-0.199164479970932 | [0.42] | -0.017504585841635233
-0.16107720136642456 | [0.45] | -0.019844076950217428
-0.1245354637503624 | [0.47] | -0.022148953977198918
-0.08961533010005951 | [0.49] | -0.024398349312924235
-0.056364476680755615 | [0.52] | -0.026576730215287555
-0.024804677814245224 | [0.54] | -0.028673324462084378
0.00506525207310915 | [0.55] | -0.030681448417947583
0.033266332000494 | [0.57] | -0.03259783107469976
0.05983626842498779 | [0.59] | -0.03442196275689798
0.08482643216848373 | [0.6] | -0.03615552052119549
0.10829905420541763 | [0.61] | -0.03780186952174511
0.13032470643520355 | [0.63] | -0.03936565267276767
0.150980144739151 | [0.64] | -0.0408524674340438
0.1703464239835739 | [0.65] | -0.04226861032099749
0.1885073184967041 | [0.66] | -0.04362088107363415
0.20554813742637634 | [0.67] | -0.04491645420888135
0.2215546816587448 | [0.68] | -0.04616277917948646
0.23661257326602936 | [0.69] | -0.04736753373239094
0.25080665946006775 | [0.7] | -0.04853858624697059
0.2642206847667694 | [0.7] | -0.04968399839973346
0.2769371271133423 | [0.71] | -0.050812045957775435
0.28903713822364807 | [0.72] | -0.05193125386032578
0.30060049891471863 | [0.73] | -0.053050436863844364
0.31170591711997986 | [0.74] | -0.05417878466115066
0.32243111729621887 | [0.74] | -0.05532592623333006
0.33285319805145264 | [0.75] | -0.0565020337671959
0.343049019575119 | [0.76] | -0.057717942141574156
0.35309556126594543 | [0.77] | -0.058985270866613086
0.36307039856910706 | [0.78] | -0.0603165818793776
0.3730522096157074 | [0.79] | -0.061725552905127545
0.38312140107154846 | [0.8] | -0.06322719321819313
0.3933606743812561 | [0.81] | -0.06483807861540522
0.40385565161705017 | [0.82] | -0.06657662059662937
0.4146956503391266 | [0.83] | -0.06846340393657376
0.4259744882583618 | [0.84] | -0.0705215670178503
0.43779122829437256 | [0.85] | 99.92722276417318
Total reward: 93.10854031464397
0.9, 5.0, 0.4
parameter ends

state | action | reward
[-0.48] | [-0.03] | -9.02120801007278e-05
-0.4782043695449829 | [-0.03] | -0.0001044622537966539
-0.47897958755493164 | [-0.03] | -0.00012220446506485942
-0.48014089465141296 | [-0.04] | -0.00014389384226064429
-0.4816841185092926 | [-0.04] | -0.00017000614069801246
-0.48360270261764526 | [-0.04] | -0.00020102153938641152
-0.4858877956867218 | [-0.05] | -0.00023740799720403855
-0.48852822184562683 | [-0.05] | -0.00027960295336301575
-0.4915105104446411 | [-0.06] | -0.00032799510607439144
-0.4948189854621887 | [-0.06] | -0.00038290685382401076
-0.4984358549118042 | [-0.07] | -0.00044457754019629924
-0.5023412704467773 | [-0.07] | -0.0005131474471865765
-0.5065134763717651 | [-0.08] | -0.0005886444815011518
-0.5109288692474365 | [-0.08] | -0.0006709717486964796
-0.515562117099762 | [-0.09] | -0.0007598982397199935
-0.5203863978385925 | [-0.09] | -0.0008550540276832417
-0.5253734588623047 | [-0.1] | -0.0009559259757194842
-0.5304938554763794 | [-0.1] | -0.0010618593548692502
-0.5357171297073364 | [-0.11] | -0.0011720619254639434
-0.5410119295120239 | [-0.11] | -0.0012856102487423255
-0.5463462471961975 | [-0.12] | -0.0014014612736907193
-0.5516877174377441 | [-0.12] | -0.001518468639291305
-0.5570035576820374 | [-0.13] | -0.0016353939402114475
-0.5622611045837402 | [-0.13] | -0.001750933655426779
-0.5674278140068054 | [-0.14] | -0.0018637361387747
-0.572471559047699 | [-0.14] | -0.00197242716460141
-0.5773607492446899 | [-0.14] | -0.0020756323607633797
-0.5820645689964294 | [-0.15] | -0.002172003129908532
-0.5865532159805298 | [-0.15] | -0.0022602428557046083
-0.590798020362854 | [-0.15] | -0.002339129822479555
-0.5947716236114502 | [-0.16] | -0.0024075405259829604
-0.5984482169151306 | [-0.16] | -0.0024644735317592478
-0.6018036603927612 | [-0.16] | -0.0025090683395510033
-0.6048154830932617 | [-0.16] | -0.002540618577815226
-0.6074633002281189 | [-0.16] | -0.002558594837837061
-0.6097286939620972 | [-0.16] | -0.002562649062668155
-0.6115953922271729 | [-0.16] | -0.002552624840947722
-0.6130493879318237 | [-0.16] | -0.002528562652390645
-0.6140790581703186 | [-0.16] | -0.0024907019032648515
-0.6146751642227173 | [-0.16] | -0.0024394760785315843
-0.6148309707641602 | [-0.15] | -0.0023755080397900715
-0.6145422458648682 | [-0.15] | -0.002299598692935228
-0.6138073205947876 | [-0.15] | -0.0022127142357533194
-0.6126272082328796 | [-0.15] | -0.0021159719443847222
-0.6110054850578308 | [-0.14] | -0.0020106168164994334
-0.6089483499526978 | [-0.14] | -0.00189800086959862
-0.6064647436141968 | [-0.13] | -0.0017795617479801542
-0.6035661101341248 | [-0.13] | -0.001656790693826197
-0.6002665162086487 | [-0.12] | -0.001531208941284089
-0.5965825915336609 | [-0.12] | -0.0014043388129674874
-0.5925334095954895 | [-0.11] | -0.00127767410899704
-0.5881404876708984 | [-0.11] | -0.0011526537389420816
-0.5834275484085083 | [-0.1] | -0.001030632258297288
-0.5784205794334412 | [-0.1] | -0.0009128586577599121
-0.5731475949287415 | [-0.09] | -0.0008004517023099076
-0.5676385760307312 | [-0.08] | -0.0006943824673447859
-0.5619252324104309 | [-0.08] | -0.0005954574007553462
-0.5560408234596252 | [-0.07] | -0.0005043071226042001
-0.5500199794769287 | [-0.06] | -0.0004213798563054904
-0.5438985824584961 | [-0.06] | -0.0003469400334455092
-0.537713348865509 | [-0.05] | -0.0002810685112944661
-0.531501829624176 | [-0.05] | -0.000223672324430916
-0.525301992893219 | [-0.04] | -0.00017449437447697558
-0.519152045249939 | [-0.04] | -0.0001331300833790219
-0.5130901336669922 | [-0.03] | -9.9046627344299e-05
-0.5071542263031006 | [-0.03] | -7.160657143919748e-05
-0.5013817548751831 | [-0.02] | -5.0092244438538896e-05
-0.4958093762397766 | [-0.02] | -3.373296492507928e-05
-0.4904727339744568 | [-0.01] | -2.173325399844875e-05
-0.48540621995925903 | [-0.01] | -1.330121285799261e-05
-0.48064282536506653 | [-0.01] | -7.676600395543995e-06
-0.47621387243270874 | [-0.01] | -4.157243946544392e-06
-0.4721487760543823 | [-0.] | -2.1237310029639503e-06
-0.4684749245643616 | [-0.] | -1.061596761354725e-06
-0.4652175009250641 | [-0.] | -5.801864487118365e-07
-0.46239933371543884 | [-0.] | -4.27887155364016e-07
-0.4600406885147095 | [-0.] | -5.032773325519535e-07
-0.4581592082977295 | [-0.] | -8.61944936115909e-07
-0.45676979422569275 | [-0.] | -1.7186724013809693e-06
-0.4558844566345215 | [-0.01] | -3.4448778420951524e-06
-0.45551228523254395 | [-0.01] | -6.561375617173755e-06
-0.4556593894958496 | [-0.01] | -1.1726515033640232e-05
-0.45632874965667725 | [-0.01] | -1.971965388881602e-05
-0.4575202763080597 | [-0.02] | -3.142075300492345e-05
-0.4592307507991791 | [-0.02] | -4.7786035744046035e-05
-0.46145376563072205 | [-0.03] | -6.982018081791201e-05
-0.4641798138618469 | [-0.03] | -9.854633101375245e-05
-0.46739622950553894 | [-0.04] | -0.00013497345515194398
-0.4710872769355774 | [-0.04] | -0.0001800630871129187
-0.47523418068885803 | [-0.05] | -0.00023469522819288534
-0.4798152446746826 | [-0.05] | -0.00029963543583004894
-0.4848058223724365 | [-0.06] | -0.0003755017037417759
-0.4901786148548126 | [-0.07] | -0.0004627366391822453
-0.4959036707878113 | [-0.07] | -0.000561580000210815
-0.5019485950469971 | [-0.08] | -0.000672047198569291
-0.5082787871360779 | [-0.09] | -0.0007939132248015853
-0.5148574709892273 | [-0.1] | -0.0009266985855707955
-0.5216461420059204 | [-0.1] | -0.001069667654078383
-0.5286045670509338 | [-0.11] | -0.001221825834473827
-0.5356912612915039 | [-0.12] | -0.0013819311281906162
-0.5428636074066162 | [-0.12] | -0.001548505905691456
-0.5500782132148743 | [-0.13] | -0.0017198587694189
-0.5572911500930786 | [-0.14] | -0.0018941100455034177
-0.5644582509994507 | [-0.14] | -0.0020692231778296254
-0.5715354681015015 | [-0.15] | -0.0022430425872635657
-0.5784790515899658 | [-0.16] | -0.0024133297646498665
-0.5852459073066711 | [-0.16] | -0.002577807371709883
-0.5917938351631165 | [-0.17] | -0.002734201311648884
-0.5980818867683411 | [-0.17] | -0.0028802874318647914
-0.6040705442428589 | [-0.17] | -0.0030139325212996337
-0.6097218990325928 | [-0.18] | -0.00313313428582003
-0.6150000095367432 | [-0.18] | -0.003236064999452774
-0.6198710203170776 | [-0.18] | -0.003321105146995353
-0.6243033409118652 | [-0.18] | -0.003386875217088327
-0.6282678842544556 | [-0.19] | -0.003432266212084657
-0.6317381262779236 | [-0.19] | -0.003456459323231019
-0.6346903443336487 | [-0.19] | -0.0034589472229367454
-0.6371036767959595 | [-0.19] | -0.00343954402965509
-0.6389603018760681 | [-0.18] | -0.003398394070880729
-0.6402453780174255 | [-0.18] | -0.003335966965892964
-0.6409473419189453 | [-0.18] | -0.0032530593714637556
-0.6410577893257141 | [-0.18] | -0.003150776999484786
-0.640571653842926 | [-0.17] | -0.003030521111465392
-0.6394872665405273 | [-0.17] | -0.002893965517891842
-0.6378062963485718 | [-0.17] | -0.0027430247862719674
-0.63553386926651 | [-0.16] | -0.002579823429797957
-0.6326785087585449 | [-0.16] | -0.002406655208306538
-0.6292523145675659 | [-0.15] | -0.0022259457303118457
-0.6252707242965698 | [-0.14] | -0.002040200142369992
-0.6207525730133057 | [-0.14] | -0.0018519576969035256
-0.6157202124595642 | [-0.13] | -0.0016637458972727616
-0.6101991534233093 | [-0.12] | -0.0014780230385654726
-0.6042182445526123 | [-0.11] | -0.0012971354056952997
-0.597809374332428 | [-0.11] | -0.0011232654080014757
-0.5910075306892395 | [-0.1] | -0.0009583915270111887
-0.5838503837585449 | [-0.09] | -0.0008042437591783518
-0.576378345489502 | [-0.08] | -0.0006622745048744734
-0.5686341524124146 | [-0.07] | -0.000533628106371254
-0.5606628060340881 | [-0.06] | -0.00041912444850971157
-0.5525111556053162 | [-0.06] | -0.00031924583505710724
-0.5442277193069458 | [-0.05] | -0.0002341365522432617
-0.5358622074127197 | [-0.04] | -0.00016360824203885414
-0.5274654030799866 | [-0.03] | -0.00010715789684155632
-0.5190887451171875 | [-0.03] | -6.399132302608119e-05
-0.510783851146698 | [-0.02] | -3.3054675952361256e-05
-0.5026022791862488 | [-0.01] | -1.3074382267213813e-05
-0.4945952594280243 | [-0.01] | -2.601628426954839e-06
-0.48681312799453735 | [0.] | -6.065114051556545e-08
-0.4793051779270172 | [0.01] | -3.8008710425258636e-06
-0.47211921215057373 | [0.01] | -1.2149777996609337e-05
-0.4653012752532959 | [0.02] | -2.346594230676995e-05
-0.45889535546302795 | [0.02] | -3.6190443451701206e-05
-0.4529431462287903 | [0.02] | -4.889530190580797e-05
-0.44748371839523315 | [0.02] | -6.032830288165182e-05
-0.4425533711910248 | [0.03] | -6.9452128799754e-05
-0.43818533420562744 | [0.03] | -7.547828702944798e-05
-0.4344097077846527 | [0.03] | -7.789322553639828e-05
-0.43125319480895996 | [0.03] | -7.647832706786644e-05
-0.42873895168304443 | [0.03] | -7.132164474643078e-05
-0.42688652873039246 | [0.03] | -6.282123954323334e-05
-0.4257117211818695 | [0.02] | -5.168089668529168e-05
-0.42522647976875305 | [0.02] | -3.889737912087978e-05
-0.4254387617111206 | [0.02] | -2.5739828147221e-05
-0.4263525903224945 | [0.01] | -1.3720583095096784e-05
-0.42796790599823 | [0.01] | -4.559401664331929e-06
-0.43028050661087036 | [0.] | -1.4029718763325456e-07
-0.43328213691711426 | [-0.] | -2.462159667907299e-06
-0.4369603097438812 | [-0.01] | -1.3584300737963757e-05
-0.4412984549999237 | [-0.02] | -3.556770050499802e-05
-0.44627588987350464 | [-0.03] | -7.04134783229482e-05
-0.45186787843704224 | [-0.03] | -0.0001200000066614909
-0.4580456614494324 | [-0.04] | -0.00018601989992479706
-0.4647766351699829 | [-0.05] | -0.00026991976464573153
-0.47202441096305847 | [-0.06] | -0.0003728427828773775
-0.47974905371665955 | [-0.07] | -0.000495578269183173
-0.48790720105171204 | [-0.08] | -0.0006385170125805589
-0.4964523911476135 | [-0.09] | -0.0008016178113172776
-0.50533527135849 | [-0.1] | -0.000984382777525757
-0.5145038962364197 | [-0.11] | -0.001185844480415325
-0.523904025554657 | [-0.12] | -0.0014045649756548651
-0.533479630947113 | [-0.13] | -0.0016386509386772748
-0.5431731939315796 | [-0.14] | -0.001885777266644339
-0.5529260039329529 | [-0.15] | -0.0021432211678041706
-0.5626787543296814 | [-0.16] | -0.002407914005568711
-0.5723718404769897 | [-0.16] | -0.002676495652414214
-0.5819458365440369 | [-0.17] | -0.0029453807734956157
-0.5913418531417847 | [-0.18] | -0.0032108278412498453
-0.600502073764801 | [-0.19] | -0.0034690187729613563
-0.6093699932098389 | [-0.19] | -0.003716130958685987
-0.6178908944129944 | [-0.2] | -0.003948417396849629
-0.6260120272636414 | [-0.2] | -0.0041622765699450125
-0.6336831450462341 | [-0.21] | -0.004354331577612916
-0.6408565640449524 | [-0.21] | -0.004521488748849909
-0.6474875211715698 | [-0.22] | -0.004661001790761066
-0.6535344123840332 | [-0.22] | -0.004770525714231934
-0.658958911895752 | [-0.22] | -0.004848159888378586
-0.6637261509895325 | [-0.22] | -0.004892485502909589
-0.6678048968315125 | [-0.22] | -0.004902595811449767
-0.6711676120758057 | [-0.22] | -0.00487811378355924
-0.673790693283081 | [-0.22] | -0.00481920811179081
-0.6756543517112732 | [-0.22] | -0.004726586654603113
-0.6767428517341614 | [-0.21] | -0.004601495752061142
-0.6770445108413696 | [-0.21] | -0.004445700874081314
-0.6765518188476562 | [-0.21] | -0.004261463265214833
-0.6752614378929138 | [-0.2] | -0.00405150292988323
-0.6731743812561035 | [-0.2] | -0.0038189596056131684
-0.6702958941459656 | [-0.19] | -0.003567334065806161
-0.6666356921195984 | [-0.18] | -0.0033004341612923975
-0.662207841873169 | [-0.17] | -0.0030223007998103264
-0.6570308804512024 | [-0.17] | -0.0027371358271621807
-0.651127815246582 | [-0.16] | -0.002449219932031274
-0.6445262432098389 | [-0.15] | -0.002162830519659985
-0.6372580528259277 | [-0.14] | -0.001882145542801192
-0.6293596029281616 | [-0.13] | -0.0016111612848214213
-0.6208716034889221 | [-0.12] | -0.0013536040937400407
-0.6118388772010803 | [-0.11] | -0.0011128444305869506
-0.602310299873352 | [-0.09] | -0.0008918236637397731
-0.592338502407074 | [-0.08] | -0.0006929853893679833
-0.5819796919822693 | [-0.07] | -0.0005182221374868746
-0.5712932348251343 | [-0.06] | -0.0003688331474003834
-0.5603413581848145 | [-0.05] | -0.00024550031323233103
-0.5491887927055359 | [-0.04] | -0.00014828067925849102
-0.537902295589447 | [-0.03] | -7.66155049317882e-05
-0.5265500545501709 | [-0.02] | -2.9356940460485053e-05
-0.5152013897895813 | [-0.01] | -4.8134443477726274e-06
-0.5039260983467102 | [0.] | -8.082418088018235e-07
-0.492794007062912 | [0.01] | -1.4752212620610134e-05
-0.48187440633773804 | [0.02] | -4.372726754674518e-05
-0.4712355434894562 | [0.03] | -8.45779737323616e-05
-0.46094417572021484 | [0.04] | -0.00013400786981608882
-0.4510650336742401 | [0.04] | -0.00018867841497278127
-0.44166046380996704 | [0.05] | -0.0002453064181911407
-0.43278998136520386 | [0.05] | -0.0003007587952487471
-0.4245099127292633 | [0.06] | -0.00035214120693953955
-0.41687309741973877 | [0.06] | -0.0003968790267705078
-0.4099286198616028 | [0.07] | -0.00043278858834347304
-0.40372154116630554 | [0.07] | -0.0004581387271138244
-0.39829277992248535 | [0.07] | -0.00047169912332005513
-0.39367881417274475 | [0.07] | -0.00047277925020653555
-0.38991162180900574 | [0.07] | -0.00046125193910033903
-0.3870185315608978 | [0.07] | -0.0004375654757163396
-0.3850221633911133 | [0.06] | -0.00040274171358490674
-0.3839402496814728 | [0.06] | -0.0003583626695036021
-0.383785605430603 | [0.06] | -0.00030654210830842016
-0.3845660090446472 | [0.05] | -0.0002498852213834075
-0.386284202337265 | [0.04] | -0.00019143421211881425
-0.38893774151802063 | [0.04] | -0.0001346029097560622
-0.3925189673900604 | [0.03] | -8.30983189474412e-05
-0.39701491594314575 | [0.02] | -4.083165657494391e-05
-0.40240728855133057 | [0.01] | -1.1819250842929181e-05
-0.40867239236831665 | [0.] | -7.557955666670888e-08
-0.415781170129776 | [-0.01] | -9.500156063192074e-06
-0.42369917035102844 | [-0.02] | -4.376130624997193e-05
-0.4323866069316864 | [-0.03] | -0.00010617948898098175
-0.44179850816726685 | [-0.04] | -0.0001996143705549602
-0.45188480615615845 | [-0.06] | -0.0003263584641867609
-0.4625905156135559 | [-0.07] | -0.00048804146780930294
-0.47385603189468384 | [-0.08] | -0.000685549814045786
-0.48561742901802063 | [-0.1] | -0.0009189641118284922
-0.4978068470954895 | [-0.11] | -0.0011875175909346035
-0.5103529691696167 | [-0.12] | -0.0014895793521265354
-0.5231814980506897 | [-0.14] | -0.0018226606735608207
-0.5362156629562378 | [-0.15] | -0.0021834463676792984
-0.5493768453598022 | [-0.16] | -0.0025678516202802242
-0.5625852942466736 | [-0.17] | -0.002971103842986721
-0.575760543346405 | [-0.18] | -0.0033878352274316795
-0.5888222455978394 | [-0.2] | -0.003812202573132217
-0.6016907691955566 | [-0.21] | -0.004238013341332443
-0.6142877340316772 | [-0.22] | -0.004658857763456632
-0.6265366673469543 | [-0.23] | -0.005068248330712072
-0.6383634805679321 | [-0.23] | -0.005459754921026055
-0.649696946144104 | [-0.24] | -0.005827135645777182
-0.6604691743850708 | [-0.25] | -0.006164463192369022
-0.6706159114837646 | [-0.25] | -0.006466235438479788
-0.6800768375396729 | [-0.26] | -0.006727476710714517
-0.6887958645820618 | [-0.26] | -0.006943828704550421
-0.6967213153839111 | [-0.27] | -0.007111624799839081
-0.7038059234619141 | [-0.27] | -0.007227944936513252
-0.7100071310997009 | [-0.27] | -0.00729067315210096
-0.7152870297431946 | [-0.27] | -0.007298526405403939
-0.7196124196052551 | [-0.27] | -0.007251078739971892
-0.7229549288749695 | [-0.27] | -0.007148776822297156
-0.7252908945083618 | [-0.26] | -0.0069929325047845756
-0.7266014218330383 | [-0.26] | -0.006785712893608734
-0.7268725633621216 | [-0.26] | -0.006530123658139278
-0.7260951995849609 | [-0.25] | -0.006229965288417063
-0.7242652177810669 | [-0.24] | -0.005889790016006597
-0.7213835716247559 | [-0.23] | -0.005514838758013727
-0.7174562811851501 | [-0.23] | -0.005110960641005993
-0.7124947905540466 | [-0.22] | -0.004684533039828267
-0.7065158486366272 | [-0.21] | -0.004242345437416353
-0.6995418071746826 | [-0.19] | -0.003791486697239464
-0.6916006803512573 | [-0.18] | -0.0033392090977766627
-0.6827263236045837 | [-0.17] | -0.002892785526249786
-0.6729584336280823 | [-0.16] | -0.002459352218851746
-0.6623427271842957 | [-0.14] | -0.0020457529352435203
-0.6509307622909546 | [-0.13] | -0.0016583725643649799
-0.6387799978256226 | [-0.11] | -0.0013029832596588937
-0.625953733921051 | [-0.1] | -0.0009845980715496236
-0.6125206351280212 | [-0.08] | -0.0007073322970588829
-0.5985546708106995 | [-0.07] | -0.0004742979610243282
-0.584134578704834 | [-0.05] | -0.0002875159231366846
-0.5693433880805969 | [-0.04] | -0.00014786302180947667
-0.5542678236961365 | [-0.02] | -5.5052681666534296e-05
-0.5389977693557739 | [-0.01] | -7.652343246398697e-06
-0.523625373840332 | [0.01] | -3.134923408893223e-06
-0.5082443952560425 | [0.02] | -3.7966168853265444e-05
-0.49294930696487427 | [0.03] | -0.00010772207916897174
-0.477834552526474 | [0.05] | -0.0002072320291154916
-0.46299365162849426 | [0.06] | -0.0003307423570380482
-0.4485185146331787 | [0.07] | -0.00047209213589053685
-0.43449866771698 | [0.08] | -0.0006248962223422774
-0.4210205674171448 | [0.09] | -0.0007827284096763725
-0.4081670343875885 | [0.1] | -0.0009392983207431356
-0.3960166573524475 | [0.1] | -0.001088619513114396
-0.38464343547821045 | [0.11] | -0.0012251609644820752
-0.3741164207458496 | [0.12] | -0.0013439821420061062
-0.36449944972991943 | [0.12] | -0.0014408499860014692
-0.35585087537765503 | [0.12] | -0.001512337576826847
-0.3482235074043274 | [0.12] | -0.0015559001119281137
-0.34166449308395386 | [0.13] | -0.001569934343172769
-0.3362152874469757 | [0.12] | -0.0015538177838935099
-0.3319116234779358 | [0.12] | -0.00150793072431389
-0.32878348231315613 | [0.12] | -0.0014336604910148735
-0.3268550932407379 | [0.12] | -0.001333387808740781
-0.32614487409591675 | [0.11] | -0.0012104563333548979
-0.3266654312610626 | [0.1] | -0.0010691223096339383
-0.3284234404563904 | [0.1] | -0.0009144873175941369
-0.33141961693763733 | [0.09] | -0.0007524090378832147
-0.33564847707748413 | [0.08] | -0.0005893947146517459
-0.3410983085632324 | [0.07] | -0.0004324696900762386
-0.34775087237358093 | [0.05] | -0.00028902876796582514
-0.3555813133716583 | [0.04] | -0.00016666440818571718
-0.36455798149108887 | [0.03] | -7.297839295798731e-05
-0.37464219331741333 | [0.01] | -1.5378536554513463e-05
-0.3857881426811218 | [-0.] | -8.638519059912288e-07
-0.3979429006576538 | [-0.02] | -3.580568872620998e-05
-0.4110462963581085 | [-0.04] | -0.00012573158513963956
-0.42503106594085693 | [-0.05] | -0.0002751196969851422
-0.43982306122779846 | [-0.07] | -0.0004872136922922565
-0.45534148812294006 | [-0.09] | -0.0007638655808571025
-0.47149935364723206 | [-0.11] | -0.0011054161765345365
-0.48820409178733826 | [-0.12] | -0.001510622012442302
-0.5053581595420837 | [-0.14] | -0.0019766289239918793
-0.5228598713874817 | [-0.16] | -0.002499001476755026
-0.5406042337417603 | [-0.18] | -0.0030718015451730693
-0.5584840178489685 | [-0.19] | -0.0036877220324168835
-0.5763906836509705 | [-0.21] | -0.004338258698346942
-0.594215452671051 | [-0.22] | -0.005013920993612914
-0.6118504405021667 | [-0.24] | -0.005704472370811004
-0.6291894912719727 | [-0.25] | -0.006399175048505339
-0.6461292505264282 | [-0.27] | -0.00708705207981327
-0.6625699400901794 | [-0.28] | -0.00775713297933017
-0.6784160137176514 | [-0.29] | -0.008398687016933437
-0.693576991558075 | [-0.3] | -0.009001448439964659
-0.7079676985740662 | [-0.31] | -0.009555792835965339
-0.7215087413787842 | [-0.32] | -0.010052904769990347
-0.7341267466545105 | [-0.32] | -0.01048491152293391
-0.7457544207572937 | [-0.33] | -0.01084498643420284
-0.7563305497169495 | [-0.33] | -0.011127428508737623
-0.7657999396324158 | [-0.34] | -0.011327723422707088
-0.7741133570671082 | [-0.34] | -0.011442590157776489
-0.7812272310256958 | [-0.34] | -0.011470000333260164
-0.7871035933494568 | [-0.34] | -0.011409203335788631
-0.791709840297699 | [-0.34] | -0.011260730316870325
-0.7950185537338257 | [-0.33] | -0.01102639302672144
-0.7970072627067566 | [-0.33] | -0.01070926949529536
-0.7976586222648621 | [-0.32] | -0.010313703811983276
-0.7969601154327393 | [-0.31] | -0.009845263888126815
-0.7949042916297913 | [-0.31] | -0.009310714914221991
-0.7914887070655823 | [-0.3] | -0.008717955908834136
-0.7867162227630615 | [-0.28] | -0.00807595373130268
-0.7805953025817871 | [-0.27] | -0.007394649487562134
-0.7731401324272156 | [-0.26] | -0.00668482629671641
-0.7643712162971497 | [-0.24] | -0.005957969539962813
-0.7543156147003174 | [-0.23] | -0.005226074521367224
-0.7430074214935303 | [-0.21] | -0.0045014341279085105
-0.7304882407188416 | [-0.19] | -0.0037963945475154495
-0.7168073654174805 | [-0.18] | -0.0031230731440391756
-0.7020222544670105 | [-0.16] | -0.002493071059008955
-0.6861988306045532 | [-0.14] | -0.001917167787729568
-0.6694113612174988 | [-0.12] | -0.0014050076322729497
-0.651742696762085 | [-0.1] | -0.0009648143770943467
-0.6332837343215942 | [-0.08] | -0.0006031181073946187
-0.6141334176063538 | [-0.06] | -0.00032454091114618986
-0.5943978428840637 | [-0.04] | -0.00013162585802080213
-0.5741897225379944 | [-0.02] | -2.4743376458175536e-05
-0.5536271929740906 | [0.] | -2.0685718601232797e-06
-0.5328329205513 | [0.02] | -5.964174337815914e-05
-0.5119327902793884 | [0.04] | -0.00019150406440219088
-0.4910544753074646 | [0.06] | -0.00038990635446230427
-0.4703262150287628 | [0.08] | -0.0006455763139140014
-0.44987526535987854 | [0.1] | -0.0009480332729369331
-0.4298267066478729 | [0.11] | -0.001285928878107862
-0.4103021025657654 | [0.13] | -0.001647402642924837
-0.3914184272289276 | [0.14] | -0.002020429967400769
-0.3732871115207672 | [0.15] | -0.0023931532092726932
-0.3560132682323456 | [0.17] | -0.002754182640996403
-0.3396950960159302 | [0.18] | -0.0030928604661198396
-0.32442349195480347 | [0.18] | -0.003399484842802026
-0.31028181314468384 | [0.19] | -0.0036654929542986217
-0.2973458468914032 | [0.2] | -0.0038836033760397412
-0.28568384051322937 | [0.2] | -0.00404792590558111
-0.2753567099571228 | [0.2] | -0.004154038921355229
-0.2664182782173157 | [0.2] | -0.00419904284252449
-0.25891557335853577 | [0.2] | -0.004181593518729575
-0.25288912653923035 | [0.2] | -0.004101919091744645
-0.24837328493595123 | [0.2] | -0.0039618227119575565
-0.24539639055728912 | [0.19] | -0.003764675853919924
-0.2439810335636139 | [0.19] | -0.0035153942080840238
-0.24414412677288055 | [0.18] | -0.0032204025371711897
-0.24589692056179047 | [0.17] | -0.0028875804068540538
-0.24924488365650177 | [0.16] | -0.0025261867704071627
-0.2541874945163727 | [0.15] | -0.002146756333151171
-0.2607180178165436 | [0.13] | -0.0017609607261632955
-0.26882296800613403 | [0.12] | -0.0013814367137928588
-0.27848175168037415 | [0.1] | -0.0010215649407895354
-0.2896660566329956 | [0.08] | -0.0006952069453028697
-0.30233925580978394 | [0.06] | -0.0004163944945887954
-0.3164559006690979 | [0.04] | -0.00019897313282409598
-0.33196115493774414 | [0.02] | -5.621052562595953e-05
-0.3487902283668518 | [0.] | -3.776764969585191e-07
-0.36686819791793823 | [-0.02] | -4.23172652092506e-05
-0.3861096501350403 | [-0.04] | -0.00019102113620269622
-0.4064188301563263 | [-0.07] | -0.0004532374539364045
-0.42768988013267517 | [-0.09] | -0.0008331322197564301
-0.4498072564601898 | [-0.12] | -0.0013320264372727098
-0.47264668345451355 | [-0.14] | -0.0019482344336974094
-0.49607613682746887 | [-0.16] | -0.0026770126740432365
-0.5199571847915649 | [-0.19] | -0.0035106310486908788
-0.5441465973854065 | [-0.21] | -0.004438566484580377
-0.5684980154037476 | [-0.23] | -0.005447806634695465
-0.5928637981414795 | [-0.26] | -0.006523247055090338
-0.6170969605445862 | [-0.28] | -0.007648160927594853
-0.6410529017448425 | [-0.3] | -0.008804702914257476
-0.6645911335945129 | [-0.32] | -0.009974423363769701
-0.6875768899917603 | [-0.33] | -0.011138772235897196
-0.7098824381828308 | [-0.35] | -0.01227955392804618
-0.7313880920410156 | [-0.37] | -0.01337932108274956
-0.7519829869270325 | [-0.38] | -0.01442169862597505
-0.7715655565261841 | [-0.39] | -0.015391633810192863
-0.7900436520576477 | [-0.4] | -0.01627556725800083
-0.8073346614837646 | [-0.41] | -0.017061555945916015
-0.8233650922775269 | [-0.42] | -0.017739318970021168
-0.8380700349807739 | [-0.43] | -0.018300246632563574
-0.8513927459716797 | [-0.43] | -0.018737395923627876
-0.8632838129997253 | [-0.44] | -0.0190454471216853
-0.8737004995346069 | [-0.44] | -0.01922066872408676
-0.8826058506965637 | [-0.44] | -0.019260868798575723
-0.8899681568145752 | [-0.44] | -0.01916537856938043
-0.8957601189613342 | [-0.44] | -0.018935022514486588
-0.8999583721160889 | [-0.43] | -0.018572124855651375
-0.9025430083274841 | [-0.43] | -0.018080522342746565
-0.9034972190856934 | [-0.42] | -0.01746558940796624
-0.9028070569038391 | [-0.41] | -0.016734271624042018
-0.9004613757133484 | [-0.4] | -0.01589512486420541
-0.8964520692825317 | [-0.39] | -0.014958360344437606
-0.8907742500305176 | [-0.37] | -0.013935860994533786
-0.8834266066551208 | [-0.36] | -0.01284117516818508
-0.8744122385978699 | [-0.34] | -0.01168949881755331
-0.8637391328811646 | [-0.32] | -0.010497574244211024
-0.8514211773872375 | [-0.3] | -0.00928355898887238
-0.8374792337417603 | [-0.28] | -0.008066818809231215
-0.8219419717788696 | [-0.26] | -0.006867624061371558
-0.804847240447998 | [-0.24] | -0.005706789621140497
-0.7862430214881897 | [-0.21] | -0.00460520964892478
-0.7661884427070618 | [-0.19] | -0.0035833231768412285
-0.7447547912597656 | [-0.16] | -0.0026605213191532684
-0.7220261693000793 | [-0.14] | -0.0018545118012124895
-0.6980999708175659 | [-0.11] | -0.001180676815041173
-0.673086941242218 | [-0.08] | -0.0006514620926524353
-0.6471110582351685 | [-0.05] | -0.0002758399998411789
-0.6203086376190186 | [-0.02] | -5.888263940993099e-05
-0.5928274393081665 | [0.] | -1.4909608165823218e-06
-0.5648249387741089 | [0.03] | -0.00010029860704842869
-0.5364665389060974 | [0.06] | -0.0003477706972587222
-0.5079231858253479 | [0.09] | -0.0007324931616566649
-0.47936898469924927 | [0.11] | -0.0012396344604177238
-0.450978547334671 | [0.14] | -0.0018515466746900336
-0.42292433977127075 | [0.16] | -0.0025484643552480517
-0.3953742980957031 | [0.18] | -0.0033092439584524666
-0.368489533662796 | [0.2] | -0.004112102807397606
-0.34242239594459534 | [0.22] | -0.00493530929191317
-0.31731492280960083 | [0.24] | -0.005757789993119102
-0.29329776763916016 | [0.26] | -0.006559632455206951
-0.27048951387405396 | [0.27] | -0.007322473219044058
-0.24899645149707794 | [0.28] | -0.008029772048686159
-0.22891268134117126 | [0.29] | -0.008666986221640137
-0.2103206068277359 | [0.3] | -0.009221657816260359
-0.19329167902469635 | [0.31] | -0.009683432831243538
-0.17788730561733246 | [0.32] | -0.01004403848065268
-0.16415992379188538 | [0.32] | -0.010297231808924764
-0.1521541029214859 | [0.32] | -0.010438740512007638
-0.1419076919555664 | [0.32] | -0.010466203766503335
-0.1334528625011444 | [0.32] | -0.010379130848471082
-0.12681707739830017 | [0.32] | -0.01017887712194724
-0.12202397733926773 | [0.31] | -0.009868640729491264
-0.11909401416778564 | [0.31] | -0.00945348597117406
-0.11804497987031937 | [0.3] | -0.008940381171504355
-0.11889230459928513 | [0.29] | -0.008338251633778408
-0.12164914608001709 | [0.28] | -0.007658036529841254
-0.12632624804973602 | [0.26] | -0.006912739449814815
-0.13293157517910004 | [0.25] | -0.006117458506907461
-0.14146971702575684 | [0.23] | -0.005289380251738501
-0.15194109082221985 | [0.21] | -0.004447719167252702
-0.16434086859226227 | [0.19] | -0.0036135861157970545
-0.17865777015686035 | [0.17] | -0.0028097642112363333
-0.1948726624250412 | [0.14] | -0.0020603769828547347
-0.21295705437660217 | [0.12] | -0.0013904346087906714
-0.23287148773670197 | [0.09] | -0.0008252533676725067
-0.25456398725509644 | [0.06] | -0.0003897487169786093
-0.2779685854911804 | [0.03] | -0.00010761907963895818
-0.3030039370059967 | [0.] | -4.4932033268325456e-07
-0.3295724093914032 | [-0.03] | -8.67748839495579e-05
-0.357559472322464 | [-0.06] | -0.00038116900830028754
-0.3868335783481598 | [-0.09] | -0.0008934179344239742
-0.41724666953086853 | [-0.13] | -0.001627856431727923
-0.4486353099346161 | [-0.16] | -0.0025829323066240465
-0.48082253336906433 | [-0.19] | -0.0037510546834076176
-0.5136201977729797 | [-0.23] | -0.0051187512482515725
-0.5468320846557617 | [-0.26] | -0.006667150280799672
-0.5802571773529053 | [-0.29] | -0.00837273858302919
-0.6136934161186218 | [-0.32] | -0.010208355698155404
-0.6469413638114929 | [-0.35] | -0.01214432303092575
-0.6798079609870911 | [-0.38] | -0.014149644501152296
-0.7121096253395081 | [-0.4] | -0.016193144119214166
-0.7436752319335938 | [-0.43] | -0.01824450214069585
-0.7743483185768127 | [-0.45] | -0.02027510973509357
-0.8039886355400085 | [-0.47] | -0.022258698768728297
-0.8324730396270752 | [-0.49] | -0.024171761681206536
-0.8596959710121155 | [-0.51] | -0.02599377437726303
-0.8855688571929932 | [-0.53] | -0.02770719895216886
-0.9100194573402405 | [-0.54] | -0.02929737977773092
-0.9329906702041626 | [-0.55] | -0.03075232704722617
-0.9544390439987183 | [-0.57] | -0.03206243182351845
-0.9743329286575317 | [-0.58] | -0.033220136742147986
-0.9926508665084839 | [-0.58] | -0.03421963321513205
-1.0093796253204346 | [-0.59] | -0.03505654639224062
-1.0245126485824585 | [-0.6] | -0.03572768686415867
-1.0380480289459229 | [-0.6] | -0.036230785715086894
-1.0499871969223022 | [-0.6] | -0.03656433486236651
-1.060333490371704 | [-0.61] | -0.036727446863500664
-1.0690908432006836 | [-0.61] | -0.03671975800087323
-1.0762624740600586 | [-0.6] | -0.036541357764179716
-1.0818504095077515 | [-0.6] | -0.03619283593867308
-1.085854172706604 | [-0.6] | -0.03567526293345968
-1.088270664215088 | [-0.59] | -0.034990323390284
-1.0890934467315674 | [-0.58] | -0.034140405325677095
-1.0883123874664307 | [-0.58] | -0.03312875012189097
-1.0859136581420898 | [-0.57] | -0.03195965711103279
-1.081879734992981 | [-0.55] | -0.030638702874259145
-1.076189637184143 | [-0.54] | -0.029172995195175723
-1.0688191652297974 | [-0.53] | -0.027571429952060623
-1.0597416162490845 | [-0.51] | -0.025844989137837462
-1.0489283800125122 | [-0.49] | -0.024007007037770072
-1.036350131034851 | [-0.47] | -0.02207345679438595
-1.0219780206680298 | [-0.45] | -0.020063176506750494
-1.0057848691940308 | [-0.42] | -0.017998016313415934
-0.9877473711967468 | [-0.4] | -0.01590295465796927
-0.9678477048873901 | [-0.37] | -0.013806021948781805
-0.9460758566856384 | [-0.34] | -0.011738101764074492
-0.9224321246147156 | [-0.31] | -0.009732536246563124
-0.8969293832778931 | [-0.28] | -0.0078244888456674
-0.869596004486084 | [-0.25] | -0.006050101821438093
-0.8404781222343445 | [-0.21] | -0.004445388458664075
-0.8096420168876648 | [-0.17] | -0.003044933618447333
-0.7771761417388916 | [-0.14] | -0.0018804378736898032
-0.7431923151016235 | [-0.1] | -0.000979188061445756
-0.707826554775238 | [-0.06] | -0.0003625844527789572
-0.6712386608123779 | [-0.02] | -4.4839438533372805e-05
-0.6336110830307007 | [0.02] | -3.1997747373807866e-05
-0.5951464772224426 | [0.06] | -0.0003213892105407901
-0.5560643672943115 | [0.09] | -0.0009016028167457111
-0.5165966749191284 | [0.13] | -0.0017530125410782566
-0.4769829213619232 | [0.17] | -0.002848811058034301
-0.4374644458293915 | [0.2] | -0.004156473857436303
-0.39827901124954224 | [0.24] | -0.005639488039095341
-0.3596552610397339 | [0.27] | -0.007259195457572432
-0.32180798053741455 | [0.3] | -0.008976567356442788
-0.2849339544773102 | [0.33] | -0.010753777928128866
-0.2492089569568634 | [0.35] | -0.012555464416874877
-0.21478572487831116 | [0.38] | -0.014349629276714421
-0.1817929893732071 | [0.4] | -0.016108182708830184
-0.15033555030822754 | [0.42] | -0.017807150905912266
-0.12049515545368195 | [0.44] | -0.019426614628235535
-0.09233205765485764 | [0.46] | -0.020950451988248114
-0.06588708609342575 | [0.47] | -0.0223659446981831
-0.04118404909968376 | [0.49] | -0.02366331647849236
-0.018232278525829315 | [0.5] | -0.02483525253488181
0.0029707555659115314 | [0.51] | -0.025876434422171326
0.022436922416090965 | [0.52] | -0.026783115002963626
0.04018503427505493 | [0.52] | -0.027552746305888606
0.056238655000925064 | [0.53] | -0.028183663632980915
0.07062409818172455 | [0.54] | -0.028674835163227382
0.08336867392063141 | [0.54] | -0.029025661586738846
0.09449917078018188 | [0.54] | -0.029235834933342093
0.10404051095247269 | [0.54] | -0.029305240757358793
0.11201465129852295 | [0.54] | -0.02923390767045163
0.11843965202569962 | [0.54] | -0.02902199873458631
0.12332889437675476 | [0.54] | -0.028669837489860614
0.12669047713279724 | [0.53] | -0.028177975946758985
0.1285267025232315 | [0.52] | -0.027547293755207255
0.12883375585079193 | [0.52] | -0.02677914137277759
0.12760145962238312 | [0.51] | -0.02587551607591992
0.12481313198804855 | [0.5] | -0.024839275705074933
0.1204456016421318 | [0.49] | -0.023674394583781434
0.11446935683488846 | [0.47] | -0.022386259020435298
0.10684879124164581 | [0.46] | -0.02098199589468482
0.0975426584482193 | [0.44] | -0.01947083871907684
0.08650469034910202 | [0.42] | -0.017864517881277516
0.07368443161249161 | [0.4] | -0.016177666068746856
0.05902832746505737 | [0.38] | -0.014428220425891564
0.042481087148189545 | [0.36] | -0.01263779583500501
0.023987365886569023 | [0.33] | -0.010831998953281276
0.0034937949385493994 | [0.3] | -0.0090406394857212
-0.019048623740673065 | [0.27] | -0.007297785857700332
-0.04368174448609352 | [0.24] | -0.005641613847138347
-0.07043714821338654 | [0.2] | -0.004113982175232313
-0.09933269768953323 | [0.17] | -0.002759678669731344
-0.1303688883781433 | [0.13] | -0.0016252954280912722
-0.1635250598192215 | [0.09] | -0.0007577105406365056
-0.19875581562519073 | [0.04] | -0.00020219383034506563
-0.23598772287368774 | [0.] | -2.1069445595816492e-07
-0.2751166820526123 | [-0.04] | -0.00018705412091771635
-0.31600624322891235 | [-0.09] | -0.0007894941026618875
-0.3584873378276825 | [-0.14] | -0.0018236892681685478
-0.4023593068122864 | [-0.18] | -0.0032936159524163053
-0.44739288091659546 | [-0.23] | -0.005190261916133215
-0.4933347702026367 | [-0.27] | -0.007491755878274596
-0.5399138927459717 | [-0.32] | -0.010164497933279653
-0.5868489146232605 | [-0.36] | -0.013165227665817028
-0.6338566541671753 | [-0.41] | -0.016443818135309717
-0.6806607246398926 | [-0.45] | -0.01994650288306358
-0.7269998788833618 | [-0.49] | -0.02361917655844929
-0.7726354598999023 | [-0.52] | -0.027410429594470848
-0.8173575401306152 | [-0.56] | -0.031274063928003894
-0.8609895706176758 | [-0.59] | -0.0351709321507084
-0.9033912420272827 | [-0.63] | -0.039070055067731355
-0.9444595575332642 | [-0.66] | -0.04294904598760063
-0.9841287136077881 | [-0.68] | -0.046794035450756354
-1.0223685503005981 | [-0.71] | -0.05059918575336123
-1.0591824054718018 | [-0.74] | -0.05436601908763281
-1.0946037769317627 | [-0.76] | -0.05810257943453115
-1.1286938190460205 | [-0.79] | -0.061822773376270596
-1.1615376472473145 | [-0.81] | -0.06554567541067896
-1.1932414770126343 | [-0.83] | -0.0692950552156099
-1.2000000476837158 | [-0.68] | -0.046240005836487
-1.1987781524658203 | [-0.67] | -0.045264753890356675
-1.1963194608688354 | [-0.66] | -0.04414197674491174
-1.1926034688949585 | [-0.65] | -0.04287145576211628
-1.1876037120819092 | [-0.64] | -0.04145356964046465
-1.181288242340088 | [-0.63] | -0.03988958015655415
-1.1736197471618652 | [-0.62] | -0.0381818982816071
-1.1645557880401611 | [-0.6] | -0.036334387899570934
-1.154049277305603 | [-0.59] | -0.03435271300918246
-1.1420493125915527 | [-0.57] | -0.032244736245312364
-1.1285016536712646 | [-0.55] | -0.030020876067387514
-1.1133497953414917 | [-0.53] | -0.02769451315664706
-1.09653639793396 | [-0.5] | -0.02528239057146698
-1.0780045986175537 | [-0.48] | -0.022804938060370664
-1.0576997995376587 | [-0.45] | -0.020286536451193563
-1.035571813583374 | [-0.42] | -0.017755674974990452
-1.0115774869918823 | [-0.39] | -0.015244952659804568
-0.985683023929596 | [-0.36] | -0.012790815734665218
-0.9578675031661987 | [-0.32] | -0.010433100420296106
-0.9281257390975952 | [-0.29] | -0.008214198108445703
-0.8964716792106628 | [-0.25] | -0.006177917771209724
-0.8629416823387146 | [-0.21] | -0.0043679998582619095
-0.8275974988937378 | [-0.17] | -0.0028263287916093175
-0.7905286550521851 | [-0.13] | -0.0015909210626392709
-0.7518543004989624 | [-0.08] | -0.0006938384761009507
-0.7117236256599426 | [-0.04] | -0.0001591844511210694
-0.6703155636787415 | [0.] | -1.4108969599678004e-06
-0.6278367042541504 | [0.05] | -0.00022411969738924927
-0.5845177173614502 | [0.09] | -0.0008195491075132296
-0.5406085848808289 | [0.13] | -0.0017688441073898987
-0.49637243151664734 | [0.17] | -0.0030431233848411
-0.45207858085632324 | [0.21] | -0.004605249732836692
-0.4079951345920563 | [0.25] | -0.006412116499996988
-0.3643816113471985 | [0.29] | -0.008417202089608139
-0.3214821517467499 | [0.33] | -0.010573123584312588
-0.27951961755752563 | [0.36] | -0.012833949087577423
-0.238691046833992 | [0.39] | -0.015157074309888744
-0.199164479970932 | [0.42] | -0.017504585841635233
-0.16107720136642456 | [0.45] | -0.019844076950217428
-0.1245354637503624 | [0.47] | -0.022148953977198918
-0.08961533010005951 | [0.49] | -0.024398349312924235
-0.056364476680755615 | [0.52] | -0.026576730215287555
-0.024804677814245224 | [0.54] | -0.028673324462084378
0.00506525207310915 | [0.55] | -0.030681448417947583
0.033266332000494 | [0.57] | -0.03259783107469976
0.05983626842498779 | [0.59] | -0.03442196275689798
0.08482643216848373 | [0.6] | -0.03615552052119549
0.10829905420541763 | [0.61] | -0.03780186952174511
0.13032470643520355 | [0.63] | -0.03936565267276767
0.150980144739151 | [0.64] | -0.0408524674340438
0.1703464239835739 | [0.65] | -0.04226861032099749
0.1885073184967041 | [0.66] | -0.04362088107363415
0.20554813742637634 | [0.67] | -0.04491645420888135
0.2215546816587448 | [0.68] | -0.04616277917948646
0.23661257326602936 | [0.69] | -0.04736753373239094
0.25080665946006775 | [0.7] | -0.04853858624697059
0.2642206847667694 | [0.7] | -0.04968399839973346
0.2769371271133423 | [0.71] | -0.050812045957775435
0.28903713822364807 | [0.72] | -0.05193125386032578
0.30060049891471863 | [0.73] | -0.053050436863844364
0.31170591711997986 | [0.74] | -0.05417878466115066
0.32243111729621887 | [0.74] | -0.05532592623333006
0.33285319805145264 | [0.75] | -0.0565020337671959
0.343049019575119 | [0.76] | -0.057717942141574156
0.35309556126594543 | [0.77] | -0.058985270866613086
0.36307039856910706 | [0.78] | -0.0603165818793776
0.3730522096157074 | [0.79] | -0.061725552905127545
0.38312140107154846 | [0.8] | -0.06322719321819313
0.3933606743812561 | [0.81] | -0.06483807861540522
0.40385565161705017 | [0.82] | -0.06657662059662937
0.4146956503391266 | [0.83] | -0.06846340393657376
0.4259744882583618 | [0.84] | -0.0705215670178503
0.43779122829437256 | [0.85] | 99.92722276417318
Total reward: 93.3834623761209
0.9, 5.0, 0.4
parameter ends

state | action | reward
[-0.43] | [0.01] | -1.1689198533276522e-05
-0.43309053778648376 | [0.01] | -4.793199800313457e-06
-0.4344097077846527 | [0.] | -5.931454806962845e-07
-0.4363861680030823 | [-0.] | -6.916453744567025e-07
-0.4390132427215576 | [-0.01] | -6.80178644268354e-06
-0.44228029251098633 | [-0.01] | -2.070007084987447e-05
-0.4461727738380432 | [-0.02] | -4.417539630464191e-05
-0.4506722688674927 | [-0.03] | -7.897539553192864e-05
-0.4557565152645111 | [-0.04] | -0.00012675118724447124
-0.46139949560165405 | [-0.04] | -0.0001890022544096904
-0.4675714671611786 | [-0.05] | -0.00026702211783099226
-0.47423917055130005 | [-0.06] | -0.00036184817012221873
-0.48136594891548157 | [-0.07] | -0.00047421540036878505
-0.4889119267463684 | [-0.08] | -0.0006045163756712605
-0.4968342185020447 | [-0.09] | -0.0007527688967339007
-0.5050871968269348 | [-0.1] | -0.0009185928129061971
-0.5136227011680603 | [-0.1] | -0.0011011953405287405
-0.5223904252052307 | [-0.11] | -0.0012993694214078026
-0.5313381552696228 | [-0.12] | -0.0015115000560957902
-0.5404123067855835 | [-0.13] | -0.001735587270800431
-0.5495579838752747 | [-0.14] | -0.0019692683515516456
-0.5587196946144104 | [-0.15] | -0.0022098651860466764
-0.5678414702415466 | [-0.16] | -0.0024544259251589543
-0.576867401599884 | [-0.16] | -0.0026997833239353116
-0.5857419371604919 | [-0.17] | -0.002942614328087928
-0.5944104194641113 | [-0.18] | -0.003179509576980459
-0.6028192639350891 | [-0.18] | -0.0034070360849063025
-0.6109164357185364 | [-0.19] | -0.0036218094281020223
-0.6186516284942627 | [-0.2] | -0.0038205561355216713
-0.6259767413139343 | [-0.2] | -0.004000185160246426
-0.6328460574150085 | [-0.2] | -0.004157845140432205
-0.6392164826393127 | [-0.21] | -0.004290980343772756
-0.6450477242469788 | [-0.21] | -0.004397379037660346
-0.6503027081489563 | [-0.21] | -0.004475225069446614
-0.6549474596977234 | [-0.21] | -0.004523123200010341
-0.6589514017105103 | [-0.21] | -0.0045401330978458235
-0.6622874736785889 | [-0.21] | -0.004525789450565081
-0.6649322509765625 | [-0.21] | -0.004480114313335981
-0.6668660044670105 | [-0.21] | -0.0044036195950899705
-0.6680727601051331 | [-0.21] | -0.004297301599931718
-0.6685405373573303 | [-0.2] | -0.004162634294574182
-0.6682612299919128 | [-0.2] | -0.004001540661567344
-0.6672307252883911 | [-0.2] | -0.0038163653811937545
-0.6654490828514099 | [-0.19] | -0.0036098412858165396
-0.662920355796814 | [-0.18] | -0.003385035315630923
-0.659652829170227 | [-0.18] | -0.00314530226531457
-0.655659019947052 | [-0.17] | -0.002894222912970026
-0.6509556770324707 | [-0.16] | -0.0026355366481451495
-0.6455637216567993 | [-0.15] | -0.0023730676148086497
-0.6395083665847778 | [-0.15] | -0.002110653012011392
-0.6328190565109253 | [-0.14] | -0.0018520638233740262
-0.6255292892456055 | [-0.13] | -0.001600922729034101
-0.6176766753196716 | [-0.12] | -0.0013606307479286336
-0.609302818775177 | [-0.11] | -0.0011342927279688274
-0.6004529595375061 | [-0.1] | -0.0009246451322140229
-0.5911760330200195 | [-0.09] | -0.000734000988746863
-0.5815242528915405 | [-0.08] | -0.0005641960890568071
-0.5715528726577759 | [-0.06] | -0.0004165515548141267
-0.561319887638092 | [-0.05] | -0.0002918494776934214
-0.5508856773376465 | [-0.04] | -0.0001903224006914184
-0.5403124690055847 | [-0.03] | -0.00011165721057322561
-0.5296640992164612 | [-0.02] | -5.5017120371065714e-05
-0.5190054178237915 | [-0.01] | -1.9075462003059764e-05
-0.5084018707275391 | [-0.] | -2.0648226749360214e-06
-0.49791908264160156 | [0.] | -1.8375884106372475e-06
-0.48762229084968567 | [0.01] | -1.593638385110505e-05
-0.4775758683681488 | [0.02] | -4.167273428323454e-05
-0.46784287691116333 | [0.03] | -7.621087295885546e-05
-0.4584847092628479 | [0.03] | -0.00011665370127611083
-0.4495605528354645 | [0.04] | -0.00016012985598224584
-0.44112712144851685 | [0.05] | -0.00020387735622605553
-0.4332382082939148 | [0.05] | -0.00024532422535577527
-0.42594441771507263 | [0.05] | -0.0002821620765195132
-0.4192929267883301 | [0.06] | -0.00031241152686561945
-0.4133271872997284 | [0.06] | -0.0003344795605559707
-0.40808674693107605 | [0.06] | -0.000347206018380344
-0.40360701084136963 | [0.06] | -0.00034990018566022287
-0.39991918206214905 | [0.06] | -0.00034236437841429356
-0.39705005288124084 | [0.06] | -0.00032490764361868714
-0.39502188563346863 | [0.05] | -0.0002983467572343428
-0.3938523828983307 | [0.05] | -0.000263994406010519
-0.3935545086860657 | [0.05] | -0.0002236369446321017
-0.3941364884376526 | [0.04] | -0.00017949857966830023
-0.39560166001319885 | [0.04] | -0.00013419527840049657
-0.3979484438896179 | [0.03] | -9.067633419257415e-05
-0.4011702835559845 | [0.02] | -5.2155640000355946e-05
-0.4052555561065674 | [0.01] | -2.2033258430691442e-05
-0.41018760204315186 | [0.01] | -3.807955369031571e-06
-0.4159446656703949 | [-0.] | -9.831687374213398e-07
-0.4224998950958252 | [-0.01] | -1.696764115493863e-05
-0.42982131242752075 | [-0.02] | -5.4972944102247635e-05
-0.4378719925880432 | [-0.03] | -0.00011791131752340097
-0.44661006331443787 | [-0.05] | -0.00020829596267345565
-0.45598888397216797 | [-0.06] | -0.0003281475451615565
-0.46595725417137146 | [-0.07] | -0.00047891039018181474
-0.4764595925807953 | [-0.08] | -0.000661380172990124
-0.4874362647533417 | [-0.09] | -0.000875647894461859
-0.49882400035858154 | [-0.11] | -0.0011210633343245343
-0.5105562210083008 | [-0.12] | -0.0013962158143836496
-0.5225634574890137 | [-0.13] | -0.0016989368258642963
-0.5347739458084106 | [-0.14] | -0.002026326890138621
-0.5471141934394836 | [-0.15] | -0.0023748030804568226
-0.5595093965530396 | [-0.17] | -0.0027401613782999986
-0.571884036064148 | [-0.18] | -0.0031176599420610937
-0.5841626524925232 | [-0.19] | -0.0035021235030811117
-0.5962702631950378 | [-0.2] | -0.0038880481479454283
-0.6081328988075256 | [-0.21] | -0.004269716831590146
-0.619678258895874 | [-0.22] | -0.0046413249709726994
-0.6308361291885376 | [-0.22] | -0.0049970985366623475
-0.6415388584136963 | [-0.23] | -0.00533141355597198
-0.651721715927124 | [-0.24] | -0.005638905598048889
-0.6613233089447021 | [-0.24] | -0.00591457712428416
-0.6702859401702881 | [-0.25] | -0.0061538934826325655
-0.6785556674003601 | [-0.25] | -0.006352857981218304
-0.6860827207565308 | [-0.26] | -0.0065080927720714155
-0.6928215026855469 | [-0.26] | -0.006616890080200434
-0.6987307667732239 | [-0.26] | -0.006677262183061712
-0.7037737369537354 | [-0.26] | -0.006687977694931818
-0.7079181671142578 | [-0.26] | -0.006648584477109152
-0.7111363410949707 | [-0.26] | -0.0065594189908268
-0.713405191898346 | [-0.25] | -0.006421610597461923
-0.714706301689148 | [-0.25] | -0.006237069086860644
-0.7150259613990784 | [-0.25] | -0.006008463384941457
-0.7143552303314209 | [-0.24] | -0.005739188237492583
-0.712689995765686 | [-0.23] | -0.005433318473768091
-0.7100310325622559 | [-0.23] | -0.005095550360651759
-0.7063842415809631 | [-0.22] | -0.00473113688077537
-0.701760470867157 | [-0.21] | -0.004345792502736474
-0.6961759328842163 | [-0.2] | -0.00394560926501854
-0.6896520853042603 | [-0.19] | -0.00353693859977049
-0.6822158098220825 | [-0.18] | -0.0031262744086360556
-0.6738994717597961 | [-0.16] | -0.002720122584602416
-0.6647410988807678 | [-0.15] | -0.0023248669301179593
-0.6547842025756836 | [-0.14] | -0.0019466224560338809
-0.6440778970718384 | [-0.13] | -0.0015910973043878202
-0.6326767802238464 | [-0.11] | -0.00126345477096039
-0.6206406950950623 | [-0.1] | -0.0009681820410430207
-0.608034610748291 | [-0.08] | -0.0007089783758445771
-0.5949283242225647 | [-0.07] | -0.0004886584650035012
-0.5813959836959839 | [-0.06] | -0.00030907811701813006
-0.5675157308578491 | [-0.04] | -0.00017108958994278256
-0.5533691048622131 | [-0.03] | -7.452414594215424e-05
-0.5390404462814331 | [-0.01] | -1.8206536603352476e-05
-0.5246162414550781 | [-3.37e-05] | -1.1369646449653785e-10
-0.5101844668388367 | [0.01] | -1.688122910828677e-05
-0.49583378434181213 | [0.03] | -6.503997817676056e-05
-0.4816528558731079 | [0.04] | -0.00014000365844257182
-0.4677295684814453 | [0.05] | -0.00023677786006607015
-0.45415034890174866 | [0.06] | -0.00034999966971805974
-0.44099950790405273 | [0.07] | -0.00047409721528551954
-0.4283585548400879 | [0.08] | -0.0006034511330575054
-0.41630569100379944 | [0.09] | -0.0007325510690696302
-0.40491533279418945 | [0.09] | -0.0008561443004933353
-0.3942576050758362 | [0.1] | -0.0009693740289388625
-0.38439810276031494 | [0.1] | -0.00106790057518786
-0.3753975033760071 | [0.11] | -0.0011480102288908218
-0.3673114478588104 | [0.11] | -0.0012067028154154934
-0.3601902723312378 | [0.11] | -0.0012417662799850734
-0.354079008102417 | [0.11] | -0.0012518287532536185
-0.3490172326564789 | [0.11] | -0.0012363971782546933
-0.3450389802455902 | [0.11] | -0.0011958777632363612
-0.3421727418899536 | [0.11] | -0.0011315782041517938
-0.3404414653778076 | [0.1] | -0.00104569282556506
-0.3398623764514923 | [0.1] | -0.0009412741580305832
-0.3404470682144165 | [0.09] | -0.0008221816909098925
-0.342201292514801 | [0.08] | -0.0006930180735023836
-0.3451249599456787 | [0.07] | -0.0005590429099357166
-0.34921199083328247 | [0.07] | -0.00042607039247915873
-0.35445016622543335 | [0.05] | -0.0003003479842829439
-0.360821008682251 | [0.04] | -0.0001884163690951451
-0.36829960346221924 | [0.03] | -9.695338642042711e-05
-0.3768545687198639 | [0.02] | -3.2602237899481856e-05
-0.38644781708717346 | [0.] | -1.7898936480218592e-06
-0.39703458547592163 | [-0.01] | -1.0536843874802592e-05
-0.4085633158683777 | [-0.03] | -6.42657591123989e-05
-0.42097583413124084 | [-0.04] | -0.00016761491147046143
-0.43420732021331787 | [-0.06] | -0.00032426244365829784
-0.4481866657733917 | [-0.07] | -0.0005367713398552966
-0.46283668279647827 | [-0.09] | -0.0008064591685423731
-0.4780745804309845 | [-0.11] | -0.0011333025795289004
-0.49381256103515625 | [-0.12] | -0.0015158818087818472
-0.5099583268165588 | [-0.14] | -0.0019513644917577234
-0.5264158844947815 | [-0.16] | -0.002435538291928853
-0.5430864095687866 | [-0.17] | -0.0029628878944732875
-0.5598690509796143 | [-0.19] | -0.0035267112074085626
-0.5766618847846985 | [-0.2] | -0.004119274473967096
-0.5933628678321838 | [-0.22] | -0.004731998429132114
-0.6098707318305969 | [-0.23] | -0.0053556625216552465
-0.6260858774185181 | [-0.24] | -0.005980624219741053
-0.6419112682342529 | [-0.26] | -0.006597045916629622
-0.657253086566925 | [-0.27] | -0.007195108564872068
-0.6720215082168579 | [-0.28] | -0.0077652253959128075
-0.6861311793327332 | [-0.29] | -0.00829822820536466
-0.6995016932487488 | [-0.3] | -0.008785539492733445
-0.7120579481124878 | [-0.3] | -0.009219319898429954
-0.7237303256988525 | [-0.31] | -0.00959258816979637
-0.7344548106193542 | [-0.31] | -0.009899321105144278
-0.7441732287406921 | [-0.32] | -0.010134542313979943
-0.7528329491615295 | [-0.32] | -0.01029436633652088
-0.7603870630264282 | [-0.32] | -0.010376056651890437
-0.7667940855026245 | [-0.32] | -0.010378042976270489
-0.7720178961753845 | [-0.32] | -0.010299942918041712
-0.7760277390480042 | [-0.32] | -0.010142575407285628
-0.7787979245185852 | [-0.31] | -0.009907947355535858
-0.7803078293800354 | [-0.31] | -0.009599246246342095
-0.7805418968200684 | [-0.3] | -0.009220820024678179
-0.7794896364212036 | [-0.3] | -0.008778142519761145
-0.7771456241607666 | [-0.29] | -0.008277762245514455
-0.7735097408294678 | [-0.28] | -0.00772724485293888
-0.7685871720314026 | [-0.27] | -0.007135080428291006
-0.7623888850212097 | [-0.26] | -0.0065105914065802795
-0.7549316883087158 | [-0.24] | -0.005863791717929209
-0.7462387084960938 | [-0.23] | -0.005205239235078551
-0.7363395690917969 | [-0.21] | -0.004545846395167342
-0.7252708077430725 | [-0.2] | -0.0038966754242917507
-0.7130762338638306 | [-0.18] | -0.0032687076420036504
-0.6998070478439331 | [-0.16] | -0.002672586825954403
-0.6855222582817078 | [-0.15] | -0.0021183622089648887
-0.6702885627746582 | [-0.13] | -0.0016152144970197767
-0.6541804671287537 | [-0.11] | -0.0011711992802168757
-0.6372802257537842 | [-0.09] | -0.0007930060038220106
-0.6196773648262024 | [-0.07] | -0.00048574342519096573
-0.6014683842658997 | [-0.05] | -0.00025277427081012133
-0.5827561020851135 | [-0.03] | -9.559884163694391e-05
-0.5636488199234009 | [-0.01] | -1.3800680046649703e-05
-0.5442595481872559 | [0.01] | -5.059302022578903e-06
-0.5247047543525696 | [0.03] | -6.522824383887133e-05
-0.505103349685669 | [0.04] | -0.00018847850393804565
-0.48557543754577637 | [0.06] | -0.0003674979723740423
-0.46624115109443665 | [0.08] | -0.0005937372808549339
-0.4472193419933319 | [0.09] | -0.0008576903364431763
-0.42862647771835327 | [0.11] | -0.0011491949356015007
-0.4105755090713501 | [0.12] | -0.0014577402163299736
-0.393174946308136 | [0.13] | -0.0017727677538957266
-0.3765280842781067 | [0.14] | -0.002083953347288204
-0.3607322573661804 | [0.15] | -0.0023814674047299956
-0.3458784520626068 | [0.16] | -0.002656198804319425
-0.33205080032348633 | [0.17] | -0.0028999531190537337
-0.3193265497684479 | [0.18] | -0.0031056063648181877
-0.30777591466903687 | [0.18] | -0.0032672336829091078
-0.2974620461463928 | [0.18] | -0.003380208588814889
-0.2884413003921509 | [0.19] | -0.003441268321619249
-0.28076326847076416 | [0.19] | -0.003448566614487965
-0.27447107434272766 | [0.18] | -0.003401699460391108
-0.2696015238761902 | [0.18] | -0.0033017185993791612
-0.26618534326553345 | [0.18] | -0.0031511266421746587
-0.26424723863601685 | [0.17] | -0.0029538612102766077
-0.2638060748577118 | [0.16] | -0.002715257254354771
-0.26487481594085693 | [0.16] | -0.0024419968468165805
-0.26746055483818054 | [0.15] | -0.0021420324591211264
-0.271564245223999 | [0.14] | -0.001824491559935481
-0.277180552482605 | [0.12] | -0.0014995464294974877
-0.28429752588272095 | [0.11] | -0.0011782537386330338
-0.29289618134498596 | [0.09] | -0.0008723582831698102
-0.3029501438140869 | [0.08] | -0.0005940561728627167
-0.31442514061927795 | [0.06] | -0.0003557221280892212
-0.3272785246372223 | [0.04] | -0.0001695996076577346
-0.34145885705947876 | [0.02] | -4.746005719375308e-05
-0.35690560936927795 | [0.] | -2.4063638360877907e-07
-0.3735487759113312 | [-0.02] | -3.7673476640520676e-05
-0.3913087844848633 | [-0.04] | -0.00016791961127529594
-0.4100966155529022 | [-0.06] | -0.00039722822405960324
-0.4298138916492462 | [-0.09] | -0.0007296379202964972
-0.4503534436225891 | [-0.11] | -0.0011667413751243725
-0.4715999364852905 | [-0.13] | -0.0017075280424408913
-0.49343085289001465 | [-0.15] | -0.0023483214864117394
-0.5157175660133362 | [-0.18] | -0.00308281430988086
-0.5383267402648926 | [-0.2] | -0.003902207841856671
-0.5611218214035034 | [-0.22] | -0.004795446215121586
-0.5839645862579346 | [-0.24] | -0.00574953129984664
-0.6067166924476624 | [-0.26] | -0.0067498998556839015
-0.6292415857315063 | [-0.28] | -0.007780859557973731
-0.6514057517051697 | [-0.3] | -0.008826016160437468
-0.673080325126648 | [-0.31] | -0.00986871989305974
-0.69414222240448 | [-0.33] | -0.010892470564578817
-0.714475154876709 | [-0.34] | -0.011881282140820902
-0.7339705228805542 | [-0.36] | -0.012820004493677368
-0.7525278329849243 | [-0.37] | -0.013694568444981396
-0.7700551152229309 | [-0.38] | -0.014492186320582957
-0.7864688634872437 | [-0.39] | -0.015201483043956973
-0.8016940355300903 | [-0.4] | -0.015812588060931734
-0.8156636357307434 | [-0.4] | -0.016317177242296158
-0.8283183574676514 | [-0.41] | -0.016708493176720587
-0.8396061062812805 | [-0.41] | -0.016981346668068616
-0.8494813442230225 | [-0.41] | -0.017132094859911108
-0.8579044938087463 | [-0.41] | -0.017158623986158434
-0.8648413419723511 | [-0.41] | -0.017060331134414384
-0.870262622833252 | [-0.41] | -0.016838124581422136
-0.8741434216499329 | [-0.41] | -0.016494411978058354
-0.8764628171920776 | [-0.4] | -0.016033108875286233
-0.8772037029266357 | [-0.39] | -0.015459658108275052
-0.8763524889945984 | [-0.38] | -0.014781034793397464
-0.8738992214202881 | [-0.37] | -0.014005769569967042
-0.8698376417160034 | [-0.36] | -0.013143948392333835
-0.8641654849052429 | [-0.35] | -0.012207202081246357
-0.8568848967552185 | [-0.33] | -0.01120866806870082
-0.8480030298233032 | [-0.32] | -0.010162918830159256
-0.8375325798988342 | [-0.3] | -0.009085833043793238
-0.8254927396774292 | [-0.28] | -0.007994431916569964
-0.8119099140167236 | [-0.26] | -0.006906632319972139
-0.7968186736106873 | [-0.24] | -0.005840946043605983
-0.7802626490592957 | [-0.22] | -0.004816104657839726
-0.7622954845428467 | [-0.2] | -0.003850625744670211
-0.7429815530776978 | [-0.17] | -0.0029623158884900273
-0.7223966717720032 | [-0.15] | -0.002167743793336146
-0.7006284594535828 | [-0.12] | -0.0014816896014049443
-0.6777766942977905 | [-0.1] | -0.0009166169671916445
-0.653952956199646 | [-0.07] | -0.00048217873812508665
-0.6292804479598999 | [-0.04] | -0.00018481394422822787
-0.6038930416107178 | [-0.02] | -2.7445728077104525e-05
-0.5779340863227844 | [0.01] | -9.320090337352748e-06
-0.5515549182891846 | [0.04] | -0.00012599861297163533
-0.5249131321907043 | [0.06] | -0.0003695088778529768
-0.49817028641700745 | [0.09] | -0.000728650015588708
-0.47148993611335754 | [0.11] | -0.001189427428318943
-0.4450352191925049 | [0.13] | -0.001735593960084262
-0.4189666509628296 | [0.15] | -0.002349254818174317
-0.3934400975704193 | [0.17] | -0.003011496931283301
-0.3686048090457916 | [0.19] | -0.003703010434667668
-0.34460189938545227 | [0.21] | -0.00440466163073414
-0.32156306505203247 | [0.23] | -0.005097997274601796
-0.2996097207069397 | [0.24] | -0.005765663652792881
-0.27885252237319946 | [0.25] | -0.006391731537572207
-0.2593911588191986 | [0.26] | -0.006961937169010043
-0.24131450057029724 | [0.27] | -0.0074638386801861
-0.22470103204250336 | [0.28] | -0.00788690808544759
-0.20961947739124298 | [0.29] | -0.008222569419534937
-0.19612954556941986 | [0.29] | -0.008464203927402186
-0.1842828094959259 | [0.29] | -0.008607132945559575
-0.1741235852241516 | [0.29] | -0.008648592800437725
-0.16568982601165771 | [0.29] | -0.00858770916366291
-0.15901395678520203 | [0.29] | -0.008425480243411587
-0.15412357449531555 | [0.29] | -0.008164772447952344
-0.15104208886623383 | [0.28] | -0.007810324787271904
-0.14978909492492676 | [0.27] | -0.007368768852876073
-0.15038073062896729 | [0.26] | -0.006848645833397331
-0.15282969176769257 | [0.25] | -0.0062604285143801385
-0.15714514255523682 | [0.24] | -0.005616526167442471
-0.16333240270614624 | [0.22] | -0.004931266574708521
-0.17139239609241486 | [0.21] | -0.004220841527198473
-0.18132096529006958 | [0.19] | -0.0035031967003673844
-0.1931079477071762 | [0.17] | -0.002797856986082795
-0.20673610270023346 | [0.15] | -0.002125668180679795
-0.22217996418476105 | [0.12] | -0.0015084444883412189
-0.23940451443195343 | [0.1] | -0.000968516246679489
-0.25836390256881714 | [0.07] | -0.000528174190073362
-0.2790001630783081 | [0.05] | -0.00020901875796178887
-0.30124208331108093 | [0.02] | -3.123194161536724e-05
-0.3250041902065277 | [-0.01] | -1.2801519860673213e-05
-0.35018616914749146 | [-0.04] | -0.00016873604725456761
-0.3766724765300751 | [-0.07] | -0.0005103220820831683
-0.40433254837989807 | [-0.1] | -0.0010444782355928089
-0.4330214560031891 | [-0.13] | -0.0017732622954329804
-0.4625811278820038 | [-0.16] | -0.0026935810278797996
-0.49284204840660095 | [-0.19] | -0.0037971383823520834
-0.5236256122589111 | [-0.23] | -0.005070643273526183
-0.5547467470169067 | [-0.25] | -0.006496267495460008
-0.5860169529914856 | [-0.28] | -0.008052324253185819
-0.6172474026679993 | [-0.31] | -0.00971411803473108
-0.6482521891593933 | [-0.34] | -0.01145489820180376
-0.6788513660430908 | [-0.36] | -0.013246847455803868
-0.7088737487792969 | [-0.39] | -0.015062028805328335
-0.7381591796875 | [-0.41] | -0.016873229661824713
-0.7665603756904602 | [-0.43] | -0.01865466114070596
-0.7939443588256836 | [-0.45] | -0.0203825032001438
-0.8201930522918701 | [-0.47] | -0.022035249493833165
-0.8452035188674927 | [-0.49] | -0.023593902106077872
-0.868887722492218 | [-0.5] | -0.025042023795054325
-0.8911718130111694 | [-0.51] | -0.02636566622018313
-0.911994993686676 | [-0.52] | -0.027553212208925665
-0.931308388710022 | [-0.53] | -0.028595183645527336
-0.9490734934806824 | [-0.54] | -0.029483998184415206
-0.9652606248855591 | [-0.55] | -0.030213738083397324
-0.9798474311828613 | [-0.55] | -0.030779931735349892
-0.9928172826766968 | [-0.56] | -0.031179355133298517
-1.0041579008102417 | [-0.56] | -0.03140988081102011
-1.0138599872589111 | [-0.56] | -0.0314703562150394
-1.0219160318374634 | [-0.56] | -0.0313605314062696
-1.028319239616394 | [-0.56] | -0.031081026811417573
-1.0330628156661987 | [-0.55] | -0.030633362321530605
-1.0361387729644775 | [-0.55] | -0.030019966319847154
-1.037537932395935 | [-0.54] | -0.029244322659456395
-1.0372493267059326 | [-0.53] | -0.02831107826194757
-1.0352599620819092 | [-0.52] | -0.027226199364112497
-1.031554937362671 | [-0.51] | -0.02599717046990623
-1.0261174440383911 | [-0.5] | -0.02463318346445381
-1.0189294815063477 | [-0.48] | -0.023145383063589563
-1.009972095489502 | [-0.46] | -0.021547048430059598
-0.9992265701293945 | [-0.45] | -0.01985382269270849
-0.9866752624511719 | [-0.43] | -0.018083854163844053
-0.9723029136657715 | [-0.4] | -0.0162579027458451
-0.956098198890686 | [-0.38] | -0.014399363021454836
-0.9380555152893066 | [-0.35] | -0.012534179000129078
-0.9181766510009766 | [-0.33] | -0.010690598315782738
-0.896473228931427 | [-0.3] | -0.008898807090913898
-0.8729684948921204 | [-0.27] | -0.007190334659656962
-0.847699761390686 | [-0.24] | -0.0055973043990519425
-0.8207204937934875 | [-0.2] | -0.0041514863946245295
-0.7921019792556763 | [-0.17] | -0.0028831806045462043
-0.7619352340698242 | [-0.13] | -0.001820015178059328
-0.7303317785263062 | [-0.1] | -0.0009856781087910483
-0.6974242329597473 | [-0.06] | -0.0003987186831787745
-0.6633660197257996 | [-0.03] | -7.149394454018309e-05
-0.6283301115036011 | [0.01] | -9.375001972674036e-06
-0.5925070643424988 | [0.05] | -0.000210304351550691
-0.5561020970344543 | [0.08] | -0.0006647640030798924
-0.5193313956260681 | [0.12] | -0.0013561799450693898
-0.482418030500412 | [0.15] | -0.00226173208153382
-0.445587158203125 | [0.18] | -0.003353510224754648
-0.40906137228012085 | [0.21] | -0.004599899761854176
-0.3730560839176178 | [0.24] | -0.005967073860529257
-0.33777546882629395 | [0.27] | -0.007420458795618335
-0.30340883135795593 | [0.3] | -0.008926063471653551
-0.2701279819011688 | [0.32] | -0.010451584271274562
-0.23808524012565613 | [0.35] | -0.011967239007577015
-0.20741255581378937 | [0.37] | -0.013446313916393254
-0.17822127044200897 | [0.39] | -0.014865443319302674
-0.15060274302959442 | [0.4] | -0.01620466305288082
-0.12462954223155975 | [0.42] | -0.01744728098917694
-0.10035707801580429 | [0.43] | -0.018579630935098186
-0.07782559841871262 | [0.44] | -0.019590747115470042
-0.05706236883997917 | [0.45] | -0.020472007445005568
-0.03808390721678734 | [0.46] | -0.021216783730274247
-0.02089821919798851 | [0.47] | -0.021820113440023905
-0.0055069392547011375 | [0.47] | -0.022278414574154623
0.008092681877315044 | [0.48] | -0.022589252263532547
0.01990596204996109 | [0.48] | -0.022751160577207122
0.02993917092680931 | [0.48] | -0.022763519088761792
0.03819812461733818 | [0.48] | -0.022626487518529078
0.04468698427081108 | [0.47] | -0.022340991621757084
0.049407269805669785 | [0.47] | -0.021908762282781245
0.05235707014799118 | [0.46] | -0.02133242274696134
0.05353045091032982 | [0.45] | -0.02061562329939738
0.05291706696152687 | [0.44] | -0.019763220031083936
0.050501953810453415 | [0.43] | -0.018781493143987547
0.04626554250717163 | [0.42] | -0.017678403927987408
0.040183860808610916 | [0.41] | -0.016463879491013703
0.03222895786166191 | [0.39] | -0.015150119744527507
0.02236957848072052 | [0.37] | -0.01375191339928262
0.010572080500423908 | [0.35] | -0.012286944591658182
-0.003198369173333049 | [0.33] | -0.0107760679624902
-0.018976300954818726 | [0.3] | -0.009243526004420494
-0.036794133484363556 | [0.28] | -0.007717068274047934
-0.05668005719780922 | [0.25] | -0.006227936004980059
-0.07865558564662933 | [0.22] | -0.004810666719347658
-0.1027328372001648 | [0.19] | -0.0035026686881466183
-0.1289115697145462 | [0.15] | -0.0023435308891005344
-0.15717603266239166 | [0.12] | -0.0013740356128834176
-0.18749184906482697 | [0.08] | -0.0006348621165069011
-0.21980299055576324 | [0.04] | -0.00016501129581976277
-0.2540290951728821 | [0.] | -5.920876461340541e-09
-0.2900633215904236 | [-0.04] | -0.00016997564681258824
-0.3277710974216461 | [-0.08] | -0.0006977733618090932
-0.3669898211956024 | [-0.13] | -0.001597305004301702
-0.4075299799442291 | [-0.17] | -0.0028722691199675413
-0.4491773843765259 | [-0.21] | -0.004515480228928781
-0.4916970431804657 | [-0.26] | -0.006508911706601584
-0.5348383188247681 | [-0.3] | -0.00882451022799779
-0.5783408880233765 | [-0.34] | -0.011425728055065306
-0.6219417452812195 | [-0.38] | -0.014269653586069088
-0.6653823256492615 | [-0.42] | -0.017309511748470334
-0.7084153890609741 | [-0.45] | -0.020497270293157746
-0.7508113384246826 | [-0.49] | -0.02378611057070101
-0.792363703250885 | [-0.52] | -0.02713255527486204
-0.8328930735588074 | [-0.55] | -0.030498084766171746
-0.872249960899353 | [-0.58] | -0.03385021580138327
-0.9103160500526428 | [-0.61] | -0.037163031510195496
-0.9470043778419495 | [-0.64] | -0.04041726070070928
-0.9822584390640259 | [-0.66] | -0.043599992142294534
-1.0160502195358276 | [-0.68] | -0.04670413420280386
-1.0483779907226562 | [-0.71] | -0.04972778306618552
-1.0792635679244995 | [-0.73] | -0.052673517900491656
-1.1087493896484375 | [-0.75] | -0.05554773260983428
-1.1368956565856934 | [-0.76] | -0.05836004044822777
-1.1637778282165527 | [-0.78] | -0.06112280850353446
-1.1894840002059937 | [-0.8] | -0.0638507490500554
-1.2000000476837158 | [-0.68] | -0.046240005836487
-1.1987781524658203 | [-0.67] | -0.045264753890356675
-1.1963194608688354 | [-0.66] | -0.04414197674491174
-1.1926034688949585 | [-0.65] | -0.04287145576211628
-1.1876037120819092 | [-0.64] | -0.04145356964046465
-1.181288242340088 | [-0.63] | -0.03988958015655415
-1.1736197471618652 | [-0.62] | -0.0381818982816071
-1.1645557880401611 | [-0.6] | -0.036334387899570934
-1.154049277305603 | [-0.59] | -0.03435271300918246
-1.1420493125915527 | [-0.57] | -0.032244736245312364
-1.1285016536712646 | [-0.55] | -0.030020876067387514
-1.1133497953414917 | [-0.53] | -0.02769451315664706
-1.09653639793396 | [-0.5] | -0.02528239057146698
-1.0780045986175537 | [-0.48] | -0.022804938060370664
-1.0576997995376587 | [-0.45] | -0.020286536451193563
-1.035571813583374 | [-0.42] | -0.017755674974990452
-1.0115774869918823 | [-0.39] | -0.015244952659804568
-0.985683023929596 | [-0.36] | -0.012790815734665218
-0.9578675031661987 | [-0.32] | -0.010433100420296106
-0.9281257390975952 | [-0.29] | -0.008214198108445703
-0.8964716792106628 | [-0.25] | -0.006177917771209724
-0.8629416823387146 | [-0.21] | -0.0043679998582619095
-0.8275974988937378 | [-0.17] | -0.0028263287916093175
-0.7905286550521851 | [-0.13] | -0.0015909210626392709
-0.7518543004989624 | [-0.08] | -0.0006938384761009507
-0.7117236256599426 | [-0.04] | -0.0001591844511210694
-0.6703155636787415 | [0.] | -1.4108969599678004e-06
-0.6278367042541504 | [0.05] | -0.00022411969738924927
-0.5845177173614502 | [0.09] | -0.0008195491075132296
-0.5406085848808289 | [0.13] | -0.0017688441073898987
-0.49637243151664734 | [0.17] | -0.0030431233848411
-0.45207858085632324 | [0.21] | -0.004605249732836692
-0.4079951345920563 | [0.25] | -0.006412116499996988
-0.3643816113471985 | [0.29] | -0.008417202089608139
-0.3214821517467499 | [0.33] | -0.010573123584312588
-0.27951961755752563 | [0.36] | -0.012833949087577423
-0.238691046833992 | [0.39] | -0.015157074309888744
-0.199164479970932 | [0.42] | -0.017504585841635233
-0.16107720136642456 | [0.45] | -0.019844076950217428
-0.1245354637503624 | [0.47] | -0.022148953977198918
-0.08961533010005951 | [0.49] | -0.024398349312924235
-0.056364476680755615 | [0.52] | -0.026576730215287555
-0.024804677814245224 | [0.54] | -0.028673324462084378
0.00506525207310915 | [0.55] | -0.030681448417947583
0.033266332000494 | [0.57] | -0.03259783107469976
0.05983626842498779 | [0.59] | -0.03442196275689798
0.08482643216848373 | [0.6] | -0.03615552052119549
0.10829905420541763 | [0.61] | -0.03780186952174511
0.13032470643520355 | [0.63] | -0.03936565267276767
0.150980144739151 | [0.64] | -0.0408524674340438
0.1703464239835739 | [0.65] | -0.04226861032099749
0.1885073184967041 | [0.66] | -0.04362088107363415
0.20554813742637634 | [0.67] | -0.04491645420888135
0.2215546816587448 | [0.68] | -0.04616277917948646
0.23661257326602936 | [0.69] | -0.04736753373239094
0.25080665946006775 | [0.7] | -0.04853858624697059
0.2642206847667694 | [0.7] | -0.04968399839973346
0.2769371271133423 | [0.71] | -0.050812045957775435
0.28903713822364807 | [0.72] | -0.05193125386032578
0.30060049891471863 | [0.73] | -0.053050436863844364
0.31170591711997986 | [0.74] | -0.05417878466115066
0.32243111729621887 | [0.74] | -0.05532592623333006
0.33285319805145264 | [0.75] | -0.0565020337671959
0.343049019575119 | [0.76] | -0.057717942141574156
0.35309556126594543 | [0.77] | -0.058985270866613086
0.36307039856910706 | [0.78] | -0.0603165818793776
0.3730522096157074 | [0.79] | -0.061725552905127545
0.38312140107154846 | [0.8] | -0.06322719321819313
0.3933606743812561 | [0.81] | -0.06483807861540522
0.40385565161705017 | [0.82] | -0.06657662059662937
0.4146956503391266 | [0.83] | -0.06846340393657376
0.4259744882583618 | [0.84] | -0.0705215670178503
0.43779122829437256 | [0.85] | 99.92722276417318
Total reward: 94.1960615765193
0.9, 5.0, 0.4
parameter ends

state | action | reward
[-0.45] | [-0.] | -1.3090175238170607e-06
-0.4490286707878113 | [-0.01] | -4.825632609465128e-06
-0.45015788078308105 | [-0.01] | -1.1638480117070815e-05
-0.45184963941574097 | [-0.02] | -2.2871962053716522e-05
-0.45409804582595825 | [-0.02] | -3.972182529957585e-05
-0.4568938612937927 | [-0.03] | -6.34207739969234e-05
-0.4602243900299072 | [-0.03] | -9.520067329530599e-05
-0.46407365798950195 | [-0.04] | -0.0001362540423610897
-0.4684223532676697 | [-0.04] | -0.00018769362467165545
-0.4732479751110077 | [-0.05] | -0.00025051315450667276
-0.4785248637199402 | [-0.06] | -0.0003255485004380176
-0.4842243790626526 | [-0.06] | -0.0004134422309368597
-0.49031496047973633 | [-0.07] | -0.0005146103992014911
-0.49676236510276794 | [-0.08] | -0.0006292155378669709
-0.5035297870635986 | [-0.09] | -0.0007571434109506282
-0.5105781555175781 | [-0.09] | -0.0008979885302746459
-0.517866313457489 | [-0.1] | -0.001051044570821604
-0.5253512263298035 | [-0.11] | -0.001215302234780346
-0.5329883694648743 | [-0.12] | -0.0013894577979032057
-0.5407319068908691 | [-0.13] | -0.001571925418899695
-0.5485350489616394 | [-0.13] | -0.0017608597787711257
-0.5563504099845886 | [-0.14] | -0.0019541861053263172
-0.5641302466392517 | [-0.15] | -0.0021496336833990853
-0.5718267560005188 | [-0.15] | -0.002344775112480716
-0.5793924927711487 | [-0.16] | -0.002537073979657665
-0.5867806673049927 | [-0.17] | -0.0027239328846762672
-0.5939453840255737 | [-0.17] | -0.002902741122588761
-0.6008419394493103 | [-0.18] | -0.003070925872180659
-0.6074272394180298 | [-0.18] | -0.0032260069987013044
-0.6136597990989685 | [-0.18] | -0.003365637325328095
-0.6195002794265747 | [-0.19] | -0.00348765873638525
-0.6249115467071533 | [-0.19] | -0.0035901394444970433
-0.6298587918281555 | [-0.19] | -0.003671409487428399
-0.6343099474906921 | [-0.19] | -0.0037301023440065445
-0.6382356286048889 | [-0.19] | -0.0037651752397593464
-0.6416094899177551 | [-0.19] | -0.003775938151499414
-0.644408106803894 | [-0.19] | -0.003762061251556113
-0.6466112732887268 | [-0.19] | -0.0037235904307140175
-0.648202121257782 | [-0.19] | -0.0036609505199613154
-0.6491670608520508 | [-0.19] | -0.003574935916958243
-0.6494959592819214 | [-0.19] | -0.00346670329389322
-0.6491822004318237 | [-0.18] | -0.003337753715275385
-0.6482227444648743 | [-0.18] | -0.003189908478135005
-0.646618127822876 | [-0.17] | -0.0030252770349945787
-0.6443725824356079 | [-0.17] | -0.0028462230982028063
-0.6414939761161804 | [-0.16] | -0.0026553197154495184
-0.6379938721656799 | [-0.16] | -0.002455303776602953
-0.6338875889778137 | [-0.15] | -0.0022490261617753205
-0.6291941404342651 | [-0.14] | -0.002039395478307609
-0.623936116695404 | [-0.14] | -0.0018293187854210525
-0.6181397438049316 | [-0.13] | -0.001621646420362509
-0.6118347644805908 | [-0.12] | -0.0014191130968840625
-0.6050544381141663 | [-0.11] | -0.001224283521501301
-0.5978352427482605 | [-0.1] | -0.0010394954263430749
-0.5902167558670044 | [-0.09] | -0.0008668125212993388
-0.5822416543960571 | [-0.08] | -0.0007079854260677378
-0.5739551782608032 | [-0.08] | -0.0005644114461002516
-0.5654051899909973 | [-0.07] | -0.0004371139619267101
-0.5566416382789612 | [-0.06] | -0.00032672224739085454
-0.5477163791656494 | [-0.05] | -0.00023346780431865455
-0.5386828780174255 | [-0.04] | -0.00015718942612725538
-0.5295957922935486 | [-0.03] | -9.734796514352688e-05
-0.5205104947090149 | [-0.02] | -5.305188387855438e-05
-0.5114828944206238 | [-0.02] | -2.3094001423643636e-05
-0.5025689601898193 | [-0.01] | -5.994457752019609e-06
-0.4938242435455322 | [-0.] | -5.1596324923079e-08
-0.4853036403656006 | [0.01] | -3.398646069433649e-06
-0.47706085443496704 | [0.01] | -1.4063847668513043e-05
-0.469148188829422 | [0.02] | -3.003269629044837e-05
-0.4616160988807678 | [0.02] | -4.931052098792416e-05
-0.45451289415359497 | [0.03] | -6.998365255872159e-05
-0.4478844404220581 | [0.03] | -9.027758194322667e-05
-0.441773921251297 | [0.03] | -0.00010861049430400683
-0.43622151017189026 | [0.04] | -0.00012364181543354506
-0.431264191865921 | [0.04] | -0.00013431340458857098
-0.4269355833530426 | [0.04] | -0.00013988326302860754
-0.4232657253742218 | [0.04] | -0.00013995135640259396
-0.42028096318244934 | [0.04] | -0.0001344762409856674
-0.41800370812416077 | [0.04] | -0.00012378354386362902
-0.41645246744155884 | [0.03] | -0.00010856337742567773
-0.4156416356563568 | [0.03] | -8.986008288386329e-05
-0.41558143496513367 | [0.03] | -6.90516914087218e-05
-0.41627785563468933 | [0.02] | -4.782034686581782e-05
-0.4177325367927551 | [0.02] | -2.811422334036955e-05
-0.41994279623031616 | [0.01] | -1.2100527468856593e-05
-0.4229014813899994 | [0.] | -2.111559745106218e-06
-0.42659708857536316 | [-0.] | -5.834092141551437e-07
-0.4310136139392853 | [-0.01] | -9.98963103405505e-06
-0.4361306130886078 | [-0.02] | -3.2770222694410573e-05
-0.44192326068878174 | [-0.03] | -7.125825810453567e-05
-0.44836241006851196 | [-0.04] | -0.00012760584403970822
-0.45541465282440186 | [-0.05] | -0.00020371106096953823
-0.46304240822792053 | [-0.05] | -0.00030114808179595683
-0.47120416164398193 | [-0.06] | -0.00042110375819769835
-0.4798545837402344 | [-0.08] | -0.0005643209869950326
-0.4889448285102844 | [-0.09] | -0.0007310529536729032
-0.498422771692276 | [-0.1] | -0.0009210284865724797
-0.5082333087921143 | [-0.11] | -0.0011334304649862528
-0.518318772315979 | [-0.12] | -0.0013668901555540154
-0.5286191701889038 | [-0.13] | -0.0016194925477237905
-0.5390728116035461 | [-0.14] | -0.0018888034767630545
-0.5496165752410889 | [-0.15] | -0.002171904273996109
-0.560186505317688 | [-0.16] | -0.002465445890865857
-0.5707181096076965 | [-0.17] | -0.0027657077320387916
-0.5811468958854675 | [-0.18] | -0.00306867232638044
-0.5914090275764465 | [-0.18] | -0.0033701121796369765
-0.6014414429664612 | [-0.19] | -0.003665665863378199
-0.6111825108528137 | [-0.2] | -0.003950933505398908
-0.6205723881721497 | [-0.21] | -0.00422156544849012
-0.6295533776283264 | [-0.21] | -0.004473348796476859
-0.638070285320282 | [-0.22] | -0.004702291985423693
-0.646070659160614 | [-0.22] | -0.0049047002620474615
-0.653505265712738 | [-0.23] | -0.005077255337642479
-0.6603280305862427 | [-0.23] | -0.005217066733371534
-0.6664964556694031 | [-0.23] | -0.005321735596636926
-0.6719716787338257 | [-0.23] | -0.005389395215424133
-0.6767187118530273 | [-0.23] | -0.005418750905113316
-0.6807065010070801 | [-0.23] | -0.0054091039298210875
-0.6839079856872559 | [-0.23] | -0.00536036549792489
-0.6863002777099609 | [-0.23] | -0.005273067467752572
-0.6878646016120911 | [-0.23] | -0.0051483531901205136
-0.6885865330696106 | [-0.22] | -0.004987971057549761
-0.6884559988975525 | [-0.22] | -0.004794248336995049
-0.6874672770500183 | [-0.21] | -0.004570055025737097
-0.6856191158294678 | [-0.21] | -0.004318762630583866
-0.6829147934913635 | [-0.2] | -0.0040441904093502755
-0.6793622374534607 | [-0.19] | -0.0037505439449640765
-0.6749740242958069 | [-0.19] | -0.0034423396778907283
-0.6697673797607422 | [-0.18] | -0.003124321648765748
-0.6637644171714783 | [-0.17] | -0.0028013782542461647
-0.6569919586181641 | [-0.16] | -0.0024784391735133103
-0.6494817137718201 | [-0.15] | -0.002160379843034664
-0.641270101070404 | [-0.14] | -0.00185191334303869
-0.6323983073234558 | [-0.12] | -0.001557490321376317
-0.6229121088981628 | [-0.11] | -0.0012811964281019307
-0.6128618121147156 | [-0.1] | -0.00102665959736115
-0.6023020148277283 | [-0.09] | -0.0007969637624506199
-0.5912913084030151 | [-0.08] | -0.0005945753255287593
-0.5798920392990112 | [-0.06] | -0.0004212869954723307
-0.5681699514389038 | [-0.05] | -0.0002781778502147884
-0.5561937093734741 | [-0.04] | -0.0001655926506469171
-0.5440344214439392 | [-0.03] | -8.314314825632311e-05
-0.5317652225494385 | [-0.02] | -2.973099405532303e-05
-0.5194606184959412 | [-0.01] | -3.5899791602889044e-06
-0.5071960687637329 | [0.] | -2.3486991975575777e-06
-0.4950472116470337 | [0.02] | -2.310948574534131e-05
-0.483089417219162 | [0.03] | -6.254230410217538e-05
-0.47139719128608704 | [0.03] | -0.00011698905054638864
-0.4600435793399811 | [0.04] | -0.00018257564101695445
-0.44909965991973877 | [0.05] | -0.00025532767618777625
-0.4386340379714966 | [0.06] | -0.0003312862993630149
-0.4287124276161194 | [0.06] | -0.0004066206784471464
-0.4193972647190094 | [0.07] | -0.00047773444784605945
-0.4107472598552704 | [0.07] | -0.0005413649156497113
-0.4028171896934509 | [0.08] | -0.0005946699703205669
-0.39565762877464294 | [0.08] | -0.0006353041117464989
-0.3893146812915802 | [0.08] | -0.0006614822518241246
-0.38382983207702637 | [0.08] | -0.0006720287926197636
-0.37923985719680786 | [0.08] | -0.0006664122597809914
-0.37557658553123474 | [0.08] | -0.0006447681968337926
-0.3728668987751007 | [0.08] | -0.0006079043183748896
-0.37113261222839355 | [0.07] | -0.0005572931481285709
-0.370390385389328 | [0.07] | -0.0004950497258892031
-0.3706516623497009 | [0.07] | -0.00042389431326078425
-0.3719225525856018 | [0.06] | -0.00034710124826223417
-0.37420377135276794 | [0.05] | -0.00026843244435797547
-0.3774906098842621 | [0.04] | -0.00019205656284025787
-0.3817727565765381 | [0.03] | -0.0001224560469333919
-0.3870343267917633 | [0.03] | -6.431958437516519e-05
-0.3932536542415619 | [0.01] | -2.2425123545788762e-05
-0.40040338039398193 | [0.] | -1.5118542763406466e-06
-0.4084503650665283 | [-0.01] | -6.1469331156036e-06
-0.41735565662384033 | [-0.02] | -4.058813625359018e-05
-0.4270745515823364 | [-0.03] | -0.00010864673259168258
-0.43755674362182617 | [-0.05] | -0.00021355555399924853
-0.4487464427947998 | [-0.06] | -0.00035784631627744926
-0.46058255434036255 | [-0.07] | -0.0005432403832169422
-0.47299903631210327 | [-0.09] | -0.0007705595122984927
-0.48592522740364075 | [-0.1] | -0.0010396588934874077
-0.49928632378578186 | [-0.12] | -0.0013493873098603675
-0.5130038261413574 | [-0.13] | -0.001697574880889713
-0.5269962549209595 | [-0.14] | -0.0020810552032845004
-0.5411795377731323 | [-0.16] | -0.0024957086186607087
-0.5554680228233337 | [-0.17] | -0.0029365489523439474
-0.569774866104126 | [-0.18] | -0.003397818531441001
-0.584013044834137 | [-0.2] | -0.003873122542937526
-0.5980957746505737 | [-0.21] | -0.004355561805748693
-0.6119374632835388 | [-0.22] | -0.00483789506929946
-0.6254542469978333 | [-0.23] | -0.005312695081943559
-0.6385647058486938 | [-0.24] | -0.0057725124281931585
-0.6511902809143066 | [-0.25] | -0.006210026581324438
-0.6632559299468994 | [-0.26] | -0.006618200442689179
-0.6746904253959656 | [-0.26] | -0.006990411079711755
-0.6854267120361328 | [-0.27] | -0.007320572613564995
-0.6954022645950317 | [-0.28] | -0.007603246606522857
-0.7045592069625854 | [-0.28] | -0.007833729148271816
-0.7128444910049438 | [-0.28] | -0.008008127448867614
-0.7202098965644836 | [-0.29] | -0.008123414541501228
-0.7266122698783875 | [-0.29] | -0.008177484817295145
-0.7320134043693542 | [-0.29] | -0.008169178775013127
-0.7363800406455994 | [-0.28] | -0.008098302817514036
-0.7396838665008545 | [-0.28] | -0.007965636998919516
-0.7419015765190125 | [-0.28] | -0.007772935258471208
-0.7430147528648376 | [-0.27] | -0.007522903455990901
-0.7430099844932556 | [-0.27] | -0.007219177562530542
-0.7418789863586426 | [-0.26] | -0.006866286948437924
-0.7396184206008911 | [-0.25] | -0.0064695885088790475
-0.7362303137779236 | [-0.25] | -0.006035213519742165
-0.7317219376564026 | [-0.24] | -0.005569971043248426
-0.7261061072349548 | [-0.23] | -0.0050812530423915495
-0.7194012999534607 | [-0.21] | -0.0045769130983434264
-0.7116318941116333 | [-0.2] | -0.004065131598879349
-0.7028282880783081 | [-0.19] | -0.0035542598547702066
-0.6930270791053772 | [-0.17] | -0.0030526524472261904
-0.6822712421417236 | [-0.16] | -0.0025684887591708797
-0.670610249042511 | [-0.15] | -0.0021095851382381325
-0.658099889755249 | [-0.13] | -0.0016831995051112257
-0.6448025703430176 | [-0.11] | -0.0012958542728988532
-0.6307868361473083 | [-0.1] | -0.0009531529307194854
-0.6161274313926697 | [-0.08] | -0.0006596310536416842
-0.6009047627449036 | [-0.06] | -0.0004186215670504197
-0.585204541683197 | [-0.05] | -0.0002321598876819031
-0.5691171884536743 | [-0.03] | -0.00010092463774102238
-0.5527371764183044 | [-0.02] | -2.4221473773877735e-05
-0.5361621975898743 | [0.] | -1.0811243378094184e-08
-0.5194925665855408 | [0.02] | -2.4979666113751095e-05
-0.5028300285339355 | [0.03] | -9.465341396834871e-05
-0.4862769842147827 | [0.05] | -0.00020354493440315918
-0.4699355959892273 | [0.06] | -0.00034533173125499454
-0.4539068043231964 | [0.07] | -0.0005130554671497997
-0.43828946352005005 | [0.08] | -0.000699335080913245
-0.4231795370578766 | [0.09] | -0.0008965835434133941
-0.4086693823337555 | [0.1] | -0.001097222229272832
-0.3948470950126648 | [0.11] | -0.0012938852981022309
-0.3817959725856781 | [0.12] | -0.0014796090336948746
-0.36959412693977356 | [0.13] | -0.0016480006275912753
-0.3583140969276428 | [0.13] | -0.0017933874377659414
-0.3480226695537567 | [0.14] | -0.0019109411438517278
-0.33878064155578613 | [0.14] | -0.0019967823296939053
-0.33064284920692444 | [0.14] | -0.002048057919651197
-0.3236580789089203 | [0.14] | -0.002063001886982421
-0.3178690969944 | [0.14] | -0.0020409740785172067
-0.31331270933151245 | [0.14] | -0.0019824800446224602
-0.31001970171928406 | [0.14] | -0.0018891762067894731
-0.30801498889923096 | [0.13] | -0.0017638514852378016
-0.3073175549507141 | [0.13] | -0.0016103958667099294
-0.30794042348861694 | [0.12] | -0.0014337484221462063
-0.30989062786102295 | [0.11] | -0.0012398243544073614
-0.31316906213760376 | [0.1] | -0.0010354223085135346
-0.3177703320980072 | [0.09] | -0.0008281073261080289
-0.3236825466156006 | [0.08] | -0.0006260699093496235
-0.33088716864585876 | [0.07] | -0.0004379582891539632
-0.33935868740081787 | [0.05] | -0.00027268867844017973
-0.3490643799304962 | [0.04] | -0.00013923026651826024
-0.3599641025066376 | [0.02] | -4.636970062490064e-05
-0.37201011180877686 | [0.] | -2.4610800342736884e-06
-0.3851467967033386 | [-0.01] | -1.5167233318666776e-05
-0.39931073784828186 | [-0.03] | -9.120033418709085e-05
-0.4144307076931 | [-0.05] | -0.00023607370225819599
-0.43042775988578796 | [-0.07] | -0.0004538741108507878
-0.44721558690071106 | [-0.09] | -0.0007470680445898011
-0.46470093727111816 | [-0.11] | -0.0011163513688695395
-0.4827842116355896 | [-0.12] | -0.001560553267116891
-0.5013601779937744 | [-0.14] | -0.002076599540001833
-0.5203189849853516 | [-0.16] | -0.0026595461284530286
-0.5395470261573792 | [-0.18] | -0.003302669531760999
-0.5589280724525452 | [-0.2] | -0.003997623945572132
-0.5783445835113525 | [-0.22] | -0.00473465543223718
-0.5976787209510803 | [-0.23] | -0.00550285057965844
-0.6168137192726135 | [-0.25] | -0.006290426521289787
-0.6356348991394043 | [-0.27] | -0.007085028522287407
-0.6540307998657227 | [-0.28] | -0.007874035116581806
-0.6718941330909729 | [-0.29] | -0.00864485425118883
-0.6891226172447205 | [-0.31] | -0.009385196647732701
-0.7056195735931396 | [-0.32] | -0.010083318634167511
-0.7212945222854614 | [-0.33] | -0.010728235994427397
-0.7360634803771973 | [-0.34] | -0.011309898640979314
-0.7498491406440735 | [-0.34] | -0.011819327983681007
-0.762580931186676 | [-0.35] | -0.012248724735937168
-0.7741949558258057 | [-0.35] | -0.01259154640954974
-0.7846338748931885 | [-0.36] | -0.012842563932894825
-0.7938466668128967 | [-0.36] | -0.012997895085104683
-0.8017882704734802 | [-0.36] | -0.013055021056443997
-0.8084192872047424 | [-0.36] | -0.013012796368416013
-0.8137058615684509 | [-0.36] | -0.01287146436101578
-0.817619264125824 | [-0.36] | -0.012632647223857
-0.8201356530189514 | [-0.35] | -0.012299340392659251
-0.8212360739707947 | [-0.34] | -0.011875914099262717
-0.8209061622619629 | [-0.34] | -0.011368084708998572
-0.8191362619400024 | [-0.33] | -0.010782898250313006
-0.8159216046333313 | [-0.32] | -0.010128698039164373
-0.811262309551239 | [-0.31] | -0.00941505792327975
-0.8051638007164001 | [-0.29] | -0.00865271187467237
-0.7976371049880981 | [-0.28] | -0.007853443000890309
-0.7886993288993835 | [-0.27] | -0.007029943866965052
-0.7783740758895874 | [-0.25] | -0.006195634016557325
-0.766692042350769 | [-0.23] | -0.005364442909982489
-0.7536916136741638 | [-0.21] | -0.0045505516452016065
-0.7394192814826965 | [-0.19] | -0.003768087490939314
-0.7239301800727844 | [-0.17] | -0.0030307938394653097
-0.7072885632514954 | [-0.15] | -0.0023516743072675107
-0.6895679831504822 | [-0.13] | -0.0017426199426078986
-0.670851469039917 | [-0.11] | -0.0012140442694273266
-0.6512314081192017 | [-0.09] | -0.000774538674577929
-0.6308093070983887 | [-0.07] | -0.00043057111430498684
-0.6096953749656677 | [-0.04] | -0.00018624467541669722
-0.5880075693130493 | [-0.02] | -4.313047255088561e-05
-0.5658708810806274 | [0.] | -1.9591975520994043e-07
-0.543415904045105 | [0.02] | -5.382699768043953e-05
-0.5207775831222534 | [0.04] | -0.00019795242712201643
-0.4980936646461487 | [0.07] | -0.0004242602910671553
-0.475503146648407 | [0.08] | -0.0007224955694445345
-0.4531446099281311 | [0.1] | -0.00108082202329138
-0.43115460872650146 | [0.12] | -0.0014862268689752687
-0.4096662104129791 | [0.14] | -0.0019249454167097335
-0.38880765438079834 | [0.15] | -0.0023828831246873535
-0.36870115995407104 | [0.17] | -0.00284601812952031
-0.34946197271347046 | [0.18] | -0.0033007670661929695
-0.33119770884513855 | [0.19] | -0.0037343026044210034
-0.31400778889656067 | [0.2] | -0.004134823910094966
-0.29798322916030884 | [0.21] | -0.0044917686041234285
-0.28320661187171936 | [0.22] | -0.004795977198479365
-0.2697521448135376 | [0.22] | -0.005039815548594103
-0.257686048746109 | [0.23] | -0.005217253437281731
-0.24706676602363586 | [0.23] | -0.005323924055672055
-0.2379455268383026 | [0.23] | -0.00535715110632369
-0.2303667515516281 | [0.23] | -0.0053159675550276606
-0.22436848282814026 | [0.23] | -0.005201121603425704
-0.21998284757137299 | [0.22] | -0.005015072637154245
-0.21723636984825134 | [0.22] | -0.004761983238290431
-0.2161501795053482 | [0.21] | -0.0044477039953930665
-0.2167401909828186 | [0.2] | -0.004079743717119492
-0.21901710331439972 | [0.19] | -0.0036672262913842904
-0.22298626601696014 | [0.18] | -0.003220825321781095
-0.2286473959684372 | [0.17] | -0.0027526697116430684
-0.23599420487880707 | [0.15] | -0.0022762101825595364
-0.24501390755176544 | [0.13] | -0.0018060403975450074
-0.25568652153015137 | [0.12] | -0.0013576685002610004
-0.2679842412471771 | [0.1] | -0.0009472262106539641
-0.28187063336372375 | [0.08] | -0.0005911213040862939
-0.29729989171028137 | [0.06] | -0.0003056298146025642
-0.31421607732772827 | [0.03] | -0.00010643695378453888
-0.332552433013916 | [0.01] | -8.137935181662427e-06
-0.3522309362888336 | [-0.02] | -2.3717077153872968e-05
-0.3731619119644165 | [-0.04] | -0.00016403038118573747
-0.3952440023422241 | [-0.07] | -0.0004373192664033352
-0.41836434602737427 | [-0.09] | -0.0008487870412417595
-0.4423990845680237 | [-0.12] | -0.001400268547483926
-0.46721431612968445 | [-0.14] | -0.0020900226848435386
-0.4926672875881195 | [-0.17] | -0.0029126677902137034
-0.5186079144477844 | [-0.2] | -0.0038592688957075627
-0.5448806285858154 | [-0.22] | -0.004917580882195023
-0.571326494216919 | [-0.25] | -0.006072435262718008
-0.597785234451294 | [-0.27] | -0.007306234806678494
-0.6240976452827454 | [-0.29] | -0.008599545331707337
-0.6501075029373169 | [-0.32] | -0.009931712102616957
-0.6756638884544373 | [-0.34] | -0.011281505843124038
-0.7006227970123291 | [-0.36] | -0.012627713931103636
-0.7248485684394836 | [-0.37] | -0.013949670585435212
-0.7482152581214905 | [-0.39] | -0.015227721622945611
-0.7706072926521301 | [-0.41] | -0.01644356752081522
-0.7919199466705322 | [-0.42] | -0.01758052070254139
-0.8120595216751099 | [-0.43] | -0.01862367376973531
-0.8309431076049805 | [-0.44] | -0.019559976674712657
-0.8484979867935181 | [-0.45] | -0.020378238303017243
-0.8646611571311951 | [-0.46] | -0.021069109403758658
-0.8793784379959106 | [-0.47] | -0.021625009635972067
-0.8926034569740295 | [-0.47] | -0.02204003966018684
-0.9042967557907104 | [-0.47] | -0.022309902740107843
-0.9144247770309448 | [-0.47] | -0.022431826682720066
-0.9229589700698853 | [-0.47] | -0.02240450809153799
-0.9298747777938843 | [-0.47] | -0.022228062701898428
-0.9351511001586914 | [-0.47] | -0.021904033627071592
-0.9387693405151367 | [-0.46] | -0.02143537783856399
-0.9407131671905518 | [-0.46] | -0.020826525726264786
-0.9409679770469666 | [-0.45] | -0.0200834236064128
-0.9395208954811096 | [-0.44] | -0.01921362194321633
-0.9363606572151184 | [-0.43] | -0.01822634772843492
-0.9314777255058289 | [-0.41] | -0.01713258189045573
-0.9248647689819336 | [-0.4] | -0.015945139040759202
-0.9165173172950745 | [-0.38] | -0.014678720800560797
-0.906434178352356 | [-0.37] | -0.013349902378145762
-0.8946187496185303 | [-0.35] | -0.011977116086170301
-0.8810797929763794 | [-0.33] | -0.01058051586675858
-0.8658328056335449 | [-0.3] | -0.009181791130766224
-0.8489013910293579 | [-0.28] | -0.007803870523819693
-0.8303184509277344 | [-0.25] | -0.006470509464788738
-0.810127854347229 | [-0.23] | -0.005205789499393355
-0.7883855700492859 | [-0.2] | -0.004033489368571492
-0.7651609778404236 | [-0.17] | -0.002976381575307838
-0.7405379414558411 | [-0.14] | -0.0020554628190789077
-0.7146153450012207 | [-0.11] | -0.001289151755983684
-0.6875075697898865 | [-0.08] | -0.0006925221897521103
-0.6593442559242249 | [-0.05] | -0.00027660462048547144
-0.6302696466445923 | [-0.02] | -4.7827933107473926e-05
-0.6004413962364197 | [0.01] | -7.645810752619204e-06
-0.5700287818908691 | [0.04] | -0.0001523896124747473
-0.5392104983329773 | [0.07] | -0.00047336943181913764
-0.5081719756126404 | [0.1] | -0.0009572227486201124
-0.4771023690700531 | [0.13] | -0.0015864886537222053
-0.4461914300918579 | [0.15] | -0.0023403625647385163
-0.4156263768672943 | [0.18] | -0.0031955706822580504
-0.3855888843536377 | [0.2] | -0.0041272975176165246
-0.35625240206718445 | [0.23] | -0.005110098006957612
-0.3277798593044281 | [0.25] | -0.006118735773835739
-0.30032190680503845 | [0.27] | -0.007128903968266206
-0.2740155756473541 | [0.28] | -0.008117804435484228
-0.24898368120193481 | [0.3] | -0.00906456493050827
-0.22533458471298218 | [0.32] | -0.009950514186037512
-0.2031625211238861 | [0.33] | -0.01075932224078032
-0.18254828453063965 | [0.34] | -0.011477033561539176
-0.16356027126312256 | [0.35] | -0.01209202149958183
-0.14625568687915802 | [0.35] | -0.01259489219695143
-0.13068194687366486 | [0.36] | -0.012978362408890665
-0.11687815189361572 | [0.36] | -0.013237128813680464
-0.10487649589776993 | [0.37] | -0.013367756006278661
-0.09470368921756744 | [0.37] | -0.013368581155541568
-0.08638221770524979 | [0.36] | -0.01323965493231433
-0.07993147522211075 | [0.36] | -0.012982718485213818
-0.0753687247633934 | [0.35] | -0.012601215098526125
-0.07270986586809158 | [0.35] | -0.01210033834013316
-0.07196998596191406 | [0.34] | -0.011487111444140038
-0.07316367328166962 | [0.33] | -0.010770491562381676
-0.0763050988316536 | [0.32] | -0.0099614888996547
-0.08140788227319717 | [0.3] | -0.009073287497342606
-0.08848465234041214 | [0.28] | -0.00812135803863464
-0.09754638373851776 | [0.27] | -0.007123539025156698
-0.10860148072242737 | [0.25] | -0.006100068780296255
-0.12165458500385284 | [0.23] | -0.005073546024683716
-0.1367051601409912 | [0.2] | -0.004068791151320275
-0.1537458598613739 | [0.18] | -0.003112586090648941
-0.17276068031787872 | [0.15] | -0.0022332700574945632
-0.19372302293777466 | [0.12] | -0.0014601726421901275
-0.2165936529636383 | [0.09] | -0.0008228767251853984
-0.24131876230239868 | [0.06] | -0.00035031714224477515
-0.2678280770778656 | [0.03] | -6.973946781967288e-05
-0.29603326320648193 | [-0.01] | -5.559065499267799e-06
-0.32582685351371765 | [-0.04] | -0.0001781866194491944
-0.3570815622806549 | [-0.08] | -0.0006029040149077348
-0.3896503150463104 | [-0.11] | -0.001288884036744369
-0.42336714267730713 | [-0.15] | -0.0022384529675456397
-0.45804885029792786 | [-0.19] | -0.0034466872756295022
-0.4934975206851959 | [-0.22] | -0.004901400351733768
-0.5295037031173706 | [-0.26] | -0.006583551299906992
-0.5658504962921143 | [-0.29] | -0.008468064725608605
-0.602317750453949 | [-0.32] | -0.010524976966961636
-0.6386867165565491 | [-0.36] | -0.012720838012505373
-0.6747445464134216 | [-0.39] | -0.015020220864136905
-0.7102885842323303 | [-0.42] | -0.017387223389933548
-0.7451300024986267 | [-0.44] | -0.019786835823258284
-0.779096782207489 | [-0.47] | -0.022186078482535693
-0.8120360374450684 | [-0.5] | -0.024554881308303002
-0.8438153862953186 | [-0.52] | -0.026866648666116395
-0.874323308467865 | [-0.54] | -0.029098530955360375
-0.9034690856933594 | [-0.56] | -0.031231464621970042
-0.9311819672584534 | [-0.58] | -0.033250016348193204
-0.957409679889679 | [-0.59] | -0.03514206309887735
-0.9821167588233948 | [-0.61] | -0.03689840696121603
-1.0052825212478638 | [-0.62] | -0.03851233491688019
-1.0268988609313965 | [-0.63] | -0.03997917074784213
-1.0469683408737183 | [-0.64] | -0.04129588195944649
-1.0655016899108887 | [-0.65] | -0.042460651037058095
-1.0825163125991821 | [-0.66] | -0.04347259591926921
-1.0980339050292969 | [-0.67] | -0.044331425008531995
-1.1120792627334595 | [-0.67] | -0.045037256210106985
-1.1246784925460815 | [-0.68] | -0.04559039734843726
-1.1358577013015747 | [-0.68] | -0.04599119980401645
-1.1456421613693237 | [-0.68] | -0.04623999349981571
-1.1540547609329224 | [-0.68] | -0.046336947802533106
-1.1611158847808838 | [-0.68] | -0.04628212073687491
-1.166841983795166 | [-0.68] | -0.04607536277130672
-1.1712455749511719 | [-0.68] | -0.04571640780001858
-1.1743345260620117 | [-0.67] | -0.04520489043945947
-1.1761116981506348 | [-0.67] | -0.04454042275422648
-1.1765745878219604 | [-0.66] | -0.04372268710220894
-1.1757152080535889 | [-0.65] | -0.042751576581077345
-1.1735200881958008 | [-0.65] | -0.041627369689064664
-1.169970154762268 | [-0.64] | -0.04035091198332716
-1.1650407314300537 | [-0.62] | -0.03892383518942914
-1.158701777458191 | [-0.61] | -0.03734882532611222
-1.1509181261062622 | [-0.6] | -0.035629911701355786
-1.141649842262268 | [-0.58] | -0.033772786967323144
-1.1308530569076538 | [-0.56] | -0.03178518646632399
-1.1184802055358887 | [-0.54] | -0.029677209551194274
-1.1044814586639404 | [-0.52] | -0.027461744560578136
-1.0888055562973022 | [-0.5] | -0.025154804552637536
-1.0714014768600464 | [-0.48] | -0.02277588093822028
-1.0522198677062988 | [-0.45] | -0.020348185454250656
-1.0312151908874512 | [-0.42] | -0.017898823192947343
-1.008347988128662 | [-0.39] | -0.015458808629353166
-0.9835874438285828 | [-0.36] | -0.013062879139040966
-0.9569144248962402 | [-0.33] | -0.010749083119752716
-0.9283243417739868 | [-0.29] | -0.008558052998200769
-0.8978303670883179 | [-0.26] | -0.006531983650161249
-0.8654665946960449 | [-0.22] | -0.004713284366227242
-0.8312909007072449 | [-0.18] | -0.0031429363074146027
-0.7953874468803406 | [-0.14] | -0.0018586285033306248
-0.7578685879707336 | [-0.09] | -0.0008927857702484368
-0.718875527381897 | [-0.05] | -0.0002706360308752334
-0.67857825756073 | [-0.01] | -8.527000327929165e-06
-0.6371739506721497 | [0.03] | -0.00011266115555749921
-0.5948838591575623 | [0.08] | -0.0005784360641608583
-0.5519490838050842 | [0.12] | -0.0013905020820811982
-0.5086250901222229 | [0.16] | -0.002523567541904948
-0.465175062417984 | [0.2] | -0.003943899896616011
-0.4218630790710449 | [0.24] | -0.005611359818174412
-0.37894701957702637 | [0.27] | -0.007481758633037973
-0.3366717994213104 | [0.31] | -0.009509292452786047
-0.2952636480331421 | [0.34] | -0.011648803573811572
-0.2549252510070801 | [0.37] | -0.013857698381343259
-0.21583230793476105 | [0.4] | -0.016097401824542678
-0.17813152074813843 | [0.43] | -0.01833428640584318
-0.1419399082660675 | [0.45] | -0.02054012821160561
-0.10734522342681885 | [0.48] | -0.0226921461716676
-0.07440747320652008 | [0.5] | -0.024772721438474407
-0.04316111281514168 | [0.52] | -0.02676891012522229
-0.013617743737995625 | [0.54] | -0.02867183447628809
0.014230901375412941 | [0.55] | -0.030476035237875704
0.04040990024805069 | [0.57] | -0.032178834801276104
0.06495814770460129 | [0.58] | -0.033779757920710425
0.0879255160689354 | [0.59] | -0.03528001418402608
0.10937031358480453 | [0.61] | -0.03668207059059668
0.1293569654226303 | [0.62] | -0.03798928813107763
0.1479540467262268 | [0.63] | -0.03920563462359344
0.1652325838804245 | [0.64] | -0.0403354612029567
0.18126468360424042 | [0.64] | -0.04138332712047739
0.19612236320972443 | [0.65] | -0.042353868366686476
0.20987661182880402 | [0.66] | -0.043251694880668635
0.22259673476219177 | [0.66] | -0.04408132684667611
0.23434978723526 | [0.67] | -0.0448471409803688
0.24520017206668854 | [0.67] | -0.04555333364296087
0.25520938634872437 | [0.68] | -0.046203903548034116
0.2644358277320862 | [0.68] | -0.04680263293682656
0.2729347348213196 | [0.69] | -0.047353087481741496
0.2807581126689911 | [0.69] | -0.047858608795637136
0.28795477747917175 | [0.7] | -0.04832231864734938
0.2945703864097595 | [0.7] | -0.04874712074469556
0.3006475567817688 | [0.7] | -0.04913571079280333
0.30622598528862 | [0.7] | -0.04949058549076676
0.3113424777984619 | [0.71] | -0.0498140399830961
0.3160311281681061 | [0.71] | -0.05010818166299966
0.32032352685928345 | [0.71] | -0.05037494763336027
0.324248731136322 | [0.71] | -0.05061609375353843
0.32783353328704834 | [0.71] | -0.0508332180021172
0.33110252022743225 | [0.71] | -0.05102775995397364
0.33407819271087646 | [0.72] | -0.05120100683573203
0.3367811441421509 | [0.72] | -0.05135410758380449
0.33923009037971497 | [0.72] | -0.051488067884508784
0.3414420485496521 | [0.72] | -0.05160376526393828
0.34343233704566956 | [0.72] | -0.05170194069836435
0.3452147841453552 | [0.72] | -0.05178321768543953
0.3468017280101776 | [0.72] | -0.051848095215438775
0.3482040762901306 | [0.72] | -0.05189694814220397
0.34943142533302307 | [0.72] | -0.05193003588535014
0.35049208998680115 | [0.72] | -0.05194749978153434
0.3513931334018707 | [0.72] | -0.051949360849386506
0.3521404564380646 | [0.72] | -0.05193552553156444
0.35273879766464233 | [0.72] | -0.051905780162716686
0.3531917631626129 | [0.72] | -0.051859789678435964
0.3535018265247345 | [0.72] | -0.05179709272919464
0.3536703586578369 | [0.72] | -0.051717100758031244
0.35369765758514404 | [0.72] | -0.051619097646927625
0.35358282923698425 | [0.72] | -0.05150222055785162
0.35332393646240234 | [0.72] | -0.051365475260933206
0.3529178500175476 | [0.72] | -0.05120771423680164
0.3523602783679962 | [0.71] | -0.05102763786382946
0.35164564847946167 | [0.71] | -0.05082377724254486
0.35076719522476196 | [0.71] | -0.05059450421273018
0.34971675276756287 | [0.71] | -0.050338004813644546
0.34848475456237793 | [0.71] | -0.050052279785267155
0.3470602035522461 | [0.71] | -0.04973514304621624
0.34543049335479736 | [0.7] | -0.04938420294990434
0.3435813784599304 | [0.7] | -0.04899686393829055
0.3414967656135559 | [0.7] | -0.048570308988115415
0.33915871381759644 | [0.69] | -0.04810151020487971
0.33654719591140747 | [0.69] | -0.047587214051484396
0.3336400091648102 | [0.69] | -0.04702394929048607
0.3304126262664795 | [0.68] | -0.046408032553642384
0.326837956905365 | [0.68] | -0.04573557021479121
0.32288622856140137 | [0.67] | -0.045002481563827273
0.31852471828460693 | [0.66] | -0.0442045140153856
0.31371766328811646 | [0.66] | -0.04333728995315324
0.3084259331226349 | [0.65] | -0.04239633848594463
0.30260685086250305 | [0.64] | -0.04137716050222975
0.2962139844894409 | [0.63] | -0.040275307714659064
0.2891969084739685 | [0.63] | -0.03908647958915656
0.2815009355545044 | [0.61] | -0.03780663990210182
0.27306702733039856 | [0.6] | -0.03643218170340415
0.2638314962387085 | [0.59] | -0.034960099167409116
0.25372591614723206 | [0.58] | -0.033388217227483426
0.2426770031452179 | [0.56] | -0.03171545324143345
0.23060663044452667 | [0.55] | -0.029942135166622825
0.21743182837963104 | [0.53] | -0.028070353782175747
0.20306500792503357 | [0.51] | -0.026104378554791408
0.18741430342197418 | [0.49] | -0.024051116681240367
0.17038407921791077 | [0.47] | -0.02192061369079611
0.15187568962574005 | [0.44] | -0.019726583927184703
0.13178856670856476 | [0.42] | -0.017486954295056114
0.11002156138420105 | [0.39] | -0.015224383478666724
0.08647477626800537 | [0.36] | -0.012966723732189146
0.061051785945892334 | [0.33] | -0.01074735945057137
0.03366236016154289 | [0.29] | -0.008605362753466926
0.004225693177431822 | [0.26] | -0.0065853717270144335
-0.027325842529535294 | [0.22] | -0.004737111369336023
-0.061042509973049164 | [0.18] | -0.0031144627010155873
-0.0969526544213295 | [0.13] | -0.0017740074274840375
-0.13505801558494568 | [0.09] | -0.000773010202681029
-0.1753290742635727 | [0.04] | -0.00016686032013126393
-0.21770092844963074 | [-0.01] | -6.068605003042332e-06
-0.262069970369339 | [-0.06] | -0.00033302386767876385
-0.3082919120788574 | [-0.11] | -0.0011787972429849025
-0.3561815321445465 | [-0.16] | -0.0025603697338079322
-0.4055146872997284 | [-0.21] | -0.0044786831247757486
-0.45603251457214355 | [-0.26] | -0.006917865886704894
-0.507448136806488 | [-0.31] | -0.009845881188837507
-0.5594555139541626 | [-0.36] | -0.013216633799312089
-0.6117398142814636 | [-0.41] | -0.016973354843230492
-0.6639887094497681 | [-0.46] | -0.021052892802165164
-0.7159037590026855 | [-0.5] | -0.02539038837162412
-0.7672110795974731 | [-0.55] | -0.02992379918180641
-0.8176701664924622 | [-0.59] | -0.034597772797863934
-0.8670812249183655 | [-0.63] | -0.039366629680106596
-0.915289580821991 | [-0.66] | -0.04419622835795404
-0.9621883630752563 | [-0.7] | -0.04906489497396058
-1.0077186822891235 | [-0.73] | -0.05396348788967064
-1.0518684387207031 | [-0.77] | -0.05889492406073478
-1.0946695804595947 | [-0.8] | -0.06387338374212678
-1.1361948251724243 | [-0.83] | -0.06892346714804473
-1.1765539646148682 | [-0.86] | -0.07407945222431542
-1.2000000476837158 | [-0.68] | -0.046240005836487
-1.1987781524658203 | [-0.67] | -0.045264753890356675
-1.1963194608688354 | [-0.66] | -0.04414197674491174
-1.1926034688949585 | [-0.65] | -0.04287145576211628
-1.1876037120819092 | [-0.64] | -0.04145356964046465
-1.181288242340088 | [-0.63] | -0.03988958015655415
-1.1736197471618652 | [-0.62] | -0.0381818982816071
-1.1645557880401611 | [-0.6] | -0.036334387899570934
-1.154049277305603 | [-0.59] | -0.03435271300918246
-1.1420493125915527 | [-0.57] | -0.032244736245312364
-1.1285016536712646 | [-0.55] | -0.030020876067387514
-1.1133497953414917 | [-0.53] | -0.02769451315664706
-1.09653639793396 | [-0.5] | -0.02528239057146698
-1.0780045986175537 | [-0.48] | -0.022804938060370664
-1.0576997995376587 | [-0.45] | -0.020286536451193563
-1.035571813583374 | [-0.42] | -0.017755674974990452
-1.0115774869918823 | [-0.39] | -0.015244952659804568
-0.985683023929596 | [-0.36] | -0.012790815734665218
-0.9578675031661987 | [-0.32] | -0.010433100420296106
-0.9281257390975952 | [-0.29] | -0.008214198108445703
-0.8964716792106628 | [-0.25] | -0.006177917771209724
-0.8629416823387146 | [-0.21] | -0.0043679998582619095
-0.8275974988937378 | [-0.17] | -0.0028263287916093175
-0.7905286550521851 | [-0.13] | -0.0015909210626392709
-0.7518543004989624 | [-0.08] | -0.0006938384761009507
-0.7117236256599426 | [-0.04] | -0.0001591844511210694
-0.6703155636787415 | [0.] | -1.4108969599678004e-06
-0.6278367042541504 | [0.05] | -0.00022411969738924927
-0.5845177173614502 | [0.09] | -0.0008195491075132296
-0.5406085848808289 | [0.13] | -0.0017688441073898987
-0.49637243151664734 | [0.17] | -0.0030431233848411
-0.45207858085632324 | [0.21] | -0.004605249732836692
-0.4079951345920563 | [0.25] | -0.006412116499996988
-0.3643816113471985 | [0.29] | -0.008417202089608139
-0.3214821517467499 | [0.33] | -0.010573123584312588
-0.27951961755752563 | [0.36] | -0.012833949087577423
-0.238691046833992 | [0.39] | -0.015157074309888744
-0.199164479970932 | [0.42] | -0.017504585841635233
-0.16107720136642456 | [0.45] | -0.019844076950217428
-0.1245354637503624 | [0.47] | -0.022148953977198918
-0.08961533010005951 | [0.49] | -0.024398349312924235
-0.056364476680755615 | [0.52] | -0.026576730215287555
-0.024804677814245224 | [0.54] | -0.028673324462084378
0.00506525207310915 | [0.55] | -0.030681448417947583
0.033266332000494 | [0.57] | -0.03259783107469976
0.05983626842498779 | [0.59] | -0.03442196275689798
0.08482643216848373 | [0.6] | -0.03615552052119549
0.10829905420541763 | [0.61] | -0.03780186952174511
0.13032470643520355 | [0.63] | -0.03936565267276767
0.150980144739151 | [0.64] | -0.0408524674340438
0.1703464239835739 | [0.65] | -0.04226861032099749
0.1885073184967041 | [0.66] | -0.04362088107363415
0.20554813742637634 | [0.67] | -0.04491645420888135
0.2215546816587448 | [0.68] | -0.04616277917948646
0.23661257326602936 | [0.69] | -0.04736753373239094
0.25080665946006775 | [0.7] | -0.04853858624697059
0.2642206847667694 | [0.7] | -0.04968399839973346
0.2769371271133423 | [0.71] | -0.050812045957775435
0.28903713822364807 | [0.72] | -0.05193125386032578
0.30060049891471863 | [0.73] | -0.053050436863844364
0.31170591711997986 | [0.74] | -0.05417878466115066
0.32243111729621887 | [0.74] | -0.05532592623333006
0.33285319805145264 | [0.75] | -0.0565020337671959
0.343049019575119 | [0.76] | -0.057717942141574156
0.35309556126594543 | [0.77] | -0.058985270866613086
0.36307039856910706 | [0.78] | -0.0603165818793776
0.3730522096157074 | [0.79] | -0.061725552905127545
0.38312140107154846 | [0.8] | -0.06322719321819313
0.3933606743812561 | [0.81] | -0.06483807861540522
0.40385565161705017 | [0.82] | -0.06657662059662937
0.4146956503391266 | [0.83] | -0.06846340393657376
0.4259744882583618 | [0.84] | -0.0705215670178503
0.43779122829437256 | [0.85] | 99.92722276417318
Total reward: 89.73678959717147
0.9, 5.0, 0.4
parameter ends

state | action | reward
[-0.57] | [-0.11] | -0.0012768028676862619
-0.5698179006576538 | [-0.11] | -0.0012532650950428383
-0.5694629549980164 | [-0.11] | -0.0012263751411156513
-0.5689312219619751 | [-0.11] | -0.0011963840464094934
-0.5682246088981628 | [-0.11] | -0.0011635722047455177
-0.5673460960388184 | [-0.11] | -0.0011282451691761572
-0.5662997364997864 | [-0.1] | -0.0010907292699424806
-0.5650906562805176 | [-0.1] | -0.0010513669810585456
-0.5637249946594238 | [-0.1] | -0.0010105111370526906
-0.5622099041938782 | [-0.1] | -0.000968520343638016
-0.5605534911155701 | [-0.1] | -0.0009257533734727957
-0.5587648153305054 | [-0.09] | -0.0008825649077611573
-0.5568537712097168 | [-0.09] | -0.0008392995206279899
-0.5548311471939087 | [-0.09] | -0.0007962891405696638
-0.5527085065841675 | [-0.09] | -0.0007538479957089102
-0.5504980683326721 | [-0.08] | -0.0007122681541795149
-0.5482127070426941 | [-0.08] | -0.0006718178606323208
-0.5458658337593079 | [-0.08] | -0.0006327384675933774
-0.5434713959693909 | [-0.08] | -0.0005952440070553428
-0.5410436987876892 | [-0.07] | -0.0005595188057663605
-0.5385974645614624 | [-0.07] | -0.0005257192601423047
-0.5361475348472595 | [-0.07] | -0.0004939714336693201
-0.533708930015564 | [-0.07] | -0.00046437427770803174
-0.5312967300415039 | [-0.07] | -0.00043700095628525253
-0.5289259552955627 | [-0.06] | -0.0004119008071608487
-0.5266115069389343 | [-0.06] | -0.00038910249519972894
-0.5243680477142334 | [-0.06] | -0.00036861687782424883
-0.522209882736206 | [-0.06] | -0.0003504401379430713
-0.520150899887085 | [-0.06] | -0.0003345577559542392
-0.5182045698165894 | [-0.06] | -0.0003209491150847021
-0.5163836479187012 | [-0.06] | -0.00030958883845056263
-0.5147002935409546 | [-0.05] | -0.00030045242342572633
-0.5131658911705017 | [-0.05] | -0.00029351834407748394
-0.5117909908294678 | [-0.05] | -0.0002887710529177903
-0.5105852484703064 | [-0.05] | -0.00028620342800584145
-0.50955730676651 | [-0.05] | -0.00028581805576064916
-0.5087148547172546 | [-0.05] | -0.0002876296133446418
-0.5080644488334656 | [-0.05] | -0.0002916641701402824
-0.5076115131378174 | [-0.05] | -0.0002979595396540311
-0.5073603391647339 | [-0.06] | -0.0003065648505401644
-0.5073139071464539 | [-0.06] | -0.0003175375773644229
-0.5074741244316101 | [-0.06] | -0.00033094404663337707
-0.5078415274620056 | [-0.06] | -0.00034685380851291053
-0.5084154009819031 | [-0.06] | -0.00036533763052195033
-0.5091937780380249 | [-0.06] | -0.0003864637501734721
-0.5101733803749084 | [-0.06] | -0.000410292989005933
-0.5113497376441956 | [-0.07] | -0.00043687553368434225
-0.512717068195343 | [-0.07] | -0.00046624476032206994
-0.5142684578895569 | [-0.07] | -0.0004984144837605439
-0.5159956812858582 | [-0.07] | -0.0005333717861782597
-0.5178894996643066 | [-0.08] | -0.0005710760964877928
-0.5199394822120667 | [-0.08] | -0.0006114523701803687
-0.5221341848373413 | [-0.08] | -0.0006543894058268964
-0.5244612097740173 | [-0.08] | -0.0006997371069634575
-0.5269072651863098 | [-0.09] | -0.0007473045106370628
-0.5294581651687622 | [-0.09] | -0.0007968574201545998
-0.5320990085601807 | [-0.09] | -0.0008481197172047022
-0.5348142385482788 | [-0.09] | -0.0009007736980277336
-0.5375877618789673 | [-0.1] | -0.0009544623152582956
-0.5404029488563538 | [-0.1] | -0.0010087901713052704
-0.5432428121566772 | [-0.1] | -0.0010633285419312582
-0.5460901260375977 | [-0.11] | -0.001117620335814062
-0.5489274263381958 | [-0.11] | -0.0011711834754600497
-0.5517373085021973 | [-0.11] | -0.0012235207722164371
-0.5545023083686829 | [-0.11] | -0.0012741223443296676
-0.5572051405906677 | [-0.11] | -0.001322475436034123
-0.5598288774490356 | [-0.12] | -0.001368073686929122
-0.5623568892478943 | [-0.12] | -0.0014104215976216568
-0.5647730231285095 | [-0.12] | -0.0014490440287973742
-0.5670616626739502 | [-0.12] | -0.001483493096740013
-0.5692079663276672 | [-0.12] | -0.0015133588422652352
-0.5711978077888489 | [-0.12] | -0.001538273030631437
-0.5730178952217102 | [-0.12] | -0.0015579162107204102
-0.5746558904647827 | [-0.13] | -0.001572024423361365
-0.5761005282402039 | [-0.13] | -0.001580394983049974
-0.577341616153717 | [-0.13] | -0.0015828887984942587
-0.5783700942993164 | [-0.13] | -0.0015794331165154504
-0.5791781544685364 | [-0.13] | -0.0015700246704547388
-0.5797592401504517 | [-0.12] | -0.0015547290491780272
-0.5801081657409668 | [-0.12] | -0.0015336817527778265
-0.5802210569381714 | [-0.12] | -0.0015070841444274324
-0.5800954699516296 | [-0.12] | -0.0014752024738459851
-0.5797303318977356 | [-0.12] | -0.0014383619045267577
-0.5791261196136475 | [-0.12] | -0.0013969449117690919
-0.5782846808433533 | [-0.12] | -0.0013513810037277696
-0.5772092938423157 | [-0.11] | -0.0013021411158252129
-0.5759047269821167 | [-0.11] | -0.0012497313773256154
-0.574377179145813 | [-0.11] | -0.0011946838449379813
-0.572634220123291 | [-0.11] | -0.0011375472182950904
-0.5706847906112671 | [-0.1] | -0.0010788787145682157
-0.5685392022132874 | [-0.1] | -0.0010192359348927217
-0.5662090182304382 | [-0.1] | -0.0009591668461785485
-0.5637069940567017 | [-0.09] | -0.0008992014714992159
-0.5610471367835999 | [-0.09] | -0.0008398463017883926
-0.5582444667816162 | [-0.09] | -0.0007815742404594978
-0.5553150177001953 | [-0.09] | -0.0007248199425334695
-0.5522757768630981 | [-0.08] | -0.0006699749655785797
-0.5491445064544678 | [-0.08] | -0.0006173823813444727
-0.5459396839141846 | [-0.08] | -0.0005673346306782297
-0.5426804423332214 | [-0.07] | -0.0005200725578783566
-0.5393863320350647 | [-0.07] | -0.00047578341678844243
-0.5360773205757141 | [-0.07] | -0.0004346034607214249
-0.5327736139297485 | [-0.06] | -0.0003966193568998753
-0.5294955968856812 | [-0.06] | -0.0003618723571668258
-0.5262635350227356 | [-0.06] | -0.00033036079680192606
-0.5230977535247803 | [-0.05] | -0.00030204881896802395
-0.5200181603431702 | [-0.05] | -0.00027686871299017075
-0.5170443654060364 | [-0.05] | -0.00025473024093445484
-0.5141953825950623 | [-0.05] | -0.0002355260685488006
-0.511489748954773 | [-0.05] | -0.00021914121106408714
-0.508945107460022 | [-0.05] | -0.00020545755924935343
-0.5065783262252808 | [-0.04] | -0.00019436295520226517
-0.5044052600860596 | [-0.04] | -0.0001857566399028595
-0.5024407505989075 | [-0.04] | -0.00017955593330221491
-0.5006983876228333 | [-0.04] | -0.00017570024376995769
-0.49919047951698303 | [-0.04] | -0.0001741556413578908
-0.49792808294296265 | [-0.04] | -0.00017491871996190583
-0.49692076444625854 | [-0.04] | -0.00017801710086055272
-0.4961766004562378 | [-0.04] | -0.00018351048139398718
-0.4957021176815033 | [-0.04] | -0.00019148979449283863
-0.4955022633075714 | [-0.04] | -0.00020207522944130593
-0.4955803155899048 | [-0.05] | -0.00021541241887270237
-0.49593788385391235 | [-0.05] | -0.00023166802151819725
-0.49657484889030457 | [-0.05] | -0.0002510236010192315
-0.49748945236206055 | [-0.05] | -0.0002736697383642185
-0.4986781179904938 | [-0.05] | -0.00029979678667711685
-0.5001356601715088 | [-0.06] | -0.00032958847812888345
-0.5018551349639893 | [-0.06] | -0.0003632115859841778
-0.5038279891014099 | [-0.06] | -0.000400808238277046
-0.5060439705848694 | [-0.07] | -0.00044248560584136997
-0.5084913372993469 | [-0.07] | -0.0004883091383558536
-0.5111567974090576 | [-0.07] | -0.0005382931282941427
-0.5140256285667419 | [-0.08] | -0.0005923940640974763
-0.5170816779136658 | [-0.08] | -0.0006505032438655385
-0.5203076004981995 | [-0.08] | -0.0007124438758382059
-0.5236847996711731 | [-0.09] | -0.0007779651757512695
-0.5271936655044556 | [-0.09] | -0.0008467423636213839
-0.5308135747909546 | [-0.1] | -0.0009183744792419393
-0.5345231294631958 | [-0.1] | -0.000992387759780144
-0.5383002161979675 | [-0.1] | -0.0010682377709491748
-0.5421221256256104 | [-0.11] | -0.0011453140941068882
-0.5459656715393066 | [-0.11] | -0.0012229466125027527
-0.5498074889183044 | [-0.11] | -0.001300416929064119
-0.5536239743232727 | [-0.12] | -0.0013769641483429443
-0.5573915839195251 | [-0.12] | -0.0014517990115364785
-0.5610869526863098 | [-0.12] | -0.0015241155126452766
-0.5646869540214539 | [-0.13] | -0.0015931019637247233
-0.5681688785552979 | [-0.13] | -0.0016579550379216435
-0.5715106725692749 | [-0.13] | -0.0017178958635682487
-0.5746909379959106 | [-0.13] | -0.00177218032310028
-0.5776892304420471 | [-0.13] | -0.0018201163596190879
-0.580485999584198 | [-0.14] | -0.0018610720922205644
-0.5830627679824829 | [-0.14] | -0.0018944889517977838
-0.5854023694992065 | [-0.14] | -0.0019198953727811883
-0.5874889492988586 | [-0.14] | -0.0019369133631574537
-0.5893080830574036 | [-0.14] | -0.0019452665935284184
-0.5908467769622803 | [-0.14] | -0.0019447840405987925
-0.5920937061309814 | [-0.14] | -0.001935407899030246
-0.5930392146110535 | [-0.14] | -0.001917193748560191
-0.5936753749847412 | [-0.14] | -0.001890310362354599
-0.5939960479736328 | [-0.14] | -0.0018550377346611803
-0.5939969420433044 | [-0.13] | -0.0018117632614188816
-0.5936756730079651 | [-0.13] | -0.0017609761496229428
-0.5930317640304565 | [-0.13] | -0.0017032586763310162
-0.5920665860176086 | [-0.13] | -0.0016392746244904715
-0.5907835960388184 | [-0.13] | -0.0015697634022966223
-0.5891880393028259 | [-0.12] | -0.001495520300096081
-0.587287187576294 | [-0.12] | -0.0014173885975183875
-0.585090160369873 | [-0.12] | -0.0013362412373936173
-0.5826079249382019 | [-0.11] | -0.001252966538319001
-0.579853355884552 | [-0.11] | -0.0011684548995120653
-0.5768409967422485 | [-0.1] | -0.001083579715501601
-0.57358717918396 | [-0.1] | -0.0009991863312124125
-0.5701097846031189 | [-0.1] | -0.0009160749005039993
-0.5664282441139221 | [-0.09] | -0.0008349892317145894
-0.562563419342041 | [-0.09] | -0.0007566050409854905
-0.5585375428199768 | [-0.08] | -0.0006815209563616575
-0.5543739199638367 | [-0.08] | -0.0006102480372893555
-0.5500969886779785 | [-0.07] | -0.0005432072332800698
-0.5457320809364319 | [-0.07] | -0.00048072463384574995
-0.5413053035736084 | [-0.07] | -0.0004230309029352509
-0.5368433594703674 | [-0.06] | -0.0003702625208991008
-0.5323733687400818 | [-0.06] | -0.0003224653919247488
-0.5279227495193481 | [-0.05] | -0.00027960156758214446
-0.5235190391540527 | [-0.05] | -0.00024155711215442075
-0.5191895961761475 | [-0.05] | -0.00020815097767467813
-0.5149616599082947 | [-0.04] | -0.0001791485250642225
-0.5108619928359985 | [-0.04] | -0.00015427251234430576
-0.5069167613983154 | [-0.04] | -0.00013321715803026488
-0.5031513571739197 | [-0.03] | -0.00011566201645333231
-0.4995902180671692 | [-0.03] | -0.00010128599030236944
-0.4962567090988159 | [-0.03] | -8.978134450785348e-05
-0.4931730031967163 | [-0.03] | -8.086689226669721e-05
-0.4903598129749298 | [-0.03] | -7.429928146634254e-05
-0.48783639073371887 | [-0.03] | -6.988433324297251e-05
-0.48562031984329224 | [-0.03] | -6.748547781439208e-05
-0.48372745513916016 | [-0.03] | -6.703095307148836e-05
-0.4821717441082001 | [-0.03] | -6.851822441624662e-05
-0.48096519708633423 | [-0.03] | -7.201672038496705e-05
-0.4801177680492401 | [-0.03] | -7.766766198859296e-05
-0.47963735461235046 | [-0.03] | -8.568195972006241e-05
-0.47952958941459656 | [-0.03] | -9.633454517408614e-05
-0.47979792952537537 | [-0.03] | -0.00010995777031589201
-0.4804435670375824 | [-0.04] | -0.0001269316105308953
-0.4814654290676117 | [-0.04] | -0.00014767225586052578
-0.48286008834838867 | [-0.04] | -0.00017261822207198247
-0.4846218526363373 | [-0.04] | -0.00020221608504105814
-0.4867427349090576 | [-0.05] | -0.00023690420852874768
-0.4892124831676483 | [-0.05] | -0.0002770960470079933
-0.49201861023902893 | [-0.06] | -0.00032316300299328884
-0.4951465129852295 | [-0.06] | -0.0003754182158870598
-0.4985794425010681 | [-0.07] | -0.0004340993723352101
-0.5022987127304077 | [-0.07] | -0.0004993549537632482
-0.5062835812568665 | [-0.08] | -0.0005712280615453278
-0.5105116367340088 | [-0.08] | -0.0006496481723162893
-0.5149587392807007 | [-0.09] | -0.0007344197640283333
-0.5195991396903992 | [-0.09] | -0.0008252151928434151
-0.524405837059021 | [-0.1] | -0.0009215746049484662
-0.5293504595756531 | [-0.1] | -0.0010229009017569365
-0.5344036817550659 | [-0.11] | -0.001128466935386455
-0.5395352244377136 | [-0.11] | -0.0012374186302185814
-0.5447141528129578 | [-0.12] | -0.0013487863314596985
-0.5499089956283569 | [-0.12] | -0.0014614960784672681
-0.5550880432128906 | [-0.13] | -0.00157438700404121
-0.5602195262908936 | [-0.13] | -0.0016862290366176425
-0.5652716755867004 | [-0.13] | -0.00179573963793039
-0.5702130794525146 | [-0.14] | -0.0019016091925517023
-0.5750128626823425 | [-0.14] | -0.0020025235320526046
-0.5796408653259277 | [-0.14] | -0.0020971872902435587
-0.5840677618980408 | [-0.15] | -0.0021843458547688706
-0.5882652997970581 | [-0.15] | -0.0022628103550290614
-0.5922064781188965 | [-0.15] | -0.0023314801759220087
-0.595865786075592 | [-0.15] | -0.0023893664517560627
-0.5992192029953003 | [-0.16] | -0.0024356071114252425
-0.6022443771362305 | [-0.16] | -0.002469485027837182
-0.6049209237098694 | [-0.16] | -0.002490447399783862
-0.6072303056716919 | [-0.16] | -0.0024981106600789737
-0.60915607213974 | [-0.16] | -0.0024922728067932024
-0.6106839776039124 | [-0.16] | -0.002472919399281542
-0.6118020415306091 | [-0.16] | -0.002440224745449429
-0.6125006079673767 | [-0.15] | -0.002394549823179321
-0.6127724051475525 | [-0.15] | -0.0023364371894813367
-0.6126126050949097 | [-0.15] | -0.002266602695911104
-0.6120189428329468 | [-0.15] | -0.002185925770934455
-0.6109916567802429 | [-0.14] | -0.0020954318666201346
-0.6095335483551025 | [-0.14] | -0.001996275720238503
-0.6076499819755554 | [-0.14] | -0.001889720600364428
-0.6053488850593567 | [-0.13] | -0.0017771155950089233
-0.6026407480239868 | [-0.13] | -0.0016598714815160799
-0.5995385646820068 | [-0.12] | -0.0015394340115109078
-0.5960578918457031 | [-0.12] | -0.0014172594649676093
-0.5922166109085083 | [-0.11] | -0.00129478345927928
-0.588034987449646 | [-0.11] | -0.0011733974483779204
-0.5835356116294861 | [-0.1] | -0.0010544234376946456
-0.5787431597709656 | [-0.1] | -0.0009390872582012504
-0.5736843347549438 | [-0.09] | -0.0008284981968179426
-0.5683878064155579 | [-0.09] | -0.0007236312278875055
-0.5628839731216431 | [-0.08] | -0.0006253096925517019
-0.5572048425674438 | [-0.07] | -0.0005341942881228508
-0.5513837337493896 | [-0.07] | -0.00045077352341145504
-0.5454551577568054 | [-0.06] | -0.00037536169840820404
-0.5394546985626221 | [-0.06] | -0.00030810082088384094
-0.533418595790863 | [-0.05] | -0.00024896374197005706
-0.5273836851119995 | [-0.04] | -0.00019776591343369592
-0.5213871002197266 | [-0.04] | -0.0001541783747578162
-0.515466034412384 | [-0.03] | -0.00011774521587983036
-0.5096574425697327 | [-0.03] | -8.790390322617773e-05
-0.503997802734375 | [-0.03] | -6.400863597368786e-05
-0.4985230565071106 | [-0.02] | -4.535630489573711e-05
-0.49326813220977783 | [-0.02] | -3.121146686459958e-05
-0.48826688528060913 | [-0.01] | -2.0833966537822555e-05
-0.4835518002510071 | [-0.01] | -1.3505044335105662e-05
-0.47915375232696533 | [-0.01] | -8.552895110642092e-06
-0.47510194778442383 | [-0.01] | -5.37681823514226e-06
-0.47142356634140015 | [-0.01] | -3.4684473466790986e-06
-0.4681437611579895 | [-0.] | -2.430775234449082e-06
-0.4652853310108185 | [-0.] | -1.9933209523344952e-06
-0.46286872029304504 | [-0.] | -2.0239331594794667e-06
-0.4609118103981018 | [-0.01] | -2.536266342266136e-06
-0.45942986011505127 | [-0.01] | -3.693091079178829e-06
-0.4584353268146515 | [-0.01] | -5.80503519270559e-06
-0.4579378366470337 | [-0.01] | -9.32494366099843e-06
-0.4579440951347351 | [-0.01] | -1.4837734858410478e-05
-0.4584578573703766 | [-0.02] | -2.3046063444288606e-05
-0.4594798684120178 | [-0.02] | -3.4751905071554716e-05
-0.4610077738761902 | [-0.02] | -5.08342428696066e-05
-0.4630361497402191 | [-0.03] | -7.222376990852356e-05
-0.4655565619468689 | [-0.03] | -9.987517773662845e-05
-0.4685575067996979 | [-0.04] | -0.00013473677533068612
-0.47202444076538086 | [-0.04] | -0.00017771897339938962
-0.47593989968299866 | [-0.05] | -0.00022966279316548747
-0.4802834689617157 | [-0.05] | -0.0002913074789682118
-0.48503193259239197 | [-0.06] | -0.00036326028964763776
-0.49015942215919495 | [-0.07] | -0.0004459686406311994
-0.495637446641922 | [-0.07] | -0.0005396935204668412
-0.5014351606369019 | [-0.08] | -0.0006444890791710647
-0.5075193643569946 | [-0.09] | -0.0007601831702924496
-0.5138549208641052 | [-0.09] | -0.0008863684245852702
-0.5204047560691833 | [-0.1] | -0.0010223927786957721
-0.5271301865577698 | [-0.11] | -0.0011673603836687037
-0.5339912176132202 | [-0.11] | -0.0013201386877548739
-0.5409466624259949 | [-0.12] | -0.0014793677979184228
-0.5479544997215271 | [-0.13] | -0.0016434800308085893
-0.5549721121788025 | [-0.13] | -0.0018107226794546348
-0.5619566440582275 | [-0.14] | -0.0019791884985999996
-0.568865180015564 | [-0.15] | -0.0021468461300919047
-0.5756550431251526 | [-0.15] | -0.0023115767924190454
-0.5822840929031372 | [-0.16] | -0.0024712140499972488
-0.5887110829353333 | [-0.16] | -0.002623587023083049
-0.5948957800865173 | [-0.17] | -0.0027665579771013
-0.6007993221282959 | [-0.17] | -0.0028980668673294547
-0.6063843965530396 | [-0.17] | -0.0030161696557841505
-0.6116154193878174 | [-0.18] | -0.003119075319246248
-0.6164588928222656 | [-0.18] | -0.0032051859464900865
-0.6208834052085876 | [-0.18] | -0.003273122553243624
-0.6248599886894226 | [-0.18] | -0.003321759126419566
-0.6283621191978455 | [-0.18] | -0.0033502405243729344
-0.631365954875946 | [-0.18] | -0.003358004281112269
-0.6338503956794739 | [-0.18] | -0.003344791372894303
-0.6357973217964172 | [-0.18] | -0.003310657972232136
-0.6371914744377136 | [-0.18] | -0.003255970081866954
-0.6380207538604736 | [-0.18] | -0.0031814068108561022
-0.6382761597633362 | [-0.18] | -0.003087946361035897
-0.6379519104957581 | [-0.17] | -0.0029768526639392993
-0.6370455622673035 | [-0.17] | -0.0028496566834645323
-0.6355578899383545 | [-0.16] | -0.0027081253028942674
-0.6334930658340454 | [-0.16] | -0.002554235041332798
-0.6308586597442627 | [-0.15] | -0.0023901357503926628
-0.6276655197143555 | [-0.15] | -0.002218107589106379
-0.623927891254425 | [-0.14] | -0.002040522034075509
-0.6196633577346802 | [-0.14] | -0.001859795563719042
-0.614892840385437 | [-0.13] | -0.0016783436229687546
-0.6096404790878296 | [-0.12] | -0.0014985315256600452
-0.603933572769165 | [-0.12] | -0.0013226279481152983
-0.597802460193634 | [-0.11] | -0.0011527592811000284
-0.591280460357666 | [-0.1] | -0.000990868267817614
-0.5844036340713501 | [-0.09] | -0.0008386737036796131
-0.5772106647491455 | [-0.08] | -0.0006976382584630928
-0.5697426199913025 | [-0.08] | -0.0005689405536777231
-0.562042772769928 | [-0.07] | -0.0004534557667455663
-0.5541562438011169 | [-0.06] | -0.0003517419277983
-0.5461297631263733 | [-0.05] | -0.0002640367782494365
-0.5380115509033203 | [-0.04] | -0.00019026374222748702
-0.5298506617546082 | [-0.04] | -0.00013004149236189042
-0.5216969847679138 | [-0.03] | -8.270792283926416e-05
-0.5136007070541382 | [-0.02] | -4.734691195788226e-05
-0.5056120753288269 | [-0.02] | -2.2824090652997045e-05
-0.4977809190750122 | [-0.01] | -7.827088028673248e-06
-0.49015647172927856 | [-0.] | -9.112153603500068e-07
-0.48278695344924927 | [0.] | -5.472360442533098e-07
-0.47571924328804016 | [0.01] | -5.171291133538259e-06
-0.46899861097335815 | [0.01] | -1.3235025635925158e-05
-0.46266841888427734 | [0.02] | -2.3254575489988744e-05
-0.45676976442337036 | [0.02] | -3.3857568124451236e-05
-0.4513413906097412 | [0.02] | -4.3825889307380904e-05
-0.44641929864883423 | [0.02] | -5.2134802538379006e-05
-0.4420366585254669 | [0.02] | -5.798575359448573e-05
-0.4382235109806061 | [0.02] | -6.083382990745796e-05
-0.435006707906723 | [0.02] | -6.0407506937221875e-05
-0.43240970373153687 | [0.02] | -5.672184346061657e-05
-0.4304523766040802 | [0.02] | -5.008406217083051e-05
-0.4291510283946991 | [0.02] | -4.109061494842889e-05
-0.4285181760787964 | [0.02] | -3.061740261828e-05
-0.42856255173683167 | [0.01] | -1.980143227485874e-05
-0.42928898334503174 | [0.01] | -1.0015474476825017e-05
-0.43069833517074585 | [0.01] | -2.8353002707651042e-06
-0.4327874779701233 | [4.56e-05] | -2.0811714830660143e-10
-0.43554922938346863 | [-0.01] | -3.367561367913138e-06
-0.4389724135398865 | [-0.01] | -1.4862175429475531e-05
-0.44304177165031433 | [-0.02] | -3.642149075492085e-05
-0.44773808121681213 | [-0.03] | -6.993800899089446e-05
-0.4530380964279175 | [-0.03] | -0.00011719965410120712
-0.45891472697257996 | [-0.04] | -0.0001798308686233736
-0.4653370678424835 | [-0.05] | -0.0002592345545118273
-0.47227051854133606 | [-0.06] | -0.00035653745533859455
-0.4796769917011261 | [-0.07] | -0.0004725411108508449
-0.48751503229141235 | [-0.08] | -0.0006076783608863444
-0.4957401156425476 | [-0.09] | -0.0007619798227992567
-0.504304826259613 | [-0.1] | -0.0009350476925889979
-0.5131592154502869 | [-0.11] | -0.0011260428317856604
-0.5222510695457458 | [-0.12] | -0.0013336812168390378
-0.5315262079238892 | [-0.12] | -0.0015562417471128326
-0.5409290194511414 | [-0.13] | -0.0017915908029525864
-0.5504027009010315 | [-0.14] | -0.002037211473126117
-0.5598896741867065 | [-0.15] | -0.0022902466990066548
-0.5693320035934448 | [-0.16] | -0.002547551218605955
-0.5786718130111694 | [-0.17] | -0.0028057518291091546
-0.5878517031669617 | [-0.17] | -0.0030613139423796617
-0.5968151688575745 | [-0.18] | -0.003310612369202333
-0.6055068373680115 | [-0.19] | -0.003549999605084653
-0.6138729453086853 | [-0.19] | -0.003775882350647459
-0.6218617558479309 | [-0.2] | -0.003984796439899026
-0.6294236183166504 | [-0.2] | -0.004173466885658333
-0.636511504650116 | [-0.21] | -0.004338881533574232
-0.6430811285972595 | [-0.21] | -0.004478345373624226
-0.6490911245346069 | [-0.21] | -0.004589531237859538
-0.654503345489502 | [-0.22] | -0.00467052908840947
-0.6592829823493958 | [-0.22] | -0.004719881692737868
-0.6633987426757812 | [-0.22] | -0.0047366151366679335
-0.6668229103088379 | [-0.22] | -0.004720257629995376
-0.6695315837860107 | [-0.22] | -0.00467085649108876
-0.671504557132721 | [-0.21] | -0.004588973738803121
-0.6727256178855896 | [-0.21] | -0.004475689307912741
-0.673182487487793 | [-0.21] | -0.00433258199299214
-0.6728670001029968 | [-0.2] | -0.0041617109698996865
-0.6717750430107117 | [-0.2] | -0.003965579654877539
-0.6699066758155823 | [-0.19] | -0.0037470981573768467
-0.6672662496566772 | [-0.19] | -0.00350953697690342
-0.663862407207489 | [-0.18] | -0.003256468712432542
-0.6597080230712891 | [-0.17] | -0.002991700711434558
-0.6548203825950623 | [-0.16] | -0.0027192095978284953
-0.6492211818695068 | [-0.16] | -0.0024430640031902723
-0.6429364085197449 | [-0.15] | -0.002167340410224532
-0.635996401309967 | [-0.14] | -0.0018960425301187238
-0.6284358501434326 | [-0.13] | -0.0016330181298745338
-0.6202936172485352 | [-0.12] | -0.0013818734689213083
-0.6116126179695129 | [-0.11] | -0.0011458942083602582
-0.6024397611618042 | [-0.1] | -0.000927974283461408
-0.5928255915641785 | [-0.09] | -0.0007305480777100126
-0.5828241109848022 | [-0.07] | -0.0005555380864059725
-0.5724925994873047 | [-0.06] | -0.0004043152863425839
-0.5618910789489746 | [-0.05] | -0.00027766959663606003
-0.5510820150375366 | [-0.04] | -0.0001758008369396987
-0.5401299595832825 | [-0.03] | -9.832470356644789e-05
-0.5291010141372681 | [-0.02] | -4.42943883906448e-05
-0.5180623531341553 | [-0.01] | -1.2238902112786416e-05
-0.5070818662643433 | [-0.] | -2.1641242569002814e-07
-0.4962273836135864 | [0.01] | -5.879473753736806e-06
-0.48556646704673767 | [0.02] | -2.6552156103345442e-05
-0.4751657247543335 | [0.02] | -5.931461407417466e-05
-0.46509042382240295 | [0.03] | -0.00010109325255807548
-0.45540398359298706 | [0.04] | -0.00014875377742764814
-0.44616758823394775 | [0.04] | -0.00019919376542303207
-0.43743976950645447 | [0.05] | -0.00024943305321344366
-0.4292760491371155 | [0.05] | -0.0002966990969410181
-0.42172864079475403 | [0.06] | -0.00033850517396996497
-0.41484615206718445 | [0.06] | -0.0003727206963953554
-0.40867334604263306 | [0.06] | -0.0003976311958580032
-0.40325093269348145 | [0.06] | -0.00041198792500469887
-0.39861536026000977 | [0.06] | -0.00041504599636141737
-0.39479872584342957 | [0.06] | -0.00040658971143793304
-0.3918285667896271 | [0.06] | -0.00038694692884105533
-0.3897278308868408 | [0.06] | -0.00035698918971414716
-0.38851475715637207 | [0.06] | -0.00031812037807366604
-0.3882026970386505 | [0.05] | -0.00027225333881443725
-0.38880014419555664 | [0.05] | -0.00022177177534948427
-0.3903106153011322 | [0.04] | -0.00016948148071634363
-0.39273256063461304 | [0.03] | -0.00011854916900173857
-0.3960593342781067 | [0.03] | -7.242946476033916e-05
-0.40027910470962524 | [0.02] | -3.478184245941953e-05
-0.4053748548030853 | [0.01] | -9.377744573199325e-06
-0.41132429242134094 | [6.1e-05] | -3.7184381359512887e-10
-0.41809985041618347 | [-0.01] | -1.0338211488334737e-05
-0.42566877603530884 | [-0.02] | -4.387550227681379e-05
-0.43399307131767273 | [-0.03] | -0.00010378202266308041
-0.4430296719074249 | [-0.04] | -0.0001928058337856667
-0.45273053646087646 | [-0.06] | -0.000313171951452473
-0.46304285526275635 | [-0.07] | -0.00046649104594297
-0.47390928864479065 | [-0.08] | -0.0006536814442943137
-0.4852682948112488 | [-0.09] | -0.0008749079598847757
-0.49705445766448975 | [-0.11] | -0.0011295398480078414
-0.5091989040374756 | [-0.12] | -0.0014161303079945245
-0.521629810333252 | [-0.13] | -0.0017324199774741787
-0.5342729091644287 | [-0.14] | -0.002075363228219681
-0.5470520853996277 | [-0.16] | -0.0024411786342474796
-0.5598898530006409 | [-0.17] | -0.0028254164818785504
-0.5727081298828125 | [-0.18] | -0.003223053452850699
-0.5854287147521973 | [-0.19] | -0.003628594220583991
-0.5979739427566528 | [-0.2] | -0.00403618996031011
-0.6102673411369324 | [-0.21] | -0.004439767458328047
-0.6222341060638428 | [-0.22] | -0.004833154954319626
-0.6338015794754028 | [-0.23] | -0.005210210432815735
-0.6448999047279358 | [-0.24] | -0.005564954340968763
-0.6554622650146484 | [-0.24] | -0.0058916824630427835
-0.6654253602027893 | [-0.25] | -0.006185080047669958
-0.674729585647583 | [-0.25] | -0.006440316039844719
-0.6833194494247437 | [-0.26] | -0.006653137602252901
-0.6911436319351196 | [-0.26] | -0.006819938070736742
-0.6981551647186279 | [-0.26] | -0.006937819924966133
-0.7043116688728333 | [-0.26] | -0.007004649836058386
-0.7095752358436584 | [-0.26] | -0.007019085029279799
-0.7139126062393188 | [-0.26] | -0.006980603934306337
-0.717295229434967 | [-0.26] | -0.00688951958027386
-0.7196992635726929 | [-0.26] | -0.006746979294653989
-0.7211055159568787 | [-0.26] | -0.00655495015674536
-0.7214996814727783 | [-0.25] | -0.006316206811470608
-0.7208722829818726 | [-0.25] | -0.006034292515038887
-0.7192186713218689 | [-0.24] | -0.005713470435220229
-0.716539204120636 | [-0.23] | -0.005358669526329502
-0.7128393650054932 | [-0.22] | -0.004975412978948342
-0.7081298232078552 | [-0.21] | -0.004569729849290359
-0.7024266123771667 | [-0.2] | -0.004148057527501182
-0.6957510709762573 | [-0.19] | -0.0037171210947466505
-0.688130259513855 | [-0.18] | -0.0032838186556239015
-0.6795967817306519 | [-0.17] | -0.0028550737713957577
-0.6701890230178833 | [-0.16] | -0.0024376956420265
-0.6599510908126831 | [-0.14] | -0.0020382247590453404
-0.6489329934120178 | [-0.13] | -0.0016627861975361564
-0.6371902823448181 | [-0.11] | -0.001316932515292456
-0.6247841715812683 | [-0.1] | -0.0010055105583712935
-0.6117811799049377 | [-0.09] | -0.0007325318683732577
-0.5982528924942017 | [-0.07] | -0.0005010675390808034
-0.5842755436897278 | [-0.06] | -0.0003131658369448079
-0.5699295401573181 | [-0.04] | -0.00016979916475586704
-0.5552989840507507 | [-0.03] | -7.084343907343008e-05
-0.5404709577560425 | [-0.01] | -1.5089335281780862e-05
-0.5255348682403564 | [0.] | -2.8863353066750734e-07
-0.5105817317962646 | [0.02] | -2.323213382818486e-05
-0.4957033395767212 | [0.03] | -7.985680383813774e-05
-0.48099154233932495 | [0.04] | -0.00016537763656413913
-0.4665374159812927 | [0.05] | -0.00027443913547966933
-0.4524305760860443 | [0.06] | -0.00040127955039852867
-0.4387584328651428 | [0.07] | -0.0005399028234571445
-0.42560553550720215 | [0.08] | -0.0006842515709467945
-0.4130529761314392 | [0.09] | -0.0008283758551335492
-0.40117785334587097 | [0.1] | -0.0009665934665621002
-0.3900529146194458 | [0.1] | -0.0010936352955608721
-0.37974613904953003 | [0.11] | -0.0012047779182545616
-0.3703204393386841 | [0.11] | -0.0012959578627038206
-0.36183348298072815 | [0.12] | -0.0013638666851640072
-0.35433751344680786 | [0.12] | -0.001406028806850501
-0.3478792905807495 | [0.12] | -0.0014208588285270303
-0.3424999713897705 | [0.12] | -0.00140770329966093
-0.338235080242157 | [0.12] | -0.001366863049926243
-0.3351144790649414 | [0.11] | -0.0012995983620827595
-0.333162397146225 | [0.11] | -0.001208115843909001
-0.3323972523212433 | [0.1] | -0.0010955419346669274
-0.3328317701816559 | [0.1] | -0.0009658721313696866
-0.33447280526161194 | [0.09] | -0.0008239075836533804
-0.3373212218284607 | [0.08] | -0.0006751706346150806
-0.34137189388275146 | [0.07] | -0.0005257985478631157
-0.34661343693733215 | [0.06] | -0.00038242150420344546
-0.3530281186103821 | [0.05] | -0.0002520175783420834
-0.3605916500091553 | [0.04] | -0.0001417507599565204
-0.3692731261253357 | [0.02] | -5.879082741057071e-05
-0.37903475761413574 | [0.01] | -1.012143194874763e-05
-0.38983187079429626 | [-0.] | -2.3369609168322204e-06
-0.4016127586364746 | [-0.02] | -4.143654556023852e-05
-0.4143187999725342 | [-0.04] | -0.00013262071138484544
-0.42788445949554443 | [-0.05] | -0.0002800985176351543
-0.4422375559806824 | [-0.07] | -0.0004869139860932137
-0.45729947090148926 | [-0.09] | -0.0007547983405342023
-0.4729856848716736 | [-0.1] | -0.0010840594765602967
-0.4892062246799469 | [-0.12] | -0.001473510837600212
-0.5058663487434387 | [-0.14] | -0.0019204475466893308
-0.5228672623634338 | [-0.16] | -0.0024206704371362484
-0.540107011795044 | [-0.17] | -0.0029685612607174595
-0.5574814677238464 | [-0.19] | -0.003557205501071638
-0.5748851299285889 | [-0.2] | -0.00417854818102898
-0.5922123193740845 | [-0.22] | -0.004823597299230441
-0.6093579530715942 | [-0.23] | -0.005482635783835298
-0.6262186765670776 | [-0.25] | -0.006145463987326899
-0.6426936984062195 | [-0.26] | -0.006801637588322531
-0.6586856245994568 | [-0.27] | -0.007440705825049066
-0.6741010546684265 | [-0.28] | -0.008052431053502842
-0.6888512969017029 | [-0.29] | -0.008626997768944447
-0.7028529047966003 | [-0.3] | -0.009155200372366829
-0.7160278558731079 | [-0.31] | -0.009628590089283094
-0.728303849697113 | [-0.32] | -0.010039609558997851
-0.7396145462989807 | [-0.32] | -0.010381703475504926
-0.7498994469642639 | [-0.33] | -0.010649393487397503
-0.7591040134429932 | [-0.33] | -0.010838347958844669
-0.7671794295310974 | [-0.33] | -0.010945419131977989
-0.7740825414657593 | [-0.33] | -0.010968676872871902
-0.7797756791114807 | [-0.33] | -0.010907426179834168
-0.7842265367507935 | [-0.33] | -0.010762217137671087
-0.7874079346656799 | [-0.32] | -0.010534838828293612
-0.7892978191375732 | [-0.32] | -0.010228316985033896
-0.7898790836334229 | [-0.31] | -0.009846889388674781
-0.7891396880149841 | [-0.31] | -0.00939598507558144
-0.7870725989341736 | [-0.3] | -0.008882176684605291
-0.7836759090423584 | [-0.29] | -0.008313124131103687
-0.7789530754089355 | [-0.28] | -0.0076975020780186065
-0.7729131579399109 | [-0.27] | -0.007044901660244969
-0.7655710577964783 | [-0.25] | -0.006365703506236217
-0.7569478750228882 | [-0.24] | -0.005670928020789792
-0.7470712661743164 | [-0.22] | -0.004972053148733072
-0.7359758019447327 | [-0.21] | -0.004280803855060693
-0.7237035036087036 | [-0.19] | -0.003608920035231375
-0.7103039026260376 | [-0.17] | -0.002967883121390559
-0.6958345174789429 | [-0.15] | -0.002368644847419111
-0.6803609132766724 | [-0.13] | -0.0018213340633091585
-0.663956880569458 | [-0.12] | -0.001334974228965401
-0.6467043161392212 | [-0.1] | -0.0009172098172141766
-0.6286929845809937 | [-0.08] | -0.0005740627058256051
-0.6100200414657593 | [-0.06] | -0.00030973077704091423
-0.5907896757125854 | [-0.04] | -0.00012644365517827105
-0.5711121559143066 | [-0.02] | -2.4377235605433384e-05
-0.551102876663208 | [0.] | -1.6433051259137347e-06
-0.5308814644813538 | [0.02] | -5.4352756712885045e-05
-0.5105704665184021 | [0.04] | -0.00017674881221164986
-0.49029409885406494 | [0.06] | -0.00036140671672589217
-0.47017693519592285 | [0.08] | -0.0005994876208404902
-0.4503425657749176 | [0.09] | -0.000881034976178001
-0.43091243505477905 | [0.11] | -0.0011952941454548454
-0.4120045304298401 | [0.12] | -0.001531046744619925
-0.3937324285507202 | [0.14] | -0.0018769365247387395
-0.37620437145233154 | [0.15] | -0.0022217804157713314
-0.3595225214958191 | [0.16] | -0.0025548520507559284
-0.34378236532211304 | [0.17] | -0.002866133433126531
-0.3290724456310272 | [0.18] | -0.0031465240956739687
-0.3154739737510681 | [0.18] | -0.003388020905168494
-0.3030608892440796 | [0.19] | -0.003583852931446084
-0.29189980030059814 | [0.19] | -0.003728590759212531
-0.282050222158432 | [0.2] | -0.0038182207919810517
-0.27356472611427307 | [0.2] | -0.0038502001380697187
-0.266489177942276 | [0.2] | -0.0038234909094798223
-0.2608630359172821 | [0.19] | -0.0037385746324864336
-0.25671958923339844 | [0.19] | -0.0035974545095394544
-0.25408613681793213 | [0.18] | -0.0034036447881291344
-0.2529841661453247 | [0.18] | -0.003162143301922382
-0.2534293532371521 | [0.17] | -0.00287939190488533
-0.255431592464447 | [0.16] | -0.0025632132781224
-0.2589948773384094 | [0.15] | -0.002222726638503562
-0.26411712169647217 | [0.14] | -0.0018682343910976541
-0.27078977227211 | [0.12] | -0.0015110788549178127
-0.2789974808692932 | [0.11] | -0.0011634577982341007
-0.288717657327652 | [0.09] | -0.0008382002590973701
-0.29991990327835083 | [0.07] | -0.0005485014032144951
-0.31256553530693054 | [0.06] | -0.000307612139496866
-0.3266071081161499 | [0.04] | -0.0001284918982356333
-0.34198784828186035 | [0.02] | -2.3431360372048432e-05
-0.35864129662513733 | [-0.01] | -3.6535101450989878e-06
-0.37649109959602356 | [-0.03] | -7.891087191964972e-05
-0.3954508900642395 | [-0.05] | -0.0002570973906142385
-0.4154243469238281 | [-0.07] | -0.000543894673610237
-0.43630558252334595 | [-0.1] | -0.0009424750792527559
-0.457979679107666 | [-0.12] | -0.0014532822524947466
-0.48032355308532715 | [-0.14] | -0.0020739065058476757
-0.5032070875167847 | [-0.17] | -0.0027990685966707875
-0.5264944434165955 | [-0.19] | -0.0036207158801555314
-0.5500454902648926 | [-0.21] | -0.004528224797161347
-0.5737175941467285 | [-0.23] | -0.005508709890475322
-0.5973672866821289 | [-0.26] | -0.00654740875280985
-0.6208520531654358 | [-0.28] | -0.007628126614321973
-0.6440320014953613 | [-0.3] | -0.008733711972501522
-0.6667715311050415 | [-0.31] | -0.009846538884948195
-0.6889406442642212 | [-0.33] | -0.010948963669545947
-0.7104162573814392 | [-0.35] | -0.012023747178849072
-0.7310830950737 | [-0.36] | -0.01305441477932863
-0.7508342862129211 | [-0.37] | -0.014025545783494875
-0.7695719599723816 | [-0.39] | -0.014923013917163342
-0.7872072458267212 | [-0.4] | -0.015734139287395015
-0.8036601543426514 | [-0.41] | -0.016447788945503288
-0.8188595175743103 | [-0.41] | -0.017054445177483096
-0.8327422738075256 | [-0.42] | -0.01754620557080713
-0.8452531695365906 | [-0.42] | -0.017916792010365567
-0.8563439249992371 | [-0.43] | -0.0181615126940835
-0.865972638130188 | [-0.43] | -0.018277238829259607
-0.8741030693054199 | [-0.43] | -0.0182623734874426
-0.8807041049003601 | [-0.43] | -0.01811684021163479
-0.8857489824295044 | [-0.42] | -0.017842057915524363
-0.8892150521278381 | [-0.42] | -0.017440964411560674
-0.8910831212997437 | [-0.41] | -0.016918009355071068
-0.8913373351097107 | [-0.4] | -0.016279188735653063
-0.8899651169776917 | [-0.39] | -0.015532077207795002
-0.886957049369812 | [-0.38] | -0.014685843521259595
-0.8823071718215942 | [-0.37] | -0.013751276016798285
-0.8760132193565369 | [-0.36] | -0.012740774431941482
-0.8680771589279175 | [-0.34] | -0.011668323025168122
-0.8585058450698853 | [-0.32] | -0.010549421405187151
-0.8473117351531982 | [-0.31] | -0.009400960811514387
-0.8345136642456055 | [-0.29] | -0.00824103674594834
-0.8201380968093872 | [-0.27] | -0.007088712747653831
-0.8042197823524475 | [-0.24] | -0.005963673825018967
-0.7868030667304993 | [-0.22] | -0.0048858365245054115
-0.7679427266120911 | [-0.2] | -0.0038748647974472944
-0.7477048635482788 | [-0.17] | -0.0029496331089236723
-0.726167619228363 | [-0.15] | -0.0021276453912478024
-0.7034216523170471 | [-0.12] | -0.0014244372904663645
-0.6795705556869507 | [-0.09] | -0.0008529986095206975
-0.6547304391860962 | [-0.07] | -0.0004232370710263901
-0.6290295720100403 | [-0.04] | -0.00014154330687163436
-0.6026074886322021 | [-0.01] | -1.0478535678348777e-05
-0.5756137371063232 | [0.02] | -2.8616092786421313e-05
-0.548206090927124 | [0.04] | -0.0001905558435156771
-0.5205485820770264 | [0.07] | -0.00048711734633654117
-0.4928092658519745 | [0.1] | -0.0009056996031081327
-0.46515777707099915 | [0.12] | -0.0014307841204671135
-0.43776294589042664 | [0.14] | -0.002044543179885784
-0.4107902944087982 | [0.17] | -0.002727515907361093
-0.3843999207019806 | [0.19] | -0.003459297745803819
-0.35874447226524353 | [0.21] | -0.004219210189919699
-0.33396753668785095 | [0.22] | -0.004986908316243467
-0.31020238995552063 | [0.24] | -0.00574290556575179
-0.28757113218307495 | [0.25] | -0.006468996656912528
-0.26618432998657227 | [0.27] | -0.007148574324186724
-0.24614082276821136 | [0.28] | -0.007766855955239191
-0.22752811014652252 | [0.29] | -0.008311012851641422
-0.2104228287935257 | [0.3] | -0.008770237641521452
-0.1948915272951126 | [0.3] | -0.009135756650105065
-0.18099157512187958 | [0.31] | -0.00940080715053034
-0.1687721461057663 | [0.31] | -0.0095606003126757
-0.15827526152133942 | [0.31] | -0.009612275917855946
-0.14953674376010895 | [0.31] | -0.009554867772449377
-0.14258719980716705 | [0.31] | -0.009389276772685055
-0.13745276629924774 | [0.3] | -0.009118267652422662
-0.13415582478046417 | [0.3] | -0.00874647791103832
-0.13271550834178925 | [0.29] | -0.008280443683004122
-0.13314801454544067 | [0.28] | -0.007728636993436811
-0.13546670973300934 | [0.27] | -0.007101505553532304
-0.13968203961849213 | [0.25] | -0.0064115040757488145
-0.14580126106739044 | [0.24] | -0.005673103831113805
-0.15382784605026245 | [0.22] | -0.00490277225596446
-0.16376076638698578 | [0.2] | -0.004118897498728759
-0.17559358477592468 | [0.18] | -0.003341644634081164
-0.18931327760219574 | [0.16] | -0.002592730258536466
-0.20489896833896637 | [0.14] | -0.0018950953124865528
-0.2223205417394638 | [0.11] | -0.0012724666625010942
-0.2415371686220169 | [0.09] | -0.0007488031708627403
-0.26249587535858154 | [0.06] | -0.00034762949605697286
-0.28513023257255554 | [0.03] | -9.127070507339157e-05
-0.309359073638916 | [0.] | -1.8715926833458725e-08
-0.3350856900215149 | [-0.03] | -9.126603001806443e-05
-0.36219730973243713 | [-0.06] | -0.0003786641874851651
-0.39056500792503357 | [-0.09] | -0.0008713651621106725
-0.4200441837310791 | [-0.13] | -0.0015734110228767858
-0.4504757523536682 | [-0.16] | -0.002483334496651869
-0.4816877245903015 | [-0.19] | -0.0035940133520072
-0.5134975910186768 | [-0.22] | -0.004892814418643115
-0.5457149744033813 | [-0.25] | -0.006362019039280246
-0.5781449675559998 | [-0.28] | -0.007979517599466975
-0.6105914115905762 | [-0.31] | -0.009719706275942755
-0.6428604125976562 | [-0.34] | -0.011554523308594687
-0.6747637987136841 | [-0.37] | -0.013454545808428545
-0.706122100353241 | [-0.39] | -0.015390047496358326
-0.7367673516273499 | [-0.42] | -0.017331969983471817
-0.7665450572967529 | [-0.44] | -0.01925271463534416
-0.7953159213066101 | [-0.46] | -0.021126775635310024
-0.8229566812515259 | [-0.48] | -0.022931152682588222
-0.8493604063987732 | [-0.5] | -0.024645571778041216
-0.8744363784790039 | [-0.51] | -0.026252556776437227
-0.8981091976165771 | [-0.53] | -0.027737332437468305
-0.9203179478645325 | [-0.54] | -0.029087670550829975
-0.9410145878791809 | [-0.55] | -0.030293627293673953
-0.9601626396179199 | [-0.56] | -0.031347294946526834
-0.9777352213859558 | [-0.57] | -0.03224249018919112
-0.9937136173248291 | [-0.57] | -0.03297451174145272
-1.0080854892730713 | [-0.58] | -0.03353989457700979
-1.020843267440796 | [-0.58] | -0.03393619977281244
-1.031982660293579 | [-0.58] | -0.034161857822185775
-1.0415014028549194 | [-0.58] | -0.034216060787460666
-1.0493979454040527 | [-0.58] | -0.0340986812548594
-1.0556703805923462 | [-0.58] | -0.03381024551405395
-1.0603158473968506 | [-0.58] | -0.03335198029651692
-1.0633295774459839 | [-0.57] | -0.03272584879395079
-1.0647042989730835 | [-0.57] | -0.03193464654979557
-1.0644301176071167 | [-0.56] | -0.030982166104624537
-1.062494158744812 | [-0.55] | -0.029873353886584988
-1.0588806867599487 | [-0.53] | -0.028614528340213427
-1.0535712242126465 | [-0.52] | -0.02721360371792326
-1.0465446710586548 | [-0.51] | -0.025680314598931855
-1.0377782583236694 | [-0.49] | -0.024026507543859543
-1.0272481441497803 | [-0.47] | -0.022266372037828067
-1.014930248260498 | [-0.45] | -0.020416650999189948
-1.0008018016815186 | [-0.43] | -0.01849685168346715
-0.9848427176475525 | [-0.41] | -0.016529344843992683
-0.9670370817184448 | [-0.38] | -0.01453936508959265
-0.9473753571510315 | [-0.35] | -0.012554913478044641
-0.925856351852417 | [-0.33] | -0.010606474009694944
-0.9024897217750549 | [-0.3] | -0.00872656056522957
-0.87729811668396 | [-0.26] | -0.006949031074802815
-0.8503196835517883 | [-0.23] | -0.005308207920572443
-0.8216103315353394 | [-0.2] | -0.0038377862895739006
-0.7912458777427673 | [-0.16] | -0.002569573433415344
-0.7593233585357666 | [-0.12] | -0.0015321075847732958
-0.7259622812271118 | [-0.09] | -0.0007492739321601342
-0.6913048624992371 | [-0.05] | -0.0002389951831460735
-0.6555153727531433 | [-0.01] | -1.213579042377082e-05
-0.618778645992279 | [0.03] | -7.173251742454377e-05
-0.5812975168228149 | [0.06] | -0.0004126488566383652
-0.5432894825935364 | [0.1] | -0.0010217100509109496
-0.5049822330474854 | [0.14] | -0.0018783326148576196
-0.4666089415550232 | [0.17] | -0.002955592690959927
-0.4284031391143799 | [0.21] | -0.004221638461728512
-0.39059340953826904 | [0.24] | -0.005641313998578435
-0.35339871048927307 | [0.27] | -0.00717782827561143
-0.3170238733291626 | [0.3] | -0.00879434706188791
-0.2816562354564667 | [0.32] | -0.010455361970759905
-0.24746297299861908 | [0.35] | -0.012127780938540195
-0.21458947658538818 | [0.37] | -0.013781687537615467
-0.1831587255001068 | [0.39] | -0.01539078442017774
-0.15327149629592896 | [0.41] | -0.016932547027752116
-0.12500737607479095 | [0.43] | -0.018388142254091095
-0.09842628240585327 | [0.44] | -0.01974218745556915
-0.07357051223516464 | [0.46] | -0.020982391843518154
-0.05046699568629265 | [0.47] | -0.022099145889378252
-0.02912973426282406 | [0.48] | -0.02308509849032791
-0.009562228806316853 | [0.49] | -0.02393474860454625
0.008240153081715107 | [0.5] | -0.024644080606041098
0.024287940934300423 | [0.5] | -0.02521024833929432
0.03859550878405571 | [0.51] | -0.025631315768516155
0.051179226487874985 | [0.51] | -0.025906053082494846
0.06205582246184349 | [0.51] | -0.026033794363073726
0.07124096900224686 | [0.51] | -0.026014344921500544
0.07874805480241776 | [0.51] | -0.02584793983989453
0.08458719402551651 | [0.51] | -0.02553525316511054
0.08876438438892365 | [0.5] | -0.0250774499016731
0.09128085523843765 | [0.49] | -0.0244762834818593
0.0921325832605362 | [0.49] | -0.023734235374516917
0.09130996465682983 | [0.48] | -0.022854697404778433
0.0887976586818695 | [0.47] | -0.02184219547453757
0.08457456529140472 | [0.46] | -0.020702650252480737
0.0786140114068985 | [0.44] | -0.019443677856672656
0.0708840936422348 | [0.43] | -0.0180749192581667
0.06134820729494095 | [0.41] | -0.016608392054309147
0.04996584355831146 | [0.39] | -0.015058856991428258
0.036693599075078964 | [0.37] | -0.013444176443842833
0.02148647978901863 | [0.34] | -0.0117856424816778
0.004299505613744259 | [0.32] | -0.010108246636308911
-0.014910358004271984 | [0.29] | -0.008440847097266018
-0.03618192300200462 | [0.26] | -0.006816195165160327
-0.05954715982079506 | [0.23] | -0.005270761067660524
-0.08502823859453201 | [0.2] | -0.0038443127814774
-0.1126343160867691 | [0.16] | -0.0025791948463337526
-0.14235812425613403 | [0.12] | -0.0015192689548068497
-0.174172505736351 | [0.08] | -0.000708506969774371
-0.20802703499794006 | [0.04] | -0.0001892511319390192
-0.24384506046772003 | [0.] | -2.1004693412868903e-07
-0.2815212905406952 | [-0.04] | -0.0001743088539697624
-0.32092028856277466 | [-0.09] | -0.0007365630209133089
-0.36187615990638733 | [-0.13] | -0.0017021877956102625
-0.404193639755249 | [-0.18] | -0.003075169746904316
-0.447650671005249 | [-0.22] | -0.004847513902111229
-0.4920026361942291 | [-0.26] | -0.006999317659700194
-0.5369880795478821 | [-0.31] | -0.009499736925193382
-0.5823354721069336 | [-0.35] | -0.012308782055849328
-0.6277708411216736 | [-0.39] | -0.01537977957477982
-0.6730258464813232 | [-0.43] | -0.018662247310092438
-0.7178453207015991 | [-0.47] | -0.02210485725600734
-0.7619942426681519 | [-0.51] | -0.02565820980054171
-0.8052635788917542 | [-0.54] | -0.029277168834932255
-0.8474745750427246 | [-0.57] | -0.032922606732228014
-0.8884817361831665 | [-0.6] | -0.03656252026003268
-0.9281740188598633 | [-0.63] | -0.04017252247714026
-0.966474711894989 | [-0.66] | -0.043735825326824296
-1.0033403635025024 | [-0.69] | -0.047242867836682204
-1.038758635520935 | [-0.71] | -0.05069069260161198
-1.072745680809021 | [-0.74] | -0.05408221549370841
-1.1053431034088135 | [-0.76] | -0.057425483286244416
-1.1366151571273804 | [-0.78] | -0.060733037355309695
-1.1666456460952759 | [-0.8] | -0.06402134512985817
-1.1955350637435913 | [-0.82] | -0.06731035598623793
-1.2000000476837158 | [-0.68] | -0.046240005836487
-1.1987781524658203 | [-0.67] | -0.045264753890356675
-1.1963194608688354 | [-0.66] | -0.04414197674491174
-1.1926034688949585 | [-0.65] | -0.04287145576211628
-1.1876037120819092 | [-0.64] | -0.04145356964046465
-1.181288242340088 | [-0.63] | -0.03988958015655415
-1.1736197471618652 | [-0.62] | -0.0381818982816071
-1.1645557880401611 | [-0.6] | -0.036334387899570934
-1.154049277305603 | [-0.59] | -0.03435271300918246
-1.1420493125915527 | [-0.57] | -0.032244736245312364
-1.1285016536712646 | [-0.55] | -0.030020876067387514
-1.1133497953414917 | [-0.53] | -0.02769451315664706
-1.09653639793396 | [-0.5] | -0.02528239057146698
-1.0780045986175537 | [-0.48] | -0.022804938060370664
-1.0576997995376587 | [-0.45] | -0.020286536451193563
-1.035571813583374 | [-0.42] | -0.017755674974990452
-1.0115774869918823 | [-0.39] | -0.015244952659804568
-0.985683023929596 | [-0.36] | -0.012790815734665218
-0.9578675031661987 | [-0.32] | -0.010433100420296106
-0.9281257390975952 | [-0.29] | -0.008214198108445703
-0.8964716792106628 | [-0.25] | -0.006177917771209724
-0.8629416823387146 | [-0.21] | -0.0043679998582619095
-0.8275974988937378 | [-0.17] | -0.0028263287916093175
-0.7905286550521851 | [-0.13] | -0.0015909210626392709
-0.7518543004989624 | [-0.08] | -0.0006938384761009507
-0.7117236256599426 | [-0.04] | -0.0001591844511210694
-0.6703155636787415 | [0.] | -1.4108969599678004e-06
-0.6278367042541504 | [0.05] | -0.00022411969738924927
-0.5845177173614502 | [0.09] | -0.0008195491075132296
-0.5406085848808289 | [0.13] | -0.0017688441073898987
-0.49637243151664734 | [0.17] | -0.0030431233848411
-0.45207858085632324 | [0.21] | -0.004605249732836692
-0.4079951345920563 | [0.25] | -0.006412116499996988
-0.3643816113471985 | [0.29] | -0.008417202089608139
-0.3214821517467499 | [0.33] | -0.010573123584312588
-0.27951961755752563 | [0.36] | -0.012833949087577423
-0.238691046833992 | [0.39] | -0.015157074309888744
-0.199164479970932 | [0.42] | -0.017504585841635233
-0.16107720136642456 | [0.45] | -0.019844076950217428
-0.1245354637503624 | [0.47] | -0.022148953977198918
-0.08961533010005951 | [0.49] | -0.024398349312924235
-0.056364476680755615 | [0.52] | -0.026576730215287555
-0.024804677814245224 | [0.54] | -0.028673324462084378
0.00506525207310915 | [0.55] | -0.030681448417947583
0.033266332000494 | [0.57] | -0.03259783107469976
0.05983626842498779 | [0.59] | -0.03442196275689798
0.08482643216848373 | [0.6] | -0.03615552052119549
0.10829905420541763 | [0.61] | -0.03780186952174511
0.13032470643520355 | [0.63] | -0.03936565267276767
0.150980144739151 | [0.64] | -0.0408524674340438
0.1703464239835739 | [0.65] | -0.04226861032099749
0.1885073184967041 | [0.66] | -0.04362088107363415
0.20554813742637634 | [0.67] | -0.04491645420888135
0.2215546816587448 | [0.68] | -0.04616277917948646
0.23661257326602936 | [0.69] | -0.04736753373239094
0.25080665946006775 | [0.7] | -0.04853858624697059
0.2642206847667694 | [0.7] | -0.04968399839973346
0.2769371271133423 | [0.71] | -0.050812045957775435
0.28903713822364807 | [0.72] | -0.05193125386032578
0.30060049891471863 | [0.73] | -0.053050436863844364
0.31170591711997986 | [0.74] | -0.05417878466115066
0.32243111729621887 | [0.74] | -0.05532592623333006
0.33285319805145264 | [0.75] | -0.0565020337671959
0.343049019575119 | [0.76] | -0.057717942141574156
0.35309556126594543 | [0.77] | -0.058985270866613086
0.36307039856910706 | [0.78] | -0.0603165818793776
0.3730522096157074 | [0.79] | -0.061725552905127545
0.38312140107154846 | [0.8] | -0.06322719321819313
0.3933606743812561 | [0.81] | -0.06483807861540522
0.40385565161705017 | [0.82] | -0.06657662059662937
0.4146956503391266 | [0.83] | -0.06846340393657376
0.4259744882583618 | [0.84] | -0.0705215670178503
0.43779122829437256 | [0.85] | 99.92722276417318
Total reward: 93.53370079930376
0.9, 5.0, 0.4
parameter ends

state | action | reward
[-0.49] | [-0.04] | -0.00017750925436957115
-0.49156299233436584 | [-0.04] | -0.0001930158890628947
-0.4921741783618927 | [-0.05] | -0.00021171626936786157
-0.4930897057056427 | [-0.05] | -0.000233853322613608
-0.4943062663078308 | [-0.05] | -0.00025967655507402486
-0.4958186745643616 | [-0.05] | -0.0002894319532809187
-0.4976198971271515 | [-0.06] | -0.00032335168627327176
-0.49970105290412903 | [-0.06] | -0.00036164302144877275
-0.5020514726638794 | [-0.06] | -0.00040447771813823246
-0.5046588182449341 | [-0.07] | -0.00045198224432869147
-0.5075089931488037 | [-0.07] | -0.0005042259698831875
-0.5105862617492676 | [-0.07] | -0.0005612124070389539
-0.5138735175132751 | [-0.08] | -0.0006228736088311116
-0.5173520445823669 | [-0.08] | -0.0006890590218910213
-0.521001935005188 | [-0.09] | -0.0007595347594020208
-0.524802029132843 | [-0.09] | -0.0008339779126128836
-0.5287300944328308 | [-0.1] | -0.0009119762271610703
-0.5327629446983337 | [-0.1] | -0.000993028686775536
-0.5368765592575073 | [-0.1] | -0.0010765483038425497
-0.5410462021827698 | [-0.11] | -0.0011618665847804317
-0.5452467799186707 | [-0.11] | -0.0012482448553510668
-0.5494526624679565 | [-0.12] | -0.0013348770904734622
-0.5536381602287292 | [-0.12] | -0.0014209070887033109
-0.557777464389801 | [-0.12] | -0.0015054367576262384
-0.5618449449539185 | [-0.13] | -0.0015875430281520034
-0.5658152103424072 | [-0.13] | -0.0016662904753404649
-0.5696632862091064 | [-0.13] | -0.0017407475311946913
-0.5733649134635925 | [-0.13] | -0.001810005923098883
-0.5768964886665344 | [-0.14] | -0.0018731917931396839
-0.5802353024482727 | [-0.14] | -0.001929483657605478
-0.5833597183227539 | [-0.14] | -0.0019781285336393875
-0.5862492918968201 | [-0.14] | -0.0020184558065011655
-0.5888848900794983 | [-0.14] | -0.0020498898519765297
-0.5912487506866455 | [-0.14] | -0.0020719598798839413
-0.593324601650238 | [-0.14] | -0.002084309637297975
-0.5950978398323059 | [-0.14] | -0.0020867071112236012
-0.5965556502342224 | [-0.14] | -0.0020790504103051772
-0.5976869463920593 | [-0.14] | -0.0020613671398791032
-0.5984824895858765 | [-0.14] | -0.002033816277626039
-0.5989350080490112 | [-0.14] | -0.001996687927271761
-0.5990392565727234 | [-0.14] | -0.0019503992317774534
-0.5987920165061951 | [-0.14] | -0.0018954866815205124
-0.5981920957565308 | [-0.14] | -0.0018325965074194113
-0.5972404479980469 | [-0.13] | -0.0017624762131167274
-0.595940113067627 | [-0.13] | -0.001685959868082663
-0.5942962765693665 | [-0.13] | -0.0016039549641686927
-0.5923161506652832 | [-0.12] | -0.0015174238865502954
-0.5900090336799622 | [-0.12] | -0.0014273689100857067
-0.5873863101005554 | [-0.12] | -0.0013348150499722837
-0.5844614505767822 | [-0.11] | -0.0012407925778114405
-0.5812497138977051 | [-0.11] | -0.0011463138770348563
-0.5777683258056641 | [-0.1] | -0.0010523609812692146
-0.5740363597869873 | [-0.1] | -0.0009598676041107908
-0.5700744986534119 | [-0.09] | -0.0008697008823198174
-0.5659050941467285 | [-0.09] | -0.0007826502970024415
-0.5615519285202026 | [-0.08] | -0.0006994136094520629
-0.5570401549339294 | [-0.08] | -0.0006205881617072262
-0.5523961782455444 | [-0.07] | -0.00054666387443037
-0.5476474165916443 | [-0.07] | -0.0004780173868763236
-0.5428221225738525 | [-0.06] | -0.0004149103579838584
-0.5379493832588196 | [-0.06] | -0.00035749271854709053
-0.5330587029457092 | [-0.06] | -0.00030580381512453937
-0.5281800627708435 | [-0.05] | -0.0002597818784285952
-0.5233435034751892 | [-0.05] | -0.00021927092034224646
-0.5185791254043579 | [-0.04] | -0.0001840341683768575
-0.5139167308807373 | [-0.04] | -0.0001537661118707045
-0.5093857645988464 | [-0.04] | -0.00012810869667687376
-0.5050150156021118 | [-0.03] | -0.00010666670545545246
-0.5008325576782227 | [-0.03] | -8.902546662548259e-05
-0.49686548113822937 | [-0.03] | -7.476733095426274e-05
-0.49313971400260925 | [-0.03] | -6.348851158736458e-05
-0.48967987298965454 | [-0.02] | -5.481532325079207e-05
-0.4865091145038605 | [-0.02] | -4.841914228188868e-05
-0.48364895582199097 | [-0.02] | -4.402961189253814e-05
-0.48111918568611145 | [-0.02] | -4.1446241803558814e-05
-0.47893768548965454 | [-0.02] | -4.054731378840237e-05
-0.4771203398704529 | [-0.02] | -4.1296579038931026e-05
-0.475680947303772 | [-0.02] | -4.374713999581771e-05
-0.47463107109069824 | [-0.02] | -4.8042208263281944e-05
-0.47398000955581665 | [-0.02] | -5.441329665516412e-05
-0.47373470664024353 | [-0.03] | -6.317518789216754e-05
-0.4738996922969818 | [-0.03] | -7.471808096737623e-05
-0.47447702288627625 | [-0.03] | -8.94969060254148e-05
-0.4754663109779358 | [-0.03] | -0.000108018504178273
-0.47686463594436646 | [-0.04] | -0.00013082586915585297
-0.4786665737628937 | [-0.04] | -0.00015848099253433715
-0.48086419701576233 | [-0.04] | -0.00019154596566573132
-0.4834471046924591 | [-0.05] | -0.0002305630959673088
-0.4864024519920349 | [-0.05] | -0.0002760343987254828
-0.48971500992774963 | [-0.06] | -0.00032840107933722573
-0.4933672249317169 | [-0.06] | -0.00038802352560018293
-0.49733930826187134 | [-0.07] | -0.0004551624261020211
-0.5016093254089355 | [-0.07] | -0.000529961374104471
-0.5061533451080322 | [-0.08] | -0.0006124323621579701
-0.5109454989433289 | [-0.08] | -0.0007024424016136235
-0.5159582495689392 | [-0.09] | -0.0007997060420677058
-0.5211624503135681 | [-0.1] | -0.0009037783524585371
-0.5265275239944458 | [-0.1] | -0.0010140528043251999
-0.532021701335907 | [-0.11] | -0.001129764353529084
-0.5376121401786804 | [-0.11] | -0.0012499937725515085
-0.5432652235031128 | [-0.12] | -0.001373679485369956
-0.5489466786384583 | [-0.12] | -0.0014996292234803457
-0.5546219348907471 | [-0.13] | -0.001626540441301969
-0.5602561235427856 | [-0.13] | -0.001753015562135214
-0.5658145546913147 | [-0.14] | -0.001877590837478047
-0.5712627172470093 | [-0.14] | -0.0019987564714976334
-0.5765666961669922 | [-0.15] | -0.0021149879573241145
-0.5816932320594788 | [-0.15] | -0.0022247703118479295
-0.5866100192070007 | [-0.15] | -0.002326628329073845
-0.5912858247756958 | [-0.16] | -0.00241915219140236
-0.5956907868385315 | [-0.16] | -0.0025010274908933835
-0.59979647397995 | [-0.16] | -0.0025710571778588785
-0.603576123714447 | [-0.16] | -0.002628187143232365
-0.6070048809051514 | [-0.16] | -0.0026715296106462915
-0.6100597381591797 | [-0.16] | -0.0027003752218115818
-0.6127198934555054 | [-0.16] | -0.0027142145401599393
-0.6149666905403137 | [-0.16] | -0.0027127440570836703
-0.616783857345581 | [-0.16] | -0.0026958775671997452
-0.6181575059890747 | [-0.16] | -0.0026637469445255245
-0.6190762519836426 | [-0.16] | -0.0026167027014463457
-0.6195312738418579 | [-0.16] | -0.0025553091427105157
-0.6195164918899536 | [-0.16] | -0.0024803392202676477
-0.6190284490585327 | [-0.15] | -0.002392756983306373
-0.6180664300918579 | [-0.15] | -0.002293703740396385
-0.6166325211524963 | [-0.15] | -0.002184479103475
-0.6147316098213196 | [-0.14] | -0.0020665173987029595
-0.6123713254928589 | [-0.14] | -0.0019413600720705798
-0.60956209897995 | [-0.13] | -0.0018106294238035042
-0.6063171029090881 | [-0.13] | -0.0016759974531082333
-0.6026522517204285 | [-0.12] | -0.001539155545198251
-0.5985861420631409 | [-0.12] | -0.0014017822718243758
-0.5941399335861206 | [-0.11] | -0.0012655104135954472
-0.5893373489379883 | [-0.11] | -0.0011318981071332986
-0.5842044949531555 | [-0.1] | -0.0010023977378638865
-0.5787698030471802 | [-0.09] | -0.0008783302893632588
-0.5730637907981873 | [-0.09] | -0.0007608598485094823
-0.5671190023422241 | [-0.08] | -0.0006509752742942763
-0.5609697103500366 | [-0.07] | -0.0005494726691900207
-0.5546519160270691 | [-0.07] | -0.0004569473497625104
-0.5482029914855957 | [-0.06] | -0.0003737857864118002
-0.5416613817214966 | [-0.05] | -0.0003001646911175995
-0.535066545009613 | [-0.05] | -0.00023605822320118164
-0.5284585952758789 | [-0.04] | -0.0001812469339437527
-0.5218780636787415 | [-0.04] | -0.00013533339737309421
-0.5153656601905823 | [-0.03] | -9.776226617670694e-05
-0.5089618563652039 | [-0.03] | -6.784330325303128e-05
-0.5027068853378296 | [-0.02] | -4.478019869943105e-05
-0.49664023518562317 | [-0.02] | -2.7698915521825504e-05
-0.49080052971839905 | [-0.01] | -1.5679851731991312e-05
-0.48522520065307617 | [-0.01] | -7.789811754393475e-06
-0.47995027899742126 | [-0.01] | -3.1142976582096057e-06
-0.4750101566314697 | [-0.] | -7.887548203668022e-07
-0.47043734788894653 | [-0.] | -2.8052018730727983e-08
-0.4662623703479767 | [0.] | -1.534506674488131e-07
-0.46251344680786133 | [0.] | -6.163033855075822e-07
-0.4592163860797882 | [0.] | -1.0180049812657187e-06
-0.45639440417289734 | [0.] | -1.1255864274805994e-06
-0.45406800508499146 | [0.] | -8.825487681668108e-07
-0.45225486159324646 | [0.] | -4.146703065676458e-07
-0.4509696662425995 | [0.] | -3.061155879979916e-08
-0.4502240717411041 | [-0.] | -2.171587293900462e-07
-0.4500265419483185 | [-0.] | -1.629163941282276e-06
-0.45038241147994995 | [-0.01] | -5.074364610101316e-06
-0.4512936770915985 | [-0.01] | -1.149315179947558e-05
-0.4527590572834015 | [-0.01] | -2.193386554587131e-05
-0.4547739624977112 | [-0.02] | -3.752400745855763e-05
-0.45733046531677246 | [-0.02] | -5.943786296415053e-05
-0.4604172706604004 | [-0.03] | -8.886110374624822e-05
-0.4640198349952698 | [-0.04] | -0.0001269539975970054
-0.4681203067302704 | [-0.04] | -0.0001748125672188166
-0.4726976454257965 | [-0.05] | -0.0002334303270264912
-0.4777277410030365 | [-0.06] | -0.0003036611328409876
-0.48318344354629517 | [-0.06] | -0.00038618293691032986
-0.4890347421169281 | [-0.07] | -0.0004814656819498854
-0.4952488839626312 | [-0.08] | -0.0005897424896517415
-0.5017905831336975 | [-0.08] | -0.0007109866279389293
-0.5086222290992737 | [-0.09] | -0.0008448942423258655
-0.5157040357589722 | [-0.1] | -0.00099087237099176
-0.522994339466095 | [-0.11] | -0.0011480359680371404
-0.5304499268531799 | [-0.11] | -0.0013152129416521639
-0.5380261540412903 | [-0.12] | -0.001490952312403277
-0.5456773638725281 | [-0.13] | -0.001673545178705588
-0.5533571243286133 | [-0.14] | -0.001861048690574262
-0.5610186457633972 | [-0.14] | -0.0020513206747045406
-0.5686149597167969 | [-0.15] | -0.002242053703089394
-0.5760992765426636 | [-0.16] | -0.0024308179103548545
-0.5834252834320068 | [-0.16] | -0.0026151063198032224
-0.5905475616455078 | [-0.17] | -0.0027923857636219275
-0.5974217653274536 | [-0.17] | -0.0029601430667572405
-0.6040049195289612 | [-0.18] | -0.0031159343518625277
-0.6102555990219116 | [-0.18] | -0.003257430533945173
-0.6161344051361084 | [-0.18] | -0.0033824703190077675
-0.6216039061546326 | [-0.19] | -0.003489093757749367
-0.626629114151001 | [-0.19] | -0.0035755901791382147
-0.6311774849891663 | [-0.19] | -0.003640526033376726
-0.635219156742096 | [-0.19] | -0.0036827762821605397
-0.638727068901062 | [-0.19] | -0.0037015469463479267
-0.64167720079422 | [-0.19] | -0.00369639597116972
-0.6440485119819641 | [-0.19] | -0.003667238472583598
-0.6458232402801514 | [-0.19] | -0.003614358092009377
-0.6469869017601013 | [-0.19] | -0.003538402065813185
-0.6475282907485962 | [-0.19] | -0.0034403701247255943
-0.6474396586418152 | [-0.18] | -0.0033216034520509837
-0.646716833114624 | [-0.18] | -0.00318376524170928
-0.6453591585159302 | [-0.17] | -0.0030288092909481435
-0.6433694958686829 | [-0.17] | -0.0028589453850141966
-0.6407543420791626 | [-0.16] | -0.0026766031633122275
-0.6375239491462708 | [-0.16] | -0.002484390859229196
-0.6336920857429504 | [-0.15] | -0.0022850394465354805
-0.6292761564254761 | [-0.14] | -0.0020813547422641773
-0.6242972612380981 | [-0.14] | -0.0018761650194123191
-0.6187800168991089 | [-0.13] | -0.0016722610582655428
-0.6127525568008423 | [-0.12] | -0.0014723419484161616
-0.6062464118003845 | [-0.11] | -0.0012789589865198243
-0.5992963910102844 | [-0.1] | -0.001094463377410277
-0.5919404029846191 | [-0.1] | -0.0009209571686817057
-0.5842193961143494 | [-0.09] | -0.0007602525383021424
-0.5761770606040955 | [-0.08] | -0.0006138337329707779
-0.5678595304489136 | [-0.07] | -0.00048282836451630953
-0.5593152046203613 | [-0.06] | -0.0003679902432473941
-0.5505945682525635 | [-0.05] | -0.00026969108011720114
-0.5417495369911194 | [-0.04] | -0.00018791804906541972
-0.532833456993103 | [-0.03] | -0.00012228901534267763
-0.5239006280899048 | [-0.03] | -7.207248073086944e-05
-0.5150057673454285 | [-0.02] | -3.621778460710831e-05
-0.5062038898468018 | [-0.01] | -1.339624717199555e-05
-0.49754980206489563 | [-0.] | -2.046978824925664e-06
-0.4890976548194885 | [0.] | -4.2965011805509705e-07
-0.48090070486068726 | [0.01] | -6.68162390168779e-06
-0.4730108678340912 | [0.01] | -1.887732718729754e-05
-0.4654783606529236 | [0.02] | -3.5088816079770757e-05
-0.4583514630794525 | [0.02] | -5.344519878665362e-05
-0.4516761004924774 | [0.03] | -7.219028749436229e-05
-0.44549569487571716 | [0.03] | -8.973562458046487e-05
-0.439850777387619 | [0.03] | -0.00010470958109185529
-0.4347788393497467 | [0.03] | -0.00011599937666868183
-0.4303141236305237 | [0.04] | -0.0001227864178033566
-0.42648738622665405 | [0.04] | -0.00012457421083075315
-0.423325777053833 | [0.03] | -0.00012120740242664883
-0.4208526909351349 | [0.03] | -0.00011288229848080956
-0.419087678194046 | [0.03] | -0.0001001482115280666
-0.418046236038208 | [0.03] | -8.390046398183141e-05
-0.4177398383617401 | [0.03] | -6.536293209905853e-05
-0.41817575693130493 | [0.02] | -4.606293211553312e-05
-0.419357031583786 | [0.02] | -2.7796595801113818e-05
-0.42128244042396545 | [0.01] | -1.2586203869293259e-05
-0.4239463806152344 | [0.01] | -2.630176926856031e-06
-0.42733895778656006 | [-0.] | -2.4582414709845013e-07
-0.431445837020874 | [-0.01] | -7.806800246661669e-06
-0.4362483322620392 | [-0.02] | -2.767566793169297e-05
-0.44172343611717224 | [-0.02] | -6.213378320653723e-05
-0.44784384965896606 | [-0.03] | -0.0001133097666412682
-0.4545780420303345 | [-0.04] | -0.0001831084180002456
-0.4618903696537018 | [-0.05] | -0.00027314232281211215
-0.4697412848472595 | [-0.06] | -0.00038466895050323673
-0.4780873954296112 | [-0.07] | -0.0005185328834325209
-0.4868817925453186 | [-0.08] | -0.0006751190994143071
-0.49607425928115845 | [-0.09] | -0.0008543156943971004
-0.5056115984916687 | [-0.1] | -0.00105548958818229
-0.5154378414154053 | [-0.11] | -0.0012774732086359717
-0.5254948139190674 | [-0.12] | -0.0015185714253411235
-0.5357224345207214 | [-0.13] | -0.001776577554465579
-0.5460590720176697 | [-0.14] | -0.0020488034012794564
-0.5564420819282532 | [-0.15] | -0.0023321268228780967
-0.56680828332901 | [-0.16] | -0.0026230498162718814
-0.5770942568778992 | [-0.17] | -0.0029177615237881206
-0.5872369408607483 | [-0.18] | -0.003212217635310527
-0.5971740484237671 | [-0.19] | -0.003502221871550431
-0.6068445444107056 | [-0.19] | -0.003783512535847146
-0.6161889433860779 | [-0.2] | -0.0040518456952388674
-0.6251497268676758 | [-0.21] | -0.004303081792595337
-0.633671760559082 | [-0.21] | -0.004533271384026255
-0.6417025327682495 | [-0.22] | -0.0047387296329220625
-0.6491925120353699 | [-0.22] | -0.004916111299523351
-0.6560952067375183 | [-0.22] | -0.00506246783868861
-0.6623676419258118 | [-0.23] | -0.00517531392595638
-0.6679703593254089 | [-0.23] | -0.005252667724772706
-0.6728675961494446 | [-0.23] | -0.005293089720158901
-0.6770274639129639 | [-0.23] | -0.005295713595758162
-0.6804220080375671 | [-0.23] | -0.005260263383261705
-0.6830273270606995 | [-0.23] | -0.00518706366518857
-0.6848236322402954 | [-0.23] | -0.005077038499127239
-0.6857953667640686 | [-0.22] | -0.004931703304661575
-0.6859311461448669 | [-0.22] | -0.0047531398374432675
-0.6852239966392517 | [-0.21] | -0.004543973632278002
-0.6836713552474976 | [-0.21] | -0.004307331691848308
-0.6812751293182373 | [-0.2] | -0.004046792962661644
-0.6780416965484619 | [-0.19] | -0.0037663270115758417
-0.6739820241928101 | [-0.19] | -0.00347022830151613
-0.6691117882728577 | [-0.18] | -0.0031630413071072477
-0.6634513139724731 | [-0.17] | -0.0028494717986278107
-0.6570256352424622 | [-0.16] | -0.002534296776446992
-0.6498645544052124 | [-0.15] | -0.002222269262459733
-0.6420025825500488 | [-0.14] | -0.0019180174475407633
-0.6334788799285889 | [-0.13] | -0.001625944056983943
-0.6243371963500977 | [-0.12] | -0.0013501290612644077
-0.6146256923675537 | [-0.1] | -0.0010942355605804929
-0.6043968796730042 | [-0.09] | -0.0008614268992882344
-0.5937072038650513 | [-0.08] | -0.0006542889959675097
-0.582616925239563 | [-0.07] | -0.0004747735901407088
-0.5711896419525146 | [-0.06] | -0.00032415265497955526
-0.5594920516014099 | [-0.05] | -0.0002029951507673117
-0.547593355178833 | [-0.03] | -0.00011116004487428063
-0.5355648994445801 | [-0.02] | -4.781262519162828e-05
-0.5234795212745667 | [-0.01] | -1.1458894110527664e-05
-0.5114110708236694 | [7.22e-05] | -5.216880692748622e-10
-0.4994339048862457 | [0.01] | -1.080619022716947e-05
-0.4876222312450409 | [0.02] | -4.0797393825491806e-05
-0.4760495722293854 | [0.03] | -8.654622989489084e-05
-0.46478819847106934 | [0.04] | -0.00014438149211110245
-0.45390862226486206 | [0.05] | -0.00021049919116849095
-0.44347909092903137 | [0.05] | -0.00028107480860445187
-0.4335651695728302 | [0.06] | -0.00035237284078555196
-0.4242292642593384 | [0.06] | -0.0004208527595631549
-0.41553032398223877 | [0.07] | -0.00048326624963345046
-0.407523512840271 | [0.07] | -0.0005367455071330767
-0.4002598822116852 | [0.08] | -0.0005788816616541289
-0.3937861919403076 | [0.08] | -0.0006077892422168259
-0.38814473152160645 | [0.08] | -0.0006221582149850957
-0.3833731412887573 | [0.08] | -0.0006212929067780058
-0.3795042634010315 | [0.08] | -0.0006051371488189853
-0.3765660524368286 | [0.08] | -0.0005742845349839619
-0.374581515789032 | [0.07] | -0.0005299745088543845
-0.3735685348510742 | [0.07] | -0.0004740758266357715
-0.37353989481925964 | [0.06] | -0.0004090529700989965
-0.37450313568115234 | [0.06] | -0.00033792078558474246
-0.3764604926109314 | [0.05] | -0.00026418369943856374
-0.3794088065624237 | [0.04] | -0.00019176142855423023
-0.38333943486213684 | [0.04] | -0.0001249012394871232
-0.38823822140693665 | [0.03] | -6.807735600479816e-05
-0.3940854072570801 | [0.02] | -2.5879798972502315e-05
-0.40085557103157043 | [0.01] | -2.893616617308476e-06
-0.4085175693035126 | [-0.01] | -3.5709868503663262e-06
-0.4170345962047577 | [-0.02] | -3.2099160178167604e-05
-0.4263641834259033 | [-0.03] | -9.226815253521222e-05
-0.4364582896232605 | [-0.04] | -0.00018734173659766266
-0.4472634494304657 | [-0.06] | -0.0003199365215701877
-0.45872098207473755 | [-0.07] | -0.0004919135890712156
-0.47076722979545593 | [-0.08] | -0.0007042865606914418
-0.483333945274353 | [-0.1] | -0.0009571518451491228
-0.49634867906570435 | [-0.11] | -0.0012496426135236351
-0.5097352266311646 | [-0.13] | -0.0015799096210106724
-0.5234142541885376 | [-0.14] | -0.0019451329282181716
-0.5373038649559021 | [-0.15] | -0.0023415610723428923
-0.5513202548027039 | [-0.17] | -0.002764578621379834
-0.5653783679008484 | [-0.18] | -0.0032087983135426464
-0.579392671585083 | [-0.19] | -0.003668179250440615
-0.5932777523994446 | [-0.2] | -0.004136155705546564
-0.6069490909576416 | [-0.21] | -0.004605786149750484
-0.6203237175941467 | [-0.23] | -0.005069906777520767
-0.6333208084106445 | [-0.23] | -0.005521285291285475
-0.6458622217178345 | [-0.24] | -0.0059527731990235274
-0.6578730344772339 | [-0.25] | -0.00635745277963301
-0.6692820191383362 | [-0.26] | -0.006728775007366707
-0.6800219416618347 | [-0.27] | -0.007060679566187041
-0.6900298595428467 | [-0.27] | -0.0073477034933382215
-0.6992473602294922 | [-0.28] | -0.007585075636125257
-0.7076207399368286 | [-0.28] | -0.007768795067793545
-0.7151011228561401 | [-0.28] | -0.007895694156003366
-0.721644401550293 | [-0.28] | -0.007963481555165594
-0.7272114753723145 | [-0.28] | -0.007970787409244916
-0.7317681908607483 | [-0.28] | -0.0079171827980175
-0.735285222530365 | [-0.28] | -0.007803184081023734
-0.7377381920814514 | [-0.28] | -0.007630258168601399
-0.7391076683998108 | [-0.27] | -0.0074008101179818256
-0.7393791675567627 | [-0.27] | -0.007118157847875218
-0.7385432124137878 | [-0.26] | -0.006786496314704148
-0.7365953326225281 | [-0.25] | -0.006410844576919615
-0.7335363030433655 | [-0.24] | -0.005996988499933443
-0.7293721437454224 | [-0.24] | -0.005551395268637117
-0.7241142392158508 | [-0.23] | -0.005081117034595827
-0.7177796959877014 | [-0.21] | -0.004593686375310549
-0.7103912234306335 | [-0.2] | -0.0040969745516603534
-0.7019776105880737 | [-0.19] | -0.0035990584456737913
-0.6925736665725708 | [-0.18] | -0.0031080510332748574
-0.682220458984375 | [-0.16] | -0.0026319337501547954
-0.670965313911438 | [-0.15] | -0.0021783729764487587
-0.6588619947433472 | [-0.13] | -0.0017545414840814733
-0.6459704637527466 | [-0.12] | -0.0013669319458288925
-0.6323570013046265 | [-0.1] | -0.001021192373760805
-0.6180938482284546 | [-0.08] | -0.0007219675687358318
-0.6032589077949524 | [-0.07] | -0.00047276898517001413
-0.5879353284835815 | [-0.05] | -0.00027587457885720014
-0.572210967540741 | [-0.04] | -0.00013226382620759442
-0.5561778545379639 | [-0.02] | -4.159376956611207e-05
-0.5399314165115356 | [-0.] | -2.2145918624014854e-06
-0.5235695838928223 | [0.01] | -1.122887800421752e-05
-0.507192075252533 | [0.03] | -6.459109367051331e-05
-0.4908994138240814 | [0.04] | -0.00015724221748030247
-0.47479212284088135 | [0.05] | -0.0002832738734600373
-0.45896974205970764 | [0.07] | -0.00043611601100664965
-0.44352999329566956 | [0.08] | -0.0006087387637221886
-0.4285679757595062 | [0.09] | -0.0007938614843802882
-0.414175420999527 | [0.1] | -0.0009841606552596564
-0.4004400670528412 | [0.11] | -0.001172469992379849
-0.3874451220035553 | [0.12] | -0.0013519671004992612
-0.37526875734329224 | [0.12] | -0.0015163444093165876
-0.36398380994796753 | [0.13] | -0.0016599572091600735
-0.35365748405456543 | [0.13] | -0.0017779524799720302
-0.344351202249527 | [0.14] | -0.0018663738665181187
-0.33612048625946045 | [0.14] | -0.0019222456119553028
-0.32901492714881897 | [0.14] | -0.0019436352400719324
-0.3230781555175781 | [0.14] | -0.0019296972651562036
-0.31834784150123596 | [0.14] | -0.001880697997577396
-0.31485575437545776 | [0.13] | -0.0017980207242159975
-0.31262776255607605 | [0.13] | -0.0016841549607435405
-0.3116838335990906 | [0.12] | -0.0015426669290897715
-0.3120380640029907 | [0.12] | -0.0013781505019824633
-0.31369850039482117 | [0.11] | -0.0011961622479570264
-0.3166671395301819 | [0.1] | -0.0010031306266582946
-0.3209397494792938 | [0.09] | -0.0008062461091451781
-0.3265056908130646 | [0.08] | -0.0006133269384792972
-0.33334770798683167 | [0.07] | -0.0004326606713890052
-0.34144172072410583 | [0.05] | -0.0002728216969896974
-0.35075658559799194 | [0.04] | -0.00014246667493525382
-0.3612538278102875 | [0.02] | -5.011023710582187e-05
-0.372887521982193 | [0.01] | -3.8847637479372804e-06
-0.3856040835380554 | [-0.01] | -1.129213484415834e-05
-0.39934223890304565 | [-0.03] | -7.895389624563848e-05
-0.41403302550315857 | [-0.05] | -0.00021237016292823945
-0.42959997057914734 | [-0.06] | -0.00041569795927913787
-0.44595929980278015 | [-0.08] | -0.0006915589800227945
-0.4630204141139984 | [-0.1] | -0.0010408887102444397
-0.48068639636039734 | [-0.12] | -0.0014628351901038383
-0.49885475635528564 | [-0.14] | -0.0019547151305803465
-0.5174182653427124 | [-0.16] | -0.002512032221828331
-0.5362658500671387 | [-0.18] | -0.0031285546465433644
-0.555283784866333 | [-0.19] | -0.0037964583570970338
-0.5743566751480103 | [-0.21] | -0.004506515961588426
-0.5933688282966614 | [-0.23] | -0.005248340632191884
-0.6122051477432251 | [-0.25] | -0.0060106434765563104
-0.630752444267273 | [-0.26] | -0.006781529571395251
-0.6489005088806152 | [-0.27] | -0.007548792004584389
-0.6665428876876831 | [-0.29] | -0.008300188867419445
-0.6835778951644897 | [-0.3] | -0.009023723636196468
-0.6999092102050781 | [-0.31] | -0.009707881486863629
-0.7154463529586792 | [-0.32] | -0.010341841315893654
-0.7301051020622253 | [-0.33] | -0.01091565519359996
-0.743807852268219 | [-0.34] | -0.011420400596070123
-0.7564834952354431 | [-0.34] | -0.01184828055223957
-0.768067479133606 | [-0.35] | -0.012192712683099897
-0.7785017490386963 | [-0.35] | -0.012448392674037493
-0.7877343893051147 | [-0.36] | -0.012611323919449361
-0.7957196235656738 | [-0.36] | -0.012678857751590993
-0.8024173378944397 | [-0.36] | -0.01264969446320545
-0.8077928423881531 | [-0.35] | -0.012523892165991594
-0.8118167519569397 | [-0.35] | -0.012302874788210093
-0.8144646286964417 | [-0.35] | -0.011989419063458243
-0.8157168626785278 | [-0.34] | -0.01158764691234159
-0.815558671951294 | [-0.33] | -0.011103014984899063
-0.8139800429344177 | [-0.32] | -0.010542285151786157
-0.8109757900238037 | [-0.31] | -0.009913484688970681
-0.8065457344055176 | [-0.3] | -0.009225850554154737
-0.80069500207901 | [-0.29] | -0.008489753435914764
-0.7934343218803406 | [-0.28] | -0.007716588758412565
-0.7847804427146912 | [-0.26] | -0.006918639231056761
-0.7747566103935242 | [-0.25] | -0.006108901607730434
-0.7633931040763855 | [-0.23] | -0.0053008744954946025
-0.750727653503418 | [-0.21] | -0.004508302668455044
-0.7368060350418091 | [-0.19] | -0.003744892994390272
-0.7216824293136597 | [-0.17] | -0.003023990444843
-0.7054199576377869 | [-0.15] | -0.002358240601820473
-0.6880908012390137 | [-0.13] | -0.0017592297287649097
-0.6697763800621033 | [-0.11] | -0.0012371360450477119
-0.6505672931671143 | [-0.09] | -0.0008003986044333908
-0.630562961101532 | [-0.07] | -0.0004554234653475629
-0.6098713278770447 | [-0.05] | -0.0002063527492206265
-0.5886080265045166 | [-0.02] | -5.4899151585661846e-05
-0.5668953657150269 | [-0.] | -2.6977360498316174e-07
-0.544861376285553 | [0.02] | -3.918363835238395e-05
-0.5226383209228516 | [0.04] | -0.0001659818635184749
-0.5003613233566284 | [0.06] | -0.000372828855055776
-0.4781668782234192 | [0.08] | -0.0006499900556652001
-0.45619121193885803 | [0.1] | -0.0009861740535904177
-0.43456870317459106 | [0.12] | -0.0013689177262671453
-0.41343051195144653 | [0.13] | -0.00178499113921722
-0.392903208732605 | [0.15] | -0.0022208050099627678
-0.3731076717376709 | [0.16] | -0.0026627988371823318
-0.35415807366371155 | [0.18] | -0.003097800507118418
-0.3361612558364868 | [0.19] | -0.003513336679857277
-0.31921613216400146 | [0.2] | -0.0038979027983825085
-0.3034134805202484 | [0.21] | -0.004241175111135291
-0.2888357937335968 | [0.21] | -0.004534180980857593
-0.2755574584007263 | [0.22] | -0.004769420692994525
-0.26364484429359436 | [0.22] | -0.004940960553360547
-0.25315675139427185 | [0.22] | -0.005044487055636381
-0.2441447675228119 | [0.23] | -0.005077343942050564
-0.2366536557674408 | [0.22] | -0.005038554003293138
-0.23072181642055511 | [0.22] | -0.00492882424984257
-0.22638162970542908 | [0.22] | -0.004750545938152116
-0.22365978360176086 | [0.21] | -0.004507784475380374
-0.22257749736309052 | [0.21] | -0.004206260392084952
-0.22315064072608948 | [0.2] | -0.0038533182871514967
-0.2253897339105606 | [0.19] | -0.003457879377770671
-0.22929984331130981 | [0.17] | -0.0030303706674044127
-0.23488028347492218 | [0.16] | -0.00258262681481381
-0.2421242743730545 | [0.15] | -0.0021277525921090594
-0.2510184347629547 | [0.13] | -0.0016799424210783552
-0.2615422010421753 | [0.11] | -0.0012542490771869283
-0.2736670970916748 | [0.09] | -0.0008662984599841247
-0.28735610842704773 | [0.07] | -0.0005319441526287474
-0.3025628924369812 | [0.05] | -0.00026687087555625586
-0.3192310929298401 | [0.03] | -8.614814701853053e-05
-0.337293803691864 | [0.01] | -3.7480076244600372e-06
-0.3566729724407196 | [-0.02] | -3.204663810460844e-05
-0.37727928161621094 | [-0.04] | -0.00018133001428513595
-0.3990119397640228 | [-0.07] | -0.0004593326339070937
-0.42175906896591187 | [-0.09] | -0.000870839646484538
-0.44539815187454224 | [-0.12] | -0.0014173784594249399
-0.46979695558547974 | [-0.14] | -0.0020970292917844224
-0.4948147237300873 | [-0.17] | -0.0029043702166400343
-0.5203037261962891 | [-0.2] | -0.0038305715208963374
-0.5461110472679138 | [-0.22] | -0.00486363484202521
-0.5720804333686829 | [-0.24] | -0.005988758686771502
-0.5980545878410339 | [-0.27] | -0.007188827154852153
-0.6238771080970764 | [-0.29] | -0.00844495919389795
-0.6493947505950928 | [-0.31] | -0.0097371173292804
-0.6744592189788818 | [-0.33] | -0.011044703266160775
-0.6989290118217468 | [-0.35] | -0.012347137919929717
-0.7226706743240356 | [-0.37] | -0.013624363654640545
-0.7455601692199707 | [-0.39] | -0.014857290632836799
-0.7674834132194519 | [-0.4] | -0.01602812687788039
-0.7883369326591492 | [-0.41] | -0.017120641311298312
-0.8080278635025024 | [-0.43] | -0.018120318612498576
-0.8264737129211426 | [-0.44] | -0.019014437086771693
-0.8436020016670227 | [-0.44] | -0.01979209775872049
-0.8593496084213257 | [-0.45] | -0.020444197987664052
-0.873661994934082 | [-0.46] | -0.020963377158365878
-0.8864923715591431 | [-0.46] | -0.021343948227447687
-0.8978007435798645 | [-0.46] | -0.02158182311623386
-0.9075528383255005 | [-0.47] | -0.02167443470147046
-0.9157194495201111 | [-0.46] | -0.02162070515952522
-0.9222755432128906 | [-0.46] | -0.02142100947295618
-0.9271993637084961 | [-0.46] | -0.02107715242142417
-0.9304720759391785 | [-0.45] | -0.020592404440273732
-0.9320772290229797 | [-0.45] | -0.019971531557118893
-0.9320003390312195 | [-0.44] | -0.01922084065277543
-0.9302288889884949 | [-0.43] | -0.01834825792141398
-0.9267522692680359 | [-0.42] | -0.017363393297650128
-0.921562135219574 | [-0.4] | -0.016277619441018222
-0.9146527051925659 | [-0.39] | -0.015104116580065855
-0.906021237373352 | [-0.37] | -0.013857891199063381
-0.8956691026687622 | [-0.35] | -0.012555780969951347
-0.8836023211479187 | [-0.33] | -0.01121635648458437
-0.8698329925537109 | [-0.31] | -0.009859799457316026
-0.8543803095817566 | [-0.29] | -0.008507661117950559
-0.8372718691825867 | [-0.27] | -0.0071825379349416815
-0.8185450434684753 | [-0.24] | -0.0059076445873644644
-0.798248291015625 | [-0.22] | -0.004706281308006831
-0.7764423489570618 | [-0.19] | -0.003601205767299609
-0.753201425075531 | [-0.16] | -0.0026139343410656914
-0.7286139726638794 | [-0.13] | -0.0017639907457398737
-0.7027832269668579 | [-0.1] | -0.0010681492487091618
-0.6758274435997009 | [-0.07] | -0.0005397221184223937
-0.647879421710968 | [-0.04] | -0.00018793396742542478
-0.6190857887268066 | [-0.01] | -1.7447566957584996e-05
-0.5896055698394775 | [0.02] | -2.807700152415856e-05
-0.5596083998680115 | [0.05] | -0.00021472500646991556
-0.5292721390724182 | [0.08] | -0.0005675564359627949
-0.49878033995628357 | [0.1] | -0.0010723995680632758
-0.4683191776275635 | [0.13] | -0.0017113510546302958
-0.4380744695663452 | [0.16] | -0.002463534260028867
-0.4082287549972534 | [0.18] | -0.003305950536314343
-0.37895840406417847 | [0.21] | -0.004214365576836994
-0.3504312038421631 | [0.23] | -0.005164163300851998
-0.3228042423725128 | [0.25] | -0.006131119275480754
-0.29622238874435425 | [0.27] | -0.007092054647421038
-0.27081719040870667 | [0.28] | -0.008025352417443546
-0.24670635163784027 | [0.3] | -0.008911327021675864
-0.2239937037229538 | [0.31] | -0.009732458101783754
-0.20276957750320435 | [0.32] | -0.01047350716435547
-0.1831115484237671 | [0.33] | -0.011121539593096986
-0.16508546471595764 | [0.34] | -0.011665877447776328
-0.14874666929244995 | [0.35] | -0.01209801131646263
-0.13414134085178375 | [0.35] | -0.012411491189530145
-0.1213078424334526 | [0.35] | -0.012601820485550358
-0.11027812957763672 | [0.36] | -0.012666356931601536
-0.10107899457216263 | [0.36] | -0.012604244572914517
-0.09373325854539871 | [0.35] | -0.012416372268860741
-0.08826077729463577 | [0.35] | -0.012105367774046588
-0.08467928320169449 | [0.34] | -0.01167562409736478
-0.08300500363111496 | [0.33] | -0.011133358488874553
-0.08325311541557312 | [0.32] | -0.010486692623810738
-0.08543790876865387 | [0.31] | -0.009745754317911796
-0.08957275748252869 | [0.3] | -0.008922782542721277
-0.09566982090473175 | [0.28] | -0.008032227072235843
-0.10373950749635696 | [0.27] | -0.007090824671885554
-0.11378966271877289 | [0.25] | -0.006117634024613615
-0.12582455575466156 | [0.23] | -0.005134005285387604
-0.13984356820583344 | [0.2] | -0.00416346546446795
-0.1558397114276886 | [0.18] | -0.003231492491300246
-0.17379793524742126 | [0.15] | -0.002365159145711787
-0.19369328022003174 | [0.13] | -0.0015926259707660718
-0.21548901498317719 | [0.1] | -0.0009424767284025
-0.23913466930389404 | [0.07] | -0.00044289762327273847
-0.26456427574157715 | [0.03] | -0.00012071525555290819
-0.2916948199272156 | [0.] | -3.3196052544172235e-07
-0.3204249441623688 | [-0.03] | -0.00010261206160017169
-0.35063430666923523 | [-0.07] | -0.0004437922630223193
-0.38218340277671814 | [-0.1] | -0.0010345034564771761
-0.41491416096687317 | [-0.14] | -0.0018789961353181664
-0.4486512839794159 | [-0.17] | -0.002974652451929104
-0.48320451378822327 | [-0.21] | -0.004311858710994104
-0.5183714032173157 | [-0.24] | -0.005874263675165962
-0.5539410710334778 | [-0.28] | -0.007639435322998262
-0.589698076248169 | [-0.31] | -0.009579847959407306
-0.6254268288612366 | [-0.34] | -0.011664137626808159
-0.6609160304069519 | [-0.37] | -0.013858517976863275
-0.6959626078605652 | [-0.4] | -0.016128197494601853
-0.7303757071495056 | [-0.43] | -0.01843874799299039
-0.7639796733856201 | [-0.46] | -0.020757265888931342
-0.7966164350509644 | [-0.48] | -0.023053296776828266
-0.8281471133232117 | [-0.5] | -0.02529948020024822
-0.8584529757499695 | [-0.52] | -0.02747194479305727
-0.8874351978302002 | [-0.54] | -0.029550400173419495
-0.9150145053863525 | [-0.56] | -0.031518079343768914
-0.9411299228668213 | [-0.58] | -0.03336149464358984
-0.9657372236251831 | [-0.59] | -0.035070100041472124
-0.9888071417808533 | [-0.61] | -0.03663590020565805
-1.010323166847229 | [-0.62] | -0.0380530145110991
-1.0302798748016357 | [-0.63] | -0.03931731815620295
-1.048680305480957 | [-0.64] | -0.0404260046486763
-1.0655344724655151 | [-0.64] | -0.04137730753908313
-1.080857276916504 | [-0.65] | -0.04217018865526595
-1.0946669578552246 | [-0.65] | -0.04280411778187674
-1.1069833040237427 | [-0.66] | -0.0432788557954243
-1.1178265810012817 | [-0.66] | -0.043594345267193475
-1.127216100692749 | [-0.66] | -0.04375057973717483
-1.135169506072998 | [-0.66] | -0.04374757961790158
-1.141701579093933 | [-0.66] | -0.04358532715401874
-1.146823763847351 | [-0.66] | -0.04326380386071667
-1.150543451309204 | [-0.65] | -0.04278301718894914
-1.1528633832931519 | [-0.65] | -0.04214305815873229
-1.1537816524505615 | [-0.64] | -0.04134424705309839
-1.15329110622406 | [-0.64] | -0.04038722948942527
-1.1513794660568237 | [-0.63] | -0.03927317527498963
-1.1480289697647095 | [-0.62] | -0.03800394390554118
-1.143216609954834 | [-0.6] | -0.036582339271270886
-1.1369144916534424 | [-0.59] | -0.035012395804666134
-1.1290899515151978 | [-0.58] | -0.03329965475219663
-1.119706153869629 | [-0.56] | -0.03145150254573655
-1.108722448348999 | [-0.54] | -0.02947748856106023
-1.0960955619812012 | [-0.52] | -0.027389717214350545
-1.0817805528640747 | [-0.5] | -0.025203185710988542
-1.0657321214675903 | [-0.48] | -0.02293610861805273
-1.0479059219360352 | [-0.45] | -0.020610164693661337
-1.0282607078552246 | [-0.43] | -0.018250702415708975
-1.0067603588104248 | [-0.4] | -0.015886787079749682
-0.9833762049674988 | [-0.37] | -0.01355107327656667
-0.9580898880958557 | [-0.34] | -0.011279484366151105
-0.9308961629867554 | [-0.3] | -0.009110614188401235
-0.9018058180809021 | [-0.27] | -0.007084836810110253
-0.8708488345146179 | [-0.23] | -0.005243133794882112
-0.8380770683288574 | [-0.19] | -0.003625617724421623
-0.8035669922828674 | [-0.15] | -0.0022698381269738435
-0.7674214243888855 | [-0.11] | -0.0012089336087499167
-0.7297708988189697 | [-0.07] | -0.0004697888398154074
-0.690773606300354 | [-0.03] | -7.134135070505227e-05
-0.6506145000457764 | [0.02] | -2.323372089021282e-05
-0.6095027923583984 | [0.06] | -0.00032496975403464824
-0.5676683783531189 | [0.1] | -0.0009657089648175183
-0.5253570079803467 | [0.14] | -0.0019247556526388234
-0.4828243553638458 | [0.18] | -0.003172723282959535
-0.44032955169677734 | [0.22] | -0.004673266964642275
-0.39812853932380676 | [0.25] | -0.006385194922277084
-0.35646745562553406 | [0.29] | -0.008264748970907529
-0.3155767619609833 | [0.32] | -0.010267821739946607
-0.2756662666797638 | [0.35] | -0.012351912239488387
-0.2369213104248047 | [0.38] | -0.014477693140864693
-0.19950026273727417 | [0.41] | -0.016610107963411346
-0.16353332996368408 | [0.43] | -0.0187190028555616
-0.1291225552558899 | [0.46] | -0.02077933977456547
-0.0963427722454071 | [0.48] | -0.02277106791931567
-0.06524351239204407 | [0.5] | -0.02467875342059073
-0.03585134819149971 | [0.51] | -0.026491052953684854
-0.008172698318958282 | [0.53] | -0.02820011672003534
0.017803259193897247 | [0.55] | -0.029800978061918865
0.04210163652896881 | [0.56] | -0.031290974294304406
0.06475900113582611 | [0.57] | -0.0326692188732307
0.0858207568526268 | [0.58] | -0.03393615211611876
0.10533872991800308 | [0.59] | -0.03509315179875205
0.12336909770965576 | [0.6] | -0.03614222118001872
0.13997051119804382 | [0.61] | -0.03708573169281961
0.15520258247852325 | [0.62] | -0.03792622474376976
0.1691245585680008 | [0.62] | -0.03866625382011015
0.1817941963672638 | [0.63] | -0.03930825954272971
0.19326695799827576 | [0.63] | -0.03985448527628166
0.20359525084495544 | [0.63] | -0.04030690404617432
0.2128278613090515 | [0.64] | -0.04066716736951642
0.2210095375776291 | [0.64] | -0.040936573699255734
0.22818060219287872 | [0.64] | -0.041116038927581824
0.2343767285346985 | [0.64] | -0.04120608790809528
0.23962867259979248 | [0.64] | -0.041206841936023385
0.24396216869354248 | [0.64] | -0.04111802699005457
0.24739772081375122 | [0.64] | -0.040938973195873335
0.2499505579471588 | [0.64] | -0.040668638835412156
0.2516304850578308 | [0.63] | -0.0403056280542777
0.2524418532848358 | [0.63] | -0.03984823030152001
0.25238341093063354 | [0.63] | -0.03929445697932409
0.25144827365875244 | [0.62] | -0.03864210328417293
0.24962377548217773 | [0.62] | -0.03788881167138011
0.24689143896102905 | [0.61] | -0.037032166142663824
0.24322687089443207 | [0.6] | -0.03606979836867358
0.2385997176170349 | [0.59] | -0.03499952354643351
0.23297354578971863 | [0.58] | -0.03381949515929998
0.22630584239959717 | [0.57] | -0.03252840169637985
0.2185480147600174 | [0.56] | -0.03112569595956388
0.20964540541172028 | [0.54] | -0.029611861428734468
0.19953741133213043 | [0.53] | -0.027988724615330387
0.18815769255161285 | [0.51] | -0.026259814675026662
0.17543445527553558 | [0.49] | -0.02443076148249472
0.1612909585237503 | [0.47] | -0.022509746868161942
0.1456461250782013 | [0.45] | -0.02050797921010307
0.12841545045375824 | [0.43] | -0.018440200154751594
0.10951214283704758 | [0.4] | -0.016325187699601708
0.08884861320257187 | [0.38] | -0.014186229445545649
0.06633833795785904 | [0.35] | -0.012051529423749081
0.04189813882112503 | [0.32] | -0.009954487481383912
0.015450923703610897 | [0.28] | -0.007933784867857657
-0.01307110209017992 | [0.25] | -0.006033207250815343
-0.043722767382860184 | [0.21] | -0.00430111046728341
-0.07654187083244324 | [0.17] | -0.0027894611149170377
-0.11154482513666153 | [0.12] | -0.0015523880939927182
-0.14872221648693085 | [0.08] | -0.0006442156940132727
-0.18803448975086212 | [0.03] | -0.00011701619609903022
-0.2294081151485443 | [-0.01] | -1.7783370987686513e-05
-0.272732675075531 | [-0.06] | -0.000385420507667149
-0.3178592026233673 | [-0.11] | -0.001247822090817596
-0.36460021138191223 | [-0.16] | -0.002619389183872287
-0.41273176670074463 | [-0.21] | -0.004499337669597461
-0.46199777722358704 | [-0.26] | -0.00687110864107455
-0.5121163725852966 | [-0.31] | -0.009703075504038374
-0.5627883076667786 | [-0.36] | -0.012950575315784918
-0.6137067675590515 | [-0.41] | -0.016559079059959413
-0.6645680069923401 | [-0.45] | -0.020468160807626264
-0.7150818705558777 | [-0.5] | -0.024615782230851292
-0.7649815082550049 | [-0.54] | -0.02894241237146299
-0.8140318989753723 | [-0.58] | -0.03339458880772612
-0.8620361685752869 | [-0.62] | -0.03792760028546991
-0.9088401198387146 | [-0.65] | -0.04250724060228431
-0.9543343186378479 | [-0.69] | -0.047110623086465936
-0.9984544515609741 | [-0.72] | -0.05172624973041321
-1.0411800146102905 | [-0.75] | -0.05635356659030754
-1.0825320482254028 | [-0.78] | -0.061002217021898036
-1.1225696802139282 | [-0.81] | -0.06569118448929336
-1.1613867282867432 | [-0.84] | -0.07044803502080607
-1.1991080045700073 | [-0.87] | -0.07530833216832013
-1.2000000476837158 | [-0.68] | -0.046240005836487
-1.1987781524658203 | [-0.67] | -0.045264753890356675
-1.1963194608688354 | [-0.66] | -0.04414197674491174
-1.1926034688949585 | [-0.65] | -0.04287145576211628
-1.1876037120819092 | [-0.64] | -0.04145356964046465
-1.181288242340088 | [-0.63] | -0.03988958015655415
-1.1736197471618652 | [-0.62] | -0.0381818982816071
-1.1645557880401611 | [-0.6] | -0.036334387899570934
-1.154049277305603 | [-0.59] | -0.03435271300918246
-1.1420493125915527 | [-0.57] | -0.032244736245312364
-1.1285016536712646 | [-0.55] | -0.030020876067387514
-1.1133497953414917 | [-0.53] | -0.02769451315664706
-1.09653639793396 | [-0.5] | -0.02528239057146698
-1.0780045986175537 | [-0.48] | -0.022804938060370664
-1.0576997995376587 | [-0.45] | -0.020286536451193563
-1.035571813583374 | [-0.42] | -0.017755674974990452
-1.0115774869918823 | [-0.39] | -0.015244952659804568
-0.985683023929596 | [-0.36] | -0.012790815734665218
-0.9578675031661987 | [-0.32] | -0.010433100420296106
-0.9281257390975952 | [-0.29] | -0.008214198108445703
-0.8964716792106628 | [-0.25] | -0.006177917771209724
-0.8629416823387146 | [-0.21] | -0.0043679998582619095
-0.8275974988937378 | [-0.17] | -0.0028263287916093175
-0.7905286550521851 | [-0.13] | -0.0015909210626392709
-0.7518543004989624 | [-0.08] | -0.0006938384761009507
-0.7117236256599426 | [-0.04] | -0.0001591844511210694
-0.6703155636787415 | [0.] | -1.4108969599678004e-06
-0.6278367042541504 | [0.05] | -0.00022411969738924927
-0.5845177173614502 | [0.09] | -0.0008195491075132296
-0.5406085848808289 | [0.13] | -0.0017688441073898987
-0.49637243151664734 | [0.17] | -0.0030431233848411
-0.45207858085632324 | [0.21] | -0.004605249732836692
-0.4079951345920563 | [0.25] | -0.006412116499996988
-0.3643816113471985 | [0.29] | -0.008417202089608139
-0.3214821517467499 | [0.33] | -0.010573123584312588
-0.27951961755752563 | [0.36] | -0.012833949087577423
-0.238691046833992 | [0.39] | -0.015157074309888744
-0.199164479970932 | [0.42] | -0.017504585841635233
-0.16107720136642456 | [0.45] | -0.019844076950217428
-0.1245354637503624 | [0.47] | -0.022148953977198918
-0.08961533010005951 | [0.49] | -0.024398349312924235
-0.056364476680755615 | [0.52] | -0.026576730215287555
-0.024804677814245224 | [0.54] | -0.028673324462084378
0.00506525207310915 | [0.55] | -0.030681448417947583
0.033266332000494 | [0.57] | -0.03259783107469976
0.05983626842498779 | [0.59] | -0.03442196275689798
0.08482643216848373 | [0.6] | -0.03615552052119549
0.10829905420541763 | [0.61] | -0.03780186952174511
0.13032470643520355 | [0.63] | -0.03936565267276767
0.150980144739151 | [0.64] | -0.0408524674340438
0.1703464239835739 | [0.65] | -0.04226861032099749
0.1885073184967041 | [0.66] | -0.04362088107363415
0.20554813742637634 | [0.67] | -0.04491645420888135
0.2215546816587448 | [0.68] | -0.04616277917948646
0.23661257326602936 | [0.69] | -0.04736753373239094
0.25080665946006775 | [0.7] | -0.04853858624697059
0.2642206847667694 | [0.7] | -0.04968399839973346
0.2769371271133423 | [0.71] | -0.050812045957775435
0.28903713822364807 | [0.72] | -0.05193125386032578
0.30060049891471863 | [0.73] | -0.053050436863844364
0.31170591711997986 | [0.74] | -0.05417878466115066
0.32243111729621887 | [0.74] | -0.05532592623333006
0.33285319805145264 | [0.75] | -0.0565020337671959
0.343049019575119 | [0.76] | -0.057717942141574156
0.35309556126594543 | [0.77] | -0.058985270866613086
0.36307039856910706 | [0.78] | -0.0603165818793776
0.3730522096157074 | [0.79] | -0.061725552905127545
0.38312140107154846 | [0.8] | -0.06322719321819313
0.3933606743812561 | [0.81] | -0.06483807861540522
0.40385565161705017 | [0.82] | -0.06657662059662937
0.4146956503391266 | [0.83] | -0.06846340393657376
0.4259744882583618 | [0.84] | -0.0705215670178503
0.43779122829437256 | [0.85] | 99.92722276417318
Total reward: 91.98423108260438
0.9, 5.0, 0.4
parameter ends

state | action | reward
[-0.53] | [-0.08] | -0.0006271251182534452
-0.5324872732162476 | [-0.08] | -0.0006320436138729199
-0.5325924158096313 | [-0.08] | -0.0006377424525600929
-0.5327498912811279 | [-0.08] | -0.0006442025056122101
-0.5329591035842896 | [-0.08] | -0.00065140009365459
-0.5332192182540894 | [-0.08] | -0.0006593085667185583
-0.5335289835929871 | [-0.08] | -0.0006678955045548949
-0.5338868498802185 | [-0.08] | -0.000677124294870334
-0.5342910289764404 | [-0.08] | -0.0006869548408398961
-0.5347393155097961 | [-0.08] | -0.0006973406796536704
-0.5352293252944946 | [-0.08] | -0.0007082324067538058
-0.535758376121521 | [-0.08] | -0.0007195756972504888
-0.5363234877586365 | [-0.09] | -0.0007313111617188697
-0.5369214415550232 | [-0.09] | -0.0007433751497038027
-0.537548840045929 | [-0.09] | -0.0007557006049150861
-0.5382020473480225 | [-0.09] | -0.0007682160765386574
-0.5388772487640381 | [-0.09] | -0.0007808466857463702
-0.5395704507827759 | [-0.09] | -0.0007935141437478602
-0.5402775406837463 | [-0.09] | -0.0008061378329576161
-0.5409942865371704 | [-0.09] | -0.0008186349242696709
-0.5417163372039795 | [-0.09] | -0.0008309205724656238
-0.5424392819404602 | [-0.09] | -0.0008429091225974011
-0.5431587100028992 | [-0.09] | -0.0008545153649836624
-0.543870210647583 | [-0.09] | -0.0008656548421901063
-0.5445693135261536 | [-0.09] | -0.0008762431597688487
-0.5452516674995422 | [-0.09] | -0.0008861993501096818
-0.5459129214286804 | [-0.09] | -0.0008954442120386734
-0.5465489029884338 | [-0.1] | -0.0009039037186038683
-0.547155499458313 | [-0.1] | -0.0009115073104863502
-0.5477287769317627 | [-0.1] | -0.0009181902913296584
-0.5482649803161621 | [-0.1] | -0.000923894123115286
-0.5487605333328247 | [-0.1] | -0.0009285667020877714
-0.5492120981216431 | [-0.1] | -0.00093216361071265
-0.5496165752410889 | [-0.1] | -0.0009346482884154917
-0.5499711036682129 | [-0.1] | -0.0009359921492268461
-0.5502731800079346 | [-0.1] | -0.0009361767119755541
-0.5505205392837524 | [-0.1] | -0.0009351914526851499
-0.5507112741470337 | [-0.1] | -0.000933035823867777
-0.5508437752723694 | [-0.1] | -0.0009297180068315836
-0.5509167909622192 | [-0.1] | -0.0009252557234081236
-0.5509294271469116 | [-0.1] | -0.0009196758938493483
-0.5508811473846436 | [-0.1] | -0.0009130142377810744
-0.5507718324661255 | [-0.1] | -0.0009053158341318117
-0.5506016612052917 | [-0.09] | -0.0008966325161128702
-0.5503712296485901 | [-0.09] | -0.0008870243884333468
-0.5500814914703369 | [-0.09] | -0.0008765581568397634
-0.5497337579727173 | [-0.09] | -0.0008653064987266783
-0.5493297576904297 | [-0.09] | -0.0008533483853420637
-0.5488715767860413 | [-0.09] | -0.0008407673663873704
-0.5483615398406982 | [-0.09] | -0.0008276489232900692
-0.5478023886680603 | [-0.09] | -0.0008140828579980988
-0.5471972227096558 | [-0.09] | -0.0008001615908381778
-0.5465494394302368 | [-0.09] | -0.000785978569523897
-0.54586261510849 | [-0.09] | -0.0007716258436625664
-0.5451406836509705 | [-0.09] | -0.0007571965465333867
-0.5443878173828125 | [-0.09] | -0.0007427824927694544
-0.5436084270477295 | [-0.09] | -0.000728473879341331
-0.5428071022033691 | [-0.08] | -0.0007143580958641134
-0.5419885516166687 | [-0.08] | -0.0007005187172807864
-0.5411577224731445 | [-0.08] | -0.0006870372552402088
-0.540319561958313 | [-0.08] | -0.0006739895702378173
-0.5394791960716248 | [-0.08] | -0.0006614487333548795
-0.5386417508125305 | [-0.08] | -0.0006494825250134314
-0.5378124117851257 | [-0.08] | -0.0006381546439654512
-0.5369963645935059 | [-0.08] | -0.0006275241842928054
-0.5361986756324768 | [-0.08] | -0.0006176443551138735
-0.5354244112968445 | [-0.08] | -0.0006085647291964591
-0.5346784591674805 | [-0.08] | -0.0006003291855889756
-0.5339656472206116 | [-0.08] | -0.0005929781912786645
-0.5332906246185303 | [-0.08] | -0.0005865476658955205
-0.53265780210495 | [-0.08] | -0.0005810687327244865
-0.5320713520050049 | [-0.08] | -0.0005765683307730321
-0.531535267829895 | [-0.08] | -0.0005730705650597487
-0.5310532450675964 | [-0.08] | -0.0005705955323997753
-0.5306286215782166 | [-0.08] | -0.000569158996640129
-0.5302644371986389 | [-0.08] | -0.0005687736112538381
-0.5299633741378784 | [-0.08] | -0.0005694484269599792
-0.5297278165817261 | [-0.08] | -0.0005711899631575727
-0.5295596122741699 | [-0.08] | -0.0005739991090155665
-0.5294603705406189 | [-0.08] | -0.0005778753403818135
-0.529431164264679 | [-0.08] | -0.0005828126012037367
-0.5294727683067322 | [-0.08] | -0.0005888025495650391
-0.5295854210853577 | [-0.08] | -0.0005958310877532003
-0.5297689437866211 | [-0.08] | -0.0006038798212492627
-0.5300227403640747 | [-0.08] | -0.0006129257772683875
-0.5303457975387573 | [-0.08] | -0.0006229410690095601
-0.5307366847991943 | [-0.08] | -0.0006338925275991654
-0.5311934351921082 | [-0.08] | -0.0006457395686550616
-0.5317137837409973 | [-0.08] | -0.0006584372347626638
-0.5322949886322021 | [-0.08] | -0.0006719331434598221
-0.5329339504241943 | [-0.08] | -0.0006861688472707355
-0.5336271524429321 | [-0.08] | -0.0007010785366896766
-0.5343707203865051 | [-0.08] | -0.0007165895865794938
-0.5351605415344238 | [-0.09] | -0.0007326240962682699
-0.5359920263290405 | [-0.09] | -0.0007490949452292725
-0.5368604063987732 | [-0.09] | -0.0007659102844468522
-0.5377606153488159 | [-0.09] | -0.0007829715729289725
-0.5386874079704285 | [-0.09] | -0.0008001754684175893
-0.5396352410316467 | [-0.09] | -0.0008174120100909075
-0.540598452091217 | [-0.09] | -0.0008345676907607606
-0.5415712594985962 | [-0.09] | -0.0008515257275288715
-0.5425477623939514 | [-0.09] | -0.0008681664264022364
-0.5435220003128052 | [-0.09] | -0.0008843686045425417
-0.5444879531860352 | [-0.09] | -0.0009000101030242935
-0.5454396605491638 | [-0.1] | -0.0009149703738715919
-0.5463711023330688 | [-0.1] | -0.000929129039702915
-0.547276496887207 | [-0.1] | -0.0009423717139416383
-0.5481500625610352 | [-0.1] | -0.0009545864820268822
-0.5489861965179443 | [-0.1] | -0.0009656677128445988
-0.5497795343399048 | [-0.1] | -0.00097551775433662
-0.550524890422821 | [-0.1] | -0.000984046456149987
-0.5512173175811768 | [-0.1] | -0.0009911728053345757
-0.5518521666526794 | [-0.1] | -0.0009968264810940484
-0.5524251461029053 | [-0.1] | -0.0010009493157727568
-0.5529322624206543 | [-0.1] | -0.0010034945123510283
-0.55336993932724 | [-0.1] | -0.0010044289975254456
-0.5537349581718445 | [-0.1] | -0.0010037324017046164
-0.5540245175361633 | [-0.1] | -0.00100139808965116
-0.5542362928390503 | [-0.1] | -0.0009974340546019872
-0.5543684363365173 | [-0.1] | -0.000991862555339989
-0.5544195175170898 | [-0.1] | -0.0009847185835756048
-0.5543886423110962 | [-0.1] | -0.0009760514401180534
-0.5542753338813782 | [-0.1] | -0.0009659218677795198
-0.5540797114372253 | [-0.1] | -0.0009544044582174652
-0.5538023114204407 | [-0.1] | -0.0009415835001053291
-0.5534442663192749 | [-0.1] | -0.0009275551734369954
-0.5530071258544922 | [-0.1] | -0.0009124232935461035
-0.5524930357933044 | [-0.09] | -0.000896301349957981
-0.5519044995307922 | [-0.09] | -0.0008793071907932199
-0.5512445569038391 | [-0.09] | -0.0008615650538900872
-0.5505167841911316 | [-0.09] | -0.0008432043364564199
-0.5497250556945801 | [-0.09] | -0.0008243545080360304
-0.548873782157898 | [-0.09] | -0.000805148123502871
-0.5479677319526672 | [-0.09] | -0.0007857168720828664
-0.5470120310783386 | [-0.09] | -0.0007661907776516879
-0.5460121631622314 | [-0.09] | -0.0007466975024472966
-0.5449739694595337 | [-0.09] | -0.0007273617271848067
-0.5439034700393677 | [-0.08] | -0.0007083019383630576
-0.5428070425987244 | [-0.08] | -0.0006896329384613536
-0.5416911840438843 | [-0.08] | -0.0006714620505096132
-0.540562629699707 | [-0.08] | -0.0006538910077796619
-0.539428174495697 | [-0.08] | -0.000637013477856151
-0.538294792175293 | [-0.08] | -0.0006209171911150713
-0.5371693968772888 | [-0.08] | -0.000605680970435193
-0.5360590219497681 | [-0.08] | -0.0005913779835584254
-0.5349705219268799 | [-0.08] | -0.0005780722414688038
-0.5339108109474182 | [-0.08] | -0.0005658228576856543
-0.5328866243362427 | [-0.07] | -0.0005546815947578435
-0.5319044589996338 | [-0.07] | -0.0005446931289312361
-0.5309707522392273 | [-0.07] | -0.0005358984683733599
-0.5300915837287903 | [-0.07] | -0.0005283319476705702
-0.529272735118866 | [-0.07] | -0.0005220230970936138
-0.5285196900367737 | [-0.07] | -0.0005169976117293192
-0.5278375744819641 | [-0.07] | -0.0005132774415765772
-0.5272311568260193 | [-0.07] | -0.0005108816081430767
-0.526704728603363 | [-0.07] | -0.000509825353661815
-0.526262104511261 | [-0.07] | -0.0005101207475120836
-0.5259066224098206 | [-0.07] | -0.0005117771395673851
-0.525641143321991 | [-0.07] | -0.0005148014508668885
-0.5254679918289185 | [-0.07] | -0.0005191975389944986
-0.5253888964653015 | [-0.07] | -0.0005249654209938978
-0.5254050493240356 | [-0.07] | -0.000532101892298484
-0.5255170464515686 | [-0.07] | -0.0005405994291768956
-0.5257249474525452 | [-0.07] | -0.0005504465342442234
-0.5260282158851624 | [-0.07] | -0.0005616263710923525
-0.5264256596565247 | [-0.08] | -0.0005741152700944109
-0.5269155502319336 | [-0.08] | -0.0005878835894974378
-0.5274956226348877 | [-0.08] | -0.0006028949011702879
-0.5281628966331482 | [-0.08] | -0.0006191025931518025
-0.5289139747619629 | [-0.08] | -0.0006364531968414348
-0.5297448635101318 | [-0.08] | -0.0006548829793689369
-0.5306510329246521 | [-0.08] | -0.0006743179355868147
-0.5316275358200073 | [-0.08] | -0.000694674795202827
-0.5326688289642334 | [-0.08] | -0.000715857645064773
-0.5337690114974976 | [-0.09] | -0.0007377609702620549
-0.5349217653274536 | [-0.09] | -0.000760268278620645
-0.5361204147338867 | [-0.09] | -0.0007832527624808783
-0.5373579263687134 | [-0.09] | -0.0008065771350547187
-0.5386269688606262 | [-0.09] | -0.0008300946214824898
-0.5399200320243835 | [-0.09] | -0.0008536510880670196
-0.5412293076515198 | [-0.09] | -0.0008770834816330998
-0.5425468683242798 | [-0.09] | -0.0009002233064915355
-0.5438647270202637 | [-0.1] | -0.0009228983917152324
-0.545174777507782 | [-0.1] | -0.0009449326875814178
-0.54646897315979 | [-0.1] | -0.0009661503315861811
-0.5477392077445984 | [-0.1] | -0.0009863746256524018
-0.5489774942398071 | [-0.1] | -0.0010054323703610774
-0.5501760244369507 | [-0.1] | -0.0010231561114037479
-0.5513271689414978 | [-0.1] | -0.0010393853880064482
-0.5524235367774963 | [-0.1] | -0.001053969028735219
-0.5534579753875732 | [-0.1] | -0.0010667662955387341
-0.5544236898422241 | [-0.1] | -0.001077650194849062
-0.5553142428398132 | [-0.1] | -0.0010865084604333932
-0.556123673915863 | [-0.1] | -0.001093246653920873
-0.5568463802337646 | [-0.1] | -0.001097786574522358
-0.5574772953987122 | [-0.1] | -0.0011000701797143542
-0.5580118894577026 | [-0.1] | -0.0011000598565608429
-0.5584461688995361 | [-0.1] | -0.0010977385158696033
-0.5587767362594604 | [-0.1] | -0.001093110551737002
-0.5590007901191711 | [-0.1] | -0.0010862014576685636
-0.5591161847114563 | [-0.1] | -0.001077058324740483
-0.5591213703155518 | [-0.1] | -0.0010657478485072353
-0.5590154528617859 | [-0.1] | -0.0010523564075046617
-0.5587983131408691 | [-0.1] | -0.0010369909707601684
-0.5584704279899597 | [-0.1] | -0.0010197742370562897
-0.5580329298973083 | [-0.1] | -0.0010008441692565008
-0.5574877262115479 | [-0.1] | -0.0009803543924120776
-0.5568373203277588 | [-0.1] | -0.0009584690156443387
-0.5560848712921143 | [-0.1] | -0.0009353618430799852
-0.5552342534065247 | [-0.1] | -0.0009112154417701704
-0.5542898774147034 | [-0.09] | -0.0008862160492637427
-0.5532568693161011 | [-0.09] | -0.0008605548117930219
-0.5521408319473267 | [-0.09] | -0.000834421851205787
-0.5509480237960815 | [-0.09] | -0.0008080076729279873
-0.5496851801872253 | [-0.09] | -0.0007814986158125883
-0.5483595132827759 | [-0.09] | -0.0007550756069957668
-0.5469786524772644 | [-0.09] | -0.0007289121322128691
-0.5455506443977356 | [-0.08] | -0.0007031734821822905
-0.5440838932991028 | [-0.08] | -0.0006780152230801694
-0.5425871014595032 | [-0.08] | -0.0006535820415895861
-0.5410692095756531 | [-0.08] | -0.0006300069023180304
-0.5395394563674927 | [-0.08] | -0.000607412174675404
-0.5380070805549622 | [-0.08] | -0.0005859059119060295
-0.536481499671936 | [-0.08] | -0.0005655853485518487
-0.5349721312522888 | [-0.07] | -0.0005465354486936246
-0.533488392829895 | [-0.07] | -0.0005288302184671976
-0.5320395231246948 | [-0.07] | -0.0005125318526930267
-0.5306347608566284 | [-0.07] | -0.0004976947567879367
-0.5292830467224121 | [-0.07] | -0.0004843633552278296
-0.5279930830001831 | [-0.07] | -0.00047257475044821764
-0.5267732739448547 | [-0.07] | -0.00046235978975992003
-0.5256316661834717 | [-0.07] | -0.00045374413189647243
-0.5245758891105652 | [-0.07] | -0.0004467492591343487
-0.5236130356788635 | [-0.07] | -0.0004413926694675734
-0.5227497220039368 | [-0.07] | -0.0004376901157577446
-0.521992027759552 | [-0.07] | -0.0004356561460747457
-0.5213453769683838 | [-0.07] | -0.0004353037424439097
-0.5208145976066589 | [-0.07] | -0.0004366458634220843
-0.5204038023948669 | [-0.07] | -0.0004396945575000045
-0.5201164484024048 | [-0.07] | -0.00044446196025937966
-0.5199552178382874 | [-0.07] | -0.00045095882058574183
-0.5199220180511475 | [-0.07] | -0.0004591942004294849
-0.5200180411338806 | [-0.07] | -0.00046917561078568793
-0.5202436447143555 | [-0.07] | -0.00048090668831986055
-0.5205984711647034 | [-0.07] | -0.0004943875901830648
-0.521081268787384 | [-0.07] | -0.0005096114313101811
-0.5216900110244751 | [-0.07] | -0.0005265643015468547
-0.5224218964576721 | [-0.07] | -0.0005452236488895266
-0.5232734084129333 | [-0.08] | -0.0005655573834789837
-0.5242401361465454 | [-0.08] | -0.0005875196778326653
-0.5253170132637024 | [-0.08] | -0.0006110524543256371
-0.5264982581138611 | [-0.08] | -0.0006360828917845057
-0.5277774333953857 | [-0.08] | -0.0006625226490057526
-0.5291473269462585 | [-0.08] | -0.0006902646823705729
-0.5306002497673035 | [-0.08] | -0.0007191863365739756
-0.532127857208252 | [-0.09] | -0.0007491456746059936
-0.5337213277816772 | [-0.09] | -0.0007799834013111628
-0.5353713631629944 | [-0.09] | -0.0008115224025045377
-0.537068247795105 | [-0.09] | -0.0008435685548956236
-0.538801908493042 | [-0.09] | -0.0008759118095570597
-0.5405619740486145 | [-0.1] | -0.0009083276617827454
-0.5423378348350525 | [-0.1] | -0.0009405789831175873
-0.5441187024116516 | [-0.1] | -0.0009724181227087179
-0.5458937287330627 | [-0.1] | -0.0010035904168413695
-0.5476518869400024 | [-0.1] | -0.0010338336328654045
-0.5493823289871216 | [-0.1] | -0.0010628863740205442
-0.5510742664337158 | [-0.1] | -0.0010904878879519847
-0.5527169704437256 | [-0.11] | -0.0011163802158723022
-0.55430006980896 | [-0.11] | -0.0011403160598944246
-0.5558134317398071 | [-0.11] | -0.001162058739813211
-0.5572472214698792 | [-0.11] | -0.0011813855283499927
-0.5585921406745911 | [-0.11] | -0.00119809441634358
-0.5598392486572266 | [-0.11] | -0.0012120025057247882
-0.5609802603721619 | [-0.11] | -0.0012229536865248133
-0.5620073676109314 | [-0.11] | -0.0012308164686656463
-0.5629134774208069 | [-0.11] | -0.0012354899613817546
-0.5636920928955078 | [-0.11] | -0.001236902286260139
-0.5643376111984253 | [-0.11] | -0.0012350170142045795
-0.5648450255393982 | [-0.11] | -0.0012298271279477125
-0.565210223197937 | [-0.11] | -0.001221360732694335
-0.5654299259185791 | [-0.11] | -0.0012096789813659371
-0.5655016899108887 | [-0.11] | -0.0011948748555719246
-0.5654239654541016 | [-0.11] | -0.001177072735333035
-0.5651960968971252 | [-0.11] | -0.001156426367346075
-0.5648183822631836 | [-0.11] | -0.0011331176449979777
-0.5642920136451721 | [-0.11] | -0.0011073527230609232
-0.5636190176010132 | [-0.1] | -0.0010793579713992828
-0.5628024339675903 | [-0.1] | -0.0010493802801405398
-0.561846137046814 | [-0.1] | -0.0010176802826530114
-0.5607549548149109 | [-0.1] | -0.0009845312281196311
-0.55953449010849 | [-0.1] | -0.0009502122733826848
-0.5581912994384766 | [-0.1] | -0.0009150083958851651
-0.5567325949668884 | [-0.09] | -0.0008792018757667959
-0.5551664233207703 | [-0.09] | -0.0008430725265591202
-0.5535016059875488 | [-0.09] | -0.0008068938375462444
-0.5517475605010986 | [-0.09] | -0.0007709275563342384
-0.5499143600463867 | [-0.09] | -0.0007354227567814322
-0.5480126142501831 | [-0.08] | -0.0007006123294392568
-0.5460534691810608 | [-0.08] | -0.0006667118675143222
-0.544048547744751 | [-0.08] | -0.0006339181210970025
-0.5420097708702087 | [-0.08] | -0.0006024062235857055
-0.5399494171142578 | [-0.08] | -0.0005723310530010168
-0.5378799438476562 | [-0.07] | -0.0005438255642803636
-0.5358139872550964 | [-0.07] | -0.0005170023158262204
-0.5337643027305603 | [-0.07] | -0.0004919543892887042
-0.531743586063385 | [-0.07] | -0.00046875538300624126
-0.5297644734382629 | [-0.07] | -0.0004474620447340041
-0.5278394818305969 | [-0.07] | -0.00042811641092850247
-0.5259808301925659 | [-0.06] | -0.00041074673731622763
-0.524200439453125 | [-0.06] | -0.00039537082533549036
-0.5225098729133606 | [-0.06] | -0.0003819986163297944
-0.5209201574325562 | [-0.06] | -0.0003706334459107957
-0.5194418430328369 | [-0.06] | -0.0003612759295249809
-0.5180848836898804 | [-0.06] | -0.0003539256122329073
-0.5168585181236267 | [-0.06] | -0.0003485824045050894
-0.5157712697982788 | [-0.06] | -0.00034524899948101925
-0.5148308873176575 | [-0.06] | -0.0003439322522486627
-0.5140441656112671 | [-0.06] | -0.0003446428362013636
-0.5134171843528748 | [-0.06] | -0.00034739886426681204
-0.5129549503326416 | [-0.06] | -0.0003522226124111003
-0.5126615762710571 | [-0.06] | -0.0003591424766257304
-0.5125401020050049 | [-0.06] | -0.0003681905286184002
-0.5125925540924072 | [-0.06] | -0.00037940212325096416
-0.5128199458122253 | [-0.06] | -0.0003928143692902779
-0.5132221579551697 | [-0.06] | -0.00040846278393579595
-0.5137980580329895 | [-0.07] | -0.00042638022743273635
-0.5145453810691833 | [-0.07] | -0.0004465927444293548
-0.5154608488082886 | [-0.07] | -0.00046911792049311046
-0.5165401101112366 | [-0.07] | -0.0004939609011620613
-0.5177777409553528 | [-0.07] | -0.0005211109866359061
-0.5191673040390015 | [-0.07] | -0.0005505389536182676
-0.5207014083862305 | [-0.08] | -0.0005821944660733148
-0.5223716497421265 | [-0.08] | -0.0006160020589648262
-0.524168848991394 | [-0.08] | -0.000651861476195642
-0.5260828733444214 | [-0.08] | -0.000689642513295949
-0.5281028151512146 | [-0.09] | -0.0007291853001970996
-0.5302171111106873 | [-0.09] | -0.0007703004141448538
-0.5324134230613708 | [-0.09] | -0.0008127657276731534
-0.5346788167953491 | [-0.09] | -0.0008563284320898297
-0.5369999408721924 | [-0.09] | -0.0009007079937864987
-0.5393629670143127 | [-0.1] | -0.000945595677226712
-0.5417536497116089 | [-0.1] | -0.0009906566135886806
-0.5441575646400452 | [-0.1] | -0.001035535699844199
-0.5465599894523621 | [-0.1] | -0.001079857677125807
-0.5489462614059448 | [-0.11] | -0.0011232364884651985
-0.5513015389442444 | [-0.11] | -0.001165273998730947
-0.5536112189292908 | [-0.11] | -0.0012055715047916567
-0.5558608174324036 | [-0.11] | -0.0012437312934067196
-0.5580360889434814 | [-0.11] | -0.0012793629422360997
-0.5601232051849365 | [-0.11] | -0.0013120910979715797
-0.5621087551116943 | [-0.12] | -0.0013415595534638216
-0.5639798641204834 | [-0.12] | -0.0013674376359144118
-0.56572425365448 | [-0.12] | -0.0013894251896234698
-0.5673303604125977 | [-0.12] | -0.0014072585166110226
-0.5687873959541321 | [-0.12] | -0.0014207146490275591
-0.570085346698761 | [-0.12] | -0.001429613747731151
-0.5712150931358337 | [-0.12] | -0.0014338236461507899
-0.5721685290336609 | [-0.12] | -0.0014332636585566165
-0.5729385614395142 | [-0.12] | -0.001427905120861416
-0.5735191702842712 | [-0.12] | -0.0014177724791220045
-0.573905348777771 | [-0.12] | -0.0014029410866361679
-0.5740933418273926 | [-0.12] | -0.0013835407283484039
-0.5740805268287659 | [-0.12] | -0.0013597505447346349
-0.5738654732704163 | [-0.12] | -0.0013317972188941346
-0.5734479427337646 | [-0.11] | -0.0012999512106638131
-0.5728289484977722 | [-0.11] | -0.0012645236391782986
-0.5720107555389404 | [-0.11] | -0.0012258613206115037
-0.5709968209266663 | [-0.11] | -0.0011843402230167996
-0.569791853427887 | [-0.11] | -0.0011403610304633368
-0.5684016942977905 | [-0.1] | -0.0010943409295174585
-0.5668334364891052 | [-0.1] | -0.0010467099671545898
-0.5650953054428101 | [-0.1] | -0.0009979028071995786
-0.56319659948349 | [-0.1] | -0.0009483518742554953
-0.5611476898193359 | [-0.09] | -0.0008984819453523451
-0.5589599013328552 | [-0.09] | -0.000848703067639439
-0.5566456317901611 | [-0.09] | -0.0007994080288112415
-0.5542179942131042 | [-0.09] | -0.0007509624688196112
-0.5516910552978516 | [-0.08] | -0.0007037058106869826
-0.5490794777870178 | [-0.08] | -0.0006579431490765707
-0.5463986396789551 | [-0.08] | -0.0006139458530906713
-0.5436645150184631 | [-0.08] | -0.0005719491048472412
-0.5408933758735657 | [-0.07] | -0.0005321481573592562
-0.5381020307540894 | [-0.07] | -0.0004947030842591088
-0.5353074669837952 | [-0.07] | -0.00045973603669138824
-0.5325267910957336 | [-0.07] | -0.0004273337848488272
-0.5297772288322449 | [-0.06] | -0.0003975515168287975
-0.5270758867263794 | [-0.06] | -0.000370414502258257
-0.5244397521018982 | [-0.06] | -0.0003459232453343766
-0.5218855738639832 | [-0.06] | -0.00032405760529058197
-0.519429624080658 | [-0.06] | -0.00030478010308888773
-0.5170877575874329 | [-0.05] | -0.0002880426389286424
-0.5148752331733704 | [-0.05] | -0.0002737905796456748
-0.5128065943717957 | [-0.05] | -0.0002619674875480073
-0.5108956694602966 | [-0.05] | -0.00025252065908099773
-0.5091553926467896 | [-0.05] | -0.0002454045293779371
-0.5075976848602295 | [-0.05] | -0.00024058415986925072
-0.5062335133552551 | [-0.05] | -0.00023803963466884046
-0.5050727128982544 | [-0.05] | -0.00023776748995406037
-0.5041239261627197 | [-0.05] | -0.00023978238987119624
-0.5033945441246033 | [-0.05] | -0.00024411785857695684
-0.5028907060623169 | [-0.05] | -0.0002508265537775466
-0.5026172399520874 | [-0.05] | -0.00025997904507215936
-0.5025774836540222 | [-0.05] | -0.0002716604771324571
-0.5027734637260437 | [-0.05] | -0.00028596959252982123
-0.5032057762145996 | [-0.06] | -0.00030301411904569127
-0.5038735270500183 | [-0.06] | -0.000322905844406198
-0.5047743320465088 | [-0.06] | -0.00034575553167908216
-0.5059044361114502 | [-0.06] | -0.0003716685237717569
-0.5072586536407471 | [-0.06] | -0.00040073811490668994
-0.5088303089141846 | [-0.07] | -0.0004330384548151141
-0.5106114149093628 | [-0.07] | -0.0004686200843628352
-0.512592613697052 | [-0.07] | -0.0005075028201421757
-0.5147631764411926 | [-0.07] | -0.0005496693457721681
-0.5171111822128296 | [-0.08] | -0.0005950616375608201
-0.5196235775947571 | [-0.08] | -0.0006435764284521261
-0.5222861170768738 | [-0.08] | -0.0006950597117216955
-0.5250835418701172 | [-0.09] | -0.0007493053347815159
-0.5279996991157532 | [-0.09] | -0.0008060539279007502
-0.531017541885376 | [-0.09] | -0.0008649909307607408
-0.5341192483901978 | [-0.1] | -0.000925747639900624
-0.5372864007949829 | [-0.1] | -0.000987904482375801
-0.5404999852180481 | [-0.1] | -0.001050992377533529
-0.5437406301498413 | [-0.11] | -0.001114499544152664
-0.5469886660575867 | [-0.11] | -0.0011778762404276223
-0.550224244594574 | [-0.11] | -0.0012405415532584175
-0.5534273982048035 | [-0.11] | -0.0013018899608595413
-0.5565782785415649 | [-0.12] | -0.0013613022262464257
-0.5596572160720825 | [-0.12] | -0.0014181534298388573
-0.562644898891449 | [-0.12] | -0.0014718239890120612
-0.5655223727226257 | [-0.12] | -0.0015217069634469464
-0.568271279335022 | [-0.13] | -0.0015672208175090139
-0.5708739161491394 | [-0.13] | -0.0016078181749383813
-0.5733134150505066 | [-0.13] | -0.0016429967942221035
-0.5755736827850342 | [-0.13] | -0.0016723048799763673
-0.5776396989822388 | [-0.13] | -0.0016953538121205767
-0.5794974565505981 | [-0.13] | -0.001711821834146584
-0.5811342000961304 | [-0.13] | -0.0017214637506536715
-0.582538366317749 | [-0.13] | -0.0017241125593711057
-0.5836997628211975 | [-0.13] | -0.001719685479380672
-0.5846095681190491 | [-0.13] | -0.001708184544250075
-0.5852603912353516 | [-0.13] | -0.0016896972375932706
-0.5856463313102722 | [-0.13] | -0.0016643958866867097
-0.585763156414032 | [-0.13] | -0.0016325384174751814
-0.5856080651283264 | [-0.13] | -0.0015944580338773603
-0.5851799845695496 | [-0.12] | -0.001550564323112535
-0.5844794511795044 | [-0.12] | -0.0015013333388413286
-0.5835086703300476 | [-0.12] | -0.0014473008799381405
-0.5822713971138 | [-0.12] | -0.0013890509576003534
-0.5807731747627258 | [-0.12] | -0.0013272113946072109
-0.5790210366249084 | [-0.11] | -0.0012624371729104036
-0.5770236849784851 | [-0.11] | -0.0011954039008726658
-0.5747913718223572 | [-0.11] | -0.0011267947198732005
-0.5723358392715454 | [-0.1] | -0.001057288870152587
-0.5696703195571899 | [-0.1] | -0.0009875516695407713
-0.5668094158172607 | [-0.1] | -0.0009182229562113853
-0.5637691020965576 | [-0.09] | -0.0008499085263636162
-0.5605664849281311 | [-0.09] | -0.000783168599212433
-0.557219922542572 | [-0.08] | -0.0007185136540149989
-0.5537487864494324 | [-0.08] | -0.0006563955990649211
-0.5501733422279358 | [-0.08] | -0.0005972027997612275
-0.5465147495269775 | [-0.07] | -0.0005412583819094322
-0.5427947640419006 | [-0.07] | -0.0004888160686523071
-0.5390357375144958 | [-0.07] | -0.0004400620387440023
-0.5352604985237122 | [-0.06] | -0.00039511666463040544
-0.5314921140670776 | [-0.06] | -0.00035403656960920703
-0.5277537703514099 | [-0.06] | -0.0003168198009374447
-0.5240687131881714 | [-0.05] | -0.00028341290411364834
-0.5204600095748901 | [-0.05] | -0.0002537172831402988
-0.5169503688812256 | [-0.05] | -0.00022759731111548798
-0.5135621428489685 | [-0.05] | -0.0002048907454745261
-0.5103170871734619 | [-0.04] | -0.00018541732213487789
-0.5072361826896667 | [-0.04] | -0.00016898825069768517
-0.5043396353721619 | [-0.04] | -0.0001554169016775358
-0.5016465783119202 | [-0.04] | -0.00014452685335223723
-0.4991750717163086 | [-0.04] | -0.00013616150788855225
-0.4969419240951538 | [-0.04] | -0.0001301914797237979
-0.4949626326560974 | [-0.04] | -0.00012652160862286225
-0.4932512044906616 | [-0.04] | -0.00012509590559913426
-0.4918201267719269 | [-0.04] | -0.00012590190586452427
-0.4906802475452423 | [-0.04] | -0.0001289727941108404
-0.48984071612358093 | [-0.04] | -0.00013438814854371882
-0.4893089234828949 | [-0.04] | -0.00014227291833661824
-0.4890904426574707 | [-0.04] | -0.00015279456729046996
-0.48918893933296204 | [-0.04] | -0.00016615823820767084
-0.48960620164871216 | [-0.04] | -0.00018260105930678272
-0.49034205079078674 | [-0.04] | -0.00020238402014484942
-0.49139440059661865 | [-0.05] | -0.00022578356965887955
-0.49275916814804077 | [-0.05] | -0.000253080842504603
-0.4944303631782532 | [-0.05] | -0.0002845513644771181
-0.49640005826950073 | [-0.06] | -0.0003204530966554296
-0.4986584484577179 | [-0.06] | -0.00036101486596088405
-0.5011938214302063 | [-0.06] | -0.0004064237389872055
-0.5039927363395691 | [-0.07] | -0.0004568149074263997
-0.5070400238037109 | [-0.07] | -0.0005122602186128858
-0.5103188157081604 | [-0.08] | -0.0005727577401176488
-0.5138106942176819 | [-0.08] | -0.0006382240025627132
-0.5174958109855652 | [-0.08] | -0.0007084874236277
-0.5213529467582703 | [-0.09] | -0.0007832825782325101
-0.5253596901893616 | [-0.09] | -0.0008622480935199635
-0.5294924974441528 | [-0.1] | -0.0009449247004410723
-0.5337269306182861 | [-0.1] | -0.0010307585063328466
-0.5380376577377319 | [-0.11] | -0.0011191023155040368
-0.5423988103866577 | [-0.11] | -0.001209225461158185
-0.546783983707428 | [-0.11] | -0.0013003194864690958
-0.5511664748191833 | [-0.12] | -0.0013915100735350518
-0.5555194020271301 | [-0.12] | -0.001481868607777559
-0.5598158836364746 | [-0.13] | -0.001570426387630355
-0.5640292167663574 | [-0.13] | -0.0016561903313292792
-0.5681331157684326 | [-0.13] | -0.0017381611250784732
-0.5721017718315125 | [-0.13] | -0.0018153479630011106
-0.5759100317955017 | [-0.14] | -0.0018867863985638136
-0.5795336365699768 | [-0.14] | -0.0019515576069275673
-0.5829492211341858 | [-0.14] | -0.0020088015448304322
-0.5861346125602722 | [-0.14] | -0.0020577368831249045
-0.5890688896179199 | [-0.14] | -0.0020976739359172716
-0.5917325615882874 | [-0.15] | -0.002128029458651341
-0.5941076278686523 | [-0.15] | -0.002148336578266355
-0.5961776375770569 | [-0.15] | -0.002158253076104634
-0.597927987575531 | [-0.15] | -0.0021575740303295824
-0.5993458032608032 | [-0.15] | -0.002146231152273559
-0.6004201173782349 | [-0.15] | -0.002124297914931486
-0.6011419892311096 | [-0.14] | -0.0020919906720218893
-0.6015045046806335 | [-0.14] | -0.0020496642113368266
-0.6015027761459351 | [-0.14] | -0.001997805180416215
-0.6011340618133545 | [-0.14] | -0.0019370263497051042
-0.6003978252410889 | [-0.14] | -0.0018680570782296365
-0.5992956757545471 | [-0.13] | -0.001791728798704646
-0.5978314876556396 | [-0.13] | -0.0017089632906997733
-0.596011221408844 | [-0.13] | -0.0016207521380881688
-0.5938431024551392 | [-0.12] | -0.0015281438015478839
-0.5913374423980713 | [-0.12] | -0.0014322212558967211
-0.5885067582130432 | [-0.12] | -0.0013340860771984108
-0.5853655934333801 | [-0.11] | -0.001234835878780533
-0.5819305181503296 | [-0.11] | -0.0011355460399945156
-0.578220009803772 | [-0.1] | -0.0010372499166903853
-0.5742544531822205 | [-0.1] | -0.0009409225860088467
-0.5700559020042419 | [-0.09] | -0.0008474618464094891
-0.5656481385231018 | [-0.09] | -0.0007576767322330928
-0.5610564351081848 | [-0.08] | -0.0006722730408775438
-0.5563073754310608 | [-0.08] | -0.000591843099762346
-0.5514287948608398 | [-0.07] | -0.0005168602906280627
-0.5464495420455933 | [-0.07] | -0.00044767409251707284
-0.5413994193077087 | [-0.06] | -0.0003845106394602056
-0.5363088846206665 | [-0.06] | -0.00032747351625108507
-0.531208872795105 | [-0.05] | -0.00027654944096381165
-0.5261306762695312 | [-0.05] | -0.0002316174148523745
-0.5211057066917419 | [-0.04] | -0.00019245925794523426
-0.5161651968955994 | [-0.04] | -0.00015877224697683406
-0.5113402009010315 | [-0.04] | -0.00013018617907747539
-0.5066612958908081 | [-0.03] | -0.00010627933086883174
-0.5021582245826721 | [-0.03] | -8.659560819173404e-05
-0.49786001443862915 | [-0.03] | -7.06651283774761e-05
-0.4937945306301117 | [-0.02] | -5.802121525245831e-05
-0.48998838663101196 | [-0.02] | -4.8219288677748786e-05
-0.4864668548107147 | [-0.02] | -4.0854349904559834e-05
-0.483253538608551 | [-0.02] | -3.557613251646668e-05
-0.4803703725337982 | [-0.02] | -3.2103694036254155e-05
-0.47783738374710083 | [-0.02] | -3.0236758551129007e-05
-0.4756726026535034 | [-0.02] | -2.986502347995918e-05
-0.4738919734954834 | [-0.02] | -3.09745595434284e-05
-0.47250914573669434 | [-0.02] | -3.365077322497292e-05
-0.4715355336666107 | [-0.02] | -3.807901980772696e-05
-0.47098007798194885 | [-0.02] | -4.4540976604942224e-05
-0.47084927558898926 | [-0.02] | -5.340865703443821e-05
-0.4711471199989319 | [-0.03] | -6.513500647307057e-05
-0.47187501192092896 | [-0.03] | -8.024135551641463e-05
-0.47303175926208496 | [-0.03] | -9.930248103164348e-05
-0.47461357712745667 | [-0.04] | -0.0001229292840035364
-0.4766140580177307 | [-0.04] | -0.0001517492449187744
-0.47902417182922363 | [-0.04] | -0.00018638534542023702
-0.481832355260849 | [-0.05] | -0.00022743453927739942
-0.48502451181411743 | [-0.05] | -0.0002754450561995236
-0.48858407139778137 | [-0.06] | -0.0003308940798752985
-0.49249202013015747 | [-0.06] | -0.0003941656202974923
-0.4967271089553833 | [-0.07] | -0.00046553151773632504
-0.5012658834457397 | [-0.07] | -0.0005451324941283691
-0.5060827732086182 | [-0.08] | -0.00063296175316676
-0.5111503005027771 | [-0.09] | -0.0007288533236533435
-0.5164391994476318 | [-0.09] | -0.0008324723592613766
-0.5219186544418335 | [-0.1] | -0.0009433109581148158
-0.5275564193725586 | [-0.1] | -0.0010606861975097756
-0.5333189964294434 | [-0.11] | -0.0011837430018961136
-0.5391718745231628 | [-0.11] | -0.0013114621253569295
-0.54507976770401 | [-0.12] | -0.0014426725764713243
-0.5510068535804749 | [-0.13] | -0.0015760677529592926
-0.5569168925285339 | [-0.13] | -0.0017102228476090842
-0.5627736449241638 | [-0.14] | -0.0018436217387733094
-0.5685409307479858 | [-0.14] | -0.0019746787201254286
-0.57418292760849 | [-0.14] | -0.0021017679353011994
-0.5796644687652588 | [-0.15] | -0.00222325451035553
-0.5849511623382568 | [-0.15] | -0.0023375221280491263
-0.5900096297264099 | [-0.16] | -0.0024430039419761854
-0.5948078036308289 | [-0.16] | -0.0025382151643277614
-0.5993149280548096 | [-0.16] | -0.002621775927350862
-0.6035019159317017 | [-0.16] | -0.0026924434739918415
-0.607341468334198 | [-0.17] | -0.0027491351583863047
-0.610808253288269 | [-0.17] | -0.0027909506467071483
-0.6138790249824524 | [-0.17] | -0.0028171899333973073
-0.6165326833724976 | [-0.17] | -0.002827365762846327
-0.6187505722045898 | [-0.17] | -0.0028212202862794526
-0.6205164194107056 | [-0.17] | -0.0027987267087915047
-0.6218165159225464 | [-0.17] | -0.0027600946330034624
-0.6226397752761841 | [-0.16] | -0.0027057675105952176
-0.6229778528213501 | [-0.16] | -0.0026364180384723626
-0.6228251457214355 | [-0.16] | -0.0025529358964874686
-0.622178852558136 | [-0.16] | -0.0024564134993880723
-0.6210390329360962 | [-0.15] | -0.0023481280824593585
-0.6194086074829102 | [-0.15] | -0.0022295185853708687
-0.6172934770584106 | [-0.14] | -0.002102162882267639
-0.6147023439407349 | [-0.14] | -0.001967744055699633
-0.6116467714309692 | [-0.14] | -0.0018280215759847011
-0.608141303062439 | [-0.13] | -0.0016848019677867772
-0.6042032837867737 | [-0.12] | -0.0015399008191723789
-0.5998527407646179 | [-0.12] | -0.0013951070339550445
-0.5951124429702759 | [-0.11] | -0.001252151897762061
-0.5900077223777771 | [-0.11] | -0.0011126738005355547
-0.5845664739608765 | [-0.1] | -0.0009781894613611888
-0.5788188576698303 | [-0.09] | -0.000850062251974027
-0.5727972388267517 | [-0.09] | -0.0007294793012345272
-0.5665361285209656 | [-0.08] | -0.0006174326486868197
-0.5600717067718506 | [-0.07] | -0.0005146990247248119
-0.5534419417381287 | [-0.06] | -0.00042183467933947367
-0.546686053276062 | [-0.06] | -0.0003391663944746894
-0.5398445129394531 | [-0.05] | -0.00026679612386683484
-0.5329586267471313 | [-0.05] | -0.00020460632709560917
-0.5260704159736633 | [-0.04] | -0.00015227433150226987
-0.5192221999168396 | [-0.03] | -0.00010928930006721843
-0.5124564170837402 | [-0.03] | -7.497622431068222e-05
-0.5058152675628662 | [-0.02] | -4.852273557383021e-05
-0.4993404448032379 | [-0.02] | -2.9009957739014004e-05
-0.4930729568004608 | [-0.01] | -1.5446010113917724e-05
-0.4870527386665344 | [-0.01] | -6.800199509470217e-06
-0.4813184142112732 | [-0.] | -2.0385408878600898e-06
-0.4759071171283722 | [-0.] | -1.5875509536120785e-07
-0.4708541929721832 | [0.] | -2.2375933925085415e-07
-0.46619296073913574 | [0.] | -1.3931617026718103e-06
-0.4619545340538025 | [0.01] | -2.9517404704638464e-06
-0.4581676721572876 | [0.01] | -4.3341291991615015e-06
-0.4548585116863251 | [0.01] | -5.145322896208472e-06
-0.45205050706863403 | [0.01] | -5.176177363356192e-06
-0.449764221906662 | [0.01] | -4.413843281867024e-06
-0.4480172097682953 | [0.01] | -3.0466033799525418e-06
-0.44682392477989197 | [0.] | -1.4629661220389361e-06
-0.4461956322193146 | [0.] | -2.4503356698289294e-07
-0.446140319108963 | [-0.] | -1.5618148319895083e-07
-0.4466626048088074 | [-0.] | -2.1231610657778104e-06
-0.44776371121406555 | [-0.01] | -7.212917343927362e-06
-0.44944143295288086 | [-0.01] | -1.660459562973385e-05
-0.45169007778167725 | [-0.02] | -3.1557122193824466e-05
-0.4545005261898041 | [-0.02] | -5.337333708081015e-05
-0.45786014199256897 | [-0.03] | -8.336074854142675e-05
-0.46175292134284973 | [-0.04] | -0.00012279104997017822
-0.466159462928772 | [-0.04] | -0.0001728579545056864
-0.4710570275783539 | [-0.05] | -0.00023463512911574605
-0.47641968727111816 | [-0.06] | -0.00030903598776355035
-0.4822183847427368 | [-0.06] | -0.0003967750202680899
-0.48842114210128784 | [-0.07] | -0.0004983339239254621
-0.4949931204319 | [-0.08] | -0.0006139304134550193
-0.5018969178199768 | [-0.09] | -0.000743495378175984
-0.5090926885604858 | [-0.09] | -0.0008866541187286201
-0.5165385007858276 | [-0.1] | -0.001042718066327904
-0.5241904258728027 | [-0.11] | -0.001210679726145126
-0.5320029258728027 | [-0.12] | -0.001389220281687221
-0.539929211139679 | [-0.13] | -0.0015767250222448106
-0.5479214191436768 | [-0.13] | -0.0017713031306018667
-0.555931031703949 | [-0.14] | -0.0019708187339713516
-0.5639090538024902 | [-0.15] | -0.002172923872744294
-0.5718066096305847 | [-0.15] | -0.002375106836950856
-0.5795750617980957 | [-0.16] | -0.0025747340741855643
-0.5871663689613342 | [-0.17] | -0.002769100492108214
-0.594533383846283 | [-0.17] | -0.002955481565043458
-0.6016302704811096 | [-0.18] | -0.003131189915005692
-0.6084126830101013 | [-0.18] | -0.003293624832702652
-0.6148380637168884 | [-0.19] | -0.003440324549422206
-0.6208658814430237 | [-0.19] | -0.003569014447418529
-0.6264578700065613 | [-0.19] | -0.0036776522390599103
-0.631578266620636 | [-0.19] | -0.0037644697024074077
-0.6361939311027527 | [-0.2] | -0.0038280056361175104
-0.6402745842933655 | [-0.2] | -0.003867138026471522
-0.6437929272651672 | [-0.2] | -0.0038811065950622166
-0.6467247009277344 | [-0.2] | -0.0038695271642058444
-0.6490489840507507 | [-0.2] | -0.003832408590368151
-0.650748074054718 | [-0.19] | -0.003770148171727569
-0.6518077254295349 | [-0.19] | -0.0036835334849508123
-0.6522172689437866 | [-0.19] | -0.003573733145029007
-0.6519694924354553 | [-0.19] | -0.003442272670688723
-0.6510608792304993 | [-0.18] | -0.0032910164545753434
-0.6494914889335632 | [-0.18] | -0.0031221310527732005
-0.6472652554512024 | [-0.17] | -0.002938056405382153
-0.6443897485733032 | [-0.17] | -0.0027414537288116825
-0.6408764123916626 | [-0.16] | -0.0025351639174298985
-0.6367403268814087 | [-0.15] | -0.0023221472221092803
-0.6320004463195801 | [-0.15] | -0.002105433703790364
-0.6266794800758362 | [-0.14] | -0.001888060847670167
-0.6208037734031677 | [-0.13] | -0.0016730110973718925
-0.6144033670425415 | [-0.12] | -0.0014631541199157155
-0.6075117588043213 | [-0.11] | -0.0012611841530521955
-0.600165843963623 | [-0.1] | -0.001069565395526866
-0.5924058556556702 | [-0.09] | -0.00089048231420256
-0.5842750072479248 | [-0.09] | -0.0007257909768850666
-0.5758194327354431 | [-0.08] | -0.0005769843591520671
-0.567087709903717 | [-0.07] | -0.00044516060850458233
-0.5581308603286743 | [-0.06] | -0.00033100900519056385
-0.5490017533302307 | [-0.05] | -0.00023479885549834928
-0.5397549867630005 | [-0.04] | -0.00015638614272796638
-0.5304464101791382 | [-0.03] | -9.52274308843727e-05
-0.52113276720047 | [-0.02] | -5.040624937101351e-05
-0.511871337890625 | [-0.01] | -2.0669549918839183e-05
-0.5027194023132324 | [-0.01] | -4.472508718210114e-06
-0.4937339723110199 | [0.] | -3.210177059688332e-08
-0.48497137427330017 | [0.01] | -5.38570955817366e-06
-0.47648683190345764 | [0.01] | -1.8454086166346813e-05
-0.4683340787887573 | [0.02] | -3.710678924296621e-05
-0.4605650007724762 | [0.02] | -5.922808985028771e-05
-0.4532293677330017 | [0.03] | -8.278114852341527e-05
-0.44637444615364075 | [0.03] | -0.00010586976457237516
-0.44004473090171814 | [0.04] | -0.00012679533375840486
-0.43428170680999756 | [0.04] | -0.00014410792332289062
-0.4291236400604248 | [0.04] | -0.00015665025451214198
-0.4246053099632263 | [0.04] | -0.00016359462138110567
-0.42075788974761963 | [0.04] | -0.0001644702761986836
-0.41760876774787903 | [0.04] | -0.00015918236174262152
-0.41518139839172363 | [0.04] | -0.00014802134080251126
-0.41349518299102783 | [0.04] | -0.00013166259508857174
-0.4125654101371765 | [0.03] | -0.0001111559836837854
-0.41240304708480835 | [0.03] | -8.790668844234207e-05
-0.41301479935646057 | [0.03] | -6.364479963249787e-05
-0.41440296173095703 | [0.02] | -4.038707340923638e-05
-0.4165653884410858 | [0.01] | -2.038920843084494e-05
-0.4194954037666321 | [0.01] | -6.090278893110025e-06
-0.4231818616390228 | [0.] | -4.956425619670555e-08
-0.42760905623435974 | [-0.01] | -4.877781967532319e-06
-0.4327567517757416 | [-0.02] | -2.3163284884539575e-05
-0.43860018253326416 | [-0.02] | -5.7395163871128e-05
-0.44511014223098755 | [-0.03] | -0.00010988527171266407
-0.4522530734539032 | [-0.04] | -0.00018269130652180307
-0.45999112725257874 | [-0.05] | -0.00027754249595236086
-0.4682823717594147 | [-0.06] | -0.00039577153762643936
-0.47708097100257874 | [-0.07] | -0.0005382540649103181
-0.4863373637199402 | [-0.08] | -0.0007053574009423418
-0.4959986209869385 | [-0.09] | -0.0008969032360598089
-0.5060086846351624 | [-0.11] | -0.0011121420078131833
-0.5163087844848633 | [-0.12] | -0.0013497442412464637
-0.5268378257751465 | [-0.13] | -0.00160780686061277
-0.5375328063964844 | [-0.14] | -0.0018838753955312268
-0.5483291745185852 | [-0.15] | -0.0021749792041488567
-0.5591614246368408 | [-0.16] | -0.002477686200178172
-0.5699635744094849 | [-0.17] | -0.0027881683061121328
-0.5806695818901062 | [-0.18] | -0.003102274711492111
-0.5912138819694519 | [-0.18] | -0.003415617973771943
-0.6015317440032959 | [-0.19] | -0.003723659902946619
-0.6115598678588867 | [-0.2] | -0.004021809848872928
-0.6212367415428162 | [-0.21] | -0.004305516460979808
-0.6305029988288879 | [-0.21] | -0.004570358045728854
-0.6393018364906311 | [-0.22] | -0.004812133344651098
-0.6475792527198792 | [-0.22] | -0.0050269410484313016
-0.6552844047546387 | [-0.23] | -0.0052112579735856136
-0.6623698472976685 | [-0.23] | -0.005362005768223631
-0.668791651725769 | [-0.23] | -0.005476605563379805
-0.6745096445083618 | [-0.24] | -0.005553028669710408
-0.6794875264167786 | [-0.24] | -0.005589834311631396
-0.6836930513381958 | [-0.24] | -0.005586200020057593
-0.6870980262756348 | [-0.24] | -0.005541936139898649
-0.6896784901618958 | [-0.23] | -0.00545749756432165
-0.6914146542549133 | [-0.23] | -0.005333976220631861
-0.6922911405563354 | [-0.23] | -0.005173096228190505
-0.6922969222068787 | [-0.22] | -0.004977186084110264
-0.6914254426956177 | [-0.22] | -0.004749148283015566
-0.6896746158599854 | [-0.21] | -0.004492413577810188
-0.6870470643043518 | [-0.21] | -0.004210894080049539
-0.6835500001907349 | [-0.2] | -0.003908911832960638
-0.6791954040527344 | [-0.19] | -0.0035911292350036678
-0.6739999651908875 | [-0.18] | -0.003262461437441676
-0.6679853796958923 | [-0.17] | -0.002927992702899733
-0.6611781120300293 | [-0.16] | -0.0025928675258036597
-0.653609573841095 | [-0.15] | -0.002262191721546463
-0.6453160643577576 | [-0.14] | -0.0019409226205055073
-0.6363388299942017 | [-0.13] | -0.0016337626193295399
-0.6267237663269043 | [-0.12] | -0.0013450478290594411
-0.6165215373039246 | [-0.1] | -0.0010786529826709824
-0.6057871580123901 | [-0.09] | -0.0008378943470981875
-0.5945798754692078 | [-0.08] | -0.0006254533748322039
-0.5829629302024841 | [-0.07] | -0.00044331334896839956
-0.5710029602050781 | [-0.05] | -0.00029271089615072444
-0.5587698221206665 | [-0.04] | -0.00017411456775399834
-0.5463359355926514 | [-0.03] | -8.721996134133459e-05
-0.5337759852409363 | [-0.02] | -3.097101494963057e-05
-0.5211660861968994 | [-0.01] | -3.600096175716914e-06
-0.5085834264755249 | [0.01] | -2.6916267994388153e-06
-0.4961055815219879 | [0.02] | -2.526247499199402e-05
-0.48380985856056213 | [0.03] | -6.78587122757527e-05
-0.47177278995513916 | [0.04] | -0.00012666407869823266
-0.4600694477558136 | [0.04] | -0.0001976173712281511
-0.44877302646636963 | [0.05] | -0.00027653300865892945
-0.43795421719551086 | [0.06] | -0.0003592237088801995
-0.4276807904243469 | [0.07] | -0.00044161902663405805
-0.41801717877388 | [0.07] | -0.000519878387395102
-0.40902408957481384 | [0.08] | -0.0005904954973849181
-0.4007582366466522 | [0.08] | -0.0006503915433562257
-0.3932720124721527 | [0.08] | -0.0006969970896311688
-0.38661327958106995 | [0.09] | -0.0007283201193321666
-0.3808252513408661 | [0.09] | -0.0007429988732258373
-0.3759462833404541 | [0.09] | -0.000740342167080198
-0.3720097839832306 | [0.08] | -0.0007203535553642064
-0.36904412508010864 | [0.08] | -0.0006837409092280901
-0.3670724928379059 | [0.08] | -0.0006319122476935563
-0.3661128878593445 | [0.08] | -0.0005669542624895669
-0.366178035736084 | [0.07] | -0.0004915973532331504
-0.36727526783943176 | [0.06] | -0.00040916586949521375
-0.36940646171569824 | [0.06] | -0.0003235123139416066
-0.3725679814815521 | [0.05] | -0.0002389368221982847
-0.37675055861473083 | [0.04] | -0.00016009285023409984
-0.38193920254707336 | [0.03] | -9.187876195325872e-05
-0.3881131410598755 | [0.02] | -3.9317076190376765e-05
-0.3952457308769226 | [0.01] | -7.423457725483993e-06
-0.40330442786216736 | [-0.] | -1.067611677101114e-06
-0.4122507572174072 | [-0.02] | -2.4829544879336694e-05
-0.4220404028892517 | [-0.03] | -8.28552140553846e-05
-0.4326231777667999 | [-0.04] | -0.00017871547415756282
-0.44394323229789734 | [-0.06] | -0.00031527384521842105
-0.45593926310539246 | [-0.07] | -0.0004945680555424266
-0.46854475140571594 | [-0.08] | -0.0007177098804567535
-0.48168835043907166 | [-0.1] | -0.0009848088123638986
-0.4952943027019501 | [-0.11] | -0.001294922820757755
-0.5092830061912537 | [-0.13] | -0.0016460405352867248
-0.5235714912414551 | [-0.14] | -0.0020350922718311883
-0.5380741357803345 | [-0.16] | -0.002457996426295659
-0.5527034401893616 | [-0.17] | -0.0029097383909519876
-0.567370593547821 | [-0.18] | -0.0033844703705033247
-0.5819863677024841 | [-0.2] | -0.0038756433198612913
-0.5964617729187012 | [-0.21] | -0.0043761521804907165
-0.6107088327407837 | [-0.22] | -0.004878496519546144
-0.6246412992477417 | [-0.23] | -0.0053749500642326295
-0.6381752490997314 | [-0.24] | -0.005857726409360605
-0.651229739189148 | [-0.25] | -0.006319147263623615
-0.6637272834777832 | [-0.26] | -0.006751797239519176
-0.6755942702293396 | [-0.27] | -0.0071486667355998975
-0.6867614388465881 | [-0.27] | -0.0075032868953397785
-0.6971640586853027 | [-0.28] | -0.007809837958391032
-0.7067421674728394 | [-0.28] | -0.008063247429367162
-0.7154407501220703 | [-0.29] | -0.008259271125887526
-0.7232096791267395 | [-0.29] | -0.008394549057211872
-0.7300040125846863 | [-0.29] | -0.008466668322352515
-0.7357838153839111 | [-0.29] | -0.008474187546460584
-0.7405142188072205 | [-0.29] | -0.008416663504818556
-0.7441653609275818 | [-0.29] | -0.008294659231518604
-0.746712327003479 | [-0.28] | -0.008109740949651716
-0.7481353282928467 | [-0.28] | -0.007864475807739883
-0.748419463634491 | [-0.27] | -0.00756239461053675
-0.7475548982620239 | [-0.27] | -0.0072079628283758775
-0.7455369234085083 | [-0.26] | -0.00680653004942029
-0.7423660159111023 | [-0.25] | -0.006364262992753736
-0.7380480766296387 | [-0.24] | -0.005888069073909975
-0.73259437084198 | [-0.23] | -0.005385487676189057
-0.7260220050811768 | [-0.22] | -0.004864585970336375
-0.7183539271354675 | [-0.21] | -0.004333813701976057
-0.7096191644668579 | [-0.19] | -0.0038018507111849914
-0.6998530030250549 | [-0.18] | -0.0032774359223215915
-0.6890972256660461 | [-0.17] | -0.002769184152855508
-0.6774002313613892 | [-0.15] | -0.0022853908546113773
-0.6648169755935669 | [-0.14] | -0.0018338278858069858
-0.6514090895652771 | [-0.12] | -0.0014215497158802414
-0.6372447609901428 | [-0.1] | -0.0010547037852593865
-0.6223985552787781 | [-0.09] | -0.0007383584683445872
-0.6069510579109192 | [-0.07] | -0.00047635556203127604
-0.5909884572029114 | [-0.05] | -0.00027119701847988547
-0.5746020078659058 | [-0.04] | -0.00012397033057409373
-0.5578873157501221 | [-0.02] | -3.4317951413988246e-05
-0.5409436821937561 | [-0.] | -4.542101665103762e-07
-0.5238732099533081 | [0.01] | -1.922759531153259e-05
-0.5067799091339111 | [0.03] | -8.622810915298041e-05
-0.4897686541080475 | [0.04] | -0.00019593505305318148
-0.4729442894458771 | [0.06] | -0.0003418975880430945
-0.45641064643859863 | [0.07] | -0.0005169406765937944
-0.44026967883110046 | [0.08] | -0.0007133857205403168
-0.42462047934532166 | [0.1] | -0.0009232809604664406
-0.40955862402915955 | [0.11] | -0.0011386267414588674
-0.39517542719841003 | [0.12] | -0.0013515937078181718
-0.3815573751926422 | [0.12] | -0.0015547253706156112
-0.36878564953804016 | [0.13] | -0.001741120742406152
-0.3569357991218567 | [0.14] | -0.0019045935980763007
-0.34607747197151184 | [0.14] | -0.002039808495390115
-0.33627426624298096 | [0.15] | -0.0021423917684831872
-0.3275836706161499 | [0.15] | -0.002209019395616483
-0.3200569748878479 | [0.15] | -0.0022374846769826324
-0.3137393593788147 | [0.15] | -0.0022267417869718197
-0.30866989493370056 | [0.15] | -0.0021769335686898455
-0.3048816919326782 | [0.14] | -0.0020893970452735586
-0.3024018406867981 | [0.14] | -0.001966656834544841
-0.30125153064727783 | [0.13] | -0.001812395340096613
-0.30144593119621277 | [0.13] | -0.0016314098498453338
-0.3029942512512207 | [0.12] | -0.0014295439919502781
-0.30589959025382996 | [0.11] | -0.0012136019626288151
-0.3101588189601898 | [0.1] | -0.0009912374354492566
-0.31576234102249146 | [0.09] | -0.0007708189312089067
-0.3226938843727112 | [0.07] | -0.0005612673809355678
-0.33093026280403137 | [0.06] | -0.00037186717782777904
-0.3404410481452942 | [0.05] | -0.0002120522370342003
-0.3511883616447449 | [0.03] | -9.116739897017064e-05
-0.36312657594680786 | [0.01] | -1.8211655543572004e-05
-0.37620213627815247 | [-0.] | -1.5679010934677213e-06
-0.39035341143608093 | [-0.02] | -4.872842536015826e-05
-0.4055107533931732 | [-0.04] | -0.00016602669835113378
-0.4215964674949646 | [-0.06] | -0.00035838617248067507
-0.43852511048316956 | [-0.08] | -0.0006290996932736553
-0.4562038779258728 | [-0.1] | -0.0009796507641523526
-0.4745331406593323 | [-0.12] | -0.0014095887535417171
-0.49340716004371643 | [-0.14] | -0.0019164662980414753
-0.5127149820327759 | [-0.16] | -0.002495845285335235
-0.5323413610458374 | [-0.18] | -0.0031413705660700234
-0.5521680116653442 | [-0.2] | -0.003844916799689146
-0.572074830532074 | [-0.21] | -0.004596793032884121
-0.5919409394264221 | [-0.23] | -0.005385991492856679
-0.6116461753845215 | [-0.25] | -0.006200486731727338
-0.6310722231864929 | [-0.27] | -0.0070275491143599435
-0.650103747844696 | [-0.28] | -0.007854064705627401
-0.6686294674873352 | [-0.29] | -0.008666853541447764
-0.6865430474281311 | [-0.31] | -0.00945296327639158
-0.7037438154220581 | [-0.32] | -0.010199935943484164
-0.7201374173164368 | [-0.33] | -0.010896044061389942
-0.7356360554695129 | [-0.34] | -0.011530472946228837
-0.7501588463783264 | [-0.35] | -0.012093482748141022
-0.7636318802833557 | [-0.35] | -0.012576524197682726
-0.7759882211685181 | [-0.36] | -0.0129723274095511
-0.7871676683425903 | [-0.36] | -0.013274956181806628
-0.7971165180206299 | [-0.37] | -0.01347984450032605
-0.8057872653007507 | [-0.37] | -0.013583819186947744
-0.8131383657455444 | [-0.37] | -0.013585116059173223
-0.8191336989402771 | [-0.37] | -0.013483371351669576
-0.8237425088882446 | [-0.36] | -0.013279638433352248
-0.8269389867782593 | [-0.36] | -0.012976375758145664
-0.8287019729614258 | [-0.35] | -0.012577435791415929
-0.8290150761604309 | [-0.35] | -0.012088072842184104
-0.8278663754463196 | [-0.34] | -0.011514910916294745
-0.825248658657074 | [-0.33] | -0.010865929492870532
-0.8211593627929688 | [-0.32] | -0.010150409042352116
-0.815601110458374 | [-0.31] | -0.009378885195253128
-0.8085817694664001 | [-0.29] | -0.00856304231025472
-0.8001149892807007 | [-0.28] | -0.007715597585202543
-0.7902207970619202 | [-0.26] | -0.006850144764820882
-0.7789260745048523 | [-0.24] | -0.005980946537907334
-0.7662650346755981 | [-0.23] | -0.005122682568374236
-0.752280056476593 | [-0.21] | -0.004290169699228709
-0.7370221018791199 | [-0.19] | -0.0034980232207160486
-0.7205511331558228 | [-0.17] | -0.0027602909004739266
-0.7029367089271545 | [-0.14] | -0.0020900744625046777
-0.6842580437660217 | [-0.12] | -0.001499130580439577
-0.6646042466163635 | [-0.1] | -0.0009974956862886357
-0.6440739631652832 | [-0.08] | -0.0005931326094294018
-0.6227751970291138 | [-0.05] | -0.0002916402375809309
-0.6008245348930359 | [-0.03] | -9.602975616352302e-05
-0.578346312046051 | [-0.01] | -6.594345075370059e-06
-0.5554714798927307 | [0.01] | -2.087937861046386e-05
-0.5323362946510315 | [0.04] | -0.00013375945658485912
-0.5090807676315308 | [0.06] | -0.00033761942844771935
-0.4858469069004059 | [0.08] | -0.000622632110030075
-0.4627772271633148 | [0.1] | -0.0009771102050964574
-0.4400129020214081 | [0.12] | -0.0013879188400914388
-0.4176922142505646 | [0.14] | -0.0018409180907304375
-0.39594900608062744 | [0.15] | -0.0023214153675937947
-0.3749113976955414 | [0.17] | -0.00281460199733291
-0.3547006845474243 | [0.18] | -0.003305958501866404
-0.33543047308921814 | [0.19] | -0.0037816129335518814
-0.3172060549259186 | [0.21] | -0.004228644360047602
-0.30012407898902893 | [0.22] | -0.004635329456247756
-0.2842724621295929 | [0.22] | -0.004991330975802344
-0.2697303891181946 | [0.23] | -0.005287839760530554
-0.25656858086586 | [0.23] | -0.0055176721790752455
-0.24484972655773163 | [0.24] | -0.005675330085567448
-0.2346288561820984 | [0.24] | -0.0057570413420114635
-0.22595392167568207 | [0.24] | -0.005760776455937447
-0.2188662439584732 | [0.24] | -0.005686258230334371
-0.21340106427669525 | [0.24] | -0.005534959882986307
-0.2095879167318344 | [0.23] | -0.005310102387238787
-0.2074510008096695 | [0.22] | -0.005016643659948848
-0.20700938999652863 | [0.22] | -0.004661262817465929
-0.2082771360874176 | [0.21] | -0.004252332563067183
-0.21126322448253632 | [0.19] | -0.0037998751264075705
-0.21597138047218323 | [0.18] | -0.0033154938229453218
-0.2223997712135315 | [0.17] | -0.002812270535310885
-0.23054051399230957 | [0.15] | -0.002304623099809335
-0.24037906527519226 | [0.13] | -0.0018081124214698154
-0.251893550157547 | [0.12] | -0.0013391891082130175
-0.26505395770072937 | [0.1] | -0.0009148795316712904
-0.27982133626937866 | [0.07] | -0.000552404970420786
-0.29614686965942383 | [0.05] | -0.0002687399257767294
-0.3139711916446686 | [0.03] | -8.01130703979193e-05
-0.3332236707210541 | [0.] | -1.4717062212699725e-06
-0.35382184386253357 | [-0.02] | -4.59268207997865e-05
-0.3756711483001709 | [-0.05] | -0.0002242076003126512
-0.3986648917198181 | [-0.07] | -0.0005441578322744474
-0.4226844906806946 | [-0.1] | -0.0010103073389059424
-0.44760021567344666 | [-0.13] | -0.0016235550706437747
-0.4732721149921417 | [-0.15] | -0.0023809868005032907
-0.4995515048503876 | [-0.18] | -0.003275856922599664
-0.5262826085090637 | [-0.21] | -0.004297731873771231
-0.5533044934272766 | [-0.23] | -0.0054327959809603345
-0.5804535150527954 | [-0.26] | -0.006664315014440376
-0.6075654625892639 | [-0.28] | -0.007973198313558512
Total reward: -1.5535164576073748
0.9, 5.0, 0.4
parameter ends

state | action | reward
[-0.48] | [-0.03] | -8.682024899261259e-05
-0.47757482528686523 | [-0.03] | -0.00010095413369514946
-0.4783577620983124 | [-0.03] | -0.00011858823527416611
-0.47953060269355774 | [-0.04] | -0.0001401889006130749
-0.48108917474746704 | [-0.04] | -0.00016624443136134808
-0.4830268621444702 | [-0.04] | -0.00019724783763334908
-0.48533469438552856 | [-0.05] | -0.00023367970977477767
-0.48800140619277954 | [-0.05] | -0.00027599027817761684
-0.49101337790489197 | [-0.06] | -0.00032458005548322726
-0.49435481429100037 | [-0.06] | -0.00037978276124339374
-0.49800774455070496 | [-0.07] | -0.00044184730459101743
-0.5019521117210388 | [-0.07] | -0.0005109216747254345
-0.5061659216880798 | [-0.08] | -0.0005870392110113434
-0.5106253623962402 | [-0.08] | -0.0006701068273967409
-0.5153048634529114 | [-0.09] | -0.0007598946009954381
-0.5201773047447205 | [-0.09] | -0.0008560303605432253
-0.5252141952514648 | [-0.1] | -0.0009579971410261573
-0.5303857922554016 | [-0.1] | -0.0010651327322050365
-0.5356613397598267 | [-0.11] | -0.0011766349122489283
-0.5410091280937195 | [-0.11] | -0.0012915666228680794
-0.5463968515396118 | [-0.12] | -0.0014088698996972955
-0.551791787147522 | [-0.12] | -0.001527380241464321
-0.5571609139442444 | [-0.13] | -0.001645841793900398
-0.5624711513519287 | [-0.13] | -0.0017629280932078843
-0.5676896572113037 | [-0.14] | -0.0018772660951511641
-0.5727840065956116 | [-0.14] | -0.001987459498090619
-0.5777222514152527 | [-0.14] | -0.002092109871807825
-0.5824733376502991 | [-0.15] | -0.0021898476869791944
-0.5870071053504944 | [-0.15] | -0.0022793528105280597
-0.5912946462631226 | [-0.15] | -0.0023593838780994873
-0.5953083634376526 | [-0.16] | -0.0024287990606762576
-0.5990221500396729 | [-0.16] | -0.0024865784612788286
-0.6024116277694702 | [-0.16] | -0.0025318467266603737
-0.60545414686203 | [-0.16] | -0.0025638864915945715
-0.60812908411026 | [-0.16] | -0.0025821578926642193
-0.6104178428649902 | [-0.16] | -0.002586306797094099
-0.6123040318489075 | [-0.16] | -0.0025761751214053935
-0.6137735247612 | [-0.16] | -0.0025518043646383204
-0.6148145794868469 | [-0.16] | -0.0025134376601212128
-0.6154177784919739 | [-0.16] | -0.0024615132277044337
-0.6155763864517212 | [-0.15] | -0.002396666480066239
-0.615286111831665 | [-0.15] | -0.00231971148214506
-0.6145452260971069 | [-0.15] | -0.00223162982324174
-0.6133548021316528 | [-0.15] | -0.0021335593857938254
-0.6117184162139893 | [-0.14] | -0.0020267656017140027
-0.6096423268318176 | [-0.14] | -0.001912623729950904
-0.6071354746818542 | [-0.13] | -0.0017925939339496159
-0.6042094826698303 | [-0.13] | -0.0016681947550752645
-0.6008785367012024 | [-0.12] | -0.0015409728804322326
-0.5971593856811523 | [-0.12] | -0.0014124755080230967
-0.5930712819099426 | [-0.11] | -0.0012842213500894259
-0.5886358618736267 | [-0.11] | -0.001157671427644888
-0.5838771462440491 | [-0.1] | -0.0010342038562860692
-0.5788213610649109 | [-0.1] | -0.0009150871435040176
-0.5734967589378357 | [-0.09] | -0.0008014566210698439
-0.5679336190223694 | [-0.08] | -0.0006942975681541606
-0.5621639490127563 | [-0.08] | -0.0005944270034209664
-0.5562213063240051 | [-0.07] | -0.0005024823274777385
-0.5501407384872437 | [-0.06] | -0.0004189160922962024
-0.5439583659172058 | [-0.06] | -0.00034399102369737477
-0.5377113819122314 | [-0.05] | -0.0002777852127627765
-0.5314376354217529 | [-0.05] | -0.00022019730805070936
-0.5251755118370056 | [-0.04] | -0.00017095979373355765
-0.5189635753631592 | [-0.04] | -0.00012965414360193141
-0.5128403902053833 | [-0.03] | -9.573159749513693e-05
-0.5068442821502686 | [-0.03] | -6.85363534311396e-05
-0.5010131001472473 | [-0.02] | -4.733130516450571e-05
-0.4953837990760803 | [-0.02] | -3.132500666431027e-05
-0.4899924099445343 | [-0.01] | -1.9701386492368498e-05
-0.4848736822605133 | [-0.01] | -1.1648204794607143e-05
-0.4800609350204468 | [-0.01] | -6.385742930156203e-06
-0.47558578848838806 | [-0.01] | -3.193850781546955e-06
-0.4714779555797577 | [-0.] | -1.4371840904831201e-06
-0.46776512265205383 | [-0.] | -5.878106533390361e-07
-0.4644727408885956 | [-0.] | -2.444549747315872e-07
-0.46162381768226624 | [-0.] | -1.4806477930583675e-07
-0.45923885703086853 | [-0.] | -1.9325866855250528e-07
-0.4573356807231903 | [-0.] | -4.352530264826722e-07
-0.45592933893203735 | [-0.] | -1.0921331671880219e-06
-0.45503199100494385 | [-0.01] | -2.542303360832143e-06
-0.4546528458595276 | [-0.01] | -5.317138557822423e-06
-0.4547980725765228 | [-0.01] | -1.0088878294434247e-05
-0.4554707109928131 | [-0.01] | -1.7653890625276645e-05
-0.4566706717014313 | [-0.02] | -2.8911774683663865e-05
-0.45839473605155945 | [-0.02] | -4.484069191398022e-05
-0.4606364965438843 | [-0.03] | -6.646914023279478e-05
-0.46338632702827454 | [-0.03] | -9.484484226509667e-05
-0.4666315019130707 | [-0.04] | -0.0001310022343374301
-0.47035613656044006 | [-0.04] | -0.0001759277942933765
-0.4745413064956665 | [-0.05] | -0.00023052575507239676
-0.47916510701179504 | [-0.05] | -0.0002955840113072947
-0.4842027425765991 | [-0.06] | -0.00037174140127582494
-0.48962661623954773 | [-0.07] | -0.0004594572870306984
-0.49540650844573975 | [-0.07] | -0.000558985112939771
-0.5015097260475159 | [-0.08] | -0.0006703498050442303
-0.5079013109207153 | [-0.09] | -0.0007933306981077268
-0.5145441889762878 | [-0.1] | -0.0009274491301974631
-0.5213994383811951 | [-0.1] | -0.0010719635318184144
-0.528426468372345 | [-0.11] | -0.0012258694772597312
-0.5355833768844604 | [-0.12] | -0.0013879094262101578
-0.5428271293640137 | [-0.12] | -0.0015565853695482597
-0.5501139163970947 | [-0.13] | -0.0017301813950911878
-0.557399332523346 | [-0.14] | -0.0019067877860845192
-0.5646387934684753 | [-0.14] | -0.00208433611048857
-0.5717878341674805 | [-0.15] | -0.002260635976132423
-0.578802227973938 | [-0.16] | -0.002433410400859023
-0.5856384634971619 | [-0.16] | -0.002600343585026409
-0.5922539830207825 | [-0.17] | -0.002759124137923981
-0.5986073613166809 | [-0.17] | -0.0029074868893482443
-0.6046586632728577 | [-0.17] | -0.003043260204684236
-0.6103696823120117 | [-0.18] | -0.0031644083457832706
-0.6157040596008301 | [-0.18] | -0.003269068458051215
-0.6206276416778564 | [-0.18] | -0.003355592269191243
-0.6251084804534912 | [-0.19] | -0.003422572827968741
-0.6291172504425049 | [-0.19] | -0.0034688811602664304
-0.6326271295547485 | [-0.19] | -0.003493680625101553
-0.6356142163276672 | [-0.19] | -0.0034964543199101743
-0.6380573511123657 | [-0.19] | -0.0034770072787792096
-0.6399385333061218 | [-0.19] | -0.0034354835090103283
-0.6412428021430969 | [-0.18] | -0.0033723590805922288
-0.6419584155082703 | [-0.18] | -0.003288439781122282
-0.642076849937439 | [-0.18] | -0.0031848470637220573
-0.6415929794311523 | [-0.18] | -0.0030630042539892912
-0.6405050754547119 | [-0.17] | -0.0029246112408612755
-0.6388147473335266 | [-0.17] | -0.0027716123713342326
-0.6365271210670471 | [-0.16] | -0.002606166947912824
-0.6336507797241211 | [-0.16] | -0.002430607817404778
-0.6301978230476379 | [-0.15] | -0.002247399869418527
-0.626183807849884 | [-0.14] | -0.0020590919789674673
-0.6216277480125427 | [-0.14] | -0.0018682687383456147
-0.6165520548820496 | [-0.13] | -0.0016774993030358105
-0.6109824776649475 | [-0.12] | -0.0014892866369850793
-0.6049480438232422 | [-0.11] | -0.0013060176849694694
-0.5984809398651123 | [-0.11] | -0.001129914578775069
-0.5916163921356201 | [-0.1] | -0.0009629900450921915
-0.5843924283981323 | [-0.09] | -0.0008070054719332333
-0.5768498182296753 | [-0.08] | -0.0006634386165135402
-0.5690317153930664 | [-0.07] | -0.0005334535412265331
-0.5609834790229797 | [-0.06] | -0.0004178822115963186
-0.5527523756027222 | [-0.06] | -0.00031721291817291
-0.5443874001502991 | [-0.05] | -0.00023158930997737166
-0.5359387993812561 | [-0.04] | -0.00016081580324543373
-0.5274578332901001 | [-0.03] | -0.00010437483083005261
-0.5189963579177856 | [-0.02] | -6.145123312458582e-05
-0.510606586933136 | [-0.02] | -3.0965682542338836e-05
-0.5023406147956848 | [-0.01] | -1.161384087756258e-05
-0.4942501485347748 | [-0.] | -1.9121359901211462e-06
-0.4863860607147217 | [0.] | -2.47411895948485e-07
-0.47879815101623535 | [0.01] | -4.929821074771111e-06
-0.47153469920158386 | [0.01] | -1.424696409147706e-05
-0.4646422266960144 | [0.02] | -2.6517964933409505e-05
-0.4581651985645294 | [0.02] | -4.014586878239087e-05
-0.4521457254886627 | [0.02] | -5.366729672895151e-05
-0.446623295545578 | [0.03] | -6.579800013809763e-05
-0.4416345953941345 | [0.03] | -7.547295540547736e-05
-0.4372132420539856 | [0.03] | -8.188082423496315e-05
-0.4333896338939667 | [0.03] | -8.449118128639212e-05
-0.430190771818161 | [0.03] | -8.307449901641769e-05
-0.4276401102542877 | [0.03] | -7.771425233909086e-05
-0.42575740814208984 | [0.03] | -6.881091413381861e-05
-0.4245586693286896 | [0.02] | -5.707725076461924e-05
-0.4240560233592987 | [0.02] | -4.352568162969852e-05
-0.4242576062679291 | [0.02] | -2.944737581155877e-05
-0.4251675307750702 | [0.01] | -1.6383013415645702e-05
-0.42678579688072205 | [0.01] | -6.0862012836550385e-06
-0.42910829186439514 | [0.] | -4.79616936872064e-07
-0.4321267306804657 | [-0.] | -1.6050295149075628e-06
-0.43582865595817566 | [-0.01] | -1.15678062937042e-05
-0.4401974081993103 | [-0.02] | -3.2477062946512044e-05
-0.445212185382843 | [-0.03] | -6.638288376289861e-05
-0.4508481025695801 | [-0.03] | -0.00011521216706455575
-0.4570762515068054 | [-0.04] | -0.0001807046230508468
-0.4638637900352478 | [-0.05] | -0.0002643506421459121
-0.47117406129837036 | [-0.06] | -0.00036733282337824666
-0.4789668023586273 | [-0.07] | -0.0004904739918745767
-0.4871983528137207 | [-0.08] | -0.0006341924343849694
-0.4958218038082123 | [-0.09] | -0.0007984652549566187
-0.5047873854637146 | [-0.1] | -0.0009828048266374166
-0.5140426754951477 | [-0.11] | -0.0011862444286855484
-0.5235329866409302 | [-0.12] | -0.0014073384136410643
-0.5332017540931702 | [-0.13] | -0.0016441750129129189
-0.5429908633232117 | [-0.14] | -0.001894400323896689
-0.552841067314148 | [-0.15] | -0.00215525558043653
-0.562692403793335 | [-0.16] | -0.0024236253538223226
-0.5724847316741943 | [-0.16] | -0.0026960987908730555
-0.5821580290794373 | [-0.17] | -0.002969032473885759
-0.5916528701782227 | [-0.18] | -0.003238624369964008
-0.6009107828140259 | [-0.19] | -0.003500988329135868
-0.6098747253417969 | [-0.19] | -0.003752235238175547
-0.6184893250465393 | [-0.2] | -0.003988547019051677
-0.6267014145851135 | [-0.21] | -0.0042062594848039985
-0.6344601511955261 | [-0.21] | -0.004401928384150662
-0.6417173743247986 | [-0.21] | -0.004572399847913206
-0.6484278440475464 | [-0.22] | -0.004714871068737193
-0.6545495390892029 | [-0.22] | -0.0048269475666994095
-0.6600437164306641 | [-0.22] | -0.004906684557767707
-0.6648752093315125 | [-0.22] | -0.004952630155557437
-0.6690123677253723 | [-0.22] | -0.0049638463676176525
-0.6724273562431335 | [-0.22] | -0.004939936829102745
-0.6750962734222412 | [-0.22] | -0.004881058611443701
-0.676999032497406 | [-0.22] | -0.004787915813685698
-0.6781197190284729 | [-0.22] | -0.004661763881117455
-0.6784464120864868 | [-0.21] | -0.004504383030873529
-0.6779714226722717 | [-0.21] | -0.004318059698291821
-0.6766912937164307 | [-0.2] | -0.004105549151342614
-0.6746068596839905 | [-0.2] | -0.0038700316626826994
-0.6717233061790466 | [-0.19] | -0.0036150598727031635
-0.668050229549408 | [-0.18] | -0.0033444978301927462
-0.6636016368865967 | [-0.17] | -0.0030624502908592976
-0.6583961248397827 | [-0.17] | -0.0027731909730365663
-0.6524567604064941 | [-0.16] | -0.0024810753798467267
-0.645811140537262 | [-0.15] | -0.0021904555963437964
-0.6384913325309753 | [-0.14] | -0.0019055894530337605
-0.6305338144302368 | [-0.13] | -0.0016305496509275202
-0.6219795346260071 | [-0.12] | -0.0013691384904448885
-0.6128735542297363 | [-0.11] | -0.001124796772812579
-0.603265106678009 | [-0.09] | -0.0009005313506664164
-0.5932071805000305 | [-0.08] | -0.0006988423239889842
-0.5827563405036926 | [-0.07] | -0.0005216685053654512
-0.5719724893569946 | [-0.06] | -0.0003703461640875151
-0.560918390750885 | [-0.05] | -0.0002455812178995195
-0.5496593117713928 | [-0.04] | -0.00014744131729819813
-0.5382626056671143 | [-0.03] | -7.536542158952728e-05
-0.5267971158027649 | [-0.02] | -2.819041492575075e-05
-0.515332818031311 | [-0.01] | -4.196606304959409e-06
-0.503940224647522 | [0.] | -1.167374030991704e-06
-0.4926898777484894 | [0.01] | -1.646308101286752e-05
-0.48165175318717957 | [0.02] | -4.710625346593478e-05
-0.47089487314224243 | [0.03] | -8.987454922204072e-05
-0.46048665046691895 | [0.04] | -0.00014139973333439641
-0.4504925310611725 | [0.04] | -0.00019826800704247162
-0.440975546836853 | [0.05] | -0.0002571197367862297
-0.43199583888053894 | [0.06] | -0.00031474653135692447
-0.4236103892326355 | [0.06] | -0.00036818089925422074
-0.41587263345718384 | [0.06] | -0.0004147796661440214
-0.40883222222328186 | [0.07] | -0.0004522967300584202
-0.4025347828865051 | [0.07] | -0.0004789454210362995
-0.39702168107032776 | [0.07] | -0.0004934496372360879
-0.3923299014568329 | [0.07] | -0.0004950815405621312
-0.38849183917045593 | [0.07] | -0.00048368785849868415
-0.38553524017333984 | [0.07] | -0.000459701593672053
-0.38348305225372314 | [0.07] | -0.0004241417016153753
-0.38235336542129517 | [0.06] | -0.00037859850438236894
-0.3821593225002289 | [0.06] | -0.00032520628950702255
-0.38290897011756897 | [0.05] | -0.0002666032139521371
-0.3846052885055542 | [0.05] | -0.00020587622648284118
-0.3872460722923279 | [0.04] | -0.00014649498838986024
-0.3908238112926483 | [0.03] | -9.223333987007506e-05
-0.3953256607055664 | [0.02] | -4.707865570459542e-05
-0.40073344111442566 | [0.01] | -1.513133642594711e-05
-0.407023549079895 | [0.] | -4.965252379812306e-07
-0.4141668975353241 | [-0.01] | -7.169038669704376e-06
-0.4221290349960327 | [-0.02] | -3.89147379966949e-05
-0.43087008595466614 | [-0.03] | -9.915153549957333e-05
-0.440344899892807 | [-0.04] | -0.00019083337574187553
-0.4505031704902649 | [-0.06] | -0.0003163412328220022
-0.461289644241333 | [-0.07] | -0.0004773849361047411
-0.4726443588733673 | [-0.08] | -0.0006749196929044044
-0.48450297117233276 | [-0.1] | -0.0009090812839462351
-0.4967971444129944 | [-0.11] | -0.0011791427167957766
-0.5094550251960754 | [-0.12] | -0.0014834953563443232
-0.5224016308784485 | [-0.13] | -0.0018196523849415011
-0.5355595350265503 | [-0.15] | -0.0021842831358418694
-0.5488494634628296 | [-0.16] | -0.002573270250326587
-0.56219083070755 | [-0.17] | -0.002981786437653592
-0.5755023956298828 | [-0.18] | -0.0034043950153835184
-0.5887030363082886 | [-0.2] | -0.0038351699265299945
-0.6017122268676758 | [-0.21] | -0.004267819772924344
-0.6144508123397827 | [-0.22] | -0.004695829849029398
-0.6268414855003357 | [-0.23] | -0.005112598251326744
-0.638809323310852 | [-0.23] | -0.005511575104096063
-0.6502823233604431 | [-0.24] | -0.005886398277763533
-0.6611918210983276 | [-0.25] | -0.006231019651809739
-0.6714728474617004 | [-0.26] | -0.006539820241608773
-0.6810644268989563 | [-0.26] | -0.006807713361383955
-0.689909815788269 | [-0.27] | -0.007030234567317552
-0.6979567408561707 | [-0.27] | -0.007203620254991197
-0.7051573991775513 | [-0.27] | -0.007324863523723132
-0.7114686369895935 | [-0.27] | -0.007391766819105744
-0.7168521285057068 | [-0.27] | -0.007402984154250786
-0.7212741374969482 | [-0.27] | -0.0073580307829451165
-0.7247058749198914 | [-0.27] | -0.007257311728325902
-0.7271232604980469 | [-0.27] | -0.007102109139611908
-0.7285070419311523 | [-0.26] | -0.006894575954184467
-0.7288428544998169 | [-0.26] | -0.006637714299400884
-0.7281212210655212 | [-0.25] | -0.006335338133209527
-0.7263376712799072 | [-0.24] | -0.005992027945732693
-0.7234928011894226 | [-0.24] | -0.005613068071907895
-0.7195923328399658 | [-0.23] | -0.005204369152494118
-0.7146473526954651 | [-0.22] | -0.004772382790275458
-0.7086743712425232 | [-0.21] | -0.004323992429589077
-0.7016955018043518 | [-0.2] | -0.0038663946658253527
-0.6937384605407715 | [-0.18] | -0.003406959917666698
-0.6848369240760803 | [-0.17] | -0.002953094404367733
-0.675030529499054 | [-0.16] | -0.002512079220742393
-0.664364755153656 | [-0.14] | -0.002090903186230264
-0.6528912782669067 | [-0.13] | -0.0016961078508988512
-0.6406675577163696 | [-0.12] | -0.0013336164142527128
-0.6277570128440857 | [-0.1] | -0.001008589457944033
-0.6142285466194153 | [-0.09] | -0.0007252816270923191
-0.6001564860343933 | [-0.07] | -0.0004869309998292561
-0.5856199264526367 | [-0.05] | -0.0002956656923214085
-0.5707024335861206 | [-0.04] | -0.00015244982564989012
-0.5554914474487305 | [-0.02] | -5.706012026428742e-05
-0.5400774478912354 | [-0.01] | -8.099394140546282e-06
-0.5245534181594849 | [0.01] | -3.0494311229270488e-06
-0.5090139508247375 | [0.02] | -3.835683864830756e-05
-0.4935544431209564 | [0.03] | -0.00010955167217359366
-0.4782702922821045 | [0.05] | -0.0002113924124982256
-0.4632560908794403 | [0.06] | -0.00033803130924121714
-0.4486047923564911 | [0.07] | -0.0004831941803227596
-0.43440693616867065 | [0.08] | -0.0006403676238922612
-0.42075005173683167 | [0.09] | -0.0008029847705686183
-0.4077179431915283 | [0.1] | -0.0009646080880533584
-0.39539021253585815 | [0.11] | -0.0011190994997353264
-0.3838418126106262 | [0.11] | -0.001260776681052135
-0.37314271926879883 | [0.12] | -0.0013845509913018583
-0.36335763335227966 | [0.12] | -0.0014860477834750174
-0.3545457422733307 | [0.12] | -0.0015617070515163412
-0.346760630607605 | [0.13] | -0.001608862453886982
-0.34005022048950195 | [0.13] | -0.0016258010407696325
-0.3344566226005554 | [0.13] | -0.001611807305042247
-0.33001625537872314 | [0.13] | -0.0015671831366729763
-0.3267597258090973 | [0.12] | -0.0014932559603744351
-0.3247118890285492 | [0.12] | -0.0013923649316835113
-0.3238917589187622 | [0.11] | -0.00126783274968688
-0.3243125081062317 | [0.11] | -0.0011239165469903005
-0.3259814381599426 | [0.1] | -0.0009657401789444265
-0.3288997709751129 | [0.09] | -0.0007992094324516185
-0.33306261897087097 | [0.08] | -0.0006309023394890654
-0.3384588062763214 | [0.07] | -0.00046794073369888607
-0.34507063031196594 | [0.06] | -0.0003178405307257511
-0.3528737425804138 | [0.04] | -0.00018833933171874377
-0.3618369400501251 | [0.03] | -8.720656263042809e-05
-0.37192198634147644 | [0.01] | -2.203720734742636e-05
-0.3830834925174713 | [-0.] | -3.395417203012508e-08
-0.3952687978744507 | [-0.02] | -2.778386068197186e-05
-0.4084179997444153 | [-0.03] | -0.00011103662069162726
-0.42246395349502563 | [-0.05] | -0.0002544927153286671
-0.43733248114585876 | [-0.07] | -0.0004616106732383138
-0.45294272899627686 | [-0.09] | -0.000734444177357037
-0.4692074954509735 | [-0.1] | -0.001073514805086667
-0.4860337972640991 | [-0.12] | -0.0014777306528045316
-0.5033236145973206 | [-0.14] | -0.0019443569405408771
-0.5209745168685913 | [-0.16] | -0.002469035868658459
-0.5388808250427246 | [-0.17] | -0.0030458709245628035
-0.5569343566894531 | [-0.19] | -0.0036675493122452565
-0.5750254988670349 | [-0.21] | -0.004325518494308214
-0.5930444598197937 | [-0.22] | -0.005010204269540983
-0.6108821034431458 | [-0.24] | -0.005711243612689598
-0.6284310221672058 | [-0.25] | -0.006417741905633405
-0.6455866098403931 | [-0.27] | -0.00711854013350624
-0.6622477769851685 | [-0.28] | -0.007802463448867829
-0.6783177852630615 | [-0.29] | -0.008458567731385805
-0.6937049031257629 | [-0.3] | -0.009076360295823625
-0.7083227634429932 | [-0.31] | -0.009645987166702714
-0.7220908999443054 | [-0.32] | -0.010158408062767143
-0.7349348664283752 | [-0.33] | -0.010605526759680132
-0.7467864155769348 | [-0.33] | -0.010980302436297117
-0.7575833797454834 | [-0.34] | -0.011276826382861727
-0.7672697901725769 | [-0.34] | -0.011490392953046451
-0.775795578956604 | [-0.34] | -0.011617534094281623
-0.7831165194511414 | [-0.34] | -0.01165605485266714
-0.7891939878463745 | [-0.34] | -0.011605047352827998
-0.793994665145874 | [-0.34] | -0.011464892932198958
-0.7974904775619507 | [-0.34] | -0.01123727016917871
-0.7996583580970764 | [-0.33] | -0.010925142191234046
-0.800480306148529 | [-0.32] | -0.01053275156687551
-0.7999431490898132 | [-0.32] | -0.010065584588266337
-0.7980387210845947 | [-0.31] | -0.009530344538251669
-0.7947638034820557 | [-0.3] | -0.008934891919012556
-0.790120542049408 | [-0.29] | -0.00828818902695625
-0.7841165065765381 | [-0.28] | -0.007600196881559596
-0.776764988899231 | [-0.26] | -0.006881756913277292
-0.7680855989456177 | [-0.25] | -0.006144453866294287
-0.7581044435501099 | [-0.23] | -0.005400422738978648
-0.7468546032905579 | [-0.22] | -0.004662138300076957
-0.7343766093254089 | [-0.2] | -0.003942170983396931
-0.7207188606262207 | [-0.18] | -0.003252911502989567
-0.705937922000885 | [-0.16] | -0.0026062712762967687
-0.6900988221168518 | [-0.14] | -0.002013371673702747
-0.6732750535011292 | [-0.12] | -0.001484225607199187
-0.6555488109588623 | [-0.1] | -0.001027440986850458
-0.6370106339454651 | [-0.08] | -0.0006499376954078109
-0.617759108543396 | [-0.06] | -0.0003567149355277095
-0.5979003310203552 | [-0.04] | -0.0001506714431831912
-0.5775471329689026 | [-0.02] | -3.249501428375789e-05
-0.5568181276321411 | [0.] | -6.293962073162712e-07
-0.5358366370201111 | [0.02] | -5.132309380410055e-05
-0.514729380607605 | [0.04] | -0.0001787586404519273
-0.4936252236366272 | [0.06] | -0.00037525596502575013
-0.47265365719795227 | [0.08] | -0.0006315400500312072
-0.4519434869289398 | [0.1] | -0.0009370560842408963
-0.43162140250205994 | [0.11] | -0.0012803176552348395
-0.4118106961250305 | [0.13] | -0.0016492682726588312
-0.3926301598548889 | [0.14] | -0.0020316392719743896
-0.3741929829120636 | [0.16] | -0.002415292877961349
-0.3566060960292816 | [0.17] | -0.002788529941875701
-0.3399694263935089 | [0.18] | -0.003140366406368035
-0.32437556982040405 | [0.19] | -0.0034607640358123555
-0.309909462928772 | [0.19] | -0.003740822124710995
-0.2966483533382416 | [0.2] | -0.003972925677203781
-0.2846619188785553 | [0.2] | -0.004150856760828783
-0.27401232719421387 | [0.21] | -0.004269879931518321
-0.26475459337234497 | [0.21] | -0.004326794537216429
-0.2569368779659271 | [0.21] | -0.004319969903299539
-0.25060075521469116 | [0.21] | -0.004249365705686003
-0.2457815706729889 | [0.2] | -0.004116535513336992
-0.2425086945295334 | [0.2] | -0.00392462046203042
-0.2408057153224945 | [0.19] | -0.003678331018254235
-0.24069057404994965 | [0.18] | -0.0033839141866903602
-0.24217559397220612 | [0.17] | -0.003049104332162614
-0.24526740610599518 | [0.16] | -0.0026830527420373547
-0.24996675550937653 | [0.15] | -0.0022962309583233636
-0.2562682032585144 | [0.14] | -0.0019003017269352456
-0.2641597092151642 | [0.12] | -0.0015079517125401246
-0.2736222445964813 | [0.11] | -0.0011326784691157118
-0.28462910652160645 | [0.09] | -0.0007885360975461106
-0.29714539647102356 | [0.07] | -0.0004898273972455345
-0.3111274540424347 | [0.05] | -0.00025075092405207845
-0.32652220129966736 | [0.03] | -8.500920702651099e-05
-0.34326666593551636 | [0.01] | -5.384205748370824e-06
-0.36128759384155273 | [-0.02] | -2.3297335386523957e-05
-0.3805012106895447 | [-0.04] | -0.00014837267548992728
-0.40081316232681274 | [-0.06] | -0.0003880252085739963
-0.42211878299713135 | [-0.09] | -0.0007471000956570849
-0.4443034529685974 | [-0.11] | -0.0012275842618524636
-0.4672434329986572 | [-0.14] | -0.0018284167659859394
-0.4908068776130676 | [-0.16] | -0.002545412140947598
-0.5148552060127258 | [-0.18] | -0.003371309561298018
-0.539244532585144 | [-0.21] | -0.0042959439793172965
-0.5638274550437927 | [-0.23] | -0.0053065369956668
-0.5884549021720886 | [-0.25] | -0.006388089611784036
-0.6129781007766724 | [-0.27] | -0.007523851257366771
-0.6372504234313965 | [-0.29] | -0.008695834493648035
-0.6611291170120239 | [-0.31] | -0.00988534191851636
-0.6844769716262817 | [-0.33] | -0.011073485664214329
-0.7071636915206909 | [-0.35] | -0.01224166138487996
-0.7290670275688171 | [-0.37] | -0.013371965159042055
-0.7500736117362976 | [-0.38] | -0.014447537301912125
-0.770079493522644 | [-0.39] | -0.015452830075318759
-0.788990318775177 | [-0.4] | -0.016373792546590604
-0.8067213892936707 | [-0.41] | -0.01719799617848642
-0.8231973648071289 | [-0.42] | -0.017914694783050463
-0.8383517861366272 | [-0.43] | -0.018514839357196836
-0.8521264791488647 | [-0.44] | -0.01899106041395218
-0.864470899105072 | [-0.44] | -0.019337636207446825
-0.8753412365913391 | [-0.44] | -0.01955043676776046
-0.8846997618675232 | [-0.44] | -0.01962689071005749
-0.8925140500068665 | [-0.44] | -0.0195659476331076
-0.898756206035614 | [-0.44] | -0.01936805125211335
-0.9034023284912109 | [-0.44] | -0.019035139809185645
-0.9064319133758545 | [-0.43] | -0.01857065006222127
-0.9078275561332703 | [-0.42] | -0.01797955053085748
-0.9075745940208435 | [-0.42] | -0.017268369968143744
-0.9056611061096191 | [-0.41] | -0.016445248485355942
-0.902077853679657 | [-0.39] | -0.015519971237611944
-0.8968187570571899 | [-0.38] | -0.01450401954407745
-0.8898810744285583 | [-0.37] | -0.013410567975975514
-0.8812659382820129 | [-0.35] | -0.012254465668383637
-0.8709793090820312 | [-0.33] | -0.011052189209504813
-0.8590326309204102 | [-0.31] | -0.009821711721814346
-0.8454439043998718 | [-0.29] | -0.008582320844579388
-0.8302387595176697 | [-0.27] | -0.007354352973539012
-0.8134515285491943 | [-0.25] | -0.006158839842479705
-0.7951264381408691 | [-0.22] | -0.005017073158647491
-0.7753186821937561 | [-0.2] | -0.003950083664337209
-0.7540955543518066 | [-0.17] | -0.0029780545121230817
-0.7315371036529541 | [-0.15] | -0.002119674202050893
-0.7077366709709167 | [-0.12] | -0.0013914762080079889
-0.6828013062477112 | [-0.09] | -0.0008072022648882157
-0.656851589679718 | [-0.06] | -0.00037721497492083786
-0.6300210356712341 | [-0.03] | -0.0001080174813807983
-0.6024550795555115 | [-0.] | -1.918232465155742e-06
-0.574309766292572 | [0.02] | -5.687164512142239e-05
-0.545749843120575 | [0.05] | -0.00026651299644330964
-0.5169464349746704 | [0.08] | -0.0006203957154196694
-0.48807477951049805 | [0.11] | -0.0011044115143958066
-0.45931142568588257 | [0.13] | -0.0017013696318093443
-0.43083158135414124 | [0.15] | -0.0023916880980506964
-0.4028065502643585 | [0.18] | -0.0031541477379230356
-0.3754013776779175 | [0.2] | -0.003966655077325731
-0.34877267479896545 | [0.22] | -0.004806972020483187
-0.3230670094490051 | [0.24] | -0.005653363050048613
-0.2984195947647095 | [0.25] | -0.006485144840394546
-0.2749534845352173 | [0.27] | -0.0072831145547258185
-0.2527792155742645 | [0.28] | -0.008029861735262578
-0.2319948375225067 | [0.3] | -0.008709969452835928
-0.21268631517887115 | [0.31] | -0.009310121035511867
-0.19492824375629425 | [0.31] | -0.009819132283785392
-0.17878471314907074 | [0.32] | -0.010227933277803358
-0.16431041061878204 | [0.32] | -0.010529515093008722
-0.1515517383813858 | [0.33] | -0.010718864415785765
-0.1405480057001114 | [0.33] | -0.010792897061637101
-0.13133253157138824 | [0.33] | -0.010750404947117431
-0.12393369525671005 | [0.33] | -0.01059202198602176
-0.11837586015462875 | [0.32] | -0.010320213564807034
-0.11468015611171722 | [0.32] | -0.009939289091201646
-0.11286505311727524 | [0.31] | -0.00945543909022464
-0.1129467561841011 | [0.3] | -0.008876788233735604
-0.11493940651416779 | [0.29] | -0.008213456987021849
-0.11885500699281693 | [0.27] | -0.007477625736523202
-0.12470318377017975 | [0.26] | -0.006683581869978282
-0.13249064981937408 | [0.24] | -0.005847742247136505
-0.14222049713134766 | [0.22] | -0.004988625915248585
-0.1538911908864975 | [0.2] | -0.004126766004406504
-0.16749544441699982 | [0.18] | -0.003284533952964581
-0.18301881849765778 | [0.16] | -0.0024858628398973983
-0.2004382312297821 | [0.13] | -0.0017558502649872747
-0.21972036361694336 | [0.11] | -0.0011202315626174589
-0.2408200055360794 | [0.08] | -0.0006047207771598731
-0.2636784613132477 | [0.05] | -0.00023422834684828187
-0.288222074508667 | [0.02] | -3.1976598739251274e-05
-0.3143611252307892 | [-0.01] | -1.8550987870563567e-05
-0.34198883175849915 | [-0.05] | -0.00021094253872860316
-0.3709811270236969 | [-0.08] | -0.0006216441956695603
-0.4011967182159424 | [-0.11] | -0.0012578759176731403
-0.43247807025909424 | [-0.15] | -0.0021210153449873472
-0.46465280652046204 | [-0.18] | -0.0032062922585609633
-0.49753594398498535 | [-0.21] | -0.004502798315310165
-0.5309326648712158 | [-0.24] | -0.005993823886491824
-0.5646415948867798 | [-0.28] | -0.007657511259014326
-0.5984585881233215 | [-0.31] | -0.009467780303635064
-0.632180392742157 | [-0.34] | -0.011395433366995592
-0.6656084656715393 | [-0.37] | -0.013409372129324526
-0.698552668094635 | [-0.39] | -0.015477816525053083
-0.7308343052864075 | [-0.42] | -0.01756942713361743
-0.7622886300086975 | [-0.44] | -0.01965426393315251
-0.7927668690681458 | [-0.47] | -0.021704546654041378
-0.8221375346183777 | [-0.49] | -0.023695189028803118
-0.8502868413925171 | [-0.51] | -0.025604087939047927
-0.8771188259124756 | [-0.52] | -0.027412238011668633
-0.9025546312332153 | [-0.54] | -0.029103661203723864
-0.9265313148498535 | [-0.55] | -0.030665200406984856
-0.9490006566047668 | [-0.57] | -0.032086268052053994
-0.9699273705482483 | [-0.58] | -0.03335851476987053
-0.9892873167991638 | [-0.59] | -0.034475495410700344
-1.0070656538009644 | [-0.6] | -0.03543234278318131
-1.0232549905776978 | [-0.6] | -0.036225471751296
-1.0378535985946655 | [-0.61] | -0.03685231135577374
-1.0508637428283691 | [-0.61] | -0.037311089829591935
-1.0622903108596802 | [-0.61] | -0.03760067831520389
-1.0721391439437866 | [-0.61] | -0.03772043431525085
-1.0804163217544556 | [-0.61] | -0.037670176207863615
-1.0871264934539795 | [-0.61] | -0.03745008228830409
-1.0922725200653076 | [-0.61] | -0.03706075570391935
-1.0958545207977295 | [-0.6] | -0.03650324879533101
-1.0978693962097168 | [-0.6] | -0.035779161992369544
-1.0983103513717651 | [-0.59] | -0.03489076350504409
-1.097166657447815 | [-0.58] | -0.03384115522725141
-1.0944236516952515 | [-0.57] | -0.0326344822028866
-1.0900624990463257 | [-0.56] | -0.03127613273342476
-1.0840609073638916 | [-0.55] | -0.029773047609419956
-1.0763930082321167 | [-0.53] | -0.028133948301982514
-1.0670303106307983 | [-0.51] | -0.026369666759444806
-1.055942416191101 | [-0.49] | -0.024493433330573466
-1.043097734451294 | [-0.47] | -0.02252112844807304
-1.0284650325775146 | [-0.45] | -0.020471557878926648
-1.0120149850845337 | [-0.43] | -0.018366638664522133
-0.9937216639518738 | [-0.4] | -0.016231468461461316
-0.9735648036003113 | [-0.38] | -0.014094312597790377
-0.9515318274497986 | [-0.35] | -0.011986390586265779
-0.9276204109191895 | [-0.32] | -0.009941488994783513
-0.9018411040306091 | [-0.28] | -0.007995342461008114
-0.8742198944091797 | [-0.25] | -0.006184758408207986
-0.8448008298873901 | [-0.21] | -0.004546507759189109
-0.8136484622955322 | [-0.18] | -0.0031159944721896333
-0.780849814414978 | [-0.14] | -0.0019257560351799167
-0.7465158700942993 | [-0.1] | -0.00100389240227143
-0.7107821702957153 | [-0.06] | -0.00037253289520870064
-0.673808753490448 | [-0.02] | -4.648734653044869e-05
-0.6357788443565369 | [0.02] | -3.221463813042663e-05
-0.5968964695930481 | [0.06] | -0.00032724093567184644
-0.5573830008506775 | [0.1] | -0.0009201164149986339
-0.5174726843833923 | [0.13] | -0.0017909437825598521
-0.4774075746536255 | [0.17] | -0.0029124402623731394
-0.43743181228637695 | [0.21] | -0.004251440601183892
-0.39778584241867065 | [0.24] | -0.005770691120243383
-0.35870087146759033 | [0.27] | -0.007430749677132924
-0.3203939199447632 | [0.3] | -0.009191822907033818
-0.2830635905265808 | [0.33] | -0.011015392784580504
-0.24688689410686493 | [0.36] | -0.012865514158730551
-0.212017223238945 | [0.38] | -0.014709744965597668
-0.17858336865901947 | [0.41] | -0.016519690598741945
-0.14668956398963928 | [0.43] | -0.018271213220881308
-0.11641639471054077 | [0.45] | -0.019944359438150476
-0.08782241493463516 | [0.46] | -0.021523079014530877
-0.0609462708234787 | [0.48] | -0.022994812657878696
-0.03580916300415993 | [0.49] | -0.024350009941568263
-0.012417457066476345 | [0.51] | -0.02558162546059411
0.0092346565797925 | [0.52] | -0.02668463823545877
0.029162587597966194 | [0.53] | -0.02765560631953176
0.04738890752196312 | [0.53] | -0.028492281399565583
0.0639411211013794 | [0.54] | -0.029193281795075778
0.07884965091943741 | [0.55] | -0.029757825244910302
0.09214606136083603 | [0.55] | -0.030185519703164073
0.103861503303051 | [0.55] | -0.03047620525313348
0.11402540653944016 | [0.55] | -0.03062984651141505
0.12266432493925095 | [0.55] | -0.030646462336610576
0.12980100512504578 | [0.55] | -0.03052609844867246
0.13545359671115875 | [0.55] | -0.030268835146118944
0.13963502645492554 | [0.55] | -0.029874828089563755
0.14235249161720276 | [0.54] | -0.029344385063248275
0.14360705018043518 | [0.54] | -0.028678071721683036
0.14339332282543182 | [0.53] | -0.02787685399399434
0.14169934391975403 | [0.52] | -0.026942280065640548
0.1385064572095871 | [0.51] | -0.025876694522920848
0.13378934562206268 | [0.5] | -0.024683493699345076
0.12751615047454834 | [0.48] | -0.023367418101590414
0.1196487620472908 | [0.47] | -0.02193488727644705
0.11014322936534882 | [0.45] | -0.02039436784905356
0.0989503413438797 | [0.43] | -0.018756769513381587
0.08601643145084381 | [0.41] | -0.017035863602955705
0.07128441333770752 | [0.39] | -0.015248704433056905
0.054695092141628265 | [0.37] | -0.013416028213091414
0.0361887663602829 | [0.34] | -0.011562601881980907
0.015707217156887054 | [0.31] | -0.00971748132175876
-0.006803963799029589 | [0.28] | -0.007914124067239727
-0.03139264136552811 | [0.25] | -0.006190304855729807
-0.05809703469276428 | [0.21] | -0.0045877652893755476
-0.08694227039813995 | [0.18] | -0.003151540520193906
-0.11793665587902069 | [0.14] | -0.0019289063499785385
-0.15106786787509918 | [0.1] | -0.0009679190596684852
-0.186299130320549 | [0.06] | -0.00031555753195122157
-0.2235657274723053 | [0.01] | -1.5519872781575376e-05
-0.2627721130847931 | [-0.03] | -0.00010579922359228926
-0.303789883852005 | [-0.08] | -0.0006162210640612509
-0.3464570641517639 | [-0.13] | -0.0015661836494127923
-0.39057886600494385 | [-0.17] | -0.0029628739411996633
-0.4359302520751953 | [-0.22] | -0.004800224156558154
-0.48226022720336914 | [-0.27] | -0.0070588050226291586
-0.5292980074882507 | [-0.31] | -0.009706775040258067
-0.5767603516578674 | [-0.36] | -0.01270181487085591
-0.6243602633476257 | [-0.4] | -0.015993907197310153
-0.671815812587738 | [-0.44] | -0.019528619588405606
-0.7188588976860046 | [-0.48] | -0.023250555957275668
-0.7652431130409241 | [-0.52] | -0.027106588309639537
-0.8107506036758423 | [-0.56] | -0.031048615738700432
-0.8551968932151794 | [-0.59] | -0.03503559179784531
-0.8984344601631165 | [-0.62] | -0.03903484703669849
-0.94035404920578 | [-0.66] | -0.04302264746401874
-0.980884850025177 | [-0.69] | -0.04698420553161724
-1.0199930667877197 | [-0.71] | -0.05091322924652916
-1.0576800107955933 | [-0.74] | -0.054811283897856805
-1.0939786434173584 | [-0.77] | -0.05868693419709791
-1.1289509534835815 | [-0.79] | -0.06255505237989394
-1.162684440612793 | [-0.82] | -0.06643613050852469
-1.195289134979248 | [-0.84] | -0.07035581154159291
-1.2000000476837158 | [-0.68] | -0.046240005836487
-1.1987781524658203 | [-0.67] | -0.045264753890356675
-1.1963194608688354 | [-0.66] | -0.04414197674491174
-1.1926034688949585 | [-0.65] | -0.04287145576211628
-1.1876037120819092 | [-0.64] | -0.04145356964046465
-1.181288242340088 | [-0.63] | -0.03988958015655415
-1.1736197471618652 | [-0.62] | -0.0381818982816071
-1.1645557880401611 | [-0.6] | -0.036334387899570934
-1.154049277305603 | [-0.59] | -0.03435271300918246
-1.1420493125915527 | [-0.57] | -0.032244736245312364
-1.1285016536712646 | [-0.55] | -0.030020876067387514
-1.1133497953414917 | [-0.53] | -0.02769451315664706
-1.09653639793396 | [-0.5] | -0.02528239057146698
-1.0780045986175537 | [-0.48] | -0.022804938060370664
-1.0576997995376587 | [-0.45] | -0.020286536451193563
-1.035571813583374 | [-0.42] | -0.017755674974990452
-1.0115774869918823 | [-0.39] | -0.015244952659804568
-0.985683023929596 | [-0.36] | -0.012790815734665218
-0.9578675031661987 | [-0.32] | -0.010433100420296106
-0.9281257390975952 | [-0.29] | -0.008214198108445703
-0.8964716792106628 | [-0.25] | -0.006177917771209724
-0.8629416823387146 | [-0.21] | -0.0043679998582619095
-0.8275974988937378 | [-0.17] | -0.0028263287916093175
-0.7905286550521851 | [-0.13] | -0.0015909210626392709
-0.7518543004989624 | [-0.08] | -0.0006938384761009507
-0.7117236256599426 | [-0.04] | -0.0001591844511210694
-0.6703155636787415 | [0.] | -1.4108969599678004e-06
-0.6278367042541504 | [0.05] | -0.00022411969738924927
-0.5845177173614502 | [0.09] | -0.0008195491075132296
-0.5406085848808289 | [0.13] | -0.0017688441073898987
-0.49637243151664734 | [0.17] | -0.0030431233848411
-0.45207858085632324 | [0.21] | -0.004605249732836692
-0.4079951345920563 | [0.25] | -0.006412116499996988
-0.3643816113471985 | [0.29] | -0.008417202089608139
-0.3214821517467499 | [0.33] | -0.010573123584312588
-0.27951961755752563 | [0.36] | -0.012833949087577423
-0.238691046833992 | [0.39] | -0.015157074309888744
-0.199164479970932 | [0.42] | -0.017504585841635233
-0.16107720136642456 | [0.45] | -0.019844076950217428
-0.1245354637503624 | [0.47] | -0.022148953977198918
-0.08961533010005951 | [0.49] | -0.024398349312924235
-0.056364476680755615 | [0.52] | -0.026576730215287555
-0.024804677814245224 | [0.54] | -0.028673324462084378
0.00506525207310915 | [0.55] | -0.030681448417947583
0.033266332000494 | [0.57] | -0.03259783107469976
0.05983626842498779 | [0.59] | -0.03442196275689798
0.08482643216848373 | [0.6] | -0.03615552052119549
0.10829905420541763 | [0.61] | -0.03780186952174511
0.13032470643520355 | [0.63] | -0.03936565267276767
0.150980144739151 | [0.64] | -0.0408524674340438
0.1703464239835739 | [0.65] | -0.04226861032099749
0.1885073184967041 | [0.66] | -0.04362088107363415
0.20554813742637634 | [0.67] | -0.04491645420888135
0.2215546816587448 | [0.68] | -0.04616277917948646
0.23661257326602936 | [0.69] | -0.04736753373239094
0.25080665946006775 | [0.7] | -0.04853858624697059
0.2642206847667694 | [0.7] | -0.04968399839973346
0.2769371271133423 | [0.71] | -0.050812045957775435
0.28903713822364807 | [0.72] | -0.05193125386032578
0.30060049891471863 | [0.73] | -0.053050436863844364
0.31170591711997986 | [0.74] | -0.05417878466115066
0.32243111729621887 | [0.74] | -0.05532592623333006
0.33285319805145264 | [0.75] | -0.0565020337671959
0.343049019575119 | [0.76] | -0.057717942141574156
0.35309556126594543 | [0.77] | -0.058985270866613086
0.36307039856910706 | [0.78] | -0.0603165818793776
0.3730522096157074 | [0.79] | -0.061725552905127545
0.38312140107154846 | [0.8] | -0.06322719321819313
0.3933606743812561 | [0.81] | -0.06483807861540522
0.40385565161705017 | [0.82] | -0.06657662059662937
0.4146956503391266 | [0.83] | -0.06846340393657376
0.4259744882583618 | [0.84] | -0.0705215670178503
0.43779122829437256 | [0.85] | 99.92722276417318
Total reward: 93.24284241381245
0.9, 5.0, 0.4
parameter ends

state | action | reward
[-0.42] | [0.03] | -6.802083927471253e-05
-0.41622352600097656 | [0.02] | -4.670004531175536e-05
-0.4177402853965759 | [0.02] | -2.7059889041256578e-05
-0.42001304030418396 | [0.01] | -1.1287962208770718e-05
-0.42303431034088135 | [0.] | -1.732871646987436e-06
-0.426792174577713 | [-0.] | -8.423340987967303e-07
-0.4312702715396881 | [-0.01] | -1.1096062800522319e-05
-0.4364478290081024 | [-0.02] | -3.493462106009249e-05
-0.44229963421821594 | [-0.03] | -7.46855889725951e-05
-0.4487961530685425 | [-0.04] | -0.0001324892912902696
-0.4559035897254944 | [-0.05] | -0.00021022572648157222
-0.4635840356349945 | [-0.06] | -0.00030944535485187715
-0.47179558873176575 | [-0.07] | -0.0004313052287761842
-0.48049262166023254 | [-0.08] | -0.0005765140777553634
-0.4896259307861328 | [-0.09] | -0.0007452859209113294
-0.4991430938243866 | [-0.1] | -0.0009373074817047829
-0.5089887380599976 | [-0.11] | -0.0011517173459756557
-0.5191048979759216 | [-0.12] | -0.0013871003949896977
-0.5294314026832581 | [-0.13] | -0.0016414968009755854
-0.53990638256073 | [-0.14] | -0.0019124286677571615
-0.5504665374755859 | [-0.15] | -0.0021969351123858985
-0.5610477328300476 | [-0.16] | -0.002491627346640733
-0.5715854167938232 | [-0.17] | -0.0027927521800650236
-0.5820150971412659 | [-0.18] | -0.0030962654406158923
-0.5922728776931763 | [-0.18] | -0.0033979165707640744
-0.6022956967353821 | [-0.19] | -0.003693327899867157
-0.6120220422744751 | [-0.2] | -0.003978094007989514
-0.6213921308517456 | [-0.21] | -0.004247862982320436
-0.6303484439849854 | [-0.21] | -0.00449843038154567
-0.6388358473777771 | [-0.22] | -0.004725813937864529
-0.6468021869659424 | [-0.22] | -0.004926343407834686
-0.6541983485221863 | [-0.23] | -0.0050967227068611995
-0.6609784960746765 | [-0.23] | -0.005234093242350325
-0.6671003699302673 | [-0.23] | -0.0053360919434361775
-0.6725254654884338 | [-0.23] | -0.00540089650221717
-0.6772189736366272 | [-0.23] | -0.005427252145905628
-0.6811501383781433 | [-0.23] | -0.005414506872809837
-0.684292197227478 | [-0.23] | -0.005362620606998254
-0.6866225600242615 | [-0.23] | -0.005272174505016974
-0.6881228089332581 | [-0.23] | -0.005144363748060036
-0.6887788772583008 | [-0.22] | -0.004980987760769514
-0.6885809302330017 | [-0.22] | -0.004784418455684713
-0.687523603439331 | [-0.21] | -0.004557573127077572
-0.685606062412262 | [-0.21] | -0.004303869576260426
-0.6828319430351257 | [-0.2] | -0.0040271667830169946
-0.6792094707489014 | [-0.19] | -0.0037317029658891113
-0.6747516393661499 | [-0.18] | -0.003422026063388605
-0.6694760918617249 | [-0.18] | -0.003102904646562571
-0.6634052395820618 | [-0.17] | -0.0027792408152949484
-0.6565663814544678 | [-0.16] | -0.0024559757917847307
-0.648991584777832 | [-0.15] | -0.0021379845985806958
-0.6407176852226257 | [-0.14] | -0.0018299733454335818
-0.6317862868309021 | [-0.12] | -0.0015363768803125484
-0.6222435832023621 | [-0.11] | -0.0012612567582528623
-0.6121402382850647 | [-0.1] | -0.001008207781274283
-0.6015312671661377 | [-0.09] | -0.000780274535590632
-0.5904755592346191 | [-0.08] | -0.0005798760672262607
-0.5790358781814575 | [-0.06] | -0.00040875452362458076
-0.567278265953064 | [-0.05] | -0.0002679329818406013
-0.5552716255187988 | [-0.04] | -0.00015769783165421876
-0.543087363243103 | [-0.03] | -7.760256186139104e-05
-0.5307987928390503 | [-0.02] | -2.649097243395413e-05
-0.518480658531189 | [-0.01] | -2.541993573590953e-06
-0.5062084794044495 | [0.01] | -3.3332245992986804e-06
-0.4940579831600189 | [0.02] | -2.5922014324693558e-05
-0.4821045994758606 | [0.03] | -6.694009285801307e-05
-0.47042280435562134 | [0.04] | -0.0001226990796038909
-0.459085613489151 | [0.04] | -0.00018930298376737274
-0.4481639862060547 | [0.05] | -0.0002627646730763289
-0.4377264082431793 | [0.06] | -0.00033912140958710176
-0.42783841490745544 | [0.06] | -0.0004145475867312773
-0.4185622036457062 | [0.07] | -0.00048546093124082236
-0.40995627641677856 | [0.07] | -0.0005486203852815036
-0.4020751714706421 | [0.08] | -0.0006012127124291851
-0.3949691355228424 | [0.08] | -0.000640928666762807
-0.388683944940567 | [0.08] | -0.0006660247909751863
-0.3832608163356781 | [0.08] | -0.0006753706284900807
-0.37873613834381104 | [0.08] | -0.000668484939879635
-0.3751414120197296 | [0.08] | -0.0006455548918491505
-0.3725031316280365 | [0.08] | -0.0006074419167634041
-0.37084275484085083 | [0.07] | -0.0005556718819132947
-0.3701765537261963 | [0.07] | -0.0004924125652791131
-0.3705155551433563 | [0.06] | -0.00042043508812926065
-0.37186548113822937 | [0.06] | -0.0003430608254803405
-0.3742266595363617 | [0.05] | -0.00026409419463497614
-0.3775939345359802 | [0.04] | -0.00018774123380410968
-0.3819565773010254 | [0.03] | -0.00011851444594361045
-0.38729819655418396 | [0.02] | -6.112509371378954e-05
-0.39359673857688904 | [0.01] | -2.0363872826692562e-05
-0.4008243680000305 | [0.] | -9.734013014085992e-07
-0.4089474380016327 | [-0.01] | -7.5135474782999765e-06
-0.417926549911499 | [-0.02] | -4.422371718844974e-05
-0.42771652340888977 | [-0.03] | -0.00011488574054139571
-0.4382666051387787 | [-0.05] | -0.00022269232892399885
-0.449520468711853 | [-0.06] | -0.0003701239638075014
-0.461416631937027 | [-0.07] | -0.0005588425282756916
-0.4738886058330536 | [-0.09] | -0.0007896018716403041
-0.4868653118610382 | [-0.1] | -0.0010621828392390618
-0.5002715587615967 | [-0.12] | -0.0013753557649389262
-0.5140284895896912 | [-0.13] | -0.001726869983977396
-0.5280543565750122 | [-0.15] | -0.002113479800802061
-0.5422648191452026 | [-0.16] | -0.0025309880874479227
-0.5565740466117859 | [-0.17] | -0.002974337168977476
-0.5708950161933899 | [-0.19] | -0.003437703705111282
-0.585140585899353 | [-0.2] | -0.003914635772405764
-0.5992239713668823 | [-0.21] | -0.004398189482245403
-0.6130596399307251 | [-0.22] | -0.004881091370260887
-0.6265637278556824 | [-0.23] | -0.005355888881754341
-0.6396549940109253 | [-0.24] | -0.005815125295499385
-0.6522549986839294 | [-0.25] | -0.006251479921914548
-0.6642889380455017 | [-0.26] | -0.006657930401011833
-0.6756857633590698 | [-0.27] | -0.007027875090875338
-0.6863787770271301 | [-0.27] | -0.007355265921634065
-0.6963056921958923 | [-0.28] | -0.007634704708872762
-0.7054089307785034 | [-0.28] | -0.00786153716137652
-0.7136358022689819 | [-0.28] | -0.008031928402190013
-0.7209384441375732 | [-0.29] | -0.008142914696424586
-0.7272740602493286 | [-0.29] | -0.00819245774762943
-0.7326047420501709 | [-0.29] | -0.008179465385008886
-0.7368975877761841 | [-0.28] | -0.00810381671384438
-0.7401246428489685 | [-0.28] | -0.007966366204971879
-0.7422629594802856 | [-0.28] | -0.007768942836362408
-0.7432944774627686 | [-0.27] | -0.007514327441637356
-0.7432062029838562 | [-0.27] | -0.00720623243912652
-0.7419901490211487 | [-0.26] | -0.006849255577786634
-0.739643394947052 | [-0.25] | -0.006448824624737334
-0.7361683249473572 | [-0.25] | -0.006011134025785115
-0.7315726280212402 | [-0.24] | -0.00554305269339353
-0.7258695363998413 | [-0.22] | -0.005052024881152775
-0.7190779447555542 | [-0.21] | -0.004545947359205663
-0.7112227082252502 | [-0.2] | -0.0040330353241557655
-0.7023346424102783 | [-0.19] | -0.0035216610012380155
-0.6924508810043335 | [-0.17] | -0.0030201909985161698
-0.681614875793457 | [-0.16] | -0.002536800092696672
-0.6698765754699707 | [-0.14] | -0.0020792857266804256
-0.6572923064231873 | [-0.13] | -0.0016548733176359885
-0.6439250111579895 | [-0.11] | -0.001270037922235119
-0.6298437714576721 | [-0.1] | -0.0009303217185442855
-0.6151238083839417 | [-0.08] | -0.0006401848395988851
-0.5998460054397583 | [-0.06] | -0.00040287443145103907
-0.5840965509414673 | [-0.05] | -0.00022033186232962106
-0.5679662227630615 | [-0.03] | -9.313509738040365e-05
-0.5515499114990234 | [-0.01] | -2.0487265643195282e-05
-0.5349456667900085 | [0.] | -2.4650243927793956e-07
-0.5182539820671082 | [0.02] | -2.9001258720815024e-05
-0.501576840877533 | [0.03] | -0.00010218560971175981
-0.485016793012619 | [0.05] | -0.00021423059560152417
-0.46867606043815613 | [0.06] | -0.0003587441576798111
-0.45265552401542664 | [0.07] | -0.0005287130141946893
-0.43705400824546814 | [0.08] | -0.0007167151693223553
-0.4219672977924347 | [0.1] | -0.0009151394973894891
-0.4074876010417938 | [0.11] | -0.001116397586443729
-0.3937027156352997 | [0.11] | -0.0013131306550555376
-0.3806957006454468 | [0.12] | -0.0014983942821244834
-0.3685443103313446 | [0.13] | -0.0016658295922607341
-0.35732075572013855 | [0.13] | -0.0018098081850223492
-0.347091406583786 | [0.14] | -0.001925557825736218
-0.33791670203208923 | [0.14] | -0.0020092616198924425
-0.32985109090805054 | [0.14] | -0.0020581366619842503
-0.32294294238090515 | [0.14] | -0.0020704931507308437
-0.3172346353530884 | [0.14] | -0.0020457705478977486
-0.3127624988555908 | [0.14] | -0.0019845591586917354
-0.3095569908618927 | [0.14] | -0.0018885980091754456
-0.3076425790786743 | [0.13] | -0.0017607619077216797
-0.3070378601551056 | [0.13] | -0.0016050242268282164
-0.3077554404735565 | [0.12] | -0.001426405691828722
-0.3098019063472748 | [0.11] | -0.0012308997421689918
-0.3131777346134186 | [0.1] | -0.0010253768187157787
-0.3178770840167999 | [0.09] | -0.0008174668378666095
-0.3238876163959503 | [0.08] | -0.0006154155772286516
-0.3311903178691864 | [0.07] | -0.0004279157777358639
-0.33975914120674133 | [0.05] | -0.0002639152678402676
-0.34956085681915283 | [0.04] | -0.00013239893731239178
-0.3605547845363617 | [0.02] | -4.215265275413948e-05
-0.3726925551891327 | [0.] | -1.5115391016445359e-06
-0.3859180212020874 | [-0.01] | -1.8099823523335344e-05
-0.40016716718673706 | [-0.03] | -9.857189735652667e-05
-0.41536813974380493 | [-0.05] | -0.0002483640584176176
-0.43144139647483826 | [-0.07] | -0.0004714683070552999
-0.4483000636100769 | [-0.09] | -0.0007702409868313186
-0.4658503234386444 | [-0.11] | -0.0011452548592746903
-0.4839920699596405 | [-0.13] | -0.001595207657533903
-0.5026196241378784 | [-0.15] | -0.002116889652134197
-0.5216226577758789 | [-0.16] | -0.002705218845408489
-0.5408872365951538 | [-0.18] | -0.0033533405371672757
-0.560296893119812 | [-0.2] | -0.004052787257991221
-0.5797337889671326 | [-0.22] | -0.004793692572617907
-0.5990800857543945 | [-0.24] | -0.005565053408733457
-0.6182189583778381 | [-0.25] | -0.006355012445447134
-0.6370358467102051 | [-0.27] | -0.007151163364604015
-0.6554194092750549 | [-0.28] | -0.007940851750455198
-0.6732625365257263 | [-0.3] | -0.008711471034039998
-0.6904632449150085 | [-0.31] | -0.009450740939757514
-0.7069252133369446 | [-0.32] | -0.010146943503886278
-0.7225583791732788 | [-0.33] | -0.010789137248676646
-0.7372790575027466 | [-0.34] | -0.011367318927513128
-0.7510104179382324 | [-0.34] | -0.011872576780874389
-0.7636823058128357 | [-0.35] | -0.012297182239989261
-0.7752312421798706 | [-0.36] | -0.012634670281480418
-0.7856003046035767 | [-0.36] | -0.012879894090124803
-0.7947388887405396 | [-0.36] | -0.013029058343021269
-0.8026022911071777 | [-0.36] | -0.013079730589259726
-0.8091515898704529 | [-0.36] | -0.013030862317703971
-0.8143532276153564 | [-0.36] | -0.012882785541104714
-0.8181787729263306 | [-0.36] | -0.012637213070881621
-0.8206047415733337 | [-0.35] | -0.012297236698938565
-0.8216124773025513 | [-0.34] | -0.011867320783366133
-0.8211879134178162 | [-0.34] | -0.011353276419250234
-0.8193217515945435 | [-0.33] | -0.010762247919638243
-0.8160094618797302 | [-0.32] | -0.010102668185065906
-0.8112514615058899 | [-0.31] | -0.009384201684368945
-0.8050535917282104 | [-0.29] | -0.008617675119730994
-0.7974271774291992 | [-0.28] | -0.00781495012939376
-0.7883896827697754 | [-0.26] | -0.006988792329548458
-0.7779651880264282 | [-0.25] | -0.006152687583365407
-0.7661848068237305 | [-0.23] | -0.005320613915983992
-0.7530874609947205 | [-0.21] | -0.004506787930527003
-0.738720178604126 | [-0.19] | -0.003725351000539653
-0.723138689994812 | [-0.17] | -0.002990039705081882
-0.7064077854156494 | [-0.15] | -0.002313824178184204
-0.6886017322540283 | [-0.13] | -0.0017085410524457102
-0.6698040962219238 | [-0.11] | -0.001184519584296605
-0.6501080393791199 | [-0.09] | -0.0007502481719602154
-0.6296156644821167 | [-0.06] | -0.00041206559122431135
-0.6084378361701965 | [-0.04] | -0.00017392895024082416
-0.5866931080818176 | [-0.02] | -3.7249353728001746e-05
-0.5645069479942322 | [0.] | -8.263557287740548e-07
-0.5420104265213013 | [0.02] | -6.0877071510880015e-05
-0.519338846206665 | [0.05] | -0.0002111663278133821
-0.49663031101226807 | [0.07] | -0.00044322870808624404
-0.4740239381790161 | [0.09] | -0.0007466733711724827
-0.4516583979129791 | [0.11] | -0.0011095486508696966
-0.4296702444553375 | [0.12] | -0.0015187504536590072
-0.40819239616394043 | [0.14] | -0.0019604493601357398
-0.3873528838157654 | [0.16] | -0.0024205114324380287
-0.36727362871170044 | [0.17] | -0.0028849009969713554
-0.34806954860687256 | [0.18] | -0.0033400432958937292
-0.3298477828502655 | [0.19] | -0.0037731429371720554
-0.3127073347568512 | [0.2] | -0.004172445515677062
-0.29673874378204346 | [0.21] | -0.004527450969306296
-0.282024085521698 | [0.22] | -0.004829074539585814
-0.26863712072372437 | [0.23] | -0.005069763150256235
-0.2566435635089874 | [0.23] | -0.0052435771406406494
-0.24610142409801483 | [0.23] | -0.005346242880948886
-0.23706147074699402 | [0.23] | -0.005375182851462238
-0.2295677363872528 | [0.23] | -0.005329529257804723
-0.22365789115428925 | [0.23] | -0.005210132215458848
-0.21936370432376862 | [0.22] | -0.005019554733741803
-0.21671134233474731 | [0.22] | -0.004762065226868721
-0.21572166681289673 | [0.21] | -0.004443617754353265
-0.21641027927398682 | [0.2] | -0.004071827177113398
-0.21878758072853088 | [0.19] | -0.0036559223186091797
-0.22285862267017365 | [0.18] | -0.003206679772551848
-0.22862280905246735 | [0.17] | -0.0027363281031674816
-0.2360735535621643 | [0.15] | -0.0022584109915812322
-0.24519766867160797 | [0.13] | -0.001787608968732911
-0.25597482919692993 | [0.12] | -0.001339502948048954
-0.26837676763534546 | [0.1] | -0.0009302844434633879
-0.2823665738105774 | [0.08] | -0.0005764012605844701
-0.2978978753089905 | [0.05] | -0.0002941472054722198
-0.31491416692733765 | [0.03] | -9.919807865710082e-05
-0.3333480954170227 | [0.01] | -6.110573596898112e-06
-0.35312098264694214 | [-0.02] | -2.779977541719919e-05
-0.37414243817329407 | [-0.04] | -0.00017502067164356652
-0.39631038904190063 | [-0.07] | -0.00045588282122403047
-0.41951125860214233 | [-0.09] | -0.000875430156266456
-0.443620502948761 | [-0.12] | -0.0014353151078827428
-0.46850353479385376 | [-0.15] | -0.002133597643250189
-0.49401700496673584 | [-0.17] | -0.0029646886040944186
-0.5200103521347046 | [-0.2] | -0.003919447690336281
-0.546327531337738 | [-0.22] | -0.004985431354581099
-0.5728093385696411 | [-0.25] | -0.006147293302250648
-0.5992953181266785 | [-0.27] | -0.007387283314389369
-0.6256260871887207 | [-0.29] | -0.00868583723000884
-0.6516456604003906 | [-0.32] | -0.010022218510910874
-0.6772031784057617 | [-0.34] | -0.011375135684255836
-0.7021549344062805 | [-0.36] | -0.01272335344696392
-0.7263656854629517 | [-0.37] | -0.014046215242837
-0.7497099041938782 | [-0.39] | -0.015324097387396533
-0.7720725536346436 | [-0.41] | -0.01653875529743592
-0.79334956407547 | [-0.42] | -0.017673579571500956
-0.8134477138519287 | [-0.43] | -0.018713735819878157
-0.832284688949585 | [-0.44] | -0.019646261098601993
-0.8497883677482605 | [-0.45] | -0.02046005601300463
-0.8658962845802307 | [-0.46] | -0.021145859896276098
-0.880554735660553 | [-0.47] | -0.021696175946143637
-0.8937178254127502 | [-0.47] | -0.022105188075870568
-0.9053465127944946 | [-0.47] | -0.022368677156873122
-0.9154075980186462 | [-0.47] | -0.02248394378366879
-0.9238728284835815 | [-0.47] | -0.022449752071092812
-0.930717945098877 | [-0.47] | -0.022266288029668013
-0.9359219670295715 | [-0.47] | -0.021935150975486595
-0.9394664764404297 | [-0.46] | -0.021459362497651294
-0.9413353204727173 | [-0.46] | -0.020843421756341435
-0.9415140151977539 | [-0.45] | -0.020093342972193264
-0.9399896860122681 | [-0.44] | -0.019216739945546155
-0.9367510676383972 | [-0.43] | -0.018222908721719784
-0.9317888021469116 | [-0.41] | -0.017122918237123357
-0.9250955581665039 | [-0.4] | -0.015929661375101566
-0.9166668653488159 | [-0.38] | -0.014657922478846012
-0.9065017104148865 | [-0.37] | -0.013324373750665312
-0.8946034908294678 | [-0.35] | -0.011947531608173512
-0.8809811472892761 | [-0.32] | -0.010547643720218509
-0.8656504154205322 | [-0.3] | -0.009146488562414632
-0.8486350178718567 | [-0.28] | -0.007767067127391979
-0.829968273639679 | [-0.25] | -0.0064332076703940465
-0.8096943497657776 | [-0.23] | -0.005169037530269958
-0.7878696322441101 | [-0.2] | -0.003998361934076443
-0.764564037322998 | [-0.17] | -0.00294395506141815
-0.7398619055747986 | [-0.14] | -0.0020267798641538303
-0.7138627767562866 | [-0.11] | -0.001265192178767034
-0.6866816282272339 | [-0.08] | -0.0006741658254842301
-0.6584486961364746 | [-0.05] | -0.0002645994512785497
-0.6293089389801025 | [-0.02] | -4.27628683762019e-05
-0.5994206070899963 | [0.01] | -9.926603455773444e-06
-0.5689535140991211 | [0.04] | -0.00016222535755361508
-0.5380868911743164 | [0.07] | -0.0004907676421181204
-0.5070065855979919 | [0.1] | -0.0009819943643919304
-0.4759020209312439 | [0.13] | -0.0016182639664784838
-0.44496315717697144 | [0.15] | -0.00237861319943175
-0.41437724232673645 | [0.18] | -0.0032396400199987195
-0.38432592153549194 | [0.2] | -0.0041764317542227055
-0.35498249530792236 | [0.23] | -0.005163479688698485
-0.32650959491729736 | [0.25] | -0.006175517958496037
-0.2990574538707733 | [0.27] | -0.007188240417420246
-0.2727627158164978 | [0.29] | -0.00817887048955585
-0.24774767458438873 | [0.3] | -0.009126579345489444
-0.22412016987800598 | [0.32] | -0.010012752302888377
-0.20197391510009766 | [0.33] | -0.010821123387183577
-0.18138916790485382 | [0.34] | -0.011537806999128238
-0.16243380308151245 | [0.35] | -0.012151245972272172
-0.14516456425189972 | [0.36] | -0.012652112861267335
-0.12962843477725983 | [0.36] | -0.013033187743630145
-0.1158641129732132 | [0.36] | -0.013289226717203917
-0.10390346497297287 | [0.37] | -0.013416846336121264
-0.09377290308475494 | [0.37] | -0.013414432728669365
-0.08549468219280243 | [0.36] | -0.013282080369814193
-0.0790880098938942 | [0.36] | -0.01302157076789669
-0.07457002252340317 | [0.36] | -0.012636384153285093
-0.07195652276277542 | [0.35] | -0.01213175113841295
-0.07126253843307495 | [0.34] | -0.011514731822710011
-0.07250264286994934 | [0.33] | -0.010794320865353788
-0.07569102197885513 | [0.32] | -0.009981568382062479
-0.0808413177728653 | [0.3] | -0.00908970279086639
-0.08796621114015579 | [0.29] | -0.008134242468852344
-0.09707675129175186 | [0.27] | -0.007133078470535227
-0.10818140208721161 | [0.25] | -0.006106508095016233
-0.12128487229347229 | [0.23] | -0.005077192940222144
-0.1363866776227951 | [0.2] | -0.0040700215803374925
-0.15347951650619507 | [0.18] | -0.003111846600397506
-0.17254738509655 | [0.15] | -0.0022310799766980197
-0.19356366991996765 | [0.12] | -0.0014571206921557224
-0.21648910641670227 | [0.09] | -0.0008196160658257615
-0.24126975238323212 | [0.06] | -0.000347557219518652
-0.26783519983291626 | [0.03] | -6.823134046883764e-05
-0.29609692096710205 | [-0.01] | -6.077532661346478e-06
-0.32594719529151917 | [-0.04] | -0.00018150846377251495
-0.3572584092617035 | [-0.08] | -0.0006097829595759507
-0.3898831605911255 | [-0.11] | -0.0013000245662368143
-0.42365512251853943 | [-0.15] | -0.002254485948443913
-0.4583907127380371 | [-0.19] | -0.0034681461145704903
-0.4938915967941284 | [-0.22] | -0.004928703646008072
-0.5299479961395264 | [-0.26] | -0.00661699446476837
-0.5663426518440247 | [-0.29] | -0.008507813947347549
-0.6028550863265991 | [-0.33] | -0.010571072760013988
-0.6392664313316345 | [-0.36] | -0.01277321744660348
-0.6753636598587036 | [-0.39] | -0.015078725264378616
-0.7109439969062805 | [-0.42] | -0.01745162429287278
-0.7458187341690063 | [-0.45] | -0.019856866005451716
-0.7798159718513489 | [-0.47] | -0.022261455585975212
-0.8127830028533936 | [-0.5] | -0.02463532727109258
-0.8445876836776733 | [-0.52] | -0.02695190920910431
-0.8751188516616821 | [-0.54] | -0.029188395031191156
-0.9042862057685852 | [-0.56] | -0.03132578239574142
-0.9320193529129028 | [-0.58] | -0.033348694298569084
-0.9582664966583252 | [-0.59] | -0.03524507879131924
-0.9829925894737244 | [-0.61] | -0.037005802037525674
-1.0061774253845215 | [-0.62] | -0.038624222595180814
-1.02781343460083 | [-0.63] | -0.04009573866302438
-1.0479034185409546 | [-0.64] | -0.04141735460905707
-1.066458821296692 | [-0.65] | -0.04258734157324473
-1.0834972858428955 | [-0.66] | -0.04360484988091859
-1.0990409851074219 | [-0.67] | -0.04446963998360984
-1.1131151914596558 | [-0.67] | -0.04518188140177812
-1.1257463693618774 | [-0.68] | -0.04574191277801895
-1.1369611024856567 | [-0.68] | -0.04615012714578165
-1.146785020828247 | [-0.68] | -0.04640687534493667
-1.1552414894104004 | [-0.68] | -0.04651235427241259
-1.162351131439209 | [-0.68] | -0.046466614255351396
-1.1681309938430786 | [-0.68] | -0.04626953149535612
-1.1725939512252808 | [-0.68] | -0.045920825657653416
-1.1757481098175049 | [-0.67] | -0.04542008977774321
-1.1775968074798584 | [-0.67] | -0.04476690836280982
-1.178138017654419 | [-0.66] | -0.04396091882870816
-1.1773642301559448 | [-0.66] | -0.04300194947285224
-1.175262212753296 | [-0.65] | -0.04189016321108789
-1.1718133687973022 | [-0.64] | -0.040626292922285374
-1.166993260383606 | [-0.63] | -0.039211801873408406
-1.1607720851898193 | [-0.61] | -0.03764917817940308
-1.1531150341033936 | [-0.6] | -0.035942233825050074
-1.1439824104309082 | [-0.58] | -0.03409639678526532
-1.1333303451538086 | [-0.57] | -0.03211907934856572
-1.1211113929748535 | [-0.55] | -0.030020036268536138
-1.1072754859924316 | [-0.53] | -0.027811749087346033
-1.091771125793457 | [-0.51] | -0.025509800070610884
-1.0745466947555542 | [-0.48] | -0.023133206072866962
-1.0555521249771118 | [-0.46] | -0.020704695777178775
-1.034740924835205 | [-0.43] | -0.01825089434813947
-1.012072205543518 | [-0.4] | -0.015802343204535912
-0.9875136613845825 | [-0.37] | -0.013393379759132679
-0.9610440731048584 | [-0.33] | -0.011061720557651637
-0.9326564073562622 | [-0.3] | -0.008847791955646295
-0.9023610353469849 | [-0.26] | -0.006793748042962889
-0.8701889514923096 | [-0.22] | -0.00494216161424681
-0.836194634437561 | [-0.18] | -0.0033344062715310826
-0.8004586100578308 | [-0.14] | -0.0020088111200053374
-0.7630893588066101 | [-0.1] | -0.0009986837667996472
-0.7242244482040405 | [-0.06] | -0.00033036423127302843
-0.6840302348136902 | [-0.01] | -2.1480475204534906e-05
-0.642700731754303 | [0.03] | -7.961994123485309e-05
-0.6004545092582703 | [0.07] | -0.0005015773907016635
-0.5575307011604309 | [0.11] | -0.001273316687081625
-0.5141835808753967 | [0.15] | -0.002370685455434903
-0.47067612409591675 | [0.19] | -0.003760836869129496
-0.4272730350494385 | [0.23] | -0.0054042185102477465
-0.38423365354537964 | [0.27] | -0.00725691205674537
-0.34180524945259094 | [0.3] | -0.009273077219257367
-0.300216943025589 | [0.34] | -0.011407258970469703
-0.2596747577190399 | [0.37] | -0.013616368971746277
-0.22035805881023407 | [0.4] | -0.01586119868998035
-0.18241730332374573 | [0.43] | -0.018107423692268098
-0.14597316086292267 | [0.45] | -0.0203261128166437
-0.11111683398485184 | [0.47] | -0.022493818308947405
-0.07791147381067276 | [0.5] | -0.024592324986674588
-0.04639426991343498 | [0.52] | -0.026608180271550104
-0.016579143702983856 | [0.53] | -0.028532092487639195
0.01154030580073595 | [0.55] | -0.03035828371987323
0.03798772767186165 | [0.57] | -0.03208384915486719
0.06280100345611572 | [0.58] | -0.03370816136856054
0.08602940291166306 | [0.59] | -0.03523235165859607
0.10773095488548279 | [0.61] | -0.036658861611320114
0.1279701441526413 | [0.62] | -0.03799108149777558
0.14681586623191833 | [0.63] | -0.039233046997555567
0.16433973610401154 | [0.64] | -0.04038921322844042
0.1806146204471588 | [0.64] | -0.041464271644276865
0.19571349024772644 | [0.65] | -0.04246301518068159
0.20970849692821503 | [0.66] | -0.043390241403730434
0.22267021238803864 | [0.67] | -0.04425067464443253
0.234667107462883 | [0.67] | -0.04504891762798405
0.24576513469219208 | [0.68] | -0.045789417848752845
0.2560274600982666 | [0.68] | -0.046476445150039514
0.2655142843723297 | [0.69] | -0.0471140791276297
0.2742827534675598 | [0.69] | -0.04770620442333851
0.2823869287967682 | [0.69] | -0.048256511125315066
0.2898778021335602 | [0.7] | -0.04876849728967535
0.29680344462394714 | [0.7] | -0.04924548590057748
0.30320897698402405 | [0.7] | -0.04969061856182349
0.3091367781162262 | [0.71] | -0.05010687742470338
0.3146266043186188 | [0.71] | -0.05049709422170136
0.3197157382965088 | [0.71] | -0.05086396368766654
0.3244391083717346 | [0.72] | -0.05121005198067287
0.32882949709892273 | [0.72] | -0.05153781564985749
0.3329176604747772 | [0.72] | -0.051849610896872594
0.33673256635665894 | [0.72] | -0.05214771740108909
0.34030142426490784 | [0.72] | -0.05243433640864198
0.3436499536037445 | [0.73] | -0.05271161879370795
0.3468025326728821 | [0.73] | -0.05298167954226495
0.349782258272171 | [0.73] | -0.053246601003262665
0.3526112139225006 | [0.73] | -0.0535084636979002
0.35531049966812134 | [0.73] | -0.05376934797406087
0.357900470495224 | [0.74] | -0.054031362023500076
0.36040085554122925 | [0.74] | -0.05429665749864673
0.36283084750175476 | [0.74] | -0.05456744061427641
0.36520934104919434 | [0.74] | -0.05484600509112669
0.36755499243736267 | [0.74] | -0.05513474286007769
0.3698863685131073 | [0.74] | -0.055436167432389154
0.3722221851348877 | [0.75] | -0.05575295163812666
0.37458130717277527 | [0.75] | -0.0560879350733435
0.37698304653167725 | [0.75] | -0.05644417365341012
0.37944722175598145 | [0.75] | -0.05682495957531587
0.381994366645813 | [0.76] | -0.05723386469457901
0.384645938873291 | [0.76] | -0.05767478635920884
0.38742443919181824 | [0.76] | -0.05815198632693236
0.3903536796569824 | [0.77] | -0.058670152794605857
0.39345890283584595 | [0.77] | -0.059234449196944705
0.39676716923713684 | [0.77] | -0.05985060440448645
0.40030741691589355 | [0.78] | -0.06052496684936021
0.4041108787059784 | [0.78] | -0.061264615306217886
0.408211350440979 | [0.79] | -0.062077461288594496
0.4126454293727875 | [0.79] | -0.06297235876884098
0.41745296120643616 | [0.8] | -0.06395925799420889
0.4226773977279663 | [0.81] | -0.06504936549101302
0.4283662438392639 | [0.81] | -0.06625533830187416
0.4345714747905731 | [0.82] | -0.06759149990538349
0.44135013222694397 | [0.83] | -0.06907411209108054
0.448764830827713 | [0.84] | 99.92927832685571
Total reward: 93.34288830133976
0.9, 5.0, 0.4
parameter ends

state | action | reward
[-0.57] | [-0.11] | -0.001297576002948122
-0.5708288550376892 | [-0.11] | -0.0012730221127580585
-0.5704615116119385 | [-0.11] | -0.001244980114699248
-0.5699112415313721 | [-0.11] | -0.0012137143493778744
-0.5691800117492676 | [-0.11] | -0.0011795204107969796
-0.5682708621025085 | [-0.11] | -0.001142719559734304
-0.567188024520874 | [-0.11] | -0.0011036563504592239
-0.565936803817749 | [-0.1] | -0.0010626913514541563
-0.5645235180854797 | [-0.1] | -0.0010201950671204754
-0.5629555583000183 | [-0.1] | -0.0009765442291740971
-0.5612413287162781 | [-0.1] | -0.0009321158139992645
-0.5593902468681335 | [-0.09] | -0.0008872824309262479
-0.5574125051498413 | [-0.09] | -0.0008424039818468554
-0.5553192496299744 | [-0.09] | -0.0007978270661884474
-0.5531224608421326 | [-0.09] | -0.0007538796250330742
-0.5508347749710083 | [-0.08] | -0.0007108653252228602
-0.5484694838523865 | [-0.08] | -0.000669061829874744
-0.5460405349731445 | [-0.08] | -0.0006287194522964938
-0.5435623526573181 | [-0.08] | -0.0005900578884448839
-0.5410497784614563 | [-0.07] | -0.0005532657601669724
-0.538517951965332 | [-0.07] | -0.000518499981103555
-0.5359822511672974 | [-0.07] | -0.0004858868082802236
-0.5334582924842834 | [-0.07] | -0.0004555242565182781
-0.5309616327285767 | [-0.07] | -0.00042748136284190795
-0.5285078287124634 | [-0.06] | -0.0004018027936690533
-0.5261122584342957 | [-0.06] | -0.0003785107841256194
-0.5237901210784912 | [-0.06] | -0.0003576096899049411
-0.5215562582015991 | [-0.06] | -0.0003390887480308165
-0.5194250345230103 | [-0.06] | -0.00032292573195787035
-0.517410397529602 | [-0.06] | -0.00030909253699367496
-0.5155255198478699 | [-0.05] | -0.0002975563205733427
-0.5137830376625061 | [-0.05] | -0.0002882865483348205
-0.5121946930885315 | [-0.05] | -0.0002812556540490433
-0.5107713937759399 | [-0.05] | -0.00027644348806109905
-0.5095231533050537 | [-0.05] | -0.00027383995365800365
-0.5084589719772339 | [-0.05] | -0.00027344645785907785
-0.5075867176055908 | [-0.05] | -0.00027527669535378613
-0.5069132447242737 | [-0.05] | -0.0002793589121635066
-0.5064440965652466 | [-0.05] | -0.00028573338916525605
-0.5061837434768677 | [-0.05] | -0.000294454255436502
-0.5061353445053101 | [-0.06] | -0.00030558589657032605
-0.5063008069992065 | [-0.06] | -0.00031920147698504166
-0.5066806674003601 | [-0.06] | -0.00033537892962814714
-0.5072742104530334 | [-0.06] | -0.00035419869706324237
-0.5080794095993042 | [-0.06] | -0.00037573908412707525
-0.5090929269790649 | [-0.06] | -0.00040007172016588304
-0.5103100538253784 | [-0.07] | -0.0004272559547258929
-0.5117248892784119 | [-0.07] | -0.0004573357306581339
-0.5133302211761475 | [-0.07] | -0.0004903329353256368
-0.5151175856590271 | [-0.07] | -0.0005262427805850844
-0.5170773267745972 | [-0.08] | -0.0005650294277828599
-0.5191987752914429 | [-0.08] | -0.0006066235987978271
-0.5214700102806091 | [-0.08] | -0.0006509148983977594
-0.523878276348114 | [-0.08] | -0.0006977538079189947
-0.5264097452163696 | [-0.09] | -0.0007469451225321365
-0.5290497541427612 | [-0.09] | -0.0007982489764491922
-0.531782865524292 | [-0.09] | -0.0008513801606887495
-0.5345930457115173 | [-0.1] | -0.000906010434142597
-0.5374635457992554 | [-0.1] | -0.0009617666933598517
-0.5403771996498108 | [-0.1] | -0.0010182371446213606
-0.5433164238929749 | [-0.1] | -0.0010749733451144905
-0.5462633967399597 | [-0.11] | -0.0011314964837271862
-0.5492000579833984 | [-0.11] | -0.0011873009161396534
-0.5521083474159241 | [-0.11] | -0.0012418632688303548
-0.5549702048301697 | [-0.11] | -0.0012946474644927053
-0.5577678084373474 | [-0.12] | -0.0013451150636627075
-0.5604835748672485 | [-0.12] | -0.0013927312039656269
-0.563100278377533 | [-0.12] | -0.001436973088229408
-0.5656012296676636 | [-0.12] | -0.001477340109419592
-0.567970335483551 | [-0.12] | -0.001513361101587396
-0.5701921582221985 | [-0.12] | -0.0015446015577158267
-0.572252094745636 | [-0.13] | -0.0015706729068146843
-0.5741363763809204 | [-0.13] | -0.0015912375319073171
-0.5758323073387146 | [-0.13] | -0.0016060182573093646
-0.5773282051086426 | [-0.13] | -0.0016148004378116637
-0.5786134600639343 | [-0.13] | -0.0016174357836094067
-0.5796787738800049 | [-0.13] | -0.0016138493996484607
-0.58051598072052 | [-0.13] | -0.001604036074662838
-0.5811184048652649 | [-0.13] | -0.0015880679507250728
-0.5814805626869202 | [-0.13] | -0.001566085854677634
-0.5815985202789307 | [-0.12] | -0.0015383047373677837
-0.581469714641571 | [-0.12] | -0.0015050055954186703
-0.5810930728912354 | [-0.12] | -0.0014665332850976338
-0.580469012260437 | [-0.12] | -0.001423290636389317
-0.5795994400978088 | [-0.12] | -0.0013757317191460672
-0.578487753868103 | [-0.12] | -0.0013243544431836252
-0.5771389007568359 | [-0.11] | -0.001269693772883246
-0.5755592584609985 | [-0.11] | -0.0012123107450030073
-0.5737566351890564 | [-0.11] | -0.0011527838855001423
-0.5717402696609497 | [-0.1] | -0.001091700515283387
-0.5695208311080933 | [-0.1] | -0.0010296480537771379
-0.5671103000640869 | [-0.1] | -0.0009672033980913097
-0.564521849155426 | [-0.1] | -0.0009049229834211469
-0.561769962310791 | [-0.09] | -0.0008433379612660455
-0.5588701367378235 | [-0.09] | -0.0007829426883236885
-0.5558390021324158 | [-0.09] | -0.0007241916166106356
-0.5526940822601318 | [-0.08] | -0.000667491323445211
-0.5494537949562073 | [-0.08] | -0.0006131977663505027
-0.5461372137069702 | [-0.07] | -0.0005616113428613153
-0.5427641868591309 | [-0.07] | -0.0005129784848957197
-0.5393549203872681 | [-0.07] | -0.00046748724546728906
-0.5359300971031189 | [-0.07] | -0.0004252717158616014
-0.5325105786323547 | [-0.06] | -0.00038641231463674096
-0.5291175246238708 | [-0.06] | -0.0003509423298328181
-0.5257719159126282 | [-0.06] | -0.0003188487877238159
-0.5224947333335876 | [-0.05] | -0.0002900817859094046
-0.5193066000938416 | [-0.05] | -0.0002645586681157317
-0.5162277817726135 | [-0.05] | -0.00024217271498858507
-0.513278067111969 | [-0.05] | -0.00022280077271623726
-0.5104765892028809 | [-0.05] | -0.00020631057874237547
-0.5078415870666504 | [-0.04] | -0.00019256771050406326
-0.5053905844688416 | [-0.04] | -0.0001814455781773214
-0.5031399726867676 | [-0.04] | -0.0001728299353024678
-0.5011050701141357 | [-0.04] | -0.00016662664271675876
-0.49929994344711304 | [-0.04] | -0.00016276654585748503
-0.49773740768432617 | [-0.04] | -0.0001612105678401914
-0.49642887711524963 | [-0.04] | -0.00016195247787153833
-0.49538424611091614 | [-0.04] | -0.000165020538257118
-0.494611918926239 | [-0.04] | -0.0001704787963205367
-0.49411866068840027 | [-0.04] | -0.00017842557289431067
-0.4939095675945282 | [-0.04] | -0.00018899134380409393
-0.4939880669116974 | [-0.04] | -0.00020233539124880933
-0.49435582756996155 | [-0.05] | -0.0002186403666890363
-0.4950127601623535 | [-0.05] | -0.00023810624672293475
-0.49595701694488525 | [-0.05] | -0.00026094316101795523
-0.49718496203422546 | [-0.05] | -0.00028736294222127734
-0.49869123101234436 | [-0.06] | -0.0003175707378411883
-0.5004686713218689 | [-0.06] | -0.0003517548702420523
-0.5025084018707275 | [-0.06] | -0.00039007747944062404
-0.5047999024391174 | [-0.07] | -0.0004326655311231754
-0.5073309540748596 | [-0.07] | -0.0004796002416267334
-0.5100878477096558 | [-0.07] | -0.0005309101291451949
-0.5130553245544434 | [-0.08] | -0.0005865615548800187
-0.5162167549133301 | [-0.08] | -0.0006464531888659287
-0.5195541381835938 | [-0.08] | -0.0007104092387669053
-0.5230483412742615 | [-0.09] | -0.0007781775913012479
-0.5266789793968201 | [-0.09] | -0.0008494239527225566
-0.5304247736930847 | [-0.1] | -0.0009237350959930588
-0.5342634916305542 | [-0.1] | -0.0010006173227595217
-0.5381723046302795 | [-0.1] | -0.0010795036441409946
-0.5421277284622192 | [-0.11] | -0.0011597557394012782
-0.5461057424545288 | [-0.11] | -0.001240670292170074
-0.5500822067260742 | [-0.11] | -0.0013214932271957919
-0.5540326833724976 | [-0.12] | -0.0014014235277047381
-0.5579327940940857 | [-0.12] | -0.001479629233668362
-0.561758279800415 | [-0.12] | -0.001555258358407356
-0.5654852986335754 | [-0.13] | -0.0016274559421126007
-0.5690903067588806 | [-0.13] | -0.0016953723109266801
-0.5725505352020264 | [-0.13] | -0.0017581852011282766
-0.5758438110351562 | [-0.13] | -0.0018151067790516048
-0.578948974609375 | [-0.14] | -0.0018654045463563419
-0.581845760345459 | [-0.14] | -0.0019084085752445103
-0.5845151543617249 | [-0.14] | -0.0019435299402008818
-0.5869393348693848 | [-0.14] | -0.0019702674111565037
-0.5891018509864807 | [-0.14] | -0.001988219095748526
-0.5909877419471741 | [-0.14] | -0.001997091004403311
-0.5925836563110352 | [-0.14] | -0.001996703932635893
-0.5938777923583984 | [-0.14] | -0.001986994053864049
-0.5948601961135864 | [-0.14] | -0.0019680207929950013
-0.5955226421356201 | [-0.14] | -0.0019399619848664167
-0.5958587527275085 | [-0.14] | -0.0019031132702407288
-0.5958640575408936 | [-0.14] | -0.001857884055113088
-0.5955360531806946 | [-0.13] | -0.0018047914965684598
-0.5948742032051086 | [-0.13] | -0.0017444512549735355
-0.5938799977302551 | [-0.13] | -0.0016775680765276765
-0.5925568342208862 | [-0.13] | -0.0016049206991912996
-0.5909101963043213 | [-0.12] | -0.0015273526562496038
-0.5889475345611572 | [-0.12] | -0.0014457549757339499
-0.5866782665252686 | [-0.12] | -0.0013610511342358553
-0.5841137170791626 | [-0.11] | -0.0012741802887954795
-0.5812671184539795 | [-0.11] | -0.0011860819132948732
-0.5781534910202026 | [-0.1] | -0.001097678170396667
-0.5747897028923035 | [-0.1] | -0.0010098606569395405
-0.5711942315101624 | [-0.1] | -0.0009234722859817352
-0.5673871636390686 | [-0.09] | -0.0008392953650481789
-0.5633900165557861 | [-0.09] | -0.0007580381135920897
-0.5592257380485535 | [-0.08] | -0.0006803262636483902
-0.5549185276031494 | [-0.08] | -0.0006066937484877507
-0.550493597984314 | [-0.07] | -0.0005375753072854072
-0.5459771156311035 | [-0.07] | -0.00047330447307472335
-0.5413961410522461 | [-0.06] | -0.00041411374769482524
-0.5367782711982727 | [-0.06] | -0.00036013370890950944
-0.5321515798568726 | [-0.06] | -0.0003113985992596174
-0.5275444984436035 | [-0.05] | -0.00026785340031569755
-0.5229854583740234 | [-0.05] | -0.00022936069528366665
-0.5185028314590454 | [-0.04] | -0.00019571279939688434
-0.5141248106956482 | [-0.04] | -0.00016664444252646155
-0.5098790526390076 | [-0.04] | -0.0001418450160276348
-0.5057926774024963 | [-0.03] | -0.00012097451914066763
-0.5018919110298157 | [-0.03] | -0.00010367738652566864
-0.4982021450996399 | [-0.03] | -8.959909499728466e-05
-0.4947475790977478 | [-0.03] | -7.839971590663879e-05
-0.49155113101005554 | [-0.03] | -6.976843193038512e-05
-0.48863428831100464 | [-0.03] | -6.343645557005737e-05
-0.4860169589519501 | [-0.02] | -5.9188383497958036e-05
-0.4837174117565155 | [-0.02] | -5.6872087544939844e-05
-0.4817520081996918 | [-0.02] | -5.6405543656902624e-05
-0.4801352620124817 | [-0.02] | -5.778273014478687e-05
-0.4788796305656433 | [-0.02] | -6.107582230539873e-05
-0.47799545526504517 | [-0.03] | -6.643536585622259e-05
-0.4774909019470215 | [-0.03] | -7.408776870280362e-05
-0.4773719012737274 | [-0.03] | -8.433011352931731e-05
-0.4776420295238495 | [-0.03] | -9.752202744907373e-05
-0.47830259799957275 | [-0.03] | -0.00011407618401052501
-0.47935250401496887 | [-0.04] | -0.0001344452684716426
-0.48078829050064087 | [-0.04] | -0.0001591080855017181
-0.48260408639907837 | [-0.04] | -0.0001885532369487007
-0.48479172587394714 | [-0.05] | -0.00022326278272961445
-0.48734062910079956 | [-0.05] | -0.0002636931742970507
-0.4902379512786865 | [-0.06] | -0.00031025777832651173
-0.49346861243247986 | [-0.06] | -0.0003633085578768399
-0.4970153570175171 | [-0.07] | -0.0004231184980636785
-0.5008588433265686 | [-0.07] | -0.0004898652649357667
-0.5049777030944824 | [-0.08] | -0.0005636160180765296
-0.5093488097190857 | [-0.08] | -0.0006443167819753521
-0.5139471292495728 | [-0.09] | -0.0007317787090906326
-0.5187461376190186 | [-0.09] | -0.0008256746303081154
-0.5237178802490234 | [-0.1] | -0.0009255339489736246
-0.5288330316543579 | [-0.1] | -0.0010307402934768438
-0.5340611934661865 | [-0.11] | -0.001140536215584217
-0.5393710732460022 | [-0.11] | -0.0012540298505298142
-0.5447307229042053 | [-0.12] | -0.0013702058939641572
-0.5501075387001038 | [-0.12] | -0.0014879347040231397
-0.555468738079071 | [-0.13] | -0.0016059943714238788
-0.5607813596725464 | [-0.13] | -0.0017230854109594692
-0.5660126209259033 | [-0.14] | -0.0018378553312258204
-0.5711299777030945 | [-0.14] | -0.00194891848691401
-0.5761014223098755 | [-0.14] | -0.0020548824718059195
-0.5808957815170288 | [-0.15] | -0.0021543761287030343
-0.585482656955719 | [-0.15] | -0.0022460681953972166
-0.5898329019546509 | [-0.15] | -0.0023286998323504325
-0.5939185619354248 | [-0.15] | -0.0024011024912064726
-0.5977131128311157 | [-0.16] | -0.0024622221369075183
-0.6011917591094971 | [-0.16] | -0.0025111438744982485
-0.6043314337730408 | [-0.16] | -0.002547106274015123
-0.6071109175682068 | [-0.16] | -0.0025695163392742554
-0.6095110177993774 | [-0.16] | -0.0025779636348489763
-0.6115147471427917 | [-0.16] | -0.002572231629890343
-0.6131072640419006 | [-0.16] | -0.0025522986961946355
-0.6142761707305908 | [-0.16] | -0.0025183464117842377
-0.6150113940238953 | [-0.16] | -0.0024707522592293985
-0.6153053641319275 | [-0.16] | -0.0024100876647748094
-0.6151530146598816 | [-0.15] | -0.002337107525624711
-0.6145519614219666 | [-0.15] | -0.0022527415115705003
-0.6135023236274719 | [-0.15] | -0.0021580722989048896
-0.6120069026947021 | [-0.14] | -0.0020543211106550515
-0.6100711226463318 | [-0.14] | -0.0019428240732772646
-0.6077031493186951 | [-0.14] | -0.0018250111507824792
-0.6049137115478516 | [-0.13] | -0.001702375696686093
-0.601716160774231 | [-0.13] | -0.0015764492814137774
-0.5981264114379883 | [-0.12] | -0.0014487726298255369
-0.5941628813743591 | [-0.11] | -0.001320866834258352
-0.5898464918136597 | [-0.11] | -0.001194206437248891
-0.5852004289627075 | [-0.1] | -0.0010701887490791717
-0.5802501440048218 | [-0.1] | -0.0009501104520563846
-0.5750232338905334 | [-0.09] | -0.0008351442524878839
-0.5695492029190063 | [-0.09] | -0.0007263167431450275
-0.5638594627380371 | [-0.08] | -0.0006244942081538682
-0.5579870939254761 | [-0.07] | -0.000530368363199265
-0.5519664883613586 | [-0.07] | -0.0004444458505356837
-0.5458333492279053 | [-0.06] | -0.0003670474617066572
-0.5396244525909424 | [-0.05] | -0.0002983086660598663
-0.5333773493766785 | [-0.05] | -0.00023818450172453237
-0.527130126953125 | [-0.04] | -0.00018646019619779616
-0.5209211707115173 | [-0.04] | -0.0001427661800063604
-0.5147889852523804 | [-0.03] | -0.00010659726287250065
-0.5087718367576599 | [-0.03] | -7.733405595461125e-05
-0.5029075741767883 | [-0.02] | -5.4268310332530435e-05
-0.4972333610057831 | [-0.02] | -3.6629770370464765e-05
-0.4917853772640228 | [-0.02] | -2.3614268510620193e-05
-0.4865986704826355 | [-0.01] | -1.4412822945224766e-05
-0.4817069172859192 | [-0.01] | -8.240027231298797e-06
-0.4771421551704407 | [-0.01] | -4.361369052891659e-06
-0.4729345738887787 | [-0.] | -2.119001472802994e-06
-0.46911242604255676 | [-0.] | -9.55090296185908e-07
-0.46570175886154175 | [-0.] | -4.318844755580496e-07
-0.4627262353897095 | [-0.] | -2.48389073757016e-07
-0.46020710468292236 | [-0.] | -2.530304062492476e-07
-0.45816293358802795 | [-0.] | -4.5188271886138974e-07
-0.4566095769405365 | [-0.] | -1.0123784058929662e-06
-0.45556002855300903 | [-0.] | -2.262218537295337e-06
-0.4550243616104126 | [-0.01] | -4.683518031959169e-06
-0.45500966906547546 | [-0.01] | -8.902238150595905e-06
-0.4555199146270752 | [-0.01] | -1.5672865283324967e-05
-0.4565559923648834 | [-0.02] | -2.5859023342707413e-05
-0.4581156075000763 | [-0.02] | -4.040979938579805e-05
-0.46019336581230164 | [-0.02] | -6.0333073552614655e-05
-0.4627806544303894 | [-0.03] | -8.666524970967144e-05
-0.46586570143699646 | [-0.03] | -0.00012043914260648028
-0.46943363547325134 | [-0.04] | -0.00016265047937729827
-0.47346651554107666 | [-0.05] | -0.00021422346329034553
-0.47794339060783386 | [-0.05] | -0.0002759766566287191
-0.4828404188156128 | [-0.06] | -0.00034859030440180126
-0.48813092708587646 | [-0.07] | -0.0004325750592699925
-0.4937856197357178 | [-0.07] | -0.0005282451704027668
-0.4997726380825043 | [-0.08] | -0.0006356936814217205
-0.5060577988624573 | [-0.09] | -0.0007547742352758619
-0.5126047730445862 | [-0.09] | -0.0008850874702641225
-0.5193752646446228 | [-0.1] | -0.0010259729784076628
-0.5263293981552124 | [-0.11] | -0.0011765111843426732
-0.5334257483482361 | [-0.12] | -0.0013355251231587453
-0.5406217575073242 | [-0.12] | -0.001501595575563431
-0.5478739738464355 | [-0.13] | -0.0016730793180241726
-0.5551382899284363 | [-0.14] | -0.0018481326790586669
-0.5623703598976135 | [-0.14] | -0.0020247449833961668
-0.5695257186889648 | [-0.15] | -0.0022007693184748892
-0.5765602588653564 | [-0.15] | -0.0023739658499360304
-0.5834303498268127 | [-0.16] | -0.0025420393482138166
-0.5900932550430298 | [-0.16] | -0.002702686139665967
-0.5965073704719543 | [-0.17] | -0.002853637808527013
-0.6026324033737183 | [-0.17] | -0.0029927026890426123
-0.6084297299385071 | [-0.18] | -0.003117812250715845
-0.6138625144958496 | [-0.18] | -0.0032270583818385795
-0.6188960075378418 | [-0.18] | -0.0033187337451872608
-0.623497724533081 | [-0.18] | -0.0033913655866822483
-0.6276376247406006 | [-0.19] | -0.0034437453292716354
-0.6312881708145142 | [-0.19] | -0.0034749501123525375
-0.6344246864318848 | [-0.19] | -0.0034843698211863856
-0.6370252370834351 | [-0.19] | -0.0034717125721942404
-0.6390708684921265 | [-0.19] | -0.003437017481473439
-0.6405457854270935 | [-0.18] | -0.003380659548613018
-0.641437292098999 | [-0.18] | -0.0033033408514239757
-0.6417359113693237 | [-0.18] | -0.0032060823812547104
-0.6414355039596558 | [-0.18] | -0.003090210078554286
-0.6405333280563354 | [-0.17] | -0.0029573332322340405
-0.6390299201011658 | [-0.17] | -0.002809312168583919
-0.6369293928146362 | [-0.16] | -0.0026482341453218914
-0.6342393159866333 | [-0.16] | -0.0024763712525957327
-0.6309705972671509 | [-0.15] | -0.0022961352488844434
-0.6271377801895142 | [-0.15] | -0.0021100410617305343
-0.622758686542511 | [-0.14] | -0.0019206492850136515
-0.6178547143936157 | [-0.13] | -0.001730525221126732
-0.6124505400657654 | [-0.12] | -0.0015421817302069126
-0.6065741181373596 | [-0.12] | -0.0013580310595772511
-0.6002565622329712 | [-0.11] | -0.0011803357769858862
-0.593532145023346 | [-0.1] | -0.0010111652748120415
-0.5864378809928894 | [-0.09] | -0.0008523489637620124
-0.5790135860443115 | [-0.08] | -0.0007054449276394303
-0.5713015794754028 | [-0.08] | -0.0005717083506991902
-0.5633464455604553 | [-0.07] | -0.00045206942387023474
-0.5551947355270386 | [-0.06] | -0.000347119319651389
-0.5468947887420654 | [-0.05] | -0.00025710662930690477
-0.5384963154792786 | [-0.04] | -0.00018194031261562366
-0.5300501585006714 | [-0.03] | -0.00012120395060719603
-0.5216078162193298 | [-0.03] | -7.417694241824852e-05
-0.513221263885498 | [-0.02] | -3.98660068684766e-05
-0.5049424767494202 | [-0.01] | -1.7041761547203525e-05
-0.49682313203811646 | [-0.01] | -4.282597531468525e-06
-0.48891422152519226 | [-0.] | -2.286977398516272e-08
-0.48126569390296936 | [0.01] | -2.604611246609747e-06
-0.4739261567592621 | [0.01] | -1.0331040413189654e-05
-0.46694254875183105 | [0.01] | -2.1520343344681053e-05
-0.4603598117828369 | [0.02] | -3.455846716951905e-05
-0.45422062277793884 | [0.02] | -4.794935116237887e-05
-0.44856518507003784 | [0.02] | -6.036125009205501e-05
-0.44343090057373047 | [0.03] | -7.06687187219877e-05
-0.4388522207736969 | [0.03] | -7.798826635488732e-05
-0.4348604381084442 | [0.03] | -8.170771240284981e-05
-0.4314834773540497 | [0.03] | -8.150847584025012e-05
-0.4287458062171936 | [0.03] | -7.737960942549869e-05
-0.4266682267189026 | [0.03] | -6.962455003984053e-05
-0.4252678453922272 | [0.02] | -5.885874800025846e-05
-0.4245579242706299 | [0.02] | -4.5999718947838727e-05
-0.4245477318763733 | [0.02] | -3.2248793552999266e-05
-0.4252426028251648 | [0.01] | -1.906403946481345e-05
-0.4266437888145447 | [0.01] | -8.126442240744479e-06
-0.42874839901924133 | [0.] | -1.2984326189792365e-06
-0.43154942989349365 | [-0.] | -5.758121812887689e-07
-0.43503567576408386 | [-0.01] | -8.034204595031878e-06
-0.4391918182373047 | [-0.02] | -2.5770866146760613e-05
-0.4439983367919922 | [-0.02] | -5.584296831524455e-05
-0.4494316577911377 | [-0.03] | -0.0001002043250299151
-0.45546412467956543 | [-0.04] | -0.00016064123794144942
-0.4620641767978668 | [-0.05] | -0.0002387105862429522
-0.4691964089870453 | [-0.06] | -0.0003356803081186836
-0.47682175040245056 | [-0.07] | -0.0004524756511991737
-0.4848976731300354 | [-0.08] | -0.0005896323859184778
-0.4933783710002899 | [-0.09] | -0.0007472581232007087
-0.5022150874137878 | [-0.1] | -0.0009250050726586898
-0.5113563537597656 | [-0.11] | -0.0011220527120996415
-0.5207483172416687 | [-0.12] | -0.0013371035976684565
-0.5303350687026978 | [-0.13] | -0.0015683908486394463
-0.5400591492652893 | [-0.13] | -0.001813702115408292
-0.5498618483543396 | [-0.14] | -0.002070411016850065
-0.559683620929718 | [-0.15] | -0.002335521929397322
-0.5694645047187805 | [-0.16] | -0.0026057249428873283
-0.5791446566581726 | [-0.17] | -0.0028774623096111795
-0.5886645913124084 | [-0.18] | -0.0031469933467098477
-0.5979657173156738 | [-0.18] | -0.00341047314650539
-0.6069906949996948 | [-0.19] | -0.003664028358392581
-0.6156838536262512 | [-0.2] | -0.0039038373256186816
-0.6239914894104004 | [-0.2] | -0.004126204196010823
-0.631862223148346 | [-0.21] | -0.004327634533937537
-0.6392472386360168 | [-0.21] | -0.0045049015690400785
-0.6461005210876465 | [-0.22] | -0.004655108705944119
-0.6523792147636414 | [-0.22] | -0.004775750515015394
-0.6580437421798706 | [-0.22] | -0.004864758163545295
-0.6630578637123108 | [-0.22] | -0.0049205352130368045
-0.6673890352249146 | [-0.22] | -0.004941997667272705
-0.6710084080696106 | [-0.22] | -0.004928591746074082
-0.6738908886909485 | [-0.22] | -0.004880305985211473
-0.676015317440033 | [-0.22] | -0.004797679448440122
-0.6773646473884583 | [-0.22] | -0.004681801091275572
-0.6779257655143738 | [-0.21] | -0.004534286274865526
-0.6776897311210632 | [-0.21] | -0.004357260865936937
-0.6766518354415894 | [-0.2] | -0.004153329172263222
-0.6748116612434387 | [-0.2] | -0.003925532789040868
-0.6721730828285217 | [-0.19] | -0.0036772985234311047
-0.6687443852424622 | [-0.18] | -0.0034123824577054433
-0.6645382642745972 | [-0.18] | -0.003134801526133164
-0.6595718860626221 | [-0.17] | -0.0028487605082789993
-0.6538668870925903 | [-0.16] | -0.002558570884892543
-0.6474494934082031 | [-0.15] | -0.002268568916171251
-0.6403504014015198 | [-0.14] | -0.0019830234745694644
-0.632604718208313 | [-0.13] | -0.0017060457446609078
-0.6242519021034241 | [-0.12] | -0.001441500749691504
-0.6153357028961182 | [-0.11] | -0.00119292292092236
-0.6059039235115051 | [-0.1] | -0.0009634344106031201
-0.5960083603858948 | [-0.09] | -0.0007556767781247642
-0.5857043862342834 | [-0.08] | -0.0005717478759351613
-0.5750507116317749 | [-0.06] | -0.00041315713020191624
-0.5641090869903564 | [-0.05] | -0.00028079533404596284
-0.5529438853263855 | [-0.04] | -0.00017492026300797842
-0.5416216254234314 | [-0.03] | -9.516048736412675e-05
-0.5302104949951172 | [-0.02] | -4.053743226005791e-05
-0.518779993057251 | [-0.01] | -9.505352907186538e-06
-0.5074002742767334 | [0.] | -5.682929770104038e-09
-0.496141642332077 | [0.01] | -9.536971994302144e-06
-0.4850740432739258 | [0.02] | -3.523634693581315e-05
-0.47426658868789673 | [0.03] | -7.396972453655733e-05
-0.4637869596481323 | [0.03] | -0.0001224286920443831
-0.45370104908943176 | [0.04] | -0.00017722944154474857
-0.4440723955631256 | [0.05] | -0.00023501318215767323
-0.43496182560920715 | [0.05] | -0.00029254284495456456
-0.42642709612846375 | [0.06] | -0.00034679483386413344
-0.41852253675460815 | [0.06] | -0.00039504384897385604
-0.4112987816333771 | [0.07] | -0.0004349384406358046
-0.40480250120162964 | [0.07] | -0.0004645663210370188
-0.3990762233734131 | [0.07] | -0.0004825079578244305
-0.39415809512138367 | [0.07] | -0.0004878790185081196
-0.3900817930698395 | [0.07] | -0.0004803588066684106
-0.38687634468078613 | [0.07] | -0.00046020706522504636
-0.3845660388469696 | [0.07] | -0.000428266754180375
-0.38317033648490906 | [0.06] | -0.0003859537539947221
-0.3827037811279297 | [0.06] | -0.0003352333977936703
-0.38317590951919556 | [0.05] | -0.00027858382203765593
-0.38459116220474243 | [0.05] | -0.000218946225361019
-0.386948823928833 | [0.04] | -0.00015966200979539966
-0.39024296402931213 | [0.03] | -0.00010439776842083783
-0.39446234703063965 | [0.02] | -5.70589910251125e-05
-0.3995903730392456 | [0.01] | -2.1693068051050174e-05
-0.4056050479412079 | [0.] | -2.3834296061398193e-06
-0.4124789834022522 | [-0.01] | -3.1369243274057197e-06
-0.4201793670654297 | [-0.02] | -2.7766951690489467e-05
-0.4286680221557617 | [-0.03] | -7.977512568926533e-05
-0.43790143728256226 | [-0.04] | -0.0001622347399591261
-0.4478309452533722 | [-0.05] | -0.0002776803697834411
-0.4584028720855713 | [-0.07] | -0.00042800673531492297
-0.46955880522727966 | [-0.08] | -0.0006143819529950275
-0.4812358319759369 | [-0.09] | -0.0008371764191224516
-0.49336695671081543 | [-0.1] | -0.0010959143233050664
-0.5058815479278564 | [-0.12] | -0.0013892475180800148
-0.5187057256698608 | [-0.13] | -0.0017149522695640565
-0.5317630767822266 | [-0.14] | -0.0020699571000875605
-0.5449749827384949 | [-0.16] | -0.002450386015488667
-0.558261513710022 | [-0.17] | -0.00285163804959347
-0.5715418457984924 | [-0.18] | -0.003268474683574718
-0.5847350358963013 | [-0.19] | -0.003695135501477166
-0.5977605581283569 | [-0.2] | -0.00412545854978643
-0.6105391383171082 | [-0.21] | -0.004553022838613694
-0.6229931116104126 | [-0.22] | -0.004971277599947406
-0.6350470781326294 | [-0.23] | -0.00537368585669266
-0.6466283798217773 | [-0.24] | -0.005753857593428688
-0.6576675772666931 | [-0.25] | -0.00610568019967786
-0.6680988073348999 | [-0.25] | -0.006423434801659446
-0.6778600811958313 | [-0.26] | -0.0067019020761035775
-0.6868935227394104 | [-0.26] | -0.006936455152566081
-0.6951457262039185 | [-0.27] | -0.007123146320410837
-0.7025676965713501 | [-0.27] | -0.007258763129831195
-0.7091151475906372 | [-0.27] | -0.007340890419122279
-0.7147483229637146 | [-0.27] | -0.007367937448615705
-0.7194323539733887 | [-0.27] | -0.007339180552076279
-0.7231370210647583 | [-0.27] | -0.007254764909221794
-0.725836992263794 | [-0.27] | -0.0071157189726753145
-0.7275116443634033 | [-0.26] | -0.006923936535010909
-0.7281452417373657 | [-0.26] | -0.006682164805397305
-0.7277269959449768 | [-0.25] | -0.006393973327770228
-0.7262510061264038 | [-0.25] | -0.006063704296018004
-0.7237163782119751 | [-0.24] | -0.005696417304778137
-0.7201274633407593 | [-0.23] | -0.0052978242048963295
-0.7154937386512756 | [-0.22] | -0.004874192693559862
-0.7098301649093628 | [-0.21] | -0.004432255408625499
-0.7031571865081787 | [-0.2] | -0.0039790882020174
-0.695500910282135 | [-0.19] | -0.0035219824122994093
-0.6868932843208313 | [-0.18] | -0.0030683037262617084
-0.6773720979690552 | [-0.16] | -0.0026253357063171097
-0.6669811010360718 | [-0.15] | -0.0022001215401667995
-0.6557701230049133 | [-0.13] | -0.001799302723270303
-0.6437948346138 | [-0.12] | -0.001428952520624961
-0.6311167478561401 | [-0.1] | -0.001094424710965774
-0.617803156375885 | [-0.09] | -0.0008002154491903089
-0.6039265394210815 | [-0.07] | -0.000549835505685771
-0.5895645022392273 | [-0.06] | -0.0003457201653383904
-0.5747991800308228 | [-0.04] | -0.00018916033987486963
-0.5597165822982788 | [-0.03] | -8.026993554198512e-05
-0.5444061160087585 | [-0.01] | -1.799153325071221e-05
-0.5289598107337952 | [0.] | -1.3632655027629498e-07
-0.5134715437889099 | [0.02] | -2.3460481957680114e-05
-0.49803626537323 | [0.03] | -8.377395039643099e-05
-0.4827491044998169 | [0.04] | -0.00017607755680214287
-0.4677046239376068 | [0.05] | -0.0002947220723870754
-0.4529959559440613 | [0.07] | -0.0004335834536792982
-0.43871408700942993 | [0.08] | -0.0005862465094443265
-0.4249471426010132 | [0.09] | -0.0007461911123550609
-0.4117797315120697 | [0.1] | -0.0009069747619490483
-0.3992924988269806 | [0.1] | -0.0010624040098765838
-0.38756147027015686 | [0.11] | -0.0012066971599570104
-0.3766578733921051 | [0.12] | -0.001334623749033044
-0.3666476905345917 | [0.12] | -0.0014416319541905274
-0.35759153962135315 | [0.12] | -0.0015239517031335338
-0.3495444357395172 | [0.13] | -0.0015786813728476538
-0.3425557315349579 | [0.13] | -0.0016038528327066708
-0.33666911721229553 | [0.13] | -0.0015984765674640087
-0.3319225013256073 | [0.13] | -0.001562571929198535
-0.3283480107784271 | [0.12] | -0.0014971774669923566
-0.3259720504283905 | [0.12] | -0.0014043418888750945
-0.32481521368026733 | [0.11] | -0.0012871009646906314
-0.3248922824859619 | [0.11] | -0.0011494338685764894
-0.3262121081352234 | [0.1] | -0.0009962026929321625
-0.32877761125564575 | [0.09] | -0.0008330695466270242
-0.33258557319641113 | [0.08] | -0.0006663966612774388
-0.337626576423645 | [0.07] | -0.0005031222269418611
-0.34388473629951477 | [0.06] | -0.00035061794655600297
-0.3513375520706177 | [0.05] | -0.0002165232956365227
-0.3599557876586914 | [0.03] | -0.00010856077341820518
-0.3697032332420349 | [0.02] | -3.433575176006766e-05
-0.3805365264415741 | [0.] | -1.1227079836432543e-06
-0.39240512251853943 | [-0.01] | -1.5643924147625947e-05
-0.40525123476982117 | [-0.03] | -8.384848399288107e-05
-0.41900983452796936 | [-0.05] | -0.00021069840960579215
-0.43360891938209534 | [-0.06] | -0.0003999725349763013
-0.44896960258483887 | [-0.08] | -0.0006540943591581485
-0.46500664949417114 | [-0.1] | -0.0009739969593624436
-0.4816289246082306 | [-0.12] | -0.0013590296333027174
-0.498740017414093 | [-0.13] | -0.0018069126693889368
-0.5162389874458313 | [-0.15] | -0.002313745899939714
-0.5340213179588318 | [-0.17] | -0.002874073054187165
-0.5519797801971436 | [-0.19] | -0.0034809941482000584
-0.5700055360794067 | [-0.2] | -0.004126330251468692
-0.5879890322685242 | [-0.22] | -0.004800819372870847
-0.6058213114738464 | [-0.23] | -0.005494356470390789
-0.6233947277069092 | [-0.25] | -0.006196233404678398
-0.6406041979789734 | [-0.26] | -0.006895408174926442
-0.6573479175567627 | [-0.28] | -0.007580755807012469
-0.6735281944274902 | [-0.29] | -0.008241312991889403
-0.689052164554596 | [-0.3] | -0.008866508861404719
-0.70383220911026 | [-0.31] | -0.009446357756230563
-0.717786431312561 | [-0.32] | -0.009971636905291407
-0.7308389544487 | [-0.32] | -0.010434032189185078
-0.7429198622703552 | [-0.33] | -0.010826241295804341
-0.7539655566215515 | [-0.33] | -0.01114208242920029
-0.7639185190200806 | [-0.34] | -0.011376549476162534
-0.7727271318435669 | [-0.34] | -0.011525857242984536
-0.7803456783294678 | [-0.34] | -0.011587482383267858
-0.7867341041564941 | [-0.34] | -0.011560181981817836
-0.7918576598167419 | [-0.34] | -0.01144399259033518
-0.7956869602203369 | [-0.34] | -0.011240248766462943
-0.7981976866722107 | [-0.33] | -0.010951568248476116
-0.7993704676628113 | [-0.33] | -0.01058183933761976
-0.7991909384727478 | [-0.32] | -0.010136205949785829
-0.7976495623588562 | [-0.31] | -0.0096210238762082
-0.7947419285774231 | [-0.3] | -0.009043826815409963
-0.7904687523841858 | [-0.29] | -0.008413252954416143
-0.7848362326622009 | [-0.28] | -0.007738966007895368
-0.7778562307357788 | [-0.27] | -0.007031537938062327
-0.769546627998352 | [-0.25] | -0.006302309130877118
-0.7599318623542786 | [-0.24] | -0.005563223745748806
-0.7490432262420654 | [-0.22] | -0.004826618003831409
-0.7369192838668823 | [-0.2] | -0.00410498402645036
-0.7236063480377197 | [-0.18] | -0.0034107056832249753
-0.7091587781906128 | [-0.17] | -0.0027557656904122515
-0.6936392784118652 | [-0.15] | -0.0021514390806518756
-0.6771190762519836 | [-0.13] | -0.0016079813472687646
-0.6596779823303223 | [-0.11] | -0.0011343236354142757
-0.6414041519165039 | [-0.09] | -0.0007377876473363535
-0.6223939061164856 | [-0.07] | -0.00042384318505051064
-0.6027511358261108 | [-0.04] | -0.00019591430609771645
-0.5825867056846619 | [-0.02] | -5.5252222354347505e-05
-0.5620174407958984 | [-0.] | -8.816286772948254e-07
-0.5411651134490967 | [0.02] | -2.9629144673426014e-05
-0.5201552510261536 | [0.04] | -0.00013623134278393752
-0.49911585450172424 | [0.06] | -0.00031351798012178086
-0.47817593812942505 | [0.07] | -0.000552662375386526
-0.4574641287326813 | [0.09] | -0.0008434836945398159
-0.4371073246002197 | [0.11] | -0.0011747848793752008
-0.4172293543815613 | [0.12] | -0.0015347100146218555
-0.39794987440109253 | [0.14] | -0.001911100783415011
-0.37938323616981506 | [0.15] | -0.0022918424997681536
-0.361637681722641 | [0.16] | -0.002665180413066572
-0.3448147177696228 | [0.17] | -0.003020001272428855
-0.3290086090564728 | [0.18] | -0.003346075930401888
-0.3143060505390167 | [0.19] | -0.0036342608762844108
-0.3007861077785492 | [0.2] | -0.0038766554205574193
-0.2885202169418335 | [0.2] | -0.00406672483306903
-0.277572363615036 | [0.2] | -0.004199387999876603
-0.2679992914199829 | [0.21] | -0.004271080422191645
-0.2598508298397064 | [0.21] | -0.004279793463033368
-0.25317010283470154 | [0.21] | -0.0042251005410717645
-0.24799399077892303 | [0.2] | -0.004108159713919567
-0.2443532943725586 | [0.2] | -0.003931714213520922
-0.2422730028629303 | [0.19] | -0.003700074632364717
-0.24177239835262299 | [0.18] | -0.003419091064754372
-0.2428651601076126 | [0.18] | -0.003096106084947151
-0.24555926024913788 | [0.17] | -0.0027398912092959577
-0.2498568296432495 | [0.15] | -0.0023605555255166387
-0.25575390458106995 | [0.14] | -0.0019694239133646956
-0.2632400095462799 | [0.13] | -0.0015788805366541915
-0.272297739982605 | [0.11] | -0.0012021676285671311
-0.28290221095085144 | [0.09] | -0.0008531402236446334
-0.29502052068710327 | [0.07] | -0.0005459721285611765
-0.308611124753952 | [0.05] | -0.00029481677469696515
-0.3236231803894043 | [0.03] | -0.00011342614977922225
-0.33999618887901306 | [0.01] | -1.4734090476778452e-05
-0.3576594293117523 | [-0.01] | -1.0423735983087644e-05
-0.3765317499637604 | [-0.03] | -0.00011049106868844333
-0.39652150869369507 | [-0.06] | -0.00032282970453217507
-0.41752663254737854 | [-0.08] | -0.0006528584046707826
-0.4394351541996002 | [-0.11] | -0.0011032191095001786
-0.4621257781982422 | [-0.13] | -0.0016735630388684836
-0.48546886444091797 | [-0.15] | -0.002360447640258756
-0.50932776927948 | [-0.18] | -0.0031573570909212683
-0.5335602164268494 | [-0.2] | -0.0040548431839289535
-0.5580199956893921 | [-0.22] | -0.005040786844347567
-0.5825588703155518 | [-0.25] | -0.006100768027384518
-0.6070283651351929 | [-0.27] | -0.007218510732416592
-0.6312816143035889 | [-0.29] | -0.008376381052216778
-0.6551753878593445 | [-0.31] | -0.009555925221868817
-0.6785714030265808 | [-0.33] | -0.010738367108110432
-0.7013381123542786 | [-0.35] | -0.01190511228118478
-0.7233515977859497 | [-0.36] | -0.013038161148870332
-0.7444966435432434 | [-0.38] | -0.014120477328460713
-0.764667272567749 | [-0.39] | -0.01513626725862887
-0.7837669849395752 | [-0.4] | -0.01607118388265624
-0.8017089366912842 | [-0.41] | -0.016912471616902448
-0.818415641784668 | [-0.42] | -0.017649035903427496
-0.8338185548782349 | [-0.43] | -0.018271469927648606
-0.847857654094696 | [-0.43] | -0.01877205540711986
-0.8604804873466492 | [-0.44] | -0.019144711700918124
-0.8716416954994202 | [-0.44] | -0.019384974213164107
-0.8813021183013916 | [-0.44] | -0.01948994053253526
-0.8894280791282654 | [-0.44] | -0.019458238234655485
-0.8959905505180359 | [-0.44] | -0.019289989308332582
-0.900964617729187 | [-0.44] | -0.018986809632194748
-0.9043290615081787 | [-0.43] | -0.01855182447109297
-0.9060657024383545 | [-0.42] | -0.017989671252310848
-0.9061592817306519 | [-0.42] | -0.017306546472115953
-0.9045973420143127 | [-0.41] | -0.01651024719942384
-0.9013702273368835 | [-0.4] | -0.015610210323601763
-0.8964712023735046 | [-0.38] | -0.01461754102405377
-0.8898969292640686 | [-0.37] | -0.01354503764815007
-0.8816479444503784 | [-0.35] | -0.012407175140879733
-0.8717293739318848 | [-0.33] | -0.01122005276999189
-0.8601517081260681 | [-0.32] | -0.0100012834993791
-0.8469317555427551 | [-0.3] | -0.008769820725077612
-0.8320937752723694 | [-0.27] | -0.007545713798090482
-0.8156706094741821 | [-0.25] | -0.006349774039233095
-0.7977045774459839 | [-0.23] | -0.005203145035727426
-0.7782489061355591 | [-0.2] | -0.004126815497442376
-0.7573685050010681 | [-0.18] | -0.0031410345122716344
-0.7351409196853638 | [-0.15] | -0.002264688133508125
-0.7116568684577942 | [-0.12] | -0.0015146438942823318
-0.6870205998420715 | [-0.1] | -0.0009051102159636408
-0.661349892616272 | [-0.07] | -0.0004470449899626019
-0.6347755193710327 | [-0.04] | -0.00014765623910606985
-0.6074403524398804 | [-0.01] | -1.004074573096162e-05
-0.5794979929924011 | [0.02] | -3.299175086833746e-05
-0.551111102104187 | [0.05] | -0.00021099757051056402
-0.5224491953849792 | [0.07] | -0.000534437598724651
-0.4936862587928772 | [0.1] | -0.0009899664821316522
-0.46499812602996826 | [0.12] | -0.0015610602556536434
-0.4365598261356354 | [0.15] | -0.002228682090312274
-0.4085429906845093 | [0.17] | -0.0029720216313369914
-0.3811134397983551 | [0.19] | -0.003769253675798483
-0.35442906618118286 | [0.21] | -0.004598268107802679
-0.3286380469799042 | [0.23] | -0.005437332791700601
-0.30387750267982483 | [0.25] | -0.0062656582493927585
-0.28027263283729553 | [0.27] | -0.007063847592966084
-0.2579362392425537 | [0.28] | -0.007814229133762118
-0.23696865141391754 | [0.29] | -0.008501080520726657
-0.21745814383029938 | [0.3] | -0.009110750020528526
-0.19948148727416992 | [0.31] | -0.009631707632454535
-0.18310484290122986 | [0.32] | -0.01005453531056965
-0.16838477551937103 | [0.32] | -0.010371882199493782
-0.155369371175766 | [0.33] | -0.010578404180201664
-0.1440994143486023 | [0.33] | -0.010670697109674904
-0.13460947573184967 | [0.33] | -0.01064724471925599
-0.12692900002002716 | [0.32] | -0.010508379274786454
-0.12108319997787476 | [0.32] | -0.010256269854212461
-0.11709389090538025 | [0.31] | -0.009894928949441719
-0.1149800643324852 | [0.31] | -0.009430246446077806
-0.11475834995508194 | [0.3] | -0.00887003639554757
-0.1164431944489479 | [0.29] | -0.00822409868149771
-0.12004688382148743 | [0.27] | -0.007504277871193556
-0.12557928264141083 | [0.26] | -0.006724513300238351
-0.13304737210273743 | [0.24] | -0.005900861537985106
-0.1424545794725418 | [0.22] | -0.005051474092738182
-0.15379980206489563 | [0.2] | -0.004196517657358779
-0.16707631945610046 | [0.18] | -0.0033580085169826962
-0.18227045238018036 | [0.16] | -0.0025595498723979815
-0.19936007261276245 | [0.14] | -0.0018259531382512938
-0.2183130532503128 | [0.11] | -0.0011827298996887612
-0.2390856146812439 | [0.08] | -0.0006554548733270498
-0.26162075996398926 | [0.05] | -0.00026900393864936247
-0.2858468294143677 | [0.02] | -4.66886339789819e-05
-0.3116762340068817 | [-0.01] | -9.323054021486302e-06
-0.33900460600852966 | [-0.04] | -0.00017427274130261822
-0.3677103519439697 | [-0.07] | -0.0005545498261075879
-0.39765483140945435 | [-0.11] | -0.001158027576365696
-0.42868298292160034 | [-0.14] | -0.0019868436683026444
-0.4606248438358307 | [-0.17] | -0.0030370632357863882
-0.49329763650894165 | [-0.21] | -0.004298645941700508
-0.5265083312988281 | [-0.24] | -0.005755733710446321
-0.5600571036338806 | [-0.27] | -0.007387264036070481
-0.5937406420707703 | [-0.3] | -0.009167839314575411
-0.6273561716079712 | [-0.33] | -0.0110688168066505
-0.6607050895690918 | [-0.36] | -0.013059493173669471
-0.6935965418815613 | [-0.39] | -0.015108312718566814
-0.7258505821228027 | [-0.41] | -0.017183996005402033
-0.7573009133338928 | [-0.44] | -0.019256526533164793
-0.7877968549728394 | [-0.46] | -0.02129793079270847
-0.8172045946121216 | [-0.48] | -0.023282824875077494
-0.8454079627990723 | [-0.5] | -0.025188755693800493
-0.8723084330558777 | [-0.52] | -0.02699632764135035
-0.8978245258331299 | [-0.54] | -0.028689157212532387
-0.921890914440155 | [-0.55] | -0.03025371027938291
-0.944456934928894 | [-0.56] | -0.03167902945104161
-0.9654850363731384 | [-0.57] | -0.032956433018265535
-0.984948992729187 | [-0.58] | -0.03407918177986709
-1.002832055091858 | [-0.59] | -0.035042156837730105
-1.01912522315979 | [-0.6] | -0.03584157057409514
-1.0338252782821655 | [-0.6] | -0.0364746830004851
-1.0469331741333008 | [-0.61] | -0.03693958853902154
-1.0584527254104614 | [-0.61] | -0.03723506531362979
-1.0683890581130981 | [-0.61] | -0.03736042928166897
-1.0767472982406616 | [-0.61] | -0.03731544476284623
-1.0835316181182861 | [-0.61] | -0.03710029799555014
-1.0887444019317627 | [-0.61] | -0.036715611056618046
-1.0923855304718018 | [-0.6] | -0.03616249163255246
-1.094451665878296 | [-0.6] | -0.03544260513364635
-1.0949358940124512 | [-0.59] | -0.034558308093151704
-1.093827486038208 | [-0.58] | -0.033512813511010306
-1.0911117792129517 | [-0.57] | -0.03231038740758483
-1.0867704153060913 | [-0.56] | -0.030956596664985334
-1.0807812213897705 | [-0.54] | -0.0294585306861557
-1.073118805885315 | [-0.53] | -0.0278251003566807
-1.0637552738189697 | [-0.51] | -0.02606733869993886
-1.052660584449768 | [-0.49] | -0.024198651305016382
-1.0398041009902954 | [-0.47] | -0.022235138788955795
-1.0251555442810059 | [-0.45] | -0.02019580541176448
-1.0086865425109863 | [-0.43] | -0.018102738508966962
-0.9903724789619446 | [-0.4] | -0.015981194124497253
-0.9701942801475525 | [-0.37] | -0.01385953125786277
-0.9481409192085266 | [-0.34] | -0.011769021105115369
-0.9242117404937744 | [-0.31] | -0.00974342793590743
-0.8984190225601196 | [-0.28] | -0.007818370047359918
-0.8707906007766724 | [-0.25] | -0.0060304414436946965
-0.841372549533844 | [-0.21] | -0.0044160956721265125
-0.8102313876152039 | [-0.17] | -0.003010306088026557
-0.7774560451507568 | [-0.14] | -0.0018450766326143166
-0.743159294128418 | [-0.1] | -0.000947887544758849
-0.707478404045105 | [-0.06] | -0.0003401920274120058
-0.6705747842788696 | [-0.02] | -3.609670362845313e-05
-0.6326326727867126 | [0.02] | -4.13756400651125e-05
-0.5938568115234375 | [0.06] | -0.0003529320303519185
-0.5544688105583191 | [0.1] | -0.0009587945827249025
-0.5147027373313904 | [0.14] | -0.0018386786120853757
-0.4747999906539917 | [0.17] | -0.0029650697543969267
-0.4350036382675171 | [0.21] | -0.004304733823015853
-0.39555272459983826 | [0.24] | -0.005820498712890811
-0.3566768169403076 | [0.27] | -0.007473134671295176
-0.3185911178588867 | [0.3] | -0.009223158026101415
-0.28149232268333435 | [0.33] | -0.01103242478344534
-0.2455555945634842 | [0.36] | -0.012865392884882322
-0.2109326273202896 | [0.38] | -0.014690011570769457
-0.17775067687034607 | [0.41] | -0.016478251338483272
-0.14611272513866425 | [0.43] | -0.018206291050583273
-0.11609838902950287 | [0.45] | -0.01985443344138549
-0.08776556700468063 | [0.46] | -0.021406824799335318
-0.06115257367491722 | [0.48] | -0.0228510425586953
-0.03628058731555939 | [0.49] | -0.024177617037426106
-0.013156246393918991 | [0.5] | -0.025379537944122135
0.008225712925195694 | [0.51] | -0.026451779842897524
0.027879903092980385 | [0.52] | -0.027390868701925437
0.04582787677645683 | [0.53] | -0.028194502510847364
0.062095917761325836 | [0.54] | -0.028861234551309713
0.07671305537223816 | [0.54] | -0.029390214376585063
0.08970929682254791 | [0.55] | -0.029780984370959402
0.10111410915851593 | [0.55] | -0.030033332448726135
0.11095510423183441 | [0.55] | -0.030147189089647114
0.11925692111253738 | [0.55] | -0.030122567939533013
0.1260402947664261 | [0.55] | -0.029959546556116337
0.13132129609584808 | [0.54] | -0.029658283623450105
0.13511070609092712 | [0.54] | -0.029219071915879715
0.13741350173950195 | [0.54] | -0.028642422344517762
0.13822852075099945 | [0.53] | -0.027929190625442142
0.13754814863204956 | [0.52] | -0.027080729807442874
0.13535821437835693 | [0.51] | -0.026099090206457
0.13163788616657257 | [0.5] | -0.024987247275834026
0.12635979056358337 | [0.49] | -0.0237493784740665
0.11949018388986588 | [0.47] | -0.022391173148325977
0.1109892800450325 | [0.46] | -0.020920179580137994
0.10081176459789276 | [0.44] | -0.01934618660469786
0.08890748023986816 | [0.42] | -0.017681629042538425
0.07522233575582504 | [0.4] | -0.01594200266142218
0.059699490666389465 | [0.38] | -0.014146272403885607
0.04228080436587334 | [0.35] | -0.012317242494065371
0.022908641025424004 | [0.32] | -0.010481856929130581
0.0015280148945748806 | [0.29] | -0.008671380889087877
-0.021910876035690308 | [0.26] | -0.006921411426726698
-0.047449741512537 | [0.23] | -0.005271657997032841
-0.07511891424655914 | [0.19] | -0.0037654275031963297
-0.10493380576372147 | [0.16] | -0.0024487591913497572
-0.13689111173152924 | [0.12] | -0.0013691679659540061
-0.1709650307893753 | [0.08] | -0.000573985918426391
-0.20710362493991852 | [0.03] | -0.00010833148189211134
-0.24522563815116882 | [-0.01] | -1.2798756698363667e-05
-0.2852180600166321 | [-0.06] | -0.00032101743580048136
-0.3269347846508026 | [-0.1] | -0.0010572969927712093
-0.3701966404914856 | [-0.15] | -0.0022346135058190497
-0.4147930443286896 | [-0.2] | -0.0038532046971279698
-0.4604855179786682 | [-0.24] | -0.0059000122861701315
-0.5070129036903381 | [-0.29] | -0.008349119526935862
-0.5540980100631714 | [-0.33] | -0.011163206655249197
-0.6014558672904968 | [-0.38] | -0.01429593527638126
-0.6488022804260254 | [-0.42] | -0.017694979301822317
-0.6958625316619873 | [-0.46] | -0.021305390649272726
-0.7423799633979797 | [-0.5] | -0.02507295267872081
-0.7881228923797607 | [-0.54] | -0.028947122766901645
-0.8328906893730164 | [-0.57] | -0.03288342560977799
-0.8765177726745605 | [-0.61] | -0.036845087235456174
-0.9188759922981262 | [-0.64] | -0.040803940493477624
-0.9598754048347473 | [-0.67] | -0.044740687118846524
-0.9994634389877319 | [-0.7] | -0.04864464558162345
-1.0376231670379639 | [-0.72] | -0.05251317822305096
-1.0743709802627563 | [-0.75] | -0.05635098194706689
-1.109753131866455 | [-0.78] | -0.060169250795040624
-1.1438426971435547 | [-0.8] | -0.06398498658977214
-1.1767364740371704 | [-0.82] | -0.06782042644372056
-1.2000000476837158 | [-0.68] | -0.046240005836487
-1.1987781524658203 | [-0.67] | -0.045264753890356675
-1.1963194608688354 | [-0.66] | -0.04414197674491174
-1.1926034688949585 | [-0.65] | -0.04287145576211628
-1.1876037120819092 | [-0.64] | -0.04145356964046465
-1.181288242340088 | [-0.63] | -0.03988958015655415
-1.1736197471618652 | [-0.62] | -0.0381818982816071
-1.1645557880401611 | [-0.6] | -0.036334387899570934
-1.154049277305603 | [-0.59] | -0.03435271300918246
-1.1420493125915527 | [-0.57] | -0.032244736245312364
-1.1285016536712646 | [-0.55] | -0.030020876067387514
-1.1133497953414917 | [-0.53] | -0.02769451315664706
-1.09653639793396 | [-0.5] | -0.02528239057146698
-1.0780045986175537 | [-0.48] | -0.022804938060370664
-1.0576997995376587 | [-0.45] | -0.020286536451193563
-1.035571813583374 | [-0.42] | -0.017755674974990452
-1.0115774869918823 | [-0.39] | -0.015244952659804568
-0.985683023929596 | [-0.36] | -0.012790815734665218
-0.9578675031661987 | [-0.32] | -0.010433100420296106
-0.9281257390975952 | [-0.29] | -0.008214198108445703
-0.8964716792106628 | [-0.25] | -0.006177917771209724
-0.8629416823387146 | [-0.21] | -0.0043679998582619095
-0.8275974988937378 | [-0.17] | -0.0028263287916093175
-0.7905286550521851 | [-0.13] | -0.0015909210626392709
-0.7518543004989624 | [-0.08] | -0.0006938384761009507
-0.7117236256599426 | [-0.04] | -0.0001591844511210694
-0.6703155636787415 | [0.] | -1.4108969599678004e-06
-0.6278367042541504 | [0.05] | -0.00022411969738924927
-0.5845177173614502 | [0.09] | -0.0008195491075132296
-0.5406085848808289 | [0.13] | -0.0017688441073898987
-0.49637243151664734 | [0.17] | -0.0030431233848411
-0.45207858085632324 | [0.21] | -0.004605249732836692
-0.4079951345920563 | [0.25] | -0.006412116499996988
-0.3643816113471985 | [0.29] | -0.008417202089608139
-0.3214821517467499 | [0.33] | -0.010573123584312588
-0.27951961755752563 | [0.36] | -0.012833949087577423
-0.238691046833992 | [0.39] | -0.015157074309888744
-0.199164479970932 | [0.42] | -0.017504585841635233
-0.16107720136642456 | [0.45] | -0.019844076950217428
-0.1245354637503624 | [0.47] | -0.022148953977198918
-0.08961533010005951 | [0.49] | -0.024398349312924235
-0.056364476680755615 | [0.52] | -0.026576730215287555
-0.024804677814245224 | [0.54] | -0.028673324462084378
0.00506525207310915 | [0.55] | -0.030681448417947583
0.033266332000494 | [0.57] | -0.03259783107469976
0.05983626842498779 | [0.59] | -0.03442196275689798
0.08482643216848373 | [0.6] | -0.03615552052119549
0.10829905420541763 | [0.61] | -0.03780186952174511
0.13032470643520355 | [0.63] | -0.03936565267276767
0.150980144739151 | [0.64] | -0.0408524674340438
0.1703464239835739 | [0.65] | -0.04226861032099749
0.1885073184967041 | [0.66] | -0.04362088107363415
0.20554813742637634 | [0.67] | -0.04491645420888135
0.2215546816587448 | [0.68] | -0.04616277917948646
0.23661257326602936 | [0.69] | -0.04736753373239094
0.25080665946006775 | [0.7] | -0.04853858624697059
0.2642206847667694 | [0.7] | -0.04968399839973346
0.2769371271133423 | [0.71] | -0.050812045957775435
0.28903713822364807 | [0.72] | -0.05193125386032578
0.30060049891471863 | [0.73] | -0.053050436863844364
0.31170591711997986 | [0.74] | -0.05417878466115066
0.32243111729621887 | [0.74] | -0.05532592623333006
0.33285319805145264 | [0.75] | -0.0565020337671959
0.343049019575119 | [0.76] | -0.057717942141574156
0.35309556126594543 | [0.77] | -0.058985270866613086
0.36307039856910706 | [0.78] | -0.0603165818793776
0.3730522096157074 | [0.79] | -0.061725552905127545
0.38312140107154846 | [0.8] | -0.06322719321819313
0.3933606743812561 | [0.81] | -0.06483807861540522
0.40385565161705017 | [0.82] | -0.06657662059662937
0.4146956503391266 | [0.83] | -0.06846340393657376
0.4259744882583618 | [0.84] | -0.0705215670178503
0.43779122829437256 | [0.85] | 99.92722276417318
Total reward: 93.16982164111188
0.9, 5.0, 0.4
parameter ends

state | action | reward
[-0.42] | [0.02] | -3.3209259419849385e-05
-0.42490339279174805 | [0.01] | -1.9743141576158475e-05
-0.4263189435005188 | [0.01] | -8.5288546739592e-06
-0.4284399449825287 | [0.] | -1.4433251645619992e-06
-0.43125927448272705 | [-0.] | -4.97278736263062e-07
-0.43476566672325134 | [-0.01] | -7.781120379139603e-06
-0.43894368410110474 | [-0.02] | -2.540641092740697e-05
-0.44377371668815613 | [-0.02] | -5.544382561498869e-05
-0.4492320418357849 | [-0.03] | -9.985925238122369e-05
-0.45529091358184814 | [-0.04] | -0.0001604497446091828
-0.46191859245300293 | [-0.05] | -0.00023878043325319364
-0.46907955408096313 | [-0.06] | -0.0003361256997569291
-0.47673454880714417 | [-0.07] | -0.00045341416042750463
-0.48484086990356445 | [-0.08] | -0.0005911821405712627
-0.4933525621891022 | [-0.09] | -0.0007495352212340841
-0.502220630645752 | [-0.1] | -0.0009281195423354731
-0.5113934278488159 | [-0.11] | -0.0011261061810714267
-0.5208169221878052 | [-0.12] | -0.0013421866825207495
-0.5304350852966309 | [-0.13] | -0.001574581792501418
-0.5401902198791504 | [-0.13] | -0.0018210621492835142
-0.5500233769416809 | [-0.14] | -0.0020789820234082095
-0.5598748326301575 | [-0.15] | -0.002345326276421506
-0.5696844458580017 | [-0.16] | -0.0026167640623309327
-0.5793921947479248 | [-0.17] | -0.0028897159443562644
-0.5889384150505066 | [-0.18] | -0.0031604193953787413
-0.5982643961906433 | [-0.19] | -0.0034250094686661195
-0.6073126196861267 | [-0.19] | -0.003679591558450988
-0.6160273551940918 | [-0.2] | -0.00392032759117838
-0.6243547201156616 | [-0.2] | -0.004143502923959517
-0.6322431564331055 | [-0.21] | -0.004345605026948893
-0.6396438479423523 | [-0.21] | -0.004523398117828104
-0.646510660648346 | [-0.22] | -0.004673973807770362
-0.6528006792068481 | [-0.22] | -0.004794819677558292
-0.6584742069244385 | [-0.22] | -0.004883859651756127
-0.6634950637817383 | [-0.22] | -0.004939499627098425
-0.6678305864334106 | [-0.22] | -0.004960653305227834
-0.6714519262313843 | [-0.22] | -0.004946771791113858
-0.6743339896202087 | [-0.22] | -0.004897850854872573
-0.6764556169509888 | [-0.22] | -0.004814439096301556
-0.6777997016906738 | [-0.22] | -0.004697634913335021
-0.6783532500267029 | [-0.21] | -0.004549072186511872
-0.6781072616577148 | [-0.21] | -0.004370890130387643
-0.677057147026062 | [-0.2] | -0.004165714954455054
-0.675202488899231 | [-0.2] | -0.003936606915409121
-0.6725471615791321 | [-0.19] | -0.00368701276151976
-0.6690995693206787 | [-0.18] | -0.0034207135205097414
-0.6648724675178528 | [-0.18] | -0.0031417492506101586
-0.6598831415176392 | [-0.17] | -0.0028543494966270554
-0.6541533470153809 | [-0.16] | -0.0025628498428484853
-0.6477093696594238 | [-0.15] | -0.002271607727498737
-0.6405820250511169 | [-0.14] | -0.001984913544340132
-0.6328064799308777 | [-0.13] | -0.001706896480039493
-0.6244224309921265 | [-0.12] | -0.0014414414560193257
-0.6154738068580627 | [-0.11] | -0.0011920978947602802
-0.6060085892677307 | [-0.1] | -0.000961999213157248
-0.5960786938667297 | [-0.09] | -0.0007537935057172628
-0.5857396721839905 | [-0.08] | -0.000569582570427725
-0.5750505328178406 | [-0.06] | -0.00041087702033613195
-0.5640731453895569 | [-0.05] | -0.00027856229266369725
-0.5528721213340759 | [-0.04] | -0.00017288846555374383
-0.5415142178535461 | [-0.03] | -9.347239446822346e-05
-0.5300678610801697 | [-0.02] | -3.932022631362582e-05
-0.518602728843689 | [-0.01] | -8.867716398378845e-06
-0.5071892142295837 | [0.] | -3.568104680390504e-08
-0.4958977997303009 | [0.01] | -1.0300175918075706e-05
-0.48479869961738586 | [0.02] | -3.677456001331914e-05
-0.4739611744880676 | [0.03] | -7.630065537219088e-05
-0.46345311403274536 | [0.04] | -0.00012554590613285575
-0.4533405601978302 | [0.04] | -0.00018110348977826507
-0.44368723034858704 | [0.05] | -0.00023959269807585283
-0.4345540702342987 | [0.05] | -0.00029775684141604636
-0.4259989857673645 | [0.06] | -0.0003525548069167377
-0.41807642579078674 | [0.06] | -0.00040124662178503976
-0.4108371138572693 | [0.07] | -0.0004414694375778669
-0.4043278098106384 | [0.07] | -0.0004713027271935782
-0.3985911011695862 | [0.07] | -0.0004893224208885864
-0.3936651945114136 | [0.07] | -0.0004946430274458646
-0.3895837962627411 | [0.07] | -0.000486946490516047
-0.3863759934902191 | [0.07] | -0.00046649818104465315
-0.38406607508659363 | [0.07] | -0.00043415077316821766
-0.3826735317707062 | [0.06] | -0.0003913326125151922
-0.38221287727355957 | [0.06] | -0.00034002519938796847
-0.38269364833831787 | [0.05] | -0.00028272517570074914
-0.38412025570869446 | [0.05] | -0.00022239496676368432
-0.38649195432662964 | [0.04] | -0.0001623992469489665
-0.3898027539253235 | [0.03] | -0.00010642967144849395
-0.39404135942459106 | [0.02] | -5.84178568551778e-05
-0.39919111132621765 | [0.01] | -2.2437889546052563e-05
-0.40522992610931396 | [0.01] | -2.5999416721936176e-06
-0.41213032603263855 | [-0.01] | -2.936863617628549e-06
-0.419859379529953 | [-0.02] | -2.7286644146614855e-05
-0.42837876081466675 | [-0.03] | -7.917321465418459e-05
-0.4376448094844818 | [-0.04] | -0.0001616891963778724
-0.44760870933532715 | [-0.05] | -0.0002773850417784906
-0.4582166075706482 | [-0.07] | -0.00042816711597448286
-0.46940988302230835 | [-0.08] | -0.0006152100656150032
-0.48112544417381287 | [-0.09] | -0.0008388864160584594
-0.4932960867881775 | [-0.1] | -0.0010987168635528007
-0.5058509111404419 | [-0.12] | -0.0013933434453244787
-0.5187158584594727 | [-0.13] | -0.001720529431751055
-0.5318141579627991 | [-0.14] | -0.0020771811229126427
-0.5450670719146729 | [-0.16] | -0.0024594017719647486
-0.5583943128585815 | [-0.17] | -0.0028625593742184286
-0.5717148184776306 | [-0.18] | -0.003281384455164002
-0.584947407245636 | [-0.19] | -0.0037100828964852133
-0.5980114340782166 | [-0.2] | -0.004142461866862571
-0.6108272671699524 | [-0.21] | -0.004572060110645039
-0.6233170628547668 | [-0.22] | -0.004992292910555697
-0.6354052424430847 | [-0.23] | -0.005396589496332569
-0.6470189690589905 | [-0.24] | -0.005778527832511919
-0.6580886244773865 | [-0.25] | -0.006131964575922242
-0.6685481667518616 | [-0.25] | -0.0064511525529363165
-0.6783355474472046 | [-0.26] | -0.0067308521520978645
-0.6873927712440491 | [-0.26] | -0.0069664161153621465
-0.6956663131713867 | [-0.27] | -0.007153879305604531
-0.7031071186065674 | [-0.27] | -0.007290018025461551
-0.7096707224845886 | [-0.27] | -0.007372403351344666
-0.71531742811203 | [-0.27] | -0.007399446007957594
-0.7200122475624084 | [-0.27] | -0.007370418052654828
-0.7237249612808228 | [-0.27] | -0.00728547004655801
-0.7264301776885986 | [-0.27] | -0.007145636248016835
-0.7281072735786438 | [-0.26] | -0.0069528227238144745
-0.7287405133247375 | [-0.26] | -0.006709792354285023
-0.7283190488815308 | [-0.25] | -0.006420130974865365
-0.7268369793891907 | [-0.25] | -0.006088203324804835
-0.7242934107780457 | [-0.24] | -0.005719094778582191
-0.7206926941871643 | [-0.23] | -0.005318545881688751
-0.7160443067550659 | [-0.22] | -0.004892855805300994
-0.7103632688522339 | [-0.21] | -0.004448793458438688
-0.7036700248718262 | [-0.2] | -0.003993470202891596
-0.6959907412528992 | [-0.19] | -0.0035342163759985116
-0.6873573660850525 | [-0.18] | -0.003078435259938612
-0.6778078079223633 | [-0.16] | -0.0026334512755959694
-0.6673858761787415 | [-0.15] | -0.002206345376323717
-0.6561415195465088 | [-0.13] | -0.001803796249127995
-0.644130527973175 | [-0.12] | -0.0014319106904333724
-0.6314145922660828 | [-0.1] | -0.0010960731116392277
-0.6180611252784729 | [-0.09] | -0.0008008035312681685
-0.6041428446769714 | [-0.07] | -0.0005496327053892225
-0.5897375345230103 | [-0.06] | -0.00034500786344334307
-0.574927568435669 | [-0.04] | -0.00018822553776918442
-0.5597992539405823 | [-0.03] | -7.93979376570361e-05
-0.5444422364234924 | [-0.01] | -1.7457819281282938e-05
-0.5289487838745117 | [0.] | -1.9974997615869775e-07
-0.5134130716323853 | [0.02] | -2.43568616151627e-05
-0.4979303479194641 | [0.03] | -8.571006967620048e-05
-0.4825960397720337 | [0.04] | -0.0001792262293306762
-0.46750497817993164 | [0.05] | -0.00029921841060578296
-0.4527505934238434 | [0.07] | -0.0004395220548622853
-0.43842411041259766 | [0.08] | -0.0005936805611648947
-0.42461395263671875 | [0.09] | -0.0007551312350568083
-0.41140496730804443 | [0.1] | -0.0009173902900437632
-0.39887794852256775 | [0.1] | -0.0010742262057670527
-0.3871092200279236 | [0.11] | -0.0012198189539298424
-0.3761701285839081 | [0.12] | -0.001348905971274161
-0.3661268353462219 | [0.12] | -0.0014569059937204543
-0.35704007744789124 | [0.12] | -0.0015400245212467906
-0.34896501898765564 | [0.13] | -0.0015953393230263909
-0.3419511616230011 | [0.13] | -0.0016208661426244443
-0.33604225516319275 | [0.13] | -0.0016156060057036913
-0.3312762975692749 | [0.13] | -0.0015795732844262893
-0.32768553495407104 | [0.12] | -0.0015138056778023845
-0.32529643177986145 | [0.12] | -0.0014203577080554317
-0.3241296410560608 | [0.11] | -0.0013022761868047286
-0.32419997453689575 | [0.11] | -0.0011635571086070493
-0.32551640272140503 | [0.1] | -0.0010090829066019017
-0.3280818462371826 | [0.09] | -0.0008445436208972109
-0.3318931758403778 | [0.08] | -0.0006763328009788751
-0.3369409739971161 | [0.07] | -0.0005114262505883474
-0.3432094156742096 | [0.06] | -0.000357236741882653
-0.3506760597229004 | [0.05] | -0.00022144888952031254
-0.35931164026260376 | [0.03] | -0.00011183429538126934
-0.36907991766929626 | [0.02] | -3.604925174018926e-05
-0.3799375593662262 | [0.] | -1.4197909675490183e-06
-0.39183396100997925 | [-0.01] | -1.4719876573369821e-05
-0.4047112464904785 | [-0.03] | -8.194822542782706e-05
-0.41850435733795166 | [-0.05] | -0.00020811353014619927
-0.4331411123275757 | [-0.06] | -0.0003970355550199335
-0.4485425055027008 | [-0.08] | -0.0006511726931352287
-0.4646231234073639 | [-0.1] | -0.0009714848007192069
-0.48129159212112427 | [-0.12] | -0.0013573380302715416
-0.498451292514801 | [-0.13] | -0.0018064604022120087
-0.5160010457038879 | [-0.15] | -0.0023149493688094393
-0.5338359475135803 | [-0.17] | -0.0028773319640958174
-0.5518485307693481 | [-0.19] | -0.003486685915470777
-0.5699295997619629 | [-0.2] | -0.004134797412421725
-0.5879693031311035 | [-0.22] | -0.0048123632178965715
-0.605858325958252 | [-0.23] | -0.005509229406229567
-0.62348872423172 | [-0.25] | -0.0062146348779294975
-0.6407549977302551 | [-0.26] | -0.006917476923326913
-0.657555103302002 | [-0.28] | -0.007606574261038543
-0.6737910509109497 | [-0.29] | -0.008270904626665012
-0.6893696784973145 | [-0.3] | -0.00889983702765281
-0.7042031288146973 | [-0.31] | -0.009483331291787623
-0.7182093262672424 | [-0.32] | -0.01001211450453097
-0.7313120365142822 | [-0.32] | -0.010477814775044371
-0.7434413433074951 | [-0.33] | -0.010873095136482413
-0.7545334100723267 | [-0.33] | -0.011191728428095316
-0.7645305395126343 | [-0.34] | -0.011428670062422258
-0.7733810544013977 | [-0.34] | -0.011580106226502896
-0.7810391187667847 | [-0.34] | -0.011643485350344839
-0.7874644994735718 | [-0.34] | -0.01161753518626383
-0.7926225066184998 | [-0.34] | -0.011502281927286273
-0.79648357629776 | [-0.34] | -0.011299038377917764
-0.7990232706069946 | [-0.33] | -0.011010408869375576
-0.8002221584320068 | [-0.33] | -0.010640276326948521
-0.8000656962394714 | [-0.32] | -0.01019377767737037
-0.7985443472862244 | [-0.31] | -0.009677278037878437
-0.7956535220146179 | [-0.3] | -0.009098316429385937
-0.7913938760757446 | [-0.29] | -0.008465550251866337
-0.785771369934082 | [-0.28] | -0.007788660691751605
-0.7787977457046509 | [-0.27] | -0.007078252143923006
-0.7704907655715942 | [-0.25] | -0.0063457058169164825
-0.7608746886253357 | [-0.24] | -0.00560301279551384
-0.749980628490448 | [-0.22] | -0.004862565283981955
-0.7378470301628113 | [-0.2] | -0.004136921972599977
-0.7245200276374817 | [-0.19] | -0.00343853847612349
-0.7100538611412048 | [-0.17] | -0.0027794773888674892
-0.6945111751556396 | [-0.15] | -0.00217109930191044
-0.6779630780220032 | [-0.13] | -0.0016237453247631897
-0.6604893207550049 | [-0.11] | -0.001146433002298561
-0.6421781182289124 | [-0.09] | -0.0007465693935828247
-0.6231257915496826 | [-0.07] | -0.00042970192771571994
-0.6034364104270935 | [-0.04] | -0.0001993246499151282
-0.583220899105072 | [-0.02] | -5.674547369280774e-05
-0.562596321105957 | [-0.] | -1.032928222741147e-06
-0.5416847467422485 | [0.02] | -2.9041167813044838e-05
-0.5206120610237122 | [0.04] | -0.0001355166951683487
-0.49950656294822693 | [0.06] | -0.0003132823397337313
-0.47849762439727783 | [0.07] | -0.0005534882889672077
-0.457714319229126 | [0.09] | -0.0008459145045856542
-0.437283992767334 | [0.11] | -0.0011793111783594838
-0.41733092069625854 | [0.12] | -0.0015417587499613476
-0.3979751765727997 | [0.14] | -0.001921026979473797
-0.3793315589427948 | [0.15] | -0.0023049228095770777
-0.3615087568759918 | [0.16] | -0.002681609118413114
-0.3446086347103119 | [0.17] | -0.003039890942521443
-0.32872581481933594 | [0.18] | -0.0033694577893449576
-0.3139473795890808 | [0.19] | -0.0036610845982570357
-0.30035266280174255 | [0.2] | -0.003906795737858284
-0.28801342844963074 | [0.2] | -0.004099982400418867
-0.27699387073516846 | [0.21] | -0.0042354973478457335
-0.2673510015010834 | [0.21] | -0.004309712009168813
-0.25913479924201965 | [0.21] | -0.004320562251132292
-0.2523886561393738 | [0.21] | -0.0042675664139302455
-0.24714961647987366 | [0.2] | -0.004151836761290868
-0.2434486597776413 | [0.2] | -0.00397607565549063
-0.2413109540939331 | [0.19] | -0.003744559444908398
-0.24075600504875183 | [0.19] | -0.0034631098759427196
-0.24179768562316895 | [0.18] | -0.003139050898961701
-0.24444420635700226 | [0.17] | -0.0027811438666415066
-0.2486979365348816 | [0.15] | -0.0023994992480226396
-0.25455519556999207 | [0.14] | -0.0020054550301699665
-0.2620057761669159 | [0.13] | -0.0016114233172435666
-0.2710326313972473 | [0.11] | -0.0012306881190825652
-0.28161120414733887 | [0.09] | -0.0008771642613911099
-0.2937089204788208 | [0.08] | -0.0005651030149531324
-0.3072845935821533 | [0.06] | -0.0003087524819077319
-0.32228776812553406 | [0.03] | -0.00012197612193460826
-0.33865827322006226 | [0.01] | -1.7835629217626358e-05
-0.3563257157802582 | [-0.01] | -8.154852503425639e-06
-0.3752092719078064 | [-0.03] | -0.00010308026872729006
-0.39521750807762146 | [-0.06] | -0.0003106607309055406
-0.4162485897541046 | [-0.08] | -0.0006364705101280064
-0.43819060921669006 | [-0.1] | -0.0010832992829802339
-0.46092233061790466 | [-0.13] | -0.0016509347200069026
-0.48431408405303955 | [-0.15] | -0.00233605208788125
-0.5082290768623352 | [-0.18] | -0.0031322295144510224
-0.5325247645378113 | [-0.2] | -0.004030084295696382
-0.5570546388626099 | [-0.22] | -0.005017534053446972
-0.5816699862480164 | [-0.25] | -0.006080161567415163
-0.6062219142913818 | [-0.27] | -0.007201668776922527
-0.6305630207061768 | [-0.29] | -0.008364369902548656
-0.6545494198799133 | [-0.31] | -0.009549730392425626
-0.6780422925949097 | [-0.33] | -0.0107388831771505
-0.7009093761444092 | [-0.35] | -0.011913119736118903
-0.7230262160301208 | [-0.36] | -0.013054324787215672
-0.7442769408226013 | [-0.38] | -0.014145335533992122
-0.764555037021637 | [-0.39] | -0.015170236242859406
-0.7837634682655334 | [-0.4] | -0.016114556216504823
-0.8018149733543396 | [-0.41] | -0.0169654273806827
-0.8186317086219788 | [-0.42] | -0.017711647636541927
-0.8341447710990906 | [-0.43] | -0.01834370466636421
-0.8482937812805176 | [-0.43] | -0.0188537769116932
-0.8610261082649231 | [-0.44] | -0.019235695508942368
-0.8722962141036987 | [-0.44] | -0.019484907138416815
-0.8820647597312927 | [-0.44] | -0.019598420654873334
-0.8902978897094727 | [-0.44] | -0.019574772670816875
-0.8969665765762329 | [-0.44] | -0.019414007577019193
-0.9020457863807678 | [-0.44] | -0.019117651236176713
-0.9055141806602478 | [-0.43] | -0.018688737296618907
-0.9073534607887268 | [-0.43] | -0.018131810261020596
-0.9075483083724976 | [-0.42] | -0.01745297777494004
-0.9060859680175781 | [-0.41] | -0.016659931539623616
-0.9029566049575806 | [-0.4] | -0.015762016329190175
-0.8981531858444214 | [-0.38] | -0.014770243586964965
-0.8916720151901245 | [-0.37] | -0.013697324565910796
-0.8835132122039795 | [-0.35] | -0.01255765849775967
-0.873681366443634 | [-0.34] | -0.01136728235286428
-0.8621863722801208 | [-0.32] | -0.010143768536269018
-0.8490444421768188 | [-0.3] | -0.008906061946710018
-0.8342790007591248 | [-0.28] | -0.007674226600224008
-0.8179219961166382 | [-0.25] | -0.0064691296864022646
-0.8000149726867676 | [-0.23] | -0.005312022640732957
-0.7806100845336914 | [-0.21] | -0.004224037954953438
-0.7597712874412537 | [-0.18] | -0.003225623226196284
-0.737575113773346 | [-0.15] | -0.0023359084357888193
-0.714111328125 | [-0.13] | -0.001572049249259163
-0.6894833445549011 | [-0.1] | -0.00094857840388109
-0.6638080477714539 | [-0.07] | -0.000476798803658016
-0.6372154355049133 | [-0.04] | -0.00016427603100375166
-0.609847903251648 | [-0.01] | -1.4461462352864276e-05
-0.58185875415802 | [0.02] | -2.6480497905794503e-05
-0.5534104704856873 | [0.04] | -0.00019511634900793633
-0.5246726274490356 | [0.07] | -0.0005109930227403803
-0.4958195090293884 | [0.1] | -0.0009609484488890332
-0.4670274555683136 | [0.12] | -0.0015285741815805776
-0.4384722113609314 | [0.15] | -0.0021948792710195834
-0.4103262722492218 | [0.17] | -0.002939032580927227
-0.38275647163391113 | [0.19] | -0.003739127050623197
-0.35592177510261536 | [0.21] | -0.004572920717931873
-0.3299715220928192 | [0.23] | -0.005418508725867147
-0.3050439953804016 | [0.25] | -0.006254900517906509
-0.2812655568122864 | [0.27] | -0.0070624788604032795
-0.2587500512599945 | [0.28] | -0.007823346780883296
-0.23759886622428894 | [0.29] | -0.00852155194269425
-0.21790114045143127 | [0.3] | -0.00914322144682484
-0.19973443448543549 | [0.31] | -0.009676610700864478
-0.18316559493541718 | [0.32] | -0.010112094694391597
-0.16825172305107117 | [0.32] | -0.010442127178936082
-0.15504136681556702 | [0.33] | -0.010661173987953066
-0.14357565343379974 | [0.33] | -0.010765647408738312
-0.13388943672180176 | [0.33] | -0.010753848135475396
-0.12601234018802643 | [0.33] | -0.010625927288322783
-0.11996976286172867 | [0.32] | -0.01038386715802262
-0.11578365415334702 | [0.32] | -0.010031489882952837
-0.11347314715385437 | [0.31] | -0.009574488065433144
-0.1130550354719162 | [0.3] | -0.0090204724497898
-0.11454399675130844 | [0.29] | -0.00837903315726516
-0.11795260012149811 | [0.28] | -0.0076618035297689084
-0.12329111248254776 | [0.26] | -0.006882512462905068
-0.1305670440196991 | [0.25] | -0.0060570141449551515
-0.13978445529937744 | [0.23] | -0.005203276264025704
-0.1509430855512619 | [0.21] | -0.0043413072477662806
-0.16403721272945404 | [0.19] | -0.0034930058511534246
-0.1790543496608734 | [0.16] | -0.0026819117125728396
-0.195973739027977 | [0.14] | -0.001932841739760386
-0.21476483345031738 | [0.11] | -0.0012713959828729597
-0.23538559675216675 | [0.09] | -0.0007233355721552808
-0.25778093934059143 | [0.06] | -0.0003138288839349724
-0.2818812131881714 | [0.03] | -6.659287215418598e-05
-0.30760088562965393 | [-0.01] | -2.95847575465316e-06
-0.3348377048969269 | [-0.04] | -0.00014090988577094652
-0.3634720742702484 | [-0.07] | -0.0004941622720890047
-0.3933671712875366 | [-0.1] | -0.0010713479459036003
-0.42436960339546204 | [-0.14] | -0.0018753881782617632
-0.4563107192516327 | [-0.17] | -0.002903114448806478
-0.48900866508483887 | [-0.2] | -0.004145195330281161
-0.5222709774971008 | [-0.24] | -0.00558638684578101
-0.5558977723121643 | [-0.27] | -0.0072061080804251
-0.5896853804588318 | [-0.3] | -0.008979299317835152
-0.6234300136566162 | [-0.33] | -0.010877485198811885
-0.6569318175315857 | [-0.36] | -0.0128699826620412
-0.689998209476471 | [-0.39] | -0.01492510372380056
-0.7224472761154175 | [-0.41] | -0.01701132090230296
-0.7541105151176453 | [-0.44] | -0.01909827672769858
-0.7848349809646606 | [-0.46] | -0.021157597636226044
-0.8144846558570862 | [-0.48] | -0.023163477846298113
-0.842941164970398 | [-0.5] | -0.025093036487959686
-0.8701038956642151 | [-0.52] | -0.026926467891136424
-0.8958895802497864 | [-0.54] | -0.02864702204998003
-0.920231282711029 | [-0.55] | -0.030240839158016744
-0.943077027797699 | [-0.56] | -0.03169668887051932
-0.9643882513046265 | [-0.57] | -0.03300566625561453
-0.984138011932373 | [-0.58] | -0.03416085733115928
-1.0023090839385986 | [-0.59] | -0.03515700450795372
-1.0188921689987183 | [-0.6] | -0.03599020483672319
-1.0338841676712036 | [-0.61] | -0.036657647782546314
-1.0472862720489502 | [-0.61] | -0.03715736053610837
-1.0591027736663818 | [-0.61] | -0.037488066389021475
-1.0693392753601074 | [-0.61] | -0.03764900802478304
-1.078001618385315 | [-0.61] | -0.03763987660709009
-1.085094928741455 | [-0.61] | -0.037460780658924955
-1.0906225442886353 | [-0.61] | -0.037112229080759764
-1.0945850610733032 | [-0.6] | -0.03659514913406542
-1.0969802141189575 | [-0.6] | -0.035911018525945644
-1.0978020429611206 | [-0.59] | -0.03506194248672232
-1.0970408916473389 | [-0.58] | -0.03405083976491737
-1.0946829319000244 | [-0.57] | -0.03288159750027081
-1.0907104015350342 | [-0.56] | -0.03155931812712467
-1.085101842880249 | [-0.55] | -0.03009057656843302
-1.0778322219848633 | [-0.53] | -0.028483672269650408
-1.0688737630844116 | [-0.52] | -0.02674894930623597
-1.0581963062286377 | [-0.5] | -0.024899054742563726
-1.0457687377929688 | [-0.48] | -0.022949267552892068
-1.031559705734253 | [-0.46] | -0.020917709601678117
-1.015539526939392 | [-0.43] | -0.018825585112014688
-0.9976814389228821 | [-0.41] | -0.016697258430753783
-0.9779638051986694 | [-0.38] | -0.014560272865357774
-0.9563722610473633 | [-0.35] | -0.01244518728302959
-0.9329020977020264 | [-0.32] | -0.010385228805300644
-0.9075608849525452 | [-0.29] | -0.00841572693163712
-0.8803709745407104 | [-0.26] | -0.006573295077297351
-0.851372241973877 | [-0.22] | -0.004894779895085442
-0.8206245303153992 | [-0.18] | -0.0034159757270638817
-0.7882096767425537 | [-0.15] | -0.00217015720267293
-0.754233181476593 | [-0.11] | -0.0011865195927773875
-0.718825101852417 | [-0.07] | -0.0004886306246350716
-0.6821399331092834 | [-0.03] | -9.30260405927192e-05
-0.6443557739257812 | [0.01] | -8.100877749855906e-06
-0.6056721210479736 | [0.05] | -0.00023341713153831407
-0.5663066506385803 | [0.09] | -0.0007595344444781102
-0.5264910459518433 | [0.13] | -0.00156840855848203
-0.4864659011363983 | [0.16] | -0.0026343395904152803
-0.44647520780563354 | [0.2] | -0.003925383193426226
-0.4067606031894684 | [0.23] | -0.005405089343049705
-0.3675557076931 | [0.27] | -0.007034392118332682
-0.3290810286998749 | [0.3] | -0.008773470688220054
-0.2915395200252533 | [0.33] | -0.010583433916912681
-0.25511327385902405 | [0.35] | -0.012427692259546083
-0.21996109187602997 | [0.38] | -0.014272976262896371
-0.18621738255023956 | [0.4] | -0.01608996126626268
-0.1539919078350067 | [0.42] | -0.01785355359644109
-0.12337056547403336 | [0.44] | -0.019542871670302275
-0.09441682696342468 | [0.46] | -0.021141008991675043
-0.0671737790107727 | [0.48] | -0.02263464548335909
-0.04166650399565697 | [0.49] | -0.024013579238371618
-0.017904669046401978 | [0.5] | -0.025270223548185235
0.004114814102649689 | [0.51] | -0.026399120909508224
0.024405188858509064 | [0.52] | -0.027396487827324224
0.042987387627363205 | [0.53] | -0.02825981702264127
0.05988774448633194 | [0.54] | -0.02898753722658507
0.07513594627380371 | [0.54] | -0.029578733472499643
0.08876318484544754 | [0.55] | -0.030032925812429806
0.10080057382583618 | [0.55] | -0.030349901044290663
0.1112777590751648 | [0.55] | -0.03052959363381698
0.12022176384925842 | [0.55] | -0.030572010689755753
0.1276559978723526 | [0.55] | -0.030477195451819705
0.1335994154214859 | [0.55] | -0.030245225296655007
0.138065904378891 | [0.55] | -0.02987625227114703
0.14106367528438568 | [0.54] | -0.02937056529082617
0.14259490370750427 | [0.54] | -0.028728697871504186
0.1426554024219513 | [0.53] | -0.02795156355157241
0.1412344127893448 | [0.52] | -0.027040628005708767
0.13831450045108795 | [0.51] | -0.025998118868417894
0.13387157022953033 | [0.5] | -0.024827274886123595
0.1278749704360962 | [0.49] | -0.02353263285180251
0.12028773874044418 | [0.47] | -0.022120353782859314
0.11106701195240021 | [0.45] | -0.020598587041070773
0.10016456991434097 | [0.44] | -0.018977862757813036
0.08752760291099548 | [0.42] | -0.017271505441960166
0.07309971749782562 | [0.39] | -0.015496055873397597
0.05682217702269554 | [0.37] | -0.013671673840292792
0.0386355035007 | [0.34] | -0.01182249665021038
0.018481360748410225 | [0.32] | -0.009976912579970937
-0.003695146646350622 | [0.29] | -0.008167696936093483
-0.02794281393289566 | [0.25] | -0.0064319621410635665
-0.05430128052830696 | [0.22] | -0.004810850252837045
-0.08279764652252197 | [0.18] | -0.0033489108874796914
-0.11344277858734131 | [0.14] | -0.002093109298550934
-0.14622750878334045 | [0.1] | -0.00109143094582296
-0.18111881613731384 | [0.06] | -0.0003910817422665225
-0.21805626153945923 | [0.02] | -3.633643799050554e-05
-0.2569490075111389 | [-0.03] | -6.614061622681949e-05
-0.29767364263534546 | [-0.07] | -0.0005116452129800641
-0.34007319808006287 | [-0.12] | -0.0013939044341855205
-0.38395780324935913 | [-0.16] | -0.002722007861028315
-0.42910683155059814 | [-0.21] | -0.0044919118260639225
-0.4752730131149292 | [-0.26] | -0.006686186821673924
-0.5221882462501526 | [-0.3] | -0.009274798070904734
-0.5695708394050598 | [-0.35] | -0.01221690200063608
-0.6171340346336365 | [-0.39] | -0.015463508792798765
-0.6645947694778442 | [-0.44] | -0.018960702887980758
-0.7116824388504028 | [-0.48] | -0.022653078661145576
-0.7581470608711243 | [-0.51] | -0.026487030505592476
-0.8037661910057068 | [-0.55] | -0.030413586854426345
-0.8483501076698303 | [-0.59] | -0.03439055249368351
-0.8917454481124878 | [-0.62] | -0.03838392585787303
-0.9338370561599731 | [-0.65] | -0.042368580838736895
-0.9745482206344604 | [-0.68] | -0.046328348875173224
-1.0138394832611084 | [-0.71] | -0.050255627242180134
-1.0517066717147827 | [-0.74] | -0.05415074398643105
-1.0881779193878174 | [-0.76] | -0.0580211566563921
-1.1233105659484863 | [-0.79] | -0.061880689170243725
-1.157188057899475 | [-0.81] | -0.06574887884162736
-1.189916729927063 | [-0.83] | -0.0696504442774558
-1.2000000476837158 | [-0.68] | -0.046240005836487
-1.1987781524658203 | [-0.67] | -0.045264753890356675
-1.1963194608688354 | [-0.66] | -0.04414197674491174
-1.1926034688949585 | [-0.65] | -0.04287145576211628
-1.1876037120819092 | [-0.64] | -0.04145356964046465
-1.181288242340088 | [-0.63] | -0.03988958015655415
-1.1736197471618652 | [-0.62] | -0.0381818982816071
-1.1645557880401611 | [-0.6] | -0.036334387899570934
-1.154049277305603 | [-0.59] | -0.03435271300918246
-1.1420493125915527 | [-0.57] | -0.032244736245312364
-1.1285016536712646 | [-0.55] | -0.030020876067387514
-1.1133497953414917 | [-0.53] | -0.02769451315664706
-1.09653639793396 | [-0.5] | -0.02528239057146698
-1.0780045986175537 | [-0.48] | -0.022804938060370664
-1.0576997995376587 | [-0.45] | -0.020286536451193563
-1.035571813583374 | [-0.42] | -0.017755674974990452
-1.0115774869918823 | [-0.39] | -0.015244952659804568
-0.985683023929596 | [-0.36] | -0.012790815734665218
-0.9578675031661987 | [-0.32] | -0.010433100420296106
-0.9281257390975952 | [-0.29] | -0.008214198108445703
-0.8964716792106628 | [-0.25] | -0.006177917771209724
-0.8629416823387146 | [-0.21] | -0.0043679998582619095
-0.8275974988937378 | [-0.17] | -0.0028263287916093175
-0.7905286550521851 | [-0.13] | -0.0015909210626392709
-0.7518543004989624 | [-0.08] | -0.0006938384761009507
-0.7117236256599426 | [-0.04] | -0.0001591844511210694
-0.6703155636787415 | [0.] | -1.4108969599678004e-06
-0.6278367042541504 | [0.05] | -0.00022411969738924927
-0.5845177173614502 | [0.09] | -0.0008195491075132296
-0.5406085848808289 | [0.13] | -0.0017688441073898987
-0.49637243151664734 | [0.17] | -0.0030431233848411
-0.45207858085632324 | [0.21] | -0.004605249732836692
-0.4079951345920563 | [0.25] | -0.006412116499996988
-0.3643816113471985 | [0.29] | -0.008417202089608139
-0.3214821517467499 | [0.33] | -0.010573123584312588
-0.27951961755752563 | [0.36] | -0.012833949087577423
-0.238691046833992 | [0.39] | -0.015157074309888744
-0.199164479970932 | [0.42] | -0.017504585841635233
-0.16107720136642456 | [0.45] | -0.019844076950217428
-0.1245354637503624 | [0.47] | -0.022148953977198918
-0.08961533010005951 | [0.49] | -0.024398349312924235
-0.056364476680755615 | [0.52] | -0.026576730215287555
-0.024804677814245224 | [0.54] | -0.028673324462084378
0.00506525207310915 | [0.55] | -0.030681448417947583
0.033266332000494 | [0.57] | -0.03259783107469976
0.05983626842498779 | [0.59] | -0.03442196275689798
0.08482643216848373 | [0.6] | -0.03615552052119549
0.10829905420541763 | [0.61] | -0.03780186952174511
0.13032470643520355 | [0.63] | -0.03936565267276767
0.150980144739151 | [0.64] | -0.0408524674340438
0.1703464239835739 | [0.65] | -0.04226861032099749
0.1885073184967041 | [0.66] | -0.04362088107363415
0.20554813742637634 | [0.67] | -0.04491645420888135
0.2215546816587448 | [0.68] | -0.04616277917948646
0.23661257326602936 | [0.69] | -0.04736753373239094
0.25080665946006775 | [0.7] | -0.04853858624697059
0.2642206847667694 | [0.7] | -0.04968399839973346
0.2769371271133423 | [0.71] | -0.050812045957775435
0.28903713822364807 | [0.72] | -0.05193125386032578
0.30060049891471863 | [0.73] | -0.053050436863844364
0.31170591711997986 | [0.74] | -0.05417878466115066
0.32243111729621887 | [0.74] | -0.05532592623333006
0.33285319805145264 | [0.75] | -0.0565020337671959
0.343049019575119 | [0.76] | -0.057717942141574156
0.35309556126594543 | [0.77] | -0.058985270866613086
0.36307039856910706 | [0.78] | -0.0603165818793776
0.3730522096157074 | [0.79] | -0.061725552905127545
0.38312140107154846 | [0.8] | -0.06322719321819313
0.3933606743812561 | [0.81] | -0.06483807861540522
0.40385565161705017 | [0.82] | -0.06657662059662937
0.4146956503391266 | [0.83] | -0.06846340393657376
0.4259744882583618 | [0.84] | -0.0705215670178503
0.43779122829437256 | [0.85] | 99.92722276417318
Total reward: 93.44904076864402
0.9, 5.0, 0.4
parameter ends

state | action | reward
[-0.53] | [-0.08] | -0.0005821202656989044
-0.5292909741401672 | [-0.08] | -0.0005886474893173166
-0.5294356942176819 | [-0.08] | -0.000596224768678717
-0.5296524167060852 | [-0.08] | -0.0006048310730919733
-0.5299404263496399 | [-0.08] | -0.0006144424156058144
-0.5302984714508057 | [-0.08] | -0.0006250280933268282
-0.530724823474884 | [-0.08] | -0.0006365511194422831
-0.5312173962593079 | [-0.08] | -0.0006489695115987261
-0.5317736864089966 | [-0.08] | -0.0006622349829727846
-0.5323907732963562 | [-0.08] | -0.0006762924985779452
-0.5330652594566345 | [-0.08] | -0.0006910789512154951
-0.5337934494018555 | [-0.08] | -0.0007065254385128034
-0.5345712900161743 | [-0.09] | -0.00072255604269623
-0.5353943705558777 | [-0.09] | -0.0007390875086650849
-0.5362579226493835 | [-0.09] | -0.0007560290250500956
-0.5371569991111755 | [-0.09] | -0.0007732848949857017
-0.5380862951278687 | [-0.09] | -0.0007907516317823826
-0.5390403866767883 | [-0.09] | -0.0008083218282710982
-0.5400135517120361 | [-0.09] | -0.0008258813720351181
-0.5409999489784241 | [-0.09] | -0.0008433125912886146
-0.5419936776161194 | [-0.09] | -0.0008604955846121698
-0.542988657951355 | [-0.09] | -0.0008773066038474541
-0.5439788103103638 | [-0.09] | -0.0008936215416091864
-0.5449579954147339 | [-0.1] | -0.0009093154997326866
-0.5459201335906982 | [-0.1] | -0.0009242653990044358
-0.5468592047691345 | [-0.1] | -0.0009383506611948886
-0.5477692484855652 | [-0.1] | -0.0009514538628553626
-0.548644483089447 | [-0.1] | -0.0009634635244813741
-0.5494793057441711 | [-0.1] | -0.0009742747881762508
-0.5502682328224182 | [-0.1] | -0.0009837890041719183
-0.5510061383247375 | [-0.1] | -0.000991918620993303
-0.5516881346702576 | [-0.1] | -0.0009985855579604792
-0.5523095726966858 | [-0.1] | -0.0010037216920820873
-0.5528662204742432 | [-0.1] | -0.001007272475973389
-0.5533542037010193 | [-0.1] | -0.0010091960999024047
-0.5537700057029724 | [-0.1] | -0.001009463644134305
-0.5541105270385742 | [-0.1] | -0.0010080601920461037
-0.5543731451034546 | [-0.1] | -0.0010049857990696897
-0.5545556545257568 | [-0.1] | -0.0010002541295451568
-0.5546563267707825 | [-0.1] | -0.0009938931729477126
-0.554673969745636 | [-0.1] | -0.0009859457774096783
-0.5546078085899353 | [-0.1] | -0.0009764668217933398
-0.5544576644897461 | [-0.1] | -0.0009655256809485199
-0.5542237758636475 | [-0.1] | -0.0009532020942874475
-0.5539069771766663 | [-0.1] | -0.0009395884041294106
-0.5535085797309875 | [-0.1] | -0.0009247863247233033
-0.5530304312705994 | [-0.1] | -0.0009089068826207714
-0.552474856376648 | [-0.09] | -0.0008920681891250615
-0.5518446564674377 | [-0.09] | -0.0008743942944408768
-0.5511431097984314 | [-0.09] | -0.0008560140124463706
-0.5503739714622498 | [-0.09] | -0.0008370597794790133
-0.5495414733886719 | [-0.09] | -0.0008176665171970851
-0.5486502647399902 | [-0.09] | -0.0007979696036005556
-0.547705352306366 | [-0.09] | -0.0007781029662419637
-0.5467121005058289 | [-0.09] | -0.0007581983434512551
-0.5456762313842773 | [-0.09] | -0.0007383845880209937
-0.5446038246154785 | [-0.08] | -0.0007187870811066321
-0.5435011386871338 | [-0.08] | -0.000699524576906949
-0.5423747301101685 | [-0.08] | -0.0006807108835772363
-0.5412313342094421 | [-0.08] | -0.0006624529291460686
-0.5400778651237488 | [-0.08] | -0.0006448509324876203
-0.5389212965965271 | [-0.08] | -0.000627996884460344
-0.5377687215805054 | [-0.08] | -0.0006119759494649547
-0.5366272330284119 | [-0.08] | -0.0005968652687208355
-0.5355039238929749 | [-0.08] | -0.0005827347135649088
-0.5344058871269226 | [-0.08] | -0.000569647701798221
-0.5333399772644043 | [-0.07] | -0.0005576588183008832
-0.5323130488395691 | [-0.07] | -0.0005468181358732176
-0.5313317179679871 | [-0.07] | -0.000537168946035707
-0.5304023027420044 | [-0.07] | -0.000528748080826623
-0.529530942440033 | [-0.07] | -0.0005215885848137296
-0.528723418712616 | [-0.07] | -0.0005157183438500084
-0.5279852151870728 | [-0.07] | -0.000511161854187437
-0.5273213386535645 | [-0.07] | -0.0005079388001440917
-0.5267364382743835 | [-0.07] | -0.0005060664203324623
-0.5262347459793091 | [-0.07] | -0.0005055593849374491
-0.5258198976516724 | [-0.07] | -0.0005064280483485908
-0.525495171546936 | [-0.07] | -0.0005086819340002787
-0.5252631902694702 | [-0.07] | -0.000512326098128964
-0.5251260995864868 | [-0.07] | -0.0005173635558559378
-0.52508544921875 | [-0.07] | -0.000523793636012544
-0.5251421928405762 | [-0.07] | -0.0005316117444669003
-0.5252967476844788 | [-0.07] | -0.0005408097644764171
-0.5255488753318787 | [-0.07] | -0.0005513739481839315
-0.525897741317749 | [-0.08] | -0.0005632850578751631
-0.52634197473526 | [-0.08] | -0.0005765184325937184
-0.5268794894218445 | [-0.08] | -0.0005910407016394862
-0.5275077223777771 | [-0.08] | -0.0006068121794501324
-0.5282235145568848 | [-0.08] | -0.0006237843114649806
-0.5290230512619019 | [-0.08] | -0.0006418978580608483
-0.5299021005630493 | [-0.08] | -0.0006610854315325616
-0.5308558344841003 | [-0.08] | -0.0006812680579126449
-0.5318789482116699 | [-0.08] | -0.0007023561310766099
-0.5329657196998596 | [-0.09] | -0.0007242496819964586
-0.534109890460968 | [-0.09] | -0.0007468359605122749
-0.535304844379425 | [-0.09] | -0.0007699917906210632
-0.5365436673164368 | [-0.09] | -0.0007935842949869701
-0.5378190279006958 | [-0.09] | -0.000817468901298711
-0.5391234159469604 | [-0.09] | -0.0008414932829269875
-0.5404490232467651 | [-0.09] | -0.0008654957296293309
-0.5417878031730652 | [-0.09] | -0.0008893065232142317
-0.5431317090988159 | [-0.1] | -0.0009127526295070782
-0.5444725155830383 | [-0.1] | -0.0009356554313538747
-0.5458019375801086 | [-0.1] | -0.0009578337155417377
-0.5471118092536926 | [-0.1] | -0.0009791078441310588
-0.5483939051628113 | [-0.1] | -0.0009992977487177496
-0.5496401190757751 | [-0.1] | -0.0010182273117631932
-0.5508425831794739 | [-0.1] | -0.0010357278359788905
-0.5519936084747314 | [-0.1] | -0.0010516381888937445
-0.5530857443809509 | [-0.1] | -0.0010658071471530697
-0.554111897945404 | [-0.1] | -0.0010780967787587807
-0.5550652742385864 | [-0.1] | -0.0010883824328150097
-0.5559394955635071 | [-0.1] | -0.0010965559601051594
-0.5567286014556885 | [-0.11] | -0.0011025265091085792
-0.557427167892456 | [-0.11] | -0.0011062234472085694
-0.5580301880836487 | [-0.11] | -0.0011075945122361011
-0.5585333108901978 | [-0.11] | -0.0011066106042868758
-0.5589326620101929 | [-0.11] | -0.0011032623366714444
-0.5592250823974609 | [-0.1] | -0.0010975643485690422
-0.5594079494476318 | [-0.1] | -0.0010895513524294695
-0.5594793558120728 | [-0.1] | -0.0010792808277908027
-0.5594379901885986 | [-0.1] | -0.0010668297504121292
-0.5592833161354065 | [-0.1] | -0.0010522967714735021
-0.5590153932571411 | [-0.1] | -0.0010357974033508386
-0.5586349964141846 | [-0.1] | -0.0010174647055786789
-0.5581436157226562 | [-0.1] | -0.0009974474980626964
-0.5575433969497681 | [-0.1] | -0.0009759073843773312
-0.5568372011184692 | [-0.1] | -0.0009530178722313382
-0.5560286045074463 | [-0.1] | -0.0009289623041573518
-0.5551217198371887 | [-0.1] | -0.000903928671480174
-0.5541213750839233 | [-0.09] | -0.0008781108289666163
-0.5530329942703247 | [-0.09] | -0.0008517044169097575
-0.5518625974655151 | [-0.09] | -0.0008249050853288549
-0.5506166815757751 | [-0.09] | -0.0007979048440154648
-0.549302339553833 | [-0.09] | -0.0007708926108725401
-0.5479271411895752 | [-0.09] | -0.0007440509316968041
-0.5464990139007568 | [-0.08] | -0.0007175531045434394
-0.5450263619422913 | [-0.08] | -0.000691564373568357
-0.5435178279876709 | [-0.08] | -0.0006662377884844175
-0.5419824123382568 | [-0.08] | -0.0006417159009006573
-0.5404293537139893 | [-0.08] | -0.0006181290941398364
-0.5388680696487427 | [-0.08] | -0.0005955951441386459
-0.5373080372810364 | [-0.08] | -0.0005742183211226315
-0.535758912563324 | [-0.07] | -0.0005540920373105263
-0.5342302322387695 | [-0.07] | -0.0005352959576553172
-0.5327315926551819 | [-0.07] | -0.0005178999305429763
-0.5312724113464355 | [-0.07] | -0.0005019623770906978
-0.5298619866371155 | [-0.07] | -0.0004875328832335446
-0.5285093188285828 | [-0.07] | -0.0004746517439612769
-0.5272231698036194 | [-0.07] | -0.0004633526724552522
-0.5260119438171387 | [-0.07] | -0.00045366317521639937
-0.5248836278915405 | [-0.07] | -0.000445605708889501
-0.5238457918167114 | [-0.07] | -0.0004391994295522069
-0.5229055285453796 | [-0.07] | -0.0004344611100691508
-0.5220693349838257 | [-0.07] | -0.0004314051418123898
-0.5213431119918823 | [-0.07] | -0.00043004482240596357
-0.5207322239875793 | [-0.07] | -0.0004303940436062867
-0.5202412009239197 | [-0.07] | -0.0004324644682551846
-0.5198740363121033 | [-0.07] | -0.00043626955916971366
-0.5196338891983032 | [-0.07] | -0.00044182113683103696
-0.5195231437683105 | [-0.07] | -0.00044912995264830273
-0.5195435285568237 | [-0.07] | -0.0004582066854964628
-0.5196958184242249 | [-0.07] | -0.00046905755903253423
-0.5199801325798035 | [-0.07] | -0.00048168701795444263
-0.5203956961631775 | [-0.07] | -0.0004960935223486476
-0.520940899848938 | [-0.07] | -0.0005122688330601824
-0.5216134190559387 | [-0.07] | -0.0005301979343647414
-0.5224100351333618 | [-0.07] | -0.0005498549786009037
-0.5233268141746521 | [-0.08] | -0.0005712038222888085
-0.5243589878082275 | [-0.08] | -0.0005941945699853957
-0.5255010724067688 | [-0.08] | -0.0006187634041771258
-0.526746928691864 | [-0.08] | -0.0006448316751894796
-0.5280895829200745 | [-0.08] | -0.0006723017270473549
-0.5295215845108032 | [-0.08] | -0.0007010606325862989
-0.5310347676277161 | [-0.09] | -0.0007309754992138602
-0.5326204299926758 | [-0.09] | -0.0007618951024099493
-0.5342693328857422 | [-0.09] | -0.0007936492569278552
-0.5359718799591064 | [-0.09] | -0.0008260512490494778
-0.5377179384231567 | [-0.09] | -0.0008588949360655399
-0.5394971966743469 | [-0.09] | -0.0008919608981591422
-0.5412989258766174 | [-0.1] | -0.0009250130880249206
-0.5431122183799744 | [-0.1] | -0.0009578038175425817
-0.5449260473251343 | [-0.1] | -0.0009900760944627517
-0.5467292666435242 | [-0.1] | -0.0010215651671748357
-0.5485107898712158 | [-0.1] | -0.0010520035438039016
-0.5502594709396362 | [-0.1] | -0.0010811208218709529
-0.5519644021987915 | [-0.11] | -0.0011086513644490252
-0.5536147952079773 | [-0.11] | -0.0011343343702954801
-0.5552000999450684 | [-0.11] | -0.0011579184049834536
-0.5567101836204529 | [-0.11] | -0.00117916722647105
-0.5581352114677429 | [-0.11] | -0.0011978596778188695
-0.5594658255577087 | [-0.11] | -0.001213795314441093
-0.5606932044029236 | [-0.11] | -0.0012267975386656485
-0.5618091225624084 | [-0.11] | -0.001236716453980181
-0.5628058910369873 | [-0.11] | -0.001243429095147565
-0.5636765360832214 | [-0.11] | -0.001246844066146024
-0.5644147992134094 | [-0.11] | -0.001246902254568798
-0.5650152564048767 | [-0.11] | -0.0012435795047485829
-0.5654731392860413 | [-0.11] | -0.001236882845509098
-0.5657846331596375 | [-0.11] | -0.0012268559980912353
-0.5659466981887817 | [-0.11] | -0.001213574706572572
-0.565957248210907 | [-0.11] | -0.0011971489249171378
-0.5658150911331177 | [-0.11] | -0.001177719718328498
-0.5655199289321899 | [-0.11] | -0.0011554570396660538
-0.5650724172592163 | [-0.11] | -0.001130558318465824
-0.5644741654396057 | [-0.11] | -0.0011032455278655446
-0.5637276768684387 | [-0.1] | -0.001073760871170216
-0.5628363490104675 | [-0.1] | -0.0010423635117205374
-0.5618045926094055 | [-0.1] | -0.0010093283077877923
-0.5606375932693481 | [-0.1] | -0.0009749378325580684
-0.5593414902687073 | [-0.1] | -0.0009394822056842545
-0.5579232573509216 | [-0.1] | -0.0009032534635167513
-0.5563905835151672 | [-0.09] | -0.0008665402617287683
-0.554751992225647 | [-0.09] | -0.0008296270053265623
-0.553016722202301 | [-0.09] | -0.0007927890591983763
-0.5511946678161621 | [-0.09] | -0.0007562894236975501
-0.5492963194847107 | [-0.08] | -0.0007203759105761379
-0.547332763671875 | [-0.08] | -0.0006852796570894592
-0.5453155040740967 | [-0.08] | -0.0006512114826003227
-0.5432565212249756 | [-0.08] | -0.0006183624015395444
-0.5411681532859802 | [-0.08] | -0.0005869018969796236
-0.5390629768371582 | [-0.07] | -0.0005569769574636278
-0.5369538068771362 | [-0.07] | -0.0005287132139655706
-0.5348535776138306 | [-0.07] | -0.0005022149701560366
-0.5327752828598022 | [-0.07] | -0.0004775665496278699
-0.5307317972183228 | [-0.07] | -0.0004548325475468616
-0.5287359952926636 | [-0.07] | -0.000434062164240391
-0.5268005132675171 | [-0.06] | -0.0004152893498381955
-0.5249376893043518 | [-0.06] | -0.0003985354594709446
-0.5231595039367676 | [-0.06] | -0.00038381198779711777
-0.5214775204658508 | [-0.06] | -0.0003711233430907812
-0.5199028253555298 | [-0.06] | -0.0003604695190032083
-0.5184459090232849 | [-0.06] | -0.0003518480127052661
-0.5171166062355042 | [-0.06] | -0.0003452562048370643
-0.5159240961074829 | [-0.06] | -0.00034069403920254746
-0.514876663684845 | [-0.06] | -0.0003381638306914757
-0.5139818787574768 | [-0.06] | -0.000337674070499492
-0.5132463574409485 | [-0.06] | -0.00033923830139944225
-0.5126758217811584 | [-0.06] | -0.00034287664388310405
-0.5122750401496887 | [-0.06] | -0.0003486155091183455
-0.5120477676391602 | [-0.06] | -0.00035648675467572256
-0.5119966268539429 | [-0.06] | -0.00036652562701460216
-0.5121233463287354 | [-0.06] | -0.0003787720608636377
-0.5124284029006958 | [-0.06] | -0.00039326492453043566
-0.5129112601280212 | [-0.06] | -0.0004100423805738932
-0.5135703086853027 | [-0.07] | -0.0004291385527782507
-0.5144028663635254 | [-0.07] | -0.0004505805276994052
-0.5154050588607788 | [-0.07] | -0.00047438360687424854
-0.5165719985961914 | [-0.07] | -0.0005005499785337525
-0.5178977847099304 | [-0.07] | -0.0005290652322990863
-0.5193754434585571 | [-0.07] | -0.0005598940234628314
-0.5209969878196716 | [-0.08] | -0.0005929773487885967
-0.5227535367012024 | [-0.08] | -0.0006282309289683473
-0.5246353149414062 | [-0.08] | -0.0006655422811332987
-0.5266317129135132 | [-0.08] | -0.0007047689586139197
-0.5287312865257263 | [-0.09] | -0.0007457364019404755
-0.5309218764305115 | [-0.09] | -0.0007882380224137981
-0.5331907272338867 | [-0.09] | -0.0008320360870179282
-0.5355244874954224 | [-0.09] | -0.000876861215852657
-0.5379092693328857 | [-0.1] | -0.0009224134886164521
-0.5403308272361755 | [-0.1] | -0.0009683662416396419
-0.5427745580673218 | [-0.1] | -0.0010143674846377695
-0.5452256202697754 | [-0.1] | -0.0010600440662222996
-0.5476690530776978 | [-0.11] | -0.0011050063351812946
-0.5500897765159607 | [-0.11] | -0.001148851202222525
-0.5524728298187256 | [-0.11] | -0.0011911701383830622
-0.5548033118247986 | [-0.11] | -0.0012315518731262215
-0.5570665597915649 | [-0.11] | -0.0012695899705073123
-0.5592482089996338 | [-0.11] | -0.0013048882196277992
-0.5613343715667725 | [-0.12] | -0.001337068562522829
-0.5633115768432617 | [-0.12] | -0.0013657741332306324
-0.5651668906211853 | [-0.12] | -0.0013906756136835337
-0.566888153553009 | [-0.12] | -0.0014114801822320726
-0.5684638619422913 | [-0.12] | -0.001427932258939112
-0.5698833465576172 | [-0.12] | -0.0014398202751406686
-0.5711368322372437 | [-0.12] | -0.0014469802708719564
-0.5722154378890991 | [-0.12] | -0.001449297589785098
-0.5731112360954285 | [-0.12] | -0.0014467092567960697
-0.5738174915313721 | [-0.12] | -0.001439209416121898
-0.5743284821510315 | [-0.12] | -0.0014268448930937702
-0.574639618396759 | [-0.12] | -0.0014097165818883573
-0.5747475624084473 | [-0.12] | -0.001387979956487334
-0.5746501088142395 | [-0.12] | -0.0013618396568280571
-0.5743463039398193 | [-0.12] | -0.0013315485850073977
-0.5738364458084106 | [-0.11] | -0.0012974036903537578
-0.5731220841407776 | [-0.11] | -0.0012597411928856204
-0.5722060203552246 | [-0.11] | -0.0012189313091261944
-0.5710923075675964 | [-0.11] | -0.0011753725785519588
-0.5697862505912781 | [-0.11] | -0.001129485853643281
-0.5682942867279053 | [-0.1] | -0.001081705885887197
-0.566624104976654 | [-0.1] | -0.00103247753150186
-0.564784586429596 | [-0.1] | -0.0009822483490384145
-0.5627856254577637 | [-0.1] | -0.0009314595281136464
-0.5606381893157959 | [-0.09] | -0.00088054155442045
-0.5583542585372925 | [-0.09] | -0.0008299081587096974
-0.5559468269348145 | [-0.09] | -0.0007799518286437764
-0.5534296035766602 | [-0.09] | -0.0007310351366578886
-0.5508171916007996 | [-0.08] | -0.0006834909698617545
-0.5481249094009399 | [-0.08] | -0.0006376174654499273
-0.5453686118125916 | [-0.08] | -0.000593674351872477
-0.5425647497177124 | [-0.07] | -0.000551883741295332
-0.5397301316261292 | [-0.07] | -0.0005124275898889318
-0.5368819832801819 | [-0.07] | -0.00047545030649392175
-0.5340376496315002 | [-0.07] | -0.00044105753775886187
-0.5312146544456482 | [-0.06] | -0.0004093205491508806
-0.5284305214881897 | [-0.06] | -0.0003802783153756455
-0.5257026553153992 | [-0.06] | -0.00035394107619250535
-0.5230482220649719 | [-0.06] | -0.00033029456360691355
-0.5204841494560242 | [-0.06] | -0.0003093058666146768
-0.5180268287658691 | [-0.05] | -0.00029092642611324717
-0.5156922340393066 | [-0.05] | -0.00027509952686834523
-0.5134955644607544 | [-0.05] | -0.00026176291073864343
-0.5114514231681824 | [-0.05] | -0.0002508564995055506
-0.5095735192298889 | [-0.05] | -0.0002423251259381043
-0.507874608039856 | [-0.05] | -0.00023612311596384286
-0.5063664317131042 | [-0.05] | -0.00023221820249584634
-0.5050597190856934 | [-0.05] | -0.00023059516596551455
-0.5039640069007874 | [-0.05] | -0.00023125704962442687
-0.5030876398086548 | [-0.05] | -0.00023422705583657597
-0.5024375915527344 | [-0.05] | -0.00023954785586726627
-0.5020195841789246 | [-0.05] | -0.0002472825093650412
-0.5018379092216492 | [-0.05] | -0.0002575117118810998
-0.5018954277038574 | [-0.05] | -0.00027033160893941946
-0.5021935701370239 | [-0.05] | -0.0002858506545403067
-0.5027323365211487 | [-0.06] | -0.0003041856039509535
-0.5035102367401123 | [-0.06] | -0.0003254561266525711
-0.504524290561676 | [-0.06] | -0.00034977927839424596
-0.5057700276374817 | [-0.06] | -0.0003772634141336245
-0.5072415471076965 | [-0.06] | -0.00040800236103469
-0.5089315176010132 | [-0.07] | -0.000442068719863466
-0.5108311772346497 | [-0.07] | -0.00047950707081662996
-0.5129304528236389 | [-0.07] | -0.0005203287039362339
-0.5152179598808289 | [-0.08] | -0.0005645052984718919
-0.5176810026168823 | [-0.08] | -0.0006119628667231925
-0.5203057527542114 | [-0.08] | -0.0006625788349306802
-0.5230773091316223 | [-0.08] | -0.0007161784167276834
-0.5259796977043152 | [-0.09] | -0.0007725308621623654
-0.5289961099624634 | [-0.09] | -0.0008313505224721021
-0.5321087837219238 | [-0.09] | -0.000892293319322025
-0.5352993607521057 | [-0.1] | -0.0009549621852221526
-0.5385487675666809 | [-0.1] | -0.0010189058565146145
-0.5418375134468079 | [-0.1] | -0.001083625986453665
-0.5451456308364868 | [-0.11] | -0.0011485790770017826
-0.5484530329704285 | [-0.11] | -0.001213187408327805
-0.5517394542694092 | [-0.11] | -0.0012768430553154178
-0.5549845695495605 | [-0.12] | -0.0013389161024234687
-0.5581681728363037 | [-0.12] | -0.0013987649306667464
-0.5612703561782837 | [-0.12] | -0.001455747193962723
-0.5642716288566589 | [-0.12] | -0.0015092300246027767
-0.5671528577804565 | [-0.12] | -0.0015585964334799886
-0.5698956251144409 | [-0.13] | -0.0016032610094663246
-0.5724822282791138 | [-0.13] | -0.0016426774897973372
-0.5748957395553589 | [-0.13] | -0.0016763471814541858
-0.5771202445030212 | [-0.13] | -0.0017038311197757753
-0.5791409015655518 | [-0.13] | -0.0017247572289001674
-0.5809438824653625 | [-0.13] | -0.001738823730292446
-0.5825167298316956 | [-0.13] | -0.001745811548540767
-0.5838481783866882 | [-0.13] | -0.0017455825983078849
-0.5849283933639526 | [-0.13] | -0.0017380869250818378
-0.5857489705085754 | [-0.13] | -0.0017233627403582322
-0.5863029956817627 | [-0.13] | -0.0017015365416098661
-0.5865852236747742 | [-0.13] | -0.0016728246092495376
-0.5865918397903442 | [-0.13] | -0.001637523257885692
-0.5863207578659058 | [-0.13] | -0.0015960105877645945
-0.5857715606689453 | [-0.12] | -0.0015487383325549213
-0.5849454402923584 | [-0.12] | -0.0014962227717349444
-0.5838452577590942 | [-0.12] | -0.001439037445012596
-0.5824756622314453 | [-0.12] | -0.0013778061442685967
-0.5808428525924683 | [-0.11] | -0.0013131873800308544
-0.5789546966552734 | [-0.11] | -0.001245866465446995
-0.5768206715583801 | [-0.11] | -0.0011765433900667267
-0.5744519233703613 | [-0.11] | -0.0011059230000195915
-0.5718609690666199 | [-0.1] | -0.0010346985269027392
-0.5690618753433228 | [-0.1] | -0.0009635451029546487
-0.5660701394081116 | [-0.09] | -0.0008931079272548189
-0.5629024505615234 | [-0.09] | -0.0008239897293169818
-0.5595768690109253 | [-0.09] | -0.0007567466421017051
-0.5561124682426453 | [-0.08] | -0.0006918762482728588
-0.5525293350219727 | [-0.08] | -0.0006298135195090263
-0.548848569393158 | [-0.08] | -0.0005709279403894185
-0.5450919270515442 | [-0.07] | -0.0005155172788461167
-0.5412818789482117 | [-0.07] | -0.0004638093611668959
-0.5374414324760437 | [-0.06] | -0.00041596204692286693
-0.5335939526557922 | [-0.06] | -0.0003720652467207507
-0.5297630429267883 | [-0.06] | -0.00033214529523400684
-0.525972306728363 | [-0.05] | -0.00029616973637509907
-0.5222454071044922 | [-0.05] | -0.00026405645873392355
-0.5186057686805725 | [-0.05] | -0.00023568013453849367
-0.5150763988494873 | [-0.05] | -0.00021088115361820507
-0.5116798281669617 | [-0.04] | -0.0001894760977266558
-0.5084378719329834 | [-0.04] | -0.00017126705065712735
-0.5053716897964478 | [-0.04] | -0.0001560532914217026
-0.502501368522644 | [-0.04] | -0.00014363905986757063
-0.49984604120254517 | [-0.04] | -0.00013384492447252302
-0.49742358922958374 | [-0.04] | -0.00012651520723682867
-0.4952506124973297 | [-0.03] | -0.00012152632225787173
-0.4933422803878784 | [-0.03] | -0.00011879297563890994
-0.4917122423648834 | [-0.03] | -0.00011827327347812736
-0.49037259817123413 | [-0.03] | -0.0001199725626577307
-0.4893336892127991 | [-0.04] | -0.00012394437595676796
-0.4886041283607483 | [-0.04] | -0.00013029105238529043
-0.4881906807422638 | [-0.04] | -0.0001391615113922843
-0.48809823393821716 | [-0.04] | -0.00015074774017945276
-0.48832979798316956 | [-0.04] | -0.00016527969797528155
-0.48888635635375977 | [-0.04] | -0.00018301744472019323
-0.4897669553756714 | [-0.05] | -0.00020424339755971914
-0.49096864461898804 | [-0.05] | -0.00022925213728895415
-0.49248650670051575 | [-0.05] | -0.00025833977712558215
-0.4943135976791382 | [-0.05] | -0.00029179160409256656
-0.4964410662651062 | [-0.06] | -0.00032987074024565206
-0.49885815382003784 | [-0.06] | -0.00037280548792640184
-0.5015522241592407 | [-0.06] | -0.0004207769011292015
-0.5045087933540344 | [-0.07] | -0.0004739066585176013
-0.5077117681503296 | [-0.07] | -0.0005322482423745178
-0.5111432671546936 | [-0.08] | -0.0005957739888632177
-0.5147839188575745 | [-0.08] | -0.0006643693308311924
-0.5186129808425903 | [-0.09] | -0.0007378267952771596
-0.5226082801818848 | [-0.09] | -0.0008158388819082094
-0.5267464518547058 | [-0.09] | -0.0008979974157323946
-0.5310031771659851 | [-0.1] | -0.0009837954387445266
-0.5353531241416931 | [-0.1] | -0.001072626275280943
-0.5397703051567078 | [-0.11] | -0.00116379209326821
-0.5442280769348145 | [-0.11] | -0.0012565085209981326
-0.5486993789672852 | [-0.12] | -0.0013499154704650134
-0.553156852722168 | [-0.12] | -0.0014430880318998971
-0.557573139667511 | [-0.12] | -0.0015350527679784279
-0.5619208812713623 | [-0.13] | -0.001624799115694705
-0.5661730766296387 | [-0.13] | -0.0017113002695844652
-0.5703030228614807 | [-0.13] | -0.001793525051810202
-0.5742847323417664 | [-0.14] | -0.0018704618031196371
-0.5780929327011108 | [-0.14] | -0.0019411326458103166
-0.5817031860351562 | [-0.14] | -0.002004610230207499
-0.5850922465324402 | [-0.14] | -0.002060040094841585
-0.588238000869751 | [-0.15] | -0.0021066517264790668
-0.5911197066307068 | [-0.15] | -0.0021437760089134876
-0.5937181115150452 | [-0.15] | -0.002170858229356745
-0.5960155129432678 | [-0.15] | -0.0021874675907514844
-0.5979958772659302 | [-0.15] | -0.002193306707823918
-0.5996450185775757 | [-0.15] | -0.0021882203352748954
-0.6009506583213806 | [-0.15] | -0.002172198654350984
-0.601902425289154 | [-0.15] | -0.0021453766669680056
-0.6024920344352722 | [-0.15] | -0.0021080359751941818
-0.6027132272720337 | [-0.14] | -0.002060597697604285
-0.6025619506835938 | [-0.14] | -0.0020036194377690817
-0.6020362973213196 | [-0.14] | -0.0019377835539811433
-0.6011365652084351 | [-0.14] | -0.0018638865557542633
-0.5998653173446655 | [-0.13] | -0.0017828264150498514
-0.598227322101593 | [-0.13] | -0.0016955852133168825
-0.596229612827301 | [-0.13] | -0.0016032133355012486
-0.593881368637085 | [-0.12] | -0.0015068083312337547
-0.5911940336227417 | [-0.12] | -0.0014074986509417988
-0.58818119764328 | [-0.11] | -0.001306421492713965
-0.5848584175109863 | [-0.11] | -0.0012046998192255902
-0.5812434554100037 | [-0.11] | -0.0011034287464051788
-0.5773558616638184 | [-0.1] | -0.0010036492723018318
-0.5732170939445496 | [-0.1] | -0.0009063346764857189
-0.5688503980636597 | [-0.09] | -0.0008123736698637737
-0.5642805099487305 | [-0.09] | -0.000722553292489759
-0.5595337748527527 | [-0.08] | -0.0006375513868813492
-0.5546378493309021 | [-0.07] | -0.0005579250191586523
-0.5496215224266052 | [-0.07] | -0.00048410434801197277
-0.544514536857605 | [-0.06] | -0.00041639002578964943
-0.5393475890159607 | [-0.06] | -0.000354955862615098
-0.5341519713401794 | [-0.05] | -0.0002998503473936664
-0.528959333896637 | [-0.05] | -0.00025100330047107816
-0.5238016247749329 | [-0.05] | -0.00020823734977973806
-0.5187108516693115 | [-0.04] | -0.00017127989664377551
-0.513718843460083 | [-0.04] | -0.00013977767679232067
-0.508857011795044 | [-0.03] | -0.00011331335997579093
-0.5041561722755432 | [-0.03] | -9.142395646590808e-05
-0.4996464252471924 | [-0.03] | -7.362040398920045e-05
-0.49535685777664185 | [-0.02] | -5.94062960194781e-05
-0.49131542444229126 | [-0.02] | -4.829763235448482e-05
-0.48754870891571045 | [-0.02] | -3.984111118879551e-05
-0.48408177495002747 | [-0.02] | -3.363168215766221e-05
-0.48093804717063904 | [-0.02] | -2.932844231202643e-05
-0.47813907265663147 | [-0.02] | -2.6667956625432336e-05
-0.47570449113845825 | [-0.02] | -2.5475799822421607e-05
-0.47365182638168335 | [-0.02] | -2.5674655868586893e-05
-0.47199639678001404 | [-0.02] | -2.728975423016059e-05
-0.47075122594833374 | [-0.02] | -3.0451030312209875e-05
-0.4699269235134125 | [-0.02] | -3.539184066517659e-05
-0.4695316553115845 | [-0.02] | -4.2444578782402656e-05
-0.46957099437713623 | [-0.02] | -5.203253510744101e-05
-0.4700480103492737 | [-0.03] | -6.465942566766036e-05
-0.4709630608558655 | [-0.03] | -8.089474483289301e-05
-0.47231391072273254 | [-0.03] | -0.00010135772649914441
-0.4740956425666809 | [-0.04] | -0.00012669802844143184
-0.4763006567955017 | [-0.04] | -0.0001575747820433162
-0.47891876101493835 | [-0.04] | -0.00019463480810784296
-0.48193714022636414 | [-0.05] | -0.0002384890974394164
-0.485340416431427 | [-0.05] | -0.00028968944319551293
-0.4891107380390167 | [-0.06] | -0.0003487056881752438
-0.49322783946990967 | [-0.06] | -0.0004159034776598873
-0.49766916036605835 | [-0.07] | -0.00049152412138722
-0.5024099349975586 | [-0.08] | -0.0005756662805118093
-0.5074232816696167 | [-0.08] | -0.0006682699153476352
-0.5126805305480957 | [-0.09] | -0.0007691071129309926
-0.5181512236595154 | [-0.09] | -0.0008777718358182895
-0.5238032937049866 | [-0.1] | -0.0009936757631797027
-0.5296033620834351 | [-0.11] | -0.001116050737890097
-0.5355168581008911 | [-0.11] | -0.001243952371729717
-0.5415082573890686 | [-0.12] | -0.0013762699621295352
-0.5475413799285889 | [-0.12] | -0.0015117420493717022
-0.5535795092582703 | [-0.13] | -0.001648972069855515
-0.5595857501029968 | [-0.13] | -0.0017864528752135943
-0.565523087978363 | [-0.14] | -0.0019225875507862642
-0.5713548064231873 | [-0.14] | -0.002055721068006246
-0.5770446062088013 | [-0.15] | -0.002184167184040055
-0.582556962966919 | [-0.15] | -0.002306242569665756
-0.5878572463989258 | [-0.16] | -0.002420295453722023
-0.592911958694458 | [-0.16] | -0.002524737669923757
-0.5976888537406921 | [-0.16] | -0.002618072543603434
-0.6021573543548584 | [-0.16] | -0.002698930410341113
-0.6062885522842407 | [-0.17] | -0.002766090377106135
-0.6100553870201111 | [-0.17] | -0.00281850487508955
-0.6134328842163086 | [-0.17] | -0.0028553232526750483
-0.6163982152938843 | [-0.17] | -0.0028759071127947675
-0.6189308762550354 | [-0.17] | -0.0028798456371738595
-0.621012806892395 | [-0.17] | -0.00286696542996051
-0.6226284503936768 | [-0.17] | -0.002837334597174048
-0.6237649321556091 | [-0.17] | -0.002791266330540538
-0.6244120001792908 | [-0.17] | -0.0027293111963176925
-0.6245622634887695 | [-0.16] | -0.0026522542344247983
-0.6242111325263977 | [-0.16] | -0.0025610989378444995
-0.6233568787574768 | [-0.16] | -0.00245705102303113
-0.6220006942749023 | [-0.15] | -0.002341498426416689
-0.6201466917991638 | [-0.15] | -0.0022159862566744674
-0.6178019046783447 | [-0.14] | -0.002082188721128044
-0.6149764060974121 | [-0.14] | -0.001941881707817744
-0.611683189868927 | [-0.13] | -0.001796906804324211
-0.6079380512237549 | [-0.13] | -0.0016491346250486968
-0.603759765625 | [-0.12] | -0.0015004347148234653
-0.5991697907447815 | [-0.12] | -0.001352634126437732
-0.5941923260688782 | [-0.11] | -0.001207485688185727
-0.5888541340827942 | [-0.1] | -0.0010666326643507926
-0.5831845998764038 | [-0.1] | -0.0009315808987625324
-0.577215313911438 | [-0.09] | -0.0008036653272195243
-0.5709801316261292 | [-0.08] | -0.0006840301277219627
-0.5645148158073425 | [-0.08] | -0.0005736063131563949
-0.5578570365905762 | [-0.07] | -0.00047310082446458336
-0.5510458946228027 | [-0.06] | -0.00038298447753266294
-0.5441219806671143 | [-0.06] | -0.0003034936166378944
-0.537126898765564 | [-0.05] | -0.0002346310067559553
-0.5301030278205872 | [-0.04] | -0.00017617634245788735
-0.5230933427810669 | [-0.04] | -0.00012770299172936968
-0.5161410570144653 | [-0.03] | -8.859831405610573e-05
-0.5092893242835999 | [-0.02] | -5.8089633254989074e-05
-0.5025810599327087 | [-0.02] | -3.5274682139778956e-05
-0.49605849385261536 | [-0.01] | -1.915386489038727e-05
-0.4897629916667938 | [-0.01] | -8.666086152197155e-06
-0.48373478651046753 | [-0.01] | -2.7251320662860824e-06
-0.47801268100738525 | [-0.] | -2.56280421714331e-07
-0.47263380885124207 | [0.] | -2.3224138017950677e-07
-0.4676333963871002 | [0.] | -1.70734123262732e-06
-0.46304455399513245 | [0.01] | -3.849073373508958e-06
-0.45889806747436523 | [0.01] | -5.9662399563049186e-06
-0.4552222192287445 | [0.01] | -7.532969942895531e-06
-0.4520425796508789 | [0.01] | -8.208110369359399e-06
-0.44938191771507263 | [0.01] | -7.849271903433483e-06
-0.4472599923610687 | [0.01] | -6.521527589144668e-06
-0.4456935226917267 | [0.01] | -4.500050228497591e-06
-0.44469594955444336 | [0.] | -2.2671367009463946e-06
-0.44427749514579773 | [0.] | -5.02864341556951e-07
-0.44444501399993896 | [-0.] | -7.023093420000656e-08
-0.4452018737792969 | [-0.] | -1.9944681544811503e-06
-0.4465479850769043 | [-0.01] | -7.436987798072997e-06
-0.4484798014163971 | [-0.01] | -1.766467711718259e-05
-0.4509901702404022 | [-0.02] | -3.40145911331204e-05
-0.45406848192214966 | [-0.02] | -5.7855594005346674e-05
-0.45770058035850525 | [-0.03] | -9.054681029897422e-05
-0.4618688225746155 | [-0.04] | -0.00013339451800264154
-0.466552197933197 | [-0.04] | -0.00018760888189634122
-0.47172629833221436 | [-0.05] | -0.0002542600492104849
-0.4773635268211365 | [-0.06] | -0.0003342373920902895
-0.4834331274032593 | [-0.07] | -0.000428210248385611
-0.4899013936519623 | [-0.07] | -0.0005365938899108881
-0.49673184752464294 | [-0.08] | -0.000659520566596909
-0.5038853883743286 | [-0.09] | -0.0007968161393833983
-0.5113205909729004 | [-0.1] | -0.0009479855050833158
-0.5189939141273499 | [-0.11] | -0.001112204338238786
-0.5268599390983582 | [-0.11] | -0.0012883194001153582
-0.5348717570304871 | [-0.12] | -0.0014748592367849992
-0.5429812073707581 | [-0.13] | -0.0016700511638537002
-0.551139235496521 | [-0.14] | -0.0018718475708649086
-0.559296190738678 | [-0.14] | -0.0020779586929105076
-0.5674021244049072 | [-0.15] | -0.002285891225733041
-0.5754072666168213 | [-0.16] | -0.002492997910584261
-0.5832622647285461 | [-0.16] | -0.0026965248220248384
-0.5909184813499451 | [-0.17] | -0.0028936633568015842
-0.5983284115791321 | [-0.18] | -0.003081607985553994
-0.6054458618164062 | [-0.18] | -0.003257607721685922
-0.6122263073921204 | [-0.18] | -0.0034190224527879177
-0.6186272501945496 | [-0.19] | -0.003563378083305504
-0.6246082186698914 | [-0.19] | -0.0036884073305658532
-0.6301312446594238 | [-0.19] | -0.0037921032362952054
-0.6351609230041504 | [-0.2] | -0.0038727539403319933
-0.6396645903587341 | [-0.2] | -0.003928977099341726
-0.6436125636100769 | [-0.2] | -0.003959750751895822
-0.6469782590866089 | [-0.2] | -0.003964434342986367
-0.6497382521629333 | [-0.2] | -0.003942781189054851
-0.651872456073761 | [-0.2] | -0.003894949071802976
-0.6533642411231995 | [-0.2] | -0.0038215017014584934
-0.6542003750801086 | [-0.19] | -0.0037233973272984347
-0.6543713212013245 | [-0.19] | -0.0036019831439976745
-0.6538711190223694 | [-0.19] | -0.003458968008126627
-0.6526975631713867 | [-0.18] | -0.0032963990992333292
-0.6508520841598511 | [-0.18] | -0.00311662198908836
-0.6483400464057922 | [-0.17] | -0.0029222485054174728
-0.6451705694198608 | [-0.16] | -0.0027161031282228448
-0.6413565874099731 | [-0.16] | -0.0025011726279198926
-0.6369149088859558 | [-0.15] | -0.002280551398027545
-0.6318661570549011 | [-0.14] | -0.0020573800236278867
-0.6262347102165222 | [-0.14] | -0.0018347826578292469
-0.6200488209724426 | [-0.13] | -0.0016158080036738855
-0.6133402585983276 | [-0.12] | -0.001403359421977495
-0.6061444282531738 | [-0.11] | -0.001200139995876582
-0.59850013256073 | [-0.1] | -0.0010085932946048912
-0.5904494524002075 | [-0.09] | -0.0008308527585853529
-0.5820374488830566 | [-0.08] | -0.0006686958636240484
-0.5733121037483215 | [-0.07] | -0.0005235112780377361
-0.5643237829208374 | [-0.06] | -0.00039626896934879505
-0.5551252365112305 | [-0.05] | -0.00028750978479139347
-0.5457710027694702 | [-0.04] | -0.000197338506888895
-0.5363172292709351 | [-0.04] | -0.00012543445745416342
-0.5268212556838989 | [-0.03] | -7.107103012025313e-05
-0.5173410773277283 | [-0.02] | -3.31461778045276e-05
-0.5079351663589478 | [-0.01] | -1.0225192010274284e-05
-0.4986618459224701 | [-0.] | -5.899989012915701e-07
-0.4895790219306946 | [0.] | -2.29735207002009e-06
-0.4807437062263489 | [0.01] | -1.3241738976211507e-05
-0.47221165895462036 | [0.02] | -3.1222114476952345e-05
-0.4640369713306427 | [0.02] | -5.4010370405064517e-05
-0.456271767616272 | [0.03] | -7.941920808004699e-05
-0.44896581768989563 | [0.03] | -0.00010536838922883807
-0.442166268825531 | [0.04] | -0.0001299468035185574
-0.43591731786727905 | [0.04] | -0.0001514697706042179
-0.4302600622177124 | [0.04] | -0.00016852891574361132
-0.4252321422100067 | [0.04] | -0.00018003603499087582
-0.4208676815032959 | [0.04] | -0.00018525668806404128
-0.41719698905944824 | [0.04] | -0.00018383659313527724
-0.41424649953842163 | [0.04] | -0.0001758169290356377
-0.4120386242866516 | [0.04] | -0.00016164054026072624
-0.41059163212776184 | [0.04] | -0.0001421480746868444
-0.40991950035095215 | [0.03] | -0.00011856426735725738
-0.41003188490867615 | [0.03] | -9.247345534274363e-05
-0.4109340012073517 | [0.03] | -6.578594015260458e-05
-0.4126266539096832 | [0.02] | -4.0694201512949685e-05
-0.41510602831840515 | [0.01] | -1.9621439130226377e-05
-0.4183638095855713 | [0.01] | -5.1605327704587565e-06
-0.422387033700943 | [-0.] | -6.991950602178166e-09
-0.4271581172943115 | [-0.01] | -6.885298859680288e-06
-0.4326549172401428 | [-0.02] | -2.8471177235157776e-05
-0.43885067105293274 | [-0.03] | -6.731106117773759e-05
-0.4457141160964966 | [-0.04] | -0.00012574105776189476
-0.45320960879325867 | [-0.05] | -0.0002058078570793235
-0.4612971544265747 | [-0.06] | -0.0003091927881613254
-0.4699326455593109 | [-0.07] | -0.00043714336278150495
-0.4790680706501007 | [-0.08] | -0.000590413588327521
-0.48865175247192383 | [-0.09] | -0.0007692152375580125
-0.4986285865306854 | [-0.1] | -0.0009731816190468941
-0.5089405179023743 | [-0.11] | -0.0012013494026350989
-0.5195267796516418 | [-0.12] | -0.0014521521397070913
-0.5303243398666382 | [-0.13] | -0.001723432477907225
-0.5412683486938477 | [-0.14] | -0.0020124708232927323
-0.5522927045822144 | [-0.15] | -0.0023160325054725896
-0.5633304119110107 | [-0.16] | -0.0026304233806559033
-0.5743141174316406 | [-0.17] | -0.002951562375994553
-0.5851765871047974 | [-0.18] | -0.003275062997900839
-0.5958513021469116 | [-0.19] | -0.0035963261954911952
-0.60627281665802 | [-0.2] | -0.00391063210123108
-0.6163772344589233 | [-0.21] | -0.004213237223296768
-0.6261026859283447 | [-0.21] | -0.00449947425588315
-0.6353895664215088 | [-0.22] | -0.004764839942726979
-0.6441810727119446 | [-0.22] | -0.005005091490258053
-0.6524234414100647 | [-0.23] | -0.005216326944954035
-0.6600660681724548 | [-0.23] | -0.005395053575201512
-0.6670619249343872 | [-0.24] | -0.005538261042065292
-0.6733677387237549 | [-0.24] | -0.0056434771870660615
-0.6789440512657166 | [-0.24] | -0.005708809585938181
-0.6837553977966309 | [-0.24] | -0.00573298341239524
-0.6877703666687012 | [-0.24] | -0.0057153647655277424
-0.6909618377685547 | [-0.24] | -0.005655982038918608
-0.6933069229125977 | [-0.24] | -0.00555552499482974
-0.6947870254516602 | [-0.23] | -0.005415338780898642
-0.6953879594802856 | [-0.23] | -0.005237410556175311
-0.6951000690460205 | [-0.22] | -0.005024345328535927
-0.6939181089401245 | [-0.22] | -0.004779321421595054
-0.6918415427207947 | [-0.21] | -0.0045060523778558716
-0.6888744831085205 | [-0.21] | -0.004208723174232647
-0.6850257515907288 | [-0.2] | -0.0038919207636151747
-0.680308997631073 | [-0.19] | -0.003560557053390824
-0.6747428178787231 | [-0.18] | -0.003219781472040203
-0.6683506369590759 | [-0.17] | -0.002874877777057099
-0.661160945892334 | [-0.16] | -0.0025311662469598884
-0.6532072424888611 | [-0.15] | -0.0021938907799785214
-0.6445279121398926 | [-0.14] | -0.0018681039579383442
-0.6351664066314697 | [-0.12] | -0.0015585603098215016
-0.6251709461212158 | [-0.11] | -0.001269601832701652
-0.6145944595336914 | [-0.1] | -0.0010050576190821785
-0.6034943461418152 | [-0.09] | -0.0007681513177274614
-0.5919321775436401 | [-0.07] | -0.0005614226873890377
-0.5799734592437744 | [-0.06] | -0.0003866683972639872
-0.5676872730255127 | [-0.05] | -0.00024490106361587435
-0.5551455616950989 | [-0.04] | -0.0001363277890718672
-0.5424230098724365 | [-0.02] | -6.035855288356269e-05
-0.529596209526062 | [-0.01] | -1.5631456129193816e-05
-0.5167431831359863 | [-0.] | -6.459940149155886e-08
-0.5039427876472473 | [0.01] | -1.0927617322869525e-05
-0.49127402901649475 | [0.02] | -4.493185085788226e-05
-0.4788155257701874 | [0.03] | -9.833547169020294e-05
-0.46664485335350037 | [0.04] | -0.00016705985985868225
-0.45483794808387756 | [0.05] | -0.0002468134379107926
-0.4434686005115509 | [0.06] | -0.00033321817762471814
-0.43260785937309265 | [0.06] | -0.0004219364074107201
-0.42232367396354675 | [0.07] | -0.0005087916750824273
-0.41268041729927063 | [0.08] | -0.0005898835954231412
-0.4037385880947113 | [0.08] | -0.0006616920195005979
-0.39555445313453674 | [0.08] | -0.0007211701386051024
-0.38817980885505676 | [0.09] | -0.0007658242757163744
-0.3816618323326111 | [0.09] | -0.0007937781615492622
-0.3760428726673126 | [0.09] | -0.0008038244448609473
-0.37136030197143555 | [0.09] | -0.0007954606013783275
-0.3676464557647705 | [0.09] | -0.0007689087449391499
-0.3649285137653351 | [0.09] | -0.0007251214401531047
-0.363228440284729 | [0.08] | -0.0006657714752546235
-0.3625628650188446 | [0.08] | -0.0005932272202073168
-0.3629431128501892 | [0.07] | -0.0005105104333286379
-0.3643749952316284 | [0.06] | -0.000421241971233989
-0.3668587803840637 | [0.06] | -0.00032956920514678193
-0.3703891634941101 | [0.05] | -0.00024007848662796306
-0.37495508790016174 | [0.04] | -0.00015769445873836262
-0.3805396854877472 | [0.03] | -8.756407510060086e-05
-0.38712021708488464 | [0.02] | -3.4928428908167556e-05
-0.39466795325279236 | [0.01] | -4.984653416614865e-06
-0.4031481444835663 | [-0.01] | -2.7397459421433377e-06
-0.41252002120018005 | [-0.02] | -3.286042467380049e-05
-0.42273685336112976 | [-0.03] | -9.952345439082175e-05
-0.43374598026275635 | [-0.05] | -0.00020627062559384608
-0.44548898935317993 | [-0.06] | -0.00035587407914853967
-0.4579019546508789 | [-0.07] | -0.0005502175533824946
-0.4709157347679138 | [-0.09] | -0.0007901981417030859
-0.484456330537796 | [-0.1] | -0.001075653631768592
-0.49844539165496826 | [-0.12] | -0.0014053201530847695
-0.5128007531166077 | [-0.13] | -0.0017768218296059296
-0.5274370312690735 | [-0.15] | -0.0021866932491083476
-0.542266309261322 | [-0.16] | -0.0026304363042785163
-0.5571989417076111 | [-0.18] | -0.0031026109230657076
-0.5721442103385925 | [-0.19] | -0.0035969487438387475
-0.5870111584663391 | [-0.2] | -0.0041064949701955355
-0.6017093658447266 | [-0.22] | -0.004623766931107841
-0.6161496043205261 | [-0.23] | -0.005140920702047665
-0.6302447319030762 | [-0.24] | -0.005649933484517833
-0.6439101099967957 | [-0.25] | -0.006142768989214665
-0.6570644378662109 | [-0.26] | -0.006611557415025664
-0.6696299910545349 | [-0.27] | -0.0070487414542586765
-0.6815332174301147 | [-0.27] | -0.007447228252544107
-0.6927050948143005 | [-0.28] | -0.0078005187965514994
-0.7030813694000244 | [-0.28] | -0.008102818339476485
-0.7126026153564453 | [-0.29] | -0.00834912220721387
-0.7212144732475281 | [-0.29] | -0.008535299170612043
-0.728867769241333 | [-0.29] | -0.008658152973035158
-0.7355183959007263 | [-0.3] | -0.008715461014307603
-0.7411273717880249 | [-0.3] | -0.00870600893493372
-0.7456608414649963 | [-0.29] | -0.008629611319014133
-0.7490899562835693 | [-0.29] | -0.008487113967386134
-0.7513909339904785 | [-0.29] | -0.008280395190692763
-0.7525449991226196 | [-0.28] | -0.00801234767103572
-0.7525384426116943 | [-0.28] | -0.007686854078746104
-0.7513625621795654 | [-0.27] | -0.007308742038422617
-0.7490138411521912 | [-0.26] | -0.006883735763600566
-0.74549400806427 | [-0.25] | -0.006418383974673665
-0.7408101558685303 | [-0.24] | -0.0059199725691431275
-0.7349750399589539 | [-0.23] | -0.005396425520482776
-0.7280071973800659 | [-0.22] | -0.004856176318346898
-0.7199311256408691 | [-0.21] | -0.004308023015088714
-0.7107775807380676 | [-0.19] | -0.0037609689397233694
-0.7005837559700012 | [-0.18] | -0.003224040578159358
-0.6893933415412903 | [-0.16] | -0.0027060898955242386
-0.6772568821907043 | [-0.15] | -0.002215597340927852
-0.6642316579818726 | [-0.13] | -0.00176045745402003
-0.6503816843032837 | [-0.12] | -0.0013477747959692336
-0.6357777714729309 | [-0.1] | -0.0009836738331999786
-0.6204970479011536 | [-0.08] | -0.0006731182022354462
-0.6046228408813477 | [-0.06] | -0.00041976917757576763
-0.5882441401481628 | [-0.05] | -0.00022587320843397735
-0.5714548826217651 | [-0.03] | -9.219239057296556e-05
-0.5543534755706787 | [-0.01] | -1.7986065639702492e-05
-0.5370419025421143 | [0.] | -1.037022414633944e-06
-0.519624650478363 | [0.02] | -3.7728962005830236e-05
-0.5022081136703491 | [0.04] | -0.00012316930099857577
-0.48489922285079956 | [0.05] | -0.00025135289504821804
-0.4678047299385071 | [0.06] | -0.0004153569064136456
-0.45103007555007935 | [0.08] | -0.0006075613613480523
-0.43467846512794495 | [0.09] | -0.0008198829279741183
-0.4188500642776489 | [0.1] | -0.0010440128375954639
-0.40364113450050354 | [0.11] | -0.0012716524234603604
-0.3891434669494629 | [0.12] | -0.0014947332204672142
-0.375443696975708 | [0.13] | -0.0017056246247629647
-0.3626229465007782 | [0.14] | -0.0018973147630794761
-0.35075652599334717 | [0.14] | -0.0020635675634335694
-0.33991363644599915 | [0.15] | -0.0021990576052446803
-0.3301572799682617 | [0.15] | -0.002299477360359631
-0.32154420018196106 | [0.15] | -0.002361620868459057
-0.3141248822212219 | [0.15] | -0.0023834459065920806
-0.3079436719417572 | [0.15] | -0.0023641134992356105
-0.30303874611854553 | [0.15] | -0.0023040128394632127
-0.29944223165512085 | [0.15] | -0.002204764564343303
-0.29718029499053955 | [0.14] | -0.00206920672246971
-0.2962731420993805 | [0.14] | -0.0019013650417989921
-0.2967349588871002 | [0.13] | -0.0017064045757598557
-0.29857397079467773 | [0.12] | -0.0014905570431962708
-0.3017922341823578 | [0.11] | -0.0012610314094861762
-0.30638551712036133 | [0.1] | -0.0010258965693182556
-0.31234312057495117 | [0.09] | -0.0007939383952607319
-0.31964752078056335 | [0.08] | -0.0005744916931596232
-0.3282741904258728 | [0.06] | -0.0003772399991091015
-0.33819127082824707 | [0.05] | -0.0002119912309535801
-0.3493592441082001 | [0.03] | -8.842817013902819e-05
-0.361730694770813 | [0.01] | -1.5838539768977232e-05
-0.3752501308917999 | [-0.01] | -2.832646379831359e-06
-0.3898538053035736 | [-0.02] | -5.705757259552003e-05
-0.405469685792923 | [-0.04] | -0.00018491818947969973
-0.4220176041126251 | [-0.06] | -0.0003913184815928549
-0.4394094944000244 | [-0.08] | -0.0006794363842643598
-0.4575497508049011 | [-0.1] | -0.001050543230835716
-0.47633588314056396 | [-0.12] | -0.0015038830600031597
-0.4956592321395874 | [-0.14] | -0.0020366172780973846
-0.5154059529304504 | [-0.16] | -0.002643842836798952
-0.5354580283164978 | [-0.18] | -0.0033186833318084824
-0.5556944012641907 | [-0.2] | -0.00405244831399596
-0.5759924054145813 | [-0.22] | -0.0048348627607563
-0.5962288975715637 | [-0.24] | -0.005654336908627645
-0.6162816286087036 | [-0.25] | -0.006498280027167402
-0.6360305547714233 | [-0.27] | -0.007353433930016917
-0.6553589105606079 | [-0.29] | -0.008206206474380117
-0.6741542816162109 | [-0.3] | -0.009042996548488792
-0.692309558391571 | [-0.31] | -0.009850499342851943
-0.7097236514091492 | [-0.33] | -0.010615975903665208
-0.7263019680976868 | [-0.34] | -0.011327479144384596
-0.7419568300247192 | [-0.35] | -0.011974045991916274
-0.7566076517105103 | [-0.35] | -0.012545843720173878
-0.7701811194419861 | [-0.36] | -0.013034290748256233
-0.7826108932495117 | [-0.37] | -0.013432122608377712
-0.7938374876976013 | [-0.37] | -0.013733447252959698
-0.8038079738616943 | [-0.37] | -0.013933776256330847
-0.8124757409095764 | [-0.37] | -0.01403004774034398
-0.8197999596595764 | [-0.37] | -0.014020621360439326
-0.8257454037666321 | [-0.37] | -0.013905292542898165
-0.8302819132804871 | [-0.37] | -0.013685277804694968
-0.8333842158317566 | [-0.37] | -0.013363219832585517
-0.8350318074226379 | [-0.36] | -0.012943190285981405
-0.8352085947990417 | [-0.35] | -0.012430668353042159
-0.8339029550552368 | [-0.34] | -0.011832534853714318
-0.8311079144477844 | [-0.33] | -0.011157056369166663
-0.8268210291862488 | [-0.32] | -0.01041382844570138
-0.8210449814796448 | [-0.31] | -0.00961373539607746
-0.8137876987457275 | [-0.3] | -0.008768845851579327
-0.8050628304481506 | [-0.28] | -0.007892291740244722
-0.7948904633522034 | [-0.26] | -0.006998114585300546
-0.7832974791526794 | [-0.25] | -0.0061010452677373725
-0.7703184485435486 | [-0.23] | -0.005216262069408763
-0.7559959888458252 | [-0.21] | -0.004359077157415954
-0.7403815388679504 | [-0.19] | -0.0035445994007579024
-0.7235358357429504 | [-0.17] | -0.002787352837760283
-0.7055293321609497 | [-0.14] | -0.0021008731349235333
-0.686442494392395 | [-0.12] | -0.001497298046145552
-0.666365921497345 | [-0.1] | -0.0009869692325572984
-0.6454000473022461 | [-0.08] | -0.0005780646029252045
-0.6236549019813538 | [-0.05] | -0.0002762929250684756
-0.6012493968009949 | [-0.03] | -8.466254446812295e-05
-0.5783103704452515 | [-0.01] | -3.345806580423823e-06
-0.5549715161323547 | [0.02] | -2.965207082273053e-05
-0.5313718914985657 | [0.04] | -0.0001581122228821577
-0.5076543688774109 | [0.06] | -0.00038067410422090893
-0.48396381735801697 | [0.08] | -0.0006869979686577901
-0.46044549345970154 | [0.1] | -0.0010648311640784074
-0.4372432231903076 | [0.12] | -0.0015004418676343085
-0.41449764370918274 | [0.14] | -0.0019790864863063265
-0.39234477281570435 | [0.16] | -0.002485480229813121
-0.3709145784378052 | [0.17] | -0.003004253434925731
-0.3503299057483673 | [0.19] | -0.003520368758660297
-0.33070558309555054 | [0.2] | -0.004019489456570777
-0.3121478259563446 | [0.21] | -0.0044882875291055
-0.29475390911102295 | [0.22] | -0.004914691223877902
-0.2786121070384979 | [0.23] | -0.0052880717074090845
-0.26380178332328796 | [0.24] | -0.005599379638611609
-0.2503936290740967 | [0.24] | -0.005841239824976972
-0.23845013976097107 | [0.25] | -0.006008004751574095
-0.2280261367559433 | [0.25] | -0.006095786623763043
-0.21916930377483368 | [0.25] | -0.006102471981972753
-0.21192070841789246 | [0.25] | -0.006027728275418058
-0.20631539821624756 | [0.24] | -0.005872999307666842
-0.20238278806209564 | [0.24] | -0.00564150420789072
-0.2001471072435379 | [0.23] | -0.005338226891256679
-0.1996275633573532 | [0.22] | -0.004969907227558885
-0.20083853602409363 | [0.21] | -0.004545016109450276
-0.20378950238227844 | [0.2] | -0.0040737199553930615
-0.20848488807678223 | [0.19] | -0.0035678187270854166
-0.2149236798286438 | [0.17] | -0.003040654625154905
-0.2230990082025528 | [0.16] | -0.0025069743807596924
-0.23299747705459595 | [0.14] | -0.001982743930432378
-0.24459844827651978 | [0.12] | -0.001484900736935574
-0.2578732371330261 | [0.1] | -0.0010310400497846256
-0.27278417348861694 | [0.08] | -0.0006390327629948295
-0.28928378224372864 | [0.06] | -0.0003265735879995219
-0.30731382966041565 | [0.03] | -0.00011067155679316944
-0.32680466771125793 | [0.01] | -7.092427920111828e-06
-0.34767454862594604 | [-0.02] | -2.977886634148025e-05
-0.36982935667037964 | [-0.04] | -0.00019027422000437527
-0.39316239953041077 | [-0.07] | -0.0004971847279214902
-0.41755470633506775 | [-0.1] | -0.0009557158992515336
-0.44287562370300293 | [-0.13] | -0.0015673203820202875
-0.46898385882377625 | [-0.15] | -0.0023294891003267123
-0.49572882056236267 | [-0.18] | -0.003235706981073295
-0.5229523777961731 | [-0.21] | -0.0042755870099063596
-0.5504909157752991 | [-0.23] | -0.005435177114108697
-0.5781776905059814 | [-0.26] | -0.006697428623174641
-0.6058451533317566 | [-0.28] | -0.008042782486300686
-0.6333274245262146 | [-0.31] | -0.009449844359765086
-0.6604626178741455 | [-0.33] | -0.010896092929202175
-0.687095046043396 | [-0.35] | -0.012358584494912733
-0.713077187538147 | [-0.37] | -0.013814609803858608
-0.7382710576057434 | [-0.39] | -0.015242251743349625
-0.7625495195388794 | [-0.41] | -0.01662085443198481
-0.7857969403266907 | [-0.42] | -0.017931368138075374
-0.8079096674919128 | [-0.44] | -0.0191565901116579
-0.8287959098815918 | [-0.45] | -0.020281286498182637
-0.8483753800392151 | [-0.46] | -0.02129223340371873
-0.8665786385536194 | [-0.47] | -0.022178185290744737
-0.883346438407898 | [-0.48] | -0.022929813627551216
-0.8986285328865051 | [-0.49] | -0.023539585327513955
-0.9123826026916504 | [-0.49] | -0.024001647333709308
-0.9245732426643372 | [-0.49] | -0.024311721967191294
-0.9351707696914673 | [-0.49] | -0.02446700109781536
-0.9441500902175903 | [-0.49] | -0.024466062702364795
-0.9514899253845215 | [-0.49] | -0.024308840642231322
-0.957171618938446 | [-0.49] | -0.0239965764946123
-0.961178719997406 | [-0.49] | -0.02353186075120232
-0.9634962677955627 | [-0.48] | -0.02291866378104163
-0.9641103148460388 | [-0.47] | -0.022162399637883953
-0.9630078077316284 | [-0.46] | -0.02127002831821312
-0.960176408290863 | [-0.45] | -0.020250151884561224
-0.9556047320365906 | [-0.44] | -0.019113137142678056
-0.9492825865745544 | [-0.42] | -0.017871218138240226
-0.9412016272544861 | [-0.41] | -0.016538599556197266
-0.9313560128211975 | [-0.39] | -0.015131513428272004
-0.9197433590888977 | [-0.37] | -0.01366823655830197
-0.9063658118247986 | [-0.35] | -0.01216903654188065
-0.8912313580513 | [-0.33] | -0.010656040125653094
-0.8743552565574646 | [-0.3] | -0.009152997607993284
-0.8557615876197815 | [-0.28] | -0.007684930659180697
-0.8354848027229309 | [-0.25] | -0.006277655079573523
-0.8135713934898376 | [-0.22] | -0.004957177507210818
-0.790081262588501 | [-0.19] | -0.0037489665467285377
-0.7650891542434692 | [-0.16] | -0.0026771377848238275
-0.7386856079101562 | [-0.13] | -0.0017635660658252815
-0.7109777331352234 | [-0.1] | -0.0010269927573401554
-0.6820893883705139 | [-0.07] | -0.0004821740508408782
-0.6521608233451843 | [-0.04] | -0.00013914287598075154
-0.6213477253913879 | [-0.01] | -2.6495705045048636e-06
-0.5898196697235107 | [0.03] | -7.183750627444623e-05
-0.5577580332756042 | [0.06] | -0.000340192105633248
-0.5253531336784363 | [0.09] | -0.0007957814725825576
-0.4928012788295746 | [0.12] | -0.0014217721163624353
-0.4603012204170227 | [0.15] | -0.0021971882817294146
-0.428050696849823 | [0.18] | -0.003097844109480612
-0.39624300599098206 | [0.2] | -0.004097374720495572
-0.36506378650665283 | [0.23] | -0.005168287553891789
-0.3346882462501526 | [0.25] | -0.006282955915416719
-0.3052789270877838 | [0.27] | -0.007414489813552721
-0.27698397636413574 | [0.29] | -0.008537452480809718
-0.24993616342544556 | [0.31] | -0.009628390572234358
-0.22425246238708496 | [0.33] | -0.010666187007904697
-0.20003414154052734 | [0.34] | -0.011632252806793017
-0.1773674190044403 | [0.35] | -0.012510575345892972
-0.15632450580596924 | [0.36] | -0.013287667443538737
-0.13696488738059998 | [0.37] | -0.013952443191447986
-0.11933688074350357 | [0.38] | -0.014496052754280418
-0.10347925871610641 | [0.39] | -0.014911704226346115
-0.08942290395498276 | [0.39] | -0.015194494089892591
-0.07719242572784424 | [0.39] | -0.015341259831653898
-0.06680769473314285 | [0.39] | -0.01535046810632246
-0.05828522518277168 | [0.39] | -0.01522214310271427
-0.05163940042257309 | [0.39] | -0.014957839616931446
-0.04688350483775139 | [0.38] | -0.014560659244069449
-0.04403054714202881 | [0.37] | -0.014035310708132676
-0.04309385269880295 | [0.37] | -0.013388207701868077
-0.044087447226047516 | [0.36] | -0.01262759830071801
-0.04702617600560188 | [0.34] | -0.011763719392620582
-0.051925595849752426 | [0.33] | -0.010808962840572504
-0.05880158767104149 | [0.31] | -0.009778042194023326
-0.06766973435878754 | [0.29] | -0.008688139761613712
-0.07854440808296204 | [0.27] | -0.007559017182943686
-0.09143759310245514 | [0.25] | -0.006413062207609905
-0.10635744780302048 | [0.23] | -0.005275245810228448
-0.12330660223960876 | [0.2] | -0.004172962565992234
-0.1422802209854126 | [0.18] | -0.00313572128721429
-0.16326391696929932 | [0.15] | -0.0021946637678937598
Total reward: -2.493864387010398
0.9, 5.0, 0.4
parameter ends

state | action | reward
[-0.45] | [-0.] | -4.35972483203706e-07
-0.4473387598991394 | [-0.01] | -2.999078431573791e-06
-0.4484882354736328 | [-0.01] | -8.811303570027215e-06
-0.4502103924751282 | [-0.01] | -1.904418553247033e-05
-0.4524992108345032 | [-0.02] | -3.494427748399807e-05
-0.4553452730178833 | [-0.02] | -5.7797481095612454e-05
-0.45873573422431946 | [-0.03] | -8.889037515273334e-05
-0.46265432238578796 | [-0.04] | -0.0001294695007252275
-0.4670814275741577 | [-0.04] | -0.00018070009715809724
-0.47199416160583496 | [-0.05] | -0.00024362488238857446
-0.4773664176464081 | [-0.06] | -0.00031912378392154545
-0.4831690490245819 | [-0.06] | -0.00040787707255627003
-0.4893699586391449 | [-0.07] | -0.0005103310970373501
-0.49593427777290344 | [-0.08] | -0.000626669464671446
-0.502824604511261 | [-0.09] | -0.0007567903594281424
-0.5100011229515076 | [-0.09] | -0.0009002887045335035
-0.5174219012260437 | [-0.1] | -0.001056447707456923
-0.5250431895256042 | [-0.11] | -0.0012242381991860896
-0.5328196287155151 | [-0.12] | -0.0014023241609786474
-0.5407045483589172 | [-0.13] | -0.0015890772630981495
-0.548650324344635 | [-0.13] | -0.0017826004239059575
-0.5566086173057556 | [-0.14] | -0.001980755961107027
-0.5645308494567871 | [-0.15] | -0.0021812051657364383
-0.5723684430122375 | [-0.15] | -0.002381448979639223
-0.5800729990005493 | [-0.16] | -0.002578869624317354
-0.5875969529151917 | [-0.17] | -0.0027707899271314173
-0.5948935151100159 | [-0.17] | -0.0029545146435307227
-0.6019172668457031 | [-0.18] | -0.003127391756099602
-0.608624279499054 | [-0.18] | -0.003286859496019626
-0.6149724721908569 | [-0.19] | -0.0034304999370194746
-0.6209217309951782 | [-0.19] | -0.003556082470446125
-0.6264342665672302 | [-0.19] | -0.0036616124210298185
-0.6314747333526611 | [-0.19] | -0.003745367579538311
-0.636010468006134 | [-0.2] | -0.0038059348252967927
-0.6400116086006165 | [-0.2] | -0.0038422370589505823
-0.6434513330459595 | [-0.2] | -0.00385355922690752
-0.6463058590888977 | [-0.2] | -0.003839560000630486
-0.6485546827316284 | [-0.19] | -0.0038002856656769372
-0.6501805186271667 | [-0.19] | -0.003736167063294707
-0.6511695981025696 | [-0.19] | -0.003648022961795618
-0.651511549949646 | [-0.19] | -0.003537041852997107
-0.6511996388435364 | [-0.18] | -0.0034047699338183857
-0.6502307057380676 | [-0.18] | -0.003253082170827893
-0.6486052870750427 | [-0.18] | -0.003084153340714322
-0.646327555179596 | [-0.17] | -0.0029004173454012247
-0.6434054970741272 | [-0.16] | -0.0027045286293571873
-0.6398507356643677 | [-0.16] | -0.0024993077698989906
-0.6356788277626038 | [-0.15] | -0.002287697216390562
-0.6309089660644531 | [-0.14] | -0.0020726961228434426
-0.6255640387535095 | [-0.14] | -0.001857304547815367
-0.6196706891059875 | [-0.13] | -0.001644465770912076
-0.6132590770721436 | [-0.12] | -0.0014370021709059072
-0.6063628792762756 | [-0.11] | -0.0012375593889038625
-0.5990191698074341 | [-0.1] | -0.0010485511573584464
-0.5912682414054871 | [-0.09] | -0.00087210845741739
-0.5831533670425415 | [-0.08] | -0.0007100346098157618
-0.574720561504364 | [-0.08] | -0.0005637692072234525
-0.5660184621810913 | [-0.07] | -0.00043436337537076263
-0.5570979714393616 | [-0.06] | -0.00032246106585484443
-0.548011839389801 | [-0.05] | -0.00022829208218318878
-0.5388144254684448 | [-0.04] | -0.00015167852520618652
-0.5295613408088684 | [-0.03] | -9.205069795709239e-05
-0.5203090906143188 | [-0.02] | -4.8473928577820554e-05
-0.5111145377159119 | [-0.01] | -1.9684607459298683e-05
-0.502034604549408 | [-0.01] | -4.136445171594161e-06
-0.49312594532966614 | [0.] | -5.3282014392587686e-08
-0.48444440960884094 | [0.01] | -5.48734769001448e-06
-0.47604474425315857 | [0.01] | -1.8381951931580493e-05
-0.46798020601272583 | [0.02] | -3.663603880044195e-05
-0.4603021442890167 | [0.02] | -5.816933861896737e-05
-0.4530597925186157 | [0.03] | -8.098544018978507e-05
-0.44629985094070435 | [0.03] | -0.00010323246550769377
-0.44006627798080444 | [0.04] | -0.0001232585589180289
-0.4343999922275543 | [0.04] | -0.00013966202083160782
-0.4293386936187744 | [0.04] | -0.00015133391098136906
-0.4249166250228882 | [0.04] | -0.00015749351509504973
-0.4211643636226654 | [0.04] | -0.00015771515133163053
-0.4181087613105774 | [0.04] | -0.0001519451523280301
-0.4157727062702179 | [0.04] | -0.00014051079601673728
-0.4141750931739807 | [0.04] | -0.00012411831032595668
-0.41333067417144775 | [0.03] | -0.00010384214887266346
-0.4132499098777771 | [0.03] | -8.110461514934863e-05
-0.4139390289783478 | [0.02] | -5.764486084958536e-05
-0.41539981961250305 | [0.02] | -3.5480385068053214e-05
-0.4176296591758728 | [0.01] | -1.6858605672087567e-05
-0.42062148451805115 | [0.01] | -4.201067186517722e-06
-0.4243636727333069 | [-0.] | -4.0743889080326925e-08
-0.42884016036987305 | [-0.01] | -6.953102646532002e-06
-0.43403029441833496 | [-0.02] | -2.7482901687852878e-05
-0.4399090111255646 | [-0.03] | -6.406817124596425e-05
-0.44644680619239807 | [-0.03] | -0.00011896320265101003
-0.453609824180603 | [-0.04] | -0.00019416253578400804
-0.46136000752449036 | [-0.05] | -0.0002913286082406201
-0.46965521574020386 | [-0.06] | -0.0004117247555401417
-0.4784494936466217 | [-0.07] | -0.000556157059877991
-0.4876932203769684 | [-0.09] | -0.0007249251546790937
-0.49733343720436096 | [-0.1] | -0.0009177862064677254
-0.507314145565033 | [-0.11] | -0.001133931836352401
-0.5175766348838806 | [-0.12] | -0.0013719800715572064
-0.5280600190162659 | [-0.13] | -0.001629986002955089
-0.5387014150619507 | [-0.14] | -0.0019054600646413206
-0.5494366884231567 | [-0.15] | -0.0021954135323769713
-0.5602006316184998 | [-0.16] | -0.002496404573627422
-0.5709275603294373 | [-0.17] | -0.0028046056515294206
-0.5815519690513611 | [-0.18] | -0.0031158846284994428
-0.592008650302887 | [-0.19] | -0.0034258780210415364
-0.6022335290908813 | [-0.19] | -0.003730091540978156
-0.612163782119751 | [-0.2] | -0.004023982042082169
-0.6217384934425354 | [-0.21] | -0.004303058006785779
-0.6308988928794861 | [-0.21] | -0.004562965169501902
-0.6395887732505798 | [-0.22] | -0.004799575503889298
-0.6477547883987427 | [-0.22] | -0.005009067638281267
-0.6553467512130737 | [-0.23] | -0.0051880020160227
-0.6623177528381348 | [-0.23] | -0.005333380769247675
-0.6686245799064636 | [-0.23] | -0.005442713170026641
-0.6742276549339294 | [-0.23] | -0.005514053260014598
-0.6790912747383118 | [-0.24] | -0.005546040438312978
-0.6831837892532349 | [-0.24] | -0.0055379294603579605
-0.6864776015281677 | [-0.23] | -0.0054896029290799194
-0.6889493465423584 | [-0.23] | -0.005401582618761942
-0.6905797719955444 | [-0.23] | -0.005275017892348988
-0.6913540959358215 | [-0.23] | -0.005111684964883324
-0.6912618279457092 | [-0.22] | -0.00491395306020806
-0.6902969479560852 | [-0.22] | -0.004684755607757481
-0.6884579658508301 | [-0.21] | -0.00442754590292146
-0.6857479810714722 | [-0.2] | -0.004146242404772748
-0.6821746826171875 | [-0.2] | -0.0038451617399944495
-0.6777505874633789 | [-0.19] | -0.003528950692180443
-0.6724929213523865 | [-0.18] | -0.003202496058630835
-0.6664237380027771 | [-0.17] | -0.0028708351918206795
-0.6595699787139893 | [-0.16] | -0.0025390581715743978
-0.6519635319709778 | [-0.15] | -0.0022122045788609108
-0.6436410546302795 | [-0.14] | -0.0018951518937329272
-0.634644091129303 | [-0.13] | -0.001592513325154369
-0.6250188946723938 | [-0.11] | -0.001308530186342586
-0.6148163080215454 | [-0.1] | -0.001046974309985184
-0.6040915846824646 | [-0.09] | -0.0008110587494470075
-0.5929040908813477 | [-0.08] | -0.0006033602714025268
-0.5813170671463013 | [-0.07] | -0.00042575958723446554
-0.5693972110748291 | [-0.05] | -0.0002793981462132276
-0.5572142004966736 | [-0.04] | -0.00016465587760062123
-0.544840395450592 | [-0.03] | -8.11525090598191e-05
-0.5323501229286194 | [-0.02] | -2.776778599915566e-05
-0.5198192000389099 | [-0.01] | -2.6860167383395566e-06
-0.5073243975639343 | [0.01] | -3.4598401590619537e-06
-0.4949427843093872 | [0.02] | -2.7091712837318594e-05
-0.48275113105773926 | [0.03] | -7.013079955450154e-05
-0.47082534432411194 | [0.04] | -0.0001287811540189734
-0.4592398703098297 | [0.04] | -0.00019901785216953146
-0.44806718826293945 | [0.05] | -0.00027670679108684706
-0.4373772442340851 | [0.06] | -0.00035772528226117985
-0.42723706364631653 | [0.07] | -0.00043807856523441293
-0.4177103042602539 | [0.07] | -0.0005140108648219458
-0.4088568687438965 | [0.08] | -0.0005821076830042994
-0.4007326662540436 | [0.08] | -0.0006393863248378888
-0.3933892846107483 | [0.08] | -0.0006833756520936866
-0.38687384128570557 | [0.08] | -0.0007121809715004549
-0.3812287151813507 | [0.09] | -0.0007245370187450717
-0.376491516828537 | [0.08] | -0.0007198434261334848
-0.3726949095726013 | [0.08] | -0.0006981884808034147
-0.3698664605617523 | [0.08] | -0.0006603576185748084
-0.3680286705493927 | [0.08] | -0.0006078247412346674
-0.3671988248825073 | [0.07] | -0.0005427315232918788
-0.36738890409469604 | [0.07] | -0.00046785068035325297
-0.3686055541038513 | [0.06] | -0.00038653354848827476
-0.37084993720054626 | [0.06] | -0.0003026442100202984
-0.37411776185035706 | [0.05] | -0.00022047684657158074
-0.3783990442752838 | [0.04] | -0.00014466179969833907
-0.3836781680583954 | [0.03] | -8.00553705180574e-05
-0.389933705329895 | [0.02] | -3.1619926848818076e-05
-0.39713841676712036 | [0.01] | -4.292782493635684e-06
-0.4052591621875763 | [-0.01] | -2.8482685111530954e-06
-0.4142569303512573 | [-0.02] | -3.175536910610563e-05
-0.42408686876296997 | [-0.03] | -9.503540795966946e-05
-0.43469834327697754 | [-0.04] | -0.00019612376521657368
-0.44603511691093445 | [-0.06] | -0.00033774098710280374
-0.45803555846214294 | [-0.07] | -0.0005217781148062183
-0.4706329107284546 | [-0.09] | -0.0007492007089595664
-0.4837556779384613 | [-0.1] | -0.0010199771524491868
-0.4973280429840088 | [-0.12] | -0.0013330333607490304
-0.5112704038619995 | [-0.13] | -0.0016862386390118847
-0.5254999995231628 | [-0.14] | -0.002076423662226337
-0.5399314761161804 | [-0.16] | -0.002499427459843387
-0.5544776916503906 | [-0.17] | -0.002950179158563054
-0.5690502524375916 | [-0.19] | -0.003422798364369071
-0.5835605263710022 | [-0.2] | -0.0039107323872129
-0.5979201197624207 | [-0.21] | -0.004406895099185077
-0.6120417714118958 | [-0.22] | -0.00490383212816066
-0.6258400678634644 | [-0.23] | -0.0053938880288630165
-0.6392318606376648 | [-0.24] | -0.005869364473836592
-0.6521371006965637 | [-0.25] | -0.006322692253441786
-0.6644791960716248 | [-0.26] | -0.006746579536125276
-0.6761854887008667 | [-0.27] | -0.007134154443512033
-0.6871875524520874 | [-0.27] | -0.007479088544827881
-0.6974216103553772 | [-0.28] | -0.007775715347615297
-0.7068285346031189 | [-0.28] | -0.008019112585404543
-0.7153542041778564 | [-0.29] | -0.008205191386951844
-0.7229493856430054 | [-0.29] | -0.00833074734193994
-0.7295699119567871 | [-0.29] | -0.008393514173468687
-0.735176682472229 | [-0.29] | -0.008392196921697449
-0.7397356033325195 | [-0.29] | -0.008326489704684288
-0.7432175278663635 | [-0.29] | -0.00819708267760516
-0.7455983757972717 | [-0.28] | -0.00800566682521803
-0.746859073638916 | [-0.28] | -0.0077549166925971235
-0.7469854354858398 | [-0.27] | -0.007448457975990974
-0.7459684014320374 | [-0.27] | -0.007090839306266045
-0.7438039779663086 | [-0.26] | -0.006687473524873092
-0.7404934763908386 | [-0.25] | -0.006244577214636016
-0.7360434532165527 | [-0.24] | -0.005769077985093177
-0.7304660677909851 | [-0.23] | -0.005268523007154043
-0.7237792015075684 | [-0.22] | -0.004750956386136371
-0.7160065770149231 | [-0.21] | -0.004224778582329511
-0.707177996635437 | [-0.19] | -0.003698593123819252
-0.697329580783844 | [-0.18] | -0.00318103714063246
-0.6865039467811584 | [-0.16] | -0.002680596719454911
-0.6747501492500305 | [-0.15] | -0.0022054076981661004
-0.6621239185333252 | [-0.13] | -0.0017630641082388835
-0.6486876010894775 | [-0.12] | -0.00136042218082626
-0.6345099210739136 | [-0.1] | -0.0010034128327468179
-0.6196659207344055 | [-0.08] | -0.0006968798030266356
-0.6042365431785583 | [-0.07] | -0.00044443724638489036
-0.5883082747459412 | [-0.05] | -0.00024836438702544576
-0.5719724893569946 | [-0.03] | -0.00010953678151403059
-0.5553248524665833 | [-0.02] | -2.740360336032658e-05
-0.5384644269943237 | [-0.] | -9.977736943390251e-09
-0.5214930176734924 | [0.02] | -2.4066256247179745e-05
-0.5045141577720642 | [0.03] | -9.505912557513449e-05
-0.4876320958137512 | [0.05] | -0.00020740255011751922
-0.4709509313106537 | [0.06] | -0.0003546196197587669
-0.4545736610889435 | [0.07] | -0.0005295475647155023
-0.43860122561454773 | [0.09] | -0.0007245584609178341
-0.4231317341327667 | [0.1] | -0.00093178422800078
-0.4082595705986023 | [0.11] | -0.001143341602929705
-0.3940749168395996 | [0.12] | -0.0013515426593887654
-0.38066303730010986 | [0.12] | -0.0015490948965933603
-0.36810392141342163 | [0.13] | -0.0017292772050729627
-0.3564719259738922 | [0.14] | -0.0018860951288939547
-0.34583553671836853 | [0.14] | -0.002014412107190712
-0.3362571597099304 | [0.15] | -0.002110058092634238
-0.327793151140213 | [0.15] | -0.0021699114452714626
-0.3204937279224396 | [0.15] | -0.002191963450540019
-0.3144029676914215 | [0.15] | -0.0021753614266701578
-0.3095589578151703 | [0.15] | -0.0021204292086391924
-0.3059937655925751 | [0.14] | -0.0020286749077215315
-0.3037334978580475 | [0.14] | -0.00190277813781672
-0.3027983009815216 | [0.13] | -0.0017465602604872761
-0.30320239067077637 | [0.13] | -0.001564934443770092
-0.30495399236679077 | [0.12] | -0.0013638369616932869
-0.30805516242980957 | [0.11] | -0.0011501383530549136
-0.3125017285346985 | [0.1] | -0.0009315274043123051
-0.3182830214500427 | [0.08] | -0.0007163736682373077
-0.32538166642189026 | [0.07] | -0.0005135617360191131
-0.3337733745574951 | [0.06] | -0.0003322993092354304
-0.34342658519744873 | [0.04] | -0.00018190202443615664
-0.3543022871017456 | [0.03] | -7.155346082112248e-05
-0.36635369062423706 | [0.01] | -1.004938246709135e-05
-0.37952613830566406 | [-0.01] | -5.5290638891748555e-06
-0.3937569558620453 | [-0.03] | -6.520537626138378e-05
-0.4089754521846771 | [-0.04] | -0.00019510219931462072
-0.4251030385494232 | [-0.06] | -0.00039981136550492073
-0.4420534670352936 | [-0.08] | -0.0006822814178058176
-0.4597333073616028 | [-0.1] | -0.0010436507216460213
-0.47804245352745056 | [-0.12] | -0.0014831336872928383
-0.4968748986721039 | [-0.14] | -0.001997971128271887
-0.5161195993423462 | [-0.16] | -0.002583446432652039
-0.5356614589691162 | [-0.18] | -0.003232970490920455
-0.5553825497627258 | [-0.2] | -0.003938236192338079
-0.5751633048057556 | [-0.22] | -0.0046894275529355154
-0.5948837399482727 | [-0.23] | -0.005475479284469037
-0.6144245862960815 | [-0.25] | -0.006284362277561155
-0.6336686611175537 | [-0.27] | -0.007103405173569744
-0.6525018811225891 | [-0.28] | -0.00791960581060357
-0.6708143949508667 | [-0.3] | -0.008719946334804074
-0.6885012984275818 | [-0.31] | -0.009491674972882164
-0.7054634094238281 | [-0.32] | -0.010222566387424485
-0.7216077446937561 | [-0.33] | -0.010901141512884866
-0.7368481159210205 | [-0.34] | -0.011516866156825435
-0.751105010509491 | [-0.35] | -0.012060278217746925
-0.7643059492111206 | [-0.35] | -0.012523118380682234
-0.7763853073120117 | [-0.36] | -0.012898403822781965
-0.7872840166091919 | [-0.36] | -0.013180475786008158
-0.796949565410614 | [-0.37] | -0.013365050099660351
-0.805335521697998 | [-0.37] | -0.013449226596780155
-0.812401294708252 | [-0.37] | -0.013431504811036636
-0.8181118369102478 | [-0.36] | -0.01331178907413565
-0.8224371671676636 | [-0.36] | -0.013091376917311848
-0.8253523111343384 | [-0.36] | -0.012772969160696826
-0.8268371224403381 | [-0.35] | -0.01236066402096189
-0.8268759846687317 | [-0.34] | -0.011859934503318688
-0.8254578709602356 | [-0.34] | -0.01127761593507371
-0.8225765824317932 | [-0.33] | -0.01062188606394484
-0.8182305693626404 | [-0.31] | -0.009902197336373241
-0.812423586845398 | [-0.3] | -0.009129231441060329
-0.8051646947860718 | [-0.29] | -0.008314782128733883
-0.7964688539505005 | [-0.27] | -0.0074716343208690505
-0.786357581615448 | [-0.26] | -0.006613402683103022
-0.7748591899871826 | [-0.24] | -0.005754304648733506
-0.7620096206665039 | [-0.22] | -0.004908919134908483
-0.7478529214859009 | [-0.2] | -0.004091884614833619
-0.732441782951355 | [-0.18] | -0.0033175642174435188
-0.7158380150794983 | [-0.16] | -0.002599681586494903
-0.6981129050254822 | [-0.14] | -0.0019509384713485432
-0.6793473958969116 | [-0.12] | -0.0013826284532284414
-0.6596322059631348 | [-0.1] | -0.0009042692523233783
-0.6390674710273743 | [-0.07] | -0.0005232667556966814
-0.6177624464035034 | [-0.05] | -0.0002446409356033124
-0.5958347916603088 | [-0.03] | -7.082463974379438e-05
-0.5734094977378845 | [-0.] | -1.5539614600618108e-06
-0.5506179332733154 | [0.02] | -3.386249991283209e-05
-0.5275963544845581 | [0.04] | -0.00016217780299895084
-0.5044843554496765 | [0.06] | -0.00037852083998667714
-0.48142334818840027 | [0.08] | -0.0006727934227475585
-0.45855477452278137 | [0.1] | -0.001033140421844586
-0.4360184967517853 | [0.12] | -0.001446361931554797
-0.4139511287212372 | [0.14] | -0.001898355041305161
-0.3924846947193146 | [0.15] | -0.002374555158138308
-0.3717453181743622 | [0.17] | -0.0028603639622841663
-0.3518521785736084 | [0.18] | -0.0033415402188159203
-0.3329166769981384 | [0.2] | -0.003804545903624332
-0.31504198908805847 | [0.21] | -0.004236831071805419
-0.2983226478099823 | [0.22] | -0.004627072233672315
-0.28284451365470886 | [0.22] | -0.004965348837983165
-0.26868483424186707 | [0.23] | -0.005243276470787924
-0.25591257214546204 | [0.23] | -0.005454094909711021
-0.244588702917099 | [0.24] | -0.005592729440819642
-0.23476673662662506 | [0.24] | -0.005655823120953417
-0.2264932096004486 | [0.24] | -0.005641753457109774
-0.21980814635753632 | [0.24] | -0.005550641468541416
-0.21474555134773254 | [0.23] | -0.005384349074745153
-0.21133378148078918 | [0.23] | -0.005146474712770187
-0.20959588885307312 | [0.22] | -0.004842340000116884
-0.20954976975917816 | [0.21] | -0.004478971902256205
-0.2112082540988922 | [0.2] | -0.004065069224067358
-0.2145790159702301 | [0.19] | -0.0036109519877853924
-0.21966439485549927 | [0.18] | -0.0031284824525057127
-0.22646097838878632 | [0.16] | -0.002630955048690205
-0.23495915532112122 | [0.15] | -0.002132938688370214
-0.24514250457286835 | [0.13] | -0.0016500695303148115
-0.2569870352745056 | [0.11] | -0.0011987855566435608
-0.27046042680740356 | [0.09] | -0.0007959970634414169
-0.2855212390422821 | [0.07] | -0.00045869276928479165
-0.3021180331707001 | [0.05] | -0.00020348872894379642
-0.3201887309551239 | [0.02] | -4.612474335258254e-05
-0.33965983986854553 | [-0.] | -9.299183897316166e-07
-0.36044612526893616 | [-0.03] | -8.027544190529793e-05
-0.38245028257369995 | [-0.05] | -0.000294045946504401
-0.40556302666664124 | [-0.08] | -0.0006491601023461861
-0.4296635091304779 | [-0.11] | -0.0011491753913477943
-0.45462003350257874 | [-0.13] | -0.0017940083292589462
-0.48029112815856934 | [-0.16] | -0.00257979537175867
-0.5065270066261292 | [-0.19] | -0.0034989127857971607
-0.5331714749336243 | [-0.21] | -0.004540165892492414
-0.5600637793540955 | [-0.24] | -0.0056891254663833
-0.587040901184082 | [-0.26] | -0.006928606701866182
-0.6139399409294128 | [-0.29] | -0.008239254974095249
-0.6406002044677734 | [-0.31] | -0.00960018138961282
-0.6668656468391418 | [-0.33] | -0.010989642296961678
-0.6925866007804871 | [-0.35] | -0.012385671787430372
-0.7176216840744019 | [-0.37] | -0.01376668517549306
-0.7418389320373535 | [-0.39] | -0.015111972379821571
-0.7651169300079346 | [-0.4] | -0.01640211488666687
-0.7873454093933105 | [-0.42] | -0.017619285070898025
-0.8084254860877991 | [-0.43] | -0.018747446750779596
-0.8282694220542908 | [-0.44] | -0.019772452735972598
-0.8468004465103149 | [-0.45] | -0.020682089594824624
-0.8639519810676575 | [-0.46] | -0.021466039709346855
-0.8796668648719788 | [-0.47] | -0.022115815316800697
-0.8938962817192078 | [-0.48] | -0.022624660673361663
-0.9065989851951599 | [-0.48] | -0.022987471916100965
-0.917739987373352 | [-0.48] | -0.02320068306657431
-0.9272896647453308 | [-0.48] | -0.023262200418921995
-0.9352228045463562 | [-0.48] | -0.02317134676369586
-0.94151771068573 | [-0.48] | -0.022928830749930598
-0.9461554884910583 | [-0.47] | -0.022536748950722538
-0.9491193294525146 | [-0.47] | -0.02199860291833153
-0.9503941535949707 | [-0.46] | -0.0213193595625128
-0.9499662518501282 | [-0.45] | -0.020505518477281437
-0.9478232264518738 | [-0.44] | -0.019565204340160517
-0.9439539313316345 | [-0.43] | -0.018508251897076645
-0.9383489489555359 | [-0.42] | -0.017346316288597795
-0.931000828742981 | [-0.4] | -0.016092934596177343
-0.9219048023223877 | [-0.38] | -0.014763583402900233
-0.9110596179962158 | [-0.37] | -0.013375686438932805
-0.8984686732292175 | [-0.35] | -0.011948571875058794
-0.8841409683227539 | [-0.32] | -0.010503328681715447
-0.8680925965309143 | [-0.3] | -0.009062597142742993
-0.8503480553627014 | [-0.28] | -0.007650237538923134
-0.8309418559074402 | [-0.25] | -0.006290893339770051
-0.8099197745323181 | [-0.22] | -0.005009423666426706
-0.787340521812439 | [-0.2] | -0.003830246287269251
-0.7632767558097839 | [-0.17] | -0.0027765689946596824
-0.737816333770752 | [-0.14] | -0.0018695783394499074
-0.7110626697540283 | [-0.11] | -0.0011275934619249604
-0.6831352710723877 | [-0.08] | -0.0005652756519290183
-0.6541693210601807 | [-0.04] | -0.00019291883898737264
-0.6243147850036621 | [-0.01] | -1.590304774921726e-05
-0.5937352776527405 | [0.02] | -3.43579192609884e-05
-0.5626057982444763 | [0.05] | -0.00024307066534554219
-0.5311104655265808 | [0.08] | -0.0006316623529409614
-0.4994395971298218 | [0.11] | -0.0011850217559995714
-0.4677864611148834 | [0.14] | -0.0018839701070920126
-0.43634408712387085 | [0.16] | -0.0027060964894456553
-0.40530192852020264 | [0.19] | -0.0036267038111620986
-0.3748428225517273 | [0.21] | -0.004619789746448141
-0.3451403081417084 | [0.24] | -0.005658985819998883
-0.3163563907146454 | [0.26] | -0.006718404597638783
-0.28863978385925293 | [0.28] | -0.007773350718549181
-0.26212480664253235 | [0.3] | -0.008800868561978675
-0.23693087697029114 | [0.31] | -0.009780123316385688
-0.21316245198249817 | [0.33] | -0.01069263183082992
-0.19090953469276428 | [0.34] | -0.01152235651726372
-0.17024852335453033 | [0.35] | -0.012255698963564059
-0.15124334394931793 | [0.36] | -0.012881418061525452
-0.13394683599472046 | [0.37] | -0.013390502114248507
-0.11840229481458664 | [0.37] | -0.013776021419310192
-0.10464495420455933 | [0.37] | -0.014032985219827333
-0.09270351380109787 | [0.38] | -0.014158214936980735
-0.08260159939527512 | [0.38] | -0.0141502449950379
-0.07435906678438187 | [0.37] | -0.01400926215599244
-0.0679931566119194 | [0.37] | -0.013737083118757154
-0.06351946294307709 | [0.37] | -0.013337173511925671
-0.06095271557569504 | [0.36] | -0.01281470303876729
-0.060307323932647705 | [0.35] | -0.012176636327799317
-0.06159770116209984 | [0.34] | -0.011431849689851739
-0.06483834981918335 | [0.33] | -0.010591265734451006
-0.07004369050264359 | [0.31] | -0.009667994557773733
-0.0772276371717453 | [0.29] | -0.008677466502233503
-0.08640292286872864 | [0.28] | -0.007637536967349888
-0.09758014976978302 | [0.26] | -0.006568545122618723
-0.11076658219099045 | [0.23] | -0.005493301090009088
-0.1259646862745285 | [0.21] | -0.004436974907666673
-0.14317043125629425 | [0.19] | -0.003426862862463359
-0.162371426820755 | [0.16] | -0.0024920015554608533
-0.1835448443889618 | [0.13] | -0.001662617696666099
-0.2066553384065628 | [0.1] | -0.00096939291820807
-0.2316528856754303 | [0.07] | -0.00044255312592926917
-0.2584708333015442 | [0.03] | -0.00011079875342754654
-0.28702419996261597 | [-0.] | -1.1850180251238959e-07
-0.31720826029777527 | [-0.04] | -0.00013255212021130467
-0.3488978147506714 | [-0.07] | -0.0005249854553224519
-0.3819471597671509 | [-0.11] | -0.0011880818814968418
-0.4161907136440277 | [-0.15] | -0.002125453626010463
-0.4514446258544922 | [-0.18] | -0.0033331717841285215
-0.4875093400478363 | [-0.22] | -0.0047996912650510835
-0.524172842502594 | [-0.26] | -0.006506221429436293
-0.5612146258354187 | [-0.29] | -0.008427529760355585
-0.5984103679656982 | [-0.32] | -0.010533134681705796
-0.6355364918708801 | [-0.36] | -0.012788748160860397
-0.6723752021789551 | [-0.39] | -0.015157888189835038
-0.7087187767028809 | [-0.42] | -0.017603462887159384
-0.7443735599517822 | [-0.45] | -0.020089241203347548
-0.7791633009910583 | [-0.48] | -0.022581093057304803
-0.8129314184188843 | [-0.5] | -0.025047920489233995
-0.8455426692962646 | [-0.52] | -0.027462288036068025
-0.8768836855888367 | [-0.55] | -0.029800730608373904
-0.9068628549575806 | [-0.57] | -0.03204379699580745
-0.935409426689148 | [-0.58] | -0.03417587734171979
-0.9624722003936768 | [-0.6] | -0.03618488746628767
-0.9880175590515137 | [-0.62] | -0.03806183396684239
-1.012027621269226 | [-0.63] | -0.03980037036822041
-1.0344979763031006 | [-0.64] | -0.04139632249662087
-1.0554351806640625 | [-0.65] | -0.04284720912272206
-1.074855089187622 | [-0.66] | -0.04415188687221793
-1.0927802324295044 | [-0.67] | -0.04531013167897455
-1.1092383861541748 | [-0.68] | -0.04632238499333977
-1.124260663986206 | [-0.69] | -0.04718947759134626
-1.1378798484802246 | [-0.69] | -0.04791240988382401
-1.1501293182373047 | [-0.7] | -0.04849221987699865
-1.161041498184204 | [-0.7] | -0.048929813133925824
-1.170647382736206 | [-0.7] | -0.04922593817897532
-1.178975224494934 | [-0.7] | -0.0493810651016508
-1.1860499382019043 | [-0.7] | -0.049395368209681295
-1.1918926239013672 | [-0.7] | -0.04926872618097722
-1.1965200901031494 | [-0.7] | -0.04900073553152734
-1.199944257736206 | [-0.7] | -0.0485907181569796
-1.2000000476837158 | [-0.68] | -0.046240005836487
-1.1987781524658203 | [-0.67] | -0.045264753890356675
-1.1963194608688354 | [-0.66] | -0.04414197674491174
-1.1926034688949585 | [-0.65] | -0.04287145576211628
-1.1876037120819092 | [-0.64] | -0.04145356964046465
-1.181288242340088 | [-0.63] | -0.03988958015655415
-1.1736197471618652 | [-0.62] | -0.0381818982816071
-1.1645557880401611 | [-0.6] | -0.036334387899570934
-1.154049277305603 | [-0.59] | -0.03435271300918246
-1.1420493125915527 | [-0.57] | -0.032244736245312364
-1.1285016536712646 | [-0.55] | -0.030020876067387514
-1.1133497953414917 | [-0.53] | -0.02769451315664706
-1.09653639793396 | [-0.5] | -0.02528239057146698
-1.0780045986175537 | [-0.48] | -0.022804938060370664
-1.0576997995376587 | [-0.45] | -0.020286536451193563
-1.035571813583374 | [-0.42] | -0.017755674974990452
-1.0115774869918823 | [-0.39] | -0.015244952659804568
-0.985683023929596 | [-0.36] | -0.012790815734665218
-0.9578675031661987 | [-0.32] | -0.010433100420296106
-0.9281257390975952 | [-0.29] | -0.008214198108445703
-0.8964716792106628 | [-0.25] | -0.006177917771209724
-0.8629416823387146 | [-0.21] | -0.0043679998582619095
-0.8275974988937378 | [-0.17] | -0.0028263287916093175
-0.7905286550521851 | [-0.13] | -0.0015909210626392709
-0.7518543004989624 | [-0.08] | -0.0006938384761009507
-0.7117236256599426 | [-0.04] | -0.0001591844511210694
-0.6703155636787415 | [0.] | -1.4108969599678004e-06
-0.6278367042541504 | [0.05] | -0.00022411969738924927
-0.5845177173614502 | [0.09] | -0.0008195491075132296
-0.5406085848808289 | [0.13] | -0.0017688441073898987
-0.49637243151664734 | [0.17] | -0.0030431233848411
-0.45207858085632324 | [0.21] | -0.004605249732836692
-0.4079951345920563 | [0.25] | -0.006412116499996988
-0.3643816113471985 | [0.29] | -0.008417202089608139
-0.3214821517467499 | [0.33] | -0.010573123584312588
-0.27951961755752563 | [0.36] | -0.012833949087577423
-0.238691046833992 | [0.39] | -0.015157074309888744
-0.199164479970932 | [0.42] | -0.017504585841635233
-0.16107720136642456 | [0.45] | -0.019844076950217428
-0.1245354637503624 | [0.47] | -0.022148953977198918
-0.08961533010005951 | [0.49] | -0.024398349312924235
-0.056364476680755615 | [0.52] | -0.026576730215287555
-0.024804677814245224 | [0.54] | -0.028673324462084378
0.00506525207310915 | [0.55] | -0.030681448417947583
0.033266332000494 | [0.57] | -0.03259783107469976
0.05983626842498779 | [0.59] | -0.03442196275689798
0.08482643216848373 | [0.6] | -0.03615552052119549
0.10829905420541763 | [0.61] | -0.03780186952174511
0.13032470643520355 | [0.63] | -0.03936565267276767
0.150980144739151 | [0.64] | -0.0408524674340438
0.1703464239835739 | [0.65] | -0.04226861032099749
0.1885073184967041 | [0.66] | -0.04362088107363415
0.20554813742637634 | [0.67] | -0.04491645420888135
0.2215546816587448 | [0.68] | -0.04616277917948646
0.23661257326602936 | [0.69] | -0.04736753373239094
0.25080665946006775 | [0.7] | -0.04853858624697059
0.2642206847667694 | [0.7] | -0.04968399839973346
0.2769371271133423 | [0.71] | -0.050812045957775435
0.28903713822364807 | [0.72] | -0.05193125386032578
0.30060049891471863 | [0.73] | -0.053050436863844364
0.31170591711997986 | [0.74] | -0.05417878466115066
0.32243111729621887 | [0.74] | -0.05532592623333006
0.33285319805145264 | [0.75] | -0.0565020337671959
0.343049019575119 | [0.76] | -0.057717942141574156
0.35309556126594543 | [0.77] | -0.058985270866613086
0.36307039856910706 | [0.78] | -0.0603165818793776
0.3730522096157074 | [0.79] | -0.061725552905127545
0.38312140107154846 | [0.8] | -0.06322719321819313
0.3933606743812561 | [0.81] | -0.06483807861540522
0.40385565161705017 | [0.82] | -0.06657662059662937
0.4146956503391266 | [0.83] | -0.06846340393657376
0.4259744882583618 | [0.84] | -0.0705215670178503
0.43779122829437256 | [0.85] | 99.92722276417318
Total reward: 94.65568459199594
0.9, 5.0, 0.4
parameter ends

state | action | reward
[-0.48] | [-0.03] | -0.00011093172061407919
-0.4818167984485626 | [-0.04] | -0.00012574987612662636
-0.4825477600097656 | [-0.04] | -0.00014400338654593645
-0.4836427569389343 | [-0.04] | -0.0001660840285238231
-0.48509782552719116 | [-0.04] | -0.00019239966239945617
-0.4869067966938019 | [-0.05] | -0.00022336033517485695
-0.48906129598617554 | [-0.05] | -0.0002593629807685806
-0.4915507733821869 | [-0.05] | -0.00030077567325515186
-0.4943625032901764 | [-0.06] | -0.0003479212268326384
-0.49748170375823975 | [-0.06] | -0.0004010621690179017
-0.5008915662765503 | [-0.07] | -0.00046038538413011867
-0.504573404788971 | [-0.07] | -0.0005259891439047287
-0.5085065960884094 | [-0.08] | -0.0005978689175784669
-0.5126689672470093 | [-0.08] | -0.0006759108241243881
-0.5170366168022156 | [-0.09] | -0.000759879710080904
-0.5215842127799988 | [-0.09] | -0.0008494159469483863
-0.5262851715087891 | [-0.1] | -0.0009440337928955625
-0.5311117172241211 | [-0.1] | -0.0010431203771586882
-0.5360351204872131 | [-0.11] | -0.0011459406067776505
-0.5410258173942566 | [-0.11] | -0.001251643021559476
-0.5460537075996399 | [-0.12] | -0.001359271825157234
-0.5510882139205933 | [-0.12] | -0.0014677771796477663
-0.5560985207557678 | [-0.13] | -0.0015760312718957397
-0.5610537528991699 | [-0.13] | -0.0016828454635808296
-0.565923273563385 | [-0.13] | -0.001786992223451598
-0.5706766843795776 | [-0.14] | -0.0018872214681098884
-0.5752842426300049 | [-0.14] | -0.001982287853564265
-0.5797169208526611 | [-0.14] | -0.0020709702268116984
-0.5839465856552124 | [-0.15] | -0.0021520939764108084
-0.5879461169242859 | [-0.15] | -0.002224551337647239
-0.5916897654533386 | [-0.15] | -0.0022873276356954464
-0.5951531529426575 | [-0.15] | -0.0023395167141739377
-0.5983134508132935 | [-0.15] | -0.0023803394664215294
-0.6011494994163513 | [-0.16] | -0.0024091590609546625
-0.603641927242279 | [-0.16] | -0.0024254937252619086
-0.605773389339447 | [-0.16] | -0.002429030638857883
-0.607528567314148 | [-0.16] | -0.0024196302939699667
-0.6088942289352417 | [-0.15] | -0.002397329648100615
-0.6098594069480896 | [-0.15] | -0.002362345813580821
-0.6104153394699097 | [-0.15] | -0.002315069956302524
-0.6105557084083557 | [-0.15] | -0.0022560666118654478
-0.6102765798568726 | [-0.15] | -0.0021860615897794857
-0.6095764636993408 | [-0.15] | -0.0021059304942144873
-0.6084563136100769 | [-0.14] | -0.0020166830153937904
-0.6069195866584778 | [-0.14] | -0.0019194464189809881
-0.6049723029136658 | [-0.13] | -0.0018154468306777916
-0.6026228666305542 | [-0.13] | -0.0017059827949961357
-0.599882185459137 | [-0.13] | -0.0015924052411077792
-0.5967636704444885 | [-0.12] | -0.001476093336872715
-0.5932829976081848 | [-0.12] | -0.0013584247300211507
-0.5894583463668823 | [-0.11] | -0.0012407568061558348
-0.5853100419044495 | [-0.11] | -0.0011243954178819856
-0.5808606147766113 | [-0.1] | -0.001010574484912513
-0.5761346220970154 | [-0.09] | -0.0009004325031292813
-0.5711585879325867 | [-0.09] | -0.000794993813953847
-0.5659607648849487 | [-0.08] | -0.0006951499788147554
-0.5605711340904236 | [-0.08] | -0.0006016484627563046
-0.5550211668014526 | [-0.07] | -0.0005150811342502426
-0.5493435263633728 | [-0.07] | -0.000435876591573483
-0.5435720086097717 | [-0.06] | -0.000364300034748247
-0.5377413034439087 | [-0.05] | -0.00030045491998654936
-0.5318868160247803 | [-0.05] | -0.0002442894492789797
-0.5260443091392517 | [-0.04] | -0.00019560552620543896
-0.5202497839927673 | [-0.04] | -0.00015407381934042275
-0.5145392417907715 | [-0.03] | -0.0001192509280582458
-0.5089484453201294 | [-0.03] | -9.059917954504026e-05
-0.5035126805305481 | [-0.03] | -6.7508861518795e-05
-0.49826642870903015 | [-0.02] | -4.93216694629234e-05
-0.4932432770729065 | [-0.02] | -3.535625379604111e-05
-0.4884757101535797 | [-0.02] | -2.4933143811190082e-05
-0.4839947521686554 | [-0.01] | -1.739886408990707e-05
-0.47982990741729736 | [-0.01] | -1.214999644954081e-05
-0.47600892186164856 | [-0.01] | -8.65477698918523e-06
-0.47255760431289673 | [-0.01] | -6.472614632357932e-06
-0.4694996774196625 | [-0.01] | -5.270810044986454e-06
-0.46685659885406494 | [-0.01] | -4.837947636332443e-06
-0.46464747190475464 | [-0.01] | -5.093760454044904e-06
-0.4628888666629791 | [-0.01] | -6.094939994310062e-06
-0.4615947902202606 | [-0.01] | -8.037031697937213e-06
-0.46077650785446167 | [-0.01] | -1.125189812075152e-05
-0.46044254302978516 | [-0.01] | -1.6201210710855197e-05
-0.46059849858283997 | [-0.02] | -2.3465444201545467e-05
-0.46124711632728577 | [-0.02] | -3.372933902588157e-05
-0.46238821744918823 | [-0.02] | -4.776347778106131e-05
-0.4640185832977295 | [-0.03] | -6.640215359588619e-05
-0.46613210439682007 | [-0.03] | -9.051931762297887e-05
-0.46871960163116455 | [-0.03] | -0.0001210007696610483
-0.4717690348625183 | [-0.04] | -0.00015871640624450173
-0.47526538372039795 | [-0.05] | -0.00020448962522457434
-0.47919079661369324 | [-0.05] | -0.00025906788394460694
-0.4835246205329895 | [-0.06] | -0.0003230930099269261
-0.48824355006217957 | [-0.06] | -0.0003970736449426329
-0.49332165718078613 | [-0.07] | -0.00048135865388757655
-0.4987305998802185 | [-0.08] | -0.0005761151009240205
-0.5044397115707397 | [-0.08] | -0.0006813083699234948
-0.5104162693023682 | [-0.09] | -0.0007966890241035978
-0.5166255831718445 | [-0.1] | -0.0009217817589483928
-0.5230311751365662 | [-0.1] | -0.0010558804863409809
-0.529595136642456 | [-0.11] | -0.001198052082974628
-0.5362783670425415 | [-0.12] | -0.0013471441239525266
-0.5430405735969543 | [-0.12] | -0.001501792744774569
-0.5498408675193787 | [-0.13] | -0.0016604479893132015
-0.5566378831863403 | [-0.13] | -0.001821394826579291
-0.5633899569511414 | [-0.14] | -0.0019827788713883475
-0.5700554847717285 | [-0.15] | -0.00214264054852289
-0.576593279838562 | [-0.15] | -0.0022989524758211064
-0.5829627513885498 | [-0.16] | -0.002449654889382858
-0.5891240835189819 | [-0.16] | -0.002592692021580252
-0.595038652420044 | [-0.17] | -0.0027260562331471775
-0.6006692051887512 | [-0.17] | -0.0028478250682227747
-0.6059799790382385 | [-0.17] | -0.002956195426058423
-0.6109370589256287 | [-0.17] | -0.003049523534274073
-0.6155085563659668 | [-0.18] | -0.0031263570338475218
-0.6196646094322205 | [-0.18] | -0.0031854584092845086
-0.6233778595924377 | [-0.18] | -0.0032258399158872453
-0.626623272895813 | [-0.18] | -0.003246773859186089
-0.6293785572052002 | [-0.18] | -0.003247817744614589
-0.6316240429878235 | [-0.18] | -0.003228817105664266
-0.633342981338501 | [-0.18] | -0.0031899173655348216
-0.6345215439796448 | [-0.18] | -0.0031315608648691696
-0.6351488828659058 | [-0.17] | -0.00305448078777088
-0.6352173089981079 | [-0.17] | -0.0029596938249055586
-0.6347221732139587 | [-0.17] | -0.0028484783583244693
-0.6336621642112732 | [-0.16] | -0.0027223609901176294
-0.6320390701293945 | [-0.16] | -0.0025830817004419567
-0.6298580169677734 | [-0.16] | -0.002432569695067636
-0.6271274089813232 | [-0.15] | -0.0022729060800299027
-0.6238588690757751 | [-0.15] | -0.002106283915034294
-0.6200674176216125 | [-0.14] | -0.0019349720902519037
-0.6157711148262024 | [-0.13] | -0.0017612631407471235
-0.610991358757019 | [-0.13] | -0.0015874379830585384
-0.6057526469230652 | [-0.12] | -0.0014157162893628557
-0.6000824570655823 | [-0.11] | -0.0012482120063817828
-0.5940112471580505 | [-0.1] | -0.0010868939874522892
-0.5875722765922546 | [-0.1] | -0.0009335456446188901
-0.5808013677597046 | [-0.09] | -0.000789728926799215
-0.573736846446991 | [-0.08] | -0.0006567569329153878
-0.566419243812561 | [-0.07] | -0.000535668920571988
-0.5588911771774292 | [-0.07] | -0.0004272153436642744
-0.5511969327926636 | [-0.06] | -0.0003318463992495338
-0.5433823466300964 | [-0.05] | -0.00024971287192112506
-0.5354944467544556 | [-0.04] | -0.00018067181557115616
-0.5275810956954956 | [-0.04] | -0.0001243006080962806
-0.519690752029419 | [-0.03] | -7.991968722114813e-05
-0.5118721723556519 | [-0.02] | -4.662110831082222e-05
-0.5041738748550415 | [-0.02] | -2.330217847567169e-05
-0.4966440796852112 | [-0.01] | -8.706279781309773e-06
-0.4893302321434021 | [-0.] | -1.4653292359841032e-06
-0.4822786748409271 | [0.] | -1.4566581744304784e-07
-0.47553443908691406 | [0.01] | -3.29504293769572e-06
-0.46914082765579224 | [0.01] | -9.489438941695201e-06
-0.46313920617103577 | [0.01] | -1.737860558054037e-05
-0.45756879448890686 | [0.02] | -2.572884401373353e-05
-0.45246630907058716 | [0.02] | -3.346261114452286e-05
-0.4478658437728882 | [0.02] | -3.969312928388865e-05
-0.44379860162734985 | [0.02] | -4.3754022815814174e-05
-0.4402927756309509 | [0.02] | -4.522250211679086e-05
-0.4373733699321747 | [0.02] | -4.39362846617472e-05
-0.4350620210170746 | [0.02] | -4.000356767830877e-05
-0.43337690830230713 | [0.02] | -3.3805502600909404e-05
-0.4323326647281647 | [0.02] | -2.599133492344369e-05
-0.4319401979446411 | [0.01] | -1.7466488468824778e-05
-0.4322067201137543 | [0.01] | -9.37273812120529e-06
-0.43313562870025635 | [0.01] | -3.0619152944511883e-06
-0.43472638726234436 | [0.] | -6.278938541175872e-08
-0.4369746446609497 | [-0.] | -2.0416493126114072e-06
-0.4398720860481262 | [-0.01] | -1.075786371121441e-05
-0.44340643286705017 | [-0.02] | -2.8014571199311316e-05
-0.4475615620613098 | [-0.02] | -5.560631502430928e-05
-0.45231738686561584 | [-0.03] | -9.526371812275663e-05
-0.4576500654220581 | [-0.04] | -0.00014859825870268547
-0.4635319709777832 | [-0.05] | -0.0002170464861733649
-0.46993181109428406 | [-0.05] | -0.0003018167529866265
-0.4768148362636566 | [-0.06] | -0.0004038403791080773
-0.48414289951324463 | [-0.07] | -0.0005237265129808494
-0.4918747544288635 | [-0.08] | -0.0006617257988758838
-0.49996620416641235 | [-0.09] | -0.0008177004445194682
-0.5083703994750977 | [-0.1] | -0.0009911048214280194
-0.517038106918335 | [-0.11] | -0.0011809757401922989
-0.5259180068969727 | [-0.12] | -0.0013859334202011315
-0.5349571108818054 | [-0.13] | -0.0016041955259468383
-0.5441009998321533 | [-0.14] | -0.001833597908037798
-0.5532943606376648 | [-0.14] | -0.002071632373164584
-0.562481164932251 | [-0.15] | -0.0023154845508924497
-0.5716052651405334 | [-0.16] | -0.002562090778297367
-0.5806106925010681 | [-0.17] | -0.002808194085715754
-0.5894419550895691 | [-0.17] | -0.0030504053181874794
-0.5980445742607117 | [-0.18] | -0.003285274567915008
-0.6063653826713562 | [-0.19] | -0.0035093587667726005
-0.6143527626991272 | [-0.19] | -0.0037192862913165998
-0.6219571828842163 | [-0.2] | -0.003911831852826441
-0.6291312575340271 | [-0.2] | -0.004083972528217415
-0.6358301043510437 | [-0.21] | -0.004232950267014412
-0.6420116424560547 | [-0.21] | -0.004356328173566044
-0.6476367115974426 | [-0.21] | -0.004452035039685698
-0.6526693105697632 | [-0.21] | -0.004518407896615453
-0.6570767760276794 | [-0.21] | -0.004554226179244895
-0.6608297824859619 | [-0.21] | -0.0045587313286069775
-0.6639026403427124 | [-0.21] | -0.004531651093553195
-0.6662733554840088 | [-0.21] | -0.004473206467612844
-0.667923629283905 | [-0.21] | -0.004384108774444962
-0.6688390374183655 | [-0.21] | -0.004265555490997378
-0.6690090894699097 | [-0.2] | -0.004119213317332824
-0.6684272885322571 | [-0.2] | -0.0039471930240079015
-0.6670911312103271 | [-0.19] | -0.0037520141820969045
-0.6650022268295288 | [-0.19] | -0.003536566304011243
-0.66216641664505 | [-0.18] | -0.003304062109448813
-0.6585937142372131 | [-0.17] | -0.0030579771626253367
-0.6542983055114746 | [-0.17] | -0.0028019857765748286
-0.6492986679077148 | [-0.16] | -0.002539895150229619
-0.6436175107955933 | [-0.15] | -0.0022755693629199626
-0.6372817754745483 | [-0.14] | -0.0020128524350957948
-0.6303226947784424 | [-0.13] | -0.0017554917850564269
-0.6227754950523376 | [-0.12] | -0.00150705299100605
-0.6146795749664307 | [-0.11] | -0.0012708498216877074
-0.6060780882835388 | [-0.1] | -0.0010498653903966459
-0.5970180034637451 | [-0.09] | -0.0008466912158002796
-0.5875497460365295 | [-0.08] | -0.0006634672379873083
-0.5777269601821899 | [-0.07] | -0.0005018364263440171
-0.5676062703132629 | [-0.06] | -0.00036291224914286407
-0.5572468638420105 | [-0.05] | -0.00024725812564492256
-0.5467100739479065 | [-0.04] | -0.00015488336706273578
-0.5360591411590576 | [-0.03] | -8.525563589737112e-05
-0.5253585577011108 | [-0.02] | -3.732576771838813e-05
-0.5146737694740295 | [-0.01] | -9.569681075301662e-06
-0.5040705800056458 | [-0.] | -4.194132566283371e-08
-0.4936147630214691 | [0.01] | -6.441455796811476e-06
-0.48337146639823914 | [0.02] | -2.6186180810419696e-05
-0.4734048843383789 | [0.02] | -5.6494493287552466e-05
-0.46377766132354736 | [0.03] | -9.44712063909705e-05
-0.4545505940914154 | [0.04] | -0.0001371945513718456
-0.4457821249961853 | [0.04] | -0.00018180308046405466
-0.4375280439853668 | [0.05] | -0.00022557885310971776
-0.4298411011695862 | [0.05] | -0.0002660259110800859
-0.42277073860168457 | [0.05] | -0.0003009413602757128
-0.41636282205581665 | [0.06] | -0.00032847830158697755
-0.41065940260887146 | [0.06] | -0.000347199200442101
-0.4056985378265381 | [0.06] | -0.0003561184216720457
-0.40151408314704895 | [0.06] | -0.00035473443945062237
-0.39813560247421265 | [0.06] | -0.0003430492931296146
-0.3955881595611572 | [0.06] | -0.0003215777083446483
-0.3938923180103302 | [0.05] | -0.00029134211943313357
-0.3930639624595642 | [0.05] | -0.00025385762510404705
-0.39311420917510986 | [0.05] | -0.0002111039261232179
-0.39404934644699097 | [0.04] | -0.00016548511932560752
-0.39587080478668213 | [0.03] | -0.00011977777440518148
-0.3985750377178192 | [0.03] | -7.706864942151885e-05
-0.40215349197387695 | [0.02] | -4.068130424190414e-05
-0.4065925180912018 | [0.01] | -1.409359559749915e-05
-0.41187337040901184 | [0.] | -8.466546029543137e-07
-0.4179721772670746 | [-0.01] | -4.447644142146654e-06
-0.42486000061035156 | [-0.02] | -2.826825563283575e-05
-0.432502806186676 | [-0.03] | -7.544132211167206e-05
-0.4408615529537201 | [-0.04] | -0.00014875825738112032
-0.4498923420906067 | [-0.05] | -0.00025057090778999534
-0.4595465362071991 | [-0.06] | -0.00038270039601279713
-0.4697709381580353 | [-0.07] | -0.000546356312433691
-0.4805081784725189 | [-0.09] | -0.000742071731947921
-0.49169692397117615 | [-0.1] | -0.0009696525194231852
-0.503272294998169 | [-0.11] | -0.0012281470225914554
-0.5151662230491638 | [-0.12] | -0.0015158353237411423
-0.5273080468177795 | [-0.14] | -0.0018302433485693145
-0.5396249890327454 | [-0.15] | -0.002168176431808949
-0.5520426630973816 | [-0.16] | -0.0025257727665145375
-0.5644856691360474 | [-0.17] | -0.0028985779078538926
-0.5768781900405884 | [-0.18] | -0.0032816353314662084
-0.5891445279121399 | [-0.19] | -0.0036695889985551688
-0.6012097597122192 | [-0.2] | -0.004056799416610308
-0.6130002737045288 | [-0.21] | -0.004437463059371002
-0.6244442462921143 | [-0.22] | -0.004805733544906677
-0.6354722380638123 | [-0.23] | -0.005155846606611518
-0.6460174322128296 | [-0.23] | -0.005482229719869991
-0.6560161709785461 | [-0.24] | -0.005779617482413248
-0.6654083132743835 | [-0.25] | -0.006043153731441676
-0.6741374135017395 | [-0.25] | -0.006268477656322745
-0.6821510195732117 | [-0.25] | -0.0064518055263526
-0.689400851726532 | [-0.26] | -0.006589997004930484
-0.6958428621292114 | [-0.26] | -0.006680605930638993
-0.7014374732971191 | [-0.26] | -0.006721928708732807
-0.7061495780944824 | [-0.26] | -0.006713030826332124
-0.7099485993385315 | [-0.26] | -0.006653766101179789
-0.7128086090087891 | [-0.26] | -0.0065447872758433905
-0.7147082686424255 | [-0.25] | -0.00638753774898658
-0.7156309485435486 | [-0.25] | -0.006184240129942479
-0.7155647873878479 | [-0.24] | -0.0059378702817377066
-0.7145026922225952 | [-0.24] | -0.005652116314705579
-0.7124423980712891 | [-0.23] | -0.005331327868920113
-0.7093867063522339 | [-0.22] | -0.004980459676064014
-0.7053433656692505 | [-0.21] | -0.004604986124756401
-0.7003253698348999 | [-0.21] | -0.004210820351387305
-0.6943509578704834 | [-0.2] | -0.003804207571813133
-0.687443733215332 | [-0.18] | -0.0033916116588327324
-0.679632842540741 | [-0.17] | -0.0029795926216287993
-0.6709528565406799 | [-0.16] | -0.002574666497944767
-0.6614440679550171 | [-0.15] | -0.0021831730252705912
-0.6511522531509399 | [-0.13] | -0.0018111253226973656
-0.6401288509368896 | [-0.12] | -0.001464074818303681
-0.6284306645393372 | [-0.11] | -0.0011469697884060554
-0.6161198019981384 | [-0.09] | -0.0008640336672950312
-0.6032633185386658 | [-0.08] | -0.0006186540552995225
-0.5899329781532288 | [-0.06] | -0.00041329603338214244
-0.5762048363685608 | [-0.05] | -0.00024943824412447714
-0.5621587038040161 | [-0.04] | -0.0001275368774315085
-0.5478776097297668 | [-0.02] | -4.7021266987054904e-05
-0.5334470868110657 | [-0.01] | -6.320088740408825e-06
-0.5189546346664429 | [0.01] | -2.9191766173006663e-06
-0.5044889450073242 | [0.02] | -3.344668562819594e-05
-0.49013906717300415 | [0.03] | -9.378453809170956e-05
-0.4759937822818756 | [0.04] | -0.00017920038937902972
-0.462140828371048 | [0.05] | -0.0002844951760869968
-0.44866618514060974 | [0.06] | -0.0004041611282312561
-0.4356534481048584 | [0.07] | -0.0005325433512450453
-0.4231832027435303 | [0.08] | -0.0006640014447777954
-0.41133251786231995 | [0.09] | -0.0007930643115858246
-0.40017440915107727 | [0.1] | -0.0009145770040650969
-0.3897775411605835 | [0.1] | -0.0010238318458953928
-0.38020581007003784 | [0.11] | -0.0011166875997419747
-0.3715181350708008 | [0.11] | -0.001189669658697747
-0.3637683093547821 | [0.11] | -0.0012400524693684436
-0.3570047616958618 | [0.11] | -0.0012659269194877614
-0.35127052664756775 | [0.11] | -0.001266247254660369
-0.3466031551361084 | [0.11] | -0.0012408618413440027
-0.34303465485572815 | [0.11] | -0.0011905270537908648
-0.3405914604663849 | [0.11] | -0.001116903399189427
-0.3392943739891052 | [0.1] | -0.0010225353728312056
-0.3391585350036621 | [0.1] | -0.0009108133663538906
-0.34019333124160767 | [0.09] | -0.0007859187481217353
-0.34240230917930603 | [0.08] | -0.0006527504434199543
-0.34578314423561096 | [0.07] | -0.0005168319668011869
-0.35032740235328674 | [0.06] | -0.0003842025293896549
-0.3560204803943634 | [0.05] | -0.0002612865738300526
-0.3628414273262024 | [0.04] | -0.00015474719665471072
-0.3707628548145294 | [0.03] | -7.132241080625713e-05
-0.3797507584095001 | [0.01] | -1.7648614405074304e-05
-0.3897644281387329 | [-0.] | -7.332121702723889e-08
-0.4007563889026642 | [-0.02] | -2.446250305449361e-05
-0.41267240047454834 | [-0.03] | -9.600846179801331e-05
-0.4254515767097473 | [-0.05] | -0.0002190452254231572
-0.43902647495269775 | [-0.06] | -0.00039687811149139227
-0.4533233642578125 | [-0.08] | -0.0006316353985058813
-0.468262642621994 | [-0.1] | -0.0009241507712003414
-0.48375922441482544 | [-0.11] | -0.0012738794185173372
-0.4997231960296631 | [-0.13] | -0.0016788584892872245
-0.516060471534729 | [-0.15] | -0.0021357095872733094
-0.5326734781265259 | [-0.16] | -0.002639685771141111
-0.5494621396064758 | [-0.18] | -0.003184767459078443
-0.5663247108459473 | [-0.19] | -0.003763794834894165
-0.5831587314605713 | [-0.21] | -0.004368636741683612
-0.5998619198799133 | [-0.22] | -0.004990383822030998
-0.6163331866264343 | [-0.24] | -0.005619567367133746
-0.6324734687805176 | [-0.25] | -0.006246379951953603
-0.6481865644454956 | [-0.26] | -0.006860902080990972
-0.6633797287940979 | [-0.27] | -0.007453312983078145
-0.6779645085334778 | [-0.28] | -0.008014103467338095
-0.691857099533081 | [-0.29] | -0.00853425215340235
-0.704978883266449 | [-0.3] | -0.009005395065883276
-0.7172566056251526 | [-0.31] | -0.00941995772214379
-0.7286226153373718 | [-0.31] | -0.009771271307095012
-0.7390149235725403 | [-0.32] | -0.010053663261256264
-0.7483773827552795 | [-0.32] | -0.010262537466437717
-0.7566594481468201 | [-0.32] | -0.01039441577227012
-0.7638161182403564 | [-0.32] | -0.010446977999848683
-0.7698079347610474 | [-0.32] | -0.010419092228268409
-0.7746007442474365 | [-0.32] | -0.01031082215000579
-0.7781656384468079 | [-0.32] | -0.010123433844654334
-0.7804787755012512 | [-0.31] | -0.009859385062053241
-0.7815214395523071 | [-0.31] | -0.009522317009516407
-0.7812798619270325 | [-0.3] | -0.009117019384160452
-0.7797453999519348 | [-0.29] | -0.008649400338063093
-0.7769145369529724 | [-0.29] | -0.008126428494113038
-0.7727891206741333 | [-0.27] | -0.007556067218498254
-0.7673763632774353 | [-0.26] | -0.006947173424979013
-0.7606893181800842 | [-0.25] | -0.006309395697183443
-0.7527470588684082 | [-0.24] | -0.005653028895096078
-0.7435750365257263 | [-0.22] | -0.004988849390340113
-0.7332053780555725 | [-0.21] | -0.0043279207199326715
-0.721677303314209 | [-0.19] | -0.003681378069619677
-0.7090373635292053 | [-0.17] | -0.003060183526505763
-0.6953396201133728 | [-0.16] | -0.0024748660956400285
-0.6806460618972778 | [-0.14] | -0.001935260520799008
-0.6650264263153076 | [-0.12] | -0.0014502306338108678
-0.6485582590103149 | [-0.1] | -0.0010274158158073107
-0.6313267350196838 | [-0.08] | -0.000672996552019861
-0.6134243011474609 | [-0.06] | -0.00039149559127666126
-0.5949501395225525 | [-0.04] | -0.00018562568047510403
-0.5760095715522766 | [-0.02] | -5.619566819609656e-05
-0.5567130446434021 | [-0.] | -2.0786548162393606e-06
-0.5371754169464111 | [0.01] | -2.024982712168203e-05
-0.5175146460533142 | [0.03] | -0.00010588899453835915
-0.4978507161140442 | [0.05] | -0.0002525468782226011
-0.47830432653427124 | [0.07] | -0.00045236533469673906
-0.4589956998825073 | [0.08] | -0.0006963400816203917
-0.4400433897972107 | [0.1] | -0.0009746120895951752
-0.42156311869621277 | [0.11] | -0.0012767755402913132
-0.40366673469543457 | [0.13] | -0.0015921856784030905
-0.3864612877368927 | [0.14] | -0.0019102575330700667
-0.37004828453063965 | [0.15] | -0.0022207425331031106
-0.35452309250831604 | [0.16] | -0.0025139766257152797
-0.33997443318367004 | [0.17] | -0.0027810987091490403
-0.32648420333862305 | [0.17] | -0.0030142282452517988
-0.31412723660469055 | [0.18] | -0.003206615474888236
-0.30297133326530457 | [0.18] | -0.003352755190920133
-0.293077290058136 | [0.19] | -0.0034484748826559366
-0.28449904918670654 | [0.19] | -0.0034909964118855067
-0.2772839069366455 | [0.19] | -0.003478975882610896
-0.2714727818965912 | [0.18] | -0.003412524359344873
-0.2671002745628357 | [0.18] | -0.0032932188498771458
-0.2641949951648712 | [0.18] | -0.003124088482878332
-0.2627795934677124 | [0.17] | -0.002909594026930827
-0.2628709077835083 | [0.16] | -0.002655584702310641
-0.2644798457622528 | [0.15] | -0.0023692420959886204
-0.26761138439178467 | [0.14] | -0.0020589952163835327
-0.27226436138153076 | [0.13] | -0.0017344131405415892
-0.2784312069416046 | [0.12] | -0.0014060660979731627
-0.28609758615493774 | [0.1] | -0.001085352416798158
-0.2952420115470886 | [0.09] | -0.0007842871499544664
-0.30583542585372925 | [0.07] | -0.0005152515107215721
-0.31784066557884216 | [0.05] | -0.00029070576796270064
-0.3312120735645294 | [0.04] | -0.00012286473255271218
-0.34589502215385437 | [0.02] | -2.3346993938991766e-05
-0.3618255853652954 | [-0.01] | -2.8046346445320672e-06
-0.37893033027648926 | [-0.03] | -7.054868898407479e-05
-0.3971261978149414 | [-0.05] | -0.00023418670813346468
-0.4163205921649933 | [-0.07] | -0.0004992904291973965
-0.4364117383956909 | [-0.09] | -0.0008691145684686145
-0.4572891891002655 | [-0.12] | -0.0013443841213351326
-0.4788346290588379 | [-0.14] | -0.0019231676265974561
-0.5009227991104126 | [-0.16] | -0.0026008457610528597
-0.5234228372573853 | [-0.18] | -0.003370185205142011
-0.5461995601654053 | [-0.21] | -0.004221510361762951
-0.5691151022911072 | [-0.23] | -0.0051429725456960985
-0.5920304656028748 | [-0.25] | -0.006120891109269393
-0.6148073077201843 | [-0.27] | -0.007140162986086796
-0.6373094320297241 | [-0.29] | -0.008184693111542725
-0.6594042778015137 | [-0.3] | -0.009237838409989518
-0.680964469909668 | [-0.32] | -0.010282851333199486
-0.7018687725067139 | [-0.34] | -0.011303266282801663
-0.722003161907196 | [-0.35] | -0.012283259338755088
-0.7412615418434143 | [-0.36] | -0.013207944056895968
-0.759546160697937 | [-0.38] | -0.014063601431582709
-0.7767678499221802 | [-0.39] | -0.014837855569058601
-0.7928459048271179 | [-0.39] | -0.015519783235872464
-0.8077080845832825 | [-0.4] | -0.016100000444235978
-0.8212900757789612 | [-0.41] | -0.01657068187265134
-0.8335351943969727 | [-0.41] | -0.016925582525632657
-0.8443936109542847 | [-0.41] | -0.017160010898551875
-0.8538220524787903 | [-0.42] | -0.017270833207435003
-0.8617828488349915 | [-0.42] | -0.017256429081793895
-0.8682436347007751 | [-0.41] | -0.01711669714494492
-0.8731767535209656 | [-0.41] | -0.016853041478284182
-0.8765586614608765 | [-0.41] | -0.01646836266835522
-0.8783697485923767 | [-0.4] | -0.015967079755767086
-0.8785941004753113 | [-0.39] | -0.015355145076761452
-0.8772192597389221 | [-0.38] | -0.014640051758073572
-0.8742364048957825 | [-0.37] | -0.013830857359535632
-0.8696404695510864 | [-0.36] | -0.012938181431504374
-0.8634304404258728 | [-0.35] | -0.01197418594797027
-0.8556098937988281 | [-0.33] | -0.010952532821906506
-0.8461874723434448 | [-0.31] | -0.009888289714054178
-0.8351776599884033 | [-0.3] | -0.00879779913116999
-0.8226016759872437 | [-0.28] | -0.007698488651474614
-0.8084881901741028 | [-0.26] | -0.006608602889965176
-0.7928744554519653 | [-0.24] | -0.005546886699075702
-0.7758070230484009 | [-0.21] | -0.00453217899375832
-0.7573427557945251 | [-0.19] | -0.0035829601708634185
-0.7375494837760925 | [-0.16] | -0.0027168370357124197
-0.7165067791938782 | [-0.14] | -0.0019500052293029285
-0.6943061351776123 | [-0.11] | -0.0012966918035090557
-0.6710512638092041 | [-0.09] | -0.0007686323148016925
-0.6468576788902283 | [-0.06] | -0.0003745941632195271
-0.6218523979187012 | [-0.03] | -0.00011999837227609962
-0.5961728096008301 | [-0.01] | -6.65459226075795e-06
-0.5699654221534729 | [0.02] | -3.264516656605595e-05
-0.543384313583374 | [0.04] | -0.00019236673793315875
-0.5165891051292419 | [0.07] | -0.00047673213618350295
-0.4897429049015045 | [0.09] | -0.0008735214251024691
-0.4630099833011627 | [0.12] | -0.001367860033075008
-0.43655356764793396 | [0.14] | -0.00194278728715514
-0.41053351759910583 | [0.16] | -0.002579881749781656
-0.38510435819625854 | [0.18] | -0.00325989827981938
-0.36041346192359924 | [0.2] | -0.003963381426304656
-0.33659952878952026 | [0.22] | -0.004671224790548935
-0.3137914538383484 | [0.23] | -0.005365153952645814
-0.29210764169692993 | [0.25] | -0.006028114700660957
-0.27165549993515015 | [0.26] | -0.0066445773729714485
-0.2525314390659332 | [0.27] | -0.007200745888567822
-0.23482108116149902 | [0.28] | -0.0076846940455521165
-0.2185998111963272 | [0.28] | -0.008086433874121016
-0.20393338799476624 | [0.29] | -0.008397944738526727
-0.19087880849838257 | [0.29] | -0.008613165295095883
-0.17948520183563232 | [0.3] | -0.008727969179890528
-0.1697946935892105 | [0.3] | -0.008740140668401272
-0.16184334456920624 | [0.29] | -0.008649346950792084
-0.1556619256734848 | [0.29] | -0.008457126144526967
-0.1512766033411026 | [0.29] | -0.00816688612635255
-0.14870955049991608 | [0.28] | -0.007783912493720709
-0.14797931909561157 | [0.27] | -0.007315389623741914
-0.14910104870796204 | [0.26] | -0.0067704245408967455
-0.1520865261554718 | [0.25] | -0.006160063724583942
-0.15694397687911987 | [0.23] | -0.005497298113624153
-0.16367770731449127 | [0.22] | -0.0047970374502013784
-0.17228752374649048 | [0.2] | -0.004076044068578917
-0.18276794254779816 | [0.18] | -0.003352809665277191
-0.19510722160339355 | [0.16] | -0.0026473605138917543
-0.20928627252578735 | [0.14] | -0.001980974356911289
-0.22527742385864258 | [0.12] | -0.001375801642740192
-0.24304309487342834 | [0.09] | -0.0008543830079346725
-0.262534499168396 | [0.07] | -0.00043906383341632213
-0.2836903929710388 | [0.04] | -0.00015131503429415786
-0.30643588304519653 | [0.01] | -1.098369137915306e-05
-0.33068156242370605 | [-0.02] | -3.5501459594356256e-05
-0.3563229441642761 | [-0.05] | -0.0002390978508749063
-0.3832402527332306 | [-0.08] | -0.0006320694928682946
-0.4112986624240875 | [-0.11] | -0.0012201614657644535
-0.44034919142723083 | [-0.14] | -0.0020041184163221374
-0.47022995352745056 | [-0.17] | -0.0029794499968738997
-0.5007681846618652 | [-0.2] | -0.00413644880842421
-0.5317826271057129 | [-0.23] | -0.005460469022744363
-0.563086211681366 | [-0.26] | -0.006932446852096996
-0.5944892764091492 | [-0.29] | -0.008529645050567537
-0.6258026957511902 | [-0.32] | -0.010226542233946572
-0.6568412780761719 | [-0.35] | -0.01199582686045359
-0.6874264478683472 | [-0.37] | -0.013809369888222177
-0.7173891663551331 | [-0.4] | -0.015639173884391667
-0.7465721964836121 | [-0.42] | -0.01745819376010685
-0.7748315930366516 | [-0.44] | -0.01924098504373141
-0.8020381331443787 | [-0.46] | -0.020964214011370087
-0.8280776739120483 | [-0.48] | -0.022606949278205446
-0.852851390838623 | [-0.49] | -0.024150826249115517
-0.8762753009796143 | [-0.51] | -0.025580052706099244
-0.8982793688774109 | [-0.52] | -0.026881300679208128
-0.9188064932823181 | [-0.53] | -0.028043546461565167
-0.9378111362457275 | [-0.54] | -0.02905784630771536
-0.955257773399353 | [-0.55] | -0.02991709406957016
-0.9711193442344666 | [-0.55] | -0.03061578535046507
-0.9853757619857788 | [-0.56] | -0.031149807972192196
-0.9980121850967407 | [-0.56] | -0.03151623024727556
-1.009017825126648 | [-0.56] | -0.031713176857321966
-1.018384575843811 | [-0.56] | -0.031739713709772965
-1.0261057615280151 | [-0.56] | -0.0315957743273078
-1.032175064086914 | [-0.56] | -0.03128213349472222
-1.0365859270095825 | [-0.55] | -0.030800455569444347
-1.0393304824829102 | [-0.55] | -0.03015331883388945
-1.040399432182312 | [-0.54] | -0.029344356538728918
-1.0397814512252808 | [-0.53] | -0.028378368856449943
-1.0374631881713867 | [-0.52] | -0.027261506140529343
-1.0334291458129883 | [-0.51] | -0.026001448697565308
-1.0276621580123901 | [-0.5] | -0.024607641726547867
-1.0201435089111328 | [-0.48] | -0.023091487957424592
-1.010853886604309 | [-0.46] | -0.021466592285815506
-0.9997740983963013 | [-0.44] | -0.019748945732850583
-0.986886203289032 | [-0.42] | -0.017957086651595858
-0.9721747636795044 | [-0.4] | -0.01611219344645236
-0.9556284546852112 | [-0.38] | -0.014238098901142427
-0.9372419118881226 | [-0.35] | -0.012361191871429346
-0.9170175194740295 | [-0.32] | -0.010510157518751152
-0.8949676156044006 | [-0.3] | -0.00871557189434866
-0.8711167573928833 | [-0.26] | -0.007009304029763701
-0.8455038070678711 | [-0.23] | -0.005423714783397068
-0.8181840777397156 | [-0.2] | -0.003990681895672094
-0.7892311811447144 | [-0.17] | -0.0027404642979131
-0.7587385773658752 | [-0.13] | -0.0017004635130591587
-0.726820707321167 | [-0.09] | -0.000893957811893634
-0.6936131715774536 | [-0.06] | -0.00033889010958072346
-0.6592724323272705 | [-0.02] | -4.683558249190534e-05
-0.6239745020866394 | [0.01] | -2.2238950741367293e-05
-0.5879126787185669 | [0.05] | -0.00026201774311126845
-0.5512946844100952 | [0.09] | -0.0007555887225899522
-0.5143388509750366 | [0.12] | -0.0014853320941966926
-0.47726964950561523 | [0.16] | -0.002427468119717115
-0.44031310081481934 | [0.19] | -0.0035532630243215986
-0.40369194746017456 | [0.22] | -0.0048304565081333005
-0.36762115359306335 | [0.25] | -0.0062247720645491455
-0.3323037326335907 | [0.28] | -0.007701390991557586
-0.29792729020118713 | [0.3] | -0.00922626807383773
-0.26466137170791626 | [0.33] | -0.010767212018175877
-0.23265579342842102 | [0.35] | -0.012294680687522638
-0.20203962922096252 | [0.37] | -0.013782297874671813
-0.17292125523090363 | [0.39] | -0.015207093151380292
-0.14538902044296265 | [0.41] | -0.016549523491041395
-0.11951251327991486 | [0.42] | -0.01779331870836703
-0.09534430503845215 | [0.44] | -0.018925213218279047
-0.07292197644710541 | [0.45] | -0.019934607165147944
-0.05227033793926239 | [0.46] | -0.020813203288990403
-0.033403702080249786 | [0.46] | -0.02155464998737254
-0.01632811687886715 | [0.47] | -0.022154212953815516
-0.001043508993461728 | [0.48] | -0.022608492251448255
0.012454337440431118 | [0.48] | -0.022915190416688602
0.024171976372599602 | [0.48] | -0.02307293676175428
0.034116700291633606 | [0.48] | -0.02308116831296947
0.042295150458812714 | [0.48] | -0.022940065233930145
0.04871213436126709 | [0.48] | -0.02265054055960572
0.05336965620517731 | [0.47] | -0.022214281622850645
0.05626613274216652 | [0.47] | -0.021633837953054288
0.057395823299884796 | [0.46] | -0.020912758080405332
0.056748438626527786 | [0.45] | -0.02005576886795045
0.054308950901031494 | [0.44] | -0.019068996549062134
0.05005759373307228 | [0.42] | -0.017960224117659344
0.04397006705403328 | [0.41] | -0.016739179187281367
0.03601796180009842 | [0.39] | -0.015417844745679206
0.026169419288635254 | [0.37] | -0.014010780002646987
0.014390042051672935 | [0.35] | -0.012535434230888189
0.0006440752767957747 | [0.33] | -0.011012431359482037
-0.015104111284017563 | [0.31] | -0.009465797968781664
-0.03288823366165161 | [0.28] | -0.007923097791148912
-0.05273797735571861 | [0.25] | -0.0064154355993722685
-0.07467656582593918 | [0.22] | -0.004977278382198567
-0.09871803224086761 | [0.19] | -0.0036460542531866927
-0.12486424297094345 | [0.16] | -0.0024614823021050416
-0.15310175716876984 | [0.12] | -0.0014646041035515178
-0.18339864909648895 | [0.08] | -0.0006965033260187478
-0.2157014012336731 | [0.04] | -0.0001967360786755214
-0.2499322146177292 | [0.] | -1.5264325113096365e-06
-0.2859867215156555 | [-0.04] | -0.000141832378510455
-0.3237326741218567 | [-0.08] | -0.0006414284060416286
-0.3630095422267914 | [-0.12] | -0.0015151878224931989
-0.4036294221878052 | [-0.17] | -0.0027677605953008153
-0.4453793168067932 | [-0.21] | -0.0043928335657706236
-0.48802489042282104 | [-0.25] | -0.006373111033725596
-0.5313154458999634 | [-0.29] | -0.008681071755247129
-0.5749900937080383 | [-0.34] | -0.011280475613446894
-0.6187846064567566 | [-0.38] | -0.014128479029391294
-0.662438690662384 | [-0.41] | -0.01717814836637092
-0.7057030200958252 | [-0.45] | -0.020381111117834236
-0.748345673084259 | [-0.49] | -0.023690072184222245
-0.790157675743103 | [-0.52] | -0.027061003909381043
-0.8309571743011475 | [-0.55] | -0.03045481975294926
-0.8705922961235046 | [-0.58] | -0.03383850049653321
-0.9089427590370178 | [-0.61] | -0.037185685385869936
-0.9459198713302612 | [-0.64] | -0.040476752474216504
-0.9814658164978027 | [-0.66] | -0.04369856791716997
-1.0155518054962158 | [-0.68] | -0.046843955115987976
-1.0481756925582886 | [-0.71] | -0.04991103565951728
-1.0793592929840088 | [-0.73] | -0.05290253675899627
-1.1091455221176147 | [-0.75] | -0.05582512130318619
-1.137595534324646 | [-0.77] | -0.05868878807137541
-1.1647861003875732 | [-0.78] | -0.06150638853675244
-1.1908069849014282 | [-0.8] | -0.0642932276770634
-1.2000000476837158 | [-0.68] | -0.046240005836487
-1.1987781524658203 | [-0.67] | -0.045264753890356675
-1.1963194608688354 | [-0.66] | -0.04414197674491174
-1.1926034688949585 | [-0.65] | -0.04287145576211628
-1.1876037120819092 | [-0.64] | -0.04145356964046465
-1.181288242340088 | [-0.63] | -0.03988958015655415
-1.1736197471618652 | [-0.62] | -0.0381818982816071
-1.1645557880401611 | [-0.6] | -0.036334387899570934
-1.154049277305603 | [-0.59] | -0.03435271300918246
-1.1420493125915527 | [-0.57] | -0.032244736245312364
-1.1285016536712646 | [-0.55] | -0.030020876067387514
-1.1133497953414917 | [-0.53] | -0.02769451315664706
-1.09653639793396 | [-0.5] | -0.02528239057146698
-1.0780045986175537 | [-0.48] | -0.022804938060370664
-1.0576997995376587 | [-0.45] | -0.020286536451193563
-1.035571813583374 | [-0.42] | -0.017755674974990452
-1.0115774869918823 | [-0.39] | -0.015244952659804568
-0.985683023929596 | [-0.36] | -0.012790815734665218
-0.9578675031661987 | [-0.32] | -0.010433100420296106
-0.9281257390975952 | [-0.29] | -0.008214198108445703
-0.8964716792106628 | [-0.25] | -0.006177917771209724
-0.8629416823387146 | [-0.21] | -0.0043679998582619095
-0.8275974988937378 | [-0.17] | -0.0028263287916093175
-0.7905286550521851 | [-0.13] | -0.0015909210626392709
-0.7518543004989624 | [-0.08] | -0.0006938384761009507
-0.7117236256599426 | [-0.04] | -0.0001591844511210694
-0.6703155636787415 | [0.] | -1.4108969599678004e-06
-0.6278367042541504 | [0.05] | -0.00022411969738924927
-0.5845177173614502 | [0.09] | -0.0008195491075132296
-0.5406085848808289 | [0.13] | -0.0017688441073898987
-0.49637243151664734 | [0.17] | -0.0030431233848411
-0.45207858085632324 | [0.21] | -0.004605249732836692
-0.4079951345920563 | [0.25] | -0.006412116499996988
-0.3643816113471985 | [0.29] | -0.008417202089608139
-0.3214821517467499 | [0.33] | -0.010573123584312588
-0.27951961755752563 | [0.36] | -0.012833949087577423
-0.238691046833992 | [0.39] | -0.015157074309888744
-0.199164479970932 | [0.42] | -0.017504585841635233
-0.16107720136642456 | [0.45] | -0.019844076950217428
-0.1245354637503624 | [0.47] | -0.022148953977198918
-0.08961533010005951 | [0.49] | -0.024398349312924235
-0.056364476680755615 | [0.52] | -0.026576730215287555
-0.024804677814245224 | [0.54] | -0.028673324462084378
0.00506525207310915 | [0.55] | -0.030681448417947583
0.033266332000494 | [0.57] | -0.03259783107469976
0.05983626842498779 | [0.59] | -0.03442196275689798
0.08482643216848373 | [0.6] | -0.03615552052119549
0.10829905420541763 | [0.61] | -0.03780186952174511
0.13032470643520355 | [0.63] | -0.03936565267276767
0.150980144739151 | [0.64] | -0.0408524674340438
0.1703464239835739 | [0.65] | -0.04226861032099749
0.1885073184967041 | [0.66] | -0.04362088107363415
0.20554813742637634 | [0.67] | -0.04491645420888135
0.2215546816587448 | [0.68] | -0.04616277917948646
0.23661257326602936 | [0.69] | -0.04736753373239094
0.25080665946006775 | [0.7] | -0.04853858624697059
0.2642206847667694 | [0.7] | -0.04968399839973346
0.2769371271133423 | [0.71] | -0.050812045957775435
0.28903713822364807 | [0.72] | -0.05193125386032578
0.30060049891471863 | [0.73] | -0.053050436863844364
0.31170591711997986 | [0.74] | -0.05417878466115066
0.32243111729621887 | [0.74] | -0.05532592623333006
0.33285319805145264 | [0.75] | -0.0565020337671959
0.343049019575119 | [0.76] | -0.057717942141574156
0.35309556126594543 | [0.77] | -0.058985270866613086
0.36307039856910706 | [0.78] | -0.0603165818793776
0.3730522096157074 | [0.79] | -0.061725552905127545
0.38312140107154846 | [0.8] | -0.06322719321819313
0.3933606743812561 | [0.81] | -0.06483807861540522
0.40385565161705017 | [0.82] | -0.06657662059662937
0.4146956503391266 | [0.83] | -0.06846340393657376
0.4259744882583618 | [0.84] | -0.0705215670178503
0.43779122829437256 | [0.85] | 99.92722276417318
Total reward: 93.98655514422705
0.9, 5.0, 0.4
parameter ends

state | action | reward
[-0.42] | [0.03] | -7.00573945773268e-05
-0.41579535603523254 | [0.02] | -4.8325886024437e-05
-0.41731709241867065 | [0.02] | -2.8243952632364408e-05
-0.4195972979068756 | [0.01] | -1.2015277018128776e-05
-0.4226284623146057 | [0.] | -2.0056942990460166e-06
-0.4263986647129059 | [-0.] | -6.811285670718378e-07
-0.4308915138244629 | [-0.01] | -1.0540204463450427e-05
-0.43608611822128296 | [-0.02] | -3.40423458211321e-05
-0.4419572353363037 | [-0.03] | -7.353374752912295e-05
-0.4484752416610718 | [-0.04] | -0.00013117240020167482
-0.45560625195503235 | [-0.05] | -0.00020885464575550684
-0.46331220865249634 | [-0.06] | -0.0003081449863373397
-0.4715511202812195 | [-0.07] | -0.0004302127287121049
-0.4802772104740143 | [-0.08] | -0.0005757756166751486
-0.4894410967826843 | [-0.09] | -0.0007450532167021522
-0.4989902079105377 | [-0.1] | -0.0009377348435088442
-0.5088689923286438 | [-0.11] | -0.0011529578636798074
-0.5190192461013794 | [-0.12] | -0.00138930089832033
-0.5293806791305542 | [-0.13] | -0.0016447970499118938
-0.5398911237716675 | [-0.14] | -0.001916953897395224
-0.5504871010780334 | [-0.15] | -0.002202795330487271
-0.5611042380332947 | [-0.16] | -0.002498913242276413
-0.5716778039932251 | [-0.17] | -0.002801533801249617
-0.5821430683135986 | [-0.18] | -0.0031065890426070063
-0.592435896396637 | [-0.18] | -0.0034098024119215784
-0.6024931073188782 | [-0.19] | -0.003706773643010414
-0.6122528910636902 | [-0.2] | -0.003993067744925547
-0.6216553449630737 | [-0.21] | -0.004264309749012563
-0.6306427121162415 | [-0.21] | -0.004516268146305612
-0.6391597390174866 | [-0.22] | -0.0047449390965418675
-0.6471540331840515 | [-0.22] | -0.0049466271534905105
-0.6545763611793518 | [-0.23] | -0.005118017701172243
-0.6613807678222656 | [-0.23] | -0.005256235542383536
-0.6675248742103577 | [-0.23] | -0.005358903178853319
-0.6729700565338135 | [-0.23] | -0.005424186491487039
-0.6776813864707947 | [-0.23] | -0.005450821152472949
-0.6816280484199524 | [-0.23] | -0.0054381514234276744
-0.6847831606864929 | [-0.23] | -0.005386133319821821
-0.6871240735054016 | [-0.23] | -0.0052953498712318475
-0.6886323094367981 | [-0.23] | -0.005167000982518613
-0.6892937421798706 | [-0.22] | -0.0050028938719958406
-0.6890985369682312 | [-0.22] | -0.004805413466170625
-0.6880412697792053 | [-0.21] | -0.004577490466503704
-0.6861209869384766 | [-0.21] | -0.004322556665342003
-0.683341383934021 | [-0.2] | -0.004044494554363438
-0.6797107458114624 | [-0.19] | -0.003747567724992876
-0.6752419471740723 | [-0.19] | -0.0034363449616492967
-0.6699527502059937 | [-0.18] | -0.003115625608514727
-0.6638655662536621 | [-0.17] | -0.0027903392316483778
-0.6570076942443848 | [-0.16] | -0.0024654552937103755
-0.6494113206863403 | [-0.15] | -0.002145880426398353
-0.6411133408546448 | [-0.14] | -0.0018363494709522225
-0.6321553587913513 | [-0.12] | -0.0015413235484636485
-0.6225837469100952 | [-0.11] | -0.001264892368461834
-0.6124493479728699 | [-0.1] | -0.0010106754995688404
-0.6018072366714478 | [-0.09] | -0.0007817365718003754
-0.590716540813446 | [-0.08] | -0.0005805126310481118
-0.5792401432991028 | [-0.06] | -0.0004087570863634713
-0.5674442648887634 | [-0.05] | -0.0002675005533824502
-0.5553980469703674 | [-0.04] | -0.00015703223013491534
-0.5431731939315796 | [-0.03] | -7.690341504629417e-05
-0.530843198299408 | [-0.02] | -2.5949456879540214e-05
-0.51848304271698 | [-0.] | -2.336627404933479e-06
-0.5061684846878052 | [0.01] | -3.6254238534469578e-06
-0.49397554993629456 | [0.02] | -2.685209533945937e-05
-0.48197993636131287 | [0.03] | -6.862384366834957e-05
-0.47025635838508606 | [0.04] | -0.00012522532598078414
-0.4588780701160431 | [0.04] | -0.00019273187661326385
-0.44791626930236816 | [0.05] | -0.00026712684304689896
-0.4374397099018097 | [0.06] | -0.0003444172973659245
-0.42751413583755493 | [0.06] | -0.0004207486225607931
-0.4182019531726837 | [0.07] | -0.0004925107326392752
-0.4095618724822998 | [0.07] | -0.000556436503882807
-0.401648610830307 | [0.08] | -0.0006096894670296351
-0.3945125639438629 | [0.08] | -0.0006499403863504715
-0.38819971680641174 | [0.08] | -0.0006754282452124767
-0.3827514052391052 | [0.08] | -0.0006850098370332916
-0.3782041370868683 | [0.08] | -0.0006781950521957611
-0.37458956241607666 | [0.08] | -0.0006551658154494043
-0.37193429470062256 | [0.08] | -0.0006167829899382413
-0.3702598512172699 | [0.08] | -0.0005645770614655465
-0.3695826232433319 | [0.07] | -0.0005007238957255979
-0.3699136972427368 | [0.07] | -0.0004280078690556478
-0.37125885486602783 | [0.06] | -0.00034976777522047913
-0.3736185133457184 | [0.05] | -0.00026982921153739873
-0.3769875168800354 | [0.04] | -0.00019242408183647609
-0.3813551962375641 | [0.03] | -0.000122093579375422
-0.386705219745636 | [0.03] | -6.358074175576473e-05
-0.3930155038833618 | [0.01] | -2.1711022715065048e-05
-0.4002581834793091 | [0.] | -1.2632202648511028e-06
-0.40839964151382446 | [-0.01] | -6.834198230587651e-06
-0.41740038990974426 | [-0.02] | -4.270043504137806e-05
-0.42721521854400635 | [-0.03] | -0.00011267986224289734
-0.4377932548522949 | [-0.05] | -0.00021999890676939238
-0.4490780830383301 | [-0.06] | -0.0003671688288710153
-0.46100807189941406 | [-0.07] | -0.0005558778110458514
-0.473516583442688 | [-0.09] | -0.000786900924581009
-0.4865323603153229 | [-0.1] | -0.001060034291470969
-0.49998000264167786 | [-0.12] | -0.0013740565472005906
-0.5137804746627808 | [-0.13] | -0.0017267194873649694
-0.5278516411781311 | [-0.15] | -0.0021147679290259604
-0.5421090722084045 | [-0.16] | -0.002533995873509047
-0.5564665198326111 | [-0.17] | -0.002979321463899987
-0.5708367824554443 | [-0.19] | -0.003444897725872389
-0.585132360458374 | [-0.2] | -0.00392423846917649
-0.5992661714553833 | [-0.21] | -0.004410362771312066
-0.6131523847579956 | [-0.22] | -0.004895956017200241
-0.6267068982124329 | [-0.23] | -0.005373524586683529
-0.6398480534553528 | [-0.24] | -0.005835560926155987
-0.6524972915649414 | [-0.25] | -0.006274705494885783
-0.6645793914794922 | [-0.26] | -0.006683884238845812
-0.6760231852531433 | [-0.27] | -0.007056457668272799
-0.6867616772651672 | [-0.27] | -0.007386333056861385
-0.6967324018478394 | [-0.28] | -0.007668075215670766
-0.7058776021003723 | [-0.28] | -0.007896994859478547
-0.7141443490982056 | [-0.28] | -0.008069222556835271
-0.7214847207069397 | [-0.29] | -0.008181771855492693
-0.7278556227684021 | [-0.29] | -0.008232572803347217
-0.7332190871238708 | [-0.29] | -0.008220517791616267
-0.7375420331954956 | [-0.29] | -0.008145467986457875
-0.7407964468002319 | [-0.28] | -0.00800827052375094
-0.742959201335907 | [-0.28] | -0.007810745032487041
-0.744012176990509 | [-0.27] | -0.0075556737596681744
-0.7439422011375427 | [-0.27] | -0.007246769647471326
-0.7427412271499634 | [-0.26] | -0.006888642087064011
-0.7404062151908875 | [-0.25] | -0.006486732853202561
-0.7369394302368164 | [-0.25] | -0.006047256124206091
-0.7323485016822815 | [-0.24] | -0.005577108840672195
-0.7266465425491333 | [-0.23] | -0.005083766245439294
-0.7198523879051208 | [-0.21] | -0.004575163870413855
-0.7119907140731812 | [-0.2] | -0.004059556392009525
-0.7030923962593079 | [-0.19] | -0.0035453686358087946
-0.6931944489479065 | [-0.17] | -0.0030410171172940096
-0.6823402643203735 | [-0.16] | -0.0025547312955624666
-0.670579731464386 | [-0.14] | -0.0020943651222038342
-0.6579692959785461 | [-0.13] | -0.0016672055663072536
-0.644571840763092 | [-0.11] | -0.0012797826368776536
-0.6304565668106079 | [-0.1] | -0.0009376945343117227
-0.6156988143920898 | [-0.08] | -0.0006454519858870939
-0.6003795266151428 | [-0.06] | -0.0004063455899438103
-0.5845851302146912 | [-0.05] | -0.00022235455668386808
-0.5684065818786621 | [-0.03] | -9.40845237323921e-05
-0.5519390106201172 | [-0.01] | -2.0756733651992482e-05
-0.5352807641029358 | [0.] | -2.3674356330362356e-07
-0.5185325741767883 | [0.02] | -2.9109613827811393e-05
-0.5017967820167542 | [0.03] | -0.00010279549097650517
-0.48517632484436035 | [0.05] | -0.00021570099726219729
-0.4687737226486206 | [0.06] | -0.0003614009521807829
-0.4526902735233307 | [0.07] | -0.0005328405059254354
-0.43702515959739685 | [0.09] | -0.000722549901050644
-0.4218745529651642 | [0.1] | -0.0009228651436484002
-0.40733101963996887 | [0.11] | -0.0011261415941974551
-0.3934827148914337 | [0.12] | -0.001324962708027239
-0.3804130256175995 | [0.12] | -0.0015123260733167008
-0.36820006370544434 | [0.13] | -0.0016818148245506552
-0.35691627860069275 | [0.14] | -0.0018277471788626404
-0.3466283977031708 | [0.14] | -0.0019452970759151784
-0.33739709854125977 | [0.14] | -0.0020306004820572826
-0.32927706837654114 | [0.14] | -0.0020808311704308877
-0.3223169147968292 | [0.14] | -0.0020942608386143344
-0.31655919551849365 | [0.14] | -0.0020702972033452053
-0.3120405077934265 | [0.14] | -0.002009502335253025
-0.30879148840904236 | [0.14] | -0.0019135953689586851
-0.3068368136882782 | [0.13] | -0.0017854374791962354
-0.3061952292919159 | [0.13] | -0.0016289969982829378
-0.30687958002090454 | [0.12] | -0.0014492953333926628
-0.30889663100242615 | [0.11] | -0.0012523364405103835
-0.31224700808525085 | [0.1] | -0.0010450105207438008
-0.3169251084327698 | [0.09] | -0.0008349746912233617
-0.32291877269744873 | [0.08] | -0.0006305126258438811
-0.3302091360092163 | [0.07] | -0.00044036459733470666
-0.3387703597545624 | [0.05] | -0.00027353429562470427
-0.348569393157959 | [0.04] | -0.00013907163323048888
-0.35956573486328125 | [0.02] | -4.583528453688883e-05
-0.3717111349105835 | [0.] | -2.240055505600202e-06
-0.38494959473609924 | [-0.01] | -1.5994447833201254e-05
-0.3992171585559845 | [-0.03] | -9.383981549687937e-05
-0.4144420325756073 | [-0.05] | -0.00024129945928579944
-0.43054473400115967 | [-0.07] | -0.00046245035586354137
-0.4474382996559143 | [-0.09] | -0.0007597269433430845
-0.46502885222435 | [-0.11] | -0.0011337727842496389
-0.48321613669395447 | [-0.13] | -0.0015833440876064726
-0.5018942952156067 | [-0.15] | -0.0021052768976504827
-0.5209527611732483 | [-0.16] | -0.0026945192288656966
-0.5402773022651672 | [-0.18] | -0.0033442293721230726
-0.5597511529922485 | [-0.2] | -0.004045937951751456
-0.5792560577392578 | [-0.22] | -0.004789756153620656
-0.5986737608909607 | [-0.24] | -0.005564644804924899
-0.617887020111084 | [-0.25] | -0.00635869691702758
-0.6367807388305664 | [-0.27] | -0.007159440331883097
-0.6552431583404541 | [-0.28] | -0.007954150368114978
-0.6731667518615723 | [-0.3] | -0.00873014367370326
-0.690449059009552 | [-0.31] | -0.009475054990290681
-0.7069933414459229 | [-0.32] | -0.01017708140995328
-0.722709059715271 | [-0.33] | -0.010825192049532806
-0.7375121712684631 | [-0.34] | -0.011409300030855178
-0.7513254880905151 | [-0.35] | -0.011920411276884249
-0.7640785574913025 | [-0.35] | -0.012350720144120128
-0.7757076025009155 | [-0.36] | -0.01269368617067452
-0.7861554026603699 | [-0.36] | -0.012944089741348742
-0.7953711152076721 | [-0.36] | -0.013098069225289026
-0.8033098578453064 | [-0.36] | -0.013153132302752755
-0.8099324107170105 | [-0.36] | -0.013108165855179755
-0.8152050971984863 | [-0.36] | -0.01296345179426997
-0.8190992474555969 | [-0.36] | -0.012720649142394803
-0.8215912580490112 | [-0.35] | -0.012382807805950184
-0.8226621747016907 | [-0.35] | -0.011954343786255492
-0.8222977519035339 | [-0.34] | -0.011441034033554079
-0.8204885125160217 | [-0.33] | -0.010849996000901242
-0.8172296285629272 | [-0.32] | -0.01018963747177382
-0.8125212788581848 | [-0.31] | -0.009469612269251615
-0.806368887424469 | [-0.29] | -0.008700738720071141
-0.798783540725708 | [-0.28] | -0.007894895001817673
-0.7897823452949524 | [-0.27] | -0.007064872209461214
-0.7793890237808228 | [-0.25] | -0.0062241991145064075
-0.7676342725753784 | [-0.23] | -0.0053869125865948575
-0.7545565962791443 | [-0.21] | -0.004567306817943598
-0.7402026057243347 | [-0.19] | -0.0037796201847968554
-0.724627673625946 | [-0.17] | -0.0030377057306978416
-0.7078961730003357 | [-0.15] | -0.00235466374592303
-0.6900820136070251 | [-0.13] | -0.0017424759161754262
-0.6712684631347656 | [-0.11] | -0.0012116267938872675
-0.6515483856201172 | [-0.09] | -0.0007707638852334648
-0.6310237646102905 | [-0.07] | -0.000426386820837544
-0.6098052859306335 | [-0.04] | -0.00018260533359352657
-0.5880115628242493 | [-0.02] | -4.097248248472522e-05
-0.5657680630683899 | [0.] | -4.1052793061661523e-07
-0.5432060956954956 | [0.02] | -5.723696563871318e-05
-0.5204613208770752 | [0.05] | -0.0002052889622982171
-0.49767208099365234 | [0.07] | -0.0004361454348663894
-0.4749780297279358 | [0.09] | -0.0007394278779286109
-0.45251837372779846 | [0.11] | -0.0011031676955094887
-0.43043023347854614 | [0.12] | -0.0015142161675729682
-0.40884721279144287 | [0.14] | -0.0019586730977310353
-0.3878979980945587 | [0.16] | -0.002422313949961525
-0.36770519614219666 | [0.17] | -0.0028909955157686304
-0.34838441014289856 | [0.18] | -0.0033510227266268407
-0.3300434648990631 | [0.19] | -0.0037894716993694373
-0.31278195977211 | [0.2] | -0.00419445732342265
-0.29669106006622314 | [0.21] | -0.004555345103886741
-0.28185340762138367 | [0.22] | -0.004862917504758765
-0.2683432400226593 | [0.23] | -0.005109493575309604
-0.2562267482280731 | [0.23] | -0.005289007496303601
-0.2455623596906662 | [0.23] | -0.005397065488684952
-0.23640123009681702 | [0.23] | -0.005430974284217986
-0.22878773510456085 | [0.23] | -0.0053897559112773665
-0.2227599024772644 | [0.23] | -0.0052741541755041
-0.21834979951381683 | [0.23] | -0.005086633618104667
-0.2155839502811432 | [0.22] | -0.004831367686737883
-0.21448349952697754 | [0.21] | -0.004514226442940488
-0.2150644212961197 | [0.2] | -0.004142746682361986
-0.217337504029274 | [0.19] | -0.0037260907319682703
-0.22130820155143738 | [0.18] | -0.003274983142854088
-0.2269763946533203 | [0.17] | -0.002801616179654135
-0.2343359887599945 | [0.15] | -0.0023195185181403713
-0.24337437748908997 | [0.14] | -0.0018433789784370427
-0.25407183170318604 | [0.12] | -0.0013888154687539188
-0.2664007842540741 | [0.1] | -0.0009720869688289697
-0.2803250551223755 | [0.08] | -0.0006097439123306399
-0.29579904675483704 | [0.06] | -0.00031821953905898745
-0.31276699900627136 | [0.03] | -0.00011336667166268989
-0.33116233348846436 | [0.01] | -9.954451005715428e-06
-0.3509071469306946 | [-0.01] | -2.114244991955382e-05
-0.37191179394721985 | [-0.04] | -0.00015795684018153988
-0.39407482743263245 | [-0.07] | -0.0004287965491615035
-0.4172832667827606 | [-0.09] | -0.000839003036166848
-0.441413015127182 | [-0.12] | -0.0013905229393905256
-0.46632981300354004 | [-0.14] | -0.0020816947270636548
-0.49189043045043945 | [-0.17] | -0.002907178222401278
-0.5179442763328552 | [-0.2] | -0.0038580428636101113
-0.544335126876831 | [-0.22] | -0.004922006287345084
-0.5709033608436584 | [-0.25] | -0.0060838277927657
-0.5974879860877991 | [-0.27] | -0.007325805780841925
-0.623928964138031 | [-0.29] | -0.008628371209284072
-0.6500693559646606 | [-0.32] | -0.009970720217757564
-0.6757574677467346 | [-0.34] | -0.01133145906636407
-0.7008485794067383 | [-0.36] | -0.012689208238566788
-0.7252063751220703 | [-0.37] | -0.014023136188892747
-0.7487043738365173 | [-0.39] | -0.015313434532053659
-0.7712264657020569 | [-0.41] | -0.016541655733238226
-0.7926676273345947 | [-0.42] | -0.017690988699495775
-0.8129338026046753 | [-0.43] | -0.018746405678140038
-0.8319417834281921 | [-0.44] | -0.019694747731738203
-0.8496188521385193 | [-0.45] | -0.020524745322171266
-0.8659019470214844 | [-0.46] | -0.021226969759815507
-0.8807368874549866 | [-0.47] | -0.02179376822162142
-0.8940774202346802 | [-0.47] | -0.022219179271603724
-0.9058841466903687 | [-0.47] | -0.022498836792471062
-0.9161236882209778 | [-0.48] | -0.022629905626676248
-0.9247676134109497 | [-0.48] | -0.022611010399314013
-0.9317915439605713 | [-0.47] | -0.022442193982035143
-0.937174379825592 | [-0.47] | -0.022124905076805174
-0.9408977627754211 | [-0.47] | -0.02166202119135613
-0.9429453015327454 | [-0.46] | -0.021057862987308943
-0.9433024525642395 | [-0.45] | -0.02031827379709119
-0.9419562220573425 | [-0.44] | -0.019450685274579126
-0.9388951063156128 | [-0.43] | -0.018464198553235615
-0.9341093301773071 | [-0.42] | -0.01736967541683813
-0.9275912046432495 | [-0.4] | -0.01617981350147943
-0.919335663318634 | [-0.39] | -0.014909198370065864
-0.9093409776687622 | [-0.37] | -0.013574318427746854
-0.8976097106933594 | [-0.35] | -0.012193531602035379
-0.8841497898101807 | [-0.33] | -0.010786960834195971
-0.8689756393432617 | [-0.31] | -0.009376298459169975
-0.8521097302436829 | [-0.28] | -0.007984533835981935
-0.8335837721824646 | [-0.26] | -0.006635544276018407
-0.813440203666687 | [-0.23] | -0.005353593655486351
-0.7917336225509644 | [-0.2] | -0.004162721087690824
-0.7685320377349854 | [-0.18] | -0.003086031111627488
-0.7439178824424744 | [-0.15] | -0.0021449168276886036
-0.7179887294769287 | [-0.12] | -0.00135825296521355
-0.6908577084541321 | [-0.09] | -0.0007416113651080152
-0.662653386592865 | [-0.06] | -0.00030654549016401563
-0.6335192322731018 | [-0.02] | -6.0007578406408974e-05
-0.6036122441291809 | [0.01] | -3.948660975891597e-06
-0.5731015205383301 | [0.04] | -0.00013514732573500146
-0.5421656966209412 | [0.07] | -0.0004452877000842792
-0.5109906196594238 | [0.1] | -0.0009212895067470447
-0.4797661006450653 | [0.12] | -0.0015458713924775239
-0.44868287444114685 | [0.15] | -0.0022983011207234534
-0.41792941093444824 | [0.18] | -0.0031552721360584915
-0.3876888155937195 | [0.2] | -0.004091843688717924
-0.3581361174583435 | [0.23] | -0.005082365869753567
-0.32943588495254517 | [0.25] | -0.006101339372072433
-0.3017404079437256 | [0.27] | -0.007124153124645538
-0.2751883268356323 | [0.29] | -0.008127682244603505
-0.24990396201610565 | [0.3] | -0.00909072185808741
-0.22599704563617706 | [0.32] | -0.009994273737221731
-0.20356301963329315 | [0.33] | -0.01082169450435723
-0.18268367648124695 | [0.34] | -0.011558735705613632
-0.16342821717262268 | [0.35] | -0.012193499028949072
-0.14585445821285248 | [0.36] | -0.012716337824416935
-0.13001027703285217 | [0.36] | -0.01311972976489345
-0.11593502014875412 | [0.37] | -0.013398145694842326
-0.10366101562976837 | [0.37] | -0.013547928209003347
-0.0932149812579155 | [0.37] | -0.013567191283207165
-0.08461932837963104 | [0.37] | -0.013455755665625988
-0.07789331674575806 | [0.36] | -0.013215119735818445
-0.07305406779050827 | [0.36] | -0.012848466029190764
-0.07011734694242477 | [0.35] | -0.012360707299315425
-0.06909815967082977 | [0.34] | -0.011758562947502474
-0.07001108676195145 | [0.33] | -0.011050664104511984
-0.07287043333053589 | [0.32] | -0.010247673128065155
-0.07769010215997696 | [0.31] | -0.009362411118928889
-0.08448320627212524 | [0.29] | -0.008409977385379677
-0.09326144307851791 | [0.27] | -0.007407843106802778
-0.10403420776128769 | [0.25] | -0.0063758981184108
-0.11680743843317032 | [0.23] | -0.005336431075285621
-0.13158223032951355 | [0.21] | -0.004314014621069348
-0.1483532041311264 | [0.18] | -0.003335272165194372
-0.16710668802261353 | [0.16] | -0.0024285025136685946
-0.18781879544258118 | [0.13] | -0.0016231408982555727
-0.2104533314704895 | [0.1] | -0.0009490522394156684
-0.23495981097221375 | [0.07] | -0.00043565029172613104
-0.26127150654792786 | [0.03] | -0.00011087031394596027
-0.28930380940437317 | [-0.] | -2.86193634707725e-08
-0.3189529776573181 | [-0.04] | -0.00012463372908757986
-0.35009533166885376 | [-0.07] | -0.0005012289120422645
-0.382587194442749 | [-0.11] | -0.0011403615938690942
-0.4162655472755432 | [-0.14] | -0.002045779736559585
-0.45094960927963257 | [-0.18] | -0.00321395040208117
-0.4864431321620941 | [-0.22] | -0.004633966940796093
-0.5225376486778259 | [-0.25] | -0.0062878833459970515
-0.5590162873268127 | [-0.29] | -0.008151468028178496
-0.5956580638885498 | [-0.32] | -0.010195313493798801
-0.6322425007820129 | [-0.35] | -0.012386213546246555
-0.6685543656349182 | [-0.38] | -0.014688697441503301
-0.704387903213501 | [-0.41] | -0.017066555265009282
-0.7395507097244263 | [-0.44] | -0.01948425308105943
-0.7738669514656067 | [-0.47] | -0.02190815001680055
-0.8071796894073486 | [-0.49] | -0.024307414691169357
-0.839352548122406 | [-0.52] | -0.02665467346559275
-0.870270311832428 | [-0.54] | -0.028926325673219233
-0.8998387455940247 | [-0.56] | -0.03110261440679772
-0.9279841184616089 | [-0.58] | -0.03316751284740254
-0.9546515345573425 | [-0.59] | -0.03510839531935948
-0.9798034429550171 | [-0.61] | -0.03691567444364253
-1.0034176111221313 | [-0.62] | -0.038582352393185054
-1.0254850387573242 | [-0.63] | -0.040103581628760564
-1.046007752418518 | [-0.64] | -0.04147622710706946
-1.0649964809417725 | [-0.65] | -0.04269844671457221
-1.0824689865112305 | [-0.66] | -0.04376938586975076
-1.0984477996826172 | [-0.67] | -0.04468883534173072
-1.1129589080810547 | [-0.67] | -0.045457027007121516
-1.1260297298431396 | [-0.68] | -0.04607437986456481
-1.137688398361206 | [-0.68] | -0.0465414188304239
-1.1479618549346924 | [-0.68] | -0.04685857134330141
-1.156875491142273 | [-0.69] | -0.047026167108031605
-1.1644519567489624 | [-0.69] | -0.04704434880316856
-1.1707103252410889 | [-0.68] | -0.04691303984000795
-1.1756657361984253 | [-0.68] | -0.04663198233067223
-1.1793287992477417 | [-0.68] | -0.04620075713001226
-1.181705355644226 | [-0.68] | -0.04561886399580758
-1.182795763015747 | [-0.67] | -0.044885757502517776
-1.182595133781433 | [-0.66] | -0.044001015496585055
-1.1810929775238037 | [-0.66] | -0.0429644551244348
-1.1782729625701904 | [-0.65] | -0.041776284643363026
-1.1741132736206055 | [-0.64] | -0.040437347347560125
-1.1685864925384521 | [-0.62] | -0.03894933217573052
-1.161659836769104 | [-0.61] | -0.03731504960958966
-1.1532953977584839 | [-0.6] | -0.035538727240306364
-1.1434507369995117 | [-0.58] | -0.033626361567164476
-1.1320793628692627 | [-0.56] | -0.03158606646602637
-1.1191316843032837 | [-0.54] | -0.02942846788445741
-1.1045557260513306 | [-0.52] | -0.027167059799835892
-1.0882985591888428 | [-0.5] | -0.024818590182082576
-1.0703076124191284 | [-0.47] | -0.02240337297730549
-1.050532579421997 | [-0.45] | -0.01994555138387849
-1.0289276838302612 | [-0.42] | -0.01747325078400101
-1.0054534673690796 | [-0.39] | -0.015018510044352338
-0.9800801873207092 | [-0.36] | -0.01261710849370524
-0.9527902007102966 | [-0.32] | -0.010308034862318032
-0.9235814213752747 | [-0.29] | -0.008132725899128869
-0.8924703598022461 | [-0.25] | -0.006133942767531298
-0.8594953417778015 | [-0.21] | -0.004354342946475787
-0.8247193098068237 | [-0.17] | -0.0028347520424113655
-0.7882323265075684 | [-0.13] | -0.0016122403875153024
-0.7501530647277832 | [-0.08] | -0.0007181094297791456
-0.7106295824050903 | [-0.04] | -0.0001759728620017734
-0.6698387265205383 | [0.] | -1.2087365493941162e-07
-0.6279842853546143 | [0.04] | -0.00019436127384562293
-0.5852935314178467 | [0.09] | -0.0007515075570133437
-0.5420126914978027 | [0.13] | -0.0016536116732799111
-0.4984009265899658 | [0.17] | -0.0028729587763102384
-0.4547237157821655 | [0.21] | -0.004373734243954311
-0.4112457036972046 | [0.25] | -0.006114195915380699
-0.36822354793548584 | [0.28] | -0.008049110786113594
-0.3258993923664093 | [0.32] | -0.010132205201013125
-0.28449511528015137 | [0.35] | -0.012318399932529278
-0.24420776963233948 | [0.38] | -0.014565649222549604
-0.2052065134048462 | [0.41] | -0.016836284630832844
-0.16763082146644592 | [0.44] | -0.019097838600014752
-0.1315900832414627 | [0.46] | -0.02132339146744716
-0.09716440737247467 | [0.48] | -0.023491510246445774
-0.06440625339746475 | [0.51] | -0.02558590929379786
-0.03334283456206322 | [0.53] | -0.02759490556389011
-0.003978957887738943 | [0.54] | -0.02951078711694833
0.02369995415210724 | [0.56] | -0.031329153970469974
0.0497247688472271 | [0.57] | -0.03304828355393242
0.07413966208696365 | [0.59] | -0.03466856308618427
0.09699933975934982 | [0.6] | -0.03619198947149137
0.11836651712656021 | [0.61] | -0.03762175460331546
0.13830971717834473 | [0.62] | -0.038961905733068146
0.15690134465694427 | [0.63] | -0.04021707496031057
0.1742161065340042 | [0.64] | -0.0413922740269716
0.1903296709060669 | [0.65] | -0.042492732340873335
0.20531761646270752 | [0.66] | -0.04352377951830496
0.21925458312034607 | [0.67] | -0.044490763271966834
0.23221367597579956 | [0.67] | -0.045398991865407995
0.24426594376564026 | [0.68] | -0.046253691460854625
0.2554800808429718 | [0.69] | -0.04705998736275874
0.26592227816581726 | [0.69] | -0.04782289800425908
0.2756560146808624 | [0.7] | -0.04854732440523891
0.2847421169281006 | [0.7] | -0.04923806611435088
0.2932387590408325 | [0.71] | -0.04989982799412617
0.30120158195495605 | [0.71] | -0.05053724200724983
0.3086837828159332 | [0.72] | -0.0511548839214783
0.3157363533973694 | [0.72] | -0.05175730550055472
0.32240816950798035 | [0.72] | -0.05234905128859525
0.32874631881713867 | [0.73] | -0.05293470302415563
0.3347962200641632 | [0.73] | -0.053518901604954906
0.34060198068618774 | [0.74] | -0.05410639872550278
0.34620651602745056 | [0.74] | -0.05470208078902378
0.3516519367694855 | [0.74] | -0.05531103136315873
0.35697975754737854 | [0.75] | -0.05593857174122904
0.36223122477531433 | [0.75] | -0.05659032408253828
0.36744755506515503 | [0.76] | -0.05727226489024082
0.3726702928543091 | [0.76] | -0.05799080228680329
0.3779416084289551 | [0.77] | -0.05875285102781115
0.3833046853542328 | [0.77] | -0.05956592859349274
0.38880404829978943 | [0.78] | -0.06043825398629879
0.3944859206676483 | [0.78] | -0.061378860366722715
0.4003986418247223 | [0.79] | -0.06239773166645318
0.4065931439399719 | [0.8] | -0.06350596221548914
0.41312336921691895 | [0.8] | -0.06471593048109246
0.4200468063354492 | [0.81] | -0.0660415107038625
0.4274250268936157 | [0.82] | -0.06749831557103576
0.4353242516517639 | [0.83] | -0.06910397414379806
0.44381606578826904 | [0.84] | 99.92912152372816
Total reward: 94.2323192323605
0.9, 5.0, 0.4
parameter ends

state | action | reward
[-0.43] | [0.01] | -7.33994538537619e-06
-0.43556955456733704 | [0.] | -2.2709771559372015e-06
-0.4368593692779541 | [0.] | -1.4252640396231054e-08
-0.43879184126853943 | [-0.] | -2.093071217777893e-06
-0.44136038422584534 | [-0.01] | -1.0134594331066513e-05
-0.44455456733703613 | [-0.02] | -2.5824776122515243e-05
-0.4483601450920105 | [-0.02] | -5.085967801029943e-05
-0.4527590870857239 | [-0.03] | -8.689424696481673e-05
-0.4577295482158661 | [-0.04] | -0.00013548926492382626
-0.46324601769447327 | [-0.04] | -0.0001980588886971169
-0.4692794382572174 | [-0.05] | -0.0002758197920873341
-0.47579723596572876 | [-0.06] | -0.00036974214922569435
-0.48276349902153015 | [-0.07] | -0.00048050588674429555
-0.4901392459869385 | [-0.08] | -0.0006084637871324288
-0.49788254499435425 | [-0.09] | -0.0007536100357360732
-0.5059487223625183 | [-0.1] | -0.0009155573344128906
-0.5142907500267029 | [-0.1] | -0.0010935259276748227
-0.5228594541549683 | [-0.11] | -0.001286339720289581
-0.5316038131713867 | [-0.12] | -0.0014924334708142245
-0.5404713749885559 | [-0.13] | -0.0017098721349341599
-0.5494086146354675 | [-0.14] | -0.0019363796272602108
-0.5583611726760864 | [-0.15] | -0.002169372866905198
-0.5672744512557983 | [-0.16] | -0.002406013333233207
-0.5760937333106995 | [-0.16] | -0.0026432529568703967
-0.584764838218689 | [-0.17] | -0.002877900458250205
-0.5932341814041138 | [-0.18] | -0.0031066748216494935
-0.6014494895935059 | [-0.18] | -0.0033262811359141436
-0.6093597412109375 | [-0.19] | -0.003533463810076157
-0.6169158220291138 | [-0.19] | -0.0037250819536002442
-0.6240706443786621 | [-0.2] | -0.003898165772894486
-0.6307794451713562 | [-0.2] | -0.004049976343717627
-0.6370000243186951 | [-0.2] | -0.00417805946133293
-0.642693042755127 | [-0.21] | -0.004280296320416872
-0.6478220820426941 | [-0.21] | -0.004354940705264698
-0.6523538827896118 | [-0.21] | -0.004400656262649264
-0.6562585234642029 | [-0.21] | -0.004416544999185818
-0.6595094799995422 | [-0.21] | -0.004402164215925145
-0.6620838642120361 | [-0.21] | -0.004357543181346307
-0.6639623045921326 | [-0.21] | -0.004283178415569232
-0.6651293039321899 | [-0.2] | -0.004180039492443356
-0.6655731201171875 | [-0.2] | -0.004049548940672682
-0.6652858853340149 | [-0.2] | -0.0038935633289279813
-0.6642636656761169 | [-0.19] | -0.0037143444124133405
-0.662506639957428 | [-0.19] | -0.0035145266234235927
-0.6600188612937927 | [-0.18] | -0.003297062601866784
-0.656808614730835 | [-0.18] | -0.003065182755071144
-0.652888298034668 | [-0.17] | -0.0028223314314238506
-0.6482744812965393 | [-0.16] | -0.0025721041122324755
-0.6429877877235413 | [-0.15] | -0.0023181745537480107
-0.6370530724525452 | [-0.14] | -0.0020642281908861445
-0.6304993033409119 | [-0.13] | -0.0018138842592382517
-0.6233595013618469 | [-0.13] | -0.0015706204477232229
-0.6156705617904663 | [-0.12] | -0.001337697058276427
-0.6074733138084412 | [-0.11] | -0.0011180908904116162
-0.5988122224807739 | [-0.1] | -0.0009144269524037605
-0.5897352695465088 | [-0.09] | -0.0007289228358843048
-0.580293595790863 | [-0.08] | -0.0005633390925339558
-0.5705413818359375 | [-0.06] | -0.00041894582949675296
-0.5605353116989136 | [-0.05] | -0.00029649627761133294
-0.5503344535827637 | [-0.04] | -0.0001962206207285927
-0.539999783039093 | [-0.03] | -0.00011782953976947029
-0.5295935869216919 | [-0.02] | -6.053266686465199e-05
-0.5191793441772461 | [-0.02] | -2.3074530946651834e-05
-0.5088210701942444 | [-0.01] | -3.779187232447537e-06
-0.4985828101634979 | [0.] | -6.085280833507762e-07
-0.4885282814502716 | [0.01] | -1.1230054011948896e-05
-0.47872039675712585 | [0.02] | -3.309143879462452e-05
-0.4692207872867584 | [0.03] | -6.350033900268428e-05
-0.46008941531181335 | [0.03] | -9.970666883737348e-05
-0.45138412714004517 | [0.04] | -0.00013898525633572936
-0.4431602954864502 | [0.04] | -0.00017871641592345257
-0.4354705214500427 | [0.05] | -0.00021646194262937496
-0.42836424708366394 | [0.05] | -0.0002500361477983352
-0.4218875467777252 | [0.05] | -0.00027756844956744605
-0.41608285903930664 | [0.05] | -0.0002975578225498904
-0.41098880767822266 | [0.06] | -0.00030891725536070656
-0.4066399931907654 | [0.06] | -0.0003110081443493197
-0.40306681394577026 | [0.06] | -0.0003036639801342761
-0.4002954065799713 | [0.05] | -0.00028720148469523073
-0.3983474373817444 | [0.05] | -0.0002624220243096866
-0.3972400724887848 | [0.05] | -0.0002305997229783178
-0.39698582887649536 | [0.04] | -0.00019345919114523613
-0.39759254455566406 | [0.04] | -0.00015314071064763608
-0.39906325936317444 | [0.03] | -0.00011215503208806219
-0.40139615535736084 | [0.03] | -7.332682688624316e-05
-0.4045845568180084 | [0.02] | -3.9727756314088906e-05
-0.408616840839386 | [0.01] | -1.4600962113470591e-05
-0.4134763479232788 | [0.] | -1.2771283387373846e-06
-0.4191414713859558 | [-0.01] | -3.0835754711599686e-06
-0.4255855977535248 | [-0.02] | -2.3249257085959743e-05
-0.43277716636657715 | [-0.03] | -6.480709113885347e-05
-0.440679669380188 | [-0.04] | -0.00013049611093246655
-0.44925186038017273 | [-0.05] | -0.0002226674120801974
-0.45844781398773193 | [-0.06] | -0.0003431952167606206
-0.4682171940803528 | [-0.07] | -0.0004933982760288725
-0.47850537300109863 | [-0.08] | -0.0006739714286298541
-0.4892538785934448 | [-0.09] | -0.0008849350425740069
-0.5004006028175354 | [-0.11] | -0.0011255984406945254
-0.5118803381919861 | [-0.12] | -0.0013945465553916701
-0.5236250758171082 | [-0.13] | -0.0016896417158020205
-0.5355646014213562 | [-0.14] | -0.0020080506576710187
-0.5476269721984863 | [-0.15] | -0.0023462889363203183
-0.5597390532493591 | [-0.16] | -0.0027002844576304212
-0.5718270540237427 | [-0.18] | -0.0030654567991807028
-0.5838172435760498 | [-0.19] | -0.003436815767823532
-0.5956363081932068 | [-0.2] | -0.0038090601115110126
-0.6072120666503906 | [-0.2] | -0.004176695476948014
-0.6184738278388977 | [-0.21] | -0.004534143698230064
-0.6293529868125916 | [-0.22] | -0.004875863540422866
-0.6397834420204163 | [-0.23] | -0.005196462161752204
-0.6497020125389099 | [-0.23] | -0.0054908043736660445
-0.6590486764907837 | [-0.24] | -0.0057541074804410034
-0.6677670478820801 | [-0.24] | -0.0059820395635253884
-0.6758043766021729 | [-0.25] | -0.006170788461069357
-0.6831120848655701 | [-0.25] | -0.006317144904981845
-0.6896455883979797 | [-0.25] | -0.006418544390774839
-0.6953645944595337 | [-0.25] | -0.006473120155065512
-0.7002332806587219 | [-0.25] | -0.006479740494544211
-0.704220175743103 | [-0.25] | -0.006438021862897433
-0.7072983384132385 | [-0.25] | -0.006348345799660604
-0.7094453573226929 | [-0.25] | -0.006211856162311586
-0.710643470287323 | [-0.25] | -0.0060304514586682735
-0.7108795642852783 | [-0.24] | -0.005806760086199514
-0.7101452946662903 | [-0.24] | -0.005544109146384985
-0.7084369659423828 | [-0.23] | -0.005246470857870892
-0.705755889415741 | [-0.22] | -0.004918417098297645
-0.7021083235740662 | [-0.21] | -0.004565042579877487
-0.6975054740905762 | [-0.2] | -0.004191879055523407
-0.6919638514518738 | [-0.2] | -0.003804810400451822
-0.6855050921440125 | [-0.18] | -0.0034099558736143372
-0.6781561970710754 | [-0.17] | -0.0030135589653581107
-0.6699495911598206 | [-0.16] | -0.002621861440021611
-0.660923182964325 | [-0.15] | -0.0022409715507436313
-0.6511202454566956 | [-0.14] | -0.0018767251151323777
-0.6405895352363586 | [-0.12] | -0.0015345553323870128
-0.6293851137161255 | [-0.11] | -0.001219359989159044
-0.6175662279129028 | [-0.1] | -0.0009353809075979941
-0.6051969528198242 | [-0.08] | -0.0006860944224986306
-0.5923460125923157 | [-0.07] | -0.0004741250386622074
-0.579086422920227 | [-0.05] | -0.0003011786789795835
-0.5654948949813843 | [-0.04] | -0.00016799980895616809
-0.5516514778137207 | [-0.03] | -7.436060917023792e-05
-0.537638783454895 | [-0.01] | -1.9075749103254416e-05
-0.5235415697097778 | [-0.] | -4.917462671563713e-08
-0.50944584608078 | [0.01] | -1.4346053085863872e-05
-0.49543824791908264 | [0.02] | -5.829132095098794e-05
-0.4816053807735443 | [0.04] | -0.00012758818497638248
-0.4680330455303192 | [0.05] | -0.00021745339097706674
-0.4548055827617645 | [0.06] | -0.00032276346346877237
-0.4420051872730255 | [0.07] | -0.00043820763072108796
-0.42971137166023254 | [0.07] | -0.0005584404237073318
-0.41800034046173096 | [0.08] | -0.0006782322782820777
-0.4069445729255676 | [0.09] | -0.0007926105058021771
-0.3966124355792999 | [0.09] | -0.0008969895444626192
-0.3870677649974823 | [0.1] | -0.0009872890566027415
-0.37836962938308716 | [0.1] | -0.0010600352158226087
-0.37057214975357056 | [0.11] | -0.001112444986094913
-0.3637242615222931 | [0.11] | -0.0011424960768466716
-0.3578696548938751 | [0.11] | -0.001148977028972926
-0.3530466556549072 | [0.11] | -0.001131522187662202
-0.34928813576698303 | [0.1] | -0.001090629748255908
-0.3466215431690216 | [0.1] | -0.0010276611446658954
-0.34506872296333313 | [0.1] | -0.000944827758848688
-0.34464597702026367 | [0.09] | -0.0008451562695019224
-0.34536391496658325 | [0.09] | -0.0007324406023466183
-0.34722745418548584 | [0.08] | -0.0006111736017604219
-0.35023564100265503 | [0.07] | -0.000486463679247614
-0.35438162088394165 | [0.06] | -0.0003639310452657272
-0.35965242981910706 | [0.05] | -0.00024958859931775013
-0.36602890491485596 | [0.04] | -0.00014970406919667667
-0.37348559498786926 | [0.03] | -7.064709435410727e-05
-0.38199058175086975 | [0.01] | -1.872378090862631e-05
-0.3915054500102997 | [7.07e-05] | -5.001473601973045e-10
-0.40198519825935364 | [-0.01] | -2.0122520667746166e-05
-0.41337820887565613 | [-0.03] | -8.413185831212596e-05
-0.42562639713287354 | [-0.04] | -0.00019629121040799815
-0.4386653006076813 | [-0.06] | -0.00035992029765366074
-0.4524243474006653 | [-0.08] | -0.0005772520441026476
-0.4668271243572235 | [-0.09] | -0.0008493140493656751
-0.4817918539047241 | [-0.11] | -0.0011758439731710578
-0.49723196029663086 | [-0.12] | -0.0015552424825555123
-0.5130566954612732 | [-0.14] | -0.0019845671093889376
-0.5291717648506165 | [-0.16] | -0.002459566366428585
-0.5454803109169006 | [-0.17] | -0.002974761949073868
-0.5618835687637329 | [-0.19] | -0.0035235611149694044
-0.5782818794250488 | [-0.2] | -0.004098409976275046
-0.5945755839347839 | [-0.22] | -0.004690973281353371
-0.6106658577919006 | [-0.23] | -0.005292329327672936
-0.6264556050300598 | [-0.24] | -0.005893182109388249
-0.6418502330780029 | [-0.25] | -0.006484072249683998
-0.6567584276199341 | [-0.27] | -0.007055588423011521
-0.671092689037323 | [-0.28] | -0.00759856005216164
-0.6847699880599976 | [-0.28] | -0.00810424432863716
-0.6977120637893677 | [-0.29] | -0.008564481137851581
-0.7098458409309387 | [-0.3] | -0.00897183788228498
-0.7211036682128906 | [-0.31] | -0.009319727869187071
-0.7314232587814331 | [-0.31] | -0.009602495269090622
-0.7407480478286743 | [-0.31] | -0.009815507274708153
-0.749026894569397 | [-0.32] | -0.009955196163380076
-0.7562143206596375 | [-0.32] | -0.010019117041493199
-0.7622700929641724 | [-0.32] | -0.010005957153606837
-0.7671594023704529 | [-0.31] | -0.009915568121379585
-0.7708525657653809 | [-0.31] | -0.00974896043140467
-0.7733251452445984 | [-0.31] | -0.009508310156610043
-0.7745576500892639 | [-0.3] | -0.009196931218864215
-0.7745357155799866 | [-0.3] | -0.008819261182213463
-0.7732499837875366 | [-0.29] | -0.008380815672784914
-0.7706963419914246 | [-0.28] | -0.00788814525418284
-0.7668758630752563 | [-0.27] | -0.007348756688212274
-0.761795163154602 | [-0.26] | -0.006771034702861625
-0.7554665207862854 | [-0.25] | -0.006164126597300656
-0.7479081749916077 | [-0.24] | -0.005537811308418416
-0.7391446232795715 | [-0.22] | -0.004902341069148108
-0.729206919670105 | [-0.21] | -0.004268258477364468
-0.7181329727172852 | [-0.19] | -0.0036461892294772542
-0.7059678435325623 | [-0.17] | -0.0030466151681626903
-0.6927640438079834 | [-0.16] | -0.002479632590746097
-0.6785814166069031 | [-0.14] | -0.0019546910106916144
-0.6634876132011414 | [-0.12] | -0.0014803519251376208
-0.6475576758384705 | [-0.1] | -0.001064035388924769
-0.6308740377426147 | [-0.08] | -0.0007118026399347757
-0.6135261654853821 | [-0.07] | -0.0004281652414434234
-0.5956101417541504 | [-0.05] | -0.00021593826391125837
-0.5772279500961304 | [-0.03] | -7.61441752768666e-05
-0.5584867000579834 | [-0.01] | -7.977419600245837e-06
-0.5394976139068604 | [0.01] | -8.83122012151142e-06
-0.5203752517700195 | [0.03] | -7.43873630936885e-05
-0.5012361407279968 | [0.04] | -0.0001987637300479181
-0.48219776153564453 | [0.06] | -0.0003747138287666874
-0.4633772671222687 | [0.08] | -0.0005938686823095777
-0.44489040970802307 | [0.09] | -0.0008470068342557312
-0.4268503487110138 | [0.11] | -0.0011243435147599147
-0.4093666970729828 | [0.12] | -0.0014158210156382193
-0.39254462718963623 | [0.13] | -0.0017113925662753397
-0.37648409605026245 | [0.14] | -0.0020012895484160255
-0.3612792491912842 | [0.15] | -0.0022762622332709002
-0.34701794385910034 | [0.16] | -0.0025277926711878597
-0.3337814509868622 | [0.17] | -0.002748274945522808
-0.32164421677589417 | [0.17] | -0.0029311645490945584
-0.3106738328933716 | [0.18] | -0.0030710961631625826
-0.3009311258792877 | [0.18] | -0.003163971284433826
-0.29247015714645386 | [0.18] | -0.0032070272752725334
-0.285338431596756 | [0.18] | -0.003198879069792391
-0.2795770466327667 | [0.18] | -0.0031395447767327642
-0.2752209007740021 | [0.17] | -0.0030304527352604652
-0.27229881286621094 | [0.17] | -0.002874434542158143
-0.2708336114883423 | [0.16] | -0.0026757019180771273
-0.2708422541618347 | [0.16] | -0.0024398036006170187
-0.2723357677459717 | [0.15] | -0.002173566638178876
-0.2753191590309143 | [0.14] | -0.001885013809917667
-0.2797912359237671 | [0.13] | -0.0015832556461130099
-0.28574439883232117 | [0.11] | -0.0012783520895373165
-0.29316428303718567 | [0.1] | -0.0009811432032301802
-0.30202946066856384 | [0.08] | -0.0007030425810290509
-0.31231093406677246 | [0.07] | -0.0004557978388264358
-0.32397177815437317 | [0.05] | -0.0002512125604867193
-0.33696675300598145 | [0.03] | -0.0001008383667289154
-0.3512418270111084 | [0.01] | -1.5642317616741207e-05
-0.36673399806022644 | [-0.01] | -5.657184245637767e-06
-0.3833709955215454 | [-0.03] | -7.963027452575718e-05
-0.4010712802410126 | [-0.05] | -0.00024468395051638217
-0.4197441637516022 | [-0.07] | -0.0005060064120294749
-0.4392901062965393 | [-0.09] | -0.0008665902074899391
-0.4596012830734253 | [-0.12] | -0.001327035771384771
-0.480562299489975 | [-0.14] | -0.00188543446873761
-0.5020511746406555 | [-0.16] | -0.0025373409385864246
-0.5239404439926147 | [-0.18] | -0.003275840120248192
-0.5460986495018005 | [-0.2] | -0.004091713368548601
-0.5683916807174683 | [-0.22] | -0.004973683486881941
-0.5906842947006226 | [-0.24] | -0.005908733701799289
-0.612841784954071 | [-0.26] | -0.006882487067453171
-0.6347314119338989 | [-0.28] | -0.00787960966242597
-0.6562239527702332 | [-0.3] | -0.008884233184719165
-0.6771949529647827 | [-0.31] | -0.009880361966491192
-0.6975257992744446 | [-0.33] | -0.010852246994764066
-0.7171047329902649 | [-0.34] | -0.011784728187874413
-0.7358274459838867 | [-0.36] | -0.012663513887408068
-0.753597617149353 | [-0.37] | -0.013475413561093242
-0.770327091217041 | [-0.38] | -0.014208507770675952
-0.7859359383583069 | [-0.39] | -0.014852272649066162
-0.8003522157669067 | [-0.39] | -0.015397652613939706
-0.813511848449707 | [-0.4] | -0.01583711649953692
-0.825357973575592 | [-0.4] | -0.01616465678056659
-0.8358407020568848 | [-0.4] | -0.016375807986198636
-0.8449164032936096 | [-0.41] | -0.016467624411971773
-0.8525471687316895 | [-0.41] | -0.016438667764258914
-0.8587003946304321 | [-0.4] | -0.01628900416169282
-0.8633481860160828 | [-0.4] | -0.016020190636737534
-0.8664670586585999 | [-0.4] | -0.015635282617361884
-0.8680375814437866 | [-0.39] | -0.015138837023065722
-0.8680442571640015 | [-0.38] | -0.014536926958669944
-0.8664753437042236 | [-0.37] | -0.013837142669172499
-0.863322913646698 | [-0.36] | -0.013048594001327088
-0.8585830926895142 | [-0.35] | -0.012181902186304105
-0.8522564768791199 | [-0.34] | -0.011249171639480545
-0.8443484306335449 | [-0.32] | -0.010263915906307826
-0.8348697423934937 | [-0.3] | -0.00924095901732891
-0.8238373398780823 | [-0.29] | -0.008196284973884034
-0.8112749457359314 | [-0.27] | -0.007146823421072455
-0.7972140312194824 | [-0.25] | -0.006110187723648925
-0.7816945910453796 | [-0.23] | -0.005104337953890346
-0.7647659778594971 | [-0.2] | -0.004147187436942319
-0.7464878559112549 | [-0.18] | -0.0032561596508603554
-0.7269304990768433 | [-0.16] | -0.002447685428986542
-0.706175684928894 | [-0.13] | -0.0017367037154742788
-0.6843166947364807 | [-0.11] | -0.0011361418129324434
-0.6614583730697632 | [-0.08] | -0.0006564366535391774
-0.6377168297767639 | [-0.06] | -0.0003051173709913582
-0.6132189035415649 | [-0.03] | -8.647869959626e-05
-0.5881009697914124 | [-0.] | -1.3699325149834794e-06
-0.5625078678131104 | [0.02] | -4.712607357815757e-05
-0.5365910530090332 | [0.05] | -0.00021764339239277068
-0.510506808757782 | [0.07] | -0.0005036040512133524
-0.484414279460907 | [0.09] | -0.0008928314313352304
-0.45847323536872864 | [0.12] | -0.001370757105137003
-0.4328418970108032 | [0.14] | -0.0019209665590826592
-0.40767496824264526 | [0.16] | -0.002525784613418214
-0.38312166929244995 | [0.18] | -0.003166871102794825
-0.3593240976333618 | [0.2] | -0.003825787645813972
-0.3364159166812897 | [0.21] | -0.004484509218674743
-0.31452131271362305 | [0.23] | -0.005125866852077833
-0.29375436902046204 | [0.24] | -0.005733904239376965
-0.27421870827674866 | [0.25] | -0.006294153815572272
-0.2560074031352997 | [0.26] | -0.006793834131225332
-0.2392033487558365 | [0.27] | -0.007221973386901697
-0.2238796353340149 | [0.28] | -0.007569482389600541
-0.2101002335548401 | [0.28] | -0.00782918445967937
-0.1979207545518875 | [0.28] | -0.007995816776986332
-0.18738922476768494 | [0.28] | -0.008066018881001571
-0.1785469353199005 | [0.28] | -0.008038314778100825
-0.17142921686172485 | [0.28] | -0.007913097712269562
-0.16606615483760834 | [0.28] | -0.0076926222286071285
-0.16248317062854767 | [0.27] | -0.0073810055902953494
-0.16070149838924408 | [0.26] | -0.006984235295019264
-0.16073845326900482 | [0.26] | -0.006510182476153751
-0.1626076102256775 | [0.24] | -0.005968608567553299
-0.16631869971752167 | [0.23] | -0.005371165070877685
-0.17187735438346863 | [0.22] | -0.004731369012732576
-0.1792846918106079 | [0.2] | -0.004064542728218123
-0.1885366439819336 | [0.18] | -0.00338770833674361
-0.19962316751480103 | [0.16] | -0.0027194176441715247
-0.21252726018428802 | [0.14] | -0.0020795086771232237
-0.22722388803958893 | [0.12] | -0.001488775071172778
-0.24367879331111908 | [0.1] | -0.0009685427386646798
-0.26184728741645813 | [0.07] | -0.0005401514839523562
-0.28167304396629333 | [0.05] | -0.00022434875937137812
-0.303087055683136 | [0.02] | -4.060885087264613e-05
-0.3260066509246826 | [-0.01] | -6.4063557422418295e-06
-0.35033491253852844 | [-0.04] | -0.00013647673164525007
-0.3759603500366211 | [-0.07] | -0.0004421114953820667
-0.4027569591999054 | [-0.1] | -0.000930535933585832
-0.4305848479270935 | [-0.13] | -0.0016044233682781528
-0.45929133892059326 | [-0.16] | -0.0024615916800929186
-0.48871248960494995 | [-0.19] | -0.0034949161179608753
-0.5186752080917358 | [-0.22] | -0.00469248070702151
-0.5489997863769531 | [-0.25] | -0.006037967234675697
-0.5795026421546936 | [-0.27] | -0.0075112517070169416
-0.6099992990493774 | [-0.3] | -0.009089172304585409
-0.6403073668479919 | [-0.33] | -0.010746402632747717
-0.6702496409416199 | [-0.35] | -0.012456384692081166
-0.6996565461158752 | [-0.38] | -0.014192215236973891
-0.7283686995506287 | [-0.4] | -0.015927481902563195
-0.7562384605407715 | [-0.42] | -0.01763693753571427
-0.7831316590309143 | [-0.44] | -0.019297072835304345
-0.8089280724525452 | [-0.46] | -0.020886473137279527
-0.8335219621658325 | [-0.47] | -0.022386061055767736
-0.8568218350410461 | [-0.49] | -0.023779180075762407
-0.8787499070167542 | [-0.5] | -0.02505156815455467
-0.8992412686347961 | [-0.51] | -0.026191252809420713
-0.9182425141334534 | [-0.52] | -0.027188363496634668
-0.9357106685638428 | [-0.53] | -0.028034953533868357
-0.9516115784645081 | [-0.54] | -0.02872477799125117
-0.9659185409545898 | [-0.54] | -0.02925310254319176
-0.9786106944084167 | [-0.54] | -0.029616510813743554
-0.9896719455718994 | [-0.55] | -0.02981279229644847
-0.9990893602371216 | [-0.55] | -0.029840802115522248
-1.006852149963379 | [-0.54] | -0.029700410258125712
-1.0129506587982178 | [-0.54] | -0.029392476917487337
-1.0173755884170532 | [-0.54] | -0.028918878013133954
-1.020117163658142 | [-0.53] | -0.02828254766756423
-1.0211647748947144 | [-0.52] | -0.027487587660467112
-1.0205063819885254 | [-0.52] | -0.026539369667041224
-1.018128752708435 | [-0.5] | -0.02544472759417017
-1.0140172243118286 | [-0.49] | -0.024212107954906414
-1.008156180381775 | [-0.48] | -0.022851782002828683
-1.0005292892456055 | [-0.46] | -0.02137601982574011
-0.9911203980445862 | [-0.44] | -0.019799291987677096
-0.9799142479896545 | [-0.43] | -0.018138409743700616
-0.96689772605896 | [-0.41] | -0.01641264460901332
-0.9520610570907593 | [-0.38] | -0.014643756201633199
-0.9353995323181152 | [-0.36] | -0.012855949791574554
-0.9169151186943054 | [-0.33] | -0.011075690755735158
-0.8966184258460999 | [-0.31] | -0.009331391179231239
-0.8745307326316833 | [-0.28] | -0.007652927933735079
-0.8506860136985779 | [-0.25] | -0.006070983995158503
-0.8251328468322754 | [-0.21] | -0.004616214436690646
-0.7979364991188049 | [-0.18] | -0.0033182710945636046
-0.769180417060852 | [-0.15] | -0.002204689948094919
-0.7389673590660095 | [-0.11] | -0.0012997218118182426
-0.7074201107025146 | [-0.08] | -0.0006231813974437307
-0.6746814250946045 | [-0.04] | -0.0001893982603395475
-0.6409133076667786 | [-0.01] | -6.370287984681922e-06
-0.6062953472137451 | [0.03] | -7.52072150191883e-05
-0.5710223913192749 | [0.06] | -0.0003899338455497073
-0.5353012681007385 | [0.1] | -0.0009376904688089747
-0.49934715032577515 | [0.13] | -0.0016993243348989739
-0.46337923407554626 | [0.16] | -0.0026503289034283174
-0.42761629819869995 | [0.19] | -0.003762047141806996
-0.39227238297462463 | [0.22] | -0.005003023461640283
-0.3575526177883148 | [0.25] | -0.006340395211390893
-0.32364964485168457 | [0.28] | -0.0077412045829751185
-0.29074060916900635 | [0.3] | -0.009173545332526884
-0.25898507237434387 | [0.33] | -0.010607469275596861
-0.2285236269235611 | [0.35] | -0.012015647149088777
-0.19947737455368042 | [0.37] | -0.0133737664722141
-0.1719481199979782 | [0.38] | -0.014660700821439741
-0.14601922035217285 | [0.4] | -0.015858490274980874
-0.12175692617893219 | [0.41] | -0.016952180364951386
-0.09921210259199142 | [0.42] | -0.017929570443069785
-0.07842221111059189 | [0.43] | -0.018780911142530096
-0.05941339209675789 | [0.44] | -0.019498586843685963
-0.04220260679721832 | [0.45] | -0.020076813279842776
-0.026799706742167473 | [0.45] | -0.020511367166430032
-0.01320938766002655 | [0.46] | -0.02079935936106954
-0.001433011144399643 | [0.46] | -0.020939059637735864
0.008529776707291603 | [0.46] | -0.020929777562572128
0.016679618507623672 | [0.46] | -0.02077179709104089
0.023016231134533882 | [0.45] | -0.02046636549736798
0.027537398040294647 | [0.45] | -0.020015735823658575
0.03023817576467991 | [0.44] | -0.01942325710191477
0.031110309064388275 | [0.43] | -0.018693512476336355
0.030141863971948624 | [0.42] | -0.01783250006078806
0.02731706015765667 | [0.41] | -0.016847850854348062
0.02261633798480034 | [0.4] | -0.015749079396686128
0.01601664535701275 | [0.38] | -0.014547855996094839
0.007491962984204292 | [0.36] | -0.013258290455580139
-0.0029859088826924562 | [0.34] | -0.011897209932555417
-0.015446295030415058 | [0.32] | -0.0104844110317183
-0.029918303713202477 | [0.3] | -0.009042860180546071
-0.04642917960882187 | [0.28] | -0.00759880872693603
-0.06500235199928284 | [0.25] | -0.006181788199003531
-0.08565519005060196 | [0.22] | -0.0048244422153652655
-0.10839647799730301 | [0.19] | -0.0035621560308100593
-0.13322363793849945 | [0.16] | -0.002432444304818173
-0.16011981666088104 | [0.12] | -0.0014740692298415362
-0.18905095756053925 | [0.09] | -0.0007258776278349552
-0.21996288001537323 | [0.05] | -0.000225376039503589
-0.2527787387371063 | [0.01] | -7.089310402991212e-06
-0.28739693760871887 | [-0.03] | -0.00010079470810401947
-0.32368969917297363 | [-0.07] | -0.0005297580703203142
-0.36150267720222473 | [-0.11] | -0.0013091309929470774
-0.4006556570529938 | [-0.16] | -0.002444685978730393
-0.44094446301460266 | [-0.2] | -0.003932052888574658
-0.482144296169281 | [-0.24] | -0.005756591373861248
-0.5240141153335571 | [-0.28] | -0.0078939543313241
-0.5663022398948669 | [-0.32] | -0.010311341047720088
-0.6087526679039001 | [-0.36] | -0.012969325958341826
-0.6511115431785583 | [-0.4] | -0.015824070488558897
-0.6931339502334595 | [-0.43] | -0.018829739609321255
-0.7345898151397705 | [-0.47] | -0.021940816351319198
-0.7752694487571716 | [-0.5] | -0.025114199176994496
-0.8149875402450562 | [-0.53] | -0.02831084008197604
-0.8535862565040588 | [-0.56] | -0.03149691862442634
-0.8909367918968201 | [-0.59] | -0.03464449378376599
-0.9269399046897888 | [-0.61] | -0.03773172093488721
-0.9615253806114197 | [-0.64] | -0.04074270309362987
-0.9946504235267639 | [-0.66] | -0.043667049575387314
-1.026297688484192 | [-0.68] | -0.046499319533870445
-1.056472659111023 | [-0.7] | -0.049238347096867176
-1.0852011442184448 | [-0.72] | -0.05188661486453277
-1.1125264167785645 | [-0.74] | -0.05444963661144947
-1.1385064125061035 | [-0.75] | -0.05693540283295243
-1.1632113456726074 | [-0.77] | -0.0593539541810327
-1.1867218017578125 | [-0.79] | -0.0617170772795045
-1.2000000476837158 | [-0.68] | -0.046240005836487
-1.1987781524658203 | [-0.67] | -0.045264753890356675
-1.1963194608688354 | [-0.66] | -0.04414197674491174
-1.1926034688949585 | [-0.65] | -0.04287145576211628
-1.1876037120819092 | [-0.64] | -0.04145356964046465
-1.181288242340088 | [-0.63] | -0.03988958015655415
-1.1736197471618652 | [-0.62] | -0.0381818982816071
-1.1645557880401611 | [-0.6] | -0.036334387899570934
-1.154049277305603 | [-0.59] | -0.03435271300918246
-1.1420493125915527 | [-0.57] | -0.032244736245312364
-1.1285016536712646 | [-0.55] | -0.030020876067387514
-1.1133497953414917 | [-0.53] | -0.02769451315664706
-1.09653639793396 | [-0.5] | -0.02528239057146698
-1.0780045986175537 | [-0.48] | -0.022804938060370664
-1.0576997995376587 | [-0.45] | -0.020286536451193563
-1.035571813583374 | [-0.42] | -0.017755674974990452
-1.0115774869918823 | [-0.39] | -0.015244952659804568
-0.985683023929596 | [-0.36] | -0.012790815734665218
-0.9578675031661987 | [-0.32] | -0.010433100420296106
-0.9281257390975952 | [-0.29] | -0.008214198108445703
-0.8964716792106628 | [-0.25] | -0.006177917771209724
-0.8629416823387146 | [-0.21] | -0.0043679998582619095
-0.8275974988937378 | [-0.17] | -0.0028263287916093175
-0.7905286550521851 | [-0.13] | -0.0015909210626392709
-0.7518543004989624 | [-0.08] | -0.0006938384761009507
-0.7117236256599426 | [-0.04] | -0.0001591844511210694
-0.6703155636787415 | [0.] | -1.4108969599678004e-06
-0.6278367042541504 | [0.05] | -0.00022411969738924927
-0.5845177173614502 | [0.09] | -0.0008195491075132296
-0.5406085848808289 | [0.13] | -0.0017688441073898987
-0.49637243151664734 | [0.17] | -0.0030431233848411
-0.45207858085632324 | [0.21] | -0.004605249732836692
-0.4079951345920563 | [0.25] | -0.006412116499996988
-0.3643816113471985 | [0.29] | -0.008417202089608139
-0.3214821517467499 | [0.33] | -0.010573123584312588
-0.27951961755752563 | [0.36] | -0.012833949087577423
-0.238691046833992 | [0.39] | -0.015157074309888744
-0.199164479970932 | [0.42] | -0.017504585841635233
-0.16107720136642456 | [0.45] | -0.019844076950217428
-0.1245354637503624 | [0.47] | -0.022148953977198918
-0.08961533010005951 | [0.49] | -0.024398349312924235
-0.056364476680755615 | [0.52] | -0.026576730215287555
-0.024804677814245224 | [0.54] | -0.028673324462084378
0.00506525207310915 | [0.55] | -0.030681448417947583
0.033266332000494 | [0.57] | -0.03259783107469976
0.05983626842498779 | [0.59] | -0.03442196275689798
0.08482643216848373 | [0.6] | -0.03615552052119549
0.10829905420541763 | [0.61] | -0.03780186952174511
0.13032470643520355 | [0.63] | -0.03936565267276767
0.150980144739151 | [0.64] | -0.0408524674340438
0.1703464239835739 | [0.65] | -0.04226861032099749
0.1885073184967041 | [0.66] | -0.04362088107363415
0.20554813742637634 | [0.67] | -0.04491645420888135
0.2215546816587448 | [0.68] | -0.04616277917948646
0.23661257326602936 | [0.69] | -0.04736753373239094
0.25080665946006775 | [0.7] | -0.04853858624697059
0.2642206847667694 | [0.7] | -0.04968399839973346
0.2769371271133423 | [0.71] | -0.050812045957775435
0.28903713822364807 | [0.72] | -0.05193125386032578
0.30060049891471863 | [0.73] | -0.053050436863844364
0.31170591711997986 | [0.74] | -0.05417878466115066
0.32243111729621887 | [0.74] | -0.05532592623333006
0.33285319805145264 | [0.75] | -0.0565020337671959
0.343049019575119 | [0.76] | -0.057717942141574156
0.35309556126594543 | [0.77] | -0.058985270866613086
0.36307039856910706 | [0.78] | -0.0603165818793776
0.3730522096157074 | [0.79] | -0.061725552905127545
0.38312140107154846 | [0.8] | -0.06322719321819313
0.3933606743812561 | [0.81] | -0.06483807861540522
0.40385565161705017 | [0.82] | -0.06657662059662937
0.4146956503391266 | [0.83] | -0.06846340393657376
0.4259744882583618 | [0.84] | -0.0705215670178503
0.43779122829437256 | [0.85] | 99.92722276417318
Total reward: 94.3653422422778
0.9, 5.0, 0.4
parameter ends

state | action | reward
[-0.42] | [0.02] | -3.450781519840351e-05
-0.4245136082172394 | [0.01] | -2.070844727344184e-05
-0.42593371868133545 | [0.01] | -9.137531880640369e-06
-0.4280615448951721 | [0.] | -1.685455245284775e-06
-0.4308899939060211 | [-0.] | -3.775953805636047e-07
-0.4344077408313751 | [-0.01] | -7.319928896926292e-06
-0.43859928846359253 | [-0.02] | -2.4639939032956654e-05
-0.44344499707221985 | [-0.02] | -5.442435831929556e-05
-0.4489210844039917 | [-0.03] | -9.865478372763725e-05
-0.4549996852874756 | [-0.04] | -0.0001591428831307947
-0.46164900064468384 | [-0.05] | -0.00023746755127769287
-0.4688333570957184 | [-0.06] | -0.00033491461956726084
-0.47651341557502747 | [-0.07] | -0.00045242271884799216
-0.48464635014533997 | [-0.08] | -0.00059053566106252
-0.49318602681159973 | [-0.09] | -0.000749363257184893
-0.5020833015441895 | [-0.1] | -0.0009285530358820713
-0.5112863779067993 | [-0.11] | -0.0011272749618849703
-0.5207410454750061 | [-0.12] | -0.0013442156879151933
-0.5303910374641418 | [-0.13] | -0.0015775868445096755
-0.5401785373687744 | [-0.14] | -0.0018251495186008247
-0.5500443577766418 | [-0.14] | -0.002084243258081622
-0.5599285960197449 | [-0.15] | -0.002351836867684097
-0.5697709321975708 | [-0.16] | -0.0026245815625657214
-0.5795111060142517 | [-0.17] | -0.0028988766736037772
-0.5890892744064331 | [-0.18] | -0.003170938481095584
-0.5984465479850769 | [-0.19] | -0.0034368802166499742
-0.6075252294540405 | [-0.19] | -0.0036927851107275535
-0.6162693500518799 | [-0.2] | -0.003934790539830412
-0.6246249079704285 | [-0.2] | -0.0041591619331859155
-0.632540225982666 | [-0.21] | -0.004362368010219947
-0.6399662494659424 | [-0.21] | -0.004541150497468987
-0.6468567848205566 | [-0.22] | -0.004692587147943463
-0.6531687378883362 | [-0.22] | -0.0048141484588831674
-0.6588623523712158 | [-0.22] | -0.0049037481650526385
-0.6639012694358826 | [-0.22] | -0.004959779349739956
-0.6682527661323547 | [-0.22] | -0.004981149891652437
-0.6718878746032715 | [-0.22] | -0.004967305273299194
-0.6747814416885376 | [-0.22] | -0.004918240545979627
-0.676912248134613 | [-0.22] | -0.004834506155512365
-0.6782631278038025 | [-0.22] | -0.004717205021915484
-0.6788210272789001 | [-0.21] | -0.0045679781112304306
-0.6785769462585449 | [-0.21] | -0.00438897656307703
-0.6775261759757996 | [-0.2] | -0.004182836434571349
-0.6756683588027954 | [-0.2] | -0.0039526369390268596
-0.6730073690414429 | [-0.19] | -0.0037018434626633345
-0.6695515513420105 | [-0.19] | -0.003434255329386943
-0.665313720703125 | [-0.18] | -0.003153936704852102
-0.6603111624717712 | [-0.17] | -0.0028651402061772115
-0.654565691947937 | [-0.16] | -0.002572227111535283
-0.6481035947799683 | [-0.15] | -0.00227957892290072
-0.6409557461738586 | [-0.14] | -0.0019915116468019155
-0.63315749168396 | [-0.13] | -0.0017121821143720962
-0.6247485280036926 | [-0.12] | -0.0014454966810729945
-0.6157728433609009 | [-0.11] | -0.001195025857999236
-0.6062785983085632 | [-0.1] | -0.0009639244246393014
-0.5963178873062134 | [-0.09] | -0.0007548579612750343
-0.5859464406967163 | [-0.08] | -0.0005699418583604303
-0.5752233266830444 | [-0.06] | -0.0004106947530809705
-0.5642107129096985 | [-0.05] | -0.0002780090983117378
-0.5529733300209045 | [-0.04] | -0.00017213528600491405
-0.5415781736373901 | [-0.03] | -9.268735254093407e-05
-0.5300939083099365 | [-0.02] | -3.8664107407612306e-05
-0.5185904502868652 | [-0.01] | -8.489777255037992e-06
-0.5071383714675903 | [0.] | -6.988328349834633e-08
-0.4958084225654602 | [0.01] | -1.0862170077597993e-05
-0.484671026468277 | [0.02] | -3.795898598911235e-05
-0.47379571199417114 | [0.03] | -7.817893795332117e-05
-0.4632505774497986 | [0.04] | -0.0001281650622628886
-0.45310187339782715 | [0.04] | -0.00018448544610224682
-0.44341355562210083 | [0.05] | -0.00024373397708549196
-0.4342467784881592 | [0.06] | -0.0003026293930541772
-0.4256596267223358 | [0.06] | -0.0003581073520926418
-0.4177067279815674 | [0.06] | -0.0004074063619472105
-0.41043898463249207 | [0.07] | -0.00044814425049135805
-0.4039033353328705 | [0.07] | -0.0004783836549496405
-0.3981424868106842 | [0.07] | -0.0004966873771241985
-0.3931947648525238 | [0.07] | -0.0005021599763722406
-0.3890940248966217 | [0.07] | -0.00049447651112091
-0.38586944341659546 | [0.07] | -0.0004738997971622825
-0.3835454285144806 | [0.07] | -0.00044128331095880867
-0.3821415305137634 | [0.06] | -0.00039806071731284535
-0.38167238235473633 | [0.06] | -0.00034622188996495716
-0.38214755058288574 | [0.05] | -0.0002882765856377321
-0.3835715055465698 | [0.05] | -0.00022720354028996746
-0.38594356179237366 | [0.04] | -0.00016638710922162148
-0.3892577290534973 | [0.03] | -0.00010954221420033457
-0.39350277185440063 | [0.02] | -6.062596379566058e-05
-0.3986620008945465 | [0.02] | -2.3740697989943495e-05
-0.40471336245536804 | [0.01] | -3.0262673505588627e-06
-0.411629319190979 | [-0.01] | -2.5464499206036246e-06
-0.419376939535141 | [-0.02] | -2.6170430579922735e-05
-0.42791780829429626 | [-0.03] | -7.745277501725739e-05
-0.4372082054615021 | [-0.04] | -0.00015951548238741134
-0.4471992254257202 | [-0.05] | -0.00027493612152851955
-0.4578368663787842 | [-0.07] | -0.0004256446758801808
-0.4690624177455902 | [-0.08] | -0.0006128363199293163
-0.48081257939338684 | [-0.09] | -0.0008368981757160142
-0.4930199682712555 | [-0.1] | -0.0010973607025375617
-0.5056135058403015 | [-0.12] | -0.0013928704249474243
-0.5185189247131348 | [-0.13] | -0.00172118866375049
-0.5316592454910278 | [-0.14] | -0.0020792144117065545
-0.5449553728103638 | [-0.16] | -0.002463033663871507
-0.5583268404006958 | [-0.17] | -0.002867996490161586
-0.5716923475265503 | [-0.18] | -0.0032888093144409006
-0.5849704742431641 | [-0.19] | -0.003719649729769352
-0.5980801582336426 | [-0.2] | -0.004154286530106579
-0.6109416484832764 | [-0.21] | -0.004586227630061428
-0.6234767436981201 | [-0.22] | -0.005008847037414727
-0.6356096267700195 | [-0.23] | -0.005415535567518013
-0.64726722240448 | [-0.24] | -0.005799832457733869
-0.6583796739578247 | [-0.25] | -0.006155555863046511
-0.6688807606697083 | [-0.25] | -0.006476923289313119
-0.6787081360816956 | [-0.26] | -0.00675865626322807
-0.6878036856651306 | [-0.26] | -0.006996078383419426
-0.696113646030426 | [-0.27] | -0.007185192183316411
-0.7035888433456421 | [-0.27] | -0.007322750344081826
-0.710184633731842 | [-0.27] | -0.007406300053519283
-0.7158612012863159 | [-0.27] | -0.007434234329459254
-0.720583438873291 | [-0.27] | -0.00740581108615776
-0.7243210077285767 | [-0.27] | -0.007321170396906235
-0.7270483374595642 | [-0.27] | -0.0071813370174688
-0.7287447452545166 | [-0.26] | -0.006988217565139729
-0.7293943762779236 | [-0.26] | -0.006744576720495554
-0.7289863228797913 | [-0.25] | -0.006454009454744539
-0.7275145649909973 | [-0.25] | -0.0061208913788528985
-0.7249781489372253 | [-0.24] | -0.005750326113738386
-0.7213813066482544 | [-0.23] | -0.0053480745293497806
-0.7167335152626038 | [-0.22] | -0.004920465811915296
-0.7110496759414673 | [-0.21] | -0.004474298006306089
-0.7043501734733582 | [-0.2] | -0.004016718527716677
-0.696661114692688 | [-0.19] | -0.003555097181261329
-0.6880144476890564 | [-0.18] | -0.003096881729188725
-0.6784480214118958 | [-0.16] | -0.002649441492384509
-0.6680057048797607 | [-0.15] | -0.0022199068744177828
-0.6567373871803284 | [-0.13] | -0.0018150025913068102
-0.6446989178657532 | [-0.12] | -0.0014408839082709
-0.6319521069526672 | [-0.11] | -0.0011029820751503657
-0.6185644268989563 | [-0.09] | -0.0008058589069432411
-0.6046087741851807 | [-0.07] | -0.000553083680100493
-0.5901630520820618 | [-0.06] | -0.00034713495355207197
-0.5753098130226135 | [-0.04] | -0.00018933402079121818
-0.560135543346405 | [-0.03] | -7.980984329416301e-05
-0.5447301864624023 | [-0.01] | -1.7504107333388143e-05
-0.5291863083839417 | [0.] | -2.10787581283584e-07
-0.5135983228683472 | [0.02] | -2.465355624470793e-05
-0.49806177616119385 | [0.03] | -8.659568218836082e-05
-0.48267242312431335 | [0.04] | -0.00018097848161271102
-0.467525452375412 | [0.05] | -0.0003020823252890835
-0.45271459221839905 | [0.07] | -0.0004437046433418843
-0.4383314549922943 | [0.08] | -0.0005993453810454219
-0.42446473240852356 | [0.09] | -0.00076239636820075
-0.4111996293067932 | [0.1] | -0.0009263254511652207
-0.3986172676086426 | [0.1] | -0.0010848519359039268
-0.38679423928260803 | [0.11] | -0.001232108070350988
-0.3758021891117096 | [0.12] | -0.0013627843565406162
-0.36570751667022705 | [0.12] | -0.0014722558520747263
-0.3565712571144104 | [0.12] | -0.0015566860911330775
-0.348448783159256 | [0.13] | -0.0016131163175941465
-0.34138980507850647 | [0.13] | -0.0016395299490119452
-0.3354382812976837 | [0.13] | -0.0016349004632727066
-0.33063238859176636 | [0.13] | -0.0015992202721361879
-0.3270045816898346 | [0.12] | -0.0015335101037519136
-0.32458147406578064 | [0.12] | -0.0014398147294661845
-0.3233838677406311 | [0.11] | -0.0013211774162375457
-0.3234267830848694 | [0.11] | -0.0011815960861638222
-0.3247193396091461 | [0.1] | -0.0010259633978724869
-0.32726460695266724 | [0.09] | -0.0008599868344893445
-0.33105960488319397 | [0.08] | -0.0006900848359732518
-0.33609506487846375 | [0.07] | -0.0005232655659564313
-0.34235531091690063 | [0.06] | -0.0003669815719870176
-0.34981802105903625 | [0.05] | -0.00022896472170671337
-0.35845404863357544 | [0.03] | -0.00011704030008452861
-0.3682273030281067 | [0.02] | -3.892388339643561e-05
-0.37909451127052307 | [0.] | -2.0060407928444848e-06
-0.39100515842437744 | [-0.01] | -1.3128286960137603e-05
-0.40390142798423767 | [-0.03] | -7.835867193344164e-05
-0.41771823167800903 | [-0.05] | -0.00020277452252205977
-0.4323834180831909 | [-0.06] | -0.00039026228054711196
-0.44781792163848877 | [-0.08] | -0.0006433420370846676
-0.4639362096786499 | [-0.1] | -0.0009630280318867363
-0.4806467890739441 | [-0.12] | -0.0013487322578650384
-0.49785280227661133 | [-0.13] | -0.0017982168119647455
-0.5154528617858887 | [-0.15] | -0.0023076013244096444
-0.5333418846130371 | [-0.17] | -0.002871424544541033
-0.551412045955658 | [-0.19] | -0.003482758738808939
-0.5695537328720093 | [-0.2] | -0.004133369421002203
-0.5876568555831909 | [-0.22] | -0.0048139279466502885
-0.6056115627288818 | [-0.23] | -0.005514231881454479
-0.6233096122741699 | [-0.25] | -0.0062234731455109785
-0.6406451463699341 | [-0.26] | -0.006930490916558134
-0.6575156450271606 | [-0.28] | -0.007624034690367693
-0.6738227605819702 | [-0.29] | -0.008293014808890511
-0.6894729137420654 | [-0.3] | -0.008926726334520125
-0.7043778896331787 | [-0.31] | -0.009515056639808818
-0.7184551954269409 | [-0.32] | -0.01004865732254424
-0.73162841796875 | [-0.32] | -0.010519094775399687
-0.743827223777771 | [-0.33] | -0.01091895854733361
-0.7549875378608704 | [-0.34] | -0.011241959683314099
-0.7650514245033264 | [-0.34] | -0.011482995089071656
-0.7739669680595398 | [-0.34] | -0.011638194406801115
-0.7816880941390991 | [-0.34] | -0.011704953083251278
-0.7881744503974915 | [-0.34] | -0.011681956353843073
-0.7933910489082336 | [-0.34] | -0.01156918051699004
-0.7973082065582275 | [-0.34] | -0.01136790358352354
-0.7999013066291809 | [-0.33] | -0.011080695991747911
-0.8011507391929626 | [-0.33] | -0.010711412157467673
-0.801041841506958 | [-0.32] | -0.010265169860941685
-0.799564778804779 | [-0.31] | -0.009748311608563298
-0.796714723110199 | [-0.3] | -0.009168365811465427
-0.792492151260376 | [-0.29] | -0.00853399192454909
-0.7869027853012085 | [-0.28] | -0.007854880009703032
-0.7799580693244934 | [-0.27] | -0.007141651965099767
-0.7716755270957947 | [-0.25] | -0.006405722406156969
-0.762079119682312 | [-0.24] | -0.005659125307992827
-0.7511996626853943 | [-0.22] | -0.004914310392589538
-0.7390753030776978 | [-0.2] | -0.004183907101870116
-0.7257519364356995 | [-0.19] | -0.0034804568588760604
-0.7112835049629211 | [-0.17] | -0.002816117386476454
-0.6957323551177979 | [-0.15] | -0.002202354928335134
-0.6791694164276123 | [-0.13] | -0.0016496268458661267
-0.6616742610931396 | [-0.11] | -0.0011670705535424407
-0.6433349251747131 | [-0.09] | -0.0007622136169545849
-0.6242477297782898 | [-0.07] | -0.0004407232325955169
-0.6045166850090027 | [-0.05] | -0.00020620416571728997
-0.5842527747154236 | [-0.02] | -6.0064488412390324e-05
-0.5635732412338257 | [-0.] | -1.4579386394669683e-06
-0.5426003336906433 | [0.02] | -2.730470358077957e-05
-0.521460235118866 | [0.04] | -0.00013239648520815863
-0.500281572341919 | [0.06] | -0.00030957900449302524
-0.47919419407844543 | [0.07] | -0.0005500014020021745
-0.45832762122154236 | [0.09] | -0.0008434210643304884
-0.43780970573425293 | [0.11] | -0.0011785450409282933
-0.4177652895450592 | [0.12] | -0.0015433913258479774
-0.3983150124549866 | [0.14] | -0.0019256528090837882
-0.3795742392539978 | [0.15] | -0.0023130468150587397
-0.3616522252559662 | [0.16] | -0.002693638426379151
-0.34465140104293823 | [0.17] | -0.0030561280962970593
-0.32866692543029785 | [0.18] | -0.0033900984921444014
-0.3137863278388977 | [0.19] | -0.003686219249652201
-0.30008944869041443 | [0.2] | -0.003936407661271844
-0.287648469209671 | [0.2] | -0.004133952387220421
-0.2765280306339264 | [0.21] | -0.0042736055513189165
-0.2667854428291321 | [0.21] | -0.004351646652424083
-0.2584710717201233 | [0.21] | -0.004365920363825805
-0.2516286075115204 | [0.21] | -0.004315861977826976
-0.24629540741443634 | [0.21] | -0.00420250548631132
-0.24250274896621704 | [0.2] | -0.004028482084816701
-0.24027611315250397 | [0.19] | -0.0037980034697045143
-0.23963530361652374 | [0.19] | -0.0035168360827988483
-0.2405945062637329 | [0.18] | -0.003192258258196171
-0.24316227436065674 | [0.17] | -0.0028329968896778496
-0.2473413646221161 | [0.16] | -0.0024491409147703296
-0.2531284689903259 | [0.14] | -0.0020520239434073987
-0.2605138421058655 | [0.13] | -0.0016540702523398024
-0.2694808840751648 | [0.11] | -0.0012685977720503427
-0.280005544424057 | [0.1] | -0.0009095775174139263
-0.29205575585365295 | [0.08] | -0.0005913416106032143
-0.3055908679962158 | [0.06] | -0.00032824444024511315
-0.320561021566391 | [0.04] | -0.00013428097514651236
-0.3369065523147583 | [0.02] | -2.266972226525612e-05
-0.3545576333999634 | [-0.01] | -5.4128680340297615e-06
-0.3734338879585266 | [-0.03] | -9.285328591785194e-05
-0.39344438910484314 | [-0.05] | -0.00029324894914792147
-0.41448765993118286 | [-0.08] | -0.0006123885308077846
-0.43645212054252625 | [-0.1] | -0.0010532747415875699
-0.4592166841030121 | [-0.13] | -0.0016158960166781516
-0.48265179991722107 | [-0.15] | -0.0022971111456933147
-0.5066205859184265 | [-0.18] | -0.0030906523651643304
-0.5309803485870361 | [-0.2] | -0.003987259342136645
-0.5555843114852905 | [-0.22] | -0.0049749348744927285
-0.5802832841873169 | [-0.25] | -0.006039302402745058
-0.6049278378486633 | [-0.27] | -0.007164064506444762
-0.6293699145317078 | [-0.29] | -0.00833149745128526
-0.6534649133682251 | [-0.31] | -0.009522993101862533
-0.6770732998847961 | [-0.33] | -0.010719584312911914
-0.7000619769096375 | [-0.34] | -0.011902433343175992
-0.7223055958747864 | [-0.36] | -0.013053278042635067
-0.7436875700950623 | [-0.38] | -0.014154805784406166
-0.7641005516052246 | [-0.39] | -0.015190937658036502
-0.7834469079971313 | [-0.4] | -0.016147054790898663
-0.8016386032104492 | [-0.41] | -0.017010124460225387
-0.8185971975326538 | [-0.42] | -0.017768795116974944
-0.8342533111572266 | [-0.43] | -0.018413416209327096
-0.8485460877418518 | [-0.44] | -0.018936029029982343
-0.861422598361969 | [-0.44] | -0.019330341323177597
-0.8728368878364563 | [-0.44] | -0.01959166765574057
-0.8827494382858276 | [-0.44] | -0.019716903097095152
-0.8911261558532715 | [-0.44] | -0.019704463140121392
-0.8979377746582031 | [-0.44] | -0.019554268329923248
-0.9031591415405273 | [-0.44] | -0.019267727326173864
-0.9067687392234802 | [-0.43] | -0.018847748334120985
-0.9087481498718262 | [-0.43] | -0.018298752288543833
-0.909081757068634 | [-0.42] | -0.017626708262945334
-0.9077566862106323 | [-0.41] | -0.016839183632695626
-0.9047627449035645 | [-0.4] | -0.01594538425840874
-0.9000925421714783 | [-0.39] | -0.014956189880296029
-0.8937419652938843 | [-0.37] | -0.01388418815560289
-0.885710597038269 | [-0.36] | -0.01274366353096907
-0.8760023713111877 | [-0.34] | -0.011550554740266509
-0.8646264672279358 | [-0.32] | -0.010322364038211853
-0.8515982031822205 | [-0.3] | -0.009077993398297162
-0.8369401097297668 | [-0.28] | -0.007837511388886227
-0.8206830024719238 | [-0.26] | -0.006621830443419782
-0.8028672337532043 | [-0.23] | -0.005452304578827124
-0.7835437655448914 | [-0.21] | -0.00435023380351521
-0.7627752423286438 | [-0.18] | -0.003336293392298917
-0.7406368851661682 | [-0.16] | -0.002429906070089046
-0.717217206954956 | [-0.13] | -0.001648580209876173
-0.6926182508468628 | [-0.1] | -0.0010072476656047301
-0.666955828666687 | [-0.07] | -0.0005176538135880879
-0.6403589844703674 | [-0.04] | -0.00018782620666042555
-0.6129692792892456 | [-0.01] | -2.1678774500186646e-05
-0.5849393606185913 | [0.01] | -1.878042424040428e-05
-0.5564314126968384 | [0.04] | -0.0001743180429232945
-0.5276150107383728 | [0.07] | -0.0004792591677352413
-0.49866464734077454 | [0.1] | -0.0009207110674636521
-0.46975716948509216 | [0.12] | -0.0014824503596118498
-0.4410691261291504 | [0.15] | -0.0021455813625151214
-0.4127740263938904 | [0.17] | -0.0028892814753577307
-0.38503992557525635 | [0.19] | -0.003691571129627161
-0.3580271303653717 | [0.21] | -0.0045300665863038546
-0.3318864405155182 | [0.23] | -0.005382664453154611
-0.3067575991153717 | [0.25] | -0.006228135682655018
-0.2827684283256531 | [0.27] | -0.007046596369677656
-0.2600342035293579 | [0.28] | -0.007819868374462016
-0.2386576384305954 | [0.29] | -0.008531713448256914
-0.21872906386852264 | [0.3] | -0.009167977242017233
-0.20032712817192078 | [0.31] | -0.009716641107328259
-0.18351957201957703 | [0.32] | -0.010167818866863729
-0.1683642864227295 | [0.32] | -0.010513712621979622
-0.15491046011447906 | [0.33] | -0.010748545554435272
-0.14319971203804016 | [0.33] | -0.010868495825926115
-0.13326728343963623 | [0.33] | -0.010871633166643179
-0.1251431107521057 | [0.33] | -0.010757877556205678
-0.11885283142328262 | [0.32] | -0.010528976784856696
-0.11441858857870102 | [0.32] | -0.010188512934110303
-0.11185970902442932 | [0.31] | -0.009741930181968401
-0.1111932024359703 | [0.3] | -0.009196581878673072
-0.11243399232625961 | [0.29] | -0.00856179441945508
-0.1155950054526329 | [0.28] | -0.007848930787267179
-0.12068695574998856 | [0.27] | -0.007071450759664613
-0.12771794199943542 | [0.25] | -0.0062449466038880545
-0.1366928070783615 | [0.23] | -0.00538714072152296
-0.14761224389076233 | [0.21] | -0.004517826814784538
-0.16047170758247375 | [0.19] | -0.003658734111637729
-0.17526009678840637 | [0.17] | -0.0028332954684467883
-0.19195833802223206 | [0.14] | -0.0020663001131856966
-0.21053774654865265 | [0.12] | -0.0013834225743958818
-0.23095841705799103 | [0.09] | -0.000810613413910899
-0.2531675696372986 | [0.06] | -0.000373362961519976
-0.27709800004959106 | [0.03] | -9.584963377074609e-05
-0.3026668131351471 | [-0.] | -5.96095561479547e-09
-0.32977429032325745 | [-0.03] | -0.00010455035440266937
-0.35830339789390564 | [-0.07] | -0.0004240438817082817
-0.38811972737312317 | [-0.1] | -0.000968046893425906
-0.4190719723701477 | [-0.13] | -0.0017404484251084555
-0.45099326968193054 | [-0.17] | -0.0027390416750923295
-0.483703076839447 | [-0.2] | -0.00395539723374192
-0.5170097351074219 | [-0.23] | -0.005375067705232638
-0.5507135391235352 | [-0.26] | -0.006978116206273394
-0.5846104621887207 | [-0.3] | -0.00873994584337417
-0.618495762348175 | [-0.33] | -0.010632349432637286
-0.6521680355072021 | [-0.36] | -0.012624709506671114
-0.6854327321052551 | [-0.38] | -0.0146852244482932
-0.7181056141853333 | [-0.41] | -0.016782098258947744
-0.7500156164169312 | [-0.43] | -0.018884584645656222
-0.781006932258606 | [-0.46] | -0.020963830915754603
-0.810940682888031 | [-0.48] | -0.022993509508496966
-0.8396958112716675 | [-0.5] | -0.024950217601781257
-0.8671691417694092 | [-0.52] | -0.02681364504392967
-0.8932750225067139 | [-0.53] | -0.028566573155825444
-0.9179444909095764 | [-0.55] | -0.03019473236633065
-0.9411237835884094 | [-0.56] | -0.031686535243832886
-0.9627729654312134 | [-0.57] | -0.03303279030100985
-0.9828640222549438 | [-0.59] | -0.03422634880388752
-1.0013790130615234 | [-0.59] | -0.03526176969592584
-1.0183082818984985 | [-0.6] | -0.036135015629811064
-1.0336487293243408 | [-0.61] | -0.0368431795507183
-1.0474016666412354 | [-0.61] | -0.037384198730759176
-1.0595717430114746 | [-0.61] | -0.03775671869138772
-1.0701652765274048 | [-0.62] | -0.037959922057935025
-1.0791888236999512 | [-0.62] | -0.0379934124509651
-1.0866484642028809 | [-0.62] | -0.037857203355256906
-1.0925486087799072 | [-0.61] | -0.037551681231511806
-1.0968910455703735 | [-0.61] | -0.037077617056716916
-1.0996745824813843 | [-0.6] | -0.03643626750790201
-1.1008944511413574 | [-0.6] | -0.03562947007919354
-1.1005420684814453 | [-0.59] | -0.03465979973940702
-1.098604679107666 | [-0.58] | -0.0335307308629917
-1.0950655937194824 | [-0.57] | -0.03224688042518517
-1.0899039506912231 | [-0.56] | -0.030814215099302156
-1.0830955505371094 | [-0.54] | -0.029240376313577905
-1.0746127367019653 | [-0.52] | -0.027534910282198885
-1.0644254684448242 | [-0.51] | -0.025709606933041914
-1.0525020360946655 | [-0.49] | -0.023778776284326467
-1.0388103723526 | [-0.47] | -0.021759539161052496
-1.0233192443847656 | [-0.44] | -0.019672035952006315
-1.0059998035430908 | [-0.42] | -0.01753957350753499
-0.9868276715278625 | [-0.39] | -0.01538868844840089
-0.9657848477363586 | [-0.36] | -0.0132490340136176
-0.9428622126579285 | [-0.33] | -0.01115311313679309
-0.9180619716644287 | [-0.3] | -0.009135785295171258
-0.8914003968238831 | [-0.27] | -0.007233542805966709
-0.8629103899002075 | [-0.23] | -0.005483524688385841
-0.8326440453529358 | [-0.2] | -0.003922301474563886
-0.8006750345230103 | [-0.16] | -0.0025844567996932684
-0.7671002745628357 | [-0.12] | -0.001501026616812845
-0.7320411801338196 | [-0.08] | -0.0006979184806949251
-0.695643961429596 | [-0.04] | -0.00019442408227814006
-0.6580790877342224 | [-0.] | -1.9774289136958245e-06
-0.6195394396781921 | [0.04] | -0.0001232910063434723
-0.5802374482154846 | [0.07] | -0.0005519936114237385
-0.5404012799263 | [0.11] | -0.001272830335595454
-0.500269889831543 | [0.15] | -0.00226243751179927
-0.46008771657943726 | [0.19] | -0.0034906180751299643
-0.42009875178337097 | [0.22] | -0.004922007791534837
-0.3805408179759979 | [0.26] | -0.006517954948303897
-0.3416402339935303 | [0.29] | -0.008238429978428078
-0.3036070466041565 | [0.32] | -0.010043805330929795
-0.26663121581077576 | [0.34] | -0.011896363912904214
-0.2308799773454666 | [0.37] | -0.013761444711572403
-0.19649620354175568 | [0.4] | -0.015608212574930117
-0.16359788179397583 | [0.42] | -0.017410049588360194
-0.13227857649326324 | [0.44] | -0.019144633380051446
-0.10260867327451706 | [0.46] | -0.020793755965668362
-0.07463725656270981 | [0.47] | -0.022342975855711572
-0.048394400626420975 | [0.49] | -0.023781160243894237
-0.023893756791949272 | [0.5] | -0.025099983573707352
-0.0011351946741342545 | [0.51] | -0.02629342372813087
0.019892537966370583 | [0.52] | -0.027357287871096366
0.039209283888339996 | [0.53] | -0.028288791491857087
0.05684111267328262 | [0.54] | -0.029086190461432973
0.07281817495822906 | [0.55] | -0.029748479689163124
0.08717278391122818 | [0.55] | -0.03027514677976494
0.09993774443864822 | [0.55] | -0.030665983807010223
0.11114487797021866 | [0.56] | -0.03092094503142262
0.12082380056381226 | [0.56] | -0.03104005546079673
0.12900087237358093 | [0.56] | -0.031023353887745953
0.13569830358028412 | [0.56] | -0.030870874817158264
0.14093346893787384 | [0.55] | -0.03058266705647711
0.14471830427646637 | [0.55] | -0.030158840853103476
0.14705882966518402 | [0.54] | -0.0295996479878483
0.1479548215866089 | [0.54] | -0.028905598551104052
0.14739951491355896 | [0.53] | -0.02807760502169402
0.14537949860095978 | [0.52] | -0.027117170837459372
0.14187462627887726 | [0.51] | -0.026026608577370824
0.1368580460548401 | [0.5] | -0.02480929863107295
0.13029636442661285 | [0.48] | -0.023469988848020762
0.12214995175600052 | [0.47] | -0.022015134190352833
0.11237332969903946 | [0.45] | -0.020453266487336193
0.1009158045053482 | [0.43] | -0.01879539939931644
0.0877222865819931 | [0.41] | -0.017055451143655954
0.07273431122303009 | [0.39] | -0.01525066612970768
0.05589139834046364 | [0.37] | -0.013402019976675832
0.03713267669081688 | [0.34] | -0.011534569087706566
0.016398891806602478 | [0.31] | -0.009677703675751229
-0.006365233100950718 | [0.28] | -0.007865257326361893
-0.031208226457238197 | [0.25] | -0.00613541133070075
-0.05816872417926788 | [0.21] | -0.004530327085813648
-0.08727198839187622 | [0.18] | -0.0030954496074887573
-0.1185261458158493 | [0.14] | -0.001878425987141413
-0.15191833674907684 | [0.1] | -0.0009276109384447321
-0.1874108761548996 | [0.05] | -0.0002901709111025344
-0.2249377816915512 | [0.01] | -9.843554303717862e-06
-0.2644018530845642 | [-0.04] | -0.00012448252129133874
-0.3056727647781372 | [-0.08] | -0.0006635742254099019
-0.3485863506793976 | [-0.13] | -0.0016459762997413085
-0.3929454982280731 | [-0.18] | -0.0030781520072848626
-0.4385228157043457 | [-0.22] | -0.004953164746447102
-0.48506513237953186 | [-0.27] | -0.007250641187053347
-0.5322996973991394 | [-0.32] | -0.009937787881261647
-0.5799418687820435 | [-0.36] | -0.01297142133346321
-0.6277037262916565 | [-0.4] | -0.016300812033167578
-0.675303041934967 | [-0.45] | -0.01987102830496838
-0.7224721312522888 | [-0.49] | -0.02362642545926441
-0.7689656615257263 | [-0.52] | -0.027513885730249363
-0.814567506313324 | [-0.56] | -0.03148555897220317
-0.8590955138206482 | [-0.6] | -0.03550086888352
-0.9024048447608948 | [-0.63] | -0.039527770431396436
-0.9443894624710083 | [-0.66] | -0.043543302678482824
-0.9849818348884583 | [-0.69] | -0.04753351160671633
-1.0241518020629883 | [-0.72] | -0.051493027085218517
-1.0619040727615356 | [-0.74] | -0.055424335895492484
-1.0982755422592163 | [-0.77] | -0.0593370223844869
-1.1333317756652832 | [-0.8] | -0.06324697270649125
-1.1671638488769531 | [-0.82] | -0.06717574835997722
-1.199885606765747 | [-0.84] | -0.07115017175020215
-1.2000000476837158 | [-0.68] | -0.046240005836487
-1.1987781524658203 | [-0.67] | -0.045264753890356675
-1.1963194608688354 | [-0.66] | -0.04414197674491174
-1.1926034688949585 | [-0.65] | -0.04287145576211628
-1.1876037120819092 | [-0.64] | -0.04145356964046465
-1.181288242340088 | [-0.63] | -0.03988958015655415
-1.1736197471618652 | [-0.62] | -0.0381818982816071
-1.1645557880401611 | [-0.6] | -0.036334387899570934
-1.154049277305603 | [-0.59] | -0.03435271300918246
-1.1420493125915527 | [-0.57] | -0.032244736245312364
-1.1285016536712646 | [-0.55] | -0.030020876067387514
-1.1133497953414917 | [-0.53] | -0.02769451315664706
-1.09653639793396 | [-0.5] | -0.02528239057146698
-1.0780045986175537 | [-0.48] | -0.022804938060370664
-1.0576997995376587 | [-0.45] | -0.020286536451193563
-1.035571813583374 | [-0.42] | -0.017755674974990452
-1.0115774869918823 | [-0.39] | -0.015244952659804568
-0.985683023929596 | [-0.36] | -0.012790815734665218
-0.9578675031661987 | [-0.32] | -0.010433100420296106
-0.9281257390975952 | [-0.29] | -0.008214198108445703
-0.8964716792106628 | [-0.25] | -0.006177917771209724
-0.8629416823387146 | [-0.21] | -0.0043679998582619095
-0.8275974988937378 | [-0.17] | -0.0028263287916093175
-0.7905286550521851 | [-0.13] | -0.0015909210626392709
-0.7518543004989624 | [-0.08] | -0.0006938384761009507
-0.7117236256599426 | [-0.04] | -0.0001591844511210694
-0.6703155636787415 | [0.] | -1.4108969599678004e-06
-0.6278367042541504 | [0.05] | -0.00022411969738924927
-0.5845177173614502 | [0.09] | -0.0008195491075132296
-0.5406085848808289 | [0.13] | -0.0017688441073898987
-0.49637243151664734 | [0.17] | -0.0030431233848411
-0.45207858085632324 | [0.21] | -0.004605249732836692
-0.4079951345920563 | [0.25] | -0.006412116499996988
-0.3643816113471985 | [0.29] | -0.008417202089608139
-0.3214821517467499 | [0.33] | -0.010573123584312588
-0.27951961755752563 | [0.36] | -0.012833949087577423
-0.238691046833992 | [0.39] | -0.015157074309888744
-0.199164479970932 | [0.42] | -0.017504585841635233
-0.16107720136642456 | [0.45] | -0.019844076950217428
-0.1245354637503624 | [0.47] | -0.022148953977198918
-0.08961533010005951 | [0.49] | -0.024398349312924235
-0.056364476680755615 | [0.52] | -0.026576730215287555
-0.024804677814245224 | [0.54] | -0.028673324462084378
0.00506525207310915 | [0.55] | -0.030681448417947583
0.033266332000494 | [0.57] | -0.03259783107469976
0.05983626842498779 | [0.59] | -0.03442196275689798
0.08482643216848373 | [0.6] | -0.03615552052119549
0.10829905420541763 | [0.61] | -0.03780186952174511
0.13032470643520355 | [0.63] | -0.03936565267276767
0.150980144739151 | [0.64] | -0.0408524674340438
0.1703464239835739 | [0.65] | -0.04226861032099749
0.1885073184967041 | [0.66] | -0.04362088107363415
0.20554813742637634 | [0.67] | -0.04491645420888135
0.2215546816587448 | [0.68] | -0.04616277917948646
0.23661257326602936 | [0.69] | -0.04736753373239094
0.25080665946006775 | [0.7] | -0.04853858624697059
0.2642206847667694 | [0.7] | -0.04968399839973346
0.2769371271133423 | [0.71] | -0.050812045957775435
0.28903713822364807 | [0.72] | -0.05193125386032578
0.30060049891471863 | [0.73] | -0.053050436863844364
0.31170591711997986 | [0.74] | -0.05417878466115066
0.32243111729621887 | [0.74] | -0.05532592623333006
0.33285319805145264 | [0.75] | -0.0565020337671959
0.343049019575119 | [0.76] | -0.057717942141574156
0.35309556126594543 | [0.77] | -0.058985270866613086
0.36307039856910706 | [0.78] | -0.0603165818793776
0.3730522096157074 | [0.79] | -0.061725552905127545
0.38312140107154846 | [0.8] | -0.06322719321819313
0.3933606743812561 | [0.81] | -0.06483807861540522
0.40385565161705017 | [0.82] | -0.06657662059662937
0.4146956503391266 | [0.83] | -0.06846340393657376
0.4259744882583618 | [0.84] | -0.0705215670178503
0.43779122829437256 | [0.85] | 99.92722276417318
Total reward: 93.37877775300595
