3.1, 5.8, -3.2, 2.0, -4.3, 2.8, -3.7, 4.8, -2.5, -2.0
parameter ends

state | action | reward
[0.05] | 1 | 1.0
0.04722244292497635 | 0 | 1.0
0.05022462084889412 | 1 | 1.0
0.04932672530412674 | 0 | 1.0
0.05233525112271309 | 1 | 1.0
0.05144541710615158 | 0 | 1.0
0.05446368083357811 | 1 | 1.0
0.053585417568683624 | 0 | 1.0
0.05661700293421745 | 0 | 1.0
0.05575405806303024 | 1 | 1.0
0.05099860206246376 | 0 | 1.0
0.05015506222844124 | 1 | 1.0
0.045417796820402145 | 0 | 1.0
0.044591497629880905 | 1 | 1.0
0.03987051919102669 | 0 | 1.0
0.03905976563692093 | 1 | 1.0
0.034353598952293396 | 0 | 1.0
0.03355709835886955 | 1 | 1.0
0.028864657506346703 | 0 | 1.0
0.028081495314836502 | 1 | 1.0
0.023402055725455284 | 0 | 1.0
0.02263166382908821 | 1 | 1.0
0.01796482689678669 | 0 | 1.0
0.017206966876983643 | 1 | 1.0
0.012552660889923573 | 0 | 1.0
0.011807410046458244 | 1 | 1.0
0.0071658785454928875 | 0 | 1.0
0.006433631293475628 | 0 | 1.0
0.0018054338870570064 | 1 | 1.0
-0.0067175910808146 | 0 | 1.0
-0.011331559158861637 | 1 | 1.0
-0.019843246787786484 | 0 | 1.0
-0.024448435753583908 | 1 | 1.0
-0.03295402601361275 | 0 | 1.0
-0.03755560144782066 | 1 | 1.0
-0.04606011509895325 | 0 | 1.0
-0.050663094967603683 | 1 | 1.0
-0.05917147174477577 | 0 | 1.0
-0.06378082931041718 | 1 | 1.0
-0.07229804992675781 | 1 | 1.0
-0.07691887021064758 | 0 | 1.0
-0.07764562219381332 | 1 | 1.0
-0.08228320628404617 | 0 | 1.0
-0.08302611857652664 | 1 | 1.0
-0.0876794308423996 | 0 | 1.0
-0.08843769878149033 | 1 | 1.0
-0.09310612082481384 | 0 | 1.0
-0.0938793271780014 | 1 | 1.0
-0.09856262058019638 | 0 | 1.0
-0.09935072064399719 | 1 | 1.0
-0.10404903441667557 | 0 | 1.0
-0.10485237091779709 | 1 | 1.0
-0.10956621170043945 | 0 | 1.0
-0.11038549989461899 | 1 | 1.0
-0.11511576920747757 | 0 | 1.0
-0.11595211923122406 | 1 | 1.0
-0.12070011347532272 | 0 | 1.0
-0.12155504524707794 | 1 | 1.0
-0.12632247805595398 | 0 | 1.0
-0.1271979659795761 | 1 | 1.0
-0.13198703527450562 | 1 | 1.0
-0.13288551568984985 | 0 | 1.0
-0.12989521026611328 | 1 | 1.0
-0.13081970810890198 | 0 | 1.0
-0.12785367667675018 | 1 | 1.0
-0.1288011521100998 | 0 | 1.0
-0.1258566975593567 | 1 | 1.0
-0.12682470679283142 | 0 | 1.0
-0.12389969825744629 | 1 | 1.0
-0.12488634139299393 | 0 | 1.0
-0.12197916954755783 | 1 | 1.0
-0.12298305332660675 | 0 | 1.0
-0.12009254842996597 | 1 | 1.0
-0.12111271917819977 | 0 | 1.0
-0.118238165974617 | 1 | 1.0
-0.1192740872502327 | 0 | 1.0
-0.11641516536474228 | 1 | 1.0
-0.11746671050786972 | 1 | 1.0
-0.11462350189685822 | 0 | 1.0
-0.10788656026124954 | 1 | 1.0
-0.10505954921245575 | 0 | 1.0
-0.09833569079637527 | 1 | 1.0
-0.0955190658569336 | 0 | 1.0
-0.08880273252725601 | 1 | 1.0
-0.08599100261926651 | 0 | 1.0
-0.07927688211202621 | 1 | 1.0
-0.07646476477384567 | 0 | 1.0
-0.06974764913320541 | 1 | 1.0
-0.0669299066066742 | 0 | 1.0
-0.06020459532737732 | 1 | 1.0
-0.05737592279911041 | 0 | 1.0
-0.05063707381486893 | 0 | 1.0
-0.04779196158051491 | 1 | 1.0
-0.048838041722774506 | 0 | 1.0
-0.04597063735127449 | 1 | 1.0
-0.046994686126708984 | 0 | 1.0
-0.04410533234477043 | 1 | 1.0
-0.0451073944568634 | 0 | 1.0
-0.0421958863735199 | 1 | 1.0
-0.043175455182790756 | 0 | 1.0
-0.040241025388240814 | 1 | 1.0
-0.0411970391869545 | 0 | 1.0
-0.03823837265372276 | 1 | 1.0
-0.03916918858885765 | 0 | 1.0
-0.03618437796831131 | 0 | 1.0
-0.03708775341510773 | 1 | 1.0
-0.04187753424048424 | 0 | 1.0
-0.04275055229663849 | 1 | 1.0
-0.0475117452442646 | 0 | 1.0
-0.04835742712020874 | 1 | 1.0
-0.05309264361858368 | 0 | 1.0
-0.05391329899430275 | 1 | 1.0
-0.058624476194381714 | 0 | 1.0
-0.05942176282405853 | 1 | 1.0
-0.06411021202802658 | 0 | 1.0
-0.06488518416881561 | 1 | 1.0
-0.06955164670944214 | 0 | 1.0
-0.07030477374792099 | 0 | 1.0
-0.07494942098855972 | 1 | 1.0
-0.08348459005355835 | 0 | 1.0
-0.08810704201459885 | 1 | 1.0
-0.09662317484617233 | 0 | 1.0
-0.10122918337583542 | 1 | 1.0
-0.10973170399665833 | 0 | 1.0
-0.11432654410600662 | 1 | 1.0
-0.12282048165798187 | 0 | 1.0
-0.12740908563137054 | 1 | 1.0
-0.13589921593666077 | 0 | 1.0
-0.14048631489276886 | 1 | 1.0
-0.14897723495960236 | 0 | 1.0
-0.15356743335723877 | 1 | 1.0
-0.16206374764442444 | 0 | 1.0
-0.16666169464588165 | 1 | 1.0
-0.17516805231571198 | 0 | 1.0
-0.17977851629257202 | 1 | 1.0
-0.1882997453212738 | 0 | 1.0
-0.192927747964859 | 1 | 1.0
-0.20146897435188293 | 1 | 1.0
-0.20611992478370667 | 0 | 1.0
-0.20688320696353912 | 1 | 1.0
-0.21156296133995056 | 0 | 1.0
-0.2123548984527588 | 1 | 1.0
-0.21706335246562958 | 0 | 1.0
-0.21788421273231506 | 1 | 1.0
-0.22262194752693176 | 0 | 1.0
-0.2234726995229721 | 1 | 1.0
-0.22824102640151978 | 0 | 1.0
-0.22912339866161346 | 1 | 1.0
-0.23392435908317566 | 1 | 1.0
-0.23484082520008087 | 0 | 1.0
-0.23187477886676788 | 1 | 1.0
-0.23282867670059204 | 0 | 1.0
-0.22989854216575623 | 1 | 1.0
-0.23088739812374115 | 0 | 1.0
-0.2279912382364273 | 1 | 1.0
-0.22901351749897003 | 0 | 1.0
-0.2261502891778946 | 1 | 1.0
-0.227205291390419 | 1 | 1.0
-0.22437474131584167 | 0 | 1.0
-0.21765972673892975 | 1 | 1.0
-0.21486246585845947 | 0 | 1.0
-0.20817771553993225 | 1 | 1.0
-0.20540851354599 | 0 | 1.0
-0.19874925911426544 | 1 | 1.0
-0.19600360095500946 | 0 | 1.0
-0.18936575949192047 | 1 | 1.0
-0.18663981556892395 | 0 | 1.0
-0.18001984059810638 | 1 | 1.0
-0.1773102879524231 | 0 | 1.0
-0.1707051545381546 | 1 | 1.0
-0.16800913214683533 | 0 | 1.0
-0.1614161878824234 | 1 | 1.0
-0.15873122215270996 | 0 | 1.0
-0.15214815735816956 | 1 | 1.0
-0.14947205781936646 | 1 | 1.0
-0.1428968459367752 | 0 | 1.0
-0.13242289423942566 | 1 | 1.0
-0.1258537322282791 | 0 | 1.0
-0.11538160592317581 | 0 | 1.0
-0.1088101714849472 | 1 | 1.0
-0.10613644123077393 | 0 | 1.0
-0.09955446422100067 | 1 | 1.0
-0.09686931222677231 | 0 | 1.0
-0.09027504920959473 | 1 | 1.0
-0.08757658302783966 | 0 | 1.0
-0.0809679850935936 | 1 | 1.0
-0.07825399935245514 | 0 | 1.0
-0.07162871211767197 | 1 | 1.0
-0.06889662891626358 | 0 | 1.0
-0.06225190684199333 | 1 | 1.0
-0.05949874222278595 | 0 | 1.0
-0.052831392735242844 | 1 | 1.0
-0.050053671002388 | 0 | 1.0
-0.04335999861359596 | 1 | 1.0
-0.040553681552410126 | 0 | 1.0
-0.03382939100265503 | 0 | 1.0
-0.030989790335297585 | 1 | 1.0
-0.03203224390745163 | 0 | 1.0
-0.029153887182474136 | 1 | 1.0
-0.03015788272023201 | 0 | 1.0
-0.0272410549223423 | 1 | 1.0
-0.02820633165538311 | 0 | 1.0
-0.02525036595761776 | 0 | 1.0
-0.026175713166594505 | 1 | 1.0
-0.030980722978711128 | 0 | 1.0
-0.031863920390605927 | 1 | 1.0
-0.036628879606723785 | 0 | 1.0
-0.03747333213686943 | 1 | 1.0
-0.042201049625873566 | 0 | 1.0
-0.04300916567444801 | 1 | 1.0
-0.04770151153206825 | 0 | 1.0
-0.04847477376461029 | 0 | 1.0
-0.053132716566324234 | 1 | 1.0
-0.061674442142248154 | 0 | 1.0
-0.06629806756973267 | 1 | 1.0
-0.07480888068675995 | 0 | 1.0
-0.0794040858745575 | 1 | 1.0
-0.08788938075304031 | 0 | 1.0
-0.09246130287647247 | 1 | 1.0
-0.10092581063508987 | 0 | 1.0
-0.105478934943676 | 1 | 1.0
-0.11392683535814285 | 0 | 1.0
-0.11846514791250229 | 1 | 1.0
-0.12690013647079468 | 0 | 1.0
-0.13142719864845276 | 1 | 1.0
-0.1398526430130005 | 0 | 1.0
-0.14437167346477509 | 1 | 1.0
-0.15279065072536469 | 0 | 1.0
-0.15730464458465576 | 1 | 1.0
-0.16572004556655884 | 0 | 1.0
-0.17023181915283203 | 1 | 1.0
-0.17864638566970825 | 0 | 1.0
-0.18315869569778442 | 1 | 1.0
-0.19157512485980988 | 0 | 1.0
-0.1960906684398651 | 1 | 1.0
-0.20451168715953827 | 0 | 1.0
-0.20903322100639343 | 1 | 1.0
-0.21746161580085754 | 0 | 1.0
-0.22199201583862305 | 1 | 1.0
-0.2304307371377945 | 0 | 1.0
-0.23497307300567627 | 1 | 1.0
-0.24342526495456696 | 0 | 1.0
-0.24798284471035004 | 1 | 1.0
-0.25645196437835693 | 0 | 1.0
-0.2610284686088562 | 1 | 1.0
-0.26951834559440613 | 0 | 1.0
-0.2741178274154663 | 1 | 1.0
-0.2826327085494995 | 0 | 1.0
-0.2872597575187683 | 1 | 1.0
-0.29580453038215637 | 1 | 1.0
-0.30046436190605164 | 0 | 1.0
-0.30124208331108093 | 1 | 1.0
-0.3059406876564026 | 0 | 1.0
-0.3067571520805359 | 1 | 1.0
-0.31149470806121826 | 0 | 1.0
-0.31235066056251526 | 1 | 1.0
-0.31712836027145386 | 0 | 1.0
-0.31802552938461304 | 1 | 1.0
-0.3228454887866974 | 1 | 1.0
-0.32378658652305603 | 0 | 1.0
-0.32085099816322327 | 1 | 1.0
-0.3218398094177246 | 0 | 1.0
-0.3189508020877838 | 1 | 1.0
-0.31998562812805176 | 0 | 1.0
-0.317142128944397 | 1 | 1.0
-0.31822243332862854 | 1 | 1.0
-0.3154245913028717 | 0 | 1.0
-0.3087499737739563 | 1 | 1.0
-0.3059990704059601 | 0 | 1.0
-0.2993687391281128 | 1 | 1.0
-0.29666051268577576 | 0 | 1.0
-0.2900709807872772 | 1 | 1.0
-0.28740233182907104 | 1 | 1.0
-0.28085100650787354 | 0 | 1.0
-0.2704174816608429 | 1 | 1.0
-0.263902872800827 | 0 | 1.0
-0.25350186228752136 | 1 | 1.0
-0.24701672792434692 | 0 | 1.0
-0.236641526222229 | 1 | 1.0
-0.23017936944961548 | 0 | 1.0
-0.2198239415884018 | 1 | 1.0
-0.21337895095348358 | 0 | 1.0
-0.2030377984046936 | 1 | 1.0
-0.1966046243906021 | 0 | 1.0
-0.18627266585826874 | 1 | 1.0
-0.17984631657600403 | 0 | 1.0
-0.16951873898506165 | 1 | 1.0
-0.16309446096420288 | 0 | 1.0
-0.1527666300535202 | 1 | 1.0
-0.1463398039340973 | 0 | 1.0
-0.13600711524486542 | 1 | 1.0
-0.1295730620622635 | 0 | 1.0
-0.11923088133335114 | 1 | 1.0
-0.11278485506772995 | 0 | 1.0
-0.10242834687232971 | 1 | 1.0
-0.09596534818410873 | 0 | 1.0
-0.08558940887451172 | 1 | 1.0
-0.07910408824682236 | 0 | 1.0
-0.06870321184396744 | 1 | 1.0
-0.0621897354722023 | 0 | 1.0
-0.05175790190696716 | 0 | 1.0
-0.045209843665361404 | 1 | 1.0
-0.04254235699772835 | 0 | 1.0
-0.035952504724264145 | 1 | 1.0
-0.03324250131845474 | 0 | 1.0
-0.026609355583786964 | 1 | 1.0
-0.023854734376072884 | 0 | 1.0
-0.01717575453221798 | 0 | 1.0
-0.014373348094522953 | 1 | 1.0
-0.015445098280906677 | 0 | 1.0
-0.01259056106209755 | 1 | 1.0
-0.013610982336103916 | 0 | 1.0
-0.010705356486141682 | 1 | 1.0
-0.011674740351736546 | 0 | 1.0
-0.008717810735106468 | 0 | 1.0
-0.009635201655328274 | 1 | 1.0
-0.014425180852413177 | 0 | 1.0
-0.015288307331502438 | 1 | 1.0
-0.02002602256834507 | 0 | 1.0
-0.020837917923927307 | 1 | 1.0
-0.025525616481900215 | 0 | 1.0
-0.02628803253173828 | 0 | 1.0
-0.03092672862112522 | 1 | 1.0
-0.03944068029522896 | 0 | 1.0
-0.04403012618422508 | 1 | 1.0
-0.05249802768230438 | 0 | 1.0
-0.057043399661779404 | 1 | 1.0
-0.06546971201896667 | 0 | 1.0
-0.06997505575418472 | 0 | 1.0
-0.07836319506168365 | 1 | 1.0
-0.09063398092985153 | 0 | 1.0
-0.09898636490106583 | 1 | 1.0
-0.11122608184814453 | 0 | 1.0
-0.11955087631940842 | 1 | 1.0
-0.1317671537399292 | 0 | 1.0
-0.1400718092918396 | 1 | 1.0
-0.15227164328098297 | 0 | 1.0
-0.16056299209594727 | 1 | 1.0
-0.17275294661521912 | 0 | 1.0
-0.18103745579719543 | 1 | 1.0
-0.1932237446308136 | 0 | 1.0
-0.20150761306285858 | 1 | 1.0
-0.21369630098342896 | 0 | 1.0
-0.22198565304279327 | 1 | 1.0
-0.23418280482292175 | 0 | 1.0
-0.24248377978801727 | 1 | 1.0
-0.2546955645084381 | 0 | 1.0
-0.263014554977417 | 1 | 1.0
-0.2752474248409271 | 0 | 1.0
-0.2835911512374878 | 1 | 1.0
-0.2958519458770752 | 0 | 1.0
-0.3042276203632355 | 1 | 1.0
-0.3165237605571747 | 1 | 1.0
-0.32493922114372253 | 0 | 1.0
-0.32947784662246704 | 1 | 1.0
-0.33794188499450684 | 0 | 1.0
-0.3425308167934418 | 1 | 1.0
-0.351046621799469 | 1 | 1.0
-0.3556897044181824 | 0 | 1.0
-0.35646289587020874 | 1 | 1.0
-0.3611654043197632 | 0 | 1.0
-0.3619978129863739 | 1 | 1.0
-0.3667597770690918 | 0 | 1.0
-0.3676522672176361 | 1 | 1.0
-0.37247511744499207 | 1 | 1.0
-0.3734300434589386 | 0 | 1.0
-0.3705194592475891 | 1 | 1.0
-0.37154069542884827 | 1 | 1.0
-0.368695467710495 | 0 | 1.0
-0.3619846999645233 | 1 | 1.0
-0.3592047691345215 | 0 | 1.0
-0.3525559604167938 | 1 | 1.0
-0.3498362898826599 | 0 | 1.0
-0.34324532747268677 | 1 | 1.0
-0.34058234095573425 | 1 | 1.0
-0.33404654264450073 | 0 | 1.0
-0.3236384689807892 | 1 | 1.0
-0.317156583070755 | 0 | 1.0
-0.3067983388900757 | 1 | 1.0
-0.30036377906799316 | 1 | 1.0
-0.29004955291748047 | 0 | 1.0
-0.2758551239967346 | 1 | 1.0
-0.26558032631874084 | 0 | 1.0
-0.251419335603714 | 1 | 1.0
-0.241173654794693 | 0 | 1.0
-0.2270364761352539 | 1 | 1.0
-0.21681039035320282 | 0 | 1.0
-0.20268799364566803 | 1 | 1.0
-0.19247254729270935 | 0 | 1.0
-0.17835633456707 | 1 | 1.0
-0.1681429147720337 | 0 | 1.0
-0.15402449667453766 | 1 | 1.0
-0.14380468428134918 | 0 | 1.0
-0.1296757608652115 | 1 | 1.0
-0.11944104731082916 | 0 | 1.0
-0.10529317706823349 | 1 | 1.0
-0.09503484517335892 | 0 | 1.0
-0.08085925877094269 | 0 | 1.0
-0.07056815922260284 | 1 | 1.0
-0.06415752321481705 | 0 | 1.0
-0.05382382497191429 | 1 | 1.0
-0.0473683699965477 | 0 | 1.0
-0.03698798641562462 | 1 | 1.0
-0.030482986941933632 | 0 | 1.0
-0.020050792023539543 | 0 | 1.0
-0.013490407727658749 | 1 | 1.0
-0.01079834159463644 | 0 | 1.0
-0.004175432492047548 | 1 | 1.0
-0.0014198444550856948 | 0 | 1.0
0.005267559550702572 | 0 | 1.0
0.008089570328593254 | 1 | 1.0
0.007048850879073143 | 0 | 1.0
0.009941822849214077 | 1 | 1.0
0.008971585892140865 | 0 | 1.0
0.011935156770050526 | 0 | 1.0
0.0110360998660326 | 1 | 1.0
0.006276325788348913 | 0 | 1.0
0.005450934171676636 | 0 | 1.0
0.0007630914333276451 | 1 | 1.0
-0.007786675821989775 | 0 | 1.0
-0.012403687462210655 | 1 | 1.0
-0.0208866186439991 | 0 | 1.0
-0.025438770651817322 | 0 | 1.0
-0.033859774470329285 | 1 | 1.0
-0.04614989832043648 | 0 | 1.0
-0.05451230704784393 | 1 | 1.0
-0.06674917042255402 | 0 | 1.0
-0.07506151497364044 | 1 | 1.0
-0.08725275844335556 | 0 | 1.0
-0.09552232176065445 | 0 | 1.0
-0.10767447203397751 | 1 | 1.0
-0.12371005117893219 | 0 | 1.0
-0.1358286291360855 | 1 | 1.0
-0.15183700621128082 | 0 | 1.0
-0.16393330693244934 | 1 | 1.0
-0.17992521822452545 | 0 | 1.0
-0.19200995564460754 | 1 | 1.0
-0.20799566805362701 | 0 | 1.0
-0.22007915377616882 | 1 | 1.0
-0.23606866598129272 | 0 | 1.0
-0.24816107749938965 | 1 | 1.0
-0.26416435837745667 | 0 | 1.0
-0.2762759029865265 | 1 | 1.0
-0.2923031449317932 | 1 | 1.0
-0.3044443130493164 | 0 | 1.0
-0.31270378828048706 | 1 | 1.0
-0.32488569617271423 | 0 | 1.0
-0.33318883180618286 | 1 | 1.0
-0.34541675448417664 | 0 | 1.0
-0.3537693917751312 | 1 | 1.0
-0.366049587726593 | 1 | 1.0
-0.37445876002311707 | 0 | 1.0
-0.37900081276893616 | 1 | 1.0
-0.38747477531433105 | 0 | 1.0
-0.3920833468437195 | 1 | 1.0
-0.40062519907951355 | 1 | 1.0
-0.40530434250831604 | 0 | 1.0
-0.4061240553855896 | 1 | 1.0
-0.41087961196899414 | 1 | 1.0
-0.4117760956287384 | 0 | 1.0
-0.4088153541088104 | 1 | 1.0
-0.40979093313217163 | 0 | 1.0
-0.40690746903419495 | 1 | 1.0
-0.40795981884002686 | 1 | 1.0
-0.40515246987342834 | 0 | 1.0
-0.39848676323890686 | 1 | 1.0
-0.395756334066391 | 1 | 1.0
-0.38916468620300293 | 0 | 1.0
-0.3787117302417755 | 1 | 1.0
-0.372191458940506 | 0 | 1.0
-0.36180490255355835 | 1 | 1.0
-0.35534849762916565 | 0 | 1.0
-0.3450218737125397 | 1 | 1.0
-0.3386232852935791 | 1 | 1.0
-0.32835152745246887 | 0 | 1.0
-0.3142063021659851 | 1 | 1.0
-0.3039857745170593 | 0 | 1.0
-0.2898862659931183 | 1 | 1.0
-0.27970796823501587 | 0 | 1.0
-0.26564598083496094 | 1 | 1.0
-0.2555018961429596 | 1 | 1.0
-0.2414701282978058 | 0 | 1.0
-0.22354957461357117 | 1 | 1.0
-0.20954149961471558 | 0 | 1.0
-0.19163785874843597 | 1 | 1.0
-0.17764095962047577 | 0 | 1.0
-0.15974222123622894 | 1 | 1.0
-0.14574433863162994 | 0 | 1.0
-0.12783868610858917 | 1 | 1.0
-0.11382781714200974 | 0 | 1.0
-0.09590347856283188 | 0 | 1.0
-0.08186747133731842 | 1 | 1.0
-0.07171507924795151 | 0 | 1.0
-0.057641372084617615 | 1 | 1.0
-0.04744759947061539 | 0 | 1.0
-0.03332953900098801 | 1 | 1.0
-0.023087134584784508 | 0 | 1.0
-0.008917183615267277 | 0 | 1.0
0.0013821125030517578 | 1 | 1.0
0.00781514123082161 | 0 | 1.0
Total reward: 500.0
3.1, 5.8, -3.2, 2.0, -4.3, 2.8, -3.7, 4.8, -2.5, -2.0
parameter ends

state | action | reward
[-0.02] | 1 | 1.0
-0.01673288270831108 | 0 | 1.0
-0.012917565181851387 | 1 | 1.0
-0.013012032955884933 | 0 | 1.0
-0.009210060350596905 | 1 | 1.0
-0.009316260926425457 | 0 | 1.0
-0.005524341482669115 | 1 | 1.0
-0.005639114882797003 | 0 | 1.0
-0.0018542486941441894 | 1 | 1.0
-0.0019746895413845778 | 0 | 1.0
0.0018059135181829333 | 1 | 1.0
0.0016825308557599783 | 0 | 1.0
0.005461520981043577 | 1 | 1.0
0.005337814800441265 | 0 | 1.0
0.009117769077420235 | 1 | 1.0
0.008996316231787205 | 0 | 1.0
0.01277980301529169 | 1 | 1.0
0.012663204222917557 | 0 | 1.0
0.0164528489112854 | 1 | 1.0
0.016343792900443077 | 0 | 1.0
0.020142339169979095 | 1 | 1.0
0.020043671131134033 | 0 | 1.0
0.023854048922657967 | 1 | 1.0
0.023768838495016098 | 0 | 1.0
0.027594231069087982 | 1 | 1.0
0.02752584218978882 | 0 | 1.0
0.03136976435780525 | 0 | 1.0
0.0313219390809536 | 1 | 1.0
0.027384480461478233 | 0 | 1.0
0.0273614339530468 | 1 | 1.0
0.02344764582812786 | 0 | 1.0
0.023447487503290176 | 1 | 1.0
0.01955581083893776 | 0 | 1.0
0.01957724243402481 | 1 | 1.0
0.015706686303019524 | 0 | 1.0
0.015748970210552216 | 1 | 1.0
0.011899083852767944 | 0 | 1.0
0.011962011456489563 | 1 | 1.0
0.008132867515087128 | 0 | 1.0
0.008216751739382744 | 0 | 1.0
0.004408940207213163 | 1 | 1.0
-0.003289344720542431 | 0 | 1.0
-0.007074693683534861 | 1 | 1.0
-0.014753279276192188 | 0 | 1.0
-0.018521171063184738 | 1 | 1.0
-0.026184743270277977 | 0 | 1.0
-0.029939692467451096 | 1 | 1.0
-0.03759251534938812 | 0 | 1.0
-0.04133865609765053 | 1 | 1.0
-0.04898468777537346 | 0 | 1.0
-0.052725885063409805 | 1 | 1.0
-0.0603688582777977 | 0 | 1.0
-0.06410880386829376 | 1 | 1.0
-0.07175233960151672 | 0 | 1.0
-0.07549464702606201 | 1 | 1.0
-0.08314233273267746 | 0 | 1.0
-0.08689063042402267 | 1 | 1.0
-0.09454610198736191 | 0 | 1.0
-0.09830412268638611 | 1 | 1.0
-0.10597117990255356 | 0 | 1.0
-0.10974284261465073 | 1 | 1.0
-0.11742550879716873 | 1 | 1.0
-0.12121503055095673 | 0 | 1.0
-0.12111362814903259 | 1 | 1.0
-0.12492562085390091 | 0 | 1.0
-0.12484577298164368 | 1 | 1.0
-0.12867867946624756 | 0 | 1.0
-0.12861913442611694 | 1 | 1.0
-0.1324719339609146 | 0 | 1.0
-0.13243193924427032 | 1 | 1.0
-0.1363041251897812 | 0 | 1.0
-0.13628344237804413 | 1 | 1.0
-0.1401750147342682 | 0 | 1.0
-0.14017388224601746 | 1 | 1.0
-0.14408528804779053 | 0 | 1.0
-0.144104465842247 | 1 | 1.0
-0.1480366736650467 | 0 | 1.0
-0.1480773687362671 | 1 | 1.0
-0.15203183889389038 | 1 | 1.0
-0.15209580957889557 | 0 | 1.0
-0.148270845413208 | 1 | 1.0
-0.14836043119430542 | 0 | 1.0
-0.14455895125865936 | 1 | 1.0
-0.14467039704322815 | 0 | 1.0
-0.1408890187740326 | 1 | 1.0
-0.14101918041706085 | 0 | 1.0
-0.13725507259368896 | 1 | 1.0
-0.13740131258964539 | 0 | 1.0
-0.13365206122398376 | 1 | 1.0
-0.13381217420101166 | 0 | 1.0
-0.13007579743862152 | 1 | 1.0
-0.13024796545505524 | 0 | 1.0
-0.12652280926704407 | 1 | 1.0
-0.12670551240444183 | 0 | 1.0
-0.12299023568630219 | 1 | 1.0
-0.1231822669506073 | 0 | 1.0
-0.11947578936815262 | 1 | 1.0
-0.11967618018388748 | 0 | 1.0
-0.11597765237092972 | 1 | 1.0
-0.11618565022945404 | 0 | 1.0
-0.11249443143606186 | 1 | 1.0
-0.11270949989557266 | 0 | 1.0
-0.10902513563632965 | 1 | 1.0
-0.10924691706895828 | 0 | 1.0
-0.10556914657354355 | 1 | 1.0
-0.10579744726419449 | 1 | 1.0
-0.10212616622447968 | 0 | 1.0
-0.09455618262290955 | 1 | 1.0
-0.09089145809412003 | 0 | 1.0
-0.08332473039627075 | 1 | 1.0
-0.07966011017560959 | 0 | 1.0
-0.07209031283855438 | 0 | 1.0
-0.06841941177845001 | 1 | 1.0
-0.06864484399557114 | 0 | 1.0
-0.06496121734380722 | 1 | 1.0
-0.06517396122217178 | 0 | 1.0
-0.061477597802877426 | 1 | 1.0
-0.0616774782538414 | 0 | 1.0
-0.057968053966760635 | 1 | 1.0
-0.05815457925200462 | 0 | 1.0
-0.05443144962191582 | 1 | 1.0
-0.05460380017757416 | 0 | 1.0
-0.050865981727838516 | 1 | 1.0
-0.05102298781275749 | 0 | 1.0
-0.047269146889448166 | 1 | 1.0
-0.04740927368402481 | 0 | 1.0
-0.04363768920302391 | 1 | 1.0
-0.04375898838043213 | 0 | 1.0
-0.039967525750398636 | 1 | 1.0
-0.04006761685013771 | 0 | 1.0
-0.0362536683678627 | 0 | 1.0
-0.036329660564661026 | 1 | 1.0
-0.04029366746544838 | 0 | 1.0
-0.040342096239328384 | 1 | 1.0
-0.0442800335586071 | 0 | 1.0
-0.04430346190929413 | 1 | 1.0
-0.048217516392469406 | 0 | 1.0
-0.04821784794330597 | 1 | 1.0
-0.05210958793759346 | 0 | 1.0
-0.05208812654018402 | 1 | 1.0
-0.055958546698093414 | 0 | 1.0
-0.05591603368520737 | 1 | 1.0
-0.05976558104157448 | 0 | 1.0
-0.05970222130417824 | 0 | 1.0
-0.0635308176279068 | 1 | 1.0
-0.0712503045797348 | 0 | 1.0
-0.07505734264850616 | 1 | 1.0
-0.08275830000638962 | 0 | 1.0
-0.086549311876297 | 1 | 1.0
-0.09423696994781494 | 0 | 1.0
-0.09801703691482544 | 1 | 1.0
-0.10569623857736588 | 0 | 1.0
-0.10947009921073914 | 1 | 1.0
-0.11714541912078857 | 0 | 1.0
-0.12091760337352753 | 1 | 1.0
-0.12859347462654114 | 0 | 1.0
-0.13236843049526215 | 1 | 1.0
-0.14004923403263092 | 0 | 1.0
-0.14383138716220856 | 1 | 1.0
-0.15152159333229065 | 0 | 1.0
-0.15531550347805023 | 1 | 1.0
-0.16301974654197693 | 1 | 1.0
-0.16683022677898407 | 0 | 1.0
-0.1667492836713791 | 1 | 1.0
-0.17058148980140686 | 0 | 1.0
-0.17052164673805237 | 1 | 1.0
-0.174374520778656 | 0 | 1.0
-0.17433500289916992 | 1 | 1.0
-0.17820803821086884 | 0 | 1.0
-0.17818860709667206 | 1 | 1.0
-0.18208180367946625 | 0 | 1.0
-0.18208272755146027 | 1 | 1.0
-0.18599657714366913 | 0 | 1.0
-0.18601864576339722 | 1 | 1.0
-0.18995416164398193 | 0 | 1.0
-0.18999864161014557 | 1 | 1.0
-0.1939573734998703 | 1 | 1.0
-0.1940261274576187 | 0 | 1.0
-0.19020652770996094 | 1 | 1.0
-0.19030196964740753 | 0 | 1.0
-0.18650701642036438 | 1 | 1.0
-0.18662555515766144 | 0 | 1.0
-0.18285201489925385 | 1 | 1.0
-0.1829906702041626 | 0 | 1.0
-0.17923586070537567 | 1 | 1.0
-0.17939218878746033 | 0 | 1.0
-0.17565393447875977 | 1 | 1.0
-0.17582595348358154 | 0 | 1.0
-0.17210254073143005 | 1 | 1.0
-0.172288715839386 | 0 | 1.0
-0.16857877373695374 | 1 | 1.0
-0.16877791285514832 | 0 | 1.0
-0.1650804728269577 | 1 | 1.0
-0.16529174149036407 | 0 | 1.0
-0.16160611808300018 | 1 | 1.0
-0.16182900965213776 | 0 | 1.0
-0.15815486013889313 | 1 | 1.0
-0.1583891361951828 | 1 | 1.0
-0.15472637116909027 | 0 | 1.0
-0.14716750383377075 | 1 | 1.0
-0.14351634681224823 | 0 | 1.0
-0.13596585392951965 | 1 | 1.0
-0.13232015073299408 | 0 | 1.0
-0.12477204948663712 | 1 | 1.0
-0.12112580984830856 | 0 | 1.0
-0.11357424408197403 | 0 | 1.0
-0.10992155224084854 | 1 | 1.0
-0.11016529053449631 | 0 | 1.0
-0.10650017112493515 | 1 | 1.0
-0.10673174262046814 | 0 | 1.0
-0.10305464267730713 | 1 | 1.0
-0.10327435284852982 | 0 | 1.0
-0.09958542138338089 | 1 | 1.0
-0.09979326277971268 | 0 | 1.0
-0.0960923507809639 | 1 | 1.0
-0.09628802537918091 | 0 | 1.0
-0.09257467836141586 | 1 | 1.0
-0.09275756776332855 | 0 | 1.0
-0.08903104811906815 | 1 | 1.0
-0.08920024335384369 | 0 | 1.0
-0.08545946329832077 | 1 | 1.0
-0.08561370521783829 | 0 | 1.0
-0.08185725659132004 | 1 | 1.0
-0.08199492841959 | 0 | 1.0
-0.07822102308273315 | 1 | 1.0
-0.07834012806415558 | 0 | 1.0
-0.07454656064510345 | 1 | 1.0
-0.07464464753866196 | 0 | 1.0
-0.07082875818014145 | 0 | 1.0
-0.07090289145708084 | 1 | 1.0
-0.07486508786678314 | 0 | 1.0
-0.07491174340248108 | 1 | 1.0
-0.07884793728590012 | 0 | 1.0
-0.07886963337659836 | 1 | 1.0
-0.08278197050094604 | 0 | 1.0
-0.08278057724237442 | 1 | 1.0
-0.08667057007551193 | 0 | 1.0
-0.08664733916521072 | 1 | 1.0
-0.09051595628261566 | 0 | 1.0
-0.09047158807516098 | 1 | 1.0
-0.09431922435760498 | 0 | 1.0
-0.09425387531518936 | 0 | 1.0
-0.09808040410280228 | 1 | 1.0
-0.10579771548509598 | 0 | 1.0
-0.10960247367620468 | 1 | 1.0
-0.11730102449655533 | 0 | 1.0
-0.12108950316905975 | 1 | 1.0
-0.1287744641304016 | 0 | 1.0
-0.1325516700744629 | 1 | 1.0
-0.140227809548378 | 0 | 1.0
-0.1439984291791916 | 1 | 1.0
-0.15167027711868286 | 0 | 1.0
-0.15543875098228455 | 1 | 1.0
-0.1631106436252594 | 0 | 1.0
-0.16688132286071777 | 1 | 1.0
-0.17455755174160004 | 0 | 1.0
-0.1783347874879837 | 1 | 1.0
-0.18601971864700317 | 0 | 1.0
-0.1898079365491867 | 1 | 1.0
-0.19750607013702393 | 0 | 1.0
-0.2013099640607834 | 1 | 1.0
-0.2090260535478592 | 1 | 1.0
-0.21285060048103333 | 0 | 1.0
-0.21278606355190277 | 1 | 1.0
-0.21663671731948853 | 0 | 1.0
-0.21659785509109497 | 1 | 1.0
-0.220473974943161 | 0 | 1.0
-0.22046048939228058 | 1 | 1.0
-0.2243620902299881 | 0 | 1.0
-0.22437433898448944 | 1 | 1.0
-0.22830204665660858 | 0 | 1.0
-0.2283410280942917 | 1 | 1.0
-0.23229612410068512 | 0 | 1.0
-0.2323634773492813 | 1 | 1.0
-0.23634789884090424 | 1 | 1.0
-0.23644594848155975 | 0 | 1.0
-0.2326594740152359 | 1 | 1.0
-0.23279130458831787 | 0 | 1.0
-0.22903695702552795 | 1 | 1.0
-0.22919979691505432 | 0 | 1.0
-0.2254752516746521 | 1 | 1.0
-0.22566713392734528 | 0 | 1.0
-0.22197087109088898 | 1 | 1.0
-0.22219057381153107 | 1 | 1.0
-0.21852175891399384 | 0 | 1.0
-0.21096530556678772 | 1 | 1.0
-0.2073238343000412 | 0 | 1.0
-0.19979128241539001 | 1 | 1.0
-0.19617104530334473 | 0 | 1.0
-0.1886567324399948 | 1 | 1.0
-0.18505221605300903 | 0 | 1.0
-0.17755091190338135 | 1 | 1.0
-0.17395706474781036 | 0 | 1.0
-0.1664639413356781 | 1 | 1.0
-0.16287603974342346 | 0 | 1.0
-0.1553865373134613 | 1 | 1.0
-0.1518000364303589 | 0 | 1.0
-0.14430971443653107 | 1 | 1.0
-0.1407201886177063 | 0 | 1.0
-0.13322466611862183 | 1 | 1.0
-0.12962767481803894 | 0 | 1.0
-0.12212248146533966 | 1 | 1.0
-0.11851342767477036 | 0 | 1.0
-0.11099391430616379 | 1 | 1.0
-0.10736799240112305 | 0 | 1.0
-0.09982923418283463 | 0 | 1.0
-0.09618127346038818 | 1 | 1.0
-0.09642153233289719 | 0 | 1.0
-0.09274586290121078 | 1 | 1.0
-0.0929587259888649 | 0 | 1.0
-0.08925572782754898 | 1 | 1.0
-0.0894412025809288 | 0 | 1.0
-0.08571058511734009 | 1 | 1.0
-0.0858680009841919 | 0 | 1.0
-0.08210878819227219 | 1 | 1.0
-0.08223676681518555 | 0 | 1.0
-0.07844728231430054 | 0 | 1.0
-0.0785437524318695 | 1 | 1.0
-0.08252439647912979 | 0 | 1.0
-0.08258650451898575 | 1 | 1.0
-0.08653455972671509 | 0 | 1.0
-0.0865652859210968 | 1 | 1.0
-0.09048326313495636 | 0 | 1.0
-0.09048476070165634 | 1 | 1.0
-0.0943743959069252 | 0 | 1.0
-0.09434808045625687 | 1 | 1.0
-0.09821037203073502 | 0 | 1.0
-0.09815693646669388 | 0 | 1.0
-0.10199221223592758 | 1 | 1.0
-0.10971517115831375 | 0 | 1.0
-0.11352304369211197 | 1 | 1.0
-0.12122175842523575 | 0 | 1.0
-0.12500785291194916 | 1 | 1.0
-0.1326875537633896 | 0 | 1.0
-0.13645687699317932 | 1 | 1.0
-0.14412227272987366 | 0 | 1.0
-0.14787937700748444 | 1 | 1.0
-0.1555347591638565 | 0 | 1.0
-0.1592838317155838 | 1 | 1.0
-0.16693320870399475 | 0 | 1.0
-0.17067816853523254 | 1 | 1.0
-0.1783253699541092 | 0 | 1.0
-0.18207000195980072 | 1 | 1.0
-0.18971870839595795 | 0 | 1.0
-0.19346672296524048 | 1 | 1.0
-0.20112067461013794 | 0 | 1.0
-0.20487582683563232 | 1 | 1.0
-0.21253877878189087 | 0 | 1.0
-0.2163049876689911 | 1 | 1.0
-0.22398090362548828 | 0 | 1.0
-0.22776225209236145 | 1 | 1.0
-0.23545536398887634 | 0 | 1.0
-0.23925629258155823 | 1 | 1.0
-0.24697118997573853 | 1 | 1.0
-0.2507965564727783 | 0 | 1.0
-0.2507348954677582 | 1 | 1.0
-0.25459012389183044 | 0 | 1.0
-0.25455790758132935 | 1 | 1.0
-0.2584424316883087 | 0 | 1.0
-0.2584395110607147 | 1 | 1.0
-0.26235347986221313 | 0 | 1.0
-0.2623803913593292 | 1 | 1.0
-0.2663246989250183 | 0 | 1.0
-0.26638275384902954 | 1 | 1.0
-0.2703590393066406 | 1 | 1.0
-0.27045032382011414 | 0 | 1.0
-0.26665839552879333 | 1 | 1.0
-0.26678574085235596 | 0 | 1.0
-0.2630281448364258 | 1 | 1.0
-0.2631886899471283 | 0 | 1.0
-0.25946301221847534 | 1 | 1.0
-0.259654700756073 | 0 | 1.0
-0.2559593617916107 | 1 | 1.0
-0.25618094205856323 | 0 | 1.0
-0.25251510739326477 | 1 | 1.0
-0.25276607275009155 | 1 | 1.0
-0.24912966787815094 | 0 | 1.0
-0.24160704016685486 | 1 | 1.0
-0.2380007654428482 | 0 | 1.0
-0.23050524294376373 | 1 | 1.0
-0.22692382335662842 | 0 | 1.0
-0.21945060789585114 | 1 | 1.0
-0.21588945388793945 | 0 | 1.0
-0.20843428373336792 | 1 | 1.0
-0.20488938689231873 | 0 | 1.0
-0.19744855165481567 | 1 | 1.0
-0.19391633570194244 | 0 | 1.0
-0.18648648262023926 | 1 | 1.0
-0.18296374380588531 | 0 | 1.0
-0.17554181814193726 | 1 | 1.0
-0.1720256507396698 | 0 | 1.0
-0.1646088808774948 | 1 | 1.0
-0.16109652817249298 | 0 | 1.0
-0.15368226170539856 | 1 | 1.0
-0.15017114579677582 | 0 | 1.0
-0.14275683462619781 | 1 | 1.0
-0.1392444223165512 | 0 | 1.0
-0.13182756304740906 | 1 | 1.0
-0.12831132113933563 | 0 | 1.0
-0.12088938057422638 | 1 | 1.0
-0.11736670881509781 | 0 | 1.0
-0.10993702709674835 | 1 | 1.0
-0.10640521347522736 | 0 | 1.0
-0.09896499663591385 | 1 | 1.0
-0.09542111307382584 | 0 | 1.0
-0.08796734362840652 | 1 | 1.0
-0.08440820872783661 | 0 | 1.0
-0.07693757116794586 | 1 | 1.0
-0.0733596608042717 | 0 | 1.0
-0.06586846709251404 | 1 | 1.0
-0.06226783245801926 | 0 | 1.0
-0.054751936346292496 | 1 | 1.0
-0.05112412944436073 | 0 | 1.0
-0.04357885196805 | 0 | 1.0
-0.03991880640387535 | 1 | 1.0
-0.040141258388757706 | 0 | 1.0
-0.036443158984184265 | 1 | 1.0
-0.036627668887376785 | 0 | 1.0
-0.03289148211479187 | 1 | 1.0
-0.03303748369216919 | 0 | 1.0
-0.02926223911345005 | 0 | 1.0
-0.029368221759796143 | 1 | 1.0
-0.033353690057992935 | 0 | 1.0
-0.03341713547706604 | 1 | 1.0
-0.0373619943857193 | 0 | 1.0
-0.03738600015640259 | 1 | 1.0
-0.04129274934530258 | 0 | 1.0
-0.04127941280603409 | 1 | 1.0
-0.04514958709478378 | 0 | 1.0
-0.04510004445910454 | 0 | 1.0
-0.04893426224589348 | 1 | 1.0
-0.05665122717618942 | 0 | 1.0
-0.06044918671250343 | 1 | 1.0
-0.06813307106494904 | 0 | 1.0
-0.07190022617578506 | 1 | 1.0
-0.07955596596002579 | 0 | 1.0
-0.08329695463180542 | 1 | 1.0
-0.09092876315116882 | 0 | 1.0
-0.09464751183986664 | 1 | 1.0
-0.10225895047187805 | 0 | 1.0
-0.10595880448818207 | 1 | 1.0
-0.11355291306972504 | 0 | 1.0
-0.11723668873310089 | 1 | 1.0
-0.12481602281332016 | 0 | 1.0
-0.12848609685897827 | 0 | 1.0
-0.13605283200740814 | 1 | 1.0
-0.14751584827899933 | 0 | 1.0
-0.15507180988788605 | 1 | 1.0
-0.16652829945087433 | 0 | 1.0
-0.1740816831588745 | 1 | 1.0
-0.18553966283798218 | 0 | 1.0
-0.1930985152721405 | 1 | 1.0
-0.2045658826828003 | 1 | 1.0
-0.2121383100748062 | 0 | 1.0
-0.21581898629665375 | 1 | 1.0
-0.22341327369213104 | 0 | 1.0
-0.22711686789989471 | 1 | 1.0
-0.23473510146141052 | 0 | 1.0
-0.23846398293972015 | 1 | 1.0
-0.2461088001728058 | 0 | 1.0
-0.24986597895622253 | 1 | 1.0
-0.25754064321517944 | 0 | 1.0
-0.2613297402858734 | 1 | 1.0
-0.2690381705760956 | 1 | 1.0
-0.27286356687545776 | 0 | 1.0
-0.2728085219860077 | 1 | 1.0
-0.2766754925251007 | 0 | 1.0
-0.27666163444519043 | 1 | 1.0
-0.2805697023868561 | 0 | 1.0
-0.28059715032577515 | 1 | 1.0
-0.2845469117164612 | 1 | 1.0
-0.2846168577671051 | 0 | 1.0
-0.28080859780311584 | 1 | 1.0
-0.2809232473373413 | 0 | 1.0
-0.27715763449668884 | 1 | 1.0
-0.2773136794567108 | 0 | 1.0
-0.27358806133270264 | 1 | 1.0
-0.27378326654434204 | 0 | 1.0
-0.27009591460227966 | 1 | 1.0
-0.2703290283679962 | 1 | 1.0
-0.2666792571544647 | 0 | 1.0
-0.25914767384529114 | 1 | 1.0
-0.2555357813835144 | 0 | 1.0
-0.24803881347179413 | 1 | 1.0
-0.24445928633213043 | 0 | 1.0
-0.2369920313358307 | 1 | 1.0
-0.23344027996063232 | 0 | 1.0
-0.22599858045578003 | 1 | 1.0
-0.2224707156419754 | 0 | 1.0
-0.2150510996580124 | 1 | 1.0
-0.21154391765594482 | 1 | 1.0
-0.2041434645652771 | 0 | 1.0
-0.19284997880458832 | 1 | 1.0
-0.18546633422374725 | 0 | 1.0
-0.17418506741523743 | 1 | 1.0
-0.16680960357189178 | 0 | 1.0
-0.15553224086761475 | 1 | 1.0
-0.14815665781497955 | 0 | 1.0
-0.13687507808208466 | 0 | 1.0
-0.12949113547801971 | 1 | 1.0
Total reward: 500.0
3.1, 5.8, -3.2, 2.0, -4.3, 2.8, -3.7, 4.8, -2.5, -2.0
parameter ends

state | action | reward
[0.01] | 1 | 1.0
0.011637981049716473 | 0 | 1.0
0.01597733050584793 | 1 | 1.0
0.016411244869232178 | 0 | 1.0
0.02074616402387619 | 1 | 1.0
0.021177155897021294 | 0 | 1.0
0.025510676205158234 | 1 | 1.0
0.025941751897335052 | 0 | 1.0
0.030276836827397346 | 1 | 1.0
0.030710961669683456 | 0 | 1.0
0.03505057096481323 | 1 | 1.0
0.03549075499176979 | 0 | 1.0
0.039837926626205444 | 1 | 1.0
0.04028728976845741 | 0 | 1.0
0.04464520514011383 | 1 | 1.0
0.04510705918073654 | 0 | 1.0
0.04947913438081741 | 1 | 1.0
0.04995705187320709 | 0 | 1.0
0.054347001016139984 | 0 | 1.0
0.054844919592142105 | 1 | 1.0
0.05145297572016716 | 0 | 1.0
0.05197529122233391 | 1 | 1.0
0.04860671982169151 | 0 | 1.0
0.049151696264743805 | 1 | 1.0
0.04580509662628174 | 0 | 1.0
0.046371594071388245 | 1 | 1.0
0.04304612800478935 | 0 | 1.0
0.043633557856082916 | 1 | 1.0
0.04032892361283302 | 0 | 1.0
0.040937233716249466 | 1 | 1.0
0.03765365853905678 | 0 | 1.0
0.03828331455588341 | 1 | 1.0
0.035021547228097916 | 0 | 1.0
0.03567354008555412 | 0 | 1.0
0.032434869557619095 | 1 | 1.0
0.025306975468993187 | 0 | 1.0
0.022093258798122406 | 1 | 1.0
0.014987953007221222 | 0 | 1.0
0.011794975027441978 | 1 | 1.0
0.004708387888967991 | 0 | 1.0
0.0015324988635256886 | 1 | 1.0
-0.005538735538721085 | 0 | 1.0
-0.008700714446604252 | 1 | 1.0
-0.01575954258441925 | 0 | 1.0
-0.018910400569438934 | 1 | 1.0
-0.025959430262446404 | 0 | 1.0
-0.029101643711328506 | 1 | 1.0
-0.03614320233464241 | 0 | 1.0
-0.03927899897098541 | 1 | 1.0
-0.04631520062685013 | 0 | 1.0
-0.04944662004709244 | 1 | 1.0
-0.056479424238204956 | 0 | 1.0
-0.05960837006568909 | 1 | 1.0
-0.06663961708545685 | 0 | 1.0
-0.06976790726184845 | 1 | 1.0
-0.07679938524961472 | 0 | 1.0
-0.07992878556251526 | 1 | 1.0
-0.0869622677564621 | 0 | 1.0
-0.09009457379579544 | 1 | 1.0
-0.09713185578584671 | 0 | 1.0
-0.1002688929438591 | 1 | 1.0
-0.10731183737516403 | 0 | 1.0
-0.11045553535223007 | 1 | 1.0
-0.11750613152980804 | 0 | 1.0
-0.12065856903791428 | 1 | 1.0
-0.1277189701795578 | 0 | 1.0
-0.1308823972940445 | 1 | 1.0
-0.1379549652338028 | 0 | 1.0
-0.1411319226026535 | 1 | 1.0
-0.1482193022966385 | 0 | 1.0
-0.15141257643699646 | 1 | 1.0
-0.1585177481174469 | 0 | 1.0
-0.1617305427789688 | 1 | 1.0
-0.16885685920715332 | 0 | 1.0
-0.17209282517433167 | 1 | 1.0
-0.17924414575099945 | 1 | 1.0
-0.18250741064548492 | 0 | 1.0
-0.1818850189447403 | 1 | 1.0
-0.1851804107427597 | 0 | 1.0
-0.18458940088748932 | 1 | 1.0
-0.18791581690311432 | 0 | 1.0
-0.18735551834106445 | 1 | 1.0
-0.1907125860452652 | 0 | 1.0
-0.1901831030845642 | 1 | 1.0
-0.1935712844133377 | 1 | 1.0
-0.19307346642017365 | 0 | 1.0
-0.18869104981422424 | 1 | 1.0
-0.18822655081748962 | 0 | 1.0
-0.18387502431869507 | 1 | 1.0
-0.18343965709209442 | 0 | 1.0
-0.17911528050899506 | 1 | 1.0
-0.1787056177854538 | 0 | 1.0
-0.17440536618232727 | 1 | 1.0
-0.17401866614818573 | 0 | 1.0
-0.16974015533924103 | 1 | 1.0
-0.1693742871284485 | 0 | 1.0
-0.16511568427085876 | 1 | 1.0
-0.16476906836032867 | 0 | 1.0
-0.16052906215190887 | 1 | 1.0
-0.16020061075687408 | 1 | 1.0
-0.15597838163375854 | 0 | 1.0
-0.14786317944526672 | 1 | 1.0
-0.1436583697795868 | 0 | 1.0
-0.13555704057216644 | 1 | 1.0
-0.13136303424835205 | 0 | 1.0
-0.12326923757791519 | 1 | 1.0
-0.11907976865768433 | 0 | 1.0
-0.11098742485046387 | 1 | 1.0
-0.10679642111063004 | 0 | 1.0
-0.09869955480098724 | 1 | 1.0
-0.09450097382068634 | 0 | 1.0
-0.0863935798406601 | 0 | 1.0
-0.08218127489089966 | 1 | 1.0
-0.08186139166355133 | 0 | 1.0
-0.077628955245018 | 1 | 1.0
-0.0772889256477356 | 0 | 1.0
-0.07303619384765625 | 1 | 1.0
-0.07267559319734573 | 0 | 1.0
-0.06840192526578903 | 1 | 1.0
-0.0680198147892952 | 0 | 1.0
-0.06372402608394623 | 1 | 1.0
-0.06331895291805267 | 0 | 1.0
-0.05899934470653534 | 1 | 1.0
-0.0585692897439003 | 0 | 1.0
-0.054223574697971344 | 0 | 1.0
-0.053765930235385895 | 1 | 1.0
-0.05719444528222084 | 0 | 1.0
-0.05670591816306114 | 1 | 1.0
-0.06010512635111809 | 0 | 1.0
-0.05958837270736694 | 1 | 1.0
-0.06296049803495407 | 0 | 1.0
-0.06241743266582489 | 1 | 1.0
-0.06576401740312576 | 0 | 1.0
-0.06519587337970734 | 1 | 1.0
-0.0685177817940712 | 0 | 1.0
-0.06792515516281128 | 1 | 1.0
-0.07122264802455902 | 0 | 1.0
-0.07060550898313522 | 0 | 1.0
-0.0738782286643982 | 1 | 1.0
-0.08103960752487183 | 0 | 1.0
-0.08428655564785004 | 1 | 1.0
-0.09142499417066574 | 0 | 1.0
-0.0946512371301651 | 1 | 1.0
-0.10177142918109894 | 0 | 1.0
-0.1049814373254776 | 1 | 1.0
-0.11208758503198624 | 0 | 1.0
-0.11528539657592773 | 1 | 1.0
-0.1223812848329544 | 0 | 1.0
-0.12557056546211243 | 1 | 1.0
-0.1326597034931183 | 0 | 1.0
-0.13584387302398682 | 1 | 1.0
-0.1429295539855957 | 0 | 1.0
-0.146111860871315 | 1 | 1.0
-0.1531972587108612 | 0 | 1.0
-0.1563808172941208 | 1 | 1.0
-0.16346906125545502 | 0 | 1.0
-0.16665706038475037 | 1 | 1.0
-0.17375127971172333 | 0 | 1.0
-0.17694690823554993 | 1 | 1.0
-0.18405039608478546 | 0 | 1.0
-0.18725703656673431 | 1 | 1.0
-0.1943732053041458 | 0 | 1.0
-0.19759444892406464 | 1 | 1.0
-0.20472703874111176 | 0 | 1.0
-0.20796681940555573 | 1 | 1.0
-0.2151198834180832 | 1 | 1.0
-0.21838249266147614 | 0 | 1.0
-0.217756986618042 | 1 | 1.0
-0.2210472971200943 | 0 | 1.0
-0.22044873237609863 | 1 | 1.0
-0.2237655520439148 | 0 | 1.0
-0.22319312393665314 | 1 | 1.0
-0.22653593122959137 | 0 | 1.0
-0.2259894758462906 | 1 | 1.0
-0.22935840487480164 | 0 | 1.0
-0.22883842885494232 | 1 | 1.0
-0.23223428428173065 | 0 | 1.0
-0.23174193501472473 | 1 | 1.0
-0.23516616225242615 | 1 | 1.0
-0.23470325767993927 | 0 | 1.0
-0.230354905128479 | 1 | 1.0
-0.2299240082502365 | 0 | 1.0
-0.22560569643974304 | 1 | 1.0
-0.2252034693956375 | 0 | 1.0
-0.22091229259967804 | 1 | 1.0
-0.22053612768650055 | 0 | 1.0
-0.21626991033554077 | 1 | 1.0
-0.2159179002046585 | 0 | 1.0
-0.21167507767677307 | 1 | 1.0
-0.21134595572948456 | 1 | 1.0
-0.20712555944919586 | 0 | 1.0
-0.19901467859745026 | 1 | 1.0
-0.19481635093688965 | 0 | 1.0
-0.1867239773273468 | 1 | 1.0
-0.18254122138023376 | 0 | 1.0
-0.1744612157344818 | 1 | 1.0
-0.17028798162937164 | 0 | 1.0
-0.16221453249454498 | 1 | 1.0
-0.15804509818553925 | 0 | 1.0
-0.14997263252735138 | 1 | 1.0
-0.14580143988132477 | 0 | 1.0
-0.13772447407245636 | 1 | 1.0
-0.13354597985744476 | 0 | 1.0
-0.1254589855670929 | 1 | 1.0
-0.12126754969358444 | 0 | 1.0
-0.11316485702991486 | 0 | 1.0
-0.10895457863807678 | 1 | 1.0
-0.10863402485847473 | 0 | 1.0
-0.10439862310886383 | 1 | 1.0
-0.10405293852090836 | 0 | 1.0
-0.0997922495007515 | 1 | 1.0
-0.099420927464962 | 0 | 1.0
-0.09513416141271591 | 1 | 1.0
-0.09473606944084167 | 0 | 1.0
-0.09042179584503174 | 1 | 1.0
-0.08999514579772949 | 0 | 1.0
-0.08565127104520798 | 0 | 1.0
-0.08519358187913895 | 1 | 1.0
-0.0886201485991478 | 0 | 1.0
-0.08812817186117172 | 1 | 1.0
-0.09152203798294067 | 0 | 1.0
-0.09099838137626648 | 1 | 1.0
-0.09436167031526566 | 0 | 1.0
-0.0938081219792366 | 1 | 1.0
-0.09714217483997345 | 0 | 1.0
-0.09655974805355072 | 1 | 1.0
-0.09986518323421478 | 0 | 1.0
-0.09925416857004166 | 0 | 1.0
-0.10253086686134338 | 1 | 1.0
-0.10969411581754684 | 0 | 1.0
-0.11294124275445938 | 1 | 1.0
-0.12007781118154526 | 0 | 1.0
-0.1233004555106163 | 1 | 1.0
-0.13041503727436066 | 0 | 1.0
-0.13361763954162598 | 1 | 1.0
-0.14071430265903473 | 0 | 1.0
-0.14390075206756592 | 1 | 1.0
-0.15098312497138977 | 0 | 1.0
-0.15415683388710022 | 1 | 1.0
-0.16122813522815704 | 0 | 1.0
-0.16439218819141388 | 1 | 1.0
-0.1714552938938141 | 0 | 1.0
-0.17461249232292175 | 1 | 1.0
-0.18167006969451904 | 0 | 1.0
-0.18482299149036407 | 1 | 1.0
-0.191877543926239 | 0 | 1.0
-0.195028617978096 | 1 | 1.0
-0.2020825296640396 | 0 | 1.0
-0.20523414015769958 | 1 | 1.0
-0.2122897505760193 | 0 | 1.0
-0.21544423699378967 | 1 | 1.0
-0.2225038856267929 | 0 | 1.0
-0.22566364705562592 | 1 | 1.0
-0.23272977769374847 | 0 | 1.0
-0.23589730262756348 | 1 | 1.0
-0.2429724633693695 | 0 | 1.0
-0.246150404214859 | 1 | 1.0
-0.2532373368740082 | 0 | 1.0
-0.256428599357605 | 1 | 1.0
-0.26353031396865845 | 0 | 1.0
-0.26673805713653564 | 1 | 1.0
-0.27385789155960083 | 0 | 1.0
-0.27708566188812256 | 1 | 1.0
-0.2842273414134979 | 0 | 1.0
-0.2874791622161865 | 1 | 1.0
-0.29464688897132874 | 1 | 1.0
-0.29792729020118713 | 0 | 1.0
-0.2973228991031647 | 1 | 1.0
-0.3006370961666107 | 0 | 1.0
-0.3000660240650177 | 1 | 1.0
-0.30341336131095886 | 0 | 1.0
-0.3028753697872162 | 1 | 1.0
-0.3062559962272644 | 0 | 1.0
-0.3057517409324646 | 1 | 1.0
-0.30916664004325867 | 1 | 1.0
-0.30869752168655396 | 0 | 1.0
-0.30434611439704895 | 1 | 1.0
-0.30391451716423035 | 0 | 1.0
-0.2995985448360443 | 1 | 1.0
-0.29920104146003723 | 0 | 1.0
-0.29491761326789856 | 1 | 1.0
-0.29455164074897766 | 0 | 1.0
-0.2902987003326416 | 1 | 1.0
-0.2899625897407532 | 0 | 1.0
-0.28573882579803467 | 1 | 1.0
-0.2854315936565399 | 1 | 1.0
-0.2812364995479584 | 0 | 1.0
-0.2731545567512512 | 1 | 1.0
-0.26898831129074097 | 0 | 1.0
-0.26093196868896484 | 1 | 1.0
-0.25678882002830505 | 0 | 1.0
-0.24875274300575256 | 1 | 1.0
-0.24462756514549255 | 0 | 1.0
-0.2366069257259369 | 1 | 1.0
-0.23249508440494537 | 0 | 1.0
-0.22448553144931793 | 1 | 1.0
-0.22038279473781586 | 0 | 1.0
-0.2123802900314331 | 1 | 1.0
-0.2082827091217041 | 0 | 1.0
-0.20028342306613922 | 1 | 1.0
-0.19618721306324005 | 0 | 1.0
-0.18818745017051697 | 1 | 1.0
-0.18408893048763275 | 0 | 1.0
-0.17608502507209778 | 1 | 1.0
-0.17198047041893005 | 0 | 1.0
-0.16396871209144592 | 1 | 1.0
-0.15985433757305145 | 0 | 1.0
-0.15183083713054657 | 1 | 1.0
-0.1477026343345642 | 0 | 1.0
-0.13966330885887146 | 1 | 1.0
-0.1355169713497162 | 0 | 1.0
-0.127457395195961 | 1 | 1.0
-0.12328823655843735 | 0 | 1.0
-0.11520352959632874 | 0 | 1.0
-0.11100637167692184 | 1 | 1.0
-0.11069408059120178 | 0 | 1.0
-0.10646308958530426 | 1 | 1.0
-0.1061171218752861 | 0 | 1.0
-0.10185235738754272 | 1 | 1.0
-0.10147229582071304 | 0 | 1.0
-0.09717299044132233 | 1 | 1.0
-0.09675759077072144 | 0 | 1.0
-0.09242212027311325 | 0 | 1.0
-0.09196928888559341 | 1 | 1.0
-0.09539718180894852 | 0 | 1.0
-0.094903863966465 | 1 | 1.0
-0.09829292446374893 | 0 | 1.0
-0.09776175767183304 | 1 | 1.0
-0.10111405700445175 | 0 | 1.0
-0.10054672509431839 | 1 | 1.0
-0.10386340320110321 | 0 | 1.0
-0.10326065123081207 | 0 | 1.0
-0.1065419614315033 | 1 | 1.0
-0.11370618641376495 | 0 | 1.0
-0.11695146560668945 | 1 | 1.0
-0.12408266216516495 | 0 | 1.0
-0.1272970288991928 | 1 | 1.0
-0.13439978659152985 | 0 | 1.0
-0.1375875324010849 | 1 | 1.0
-0.14466571807861328 | 0 | 1.0
-0.14783044159412384 | 1 | 1.0
-0.15488727390766144 | 0 | 1.0
-0.15803192555904388 | 0 | 1.0
-0.1650700569152832 | 1 | 1.0
-0.1760013997554779 | 0 | 1.0
-0.18302297592163086 | 1 | 1.0
-0.19394221901893616 | 0 | 1.0
-0.20095562934875488 | 1 | 1.0
-0.21187086403369904 | 0 | 1.0
-0.2188841998577118 | 1 | 1.0
-0.22980333864688873 | 1 | 1.0
-0.2368246167898178 | 0 | 1.0
-0.23995105922222137 | 1 | 1.0
-0.24698834121227264 | 0 | 1.0
-0.25013166666030884 | 1 | 1.0
-0.2571866810321808 | 0 | 1.0
-0.2603487968444824 | 1 | 1.0
-0.2674236595630646 | 0 | 1.0
-0.27060696482658386 | 1 | 1.0
-0.27770426869392395 | 0 | 1.0
-0.2809115946292877 | 1 | 1.0
-0.28803446888923645 | 0 | 1.0
-0.29126930236816406 | 1 | 1.0
-0.2984214127063751 | 1 | 1.0
-0.3016878068447113 | 0 | 1.0
-0.301070898771286 | 1 | 1.0
-0.3043736517429352 | 0 | 1.0
-0.30379244685173035 | 1 | 1.0
-0.3071306049823761 | 0 | 1.0
-0.30658459663391113 | 1 | 1.0
-0.3099580407142639 | 0 | 1.0
-0.30944764614105225 | 1 | 1.0
-0.31285718083381653 | 1 | 1.0
-0.31238365173339844 | 0 | 1.0
-0.3080287277698517 | 1 | 1.0
-0.30759429931640625 | 0 | 1.0
-0.30327630043029785 | 1 | 1.0
-0.3028774559497833 | 0 | 1.0
-0.2985934913158417 | 1 | 1.0
-0.29822760820388794 | 0 | 1.0
-0.2939755320549011 | 1 | 1.0
-0.29364094138145447 | 0 | 1.0
-0.2894195020198822 | 1 | 1.0
-0.28911522030830383 | 1 | 1.0
-0.2849239110946655 | 0 | 1.0
-0.27684658765792847 | 1 | 1.0
-0.2726856768131256 | 0 | 1.0
-0.2646355628967285 | 1 | 1.0
-0.26049941778182983 | 0 | 1.0
-0.25247129797935486 | 1 | 1.0
-0.2483549267053604 | 0 | 1.0
-0.24034415185451508 | 1 | 1.0
-0.23624317348003387 | 0 | 1.0
-0.22824561595916748 | 1 | 1.0
-0.22415600717067719 | 0 | 1.0
-0.21616791188716888 | 1 | 1.0
-0.2120860368013382 | 0 | 1.0
-0.20410390198230743 | 1 | 1.0
-0.20002634823322296 | 0 | 1.0
-0.1920468658208847 | 1 | 1.0
-0.187970370054245 | 0 | 1.0
-0.17999033629894257 | 1 | 1.0
-0.17591170966625214 | 0 | 1.0
-0.16792796552181244 | 1 | 1.0
-0.1638440042734146 | 0 | 1.0
-0.15585333108901978 | 1 | 1.0
-0.15176071226596832 | 0 | 1.0
-0.14375975728034973 | 1 | 1.0
-0.13965502381324768 | 0 | 1.0
-0.1316402107477188 | 1 | 1.0
-0.1275196522474289 | 0 | 1.0
-0.11948711425065994 | 1 | 1.0
-0.11534663289785385 | 0 | 1.0
-0.10729214549064636 | 1 | 1.0
-0.10312723368406296 | 0 | 1.0
-0.09504608064889908 | 0 | 1.0
-0.09085167944431305 | 1 | 1.0
-0.09054135531187057 | 0 | 1.0
-0.0863117203116417 | 1 | 1.0
-0.08596635609865189 | 0 | 1.0
-0.0817016065120697 | 1 | 1.0
-0.08132082223892212 | 0 | 1.0
-0.07702020555734634 | 1 | 1.0
-0.0766027495265007 | 0 | 1.0
-0.07226463407278061 | 0 | 1.0
-0.07180837541818619 | 1 | 1.0
-0.07523203641176224 | 0 | 1.0
-0.07473386824131012 | 1 | 1.0
-0.07811722159385681 | 0 | 1.0
-0.07757966965436935 | 1 | 1.0
-0.08092465251684189 | 0 | 1.0
-0.08034925907850266 | 1 | 1.0
-0.08365685492753983 | 0 | 1.0
-0.08304418623447418 | 0 | 1.0
-0.08631444722414017 | 1 | 1.0
-0.09346640110015869 | 0 | 1.0
-0.09669840335845947 | 1 | 1.0
-0.10381495952606201 | 0 | 1.0
-0.1070135161280632 | 1 | 1.0
-0.11409892141819 | 0 | 1.0
-0.11726795881986618 | 1 | 1.0
-0.124325692653656 | 0 | 1.0
-0.12746836245059967 | 0 | 1.0
-0.1345011442899704 | 1 | 1.0
-0.1454237550497055 | 0 | 1.0
-0.15243367850780487 | 1 | 1.0
-0.16333787143230438 | 0 | 1.0
-0.17033308744430542 | 1 | 1.0
-0.18122665584087372 | 0 | 1.0
-0.18821489810943604 | 1 | 1.0
-0.19910530745983124 | 0 | 1.0
-0.20609401166439056 | 1 | 1.0
-0.21698854863643646 | 0 | 1.0
-0.22398509085178375 | 1 | 1.0
-0.23489105701446533 | 1 | 1.0
-0.2419029176235199 | 0 | 1.0
-0.24502374231815338 | 1 | 1.0
-0.2520586848258972 | 0 | 1.0
-0.25520333647727966 | 1 | 1.0
-0.26226288080215454 | 0 | 1.0
-0.2654332220554352 | 1 | 1.0
-0.2725195288658142 | 0 | 1.0
-0.275718092918396 | 1 | 1.0
-0.28283393383026123 | 0 | 1.0
-0.2860638201236725 | 1 | 1.0
-0.2932126522064209 | 1 | 1.0
-0.2964777946472168 | 0 | 1.0
-0.2958616614341736 | 1 | 1.0
-0.29916679859161377 | 0 | 1.0
-0.29858994483947754 | 1 | 1.0
-0.30193406343460083 | 0 | 1.0
-0.30139610171318054 | 1 | 1.0
-0.3047792315483093 | 0 | 1.0
-0.30428069829940796 | 1 | 1.0
-0.30770376324653625 | 1 | 1.0
-0.3072461485862732 | 0 | 1.0
-0.30290961265563965 | 1 | 1.0
-0.30249544978141785 | 0 | 1.0
-0.29820045828819275 | 1 | 1.0
-0.29782676696777344 | 0 | 1.0
-0.2935709059238434 | 1 | 1.0
-0.2932355999946594 | 1 | 1.0
-0.2890174388885498 | 0 | 1.0
-0.2809171974658966 | 1 | 1.0
-0.2767362594604492 | 0 | 1.0
-0.26866960525512695 | 1 | 1.0
-0.26451969146728516 | 0 | 1.0
-0.25648099184036255 | 1 | 1.0
-0.25235670804977417 | 0 | 1.0
-0.24434101581573486 | 1 | 1.0
-0.24023768305778503 | 0 | 1.0
-0.2322406768798828 | 1 | 1.0
-0.22815421223640442 | 0 | 1.0
-0.22017207741737366 | 1 | 1.0
-0.216098815202713 | 0 | 1.0
-0.2081281542778015 | 1 | 1.0
-0.20406484603881836 | 0 | 1.0
-0.196102574467659 | 1 | 1.0
-0.19204623997211456 | 0 | 1.0
-0.1840895265340805 | 1 | 1.0
Total reward: 500.0
3.1, 5.8, -3.2, 2.0, -4.3, 2.8, -3.7, 4.8, -2.5, -2.0
parameter ends

state | action | reward
[-0.01] | 1 | 1.0
-0.008584167808294296 | 0 | 1.0
-0.0037340864073485136 | 1 | 1.0
-0.0027893674559891224 | 0 | 1.0
0.0020562896970659494 | 1 | 1.0
0.002997808624058962 | 0 | 1.0
0.007841495797038078 | 1 | 1.0
0.00878223218023777 | 0 | 1.0
0.013626323081552982 | 1 | 1.0
0.01456864457577467 | 0 | 1.0
0.019415495917201042 | 1 | 1.0
0.020361779257655144 | 0 | 1.0
0.025213783606886864 | 1 | 1.0
0.02616647444665432 | 0 | 1.0
0.031026124954223633 | 1 | 1.0
0.03198780119419098 | 0 | 1.0
0.03685775026679039 | 1 | 1.0
0.037831179797649384 | 0 | 1.0
0.04271429404616356 | 1 | 1.0
0.04370250925421715 | 0 | 1.0
0.04860195145010948 | 1 | 1.0
0.04960830882191658 | 0 | 1.0
0.05452759936451912 | 1 | 1.0
0.05555586516857147 | 0 | 1.0
0.06049896031618118 | 0 | 1.0
0.06155339628458023 | 1 | 1.0
0.05872154235839844 | 0 | 1.0
0.05980702489614487 | 1 | 1.0
0.05700550600886345 | 0 | 1.0
0.05812094733119011 | 1 | 1.0
0.05534910783171654 | 0 | 1.0
0.05649418756365776 | 1 | 1.0
0.053752124309539795 | 0 | 1.0
0.05492726340889931 | 1 | 1.0
0.05221579968929291 | 0 | 1.0
0.05342216044664383 | 0 | 1.0
0.05074287950992584 | 1 | 1.0
0.04417961463332176 | 0 | 1.0
0.0415349043905735 | 1 | 1.0
0.035004161298274994 | 0 | 1.0
0.03239057585597038 | 1 | 1.0
0.025889398530125618 | 0 | 1.0
0.023304307833313942 | 1 | 1.0
0.01683049462735653 | 0 | 1.0
0.014272014610469341 | 0 | 1.0
0.007824065163731575 | 1 | 1.0
-0.002512693637982011 | 0 | 1.0
-0.008935595862567425 | 1 | 1.0
-0.019251102581620216 | 0 | 1.0
-0.025655824691057205 | 1 | 1.0
-0.03595656529068947 | 0 | 1.0
-0.04234945401549339 | 1 | 1.0
-0.05264149233698845 | 0 | 1.0
-0.05902852118015289 | 1 | 1.0
-0.06931764632463455 | 0 | 1.0
-0.07570457458496094 | 1 | 1.0
-0.08599642664194107 | 0 | 1.0
-0.09238893538713455 | 1 | 1.0
-0.10268916189670563 | 0 | 1.0
-0.10909300297498703 | 1 | 1.0
-0.11940736323595047 | 0 | 1.0
-0.12582848966121674 | 1 | 1.0
-0.13616301119327545 | 1 | 1.0
-0.14260771870613098 | 0 | 1.0
-0.14516548812389374 | 1 | 1.0
-0.15164056420326233 | 0 | 1.0
-0.1542290598154068 | 1 | 1.0
-0.1607353240251541 | 0 | 1.0
-0.1633557677268982 | 1 | 1.0
-0.16989478468894958 | 0 | 1.0
-0.17254918813705444 | 1 | 1.0
-0.17912329733371735 | 1 | 1.0
-0.18181449174880981 | 0 | 1.0
-0.180624857544899 | 1 | 1.0
-0.18335655331611633 | 0 | 1.0
-0.1822061687707901 | 1 | 1.0
-0.18497639894485474 | 0 | 1.0
-0.18386387825012207 | 1 | 1.0
-0.1866716742515564 | 0 | 1.0
-0.1855965554714203 | 1 | 1.0
-0.18844188749790192 | 1 | 1.0
-0.18740466237068176 | 0 | 1.0
-0.18248629570007324 | 1 | 1.0
-0.18148842453956604 | 0 | 1.0
-0.17660686373710632 | 1 | 1.0
-0.17564409971237183 | 0 | 1.0
-0.17079566419124603 | 1 | 1.0
-0.169864684343338 | 0 | 1.0
-0.16504652798175812 | 1 | 1.0
-0.1641448438167572 | 1 | 1.0
-0.15935492515563965 | 0 | 1.0
-0.15067729353904724 | 1 | 1.0
-0.14591428637504578 | 0 | 1.0
-0.13725949823856354 | 1 | 1.0
-0.13251610100269318 | 0 | 1.0
-0.12387727946043015 | 1 | 1.0
-0.11914674192667007 | 0 | 1.0
-0.11051742732524872 | 1 | 1.0
-0.10579339414834976 | 0 | 1.0
-0.09716745465993881 | 1 | 1.0
-0.0924438014626503 | 0 | 1.0
-0.08381523936986923 | 1 | 1.0
-0.07908593863248825 | 0 | 1.0
-0.07044877856969833 | 1 | 1.0
-0.0657077431678772 | 0 | 1.0
-0.057055871933698654 | 0 | 1.0
-0.052296802401542664 | 1 | 1.0
-0.05142773315310478 | 0 | 1.0
-0.046643953770399094 | 1 | 1.0
-0.0457499697804451 | 0 | 1.0
-0.04094095528125763 | 1 | 1.0
-0.04002119600772858 | 0 | 1.0
-0.0351857990026474 | 1 | 1.0
-0.03423876315355301 | 0 | 1.0
-0.029375189915299416 | 1 | 1.0
-0.028398720547556877 | 0 | 1.0
-0.023504512384533882 | 0 | 1.0
-0.022495746612548828 | 1 | 1.0
-0.025370365008711815 | 0 | 1.0
-0.024325648322701454 | 1 | 1.0
-0.027165653184056282 | 0 | 1.0
-0.026087142527103424 | 1 | 1.0
-0.02889419160783291 | 0 | 1.0
-0.027783174067735672 | 1 | 1.0
-0.030558088794350624 | 0 | 1.0
-0.029415030032396317 | 1 | 1.0
-0.03215782344341278 | 0 | 1.0
-0.03098238818347454 | 0 | 1.0
-0.03369227796792984 | 1 | 1.0
-0.04028607904911041 | 0 | 1.0
-0.042961448431015015 | 1 | 1.0
-0.04952319338917732 | 0 | 1.0
-0.05216825008392334 | 1 | 1.0
-0.05870166793465614 | 0 | 1.0
-0.06131981685757637 | 1 | 1.0
-0.06782788783311844 | 0 | 1.0
-0.07042182981967926 | 1 | 1.0
-0.07690688222646713 | 0 | 1.0
-0.0794786661863327 | 0 | 1.0
-0.08594243228435516 | 1 | 1.0
-0.09629762917757034 | 0 | 1.0
-0.10274127125740051 | 1 | 1.0
-0.11308030784130096 | 0 | 1.0
-0.11951116472482681 | 1 | 1.0
-0.12984105944633484 | 0 | 1.0
-0.1362660676240921 | 1 | 1.0
-0.14659352600574493 | 0 | 1.0
-0.15301939845085144 | 1 | 1.0
-0.16335101425647736 | 0 | 1.0
-0.16978438198566437 | 1 | 1.0
-0.18012674152851105 | 1 | 1.0
-0.18657435476779938 | 0 | 1.0
-0.18913006782531738 | 1 | 1.0
-0.19559894502162933 | 0 | 1.0
-0.1981762796640396 | 1 | 1.0
-0.20466719567775726 | 0 | 1.0
-0.2072671800851822 | 1 | 1.0
-0.2137814462184906 | 0 | 1.0
-0.2164057344198227 | 1 | 1.0
-0.2229452282190323 | 0 | 1.0
-0.22559601068496704 | 1 | 1.0
-0.2321632206439972 | 0 | 1.0
-0.23484334349632263 | 1 | 1.0
-0.24144136905670166 | 1 | 1.0
-0.24415434896945953 | 0 | 1.0
-0.24298454821109772 | 1 | 1.0
-0.24573470652103424 | 0 | 1.0
-0.24460113048553467 | 1 | 1.0
-0.24738700687885284 | 0 | 1.0
-0.2462887018918991 | 1 | 1.0
-0.24910974502563477 | 0 | 1.0
-0.2480466514825821 | 1 | 1.0
-0.2509031891822815 | 1 | 1.0
-0.24987612664699554 | 0 | 1.0
-0.24496696889400482 | 1 | 1.0
-0.24397768080234528 | 0 | 1.0
-0.23910388350486755 | 1 | 1.0
-0.23814833164215088 | 0 | 1.0
-0.233306422829628 | 1 | 1.0
-0.23238147795200348 | 0 | 1.0
-0.22756877541542053 | 1 | 1.0
-0.22667211294174194 | 0 | 1.0
-0.22188672423362732 | 1 | 1.0
-0.22101673483848572 | 1 | 1.0
-0.21625743806362152 | 0 | 1.0
-0.20760956406593323 | 1 | 1.0
-0.20287582278251648 | 0 | 1.0
-0.19424988329410553 | 1 | 1.0
-0.18953512609004974 | 0 | 1.0
-0.1809249073266983 | 1 | 1.0
-0.17622312903404236 | 0 | 1.0
-0.1676228940486908 | 1 | 1.0
-0.16292843222618103 | 0 | 1.0
-0.15433275699615479 | 1 | 1.0
-0.1496402472257614 | 0 | 1.0
-0.14104385673999786 | 1 | 1.0
-0.13634800910949707 | 0 | 1.0
-0.12774571776390076 | 1 | 1.0
-0.12304124981164932 | 0 | 1.0
-0.11442774534225464 | 1 | 1.0
-0.1097092404961586 | 0 | 1.0
-0.10107903182506561 | 1 | 1.0
-0.09634078294038773 | 0 | 1.0
-0.08768805861473083 | 0 | 1.0
-0.08292395621538162 | 1 | 1.0
-0.08204556256532669 | 0 | 1.0
-0.07724892348051071 | 1 | 1.0
-0.07633769512176514 | 0 | 1.0
-0.0715077817440033 | 1 | 1.0
-0.07056251913309097 | 0 | 1.0
-0.06569777429103851 | 1 | 1.0
-0.06471645832061768 | 0 | 1.0
-0.05981449410319328 | 0 | 1.0
-0.058794230222702026 | 1 | 1.0
-0.061653491109609604 | 0 | 1.0
-0.06059043109416962 | 1 | 1.0
-0.06340806931257248 | 0 | 1.0
-0.06230400130152702 | 1 | 1.0
-0.06508120149374008 | 0 | 1.0
-0.06393685936927795 | 0 | 1.0
-0.06667377799749374 | 1 | 1.0
-0.07329075038433075 | 0 | 1.0
-0.07598653435707092 | 1 | 1.0
-0.08256523311138153 | 0 | 1.0
-0.08522464334964752 | 1 | 1.0
-0.0917692556977272 | 0 | 1.0
-0.09439613670110703 | 1 | 1.0
-0.10090997815132141 | 0 | 1.0
-0.10350730270147324 | 0 | 1.0
-0.10999290645122528 | 1 | 1.0
-0.1203664094209671 | 0 | 1.0
-0.12682554125785828 | 1 | 1.0
-0.13717688620090485 | 0 | 1.0
-0.14361733198165894 | 1 | 1.0
-0.1539538949728012 | 0 | 1.0
-0.16038289666175842 | 1 | 1.0
-0.17071160674095154 | 0 | 1.0
-0.17713603377342224 | 1 | 1.0
-0.18746356666088104 | 0 | 1.0
-0.19389010965824127 | 1 | 1.0
-0.20422302186489105 | 0 | 1.0
-0.21065832674503326 | 1 | 1.0
-0.2210032343864441 | 0 | 1.0
-0.2274540662765503 | 1 | 1.0
-0.23781777918338776 | 1 | 1.0
-0.24429120123386383 | 0 | 1.0
-0.24687746167182922 | 1 | 1.0
-0.25338101387023926 | 0 | 1.0
-0.2559981346130371 | 1 | 1.0
-0.2625333070755005 | 0 | 1.0
-0.2651832401752472 | 1 | 1.0
-0.27175232768058777 | 0 | 1.0
-0.2744377851486206 | 1 | 1.0
-0.2810438573360443 | 1 | 1.0
-0.2837683856487274 | 0 | 1.0
-0.2826137840747833 | 1 | 1.0
-0.28538191318511963 | 0 | 1.0
-0.28427013754844666 | 1 | 1.0
-0.2870807945728302 | 0 | 1.0
-0.28601136803627014 | 1 | 1.0
-0.28886449337005615 | 1 | 1.0
-0.2878379821777344 | 0 | 1.0
-0.2829332649707794 | 1 | 1.0
-0.28195130825042725 | 0 | 1.0
-0.2770887613296509 | 1 | 1.0
-0.2761474549770355 | 0 | 1.0
-0.2713238298892975 | 1 | 1.0
-0.2704203724861145 | 0 | 1.0
-0.26563334465026855 | 1 | 1.0
-0.26476582884788513 | 1 | 1.0
-0.2600140869617462 | 0 | 1.0
-0.2513788938522339 | 1 | 1.0
-0.2466619908809662 | 0 | 1.0
-0.23805803060531616 | 1 | 1.0
-0.23336972296237946 | 0 | 1.0
-0.2247912883758545 | 1 | 1.0
-0.22012610733509064 | 0 | 1.0
-0.21156813204288483 | 1 | 1.0
-0.2069212645292282 | 0 | 1.0
-0.19837923347949982 | 1 | 1.0
-0.19374634325504303 | 0 | 1.0
-0.18521620333194733 | 1 | 1.0
-0.18059338629245758 | 0 | 1.0
-0.1720714122056961 | 1 | 1.0
-0.1674550473690033 | 0 | 1.0
-0.15893776714801788 | 1 | 1.0
-0.15432444214820862 | 0 | 1.0
-0.14580853283405304 | 1 | 1.0
-0.14119495451450348 | 0 | 1.0
-0.13267716765403748 | 1 | 1.0
-0.12806008756160736 | 0 | 1.0
-0.11953717470169067 | 1 | 1.0
-0.11491327732801437 | 0 | 1.0
-0.10638191550970078 | 1 | 1.0
-0.1017477810382843 | 0 | 1.0
-0.09320445358753204 | 1 | 1.0
-0.0885564312338829 | 0 | 1.0
-0.07999740540981293 | 1 | 1.0
-0.07533155381679535 | 0 | 1.0
-0.06675272434949875 | 1 | 1.0
-0.062064722180366516 | 0 | 1.0
-0.05346158146858215 | 1 | 1.0
-0.04874659702181816 | 0 | 1.0
-0.040114112198352814 | 0 | 1.0
-0.0353667289018631 | 1 | 1.0
-0.03450160473585129 | 0 | 1.0
-0.029715657234191895 | 1 | 1.0
-0.028811877593398094 | 0 | 1.0
-0.023986969143152237 | 1 | 1.0
-0.023043597117066383 | 0 | 1.0
-0.018178382888436317 | 1 | 1.0
-0.017193514853715897 | 0 | 1.0
-0.012285680510103703 | 0 | 1.0
-0.011256419122219086 | 1 | 1.0
-0.014103463850915432 | 0 | 1.0
-0.013025814667344093 | 1 | 1.0
-0.015825511887669563 | 0 | 1.0
-0.014700964093208313 | 1 | 1.0
-0.017454111948609352 | 0 | 1.0
-0.016282981261610985 | 0 | 1.0
-0.01898922771215439 | 1 | 1.0
-0.025571387261152267 | 0 | 1.0
-0.028229182586073875 | 1 | 1.0
-0.034765344113111496 | 0 | 1.0
-0.037378594279289246 | 1 | 1.0
-0.04387196898460388 | 0 | 1.0
-0.04644344374537468 | 0 | 1.0
-0.0528961680829525 | 1 | 1.0
-0.06322956085205078 | 0 | 1.0
-0.06964270770549774 | 1 | 1.0
-0.07994048297405243 | 0 | 1.0
-0.08632081001996994 | 1 | 1.0
-0.09658913314342499 | 0 | 1.0
-0.10294251888990402 | 1 | 1.0
-0.1131867989897728 | 0 | 1.0
-0.11951838433742523 | 1 | 1.0
-0.12974338233470917 | 0 | 1.0
-0.13605773448944092 | 0 | 1.0
-0.14626771211624146 | 1 | 1.0
-0.16037346422672272 | 0 | 1.0
-0.1705722063779831 | 1 | 1.0
-0.184672012925148 | 0 | 1.0
-0.19486968219280243 | 1 | 1.0
-0.20897340774536133 | 1 | 1.0
-0.21918001770973206 | 0 | 1.0
-0.2254931628704071 | 1 | 1.0
-0.23571884632110596 | 0 | 1.0
-0.24205301702022552 | 1 | 1.0
-0.25230154395103455 | 0 | 1.0
-0.25866082310676575 | 1 | 1.0
-0.26893648505210876 | 0 | 1.0
-0.2753254771232605 | 1 | 1.0
-0.2856331765651703 | 0 | 1.0
-0.29205721616744995 | 1 | 1.0
-0.30240246653556824 | 1 | 1.0
-0.3088676333427429 | 0 | 1.0
-0.3114558756351471 | 1 | 1.0
-0.3179691731929779 | 0 | 1.0
-0.3206062912940979 | 1 | 1.0
-0.32716917991638184 | 0 | 1.0
-0.32985731959342957 | 1 | 1.0
-0.3364725410938263 | 1 | 1.0
-0.33921509981155396 | 0 | 1.0
-0.33808764815330505 | 1 | 1.0
-0.3408893644809723 | 0 | 1.0
-0.3398205637931824 | 1 | 1.0
-0.34268099069595337 | 1 | 1.0
-0.3416712284088135 | 0 | 1.0
-0.3367929756641388 | 1 | 1.0
-0.3358441889286041 | 0 | 1.0
-0.3310246765613556 | 1 | 1.0
-0.3301335573196411 | 1 | 1.0
-0.3253704607486725 | 0 | 1.0
-0.31673598289489746 | 1 | 1.0
-0.3120284080505371 | 0 | 1.0
-0.3034455478191376 | 1 | 1.0
-0.29878732562065125 | 0 | 1.0
-0.2902507781982422 | 1 | 1.0
-0.2856369912624359 | 1 | 1.0
-0.27714255452156067 | 0 | 1.0
-0.26476746797561646 | 1 | 1.0
-0.2563120722770691 | 0 | 1.0
-0.24397091567516327 | 1 | 1.0
-0.2355457842350006 | 0 | 1.0
-0.22323042154312134 | 1 | 1.0
-0.21482758224010468 | 0 | 1.0
-0.20253050327301025 | 1 | 1.0
-0.1941426396369934 | 0 | 1.0
-0.18185687065124512 | 1 | 1.0
-0.17347706854343414 | 0 | 1.0
-0.16119597852230072 | 1 | 1.0
-0.15281765162944794 | 0 | 1.0
-0.14053478837013245 | 1 | 1.0
-0.13215143978595734 | 0 | 1.0
-0.11986038088798523 | 1 | 1.0
-0.11146549880504608 | 0 | 1.0
-0.09915972501039505 | 1 | 1.0
-0.09074658155441284 | 0 | 1.0
-0.07841930538415909 | 1 | 1.0
-0.06998082995414734 | 0 | 1.0
-0.05762486159801483 | 1 | 1.0
-0.04915347322821617 | 0 | 1.0
-0.03676106780767441 | 0 | 1.0
-0.02824852056801319 | 1 | 1.0
-0.02361188270151615 | 0 | 1.0
-0.015049038454890251 | 1 | 1.0
-0.010360130108892918 | 0 | 1.0
-0.0017433749744668603 | 0 | 1.0
0.0030021651182323694 | 1 | 1.0
0.0038794889114797115 | 0 | 1.0
0.008687391877174377 | 1 | 1.0
0.009627219289541245 | 0 | 1.0
0.014498070813715458 | 0 | 1.0
0.01550191082060337 | 1 | 1.0
0.012640846893191338 | 0 | 1.0
0.013711811974644661 | 1 | 1.0
0.01091647520661354 | 0 | 1.0
0.012052698992192745 | 0 | 1.0
0.009322216734290123 | 1 | 1.0
0.002726268256083131 | 0 | 1.0
6.141969788586721e-05 | 1 | 1.0
-0.006471734493970871 | 0 | 1.0
-0.009075170382857323 | 0 | 1.0
-0.01554877869784832 | 1 | 1.0
-0.0258922316133976 | 0 | 1.0
-0.03230801597237587 | 1 | 1.0
-0.04259800538420677 | 0 | 1.0
-0.04896289110183716 | 1 | 1.0
-0.05920548364520073 | 0 | 1.0
-0.0655251145362854 | 0 | 1.0
-0.07572520524263382 | 1 | 1.0
-0.08980605751276016 | 0 | 1.0
-0.09996743500232697 | 1 | 1.0
-0.11401504278182983 | 0 | 1.0
-0.12414718419313431 | 1 | 1.0
-0.13817040622234344 | 0 | 1.0
-0.1482820063829422 | 1 | 1.0
-0.1622890681028366 | 0 | 1.0
-0.1723882257938385 | 1 | 1.0
-0.18638689815998077 | 0 | 1.0
-0.19648133218288422 | 1 | 1.0
-0.21047908067703247 | 0 | 1.0
-0.22057630121707916 | 1 | 1.0
-0.23458050191402435 | 0 | 1.0
-0.2446879893541336 | 1 | 1.0
-0.25870606303215027 | 0 | 1.0
-0.26883143186569214 | 1 | 1.0
-0.2828710377216339 | 0 | 1.0
-0.2930222451686859 | 1 | 1.0
-0.3070914149284363 | 0 | 1.0
-0.31727689504623413 | 1 | 1.0
-0.33138424158096313 | 1 | 1.0
-0.3416130840778351 | 0 | 1.0
-0.3479677736759186 | 1 | 1.0
-0.35825005173683167 | 0 | 1.0
-0.36466071009635925 | 1 | 1.0
-0.3750009834766388 | 1 | 1.0
-0.38147300481796265 | 0 | 1.0
-0.3840802311897278 | 1 | 1.0
-0.3906204104423523 | 0 | 1.0
-0.3932967185974121 | 1 | 1.0
-0.3999069035053253 | 1 | 1.0
-0.40265512466430664 | 0 | 1.0
-0.40154409408569336 | 1 | 1.0
-0.4043687880039215 | 1 | 1.0
-0.4033338725566864 | 0 | 1.0
-0.39844074845314026 | 1 | 1.0
-0.39748308062553406 | 0 | 1.0
-0.3926646113395691 | 1 | 1.0
-0.3917805850505829 | 1 | 1.0
-0.3870343267917633 | 0 | 1.0
-0.37842661142349243 | 1 | 1.0
-0.37375199794769287 | 0 | 1.0
-0.36521220207214355 | 1 | 1.0
-0.36060380935668945 | 1 | 1.0
-0.3521276116371155 | 0 | 1.0
-0.33978354930877686 | 1 | 1.0
-0.33136820793151855 | 0 | 1.0
-0.3190799951553345 | 1 | 1.0
-0.3107175827026367 | 1 | 1.0
-0.29847824573516846 | 0 | 1.0
-0.2823609709739685 | 1 | 1.0
-0.2701647877693176 | 0 | 1.0
-0.2540840804576874 | 1 | 1.0
-0.24191974103450775 | 0 | 1.0
-0.22586499154567719 | 1 | 1.0
-0.21372202038764954 | 0 | 1.0
-0.19768328964710236 | 1 | 1.0
-0.18555179238319397 | 0 | 1.0
-0.16951961815357208 | 1 | 1.0
-0.15739011764526367 | 0 | 1.0
-0.1413552463054657 | 1 | 1.0
-0.12921839952468872 | 0 | 1.0
-0.11317167431116104 | 1 | 1.0
-0.10101808607578278 | 0 | 1.0
-0.08495018631219864 | 1 | 1.0
-0.07277023047208786 | 0 | 1.0
-0.056671496480703354 | 0 | 1.0
-0.044455066323280334 | 1 | 1.0
-0.036116521805524826 | 0 | 1.0
Total reward: 500.0
3.1, 5.8, -3.2, 2.0, -4.3, 2.8, -3.7, 4.8, -2.5, -2.0
parameter ends

state | action | reward
[-0.04] | 1 | 1.0
-0.03920123353600502 | 0 | 1.0
-0.03462601453065872 | 1 | 1.0
-0.03396618366241455 | 0 | 1.0
-0.029416562989354134 | 1 | 1.0
-0.028781168162822723 | 1 | 1.0
-0.024254759773612022 | 0 | 1.0
-0.015837717801332474 | 1 | 1.0
-0.011332759633660316 | 0 | 1.0
-0.0029328856617212296 | 1 | 1.0
0.0015585121000185609 | 0 | 1.0
0.009948758408427238 | 1 | 1.0
0.014434069395065308 | 0 | 1.0
0.02282191999256611 | 1 | 1.0
0.027308378368616104 | 0 | 1.0
0.03570092096924782 | 1 | 1.0
0.04019569605588913 | 0 | 1.0
0.04860004037618637 | 0 | 1.0
0.053110409528017044 | 1 | 1.0
0.0537298284471035 | 0 | 1.0
0.05826336517930031 | 1 | 1.0
0.05890662223100662 | 0 | 1.0
0.0634647086262703 | 1 | 1.0
0.06413350254297256 | 0 | 1.0
0.06871810555458069 | 1 | 1.0
0.06941474974155426 | 0 | 1.0
0.07402846962213516 | 1 | 1.0
0.0747559443116188 | 0 | 1.0
0.07940205186605453 | 0 | 1.0
0.08016406744718552 | 1 | 1.0
0.07704432308673859 | 0 | 1.0
0.07784540206193924 | 1 | 1.0
0.07476390898227692 | 0 | 1.0
0.07560284435749054 | 1 | 1.0
0.0725589469075203 | 0 | 1.0
0.07343550026416779 | 1 | 1.0
0.07042946666479111 | 0 | 1.0
0.07134432345628738 | 0 | 1.0
0.06837737560272217 | 1 | 1.0
0.061530280858278275 | 0 | 1.0
0.05860463157296181 | 1 | 1.0
0.05179670825600624 | 0 | 1.0
0.04890889301896095 | 1 | 1.0
0.042137280106544495 | 0 | 1.0
0.039284832775592804 | 0 | 1.0
0.03254758566617966 | 1 | 1.0
0.02192613296210766 | 0 | 1.0
0.015222206711769104 | 1 | 1.0
0.004630140960216522 | 0 | 1.0
-0.002047342713922262 | 1 | 1.0
-0.01261640153825283 | 0 | 1.0
-0.019273601472377777 | 1 | 1.0
-0.029825422912836075 | 0 | 1.0
-0.03646792843937874 | 1 | 1.0
-0.04700780287384987 | 0 | 1.0
-0.05364077538251877 | 1 | 1.0
-0.06417364627122879 | 0 | 1.0
-0.07080194354057312 | 1 | 1.0
-0.08133251965045929 | 0 | 1.0
-0.08796081691980362 | 1 | 1.0
-0.09849370270967484 | 0 | 1.0
-0.10512662678956985 | 1 | 1.0
-0.11566641926765442 | 0 | 1.0
-0.1223086565732956 | 1 | 1.0
-0.13286006450653076 | 0 | 1.0
-0.1395164430141449 | 1 | 1.0
-0.15008439123630524 | 0 | 1.0
-0.1567600667476654 | 1 | 1.0
-0.16734983026981354 | 0 | 1.0
-0.17405033111572266 | 1 | 1.0
-0.18466760218143463 | 1 | 1.0
-0.19139902293682098 | 0 | 1.0
-0.19424758851528168 | 1 | 1.0
-0.20101666450500488 | 0 | 1.0
-0.20390331745147705 | 1 | 1.0
-0.2107110470533371 | 0 | 1.0
-0.21363727748394012 | 1 | 1.0
-0.22048553824424744 | 0 | 1.0
-0.2234538048505783 | 1 | 1.0
-0.2303454577922821 | 1 | 1.0
-0.2333592176437378 | 0 | 1.0
-0.23249757289886475 | 1 | 1.0
-0.23556140065193176 | 0 | 1.0
-0.23474910855293274 | 1 | 1.0
-0.23786211013793945 | 1 | 1.0
-0.23709902167320251 | 0 | 1.0
-0.23246116936206818 | 1 | 1.0
-0.23174837231636047 | 0 | 1.0
-0.22715811431407928 | 1 | 1.0
-0.226491317152977 | 0 | 1.0
-0.22194506227970123 | 1 | 1.0
-0.22132112085819244 | 0 | 1.0
-0.21681641042232513 | 1 | 1.0
-0.2162332832813263 | 1 | 1.0
-0.21176867187023163 | 0 | 1.0
-0.2034233659505844 | 1 | 1.0
-0.19899846613407135 | 0 | 1.0
-0.19068928062915802 | 1 | 1.0
-0.18629801273345947 | 0 | 1.0
-0.1780194789171219 | 1 | 1.0
-0.1736566722393036 | 0 | 1.0
-0.1654040813446045 | 1 | 1.0
-0.16106532514095306 | 1 | 1.0
-0.15283465385437012 | 0 | 1.0
-0.14071200788021088 | 1 | 1.0
-0.13249985873699188 | 0 | 1.0
-0.12039059400558472 | 1 | 1.0
-0.11218736320734024 | 0 | 1.0
-0.10008224099874496 | 1 | 1.0
-0.09187865257263184 | 0 | 1.0
-0.07976863533258438 | 0 | 1.0
-0.07155551761388779 | 1 | 1.0
-0.06723589450120926 | 0 | 1.0
-0.059003956615924835 | 1 | 1.0
-0.054663993418216705 | 0 | 1.0
-0.046410270035266876 | 1 | 1.0
-0.042046722024679184 | 0 | 1.0
-0.03376775234937668 | 1 | 1.0
-0.029376840218901634 | 0 | 1.0
-0.021068593487143517 | 1 | 1.0
-0.01664590835571289 | 0 | 1.0
-0.008303708396852016 | 0 | 1.0
-0.0038441228680312634 | 1 | 1.0
-0.003264306578785181 | 0 | 1.0
0.0012381718261167407 | 1 | 1.0
0.0018609256949275732 | 0 | 1.0
0.0064066327176988125 | 1 | 1.0
0.0070732696913182735 | 0 | 1.0
0.011663595214486122 | 0 | 1.0
0.012376127764582634 | 1 | 1.0
0.009212865494191647 | 0 | 1.0
0.00997445359826088 | 1 | 1.0
0.006858729757368565 | 0 | 1.0
0.007667080964893103 | 1 | 1.0
0.004597304854542017 | 0 | 1.0
0.005451301112771034 | 0 | 1.0
0.002427021274343133 | 1 | 1.0
-0.0044743577018380165 | 0 | 1.0
-0.0074524227529764175 | 1 | 1.0
-0.014310525730252266 | 0 | 1.0
-0.017247166484594345 | 1 | 1.0
-0.02406611666083336 | 0 | 1.0
-0.026965055614709854 | 1 | 1.0
-0.03374798968434334 | 0 | 1.0
-0.036611974239349365 | 0 | 1.0
-0.043361108750104904 | 1 | 1.0
-0.05399489030241966 | 0 | 1.0
-0.060711558908224106 | 1 | 1.0
-0.07131696492433548 | 0 | 1.0
-0.07800835371017456 | 1 | 1.0
-0.08859208226203918 | 0 | 1.0
-0.09526468813419342 | 1 | 1.0
-0.10583285242319107 | 0 | 1.0
-0.1124926432967186 | 1 | 1.0
-0.12305092066526413 | 0 | 1.0
-0.12970344722270966 | 1 | 1.0
-0.14025720953941345 | 0 | 1.0
-0.14690782129764557 | 1 | 1.0
-0.15746226906776428 | 0 | 1.0
-0.16411614418029785 | 1 | 1.0
-0.17467641830444336 | 0 | 1.0
-0.18133880198001862 | 1 | 1.0
-0.19191014766693115 | 0 | 1.0
-0.1985863894224167 | 1 | 1.0
-0.2091742306947708 | 0 | 1.0
-0.2158699780702591 | 1 | 1.0
-0.22648005187511444 | 0 | 1.0
-0.23320132493972778 | 1 | 1.0
-0.24383984506130219 | 1 | 1.0
-0.25059324502944946 | 0 | 1.0
-0.2534646689891815 | 1 | 1.0
-0.26025745272636414 | 0 | 1.0
-0.2631690502166748 | 1 | 1.0
-0.2700027525424957 | 0 | 1.0
-0.2729565501213074 | 1 | 1.0
-0.27983367443084717 | 1 | 1.0
-0.2828327715396881 | 0 | 1.0
-0.28195619583129883 | 1 | 1.0
-0.2850048243999481 | 0 | 1.0
-0.28417685627937317 | 1 | 1.0
-0.2872737646102905 | 0 | 1.0
-0.28649386763572693 | 1 | 1.0
-0.2896389961242676 | 1 | 1.0
-0.28890782594680786 | 0 | 1.0
-0.2843019664287567 | 1 | 1.0
-0.2836214005947113 | 0 | 1.0
-0.2790639102458954 | 1 | 1.0
-0.27843043208122253 | 0 | 1.0
-0.2739185094833374 | 1 | 1.0
-0.27332979440689087 | 1 | 1.0
-0.2688617706298828 | 0 | 1.0
-0.2605152130126953 | 1 | 1.0
-0.25609058141708374 | 0 | 1.0
-0.24778378009796143 | 1 | 1.0
-0.24339647591114044 | 0 | 1.0
-0.23512397706508636 | 1 | 1.0
-0.23076887428760529 | 0 | 1.0
-0.22252610325813293 | 1 | 1.0
-0.21819892525672913 | 1 | 1.0
-0.20998206734657288 | 0 | 1.0
-0.1978754848241806 | 1 | 1.0
-0.18968142569065094 | 0 | 1.0
-0.17759265005588531 | 1 | 1.0
-0.16941221058368683 | 0 | 1.0
-0.15733245015144348 | 1 | 1.0
-0.149156853556633 | 0 | 1.0
-0.13707761466503143 | 1 | 1.0
-0.12889832258224487 | 0 | 1.0
-0.11681123077869415 | 0 | 1.0
-0.10861971974372864 | 1 | 1.0
-0.10432051867246628 | 0 | 1.0
-0.09610807150602341 | 1 | 1.0
-0.09178668260574341 | 0 | 1.0
-0.08355085551738739 | 1 | 1.0
-0.07920452952384949 | 0 | 1.0
-0.07094232738018036 | 1 | 1.0
-0.06656773388385773 | 0 | 1.0
-0.05827554687857628 | 1 | 1.0
-0.053868696093559265 | 0 | 1.0
-0.04554225504398346 | 0 | 1.0
-0.041098419576883316 | 1 | 1.0
-0.040534477680921555 | 0 | 1.0
-0.036048054695129395 | 1 | 1.0
-0.03544170409440994 | 0 | 1.0
-0.030912749469280243 | 1 | 1.0
-0.030263440683484077 | 0 | 1.0
-0.025690963491797447 | 1 | 1.0
-0.024997098371386528 | 0 | 1.0
-0.02037905529141426 | 0 | 1.0
-0.01963796466588974 | 1 | 1.0
-0.022771582007408142 | 0 | 1.0
-0.021979421377182007 | 1 | 1.0
-0.025063075125217438 | 0 | 1.0
-0.02422141097486019 | 0 | 1.0
-0.027255933731794357 | 1 | 1.0
-0.034165553748607635 | 0 | 1.0
-0.037150513380765915 | 1 | 1.0
-0.04401366412639618 | 0 | 1.0
-0.04695404693484306 | 1 | 1.0
-0.05377500131726265 | 0 | 1.0
-0.05667465180158615 | 1 | 1.0
-0.06345661729574203 | 0 | 1.0
-0.0663183331489563 | 0 | 1.0
-0.07306353002786636 | 1 | 1.0
-0.08369167149066925 | 0 | 1.0
-0.09040136635303497 | 1 | 1.0
-0.10099805891513824 | 0 | 1.0
-0.10767928510904312 | 1 | 1.0
-0.11825104802846909 | 0 | 1.0
-0.12491007894277573 | 1 | 1.0
-0.13546274602413177 | 0 | 1.0
-0.14210523664951324 | 1 | 1.0
-0.15264415740966797 | 0 | 1.0
-0.15927529335021973 | 1 | 1.0
-0.1698053777217865 | 0 | 1.0
-0.17642998695373535 | 1 | 1.0
-0.18695592880249023 | 0 | 1.0
-0.19357863068580627 | 1 | 1.0
-0.20410491526126862 | 0 | 1.0
-0.21073020994663239 | 1 | 1.0
-0.22126130759716034 | 0 | 1.0
-0.22789369523525238 | 1 | 1.0
-0.23843413591384888 | 0 | 1.0
-0.24507826566696167 | 1 | 1.0
-0.2556327283382416 | 0 | 1.0
-0.2622934579849243 | 1 | 1.0
-0.2728669047355652 | 0 | 1.0
-0.2795494496822357 | 1 | 1.0
-0.29014724493026733 | 0 | 1.0
-0.2968572676181793 | 1 | 1.0
-0.30748531222343445 | 0 | 1.0
-0.3142290711402893 | 1 | 1.0
-0.3248938024044037 | 1 | 1.0
-0.3316783010959625 | 0 | 1.0
-0.33458608388900757 | 1 | 1.0
-0.34141919016838074 | 0 | 1.0
-0.3443768322467804 | 1 | 1.0
-0.3512609302997589 | 1 | 1.0
-0.3542715013027191 | 0 | 1.0
-0.3534109592437744 | 1 | 1.0
-0.35647884011268616 | 0 | 1.0
-0.3556748926639557 | 1 | 1.0
-0.35879915952682495 | 0 | 1.0
-0.35805174708366394 | 1 | 1.0
-0.3612329661846161 | 1 | 1.0
-0.3605434000492096 | 0 | 1.0
-0.35598504543304443 | 1 | 1.0
-0.3553561270236969 | 0 | 1.0
-0.350856751203537 | 1 | 1.0
-0.3502861261367798 | 1 | 1.0
-0.3458442687988281 | 0 | 1.0
-0.337532103061676 | 1 | 1.0
-0.333147794008255 | 0 | 1.0
-0.3248898386955261 | 1 | 1.0
-0.3205578327178955 | 1 | 1.0
-0.31234973669052124 | 0 | 1.0
-0.30026543140411377 | 1 | 1.0
-0.2921040952205658 | 0 | 1.0
-0.2800614535808563 | 1 | 1.0
-0.27193838357925415 | 0 | 1.0
-0.2599295675754547 | 1 | 1.0
-0.2518371343612671 | 0 | 1.0
-0.23985515534877777 | 1 | 1.0
-0.23178663849830627 | 0 | 1.0
-0.21982520818710327 | 1 | 1.0
-0.2117745280265808 | 1 | 1.0
-0.19982792437076569 | 0 | 1.0
-0.18398484587669373 | 1 | 1.0
-0.17204779386520386 | 0 | 1.0
-0.15620824694633484 | 0 | 1.0
-0.14426907896995544 | 1 | 1.0
-0.13622640073299408 | 0 | 1.0
-0.12427351623773575 | 1 | 1.0
-0.11621447652578354 | 0 | 1.0
-0.10424277931451797 | 1 | 1.0
-0.09616203606128693 | 0 | 1.0
-0.0841660276055336 | 1 | 1.0
-0.07605777680873871 | 0 | 1.0
-0.06403146684169769 | 1 | 1.0
-0.0558893159031868 | 0 | 1.0
-0.04382608085870743 | 0 | 1.0
-0.03564291447401047 | 1 | 1.0
-0.0313362292945385 | 0 | 1.0
-0.023104006424546242 | 1 | 1.0
-0.018746960908174515 | 0 | 1.0
-0.01046318095177412 | 1 | 1.0
-0.0060525513254106045 | 0 | 1.0
0.0022864791098982096 | 0 | 1.0
0.00675515690818429 | 1 | 1.0
0.007356548216193914 | 0 | 1.0
0.011889141984283924 | 1 | 1.0
0.012554695829749107 | 0 | 1.0
0.017151964828372 | 0 | 1.0
0.017883388325572014 | 1 | 1.0
0.014751174487173557 | 0 | 1.0
0.015551821328699589 | 1 | 1.0
0.012487600557506084 | 0 | 1.0
0.013355898670852184 | 0 | 1.0
0.010359127074480057 | 1 | 1.0
0.0034986785613000393 | 0 | 1.0
0.0005705234943889081 | 0 | 1.0
-0.006223896984010935 | 1 | 1.0
-0.016884617507457733 | 0 | 1.0
-0.023615645244717598 | 1 | 1.0
-0.03421790525317192 | 0 | 1.0
-0.040893249213695526 | 1 | 1.0
-0.05144380033016205 | 0 | 1.0
-0.05806979164481163 | 0 | 1.0
-0.06857413798570633 | 1 | 1.0
-0.08295734226703644 | 0 | 1.0
-0.09341979026794434 | 1 | 1.0
-0.10776688903570175 | 0 | 1.0
-0.11819735914468765 | 1 | 1.0
-0.13251759111881256 | 0 | 1.0
-0.14292515814304352 | 1 | 1.0
-0.15722709894180298 | 0 | 1.0
-0.1676201969385147 | 1 | 1.0
-0.181911900639534 | 0 | 1.0
-0.1922985315322876 | 1 | 1.0
-0.20658770203590393 | 0 | 1.0
-0.2169756144285202 | 1 | 1.0
-0.23126986622810364 | 0 | 1.0
-0.24166671931743622 | 1 | 1.0
-0.2559736371040344 | 0 | 1.0
-0.2663872241973877 | 1 | 1.0
-0.28071460127830505 | 0 | 1.0
-0.2911530137062073 | 1 | 1.0
-0.3055090010166168 | 0 | 1.0
-0.31598079204559326 | 1 | 1.0
-0.3303740918636322 | 1 | 1.0
-0.34088844060897827 | 0 | 1.0
-0.3475281596183777 | 1 | 1.0
-0.3580951988697052 | 0 | 1.0
-0.364790141582489 | 1 | 1.0
-0.3754144608974457 | 1 | 1.0
-0.38217008113861084 | 0 | 1.0
-0.38506045937538147 | 1 | 1.0
-0.39188358187675476 | 0 | 1.0
-0.39484235644340515 | 1 | 1.0
-0.40173476934432983 | 1 | 1.0
-0.40476474165916443 | 0 | 1.0
-0.4039350152015686 | 1 | 1.0
-0.4070407748222351 | 1 | 1.0
-0.4062863886356354 | 0 | 1.0
-0.401673287153244 | 1 | 1.0
-0.4009953439235687 | 0 | 1.0
-0.3964560031890869 | 1 | 1.0
-0.3958507776260376 | 1 | 1.0
-0.39138272404670715 | 0 | 1.0
-0.3830524981021881 | 1 | 1.0
-0.37865498661994934 | 0 | 1.0
-0.3703915476799011 | 1 | 1.0
-0.36605897545814514 | 1 | 1.0
-0.3578577935695648 | 0 | 1.0
-0.3457878530025482 | 1 | 1.0
-0.337645947933197 | 0 | 1.0
-0.32563018798828125 | 1 | 1.0
-0.3175394833087921 | 0 | 1.0
-0.30557066202163696 | 1 | 1.0
-0.29752427339553833 | 1 | 1.0
-0.2855963408946991 | 0 | 1.0
-0.26978620886802673 | 1 | 1.0
-0.2578941285610199 | 0 | 1.0
-0.24211367964744568 | 1 | 1.0
-0.2302466779947281 | 0 | 1.0
-0.2144857794046402 | 1 | 1.0
-0.20263372361660004 | 0 | 1.0
-0.18688271939754486 | 1 | 1.0
-0.1750360131263733 | 0 | 1.0
-0.15928557515144348 | 1 | 1.0
-0.147434800863266 | 0 | 1.0
-0.13167573511600494 | 1 | 1.0
-0.1198115348815918 | 0 | 1.0
-0.10403456538915634 | 1 | 1.0
-0.09214738011360168 | 0 | 1.0
-0.07634296268224716 | 0 | 1.0
-0.0644228458404541 | 1 | 1.0
-0.05638276785612106 | 0 | 1.0
-0.04441911727190018 | 1 | 1.0
-0.03633281588554382 | 0 | 1.0
-0.024320760741829872 | 1 | 1.0
-0.016182705760002136 | 0 | 1.0
-0.004116323310881853 | 0 | 1.0
0.004080156330019236 | 1 | 1.0
0.008410596288740635 | 0 | 1.0
0.01667351834475994 | 1 | 1.0
0.02107200026512146 | 0 | 1.0
0.029404282569885254 | 0 | 1.0
0.03387472406029701 | 1 | 1.0
0.03448648378252983 | 0 | 1.0
0.03903455287218094 | 0 | 1.0
0.03972425311803818 | 1 | 1.0
0.036557428538799286 | 0 | 1.0
0.037327297031879425 | 1 | 1.0
0.0342387855052948 | 0 | 1.0
0.03508640080690384 | 0 | 1.0
0.03207499906420708 | 1 | 1.0
0.025205818936228752 | 0 | 1.0
0.0222722627222538 | 0 | 1.0
0.015478110872209072 | 1 | 1.0
0.0048232716508209705 | 0 | 1.0
-0.0018985039787366986 | 1 | 1.0
-0.012485945597290993 | 0 | 1.0
-0.019142845645546913 | 0 | 1.0
-0.029669292271137238 | 1 | 1.0
-0.04406610131263733 | 0 | 1.0
-0.05453642085194588 | 1 | 1.0
-0.06888335198163986 | 0 | 1.0
-0.0793076828122139 | 1 | 1.0
-0.09361398965120316 | 0 | 1.0
-0.10400135815143585 | 1 | 1.0
-0.11827534437179565 | 0 | 1.0
-0.1286337971687317 | 0 | 1.0
-0.14288294315338135 | 1 | 1.0
-0.16102387011051178 | 0 | 1.0
-0.1752549558877945 | 1 | 1.0
-0.19338470697402954 | 0 | 1.0
-0.20761069655418396 | 1 | 1.0
-0.22574175894260406 | 0 | 1.0
-0.23997533321380615 | 1 | 1.0
-0.258120059967041 | 1 | 1.0
-0.27237391471862793 | 0 | 1.0
-0.28274160623550415 | 1 | 1.0
-0.2970287501811981 | 0 | 1.0
-0.307433545589447 | 1 | 1.0
-0.321760892868042 | 0 | 1.0
-0.3322103023529053 | 1 | 1.0
-0.3465856611728668 | 1 | 1.0
-0.3570880889892578 | 0 | 1.0
-0.36372193694114685 | 1 | 1.0
-0.3742869794368744 | 0 | 1.0
-0.38098591566085815 | 1 | 1.0
-0.39161795377731323 | 1 | 1.0
-0.3983873128890991 | 0 | 1.0
-0.4012976288795471 | 1 | 1.0
-0.40814435482025146 | 1 | 1.0
-0.41113317012786865 | 0 | 1.0
-0.4102664887905121 | 1 | 1.0
-0.4133373498916626 | 0 | 1.0
-0.4125516414642334 | 1 | 1.0
-0.4157033860683441 | 1 | 1.0
-0.4149988293647766 | 0 | 1.0
-0.41043975949287415 | 1 | 1.0
-0.40981847047805786 | 1 | 1.0
-0.4053408205509186 | 0 | 1.0
-0.3970073461532593 | 1 | 1.0
-0.3926101326942444 | 0 | 1.0
-0.3843531608581543 | 1 | 1.0
-0.38003072142601013 | 1 | 1.0
-0.3718458116054535 | 0 | 1.0
-0.359798401594162 | 1 | 1.0
-0.35168302059173584 | 0 | 1.0
-0.3397001624107361 | 1 | 1.0
-0.33164674043655396 | 1 | 1.0
-0.3197219967842102 | 0 | 1.0
-0.3039250671863556 | 1 | 1.0
-0.2920534312725067 | 0 | 1.0
-0.27630335092544556 | 1 | 1.0
-0.26447445154190063 | 0 | 1.0
-0.24876166880130768 | 1 | 1.0
Total reward: 500.0
3.1, 5.8, -3.2, 2.0, -4.3, 2.8, -3.7, 4.8, -2.5, -2.0
parameter ends

state | action | reward
[0.04] | 1 | 1.0
0.038203686475753784 | 0 | 1.0
0.04222950339317322 | 1 | 1.0
0.04235837981104851 | 0 | 1.0
0.04639672487974167 | 1 | 1.0
0.04654010757803917 | 0 | 1.0
0.05059482902288437 | 0 | 1.0
0.05075676366686821 | 1 | 1.0
0.047028083354234695 | 0 | 1.0
0.04721304401755333 | 1 | 1.0
0.04350639879703522 | 0 | 1.0
0.043712690472602844 | 1 | 1.0
0.040026694536209106 | 0 | 1.0
0.040253184735774994 | 1 | 1.0
0.03658699244260788 | 0 | 1.0
0.03683306276798248 | 1 | 1.0
0.033186327666044235 | 0 | 1.0
0.0334518663585186 | 1 | 1.0
0.02982473373413086 | 0 | 1.0
0.030110115185379982 | 1 | 1.0
0.026503218337893486 | 0 | 1.0
0.02680930495262146 | 0 | 1.0
0.02322378009557724 | 1 | 1.0
0.015748022124171257 | 0 | 1.0
0.012185539118945599 | 1 | 1.0
0.004730344284325838 | 0 | 1.0
0.0011864412808790803 | 1 | 1.0
-0.006252325605601072 | 0 | 1.0
-0.009781590662896633 | 1 | 1.0
-0.017207615077495575 | 0 | 1.0
-0.02072577178478241 | 1 | 1.0
-0.028142383322119713 | 0 | 1.0
-0.03165263682603836 | 1 | 1.0
-0.03906289488077164 | 0 | 1.0
-0.04256821051239967 | 1 | 1.0
-0.04997497424483299 | 0 | 1.0
-0.053478166460990906 | 1 | 1.0
-0.06088417395949364 | 0 | 1.0
-0.06438795477151871 | 1 | 1.0
-0.07179590314626694 | 0 | 1.0
-0.07530297338962555 | 1 | 1.0
-0.08271554857492447 | 0 | 1.0
-0.08622866123914719 | 1 | 1.0
-0.09364865720272064 | 0 | 1.0
-0.09717067331075668 | 1 | 1.0
-0.10460101813077927 | 0 | 1.0
-0.10813497751951218 | 1 | 1.0
-0.11557882279157639 | 0 | 1.0
-0.11912804841995239 | 1 | 1.0
-0.126588836312294 | 0 | 1.0
-0.1301569789648056 | 1 | 1.0
-0.13763850927352905 | 1 | 1.0
-0.14122962951660156 | 0 | 1.0
-0.1409326046705246 | 1 | 1.0
-0.14455130696296692 | 0 | 1.0
-0.14428098499774933 | 1 | 1.0
-0.14792585372924805 | 0 | 1.0
-0.14768116176128387 | 1 | 1.0
-0.15135140717029572 | 0 | 1.0
-0.15113195776939392 | 1 | 1.0
-0.15482746064662933 | 0 | 1.0
-0.15463347733020782 | 1 | 1.0
-0.1583547443151474 | 0 | 1.0
-0.15818706154823303 | 1 | 1.0
-0.16193526983261108 | 1 | 1.0
-0.16179539263248444 | 0 | 1.0
-0.15776902437210083 | 1 | 1.0
-0.1576591581106186 | 0 | 1.0
-0.1536606252193451 | 1 | 1.0
-0.1535770297050476 | 0 | 1.0
-0.149603009223938 | 1 | 1.0
-0.14954259991645813 | 0 | 1.0
-0.1455903798341751 | 1 | 1.0
-0.14555074274539948 | 0 | 1.0
-0.14161820709705353 | 1 | 1.0
-0.1415974497795105 | 0 | 1.0
-0.1376829892396927 | 1 | 1.0
-0.13767972588539124 | 0 | 1.0
-0.13378219306468964 | 1 | 1.0
-0.13379546999931335 | 1 | 1.0
-0.12991417944431305 | 0 | 1.0
-0.12213912606239319 | 1 | 1.0
-0.1182737946510315 | 0 | 1.0
-0.11051119118928909 | 1 | 1.0
-0.10665524750947952 | 0 | 1.0
-0.09889879822731018 | 1 | 1.0
-0.09504598379135132 | 0 | 1.0
-0.08728958666324615 | 1 | 1.0
-0.08343381434679031 | 0 | 1.0
-0.07567145675420761 | 0 | 1.0
-0.07180661708116531 | 1 | 1.0
-0.07183673977851868 | 0 | 1.0
-0.0679565891623497 | 1 | 1.0
-0.06797152757644653 | 0 | 1.0
-0.06407620757818222 | 1 | 1.0
-0.06407588720321655 | 0 | 1.0
-0.0601651556789875 | 1 | 1.0
-0.06014913693070412 | 0 | 1.0
-0.05622235685586929 | 1 | 1.0
-0.056189801543951035 | 0 | 1.0
-0.05224594846367836 | 1 | 1.0
-0.05219561979174614 | 0 | 1.0
-0.048233259469270706 | 1 | 1.0
-0.048163484781980515 | 0 | 1.0
-0.0441807396709919 | 1 | 1.0
-0.04408937692642212 | 0 | 1.0
-0.04008388891816139 | 1 | 1.0
-0.03996829316020012 | 0 | 1.0
-0.035937171429395676 | 0 | 1.0
-0.03579412400722504 | 1 | 1.0
-0.03953707218170166 | 0 | 1.0
-0.039362695068120956 | 1 | 1.0
-0.0430755615234375 | 0 | 1.0
-0.04287191107869148 | 1 | 1.0
-0.046556320041418076 | 0 | 1.0
-0.04632469639182091 | 1 | 1.0
-0.04998154565691948 | 0 | 1.0
-0.04972252994775772 | 1 | 1.0
-0.05335202440619469 | 0 | 1.0
-0.05306551232933998 | 0 | 1.0
-0.05666717141866684 | 1 | 1.0
-0.06415573507547379 | 0 | 1.0
-0.06772837042808533 | 1 | 1.0
-0.07519062608480453 | 0 | 1.0
-0.07873900979757309 | 1 | 1.0
-0.08617932349443436 | 0 | 1.0
-0.08970758318901062 | 1 | 1.0
-0.09712973982095718 | 0 | 1.0
-0.10064142942428589 | 1 | 1.0
-0.10804872214794159 | 0 | 1.0
-0.11154696345329285 | 1 | 1.0
-0.1189422756433487 | 0 | 1.0
-0.12242980301380157 | 1 | 1.0
-0.12981568276882172 | 0 | 1.0
-0.13329492509365082 | 1 | 1.0
-0.1406736671924591 | 0 | 1.0
-0.14414681494235992 | 1 | 1.0
-0.1515205055475235 | 0 | 1.0
-0.1549895703792572 | 1 | 1.0
-0.16236014664173126 | 0 | 1.0
-0.16582700610160828 | 1 | 1.0
-0.17319630086421967 | 0 | 1.0
-0.17666274309158325 | 1 | 1.0
-0.18403252959251404 | 0 | 1.0
-0.18750035762786865 | 1 | 1.0
-0.1948723942041397 | 0 | 1.0
-0.19834336638450623 | 1 | 1.0
-0.205719456076622 | 0 | 1.0
-0.20919543504714966 | 1 | 1.0
-0.2165774405002594 | 0 | 1.0
-0.22006036341190338 | 1 | 1.0
-0.22745031118392944 | 0 | 1.0
-0.2309422492980957 | 1 | 1.0
-0.2383423149585724 | 0 | 1.0
-0.24184557795524597 | 1 | 1.0
-0.2492581456899643 | 0 | 1.0
-0.25277528166770935 | 1 | 1.0
-0.2602030336856842 | 0 | 1.0
-0.26373687386512756 | 1 | 1.0
-0.2711828351020813 | 0 | 1.0
-0.2747366726398468 | 1 | 1.0
-0.282204270362854 | 0 | 1.0
-0.28578177094459534 | 1 | 1.0
-0.2932748794555664 | 0 | 1.0
-0.296880304813385 | 1 | 1.0
-0.3044034540653229 | 1 | 1.0
-0.30804163217544556 | 0 | 1.0
-0.30779755115509033 | 1 | 1.0
-0.31147414445877075 | 0 | 1.0
-0.31126827001571655 | 1 | 1.0
-0.3149831295013428 | 0 | 1.0
-0.31481584906578064 | 1 | 1.0
-0.3185698091983795 | 1 | 1.0
-0.3184424936771393 | 0 | 1.0
-0.31443557143211365 | 1 | 1.0
-0.31435057520866394 | 0 | 1.0
-0.31038394570350647 | 1 | 1.0
-0.31033799052238464 | 0 | 1.0
-0.30640900135040283 | 1 | 1.0
-0.3063998520374298 | 0 | 1.0
-0.30250677466392517 | 1 | 1.0
-0.3025330901145935 | 1 | 1.0
-0.2986751198768616 | 0 | 1.0
-0.29093387722969055 | 1 | 1.0
-0.2871111333370209 | 0 | 1.0
-0.2794017493724823 | 1 | 1.0
-0.27560853958129883 | 0 | 1.0
-0.267925888299942 | 1 | 1.0
-0.2641572654247284 | 0 | 1.0
-0.2564968764781952 | 1 | 1.0
-0.25274863839149475 | 0 | 1.0
-0.24510657787322998 | 1 | 1.0
-0.24137502908706665 | 0 | 1.0
-0.23374789953231812 | 1 | 1.0
-0.23002983629703522 | 0 | 1.0
-0.22241467237472534 | 1 | 1.0
-0.21870723366737366 | 0 | 1.0
-0.21110136806964874 | 1 | 1.0
-0.2074020355939865 | 0 | 1.0
-0.19980305433273315 | 1 | 1.0
-0.19610953330993652 | 1 | 1.0
-0.18851526081562042 | 0 | 1.0
-0.17702054977416992 | 0 | 1.0
-0.16942894458770752 | 1 | 1.0
-0.16573740541934967 | 0 | 1.0
-0.15813980996608734 | 1 | 1.0
-0.15444129705429077 | 0 | 1.0
-0.14683571457862854 | 1 | 1.0
-0.14312812685966492 | 0 | 1.0
-0.13551239669322968 | 1 | 1.0
-0.13179343938827515 | 0 | 1.0
-0.12416516244411469 | 1 | 1.0
-0.1204322874546051 | 0 | 1.0
-0.11278877407312393 | 1 | 1.0
-0.10903912782669067 | 0 | 1.0
-0.10137736797332764 | 1 | 1.0
-0.09760769456624985 | 0 | 1.0
-0.08992425352334976 | 1 | 1.0
-0.08613085746765137 | 0 | 1.0
-0.07842181622982025 | 1 | 1.0
-0.0746004581451416 | 0 | 1.0
-0.0668613389134407 | 0 | 1.0
-0.06300714612007141 | 1 | 1.0
-0.06303518265485764 | 0 | 1.0
-0.059142500162124634 | 1 | 1.0
-0.05913226306438446 | 0 | 1.0
-0.05520122870802879 | 1 | 1.0
-0.055152300745248795 | 0 | 1.0
-0.0511820912361145 | 1 | 1.0
-0.05109310895204544 | 0 | 1.0
-0.047081951051950455 | 0 | 1.0
-0.0469505749642849 | 1 | 1.0
-0.05069693922996521 | 0 | 1.0
-0.050519783049821854 | 1 | 1.0
-0.05422177538275719 | 0 | 1.0
-0.05400099232792854 | 1 | 1.0
-0.057660117745399475 | 0 | 1.0
-0.05739675834774971 | 0 | 1.0
-0.06101344898343086 | 1 | 1.0
-0.06850903481245041 | 0 | 1.0
-0.07208263874053955 | 1 | 1.0
-0.07953811436891556 | 0 | 1.0
-0.08307355642318726 | 1 | 1.0
-0.09049323946237564 | 0 | 1.0
-0.09399446845054626 | 1 | 1.0
-0.10138175636529922 | 0 | 1.0
-0.10485181212425232 | 0 | 1.0
-0.11220928281545639 | 1 | 1.0
-0.123453788459301 | 0 | 1.0
-0.13078321516513824 | 1 | 1.0
-0.14200399816036224 | 0 | 1.0
-0.14931313693523407 | 1 | 1.0
-0.16051751375198364 | 0 | 1.0
-0.16781353950500488 | 1 | 1.0
-0.179008349776268 | 0 | 1.0
-0.18629801273345947 | 1 | 1.0
-0.19748981297016144 | 0 | 1.0
-0.20477965474128723 | 1 | 1.0
-0.215974822640419 | 0 | 1.0
-0.22327128052711487 | 1 | 1.0
-0.234476238489151 | 0 | 1.0
-0.24178583920001984 | 1 | 1.0
-0.25300711393356323 | 0 | 1.0
-0.26033660769462585 | 1 | 1.0
-0.2715810239315033 | 1 | 1.0
-0.27893760800361633 | 0 | 1.0
-0.28240957856178284 | 1 | 1.0
-0.2898009419441223 | 0 | 1.0
-0.2933086156845093 | 1 | 1.0
-0.30073657631874084 | 0 | 1.0
-0.3042822778224945 | 1 | 1.0
-0.3117496073246002 | 0 | 1.0
-0.31533655524253845 | 1 | 1.0
-0.32284682989120483 | 1 | 1.0
-0.3264792561531067 | 0 | 1.0
-0.3262366056442261 | 1 | 1.0
-0.3299197852611542 | 0 | 1.0
-0.3297276496887207 | 1 | 1.0
-0.3334614634513855 | 0 | 1.0
-0.33332040905952454 | 1 | 1.0
-0.33710595965385437 | 1 | 1.0
-0.33701783418655396 | 0 | 1.0
-0.33305808901786804 | 1 | 1.0
-0.33302605152130127 | 0 | 1.0
-0.3291209042072296 | 1 | 1.0
-0.32914283871650696 | 1 | 1.0
-0.3252910375595093 | 0 | 1.0
-0.317566454410553 | 1 | 1.0
-0.31376805901527405 | 0 | 1.0
-0.30609360337257385 | 1 | 1.0
-0.30234336853027344 | 0 | 1.0
-0.2947145402431488 | 1 | 1.0
-0.29100847244262695 | 1 | 1.0
-0.28342196345329285 | 0 | 1.0
-0.271955281496048 | 1 | 1.0
-0.2644089162349701 | 0 | 1.0
-0.25297772884368896 | 1 | 1.0
-0.24546359479427338 | 0 | 1.0
-0.23406066000461578 | 1 | 1.0
-0.22657175362110138 | 0 | 1.0
-0.21519054472446442 | 1 | 1.0
-0.20772051811218262 | 0 | 1.0
-0.19635507464408875 | 1 | 1.0
-0.18889817595481873 | 0 | 1.0
-0.17754298448562622 | 1 | 1.0
-0.17009378969669342 | 0 | 1.0
-0.15874367952346802 | 1 | 1.0
-0.15129706263542175 | 0 | 1.0
-0.13994699716567993 | 1 | 1.0
-0.13249795138835907 | 0 | 1.0
-0.12114300578832626 | 1 | 1.0
-0.11368653178215027 | 0 | 1.0
-0.10232168436050415 | 1 | 1.0
-0.09485264867544174 | 0 | 1.0
-0.08347272872924805 | 1 | 1.0
-0.07598577439785004 | 0 | 1.0
-0.06458530575037003 | 1 | 1.0
-0.05707469582557678 | 0 | 1.0
-0.045647792518138885 | 1 | 1.0
-0.038107287138700485 | 0 | 1.0
-0.026647519320249557 | 1 | 1.0
-0.019070256501436234 | 0 | 1.0
-0.00757052656263113 | 0 | 1.0
5.1135157264070585e-05 | 1 | 1.0
0.003798565361648798 | 0 | 1.0
0.011473254300653934 | 1 | 1.0
0.015275432728230953 | 0 | 1.0
0.02300632745027542 | 0 | 1.0
0.026867222040891647 | 1 | 1.0
0.026861019432544708 | 0 | 1.0
0.030786026269197464 | 1 | 1.0
0.03084390051662922 | 0 | 1.0
0.03483332693576813 | 0 | 1.0
0.03495652973651886 | 1 | 1.0
0.031215546652674675 | 0 | 1.0
0.03140697628259659 | 1 | 1.0
0.027732692658901215 | 0 | 1.0
0.027990292757749557 | 0 | 1.0
0.024381671100854874 | 1 | 1.0
0.016908010467886925 | 0 | 1.0
0.013365678489208221 | 1 | 1.0
0.005955381318926811 | 0 | 1.0
0.002474986482411623 | 0 | 1.0
-0.004875319544225931 | 1 | 1.0
-0.016095248982310295 | 0 | 1.0
-0.023387392982840538 | 1 | 1.0
-0.034553591161966324 | 0 | 1.0
-0.04179460182785988 | 0 | 1.0
-0.052913226187229156 | 1 | 1.0
-0.06791018694639206 | 0 | 1.0
-0.07898616045713425 | 1 | 1.0
-0.09394662082195282 | 0 | 1.0
-0.10499047487974167 | 1 | 1.0
-0.11992426961660385 | 0 | 1.0
-0.13094568252563477 | 1 | 1.0
-0.14586196839809418 | 0 | 1.0
-0.1568700075149536 | 1 | 1.0
-0.17177744209766388 | 0 | 1.0
-0.18278075754642487 | 1 | 1.0
-0.19768771529197693 | 0 | 1.0
-0.2086946964263916 | 1 | 1.0
-0.22360943257808685 | 0 | 1.0
-0.23462849855422974 | 1 | 1.0
-0.24955935776233673 | 0 | 1.0
-0.2605990469455719 | 1 | 1.0
-0.2755546271800995 | 0 | 1.0
-0.28662389516830444 | 1 | 1.0
-0.3016131818294525 | 1 | 1.0
-0.3127215504646301 | 0 | 1.0
-0.3199532926082611 | 1 | 1.0
-0.33111104369163513 | 0 | 1.0
-0.33839479088783264 | 1 | 1.0
-0.34960663318634033 | 1 | 1.0
-0.3569478690624237 | 0 | 1.0
-0.36042192578315735 | 1 | 1.0
-0.36782747507095337 | 0 | 1.0
-0.3713666498661041 | 1 | 1.0
-0.3788382112979889 | 1 | 1.0
-0.38244518637657166 | 0 | 1.0
-0.3821902275085449 | 1 | 1.0
-0.3858693838119507 | 0 | 1.0
-0.3856859803199768 | 1 | 1.0
-0.3894367516040802 | 1 | 1.0
-0.38932543992996216 | 0 | 1.0
-0.3853539824485779 | 1 | 1.0
-0.3853171765804291 | 0 | 1.0
-0.3814184069633484 | 1 | 1.0
-0.38145366311073303 | 1 | 1.0
-0.3776262402534485 | 0 | 1.0
-0.36993733048439026 | 1 | 1.0
-0.36618179082870483 | 1 | 1.0
-0.35856175422668457 | 0 | 1.0
-0.34707698225975037 | 1 | 1.0
-0.33952268958091736 | 0 | 1.0
-0.3280984163284302 | 1 | 1.0
-0.3206017315387726 | 0 | 1.0
-0.309230774641037 | 1 | 1.0
-0.3017849326133728 | 1 | 1.0
-0.2904614210128784 | 0 | 1.0
-0.2752596139907837 | 1 | 1.0
-0.26397886872291565 | 0 | 1.0
-0.24881380796432495 | 1 | 1.0
-0.2375655621290207 | 0 | 1.0
-0.22242771089076996 | 1 | 1.0
-0.21120256185531616 | 0 | 1.0
-0.19608302414417267 | 1 | 1.0
-0.18487219512462616 | 0 | 1.0
-0.16976259648799896 | 1 | 1.0
-0.15855777263641357 | 0 | 1.0
-0.1434500515460968 | 1 | 1.0
-0.13224314153194427 | 0 | 1.0
-0.1171293780207634 | 1 | 1.0
-0.10591235011816025 | 0 | 1.0
-0.09078459441661835 | 1 | 1.0
-0.07954929769039154 | 0 | 1.0
-0.0643993690609932 | 1 | 1.0
-0.05313730984926224 | 0 | 1.0
-0.037956658750772476 | 1 | 1.0
-0.02665884420275688 | 0 | 1.0
-0.011438350193202496 | 0 | 1.0
-9.511207463219762e-05 | 1 | 1.0
0.007375417742878199 | 0 | 1.0
0.01877470500767231 | 1 | 1.0
0.026304246857762337 | 0 | 1.0
0.037764772772789 | 0 | 1.0
0.045359376817941666 | 1 | 1.0
0.04909185320138931 | 0 | 1.0
0.05675908178091049 | 1 | 1.0
0.06056562438607216 | 0 | 1.0
0.06830811500549316 | 0 | 1.0
0.07219244539737701 | 1 | 1.0
0.07222183793783188 | 0 | 1.0
0.07618957757949829 | 0 | 1.0
0.07630275189876556 | 1 | 1.0
0.0725632980465889 | 0 | 1.0
0.07276269048452377 | 0 | 1.0
0.0691077932715416 | 1 | 1.0
0.06159931421279907 | 0 | 1.0
0.058028388768434525 | 1 | 1.0
0.05060022696852684 | 0 | 1.0
0.04710815101861954 | 0 | 1.0
0.03975645452737808 | 1 | 1.0
0.0285453200340271 | 0 | 1.0
0.02126815915107727 | 1 | 1.0
0.010127033106982708 | 0 | 1.0
0.002917689736932516 | 0 | 1.0
-0.008159019984304905 | 1 | 1.0
-0.023103615269064903 | 0 | 1.0
-0.034119877964258194 | 1 | 1.0
-0.04900975897908211 | 0 | 1.0
-0.05997470021247864 | 0 | 1.0
-0.07481806725263596 | 1 | 1.0
-0.09354125708341599 | 0 | 1.0
-0.10834512114524841 | 1 | 1.0
-0.12703610956668854 | 0 | 1.0
-0.14181315898895264 | 1 | 1.0
-0.1604839265346527 | 0 | 1.0
-0.17524617910385132 | 1 | 1.0
-0.1939081847667694 | 0 | 1.0
-0.20866714417934418 | 1 | 1.0
-0.22733156383037567 | 0 | 1.0
-0.24209856986999512 | 1 | 1.0
-0.26077646017074585 | 0 | 1.0
-0.2755628526210785 | 1 | 1.0
-0.2942654490470886 | 0 | 1.0
-0.30908283591270447 | 1 | 1.0
-0.32782167196273804 | 1 | 1.0
-0.3426821827888489 | 0 | 1.0
-0.353669673204422 | 1 | 1.0
-0.3685862421989441 | 0 | 1.0
-0.3796341121196747 | 1 | 1.0
-0.3946141302585602 | 1 | 1.0
-0.4057306945323944 | 0 | 1.0
-0.4129885137081146 | 1 | 1.0
-0.42418357729911804 | 1 | 1.0
-0.43152284622192383 | 0 | 1.0
-0.4350099563598633 | 1 | 1.0
-0.4424370229244232 | 0 | 1.0
-0.44601279497146606 | 1 | 1.0
-0.45352938771247864 | 1 | 1.0
-0.4571969509124756 | 0 | 1.0
-0.4570187032222748 | 1 | 1.0
-0.46078336238861084 | 1 | 1.0
-0.4607026278972626 | 0 | 1.0
-0.4567786753177643 | 1 | 1.0
-0.4567982256412506 | 1 | 1.0
-0.45297321677207947 | 0 | 1.0
-0.4453047215938568 | 1 | 1.0
-0.44157904386520386 | 1 | 1.0
-0.434006929397583 | 0 | 1.0
-0.42258837819099426 | 1 | 1.0
-0.4151105582714081 | 1 | 1.0
-0.40378162264823914 | 0 | 1.0
-0.38860052824020386 | 1 | 1.0
-0.37735649943351746 | 1 | 1.0
-0.362253874540329 | 0 | 1.0
-0.34329038858413696 | 1 | 1.0
-0.32825833559036255 | 0 | 1.0
-0.3093571364879608 | 1 | 1.0
-0.294382780790329 | 0 | 1.0
Total reward: 500.0
3.1, 5.8, -3.2, 2.0, -4.3, 2.8, -3.7, 4.8, -2.5, -2.0
parameter ends

state | action | reward
[-0.04] | 0 | 1.0
-0.034643057733774185 | 1 | 1.0
-0.03815748542547226 | 0 | 1.0
-0.03775648772716522 | 1 | 1.0
-0.041245073080062866 | 0 | 1.0
-0.04081909731030464 | 1 | 1.0
-0.044283583760261536 | 0 | 1.0
-0.04383409023284912 | 1 | 1.0
-0.0472755990922451 | 0 | 1.0
-0.04680343717336655 | 1 | 1.0
-0.05022250488400459 | 0 | 1.0
-0.04972795024514198 | 1 | 1.0
-0.05312454327940941 | 0 | 1.0
-0.052607305347919464 | 0 | 1.0
-0.055980831384658813 | 1 | 1.0
-0.06324386596679688 | 0 | 1.0
-0.06659314781427383 | 1 | 1.0
-0.07383467257022858 | 0 | 1.0
-0.07716462016105652 | 1 | 1.0
-0.08438920974731445 | 0 | 1.0
-0.08770419657230377 | 1 | 1.0
-0.0949159488081932 | 0 | 1.0
-0.09821992367506027 | 1 | 1.0
-0.10542257875204086 | 0 | 1.0
-0.10871917754411697 | 1 | 1.0
-0.11591619998216629 | 0 | 1.0
-0.11920880526304245 | 1 | 1.0
-0.12640349566936493 | 0 | 1.0
-0.1296953707933426 | 1 | 1.0
-0.13689091801643372 | 0 | 1.0
-0.14018523693084717 | 1 | 1.0
-0.14738482236862183 | 0 | 1.0
-0.15068481862545013 | 1 | 1.0
-0.1578916758298874 | 0 | 1.0
-0.1612006425857544 | 1 | 1.0
-0.16841813921928406 | 0 | 1.0
-0.1717395782470703 | 1 | 1.0
-0.1789713054895401 | 0 | 1.0
-0.18230898678302765 | 1 | 1.0
-0.18955884873867035 | 0 | 1.0
-0.1929168850183487 | 1 | 1.0
-0.20018915832042694 | 1 | 1.0
-0.2035721242427826 | 0 | 1.0
-0.20306822657585144 | 1 | 1.0
-0.20648126304149628 | 0 | 1.0
-0.20600685477256775 | 1 | 1.0
-0.20944911241531372 | 0 | 1.0
-0.20900379121303558 | 1 | 1.0
-0.21247516572475433 | 0 | 1.0
-0.21205921471118927 | 1 | 1.0
-0.21556034684181213 | 0 | 1.0
-0.21517477929592133 | 1 | 1.0
-0.21870701014995575 | 1 | 1.0
-0.21835361421108246 | 0 | 1.0
-0.21411630511283875 | 1 | 1.0
-0.2137976586818695 | 0 | 1.0
-0.20959314703941345 | 1 | 1.0
-0.20930598676204681 | 0 | 1.0
-0.20513151586055756 | 1 | 1.0
-0.20487339794635773 | 0 | 1.0
-0.2007269561290741 | 1 | 1.0
-0.20049622654914856 | 1 | 1.0
-0.1963765174150467 | 0 | 1.0
-0.18836860358715057 | 1 | 1.0
-0.1842750757932663 | 0 | 1.0
-0.1762896329164505 | 1 | 1.0
-0.17221567034721375 | 0 | 1.0
-0.16424652934074402 | 1 | 1.0
-0.16018608212471008 | 0 | 1.0
-0.1522274613380432 | 1 | 1.0
-0.14817488193511963 | 0 | 1.0
-0.14022135734558105 | 1 | 1.0
-0.13617125153541565 | 0 | 1.0
-0.12821757793426514 | 1 | 1.0
-0.12416472285985947 | 0 | 1.0
-0.11620569974184036 | 1 | 1.0
-0.112144835293293 | 0 | 1.0
-0.10417521744966507 | 1 | 1.0
-0.10010094940662384 | 0 | 1.0
-0.09211530536413193 | 0 | 1.0
-0.08802200108766556 | 1 | 1.0
-0.08781840652227402 | 0 | 1.0
-0.0837000161409378 | 1 | 1.0
-0.08347146213054657 | 0 | 1.0
-0.07932806015014648 | 1 | 1.0
-0.07907428592443466 | 0 | 1.0
-0.07490532100200653 | 1 | 1.0
-0.07462543249130249 | 0 | 1.0
-0.070429727435112 | 1 | 1.0
-0.07012218981981277 | 0 | 1.0
-0.06589792668819427 | 1 | 1.0
-0.06556052714586258 | 0 | 1.0
-0.061305198818445206 | 0 | 1.0
-0.060935039073228836 | 1 | 1.0
-0.06444797664880753 | 0 | 1.0
-0.06404133886098862 | 1 | 1.0
-0.06751909106969833 | 0 | 1.0
-0.06707804650068283 | 1 | 1.0
-0.07052219659090042 | 0 | 1.0
-0.07004795223474503 | 1 | 1.0
-0.0734592080116272 | 0 | 1.0
-0.07295212149620056 | 0 | 1.0
-0.07633038610219955 | 1 | 1.0
-0.08359278738498688 | 0 | 1.0
-0.08693712204694748 | 1 | 1.0
-0.09416843205690384 | 0 | 1.0
-0.09748370945453644 | 1 | 1.0
-0.10468833148479462 | 0 | 1.0
-0.10797867923974991 | 1 | 1.0
-0.11516031622886658 | 0 | 1.0
-0.11842916905879974 | 1 | 1.0
-0.12559092044830322 | 0 | 1.0
-0.12884114682674408 | 1 | 1.0
-0.1359855979681015 | 0 | 1.0
-0.13921956717967987 | 0 | 1.0
-0.14634881913661957 | 1 | 1.0
-0.15737295150756836 | 0 | 1.0
-0.16448870301246643 | 1 | 1.0
-0.17550356686115265 | 0 | 1.0
-0.18261384963989258 | 1 | 1.0
-0.19362720847129822 | 0 | 1.0
-0.20073984563350677 | 1 | 1.0
-0.21175934374332428 | 1 | 1.0
-0.21888206899166107 | 0 | 1.0
-0.2221110314130783 | 1 | 1.0
-0.22925175726413727 | 0 | 1.0
-0.23249952495098114 | 1 | 1.0
-0.23965983092784882 | 0 | 1.0
-0.24292820692062378 | 1 | 1.0
-0.2501101493835449 | 0 | 1.0
-0.2534014582633972 | 1 | 1.0
-0.26060760021209717 | 0 | 1.0
-0.2639247179031372 | 1 | 1.0
-0.2711581587791443 | 0 | 1.0
-0.27450454235076904 | 1 | 1.0
-0.2817690074443817 | 1 | 1.0
-0.28514882922172546 | 0 | 1.0
-0.2846464216709137 | 1 | 1.0
-0.288064569234848 | 0 | 1.0
-0.28759995102882385 | 1 | 1.0
-0.2910556495189667 | 0 | 1.0
-0.29062849283218384 | 1 | 1.0
-0.2941218614578247 | 0 | 1.0
-0.29373282194137573 | 1 | 1.0
-0.2972649037837982 | 1 | 1.0
-0.29691559076309204 | 0 | 1.0
-0.2926866114139557 | 1 | 1.0
-0.29237958788871765 | 0 | 1.0
-0.2881910502910614 | 1 | 1.0
-0.28792324662208557 | 0 | 1.0
-0.28377264738082886 | 1 | 1.0
-0.28354206681251526 | 0 | 1.0
-0.2794279456138611 | 1 | 1.0
-0.27923348546028137 | 1 | 1.0
-0.2751552164554596 | 0 | 1.0
-0.2671941816806793 | 1 | 1.0
-0.263152152299881 | 0 | 1.0
-0.25522419810295105 | 1 | 1.0
-0.251213014125824 | 0 | 1.0
-0.24331322312355042 | 1 | 1.0
-0.23932825028896332 | 0 | 1.0
-0.23145247995853424 | 1 | 1.0
-0.22748982906341553 | 0 | 1.0
-0.21963456273078918 | 1 | 1.0
-0.2156909555196762 | 1 | 1.0
-0.20785318315029144 | 0 | 1.0
-0.1961214244365692 | 1 | 1.0
-0.18829865753650665 | 0 | 1.0
-0.17657728493213654 | 1 | 1.0
-0.1687607318162918 | 0 | 1.0
-0.15704122185707092 | 1 | 1.0
-0.14922235906124115 | 0 | 1.0
-0.13749636709690094 | 0 | 1.0
-0.12966673076152802 | 1 | 1.0
-0.12573017179965973 | 0 | 1.0
-0.11788109689950943 | 1 | 1.0
-0.11392392218112946 | 0 | 1.0
-0.10605308413505554 | 1 | 1.0
-0.10207269340753555 | 0 | 1.0
-0.0941772535443306 | 1 | 1.0
-0.0901704877614975 | 0 | 1.0
-0.08224703371524811 | 1 | 1.0
-0.07821011543273926 | 0 | 1.0
-0.0702546164393425 | 0 | 1.0
-0.06618309766054153 | 1 | 1.0
-0.06599295884370804 | 0 | 1.0
-0.06188154220581055 | 1 | 1.0
-0.06165190413594246 | 0 | 1.0
-0.057501040399074554 | 1 | 1.0
-0.05723178759217262 | 0 | 1.0
-0.053040944039821625 | 1 | 1.0
-0.0527309775352478 | 0 | 1.0
-0.04849863797426224 | 0 | 1.0
-0.048145875334739685 | 1 | 1.0
-0.05167071893811226 | 0 | 1.0
-0.05127200856804848 | 1 | 1.0
-0.054752450436353683 | 0 | 1.0
-0.05431017279624939 | 1 | 1.0
-0.057747937738895416 | 0 | 1.0
-0.05726337805390358 | 0 | 1.0
-0.06065913662314415 | 1 | 1.0
-0.06793414056301117 | 0 | 1.0
-0.07128746807575226 | 1 | 1.0
-0.07852315902709961 | 0 | 1.0
-0.08183924853801727 | 1 | 1.0
-0.08904020488262177 | 0 | 1.0
-0.09232326596975327 | 1 | 1.0
-0.09949318319559097 | 0 | 1.0
-0.10274657607078552 | 0 | 1.0
-0.10988833755254745 | 1 | 1.0
-0.12091819941997528 | 0 | 1.0
-0.12803395092487335 | 1 | 1.0
-0.13904230296611786 | 0 | 1.0
-0.1461401879787445 | 1 | 1.0
-0.1571347713470459 | 0 | 1.0
-0.16422244906425476 | 1 | 1.0
-0.17521058022975922 | 0 | 1.0
-0.1822953224182129 | 1 | 1.0
-0.19328412413597107 | 0 | 1.0
-0.20037305355072021 | 1 | 1.0
-0.21136954426765442 | 0 | 1.0
-0.21846981346607208 | 1 | 1.0
-0.22948110103607178 | 1 | 1.0
-0.23660004138946533 | 0 | 1.0
-0.23982973396778107 | 1 | 1.0
-0.24697501957416534 | 0 | 1.0
-0.25023186206817627 | 1 | 1.0
-0.2574050724506378 | 0 | 1.0
-0.26069098711013794 | 1 | 1.0
-0.2678943872451782 | 0 | 1.0
-0.27121201157569885 | 1 | 1.0
-0.27844855189323425 | 0 | 1.0
-0.28180131316185 | 1 | 1.0
-0.28907471895217896 | 1 | 1.0
-0.29246678948402405 | 0 | 1.0
-0.291980117559433 | 1 | 1.0
-0.2954166829586029 | 0 | 1.0
-0.29497411847114563 | 1 | 1.0
-0.29845473170280457 | 0 | 1.0
-0.298056423664093 | 1 | 1.0
-0.3015817403793335 | 1 | 1.0
-0.30122897028923035 | 0 | 1.0
-0.29699987173080444 | 1 | 1.0
-0.2966950535774231 | 0 | 1.0
-0.2925119996070862 | 1 | 1.0
-0.2922520935535431 | 0 | 1.0
-0.28811269998550415 | 1 | 1.0
-0.2878957986831665 | 1 | 1.0
-0.2837987542152405 | 0 | 1.0
-0.2758224308490753 | 1 | 1.0
-0.27176758646965027 | 0 | 1.0
-0.2638300061225891 | 1 | 1.0
-0.2598116099834442 | 0 | 1.0
-0.2519075870513916 | 1 | 1.0
-0.24792076647281647 | 0 | 1.0
-0.24004603922367096 | 1 | 1.0
-0.23608680069446564 | 0 | 1.0
-0.22823777794837952 | 1 | 1.0
-0.22430285811424255 | 1 | 1.0
-0.2164766639471054 | 0 | 1.0
-0.20475943386554718 | 1 | 1.0
-0.19695380330085754 | 0 | 1.0
-0.1852525770664215 | 1 | 1.0
-0.17745909094810486 | 0 | 1.0
-0.16576582193374634 | 1 | 1.0
-0.15797646343708038 | 0 | 1.0
-0.146283358335495 | 1 | 1.0
-0.13849027454853058 | 0 | 1.0
-0.1267896443605423 | 1 | 1.0
-0.11898504197597504 | 0 | 1.0
-0.10726910829544067 | 0 | 1.0
-0.09944499284029007 | 1 | 1.0
-0.095509372651577 | 0 | 1.0
-0.0876573771238327 | 1 | 1.0
-0.08369270712137222 | 0 | 1.0
-0.07581053674221039 | 1 | 1.0
-0.0718141421675682 | 0 | 1.0
-0.06389880180358887 | 1 | 1.0
-0.059867244213819504 | 0 | 1.0
-0.05191498249769211 | 0 | 1.0
-0.04784400388598442 | 1 | 1.0
-0.04765169695019722 | 0 | 1.0
-0.04353610798716545 | 1 | 1.0
-0.04329957440495491 | 0 | 1.0
-0.039139773696660995 | 1 | 1.0
-0.03885878622531891 | 0 | 1.0
-0.03465408831834793 | 1 | 1.0
-0.034327320754528046 | 0 | 1.0
-0.03007594682276249 | 0 | 1.0
-0.029700977727770805 | 1 | 1.0
-0.03320023790001869 | 0 | 1.0
-0.03277343884110451 | 1 | 1.0
-0.03622209280729294 | 0 | 1.0
-0.035745225846767426 | 0 | 1.0
-0.03914428874850273 | 1 | 1.0
-0.04641825333237648 | 0 | 1.0
-0.04976746067404747 | 1 | 1.0
-0.05699476599693298 | 0 | 1.0
-0.06029926612973213 | 1 | 1.0
-0.06748432666063309 | 0 | 1.0
-0.07074812799692154 | 0 | 1.0
-0.07789430767297745 | 1 | 1.0
-0.08892270922660828 | 0 | 1.0
-0.09603235125541687 | 1 | 1.0
-0.10702887177467346 | 0 | 1.0
-0.114110067486763 | 1 | 1.0
-0.12508222460746765 | 0 | 1.0
-0.13214229047298431 | 1 | 1.0
-0.14309698343276978 | 0 | 1.0
-0.15014265477657318 | 1 | 1.0
-0.16108626127243042 | 0 | 1.0
-0.16812381148338318 | 1 | 1.0
-0.17906241118907928 | 0 | 1.0
-0.1860978603363037 | 1 | 1.0
-0.19703732430934906 | 0 | 1.0
-0.20407655835151672 | 1 | 1.0
-0.21502269804477692 | 0 | 1.0
-0.22207163274288177 | 1 | 1.0
-0.23303034901618958 | 0 | 1.0
-0.24009503424167633 | 1 | 1.0
-0.2510724663734436 | 0 | 1.0
-0.2581592798233032 | 1 | 1.0
-0.2691619098186493 | 1 | 1.0
-0.27627766132354736 | 0 | 1.0
-0.2795097827911377 | 1 | 1.0
-0.28666195273399353 | 0 | 1.0
-0.2899312674999237 | 1 | 1.0
-0.29712146520614624 | 0 | 1.0
-0.3004300594329834 | 1 | 1.0
-0.3076607584953308 | 0 | 1.0
-0.31101176142692566 | 1 | 1.0
-0.3182864189147949 | 1 | 1.0
-0.3216838538646698 | 0 | 1.0
-0.321206659078598 | 1 | 1.0
-0.324655681848526 | 0 | 1.0
-0.32422980666160583 | 1 | 1.0
-0.3277302086353302 | 1 | 1.0
-0.32735612988471985 | 0 | 1.0
-0.32310914993286133 | 1 | 1.0
-0.32278868556022644 | 0 | 1.0
-0.3185930848121643 | 1 | 1.0
-0.3183227777481079 | 0 | 1.0
-0.3141758143901825 | 1 | 1.0
-0.3139534294605255 | 1 | 1.0
-0.3098536431789398 | 0 | 1.0
-0.3018772602081299 | 1 | 1.0
-0.29782432317733765 | 0 | 1.0
-0.2898913025856018 | 1 | 1.0
-0.2858794629573822 | 0 | 1.0
-0.2779846787452698 | 1 | 1.0
-0.27400922775268555 | 0 | 1.0
-0.2661485970020294 | 1 | 1.0
-0.26220571994781494 | 1 | 1.0
-0.25437599420547485 | 0 | 1.0
-0.24265950918197632 | 1 | 1.0
-0.2348582148551941 | 0 | 1.0
-0.22316554188728333 | 1 | 1.0
-0.2153843194246292 | 0 | 1.0
-0.2037075012922287 | 1 | 1.0
-0.19593855738639832 | 0 | 1.0
-0.18427012860774994 | 1 | 1.0
-0.17650602757930756 | 0 | 1.0
-0.1648387908935547 | 1 | 1.0
-0.15707233548164368 | 0 | 1.0
-0.14539921283721924 | 1 | 1.0
-0.13762323558330536 | 0 | 1.0
-0.12593711912631989 | 1 | 1.0
-0.11814429610967636 | 0 | 1.0
-0.10643782466650009 | 0 | 1.0
-0.09862055629491806 | 1 | 1.0
-0.09468918293714523 | 0 | 1.0
-0.08683934062719345 | 1 | 1.0
-0.08287429064512253 | 0 | 1.0
-0.07498972117900848 | 1 | 1.0
-0.07098837196826935 | 0 | 1.0
-0.06306608021259308 | 1 | 1.0
-0.05902493745088577 | 0 | 1.0
-0.05106107518076897 | 0 | 1.0
-0.04697573557496071 | 1 | 1.0
-0.04676616191864014 | 0 | 1.0
-0.04263114929199219 | 1 | 1.0
-0.04237206652760506 | 0 | 1.0
-0.03818736970424652 | 1 | 1.0
-0.03787805885076523 | 0 | 1.0
-0.03364246338605881 | 0 | 1.0
-0.03328099101781845 | 1 | 1.0
-0.036791566759347916 | 0 | 1.0
-0.03637468069791794 | 1 | 1.0
-0.039831265807151794 | 0 | 1.0
-0.03936101496219635 | 0 | 1.0
-0.042764849960803986 | 1 | 1.0
-0.05004177987575531 | 0 | 1.0
-0.053392741829156876 | 1 | 1.0
-0.06062007695436478 | 0 | 1.0
-0.06392338126897812 | 1 | 1.0
-0.07110556215047836 | 0 | 1.0
-0.07436521351337433 | 0 | 1.0
-0.08150554448366165 | 1 | 1.0
-0.09252635389566422 | 0 | 1.0
-0.0996270626783371 | 1 | 1.0
-0.11061284691095352 | 0 | 1.0
-0.1176818311214447 | 1 | 1.0
-0.12863987684249878 | 0 | 1.0
-0.13568416237831116 | 1 | 1.0
-0.14662104845046997 | 0 | 1.0
-0.1536470204591751 | 1 | 1.0
-0.1645687371492386 | 0 | 1.0
-0.17158222198486328 | 1 | 1.0
-0.18249432742595673 | 0 | 1.0
-0.18950079381465912 | 1 | 1.0
-0.20040857791900635 | 0 | 1.0
-0.20741325616836548 | 1 | 1.0
-0.2183218002319336 | 0 | 1.0
-0.22532978653907776 | 1 | 1.0
-0.23624417185783386 | 0 | 1.0
-0.24326060712337494 | 1 | 1.0
-0.2541859447956085 | 0 | 1.0
-0.26121610403060913 | 1 | 1.0
-0.27215775847435 | 0 | 1.0
-0.27920717000961304 | 1 | 1.0
-0.2901707589626312 | 0 | 1.0
-0.2972453534603119 | 1 | 1.0
-0.3082370162010193 | 0 | 1.0
-0.31534329056739807 | 1 | 1.0
-0.32636967301368713 | 1 | 1.0
-0.3335147202014923 | 0 | 1.0
-0.33678197860717773 | 1 | 1.0
-0.343973845243454 | 0 | 1.0
-0.34728917479515076 | 1 | 1.0
-0.3545302450656891 | 0 | 1.0
-0.35789671540260315 | 1 | 1.0
-0.3651905655860901 | 1 | 1.0
-0.36861246824264526 | 0 | 1.0
-0.36816537380218506 | 1 | 1.0
-0.3716483414173126 | 0 | 1.0
-0.37126240134239197 | 1 | 1.0
-0.37480688095092773 | 1 | 1.0
-0.3744834363460541 | 0 | 1.0
-0.3702940344810486 | 1 | 1.0
-0.37003597617149353 | 0 | 1.0
-0.36591047048568726 | 1 | 1.0
-0.36571574211120605 | 1 | 1.0
-0.36165300011634827 | 0 | 1.0
-0.35372334718704224 | 1 | 1.0
-0.34972384572029114 | 0 | 1.0
-0.34185439348220825 | 1 | 1.0
-0.33791351318359375 | 1 | 1.0
-0.3301005959510803 | 0 | 1.0
-0.3184158205986023 | 1 | 1.0
-0.310657262802124 | 0 | 1.0
-0.29902219772338867 | 1 | 1.0
-0.29131045937538147 | 1 | 1.0
-0.27971842885017395 | 0 | 1.0
-0.2642451822757721 | 1 | 1.0
-0.2526905834674835 | 0 | 1.0
-0.23724834620952606 | 1 | 1.0
-0.22571995854377747 | 0 | 1.0
-0.210298091173172 | 1 | 1.0
-0.19878531992435455 | 0 | 1.0
-0.18337373435497284 | 1 | 1.0
-0.17186647653579712 | 0 | 1.0
-0.1564554125070572 | 1 | 1.0
-0.14494380354881287 | 0 | 1.0
-0.1295236200094223 | 1 | 1.0
-0.11799786984920502 | 0 | 1.0
-0.10255885124206543 | 0 | 1.0
-0.09100892394781113 | 1 | 1.0
-0.08334404975175858 | 0 | 1.0
-0.07175947725772858 | 1 | 1.0
-0.06405752897262573 | 0 | 1.0
-0.0524337962269783 | 1 | 1.0
-0.04468971863389015 | 0 | 1.0
-0.03302144631743431 | 1 | 1.0
-0.02522926777601242 | 0 | 1.0
-0.013510117307305336 | 0 | 1.0
-0.005662804935127497 | 1 | 1.0
-0.0016834234120324254 | 0 | 1.0
0.006227313540875912 | 1 | 1.0
0.010271829552948475 | 0 | 1.0
0.01824910007417202 | 0 | 1.0
0.022362813353538513 | 1 | 1.0
0.02261612005531788 | 0 | 1.0
0.026804767549037933 | 0 | 1.0
0.027133336290717125 | 1 | 1.0
0.023603633046150208 | 0 | 1.0
0.02400963567197323 | 1 | 1.0
0.020555466413497925 | 0 | 1.0
0.02103637345135212 | 0 | 1.0
0.017656369134783745 | 1 | 1.0
0.010416604578495026 | 0 | 1.0
0.007111276034265757 | 0 | 1.0
-5.679111563949846e-05 | 1 | 1.0
-0.01108781062066555 | 0 | 1.0
-0.018187200650572777 | 1 | 1.0
-0.029154740273952484 | 0 | 1.0
-0.03619341924786568 | 1 | 1.0
-0.047104403376579285 | 0 | 1.0
-0.05408886447548866 | 0 | 1.0
-0.06494887173175812 | 1 | 1.0
-0.07968495041131973 | 0 | 1.0
Total reward: 500.0
3.1, 5.8, -3.2, 2.0, -4.3, 2.8, -3.7, 4.8, -2.5, -2.0
parameter ends

state | action | reward
[-0.02] | 1 | 1.0
-0.0177333764731884 | 0 | 1.0
-0.013829641044139862 | 1 | 1.0
-0.013841104693710804 | 0 | 1.0
-0.009962381795048714 | 1 | 1.0
-0.009997375309467316 | 0 | 1.0
-0.006140573415905237 | 1 | 1.0
-0.00619626184925437 | 0 | 1.0
-0.002358863363042474 | 1 | 1.0
-0.002432963578030467 | 0 | 1.0
0.0013870373368263245 | 1 | 1.0
0.0012963182525709271 | 1 | 1.0
0.005100470036268234 | 0 | 1.0
0.01279892586171627 | 1 | 1.0
0.016588350757956505 | 0 | 1.0
0.0242760069668293 | 1 | 1.0
0.028058135882019997 | 0 | 1.0
0.03574217110872269 | 1 | 1.0
0.03952416405081749 | 0 | 1.0
0.04721158370375633 | 0 | 1.0
0.05100051313638687 | 1 | 1.0
0.05089373514056206 | 0 | 1.0
0.054696761071681976 | 1 | 1.0
0.054604414850473404 | 0 | 1.0
0.0584222637116909 | 1 | 1.0
0.05834527313709259 | 0 | 1.0
0.062179043889045715 | 1 | 1.0
0.06211869791150093 | 0 | 1.0
0.06596986949443817 | 1 | 1.0
0.06592787057161331 | 0 | 1.0
0.06979832798242569 | 1 | 1.0
0.06977681070566177 | 0 | 1.0
0.07366890460252762 | 1 | 1.0
0.07367049157619476 | 0 | 1.0
0.0775870755314827 | 1 | 1.0
0.0776149183511734 | 0 | 1.0
0.08155939728021622 | 0 | 1.0
0.08161728084087372 | 1 | 1.0
0.07779085636138916 | 0 | 1.0
0.0778832659125328 | 1 | 1.0
0.07409048825502396 | 0 | 1.0
0.07421605288982391 | 1 | 1.0
0.07045602053403854 | 0 | 1.0
0.07061421871185303 | 1 | 1.0
0.06688687205314636 | 0 | 1.0
0.06707799434661865 | 0 | 1.0
0.06338407844305038 | 1 | 1.0
0.055806539952754974 | 0 | 1.0
0.05214764550328255 | 1 | 1.0
0.0446026474237442 | 0 | 1.0
0.040974561125040054 | 1 | 1.0
0.03345838561654091 | 0 | 1.0
0.02985769882798195 | 1 | 1.0
0.022367363795638084 | 0 | 1.0
0.018791398033499718 | 1 | 1.0
0.011324601247906685 | 0 | 1.0
0.007771324831992388 | 0 | 1.0
0.00032636665855534375 | 1 | 1.0
-0.0110097024589777 | 0 | 1.0
-0.018433935940265656 | 1 | 1.0
-0.029753224924206734 | 0 | 1.0
-0.03716401010751724 | 1 | 1.0
-0.04847346246242523 | 0 | 1.0
-0.05587765574455261 | 1 | 1.0
-0.06718390434980392 | 0 | 1.0
-0.0745881199836731 | 1 | 1.0
-0.08589764684438705 | 0 | 1.0
-0.09330841898918152 | 1 | 1.0
-0.10462769120931625 | 0 | 1.0
-0.11205162853002548 | 1 | 1.0
-0.12338726967573166 | 1 | 1.0
-0.13083121180534363 | 0 | 1.0
-0.13438646495342255 | 1 | 1.0
-0.14185766875743866 | 0 | 1.0
-0.1454407423734665 | 1 | 1.0
-0.15294036269187927 | 0 | 1.0
-0.1565527766942978 | 1 | 1.0
-0.16408269107341766 | 0 | 1.0
-0.16772672533988953 | 1 | 1.0
-0.17528949677944183 | 0 | 1.0
-0.1789681315422058 | 1 | 1.0
-0.18656711280345917 | 1 | 1.0
-0.19028420746326447 | 0 | 1.0
-0.1901218742132187 | 1 | 1.0
-0.19388216733932495 | 0 | 1.0
-0.1937623918056488 | 1 | 1.0
-0.1975650042295456 | 0 | 1.0
-0.19748751819133759 | 1 | 1.0
-0.20133264362812042 | 1 | 1.0
-0.20129820704460144 | 0 | 1.0
-0.197385773062706 | 1 | 1.0
-0.19739627838134766 | 0 | 1.0
-0.193526491522789 | 1 | 1.0
-0.19357825815677643 | 0 | 1.0
-0.18974809348583221 | 1 | 1.0
-0.1898384988307953 | 0 | 1.0
-0.18604591488838196 | 1 | 1.0
-0.18617333471775055 | 1 | 1.0
-0.18241724371910095 | 0 | 1.0
-0.1747785210609436 | 1 | 1.0
-0.171058788895607 | 0 | 1.0
-0.16345298290252686 | 1 | 1.0
-0.15976369380950928 | 0 | 1.0
-0.15218542516231537 | 1 | 1.0
-0.14852148294448853 | 0 | 1.0
-0.14096608757972717 | 1 | 1.0
-0.13732308149337769 | 0 | 1.0
-0.12978652119636536 | 1 | 1.0
-0.1261606365442276 | 0 | 1.0
-0.11863934248685837 | 1 | 1.0
-0.11502721160650253 | 1 | 1.0
-0.10751807689666748 | 0 | 1.0
-0.09611205756664276 | 1 | 1.0
-0.08861230313777924 | 0 | 1.0
-0.0772109255194664 | 1 | 1.0
-0.0697113648056984 | 0 | 1.0
-0.05830567702651024 | 0 | 1.0
-0.050797238945961 | 1 | 1.0
-0.04718269407749176 | 0 | 1.0
-0.03965619578957558 | 1 | 1.0
-0.036022137850522995 | 0 | 1.0
-0.028474748134613037 | 1 | 1.0
-0.02481808140873909 | 0 | 1.0
-0.017246486619114876 | 1 | 1.0
-0.013563593849539757 | 0 | 1.0
-0.005963938310742378 | 1 | 1.0
-0.00225059874355793 | 0 | 1.0
0.005381603259593248 | 0 | 1.0
0.009130300022661686 | 1 | 1.0
0.008998235687613487 | 0 | 1.0
0.012788032181560993 | 1 | 1.0
0.012696949765086174 | 0 | 1.0
0.01652788743376732 | 1 | 1.0
0.016478409990668297 | 0 | 1.0
0.02035154402256012 | 1 | 1.0
0.020345311611890793 | 0 | 1.0
0.02426271326839924 | 0 | 1.0
0.0243024080991745 | 1 | 1.0
0.020466620102524757 | 0 | 1.0
0.02055606245994568 | 1 | 1.0
0.016768891364336014 | 0 | 1.0
0.016906458884477615 | 0 | 1.0
0.013166994787752628 | 1 | 1.0
0.005551547277718782 | 0 | 1.0
0.0018601100891828537 | 1 | 1.0
-0.005710475146770477 | 0 | 1.0
-0.009359026327729225 | 1 | 1.0
-0.016889192163944244 | 0 | 1.0
-0.020498894155025482 | 1 | 1.0
-0.027992067858576775 | 0 | 1.0
-0.03156595677137375 | 0 | 1.0
-0.03902462124824524 | 1 | 1.0
-0.05036764219403267 | 0 | 1.0
-0.05779338255524635 | 1 | 1.0
-0.06910770386457443 | 0 | 1.0
-0.07650794088840485 | 1 | 1.0
-0.08780048042535782 | 0 | 1.0
-0.09518194198608398 | 1 | 1.0
-0.10645903646945953 | 0 | 1.0
-0.1138278990983963 | 1 | 1.0
-0.1250954568386078 | 0 | 1.0
-0.13245752453804016 | 1 | 1.0
-0.14372114837169647 | 0 | 1.0
-0.15108197927474976 | 1 | 1.0
-0.16234710812568665 | 0 | 1.0
-0.16971217095851898 | 1 | 1.0
-0.18098421394824982 | 0 | 1.0
-0.18835900723934174 | 1 | 1.0
-0.19964346289634705 | 0 | 1.0
-0.2070336490869522 | 1 | 1.0
-0.21833625435829163 | 0 | 1.0
-0.22574779391288757 | 1 | 1.0
-0.23707464337348938 | 0 | 1.0
-0.24451395869255066 | 1 | 1.0
-0.25587162375450134 | 1 | 1.0
-0.2633456885814667 | 0 | 1.0
-0.2669394910335541 | 1 | 1.0
-0.27445605397224426 | 0 | 1.0
-0.2780934274196625 | 1 | 1.0
-0.28565454483032227 | 0 | 1.0
-0.2893381416797638 | 1 | 1.0
-0.2969469428062439 | 1 | 1.0
-0.300680547952652 | 0 | 1.0
-0.30054157972335815 | 1 | 1.0
-0.30433014035224915 | 0 | 1.0
-0.3042457699775696 | 1 | 1.0
-0.3080889880657196 | 1 | 1.0
-0.3080596625804901 | 0 | 1.0
-0.30415937304496765 | 1 | 1.0
-0.30418696999549866 | 0 | 1.0
-0.3003413677215576 | 1 | 1.0
-0.3004224896430969 | 0 | 1.0
-0.29662904143333435 | 1 | 1.0
-0.2967616617679596 | 1 | 1.0
-0.2930191159248352 | 0 | 1.0
-0.2854022979736328 | 1 | 1.0
-0.281710684299469 | 0 | 1.0
-0.27414149045944214 | 1 | 1.0
-0.2704954743385315 | 0 | 1.0
-0.26296934485435486 | 1 | 1.0
-0.2593647539615631 | 1 | 1.0
-0.25187814235687256 | 0 | 1.0
-0.24050962924957275 | 1 | 1.0
-0.2330600768327713 | 0 | 1.0
-0.22172389924526215 | 1 | 1.0
-0.21430319547653198 | 0 | 1.0
-0.20299170911312103 | 1 | 1.0
-0.19559243321418762 | 0 | 1.0
-0.18429866433143616 | 1 | 1.0
-0.17691399157047272 | 0 | 1.0
-0.16563144326210022 | 1 | 1.0
-0.15825499594211578 | 0 | 1.0
-0.146977499127388 | 1 | 1.0
-0.1396031677722931 | 0 | 1.0
-0.12832479178905487 | 1 | 1.0
-0.12094659358263016 | 0 | 1.0
-0.10966142266988754 | 1 | 1.0
-0.1022733673453331 | 0 | 1.0
-0.09097541123628616 | 1 | 1.0
-0.08357133716344833 | 0 | 1.0
-0.07225438207387924 | 1 | 1.0
-0.0648278221487999 | 0 | 1.0
-0.05348527058959007 | 1 | 1.0
-0.04602930694818497 | 0 | 1.0
-0.034654077142477036 | 0 | 1.0
-0.027161182835698128 | 1 | 1.0
-0.023547008633613586 | 0 | 1.0
-0.016008837148547173 | 1 | 1.0
-0.012347969226539135 | 0 | 1.0
-0.00476181972771883 | 1 | 1.0
-0.0010508893756195903 | 0 | 1.0
0.006587049923837185 | 0 | 1.0
0.01035256963223219 | 1 | 1.0
0.010248684324324131 | 0 | 1.0
0.014074637554585934 | 1 | 1.0
0.014031371101737022 | 0 | 1.0
0.017918406054377556 | 0 | 1.0
0.017937295138835907 | 1 | 1.0
0.014090127311646938 | 0 | 1.0
0.014174271374940872 | 1 | 1.0
0.0103909345343709 | 0 | 1.0
0.010538403876125813 | 0 | 1.0
0.006817932240664959 | 1 | 1.0
-0.0007692946819588542 | 0 | 1.0
-0.004426263272762299 | 1 | 1.0
-0.011952920816838741 | 0 | 1.0
-0.015550804324448109 | 0 | 1.0
-0.023020371794700623 | 1 | 1.0
-0.03436139225959778 | 0 | 1.0
-0.04177587851881981 | 1 | 1.0
-0.05306634679436684 | 0 | 1.0
-0.0604330413043499 | 1 | 1.0
-0.07167942076921463 | 0 | 1.0
-0.07900439202785492 | 0 | 1.0
-0.09021205455064774 | 1 | 1.0
-0.10530287027359009 | 0 | 1.0
-0.11647617071866989 | 1 | 1.0
-0.13153837621212006 | 0 | 1.0
-0.14268746972084045 | 1 | 1.0
-0.15773063898086548 | 0 | 1.0
-0.16886499524116516 | 1 | 1.0
-0.1838981956243515 | 0 | 1.0
-0.19502684473991394 | 1 | 1.0
-0.21005879342556 | 0 | 1.0
-0.22119052708148956 | 1 | 1.0
-0.23622983694076538 | 0 | 1.0
-0.24737338721752167 | 1 | 1.0
-0.26242873072624207 | 0 | 1.0
-0.2735929787158966 | 1 | 1.0
-0.2886732518672943 | 0 | 1.0
-0.29986751079559326 | 1 | 1.0
-0.31498199701309204 | 1 | 1.0
-0.32621607184410095 | 0 | 1.0
-0.3335740864276886 | 1 | 1.0
-0.3448585569858551 | 0 | 1.0
-0.35226988792419434 | 1 | 1.0
-0.3636098802089691 | 1 | 1.0
-0.37108027935028076 | 0 | 1.0
-0.37468472123146057 | 1 | 1.0
-0.3822214901447296 | 0 | 1.0
-0.38589340448379517 | 1 | 1.0
-0.39349865913391113 | 1 | 1.0
-0.39724114537239075 | 0 | 1.0
-0.3971237242221832 | 1 | 1.0
-0.4009416699409485 | 0 | 1.0
-0.4008994996547699 | 1 | 1.0
-0.40479299426078796 | 1 | 1.0
-0.4048272967338562 | 0 | 1.0
-0.4010045528411865 | 1 | 1.0
-0.4011184275150299 | 1 | 1.0
-0.3973739743232727 | 0 | 1.0
-0.38977208733558655 | 1 | 1.0
-0.3861057758331299 | 0 | 1.0
-0.3785785734653473 | 1 | 1.0
-0.3749854862689972 | 1 | 1.0
-0.3675292730331421 | 0 | 1.0
-0.3562101423740387 | 1 | 1.0
-0.34882301092147827 | 0 | 1.0
-0.337568461894989 | 1 | 1.0
-0.3302435576915741 | 1 | 1.0
-0.3190477788448334 | 0 | 1.0
-0.3039805591106415 | 1 | 1.0
-0.29283925890922546 | 0 | 1.0
-0.2778206169605255 | 1 | 1.0
-0.266724169254303 | 1 | 1.0
-0.2517453134059906 | 0 | 1.0
-0.2328825294971466 | 1 | 1.0
-0.21793578565120697 | 0 | 1.0
-0.19909748435020447 | 1 | 1.0
-0.1841692328453064 | 0 | 1.0
-0.1653425097465515 | 1 | 1.0
-0.1504196971654892 | 0 | 1.0
-0.13159194588661194 | 1 | 1.0
-0.11666179448366165 | 0 | 1.0
-0.09782058000564575 | 0 | 1.0
-0.08287031203508377 | 1 | 1.0
-0.07180625945329666 | 0 | 1.0
-0.056822799146175385 | 1 | 1.0
-0.04572168365120888 | 0 | 1.0
-0.030697990208864212 | 1 | 1.0
-0.01955222897231579 | 0 | 1.0
-0.004480461124330759 | 0 | 1.0
0.00671844556927681 | 1 | 1.0
0.014048858545720577 | 0 | 1.0
0.02531057968735695 | 1 | 1.0
0.03270634263753891 | 0 | 1.0
0.04403530806303024 | 0 | 1.0
0.0515018031001091 | 1 | 1.0
0.05510951951146126 | 0 | 1.0
0.0626538023352623 | 1 | 1.0
0.06634050607681274 | 0 | 1.0
0.07396484166383743 | 0 | 1.0
0.07773398607969284 | 1 | 1.0
0.07765112817287445 | 0 | 1.0
0.08150813728570938 | 0 | 1.0
0.08151347935199738 | 1 | 1.0
0.07766913622617722 | 0 | 1.0
0.07776512950658798 | 0 | 1.0
0.07400982826948166 | 1 | 1.0
0.06640401482582092 | 0 | 1.0
0.06273740530014038 | 0 | 1.0
0.05521677806973457 | 1 | 1.0
0.043841712176799774 | 0 | 1.0
0.03640301153063774 | 1 | 1.0
0.025104455649852753 | 0 | 1.0
0.017739785835146904 | 0 | 1.0
0.006511093117296696 | 1 | 1.0
-0.008582554757595062 | 0 | 1.0
-0.01974630542099476 | 1 | 1.0
-0.03478137031197548 | 0 | 1.0
-0.045890167355537415 | 0 | 1.0
-0.060875628143548965 | 1 | 1.0
-0.07973944395780563 | 0 | 1.0
-0.09468303620815277 | 1 | 1.0
-0.11351273208856583 | 0 | 1.0
-0.12842784821987152 | 1 | 1.0
-0.14723604917526245 | 0 | 1.0
-0.16213533282279968 | 1 | 1.0
-0.1809341162443161 | 0 | 1.0
-0.19582974910736084 | 1 | 1.0
-0.2146308720111847 | 0 | 1.0
-0.2295348048210144 | 1 | 1.0
-0.24834993481636047 | 0 | 1.0
-0.2632741332054138 | 1 | 1.0
-0.28211507201194763 | 1 | 1.0
-0.29707175493240356 | 0 | 1.0
-0.308149129152298 | 1 | 1.0
-0.3231511116027832 | 0 | 1.0
-0.33427780866622925 | 1 | 1.0
-0.34933218359947205 | 1 | 1.0
-0.3605160117149353 | 0 | 1.0
-0.3678334951400757 | 1 | 1.0
-0.3790834844112396 | 0 | 1.0
-0.38646939396858215 | 1 | 1.0
-0.39778950810432434 | 1 | 1.0
-0.405248761177063 | 0 | 1.0
-0.408850759267807 | 1 | 1.0
-0.416390061378479 | 0 | 1.0
-0.42007309198379517 | 1 | 1.0
-0.4276944100856781 | 1 | 1.0
-0.4314616620540619 | 0 | 1.0
-0.43137800693511963 | 1 | 1.0
-0.4352346956729889 | 1 | 1.0
-0.43524062633514404 | 0 | 1.0
-0.43139779567718506 | 1 | 1.0
-0.43149569630622864 | 1 | 1.0
-0.4277430772781372 | 0 | 1.0
-0.42014068365097046 | 1 | 1.0
-0.41647785902023315 | 1 | 1.0
-0.4089617133140564 | 0 | 1.0
-0.39759179949760437 | 1 | 1.0
-0.3901585638523102 | 0 | 1.0
-0.3788661062717438 | 1 | 1.0
-0.3715078830718994 | 1 | 1.0
-0.36028623580932617 | 0 | 1.0
-0.34520021080970764 | 1 | 1.0
-0.334044486284256 | 0 | 1.0
-0.31901800632476807 | 1 | 1.0
-0.3079182207584381 | 1 | 1.0
-0.2929423749446869 | 0 | 1.0
-0.2740887999534607 | 1 | 1.0
-0.25915589928627014 | 0 | 1.0
-0.2403375208377838 | 1 | 1.0
-0.2254342883825302 | 0 | 1.0
-0.2066386342048645 | 1 | 1.0
-0.19175252318382263 | 0 | 1.0
-0.17296762764453888 | 1 | 1.0
-0.1580866128206253 | 0 | 1.0
-0.1393008679151535 | 1 | 1.0
-0.12441318482160568 | 0 | 1.0
-0.10561510920524597 | 1 | 1.0
-0.09070900082588196 | 0 | 1.0
-0.07188700139522552 | 0 | 1.0
-0.05695045366883278 | 1 | 1.0
-0.04589452967047691 | 0 | 1.0
-0.03091500699520111 | 1 | 1.0
-0.019812310114502907 | 0 | 1.0
-0.00478306133300066 | 1 | 1.0
0.006373835727572441 | 0 | 1.0
0.02146056294441223 | 0 | 1.0
0.0326802060008049 | 1 | 1.0
0.040037430822849274 | 0 | 1.0
0.05132974684238434 | 1 | 1.0
0.058762554079294205 | 0 | 1.0
0.07013244926929474 | 0 | 1.0
0.07764685899019241 | 1 | 1.0
0.08130999654531479 | 0 | 1.0
0.08891391009092331 | 0 | 1.0
0.09266853332519531 | 1 | 1.0
0.09257695823907852 | 0 | 1.0
0.09642801433801651 | 0 | 1.0
0.09643299132585526 | 1 | 1.0
0.09259385615587234 | 0 | 1.0
0.09269774705171585 | 0 | 1.0
0.08895592391490936 | 1 | 1.0
0.08136925846338272 | 0 | 1.0
0.0777246505022049 | 0 | 1.0
0.07023189961910248 | 1 | 1.0
0.05889078974723816 | 0 | 1.0
0.05148933455348015 | 0 | 1.0
0.040234483778476715 | 1 | 1.0
0.025124887004494667 | 0 | 1.0
0.013950851745903492 | 1 | 1.0
-0.0010847882367670536 | 0 | 1.0
-0.01218817476183176 | 0 | 1.0
-0.027158768847584724 | 1 | 1.0
-0.04599836468696594 | 0 | 1.0
-0.06091126799583435 | 1 | 1.0
-0.07970094680786133 | 0 | 1.0
-0.09456881135702133 | 1 | 1.0
-0.1133202612400055 | 0 | 1.0
-0.1281546652317047 | 1 | 1.0
-0.14687871932983398 | 0 | 1.0
-0.16169041395187378 | 0 | 1.0
-0.18039722740650177 | 1 | 1.0
-0.2030009776353836 | 0 | 1.0
-0.22170014679431915 | 1 | 1.0
-0.244304358959198 | 1 | 1.0
-0.2630118429660797 | 0 | 1.0
-0.2778278887271881 | 1 | 1.0
-0.2965596914291382 | 0 | 1.0
-0.3114052712917328 | 1 | 1.0
-0.33017104864120483 | 0 | 1.0
-0.3450563848018646 | 1 | 1.0
-0.3638664186000824 | 1 | 1.0
-0.3788023293018341 | 0 | 1.0
-0.3898693025112152 | 1 | 1.0
-0.4048677384853363 | 0 | 1.0
-0.4160011410713196 | 1 | 1.0
-0.43106868863105774 | 1 | 1.0
-0.4422760307788849 | 0 | 1.0
-0.4496277868747711 | 1 | 1.0
-0.4609183073043823 | 0 | 1.0
-0.4683559238910675 | 1 | 1.0
-0.4797340929508209 | 1 | 1.0
-0.4872633218765259 | 0 | 1.0
-0.49094799160957336 | 1 | 1.0
-0.49857667088508606 | 1 | 1.0
-0.5023629069328308 | 0 | 1.0
-0.5023101568222046 | 1 | 1.0
-0.506203293800354 | 1 | 1.0
-0.506257951259613 | 1 | 1.0
-0.5024764537811279 | 0 | 1.0
-0.4948592185974121 | 1 | 1.0
-0.4911876916885376 | 1 | 1.0
-0.48367637395858765 | 0 | 1.0
-0.4723246693611145 | 1 | 1.0
-0.4649161696434021 | 1 | 1.0
-0.45366185903549194 | 0 | 1.0
-0.4385601580142975 | 1 | 1.0
-0.4273977279663086 | 0 | 1.0
-0.4123809337615967 | 1 | 1.0
-0.40130046010017395 | 1 | 1.0
-0.3863599896430969 | 0 | 1.0
-0.3675578534603119 | 1 | 1.0
-0.3526870012283325 | 0 | 1.0
-0.3339468538761139 | 1 | 1.0
-0.31913381814956665 | 1 | 1.0
-0.3004450500011444 | 0 | 1.0
-0.2778782546520233 | 1 | 1.0
Total reward: 500.0
3.1, 5.8, -3.2, 2.0, -4.3, 2.8, -3.7, 4.8, -2.5, -2.0
parameter ends

state | action | reward
[-0.02] | 1 | 1.0
-0.023172801360487938 | 0 | 1.0
-0.018793262541294098 | 1 | 1.0
-0.01832418702542782 | 0 | 1.0
-0.013959452509880066 | 1 | 1.0
-0.01350364089012146 | 0 | 1.0
-0.009150560013949871 | 1 | 1.0
-0.00870500784367323 | 0 | 1.0
-0.004360754042863846 | 1 | 1.0
-0.003922752570360899 | 0 | 1.0
0.0004152481851633638 | 1 | 1.0
0.0008481853874400258 | 0 | 1.0
0.005182319320738316 | 1 | 1.0
0.005612519569694996 | 0 | 1.0
0.00994504801928997 | 1 | 1.0
0.010374738834798336 | 0 | 1.0
0.014707854948937893 | 1 | 1.0
0.015139225870370865 | 0 | 1.0
0.01947510801255703 | 1 | 1.0
0.019910361617803574 | 0 | 1.0
0.024251233786344528 | 1 | 1.0
0.02469264157116413 | 0 | 1.0
0.02904082089662552 | 1 | 1.0
0.02949078194797039 | 0 | 1.0
0.03384873643517494 | 1 | 1.0
0.034309834241867065 | 0 | 1.0
0.03868024796247482 | 1 | 1.0
0.03915531188249588 | 0 | 1.0
0.043541137129068375 | 1 | 1.0
0.04403330758213997 | 0 | 1.0
0.04843784496188164 | 1 | 1.0
0.048950646072626114 | 0 | 1.0
0.053377605974674225 | 0 | 1.0
0.05391504243016243 | 1 | 1.0
0.0505652092397213 | 0 | 1.0
0.05113184079527855 | 1 | 1.0
0.04781032353639603 | 0 | 1.0
0.04840473085641861 | 1 | 1.0
0.04511050134897232 | 0 | 1.0
0.04573196545243263 | 1 | 1.0
0.04246468096971512 | 0 | 1.0
0.04311317205429077 | 1 | 1.0
0.03987317532300949 | 0 | 1.0
0.04054933413863182 | 0 | 1.0
0.037337638437747955 | 1 | 1.0
0.030239518731832504 | 0 | 1.0
0.02705785073339939 | 1 | 1.0
0.019987337291240692 | 0 | 1.0
0.01683148182928562 | 1 | 1.0
0.009784775786101818 | 0 | 1.0
0.006651207339018583 | 1 | 1.0
-0.000374858733266592 | 0 | 1.0
-0.0034890666138380766 | 1 | 1.0
-0.010497117415070534 | 0 | 1.0
-0.013594369404017925 | 1 | 1.0
-0.02058655209839344 | 0 | 1.0
-0.023668797686696053 | 1 | 1.0
-0.03064683824777603 | 0 | 1.0
-0.0337156280875206 | 1 | 1.0
-0.04068087413907051 | 0 | 1.0
-0.043737396597862244 | 0 | 1.0
-0.050690870732069016 | 1 | 1.0
-0.06154061481356621 | 0 | 1.0
-0.06848301738500595 | 1 | 1.0
-0.07932538539171219 | 0 | 1.0
-0.08626381307840347 | 1 | 1.0
-0.0971057116985321 | 0 | 1.0
-0.10404708981513977 | 1 | 1.0
-0.11489532142877579 | 1 | 1.0
-0.12184654921293259 | 0 | 1.0
-0.12490355968475342 | 1 | 1.0
-0.13187170028686523 | 0 | 1.0
-0.13494595885276794 | 1 | 1.0
-0.14193172752857208 | 0 | 1.0
-0.1450241506099701 | 1 | 1.0
-0.15202870965003967 | 0 | 1.0
-0.1551406979560852 | 1 | 1.0
-0.16216562688350677 | 0 | 1.0
-0.16529904305934906 | 1 | 1.0
-0.17234641313552856 | 0 | 1.0
-0.17550362646579742 | 1 | 1.0
-0.18257607519626617 | 0 | 1.0
-0.1857600212097168 | 1 | 1.0
-0.19286072254180908 | 1 | 1.0
-0.1960749626159668 | 0 | 1.0
-0.19540493190288544 | 1 | 1.0
-0.19865374267101288 | 0 | 1.0
-0.19801729917526245 | 1 | 1.0
-0.20129910111427307 | 0 | 1.0
-0.20069515705108643 | 1 | 1.0
-0.20400923490524292 | 0 | 1.0
-0.20343749225139618 | 1 | 1.0
-0.2067839503288269 | 0 | 1.0
-0.20624496042728424 | 1 | 1.0
-0.20962466299533844 | 1 | 1.0
-0.2091197669506073 | 0 | 1.0
-0.20473186671733856 | 1 | 1.0
-0.20426325500011444 | 0 | 1.0
-0.199909508228302 | 1 | 1.0
-0.19947360455989838 | 0 | 1.0
-0.1951509267091751 | 1 | 1.0
-0.1947449892759323 | 0 | 1.0
-0.19045110046863556 | 1 | 1.0
-0.1900731772184372 | 0 | 1.0
-0.1858065277338028 | 1 | 1.0
-0.18545539677143097 | 1 | 1.0
-0.18121516704559326 | 0 | 1.0
-0.17308667302131653 | 1 | 1.0
-0.1688726842403412 | 0 | 1.0
-0.16076698899269104 | 1 | 1.0
-0.15657305717468262 | 0 | 1.0
-0.14848436415195465 | 1 | 1.0
-0.14430485665798187 | 0 | 1.0
-0.13622784614562988 | 1 | 1.0
-0.1320575773715973 | 0 | 1.0
-0.12398724257946014 | 1 | 1.0
-0.11982131749391556 | 0 | 1.0
-0.11175291240215302 | 1 | 1.0
-0.1075865849852562 | 0 | 1.0
-0.09951546043157578 | 1 | 1.0
-0.09534405171871185 | 0 | 1.0
-0.08726553618907928 | 1 | 1.0
-0.08308429270982742 | 0 | 1.0
-0.07499360293149948 | 1 | 1.0
-0.07079759985208511 | 0 | 1.0
-0.06268972158432007 | 1 | 1.0
-0.05847372114658356 | 0 | 1.0
-0.050343286246061325 | 0 | 1.0
-0.046101637184619904 | 1 | 1.0
-0.04574599862098694 | 0 | 1.0
-0.04147247597575188 | 1 | 1.0
-0.04108491539955139 | 0 | 1.0
-0.03677923604846001 | 1 | 1.0
-0.0363590344786644 | 0 | 1.0
-0.03202012926340103 | 1 | 1.0
-0.03156576678156853 | 0 | 1.0
-0.027191760018467903 | 0 | 1.0
-0.026700885966420174 | 1 | 1.0
-0.0300911832600832 | 0 | 1.0
-0.029560543596744537 | 1 | 1.0
-0.03291260823607445 | 0 | 1.0
-0.032344646751880646 | 1 | 1.0
-0.03566036745905876 | 0 | 1.0
-0.03505658358335495 | 1 | 1.0
-0.03833692893385887 | 0 | 1.0
-0.03769790753722191 | 0 | 1.0
-0.0409429706633091 | 1 | 1.0
-0.048070937395095825 | 0 | 1.0
-0.05127989873290062 | 1 | 1.0
-0.05837466940283775 | 0 | 1.0
-0.06155248358845711 | 1 | 1.0
-0.06861849874258041 | 0 | 1.0
-0.07176929712295532 | 1 | 1.0
-0.07881025224924088 | 0 | 1.0
-0.08193744719028473 | 1 | 1.0
-0.08895637840032578 | 0 | 1.0
-0.09206275641918182 | 1 | 1.0
-0.09906212985515594 | 0 | 1.0
-0.10214991122484207 | 0 | 1.0
-0.10913167148828506 | 1 | 1.0
-0.12000694870948792 | 0 | 1.0
-0.12697257101535797 | 1 | 1.0
-0.1378358155488968 | 0 | 1.0
-0.14479303359985352 | 1 | 1.0
-0.15565170347690582 | 0 | 1.0
-0.16260796785354614 | 1 | 1.0
-0.17346934974193573 | 0 | 1.0
-0.18043197691440582 | 1 | 1.0
-0.1913032829761505 | 1 | 1.0
-0.19827967882156372 | 0 | 1.0
-0.20136414468288422 | 1 | 1.0
-0.2083619236946106 | 0 | 1.0
-0.21146847307682037 | 1 | 1.0
-0.21848903596401215 | 0 | 1.0
-0.22161933779716492 | 1 | 1.0
-0.22866463661193848 | 0 | 1.0
-0.2318209558725357 | 1 | 1.0
-0.2388935089111328 | 0 | 1.0
-0.2420787364244461 | 1 | 1.0
-0.24918168783187866 | 0 | 1.0
-0.25239938497543335 | 1 | 1.0
-0.25953662395477295 | 1 | 1.0
-0.26279106736183167 | 0 | 1.0
-0.2621653378009796 | 1 | 1.0
-0.2654617726802826 | 0 | 1.0
-0.264877587556839 | 1 | 1.0
-0.26821547746658325 | 0 | 1.0
-0.26767295598983765 | 1 | 1.0
-0.27105286717414856 | 1 | 1.0
-0.2705531418323517 | 0 | 1.0
-0.26617538928985596 | 1 | 1.0
-0.2657206356525421 | 0 | 1.0
-0.26138582825660706 | 1 | 1.0
-0.2609727680683136 | 0 | 1.0
-0.25667816400527954 | 1 | 1.0
-0.256304532289505 | 1 | 1.0
-0.252048522233963 | 0 | 1.0
-0.2439107894897461 | 1 | 1.0
-0.23969265818595886 | 0 | 1.0
-0.23158909380435944 | 1 | 1.0
-0.2274024486541748 | 0 | 1.0
-0.21932721138000488 | 1 | 1.0
-0.21516650915145874 | 0 | 1.0
-0.20711448788642883 | 1 | 1.0
-0.20297487080097198 | 0 | 1.0
-0.19494158029556274 | 1 | 1.0
-0.19081878662109375 | 0 | 1.0
-0.1828002631664276 | 1 | 1.0
-0.17869049310684204 | 0 | 1.0
-0.1706831455230713 | 1 | 1.0
-0.16658297181129456 | 0 | 1.0
-0.15858358144760132 | 1 | 1.0
-0.15448984503746033 | 0 | 1.0
-0.14649538695812225 | 1 | 1.0
-0.142405167222023 | 0 | 1.0
-0.13441278040409088 | 1 | 1.0
-0.13032324612140656 | 0 | 1.0
-0.12233015894889832 | 1 | 1.0
-0.11823855340480804 | 0 | 1.0
-0.11024202406406403 | 1 | 1.0
-0.10614556074142456 | 0 | 1.0
-0.09814278781414032 | 1 | 1.0
-0.09403859823942184 | 0 | 1.0
-0.08602665364742279 | 1 | 1.0
-0.08191172033548355 | 0 | 1.0
-0.07388749718666077 | 1 | 1.0
-0.06975856423377991 | 0 | 1.0
-0.061718687415122986 | 1 | 1.0
-0.05757218226790428 | 0 | 1.0
-0.049512941390275955 | 1 | 1.0
-0.04534491151571274 | 0 | 1.0
-0.037262167781591415 | 1 | 1.0
-0.033068183809518814 | 0 | 1.0
-0.024957286193966866 | 1 | 1.0
-0.020732326433062553 | 0 | 1.0
-0.012588012963533401 | 0 | 1.0
-0.008326379582285881 | 1 | 1.0
-0.007944402284920216 | 0 | 1.0
-0.0036395438946783543 | 1 | 1.0
-0.0032139760442078114 | 0 | 1.0
0.0011349995620548725 | 1 | 1.0
0.0016056688036769629 | 0 | 1.0
0.006000719498842955 | 0 | 1.0
0.00651908665895462 | 1 | 1.0
0.0031629945151507854 | 0 | 1.0
0.0037328419275581837 | 1 | 1.0
0.000427092396421358 | 0 | 1.0
0.0010468036634847522 | 0 | 1.0
-0.0022094782907515764 | 1 | 1.0
-0.009340675547719002 | 0 | 1.0
-0.012547092512249947 | 1 | 1.0
-0.019631540402770042 | 0 | 1.0
-0.022793104872107506 | 1 | 1.0
-0.029835090041160583 | 0 | 1.0
-0.03295566886663437 | 1 | 1.0
-0.039958417415618896 | 0 | 1.0
-0.043040819466114044 | 0 | 1.0
-0.05000656470656395 | 1 | 1.0
-0.06085512787103653 | 0 | 1.0
-0.06778513640165329 | 1 | 1.0
-0.07860201597213745 | 0 | 1.0
-0.08550332486629486 | 1 | 1.0
-0.09629502892494202 | 0 | 1.0
-0.10317390412092209 | 1 | 1.0
-0.11394627392292023 | 0 | 1.0
-0.12080834805965424 | 1 | 1.0
-0.13156668841838837 | 0 | 1.0
-0.13841712474822998 | 1 | 1.0
-0.14916637539863586 | 0 | 1.0
-0.1560099720954895 | 1 | 1.0
-0.16675473749637604 | 0 | 1.0
-0.1735960990190506 | 1 | 1.0
-0.18434084951877594 | 0 | 1.0
-0.1911844164133072 | 1 | 1.0
-0.2019335925579071 | 0 | 1.0
-0.2087838351726532 | 1 | 1.0
-0.21954187750816345 | 0 | 1.0
-0.2264033555984497 | 1 | 1.0
-0.23717491328716278 | 0 | 1.0
-0.24405242502689362 | 1 | 1.0
-0.2548423707485199 | 0 | 1.0
-0.261741042137146 | 1 | 1.0
-0.2725546658039093 | 0 | 1.0
-0.27948006987571716 | 1 | 1.0
-0.2903231084346771 | 0 | 1.0
-0.297281414270401 | 1 | 1.0
-0.3081602454185486 | 1 | 1.0
-0.31515827775001526 | 0 | 1.0
-0.318278968334198 | 1 | 1.0
-0.32532447576522827 | 0 | 1.0
-0.32849374413490295 | 1 | 1.0
-0.3355889320373535 | 1 | 1.0
-0.33880966901779175 | 0 | 1.0
-0.33815836906433105 | 1 | 1.0
-0.3414347469806671 | 0 | 1.0
-0.3408381938934326 | 1 | 1.0
-0.3441690504550934 | 0 | 1.0
-0.3436269164085388 | 1 | 1.0
-0.347012460231781 | 1 | 1.0
-0.3465256989002228 | 0 | 1.0
-0.3421684503555298 | 1 | 1.0
-0.3417394757270813 | 0 | 1.0
-0.33743810653686523 | 1 | 1.0
-0.33706408739089966 | 1 | 1.0
-0.33281660079956055 | 0 | 1.0
-0.3246963620185852 | 1 | 1.0
-0.3205021917819977 | 0 | 1.0
-0.31243154406547546 | 1 | 1.0
-0.308284729719162 | 0 | 1.0
-0.3002585768699646 | 1 | 1.0
-0.2961544096469879 | 1 | 1.0
-0.28816869854927063 | 0 | 1.0
-0.27630141377449036 | 1 | 1.0
-0.2683531939983368 | 0 | 1.0
-0.2565183639526367 | 1 | 1.0
-0.24859894812107086 | 0 | 1.0
-0.23678849637508392 | 1 | 1.0
-0.22888997197151184 | 0 | 1.0
-0.2170964479446411 | 1 | 1.0
-0.20921148359775543 | 0 | 1.0
-0.1974279135465622 | 1 | 1.0
-0.18954962491989136 | 0 | 1.0
-0.17776931822299957 | 1 | 1.0
-0.16989105939865112 | 0 | 1.0
-0.15810750424861908 | 1 | 1.0
-0.15022270381450653 | 0 | 1.0
-0.1384294033050537 | 1 | 1.0
-0.1305314004421234 | 0 | 1.0
-0.11872170120477676 | 1 | 1.0
-0.11080364882946014 | 0 | 1.0
-0.09897057712078094 | 1 | 1.0
-0.0910252034664154 | 0 | 1.0
-0.0791613757610321 | 0 | 1.0
-0.07118086516857147 | 1 | 1.0
-0.06708000600337982 | 0 | 1.0
-0.05905577540397644 | 1 | 1.0
-0.05490966886281967 | 0 | 1.0
-0.04683883115649223 | 1 | 1.0
-0.0426439493894577 | 0 | 1.0
-0.03452253341674805 | 0 | 1.0
-0.03027420863509178 | 1 | 1.0
-0.029895933344960213 | 0 | 1.0
-0.02558821626007557 | 1 | 1.0
-0.025150315836071968 | 0 | 1.0
-0.020782483741641045 | 0 | 1.0
-0.02028336189687252 | 1 | 1.0
-0.02365085482597351 | 0 | 1.0
-0.023087376728653908 | 1 | 1.0
-0.026391923427581787 | 0 | 1.0
-0.025766005739569664 | 0 | 1.0
-0.029008574783802032 | 1 | 1.0
-0.03611845523118973 | 0 | 1.0
-0.03929843381047249 | 1 | 1.0
-0.04634867608547211 | 0 | 1.0
-0.049470528960227966 | 0 | 1.0
-0.05646467208862305 | 1 | 1.0
-0.06733089685440063 | 0 | 1.0
-0.07427104562520981 | 1 | 1.0
-0.085087850689888 | 0 | 1.0
-0.09198139607906342 | 1 | 1.0
-0.10275536775588989 | 0 | 1.0
-0.10960853099822998 | 0 | 1.0
-0.12034520506858826 | 1 | 1.0
-0.1349659115076065 | 0 | 1.0
-0.1456698179244995 | 1 | 1.0
-0.16026361286640167 | 0 | 1.0
-0.1709451675415039 | 1 | 1.0
-0.18552187085151672 | 0 | 1.0
-0.19619080424308777 | 1 | 1.0
-0.21075977385044098 | 0 | 1.0
-0.22142541408538818 | 1 | 1.0
-0.23599572479724884 | 0 | 1.0
-0.24666725099086761 | 1 | 1.0
-0.2612478733062744 | 0 | 1.0
-0.271934449672699 | 1 | 1.0
-0.28653448820114136 | 0 | 1.0
-0.2972455322742462 | 1 | 1.0
-0.3118743896484375 | 1 | 1.0
-0.3226197063922882 | 0 | 1.0
-0.3294857144355774 | 1 | 1.0
-0.3402758240699768 | 0 | 1.0
-0.3471893072128296 | 1 | 1.0
-0.3580290377140045 | 1 | 1.0
-0.36499547958374023 | 0 | 1.0
-0.36809197068214417 | 1 | 1.0
-0.37511810660362244 | 0 | 1.0
-0.3782750070095062 | 1 | 1.0
-0.3853624165058136 | 1 | 1.0
-0.38858214020729065 | 0 | 1.0
-0.38793665170669556 | 1 | 1.0
-0.3912231922149658 | 0 | 1.0
-0.3906435966491699 | 1 | 1.0
-0.39399588108062744 | 1 | 1.0
-0.39348214864730835 | 0 | 1.0
-0.3891039788722992 | 1 | 1.0
-0.38865774869918823 | 0 | 1.0
-0.38434475660324097 | 1 | 1.0
-0.3839626610279083 | 1 | 1.0
-0.3797124922275543 | 0 | 1.0
-0.37159493565559387 | 1 | 1.0
-0.3674068748950958 | 0 | 1.0
-0.3593476712703705 | 1 | 1.0
-0.3552159070968628 | 0 | 1.0
-0.347210168838501 | 1 | 1.0
-0.34313029050827026 | 1 | 1.0
-0.3351743817329407 | 0 | 1.0
-0.32334262132644653 | 1 | 1.0
-0.3154342770576477 | 0 | 1.0
-0.30364540219306946 | 1 | 1.0
-0.2957768440246582 | 0 | 1.0
-0.28402382135391235 | 1 | 1.0
-0.27618831396102905 | 0 | 1.0
-0.26446497440338135 | 1 | 1.0
-0.256656676530838 | 1 | 1.0
-0.24495764076709747 | 0 | 1.0
-0.22936736047267914 | 1 | 1.0
-0.2176879346370697 | 0 | 1.0
-0.20211145281791687 | 1 | 1.0
-0.19044075906276703 | 0 | 1.0
-0.17486761510372162 | 1 | 1.0
-0.1631951481103897 | 0 | 1.0
-0.14761510491371155 | 1 | 1.0
-0.13593041896820068 | 0 | 1.0
-0.12033317238092422 | 0 | 1.0
-0.10862569510936737 | 1 | 1.0
-0.10080382227897644 | 0 | 1.0
-0.08906257152557373 | 1 | 1.0
-0.08120422065258026 | 0 | 1.0
-0.06942418962717056 | 1 | 1.0
-0.06152383238077164 | 0 | 1.0
-0.04969918355345726 | 0 | 1.0
-0.04175037890672684 | 1 | 1.0
-0.03767388314008713 | 0 | 1.0
-0.02966906502842903 | 1 | 1.0
-0.025535408407449722 | 0 | 1.0
-0.01747235842049122 | 0 | 1.0
-0.013278499245643616 | 1 | 1.0
-0.012951228767633438 | 0 | 1.0
-0.008692633360624313 | 1 | 1.0
-0.00830118265002966 | 0 | 1.0
-0.003978380933403969 | 0 | 1.0
-0.0035223225131630898 | 1 | 1.0
-0.006931289564818144 | 0 | 1.0
-0.006408562418073416 | 1 | 1.0
-0.0097529087215662 | 0 | 1.0
-0.009166431613266468 | 0 | 1.0
-0.012448089197278023 | 1 | 1.0
-0.019597051665186882 | 0 | 1.0
-0.02281634882092476 | 1 | 1.0
-0.02990647591650486 | 0 | 1.0
-0.03306882828474045 | 1 | 1.0
-0.04010460898280144 | 0 | 1.0
-0.04321400821208954 | 0 | 1.0
-0.05019860342144966 | 1 | 1.0
-0.06105808913707733 | 0 | 1.0
-0.06799333542585373 | 1 | 1.0
-0.07880788296461105 | 0 | 1.0
-0.08570104837417603 | 1 | 1.0
-0.09647718071937561 | 0 | 1.0
-0.10333442687988281 | 0 | 1.0
-0.11407770216464996 | 1 | 1.0
-0.12870754301548004 | 0 | 1.0
-0.13942264020442963 | 1 | 1.0
-0.15403017401695251 | 0 | 1.0
-0.16472771763801575 | 1 | 1.0
-0.17932306230068207 | 0 | 1.0
-0.19001315534114838 | 1 | 1.0
-0.2046060711145401 | 0 | 1.0
-0.21529850363731384 | 1 | 1.0
-0.22989855706691742 | 0 | 1.0
-0.24060308933258057 | 1 | 1.0
-0.25521987676620483 | 1 | 1.0
-0.2659463882446289 | 0 | 1.0
-0.27278655767440796 | 1 | 1.0
-0.2835453450679779 | 0 | 1.0
-0.2904200851917267 | 1 | 1.0
-0.30121544003486633 | 0 | 1.0
-0.30812951922416687 | 1 | 1.0
-0.3189665377140045 | 0 | 1.0
-0.3259255886077881 | 1 | 1.0
-0.33681026101112366 | 1 | 1.0
-0.3438209891319275 | 0 | 1.0
-0.34696143865585327 | 1 | 1.0
-0.35403162240982056 | 0 | 1.0
-0.357232928276062 | 1 | 1.0
-0.36436519026756287 | 1 | 1.0
-0.3676307797431946 | 0 | 1.0
-0.36703255772590637 | 1 | 1.0
-0.37036749720573425 | 1 | 1.0
-0.3698384165763855 | 0 | 1.0
-0.3654467463493347 | 1 | 1.0
-0.3649880290031433 | 0 | 1.0
-0.36066415905952454 | 1 | 1.0
-0.3602721393108368 | 1 | 1.0
-0.3560135066509247 | 0 | 1.0
-0.3478888273239136 | 1 | 1.0
-0.34369444847106934 | 0 | 1.0
-0.3356301188468933 | 1 | 1.0
-0.3314940333366394 | 0 | 1.0
-0.32348504662513733 | 1 | 1.0
Total reward: 500.0
3.1, 5.8, -3.2, 2.0, -4.3, 2.8, -3.7, 4.8, -2.5, -2.0
parameter ends

state | action | reward
[-0.04] | 1 | 1.0
-0.04284172132611275 | 0 | 1.0
-0.039907582104206085 | 1 | 1.0
-0.040884122252464294 | 0 | 1.0
-0.03796553984284401 | 1 | 1.0
-0.03895667940378189 | 0 | 1.0
-0.036051735281944275 | 1 | 1.0
-0.03705572336912155 | 0 | 1.0
-0.03416285291314125 | 1 | 1.0
-0.035178281366825104 | 0 | 1.0
-0.03229624032974243 | 1 | 1.0
-0.033322010189294815 | 0 | 1.0
-0.030449846759438515 | 1 | 1.0
-0.03148512542247772 | 0 | 1.0
-0.02862214483320713 | 1 | 1.0
-0.02966635674238205 | 0 | 1.0
-0.026812098920345306 | 1 | 1.0
-0.02786489576101303 | 1 | 1.0
-0.02501913160085678 | 0 | 1.0
-0.018275661394000053 | 1 | 1.0
-0.015438380651175976 | 0 | 1.0
-0.008700046688318253 | 1 | 1.0
-0.005864758975803852 | 0 | 1.0
0.0008747716201469302 | 0 | 1.0
0.0037144236266613007 | 1 | 1.0
0.0026567282620817423 | 0 | 1.0
0.005507136229425669 | 1 | 1.0
0.004460104275494814 | 0 | 1.0
0.007321157958358526 | 1 | 1.0
0.006284819915890694 | 0 | 1.0
0.00915667787194252 | 1 | 1.0
0.008131331764161587 | 0 | 1.0
0.011014423333108425 | 1 | 1.0
0.010000639595091343 | 0 | 1.0
0.012895667925477028 | 1 | 1.0
0.011894301511347294 | 0 | 1.0
0.014802263118326664 | 1 | 1.0
0.013814469799399376 | 0 | 1.0
0.016736667603254318 | 1 | 1.0
0.01576392911374569 | 0 | 1.0
0.018702009692788124 | 1 | 1.0
0.01774616912007332 | 0 | 1.0
0.020702147856354713 | 1 | 1.0
0.019765445962548256 | 0 | 1.0
0.022741761058568954 | 0 | 1.0
0.021826887503266335 | 1 | 1.0
0.01702266000211239 | 0 | 1.0
0.016132831573486328 | 1 | 1.0
0.011352003552019596 | 0 | 1.0
0.010484344325959682 | 1 | 1.0
0.005724381189793348 | 0 | 1.0
0.004876603372395039 | 1 | 1.0
0.00013551602023653686 | 0 | 1.0
-0.0006941399187780917 | 1 | 1.0
-0.005417847540229559 | 0 | 1.0
-0.006230664439499378 | 1 | 1.0
-0.010938035324215889 | 0 | 1.0
-0.01173485815525055 | 1 | 1.0
-0.016426514834165573 | 0 | 1.0
-0.01720777526497841 | 1 | 1.0
-0.02188393846154213 | 0 | 1.0
-0.022649670019745827 | 0 | 1.0
-0.027310172095894814 | 1 | 1.0
-0.03586440160870552 | 0 | 1.0
-0.04050866886973381 | 1 | 1.0
-0.049049727618694305 | 0 | 1.0
-0.053683482110500336 | 1 | 1.0
-0.06221684440970421 | 0 | 1.0
-0.06684547662734985 | 1 | 1.0
-0.07537636905908585 | 0 | 1.0
-0.08000508695840836 | 1 | 1.0
-0.08853860944509506 | 0 | 1.0
-0.09317252784967422 | 1 | 1.0
-0.10171379148960114 | 1 | 1.0
-0.1063581183552742 | 0 | 1.0
-0.10710787028074265 | 1 | 1.0
-0.11176799982786179 | 0 | 1.0
-0.11253298819065094 | 1 | 1.0
-0.11720795929431915 | 0 | 1.0
-0.11798743158578873 | 1 | 1.0
-0.12267666310071945 | 0 | 1.0
-0.12347022444009781 | 1 | 1.0
-0.12817350029945374 | 0 | 1.0
-0.12898112833499908 | 1 | 1.0
-0.13369858264923096 | 0 | 1.0
-0.13452060520648956 | 1 | 1.0
-0.13925273716449738 | 0 | 1.0
-0.14008983969688416 | 1 | 1.0
-0.14483749866485596 | 0 | 1.0
-0.14569072425365448 | 1 | 1.0
-0.15045514702796936 | 0 | 1.0
-0.15132595598697662 | 1 | 1.0
-0.1561087667942047 | 0 | 1.0
-0.15699902176856995 | 1 | 1.0
-0.16180230677127838 | 1 | 1.0
-0.16271433234214783 | 0 | 1.0
-0.15973682701587677 | 1 | 1.0
-0.16067346930503845 | 0 | 1.0
-0.15771876275539398 | 1 | 1.0
-0.15867680311203003 | 0 | 1.0
-0.15574195981025696 | 1 | 1.0
-0.15671873092651367 | 0 | 1.0
-0.15380139648914337 | 1 | 1.0
-0.15479470789432526 | 0 | 1.0
-0.15189297497272491 | 1 | 1.0
-0.15290112793445587 | 0 | 1.0
-0.15001347661018372 | 1 | 1.0
-0.1510351300239563 | 0 | 1.0
-0.1481604427099228 | 1 | 1.0
-0.1491946280002594 | 0 | 1.0
-0.14633208513259888 | 1 | 1.0
-0.14737816154956818 | 0 | 1.0
-0.14452730119228363 | 1 | 1.0
-0.14558492600917816 | 0 | 1.0
-0.14274555444717407 | 1 | 1.0
-0.14381469786167145 | 0 | 1.0
-0.14098691940307617 | 1 | 1.0
-0.1420678198337555 | 1 | 1.0
-0.13925205171108246 | 0 | 1.0
-0.13254067301750183 | 1 | 1.0
-0.12973758578300476 | 0 | 1.0
-0.12303592264652252 | 1 | 1.0
-0.12023986130952835 | 0 | 1.0
-0.11354241520166397 | 1 | 1.0
-0.11074794083833694 | 0 | 1.0
-0.10404939949512482 | 1 | 1.0
-0.10125117003917694 | 0 | 1.0
-0.09454625844955444 | 0 | 1.0
-0.09173892438411713 | 1 | 1.0
-0.09282681345939636 | 0 | 1.0
-0.09000486135482788 | 1 | 1.0
-0.09107863157987595 | 0 | 1.0
-0.08824292570352554 | 1 | 1.0
-0.08930326998233795 | 0 | 1.0
-0.08645433187484741 | 1 | 1.0
-0.08750157803297043 | 0 | 1.0
-0.08463959395885468 | 1 | 1.0
-0.0856737494468689 | 0 | 1.0
-0.0827985554933548 | 1 | 1.0
-0.08381929993629456 | 0 | 1.0
-0.0809304267168045 | 1 | 1.0
-0.08193710446357727 | 0 | 1.0
-0.07903372496366501 | 1 | 1.0
-0.0800253301858902 | 0 | 1.0
-0.07710627466440201 | 1 | 1.0
-0.07808144390583038 | 0 | 1.0
-0.0751451775431633 | 1 | 1.0
-0.07610214501619339 | 0 | 1.0
-0.07314670085906982 | 0 | 1.0
-0.07408326864242554 | 1 | 1.0
-0.07891018688678741 | 0 | 1.0
-0.07982367277145386 | 1 | 1.0
-0.08462943881750107 | 0 | 1.0
-0.08552328497171402 | 1 | 1.0
-0.09031103551387787 | 0 | 1.0
-0.09118815511465073 | 1 | 1.0
-0.09596053510904312 | 0 | 1.0
-0.09682339429855347 | 1 | 1.0
-0.10158263146877289 | 0 | 1.0
-0.10243329405784607 | 1 | 1.0
-0.10718128830194473 | 0 | 1.0
-0.10802149772644043 | 1 | 1.0
-0.11275982111692429 | 0 | 1.0
-0.1135910227894783 | 1 | 1.0
-0.11832098662853241 | 0 | 1.0
-0.11914439499378204 | 1 | 1.0
-0.12386710196733475 | 0 | 1.0
-0.12468370795249939 | 1 | 1.0
-0.12940005958080292 | 0 | 1.0
-0.13021068274974823 | 1 | 1.0
-0.1349213868379593 | 0 | 1.0
-0.1357266753911972 | 1 | 1.0
-0.14043232798576355 | 0 | 1.0
-0.14123278856277466 | 1 | 1.0
-0.1459338217973709 | 0 | 1.0
-0.14672984182834625 | 1 | 1.0
-0.15142658352851868 | 0 | 1.0
-0.15221841633319855 | 1 | 1.0
-0.15691106021404266 | 0 | 1.0
-0.1576988697052002 | 1 | 1.0
-0.16238753497600555 | 0 | 1.0
-0.16317138075828552 | 0 | 1.0
-0.16785606741905212 | 1 | 1.0
-0.17644071578979492 | 0 | 1.0
-0.1811213195323944 | 1 | 1.0
-0.18970517814159393 | 1 | 1.0
-0.19438818097114563 | 0 | 1.0
-0.19517284631729126 | 1 | 1.0
-0.1998647153377533 | 0 | 1.0
-0.20065820217132568 | 1 | 1.0
-0.2053588628768921 | 0 | 1.0
-0.20616117119789124 | 1 | 1.0
-0.21087077260017395 | 0 | 1.0
-0.21168217062950134 | 1 | 1.0
-0.21640107035636902 | 0 | 1.0
-0.21722204983234406 | 1 | 1.0
-0.22195084393024445 | 0 | 1.0
-0.22278212010860443 | 1 | 1.0
-0.2275216281414032 | 0 | 1.0
-0.22836416959762573 | 1 | 1.0
-0.23311549425125122 | 0 | 1.0
-0.2339705228805542 | 1 | 1.0
-0.23873504996299744 | 0 | 1.0
-0.23960411548614502 | 1 | 1.0
-0.2443835288286209 | 0 | 1.0
-0.24526849389076233 | 1 | 1.0
-0.25006482005119324 | 0 | 1.0
-0.25096791982650757 | 1 | 1.0
-0.2557835876941681 | 0 | 1.0
-0.25670748949050903 | 1 | 1.0
-0.2615453898906708 | 1 | 1.0
-0.2624932825565338 | 0 | 1.0
-0.2595531940460205 | 1 | 1.0
-0.2605287730693817 | 0 | 1.0
-0.2576150596141815 | 1 | 1.0
-0.25861603021621704 | 0 | 1.0
-0.25572672486305237 | 1 | 1.0
-0.2567514479160309 | 0 | 1.0
-0.25388526916503906 | 1 | 1.0
-0.2549327313899994 | 0 | 1.0
-0.2520889639854431 | 1 | 1.0
-0.2531587481498718 | 0 | 1.0
-0.25033724308013916 | 1 | 1.0
-0.2514294385910034 | 1 | 1.0
-0.24863064289093018 | 0 | 1.0
-0.24194207787513733 | 1 | 1.0
-0.2391670048236847 | 0 | 1.0
-0.23249933123588562 | 1 | 1.0
-0.2297428548336029 | 0 | 1.0
-0.22309128940105438 | 1 | 1.0
-0.22034884989261627 | 0 | 1.0
-0.21370908617973328 | 1 | 1.0
-0.2109764963388443 | 0 | 1.0
-0.20434455573558807 | 1 | 1.0
-0.20161795616149902 | 0 | 1.0
-0.1949900984764099 | 1 | 1.0
-0.19226579368114471 | 0 | 1.0
-0.185638427734375 | 1 | 1.0
-0.18291285634040833 | 0 | 1.0
-0.17628245055675507 | 1 | 1.0
-0.1735520362854004 | 0 | 1.0
-0.16691502928733826 | 1 | 1.0
-0.16417613625526428 | 0 | 1.0
-0.1575288474559784 | 1 | 1.0
-0.15477769076824188 | 0 | 1.0
-0.14811621606349945 | 1 | 1.0
-0.14534872770309448 | 0 | 1.0
-0.13866889476776123 | 0 | 1.0
-0.13588064908981323 | 1 | 1.0
-0.13698166608810425 | 0 | 1.0
-0.13416779041290283 | 1 | 1.0
-0.13524392247200012 | 0 | 1.0
-0.13240563869476318 | 1 | 1.0
-0.13345776498317719 | 0 | 1.0
-0.13059565424919128 | 1 | 1.0
-0.1316240280866623 | 0 | 1.0
-0.12873807549476624 | 1 | 1.0
-0.12974236905574799 | 0 | 1.0
-0.12683196365833282 | 1 | 1.0
-0.1278112381696701 | 0 | 1.0
-0.12487517297267914 | 0 | 1.0
-0.1258278638124466 | 1 | 1.0
-0.13066773116588593 | 0 | 1.0
-0.13159163296222687 | 1 | 1.0
-0.1364048719406128 | 0 | 1.0
-0.13730376958847046 | 1 | 1.0
-0.14209377765655518 | 0 | 1.0
-0.1429707556962967 | 1 | 1.0
-0.14774028956890106 | 0 | 1.0
-0.14859788119792938 | 1 | 1.0
-0.1533491462469101 | 0 | 1.0
-0.1541893482208252 | 1 | 1.0
-0.15892408788204193 | 0 | 1.0
-0.15974844992160797 | 1 | 1.0
-0.1644679754972458 | 0 | 1.0
-0.1652776002883911 | 1 | 1.0
-0.16998285055160522 | 0 | 1.0
-0.17077848315238953 | 0 | 1.0
-0.17546997964382172 | 1 | 1.0
-0.18405652046203613 | 0 | 1.0
-0.18873444199562073 | 1 | 1.0
-0.19731086492538452 | 0 | 1.0
-0.20198175311088562 | 1 | 1.0
-0.2105543613433838 | 0 | 1.0
-0.2152245193719864 | 1 | 1.0
-0.223799467086792 | 0 | 1.0
-0.22847504913806915 | 1 | 1.0
-0.23705846071243286 | 1 | 1.0
-0.2417457103729248 | 0 | 1.0
-0.24253948032855988 | 1 | 1.0
-0.24724486470222473 | 0 | 1.0
-0.24805676937103271 | 1 | 1.0
-0.25278040766716003 | 0 | 1.0
-0.2536108195781708 | 1 | 1.0
-0.2583533525466919 | 0 | 1.0
-0.25920313596725464 | 1 | 1.0
-0.26396554708480835 | 0 | 1.0
-0.26483601331710815 | 1 | 1.0
-0.2696199119091034 | 0 | 1.0
-0.2705128788948059 | 1 | 1.0
-0.27532029151916504 | 0 | 1.0
-0.2762381136417389 | 1 | 1.0
-0.28107166290283203 | 1 | 1.0
-0.2820172607898712 | 0 | 1.0
-0.2790769934654236 | 1 | 1.0
-0.2800540328025818 | 0 | 1.0
-0.27714377641677856 | 1 | 1.0
-0.27814993262290955 | 0 | 1.0
-0.2752678394317627 | 1 | 1.0
-0.2763015329837799 | 0 | 1.0
-0.2734464406967163 | 1 | 1.0
-0.2745068669319153 | 0 | 1.0
-0.27167829871177673 | 1 | 1.0
-0.27276524901390076 | 1 | 1.0
-0.26996341347694397 | 0 | 1.0
-0.2632739245891571 | 1 | 1.0
-0.2604996860027313 | 0 | 1.0
-0.25383490324020386 | 1 | 1.0
-0.2510831356048584 | 0 | 1.0
-0.24443836510181427 | 1 | 1.0
-0.2417045682668686 | 0 | 1.0
-0.23507557809352875 | 1 | 1.0
-0.2323557734489441 | 0 | 1.0
-0.22573882341384888 | 1 | 1.0
-0.22302938997745514 | 0 | 1.0
-0.21642106771469116 | 1 | 1.0
-0.2137186974287033 | 0 | 1.0
-0.20711584389209747 | 1 | 1.0
-0.20441746711730957 | 0 | 1.0
-0.1978171020746231 | 1 | 1.0
-0.19511976838111877 | 0 | 1.0
-0.18851900100708008 | 1 | 1.0
-0.1858198344707489 | 0 | 1.0
-0.17921581864356995 | 1 | 1.0
-0.17651191353797913 | 0 | 1.0
-0.16990172863006592 | 1 | 1.0
-0.16719013452529907 | 0 | 1.0
-0.16057077050209045 | 1 | 1.0
-0.15784835815429688 | 0 | 1.0
-0.15121659636497498 | 1 | 1.0
-0.14847999811172485 | 0 | 1.0
-0.1418323665857315 | 1 | 1.0
-0.13907793164253235 | 0 | 1.0
-0.13241060078144073 | 0 | 1.0
-0.12963426113128662 | 1 | 1.0
-0.13074669241905212 | 0 | 1.0
-0.12794387340545654 | 1 | 1.0
-0.1290307343006134 | 0 | 1.0
-0.12620294094085693 | 1 | 1.0
-0.12726537883281708 | 0 | 1.0
-0.12441348284482956 | 1 | 1.0
-0.12545201182365417 | 0 | 1.0
-0.12257624417543411 | 1 | 1.0
-0.12359079718589783 | 0 | 1.0
-0.12069080770015717 | 1 | 1.0
-0.12168069183826447 | 0 | 1.0
-0.1187555193901062 | 0 | 1.0
-0.11971946060657501 | 1 | 1.0
-0.12457103282213211 | 0 | 1.0
-0.12550708651542664 | 1 | 1.0
-0.1303330957889557 | 0 | 1.0
-0.13124531507492065 | 1 | 1.0
-0.13604943454265594 | 0 | 1.0
-0.13694126904010773 | 1 | 1.0
-0.14172658324241638 | 0 | 1.0
-0.1426008939743042 | 1 | 1.0
-0.14737002551555634 | 0 | 1.0
-0.1482292115688324 | 1 | 1.0
-0.15298429131507874 | 0 | 1.0
-0.15383034944534302 | 1 | 1.0
-0.1585731953382492 | 0 | 1.0
-0.15940773487091064 | 1 | 1.0
-0.16413980722427368 | 0 | 1.0
-0.16496416926383972 | 1 | 1.0
-0.16968663036823273 | 0 | 1.0
-0.17050187289714813 | 1 | 1.0
-0.17521564662456512 | 0 | 1.0
-0.17602255940437317 | 1 | 1.0
-0.18072834610939026 | 0 | 1.0
-0.1815275251865387 | 1 | 1.0
-0.1862258017063141 | 0 | 1.0
-0.18701763451099396 | 0 | 1.0
-0.19170868396759033 | 1 | 1.0
-0.20029811561107635 | 0 | 1.0
-0.20498204231262207 | 1 | 1.0
-0.21356774866580963 | 0 | 1.0
-0.21825113892555237 | 1 | 1.0
-0.2268395721912384 | 1 | 1.0
-0.23152896761894226 | 0 | 1.0
-0.23232193291187286 | 1 | 1.0
-0.23702390491962433 | 0 | 1.0
-0.23782946169376373 | 1 | 1.0
-0.24254412949085236 | 0 | 1.0
-0.24336259067058563 | 1 | 1.0
-0.24809040129184723 | 0 | 1.0
-0.24892236292362213 | 1 | 1.0
-0.2536640763282776 | 0 | 1.0
-0.2545104920864105 | 1 | 1.0
-0.25926724076271057 | 0 | 1.0
-0.2601293623447418 | 1 | 1.0
-0.26490259170532227 | 0 | 1.0
-0.2657821476459503 | 1 | 1.0
-0.2705737352371216 | 0 | 1.0
-0.2714727818965912 | 1 | 1.0
-0.27628499269485474 | 0 | 1.0
-0.2772061228752136 | 1 | 1.0
-0.2820416986942291 | 1 | 1.0
-0.28298795223236084 | 0 | 1.0
-0.28004682064056396 | 1 | 1.0
-0.2810218334197998 | 0 | 1.0
-0.2781081199645996 | 1 | 1.0
-0.2791096270084381 | 0 | 1.0
-0.276221364736557 | 1 | 1.0
-0.27724766731262207 | 0 | 1.0
-0.27438363432884216 | 1 | 1.0
-0.2754337787628174 | 0 | 1.0
-0.27259325981140137 | 1 | 1.0
-0.2736668288707733 | 0 | 1.0
-0.2708497941493988 | 1 | 1.0
-0.2719469964504242 | 1 | 1.0
-0.2691539525985718 | 0 | 1.0
-0.26247185468673706 | 1 | 1.0
-0.25970393419265747 | 0 | 1.0
-0.2530442178249359 | 1 | 1.0
-0.2502964437007904 | 0 | 1.0
-0.2436545044183731 | 1 | 1.0
-0.24092254042625427 | 0 | 1.0
-0.23429428040981293 | 1 | 1.0
-0.2315741926431656 | 0 | 1.0
-0.22495590150356293 | 1 | 1.0
-0.22224409878253937 | 0 | 1.0
-0.2156323492527008 | 1 | 1.0
-0.2129254937171936 | 0 | 1.0
-0.20631706714630127 | 1 | 1.0
-0.20361199975013733 | 0 | 1.0
-0.1970038115978241 | 1 | 1.0
-0.1942974478006363 | 0 | 1.0
-0.18768642842769623 | 1 | 1.0
-0.18497566878795624 | 0 | 1.0
-0.1783587485551834 | 1 | 1.0
-0.17564046382904053 | 0 | 1.0
-0.16901443898677826 | 1 | 1.0
-0.16628533601760864 | 0 | 1.0
-0.15964682400226593 | 1 | 1.0
-0.15690338611602783 | 0 | 1.0
-0.15024875104427338 | 1 | 1.0
-0.1474871188402176 | 0 | 1.0
-0.14081238210201263 | 0 | 1.0
-0.1380283236503601 | 1 | 1.0
-0.13913267850875854 | 0 | 1.0
-0.13632145524024963 | 1 | 1.0
-0.13739943504333496 | 0 | 1.0
-0.13456234335899353 | 1 | 1.0
-0.13561488687992096 | 0 | 1.0
-0.13275253772735596 | 1 | 1.0
-0.13377992808818817 | 0 | 1.0
-0.13089235126972198 | 1 | 1.0
-0.13189424574375153 | 0 | 1.0
-0.12898078560829163 | 1 | 1.0
-0.1299562007188797 | 0 | 1.0
-0.127015620470047 | 0 | 1.0
-0.12796293199062347 | 1 | 1.0
-0.132796511054039 | 0 | 1.0
-0.13371339440345764 | 1 | 1.0
-0.13851866126060486 | 0 | 1.0
-0.13940872251987457 | 1 | 1.0
-0.14418885111808777 | 0 | 1.0
-0.14505499601364136 | 1 | 1.0
-0.1498125195503235 | 0 | 1.0
-0.1506570279598236 | 1 | 1.0
-0.15539388358592987 | 0 | 1.0
-0.15621845424175262 | 1 | 1.0
-0.16093607246875763 | 0 | 1.0
-0.16174188256263733 | 0 | 1.0
-0.1664411574602127 | 1 | 1.0
-0.17503315210342407 | 0 | 1.0
-0.17971453070640564 | 1 | 1.0
-0.18829220533370972 | 0 | 1.0
-0.19296234846115112 | 1 | 1.0
-0.20153208076953888 | 0 | 1.0
-0.20619730651378632 | 1 | 1.0
-0.21476522088050842 | 0 | 1.0
-0.21943163871765137 | 1 | 1.0
-0.22800375521183014 | 0 | 1.0
-0.2326774299144745 | 1 | 1.0
-0.24125976860523224 | 1 | 1.0
-0.24594685435295105 | 0 | 1.0
-0.2467413693666458 | 1 | 1.0
-0.25144830346107483 | 0 | 1.0
-0.252262681722641 | 1 | 1.0
-0.25698962807655334 | 0 | 1.0
-0.25782427191734314 | 1 | 1.0
-0.26257187128067017 | 0 | 1.0
-0.263427734375 | 1 | 1.0
-0.2681971490383148 | 0 | 1.0
-0.2690756916999817 | 1 | 1.0
-0.273868590593338 | 0 | 1.0
-0.2747717797756195 | 1 | 1.0
-0.2795904576778412 | 0 | 1.0
-0.28052085638046265 | 1 | 1.0
Total reward: 500.0
3.1, 5.8, -3.2, 2.0, -4.3, 2.8, -3.7, 4.8, -2.5, -2.0
parameter ends

state | action | reward
[0.02] | 1 | 1.0
0.016230681911110878 | 0 | 1.0
0.020905280485749245 | 1 | 1.0
0.02167031355202198 | 0 | 1.0
0.02633194997906685 | 1 | 1.0
0.027085477486252785 | 0 | 1.0
0.03173711523413658 | 1 | 1.0
0.03248196840286255 | 0 | 1.0
0.03712628781795502 | 1 | 1.0
0.037865050137043 | 0 | 1.0
0.04250451177358627 | 1 | 1.0
0.04323957487940788 | 0 | 1.0
0.047876495867967606 | 1 | 1.0
0.048610128462314606 | 0 | 1.0
0.05324673280119896 | 1 | 1.0
0.05398114025592804 | 0 | 1.0
0.05861961096525192 | 1 | 1.0
0.059356994926929474 | 0 | 1.0
0.06399954110383987 | 1 | 1.0
0.06474214047193527 | 0 | 1.0
0.06939103454351425 | 1 | 1.0
0.07014120370149612 | 0 | 1.0
0.07479886710643768 | 1 | 1.0
0.075559101998806 | 0 | 1.0
0.08022812008857727 | 1 | 1.0
0.0810011625289917 | 0 | 1.0
0.0856843814253807 | 1 | 1.0
0.0864732414484024 | 0 | 1.0
0.09117381274700165 | 1 | 1.0
0.09198185801506042 | 0 | 1.0
0.09670332819223404 | 1 | 1.0
0.09753436595201492 | 0 | 1.0
0.10228075087070465 | 0 | 1.0
0.10313910245895386 | 1 | 1.0
0.10011183470487595 | 0 | 1.0
0.10100246965885162 | 1 | 1.0
0.09800683706998825 | 0 | 1.0
0.0989287868142128 | 1 | 1.0
0.09596427530050278 | 0 | 1.0
0.09691737592220306 | 1 | 1.0
0.09398424625396729 | 0 | 1.0
0.09496910870075226 | 0 | 1.0
0.09206840395927429 | 1 | 1.0
0.08528362959623337 | 0 | 1.0
0.08241721242666245 | 1 | 1.0
0.07566438615322113 | 0 | 1.0
0.0728282779455185 | 1 | 1.0
0.06610391288995743 | 0 | 1.0
0.06329494714736938 | 1 | 1.0
0.056596290320158005 | 0 | 1.0
0.05381200835108757 | 1 | 1.0
0.04713696241378784 | 0 | 1.0
0.044375550001859665 | 1 | 1.0
0.037722643464803696 | 0 | 1.0
0.034982889890670776 | 0 | 1.0
0.028351210057735443 | 1 | 1.0
0.017828403040766716 | 0 | 1.0
0.011217600665986538 | 1 | 1.0
0.0007121243397705257 | 0 | 1.0
-0.00588431628420949 | 1 | 1.0
-0.016378656029701233 | 0 | 1.0
-0.022966822609305382 | 1 | 1.0
-0.03345588594675064 | 0 | 1.0
-0.04004158079624176 | 1 | 1.0
-0.05053102970123291 | 0 | 1.0
-0.057119932025671005 | 1 | 1.0
-0.06761536747217178 | 0 | 1.0
-0.07421315461397171 | 1 | 1.0
-0.08472026139497757 | 0 | 1.0
-0.09133274853229523 | 1 | 1.0
-0.10185740143060684 | 1 | 1.0
-0.1084907129406929 | 0 | 1.0
-0.11123548448085785 | 1 | 1.0
-0.11789616197347641 | 0 | 1.0
-0.12066847085952759 | 1 | 1.0
-0.12735699117183685 | 0 | 1.0
-0.1301577091217041 | 1 | 1.0
-0.1368752419948578 | 0 | 1.0
-0.13970589637756348 | 1 | 1.0
-0.146454319357872 | 0 | 1.0
-0.14931720495224 | 1 | 1.0
-0.1560991108417511 | 1 | 1.0
-0.1589972823858261 | 0 | 1.0
-0.15801383554935455 | 1 | 1.0
-0.1609511822462082 | 0 | 1.0
-0.16000576317310333 | 1 | 1.0
-0.16298048198223114 | 0 | 1.0
-0.1620718091726303 | 1 | 1.0
-0.16508303582668304 | 0 | 1.0
-0.16421078145503998 | 1 | 1.0
-0.16725856065750122 | 1 | 1.0
-0.1664232611656189 | 0 | 1.0
-0.16170631349086761 | 1 | 1.0
-0.1609094887971878 | 0 | 1.0
-0.15622848272323608 | 1 | 1.0
-0.15546591579914093 | 0 | 1.0
-0.15081720054149628 | 1 | 1.0
-0.15008555352687836 | 0 | 1.0
-0.14546626806259155 | 1 | 1.0
-0.1447630524635315 | 0 | 1.0
-0.1401711106300354 | 1 | 1.0
-0.13949453830718994 | 1 | 1.0
-0.13492855429649353 | 0 | 1.0
-0.12647387385368347 | 1 | 1.0
-0.12193314731121063 | 0 | 1.0
-0.11349997669458389 | 1 | 1.0
-0.10897776484489441 | 0 | 1.0
-0.10055975615978241 | 1 | 1.0
-0.09604983031749725 | 0 | 1.0
-0.08764103055000305 | 1 | 1.0
-0.08313754945993423 | 0 | 1.0
-0.07473232597112656 | 1 | 1.0
-0.07022968679666519 | 0 | 1.0
-0.06182253733277321 | 1 | 1.0
-0.05731521174311638 | 0 | 1.0
-0.04890067130327225 | 1 | 1.0
-0.04438309744000435 | 0 | 1.0
-0.035955581814050674 | 1 | 1.0
-0.03142201527953148 | 0 | 1.0
-0.02297571487724781 | 0 | 1.0
-0.01842009648680687 | 1 | 1.0
-0.017752347514033318 | 0 | 1.0
-0.013168144039809704 | 1 | 1.0
-0.012471632100641727 | 0 | 1.0
-0.007858345285058022 | 1 | 1.0
-0.00713218143209815 | 0 | 1.0
-0.0024886014871299267 | 1 | 1.0
-0.0017311681294813752 | 0 | 1.0
0.002944649662822485 | 1 | 1.0
0.0037357257679104805 | 0 | 1.0
0.00844649039208889 | 0 | 1.0
0.009274384006857872 | 1 | 1.0
0.00622163200750947 | 0 | 1.0
0.007090418133884668 | 1 | 1.0
0.004077496938407421 | 0 | 1.0
0.004985567647963762 | 1 | 1.0
0.0020114448852837086 | 0 | 1.0
0.0029581855051219463 | 0 | 1.0
2.2797141355113126e-05 | 1 | 1.0
-0.0067934938706457615 | 0 | 1.0
-0.009689218364655972 | 1 | 1.0
-0.016468679532408714 | 0 | 1.0
-0.01932949386537075 | 1 | 1.0
-0.026076313108205795 | 0 | 1.0
-0.02890605479478836 | 1 | 1.0
-0.03562358394265175 | 0 | 1.0
-0.038425274193286896 | 1 | 1.0
-0.04511610046029091 | 0 | 1.0
-0.04789203405380249 | 0 | 1.0
-0.05455806478857994 | 1 | 1.0
-0.06511366367340088 | 0 | 1.0
-0.07175614684820175 | 1 | 1.0
-0.08229221403598785 | 0 | 1.0
-0.08891848474740982 | 1 | 1.0
-0.09944199025630951 | 0 | 1.0
-0.10605888813734055 | 1 | 1.0
-0.1165764182806015 | 0 | 1.0
-0.1231904923915863 | 1 | 1.0
-0.1337084025144577 | 0 | 1.0
-0.14032605290412903 | 1 | 1.0
-0.15085065364837646 | 0 | 1.0
-0.15747825801372528 | 1 | 1.0
-0.16801594197750092 | 1 | 1.0
-0.17466004192829132 | 0 | 1.0
-0.17741341888904572 | 1 | 1.0
-0.18408092856407166 | 0 | 1.0
-0.18685799837112427 | 1 | 1.0
-0.19354958832263947 | 0 | 1.0
-0.19635137915611267 | 1 | 1.0
-0.20306837558746338 | 0 | 1.0
-0.2058965265750885 | 1 | 1.0
-0.21264082193374634 | 0 | 1.0
-0.21549758315086365 | 1 | 1.0
-0.22227174043655396 | 0 | 1.0
-0.22516006231307983 | 1 | 1.0
-0.23196732997894287 | 1 | 1.0
-0.2348908931016922 | 0 | 1.0
-0.23393312096595764 | 1 | 1.0
-0.23689648509025574 | 0 | 1.0
-0.23597769439220428 | 1 | 1.0
-0.23897966742515564 | 0 | 1.0
-0.23809923231601715 | 1 | 1.0
-0.24113962054252625 | 0 | 1.0
-0.24029788374900818 | 1 | 1.0
-0.2433774173259735 | 1 | 1.0
-0.24257566034793854 | 0 | 1.0
-0.23789432644844055 | 1 | 1.0
-0.23713485896587372 | 0 | 1.0
-0.23249372839927673 | 1 | 1.0
-0.23177321255207062 | 0 | 1.0
-0.22716958820819855 | 1 | 1.0
-0.22648568451404572 | 1 | 1.0
-0.2219177782535553 | 0 | 1.0
-0.21346648037433624 | 1 | 1.0
-0.20893342792987823 | 0 | 1.0
-0.20051318407058716 | 1 | 1.0
-0.1960083395242691 | 0 | 1.0
-0.18761299550533295 | 1 | 1.0
-0.18313050270080566 | 0 | 1.0
-0.17475458979606628 | 1 | 1.0
-0.17028915882110596 | 0 | 1.0
-0.161927729845047 | 1 | 1.0
-0.1574745774269104 | 0 | 1.0
-0.14912311732769012 | 1 | 1.0
-0.14467783272266388 | 0 | 1.0
-0.13633207976818085 | 1 | 1.0
-0.13189050555229187 | 0 | 1.0
-0.12354642152786255 | 1 | 1.0
-0.1191045343875885 | 0 | 1.0
-0.11075814813375473 | 1 | 1.0
-0.10631196945905685 | 0 | 1.0
-0.09795932471752167 | 1 | 1.0
-0.09350482374429703 | 0 | 1.0
-0.0851418524980545 | 1 | 1.0
-0.08067483454942703 | 0 | 1.0
-0.07229726761579514 | 1 | 1.0
-0.06781328469514847 | 0 | 1.0
-0.05941655486822128 | 1 | 1.0
-0.054910801351070404 | 0 | 1.0
-0.04648993909358978 | 1 | 1.0
-0.04195713996887207 | 0 | 1.0
-0.03350665792822838 | 0 | 1.0
-0.028940940275788307 | 1 | 1.0
-0.028256995603442192 | 0 | 1.0
-0.023651743307709694 | 1 | 1.0
-0.0229279026389122 | 0 | 1.0
-0.018282249569892883 | 1 | 1.0
-0.01751708984375 | 0 | 1.0
-0.012829190120100975 | 0 | 1.0
-0.012020287103950977 | 1 | 1.0
-0.015088279731571674 | 0 | 1.0
-0.014232119545340538 | 1 | 1.0
-0.017254184931516647 | 0 | 1.0
-0.016352759674191475 | 1 | 1.0
-0.019330216571688652 | 0 | 1.0
-0.018384383991360664 | 0 | 1.0
-0.02131744474172592 | 1 | 1.0
-0.02812815085053444 | 0 | 1.0
-0.03101588599383831 | 1 | 1.0
-0.037784092128276825 | 0 | 1.0
-0.04063111171126366 | 1 | 1.0
-0.04736077040433884 | 0 | 1.0
-0.05017062649130821 | 1 | 1.0
-0.056864719837903976 | 0 | 1.0
-0.05964001268148422 | 0 | 1.0
-0.06630061566829681 | 1 | 1.0
-0.07684597373008728 | 0 | 1.0
-0.08347427845001221 | 1 | 1.0
-0.09399136155843735 | 0 | 1.0
-0.1005944311618805 | 1 | 1.0
-0.1110898107290268 | 0 | 1.0
-0.11767401546239853 | 1 | 1.0
-0.12815366685390472 | 0 | 1.0
-0.13472484052181244 | 1 | 1.0
-0.14519432187080383 | 0 | 1.0
-0.1517578810453415 | 1 | 1.0
-0.16222244501113892 | 0 | 1.0
-0.16878357529640198 | 1 | 1.0
-0.17924825847148895 | 0 | 1.0
-0.18581204116344452 | 1 | 1.0
-0.19628183543682098 | 0 | 1.0
-0.20285330712795258 | 1 | 1.0
-0.21333329379558563 | 0 | 1.0
-0.21991762518882751 | 1 | 1.0
-0.230413019657135 | 0 | 1.0
-0.23701566457748413 | 1 | 1.0
-0.24753202497959137 | 0 | 1.0
-0.25415876507759094 | 1 | 1.0
-0.26470205187797546 | 1 | 1.0
-0.27135923504829407 | 0 | 1.0
-0.2741334140300751 | 1 | 1.0
-0.2808280289173126 | 0 | 1.0
-0.28364017605781555 | 1 | 1.0
-0.29037338495254517 | 0 | 1.0
-0.2932251989841461 | 1 | 1.0
-0.2999991476535797 | 0 | 1.0
-0.30289334058761597 | 1 | 1.0
-0.3097110688686371 | 1 | 1.0
-0.31265124678611755 | 0 | 1.0
-0.3117164373397827 | 1 | 1.0
-0.3147074282169342 | 0 | 1.0
-0.3138228952884674 | 1 | 1.0
-0.3168640732765198 | 0 | 1.0
-0.3160298466682434 | 1 | 1.0
-0.3191218078136444 | 1 | 1.0
-0.3183392584323883 | 0 | 1.0
-0.3136841058731079 | 1 | 1.0
-0.3129558861255646 | 0 | 1.0
-0.3083532154560089 | 1 | 1.0
-0.30767661333084106 | 1 | 1.0
-0.3031245768070221 | 0 | 1.0
-0.2946978509426117 | 1 | 1.0
-0.2901958227157593 | 0 | 1.0
-0.28181543946266174 | 1 | 1.0
-0.27735742926597595 | 0 | 1.0
-0.2690180838108063 | 1 | 1.0
-0.2645992338657379 | 1 | 1.0
-0.2562967538833618 | 0 | 1.0
-0.24411050975322723 | 1 | 1.0
-0.23584160208702087 | 0 | 1.0
-0.22368380427360535 | 1 | 1.0
-0.21543939411640167 | 0 | 1.0
-0.20330148935317993 | 1 | 1.0
-0.1950731873512268 | 0 | 1.0
-0.18294718861579895 | 1 | 1.0
-0.17472708225250244 | 0 | 1.0
-0.16260534524917603 | 1 | 1.0
-0.15438582003116608 | 0 | 1.0
-0.14226090908050537 | 1 | 1.0
-0.1340344399213791 | 0 | 1.0
-0.12189893424510956 | 1 | 1.0
-0.11365793645381927 | 0 | 1.0
-0.10150426626205444 | 1 | 1.0
-0.09324091672897339 | 0 | 1.0
-0.08106117695569992 | 0 | 1.0
-0.0727672204375267 | 1 | 1.0
-0.06835537403821945 | 0 | 1.0
-0.06002191826701164 | 1 | 1.0
-0.05556892976164818 | 0 | 1.0
-0.047192882746458054 | 1 | 1.0
-0.04269508272409439 | 0 | 1.0
-0.03427235782146454 | 0 | 1.0
-0.029725031927227974 | 1 | 1.0
-0.029050128534436226 | 0 | 1.0
-0.024447374045848846 | 1 | 1.0
-0.023716891184449196 | 0 | 1.0
-0.019058136269450188 | 0 | 1.0
-0.018270691856741905 | 1 | 1.0
-0.021352605894207954 | 0 | 1.0
-0.020505381748080254 | 1 | 1.0
-0.02352915331721306 | 0 | 1.0
-0.02262450009584427 | 0 | 1.0
-0.02559160627424717 | 1 | 1.0
-0.0324295312166214 | 0 | 1.0
-0.03533999249339104 | 1 | 1.0
-0.04212461784482002 | 0 | 1.0
-0.04498368129134178 | 1 | 1.0
-0.05171942710876465 | 0 | 1.0
-0.05453105643391609 | 0 | 1.0
-0.06122113764286041 | 1 | 1.0
-0.07178940623998642 | 0 | 1.0
-0.07843583822250366 | 1 | 1.0
-0.08896496146917343 | 0 | 1.0
-0.09557534009218216 | 1 | 1.0
-0.10607225447893143 | 0 | 1.0
-0.1126532182097435 | 1 | 1.0
-0.12312404066324234 | 0 | 1.0
-0.12968145310878754 | 1 | 1.0
-0.14013159275054932 | 0 | 1.0
-0.1466706544160843 | 1 | 1.0
-0.1571049988269806 | 0 | 1.0
-0.163630411028862 | 0 | 1.0
-0.1740533858537674 | 1 | 1.0
-0.18837417662143707 | 0 | 1.0
-0.19878986477851868 | 1 | 1.0
-0.21310871839523315 | 1 | 1.0
-0.22352764010429382 | 0 | 1.0
-0.2300502210855484 | 1 | 1.0
-0.2404828667640686 | 0 | 1.0
-0.24702125787734985 | 1 | 1.0
-0.25747165083885193 | 0 | 1.0
-0.2640300691127777 | 1 | 1.0
-0.27450260519981384 | 0 | 1.0
-0.2810857594013214 | 1 | 1.0
-0.2915853261947632 | 0 | 1.0
-0.2981984317302704 | 1 | 1.0
-0.30873048305511475 | 0 | 1.0
-0.31537941098213196 | 1 | 1.0
-0.32595008611679077 | 1 | 1.0
-0.33264148235321045 | 0 | 1.0
-0.33545711636543274 | 1 | 1.0
-0.3421986401081085 | 0 | 1.0
-0.34506547451019287 | 1 | 1.0
-0.35185927152633667 | 1 | 1.0
-0.3547801673412323 | 0 | 1.0
-0.35383060574531555 | 1 | 1.0
-0.3568097949028015 | 0 | 1.0
-0.35591769218444824 | 1 | 1.0
-0.35895413160324097 | 0 | 1.0
-0.35811930894851685 | 1 | 1.0
-0.36121341586112976 | 1 | 1.0
-0.3604371249675751 | 0 | 1.0
-0.3557923436164856 | 1 | 1.0
-0.35507723689079285 | 0 | 1.0
-0.3504919707775116 | 1 | 1.0
-0.3498356342315674 | 1 | 1.0
-0.3453083038330078 | 0 | 1.0
-0.3369109332561493 | 1 | 1.0
-0.3324415385723114 | 0 | 1.0
-0.32409870624542236 | 1 | 1.0
-0.31968194246292114 | 1 | 1.0
-0.3113892674446106 | 0 | 1.0
-0.2992205321788788 | 1 | 1.0
-0.2909749150276184 | 0 | 1.0
-0.2788480818271637 | 1 | 1.0
-0.27064090967178345 | 0 | 1.0
-0.25854814052581787 | 1 | 1.0
-0.2503718435764313 | 0 | 1.0
-0.23830610513687134 | 1 | 1.0
-0.2301539182662964 | 0 | 1.0
-0.2181089222431183 | 1 | 1.0
-0.2099747508764267 | 1 | 1.0
-0.1979447454214096 | 0 | 1.0
-0.18201835453510284 | 1 | 1.0
-0.16999806463718414 | 0 | 1.0
-0.15407538414001465 | 0 | 1.0
-0.14205315709114075 | 1 | 1.0
-0.13392747938632965 | 0 | 1.0
-0.12189170718193054 | 1 | 1.0
-0.11374985426664352 | 0 | 1.0
-0.10169543325901031 | 1 | 1.0
-0.09353205561637878 | 0 | 1.0
-0.08145350217819214 | 1 | 1.0
-0.07326281070709229 | 0 | 1.0
-0.06115414947271347 | 1 | 1.0
-0.05292975530028343 | 0 | 1.0
-0.04078437760472298 | 0 | 1.0
-0.03251919522881508 | 1 | 1.0
-0.02813064120709896 | 0 | 1.0
-0.019816651940345764 | 1 | 1.0
-0.015378003008663654 | 0 | 1.0
-0.007012738846242428 | 1 | 1.0
-0.002520808484405279 | 0 | 1.0
0.005899391137063503 | 0 | 1.0
0.010449027642607689 | 1 | 1.0
0.011131145060062408 | 0 | 1.0
0.01574430614709854 | 1 | 1.0
0.016490159556269646 | 0 | 1.0
0.02116755023598671 | 0 | 1.0
0.02197878435254097 | 1 | 1.0
0.018926043063402176 | 0 | 1.0
0.019805939868092537 | 1 | 1.0
0.016820576041936874 | 0 | 1.0
0.017767472192645073 | 0 | 1.0
0.01484884787350893 | 1 | 1.0
0.008066050708293915 | 0 | 1.0
0.005215217359364033 | 1 | 1.0
-0.0015024507883936167 | 0 | 1.0
-0.0042893853969872 | 0 | 1.0
-0.010944809764623642 | 1 | 1.0
-0.02146824821829796 | 0 | 1.0
-0.028062721714377403 | 1 | 1.0
-0.03852931782603264 | 0 | 1.0
-0.04506925493478775 | 0 | 1.0
-0.05548451840877533 | 1 | 1.0
-0.06977559626102448 | 0 | 1.0
-0.08014370501041412 | 1 | 1.0
-0.09439339488744736 | 0 | 1.0
-0.10472401976585388 | 1 | 1.0
-0.11894124746322632 | 0 | 1.0
-0.12924310564994812 | 1 | 1.0
-0.1434359848499298 | 0 | 1.0
-0.15371699631214142 | 1 | 1.0
-0.16789302229881287 | 0 | 1.0
-0.17816053330898285 | 0 | 1.0
-0.19232670962810516 | 1 | 1.0
-0.21039247512817383 | 1 | 1.0
-0.22455546259880066 | 0 | 1.0
-0.23481982946395874 | 1 | 1.0
-0.24899280071258545 | 0 | 1.0
-0.259270578622818 | 1 | 1.0
-0.27346017956733704 | 0 | 1.0
-0.2837581932544708 | 1 | 1.0
-0.29797127842903137 | 0 | 1.0
-0.3082967698574066 | 1 | 1.0
-0.3225407600402832 | 0 | 1.0
-0.3329014778137207 | 1 | 1.0
-0.34718430042266846 | 1 | 1.0
-0.3575887680053711 | 0 | 1.0
-0.3641189634799957 | 1 | 1.0
-0.374576598405838 | 0 | 1.0
-0.381162166595459 | 1 | 1.0
-0.39167696237564087 | 0 | 1.0
-0.3983227014541626 | 1 | 1.0
-0.40889984369277954 | 1 | 1.0
-0.4156118333339691 | 0 | 1.0
-0.41846248507499695 | 1 | 1.0
-0.425248384475708 | 1 | 1.0
-0.4281744658946991 | 0 | 1.0
-0.42724329233169556 | 1 | 1.0
-0.43024879693984985 | 0 | 1.0
-0.4293963611125946 | 1 | 1.0
-0.43248066306114197 | 1 | 1.0
-0.4317074716091156 | 0 | 1.0
-0.4270787239074707 | 1 | 1.0
-0.42638733983039856 | 1 | 1.0
-0.4218387305736542 | 0 | 1.0
-0.41343364119529724 | 1 | 1.0
-0.40896448493003845 | 0 | 1.0
-0.4006350636482239 | 1 | 1.0
-0.3962399661540985 | 1 | 1.0
-0.3879820704460144 | 0 | 1.0
-0.37586143612861633 | 1 | 1.0
-0.36767271161079407 | 0 | 1.0
-0.3556164503097534 | 1 | 1.0
-0.3474896550178528 | 1 | 1.0
-0.3354915678501129 | 0 | 1.0
-0.3196214437484741 | 1 | 1.0
-0.307676762342453 | 0 | 1.0
-0.2918539047241211 | 1 | 1.0
Total reward: 500.0
3.1, 5.8, -3.2, 2.0, -4.3, 2.8, -3.7, 4.8, -2.5, -2.0
parameter ends

state | action | reward
[0.01] | 1 | 1.0
0.010577439330518246 | 0 | 1.0
0.014538533054292202 | 1 | 1.0
0.014599651098251343 | 0 | 1.0
0.018567269667983055 | 1 | 1.0
0.01863660290837288 | 0 | 1.0
0.02261408045887947 | 1 | 1.0
0.02269507572054863 | 0 | 1.0
0.02668594755232334 | 1 | 1.0
0.02678230032324791 | 0 | 1.0
0.030790384858846664 | 0 | 1.0
0.03090612404048443 | 1 | 1.0
0.0271316971629858 | 0 | 1.0
0.027271294966340065 | 1 | 1.0
0.023519743233919144 | 0 | 1.0
0.023681528866291046 | 1 | 1.0
0.019951507449150085 | 0 | 1.0
0.020134393125772476 | 1 | 1.0
0.016425106674432755 | 0 | 1.0
0.01662854477763176 | 1 | 1.0
0.012939726002514362 | 0 | 1.0
0.013163691386580467 | 1 | 1.0
0.00949559174478054 | 0 | 1.0
0.009740571491420269 | 0 | 1.0
0.006093956530094147 | 1 | 1.0
-0.0014429781585931778 | 0 | 1.0
-0.00506680179387331 | 1 | 1.0
-0.012583613395690918 | 0 | 1.0
-0.016189469024538994 | 1 | 1.0
-0.023690657690167427 | 0 | 1.0
-0.02728286385536194 | 1 | 1.0
-0.03477249667048454 | 0 | 1.0
-0.03835497796535492 | 1 | 1.0
-0.04583679139614105 | 0 | 1.0
-0.049413181841373444 | 1 | 1.0
-0.05689067393541336 | 0 | 1.0
-0.06046440824866295 | 1 | 1.0
-0.06794092804193497 | 0 | 1.0
-0.07151533663272858 | 1 | 1.0
-0.07899416238069534 | 0 | 1.0
-0.08257254213094711 | 1 | 1.0
-0.09005697816610336 | 0 | 1.0
-0.0936426892876625 | 1 | 1.0
-0.10113613307476044 | 0 | 1.0
-0.10473266988992691 | 1 | 1.0
-0.11223869770765305 | 0 | 1.0
-0.11584978550672531 | 1 | 1.0
-0.12337222695350647 | 1 | 1.0
-0.12700191140174866 | 0 | 1.0
-0.1267409771680832 | 1 | 1.0
-0.13039371371269226 | 0 | 1.0
-0.13015484809875488 | 1 | 1.0
-0.13382892310619354 | 0 | 1.0
-0.13361071050167084 | 1 | 1.0
-0.13730499148368835 | 0 | 1.0
-0.13710659742355347 | 1 | 1.0
-0.1408204585313797 | 0 | 1.0
-0.14064152538776398 | 1 | 1.0
-0.14437484741210938 | 0 | 1.0
-0.14421549439430237 | 1 | 1.0
-0.14796863496303558 | 0 | 1.0
-0.14782950282096863 | 1 | 1.0
-0.1516033411026001 | 0 | 1.0
-0.15148554742336273 | 1 | 1.0
-0.1552814245223999 | 1 | 1.0
-0.15518660843372345 | 0 | 1.0
-0.15120267868041992 | 1 | 1.0
-0.15113307535648346 | 0 | 1.0
-0.14717216789722443 | 1 | 1.0
-0.14712390303611755 | 0 | 1.0
-0.14318250119686127 | 1 | 1.0
-0.14315229654312134 | 0 | 1.0
-0.13922742009162903 | 1 | 1.0
-0.1392124891281128 | 0 | 1.0
-0.13530157506465912 | 1 | 1.0
-0.13529953360557556 | 0 | 1.0
-0.13140042126178741 | 1 | 1.0
-0.13140925765037537 | 0 | 1.0
-0.12752008438110352 | 1 | 1.0
-0.1275380700826645 | 0 | 1.0
-0.12365727871656418 | 1 | 1.0
-0.12368295341730118 | 0 | 1.0
-0.11980916559696198 | 1 | 1.0
-0.11984126269817352 | 0 | 1.0
-0.1159733384847641 | 1 | 1.0
-0.11601078510284424 | 0 | 1.0
-0.11214771121740341 | 1 | 1.0
-0.11218957602977753 | 0 | 1.0
-0.10833049565553665 | 1 | 1.0
-0.10837597399950027 | 0 | 1.0
-0.10452013462781906 | 1 | 1.0
-0.10456851124763489 | 0 | 1.0
-0.10071524977684021 | 1 | 1.0
-0.1007659062743187 | 0 | 1.0
-0.0969146266579628 | 1 | 1.0
-0.09696700423955917 | 0 | 1.0
-0.09311718493700027 | 1 | 1.0
-0.09317076206207275 | 0 | 1.0
-0.08932191133499146 | 1 | 1.0
-0.08937622606754303 | 0 | 1.0
-0.08552788197994232 | 1 | 1.0
-0.08558247983455658 | 0 | 1.0
-0.08173420280218124 | 1 | 1.0
-0.08178865909576416 | 0 | 1.0
-0.07794001698493958 | 1 | 1.0
-0.07799389213323593 | 0 | 1.0
-0.07414444535970688 | 1 | 1.0
-0.07419729232788086 | 0 | 1.0
-0.07034660130739212 | 1 | 1.0
-0.07039795815944672 | 0 | 1.0
-0.0665455311536789 | 1 | 1.0
-0.06659490615129471 | 0 | 1.0
-0.06274024397134781 | 1 | 1.0
-0.06278709322214127 | 0 | 1.0
-0.05892961844801903 | 1 | 1.0
-0.05897335708141327 | 0 | 1.0
-0.05511244758963585 | 1 | 1.0
-0.05515240132808685 | 0 | 1.0
-0.05128734931349754 | 1 | 1.0
-0.05132276937365532 | 0 | 1.0
-0.04745277017354965 | 1 | 1.0
-0.047482799738645554 | 0 | 1.0
-0.043606944382190704 | 1 | 1.0
-0.04363059252500534 | 0 | 1.0
-0.03974783048033714 | 1 | 1.0
-0.03976397216320038 | 0 | 1.0
-0.035873088985681534 | 1 | 1.0
-0.035880424082279205 | 0 | 1.0
-0.03198002278804779 | 1 | 1.0
-0.031977031379938126 | 0 | 1.0
-0.028065495193004608 | 1 | 1.0
-0.028050430119037628 | 0 | 1.0
-0.02412588521838188 | 1 | 1.0
-0.024096710607409477 | 0 | 1.0
-0.0201569814234972 | 1 | 1.0
-0.020111341029405594 | 0 | 1.0
-0.01615390181541443 | 1 | 1.0
-0.016089050099253654 | 0 | 1.0
-0.012110975570976734 | 0 | 1.0
-0.012023727409541607 | 1 | 1.0
-0.015825318172574043 | 0 | 1.0
-0.015711955726146698 | 1 | 1.0
-0.019488800317049026 | 0 | 1.0
-0.019351674243807793 | 1 | 1.0
-0.023105772212147713 | 0 | 1.0
-0.022946609184145927 | 1 | 1.0
-0.02667936682701111 | 0 | 1.0
-0.026499323546886444 | 1 | 1.0
-0.03021159954369068 | 0 | 1.0
-0.030011292546987534 | 1 | 1.0
-0.03370342403650284 | 0 | 1.0
-0.033482953906059265 | 1 | 1.0
-0.03715477138757706 | 0 | 1.0
-0.03691373020410538 | 0 | 1.0
-0.040564559400081635 | 1 | 1.0
-0.04810601472854614 | 0 | 1.0
-0.051734644919633865 | 1 | 1.0
-0.059256624430418015 | 0 | 1.0
-0.06286799162626266 | 1 | 1.0
-0.07037511467933655 | 0 | 1.0
-0.07397367060184479 | 1 | 1.0
-0.08147014677524567 | 0 | 1.0
-0.08505997061729431 | 1 | 1.0
-0.09254968911409378 | 0 | 1.0
-0.09613458067178726 | 1 | 1.0
-0.1036212295293808 | 0 | 1.0
-0.10720482468605042 | 1 | 1.0
-0.11469196528196335 | 0 | 1.0
-0.11827781796455383 | 1 | 1.0
-0.1257689744234085 | 0 | 1.0
-0.12936066091060638 | 1 | 1.0
-0.13685943186283112 | 0 | 1.0
-0.14046061038970947 | 1 | 1.0
-0.14797070622444153 | 0 | 1.0
-0.15158525109291077 | 1 | 1.0
-0.1591106355190277 | 0 | 1.0
-0.16274267435073853 | 1 | 1.0
-0.170287624001503 | 1 | 1.0
-0.1739416867494583 | 0 | 1.0
-0.17370723187923431 | 1 | 1.0
-0.17738834023475647 | 0 | 1.0
-0.17718027532100677 | 1 | 1.0
-0.1808874011039734 | 0 | 1.0
-0.18070504069328308 | 1 | 1.0
-0.18443778157234192 | 0 | 1.0
-0.184281125664711 | 1 | 1.0
-0.18803976476192474 | 0 | 1.0
-0.18790940940380096 | 1 | 1.0
-0.19169485569000244 | 0 | 1.0
-0.19159208238124847 | 1 | 1.0
-0.19540590047836304 | 1 | 1.0
-0.19533264636993408 | 0 | 1.0
-0.1913740187883377 | 1 | 1.0
-0.19133295118808746 | 0 | 1.0
-0.18740461766719818 | 1 | 1.0
-0.18739250302314758 | 0 | 1.0
-0.18349169194698334 | 1 | 1.0
-0.1835060715675354 | 0 | 1.0
-0.17963069677352905 | 1 | 1.0
-0.1796697974205017 | 0 | 1.0
-0.17581844329833984 | 1 | 1.0
-0.17588113248348236 | 1 | 1.0
-0.1720530092716217 | 0 | 1.0
-0.16433487832546234 | 1 | 1.0
-0.16052979230880737 | 0 | 1.0
-0.15283122658729553 | 1 | 1.0
-0.14904285967350006 | 0 | 1.0
-0.1413579285144806 | 1 | 1.0
-0.13758046925067902 | 0 | 1.0
-0.12990356981754303 | 1 | 1.0
-0.1261315494775772 | 0 | 1.0
-0.11845740675926208 | 1 | 1.0
-0.1146855503320694 | 0 | 1.0
-0.10700897127389908 | 1 | 1.0
-0.10323207825422287 | 0 | 1.0
-0.09554790705442429 | 1 | 1.0
-0.09176070243120193 | 0 | 1.0
-0.08406364917755127 | 1 | 1.0
-0.08026070147752762 | 0 | 1.0
-0.07254523783922195 | 0 | 1.0
-0.06872078031301498 | 1 | 1.0
-0.06878460943698883 | 0 | 1.0
-0.06493241339921951 | 1 | 1.0
-0.06496851146221161 | 0 | 1.0
-0.061088405549526215 | 1 | 1.0
-0.06109621003270149 | 0 | 1.0
-0.05718732625246048 | 1 | 1.0
-0.05716559290885925 | 0 | 1.0
-0.053226370364427567 | 1 | 1.0
-0.05317312106490135 | 0 | 1.0
-0.04920126870274544 | 0 | 1.0
-0.04911378398537636 | 1 | 1.0
-0.052908629179000854 | 0 | 1.0
-0.05278334021568298 | 1 | 1.0
-0.056541748344898224 | 0 | 1.0
-0.05638084560632706 | 1 | 1.0
-0.060104481875896454 | 0 | 1.0
-0.05990924313664436 | 1 | 1.0
-0.06359889358282089 | 0 | 1.0
-0.06336972862482071 | 0 | 1.0
-0.0670253187417984 | 1 | 1.0
-0.07456446439027786 | 0 | 1.0
-0.0781850665807724 | 1 | 1.0
-0.08569205552339554 | 0 | 1.0
-0.08928252756595612 | 1 | 1.0
-0.09676173329353333 | 0 | 1.0
-0.10032615065574646 | 1 | 1.0
-0.10778121650218964 | 0 | 1.0
-0.11132293939590454 | 1 | 1.0
-0.11875688284635544 | 0 | 1.0
-0.12227868288755417 | 0 | 1.0
-0.12969395518302917 | 1 | 1.0
-0.141002357006073 | 0 | 1.0
-0.1484009176492691 | 1 | 1.0
-0.15969696640968323 | 0 | 1.0
-0.16708698868751526 | 1 | 1.0
-0.17837856709957123 | 0 | 1.0
-0.18576794862747192 | 1 | 1.0
-0.19706277549266815 | 0 | 1.0
-0.2044593095779419 | 1 | 1.0
-0.2157650589942932 | 1 | 1.0
-0.22317656874656677 | 0 | 1.0
-0.22669704258441925 | 1 | 1.0
-0.23413167893886566 | 0 | 1.0
-0.2376762181520462 | 1 | 1.0
-0.24513588845729828 | 0 | 1.0
-0.24870674312114716 | 1 | 1.0
-0.25619393587112427 | 0 | 1.0
-0.2597939968109131 | 1 | 1.0
-0.2673119008541107 | 0 | 1.0
-0.2709446847438812 | 1 | 1.0
-0.2784971296787262 | 1 | 1.0
-0.282166987657547 | 0 | 1.0
-0.2819567918777466 | 1 | 1.0
-0.28566887974739075 | 0 | 1.0
-0.28550052642822266 | 1 | 1.0
-0.28925439715385437 | 0 | 1.0
-0.28912803530693054 | 1 | 1.0
-0.29292428493499756 | 1 | 1.0
-0.2928410470485687 | 0 | 1.0
-0.28888002038002014 | 1 | 1.0
-0.28884217143058777 | 0 | 1.0
-0.2849244773387909 | 1 | 1.0
-0.28492873907089233 | 0 | 1.0
-0.28105175495147705 | 1 | 1.0
-0.2810959219932556 | 0 | 1.0
-0.2772580087184906 | 1 | 1.0
-0.2773408889770508 | 1 | 1.0
-0.2735414206981659 | 0 | 1.0
-0.2658606469631195 | 1 | 1.0
-0.2621000111103058 | 0 | 1.0
-0.2544548809528351 | 1 | 1.0
-0.25072768330574036 | 0 | 1.0
-0.2431134134531021 | 1 | 1.0
-0.2394152283668518 | 0 | 1.0
-0.23182784020900726 | 1 | 1.0
-0.22815494239330292 | 0 | 1.0
-0.22059114277362823 | 1 | 1.0
-0.21694055199623108 | 1 | 1.0
-0.20939765870571136 | 0 | 1.0
-0.19796277582645416 | 1 | 1.0
-0.19043868780136108 | 0 | 1.0
-0.17901815474033356 | 1 | 1.0
-0.17150458693504333 | 0 | 1.0
-0.16009044647216797 | 1 | 1.0
-0.1525794416666031 | 0 | 1.0
-0.14116394519805908 | 1 | 1.0
-0.13364772498607635 | 0 | 1.0
-0.12222322076559067 | 1 | 1.0
-0.11469396203756332 | 0 | 1.0
-0.10325265675783157 | 0 | 1.0
-0.09570234268903732 | 1 | 1.0
-0.09203965216875076 | 0 | 1.0
-0.08445984870195389 | 1 | 1.0
-0.08076644688844681 | 0 | 1.0
-0.0731547549366951 | 1 | 1.0
-0.06942781805992126 | 0 | 1.0
-0.06178110092878342 | 1 | 1.0
-0.058017030358314514 | 0 | 1.0
-0.05033133924007416 | 0 | 1.0
-0.046525660902261734 | 1 | 1.0
-0.04659726470708847 | 0 | 1.0
-0.04274452105164528 | 1 | 1.0
-0.04276926442980766 | 0 | 1.0
-0.038869526237249374 | 1 | 1.0
-0.038846809417009354 | 0 | 1.0
-0.03489900007843971 | 0 | 1.0
-0.03482707217335701 | 1 | 1.0
-0.038629066199064255 | 0 | 1.0
-0.038504935801029205 | 1 | 1.0
-0.04225631803274155 | 0 | 1.0
-0.04208236187696457 | 0 | 1.0
-0.04578476399183273 | 1 | 1.0
-0.05336269736289978 | 0 | 1.0
-0.05701647698879242 | 1 | 1.0
-0.06454934924840927 | 0 | 1.0
-0.06816031038761139 | 1 | 1.0
-0.07565321028232574 | 0 | 1.0
-0.079226054251194 | 1 | 1.0
-0.08668306469917297 | 0 | 1.0
-0.09022150188684464 | 0 | 1.0
-0.09764579683542252 | 1 | 1.0
-0.1089557483792305 | 0 | 1.0
-0.11634963005781174 | 1 | 1.0
-0.12763378024101257 | 0 | 1.0
-0.13500545918941498 | 1 | 1.0
-0.14627154171466827 | 0 | 1.0
-0.1536286175251007 | 1 | 1.0
-0.16488385200500488 | 0 | 1.0
-0.172233447432518 | 1 | 1.0
-0.1834847331047058 | 0 | 1.0
-0.19083371758460999 | 1 | 1.0
-0.20208777487277985 | 0 | 1.0
-0.20944291353225708 | 1 | 1.0
-0.22070644795894623 | 0 | 1.0
-0.2280745953321457 | 1 | 1.0
-0.2393544316291809 | 0 | 1.0
-0.2467426359653473 | 1 | 1.0
-0.25804591178894043 | 1 | 1.0
-0.26546159386634827 | 0 | 1.0
-0.268993079662323 | 1 | 1.0
-0.27644428610801697 | 0 | 1.0
-0.2800123691558838 | 1 | 1.0
-0.2875012755393982 | 0 | 1.0
-0.291108638048172 | 1 | 1.0
-0.2986382246017456 | 1 | 1.0
-0.3022884428501129 | 0 | 1.0
-0.3020617663860321 | 1 | 1.0
-0.305759459733963 | 0 | 1.0
-0.3055795729160309 | 1 | 1.0
-0.30932387709617615 | 0 | 1.0
-0.3091906011104584 | 1 | 1.0
-0.3129817843437195 | 1 | 1.0
-0.3128960132598877 | 0 | 1.0
-0.3089349865913391 | 1 | 1.0
-0.30889892578125 | 0 | 1.0
-0.3049854636192322 | 1 | 1.0
-0.3049958050251007 | 0 | 1.0
-0.3011273443698883 | 1 | 1.0
-0.30118197202682495 | 1 | 1.0
-0.29735711216926575 | 0 | 1.0
-0.28965356945991516 | 1 | 1.0
-0.2858719229698181 | 0 | 1.0
-0.2782081067562103 | 1 | 1.0
-0.27446380257606506 | 0 | 1.0
-0.26683440804481506 | 1 | 1.0
-0.26312255859375 | 0 | 1.0
-0.2555232346057892 | 1 | 1.0
-0.2518397271633148 | 0 | 1.0
-0.2442668229341507 | 1 | 1.0
-0.240608349442482 | 1 | 1.0
-0.23305897414684296 | 0 | 1.0
-0.2216189056634903 | 1 | 1.0
-0.2140907496213913 | 0 | 1.0
-0.20266734063625336 | 1 | 1.0
-0.19515198469161987 | 0 | 1.0
-0.18373717367649078 | 1 | 1.0
-0.17622660100460052 | 0 | 1.0
-0.1648126095533371 | 1 | 1.0
-0.1572990119457245 | 0 | 1.0
-0.14587819576263428 | 1 | 1.0
-0.13835379481315613 | 0 | 1.0
-0.12691840529441833 | 0 | 1.0
-0.11937527358531952 | 1 | 1.0
-0.11572109162807465 | 0 | 1.0
-0.1081509217619896 | 1 | 1.0
-0.10446859896183014 | 0 | 1.0
-0.09686920791864395 | 1 | 1.0
-0.09315615892410278 | 0 | 1.0
-0.08552467077970505 | 1 | 1.0
-0.08177760243415833 | 0 | 1.0
-0.07411038875579834 | 0 | 1.0
-0.07032520323991776 | 1 | 1.0
-0.07041952013969421 | 0 | 1.0
-0.06659121811389923 | 1 | 1.0
-0.06664291769266129 | 0 | 1.0
-0.06277210265398026 | 1 | 1.0
-0.0627811923623085 | 0 | 1.0
-0.0588674433529377 | 1 | 1.0
-0.058832891285419464 | 0 | 1.0
-0.0548747256398201 | 0 | 1.0
-0.05479443818330765 | 1 | 1.0
-0.05859000235795975 | 0 | 1.0
-0.05846073850989342 | 1 | 1.0
-0.06220879778265953 | 0 | 1.0
-0.06203277409076691 | 0 | 1.0
-0.0657348483800888 | 1 | 1.0
-0.07331418991088867 | 0 | 1.0
-0.07697060704231262 | 1 | 1.0
-0.08450782299041748 | 0 | 1.0
-0.08812442421913147 | 1 | 1.0
-0.09562470018863678 | 0 | 1.0
-0.09920629858970642 | 1 | 1.0
-0.10667387396097183 | 0 | 1.0
-0.11022436618804932 | 1 | 1.0
-0.11766264587640762 | 0 | 1.0
-0.12118510901927948 | 0 | 1.0
-0.1285967379808426 | 1 | 1.0
-0.1398972123861313 | 0 | 1.0
-0.147284135222435 | 1 | 1.0
-0.15856429934501648 | 0 | 1.0
-0.1659344881772995 | 1 | 1.0
-0.17720191180706024 | 0 | 1.0
-0.18456287682056427 | 1 | 1.0
-0.1958247870206833 | 0 | 1.0
-0.20318369567394257 | 1 | 1.0
-0.21444706618785858 | 0 | 1.0
-0.2218109518289566 | 1 | 1.0
-0.23308274149894714 | 0 | 1.0
-0.240458682179451 | 1 | 1.0
-0.25174593925476074 | 0 | 1.0
-0.2591411769390106 | 1 | 1.0
-0.27045124769210815 | 1 | 1.0
-0.2778734266757965 | 0 | 1.0
-0.28141114115715027 | 1 | 1.0
-0.2888684868812561 | 0 | 1.0
-0.29244253039360046 | 1 | 1.0
-0.29993730783462524 | 0 | 1.0
-0.30355048179626465 | 1 | 1.0
-0.31108587980270386 | 1 | 1.0
-0.3147418797016144 | 0 | 1.0
-0.31452107429504395 | 1 | 1.0
-0.3182247281074524 | 0 | 1.0
-0.31805092096328735 | 1 | 1.0
-0.32180145382881165 | 0 | 1.0
-0.3216746151447296 | 1 | 1.0
-0.32547247409820557 | 1 | 1.0
-0.3253937065601349 | 0 | 1.0
-0.32144004106521606 | 1 | 1.0
-0.3214116394519806 | 0 | 1.0
-0.317506343126297 | 1 | 1.0
-0.3175252079963684 | 0 | 1.0
-0.3136659264564514 | 1 | 1.0
-0.3137301504611969 | 1 | 1.0
-0.30991560220718384 | 0 | 1.0
-0.30222317576408386 | 1 | 1.0
-0.29845330119132996 | 0 | 1.0
-0.2908021807670593 | 1 | 1.0
-0.2870713770389557 | 0 | 1.0
-0.27945655584335327 | 1 | 1.0
-0.2757602035999298 | 0 | 1.0
-0.26817765831947327 | 1 | 1.0
-0.2645120620727539 | 1 | 1.0
-0.256958544254303 | 0 | 1.0
-0.245517298579216 | 1 | 1.0
-0.2379903942346573 | 0 | 1.0
-0.22657108306884766 | 1 | 1.0
-0.21906234323978424 | 0 | 1.0
-0.20765694975852966 | 1 | 1.0
-0.20015846192836761 | 0 | 1.0
-0.18875940144062042 | 1 | 1.0
-0.18126358091831207 | 0 | 1.0
-0.1698634773492813 | 1 | 1.0
-0.1623629331588745 | 0 | 1.0
-0.150954470038414 | 1 | 1.0
-0.14344176650047302 | 0 | 1.0
-0.1320175677537918 | 0 | 1.0
-0.1244850754737854 | 1 | 1.0
-0.12084108591079712 | 0 | 1.0
-0.11328079551458359 | 1 | 1.0
Total reward: 500.0
3.1, 5.8, -3.2, 2.0, -4.3, 2.8, -3.7, 4.8, -2.5, -2.0
parameter ends

state | action | reward
[0.01] | 1 | 1.0
0.005616987124085426 | 0 | 1.0
0.009392528794705868 | 1 | 1.0
0.009259864687919617 | 0 | 1.0
0.013025201857089996 | 1 | 1.0
0.01288365013897419 | 0 | 1.0
0.016641445457935333 | 1 | 1.0
0.01649356633424759 | 0 | 1.0
0.020246263593435287 | 1 | 1.0
0.020094426348805428 | 0 | 1.0
0.023844311013817787 | 1 | 1.0
0.023690758273005486 | 0 | 1.0
0.027440018951892853 | 1 | 1.0
0.027286915108561516 | 0 | 1.0
0.031037697568535805 | 1 | 1.0
0.030887197703123093 | 0 | 1.0
0.03464166074991226 | 1 | 1.0
0.03449595347046852 | 0 | 1.0
0.038256313651800156 | 1 | 1.0
0.03811768442392349 | 0 | 1.0
0.041886284947395325 | 1 | 1.0
0.041757166385650635 | 0 | 1.0
0.04553652182221413 | 1 | 1.0
0.04541955143213272 | 0 | 1.0
0.04921240732073784 | 1 | 1.0
0.04911050200462341 | 0 | 1.0
0.0529199093580246 | 1 | 1.0
0.05283631011843681 | 0 | 1.0
0.05666568875312805 | 0 | 1.0
0.056604065001010895 | 1 | 1.0
0.052653562277555466 | 0 | 1.0
0.05261809006333351 | 1 | 1.0
0.04869261384010315 | 0 | 1.0
0.04868140071630478 | 1 | 1.0
0.04477941244840622 | 0 | 1.0
0.04479118809103966 | 1 | 1.0
0.04091174900531769 | 0 | 1.0
0.04094583913683891 | 1 | 1.0
0.037088580429553986 | 0 | 1.0
0.03714487701654434 | 1 | 1.0
0.033309996128082275 | 0 | 1.0
0.03338894993066788 | 0 | 1.0
0.029577193781733513 | 1 | 1.0
0.02187602035701275 | 0 | 1.0
0.018088724464178085 | 1 | 1.0
0.010409359820187092 | 0 | 1.0
0.006641773972660303 | 1 | 1.0
-0.001020187046378851 | 0 | 1.0
-0.004772270563989878 | 1 | 1.0
-0.012420758605003357 | 0 | 1.0
-0.016161108389496803 | 1 | 1.0
-0.023799678310751915 | 0 | 1.0
-0.027531718835234642 | 1 | 1.0
-0.03516363725066185 | 0 | 1.0
-0.038890548050403595 | 1 | 1.0
-0.04651888087391853 | 0 | 1.0
-0.050243668258190155 | 1 | 1.0
-0.05787134915590286 | 0 | 1.0
-0.06159693002700806 | 1 | 1.0
-0.06922684609889984 | 0 | 1.0
-0.07295612245798111 | 1 | 1.0
-0.08059117197990417 | 0 | 1.0
-0.0843270942568779 | 1 | 1.0
-0.0919702798128128 | 0 | 1.0
-0.09571593254804611 | 1 | 1.0
-0.10337040573358536 | 0 | 1.0
-0.10712908953428268 | 1 | 1.0
-0.11479824781417847 | 0 | 1.0
-0.11857352405786514 | 1 | 1.0
-0.12626107037067413 | 0 | 1.0
-0.13005688786506653 | 1 | 1.0
-0.13776694238185883 | 1 | 1.0
-0.14158767461776733 | 0 | 1.0
-0.14152148365974426 | 1 | 1.0
-0.14537213742733002 | 0 | 1.0
-0.14533518254756927 | 1 | 1.0
-0.1492147147655487 | 0 | 1.0
-0.14920641481876373 | 1 | 1.0
-0.15311455726623535 | 0 | 1.0
-0.1531350016593933 | 1 | 1.0
-0.15707221627235413 | 0 | 1.0
-0.15712225437164307 | 1 | 1.0
-0.16108965873718262 | 1 | 1.0
-0.1611708551645279 | 0 | 1.0
-0.15736745297908783 | 1 | 1.0
-0.15748213231563568 | 0 | 1.0
-0.15371015667915344 | 1 | 1.0
-0.15385480225086212 | 0 | 1.0
-0.15011118352413177 | 1 | 1.0
-0.1502830684185028 | 0 | 1.0
-0.1465654820203781 | 1 | 1.0
-0.14676257967948914 | 0 | 1.0
-0.14306937158107758 | 1 | 1.0
-0.14329032599925995 | 1 | 1.0
-0.13962048292160034 | 0 | 1.0
-0.13206064701080322 | 1 | 1.0
-0.12841375172138214 | 0 | 1.0
-0.12087328732013702 | 1 | 1.0
-0.11724282801151276 | 0 | 1.0
-0.10971555858850479 | 1 | 1.0
-0.10609549283981323 | 0 | 1.0
-0.09857562929391861 | 1 | 1.0
-0.09496023505926132 | 0 | 1.0
-0.08744224160909653 | 1 | 1.0
-0.08382599800825119 | 0 | 1.0
-0.07630443572998047 | 1 | 1.0
-0.07268186658620834 | 0 | 1.0
-0.06515129655599594 | 1 | 1.0
-0.061516836285591125 | 0 | 1.0
-0.053971655666828156 | 0 | 1.0
-0.05031953006982803 | 1 | 1.0
-0.05055781453847885 | 0 | 1.0
-0.046881865710020065 | 1 | 1.0
-0.047096412628889084 | 0 | 1.0
-0.04339665174484253 | 1 | 1.0
-0.04358714818954468 | 0 | 1.0
-0.0398629829287529 | 1 | 1.0
-0.040028512477874756 | 0 | 1.0
-0.03627876192331314 | 1 | 1.0
-0.03641780465841293 | 0 | 1.0
-0.03264065459370613 | 1 | 1.0
-0.032751038670539856 | 0 | 1.0
-0.02894403785467148 | 0 | 1.0
-0.02902291715145111 | 1 | 1.0
-0.032985638827085495 | 0 | 1.0
-0.03302939236164093 | 1 | 1.0
-0.036958348006010056 | 0 | 1.0
-0.03696918115019798 | 1 | 1.0
-0.04086609184741974 | 0 | 1.0
-0.040845371782779694 | 1 | 1.0
-0.0447111502289772 | 0 | 1.0
-0.044659435749053955 | 0 | 1.0
-0.04849420487880707 | 1 | 1.0
-0.056214336305856705 | 0 | 1.0
-0.0600174255669117 | 1 | 1.0
-0.06770887225866318 | 0 | 1.0
-0.0714855045080185 | 1 | 1.0
-0.07915303111076355 | 0 | 1.0
-0.08290770649909973 | 1 | 1.0
-0.09055545181035995 | 0 | 1.0
-0.09429208189249039 | 1 | 1.0
-0.10192365199327469 | 0 | 1.0
-0.10564564913511276 | 1 | 1.0
-0.11326419562101364 | 0 | 1.0
-0.11697455495595932 | 1 | 1.0
-0.12458289414644241 | 0 | 1.0
-0.12828429043293 | 1 | 1.0
-0.13588492572307587 | 0 | 1.0
-0.13957977294921875 | 1 | 1.0
-0.14717501401901245 | 0 | 1.0
-0.15086552500724792 | 1 | 1.0
-0.15845750272274017 | 0 | 1.0
-0.16214574873447418 | 1 | 1.0
-0.16973647475242615 | 0 | 1.0
-0.17342446744441986 | 1 | 1.0
-0.18101593852043152 | 0 | 1.0
-0.18470562994480133 | 1 | 1.0
-0.19229978322982788 | 0 | 1.0
-0.19599317014217377 | 1 | 1.0
-0.20359201729297638 | 0 | 1.0
-0.2072911560535431 | 1 | 1.0
-0.2148967832326889 | 0 | 1.0
-0.21860383450984955 | 1 | 1.0
-0.22621847689151764 | 0 | 1.0
-0.22993578016757965 | 1 | 1.0
-0.237561896443367 | 0 | 1.0
-0.24129202961921692 | 1 | 1.0
-0.24893228709697723 | 0 | 1.0
-0.2526780962944031 | 1 | 1.0
-0.2603355050086975 | 0 | 1.0
-0.26410022377967834 | 1 | 1.0
-0.2717781662940979 | 0 | 1.0
-0.27556541562080383 | 1 | 1.0
-0.2832677662372589 | 0 | 1.0
-0.28708168864250183 | 1 | 1.0
-0.29481279850006104 | 1 | 1.0
-0.29865819215774536 | 0 | 1.0
-0.2986204922199249 | 1 | 1.0
-0.3025028109550476 | 0 | 1.0
-0.30250176787376404 | 1 | 1.0
-0.3064207136631012 | 0 | 1.0
-0.30645647644996643 | 1 | 1.0
-0.3104126751422882 | 0 | 1.0
-0.31048640608787537 | 1 | 1.0
-0.31448131799697876 | 1 | 1.0
-0.3145950138568878 | 0 | 1.0
-0.3108294606208801 | 1 | 1.0
-0.310986191034317 | 0 | 1.0
-0.30726200342178345 | 1 | 1.0
-0.30745917558670044 | 0 | 1.0
-0.3037744164466858 | 1 | 1.0
-0.3040104806423187 | 1 | 1.0
-0.3003641664981842 | 0 | 1.0
-0.29283636808395386 | 1 | 1.0
-0.28922849893569946 | 0 | 1.0
-0.2817358076572418 | 1 | 1.0
-0.2781606912612915 | 0 | 1.0
-0.2706979513168335 | 1 | 1.0
-0.26715075969696045 | 0 | 1.0
-0.25971364974975586 | 1 | 1.0
-0.25619029998779297 | 0 | 1.0
-0.24877509474754333 | 1 | 1.0
-0.24527215957641602 | 0 | 1.0
-0.23787575960159302 | 1 | 1.0
-0.23439034819602966 | 0 | 1.0
-0.22701013088226318 | 1 | 1.0
-0.2235398292541504 | 1 | 1.0
-0.21617361903190613 | 0 | 1.0
-0.20491188764572144 | 1 | 1.0
-0.19755789637565613 | 0 | 1.0
-0.18630410730838776 | 1 | 1.0
-0.17895419895648956 | 0 | 1.0
-0.16770046949386597 | 1 | 1.0
-0.16034665703773499 | 0 | 1.0
-0.1490851640701294 | 0 | 1.0
-0.1417195349931717 | 1 | 1.0
-0.13824664056301117 | 0 | 1.0
-0.1308610439300537 | 1 | 1.0
-0.12736724317073822 | 0 | 1.0
-0.11995981633663177 | 1 | 1.0
-0.11644299328327179 | 0 | 1.0
-0.10901136696338654 | 1 | 1.0
-0.10546882450580597 | 0 | 1.0
-0.09801006317138672 | 1 | 1.0
-0.09443851560354233 | 0 | 1.0
-0.08694905787706375 | 1 | 1.0
-0.08334454894065857 | 0 | 1.0
-0.07582014054059982 | 0 | 1.0
-0.072177954018116 | 1 | 1.0
-0.07241524755954742 | 0 | 1.0
-0.06872976571321487 | 1 | 1.0
-0.0689239427447319 | 0 | 1.0
-0.06519519537687302 | 1 | 1.0
-0.0653456598520279 | 0 | 1.0
-0.061572618782520294 | 0 | 1.0
-0.0616777203977108 | 1 | 1.0
-0.06565909087657928 | 0 | 1.0
-0.06571603566408157 | 1 | 1.0
-0.06965098530054092 | 0 | 1.0
-0.06966245174407959 | 1 | 1.0
-0.07355297356843948 | 0 | 1.0
-0.07352050393819809 | 0 | 1.0
-0.07736748456954956 | 1 | 1.0
-0.08509290963411331 | 0 | 1.0
-0.08889611065387726 | 1 | 1.0
-0.09658096730709076 | 0 | 1.0
-0.10034572333097458 | 1 | 1.0
-0.10799471288919449 | 0 | 1.0
-0.111725352704525 | 1 | 1.0
-0.11934226751327515 | 0 | 1.0
-0.12304222583770752 | 0 | 1.0
-0.1306300163269043 | 1 | 1.0
-0.14210541546344757 | 0 | 1.0
-0.14966627955436707 | 1 | 1.0
-0.161119282245636 | 0 | 1.0
-0.16866138577461243 | 1 | 1.0
-0.1800997406244278 | 0 | 1.0
-0.18763072788715363 | 1 | 1.0
-0.19906175136566162 | 0 | 1.0
-0.20658889412879944 | 1 | 1.0
-0.21801964938640594 | 0 | 1.0
-0.22555004060268402 | 1 | 1.0
-0.23698750138282776 | 0 | 1.0
-0.24452821910381317 | 1 | 1.0
-0.2559794485569 | 0 | 1.0
-0.263537734746933 | 1 | 1.0
-0.27500998973846436 | 1 | 1.0
-0.28259336948394775 | 0 | 1.0
-0.286291241645813 | 1 | 1.0
-0.2939078211784363 | 0 | 1.0
-0.29763999581336975 | 1 | 1.0
-0.30529192090034485 | 0 | 1.0
-0.3090609908103943 | 1 | 1.0
-0.31675124168395996 | 0 | 1.0
-0.3205606937408447 | 1 | 1.0
-0.328293114900589 | 1 | 1.0
-0.33214738965034485 | 0 | 1.0
-0.33212628960609436 | 1 | 1.0
-0.33603087067604065 | 0 | 1.0
-0.33605995774269104 | 1 | 1.0
-0.3400149345397949 | 0 | 1.0
-0.34009498357772827 | 1 | 1.0
-0.34410160779953003 | 1 | 1.0
-0.3442346453666687 | 0 | 1.0
-0.34049612283706665 | 1 | 1.0
-0.3406854569911957 | 0 | 1.0
-0.3370019197463989 | 1 | 1.0
-0.3372456431388855 | 1 | 1.0
-0.3336159586906433 | 0 | 1.0
-0.32611387968063354 | 1 | 1.0
-0.3225383162498474 | 0 | 1.0
-0.3150871992111206 | 1 | 1.0
-0.3115607500076294 | 0 | 1.0
-0.3041563332080841 | 1 | 1.0
-0.3006752133369446 | 1 | 1.0
-0.29331445693969727 | 0 | 1.0
-0.2820743918418884 | 1 | 1.0
-0.2747553586959839 | 0 | 1.0
-0.26355257630348206 | 1 | 1.0
-0.2562676966190338 | 0 | 1.0
-0.24509525299072266 | 1 | 1.0
-0.23783791065216064 | 0 | 1.0
-0.2266896814107895 | 1 | 1.0
-0.21945394575595856 | 0 | 1.0
-0.20832441747188568 | 1 | 1.0
-0.2011050134897232 | 1 | 1.0
-0.18998919427394867 | 0 | 1.0
-0.17497661709785461 | 1 | 1.0
-0.1638699471950531 | 0 | 1.0
-0.1488608717918396 | 1 | 1.0
-0.13775238394737244 | 0 | 1.0
-0.12273614853620529 | 0 | 1.0
-0.11161497235298157 | 1 | 1.0
-0.1043848991394043 | 0 | 1.0
-0.09323997795581818 | 1 | 1.0
-0.08598361164331436 | 0 | 1.0
-0.07481013238430023 | 1 | 1.0
-0.06752229481935501 | 0 | 1.0
-0.05631481856107712 | 1 | 1.0
-0.048989616334438324 | 0 | 1.0
-0.03774199262261391 | 0 | 1.0
-0.030372735112905502 | 1 | 1.0
-0.02687833085656166 | 0 | 1.0
-0.019457316026091576 | 1 | 1.0
-0.01590999774634838 | 0 | 1.0
-0.00843498483300209 | 0 | 1.0
-0.00483175041154027 | 1 | 1.0
-0.005097789689898491 | 0 | 1.0
-0.0014342544600367546 | 1 | 1.0
-0.001640685717575252 | 0 | 1.0
0.0020823616068810225 | 1 | 1.0
0.001935632899403572 | 0 | 1.0
0.005718846805393696 | 0 | 1.0
0.005633349996060133 | 1 | 1.0
0.0016812144313007593 | 0 | 1.0
0.0016600174130871892 | 1 | 1.0
-0.0022292693611234426 | 0 | 1.0
-0.0021881512366235256 | 0 | 1.0
-0.00601562624797225 | 1 | 1.0
-0.013710545375943184 | 0 | 1.0
-0.017475666478276253 | 1 | 1.0
-0.025111228227615356 | 0 | 1.0
-0.028818540275096893 | 0 | 1.0
-0.03639836609363556 | 1 | 1.0
-0.047850534319877625 | 0 | 1.0
-0.0553768128156662 | 1 | 1.0
-0.06678006798028946 | 0 | 1.0
-0.07426029443740845 | 1 | 1.0
-0.08562132716178894 | 0 | 1.0
-0.09306184947490692 | 0 | 1.0
-0.10438631474971771 | 1 | 1.0
-0.11959528177976608 | 0 | 1.0
-0.13088786602020264 | 1 | 1.0
-0.14607086777687073 | 0 | 1.0
-0.1573421061038971 | 1 | 1.0
-0.17250913381576538 | 0 | 1.0
-0.18376897275447845 | 1 | 1.0
-0.198929563164711 | 0 | 1.0
-0.21018755435943604 | 1 | 1.0
-0.2253509908914566 | 0 | 1.0
-0.23661653697490692 | 1 | 1.0
-0.2517920732498169 | 0 | 1.0
-0.2630746066570282 | 1 | 1.0
-0.2782716155052185 | 0 | 1.0
-0.2895808517932892 | 1 | 1.0
-0.304809033870697 | 1 | 1.0
-0.31615516543388367 | 0 | 1.0
-0.3236237168312073 | 1 | 1.0
-0.3350176513195038 | 0 | 1.0
-0.34253692626953125 | 1 | 1.0
-0.35398396849632263 | 1 | 1.0
-0.36156004667282104 | 0 | 1.0
-0.365268737077713 | 1 | 1.0
-0.37290894985198975 | 0 | 1.0
-0.37668293714523315 | 1 | 1.0
-0.3843894600868225 | 1 | 1.0
-0.38823187351226807 | 0 | 1.0
-0.38821297883987427 | 1 | 1.0
-0.39212867617607117 | 0 | 1.0
-0.3921827971935272 | 1 | 1.0
-0.39617177844047546 | 1 | 1.0
-0.3963000178337097 | 0 | 1.0
-0.3925696313381195 | 1 | 1.0
-0.39277493953704834 | 1 | 1.0
-0.3891201913356781 | 0 | 1.0
-0.38160619139671326 | 1 | 1.0
-0.3780266344547272 | 0 | 1.0
-0.3705841600894928 | 1 | 1.0
-0.36707451939582825 | 1 | 1.0
-0.3596995174884796 | 0 | 1.0
-0.3484591841697693 | 1 | 1.0
-0.3411492109298706 | 0 | 1.0
-0.3299691379070282 | 1 | 1.0
-0.32271677255630493 | 1 | 1.0
-0.3115904927253723 | 0 | 1.0
-0.2965894341468811 | 1 | 1.0
-0.28551185131073 | 0 | 1.0
-0.27055320143699646 | 1 | 1.0
-0.25951382517814636 | 0 | 1.0
-0.24458783864974976 | 1 | 1.0
-0.23357704281806946 | 0 | 1.0
-0.21867476403713226 | 1 | 1.0
-0.20768378674983978 | 0 | 1.0
-0.19279688596725464 | 1 | 1.0
-0.1818174570798874 | 0 | 1.0
-0.16693803668022156 | 1 | 1.0
-0.15596233308315277 | 0 | 1.0
-0.1410827487707138 | 1 | 1.0
-0.13010309636592865 | 0 | 1.0
-0.11521580815315247 | 1 | 1.0
-0.10422452539205551 | 0 | 1.0
-0.08932191133499146 | 1 | 1.0
-0.07831116020679474 | 0 | 1.0
-0.06338534504175186 | 1 | 1.0
-0.05234692990779877 | 0 | 1.0
-0.037389613687992096 | 1 | 1.0
-0.02631479687988758 | 0 | 1.0
-0.01131710410118103 | 0 | 1.0
-0.00019645319844130427 | 1 | 1.0
0.007051634136587381 | 0 | 1.0
0.018228527158498764 | 1 | 1.0
0.025535693392157555 | 0 | 1.0
0.036773812025785446 | 0 | 1.0
0.04414590075612068 | 1 | 1.0
0.047655679285526276 | 0 | 1.0
0.055100053548812866 | 1 | 1.0
0.05868341773748398 | 0 | 1.0
0.06620250642299652 | 0 | 1.0
0.0698629841208458 | 1 | 1.0
0.06966795772314072 | 0 | 1.0
0.07341094315052032 | 0 | 1.0
0.07329864054918289 | 1 | 1.0
0.06933289021253586 | 0 | 1.0
0.06930548697710037 | 0 | 1.0
0.06542279571294785 | 1 | 1.0
0.05768539011478424 | 0 | 1.0
0.05388485640287399 | 1 | 1.0
0.046225741505622864 | 0 | 1.0
0.04250188171863556 | 0 | 1.0
0.034916821867227554 | 1 | 1.0
0.023470580577850342 | 0 | 1.0
0.015957189723849297 | 1 | 1.0
0.004577815067023039 | 0 | 1.0
-0.002871151315048337 | 0 | 1.0
-0.014189823530614376 | 1 | 1.0
-0.02937893196940422 | 0 | 1.0
-0.040641531348228455 | 1 | 1.0
-0.05578066408634186 | 0 | 1.0
-0.06699709594249725 | 1 | 1.0
-0.08209528028964996 | 0 | 1.0
-0.0932743027806282 | 0 | 1.0
-0.1083395928144455 | 1 | 1.0
-0.1272924393415451 | 0 | 1.0
-0.14233198761940002 | 1 | 1.0
-0.1612662971019745 | 0 | 1.0
-0.1762932687997818 | 1 | 1.0
-0.19522161781787872 | 0 | 1.0
-0.21024876832962036 | 1 | 1.0
-0.22918349504470825 | 0 | 1.0
-0.24422340095043182 | 1 | 1.0
-0.2631768584251404 | 1 | 1.0
-0.27824220061302185 | 0 | 1.0
-0.2894243597984314 | 1 | 1.0
-0.30452829599380493 | 0 | 1.0
-0.3157530128955841 | 1 | 1.0
-0.33090272545814514 | 0 | 1.0
-0.3421778380870819 | 1 | 1.0
-0.3573814034461975 | 1 | 1.0
-0.3687157928943634 | 0 | 1.0
-0.37618568539619446 | 1 | 1.0
-0.3875894844532013 | 1 | 1.0
-0.3951317071914673 | 0 | 1.0
-0.3988158106803894 | 1 | 1.0
-0.4064366817474365 | 0 | 1.0
-0.4102000892162323 | 1 | 1.0
-0.41790103912353516 | 1 | 1.0
-0.42174646258354187 | 0 | 1.0
-0.42173922061920166 | 1 | 1.0
-0.4256713092327118 | 1 | 1.0
-0.4257505536079407 | 0 | 1.0
-0.421978622674942 | 1 | 1.0
-0.4221460521221161 | 0 | 1.0
-0.4184601306915283 | 1 | 1.0
-0.4187130033969879 | 1 | 1.0
-0.4151116907596588 | 0 | 1.0
-0.4076574444770813 | 1 | 1.0
-0.40414145588874817 | 1 | 1.0
-0.3967697024345398 | 0 | 1.0
-0.3855421841144562 | 1 | 1.0
-0.3782505691051483 | 1 | 1.0
-0.3670983612537384 | 0 | 1.0
-0.3520842492580414 | 1 | 1.0
-0.3410016894340515 | 0 | 1.0
-0.32605040073394775 | 1 | 1.0
-0.3150268495082855 | 0 | 1.0
-0.3001287877559662 | 1 | 1.0
-0.2891550064086914 | 1 | 1.0
-0.2743018567562103 | 0 | 1.0
-0.25556784868240356 | 1 | 1.0
-0.24075236916542053 | 0 | 1.0
Total reward: 500.0
3.1, 5.8, -3.2, 2.0, -4.3, 2.8, -3.7, 4.8, -2.5, -2.0
parameter ends

state | action | reward
[0.03] | 1 | 1.0
0.026790762320160866 | 0 | 1.0
0.02980850450694561 | 0 | 1.0
0.02893001027405262 | 1 | 1.0
0.024157244712114334 | 0 | 1.0
0.02329479344189167 | 1 | 1.0
0.0185367651283741 | 0 | 1.0
0.017687980085611343 | 1 | 1.0
0.012942525558173656 | 0 | 1.0
0.01210540346801281 | 1 | 1.0
0.007370700128376484 | 0 | 1.0
0.006543558090925217 | 1 | 1.0
0.0018180719343945384 | 0 | 1.0
0.0009994979482144117 | 1 | 1.0
-0.003718054387718439 | 0 | 1.0
-0.004529239144176245 | 1 | 1.0
-0.009239926934242249 | 0 | 1.0
-0.010044699534773827 | 1 | 1.0
-0.014749405905604362 | 0 | 1.0
-0.01554857101291418 | 1 | 1.0
-0.020248020067811012 | 0 | 1.0
-0.021042227745056152 | 1 | 1.0
-0.02573700249195099 | 0 | 1.0
-0.02652677334845066 | 1 | 1.0
-0.03121732920408249 | 0 | 1.0
-0.032003067433834076 | 1 | 1.0
-0.036689747124910355 | 0 | 1.0
-0.03747174143791199 | 1 | 1.0
-0.04215479642152786 | 0 | 1.0
-0.04293324798345566 | 1 | 1.0
-0.04761281982064247 | 0 | 1.0
-0.048387832939624786 | 1 | 1.0
-0.05306398496031761 | 0 | 1.0
-0.05383557826280594 | 1 | 1.0
-0.05850828438997269 | 0 | 1.0
-0.059276383370161057 | 1 | 1.0
-0.06394553184509277 | 0 | 1.0
-0.06470998376607895 | 1 | 1.0
-0.06937537342309952 | 0 | 1.0
-0.0701359286904335 | 1 | 1.0
-0.07479726523160934 | 0 | 1.0
-0.07555358856916428 | 1 | 1.0
-0.08021047711372375 | 0 | 1.0
-0.08096212893724442 | 0 | 1.0
-0.08561407029628754 | 1 | 1.0
-0.09416530281305313 | 0 | 1.0
-0.09881168603897095 | 1 | 1.0
-0.10736037790775299 | 1 | 1.0
-0.11200713366270065 | 0 | 1.0
-0.11275430023670197 | 1 | 1.0
-0.11740732192993164 | 0 | 1.0
-0.11816035211086273 | 1 | 1.0
-0.12281889468431473 | 0 | 1.0
-0.12357713282108307 | 1 | 1.0
-0.12824061512947083 | 0 | 1.0
-0.12900355458259583 | 1 | 1.0
-0.13367153704166412 | 0 | 1.0
-0.13443878293037415 | 1 | 1.0
-0.13911092281341553 | 0 | 1.0
-0.13988222181797028 | 1 | 1.0
-0.14455829560756683 | 0 | 1.0
-0.1453334391117096 | 1 | 1.0
-0.15001334249973297 | 0 | 1.0
-0.15079228579998016 | 1 | 1.0
-0.15547597408294678 | 0 | 1.0
-0.1562587320804596 | 1 | 1.0
-0.1609462946653366 | 0 | 1.0
-0.1617330014705658 | 1 | 1.0
-0.16642458736896515 | 0 | 1.0
-0.16721545159816742 | 1 | 1.0
-0.1719113439321518 | 0 | 1.0
-0.1727066934108734 | 1 | 1.0
-0.17740726470947266 | 0 | 1.0
-0.17820750176906586 | 1 | 1.0
-0.18291324377059937 | 0 | 1.0
-0.1837189495563507 | 1 | 1.0
-0.18843044340610504 | 0 | 1.0
-0.18924228847026825 | 1 | 1.0
-0.1939603090286255 | 0 | 1.0
-0.19477909803390503 | 1 | 1.0
-0.1995045393705368 | 0 | 1.0
-0.20033128559589386 | 1 | 1.0
-0.20506522059440613 | 0 | 1.0
-0.20590107142925262 | 1 | 1.0
-0.21064476668834686 | 0 | 1.0
-0.2114911526441574 | 1 | 1.0
-0.2162461131811142 | 0 | 1.0
-0.21710464358329773 | 1 | 1.0
-0.22187264263629913 | 0 | 1.0
-0.22274523973464966 | 1 | 1.0
-0.22752833366394043 | 0 | 1.0
-0.22841724753379822 | 1 | 1.0
-0.23321785032749176 | 0 | 1.0
-0.23412573337554932 | 1 | 1.0
-0.23894666135311127 | 1 | 1.0
-0.23987656831741333 | 0 | 1.0
-0.23691736161708832 | 1 | 1.0
-0.2378728836774826 | 0 | 1.0
-0.2349378615617752 | 1 | 1.0
-0.23591649532318115 | 0 | 1.0
-0.23300351202487946 | 1 | 1.0
-0.23400340974330902 | 0 | 1.0
-0.23111090064048767 | 1 | 1.0
-0.2321307212114334 | 0 | 1.0
-0.22925765812397003 | 1 | 1.0
-0.23029659688472748 | 0 | 1.0
-0.2274424135684967 | 1 | 1.0
-0.22850017249584198 | 0 | 1.0
-0.22566482424736023 | 1 | 1.0
-0.22674153745174408 | 1 | 1.0
-0.2239254266023636 | 0 | 1.0
-0.21721762418746948 | 1 | 1.0
-0.21442165970802307 | 0 | 1.0
-0.20773111283779144 | 1 | 1.0
-0.2049499899148941 | 0 | 1.0
-0.19827169179916382 | 1 | 1.0
-0.19550055265426636 | 0 | 1.0
-0.18882986903190613 | 1 | 1.0
-0.18606416881084442 | 0 | 1.0
-0.17939667403697968 | 1 | 1.0
-0.17663203179836273 | 0 | 1.0
-0.16996347904205322 | 1 | 1.0
-0.1671956181526184 | 0 | 1.0
-0.1605217307806015 | 1 | 1.0
-0.15774637460708618 | 0 | 1.0
-0.15106283128261566 | 1 | 1.0
-0.14827550947666168 | 0 | 1.0
-0.1415778249502182 | 0 | 1.0
-0.1387738585472107 | 1 | 1.0
-0.1398613303899765 | 0 | 1.0
-0.13703569769859314 | 1 | 1.0
-0.138102188706398 | 0 | 1.0
-0.13525605201721191 | 1 | 1.0
-0.13630244135856628 | 0 | 1.0
-0.1334364265203476 | 1 | 1.0
-0.1344630867242813 | 0 | 1.0
-0.13157732784748077 | 1 | 1.0
-0.1325840950012207 | 0 | 1.0
-0.12967823445796967 | 1 | 1.0
-0.13066449761390686 | 0 | 1.0
-0.12773765623569489 | 1 | 1.0
-0.12870226800441742 | 0 | 1.0
-0.12575307488441467 | 0 | 1.0
-0.12669436633586884 | 1 | 1.0
-0.13152462244033813 | 0 | 1.0
-0.13244035840034485 | 1 | 1.0
-0.1372472047805786 | 0 | 1.0
-0.1381412148475647 | 1 | 1.0
-0.1429281383752823 | 0 | 1.0
-0.1438036561012268 | 1 | 1.0
-0.1485735923051834 | 0 | 1.0
-0.14943334460258484 | 1 | 1.0
-0.15418878197669983 | 0 | 1.0
-0.15503506362438202 | 1 | 1.0
-0.15977808833122253 | 0 | 1.0
-0.16061285138130188 | 1 | 1.0
-0.16534525156021118 | 0 | 1.0
-0.16617010533809662 | 1 | 1.0
-0.1708933264017105 | 0 | 1.0
-0.17170964181423187 | 1 | 1.0
-0.17642492055892944 | 0 | 1.0
-0.17723380029201508 | 1 | 1.0
-0.1819421499967575 | 0 | 1.0
-0.18274453282356262 | 1 | 1.0
-0.18744677305221558 | 0 | 1.0
-0.18824338912963867 | 1 | 1.0
-0.19294019043445587 | 0 | 1.0
-0.1937316358089447 | 1 | 1.0
-0.19842351973056793 | 0 | 1.0
-0.1992102414369583 | 1 | 1.0
-0.20389758050441742 | 0 | 1.0
-0.2046799212694168 | 0 | 1.0
-0.20936299860477448 | 1 | 1.0
-0.21794599294662476 | 0 | 1.0
-0.22262494266033173 | 1 | 1.0
-0.2312072366476059 | 1 | 1.0
-0.23588880896568298 | 0 | 1.0
-0.2366722673177719 | 1 | 1.0
-0.24136319756507874 | 0 | 1.0
-0.24215607345104218 | 1 | 1.0
-0.24685652554035187 | 0 | 1.0
-0.2476591169834137 | 1 | 1.0
-0.2523695230484009 | 0 | 1.0
-0.25318238139152527 | 1 | 1.0
-0.25790339708328247 | 0 | 1.0
-0.2587273120880127 | 1 | 1.0
-0.26345986127853394 | 0 | 1.0
-0.26429590582847595 | 1 | 1.0
-0.2690412104129791 | 0 | 1.0
-0.26989075541496277 | 1 | 1.0
-0.2746502757072449 | 0 | 1.0
-0.27551496028900146 | 1 | 1.0
-0.2802906036376953 | 0 | 1.0
-0.2811724841594696 | 1 | 1.0
-0.2859663963317871 | 0 | 1.0
-0.2868679165840149 | 1 | 1.0
-0.29168277978897095 | 0 | 1.0
-0.2926068603992462 | 1 | 1.0
-0.29744577407836914 | 1 | 1.0
-0.2983958125114441 | 0 | 1.0
-0.2954590916633606 | 1 | 1.0
-0.29643917083740234 | 0 | 1.0
-0.2935313284397125 | 1 | 1.0
-0.2945394515991211 | 0 | 1.0
-0.2916589379310608 | 1 | 1.0
-0.29269400238990784 | 0 | 1.0
-0.2898399829864502 | 1 | 1.0
-0.29090142250061035 | 0 | 1.0
-0.2880737781524658 | 1 | 1.0
-0.28916171193122864 | 1 | 1.0
-0.2863609790802002 | 0 | 1.0
-0.2796728014945984 | 1 | 1.0
-0.27690014243125916 | 0 | 1.0
-0.2702373266220093 | 1 | 1.0
-0.26748794317245483 | 0 | 1.0
-0.2608461081981659 | 1 | 1.0
-0.25811582803726196 | 0 | 1.0
-0.25149112939834595 | 1 | 1.0
-0.24877634644508362 | 0 | 1.0
-0.24216537177562714 | 1 | 1.0
-0.23946288228034973 | 0 | 1.0
-0.2328626811504364 | 1 | 1.0
-0.2301696240901947 | 0 | 1.0
-0.22357748448848724 | 1 | 1.0
-0.22089126706123352 | 0 | 1.0
-0.21430474519729614 | 1 | 1.0
-0.21162299811840057 | 0 | 1.0
-0.20503979921340942 | 1 | 1.0
-0.20236030220985413 | 0 | 1.0
-0.1957782506942749 | 1 | 1.0
-0.19309882819652557 | 0 | 1.0
-0.18651580810546875 | 1 | 1.0
-0.18383434414863586 | 0 | 1.0
-0.17724822461605072 | 1 | 1.0
-0.17456258833408356 | 0 | 1.0
-0.16797120869159698 | 1 | 1.0
-0.16527917981147766 | 0 | 1.0
-0.158680260181427 | 1 | 1.0
-0.1559794694185257 | 0 | 1.0
-0.14937058091163635 | 1 | 1.0
-0.14665848016738892 | 0 | 1.0
-0.14003698527812958 | 1 | 1.0
-0.13731077313423157 | 0 | 1.0
-0.13067373633384705 | 1 | 1.0
-0.12793031334877014 | 0 | 1.0
-0.12127446383237839 | 1 | 1.0
-0.11851030588150024 | 0 | 1.0
-0.11183196306228638 | 0 | 1.0
-0.10904311388731003 | 1 | 1.0
-0.11014150083065033 | 0 | 1.0
-0.10732340067625046 | 1 | 1.0
-0.10839343070983887 | 0 | 1.0
-0.10554753243923187 | 1 | 1.0
-0.10659025609493256 | 0 | 1.0
-0.10371728241443634 | 1 | 1.0
-0.10473306477069855 | 0 | 1.0
-0.10183306783437729 | 1 | 1.0
-0.10282157361507416 | 0 | 1.0
-0.09989393502473831 | 1 | 1.0
-0.10085416585206985 | 0 | 1.0
-0.09789757430553436 | 0 | 1.0
-0.09882784634828568 | 1 | 1.0
-0.10364332050085068 | 0 | 1.0
-0.10454119741916656 | 1 | 1.0
-0.1093263030052185 | 0 | 1.0
-0.11019523441791534 | 1 | 1.0
-0.11495297402143478 | 0 | 1.0
-0.11579564958810806 | 1 | 1.0
-0.12052831053733826 | 0 | 1.0
-0.12134673446416855 | 1 | 1.0
-0.12605597078800201 | 0 | 1.0
-0.12685149908065796 | 0 | 1.0
-0.13153836131095886 | 1 | 1.0
-0.14011575281620026 | 0 | 1.0
-0.14478068053722382 | 1 | 1.0
-0.15333974361419678 | 0 | 1.0
-0.15798932313919067 | 1 | 1.0
-0.1665363311767578 | 0 | 1.0
-0.1711767166852951 | 1 | 1.0
-0.1797175258398056 | 0 | 1.0
-0.18435454368591309 | 1 | 1.0
-0.19289487600326538 | 0 | 1.0
-0.1975342035293579 | 1 | 1.0
-0.2060796320438385 | 0 | 1.0
-0.21072693169116974 | 1 | 1.0
-0.2192831188440323 | 1 | 1.0
-0.22394418716430664 | 0 | 1.0
-0.22471271455287933 | 1 | 1.0
-0.2293936163187027 | 0 | 1.0
-0.23018178343772888 | 1 | 1.0
-0.23488229513168335 | 0 | 1.0
-0.2356901913881302 | 1 | 1.0
-0.24041061103343964 | 0 | 1.0
-0.2412387728691101 | 1 | 1.0
-0.245979905128479 | 0 | 1.0
-0.24682937562465668 | 1 | 1.0
-0.2515924870967865 | 0 | 1.0
-0.2524648606777191 | 1 | 1.0
-0.2572517991065979 | 0 | 1.0
-0.2581492066383362 | 1 | 1.0
-0.26296231150627136 | 1 | 1.0
-0.2638874650001526 | 0 | 1.0
-0.26092660427093506 | 1 | 1.0
-0.2618829011917114 | 0 | 1.0
-0.25895169377326965 | 1 | 1.0
-0.2599366009235382 | 0 | 1.0
-0.25703293085098267 | 1 | 1.0
-0.25804468989372253 | 0 | 1.0
-0.255167156457901 | 1 | 1.0
-0.25620466470718384 | 0 | 1.0
-0.253352552652359 | 1 | 1.0
-0.2544153332710266 | 0 | 1.0
-0.2515885531902313 | 1 | 1.0
-0.2526768743991852 | 1 | 1.0
-0.24987594783306122 | 0 | 1.0
-0.2431870400905609 | 1 | 1.0
-0.24041318893432617 | 0 | 1.0
-0.233748659491539 | 1 | 1.0
-0.23099707067012787 | 0 | 1.0
-0.22435246407985687 | 1 | 1.0
-0.22161893546581268 | 0 | 1.0
-0.21499036252498627 | 1 | 1.0
-0.21227118372917175 | 0 | 1.0
-0.20565518736839294 | 1 | 1.0
-0.20294706523418427 | 0 | 1.0
-0.19634053111076355 | 1 | 1.0
-0.19364048540592194 | 0 | 1.0
-0.18704059720039368 | 1 | 1.0
-0.18434588611125946 | 0 | 1.0
-0.17775000631809235 | 1 | 1.0
-0.1750580370426178 | 0 | 1.0
-0.16846366226673126 | 1 | 1.0
-0.1657719910144806 | 0 | 1.0
-0.15917669236660004 | 1 | 1.0
-0.15648287534713745 | 0 | 1.0
-0.1498842090368271 | 1 | 1.0
-0.1471857875585556 | 0 | 1.0
-0.14058129489421844 | 1 | 1.0
-0.1378757357597351 | 0 | 1.0
-0.13126280903816223 | 1 | 1.0
-0.12854741513729095 | 0 | 1.0
-0.1219233050942421 | 1 | 1.0
-0.11919517815113068 | 0 | 1.0
-0.11255685985088348 | 1 | 1.0
-0.10981282591819763 | 0 | 1.0
-0.10315697640180588 | 1 | 1.0
-0.10039349645376205 | 0 | 1.0
-0.09371640533208847 | 1 | 1.0
-0.09092950820922852 | 0 | 1.0
-0.08422700315713882 | 0 | 1.0
-0.0814121812582016 | 1 | 1.0
-0.08248255401849747 | 0 | 1.0
-0.0796346515417099 | 1 | 1.0
-0.0806724801659584 | 0 | 1.0
-0.07779224961996078 | 1 | 1.0
-0.0787978246808052 | 0 | 1.0
-0.07588520646095276 | 1 | 1.0
-0.0768580287694931 | 0 | 1.0
-0.07391215115785599 | 0 | 1.0
-0.0748508870601654 | 1 | 1.0
-0.07967263460159302 | 0 | 1.0
-0.0805751159787178 | 1 | 1.0
-0.0853627622127533 | 0 | 1.0
-0.08623259514570236 | 1 | 1.0
-0.09098923206329346 | 0 | 1.0
-0.09182917326688766 | 1 | 1.0
-0.09655711054801941 | 0 | 1.0
-0.09736913442611694 | 1 | 1.0
-0.10206994414329529 | 0 | 1.0
-0.10285530239343643 | 0 | 1.0
-0.10752985626459122 | 1 | 1.0
-0.1160927414894104 | 0 | 1.0
-0.12074122577905655 | 1 | 1.0
-0.12928152084350586 | 0 | 1.0
-0.1339101642370224 | 1 | 1.0
-0.14243368804454803 | 0 | 1.0
-0.14704814553260803 | 1 | 1.0
-0.15556026995182037 | 0 | 1.0
-0.16016578674316406 | 1 | 1.0
-0.16867154836654663 | 0 | 1.0
-0.17327310144901276 | 1 | 1.0
-0.18177731335163116 | 0 | 1.0
-0.18637967109680176 | 1 | 1.0
-0.19488705694675446 | 0 | 1.0
-0.19949498772621155 | 1 | 1.0
-0.20801028609275818 | 0 | 1.0
-0.21262861788272858 | 1 | 1.0
-0.22115671634674072 | 0 | 1.0
-0.22579047083854675 | 1 | 1.0
-0.2343364655971527 | 0 | 1.0
-0.23899100720882416 | 1 | 1.0
-0.24756036698818207 | 1 | 1.0
-0.25224146246910095 | 0 | 1.0
-0.25303709506988525 | 1 | 1.0
-0.25775113701820374 | 0 | 1.0
-0.258579820394516 | 1 | 1.0
-0.2633272409439087 | 0 | 1.0
-0.2641899287700653 | 1 | 1.0
-0.2689719498157501 | 0 | 1.0
-0.2698703706264496 | 1 | 1.0
-0.2746891677379608 | 1 | 1.0
-0.27562588453292847 | 0 | 1.0
-0.2726825773715973 | 1 | 1.0
-0.27366116642951965 | 0 | 1.0
-0.27075839042663574 | 1 | 1.0
-0.2717767357826233 | 0 | 1.0
-0.2689129412174225 | 1 | 1.0
-0.26996996998786926 | 1 | 1.0
-0.26714468002319336 | 0 | 1.0
-0.26043811440467834 | 1 | 1.0
-0.25765174627304077 | 0 | 1.0
-0.25098100304603577 | 1 | 1.0
-0.24822832643985748 | 0 | 1.0
-0.2415887415409088 | 1 | 1.0
-0.23886539041996002 | 0 | 1.0
-0.2322530895471573 | 1 | 1.0
-0.22955550253391266 | 0 | 1.0
-0.22296728193759918 | 1 | 1.0
-0.2202925682067871 | 0 | 1.0
-0.21372592449188232 | 1 | 1.0
-0.21107178926467896 | 1 | 1.0
-0.20452472567558289 | 0 | 1.0
-0.19408521056175232 | 1 | 1.0
-0.18755629658699036 | 0 | 1.0
-0.1771308034658432 | 1 | 1.0
-0.17061235010623932 | 0 | 1.0
-0.160193532705307 | 1 | 1.0
-0.15367822349071503 | 0 | 1.0
-0.1432589441537857 | 1 | 1.0
-0.13673962652683258 | 0 | 1.0
-0.12631285190582275 | 1 | 1.0
-0.11978235840797424 | 0 | 1.0
-0.10934093594551086 | 0 | 1.0
-0.10279194265604019 | 1 | 1.0
-0.10013226419687271 | 0 | 1.0
-0.09355705976486206 | 1 | 1.0
-0.09087039530277252 | 0 | 1.0
-0.08426739275455475 | 1 | 1.0
-0.08155179023742676 | 0 | 1.0
-0.07491873949766159 | 1 | 1.0
-0.07217154651880264 | 0 | 1.0
-0.0655054897069931 | 1 | 1.0
-0.0627233162522316 | 0 | 1.0
-0.056020528078079224 | 0 | 1.0
-0.0531991608440876 | 1 | 1.0
-0.054256610572338104 | 0 | 1.0
-0.05139089748263359 | 1 | 1.0
-0.05240442231297493 | 0 | 1.0
-0.049494821578264236 | 1 | 1.0
-0.05046424642205238 | 0 | 1.0
-0.04751013219356537 | 0 | 1.0
-0.04843420162796974 | 1 | 1.0
-0.05323471501469612 | 0 | 1.0
-0.054111022502183914 | 1 | 1.0
-0.0588657408952713 | 0 | 1.0
-0.05969737097620964 | 1 | 1.0
-0.06440868973731995 | 0 | 1.0
-0.06519758701324463 | 0 | 1.0
-0.06986681371927261 | 1 | 1.0
-0.07841552048921585 | 0 | 1.0
-0.08304288238286972 | 1 | 1.0
-0.0915532037615776 | 0 | 1.0
-0.09614452719688416 | 1 | 1.0
-0.10462168604135513 | 0 | 1.0
-0.10918187350034714 | 1 | 1.0
-0.1176302433013916 | 0 | 1.0
-0.12216336280107498 | 0 | 1.0
-0.13058657944202423 | 1 | 1.0
-0.14289987087249756 | 0 | 1.0
-0.15130089223384857 | 1 | 1.0
-0.16359689831733704 | 0 | 1.0
-0.17198476195335388 | 1 | 1.0
-0.1842721402645111 | 0 | 1.0
-0.1926555037498474 | 1 | 1.0
-0.20494261384010315 | 0 | 1.0
-0.21332989633083344 | 1 | 1.0
-0.22562502324581146 | 0 | 1.0
-0.23402461409568787 | 1 | 1.0
-0.24633611738681793 | 1 | 1.0
-0.2547565996646881 | 0 | 1.0
-0.25928959250450134 | 1 | 1.0
-0.2677399814128876 | 0 | 1.0
-0.2723044157028198 | 1 | 1.0
-0.2807876467704773 | 0 | 1.0
-0.28538691997528076 | 1 | 1.0
-0.29390668869018555 | 0 | 1.0
-0.2985449433326721 | 1 | 1.0
-0.30710580945014954 | 1 | 1.0
-0.3117881417274475 | 0 | 1.0
-0.3125949501991272 | 1 | 1.0
-0.31732749938964844 | 0 | 1.0
-0.3181847333908081 | 1 | 1.0
-0.32296818494796753 | 1 | 1.0
-0.3238772451877594 | 0 | 1.0
-0.32091379165649414 | 1 | 1.0
-0.3218773901462555 | 0 | 1.0
-0.31896671652793884 | 1 | 1.0
-0.3199822008609772 | 0 | 1.0
-0.3171224892139435 | 1 | 1.0
-0.3181885778903961 | 1 | 1.0
Total reward: 500.0
3.1, 5.8, -3.2, 2.0, -4.3, 2.8, -3.7, 4.8, -2.5, -2.0
parameter ends

state | action | reward
[0.02] | 1 | 1.0
0.021440619602799416 | 0 | 1.0
0.02617494948208332 | 1 | 1.0
0.026998160406947136 | 1 | 1.0
0.03171605244278908 | 0 | 1.0
0.040328338742256165 | 1 | 1.0
0.04503193125128746 | 0 | 1.0
0.053634367883205414 | 1 | 1.0
0.058332107961177826 | 0 | 1.0
0.06693287193775177 | 0 | 1.0
0.07163296639919281 | 1 | 1.0
0.07243537157773972 | 0 | 1.0
0.07714598625898361 | 1 | 1.0
0.07795973122119904 | 0 | 1.0
0.0826825201511383 | 1 | 1.0
0.0835094004869461 | 0 | 1.0
0.08824628591537476 | 1 | 1.0
0.08908839523792267 | 0 | 1.0
0.09384162724018097 | 1 | 1.0
0.09470142424106598 | 0 | 1.0
0.09947362542152405 | 1 | 1.0
0.10035397857427597 | 0 | 1.0
0.10514821857213974 | 1 | 1.0
0.1060524508357048 | 0 | 1.0
0.1108722910284996 | 1 | 1.0
0.1118043065071106 | 0 | 1.0
0.11665387451648712 | 0 | 1.0
0.11761819571256638 | 1 | 1.0
0.1146998181939125 | 0 | 1.0
0.11570172011852264 | 1 | 1.0
0.11282051354646683 | 0 | 1.0
0.11385949701070786 | 1 | 1.0
0.11101549118757248 | 0 | 1.0
0.11209198087453842 | 0 | 1.0
0.1092861071228981 | 1 | 1.0
0.10259941965341568 | 0 | 1.0
0.09983359277248383 | 1 | 1.0
0.09318466484546661 | 0 | 1.0
0.09045512229204178 | 1 | 1.0
0.0838407576084137 | 0 | 1.0
0.08114466071128845 | 1 | 1.0
0.07456253468990326 | 0 | 1.0
0.07189792394638062 | 0 | 1.0
0.06534652411937714 | 1 | 1.0
0.05490904673933983 | 0 | 1.0
0.048387691378593445 | 1 | 1.0
0.03797651082277298 | 0 | 1.0
0.03147857263684273 | 1 | 1.0
0.021087514236569405 | 0 | 1.0
0.014607017859816551 | 1 | 1.0
0.004230458755046129 | 0 | 1.0
-0.0022380680311471224 | 1 | 1.0
-0.01260534580796957 | 0 | 1.0
-0.019067011773586273 | 1 | 1.0
-0.029429936781525612 | 0 | 1.0
-0.03588961809873581 | 1 | 1.0
-0.04625295475125313 | 0 | 1.0
-0.052715420722961426 | 1 | 1.0
-0.06308388710021973 | 0 | 1.0
-0.069553904235363 | 1 | 1.0
-0.07993227988481522 | 0 | 1.0
-0.08641475439071655 | 1 | 1.0
-0.09680799394845963 | 0 | 1.0
-0.10330807417631149 | 1 | 1.0
-0.11372143775224686 | 0 | 1.0
-0.12024462223052979 | 1 | 1.0
-0.1306837648153305 | 1 | 1.0
-0.13723605871200562 | 0 | 1.0
-0.1399044543504715 | 1 | 1.0
-0.14649251103401184 | 0 | 1.0
-0.14919698238372803 | 1 | 1.0
-0.15582159161567688 | 0 | 1.0
-0.15856346487998962 | 1 | 1.0
-0.16522634029388428 | 0 | 1.0
-0.16800780594348907 | 1 | 1.0
-0.17471152544021606 | 1 | 1.0
-0.1775357574224472 | 0 | 1.0
-0.17648282647132874 | 1 | 1.0
-0.1793540120124817 | 0 | 1.0
-0.17834711074829102 | 1 | 1.0
-0.18126395344734192 | 0 | 1.0
-0.1803024411201477 | 1 | 1.0
-0.18326476216316223 | 1 | 1.0
-0.1823491007089615 | 0 | 1.0
-0.17755696177482605 | 1 | 1.0
-0.1766888052225113 | 0 | 1.0
-0.17194177210330963 | 1 | 1.0
-0.17111727595329285 | 0 | 1.0
-0.16641218960285187 | 1 | 1.0
-0.16562864184379578 | 1 | 1.0
-0.16096337139606476 | 0 | 1.0
-0.15241698920726776 | 1 | 1.0
-0.14779050648212433 | 0 | 1.0
-0.13927894830703735 | 1 | 1.0
-0.1346844732761383 | 0 | 1.0
-0.1262015551328659 | 1 | 1.0
-0.12163318693637848 | 0 | 1.0
-0.1131734549999237 | 1 | 1.0
-0.10862600058317184 | 0 | 1.0
-0.10018464177846909 | 1 | 1.0
-0.0956534743309021 | 0 | 1.0
-0.08722615242004395 | 1 | 1.0
-0.08270711451768875 | 1 | 1.0
-0.07428991049528122 | 0 | 1.0
-0.06197443604469299 | 0 | 1.0
-0.05356372892856598 | 1 | 1.0
-0.04905448853969574 | 0 | 1.0
-0.040640171617269516 | 1 | 1.0
-0.036125604063272476 | 0 | 1.0
-0.027704276144504547 | 1 | 1.0
-0.02318091131746769 | 0 | 1.0
-0.014749047346413136 | 1 | 1.0
-0.010213233530521393 | 0 | 1.0
-0.0017670936649665236 | 1 | 1.0
0.002785081509500742 | 0 | 1.0
0.011249538511037827 | 1 | 1.0
0.01582234352827072 | 0 | 1.0
0.0243095513433218 | 1 | 1.0
0.02890770696103573 | 0 | 1.0
0.03742258995771408 | 1 | 1.0
0.04205137863755226 | 0 | 1.0
0.05059945210814476 | 0 | 1.0
0.055264826864004135 | 1 | 1.0
0.05605060234665871 | 0 | 1.0
0.06075935810804367 | 1 | 1.0
0.06158902123570442 | 0 | 1.0
0.066342294216156 | 1 | 1.0
0.06721761077642441 | 0 | 1.0
0.0720176100730896 | 0 | 1.0
0.07294142246246338 | 1 | 1.0
0.06999137997627258 | 0 | 1.0
0.07096774876117706 | 1 | 1.0
0.06806929409503937 | 0 | 1.0
0.06909690797328949 | 1 | 1.0
0.06624948233366013 | 0 | 1.0
0.06732828170061111 | 0 | 1.0
0.064532570540905 | 1 | 1.0
0.0578639917075634 | 0 | 1.0
0.055122002959251404 | 1 | 1.0
0.04850498214364052 | 0 | 1.0
0.04581339657306671 | 0 | 1.0
0.03924539312720299 | 1 | 1.0
0.028801484033465385 | 0 | 1.0
0.022281233221292496 | 1 | 1.0
0.011880993843078613 | 0 | 1.0
0.005401765927672386 | 1 | 1.0
-0.004960823804140091 | 0 | 1.0
-0.011404699645936489 | 1 | 1.0
-0.02173471450805664 | 0 | 1.0
-0.0281479824334383 | 0 | 1.0
-0.038449663668870926 | 1 | 1.0
-0.05263989046216011 | 0 | 1.0
-0.06291671097278595 | 1 | 1.0
-0.07708728313446045 | 0 | 1.0
-0.08734874427318573 | 1 | 1.0
-0.1015087366104126 | 0 | 1.0
-0.11176387965679169 | 1 | 1.0
-0.12592202425003052 | 0 | 1.0
-0.1361796259880066 | 1 | 1.0
-0.15034452080726624 | 0 | 1.0
-0.1606132984161377 | 1 | 1.0
-0.1747935712337494 | 1 | 1.0
-0.18508242070674896 | 0 | 1.0
-0.19148342311382294 | 1 | 1.0
-0.2018015831708908 | 0 | 1.0
-0.2082335501909256 | 1 | 1.0
-0.21858420968055725 | 0 | 1.0
-0.22505077719688416 | 1 | 1.0
-0.23543785512447357 | 0 | 1.0
-0.24194343388080597 | 1 | 1.0
-0.2523716986179352 | 1 | 1.0
-0.2589215934276581 | 0 | 1.0
-0.2615961730480194 | 1 | 1.0
-0.2681967318058014 | 0 | 1.0
-0.27092233300209045 | 1 | 1.0
-0.27757444977760315 | 0 | 1.0
-0.28035271167755127 | 1 | 1.0
-0.2870585024356842 | 1 | 1.0
-0.2898922562599182 | 0 | 1.0
-0.2888564467430115 | 1 | 1.0
-0.2917500138282776 | 0 | 1.0
-0.2907731831073761 | 1 | 1.0
-0.2937255799770355 | 1 | 1.0
-0.2928077280521393 | 0 | 1.0
-0.2880210876464844 | 1 | 1.0
-0.287163645029068 | 0 | 1.0
-0.28243494033813477 | 1 | 1.0
-0.2816341817378998 | 1 | 1.0
-0.2769606113433838 | 0 | 1.0
-0.2684146761894226 | 1 | 1.0
-0.263794869184494 | 0 | 1.0
-0.25529852509498596 | 1 | 1.0
-0.25072574615478516 | 0 | 1.0
-0.24227310717105865 | 1 | 1.0
-0.2377418875694275 | 0 | 1.0
-0.22932812571525574 | 1 | 1.0
-0.22483402490615845 | 1 | 1.0
-0.21645531058311462 | 0 | 1.0
-0.20419198274612427 | 1 | 1.0
-0.19584541022777557 | 0 | 1.0
-0.18360929191112518 | 1 | 1.0
-0.17528611421585083 | 0 | 1.0
-0.163068950176239 | 1 | 1.0
-0.15476104617118835 | 0 | 1.0
-0.1425551027059555 | 1 | 1.0
-0.1342548280954361 | 0 | 1.0
-0.12205275148153305 | 1 | 1.0
-0.11375274509191513 | 0 | 1.0
-0.10154731571674347 | 1 | 1.0
-0.09324031323194504 | 0 | 1.0
-0.08102434128522873 | 1 | 1.0
-0.07270298898220062 | 0 | 1.0
-0.0604691356420517 | 1 | 1.0
-0.052125852555036545 | 0 | 1.0
-0.039866458624601364 | 0 | 1.0
-0.031493235379457474 | 1 | 1.0
-0.027002602815628052 | 0 | 1.0
-0.01859079673886299 | 1 | 1.0
-0.014060099609196186 | 0 | 1.0
-0.0056068855337798595 | 1 | 1.0
-0.0010327367344871163 | 0 | 1.0
0.007465670350939035 | 0 | 1.0
0.012087669223546982 | 1 | 1.0
0.012836093083024025 | 0 | 1.0
0.01751149632036686 | 1 | 1.0
0.018313243985176086 | 0 | 1.0
0.023042229935526848 | 1 | 1.0
0.023898256942629814 | 0 | 1.0
0.028682302683591843 | 0 | 1.0
0.029594868421554565 | 1 | 1.0
0.026638207957148552 | 0 | 1.0
0.027610981836915016 | 1 | 1.0
0.024713406339287758 | 0 | 1.0
0.025744888931512833 | 0 | 1.0
0.022905781865119934 | 1 | 1.0
0.01619734801352024 | 0 | 1.0
0.013417588546872139 | 1 | 1.0
0.006765699479728937 | 0 | 1.0
0.00404100026935339 | 0 | 1.0
-0.00255776010453701 | 1 | 1.0
-0.013030347414314747 | 0 | 1.0
-0.01957801915705204 | 1 | 1.0
-0.03000405617058277 | 0 | 1.0
-0.03650806099176407 | 1 | 1.0
-0.04689420014619827 | 0 | 1.0
-0.05336083844304085 | 1 | 1.0
-0.06371273845434189 | 0 | 1.0
-0.07014734297990799 | 0 | 1.0
-0.08046979457139969 | 1 | 1.0
-0.09468040615320206 | 0 | 1.0
-0.10497739911079407 | 1 | 1.0
-0.11916804313659668 | 0 | 1.0
-0.12944959104061127 | 1 | 1.0
-0.14362981915473938 | 0 | 1.0
-0.15390545129776 | 1 | 1.0
-0.16808447241783142 | 0 | 1.0
-0.17836348712444305 | 1 | 1.0
-0.192550390958786 | 0 | 1.0
-0.20284199714660645 | 1 | 1.0
-0.21704594790935516 | 1 | 1.0
-0.2273595780134201 | 0 | 1.0
-0.2337866872549057 | 1 | 1.0
-0.2441321462392807 | 0 | 1.0
-0.2505931258201599 | 1 | 1.0
-0.260974258184433 | 0 | 1.0
-0.26747339963912964 | 1 | 1.0
-0.2778948247432709 | 0 | 1.0
-0.28443729877471924 | 1 | 1.0
-0.294904500246048 | 1 | 1.0
-0.3014964163303375 | 0 | 1.0
-0.3042164742946625 | 1 | 1.0
-0.3108651340007782 | 0 | 1.0
-0.3136429190635681 | 1 | 1.0
-0.3203502595424652 | 1 | 1.0
-0.32318854331970215 | 0 | 1.0
-0.3221603333950043 | 1 | 1.0
-0.32506340742111206 | 0 | 1.0
-0.3240993022918701 | 1 | 1.0
-0.32706642150878906 | 1 | 1.0
-0.3261665999889374 | 0 | 1.0
-0.321401447057724 | 1 | 1.0
-0.3205677270889282 | 0 | 1.0
-0.31586647033691406 | 1 | 1.0
-0.3150957226753235 | 1 | 1.0
-0.31045618653297424 | 0 | 1.0
-0.3019486367702484 | 1 | 1.0
-0.29737022519111633 | 0 | 1.0
-0.2889201045036316 | 1 | 1.0
-0.28439706563949585 | 1 | 1.0
-0.275999516248703 | 0 | 1.0
-0.26372721791267395 | 1 | 1.0
-0.255378782749176 | 0 | 1.0
-0.2431502342224121 | 1 | 1.0
-0.23484204709529877 | 0 | 1.0
-0.22264912724494934 | 1 | 1.0
-0.21437327563762665 | 0 | 1.0
-0.2022087275981903 | 1 | 1.0
-0.19395822286605835 | 0 | 1.0
-0.181815505027771 | 1 | 1.0
-0.17358402907848358 | 1 | 1.0
-0.16145721077919006 | 0 | 1.0
-0.14543437957763672 | 1 | 1.0
-0.1333179920911789 | 0 | 1.0
-0.11729952692985535 | 1 | 1.0
-0.10518176108598709 | 0 | 1.0
-0.0891561508178711 | 0 | 1.0
-0.07702531665563583 | 1 | 1.0
-0.06878504902124405 | 0 | 1.0
-0.05662927404046059 | 1 | 1.0
-0.04836104437708855 | 0 | 1.0
-0.03617466986179352 | 1 | 1.0
-0.027872422710061073 | 0 | 1.0
-0.01564915105700493 | 1 | 1.0
-0.007306097541004419 | 0 | 1.0
0.0049611241556704044 | 0 | 1.0
0.013352635316550732 | 1 | 1.0
0.017872383818030357 | 0 | 1.0
0.02632109262049198 | 1 | 1.0
0.030899900943040848 | 0 | 1.0
0.039409197866916656 | 0 | 1.0
0.044051311910152435 | 1 | 1.0
0.044829342514276505 | 0 | 1.0
0.04954054206609726 | 1 | 1.0
0.0503879189491272 | 0 | 1.0
0.055169008672237396 | 0 | 1.0
0.05608757585287094 | 1 | 1.0
0.05314596742391586 | 0 | 1.0
0.054139330983161926 | 0 | 1.0
0.051271501928567886 | 1 | 1.0
0.04454345628619194 | 0 | 1.0
0.04174946993589401 | 1 | 1.0
0.03509201109409332 | 0 | 1.0
0.03236714377999306 | 0 | 1.0
0.025776652619242668 | 1 | 1.0
0.01532076671719551 | 0 | 1.0
0.008795327506959438 | 1 | 1.0
-0.0016000010073184967 | 0 | 1.0
-0.008067326620221138 | 0 | 1.0
-0.01840806007385254 | 1 | 1.0
-0.03262285515666008 | 0 | 1.0
-0.04291355982422829 | 1 | 1.0
-0.0570843331515789 | 0 | 1.0
-0.06733499467372894 | 1 | 1.0
-0.08147094398736954 | 0 | 1.0
-0.09169052541255951 | 1 | 1.0
-0.10579999536275864 | 0 | 1.0
-0.11599665880203247 | 1 | 1.0
-0.13008730113506317 | 0 | 1.0
-0.14026854932308197 | 1 | 1.0
-0.1543475091457367 | 0 | 1.0
-0.16452038288116455 | 1 | 1.0
-0.1785944551229477 | 0 | 1.0
-0.18876570463180542 | 1 | 1.0
-0.20284147560596466 | 0 | 1.0
-0.21301774680614471 | 1 | 1.0
-0.22710177302360535 | 0 | 1.0
-0.23728971183300018 | 1 | 1.0
-0.25138866901397705 | 0 | 1.0
-0.2615951597690582 | 1 | 1.0
-0.2757159471511841 | 0 | 1.0
-0.2859481871128082 | 1 | 1.0
-0.30009815096855164 | 0 | 1.0
-0.31036388874053955 | 1 | 1.0
-0.32455095648765564 | 1 | 1.0
-0.33485859632492065 | 0 | 1.0
-0.34129083156585693 | 1 | 1.0
-0.3516497015953064 | 0 | 1.0
-0.35813525319099426 | 1 | 1.0
-0.3685491383075714 | 0 | 1.0
-0.3750925660133362 | 1 | 1.0
-0.38556647300720215 | 1 | 1.0
-0.3921736478805542 | 0 | 1.0
-0.3949177861213684 | 1 | 1.0
-0.4015960693359375 | 1 | 1.0
-0.4044125974178314 | 0 | 1.0
-0.4033697247505188 | 1 | 1.0
-0.40626224875450134 | 0 | 1.0
-0.4052943289279938 | 1 | 1.0
-0.4082617163658142 | 1 | 1.0
-0.4073687791824341 | 0 | 1.0
-0.4026172459125519 | 1 | 1.0
-0.4018011689186096 | 0 | 1.0
-0.39712440967559814 | 1 | 1.0
-0.39638233184814453 | 1 | 1.0
-0.3917785882949829 | 0 | 1.0
-0.38331425189971924 | 1 | 1.0
-0.3787837326526642 | 1 | 1.0
-0.3703894019126892 | 0 | 1.0
-0.3581308424472809 | 1 | 1.0
-0.34980309009552 | 0 | 1.0
-0.33760565519332886 | 1 | 1.0
-0.329336017370224 | 0 | 1.0
-0.31719231605529785 | 1 | 1.0
-0.3089737892150879 | 1 | 1.0
-0.2968776524066925 | 0 | 1.0
-0.2809031307697296 | 1 | 1.0
-0.26884961128234863 | 0 | 1.0
-0.25291159749031067 | 1 | 1.0
-0.24089016020298004 | 0 | 1.0
-0.22497878968715668 | 1 | 1.0
-0.2129797786474228 | 0 | 1.0
-0.197085902094841 | 1 | 1.0
-0.1851002424955368 | 0 | 1.0
-0.16921520233154297 | 1 | 1.0
-0.15723426640033722 | 0 | 1.0
-0.1413496732711792 | 1 | 1.0
-0.12936504185199738 | 0 | 1.0
-0.11347264796495438 | 1 | 1.0
-0.10147592425346375 | 0 | 1.0
-0.0855673998594284 | 1 | 1.0
-0.07355000823736191 | 0 | 1.0
-0.057616762816905975 | 1 | 1.0
-0.0455697663128376 | 0 | 1.0
-0.0296027809381485 | 1 | 1.0
-0.017516691237688065 | 0 | 1.0
-0.0015063504688441753 | 0 | 1.0
0.010629061609506607 | 1 | 1.0
0.01889440044760704 | 0 | 1.0
0.031090380623936653 | 1 | 1.0
0.03941972553730011 | 0 | 1.0
0.05168216675519943 | 0 | 1.0
0.06008234992623329 | 1 | 1.0
0.06462451815605164 | 0 | 1.0
0.07310398668050766 | 0 | 1.0
0.0777275562286377 | 1 | 1.0
0.07849825173616409 | 0 | 1.0
0.08320826292037964 | 0 | 1.0
0.08406542241573334 | 1 | 1.0
0.08107151836156845 | 0 | 1.0
0.08201714605093002 | 1 | 1.0
0.07910977303981781 | 0 | 1.0
0.08014143258333206 | 0 | 1.0
0.07731949537992477 | 1 | 1.0
0.07064534723758698 | 0 | 1.0
0.06790989637374878 | 0 | 1.0
0.06131964176893234 | 1 | 1.0
0.050874724984169006 | 0 | 1.0
0.044366419315338135 | 1 | 1.0
0.03399888053536415 | 0 | 1.0
0.02756594680249691 | 0 | 1.0
0.017270470038056374 | 1 | 1.0
0.0031120390631258488 | 0 | 1.0
-0.00711490074172616 | 1 | 1.0
-0.021210307255387306 | 0 | 1.0
-0.031377192586660385 | 0 | 1.0
-0.04541700705885887 | 1 | 1.0
-0.06333093345165253 | 0 | 1.0
-0.07732118666172028 | 1 | 1.0
-0.09519242495298386 | 0 | 1.0
-0.10914461314678192 | 1 | 1.0
-0.12698383629322052 | 0 | 1.0
-0.14090849459171295 | 0 | 1.0
-0.15872560441493988 | 1 | 1.0
-0.18043692409992218 | 0 | 1.0
-0.19824115931987762 | 1 | 1.0
-0.2199476659297943 | 1 | 1.0
-0.23775453865528107 | 0 | 1.0
-0.25166669487953186 | 1 | 1.0
-0.26949164271354675 | 0 | 1.0
-0.2834266424179077 | 1 | 1.0
-0.30127865076065063 | 0 | 1.0
-0.3152458965778351 | 1 | 1.0
-0.3331344425678253 | 0 | 1.0
-0.34714391827583313 | 1 | 1.0
-0.3650790750980377 | 1 | 1.0
-0.37914156913757324 | 0 | 1.0
-0.389336496591568 | 1 | 1.0
-0.40346378087997437 | 0 | 1.0
-0.41372746229171753 | 1 | 1.0
-0.4279261529445648 | 1 | 1.0
-0.4382661283016205 | 0 | 1.0
-0.4447520673274994 | 1 | 1.0
-0.4551776349544525 | 1 | 1.0
-0.4617519676685333 | 0 | 1.0
-0.46447858214378357 | 1 | 1.0
-0.4711473882198334 | 1 | 1.0
-0.47396937012672424 | 0 | 1.0
-0.47294697165489197 | 1 | 1.0
-0.47586771845817566 | 1 | 1.0
-0.47494322061538696 | 0 | 1.0
-0.47017475962638855 | 1 | 1.0
-0.46934905648231506 | 1 | 1.0
-0.4646768569946289 | 0 | 1.0
-0.4561583697795868 | 1 | 1.0
-0.4515809118747711 | 0 | 1.0
-0.44315287470817566 | 1 | 1.0
-0.43866434693336487 | 1 | 1.0
-0.43032240867614746 | 0 | 1.0
-0.4181271493434906 | 1 | 1.0
-0.40986907482147217 | 1 | 1.0
-0.39775291085243225 | 0 | 1.0
-0.38177740573883057 | 1 | 1.0
-0.3697350025177002 | 0 | 1.0
-0.35382649302482605 | 1 | 1.0
-0.34184756875038147 | 1 | 1.0
-0.325996994972229 | 0 | 1.0
-0.306272953748703 | 1 | 1.0
-0.2904725670814514 | 0 | 1.0
-0.27079087495803833 | 1 | 1.0
-0.25502756237983704 | 0 | 1.0
Total reward: 500.0
3.1, 5.8, -3.2, 2.0, -4.3, 2.8, -3.7, 4.8, -2.5, -2.0
parameter ends

state | action | reward
[-0.04] | 1 | 1.0
-0.04224201664328575 | 0 | 1.0
-0.03831043466925621 | 1 | 1.0
-0.03827293589711189 | 0 | 1.0
-0.034323547035455704 | 0 | 1.0
-0.03426653891801834 | 1 | 1.0
-0.0380999855697155 | 0 | 1.0
-0.038019873201847076 | 1 | 1.0
-0.04183167219161987 | 0 | 1.0
-0.04173101484775543 | 1 | 1.0
-0.04552341252565384 | 0 | 1.0
-0.04540421813726425 | 1 | 1.0
-0.049178946763277054 | 0 | 1.0
-0.04904273897409439 | 1 | 1.0
-0.05280107632279396 | 0 | 1.0
-0.05264892429113388 | 1 | 1.0
-0.056391723453998566 | 0 | 1.0
-0.056224290281534195 | 1 | 1.0
-0.05995199829339981 | 0 | 1.0
-0.05976954847574234 | 1 | 1.0
-0.06348223239183426 | 0 | 1.0
-0.06328465789556503 | 1 | 1.0
-0.06698200851678848 | 0 | 1.0
-0.0667688176035881 | 0 | 1.0
-0.07045014202594757 | 1 | 1.0
-0.07802478969097137 | 0 | 1.0
-0.08168899267911911 | 1 | 1.0
-0.08924930542707443 | 0 | 1.0
-0.0929015651345253 | 1 | 1.0
-0.1004524827003479 | 0 | 1.0
-0.10409761965274811 | 1 | 1.0
-0.11164377629756927 | 0 | 1.0
-0.11528638005256653 | 1 | 1.0
-0.12283224612474442 | 0 | 1.0
-0.12647677958011627 | 1 | 1.0
-0.13402676582336426 | 0 | 1.0
-0.13767766952514648 | 1 | 1.0
-0.14523625373840332 | 0 | 1.0
-0.14889809489250183 | 1 | 1.0
-0.15646985173225403 | 1 | 1.0
-0.16014739871025085 | 0 | 1.0
-0.15993304550647736 | 1 | 1.0
-0.163631409406662 | 0 | 1.0
-0.16343718767166138 | 1 | 1.0
-0.16715523600578308 | 0 | 1.0
-0.1669803261756897 | 1 | 1.0
-0.17071743309497833 | 0 | 1.0
-0.17056146264076233 | 1 | 1.0
-0.17431752383708954 | 0 | 1.0
-0.17418062686920166 | 1 | 1.0
-0.1779559850692749 | 0 | 1.0
-0.1778387576341629 | 1 | 1.0
-0.18163423240184784 | 0 | 1.0
-0.18153776228427887 | 1 | 1.0
-0.18535467982292175 | 0 | 1.0
-0.18528057634830475 | 1 | 1.0
-0.18912076950073242 | 1 | 1.0
-0.1890711635351181 | 0 | 1.0
-0.1851334422826767 | 1 | 1.0
-0.18511106073856354 | 0 | 1.0
-0.18119868636131287 | 1 | 1.0
-0.18120022118091583 | 0 | 1.0
-0.1773102581501007 | 1 | 1.0
-0.17733308672904968 | 0 | 1.0
-0.17346319556236267 | 1 | 1.0
-0.17350520193576813 | 0 | 1.0
-0.16965359449386597 | 1 | 1.0
-0.16971319913864136 | 0 | 1.0
-0.1658785343170166 | 1 | 1.0
-0.1659546196460724 | 0 | 1.0
-0.1621360182762146 | 1 | 1.0
-0.16222786903381348 | 1 | 1.0
-0.15842483937740326 | 0 | 1.0
-0.150727778673172 | 1 | 1.0
-0.14694026112556458 | 0 | 1.0
-0.1392553150653839 | 1 | 1.0
-0.13547693192958832 | 0 | 1.0
-0.1277979612350464 | 1 | 1.0
-0.12402263283729553 | 0 | 1.0
-0.11634374409914017 | 1 | 1.0
-0.1125655546784401 | 0 | 1.0
-0.10488089919090271 | 0 | 1.0
-0.10109393298625946 | 1 | 1.0
-0.10120213776826859 | 0 | 1.0
-0.09740033000707626 | 1 | 1.0
-0.09749392420053482 | 0 | 1.0
-0.09367760270833969 | 1 | 1.0
-0.09375671297311783 | 0 | 1.0
-0.0899258553981781 | 1 | 1.0
-0.08999025076627731 | 0 | 1.0
-0.08614443987607956 | 1 | 1.0
-0.08619353175163269 | 0 | 1.0
-0.08233200013637543 | 1 | 1.0
-0.08236481249332428 | 0 | 1.0
-0.07848639786243439 | 1 | 1.0
-0.07850155979394913 | 0 | 1.0
-0.07460471242666245 | 1 | 1.0
-0.07460042834281921 | 0 | 1.0
-0.07068314403295517 | 1 | 1.0
-0.0706571564078331 | 0 | 1.0
-0.06671694666147232 | 0 | 1.0
-0.06666649132966995 | 1 | 1.0
-0.07050388306379318 | 0 | 1.0
-0.07042558491230011 | 1 | 1.0
-0.07423669099807739 | 0 | 1.0
-0.07413320988416672 | 1 | 1.0
-0.07792030274868011 | 0 | 1.0
-0.07779364287853241 | 1 | 1.0
-0.08155838400125504 | 0 | 1.0
-0.08140992373228073 | 1 | 1.0
-0.08515338599681854 | 0 | 1.0
-0.08498396724462509 | 1 | 1.0
-0.08870668709278107 | 0 | 1.0
-0.08851658552885056 | 0 | 1.0
-0.09221857786178589 | 1 | 1.0
-0.0998116135597229 | 0 | 1.0
-0.10349234938621521 | 1 | 1.0
-0.11106721311807632 | 0 | 1.0
-0.11473233997821808 | 1 | 1.0
-0.1222943663597107 | 0 | 1.0
-0.12594905495643616 | 1 | 1.0
-0.13350319862365723 | 0 | 1.0
-0.13715234398841858 | 1 | 1.0
-0.14470329880714417 | 0 | 1.0
-0.1483515352010727 | 1 | 1.0
-0.1559039056301117 | 0 | 1.0
-0.1595558226108551 | 1 | 1.0
-0.16711412370204926 | 0 | 1.0
-0.17077435553073883 | 1 | 1.0
-0.17834323644638062 | 0 | 1.0
-0.1820165365934372 | 1 | 1.0
-0.1896008402109146 | 1 | 1.0
-0.19329221546649933 | 0 | 1.0
-0.19309312105178833 | 1 | 1.0
-0.19680801033973694 | 0 | 1.0
-0.19663195312023163 | 1 | 1.0
-0.20036961138248444 | 0 | 1.0
-0.200216144323349 | 1 | 1.0
-0.20397640764713287 | 0 | 1.0
-0.20384569466114044 | 1 | 1.0
-0.2076289802789688 | 0 | 1.0
-0.2075217366218567 | 1 | 1.0
-0.21132899820804596 | 0 | 1.0
-0.21124650537967682 | 1 | 1.0
-0.21507932245731354 | 1 | 1.0
-0.2150234878063202 | 0 | 1.0
-0.2110806405544281 | 1 | 1.0
-0.2110539972782135 | 0 | 1.0
-0.20713837444782257 | 1 | 1.0
-0.20713751018047333 | 0 | 1.0
-0.2032460868358612 | 1 | 1.0
-0.20326825976371765 | 0 | 1.0
-0.19939865171909332 | 1 | 1.0
-0.19944171607494354 | 0 | 1.0
-0.19559210538864136 | 1 | 1.0
-0.1956545114517212 | 0 | 1.0
-0.1918235868215561 | 1 | 1.0
-0.1919042468070984 | 0 | 1.0
-0.1880911886692047 | 1 | 1.0
-0.18818950653076172 | 1 | 1.0
-0.184393972158432 | 0 | 1.0
-0.1767054945230484 | 1 | 1.0
-0.17292757332324982 | 0 | 1.0
-0.1652533859014511 | 1 | 1.0
-0.1614869087934494 | 0 | 1.0
-0.1538211554288864 | 1 | 1.0
-0.15006032586097717 | 0 | 1.0
-0.14239735901355743 | 1 | 1.0
-0.13863658905029297 | 0 | 1.0
-0.13097092509269714 | 1 | 1.0
-0.12720470130443573 | 0 | 1.0
-0.11953088641166687 | 0 | 1.0
-0.11575362831354141 | 1 | 1.0
-0.11587046086788177 | 0 | 1.0
-0.11207637190818787 | 1 | 1.0
-0.11217672377824783 | 0 | 1.0
-0.10836636275053024 | 1 | 1.0
-0.10845056921243668 | 0 | 1.0
-0.10462406277656555 | 1 | 1.0
-0.10469203442335129 | 0 | 1.0
-0.10084910690784454 | 1 | 1.0
-0.10090035945177078 | 0 | 1.0
-0.0970403403043747 | 1 | 1.0
-0.09707397222518921 | 0 | 1.0
-0.09319575875997543 | 1 | 1.0
-0.09321042895317078 | 0 | 1.0
-0.08931248635053635 | 1 | 1.0
-0.08930641412734985 | 0 | 1.0
-0.0853867307305336 | 1 | 1.0
-0.08535762876272202 | 0 | 1.0
-0.08141367882490158 | 0 | 1.0
-0.08135870844125748 | 1 | 1.0
-0.0851907953619957 | 0 | 1.0
-0.0851065143942833 | 1 | 1.0
-0.08891076594591141 | 0 | 1.0
-0.08879969269037247 | 1 | 1.0
-0.09257823973894119 | 0 | 1.0
-0.09244219213724136 | 1 | 1.0
-0.0961964875459671 | 0 | 1.0
-0.0960366502404213 | 1 | 1.0
-0.0997675433754921 | 0 | 1.0
-0.09958448261022568 | 0 | 1.0
-0.10329221934080124 | 1 | 1.0
-0.11088975518941879 | 0 | 1.0
-0.11457398533821106 | 1 | 1.0
-0.1221511960029602 | 0 | 1.0
-0.1258176565170288 | 1 | 1.0
-0.13337993621826172 | 0 | 1.0
-0.13703389465808868 | 1 | 1.0
-0.1445862203836441 | 0 | 1.0
-0.14823253452777863 | 1 | 1.0
-0.1557796150445938 | 0 | 1.0
-0.1594228893518448 | 1 | 1.0
-0.1669692099094391 | 0 | 1.0
-0.17061395943164825 | 1 | 1.0
-0.17816393077373505 | 0 | 1.0
-0.18181461095809937 | 1 | 1.0
-0.189372718334198 | 0 | 1.0
-0.1930338740348816 | 1 | 1.0
-0.20060472190380096 | 0 | 1.0
-0.20428110659122467 | 1 | 1.0
-0.21186953783035278 | 1 | 1.0
-0.2155662477016449 | 0 | 1.0
-0.2153737097978592 | 1 | 1.0
-0.21909624338150024 | 0 | 1.0
-0.21892912685871124 | 1 | 1.0
-0.22267691791057587 | 0 | 1.0
-0.22253499925136566 | 1 | 1.0
-0.22630809247493744 | 0 | 1.0
-0.22619177401065826 | 1 | 1.0
-0.2299908697605133 | 0 | 1.0
-0.22990119457244873 | 1 | 1.0
-0.2337276190519333 | 1 | 1.0
-0.23366627097129822 | 0 | 1.0
-0.22971878945827484 | 1 | 1.0
-0.22968816757202148 | 0 | 1.0
-0.22576935589313507 | 1 | 1.0
-0.2257659137248993 | 0 | 1.0
-0.22187264263629913 | 1 | 1.0
-0.2218935638666153 | 0 | 1.0
-0.2180233895778656 | 1 | 1.0
-0.2180664986371994 | 0 | 1.0
-0.21421757340431213 | 1 | 1.0
-0.21428127586841583 | 0 | 1.0
-0.21045231819152832 | 1 | 1.0
-0.21053554117679596 | 0 | 1.0
-0.20672576129436493 | 1 | 1.0
-0.20682796835899353 | 1 | 1.0
-0.2030370533466339 | 0 | 1.0
-0.19535398483276367 | 1 | 1.0
-0.19158214330673218 | 0 | 1.0
-0.1839148849248886 | 1 | 1.0
-0.18015611171722412 | 0 | 1.0
-0.1724989265203476 | 1 | 1.0
-0.16874757409095764 | 0 | 1.0
-0.1610950529575348 | 1 | 1.0
-0.1573457419872284 | 0 | 1.0
-0.14969263970851898 | 1 | 1.0
-0.1459401249885559 | 0 | 1.0
-0.13828124105930328 | 1 | 1.0
-0.1345202624797821 | 0 | 1.0
-0.12685030698776245 | 0 | 1.0
-0.1230754554271698 | 1 | 1.0
-0.12319323420524597 | 0 | 1.0
-0.1193988174200058 | 1 | 1.0
-0.1194974035024643 | 0 | 1.0
-0.11568398773670197 | 1 | 1.0
-0.11576369404792786 | 0 | 1.0
-0.11193139106035233 | 1 | 1.0
-0.11199205368757248 | 0 | 1.0
-0.10814046859741211 | 1 | 1.0
-0.10818146169185638 | 0 | 1.0
-0.10430973023176193 | 1 | 1.0
-0.10432992875576019 | 0 | 1.0
-0.10043670982122421 | 1 | 1.0
-0.10043448209762573 | 0 | 1.0
-0.0965179055929184 | 1 | 1.0
-0.09649108350276947 | 0 | 1.0
-0.09254872798919678 | 0 | 1.0
-0.09249456226825714 | 1 | 1.0
-0.09632664173841476 | 0 | 1.0
-0.09624171257019043 | 1 | 1.0
-0.10004452615976334 | 0 | 1.0
-0.09993135929107666 | 1 | 1.0
-0.10370701551437378 | 0 | 1.0
-0.10356739908456802 | 1 | 1.0
-0.10731729865074158 | 0 | 1.0
-0.10715234279632568 | 1 | 1.0
-0.11087723821401596 | 0 | 1.0
-0.11068739742040634 | 0 | 1.0
-0.1143874004483223 | 1 | 1.0
-0.12197619676589966 | 0 | 1.0
-0.1256507933139801 | 1 | 1.0
-0.1332172453403473 | 0 | 1.0
-0.13687194883823395 | 1 | 1.0
-0.14442123472690582 | 0 | 1.0
-0.14806103706359863 | 1 | 1.0
-0.15559783577919006 | 0 | 1.0
-0.15922725200653076 | 1 | 1.0
-0.16675589978694916 | 0 | 1.0
-0.170379176735878 | 1 | 1.0
-0.17790374159812927 | 0 | 1.0
-0.18152490258216858 | 1 | 1.0
-0.18904931843280792 | 0 | 1.0
-0.1926722675561905 | 1 | 1.0
-0.2002004086971283 | 0 | 1.0
-0.2038290649652481 | 1 | 1.0
-0.21136486530303955 | 0 | 1.0
-0.21500322222709656 | 1 | 1.0
-0.22255071997642517 | 0 | 1.0
-0.22620300948619843 | 1 | 1.0
-0.23376649618148804 | 0 | 1.0
-0.2374371737241745 | 1 | 1.0
-0.2450212687253952 | 1 | 1.0
-0.24871522188186646 | 0 | 1.0
-0.24852152168750763 | 1 | 1.0
-0.25224414467811584 | 0 | 1.0
-0.25207868218421936 | 1 | 1.0
-0.255829393863678 | 0 | 1.0
-0.2556919753551483 | 1 | 1.0
-0.2594708800315857 | 0 | 1.0
-0.25936195254325867 | 1 | 1.0
-0.2631697952747345 | 0 | 1.0
-0.263090580701828 | 1 | 1.0
-0.26692891120910645 | 1 | 1.0
-0.2668812870979309 | 0 | 1.0
-0.26294949650764465 | 1 | 1.0
-0.26293617486953735 | 0 | 1.0
-0.2590368092060089 | 1 | 1.0
-0.25905466079711914 | 0 | 1.0
-0.2551850378513336 | 1 | 1.0
-0.25523170828819275 | 0 | 1.0
-0.2513899505138397 | 1 | 1.0
-0.2514638602733612 | 0 | 1.0
-0.24764876067638397 | 1 | 1.0
-0.24774901568889618 | 1 | 1.0
-0.24396005272865295 | 0 | 1.0
-0.2362828403711319 | 1 | 1.0
-0.232520192861557 | 0 | 1.0
-0.22486600279808044 | 1 | 1.0
-0.22112378478050232 | 0 | 1.0
-0.2134871482849121 | 1 | 1.0
-0.20976008474826813 | 0 | 1.0
-0.20213600993156433 | 1 | 1.0
-0.1984192281961441 | 0 | 1.0
-0.19080306589603424 | 1 | 1.0
-0.18709203600883484 | 0 | 1.0
-0.17947939038276672 | 1 | 1.0
-0.17576979100704193 | 0 | 1.0
-0.1681564301252365 | 1 | 1.0
-0.1644439846277237 | 0 | 1.0
-0.1568256914615631 | 1 | 1.0
-0.15310615301132202 | 0 | 1.0
-0.14547865092754364 | 1 | 1.0
-0.1417476236820221 | 0 | 1.0
-0.13410647213459015 | 1 | 1.0
-0.13035932183265686 | 0 | 1.0
-0.1226997897028923 | 0 | 1.0
-0.1189315915107727 | 1 | 1.0
-0.11905226856470108 | 0 | 1.0
-0.11525759100914001 | 1 | 1.0
-0.11535223573446274 | 0 | 1.0
-0.11153173446655273 | 1 | 1.0
-0.11160064488649368 | 0 | 1.0
-0.10775432735681534 | 1 | 1.0
-0.10779715329408646 | 0 | 1.0
-0.10392437875270844 | 1 | 1.0
-0.10394012928009033 | 0 | 1.0
-0.10003960877656937 | 1 | 1.0
-0.10002662241458893 | 0 | 1.0
-0.09609638899564743 | 0 | 1.0
-0.09605232626199722 | 1 | 1.0
-0.09989255666732788 | 0 | 1.0
-0.0998142883181572 | 1 | 1.0
-0.1036219522356987 | 0 | 1.0
-0.10351221263408661 | 1 | 1.0
-0.10728958249092102 | 0 | 1.0
-0.10715027898550034 | 1 | 1.0
-0.11089882999658585 | 0 | 1.0
-0.11073112487792969 | 1 | 1.0
-0.11445159465074539 | 0 | 1.0
-0.11425592005252838 | 0 | 1.0
-0.11794836074113846 | 1 | 1.0
-0.12552781403064728 | 0 | 1.0
-0.1291915476322174 | 1 | 1.0
-0.13674528896808624 | 0 | 1.0
-0.14038559794425964 | 1 | 1.0
-0.14791850745677948 | 0 | 1.0
-0.15154005587100983 | 1 | 1.0
-0.15905645489692688 | 0 | 1.0
-0.16266335546970367 | 1 | 1.0
-0.17016710340976715 | 0 | 1.0
-0.17376309633255005 | 1 | 1.0
-0.1812577098608017 | 0 | 1.0
-0.1848461627960205 | 1 | 1.0
-0.1923348754644394 | 0 | 1.0
-0.1959189474582672 | 1 | 1.0
-0.20340484380722046 | 0 | 1.0
-0.20698755979537964 | 1 | 1.0
-0.21447356045246124 | 0 | 1.0
-0.21805785596370697 | 1 | 1.0
-0.22554689645767212 | 0 | 1.0
-0.22913572192192078 | 1 | 1.0
-0.23663073778152466 | 0 | 1.0
-0.2402271032333374 | 1 | 1.0
-0.24773119390010834 | 0 | 1.0
-0.25133827328681946 | 1 | 1.0
-0.2588546574115753 | 0 | 1.0
-0.2624758183956146 | 1 | 1.0
-0.27000802755355835 | 0 | 1.0
-0.2736470103263855 | 1 | 1.0
-0.2811988890171051 | 0 | 1.0
-0.2848597764968872 | 1 | 1.0
-0.2924356162548065 | 0 | 1.0
-0.2961229979991913 | 1 | 1.0
-0.3037275969982147 | 1 | 1.0
-0.3074466586112976 | 0 | 1.0
-0.307282954454422 | 1 | 1.0
-0.31103959679603577 | 0 | 1.0
-0.3109133839607239 | 1 | 1.0
-0.3147077262401581 | 0 | 1.0
-0.31461969017982483 | 1 | 1.0
-0.31845277547836304 | 1 | 1.0
-0.3184044659137726 | 0 | 1.0
-0.31447654962539673 | 1 | 1.0
-0.3144705593585968 | 0 | 1.0
-0.31058305501937866 | 1 | 1.0
-0.3106163442134857 | 0 | 1.0
-0.3067668080329895 | 1 | 1.0
-0.3068373203277588 | 0 | 1.0
-0.3030242621898651 | 1 | 1.0
-0.3031308948993683 | 1 | 1.0
-0.2993537187576294 | 0 | 1.0
-0.2916938066482544 | 1 | 1.0
-0.28795289993286133 | 0 | 1.0
-0.28032606840133667 | 1 | 1.0
-0.2766159772872925 | 0 | 1.0
-0.2690173387527466 | 1 | 1.0
-0.26533347368240356 | 0 | 1.0
-0.25775885581970215 | 1 | 1.0
-0.2540973424911499 | 0 | 1.0
-0.24654319882392883 | 1 | 1.0
-0.24290072917938232 | 0 | 1.0
-0.23536410927772522 | 1 | 1.0
-0.2317379117012024 | 1 | 1.0
-0.2242162674665451 | 0 | 1.0
-0.21279948949813843 | 1 | 1.0
-0.205290749669075 | 0 | 1.0
-0.19388243556022644 | 1 | 1.0
-0.1863781362771988 | 0 | 1.0
-0.1749701052904129 | 1 | 1.0
-0.16746200621128082 | 0 | 1.0
-0.15604618191719055 | 0 | 1.0
-0.14852608740329742 | 1 | 1.0
-0.14489853382110596 | 0 | 1.0
-0.13735802471637726 | 1 | 1.0
-0.13370896875858307 | 0 | 1.0
-0.12614589929580688 | 1 | 1.0
-0.12247292697429657 | 0 | 1.0
-0.1148846447467804 | 1 | 1.0
-0.1111847534775734 | 0 | 1.0
-0.10356799513101578 | 1 | 1.0
-0.09983757883310318 | 0 | 1.0
-0.09218845516443253 | 0 | 1.0
-0.08842318505048752 | 1 | 1.0
-0.08853921294212341 | 0 | 1.0
-0.08473393321037292 | 1 | 1.0
-0.08481042087078094 | 0 | 1.0
-0.08096570521593094 | 1 | 1.0
-0.08100265264511108 | 0 | 1.0
-0.07711807638406754 | 1 | 1.0
-0.0771145150065422 | 0 | 1.0
-0.07318870723247528 | 0 | 1.0
-0.07314267009496689 | 1 | 1.0
-0.07697449624538422 | 0 | 1.0
-0.0768829733133316 | 1 | 1.0
-0.08067093044519424 | 0 | 1.0
-0.08053644746541977 | 1 | 1.0
-0.08428242057561874 | 0 | 1.0
-0.08410641551017761 | 0 | 1.0
-0.08781123161315918 | 1 | 1.0
-0.09539586305618286 | 0 | 1.0
-0.09905929863452911 | 1 | 1.0
-0.10660576820373535 | 0 | 1.0
-0.11023321002721786 | 1 | 1.0
-0.11774631589651108 | 0 | 1.0
-0.121342234313488 | 1 | 1.0
-0.12882593274116516 | 0 | 1.0
-0.132393941283226 | 0 | 1.0
-0.1398514062166214 | 1 | 1.0
-0.15119817852973938 | 0 | 1.0
-0.15863190591335297 | 1 | 1.0
-0.16995960474014282 | 0 | 1.0
-0.17737813293933868 | 1 | 1.0
-0.18869492411613464 | 0 | 1.0
-0.19610634446144104 | 1 | 1.0
-0.20742002129554749 | 0 | 1.0
-0.21483217179775238 | 1 | 1.0
-0.22615039348602295 | 0 | 1.0
-0.23357099294662476 | 1 | 1.0
Total reward: 500.0
3.1, 5.8, -3.2, 2.0, -4.3, 2.8, -3.7, 4.8, -2.5, -2.0
parameter ends

state | action | reward
[-0.05] | 1 | 1.0
-0.04877828061580658 | 0 | 1.0
-0.04479505494236946 | 1 | 1.0
-0.044711634516716 | 0 | 1.0
-0.040721382945775986 | 0 | 1.0
-0.040628883987665176 | 1 | 1.0
-0.0444321483373642 | 0 | 1.0
-0.04432639479637146 | 1 | 1.0
-0.04811761528253555 | 0 | 1.0
-0.048000846058130264 | 1 | 1.0
-0.05178208649158478 | 0 | 1.0
-0.05165623128414154 | 1 | 1.0
-0.055429279804229736 | 0 | 1.0
-0.05529601499438286 | 1 | 1.0
-0.05906243622303009 | 0 | 1.0
-0.058923233300447464 | 1 | 1.0
-0.06268440186977386 | 0 | 1.0
-0.06254056841135025 | 1 | 1.0
-0.06629771739244461 | 0 | 1.0
-0.06615041941404343 | 1 | 1.0
-0.06990465521812439 | 0 | 1.0
-0.06975496560335159 | 1 | 1.0
-0.07350730895996094 | 0 | 1.0
-0.07335622608661652 | 1 | 1.0
-0.07710765302181244 | 0 | 1.0
-0.07695610821247101 | 1 | 1.0
-0.08070755004882812 | 0 | 1.0
-0.0805564820766449 | 1 | 1.0
-0.08430884778499603 | 0 | 1.0
-0.08415917307138443 | 1 | 1.0
-0.0879134014248848 | 0 | 1.0
-0.08776607364416122 | 1 | 1.0
-0.09152312576770782 | 0 | 1.0
-0.09137912839651108 | 1 | 1.0
-0.09514003992080688 | 0 | 1.0
-0.09500043839216232 | 1 | 1.0
-0.09876630455255508 | 0 | 1.0
-0.09863227605819702 | 1 | 1.0
-0.10240431874990463 | 0 | 1.0
-0.10227714478969574 | 1 | 1.0
-0.10605672746896744 | 0 | 1.0
-0.10593784600496292 | 1 | 1.0
-0.10972649604082108 | 0 | 1.0
-0.10961754620075226 | 1 | 1.0
-0.11341699212789536 | 1 | 1.0
-0.11331984400749207 | 0 | 1.0
-0.10932755470275879 | 1 | 1.0
-0.10924434661865234 | 0 | 1.0
-0.10526373982429504 | 1 | 1.0
-0.10519023984670639 | 0 | 1.0
-0.10121729224920273 | 1 | 1.0
-0.10114957392215729 | 0 | 1.0
-0.09718048572540283 | 1 | 1.0
-0.09711480885744095 | 0 | 1.0
-0.09314592182636261 | 1 | 1.0
-0.09307865053415298 | 0 | 1.0
-0.08910637348890305 | 1 | 1.0
-0.08903387188911438 | 0 | 1.0
-0.08505455404520035 | 0 | 1.0
-0.08497309684753418 | 1 | 1.0
-0.08878757804632187 | 0 | 1.0
-0.0886932760477066 | 1 | 1.0
-0.09249626100063324 | 0 | 1.0
-0.09239162504673004 | 1 | 1.0
-0.09618547558784485 | 0 | 1.0
-0.0960727334022522 | 1 | 1.0
-0.09985953569412231 | 0 | 1.0
-0.09974069148302078 | 1 | 1.0
-0.10352233052253723 | 0 | 1.0
-0.10339920967817307 | 1 | 1.0
-0.10717743635177612 | 0 | 1.0
-0.10705171525478363 | 1 | 1.0
-0.11082816123962402 | 0 | 1.0
-0.11070144176483154 | 1 | 1.0
-0.11447767168283463 | 0 | 1.0
-0.11435151845216751 | 1 | 1.0
-0.11812907457351685 | 0 | 1.0
-0.11800502985715866 | 1 | 1.0
-0.1217854768037796 | 0 | 1.0
-0.12166512757539749 | 1 | 1.0
-0.12545007467269897 | 0 | 1.0
-0.12533508241176605 | 1 | 1.0
-0.12912623584270477 | 0 | 1.0
-0.12901835143566132 | 1 | 1.0
-0.13281753659248352 | 0 | 1.0
-0.13271871209144592 | 1 | 1.0
-0.13652795553207397 | 1 | 1.0
-0.13644030690193176 | 0 | 1.0
-0.13245728611946106 | 1 | 1.0
-0.13238319754600525 | 0 | 1.0
-0.12841162085533142 | 1 | 1.0
-0.12834711372852325 | 0 | 1.0
-0.12438317388296127 | 1 | 1.0
-0.12432453781366348 | 0 | 1.0
-0.12036465853452682 | 1 | 1.0
-0.12030838429927826 | 0 | 1.0
-0.11634914577007294 | 1 | 1.0
-0.1162918284535408 | 0 | 1.0
-0.112329863011837 | 1 | 1.0
-0.11226809769868851 | 0 | 1.0
-0.10830001533031464 | 0 | 1.0
-0.1082303524017334 | 1 | 1.0
-0.11205729097127914 | 0 | 1.0
-0.11197612434625626 | 1 | 1.0
-0.11579306423664093 | 0 | 1.0
-0.11570321023464203 | 1 | 1.0
-0.11951282620429993 | 0 | 1.0
-0.11941688507795334 | 1 | 1.0
-0.12322164326906204 | 0 | 1.0
-0.12312199920415878 | 1 | 1.0
-0.12692421674728394 | 0 | 1.0
-0.12682315707206726 | 1 | 1.0
-0.13062505424022675 | 0 | 1.0
-0.13052475452423096 | 1 | 1.0
-0.13432852923870087 | 0 | 1.0
-0.13423122465610504 | 1 | 1.0
-0.13803908228874207 | 0 | 1.0
-0.1379469931125641 | 1 | 1.0
-0.1417611986398697 | 0 | 1.0
-0.14167669415473938 | 1 | 1.0
-0.14549967646598816 | 1 | 1.0
-0.1454252451658249 | 0 | 1.0
-0.1414550095796585 | 1 | 1.0
-0.14139340817928314 | 0 | 1.0
-0.13743403553962708 | 1 | 1.0
-0.13738158345222473 | 0 | 1.0
-0.13342958688735962 | 1 | 1.0
-0.1333828866481781 | 0 | 1.0
-0.1294349879026413 | 1 | 1.0
-0.12939083576202393 | 0 | 1.0
-0.12544392049312592 | 1 | 1.0
-0.12539920210838318 | 0 | 1.0
-0.12145018577575684 | 1 | 1.0
-0.1214018315076828 | 0 | 1.0
-0.11744765192270279 | 1 | 1.0
-0.11739251762628555 | 0 | 1.0
-0.11343000829219818 | 0 | 1.0
-0.11336484551429749 | 1 | 1.0
-0.11719522625207901 | 0 | 1.0
-0.11711655557155609 | 1 | 1.0
-0.12093499302864075 | 0 | 1.0
-0.1208457425236702 | 1 | 1.0
-0.12465498596429825 | 0 | 1.0
-0.12455777078866959 | 1 | 1.0
-0.1283603012561798 | 0 | 1.0
-0.12825749814510345 | 1 | 1.0
-0.1320556104183197 | 0 | 1.0
-0.13194943964481354 | 1 | 1.0
-0.13574525713920593 | 0 | 1.0
-0.13563783466815948 | 1 | 1.0
-0.13943341374397278 | 0 | 1.0
-0.1393267810344696 | 1 | 1.0
-0.14312416315078735 | 0 | 1.0
-0.143020361661911 | 1 | 1.0
-0.14682158827781677 | 0 | 1.0
-0.1467227041721344 | 1 | 1.0
-0.1505298912525177 | 0 | 1.0
-0.1504381000995636 | 1 | 1.0
-0.1542534977197647 | 0 | 1.0
-0.15417112410068512 | 1 | 1.0
-0.15799714624881744 | 1 | 1.0
-0.1579267382621765 | 0 | 1.0
-0.15396155416965485 | 1 | 1.0
-0.15390591323375702 | 0 | 1.0
-0.14995358884334564 | 1 | 1.0
-0.14990919828414917 | 0 | 1.0
-0.14596641063690186 | 1 | 1.0
-0.14593003690242767 | 0 | 1.0
-0.1419937014579773 | 1 | 1.0
-0.14196236431598663 | 0 | 1.0
-0.13802963495254517 | 1 | 1.0
-0.13800053298473358 | 0 | 1.0
-0.13406865298748016 | 1 | 1.0
-0.134039044380188 | 0 | 1.0
-0.13010533154010773 | 1 | 1.0
-0.13007253408432007 | 0 | 1.0
-0.12613429129123688 | 1 | 1.0
-0.12609554827213287 | 0 | 1.0
-0.1221499815583229 | 1 | 1.0
-0.12210245430469513 | 0 | 1.0
-0.11814664304256439 | 0 | 1.0
-0.1180872768163681 | 1 | 1.0
-0.121922567486763 | 0 | 1.0
-0.12184804677963257 | 1 | 1.0
-0.12566983699798584 | 0 | 1.0
-0.125583216547966 | 1 | 1.0
-0.12939435243606567 | 0 | 1.0
-0.1292983442544937 | 1 | 1.0
-0.13310137391090393 | 0 | 1.0
-0.13299840688705444 | 1 | 1.0
-0.13679562509059906 | 0 | 1.0
-0.13668791949748993 | 1 | 1.0
-0.14048148691654205 | 0 | 1.0
-0.14037112891674042 | 1 | 1.0
-0.14416305720806122 | 0 | 1.0
-0.14405204355716705 | 1 | 1.0
-0.14784428477287292 | 0 | 1.0
-0.14773455262184143 | 1 | 1.0
-0.15152905881404877 | 0 | 1.0
-0.15142256021499634 | 1 | 1.0
-0.15522128343582153 | 0 | 1.0
-0.15512005984783173 | 1 | 1.0
-0.15892504155635834 | 0 | 1.0
-0.1588311791419983 | 1 | 1.0
-0.1626446396112442 | 0 | 1.0
-0.16256041824817657 | 1 | 1.0
-0.16638469696044922 | 1 | 1.0
-0.16631262004375458 | 0 | 1.0
-0.16234584152698517 | 1 | 1.0
-0.16228866577148438 | 0 | 1.0
-0.1583348512649536 | 1 | 1.0
-0.15828901529312134 | 0 | 1.0
-0.1543448120355606 | 1 | 1.0
-0.1543070375919342 | 0 | 1.0
-0.1503693163394928 | 1 | 1.0
-0.1503366082906723 | 0 | 1.0
-0.1464024931192398 | 1 | 1.0
-0.1463719755411148 | 0 | 1.0
-0.14243867993354797 | 1 | 1.0
-0.14240762591362 | 0 | 1.0
-0.13847240805625916 | 1 | 1.0
-0.13843807578086853 | 0 | 1.0
-0.1344982236623764 | 1 | 1.0
-0.13445782661437988 | 0 | 1.0
-0.13051050901412964 | 1 | 1.0
-0.13046114146709442 | 0 | 1.0
-0.12650339305400848 | 0 | 1.0
-0.12644197046756744 | 1 | 1.0
-0.13027507066726685 | 0 | 1.0
-0.13019824028015137 | 1 | 1.0
-0.13401757180690765 | 0 | 1.0
-0.1339283287525177 | 1 | 1.0
-0.13773664832115173 | 0 | 1.0
-0.13763763010501862 | 1 | 1.0
-0.14143742620944977 | 0 | 1.0
-0.1413310021162033 | 1 | 1.0
-0.14512450993061066 | 0 | 1.0
-0.14501281082630157 | 1 | 1.0
-0.14880208671092987 | 0 | 1.0
-0.14868712425231934 | 1 | 1.0
-0.15247409045696259 | 0 | 1.0
-0.15235772728919983 | 1 | 1.0
-0.15614420175552368 | 0 | 1.0
-0.15602827072143555 | 1 | 1.0
-0.15981608629226685 | 0 | 1.0
-0.1597023904323578 | 1 | 1.0
-0.163493350148201 | 0 | 1.0
-0.16338373720645905 | 1 | 1.0
-0.16717970371246338 | 0 | 1.0
-0.16707609593868256 | 1 | 1.0
-0.1708790510892868 | 0 | 1.0
-0.17078348994255066 | 1 | 1.0
-0.17459554970264435 | 0 | 1.0
-0.17451025545597076 | 1 | 1.0
-0.17833374440670013 | 1 | 1.0
-0.17826120555400848 | 0 | 1.0
-0.17429423332214355 | 1 | 1.0
-0.17423716187477112 | 0 | 1.0
-0.1702837496995926 | 1 | 1.0
-0.17023856937885284 | 0 | 1.0
-0.16629531979560852 | 1 | 1.0
-0.1662587970495224 | 0 | 1.0
-0.16232262551784515 | 1 | 1.0
-0.1622917652130127 | 0 | 1.0
-0.1583598107099533 | 1 | 1.0
-0.15833179652690887 | 0 | 1.0
-0.15440131723880768 | 1 | 1.0
-0.15437345206737518 | 0 | 1.0
-0.15044181048870087 | 1 | 1.0
-0.1504114270210266 | 0 | 1.0
-0.14647594094276428 | 1 | 1.0
-0.14644034206867218 | 0 | 1.0
-0.14249829947948456 | 1 | 1.0
-0.14245471358299255 | 0 | 1.0
-0.1385032683610916 | 0 | 1.0
-0.13844873011112213 | 1 | 1.0
-0.14228935539722443 | 0 | 1.0
-0.14222067594528198 | 1 | 1.0
-0.1460488736629486 | 0 | 1.0
-0.1459692269563675 | 1 | 1.0
-0.14978796243667603 | 0 | 1.0
-0.14970022439956665 | 1 | 1.0
-0.15351223945617676 | 0 | 1.0
-0.15341901779174805 | 1 | 1.0
-0.1572268307209015 | 0 | 1.0
-0.15713059902191162 | 1 | 1.0
-0.16093659400939941 | 0 | 1.0
-0.16083967685699463 | 1 | 1.0
-0.16464616358280182 | 0 | 1.0
-0.16455088555812836 | 1 | 1.0
-0.1683601438999176 | 0 | 1.0
-0.1682688295841217 | 1 | 1.0
-0.17208319902420044 | 0 | 1.0
-0.17199820280075073 | 1 | 1.0
-0.17582012712955475 | 0 | 1.0
-0.1757439821958542 | 1 | 1.0
-0.17957602441310883 | 1 | 1.0
-0.1795114427804947 | 0 | 1.0
-0.17555192112922668 | 1 | 1.0
-0.17550185322761536 | 0 | 1.0
-0.17155501246452332 | 1 | 1.0
-0.1715160608291626 | 0 | 1.0
-0.16757871210575104 | 1 | 1.0
-0.167547807097435 | 0 | 1.0
-0.16361699998378754 | 1 | 1.0
-0.16359129548072815 | 0 | 1.0
-0.1596643179655075 | 1 | 1.0
-0.15964113175868988 | 0 | 1.0
-0.15571539103984833 | 1 | 1.0
-0.15569216012954712 | 0 | 1.0
-0.15176509320735931 | 1 | 1.0
-0.15173925459384918 | 0 | 1.0
-0.14780832827091217 | 1 | 1.0
-0.14777733385562897 | 0 | 1.0
-0.14383994042873383 | 1 | 1.0
-0.14380109310150146 | 0 | 1.0
-0.13985450565814972 | 1 | 1.0
-0.13980497419834137 | 0 | 1.0
-0.13584625720977783 | 0 | 1.0
-0.13578298687934875 | 1 | 1.0
-0.1396133303642273 | 0 | 1.0
-0.1395329087972641 | 1 | 1.0
-0.14334772527217865 | 0 | 1.0
-0.14325310289859772 | 1 | 1.0
-0.14705508947372437 | 0 | 1.0
-0.14694878458976746 | 1 | 1.0
-0.15074026584625244 | 0 | 1.0
-0.15062448382377625 | 1 | 1.0
-0.15440751612186432 | 0 | 1.0
-0.15428419411182404 | 1 | 1.0
-0.15806059539318085 | 0 | 1.0
-0.15793146193027496 | 1 | 1.0
-0.16170285642147064 | 0 | 1.0
-0.16156946122646332 | 1 | 1.0
-0.16533733904361725 | 0 | 1.0
-0.1652011126279831 | 1 | 1.0
-0.16896682977676392 | 0 | 1.0
-0.16882911324501038 | 1 | 1.0
-0.17259399592876434 | 0 | 1.0
-0.1724560707807541 | 1 | 1.0
-0.17622138559818268 | 0 | 1.0
-0.1760845184326172 | 1 | 1.0
-0.1798515021800995 | 0 | 1.0
-0.17971697449684143 | 1 | 1.0
-0.1834869384765625 | 0 | 1.0
-0.18335604667663574 | 1 | 1.0
-0.18713033199310303 | 0 | 1.0
-0.1870044767856598 | 1 | 1.0
-0.1907845288515091 | 0 | 1.0
-0.19066521525382996 | 1 | 1.0
-0.19445258378982544 | 0 | 1.0
-0.19434146583080292 | 1 | 1.0
-0.19813787937164307 | 0 | 1.0
-0.1980367749929428 | 1 | 1.0
-0.20184418559074402 | 0 | 1.0
-0.20175515115261078 | 1 | 1.0
-0.20557571947574615 | 0 | 1.0
-0.20550110936164856 | 1 | 1.0
-0.20933730900287628 | 1 | 1.0
-0.20927977561950684 | 0 | 1.0
-0.2053302824497223 | 1 | 1.0
-0.20529292523860931 | 0 | 1.0
-0.20136183500289917 | 1 | 1.0
-0.20134148001670837 | 0 | 1.0
-0.1974259316921234 | 1 | 1.0
-0.1974198967218399 | 0 | 1.0
-0.19351743161678314 | 1 | 1.0
-0.19352345168590546 | 0 | 1.0
-0.18963195383548737 | 1 | 1.0
-0.18964804708957672 | 0 | 1.0
-0.18576574325561523 | 1 | 1.0
-0.18579022586345673 | 0 | 1.0
-0.1819155365228653 | 1 | 1.0
-0.18194697797298431 | 0 | 1.0
-0.17807859182357788 | 1 | 1.0
-0.17811572551727295 | 0 | 1.0
-0.174252450466156 | 1 | 1.0
-0.17429418861865997 | 0 | 1.0
-0.17043502628803253 | 1 | 1.0
-0.1704804003238678 | 0 | 1.0
-0.16662441194057465 | 1 | 1.0
-0.16667257249355316 | 0 | 1.0
-0.16281895339488983 | 1 | 1.0
-0.16286909580230713 | 0 | 1.0
-0.15901711583137512 | 1 | 1.0
-0.1590685397386551 | 0 | 1.0
-0.1552174836397171 | 1 | 1.0
-0.15526948869228363 | 0 | 1.0
-0.15141870081424713 | 1 | 1.0
-0.15147064626216888 | 0 | 1.0
-0.14761947095394135 | 1 | 1.0
-0.147670716047287 | 0 | 1.0
-0.14381849765777588 | 1 | 1.0
-0.1438683718442917 | 0 | 1.0
-0.1400144398212433 | 1 | 1.0
-0.14006225764751434 | 0 | 1.0
-0.13620592653751373 | 1 | 1.0
-0.13625095784664154 | 0 | 1.0
-0.13239145278930664 | 1 | 1.0
-0.13243292272090912 | 0 | 1.0
-0.12856942415237427 | 1 | 1.0
-0.12860643863677979 | 0 | 1.0
-0.12473803758621216 | 1 | 1.0
-0.12476964294910431 | 0 | 1.0
-0.12089531123638153 | 1 | 1.0
-0.12092040479183197 | 0 | 1.0
-0.11703897267580032 | 1 | 1.0
-0.11705631762742996 | 0 | 1.0
-0.11316646635532379 | 1 | 1.0
-0.11317463219165802 | 0 | 1.0
-0.10927484184503555 | 1 | 1.0
-0.10927218943834305 | 0 | 1.0
-0.1053607165813446 | 1 | 1.0
-0.10534536093473434 | 0 | 1.0
-0.10142017900943756 | 1 | 1.0
-0.10138994455337524 | 0 | 1.0
-0.09744872897863388 | 1 | 1.0
-0.09740107506513596 | 0 | 1.0
-0.09344112128019333 | 0 | 1.0
-0.0933731272816658 | 1 | 1.0
-0.09719521552324295 | 0 | 1.0
-0.09710346162319183 | 1 | 1.0
-0.10090333968400955 | 0 | 1.0
-0.10079054534435272 | 1 | 1.0
-0.10457059741020203 | 0 | 1.0
-0.104438915848732 | 1 | 1.0
-0.1082010269165039 | 0 | 1.0
-0.10805210471153259 | 1 | 1.0
-0.11179767549037933 | 0 | 1.0
-0.11163271963596344 | 1 | 1.0
-0.11536271870136261 | 0 | 1.0
-0.11518251895904541 | 1 | 1.0
-0.11889752000570297 | 0 | 1.0
-0.11870244890451431 | 1 | 1.0
-0.12240264564752579 | 0 | 1.0
-0.12219272553920746 | 0 | 1.0
-0.12587793171405792 | 1 | 1.0
-0.133457213640213 | 0 | 1.0
-0.1371268481016159 | 1 | 1.0
-0.14469364285469055 | 0 | 1.0
-0.1483534574508667 | 1 | 1.0
-0.15591324865818024 | 0 | 1.0
-0.1595686823129654 | 1 | 1.0
-0.16712674498558044 | 0 | 1.0
-0.17078304290771484 | 1 | 1.0
-0.17834454774856567 | 0 | 1.0
-0.18200691044330597 | 1 | 1.0
-0.18957704305648804 | 1 | 1.0
-0.19325074553489685 | 0 | 1.0
-0.19303041696548462 | 1 | 1.0
-0.19672100245952606 | 0 | 1.0
-0.19651705026626587 | 1 | 1.0
-0.2002236694097519 | 0 | 1.0
-0.2000354826450348 | 1 | 1.0
-0.20375773310661316 | 0 | 1.0
-0.20358511805534363 | 1 | 1.0
-0.20732298493385315 | 0 | 1.0
-0.2071661353111267 | 1 | 1.0
-0.21091999113559723 | 0 | 1.0
-0.21077948808670044 | 1 | 1.0
-0.21455012261867523 | 0 | 1.0
-0.21442696452140808 | 1 | 1.0
-0.21821554005146027 | 0 | 1.0
-0.21811114251613617 | 1 | 1.0
-0.22191928327083588 | 0 | 1.0
-0.22183549404144287 | 1 | 1.0
-0.22566530108451843 | 1 | 1.0
-0.22560447454452515 | 0 | 1.0
-0.22165481746196747 | 1 | 1.0
-0.2216198891401291 | 0 | 1.0
-0.21769429743289948 | 1 | 1.0
-0.2176821082830429 | 0 | 1.0
-0.2137778103351593 | 1 | 1.0
-0.2137858122587204 | 0 | 1.0
-0.20990057289600372 | 1 | 1.0
-0.2099267542362213 | 0 | 1.0
-0.2060588151216507 | 1 | 1.0
-0.206101655960083 | 0 | 1.0
-0.20224975049495697 | 1 | 1.0
-0.20230814814567566 | 0 | 1.0
-0.19847139716148376 | 1 | 1.0
-0.1985446810722351 | 0 | 1.0
-0.19472260773181915 | 1 | 1.0
-0.19481046497821808 | 1 | 1.0
-0.1910029649734497 | 0 | 1.0
-0.18330101668834686 | 1 | 1.0
-0.17950834333896637 | 0 | 1.0
-0.17181801795959473 | 1 | 1.0
-0.1680341362953186 | 0 | 1.0
-0.16034960746765137 | 1 | 1.0
-0.1565687358379364 | 0 | 1.0
-0.14888440072536469 | 1 | 1.0
-0.1451009213924408 | 0 | 1.0
-0.1374112367630005 | 1 | 1.0
-0.13361956179141998 | 0 | 1.0
-0.125918909907341 | 0 | 1.0
-0.12211328744888306 | 1 | 1.0
-0.1222001239657402 | 0 | 1.0
-0.1183745339512825 | 1 | 1.0
-0.11844159662723541 | 0 | 1.0
Total reward: 500.0
3.1, 5.8, -3.2, 2.0, -4.3, 2.8, -3.7, 4.8, -2.5, -2.0
parameter ends

state | action | reward
[0.02] | 1 | 1.0
0.024780938401818275 | 0 | 1.0
0.028810586780309677 | 1 | 1.0
0.028944578021764755 | 0 | 1.0
0.032989148050546646 | 1 | 1.0
0.03313993662595749 | 0 | 1.0
0.03720307722687721 | 0 | 1.0
0.037374548614025116 | 1 | 1.0
0.03365650400519371 | 0 | 1.0
0.03385300934314728 | 1 | 1.0
0.030158966779708862 | 0 | 1.0
0.030378757044672966 | 1 | 1.0
0.026707302778959274 | 0 | 1.0
0.026949234306812286 | 1 | 1.0
0.02329953759908676 | 0 | 1.0
0.02356303296983242 | 1 | 1.0
0.019934814423322678 | 0 | 1.0
0.020219847559928894 | 1 | 1.0
0.016613367944955826 | 0 | 1.0
0.01692044734954834 | 0 | 1.0
0.01333651039749384 | 1 | 1.0
0.005862851161509752 | 0 | 1.0
0.002302825916558504 | 1 | 1.0
-0.0051495530642569065 | 0 | 1.0
-0.008690395392477512 | 1 | 1.0
-0.016125885769724846 | 0 | 1.0
-0.01965174451470375 | 1 | 1.0
-0.02707427740097046 | 0 | 1.0
-0.030588921159505844 | 1 | 1.0
-0.03800206258893013 | 0 | 1.0
-0.04150893911719322 | 1 | 1.0
-0.04891597852110863 | 0 | 1.0
-0.052418291568756104 | 1 | 1.0
-0.05982233211398125 | 0 | 1.0
-0.06332314014434814 | 1 | 1.0
-0.0707271620631218 | 0 | 1.0
-0.07422943413257599 | 1 | 1.0
-0.08163639903068542 | 0 | 1.0
-0.08514311909675598 | 1 | 1.0
-0.09255600720643997 | 0 | 1.0
-0.09607021510601044 | 1 | 1.0
-0.1034921258687973 | 0 | 1.0
-0.10701701790094376 | 1 | 1.0
-0.11445123702287674 | 0 | 1.0
-0.11799024045467377 | 1 | 1.0
-0.12544028460979462 | 0 | 1.0
-0.12899714708328247 | 1 | 1.0
-0.13646692037582397 | 1 | 1.0
-0.14004573225975037 | 0 | 1.0
-0.1397358626127243 | 1 | 1.0
-0.1433412879705429 | 0 | 1.0
-0.14305715262889862 | 1 | 1.0
-0.14668774604797363 | 0 | 1.0
-0.14642827212810516 | 1 | 1.0
-0.1500832438468933 | 0 | 1.0
-0.14984796941280365 | 1 | 1.0
-0.153527170419693 | 0 | 1.0
-0.15331627428531647 | 1 | 1.0
-0.15702012181282043 | 0 | 1.0
-0.15683436393737793 | 1 | 1.0
-0.16056391596794128 | 1 | 1.0
-0.16040468215942383 | 0 | 1.0
-0.15635819733142853 | 1 | 1.0
-0.15622754395008087 | 0 | 1.0
-0.1522073745727539 | 1 | 1.0
-0.15210138261318207 | 0 | 1.0
-0.1481039971113205 | 1 | 1.0
-0.14801937341690063 | 0 | 1.0
-0.14404185116291046 | 1 | 1.0
-0.1439758986234665 | 0 | 1.0
-0.14001582562923431 | 1 | 1.0
-0.13996635377407074 | 0 | 1.0
-0.13602176308631897 | 1 | 1.0
-0.13598701357841492 | 0 | 1.0
-0.1320563703775406 | 1 | 1.0
-0.13203497231006622 | 0 | 1.0
-0.12811711430549622 | 1 | 1.0
-0.12810805439949036 | 0 | 1.0
-0.12420213967561722 | 1 | 1.0
-0.12420471757650375 | 1 | 1.0
-0.1203102171421051 | 0 | 1.0
-0.11251944303512573 | 1 | 1.0
-0.10863612592220306 | 0 | 1.0
-0.10085306316614151 | 1 | 1.0
-0.09697429090738297 | 0 | 1.0
-0.08919250220060349 | 1 | 1.0
-0.08531183004379272 | 0 | 1.0
-0.07752498239278793 | 0 | 1.0
-0.073635995388031 | 1 | 1.0
-0.07364224642515182 | 0 | 1.0
-0.06973841786384583 | 1 | 1.0
-0.06972979754209518 | 0 | 1.0
-0.06581097096204758 | 1 | 1.0
-0.06578714400529861 | 0 | 1.0
-0.061852823942899704 | 1 | 1.0
-0.06181306764483452 | 0 | 1.0
-0.05786234885454178 | 1 | 1.0
-0.057805564254522324 | 0 | 1.0
-0.05383715406060219 | 1 | 1.0
-0.05376182124018669 | 0 | 1.0
-0.04977399855852127 | 1 | 1.0
-0.04967815801501274 | 0 | 1.0
-0.045668747276067734 | 1 | 1.0
-0.045549940317869186 | 0 | 1.0
-0.0415162555873394 | 0 | 1.0
-0.04137149080634117 | 1 | 1.0
-0.04511365666985512 | 0 | 1.0
-0.0449393168091774 | 1 | 1.0
-0.04865330457687378 | 0 | 1.0
-0.0484517477452755 | 1 | 1.0
-0.052139513194561005 | 0 | 1.0
-0.05191238597035408 | 1 | 1.0
-0.055575206875801086 | 0 | 1.0
-0.05532350018620491 | 1 | 1.0
-0.05896202474832535 | 0 | 1.0
-0.05868609994649887 | 1 | 1.0
-0.06230035424232483 | 0 | 1.0
-0.06199996918439865 | 0 | 1.0
-0.06558937579393387 | 1 | 1.0
-0.0730673223733902 | 0 | 1.0
-0.07663067430257797 | 1 | 1.0
-0.08408527821302414 | 0 | 1.0
-0.08762741833925247 | 1 | 1.0
-0.09506314992904663 | 0 | 1.0
-0.09858832508325577 | 1 | 1.0
-0.10600914806127548 | 0 | 1.0
-0.10952113568782806 | 1 | 1.0
-0.11693058907985687 | 0 | 1.0
-0.1204327866435051 | 1 | 1.0
-0.12783409655094147 | 0 | 1.0
-0.13132962584495544 | 1 | 1.0
-0.13872577250003815 | 0 | 1.0
-0.14221754670143127 | 1 | 1.0
-0.14961133897304535 | 0 | 1.0
-0.1531021147966385 | 1 | 1.0
-0.1604962944984436 | 0 | 1.0
-0.16398881375789642 | 1 | 1.0
-0.17138604819774628 | 0 | 1.0
-0.17488302290439606 | 1 | 1.0
-0.1822860985994339 | 0 | 1.0
-0.18579033017158508 | 1 | 1.0
-0.19320206344127655 | 0 | 1.0
-0.1967165172100067 | 1 | 1.0
-0.20413996279239655 | 0 | 1.0
-0.2076677829027176 | 1 | 1.0
-0.21510620415210724 | 0 | 1.0
-0.21865086257457733 | 1 | 1.0
-0.2261078804731369 | 0 | 1.0
-0.22967322170734406 | 1 | 1.0
-0.2371528297662735 | 0 | 1.0
-0.24074314534664154 | 1 | 1.0
-0.2482498735189438 | 1 | 1.0
-0.2518700063228607 | 0 | 1.0
-0.25160619616508484 | 1 | 1.0
-0.25526171922683716 | 0 | 1.0
-0.2550329864025116 | 1 | 1.0
-0.25872358679771423 | 0 | 1.0
-0.2585301399230957 | 1 | 1.0
-0.2622564136981964 | 0 | 1.0
-0.26209932565689087 | 1 | 1.0
-0.26586270332336426 | 1 | 1.0
-0.2657439112663269 | 0 | 1.0
-0.26174482703208923 | 1 | 1.0
-0.26166728138923645 | 0 | 1.0
-0.2577076852321625 | 1 | 1.0
-0.2576686143875122 | 0 | 1.0
-0.2537463903427124 | 1 | 1.0
-0.2537440061569214 | 1 | 1.0
-0.24985787272453308 | 0 | 1.0
-0.24208883941173553 | 1 | 1.0
-0.23823854327201843 | 0 | 1.0
-0.23050183057785034 | 1 | 1.0
-0.22668129205703735 | 0 | 1.0
-0.2189713418483734 | 1 | 1.0
-0.2151753008365631 | 0 | 1.0
-0.20748727023601532 | 1 | 1.0
-0.20371113717556 | 0 | 1.0
-0.1960407793521881 | 1 | 1.0
-0.19228048622608185 | 0 | 1.0
-0.18462403118610382 | 1 | 1.0
-0.1808759719133377 | 0 | 1.0
-0.17323003709316254 | 1 | 1.0
-0.1694909781217575 | 0 | 1.0
-0.16185244917869568 | 1 | 1.0
-0.15811938047409058 | 0 | 1.0
-0.15048542618751526 | 1 | 1.0
-0.14675556123256683 | 0 | 1.0
-0.13912342488765717 | 1 | 1.0
-0.13539408147335052 | 0 | 1.0
-0.12776115536689758 | 1 | 1.0
-0.12402969598770142 | 0 | 1.0
-0.11639333516359329 | 1 | 1.0
-0.1126570925116539 | 0 | 1.0
-0.1050146296620369 | 1 | 1.0
-0.10127086937427521 | 0 | 1.0
-0.09361950308084488 | 1 | 1.0
-0.08986532688140869 | 0 | 1.0
-0.08220206946134567 | 1 | 1.0
-0.07843435555696487 | 0 | 1.0
-0.0707559809088707 | 1 | 1.0
-0.0669713169336319 | 0 | 1.0
-0.059274256229400635 | 1 | 1.0
-0.055468834936618805 | 0 | 1.0
-0.0477491095662117 | 1 | 1.0
-0.0439186729490757 | 0 | 1.0
-0.0361718125641346 | 1 | 1.0
-0.032311540096998215 | 0 | 1.0
-0.024532480165362358 | 0 | 1.0
-0.02063688077032566 | 1 | 1.0
-0.02062181755900383 | 0 | 1.0
-0.01668458990752697 | 1 | 1.0
-0.016627687960863113 | 0 | 1.0
-0.012648217380046844 | 1 | 1.0
-0.012548277154564857 | 0 | 1.0
-0.008524926379323006 | 0 | 1.0
-0.008379700593650341 | 1 | 1.0
-0.012110530398786068 | 0 | 1.0
-0.011916643008589745 | 1 | 1.0
-0.01560020912438631 | 0 | 1.0
-0.015359751880168915 | 1 | 1.0
-0.018997449427843094 | 0 | 1.0
-0.01871134527027607 | 0 | 1.0
-0.02230343222618103 | 1 | 1.0
-0.02977246791124344 | 0 | 1.0
-0.033318035304546356 | 1 | 1.0
-0.040743377059698105 | 0 | 1.0
-0.044247012585401535 | 1 | 1.0
-0.051632579416036606 | 0 | 1.0
-0.055097796022892 | 0 | 1.0
-0.06244650483131409 | 1 | 1.0
-0.0736784040927887 | 0 | 1.0
-0.0809921994805336 | 1 | 1.0
-0.0921936184167862 | 0 | 1.0
-0.09948024153709412 | 1 | 1.0
-0.11065839231014252 | 0 | 1.0
-0.11792483925819397 | 1 | 1.0
-0.12908630073070526 | 0 | 1.0
-0.1363389939069748 | 1 | 1.0
-0.14748987555503845 | 0 | 1.0
-0.15473483502864838 | 1 | 1.0
-0.16588094830513 | 0 | 1.0
-0.17312392592430115 | 1 | 1.0
-0.18427085876464844 | 0 | 1.0
-0.19151747226715088 | 1 | 1.0
-0.20267081260681152 | 0 | 1.0
-0.20992670953273773 | 1 | 1.0
-0.221092090010643 | 0 | 1.0
-0.2283630669116974 | 1 | 1.0
-0.23954635858535767 | 0 | 1.0
-0.2468384951353073 | 1 | 1.0
-0.25804591178894043 | 0 | 1.0
-0.26536571979522705 | 1 | 1.0
-0.27660393714904785 | 1 | 1.0
-0.2839585542678833 | 0 | 1.0
-0.28743302822113037 | 1 | 1.0
-0.294830322265625 | 0 | 1.0
-0.2983485758304596 | 1 | 1.0
-0.3057906925678253 | 0 | 1.0
-0.3093554973602295 | 1 | 1.0
-0.31684571504592896 | 1 | 1.0
-0.3204609751701355 | 0 | 1.0
-0.3202040195465088 | 1 | 1.0
-0.3238748610019684 | 0 | 1.0
-0.32367315888404846 | 1 | 1.0
-0.3273994028568268 | 1 | 1.0
-0.3272536098957062 | 0 | 1.0
-0.32323741912841797 | 1 | 1.0
-0.32314953207969666 | 0 | 1.0
-0.319189190864563 | 1 | 1.0
-0.31915605068206787 | 0 | 1.0
-0.31524914503097534 | 1 | 1.0
-0.31526896357536316 | 1 | 1.0
-0.31141453981399536 | 0 | 1.0
-0.3036869168281555 | 1 | 1.0
-0.29988527297973633 | 0 | 1.0
-0.2922073304653168 | 1 | 1.0
-0.28845348954200745 | 1 | 1.0
-0.28082096576690674 | 0 | 1.0
-0.2693096697330475 | 1 | 1.0
-0.2617194950580597 | 0 | 1.0
-0.25024548172950745 | 1 | 1.0
-0.2426890730857849 | 0 | 1.0
-0.23124438524246216 | 1 | 1.0
-0.2237139344215393 | 0 | 1.0
-0.21229131519794464 | 1 | 1.0
-0.20477981865406036 | 0 | 1.0
-0.19337262213230133 | 1 | 1.0
-0.18587353825569153 | 0 | 1.0
-0.1744755655527115 | 1 | 1.0
-0.16698279976844788 | 0 | 1.0
-0.15558812022209167 | 1 | 1.0
-0.1480957716703415 | 0 | 1.0
-0.1366986185312271 | 1 | 1.0
-0.12920089066028595 | 0 | 1.0
-0.11779551208019257 | 1 | 1.0
-0.11028654873371124 | 0 | 1.0
-0.09886705875396729 | 1 | 1.0
-0.09134078770875931 | 0 | 1.0
-0.0799010619521141 | 1 | 1.0
-0.07235108315944672 | 0 | 1.0
-0.06088457256555557 | 1 | 1.0
-0.053304001688957214 | 0 | 1.0
-0.04180365055799484 | 0 | 1.0
-0.03418496996164322 | 1 | 1.0
-0.030444318428635597 | 0 | 1.0
-0.022779161110520363 | 1 | 1.0
-0.01899058185517788 | 0 | 1.0
-0.01127619482576847 | 0 | 1.0
-0.007436250802129507 | 1 | 1.0
-0.007468177936971188 | 0 | 1.0
-0.0035721727181226015 | 1 | 1.0
-0.0035485918633639812 | 0 | 1.0
0.00040288185118697584 | 1 | 1.0
0.0004821928741876036 | 0 | 1.0
0.004489893093705177 | 0 | 1.0
0.004626503214240074 | 1 | 1.0
0.0008940474945120513 | 0 | 1.0
0.0010909658158198 | 1 | 1.0
-0.0025827004574239254 | 0 | 1.0
-0.0023276202846318483 | 0 | 1.0
-0.005943761672824621 | 1 | 1.0
-0.013430099934339523 | 0 | 1.0
-0.01698850467801094 | 1 | 1.0
-0.02442031353712082 | 0 | 1.0
-0.027925973758101463 | 1 | 1.0
-0.035307396203279495 | 0 | 1.0
-0.03876397758722305 | 0 | 1.0
-0.04609791934490204 | 1 | 1.0
-0.05730884149670601 | 0 | 1.0
-0.06459696590900421 | 1 | 1.0
-0.07576637715101242 | 0 | 1.0
-0.08301586657762527 | 1 | 1.0
-0.09415026754140854 | 0 | 1.0
-0.10136730223894119 | 0 | 1.0
-0.1124722957611084 | 1 | 1.0
-0.12746581435203552 | 0 | 1.0
-0.13854621350765228 | 1 | 1.0
-0.15352104604244232 | 0 | 1.0
-0.16458770632743835 | 1 | 1.0
-0.17955423891544342 | 0 | 1.0
-0.19061754643917084 | 1 | 1.0
-0.20558585226535797 | 0 | 1.0
-0.21665601432323456 | 1 | 1.0
-0.23163610696792603 | 1 | 1.0
-0.24272334575653076 | 0 | 1.0
-0.24992163479328156 | 1 | 1.0
-0.2610364556312561 | 0 | 1.0
-0.26826468110084534 | 1 | 1.0
-0.2794114649295807 | 0 | 1.0
-0.2866744101047516 | 1 | 1.0
-0.29785826802253723 | 0 | 1.0
-0.3051614761352539 | 1 | 1.0
-0.3163882791996002 | 1 | 1.0
-0.3237382769584656 | 0 | 1.0
-0.32721495628356934 | 1 | 1.0
-0.3346192538738251 | 0 | 1.0
-0.33815133571624756 | 1 | 1.0
-0.3456120789051056 | 1 | 1.0
-0.34920254349708557 | 0 | 1.0
-0.34892523288726807 | 1 | 1.0
-0.35257843136787415 | 0 | 1.0
-0.3523632287979126 | 1 | 1.0
-0.35607850551605225 | 1 | 1.0
-0.35592561960220337 | 0 | 1.0
-0.3519061803817749 | 1 | 1.0
-0.35181742906570435 | 0 | 1.0
-0.34785985946655273 | 1 | 1.0
-0.34783196449279785 | 0 | 1.0
-0.34393399953842163 | 1 | 1.0
-0.34396520256996155 | 1 | 1.0
-0.3401259779930115 | 0 | 1.0
-0.33241745829582214 | 1 | 1.0
-0.32863757014274597 | 0 | 1.0
-0.32098549604415894 | 1 | 1.0
-0.3172604739665985 | 1 | 1.0
-0.3096611499786377 | 0 | 1.0
-0.2981877028942108 | 1 | 1.0
-0.29063886404037476 | 0 | 1.0
-0.27921125292778015 | 1 | 1.0
-0.2717052400112152 | 0 | 1.0
-0.26031652092933655 | 1 | 1.0
-0.25284677743911743 | 1 | 1.0
-0.24149100482463837 | 0 | 1.0
-0.2262485772371292 | 1 | 1.0
-0.21492071449756622 | 0 | 1.0
-0.19970010221004486 | 1 | 1.0
-0.1883891224861145 | 0 | 1.0
-0.17317982017993927 | 1 | 1.0
-0.16187523305416107 | 0 | 1.0
-0.14666710793972015 | 1 | 1.0
-0.13535866141319275 | 0 | 1.0
-0.12014171481132507 | 1 | 1.0
-0.10881921648979187 | 0 | 1.0
-0.09358339011669159 | 0 | 1.0
-0.08223647624254227 | 1 | 1.0
-0.07477432489395142 | 0 | 1.0
-0.06339216977357864 | 1 | 1.0
-0.05589212849736214 | 0 | 1.0
-0.044469840824604034 | 1 | 1.0
-0.03692648932337761 | 0 | 1.0
-0.0254583191126585 | 0 | 1.0
-0.017865275964140892 | 1 | 1.0
-0.014143814332783222 | 0 | 1.0
-0.006493551656603813 | 1 | 1.0
-0.0027137272991240025 | 0 | 1.0
0.004995967261493206 | 0 | 1.0
0.008837214671075344 | 1 | 1.0
0.00881264265626669 | 0 | 1.0
0.012719888240098953 | 1 | 1.0
0.012760800309479237 | 0 | 1.0
0.01673359051346779 | 0 | 1.0
0.016840510070323944 | 1 | 1.0
0.01308333221822977 | 0 | 1.0
0.013258450664579868 | 1 | 1.0
0.009567514061927795 | 0 | 1.0
0.009808080270886421 | 0 | 1.0
0.0061816442757844925 | 1 | 1.0
-0.001310875522904098 | 0 | 1.0
-0.004872903227806091 | 1 | 1.0
-0.012304392643272877 | 0 | 1.0
-0.0158071368932724 | 0 | 1.0
-0.023181764408946037 | 1 | 1.0
-0.03442828729748726 | 0 | 1.0
-0.041748762130737305 | 1 | 1.0
-0.052946072071790695 | 0 | 1.0
-0.060220398008823395 | 1 | 1.0
-0.07137568295001984 | 0 | 1.0
-0.07861071079969406 | 1 | 1.0
-0.08973012864589691 | 0 | 1.0
-0.09693168103694916 | 0 | 1.0
-0.10802048444747925 | 1 | 1.0
-0.1229969784617424 | 0 | 1.0
-0.1340595930814743 | 1 | 1.0
-0.1490156203508377 | 0 | 1.0
-0.16006246209144592 | 1 | 1.0
-0.17500798404216766 | 0 | 1.0
-0.1860489845275879 | 1 | 1.0
-0.2009935826063156 | 0 | 1.0
-0.21203845739364624 | 1 | 1.0
-0.22699160873889923 | 0 | 1.0
-0.2380499690771103 | 1 | 1.0
-0.253021240234375 | 1 | 1.0
-0.2641029357910156 | 0 | 1.0
-0.27129900455474854 | 1 | 1.0
-0.2824143171310425 | 0 | 1.0
-0.28964629769325256 | 1 | 1.0
-0.30079948902130127 | 0 | 1.0
-0.30807217955589294 | 1 | 1.0
-0.3192684054374695 | 0 | 1.0
-0.3265875279903412 | 1 | 1.0
-0.33783283829689026 | 1 | 1.0
-0.3452051281929016 | 0 | 1.0
-0.3487080931663513 | 1 | 1.0
-0.35614150762557983 | 0 | 1.0
-0.3597070574760437 | 1 | 1.0
-0.36720430850982666 | 1 | 1.0
-0.370836079120636 | 0 | 1.0
-0.37060537934303284 | 1 | 1.0
-0.37430864572525024 | 1 | 1.0
-0.3741493821144104 | 0 | 1.0
-0.37012913823127747 | 1 | 1.0
-0.3700428903102875 | 0 | 1.0
-0.36609330773353577 | 1 | 1.0
-0.366076797246933 | 1 | 1.0
-0.3621957302093506 | 0 | 1.0
-0.35445091128349304 | 1 | 1.0
-0.35063791275024414 | 0 | 1.0
-0.34295758605003357 | 1 | 1.0
-0.339207261800766 | 1 | 1.0
-0.3315870463848114 | 0 | 1.0
-0.32009685039520264 | 1 | 1.0
-0.3125339448451996 | 0 | 1.0
-0.3010960519313812 | 1 | 1.0
-0.29358240962028503 | 0 | 1.0
-0.28218960762023926 | 1 | 1.0
-0.27471840381622314 | 1 | 1.0
-0.26336464285850525 | 0 | 1.0
-0.24812762439250946 | 1 | 1.0
-0.23680785298347473 | 0 | 1.0
-0.22159868478775024 | 1 | 1.0
-0.21030203998088837 | 0 | 1.0
-0.19511044025421143 | 1 | 1.0
-0.1838267296552658 | 0 | 1.0
-0.16864293813705444 | 1 | 1.0
-0.15736234188079834 | 0 | 1.0
-0.14217685163021088 | 1 | 1.0
-0.13088977336883545 | 0 | 1.0
-0.11569315195083618 | 1 | 1.0
-0.1043899729847908 | 0 | 1.0
-0.08917268365621567 | 0 | 1.0
-0.07784352451562881 | 1 | 1.0
-0.07039844989776611 | 0 | 1.0
-0.059032950550317764 | 1 | 1.0
-0.05154912546277046 | 0 | 1.0
-0.04014281928539276 | 1 | 1.0
-0.03261522948741913 | 0 | 1.0
-0.02116275765001774 | 0 | 1.0
-0.013585416600108147 | 1 | 1.0
-0.009879793971776962 | 0 | 1.0
-0.002245550509542227 | 1 | 1.0
Total reward: 500.0
3.1, 5.8, -3.2, 2.0, -4.3, 2.8, -3.7, 4.8, -2.5, -2.0
parameter ends

state | action | reward
[-0.01] | 1 | 1.0
-0.00803987868130207 | 0 | 1.0
-0.0044387695379555225 | 1 | 1.0
-0.00473937438800931 | 0 | 1.0
-0.001135271042585373 | 1 | 1.0
-0.0014314277796074748 | 0 | 1.0
0.002178558614104986 | 1 | 1.0
0.0018898008856922388 | 0 | 1.0
0.005508669186383486 | 1 | 1.0
0.005230408627539873 | 0 | 1.0
0.008861337788403034 | 1 | 1.0
0.00859689712524414 | 0 | 1.0
0.01224332395941019 | 0 | 1.0
0.01199632603675127 | 1 | 1.0
0.007857932709157467 | 0 | 1.0
0.0076323989778757095 | 1 | 1.0
0.0035142318811267614 | 0 | 1.0
0.0033079893328249454 | 1 | 1.0
-0.0007918374030850828 | 0 | 1.0
-0.000980451935902238 | 1 | 1.0
-0.005063345190137625 | 0 | 1.0
-0.0052355313673615456 | 1 | 1.0
-0.009302458725869656 | 0 | 1.0
-0.009458987973630428 | 1 | 1.0
-0.013510504737496376 | 0 | 1.0
-0.013651746325194836 | 1 | 1.0
-0.01768801547586918 | 0 | 1.0
-0.017813948914408684 | 1 | 1.0
-0.02183474786579609 | 0 | 1.0
-0.02194497175514698 | 0 | 1.0
-0.025949694216251373 | 1 | 1.0
-0.03384774923324585 | 0 | 1.0
-0.03783538192510605 | 1 | 1.0
-0.04571918025612831 | 0 | 1.0
-0.04969498887658119 | 1 | 1.0
-0.05756954103708267 | 0 | 1.0
-0.06153842806816101 | 1 | 1.0
-0.06940846890211105 | 0 | 1.0
-0.07337510585784912 | 1 | 1.0
-0.08124519139528275 | 0 | 1.0
-0.08521413803100586 | 1 | 1.0
-0.09308876842260361 | 0 | 1.0
-0.09706458449363708 | 1 | 1.0
-0.10494833439588547 | 1 | 1.0
-0.10893567651510239 | 0 | 1.0
-0.10902883857488632 | 1 | 1.0
-0.11303261667490005 | 0 | 1.0
-0.11314140260219574 | 1 | 1.0
-0.11716018617153168 | 0 | 1.0
-0.11728336662054062 | 1 | 1.0
-0.12131611257791519 | 0 | 1.0
-0.12145285308361053 | 1 | 1.0
-0.12549887597560883 | 0 | 1.0
-0.12564867734909058 | 1 | 1.0
-0.12970764935016632 | 0 | 1.0
-0.12987037003040314 | 1 | 1.0
-0.13394227623939514 | 0 | 1.0
-0.13411806523799896 | 1 | 1.0
-0.1382032334804535 | 0 | 1.0
-0.1383925825357437 | 1 | 1.0
-0.1424916684627533 | 0 | 1.0
-0.14269539713859558 | 1 | 1.0
-0.146809384226799 | 0 | 1.0
-0.14702866971492767 | 1 | 1.0
-0.1511589139699936 | 0 | 1.0
-0.1513953059911728 | 1 | 1.0
-0.15554353594779968 | 1 | 1.0
-0.1557990163564682 | 0 | 1.0
-0.1521633267402649 | 1 | 1.0
-0.15244030952453613 | 0 | 1.0
-0.1488240510225296 | 1 | 1.0
-0.14911878108978271 | 0 | 1.0
-0.1455184817314148 | 1 | 1.0
-0.14582771062850952 | 0 | 1.0
-0.14224036037921906 | 1 | 1.0
-0.14256121218204498 | 0 | 1.0
-0.13898414373397827 | 1 | 1.0
-0.13931410014629364 | 0 | 1.0
-0.13574492931365967 | 1 | 1.0
-0.136081725358963 | 0 | 1.0
-0.13251830637454987 | 1 | 1.0
-0.13285987079143524 | 0 | 1.0
-0.12930022180080414 | 1 | 1.0
-0.12964461743831635 | 0 | 1.0
-0.12608689069747925 | 1 | 1.0
-0.12643229961395264 | 0 | 1.0
-0.1228746846318245 | 1 | 1.0
-0.1232193186879158 | 0 | 1.0
-0.11966005712747574 | 1 | 1.0
-0.12000215798616409 | 0 | 1.0
-0.11643946170806885 | 1 | 1.0
-0.1167771965265274 | 0 | 1.0
-0.11320921778678894 | 1 | 1.0
-0.11354068666696548 | 0 | 1.0
-0.10996546596288681 | 1 | 1.0
-0.11028863489627838 | 0 | 1.0
-0.10670406371355057 | 1 | 1.0
-0.10701670497655869 | 0 | 1.0
-0.10342045873403549 | 1 | 1.0
-0.10372012853622437 | 0 | 1.0
-0.10010962933301926 | 0 | 1.0
-0.10039356350898743 | 1 | 1.0
-0.104570172727108 | 0 | 1.0
-0.10483525693416595 | 1 | 1.0
-0.1089947447180748 | 0 | 1.0
-0.10924412310123444 | 1 | 1.0
-0.11338937282562256 | 0 | 1.0
-0.11362574249505997 | 1 | 1.0
-0.11775925010442734 | 0 | 1.0
-0.11798495799303055 | 1 | 1.0
-0.12210889160633087 | 0 | 1.0
-0.12232597917318344 | 1 | 1.0
-0.12644225358963013 | 0 | 1.0
-0.1266525238752365 | 1 | 1.0
-0.13076283037662506 | 0 | 1.0
-0.1309679001569748 | 1 | 1.0
-0.13507376611232758 | 0 | 1.0
-0.13527508080005646 | 1 | 1.0
-0.1393778920173645 | 0 | 1.0
-0.13957680761814117 | 1 | 1.0
-0.14367786049842834 | 0 | 1.0
-0.14387564361095428 | 1 | 1.0
-0.14797617495059967 | 0 | 1.0
-0.14817406237125397 | 1 | 1.0
-0.15227529406547546 | 0 | 1.0
-0.15247446298599243 | 1 | 1.0
-0.15657760202884674 | 0 | 1.0
-0.15677930414676666 | 1 | 1.0
-0.16088560223579407 | 0 | 1.0
-0.16109110414981842 | 1 | 1.0
-0.16520185768604279 | 0 | 1.0
-0.1654125303030014 | 1 | 1.0
-0.16952913999557495 | 0 | 1.0
-0.16974642872810364 | 1 | 1.0
-0.17387044429779053 | 0 | 1.0
-0.1740959882736206 | 1 | 1.0
-0.17822909355163574 | 0 | 1.0
-0.17846469581127167 | 1 | 1.0
-0.18260879814624786 | 0 | 1.0
-0.1828564703464508 | 1 | 1.0
-0.18701373040676117 | 0 | 1.0
-0.18727579712867737 | 1 | 1.0
-0.1914486587047577 | 1 | 1.0
-0.19172775745391846 | 0 | 1.0
-0.18811486661434174 | 1 | 1.0
-0.1884140521287918 | 0 | 1.0
-0.18481945991516113 | 1 | 1.0
-0.18513555824756622 | 0 | 1.0
-0.18155638873577118 | 1 | 1.0
-0.18188665807247162 | 0 | 1.0
-0.17832042276859283 | 1 | 1.0
-0.17866256833076477 | 0 | 1.0
-0.17510710656642914 | 1 | 1.0
-0.1754591166973114 | 0 | 1.0
-0.17191261053085327 | 1 | 1.0
-0.17227275669574738 | 0 | 1.0
-0.1687335968017578 | 1 | 1.0
-0.16910040378570557 | 0 | 1.0
-0.16556720435619354 | 1 | 1.0
-0.1659393459558487 | 0 | 1.0
-0.16241087019443512 | 1 | 1.0
-0.16278718411922455 | 0 | 1.0
-0.15926234424114227 | 1 | 1.0
-0.1596418023109436 | 0 | 1.0
-0.15611959993839264 | 1 | 1.0
-0.15650124847888947 | 0 | 1.0
-0.15298078954219818 | 1 | 1.0
-0.15336374938488007 | 0 | 1.0
-0.1498441845178604 | 1 | 1.0
-0.1502276062965393 | 0 | 1.0
-0.14670808613300323 | 1 | 1.0
-0.14709116518497467 | 0 | 1.0
-0.1435709148645401 | 1 | 1.0
-0.14395283162593842 | 0 | 1.0
-0.1404310166835785 | 1 | 1.0
-0.14081095159053802 | 0 | 1.0
-0.1372867077589035 | 1 | 1.0
-0.13766378164291382 | 0 | 1.0
-0.13413624465465546 | 1 | 1.0
-0.13450951874256134 | 0 | 1.0
-0.13097769021987915 | 1 | 1.0
-0.13134616613388062 | 0 | 1.0
-0.12780900299549103 | 1 | 1.0
-0.12817153334617615 | 0 | 1.0
-0.12462783604860306 | 1 | 1.0
-0.12498318403959274 | 0 | 1.0
-0.1214316189289093 | 1 | 1.0
-0.12177835404872894 | 0 | 1.0
-0.11821740865707397 | 1 | 1.0
-0.11855390667915344 | 0 | 1.0
-0.11498185992240906 | 1 | 1.0
-0.11530625075101852 | 0 | 1.0
-0.11172111332416534 | 1 | 1.0
-0.11203126609325409 | 0 | 1.0
-0.10843075811862946 | 0 | 1.0
-0.1087241992354393 | 1 | 1.0
-0.11290989071130753 | 0 | 1.0
-0.11318375915288925 | 1 | 1.0
-0.11735173314809799 | 0 | 1.0
-0.11760938167572021 | 1 | 1.0
-0.1217627301812172 | 0 | 1.0
-0.1220070868730545 | 1 | 1.0
-0.126148521900177 | 0 | 1.0
-0.12638212740421295 | 1 | 1.0
-0.1305140107870102 | 0 | 1.0
-0.13073912262916565 | 1 | 1.0
-0.13486357033252716 | 0 | 1.0
-0.1350821852684021 | 1 | 1.0
-0.1392010748386383 | 0 | 1.0
-0.13941501080989838 | 1 | 1.0
-0.14353008568286896 | 0 | 1.0
-0.14374102652072906 | 1 | 1.0
-0.14785391092300415 | 0 | 1.0
-0.14806340634822845 | 1 | 1.0
-0.152175635099411 | 0 | 1.0
-0.15238523483276367 | 1 | 1.0
-0.15649831295013428 | 0 | 1.0
-0.15670950710773468 | 1 | 1.0
-0.1608249396085739 | 0 | 1.0
-0.16103927791118622 | 1 | 1.0
-0.16515861451625824 | 0 | 1.0
-0.1653776615858078 | 1 | 1.0
-0.16950251162052155 | 0 | 1.0
-0.16972796618938446 | 1 | 1.0
-0.173860102891922 | 0 | 1.0
-0.17409378290176392 | 1 | 1.0
-0.17823508381843567 | 0 | 1.0
-0.17847900092601776 | 1 | 1.0
-0.18263159692287445 | 0 | 1.0
-0.1828879863023758 | 1 | 1.0
-0.18705421686172485 | 1 | 1.0
-0.1873256117105484 | 0 | 1.0
-0.18370383977890015 | 1 | 1.0
-0.1839931160211563 | 0 | 1.0
-0.18038736283779144 | 1 | 1.0
-0.18069110810756683 | 0 | 1.0
-0.17709821462631226 | 1 | 1.0
-0.1774134337902069 | 0 | 1.0
-0.17383061349391937 | 1 | 1.0
-0.1741546392440796 | 0 | 1.0
-0.17057934403419495 | 1 | 1.0
-0.17090977728366852 | 0 | 1.0
-0.1673397272825241 | 1 | 1.0
-0.16767433285713196 | 0 | 1.0
-0.16410738229751587 | 1 | 1.0
-0.16444405913352966 | 0 | 1.0
-0.16087816655635834 | 1 | 1.0
-0.1612149178981781 | 0 | 1.0
-0.15764810144901276 | 1 | 1.0
-0.1579829305410385 | 0 | 1.0
-0.15441320836544037 | 1 | 1.0
-0.15474411845207214 | 0 | 1.0
-0.15116944909095764 | 1 | 1.0
-0.1514943540096283 | 0 | 1.0
-0.1479126214981079 | 1 | 1.0
-0.14822930097579956 | 0 | 1.0
-0.14463822543621063 | 1 | 1.0
-0.14494431018829346 | 0 | 1.0
-0.1413414031267166 | 0 | 1.0
-0.1416342556476593 | 1 | 1.0
-0.1458211988210678 | 0 | 1.0
-0.14609791338443756 | 1 | 1.0
-0.15027055144309998 | 0 | 1.0
-0.150534525513649 | 1 | 1.0
-0.1546960324048996 | 0 | 1.0
-0.15495029091835022 | 1 | 1.0
-0.15910354256629944 | 0 | 1.0
-0.15935082733631134 | 1 | 1.0
-0.16349844634532928 | 0 | 1.0
-0.1637413203716278 | 1 | 1.0
-0.16788575053215027 | 0 | 1.0
-0.16812661290168762 | 1 | 1.0
-0.17227019369602203 | 0 | 1.0
-0.17251136898994446 | 1 | 1.0
-0.17665641009807587 | 0 | 1.0
-0.17690017819404602 | 1 | 1.0
-0.18104897439479828 | 0 | 1.0
-0.1812976896762848 | 1 | 1.0
-0.18545259535312653 | 0 | 1.0
-0.1857086718082428 | 1 | 1.0
-0.18987219035625458 | 0 | 1.0
-0.19013822078704834 | 1 | 1.0
-0.19431300461292267 | 1 | 1.0
-0.19459179043769836 | 0 | 1.0
-0.1909763216972351 | 1 | 1.0
-0.19127096235752106 | 0 | 1.0
-0.187669575214386 | 1 | 1.0
-0.18797682225704193 | 0 | 1.0
-0.1843864917755127 | 1 | 1.0
-0.18470345437526703 | 0 | 1.0
-0.18112148344516754 | 1 | 1.0
-0.18144555389881134 | 0 | 1.0
-0.17786943912506104 | 1 | 1.0
-0.17819823324680328 | 0 | 1.0
-0.1746256798505783 | 1 | 1.0
-0.17495694756507874 | 0 | 1.0
-0.17138579487800598 | 1 | 1.0
-0.17171737551689148 | 0 | 1.0
-0.16814547777175903 | 1 | 1.0
-0.16847527027130127 | 0 | 1.0
-0.1649005115032196 | 1 | 1.0
-0.16522637009620667 | 0 | 1.0
-0.16164661943912506 | 1 | 1.0
-0.16196632385253906 | 0 | 1.0
-0.15837930142879486 | 1 | 1.0
-0.15869054198265076 | 0 | 1.0
-0.15509383380413055 | 0 | 1.0
-0.1553940773010254 | 1 | 1.0
-0.15958963334560394 | 0 | 1.0
-0.15987610816955566 | 1 | 1.0
-0.1640598177909851 | 0 | 1.0
-0.16433614492416382 | 1 | 1.0
-0.16851146519184113 | 0 | 1.0
-0.16878095269203186 | 1 | 1.0
-0.17295102775096893 | 0 | 1.0
-0.1732167899608612 | 1 | 1.0
-0.1773846447467804 | 0 | 1.0
-0.1776496320962906 | 1 | 1.0
-0.18181820213794708 | 0 | 1.0
-0.1820853352546692 | 1 | 1.0
-0.1862574815750122 | 0 | 1.0
-0.1865297108888626 | 1 | 1.0
-0.19070839881896973 | 1 | 1.0
-0.1909887194633484 | 0 | 1.0
-0.1873723715543747 | 1 | 1.0
-0.1876639723777771 | 0 | 1.0
-0.18405717611312866 | 1 | 1.0
-0.18435680866241455 | 0 | 1.0
-0.18075646460056305 | 1 | 1.0
-0.18106108903884888 | 0 | 1.0
-0.1774642914533615 | 1 | 1.0
-0.17777106165885925 | 0 | 1.0
-0.17417499423027039 | 1 | 1.0
-0.17448115348815918 | 0 | 1.0
-0.17088310420513153 | 1 | 1.0
-0.17118588089942932 | 0 | 1.0
-0.16758309304714203 | 0 | 1.0
-0.16787970066070557 | 1 | 1.0
-0.1720740795135498 | 0 | 1.0
-0.1723615974187851 | 1 | 1.0
-0.1765487641096115 | 0 | 1.0
-0.17683078348636627 | 1 | 1.0
-0.18101418018341064 | 0 | 1.0
-0.18129409849643707 | 1 | 1.0
-0.18547706305980682 | 0 | 1.0
-0.18575817346572876 | 1 | 1.0
-0.18994398415088654 | 1 | 1.0
-0.190229594707489 | 0 | 1.0
-0.18661676347255707 | 1 | 1.0
-0.1869102418422699 | 0 | 1.0
-0.1833036243915558 | 1 | 1.0
-0.18360179662704468 | 0 | 1.0
-0.17999832332134247 | 1 | 1.0
-0.18029816448688507 | 0 | 1.0
-0.17669488489627838 | 1 | 1.0
-0.1769934743642807 | 0 | 1.0
-0.17338748276233673 | 0 | 1.0
-0.17368187010288239 | 1 | 1.0
-0.17787501215934753 | 0 | 1.0
-0.17816220223903656 | 1 | 1.0
-0.18234999477863312 | 0 | 1.0
-0.18263356387615204 | 1 | 1.0
-0.18681944906711578 | 0 | 1.0
-0.1871027797460556 | 1 | 1.0
-0.19129012525081635 | 1 | 1.0
-0.19157661497592926 | 0 | 1.0
-0.18796396255493164 | 1 | 1.0
-0.18825699388980865 | 0 | 1.0
-0.1846492737531662 | 1 | 1.0
-0.18494568765163422 | 0 | 1.0
-0.1813398003578186 | 1 | 1.0
-0.18163655698299408 | 0 | 1.0
-0.17802949249744415 | 0 | 1.0
-0.17832359671592712 | 1 | 1.0
-0.18251721560955048 | 0 | 1.0
-0.1828056275844574 | 1 | 1.0
-0.18699540197849274 | 0 | 1.0
-0.18728169798851013 | 1 | 1.0
-0.19147108495235443 | 1 | 1.0
-0.19175872206687927 | 0 | 1.0
-0.18814633786678314 | 1 | 1.0
-0.1884387880563736 | 0 | 1.0
-0.18482959270477295 | 1 | 1.0
-0.18512366712093353 | 0 | 1.0
-0.18151456117630005 | 0 | 1.0
-0.18180720508098602 | 1 | 1.0
-0.18599998950958252 | 0 | 1.0
-0.18628811836242676 | 1 | 1.0
-0.19047817587852478 | 0 | 1.0
-0.19076533615589142 | 1 | 1.0
-0.19495615363121033 | 1 | 1.0
-0.19524581730365753 | 0 | 1.0
-0.19163604080677032 | 1 | 1.0
-0.19193169474601746 | 0 | 1.0
-0.18832632899284363 | 1 | 1.0
-0.18862487375736237 | 0 | 1.0
-0.18502087891101837 | 1 | 1.0
-0.18531934916973114 | 0 | 1.0
-0.18171380460262299 | 0 | 1.0
-0.18200922012329102 | 1 | 1.0
-0.1862039864063263 | 0 | 1.0
-0.1864933967590332 | 1 | 1.0
-0.1906839907169342 | 0 | 1.0
-0.19097095727920532 | 1 | 1.0
-0.1951608806848526 | 1 | 1.0
-0.19544890522956848 | 0 | 1.0
-0.19183677434921265 | 1 | 1.0
-0.19212932884693146 | 0 | 1.0
-0.18852010369300842 | 0 | 1.0
-0.18881402909755707 | 1 | 1.0
-0.19300949573516846 | 1 | 1.0
-0.193301722407341 | 0 | 1.0
-0.189692422747612 | 1 | 1.0
-0.18998654186725616 | 0 | 1.0
-0.1863775998353958 | 0 | 1.0
-0.18667054176330566 | 1 | 1.0
-0.1908637285232544 | 0 | 1.0
-0.191152423620224 | 1 | 1.0
-0.19534316658973694 | 0 | 1.0
-0.19563114643096924 | 1 | 1.0
-0.19982294738292694 | 1 | 1.0
-0.20011372864246368 | 0 | 1.0
-0.19650521874427795 | 1 | 1.0
-0.1968023031949997 | 0 | 1.0
-0.1931985318660736 | 1 | 1.0
-0.1934988647699356 | 0 | 1.0
-0.1898968368768692 | 1 | 1.0
-0.19019745290279388 | 0 | 1.0
-0.18659429252147675 | 0 | 1.0
-0.1868923157453537 | 1 | 1.0
-0.191089928150177 | 0 | 1.0
-0.19138242304325104 | 1 | 1.0
-0.19557638466358185 | 0 | 1.0
-0.19586701691150665 | 1 | 1.0
-0.2000609189271927 | 1 | 1.0
-0.20035326480865479 | 0 | 1.0
-0.19674581289291382 | 1 | 1.0
-0.19704344868659973 | 0 | 1.0
-0.19343970715999603 | 1 | 1.0
-0.19373957812786102 | 0 | 1.0
-0.1901366114616394 | 1 | 1.0
-0.19043578207492828 | 0 | 1.0
-0.18683065474033356 | 0 | 1.0
-0.18712621927261353 | 1 | 1.0
-0.19132082164287567 | 0 | 1.0
-0.19160977005958557 | 1 | 1.0
-0.19579963386058807 | 0 | 1.0
-0.19608557224273682 | 1 | 1.0
-0.20027416944503784 | 0 | 1.0
-0.2005605846643448 | 1 | 1.0
-0.20475135743618011 | 1 | 1.0
-0.20504166185855865 | 0 | 1.0
-0.2014332413673401 | 1 | 1.0
-0.20173093676567078 | 0 | 1.0
-0.1981283277273178 | 1 | 1.0
-0.19843034446239471 | 0 | 1.0
-0.19483058154582977 | 1 | 1.0
-0.1951339989900589 | 0 | 1.0
-0.19153422117233276 | 1 | 1.0
-0.19183622300624847 | 0 | 1.0
-0.18823359906673431 | 0 | 1.0
-0.1885313242673874 | 1 | 1.0
-0.19272778928279877 | 0 | 1.0
-0.1930183321237564 | 1 | 1.0
-0.19720950722694397 | 0 | 1.0
-0.19749648869037628 | 1 | 1.0
-0.20168589055538177 | 0 | 1.0
-0.2019728273153305 | 1 | 1.0
-0.2061638981103897 | 1 | 1.0
-0.20645426213741302 | 0 | 1.0
-0.20284566283226013 | 1 | 1.0
-0.2031429260969162 | 0 | 1.0
-0.19953963160514832 | 1 | 1.0
-0.1998407393693924 | 0 | 1.0
-0.19623981416225433 | 1 | 1.0
-0.19654183089733124 | 0 | 1.0
-0.1929403692483902 | 1 | 1.0
-0.19324041903018951 | 0 | 1.0
-0.18963557481765747 | 0 | 1.0
-0.1899307817220688 | 1 | 1.0
-0.19412441551685333 | 0 | 1.0
-0.19441181421279907 | 1 | 1.0
-0.19859948754310608 | 0 | 1.0
-0.19888262450695038 | 1 | 1.0
-0.20306777954101562 | 0 | 1.0
-0.20335009694099426 | 1 | 1.0
-0.20753608644008636 | 0 | 1.0
-0.20782090723514557 | 1 | 1.0
-0.21201108396053314 | 1 | 1.0
-0.21230179071426392 | 0 | 1.0
-0.20869480073451996 | 1 | 1.0
-0.20899486541748047 | 0 | 1.0
-0.2053956389427185 | 1 | 1.0
-0.2057020366191864 | 0 | 1.0
-0.20210768282413483 | 1 | 1.0
-0.20241759717464447 | 0 | 1.0
-0.19882537424564362 | 1 | 1.0
-0.19913607835769653 | 0 | 1.0
-0.1955433189868927 | 1 | 1.0
-0.19585217535495758 | 0 | 1.0
Total reward: 500.0
3.1, 5.8, -3.2, 2.0, -4.3, 2.8, -3.7, 4.8, -2.5, -2.0
parameter ends

state | action | reward
[0.03] | 1 | 1.0
0.025051796808838844 | 0 | 1.0
0.028771955519914627 | 1 | 1.0
0.028591806069016457 | 0 | 1.0
0.03231794014573097 | 1 | 1.0
0.0321456603705883 | 0 | 1.0
0.03588150441646576 | 1 | 1.0
0.03572094812989235 | 0 | 1.0
0.03947044163942337 | 0 | 1.0
0.03932570293545723 | 1 | 1.0
0.035288866609334946 | 0 | 1.0
0.03516438975930214 | 1 | 1.0
0.031146790832281113 | 0 | 1.0
0.03104078583419323 | 1 | 1.0
0.027040908113121986 | 0 | 1.0
0.026952072978019714 | 1 | 1.0
0.022968856617808342 | 0 | 1.0
0.022896338254213333 | 1 | 1.0
0.01892915554344654 | 0 | 1.0
0.018872519955039024 | 1 | 1.0
0.014921149238944054 | 0 | 1.0
0.014880365692079067 | 1 | 1.0
0.010944989509880543 | 0 | 1.0
0.010920426808297634 | 1 | 1.0
0.007001624908298254 | 0 | 1.0
0.006994051858782768 | 0 | 1.0
0.0030928112100809813 | 1 | 1.0
-0.004700806923210621 | 0 | 1.0
-0.008583060465753078 | 1 | 1.0
-0.01636030524969101 | 0 | 1.0
-0.020228374749422073 | 1 | 1.0
-0.027993779629468918 | 0 | 1.0
-0.03185206279158592 | 1 | 1.0
-0.039609819650650024 | 0 | 1.0
-0.04346240311861038 | 1 | 1.0
-0.05121646821498871 | 0 | 1.0
-0.055067259818315506 | 1 | 1.0
-0.06282144784927368 | 0 | 1.0
-0.06667425483465195 | 1 | 1.0
-0.07443233579397202 | 0 | 1.0
-0.07829096168279648 | 1 | 1.0
-0.08605675399303436 | 0 | 1.0
-0.089925117790699 | 1 | 1.0
-0.09770258516073227 | 0 | 1.0
-0.1015847697854042 | 1 | 1.0
-0.10937810689210892 | 1 | 1.0
-0.11327851563692093 | 0 | 1.0
-0.11328825354576111 | 1 | 1.0
-0.11721167713403702 | 0 | 1.0
-0.11724361777305603 | 1 | 1.0
-0.1211886778473854 | 0 | 1.0
-0.12124175578355789 | 1 | 1.0
-0.12520764768123627 | 0 | 1.0
-0.12528134882450104 | 1 | 1.0
-0.12926779687404633 | 0 | 1.0
-0.1293621063232422 | 1 | 1.0
-0.13336937129497528 | 0 | 1.0
-0.13348481059074402 | 1 | 1.0
-0.1375136375427246 | 0 | 1.0
-0.1376512497663498 | 1 | 1.0
-0.14170292019844055 | 1 | 1.0
-0.14186429977416992 | 0 | 1.0
-0.13813695311546326 | 1 | 1.0
-0.13832427561283112 | 0 | 1.0
-0.13462066650390625 | 1 | 1.0
-0.1348300278186798 | 0 | 1.0
-0.1311466246843338 | 1 | 1.0
-0.1313747614622116 | 0 | 1.0
-0.1277085840702057 | 1 | 1.0
-0.1279526799917221 | 0 | 1.0
-0.12430119514465332 | 1 | 1.0
-0.1245589479804039 | 0 | 1.0
-0.12092001736164093 | 1 | 1.0
-0.1211894303560257 | 0 | 1.0
-0.11756127327680588 | 1 | 1.0
-0.11784069985151291 | 0 | 1.0
-0.11422180384397507 | 1 | 1.0
-0.11450986564159393 | 0 | 1.0
-0.11089898645877838 | 1 | 1.0
-0.11119452863931656 | 0 | 1.0
-0.10759063065052032 | 1 | 1.0
-0.1078927144408226 | 0 | 1.0
-0.10429494082927704 | 1 | 1.0
-0.10460280627012253 | 0 | 1.0
-0.10101047903299332 | 1 | 1.0
-0.10132350027561188 | 0 | 1.0
-0.09773608297109604 | 1 | 1.0
-0.09805379807949066 | 0 | 1.0
-0.09447088092565536 | 1 | 1.0
-0.0947929322719574 | 0 | 1.0
-0.09121421724557877 | 1 | 1.0
-0.0915403813123703 | 0 | 1.0
-0.08796568959951401 | 1 | 1.0
-0.0882958248257637 | 1 | 1.0
-0.08472508192062378 | 0 | 1.0
-0.07725432515144348 | 1 | 1.0
-0.07368756085634232 | 0 | 1.0
-0.06621745973825455 | 0 | 1.0
-0.06264810264110565 | 1 | 1.0
-0.06297694891691208 | 0 | 1.0
-0.05939844995737076 | 1 | 1.0
-0.05971818044781685 | 0 | 1.0
-0.056130535900592804 | 1 | 1.0
-0.05644102022051811 | 0 | 1.0
-0.05284398794174194 | 1 | 1.0
-0.053144875913858414 | 0 | 1.0
-0.049537986516952515 | 1 | 1.0
-0.04982868209481239 | 0 | 1.0
-0.04621122404932976 | 1 | 1.0
-0.04649088531732559 | 0 | 1.0
-0.04286189004778862 | 1 | 1.0
-0.04312940314412117 | 0 | 1.0
-0.03948763385415077 | 1 | 1.0
-0.039741601794958115 | 0 | 1.0
-0.036085501313209534 | 1 | 1.0
-0.03632419928908348 | 0 | 1.0
-0.03265189006924629 | 1 | 1.0
-0.032873231917619705 | 0 | 1.0
-0.029182452708482742 | 1 | 1.0
-0.02938394621014595 | 0 | 1.0
-0.025672003626823425 | 0 | 1.0
-0.02585069090127945 | 1 | 1.0
-0.029918087646365166 | 0 | 1.0
-0.0300704687833786 | 1 | 1.0
-0.034113042056560516 | 0 | 1.0
-0.034241676330566406 | 1 | 1.0
-0.03826162964105606 | 0 | 1.0
-0.038368452340364456 | 1 | 1.0
-0.042367398738861084 | 0 | 1.0
-0.04245377704501152 | 1 | 1.0
-0.04643279314041138 | 0 | 1.0
-0.04649955406785011 | 1 | 1.0
-0.05045919865369797 | 0 | 1.0
-0.05050668120384216 | 1 | 1.0
-0.054447025060653687 | 0 | 1.0
-0.05447506904602051 | 0 | 1.0
-0.05839569866657257 | 1 | 1.0
-0.06620775908231735 | 0 | 1.0
-0.07010775804519653 | 1 | 1.0
-0.07790207117795944 | 0 | 1.0
-0.08178671449422836 | 1 | 1.0
-0.08956824243068695 | 0 | 1.0
-0.09344235062599182 | 1 | 1.0
-0.10121569782495499 | 0 | 1.0
-0.10508377104997635 | 1 | 1.0
-0.1128532886505127 | 0 | 1.0
-0.11671961843967438 | 1 | 1.0
-0.12448950856924057 | 0 | 1.0
-0.12835828959941864 | 1 | 1.0
-0.13613270223140717 | 0 | 1.0
-0.14000815153121948 | 1 | 1.0
-0.14779132604599 | 0 | 1.0
-0.15167774260044098 | 1 | 1.0
-0.15947403013706207 | 0 | 1.0
-0.16337597370147705 | 1 | 1.0
-0.1711900234222412 | 1 | 1.0
-0.17511233687400818 | 0 | 1.0
-0.17514537274837494 | 1 | 1.0
-0.1790933758020401 | 0 | 1.0
-0.17915159463882446 | 1 | 1.0
-0.18312449753284454 | 0 | 1.0
-0.1832074373960495 | 1 | 1.0
-0.18720510601997375 | 0 | 1.0
-0.18731296062469482 | 1 | 1.0
-0.19133584201335907 | 0 | 1.0
-0.19146941602230072 | 1 | 1.0
-0.1955185979604721 | 0 | 1.0
-0.19567933678627014 | 1 | 1.0
-0.19975654780864716 | 1 | 1.0
-0.1999465376138687 | 0 | 1.0
-0.19625109434127808 | 1 | 1.0
-0.19647316634655 | 0 | 1.0
-0.19280797243118286 | 1 | 1.0
-0.1930590271949768 | 0 | 1.0
-0.18942144513130188 | 1 | 1.0
-0.18969915807247162 | 0 | 1.0
-0.1860872507095337 | 1 | 1.0
-0.1863900125026703 | 0 | 1.0
-0.18280252814292908 | 1 | 1.0
-0.18312932550907135 | 1 | 1.0
-0.17956560850143433 | 0 | 1.0
-0.17211227118968964 | 1 | 1.0
-0.1685723066329956 | 0 | 1.0
-0.1611393392086029 | 1 | 1.0
-0.15761698782444 | 0 | 1.0
-0.15019860863685608 | 1 | 1.0
-0.1466882824897766 | 0 | 1.0
-0.13927915692329407 | 1 | 1.0
-0.1357755810022354 | 0 | 1.0
-0.12837065756320953 | 1 | 1.0
-0.12486882507801056 | 0 | 1.0
-0.11746317893266678 | 1 | 1.0
-0.1139581948518753 | 0 | 1.0
-0.10654696822166443 | 1 | 1.0
-0.1030338928103447 | 0 | 1.0
-0.09561216086149216 | 1 | 1.0
-0.09208594262599945 | 0 | 1.0
-0.08464857190847397 | 0 | 1.0
-0.08110389113426208 | 1 | 1.0
-0.08144936710596085 | 0 | 1.0
-0.07788049429655075 | 1 | 1.0
-0.07820209860801697 | 0 | 1.0
-0.07460947334766388 | 1 | 1.0
-0.07490731030702591 | 0 | 1.0
-0.0712907537817955 | 1 | 1.0
-0.07156432420015335 | 0 | 1.0
-0.06792307645082474 | 1 | 1.0
-0.06817128509283066 | 0 | 1.0
-0.06450396776199341 | 1 | 1.0
-0.06472509354352951 | 0 | 1.0
-0.06102970987558365 | 0 | 1.0
-0.0612214021384716 | 1 | 1.0
-0.06529831141233444 | 0 | 1.0
-0.06545746326446533 | 1 | 1.0
-0.06950350850820541 | 0 | 1.0
-0.06963293254375458 | 1 | 1.0
-0.07365045696496964 | 0 | 1.0
-0.07375217229127884 | 1 | 1.0
-0.0777428075671196 | 0 | 1.0
-0.0778181254863739 | 1 | 1.0
-0.08178279548883438 | 0 | 1.0
-0.08183234184980392 | 0 | 1.0
-0.08577132225036621 | 1 | 1.0
-0.09359871596097946 | 0 | 1.0
-0.09751161932945251 | 1 | 1.0
-0.10531608760356903 | 0 | 1.0
-0.10920856148004532 | 1 | 1.0
-0.11699537932872772 | 0 | 1.0
-0.12087250500917435 | 1 | 1.0
-0.12864644825458527 | 0 | 1.0
-0.13251285254955292 | 1 | 1.0
-0.14027833938598633 | 0 | 1.0
-0.14413833618164062 | 1 | 1.0
-0.1518995314836502 | 0 | 1.0
-0.15575721859931946 | 1 | 1.0
-0.16351810097694397 | 0 | 1.0
-0.16737745702266693 | 1 | 1.0
-0.17514199018478394 | 0 | 1.0
-0.17900700867176056 | 1 | 1.0
-0.1867791712284088 | 0 | 1.0
-0.19065390527248383 | 1 | 1.0
-0.19843780994415283 | 0 | 1.0
-0.20232653617858887 | 1 | 1.0
-0.21012653410434723 | 0 | 1.0
-0.2140337973833084 | 1 | 1.0
-0.2218545824289322 | 1 | 1.0
-0.22578531503677368 | 0 | 1.0
-0.22582854330539703 | 1 | 1.0
-0.22978824377059937 | 0 | 1.0
-0.22986003756523132 | 1 | 1.0
-0.23384816944599152 | 0 | 1.0
-0.23394839465618134 | 1 | 1.0
-0.23796512186527252 | 0 | 1.0
-0.23809434473514557 | 1 | 1.0
-0.24214057624340057 | 0 | 1.0
-0.24230007827281952 | 1 | 1.0
-0.24637740850448608 | 1 | 1.0
-0.2465692162513733 | 0 | 1.0
-0.2428772896528244 | 1 | 1.0
-0.2431042194366455 | 0 | 1.0
-0.23944562673568726 | 1 | 1.0
-0.2397046983242035 | 0 | 1.0
-0.23607692122459412 | 1 | 1.0
-0.23636597394943237 | 0 | 1.0
-0.23276729881763458 | 1 | 1.0
-0.23308493196964264 | 0 | 1.0
-0.22951440513134003 | 1 | 1.0
-0.22985996305942535 | 1 | 1.0
-0.22631728649139404 | 0 | 1.0
-0.21888741850852966 | 1 | 1.0
-0.21537305414676666 | 0 | 1.0
-0.20796838402748108 | 1 | 1.0
-0.20447680354118347 | 0 | 1.0
-0.1970922201871872 | 1 | 1.0
-0.1936185359954834 | 0 | 1.0
-0.18624944984912872 | 1 | 1.0
-0.18278926610946655 | 0 | 1.0
-0.17543154954910278 | 1 | 1.0
-0.1719808578491211 | 0 | 1.0
-0.1646306812763214 | 1 | 1.0
-0.16118575632572174 | 0 | 1.0
-0.15383954346179962 | 1 | 1.0
-0.15039686858654022 | 0 | 1.0
-0.1430511772632599 | 1 | 1.0
-0.13960732519626617 | 0 | 1.0
-0.13225875794887543 | 1 | 1.0
-0.128810316324234 | 0 | 1.0
-0.12145545333623886 | 1 | 1.0
-0.11799893528223038 | 0 | 1.0
-0.11063425987958908 | 1 | 1.0
-0.10716602206230164 | 0 | 1.0
-0.09978780895471573 | 1 | 1.0
-0.09630396962165833 | 0 | 1.0
-0.08890821039676666 | 1 | 1.0
-0.08540453761816025 | 0 | 1.0
-0.07798684388399124 | 1 | 1.0
-0.07445868849754333 | 0 | 1.0
-0.06701420992612839 | 0 | 1.0
-0.06345636397600174 | 1 | 1.0
-0.06378242373466492 | 0 | 1.0
-0.06018900126218796 | 1 | 1.0
-0.06047959253191948 | 0 | 1.0
-0.05685056373476982 | 1 | 1.0
-0.05710515379905701 | 0 | 1.0
-0.053439605981111526 | 0 | 1.0
-0.05365677550435066 | 1 | 1.0
-0.057754989713430405 | 0 | 1.0
-0.05793238431215286 | 1 | 1.0
-0.06199285387992859 | 0 | 1.0
-0.062133803963661194 | 1 | 1.0
-0.06615930050611496 | 0 | 1.0
-0.06626620143651962 | 1 | 1.0
-0.07025860995054245 | 0 | 1.0
-0.07033297419548035 | 1 | 1.0
-0.0742933452129364 | 0 | 1.0
-0.07433585822582245 | 0 | 1.0
-0.07826443016529083 | 1 | 1.0
-0.08607795089483261 | 0 | 1.0
-0.08997414261102676 | 1 | 1.0
-0.09775832295417786 | 0 | 1.0
-0.1016274243593216 | 1 | 1.0
-0.1093870997428894 | 0 | 1.0
-0.11323366314172745 | 1 | 1.0
-0.12097301334142685 | 0 | 1.0
-0.12480099499225616 | 1 | 1.0
-0.13252365589141846 | 0 | 1.0
-0.13633649051189423 | 1 | 1.0
-0.1440456360578537 | 0 | 1.0
-0.14784635603427887 | 1 | 1.0
-0.15554481744766235 | 0 | 1.0
-0.15933607518672943 | 1 | 1.0
-0.1670263409614563 | 0 | 1.0
-0.17081056535243988 | 0 | 1.0
-0.17849493026733398 | 1 | 1.0
-0.19007912278175354 | 1 | 1.0
-0.19775967299938202 | 0 | 1.0
-0.2015395611524582 | 1 | 1.0
-0.20922496914863586 | 0 | 1.0
-0.21301071345806122 | 1 | 1.0
-0.22070297598838806 | 0 | 1.0
-0.22449664771556854 | 1 | 1.0
-0.23219789564609528 | 0 | 1.0
-0.23600174486637115 | 1 | 1.0
-0.2437143325805664 | 0 | 1.0
-0.24753081798553467 | 1 | 1.0
-0.2552573084831238 | 0 | 1.0
-0.2590892016887665 | 1 | 1.0
-0.26683253049850464 | 0 | 1.0
-0.2706829309463501 | 1 | 1.0
-0.27844634652137756 | 0 | 1.0
-0.28231877088546753 | 1 | 1.0
-0.29010602831840515 | 0 | 1.0
-0.29400452971458435 | 1 | 1.0
-0.3018198311328888 | 1 | 1.0
-0.30574899911880493 | 0 | 1.0
-0.3057945966720581 | 1 | 1.0
-0.30975979566574097 | 0 | 1.0
-0.30984100699424744 | 1 | 1.0
-0.31384173035621643 | 0 | 1.0
-0.3139585852622986 | 1 | 1.0
-0.31799522042274475 | 0 | 1.0
-0.31814858317375183 | 1 | 1.0
-0.32222244143486023 | 1 | 1.0
-0.3224141299724579 | 0 | 1.0
-0.31872543692588806 | 1 | 1.0
-0.3189581632614136 | 0 | 1.0
-0.31530871987342834 | 1 | 1.0
-0.3155795931816101 | 0 | 1.0
-0.31196704506874084 | 1 | 1.0
-0.31227412819862366 | 0 | 1.0
-0.3086971044540405 | 1 | 1.0
-0.3090393543243408 | 1 | 1.0
-0.30549731850624084 | 0 | 1.0
-0.29807204008102417 | 1 | 1.0
-0.2945653796195984 | 0 | 1.0
-0.2871723473072052 | 1 | 1.0
-0.28369566798210144 | 0 | 1.0
-0.27632996439933777 | 1 | 1.0
-0.2728786766529083 | 0 | 1.0
-0.2655361592769623 | 1 | 1.0
-0.26210635900497437 | 0 | 1.0
-0.2547834515571594 | 1 | 1.0
-0.25137174129486084 | 0 | 1.0
-0.24406540393829346 | 1 | 1.0
-0.24066901206970215 | 0 | 1.0
-0.2333766371011734 | 1 | 1.0
-0.22999310493469238 | 1 | 1.0
-0.22271248698234558 | 0 | 1.0
-0.21153511106967926 | 1 | 1.0
-0.2042643427848816 | 0 | 1.0
-0.19309252500534058 | 1 | 1.0
-0.18582332134246826 | 0 | 1.0
-0.17464898526668549 | 0 | 1.0
-0.1673731803894043 | 1 | 1.0
-0.16399282217025757 | 0 | 1.0
-0.1567021757364273 | 1 | 1.0
-0.15330608189105988 | 0 | 1.0
-0.1459987759590149 | 1 | 1.0
-0.1425849199295044 | 0 | 1.0
-0.1352587640285492 | 1 | 1.0
-0.13182468712329865 | 0 | 1.0
-0.12447702884674072 | 1 | 1.0
-0.12101984024047852 | 0 | 1.0
-0.11364754289388657 | 1 | 1.0
-0.11016378551721573 | 0 | 1.0
-0.10276315361261368 | 1 | 1.0
-0.09924875199794769 | 0 | 1.0
-0.09181544929742813 | 0 | 1.0
-0.08826564997434616 | 1 | 1.0
-0.0885966420173645 | 0 | 1.0
-0.08500584214925766 | 1 | 1.0
-0.08529604226350784 | 0 | 1.0
-0.08166433870792389 | 1 | 1.0
-0.08191326260566711 | 0 | 1.0
-0.07823976129293442 | 0 | 1.0
-0.0784459188580513 | 1 | 1.0
-0.0825299620628357 | 0 | 1.0
-0.08269079029560089 | 1 | 1.0
-0.08673138171434402 | 0 | 1.0
-0.08684986084699631 | 1 | 1.0
-0.09084934741258621 | 0 | 1.0
-0.09092738479375839 | 0 | 1.0
-0.09488706290721893 | 1 | 1.0
-0.10272755473852158 | 0 | 1.0
-0.10664770752191544 | 1 | 1.0
-0.11445217579603195 | 0 | 1.0
-0.11833874881267548 | 1 | 1.0
-0.12611256539821625 | 0 | 1.0
-0.12997062504291534 | 1 | 1.0
-0.13771837949752808 | 0 | 1.0
-0.14155222475528717 | 1 | 1.0
-0.14927782118320465 | 0 | 1.0
-0.15309110283851624 | 1 | 1.0
-0.1607978492975235 | 0 | 1.0
-0.1645936518907547 | 0 | 1.0
-0.17228436470031738 | 1 | 1.0
-0.18386979401111603 | 0 | 1.0
-0.19154684245586395 | 1 | 1.0
-0.20312315225601196 | 0 | 1.0
-0.21079522371292114 | 1 | 1.0
-0.22237083315849304 | 0 | 1.0
-0.2300463765859604 | 1 | 1.0
-0.24162958562374115 | 1 | 1.0
-0.24931704998016357 | 0 | 1.0
-0.25311198830604553 | 1 | 1.0
-0.2608199715614319 | 0 | 1.0
-0.26463666558265686 | 1 | 1.0
-0.27236753702163696 | 0 | 1.0
-0.2762085795402527 | 1 | 1.0
-0.28396522998809814 | 0 | 1.0
-0.2878338396549225 | 1 | 1.0
-0.2956197261810303 | 0 | 1.0
-0.29951977729797363 | 1 | 1.0
-0.30733904242515564 | 1 | 1.0
-0.31127509474754333 | 0 | 1.0
-0.311330646276474 | 1 | 1.0
-0.315308153629303 | 0 | 1.0
-0.31540486216545105 | 1 | 1.0
-0.3194235563278198 | 0 | 1.0
-0.3195617198944092 | 1 | 1.0
-0.32362237572669983 | 0 | 1.0
-0.3238033652305603 | 1 | 1.0
-0.3279077112674713 | 1 | 1.0
-0.3281339108943939 | 0 | 1.0
-0.32448405027389526 | 1 | 1.0
-0.32475897669792175 | 0 | 1.0
-0.3211565315723419 | 1 | 1.0
-0.3214781880378723 | 1 | 1.0
-0.31792184710502625 | 0 | 1.0
-0.3104884624481201 | 1 | 1.0
-0.3069781959056854 | 0 | 1.0
-0.2995874583721161 | 1 | 1.0
-0.2961176633834839 | 0 | 1.0
-0.28876468539237976 | 1 | 1.0
-0.2853308618068695 | 0 | 1.0
-0.278011679649353 | 1 | 1.0
-0.2746101915836334 | 1 | 1.0
-0.26732173562049866 | 0 | 1.0
-0.25614652037620544 | 1 | 1.0
-0.24888649582862854 | 0 | 1.0
-0.23773515224456787 | 1 | 1.0
-0.23049534857273102 | 0 | 1.0
-0.21936006844043732 | 1 | 1.0
-0.21213284134864807 | 0 | 1.0
-0.20100632309913635 | 1 | 1.0
-0.19378440082073212 | 0 | 1.0
-0.18265964090824127 | 1 | 1.0
-0.17543599009513855 | 0 | 1.0
-0.16430605947971344 | 1 | 1.0
-0.1570737063884735 | 0 | 1.0
-0.1459316611289978 | 1 | 1.0
-0.1386835128068924 | 0 | 1.0
-0.12752223014831543 | 0 | 1.0
-0.12025085836648941 | 1 | 1.0
-0.11686616390943527 | 0 | 1.0
-0.10956371575593948 | 1 | 1.0
-0.10614700615406036 | 0 | 1.0
-0.09881159663200378 | 1 | 1.0
-0.09536053985357285 | 0 | 1.0
-0.08798950910568237 | 1 | 1.0
Total reward: 500.0
