3.5, 0.0, 1.0, -2.0, 5.0, 4.0, 6.0, -1.0, -3.0, -2.0, 6.0, -3.0, 0.5, 1.5, -0.5, -3.0, 1.0, 1.0
parameter ends

state | action | reward
[4.8] | 1 | -0.5
10.510743885248772 | 0 | 5.0
7.343871038065534 | 0 | 5.0
10.632700712577925 | 0 | 5.0
10.57215677489902 | 0 | 5.0
10.417077963063763 | 0 | 5.0
10.451748381873674 | 0 | 5.0
1.1214004662206336 | 1 | -0.5
1.0227869851416942 | 1 | -0.5
1.0082872424843545 | 0 | 5.0
1.016350051198237 | 0 | 5.0
0.9807808431015813 | 0 | 5.0
0.966857643821723 | 0 | 5.0
0.9405357166394931 | 0 | 5.0
0.9240408151972572 | 0 | 5.0
0.9102813810121558 | 0 | 5.0
0.8815719428235466 | 0 | 5.0
0.9047093329354576 | 0 | 5.0
0.8163824770387175 | 0 | 5.0
0.872889111703509 | 1 | -0.5
0.8109117013982722 | 0 | 5.0
0.84413512945144 | 0 | 5.0
0.839172691416007 | 0 | 5.0
0.8704271381534162 | 0 | 5.0
0.8934156402637145 | 0 | 5.0
0.9101997698500616 | 1 | -0.5
0.9393763855085059 | 1 | -0.5
1.0443188451825902 | 1 | -0.5
1.137300271636022 | 1 | -0.5
1.3940591124157053 | 1 | -0.5
1.823144877478194 | 1 | -0.5
2.8483349641387323 | 1 | -0.5
4.594790655500093 | 1 | -0.5
4.546799407586067 | 1 | -0.5
4.67989604476635 | 1 | -0.5
4.956055813743581 | 1 | -0.5
5.424730180315617 | 1 | -0.5
6.359261755745744 | 1 | -0.5
2.0216256739622342 | 1 | -0.5
1.7692506269410964 | 1 | -0.5
1.677678387726929 | 0 | 5.0
1.6323049929077351 | 0 | 5.0
1.6256011154249768 | 0 | 5.0
1.6042115126614869 | 0 | 5.0
1.596936498377071 | 0 | 5.0
1.5988195777983636 | 0 | 5.0
1.5359792621627988 | 0 | 5.0
1.5346561998282633 | 0 | 5.0
1.525646241279902 | 0 | 5.0
1.5117075589954907 | 0 | 5.0
1.5033325715603099 | 1 | -0.5
1.4712422627178134 | 0 | 5.0
1.52423882651089 | 1 | -0.5
1.5700116959942747 | 1 | -0.5
1.709237467445351 | 1 | -0.5
2.025692012143863 | 1 | -0.5
2.4686162411858827 | 1 | -0.5
3.2693423613294312 | 1 | -0.5
4.418121502592506 | 1 | -0.5
4.2152963992545995 | 1 | -0.5
4.252416228173046 | 1 | -0.5
4.4279310517020996 | 1 | -0.5
4.783702069373825 | 1 | -0.5
5.674501525060774 | 1 | -0.5
1.5057203521513263 | 1 | -0.5
1.2755774716654393 | 1 | -0.5
1.1951926992875779 | 1 | -0.5
1.1575784633491566 | 0 | 5.0
1.1543784076582297 | 0 | 5.0
1.1172000739167918 | 0 | 5.0
1.118121160962692 | 0 | 5.0
1.1082418828110743 | 0 | 5.0
1.100883700393505 | 0 | 5.0
1.102130658129115 | 0 | 5.0
1.120991264646978 | 0 | 5.0
1.129330423327793 | 0 | 5.0
1.1826313156395807 | 0 | 5.0
1.1422486036362707 | 0 | 5.0
1.1914153185659202 | 0 | 5.0
1.178612702724242 | 1 | -0.5
1.2226145733992455 | 1 | -0.5
1.2985414372941029 | 1 | -0.5
1.4962069660967985 | 1 | -0.5
1.8047006685040499 | 0 | 5.0
2.0330310734604966 | 0 | 5.0
2.24081053535495 | 1 | -0.5
3.069191507384283 | 1 | -0.5
4.588023459015359 | 1 | -0.5
4.353176553600716 | 1 | -0.5
4.290472600072602 | 1 | -0.5
4.497955548915322 | 1 | -0.5
4.896086748190696 | 1 | -0.5
5.466254320356783 | 1 | -0.5
1.5356039086707205 | 1 | -0.5
1.3115261974279226 | 1 | -0.5
1.1964335865870537 | 1 | -0.5
1.086827177086462 | 0 | 5.0
1.0789082286995129 | 0 | 5.0
1.0376956573101939 | 0 | 5.0
1.0332592299576768 | 0 | 5.0
1.0284149456636016 | 0 | 5.0
1.014312169218599 | 0 | 5.0
0.9997652531202759 | 0 | 5.0
0.9717975449364303 | 0 | 5.0
0.9532026788321124 | 0 | 5.0
0.9406687366486813 | 1 | -0.5
0.9697695188200668 | 0 | 5.0
0.9788754608785343 | 0 | 5.0
0.9842869372222443 | 1 | -0.5
1.0894941405083394 | 1 | -0.5
1.1234881331278335 | 1 | -0.5
1.303005236071901 | 1 | -0.5
1.5563101986169883 | 1 | -0.5
2.1762639454591604 | 1 | -0.5
3.552410515612042 | 1 | -0.5
4.592381162876335 | 1 | -0.5
4.639438252617335 | 1 | -0.5
4.852722727506671 | 1 | -0.5
5.392534381359249 | 1 | -0.5
6.434283886759155 | 1 | -0.5
2.0328353420519742 | 1 | -0.5
1.7692119838563896 | 1 | -0.5
1.6086167514634322 | 0 | 5.0
1.5841704114494108 | 0 | 5.0
1.5209642254024855 | 0 | 5.0
1.4671458338646057 | 0 | 5.0
1.4516257373143289 | 0 | 5.0
1.4536034715975747 | 0 | 5.0
1.3857502756862579 | 0 | 5.0
1.347394354187711 | 1 | -0.5
1.3482448107117606 | 0 | 5.0
1.3508195539123018 | 0 | 5.0
1.3475300642115742 | 0 | 5.0
1.3772292992714736 | 1 | -0.5
1.3997611404200274 | 1 | -0.5
1.4760802076094475 | 1 | -0.5
1.7556183364548281 | 1 | -0.5
2.0961713789625165 | 1 | -0.5
2.5773043277657215 | 1 | -0.5
4.116516051474321 | 1 | -0.5
4.487597892237846 | 1 | -0.5
4.427387528791801 | 1 | -0.5
4.605513242475819 | 1 | -0.5
4.973320629836504 | 1 | -0.5
5.772672005649019 | 1 | -0.5
1.5698779244751908 | 1 | -0.5
1.3321707176077902 | 1 | -0.5
1.2487257104771663 | 1 | -0.5
1.175723121304463 | 0 | 5.0
1.1385797980268901 | 0 | 5.0
1.151217810392685 | 0 | 5.0
1.110995856051728 | 0 | 5.0
1.1203015745608667 | 0 | 5.0
1.0866747289884255 | 0 | 5.0
1.1071688565435074 | 0 | 5.0
1.086972255882762 | 0 | 5.0
1.0566005004027814 | 0 | 5.0
1.1047321159055343 | 1 | -0.5
1.0394548540470265 | 0 | 5.0
1.1364952517682962 | 0 | 5.0
1.1708533457116692 | 1 | -0.5
1.1860149646227827 | 1 | -0.5
1.2757547969925578 | 1 | -0.5
1.576725010094115 | 1 | -0.5
2.078367653438637 | 1 | -0.5
2.9856973331212835 | 1 | -0.5
4.524568189251051 | 1 | -0.5
4.393078465807667 | 1 | -0.5
4.47332577242585 | 1 | -0.5
4.8084014067328065 | 1 | -0.5
5.452066999661231 | 1 | -0.5
6.481357184347901 | 1 | -0.5
1.8192538061123027 | 1 | -0.5
1.650130743397969 | 1 | -0.5
1.5432252041276817 | 0 | 5.0
1.5012462546398684 | 0 | 5.0
1.504604317185027 | 0 | 5.0
1.4680492913519088 | 0 | 5.0
1.4182937221791287 | 0 | 5.0
1.414651846312442 | 0 | 5.0
1.336539468646339 | 0 | 5.0
1.3084848084414438 | 1 | -0.5
1.2721457783530281 | 0 | 5.0
1.2948536025056367 | 0 | 5.0
1.3065707150977786 | 0 | 5.0
1.2640849824280145 | 0 | 5.0
1.3191713130977967 | 0 | 5.0
1.338529927577312 | 1 | -0.5
1.3214211148592667 | 1 | -0.5
1.4999463769183934 | 1 | -0.5
1.6978181155771588 | 1 | -0.5
2.0582999381847125 | 1 | -0.5
2.7537329155199943 | 1 | -0.5
4.614347028406576 | 1 | -0.5
4.397663053102057 | 1 | -0.5
4.460519707329049 | 1 | -0.5
4.663215977853285 | 1 | -0.5
5.1049652354732995 | 1 | -0.5
5.885931118517644 | 1 | -0.5
1.7174213728069385 | 1 | -0.5
1.4624575737535206 | 1 | -0.5
1.3386883960295268 | 1 | -0.5
1.3171241539014829 | 0 | 5.0
1.2879087062687316 | 0 | 5.0
1.2292609705843414 | 0 | 5.0
1.222652324229987 | 0 | 5.0
1.2540326052770943 | 0 | 5.0
1.2121780180102928 | 0 | 5.0
1.2475945781918187 | 0 | 5.0
1.2384127281781023 | 0 | 5.0
1.228029528644498 | 0 | 5.0
1.2357096370844378 | 0 | 5.0
1.2458711249045586 | 1 | -0.5
1.2235646174751529 | 0 | 5.0
1.278645272834811 | 1 | -0.5
1.3072008667432498 | 1 | -0.5
1.5248012419270989 | 1 | -0.5
1.8293629022758915 | 1 | -0.5
2.4082741992691568 | 1 | -0.5
3.616383763182543 | 1 | -0.5
4.53385313039895 | 1 | -0.5
4.439210103208334 | 1 | -0.5
4.6107520147352 | 1 | -0.5
4.926707811443962 | 1 | -0.5
5.647891406803088 | 1 | -0.5
1.822227364929931 | 1 | -0.5
1.5176040614034767 | 1 | -0.5
1.3766612013327357 | 1 | -0.5
1.3149051308711608 | 0 | 5.0
1.3252045014199774 | 0 | 5.0
1.3135391426387495 | 0 | 5.0
1.3010889391063147 | 0 | 5.0
1.2791259361850476 | 0 | 5.0
1.276680342038254 | 0 | 5.0
1.2798516190263374 | 0 | 5.0
1.327981553381179 | 0 | 5.0
1.2850818266623267 | 0 | 5.0
1.2889595403405718 | 0 | 5.0
1.300205401816841 | 0 | 5.0
1.2641558580964904 | 1 | -0.5
1.2795138614666806 | 1 | -0.5
1.3527059015236378 | 1 | -0.5
1.5165138769584057 | 1 | -0.5
1.9342081745793938 | 1 | -0.5
2.479864328148245 | 1 | -0.5
4.094739557089122 | 1 | -0.5
4.602117269415955 | 1 | -0.5
4.556208101497919 | 1 | -0.5
4.7431236913927854 | 1 | -0.5
5.143175245656236 | 1 | -0.5
5.891938935310483 | 1 | -0.5
1.8362688695223597 | 1 | -0.5
1.5502125521177434 | 1 | -0.5
1.4427924391886755 | 1 | -0.5
1.3275666056457331 | 0 | 5.0
1.3527927926997785 | 0 | 5.0
1.3352662961792352 | 0 | 5.0
1.326715527649429 | 0 | 5.0
1.3276359337098949 | 0 | 5.0
1.3112052805056202 | 0 | 5.0
1.2842668695816237 | 0 | 5.0
1.2444291661619233 | 0 | 5.0
1.2426666221139242 | 0 | 5.0
1.2456117092298638 | 1 | -0.5
1.2425427002620344 | 0 | 5.0
1.2995691554703046 | 1 | -0.5
1.368419618296334 | 1 | -0.5
1.4987497946265034 | 1 | -0.5
1.8010317572038654 | 1 | -0.5
2.294794392661341 | 1 | -0.5
3.655814312584494 | 1 | -0.5
4.671801935467051 | 1 | -0.5
4.479361988604776 | 1 | -0.5
4.542457438363755 | 1 | -0.5
4.765526492653657 | 1 | -0.5
5.314896849955318 | 1 | -0.5
6.068323073081581 | 1 | -0.5
1.743406782595575 | 1 | -0.5
1.540279685767717 | 1 | -0.5
1.437573272399351 | 1 | -0.5
1.3710240295766178 | 0 | 5.0
1.328653350091005 | 0 | 5.0
1.352691963125442 | 0 | 5.0
1.262212913343868 | 0 | 5.0
1.310325689941138 | 0 | 5.0
1.2857151097766601 | 0 | 5.0
1.2859140918714207 | 0 | 5.0
1.2336221485941752 | 0 | 5.0
1.2557750469860218 | 0 | 5.0
1.2463592683388316 | 1 | -0.5
1.2655168832004133 | 0 | 5.0
1.2640938008677298 | 0 | 5.0
1.2675418688827866 | 1 | -0.5
1.3572541380297707 | 1 | -0.5
1.525713376626972 | 1 | -0.5
1.81083771980533 | 1 | -0.5
2.296582504725767 | 1 | -0.5
3.254561699700798 | 1 | -0.5
4.470659240644109 | 1 | -0.5
4.375595196567682 | 1 | -0.5
4.442051744726398 | 1 | -0.5
4.773228240977386 | 1 | -0.5
5.462903536135815 | 1 | -0.5
1.7603684630475196 | 1 | -0.5
1.468342281918932 | 1 | -0.5
1.331327278017574 | 1 | -0.5
1.2703106516785496 | 0 | 5.0
1.248870240334348 | 0 | 5.0
1.2552386142963743 | 0 | 5.0
1.1862162567929697 | 0 | 5.0
1.1356724278790837 | 0 | 5.0
1.1739923661483036 | 0 | 5.0
1.16464878276232 | 0 | 5.0
1.103808615372481 | 1 | -0.5
1.092165983688001 | 0 | 5.0
1.076692228572904 | 0 | 5.0
1.0809985873176708 | 0 | 5.0
1.13166251480675 | 1 | -0.5
1.1344712660867302 | 0 | 5.0
1.1710525677351873 | 1 | -0.5
1.2602258820343435 | 1 | -0.5
1.449277665692436 | 1 | -0.5
1.892913734565935 | 1 | -0.5
2.4929430364079126 | 1 | -0.5
4.160918031419387 | 1 | -0.5
4.5210155659342295 | 1 | -0.5
4.469816263114707 | 1 | -0.5
4.710264923328037 | 1 | -0.5
5.093941727372307 | 1 | -0.5
5.843128370094094 | 1 | -0.5
1.8757666006943 | 1 | -0.5
1.666977787588845 | 1 | -0.5
1.5180697358734383 | 1 | -0.5
1.4153363141544966 | 0 | 5.0
1.4206616812574786 | 0 | 5.0
1.3845876959385166 | 0 | 5.0
1.395994137269011 | 0 | 5.0
1.3848067582986177 | 0 | 5.0
1.3337072381519772 | 0 | 5.0
1.3187637042723186 | 0 | 5.0
1.2907604952714438 | 0 | 5.0
1.2306226971282568 | 0 | 5.0
1.1840940020337327 | 0 | 5.0
1.212327663156377 | 1 | -0.5
1.1861344686212052 | 0 | 5.0
1.2049153224960603 | 0 | 5.0
1.2529005034929994 | 1 | -0.5
1.308407017368249 | 1 | -0.5
1.4294795521735324 | 1 | -0.5
1.6133829031184557 | 1 | -0.5
1.9723175339819259 | 1 | -0.5
2.8059919665152893 | 1 | -0.5
4.403757736490815 | 1 | -0.5
4.471043285634899 | 1 | -0.5
4.43874245585513 | 1 | -0.5
4.611648240813557 | 1 | -0.5
4.89821509626858 | 1 | -0.5
5.603057288881477 | 1 | -0.5
1.9630412462495535 | 1 | -0.5
1.6490570648374505 | 1 | -0.5
1.50496380280054 | 1 | -0.5
1.3876885287182081 | 0 | 5.0
1.3586560777880057 | 0 | 5.0
1.3339579685922633 | 0 | 5.0
1.3037624804403583 | 0 | 5.0
1.302981326138657 | 0 | 5.0
1.329953036164401 | 0 | 5.0
1.255144730252376 | 0 | 5.0
1.2510035787817069 | 0 | 5.0
1.2523719393416843 | 0 | 5.0
1.1923731505352133 | 1 | -0.5
1.2113910917871582 | 0 | 5.0
1.204072677100865 | 0 | 5.0
1.280245706178341 | 1 | -0.5
1.2866935183525376 | 1 | -0.5
1.4429744304282792 | 1 | -0.5
1.6824631296891945 | 1 | -0.5
2.0802935072414397 | 1 | -0.5
3.024767988672885 | 1 | -0.5
4.61647761384059 | 1 | -0.5
4.474467887166091 | 1 | -0.5
4.456251487242662 | 1 | -0.5
4.596350777102263 | 1 | -0.5
4.922212559214908 | 1 | -0.5
5.699364292090367 | 1 | -0.5
1.7125836230662974 | 1 | -0.5
1.5111780906851784 | 1 | -0.5
1.3649058506543321 | 1 | -0.5
1.280852522251006 | 0 | 5.0
1.3129659615868075 | 0 | 5.0
1.296725024643151 | 0 | 5.0
1.2434213424120217 | 0 | 5.0
1.2743856436233383 | 0 | 5.0
1.2213934418114487 | 0 | 5.0
1.2067433663730824 | 0 | 5.0
1.198365493685869 | 0 | 5.0
1.130951314289889 | 1 | -0.5
1.1308131113386508 | 0 | 5.0
1.1581324210900195 | 0 | 5.0
1.1717519273080303 | 0 | 5.0
1.2044837258686703 | 1 | -0.5
1.3143121512869076 | 1 | -0.5
1.4134938398415298 | 1 | -0.5
1.6425811099352636 | 1 | -0.5
2.2088002356966103 | 1 | -0.5
3.4025428371444892 | 1 | -0.5
4.495060252012787 | 1 | -0.5
4.428238172207154 | 1 | -0.5
4.508714444971834 | 1 | -0.5
4.823361425376887 | 1 | -0.5
5.512908969792846 | 1 | -0.5
1.9319340959806175 | 1 | -0.5
1.6624162208692714 | 1 | -0.5
1.4030407193896108 | 1 | -0.5
1.2858619881427515 | 0 | 5.0
1.2996435133543611 | 0 | 5.0
1.2787426885049789 | 0 | 5.0
1.2502974396936117 | 0 | 5.0
1.2461895476200593 | 0 | 5.0
1.2051665159969072 | 0 | 5.0
1.1635383100167032 | 0 | 5.0
1.1385123622290352 | 0 | 5.0
1.1285277517370027 | 0 | 5.0
1.1156445535332535 | 1 | -0.5
1.069105081777841 | 0 | 5.0
1.1400008709137435 | 0 | 5.0
1.1256222303250212 | 0 | 5.0
1.1578753177896048 | 1 | -0.5
1.2609520152987885 | 1 | -0.5
1.3582979344429016 | 1 | -0.5
1.6840309965815825 | 1 | -0.5
2.1032602406610197 | 1 | -0.5
3.0973553090387216 | 1 | -0.5
4.555510737169148 | 1 | -0.5
4.4469305876519645 | 1 | -0.5
4.49012386054482 | 1 | -0.5
4.773223466982722 | 1 | -0.5
5.4077308672534175 | 1 | -0.5
2.0968711182039312 | 1 | -0.5
1.7417500060549758 | 1 | -0.5
1.49192991591755 | 1 | -0.5
1.3684681232907203 | 0 | 5.0
1.3534351614528393 | 0 | 5.0
1.329487003900542 | 0 | 5.0
1.270846612081793 | 0 | 5.0
1.2597107437837125 | 0 | 5.0
1.2677964388209428 | 1 | -0.5
1.2098292556781682 | 0 | 5.0
1.217782153585182 | 0 | 5.0
1.2029834489695854 | 0 | 5.0
1.1871231634828145 | 0 | 5.0
1.1841395944133257 | 0 | 5.0
1.1909053667966374 | 0 | 5.0
1.1957446458912564 | 1 | -0.5
1.1547091429717755 | 1 | -0.5
1.262897918126596 | 1 | -0.5
1.5253099867478934 | 1 | -0.5
1.860930243442942 | 0 | 5.0
1.9563116999833916 | 0 | 5.0
2.1306073173697078 | 0 | 5.0
2.4548197373787484 | 0 | 5.0
2.5797274299666535 | 0 | 5.0
2.829237803220616 | 0 | 5.0
2.9930416697455526 | 0 | 5.0
3.1606771624928527 | 0 | 5.0
3.3231727583389645 | 0 | 5.0
3.492749076990986 | 0 | -200.0
Total reward: 722.0
3.5, 0.0, 1.0, -2.0, 5.0, 4.0, 6.0, -1.0, -3.0, -2.0, 6.0, -3.0, 0.5, 1.5, -0.5, -3.0, 1.0, 1.0
parameter ends

state | action | reward
[1.55] | 0 | 5.0
1.476790426877656 | 0 | 5.0
1.5121920880765565 | 0 | 5.0
1.4249756079977807 | 0 | 5.0
1.3607368709562715 | 1 | -0.5
1.3074106034082604 | 0 | 5.0
1.2993439378144154 | 0 | 5.0
1.3109063533124836 | 0 | 5.0
1.2697036186018795 | 0 | 5.0
1.2860308970313115 | 0 | 5.0
1.208229799314899 | 0 | 5.0
1.218465079714113 | 0 | 5.0
1.2634489938586948 | 0 | 5.0
1.2682807893142505 | 0 | 5.0
1.2631954659406743 | 0 | 5.0
1.272257133229411 | 0 | 5.0
1.2792057087909396 | 0 | 5.0
1.2807716142103571 | 0 | 5.0
1.3227899343334175 | 0 | 5.0
1.3080484346691597 | 0 | 5.0
1.356486970516037 | 0 | 5.0
1.3798023233647951 | 0 | 5.0
1.3928532850519544 | 0 | 5.0
1.388866255311211 | 0 | 5.0
1.3954738942663036 | 0 | 5.0
1.433572095412788 | 0 | 5.0
1.371841536729303 | 0 | 5.0
1.4746280713906288 | 0 | 5.0
1.4511247199911828 | 0 | 5.0
1.4480396587729905 | 0 | 5.0
1.4607542715523893 | 0 | 5.0
1.4891543170752335 | 0 | 5.0
1.5550434679253975 | 0 | 5.0
1.5563586623473535 | 0 | 5.0
1.535241685037642 | 0 | 5.0
1.5528645947120139 | 0 | 5.0
1.6097471055621335 | 0 | 5.0
1.6250511712551454 | 0 | 5.0
1.670011094895747 | 0 | 5.0
1.6585976147095896 | 0 | 5.0
1.680822115087501 | 0 | 5.0
1.7014740266173285 | 0 | 5.0
1.7229392689186538 | 0 | 5.0
1.7531309220984563 | 0 | 5.0
1.7469508632221156 | 0 | 5.0
1.8027441968234956 | 0 | 5.0
1.807511639543024 | 0 | 5.0
1.7926363985179847 | 0 | 5.0
1.820019162110376 | 0 | 5.0
1.841409360462749 | 0 | 5.0
1.872732759459386 | 0 | 5.0
1.8379018096354494 | 0 | 5.0
1.8989024677394255 | 0 | 5.0
1.8881536552907452 | 0 | 5.0
1.8932773828996652 | 0 | 5.0
1.9606299226706108 | 0 | 5.0
1.9670652537728324 | 0 | 5.0
2.0139654574556722 | 0 | 5.0
2.0160455135509916 | 0 | 5.0
2.0475849495444294 | 0 | 5.0
2.073847287806942 | 0 | 5.0
2.0784203690814627 | 0 | 5.0
2.1040783590852095 | 1 | -0.5
2.2034702692229153 | 1 | -0.5
2.3653440123567546 | 1 | -0.5
2.7418588870160394 | 1 | -0.5
3.3212335445774746 | 1 | -0.5
4.596845146287404 | 1 | -0.5
4.225296038807423 | 1 | -0.5
4.026739003715867 | 1 | -0.5
4.057191306042742 | 1 | -0.5
4.230404118389352 | 1 | -0.5
1.1795499276138546 | 1 | -0.5
0.7599712099877066 | 1 | -0.5
0.6352967868149128 | 1 | -0.5
0.5260298693101892 | 1 | -0.5
0.4927326040598496 | 1 | -0.5
0.4672715201072083 | 0 | 5.0
0.45746177698433166 | 0 | 5.0
0.49211195515229444 | 0 | 5.0
0.4918319135383293 | 0 | 5.0
0.5339127880434391 | 0 | 5.0
0.5196925808944163 | 0 | 5.0
0.5364790470295626 | 0 | 5.0
0.5489372552326037 | 0 | 5.0
0.5691948192129577 | 0 | 5.0
0.5607420243676208 | 0 | 5.0
0.6409206353709159 | 0 | 5.0
0.6751955030225719 | 0 | 5.0
0.6788079837866793 | 0 | 5.0
0.7427412675912987 | 0 | 5.0
0.7409180663802736 | 0 | 5.0
0.7804999941983675 | 0 | 5.0
0.8266041870342259 | 0 | 5.0
0.8245118245347484 | 0 | 5.0
0.8696717253748055 | 0 | 5.0
0.9226639206135376 | 0 | 5.0
0.9540354062064244 | 0 | 5.0
1.020711250006644 | 0 | 5.0
1.0027375613634038 | 0 | 5.0
1.0699082754802485 | 0 | 5.0
1.1134386349959404 | 0 | 5.0
1.10226503620112 | 0 | 5.0
1.1817347025008904 | 0 | 5.0
1.2744297766955355 | 0 | 5.0
1.2830623832826302 | 0 | 5.0
1.295727418453259 | 0 | 5.0
1.3712340592844523 | 0 | 5.0
1.4187536951481934 | 0 | 5.0
1.4974100174020537 | 0 | 5.0
1.5454479400341214 | 0 | 5.0
1.6387490693034075 | 1 | -0.5
1.7568872538997198 | 1 | -0.5
2.061932315147011 | 1 | -0.5
2.551925570083741 | 1 | -0.5
3.7230990257430503 | 1 | -0.5
9.09199430444312 | 0 | 5.0
5.737443286176038 | 1 | -0.5
8.6908849458093 | 0 | 5.0
8.692948989314424 | 0 | 5.0
8.642205839799935 | 0 | 5.0
8.66101029676175 | 0 | -200.0
Total reward: 284.0
3.5, 0.0, 1.0, -2.0, 5.0, 4.0, 6.0, -1.0, -3.0, -2.0, 6.0, -3.0, 0.5, 1.5, -0.5, -3.0, 1.0, 1.0
parameter ends

state | action | reward
[4.24] | 1 | -0.5
3.4981491775102116 | 1 | -0.5
2.993169555886958 | 1 | -0.5
2.755140056809609 | 1 | -0.5
2.6920173021228275 | 1 | -0.5
2.6848729939615565 | 1 | -0.5
2.8196946645723924 | 1 | -0.5
2.343322255052993 | 1 | -0.5
1.662473084158051 | 1 | -0.5
1.3827311612323727 | 1 | -0.5
1.1795877662739345 | 1 | -0.5
1.0538320229963152 | 1 | -0.5
1.0313115476172718 | 0 | 5.0
1.003992992438247 | 0 | 5.0
1.0073019539688637 | 0 | 5.0
0.9445429695093331 | 0 | 5.0
0.9824628256013682 | 0 | 5.0
0.9733590227580006 | 0 | 5.0
0.9104331146489724 | 0 | 5.0
0.9334251718437254 | 0 | 5.0
0.9198231565987758 | 0 | 5.0
0.901746174652934 | 0 | 5.0
0.8700370240103554 | 0 | 5.0
0.8551333295157196 | 0 | 5.0
0.8339907040516527 | 0 | 5.0
0.8320109330021292 | 0 | 5.0
0.8024758846637413 | 0 | 5.0
0.7955970399164084 | 0 | 5.0
0.7999773873478015 | 0 | 5.0
0.7578261781164607 | 1 | -0.5
0.7705143715176163 | 0 | 5.0
0.835130722225558 | 0 | 5.0
0.8666349154112155 | 0 | 5.0
0.8779295075665442 | 1 | -0.5
0.9268167311884329 | 1 | -0.5
1.1055938350023335 | 1 | -0.5
1.3014379695437517 | 1 | -0.5
1.768031800342309 | 1 | -0.5
2.756541393125565 | 1 | -0.5
4.603089685854644 | 1 | -0.5
4.5114904212728915 | 1 | -0.5
4.680632028270119 | 1 | -0.5
5.106910675591383 | 1 | -0.5
5.647568342117097 | 1 | -0.5
6.835362913421721 | 1 | -0.5
2.1390276017481527 | 1 | -0.5
1.9189669900710404 | 0 | 5.0
1.8678404403539348 | 0 | 5.0
1.8247579461372967 | 0 | 5.0
1.7188259334624028 | 0 | 5.0
1.6342325941894746 | 0 | 5.0
1.569280021936031 | 0 | 5.0
1.5210439609116768 | 1 | -0.5
1.3740262702129482 | 0 | 5.0
1.3531357647722912 | 0 | 5.0
1.2929670471292585 | 0 | 5.0
1.2242801806032488 | 1 | -0.5
1.2091725865558072 | 0 | 5.0
1.2144921861265647 | 1 | -0.5
1.2996752073739855 | 1 | -0.5
1.3663247676332253 | 1 | -0.5
1.515753071707294 | 1 | -0.5
1.7941084482479879 | 1 | -0.5
5.537380553255123 | 1 | -0.5
5.02782616286855 | 1 | -0.5
4.667222879074282 | 1 | -0.5
4.5534260006786536 | 1 | -0.5
4.586084094253957 | 1 | -0.5
4.4301642108846435 | 1 | -0.5
2.7664504567899417 | 1 | -0.5
2.1864918985577164 | 1 | -0.5
1.8110258646310209 | 1 | -0.5
1.6073255973214897 | 1 | -0.5
1.497414835348644 | 1 | -0.5
1.3851427830460137 | 0 | 5.0
1.350151826381816 | 0 | 5.0
1.3665051945720348 | 0 | 5.0
1.3407844777637132 | 0 | 5.0
1.3201785213675354 | 0 | 5.0
1.2984221041789268 | 0 | 5.0
1.3188002704160202 | 0 | 5.0
1.2955710734240247 | 0 | 5.0
1.3016143078558975 | 0 | 5.0
1.3590477447950584 | 0 | 5.0
1.3284987353225917 | 0 | 5.0
1.3204387263926514 | 1 | -0.5
1.393172334030518 | 1 | -0.5
1.4535039506795795 | 1 | -0.5
1.5709289647875442 | 1 | -0.5
1.8956843287341412 | 1 | -0.5
2.43205033533255 | 1 | -0.5
3.6094383812998494 | 1 | -0.5
4.451776339635295 | 1 | -0.5
4.35292128330831 | 1 | -0.5
4.415832947026089 | 1 | -0.5
4.824925565468869 | 1 | -0.5
5.528067610290713 | 1 | -0.5
1.8946578224604012 | 1 | -0.5
1.5910796850016817 | 1 | -0.5
1.4125254776311507 | 1 | -0.5
1.3026107622317096 | 0 | 5.0
1.2504813359191698 | 0 | 5.0
1.2208312265441132 | 0 | 5.0
1.2118862611485468 | 0 | 5.0
1.1627325109960711 | 0 | 5.0
1.1406078467098804 | 0 | 5.0
1.1390713702248925 | 0 | 5.0
1.110594562909935 | 0 | 5.0
1.073508435349305 | 0 | 5.0
1.0407897476706869 | 1 | -0.5
0.9913383539576249 | 1 | -0.5
1.0059101944829838 | 0 | 5.0
1.022363670446427 | 0 | 5.0
1.0679096027565695 | 1 | -0.5
1.143731300035603 | 1 | -0.5
1.2287866716145162 | 1 | -0.5
1.5496210616734232 | 1 | -0.5
5.545043817157598 | 1 | -0.5
4.9546407867307565 | 1 | -0.5
4.62309774461485 | 1 | -0.5
4.501627933930103 | 1 | -0.5
4.583242127863935 | 1 | -0.5
4.648814046542883 | 1 | -0.5
3.0054347585040433 | 1 | -0.5
2.3411530721832405 | 1 | -0.5
1.994131724310336 | 1 | -0.5
1.7772293971126105 | 1 | -0.5
1.6364337721257178 | 0 | 5.0
1.6830491998944301 | 0 | 5.0
1.606452091917873 | 0 | 5.0
1.5617792443953051 | 0 | 5.0
1.5611369634917414 | 0 | 5.0
1.5592095531679562 | 0 | 5.0
1.481764743936692 | 0 | 5.0
1.473114198131934 | 0 | 5.0
1.4443755943232173 | 0 | 5.0
1.3723858111821976 | 1 | -0.5
1.384561134986762 | 0 | 5.0
1.4078348418173525 | 0 | 5.0
1.4226501116828314 | 1 | -0.5
1.4489831883106863 | 1 | -0.5
1.5415881370296607 | 1 | -0.5
1.7772217465063775 | 1 | -0.5
2.1686891320208104 | 1 | -0.5
3.0085298016684066 | 1 | -0.5
4.535634317536901 | 1 | -0.5
4.3304488547547715 | 1 | -0.5
4.35398037284479 | 1 | -0.5
4.503307531902188 | 1 | -0.5
4.9241747659456205 | 1 | -0.5
5.454769026687032 | 1 | -0.5
1.6774531662829044 | 1 | -0.5
1.3891792635823983 | 1 | -0.5
1.2580017280511595 | 1 | -0.5
1.210003902700151 | 0 | 5.0
1.1731966274814614 | 0 | 5.0
1.1727959253505724 | 0 | 5.0
1.179072585496518 | 0 | 5.0
1.1057285186579267 | 0 | 5.0
1.0946071824845591 | 0 | 5.0
1.103158630936759 | 0 | 5.0
1.017074777635191 | 0 | 5.0
1.0109448291751404 | 1 | -0.5
1.0210006558077138 | 0 | 5.0
1.0095726756331591 | 0 | 5.0
0.9709527735761271 | 1 | -0.5
1.0361715447777933 | 0 | 5.0
1.0376529331708548 | 1 | -0.5
1.0999265873326265 | 1 | -0.5
1.2624388212633273 | 1 | -0.5
1.5468895047903353 | 1 | -0.5
5.573983715918839 | 1 | -0.5
4.971528676996728 | 1 | -0.5
4.63026704838685 | 1 | -0.5
4.5123776114671745 | 1 | -0.5
4.6511116480828445 | 1 | -0.5
4.0727552433429155 | 1 | -0.5
2.9356524778586106 | 1 | -0.5
2.1904026259529163 | 1 | -0.5
1.820157704599771 | 1 | -0.5
1.6276553356882837 | 1 | -0.5
1.5328839529719107 | 0 | 5.0
1.4884524311239795 | 0 | 5.0
1.5025960776987561 | 0 | 5.0
1.4407007438979529 | 0 | 5.0
1.39731861610755 | 0 | 5.0
1.3109634295866246 | 0 | 5.0
1.302070946727075 | 1 | -0.5
1.2675623946588914 | 0 | 5.0
1.2339004182400108 | 0 | 5.0
1.200779806727157 | 0 | 5.0
1.22811319752143 | 1 | -0.5
1.2363145304814611 | 0 | 5.0
1.2867144408547346 | 1 | -0.5
1.274634195506465 | 1 | -0.5
1.37606327336849 | 1 | -0.5
1.5384855443902796 | 1 | -0.5
2.0094067912780815 | 1 | -0.5
2.773597215619262 | 1 | -0.5
4.3225299620395505 | 1 | -0.5
4.536440928922713 | 1 | -0.5
4.49453915937585 | 1 | -0.5
4.688537170958415 | 1 | -0.5
5.190240430162782 | 1 | -0.5
6.241110232108427 | 1 | -0.5
1.8178479394996887 | 1 | -0.5
1.5772323076291288 | 1 | -0.5
1.4084058630468645 | 0 | 5.0
1.384316304372858 | 0 | 5.0
1.3147710377216224 | 0 | 5.0
1.2990659963602333 | 0 | 5.0
1.1948505040581177 | 0 | 5.0
1.164777631701572 | 0 | 5.0
1.1133588205422043 | 0 | 5.0
1.1092966923505685 | 1 | -0.5
1.07247846872926 | 0 | 5.0
1.007379745285317 | 0 | 5.0
1.009822879615065 | 1 | -0.5
1.0150942988060618 | 0 | 5.0
1.0871493935359868 | 1 | -0.5
1.1398742046501247 | 1 | -0.5
1.316090421282815 | 1 | -0.5
1.5727505161699389 | 1 | -0.5
1.9710013431216638 | 1 | -0.5
5.017979320727135 | 1 | -0.5
4.659288710237052 | 1 | -0.5
4.548684642269132 | 1 | -0.5
4.645143460967481 | 1 | -0.5
4.371811250125552 | 1 | -0.5
2.887469361951785 | 1 | -0.5
2.2374051812387643 | 1 | -0.5
1.8850494785487357 | 1 | -0.5
1.6497347780364706 | 0 | 5.0
1.644756306940041 | 0 | 5.0
1.573668342546263 | 0 | 5.0
1.514224066593342 | 0 | 5.0
1.4371657316742616 | 0 | 5.0
1.417880042236483 | 0 | 5.0
1.3998846156882871 | 1 | -0.5
1.3059781945462543 | 0 | 5.0
1.2993628500158116 | 0 | 5.0
1.3458275543135871 | 0 | 5.0
1.3135194400040937 | 0 | 5.0
1.2814080597080955 | 1 | -0.5
1.3306783996236633 | 0 | 5.0
1.3796923138118846 | 1 | -0.5
1.4723534975607306 | 1 | -0.5
1.6782003778611814 | 1 | -0.5
2.1024744079328066 | 1 | -0.5
3.0682828803964806 | 1 | -0.5
4.564129617169718 | 1 | -0.5
4.420694724112089 | 1 | -0.5
4.463298556328567 | 1 | -0.5
4.608421827440344 | 1 | -0.5
5.006890730726619 | 1 | -0.5
5.709255606544703 | 1 | -0.5
1.689655828340283 | 1 | -0.5
1.441044978312522 | 1 | -0.5
1.3348965858263326 | 0 | 5.0
1.2464879033959435 | 0 | 5.0
1.2061508228020486 | 0 | 5.0
1.1595381918166998 | 0 | 5.0
1.128581421369499 | 0 | 5.0
1.0833059413112491 | 0 | 5.0
1.002647513018205 | 1 | -0.5
0.9357088060891321 | 0 | 5.0
0.9501589873884227 | 0 | 5.0
0.9387688826147648 | 0 | 5.0
0.888875248945382 | 1 | -0.5
0.8456050366108891 | 0 | 5.0
0.8813845129581714 | 1 | -0.5
0.9177016737614857 | 0 | 5.0
1.018881157489306 | 1 | -0.5
1.1147781205113554 | 1 | -0.5
1.2496181997672164 | 1 | -0.5
1.5467093337411726 | 1 | -0.5
5.2382422866521585 | 1 | -0.5
4.834748485440199 | 1 | -0.5
4.57235614390568 | 1 | -0.5
4.591948342635457 | 1 | -0.5
4.88029412329574 | 1 | -0.5
3.229303579581677 | 1 | -0.5
2.3482384120952524 | 1 | -0.5
1.938526497985288 | 1 | -0.5
1.7510728274478573 | 1 | -0.5
1.6137606822469068 | 0 | 5.0
1.6152281930823857 | 0 | 5.0
1.584053244929957 | 0 | 5.0
1.555363616047959 | 0 | 5.0
1.5044671167876038 | 0 | 5.0
1.4036333318089906 | 0 | 5.0
1.3762001151201806 | 0 | 5.0
1.3311006346676628 | 1 | -0.5
1.265942061266124 | 0 | 5.0
1.2914582344122514 | 0 | 5.0
1.3227778063552882 | 0 | 5.0
1.3170760673911526 | 0 | 5.0
1.3463588466007574 | 1 | -0.5
1.4234690810281618 | 1 | -0.5
1.5758941244817668 | 1 | -0.5
1.839615258931423 | 1 | -0.5
2.3218720052583928 | 1 | -0.5
3.2204456836761044 | 1 | -0.5
4.552933190672455 | 1 | -0.5
4.417776518679558 | 1 | -0.5
4.380644204947837 | 1 | -0.5
4.65906790854634 | 1 | -0.5
5.067691901948528 | 1 | -0.5
5.741044132571901 | 1 | -0.5
1.6486357365730813 | 1 | -0.5
1.4061863689270218 | 1 | -0.5
1.295388224198648 | 0 | 5.0
1.2005545218143638 | 0 | 5.0
1.1974244545002244 | 0 | 5.0
1.0946048269874065 | 0 | 5.0
1.0727876886473593 | 1 | -0.5
1.027512093687156 | 0 | 5.0
0.9605732224057404 | 0 | 5.0
0.9901728897972276 | 0 | 5.0
0.9609730897659631 | 0 | 5.0
0.9460155764838477 | 0 | 5.0
0.9335636024216739 | 0 | 5.0
0.9039951494600983 | 1 | -0.5
0.9612229971436163 | 0 | 5.0
0.9920028346840297 | 1 | -0.5
1.0271893900597344 | 1 | -0.5
1.143607778519934 | 1 | -0.5
1.305105946648131 | 1 | -0.5
1.6969359296466056 | 1 | -0.5
5.024726908097777 | 1 | -0.5
4.623287327040689 | 1 | -0.5
4.513332858777079 | 1 | -0.5
4.590876093568185 | 1 | -0.5
4.449967999867486 | 1 | -0.5
3.042310887247723 | 1 | -0.5
2.292911768989543 | 1 | -0.5
1.9449818327874326 | 1 | -0.5
1.768381081726666 | 1 | -0.5
1.6199163548051698 | 0 | 5.0
1.6310857714846965 | 0 | 5.0
1.5664126287421185 | 0 | 5.0
1.5447261027646957 | 0 | 5.0
1.4811404502276813 | 0 | 5.0
1.4909860115358196 | 0 | 5.0
1.4273505595361324 | 0 | 5.0
1.4286026117922308 | 0 | 5.0
1.3831488341852192 | 1 | -0.5
1.3201928384664228 | 0 | 5.0
1.3577255368932863 | 0 | 5.0
1.3552712455197011 | 0 | 5.0
1.3972571886556506 | 1 | -0.5
1.4212760461715512 | 1 | -0.5
1.4798814921072092 | 1 | -0.5
1.6365958961257558 | 1 | -0.5
2.050797407288144 | 1 | -0.5
2.747723628768322 | 1 | -0.5
3.9517341859024846 | 1 | -0.5
4.561337333772322 | 1 | -0.5
4.533457536422326 | 1 | -0.5
4.597055346032153 | 1 | -0.5
4.929696013731362 | 1 | -0.5
5.366768546236373 | 1 | -0.5
1.9097308536872952 | 1 | -0.5
1.6024830319713685 | 1 | -0.5
1.4010814822449613 | 1 | -0.5
1.3260727357427051 | 0 | 5.0
1.2745386492699224 | 0 | 5.0
1.2181078857906626 | 0 | 5.0
1.1699138788862393 | 0 | 5.0
1.160021040208849 | 0 | 5.0
1.1370071293052637 | 0 | 5.0
1.0980735760372136 | 0 | 5.0
1.0889163696124529 | 0 | 5.0
1.0809890149873214 | 1 | -0.5
1.0412039505356594 | 0 | 5.0
0.9768265825100745 | 0 | 5.0
0.9936237679396909 | 1 | -0.5
1.0346512479887735 | 0 | 5.0
1.0747936709908177 | 1 | -0.5
1.15218515833223 | 1 | -0.5
1.3272690021419733 | 1 | -0.5
1.7477406167473457 | 1 | -0.5
5.084525267063113 | 1 | -0.5
4.710487133838301 | 1 | -0.5
4.447737678235752 | 1 | -0.5
4.4546806527557665 | 1 | -0.5
4.666510564565076 | 1 | -0.5
3.247322726515744 | 1 | -0.5
2.351673135746141 | 1 | -0.5
1.9479092629104477 | 1 | -0.5
1.7025203702617382 | 1 | -0.5
1.5796483289271426 | 1 | -0.5
1.4566938055095766 | 0 | 5.0
1.4284173582492745 | 0 | 5.0
1.4161596928815054 | 0 | 5.0
1.4048574564244696 | 0 | 5.0
1.372407613085166 | 0 | 5.0
1.3644420477611823 | 0 | 5.0
1.3298726374473684 | 0 | 5.0
1.3091340586133429 | 0 | 5.0
1.2759080995101788 | 1 | -0.5
1.196713082889455 | 0 | 5.0
1.2643779389575942 | 0 | 5.0
1.2975996948390214 | 0 | 5.0
1.3112060715509055 | 1 | -0.5
1.3599376607226052 | 1 | -0.5
1.4694196163965647 | 1 | -0.5
1.765439793189729 | 1 | -0.5
2.2003208713236893 | 1 | -0.5
3.025078804205889 | 1 | -0.5
4.561400257057825 | 1 | -0.5
4.37113689905967 | 1 | -0.5
4.3850887901703945 | 1 | -0.5
4.544479562355304 | 1 | -0.5
4.8638255885989565 | 1 | -0.5
5.553225819814085 | 1 | -0.5
1.7943078654802602 | 1 | -0.5
1.6240606233732127 | 1 | -0.5
1.4106928796390725 | 1 | -0.5
1.327876660346231 | 0 | 5.0
1.3021257949214182 | 0 | 5.0
1.281504651823914 | 0 | 5.0
1.297970622687205 | 0 | 5.0
1.2607479683327774 | 0 | 5.0
1.2447671028526595 | 0 | 5.0
1.2029688603307094 | 0 | 5.0
1.2053906958963216 | 0 | 5.0
1.1883973383774646 | 0 | 5.0
1.1619204325331167 | 1 | -0.5
1.1262720963514699 | 0 | 5.0
1.149859731974874 | 0 | 5.0
1.114018616959125 | 1 | -0.5
1.1535430884392868 | 1 | -0.5
1.2667574108282216 | 1 | -0.5
1.3938746334800467 | 1 | -0.5
1.762550190469309 | 1 | -0.5
5.376057953710048 | 1 | -0.5
4.901531954714698 | 1 | -0.5
4.597535169978549 | 1 | -0.5
4.489397064063718 | 1 | -0.5
4.6711629812642 | 1 | -0.5
3.9267695891313683 | 1 | -0.5
2.8556374130804985 | 1 | -0.5
2.149421329734106 | 1 | -0.5
1.8464156865878687 | 1 | -0.5
1.6016002275956518 | 1 | -0.5
1.566194832487274 | 0 | 5.0
1.5312644162479077 | 0 | 5.0
1.5018403831376466 | 0 | 5.0
1.4936955543218364 | 0 | 5.0
1.4554750580614049 | 0 | 5.0
1.4440080225409724 | 0 | 5.0
1.4278932271797622 | 0 | 5.0
1.4499475733634302 | 0 | 5.0
1.4028865301233269 | 0 | 5.0
1.4076399871981378 | 0 | 5.0
1.3850395758728087 | 1 | -0.5
1.339868819531791 | 0 | 5.0
1.372072034346514 | 0 | 5.0
1.3748013492575808 | 1 | -0.5
1.4010474880382418 | 1 | -0.5
1.5343773138807149 | 1 | -0.5
1.8031539278726136 | 1 | -0.5
2.2383951241399775 | 1 | -0.5
3.2329138868940777 | 1 | -0.5
4.498931721809931 | 1 | -0.5
4.317160868862125 | 1 | -0.5
4.3325617448395715 | 1 | -0.5
4.545710661042063 | 1 | -0.5
5.015880496015378 | 1 | -0.5
5.949669679475116 | 1 | -0.5
1.5556211902201165 | 1 | -0.5
1.3378037104712686 | 1 | -0.5
1.20283395130043 | 0 | 5.0
1.1797753773601485 | 0 | 5.0
1.1850575243011794 | 0 | 5.0
1.119423873197192 | 0 | 5.0
1.0953531068271156 | 0 | 5.0
1.0964769742398648 | 0 | 5.0
1.0341342732003345 | 0 | 5.0
1.0139201105965094 | 0 | 5.0
0.9517751758704879 | 0 | 5.0
0.9556399811631497 | 1 | -0.5
0.9248047436334667 | 0 | 5.0
0.9428810673676239 | 0 | 5.0
0.9188535335264966 | 1 | -0.5
0.9538634894113722 | 0 | 5.0
1.0283646934769917 | 1 | -0.5
1.0898214740685892 | 1 | -0.5
1.2616744680009697 | 1 | -0.5
1.5380042000079976 | 1 | -0.5
5.234240801432136 | 1 | -0.5
4.703258097806763 | 1 | -0.5
4.466692323173031 | 1 | -0.5
4.531974798466305 | 1 | -0.5
4.587863774869966 | 1 | -0.5
3.149519909012001 | 1 | -0.5
2.248274946114591 | 1 | -0.5
1.846199319612262 | 1 | -0.5
1.6351779085698457 | 1 | -0.5
1.5956055759381613 | 0 | 5.0
1.5220856493489252 | 0 | 5.0
1.5561883076640202 | 0 | 5.0
1.5363530685318034 | 0 | 5.0
1.5212908643928138 | 0 | 5.0
1.4613458437257119 | 0 | 5.0
1.4576464455781866 | 0 | 5.0
1.4247679057620428 | 0 | 5.0
1.3899753748635881 | 0 | 5.0
1.4004257179309605 | 0 | 5.0
1.3376317747113193 | 0 | 5.0
1.3575103095399335 | 1 | -0.5
1.396900946305372 | 1 | -0.5
1.4383083626887359 | 1 | -0.5
1.619013217875171 | 1 | -0.5
1.9650528145763462 | 0 | 5.0
2.1868568360007083 | 0 | 5.0
2.377253876684766 | 0 | 5.0
2.548520694391581 | 0 | 5.0
2.667794505548394 | 0 | 5.0
2.9041041892576986 | 0 | 5.0
3.017940893709125 | 0 | 5.0
3.127171135515741 | 0 | 5.0
3.280381192455015 | 0 | -200.0
Total reward: 776.0
3.5, 0.0, 1.0, -2.0, 5.0, 4.0, 6.0, -1.0, -3.0, -2.0, 6.0, -3.0, 0.5, 1.5, -0.5, -3.0, 1.0, 1.0
parameter ends

state | action | reward
[5.07] | 1 | -0.5
3.468230304596341 | 1 | -0.5
2.4108080320048852 | 1 | -0.5
1.8634446483951412 | 1 | -0.5
1.5702986896452504 | 1 | -0.5
1.4466438975456868 | 1 | -0.5
1.3471851063974212 | 0 | 5.0
1.338380071537646 | 0 | 5.0
1.309606086180669 | 0 | 5.0
1.287766009996024 | 0 | 5.0
1.2362072174365146 | 0 | 5.0
1.2031385076075514 | 1 | -0.5
1.177088479309663 | 0 | 5.0
1.1734943918153753 | 0 | 5.0
1.174414382076738 | 1 | -0.5
1.2715974972457393 | 1 | -0.5
1.3133661015825933 | 1 | -0.5
1.4934814399848861 | 1 | -0.5
1.789592963306314 | 1 | -0.5
2.3992769221132186 | 1 | -0.5
3.629090329787786 | 1 | -0.5
4.720140572115422 | 1 | -0.5
4.692030368249441 | 1 | -0.5
4.777814457188727 | 1 | -0.5
5.092962975759229 | 1 | -0.5
5.847257406512089 | 1 | -0.5
1.9080930382341648 | 1 | -0.5
1.6175446814099668 | 1 | -0.5
1.5390879415426588 | 0 | 5.0
1.4093466900980829 | 0 | 5.0
1.3974199491649701 | 0 | 5.0
1.2824303515351771 | 0 | 5.0
1.2332495798604897 | 0 | 5.0
1.1534911466192987 | 0 | 5.0
1.104568903294315 | 1 | -0.5
1.071281698406918 | 0 | 5.0
1.0684861407322992 | 0 | 5.0
1.0320742992632044 | 0 | 5.0
1.0379746166991746 | 1 | -0.5
1.0779238868152574 | 0 | 5.0
1.1411018859760498 | 1 | -0.5
1.2066947319210433 | 1 | -0.5
1.320498288350975 | 1 | -0.5
1.6292678011512076 | 1 | -0.5
5.374630820699522 | 1 | -0.5
4.76981159967431 | 1 | -0.5
4.4910459731682115 | 1 | -0.5
4.480987091077049 | 1 | -0.5
4.641175538510479 | 1 | -0.5
3.729873470992683 | 1 | -0.5
2.612320806847825 | 1 | -0.5
2.0737351907052535 | 1 | -0.5
1.7542572276032782 | 1 | -0.5
1.541315655895355 | 1 | -0.5
1.4581968599323212 | 0 | 5.0
1.4243692138369413 | 0 | 5.0
1.3992437266645266 | 0 | 5.0
1.4017620149817418 | 0 | 5.0
1.3397570615032381 | 0 | 5.0
1.3043877080197626 | 0 | 5.0
1.2945230028600385 | 0 | 5.0
1.239685952716869 | 0 | 5.0
1.2091563756039367 | 1 | -0.5
1.2116891960755434 | 0 | 5.0
1.2070841568995063 | 0 | 5.0
1.2224998761303876 | 0 | 5.0
1.2381392279433077 | 1 | -0.5
1.3019768905807005 | 1 | -0.5
1.4534768376611131 | 1 | -0.5
1.8244027574276958 | 1 | -0.5
2.262986152408037 | 1 | -0.5
3.186669014907138 | 1 | -0.5
4.607624987369451 | 1 | -0.5
4.457288933889122 | 1 | -0.5
4.448097296396411 | 1 | -0.5
4.7331831356206955 | 1 | -0.5
5.251299697909839 | 1 | -0.5
6.0665687543740185 | 1 | -0.5
1.6795664267696406 | 1 | -0.5
1.4648178972534545 | 1 | -0.5
1.4029541414872122 | 0 | 5.0
1.3778817551929456 | 0 | 5.0
1.3300335206507523 | 0 | 5.0
1.3139938167374938 | 0 | 5.0
1.2222823744629259 | 0 | 5.0
1.1834446794640145 | 0 | 5.0
1.1733237461669497 | 0 | 5.0
1.1421470819966577 | 0 | 5.0
1.1186436683899013 | 0 | 5.0
1.102968583872375 | 0 | 5.0
1.0441478220542841 | 1 | -0.5
1.0424601219496243 | 0 | 5.0
1.0856200584473845 | 1 | -0.5
1.123051180282349 | 1 | -0.5
1.2128534493976342 | 1 | -0.5
1.481370717289314 | 1 | -0.5
1.9540286775927447 | 1 | -0.5
5.004381756387211 | 1 | -0.5
4.698676044181742 | 1 | -0.5
4.584852315998186 | 1 | -0.5
4.710749558286354 | 1 | -0.5
4.27478056241419 | 1 | -0.5
2.856901943144541 | 1 | -0.5
2.210789317543993 | 1 | -0.5
1.9218377483602604 | 1 | -0.5
1.6734944101411315 | 1 | -0.5
1.5577552101925682 | 0 | 5.0
1.5077355796937213 | 0 | 5.0
1.4839731619724237 | 0 | 5.0
1.497674643355908 | 0 | 5.0
1.4098097570582275 | 1 | -0.5
1.3698576850424962 | 0 | 5.0
1.3042917943067607 | 0 | 5.0
1.3310354114057787 | 0 | 5.0
1.3083873973172655 | 0 | 5.0
1.3543379866731486 | 0 | 5.0
1.3174095957488166 | 1 | -0.5
1.3057600439478887 | 0 | 5.0
1.2822523425216177 | 1 | -0.5
1.3483520574578973 | 1 | -0.5
1.5403558437029914 | 1 | -0.5
1.8394414894862698 | 1 | -0.5
2.545578021849441 | 1 | -0.5
3.802282152585936 | 1 | -0.5
4.631202642756587 | 1 | -0.5
4.58240718338493 | 1 | -0.5
4.682900817321664 | 1 | -0.5
5.058977003886621 | 1 | -0.5
5.659888825186598 | 1 | -0.5
1.8240721074558344 | 1 | -0.5
1.5541734901761541 | 1 | -0.5
1.3534235828237722 | 0 | 5.0
1.2943401115799114 | 0 | 5.0
1.2255006262155212 | 0 | 5.0
1.161215020270136 | 0 | 5.0
1.0967036569054998 | 0 | 5.0
1.0666658773710895 | 1 | -0.5
1.0072129500360878 | 0 | 5.0
1.0144387089006313 | 0 | 5.0
0.9894343034684668 | 0 | 5.0
0.9877499333065802 | 0 | 5.0
0.935192012071467 | 1 | -0.5
0.981991830460738 | 0 | 5.0
0.9827210017253947 | 1 | -0.5
1.0400583044165481 | 1 | -0.5
1.1829675772991468 | 1 | -0.5
1.4241326928520297 | 1 | -0.5
1.8512760026787989 | 1 | -0.5
5.040191964002534 | 1 | -0.5
4.7331492124011065 | 1 | -0.5
4.542251266675284 | 1 | -0.5
4.525346686922961 | 1 | -0.5
4.700889134426698 | 1 | -0.5
3.5454416398544724 | 1 | -0.5
2.5844703727125222 | 1 | -0.5
2.054895808978125 | 1 | -0.5
1.7523395869991234 | 1 | -0.5
1.6130058711093247 | 1 | -0.5
1.4923975772102516 | 0 | 5.0
1.4335312644654619 | 0 | 5.0
1.410789682240981 | 0 | 5.0
1.4314924741751827 | 0 | 5.0
1.4073813498717604 | 0 | 5.0
1.4268309209046492 | 0 | 5.0
1.3527918564854537 | 0 | 5.0
1.34445829981762 | 0 | 5.0
1.3483337000098348 | 0 | 5.0
1.2693908501534925 | 1 | -0.5
1.2949447250028998 | 0 | 5.0
1.3627256620042176 | 0 | 5.0
1.3619704561107104 | 1 | -0.5
1.4106957412746766 | 1 | -0.5
1.6059952474436883 | 1 | -0.5
1.9474288935355126 | 0 | 5.0
2.1702146886759803 | 0 | 5.0
2.380877355580869 | 0 | 5.0
2.696612930740301 | 1 | -0.5
3.8405020757985486 | 1 | -0.5
4.295762022813197 | 1 | -0.5
4.138517438842357 | 1 | -0.5
4.035643329423496 | 1 | -0.5
4.125187031139475 | 1 | -0.5
4.407709618197881 | 1 | -0.5
5.049619004540188 | 1 | -0.5
1.1787168318456696 | 1 | -0.5
0.9843763400834519 | 1 | -0.5
0.8987909102995737 | 1 | -0.5
0.8102639898667622 | 0 | 5.0
0.8057738593792073 | 0 | 5.0
0.7827916573402856 | 0 | 5.0
0.8129880739723263 | 0 | 5.0
0.7826159997456196 | 0 | 5.0
0.7617074567831127 | 0 | 5.0
0.724702316935711 | 0 | 5.0
0.7341185934670951 | 0 | 5.0
0.6901681489170226 | 1 | -0.5
0.71498990159529 | 0 | 5.0
0.7158766056782816 | 0 | 5.0
0.7259659351062361 | 0 | 5.0
0.7795623117035605 | 0 | 5.0
0.8037361408573906 | 1 | -0.5
0.8202531707225715 | 1 | -0.5
0.9038725808951242 | 1 | -0.5
1.0509141449099544 | 1 | -0.5
1.3219738926654085 | 1 | -0.5
5.207391613150287 | 1 | -0.5
4.842610980423006 | 1 | -0.5
4.612798998583781 | 1 | -0.5
4.57566332940588 | 1 | -0.5
4.682057863436235 | 1 | -0.5
4.572834937467516 | 1 | -0.5
3.168006702382447 | 1 | -0.5
2.39973320389347 | 1 | -0.5
1.9740640476676026 | 1 | -0.5
1.8301886130119198 | 1 | -0.5
1.6833709384607856 | 0 | 5.0
1.662302959451913 | 0 | 5.0
1.653505826195908 | 0 | 5.0
1.6058212379522574 | 0 | 5.0
1.5594393656732848 | 0 | 5.0
1.5320052868055662 | 0 | 5.0
1.5148185593742662 | 0 | 5.0
1.4536590594357466 | 0 | 5.0
1.4366578185714913 | 1 | -0.5
1.4151339719614022 | 0 | 5.0
1.4185771639766078 | 0 | 5.0
1.4371986593171555 | 0 | 5.0
1.4296310949916546 | 0 | 5.0
1.4111374064079494 | 1 | -0.5
1.4612209347447318 | 1 | -0.5
1.6019222004699751 | 1 | -0.5
1.8166786833972532 | 1 | -0.5
2.233871846226986 | 1 | -0.5
2.9985711869032006 | 1 | -0.5
4.558040633607998 | 1 | -0.5
4.332008390220604 | 1 | -0.5
4.29108411889255 | 1 | -0.5
4.393557363961843 | 1 | -0.5
4.697740215781013 | 1 | -0.5
5.287965465076161 | 1 | -0.5
6.031970355561855 | 1 | -0.5
1.5627299867384172 | 1 | -0.5
1.3770989298341032 | 1 | -0.5
1.335590507022024 | 0 | 5.0
1.261422135674392 | 0 | 5.0
1.213393325464561 | 0 | 5.0
1.1453427395935396 | 0 | 5.0
1.1267434271322916 | 0 | 5.0
1.0900737687179232 | 0 | 5.0
1.0879932770412764 | 0 | 5.0
1.0633554161452659 | 0 | 5.0
1.0160506943567358 | 0 | 5.0
1.008506685404492 | 1 | -0.5
0.9722901854733943 | 0 | 5.0
0.9443891860918435 | 0 | 5.0
0.9721479714710358 | 1 | -0.5
0.9470195445845858 | 0 | 5.0
1.0105569732279587 | 1 | -0.5
1.0928774256763447 | 1 | -0.5
1.228270000578855 | 1 | -0.5
1.4604742814332758 | 1 | -0.5
5.315465458293652 | 1 | -0.5
4.820530540744866 | 1 | -0.5
4.62036434006532 | 1 | -0.5
4.619544561059093 | 1 | -0.5
4.784972971964323 | 1 | -0.5
3.724562042045135 | 1 | -0.5
2.8239641007357412 | 1 | -0.5
2.258311679718965 | 1 | -0.5
1.9581687822925316 | 1 | -0.5
1.799826944760142 | 0 | 5.0
1.755373213517679 | 1 | -0.5
1.6260090825998186 | 0 | 5.0
1.6482177831110099 | 0 | 5.0
1.585518278122186 | 0 | 5.0
1.5040521248965075 | 0 | 5.0
1.5393753819119436 | 0 | 5.0
1.4816637996180158 | 0 | 5.0
1.4472684426520164 | 1 | -0.5
1.441375050148842 | 0 | 5.0
1.370501025455242 | 0 | 5.0
1.362794532554224 | 1 | -0.5
1.3885638173262314 | 0 | 5.0
1.4148024609514485 | 1 | -0.5
1.439544446296099 | 1 | -0.5
1.6235004097492611 | 1 | -0.5
1.9159718929350602 | 1 | -0.5
2.5629947344985364 | 1 | -0.5
3.864935319982422 | 1 | -0.5
4.569218552164979 | 1 | -0.5
4.450974788314921 | 1 | -0.5
4.5295955492054745 | 1 | -0.5
4.819080066092346 | 1 | -0.5
5.39024502645423 | 1 | -0.5
1.7721275975855104 | 1 | -0.5
1.4450554663687118 | 1 | -0.5
1.2555520030054073 | 1 | -0.5
1.194708608743278 | 0 | 5.0
1.1560277098705185 | 0 | 5.0
1.1096294972916363 | 0 | 5.0
1.0756687927360484 | 0 | 5.0
1.0836253603900623 | 0 | 5.0
1.0208095688181527 | 0 | 5.0
1.0180515521403954 | 0 | 5.0
0.9898137198524052 | 0 | 5.0
0.9493414058991498 | 1 | -0.5
0.9334766649072068 | 0 | 5.0
0.9330277118381106 | 0 | 5.0
0.970357147597616 | 0 | 5.0
0.9503896430699645 | 1 | -0.5
1.0215192780267763 | 1 | -0.5
1.0865640532299554 | 1 | -0.5
1.2318654438720187 | 1 | -0.5
1.5683711167012175 | 1 | -0.5
5.16188480222338 | 1 | -0.5
4.721821269962323 | 1 | -0.5
4.506347279336588 | 1 | -0.5
4.414590155174596 | 1 | -0.5
4.443470880364816 | 1 | -0.5
4.713186768104096 | 1 | -0.5
2.9477634056344413 | 1 | -0.5
2.2555368130944284 | 1 | -0.5
1.833135964635409 | 1 | -0.5
1.677569054581599 | 1 | -0.5
1.5579232285237095 | 0 | 5.0
1.5354500654060101 | 0 | 5.0
1.5097265137606244 | 0 | 5.0
1.4813885510575469 | 0 | 5.0
1.4464698404685916 | 0 | 5.0
1.440928121011631 | 0 | 5.0
1.4519246384802094 | 0 | 5.0
1.417559069527836 | 0 | 5.0
1.3696887036869276 | 0 | 5.0
1.361314079264256 | 0 | 5.0
1.3566170756150608 | 0 | 5.0
1.3437431046803052 | 1 | -0.5
1.372678860664503 | 1 | -0.5
1.4876859813871997 | 1 | -0.5
1.6924003288857246 | 1 | -0.5
1.9924912591179431 | 0 | 5.0
2.133464005064074 | 0 | 5.0
2.399378167409579 | 0 | 5.0
2.571841383373074 | 0 | 5.0
2.826709391625715 | 0 | 5.0
2.956736032930539 | 0 | 5.0
3.173444494785761 | 0 | 5.0
3.3608416321142127 | 0 | 5.0
3.451661841667782 | 0 | -200.0
Total reward: 446.0
3.5, 0.0, 1.0, -2.0, 5.0, 4.0, 6.0, -1.0, -3.0, -2.0, 6.0, -3.0, 0.5, 1.5, -0.5, -3.0, 1.0, 1.0
parameter ends

state | action | reward
[1.95] | 1 | -0.5
1.6840777337076973 | 1 | -0.5
1.5057904754999445 | 1 | -0.5
1.4730829357795232 | 0 | 5.0
1.3938757850115038 | 0 | 5.0
1.3651612708905434 | 0 | 5.0
1.3081916395053153 | 0 | 5.0
1.2655186657946411 | 0 | 5.0
1.26397641471689 | 0 | 5.0
1.2040933459995515 | 1 | -0.5
1.1948642775795542 | 0 | 5.0
1.1568900443340147 | 0 | 5.0
1.1720153582277038 | 0 | 5.0
1.159564564193754 | 0 | 5.0
1.1595109561998989 | 0 | 5.0
1.1891592742606751 | 0 | 5.0
1.1182810233349207 | 0 | 5.0
1.1284254654077182 | 0 | 5.0
1.1563708199002707 | 0 | 5.0
1.1034329384734685 | 0 | 5.0
1.1114006510717165 | 0 | 5.0
1.1300067733702452 | 0 | 5.0
1.145223447019336 | 1 | -0.5
1.1904892584445546 | 1 | -0.5
1.3016453616202353 | 1 | -0.5
1.5147818411770424 | 1 | -0.5
1.9554506393494864 | 1 | -0.5
2.8084691057601177 | 1 | -0.5
4.704767994223139 | 1 | -0.5
4.57571001286959 | 1 | -0.5
4.595086255820111 | 1 | -0.5
4.872048306303361 | 1 | -0.5
5.421962887635156 | 1 | -0.5
6.253661355275304 | 1 | -0.5
1.782221836667916 | 1 | -0.5
1.5872791949278333 | 1 | -0.5
1.471787476572311 | 0 | 5.0
1.4091023245277925 | 0 | 5.0
1.3874408432923968 | 0 | 5.0
1.3429277698654225 | 1 | -0.5
1.3154782938912837 | 0 | 5.0
1.2930267904905792 | 0 | 5.0
1.2915183988097783 | 0 | 5.0
1.253683316847152 | 0 | 5.0
1.2612692812989383 | 0 | 5.0
1.2324612030128543 | 0 | 5.0
1.2015535056957998 | 0 | 5.0
1.2084516148206055 | 0 | 5.0
1.228545387756355 | 0 | 5.0
1.205514028228695 | 0 | 5.0
1.1867660381616847 | 0 | 5.0
1.190405849606848 | 0 | 5.0
1.1927637852304176 | 0 | 5.0
1.1955930337318774 | 0 | 5.0
1.1840892860318566 | 0 | 5.0
1.1707751429872224 | 0 | 5.0
1.2102131547765747 | 0 | 5.0
1.1851234996003894 | 0 | 5.0
1.1373508562618044 | 0 | 5.0
1.1582028315835984 | 0 | 5.0
1.1103140590094027 | 0 | 5.0
1.1150277991740856 | 0 | 5.0
1.0874842050054234 | 0 | 5.0
1.1285140964419647 | 0 | 5.0
1.1093663757050432 | 0 | 5.0
1.0996165412215522 | 0 | 5.0
1.1103297135789425 | 0 | 5.0
1.0698323911083973 | 0 | 5.0
1.0787646157327198 | 0 | 5.0
1.0730359138584127 | 0 | 5.0
1.07602460319681 | 0 | 5.0
1.0626994279443247 | 0 | 5.0
1.0580918254880918 | 0 | 5.0
1.095868398227412 | 0 | 5.0
1.0800401577427123 | 0 | 5.0
1.0962350271248449 | 0 | 5.0
1.166491776367503 | 0 | 5.0
1.166513822674755 | 0 | 5.0
1.1661893981738396 | 0 | 5.0
1.241180215120501 | 0 | 5.0
1.2222907245273171 | 0 | 5.0
1.2619247787223997 | 0 | 5.0
1.260138210191195 | 0 | 5.0
1.2809279346230602 | 0 | 5.0
1.3573192077932534 | 0 | 5.0
1.3404788488090067 | 0 | 5.0
1.3983003646960461 | 0 | 5.0
1.4231832627099759 | 0 | 5.0
1.4389299157213757 | 0 | 5.0
1.4385184968857436 | 1 | -0.5
1.5537360761066967 | 1 | -0.5
1.705894928239725 | 1 | -0.5
2.019511289779323 | 1 | -0.5
5.841226284558418 | 1 | -0.5
5.162523360683932 | 1 | -0.5
4.825889018620307 | 1 | -0.5
4.738904135123778 | 1 | -0.5
4.887873267856783 | 1 | -0.5
3.6220027615708683 | 1 | -0.5
2.377143436753492 | 1 | -0.5
1.781773873612565 | 1 | -0.5
1.502094720699434 | 1 | -0.5
1.36395234800098 | 1 | -0.5
1.256919620164707 | 0 | 5.0
1.2029231481794502 | 0 | 5.0
1.1296461994458256 | 0 | 5.0
1.1236605350331206 | 1 | -0.5
1.11528161827892 | 0 | 5.0
1.101392686617068 | 0 | 5.0
1.1024020809386346 | 0 | 5.0
1.063499073107869 | 0 | 5.0
1.0831477834820729 | 0 | 5.0
1.072185456479516 | 0 | 5.0
1.0475986290557 | 0 | 5.0
1.0541364035028833 | 0 | 5.0
1.0198678366417733 | 0 | 5.0
1.0286503651610277 | 0 | 5.0
1.0305688810826852 | 0 | 5.0
1.0549226305027397 | 0 | 5.0
0.996049714766279 | 0 | 5.0
1.0133365771187628 | 0 | 5.0
1.0112413766188282 | 0 | 5.0
1.0045495389891466 | 0 | 5.0
0.9832030356561957 | 0 | 5.0
0.9818126067910363 | 0 | 5.0
0.9775110387541869 | 0 | 5.0
0.9987666940433305 | 0 | 5.0
0.9863671819615166 | 0 | 5.0
0.9781397409703063 | 0 | 5.0
1.00527815365059 | 0 | 5.0
0.9724164222813493 | 0 | 5.0
0.9529407369820541 | 0 | 5.0
0.9773832634766131 | 0 | 5.0
0.9747212532392664 | 0 | 5.0
0.9687903395398932 | 0 | 5.0
0.938555110617151 | 0 | 5.0
0.937227168548615 | 0 | 5.0
0.9542282131391266 | 0 | 5.0
0.926076498540864 | 0 | 5.0
0.9136902937438511 | 0 | 5.0
0.9197889582367248 | 0 | 5.0
0.8578317826353564 | 0 | 5.0
0.8701725762114617 | 0 | 5.0
0.8501484687854475 | 0 | 5.0
0.8407000900598792 | 0 | 5.0
0.8949601658254097 | 0 | 5.0
0.8307003028132689 | 0 | 5.0
0.8231464276654571 | 0 | 5.0
0.8681368921695559 | 0 | 5.0
0.8695015682089957 | 0 | 5.0
0.8444530495948723 | 0 | 5.0
0.867848000632935 | 0 | 5.0
0.8521877247439062 | 0 | 5.0
0.837508386860473 | 0 | 5.0
0.8528670812366388 | 1 | -0.5
0.8684618881417663 | 0 | 5.0
0.8743262717826523 | 0 | 5.0
0.9289111911749973 | 1 | -0.5
1.0156899540306483 | 1 | -0.5
1.0872441687273355 | 1 | -0.5
1.3004076177649149 | 1 | -0.5
1.7915285532075844 | 1 | -0.5
2.773467335760815 | 1 | -0.5
4.735762397940007 | 1 | -0.5
4.635425742324926 | 1 | -0.5
4.783382805322302 | 1 | -0.5
5.15463174178696 | 1 | -0.5
6.01301111379266 | 1 | -0.5
2.1737327503292634 | 1 | -0.5
1.9086323928394453 | 1 | -0.5
1.7888048067094056 | 0 | 5.0
1.669174987223309 | 0 | 5.0
1.6234721201065385 | 0 | 5.0
1.5700467801598534 | 0 | 5.0
1.5063029068449152 | 0 | 5.0
1.4580517840703848 | 0 | 5.0
1.4169756399260822 | 0 | 5.0
1.3442416085593056 | 0 | 5.0
1.3342139110127806 | 0 | 5.0
1.328881385194685 | 0 | 5.0
1.2445572743255442 | 0 | 5.0
1.2210594685387313 | 0 | 5.0
1.188116198749074 | 0 | 5.0
1.1775216484826025 | 0 | 5.0
1.1267037644140427 | 1 | -0.5
1.0794263559736414 | 0 | 5.0
1.088376656351357 | 0 | 5.0
1.090128186238775 | 0 | 5.0
1.0865375121156173 | 0 | 5.0
1.0662885218355944 | 0 | 5.0
1.0793334910160695 | 0 | 5.0
1.0872788334620387 | 0 | 5.0
1.067541383075871 | 0 | 5.0
1.0893100623204248 | 0 | 5.0
1.0577730042769795 | 0 | 5.0
1.1124272922014011 | 0 | 5.0
1.0581891886138164 | 0 | 5.0
1.031394885034885 | 0 | 5.0
1.0750555369770145 | 0 | 5.0
1.0862913961520142 | 0 | 5.0
1.0566592401728299 | 0 | 5.0
1.0571625621254968 | 0 | 5.0
1.044632150868506 | 0 | 5.0
1.015670001421828 | 0 | 5.0
0.9879037956375087 | 0 | 5.0
0.947503270090324 | 0 | 5.0
0.9491635797493002 | 0 | 5.0
0.9011789828332277 | 0 | 5.0
0.9398344933000324 | 0 | 5.0
0.8913125246517353 | 0 | 5.0
0.9243058533865721 | 0 | 5.0
0.8619081445982797 | 0 | 5.0
0.8345177984858326 | 0 | 5.0
0.8568697760097662 | 0 | 5.0
0.8563658203678588 | 0 | 5.0
0.8120858883913458 | 0 | 5.0
0.8095032857215346 | 0 | 5.0
0.8114298247702827 | 0 | 5.0
0.8363065843521242 | 0 | 5.0
0.8046490496145141 | 0 | 5.0
0.7886087883537233 | 0 | 5.0
0.779348621041308 | 0 | 5.0
0.7895614249015197 | 1 | -0.5
0.854965483088495 | 0 | 5.0
0.8610971438758497 | 1 | -0.5
0.9385443938434426 | 1 | -0.5
1.0387704041403119 | 1 | -0.5
1.3076857452077932 | 1 | -0.5
1.6872289159293414 | 1 | -0.5
4.93852041696384 | 1 | -0.5
4.723040277054287 | 1 | -0.5
4.593616661993554 | 1 | -0.5
4.7109108452203445 | 1 | -0.5
4.968529464173485 | 1 | -0.5
3.4634617472094047 | 1 | -0.5
2.670712828021649 | 1 | -0.5
2.2365103301676803 | 1 | -0.5
1.9817585489835678 | 1 | -0.5
1.8602991469041483 | 0 | 5.0
1.8031355030609242 | 0 | 5.0
1.7324900061884518 | 0 | 5.0
1.6679735907572573 | 0 | 5.0
1.6305608606586353 | 0 | 5.0
1.5552694948899868 | 0 | 5.0
1.4994371853402615 | 0 | 5.0
1.5126493533951362 | 0 | 5.0
1.4490403744950409 | 0 | 5.0
1.4249937970559212 | 0 | 5.0
1.394416114886123 | 0 | 5.0
1.3593229807686504 | 0 | 5.0
1.3341325165164386 | 0 | 5.0
1.3000791761684172 | 0 | 5.0
1.262140865473268 | 1 | -0.5
1.1929842467078413 | 0 | 5.0
1.2289203075376856 | 0 | 5.0
1.2140844277355405 | 0 | 5.0
1.232215031969522 | 0 | 5.0
1.1853949638049837 | 0 | 5.0
1.2167653161682448 | 0 | 5.0
1.212027431453359 | 0 | 5.0
1.2262739218452776 | 0 | 5.0
1.2137232328108984 | 0 | 5.0
1.2227187530803398 | 0 | 5.0
1.2547150522392865 | 0 | 5.0
1.2852377571480849 | 0 | 5.0
1.274799552903229 | 0 | 5.0
1.3116056683065567 | 0 | 5.0
1.2557623246871703 | 0 | 5.0
1.300921473282232 | 0 | 5.0
1.2729858530811222 | 0 | 5.0
1.2549595470490746 | 0 | 5.0
1.2507032890378755 | 0 | 5.0
1.2685821730131268 | 0 | 5.0
1.2564588920564748 | 0 | 5.0
1.230981443098841 | 0 | 5.0
1.2046669635069644 | 0 | 5.0
1.2294303202263401 | 0 | 5.0
1.2177152585904372 | 0 | 5.0
1.2466237189820069 | 0 | 5.0
1.2156822275709855 | 0 | 5.0
1.1878612998055171 | 0 | 5.0
1.2067123987388282 | 0 | 5.0
1.181914575115453 | 0 | 5.0
1.1878882609577694 | 0 | 5.0
1.1771797098195091 | 0 | 5.0
1.1529203739214213 | 0 | 5.0
1.1218416252416026 | 0 | 5.0
1.125597147782998 | 0 | 5.0
1.083240246517047 | 0 | 5.0
1.135349404984821 | 0 | 5.0
1.143511525523883 | 0 | 5.0
1.1388056041618504 | 0 | 5.0
1.1019545073485837 | 0 | 5.0
1.0849213975955185 | 1 | -0.5
1.1042591357461824 | 0 | 5.0
1.151156923581702 | 1 | -0.5
1.2786314619192178 | 1 | -0.5
1.4149672018978292 | 1 | -0.5
1.685199985384544 | 1 | -0.5
2.1375182831010737 | 1 | -0.5
3.183992338939881 | 1 | -0.5
4.473966442961404 | 1 | -0.5
4.362740800859205 | 1 | -0.5
4.488547187718282 | 1 | -0.5
4.900113688401605 | 1 | -0.5
5.557524267755978 | 1 | -0.5
1.882440152692028 | 1 | -0.5
1.6709402756193956 | 1 | -0.5
1.4949554241671879 | 1 | -0.5
1.4165763485078737 | 0 | 5.0
1.3562691557536142 | 0 | 5.0
1.355968039229379 | 0 | 5.0
1.3249190728074205 | 0 | 5.0
1.2998603357290943 | 0 | 5.0
1.2758290423436214 | 0 | 5.0
1.2608816396822469 | 0 | 5.0
1.258361929112829 | 0 | 5.0
1.2263486390153422 | 0 | 5.0
1.1848444133396832 | 0 | 5.0
1.1522773585899715 | 0 | 5.0
1.157875216313412 | 0 | 5.0
1.1674142711100255 | 0 | 5.0
1.1178048443438693 | 0 | 5.0
1.0968747324684054 | 0 | 5.0
1.0799953268026266 | 0 | 5.0
1.0666253759918807 | 0 | 5.0
1.082380814963217 | 0 | 5.0
1.0622393940407318 | 0 | 5.0
1.0377278822563696 | 0 | 5.0
1.0611375907253133 | 0 | 5.0
0.9992907506898859 | 0 | 5.0
0.9616421655662568 | 0 | 5.0
0.9502582197428208 | 0 | 5.0
0.9534123168368678 | 0 | 5.0
0.9454582126417751 | 0 | 5.0
0.9184959155651107 | 1 | -0.5
0.9249262154394111 | 0 | 5.0
0.9035689612307509 | 0 | 5.0
0.9179730478697457 | 0 | 5.0
0.9186683362275418 | 0 | 5.0
0.9286809490333588 | 0 | 5.0
0.9963001788817121 | 0 | 5.0
0.9687344532015391 | 0 | 5.0
0.988681525288736 | 0 | 5.0
0.9925981663331237 | 0 | 5.0
1.0285482918414641 | 0 | 5.0
1.0524202239295586 | 0 | 5.0
1.0649103314174657 | 0 | 5.0
1.1034457214609172 | 0 | 5.0
1.1367317334905884 | 0 | 5.0
1.1532295298525337 | 0 | 5.0
1.1727983391221828 | 0 | 5.0
1.209506647969089 | 0 | 5.0
1.210493409804502 | 0 | 5.0
1.240804238392731 | 0 | 5.0
1.2551580228172003 | 0 | 5.0
1.2764349298201803 | 0 | 5.0
1.2779009658376757 | 0 | 5.0
1.3318286172328997 | 0 | 5.0
1.333475898736265 | 0 | 5.0
1.3768120837002875 | 0 | 5.0
1.3819707037979296 | 0 | 5.0
1.3773808854002707 | 0 | 5.0
1.441148593419574 | 0 | 5.0
1.4397040708387945 | 1 | -0.5
1.4911224043635023 | 1 | -0.5
1.6994067064355465 | 1 | -0.5
1.9983977275646332 | 1 | -0.5
5.544936525247567 | 1 | -0.5
4.920232305372616 | 1 | -0.5
4.630478719449912 | 1 | -0.5
4.474617769189323 | 1 | -0.5
4.497084241168664 | 1 | -0.5
3.391104666675643 | 1 | -0.5
2.308027925922844 | 1 | -0.5
1.6991608859243974 | 1 | -0.5
1.3758618785517025 | 1 | -0.5
1.2704304106714057 | 1 | -0.5
1.1853022514679465 | 0 | 5.0
1.1185633940522894 | 0 | 5.0
1.0894395200036797 | 1 | -0.5
1.0423541773714233 | 0 | 5.0
1.056236364759288 | 0 | 5.0
1.0419651404569883 | 0 | 5.0
1.0662394030045257 | 0 | 5.0
1.064448877900146 | 0 | 5.0
1.0627176329804142 | 0 | 5.0
1.1120322600892363 | 0 | 5.0
1.0836291413561439 | 0 | 5.0
1.0614481229276904 | 0 | 5.0
1.0619068868042139 | 0 | 5.0
1.0687546586382588 | 0 | 5.0
1.0808118401626958 | 0 | 5.0
1.1196244578593486 | 0 | 5.0
1.090190836323505 | 0 | 5.0
1.0509093176181812 | 0 | 5.0
1.077220766161477 | 0 | 5.0
1.0983673755940673 | 0 | 5.0
1.0888051137592232 | 0 | 5.0
1.1191579728202525 | 0 | 5.0
1.1476527866916724 | 0 | 5.0
1.1076429264578485 | 0 | 5.0
1.0985592200537093 | 0 | 5.0
1.0845580438627218 | 0 | 5.0
1.1166878636454869 | 0 | 5.0
1.132668033179361 | 0 | 5.0
1.162241580812492 | 0 | 5.0
1.1727658532624046 | 0 | 5.0
1.18972884238134 | 0 | 5.0
1.1828656104389195 | 0 | 5.0
1.2087811018828039 | 0 | 5.0
1.1701598770231283 | 0 | 5.0
1.222504970740373 | 0 | 5.0
1.1840695423491037 | 0 | 5.0
1.2400985481723605 | 0 | 5.0
1.22399816153669 | 0 | 5.0
1.2321628858708975 | 0 | 5.0
1.2260965138080924 | 0 | 5.0
1.265454035039309 | 0 | 5.0
1.3110877645149155 | 0 | 5.0
1.3171999761824078 | 0 | 5.0
1.2849485864949204 | 0 | 5.0
1.2850889661409062 | 0 | 5.0
1.3002408306325344 | 0 | 5.0
1.2772991156603999 | 0 | 5.0
1.3654300883223565 | 0 | 5.0
1.3470844730016176 | 0 | 5.0
1.321424649369398 | 0 | 5.0
1.3383040994034785 | 0 | 5.0
1.3308255725165299 | 0 | 5.0
1.2618992312133943 | 0 | 5.0
1.2990622411519035 | 0 | 5.0
1.2614676143198942 | 1 | -0.5
1.2784149956259188 | 1 | -0.5
1.3738690394228616 | 1 | -0.5
1.5789214073618274 | 1 | -0.5
1.8615290750669282 | 1 | -0.5
2.4205800085876183 | 1 | -0.5
3.565739001041457 | 1 | -0.5
4.556748518841714 | 1 | -0.5
4.453897330492322 | 1 | -0.5
4.632357391392745 | 1 | -0.5
4.906863363554313 | 1 | -0.5
5.338301710534675 | 1 | -0.5
2.040661405097945 | 1 | -0.5
1.7055301361198214 | 1 | -0.5
1.5083772506812918 | 1 | -0.5
1.4021564170518883 | 0 | 5.0
1.3178444365053823 | 0 | 5.0
1.2632258825497884 | 0 | 5.0
1.2927651592797182 | 0 | 5.0
1.2425674370452096 | 0 | 5.0
1.2000657461829012 | 0 | 5.0
1.1678464784570057 | 1 | -0.5
1.159483994664436 | 0 | 5.0
1.0877379938002172 | 0 | 5.0
1.1160413741333408 | 0 | 5.0
1.0636731243486823 | 0 | 5.0
1.1302440230051207 | 0 | 5.0
1.1339797264631484 | 0 | 5.0
1.1508374404522215 | 0 | 5.0
1.12184361896383 | 0 | 5.0
1.113201784226404 | 0 | 5.0
1.109919287855108 | 0 | 5.0
1.0807125450651411 | 0 | 5.0
1.1068009413188227 | 0 | 5.0
1.1103245258636052 | 0 | 5.0
1.0986081254742657 | 0 | 5.0
1.0915919999279704 | 0 | 5.0
1.0920268468355085 | 0 | 5.0
1.1320234070949229 | 0 | 5.0
1.1246741621883052 | 0 | 5.0
1.1418107135704176 | 0 | 5.0
1.1175788185074447 | 0 | 5.0
1.2049391264509428 | 0 | 5.0
1.1288337314682413 | 0 | 5.0
1.1831040388530218 | 0 | 5.0
1.158453040378514 | 0 | 5.0
1.1335238820807831 | 0 | 5.0
1.1488303270813294 | 0 | 5.0
1.1635046027779623 | 0 | 5.0
1.1605202963589554 | 0 | 5.0
1.1838633254870217 | 0 | 5.0
1.156161903255835 | 0 | 5.0
1.1161534234089445 | 0 | 5.0
1.1201696482589694 | 0 | 5.0
1.117272007481969 | 0 | 5.0
1.1344396236082437 | 0 | 5.0
1.0704325373344632 | 0 | 5.0
1.0877304805671648 | 0 | 5.0
1.0931153593423104 | 0 | 5.0
1.069344558425523 | 0 | 5.0
1.010458005698965 | 0 | 5.0
1.0087318977811786 | 0 | 5.0
0.9998956687752147 | 0 | 5.0
0.965232651586943 | 0 | 5.0
0.9164884408087409 | 0 | 5.0
0.8866653328840706 | 1 | -0.5
0.8438096287014434 | 0 | 5.0
0.8888886948486718 | 0 | 5.0
0.8511415145301885 | 1 | -0.5
0.8571965572250833 | 0 | 5.0
0.8775405857151052 | 1 | -0.5
0.9964883984107545 | 1 | -0.5
1.0956189885113838 | 1 | -0.5
1.3441839300289518 | 1 | -0.5
1.8033400616126245 | 1 | -0.5
4.990496166313729 | 1 | -0.5
4.710094899373056 | 1 | -0.5
4.589002788545611 | 1 | -0.5
4.689133944282595 | 1 | -0.5
4.288988057779747 | 1 | -0.5
2.9417323776619297 | 1 | -0.5
2.2830054956086396 | 1 | -0.5
1.990485296480621 | 1 | -0.5
1.8148068609609675 | 0 | 5.0
1.7477189310690024 | 0 | 5.0
1.6772902229322801 | 1 | -0.5
1.6325770190989575 | 0 | 5.0
1.5869733031602897 | 0 | 5.0
1.5580751339070165 | 0 | 5.0
1.5221138961455134 | 0 | 5.0
1.5134611429061755 | 0 | 5.0
1.5317797121788095 | 0 | 5.0
1.423738418654737 | 0 | 5.0
1.4099781638819393 | 0 | 5.0
1.3949514545356216 | 0 | 5.0
1.419211397471614 | 0 | 5.0
1.3638658740200211 | 0 | 5.0
1.3927385027937118 | 0 | 5.0
1.3425533153679319 | 0 | 5.0
1.3300303255123163 | 0 | 5.0
1.2863519528067253 | 0 | 5.0
1.236497826259003 | 0 | 5.0
1.2374367543317664 | 0 | 5.0
1.1866116975111847 | 0 | 5.0
1.1648579727578008 | 1 | -0.5
1.1206059439391662 | 0 | 5.0
1.1258911897959964 | 0 | 5.0
1.1029911590622516 | 0 | 5.0
1.1302427623728366 | 0 | 5.0
1.1293808662632048 | 0 | 5.0
1.1580302132071947 | 0 | 5.0
1.113864466404818 | 0 | 5.0
1.1333928519391976 | 0 | 5.0
1.1656427368790392 | 0 | 5.0
1.1618475564360011 | 0 | 5.0
1.1759052275163406 | 0 | 5.0
1.1724596199937667 | 0 | 5.0
1.1662622527383502 | 0 | 5.0
1.1751739986023757 | 0 | 5.0
1.174089885589983 | 0 | 5.0
1.1922093640006324 | 0 | 5.0
1.1849914194412066 | 0 | 5.0
1.1938569261682406 | 0 | 5.0
1.244760322892532 | 0 | 5.0
1.2435750049676517 | 0 | 5.0
1.2236261620901308 | 0 | 5.0
1.2699022668978945 | 0 | 5.0
1.280920483310702 | 0 | 5.0
1.2717467177792898 | 0 | 5.0
1.3133657424880836 | 0 | 5.0
1.283107250277196 | 0 | 5.0
1.290965454797487 | 0 | 5.0
1.306883696970309 | 0 | 5.0
1.2938855718393625 | 0 | 5.0
1.336875397874084 | 0 | 5.0
1.3274101646943512 | 0 | 5.0
1.362480428197243 | 0 | 5.0
1.3598752419267242 | 0 | 5.0
1.3282746673368013 | 1 | -0.5
1.4353624036903612 | 1 | -0.5
1.5277182563224487 | 1 | -0.5
1.8315981980712839 | 1 | -0.5
2.323906115138751 | 1 | -0.5
3.3492292462628352 | 1 | -0.5
4.65067918179629 | 1 | -0.5
4.484087791191218 | 1 | -0.5
4.514310763915792 | 1 | -0.5
4.803651734185666 | 1 | -0.5
5.319238732479463 | 1 | -0.5
1.9370624989726757 | 1 | -0.5
1.592914153654808 | 1 | -0.5
1.4160826036521617 | 1 | -0.5
1.3054069339213752 | 0 | 5.0
1.2904312458086626 | 0 | 5.0
1.2550622932135729 | 0 | 5.0
1.2000624461468972 | 0 | 5.0
1.189888700035765 | 0 | 5.0
1.1986928518413071 | 0 | 5.0
1.1960041645674282 | 0 | 5.0
1.179829209821681 | 0 | 5.0
1.121249073349611 | 0 | 5.0
1.1258750769294537 | 0 | 5.0
1.123969211792353 | 0 | 5.0
1.078045003727418 | 0 | 5.0
1.1085256856341488 | 0 | 5.0
1.073964581223564 | 0 | 5.0
1.0689334214106299 | 0 | 5.0
1.0639847299515155 | 0 | 5.0
1.0820797169132712 | 0 | 5.0
1.0426894620965106 | 0 | 5.0
1.0605830341531064 | 0 | 5.0
1.0342703855304145 | 0 | 5.0
1.024325848661563 | 0 | 5.0
1.043210826187351 | 0 | 5.0
1.017581369055677 | 0 | 5.0
1.0432842343259188 | 0 | 5.0
1.023139677936987 | 0 | 5.0
0.9790109522162432 | 0 | 5.0
1.003142473938415 | 0 | 5.0
0.9235135212349092 | 0 | 5.0
0.9589347633442907 | 0 | 5.0
0.909887983034938 | 0 | 5.0
0.9214626231943159 | 0 | 5.0
0.8481968590284725 | 0 | 5.0
0.8932975040915563 | 0 | 5.0
0.8363676226854274 | 0 | 5.0
0.7952106103703434 | 0 | 5.0
0.801653934989228 | 0 | 5.0
0.7796636938308511 | 0 | 5.0
0.7236961469117188 | 0 | 5.0
0.7217480260560436 | 0 | 5.0
0.6984887175121932 | 0 | 5.0
0.6921373871784255 | 0 | 5.0
0.6833257486885838 | 0 | 5.0
0.6588298787416995 | 0 | 5.0
0.6909862717472938 | 0 | 5.0
0.6381931620641256 | 0 | 5.0
0.6394609619768917 | 0 | 5.0
0.6149299728576373 | 0 | 5.0
0.5706455987310216 | 0 | 5.0
0.5825517106150885 | 0 | 5.0
0.5862215540191514 | 0 | 5.0
0.5634598295686024 | 1 | -0.5
0.5892144050549826 | 0 | 5.0
0.5605175250484529 | 0 | 5.0
0.5901425415483079 | 1 | -0.5
0.6217979855525235 | 0 | 5.0
0.6532223832815661 | 0 | 5.0
0.6866128025097252 | 1 | -0.5
0.7840673032417951 | 1 | -0.5
0.8948739434040094 | 1 | -0.5
1.1307641407326456 | 1 | -0.5
1.627814968658443 | 1 | -0.5
4.7071008820973965 | 1 | -0.5
4.567874917155255 | 1 | -0.5
4.5242482049450246 | 1 | -0.5
4.793050612185967 | 1 | -0.5
3.9389882848656463 | 1 | -0.5
2.7824536112510994 | 1 | -0.5
2.336926450286807 | 1 | -0.5
2.1271324801500824 | 0 | 5.0
2.0346283386543917 | 1 | -0.5
1.8460095496373843 | 0 | 5.0
1.8147580056859463 | 0 | 5.0
1.7712845795372931 | 0 | 5.0
1.732927219867763 | 0 | 5.0
1.6795180009924218 | 0 | 5.0
1.6435440458592543 | 0 | 5.0
1.5986500450228647 | 0 | 5.0
1.5713281442307285 | 0 | 5.0
1.5276993010650204 | 0 | 5.0
1.4645533236282424 | 0 | 5.0
1.3810421439832623 | 0 | 5.0
1.3801370197413487 | 0 | 5.0
1.366191670945468 | 0 | 5.0
1.307916032227124 | 0 | 5.0
1.232145625005701 | 0 | 5.0
1.1881491455267665 | 0 | 5.0
1.1516426925034087 | 0 | 5.0
1.12764464148367 | 0 | 5.0
1.054066943360805 | 0 | 5.0
0.986030680995223 | 0 | 5.0
1.020189934626765 | 0 | 5.0
0.9352670290304805 | 0 | 5.0
0.950705901948228 | 0 | 5.0
0.9006443158760143 | 1 | -0.5
0.8704656704124114 | 0 | 5.0
0.8835650469806204 | 0 | 5.0
0.9248098174370752 | 0 | 5.0
0.8776128349824956 | 0 | 5.0
0.9241814491090469 | 0 | 5.0
0.9500772317090743 | 0 | 5.0
0.9297973140582504 | 0 | 5.0
0.9917586998247591 | 0 | 5.0
1.0163921960250402 | 0 | 5.0
1.0098854136839586 | 0 | 5.0
1.0147087500482308 | 0 | 5.0
1.0342434295594776 | 0 | 5.0
1.07321791332096 | 0 | 5.0
1.107116800914322 | 0 | 5.0
1.1086838811325814 | 0 | 5.0
1.1476077679879786 | 0 | 5.0
1.204698334267754 | 0 | 5.0
1.2333379598380936 | 0 | 5.0
1.2425732625179478 | 0 | 5.0
1.273315625351282 | 0 | 5.0
1.2907806210324948 | 0 | 5.0
1.3160079276180692 | 0 | 5.0
1.3307199926954572 | 0 | 5.0
1.4588480451630164 | 0 | 5.0
1.4404292137901693 | 0 | 5.0
1.500456959499129 | 0 | 5.0
1.5627162316070964 | 0 | 5.0
1.5605268940739214 | 0 | 5.0
1.6032856381486615 | 0 | 5.0
1.6560006134701621 | 0 | 5.0
1.6718448597713982 | 1 | -0.5
1.7576427053341892 | 1 | -0.5
1.9539600226999352 | 1 | -0.5
2.2099939996389826 | 0 | 5.0
2.393547122913811 | 0 | 5.0
2.6237057283603322 | 0 | 5.0
2.8154688979190072 | 0 | 5.0
2.9921931657442498 | 0 | 5.0
3.081839705003651 | 0 | 5.0
3.2323930046298033 | 0 | 5.0
3.472975936450078 | 0 | -200.0
Total reward: 2499.0
3.5, 0.0, 1.0, -2.0, 5.0, 4.0, 6.0, -1.0, -3.0, -2.0, 6.0, -3.0, 0.5, 1.5, -0.5, -3.0, 1.0, 1.0
parameter ends

state | action | reward
[1.5] | 0 | 5.0
1.5140905813507362 | 0 | 5.0
1.531378555645767 | 0 | 5.0
1.5535595196662886 | 0 | 5.0
1.5674744958837317 | 0 | 5.0
1.594885350752167 | 0 | 5.0
1.6611285967550737 | 0 | 5.0
1.703048283647551 | 0 | 5.0
1.7449435633073775 | 0 | 5.0
1.7434934046186867 | 0 | 5.0
1.783301729704398 | 0 | 5.0
1.799107853535724 | 0 | 5.0
1.8744592803527071 | 0 | 5.0
1.846924796391783 | 0 | 5.0
1.8847640531331464 | 0 | 5.0
1.9587085330159038 | 1 | -0.5
2.1596841624231735 | 1 | -0.5
2.4131610913068817 | 1 | -0.5
2.829667298320849 | 1 | -0.5
6.558804107177602 | 1 | -0.5
5.87750301028196 | 1 | -0.5
5.565106459112862 | 1 | -0.5
5.467881609766842 | 1 | -0.5
4.401148224943635 | 1 | -0.5
2.2342634334648266 | 1 | -0.5
1.4937989652860895 | 1 | -0.5
1.094218437889895 | 1 | -0.5
0.8766115632094758 | 1 | -0.5
0.7149839754787332 | 1 | -0.5
0.6925397733943246 | 1 | -0.5
0.6649936364504873 | 0 | 5.0
0.6479185335951285 | 0 | 5.0
0.6552876892342302 | 0 | 5.0
0.6689323362041115 | 0 | 5.0
0.7299768603314586 | 1 | -0.5
0.7318654388818011 | 0 | 5.0
0.758257638149169 | 1 | -0.5
0.8582699921021313 | 1 | -0.5
0.99676100339661 | 1 | -0.5
1.2160822746658217 | 1 | -0.5
1.6423815007339484 | 1 | -0.5
4.832238997446857 | 1 | -0.5
4.611829886852797 | 1 | -0.5
4.609056021103461 | 1 | -0.5
4.760480779420798 | 1 | -0.5
4.191907209565601 | 1 | -0.5
3.085317682224388 | 1 | -0.5
2.4997023346206646 | 1 | -0.5
2.159494004043695 | 0 | 5.0
2.035188428833006 | 0 | 5.0
1.9874468727426533 | 0 | 5.0
1.8458478415165114 | 0 | 5.0
1.7773435284238688 | 0 | 5.0
1.711044919606617 | 1 | -0.5
1.5424794031507918 | 0 | 5.0
1.4974441634227584 | 0 | 5.0
1.44401792089458 | 0 | 5.0
1.4308436232151889 | 0 | 5.0
1.3926862995038924 | 0 | 5.0
1.3267549695229621 | 1 | -0.5
1.304617233545286 | 0 | 5.0
1.3469105001277952 | 1 | -0.5
1.3281231662001658 | 1 | -0.5
1.453959879385632 | 1 | -0.5
1.6415991037969817 | 1 | -0.5
1.9967562662464429 | 1 | -0.5
5.142354679188312 | 1 | -0.5
4.6100701704183225 | 1 | -0.5
4.446180268597511 | 1 | -0.5
4.415901564281557 | 1 | -0.5
4.5150732614588875 | 1 | -0.5
3.0524945782556836 | 1 | -0.5
2.2700768148999835 | 1 | -0.5
1.7168165207850503 | 1 | -0.5
1.4789915253444437 | 1 | -0.5
1.303382199524309 | 1 | -0.5
1.2380710694681267 | 0 | 5.0
1.198330275572814 | 0 | 5.0
1.1658842166063201 | 0 | 5.0
1.1101366969518736 | 0 | 5.0
1.0665638919280827 | 0 | 5.0
1.0219650337250084 | 0 | 5.0
0.9865847171620983 | 1 | -0.5
0.9578503540458642 | 0 | 5.0
0.9458575877459278 | 0 | 5.0
0.9433524705692978 | 0 | 5.0
0.9432385996655247 | 1 | -0.5
0.9686913640855074 | 0 | 5.0
0.995566617074864 | 0 | 5.0
1.0570986853907245 | 1 | -0.5
1.1035647131751005 | 1 | -0.5
1.27056637426282 | 1 | -0.5
1.5991784103902262 | 1 | -0.5
5.308934645418744 | 1 | -0.5
4.810305191860476 | 1 | -0.5
4.55241138392712 | 1 | -0.5
4.451246682385257 | 1 | -0.5
4.575254798996714 | 1 | -0.5
4.143363865903392 | 1 | -0.5
2.9115108561229377 | 1 | -0.5
2.18597500229462 | 1 | -0.5
1.8462630451719375 | 1 | -0.5
1.7035600793599903 | 1 | -0.5
1.6187622575275447 | 0 | 5.0
1.5410967440695875 | 0 | 5.0
1.529646319323112 | 0 | 5.0
1.4736812550415672 | 0 | 5.0
1.4260440343114253 | 0 | 5.0
1.355716773553228 | 0 | 5.0
1.3237547177562494 | 0 | 5.0
1.300104867094009 | 1 | -0.5
1.2316365367861513 | 0 | 5.0
1.1812690478217565 | 0 | 5.0
1.1919374083907115 | 0 | 5.0
1.1781080869972937 | 1 | -0.5
1.1237333491868122 | 1 | -0.5
1.1626668479247668 | 1 | -0.5
1.2800903526818659 | 1 | -0.5
1.4346340783876939 | 1 | -0.5
1.7855815923458151 | 1 | -0.5
5.368033812659314 | 1 | -0.5
4.896663947471467 | 1 | -0.5
4.572638592987417 | 1 | -0.5
4.524518411483937 | 1 | -0.5
4.634452679259301 | 1 | -0.5
3.9499487788289644 | 1 | -0.5
2.629574866254346 | 1 | -0.5
2.028974341162219 | 1 | -0.5
1.6843820314921363 | 1 | -0.5
1.5559115214057373 | 1 | -0.5
1.4662507108549128 | 0 | 5.0
1.4500201713958416 | 0 | 5.0
1.3695898451068014 | 0 | 5.0
1.3572834192459866 | 0 | 5.0
1.3440349684918995 | 0 | 5.0
1.2521836995871152 | 0 | 5.0
1.2727619611179264 | 0 | 5.0
1.2022292503393561 | 0 | 5.0
1.197073741897637 | 0 | 5.0
1.162967543967859 | 1 | -0.5
1.1268774390982756 | 0 | 5.0
1.141875571298914 | 1 | -0.5
1.1703343787978835 | 1 | -0.5
1.2248046745879855 | 1 | -0.5
1.4500029836386723 | 1 | -0.5
1.6973436336198142 | 1 | -0.5
5.490188732402909 | 1 | -0.5
4.980454960032126 | 1 | -0.5
4.679302943443423 | 1 | -0.5
4.54929096945876 | 1 | -0.5
4.584223123978594 | 1 | -0.5
4.413121254121815 | 1 | -0.5
2.945582388231708 | 1 | -0.5
2.163083254080734 | 1 | -0.5
1.858137326297218 | 1 | -0.5
1.6543649727166494 | 1 | -0.5
1.4806689209475088 | 0 | 5.0
1.4492541124962213 | 0 | 5.0
1.4236853558099585 | 0 | 5.0
1.3965804972736953 | 0 | 5.0
1.3550717303696733 | 0 | 5.0
1.3207936710221109 | 0 | 5.0
1.3483172644858292 | 0 | 5.0
1.2356896961137471 | 0 | 5.0
1.23114646042406 | 0 | 5.0
1.1991512142339937 | 1 | -0.5
1.1241322870697155 | 0 | 5.0
1.193564212361316 | 0 | 5.0
1.2171946402079927 | 1 | -0.5
1.2278745740310293 | 1 | -0.5
1.3404876575020335 | 1 | -0.5
1.5458129417586375 | 1 | -0.5
1.8665043856841612 | 1 | -0.5
4.989883174025001 | 1 | -0.5
4.579180871825386 | 1 | -0.5
4.413391274937402 | 1 | -0.5
4.46708213334172 | 1 | -0.5
4.482797104201408 | 1 | -0.5
2.831642287981793 | 1 | -0.5
2.1711745866278775 | 1 | -0.5
1.7743247380082394 | 1 | -0.5
1.5640731149993001 | 0 | 5.0
1.4877329253939717 | 1 | -0.5
1.4050523799404302 | 0 | 5.0
1.3831789998521424 | 0 | 5.0
1.3809439956371123 | 0 | 5.0
1.3247874040529852 | 0 | 5.0
1.303767785027733 | 0 | 5.0
1.2358037223579263 | 0 | 5.0
1.1645337728064526 | 0 | 5.0
1.1602445582257332 | 0 | 5.0
1.112041192015555 | 1 | -0.5
1.0945090318503505 | 0 | 5.0
1.1236911120067883 | 0 | 5.0
1.1002444800819688 | 1 | -0.5
1.1608540693337366 | 1 | -0.5
1.3273063539374663 | 1 | -0.5
1.54722182041747 | 1 | -0.5
5.607133526578624 | 1 | -0.5
4.970375533726785 | 1 | -0.5
4.585954008730509 | 1 | -0.5
4.439758779810207 | 1 | -0.5
4.593930795630364 | 1 | -0.5
4.112353732019714 | 1 | -0.5
2.9139186955646132 | 1 | -0.5
2.2716230987025305 | 1 | -0.5
1.889332709077612 | 1 | -0.5
1.6650364866096943 | 1 | -0.5
1.567534722674199 | 0 | 5.0
1.5211275700376126 | 0 | 5.0
1.489336234201088 | 0 | 5.0
1.4223285303606163 | 0 | 5.0
1.406467131015151 | 0 | 5.0
1.3135327262641283 | 0 | 5.0
1.295335125101759 | 0 | 5.0
1.2375461708539035 | 1 | -0.5
1.1383726864841002 | 0 | 5.0
1.111837794505598 | 0 | 5.0
1.1344672489624217 | 0 | 5.0
1.094754437994274 | 1 | -0.5
1.1006886296005585 | 1 | -0.5
1.1348012283204356 | 1 | -0.5
1.2923555808156477 | 1 | -0.5
1.5422852672997365 | 1 | -0.5
1.983929014289706 | 1 | -0.5
5.080399407246468 | 1 | -0.5
4.778539053023836 | 1 | -0.5
4.630321566015482 | 1 | -0.5
4.730424807875717 | 1 | -0.5
4.9401001297877265 | 1 | -0.5
3.130506338815732 | 1 | -0.5
2.3805646435035834 | 1 | -0.5
1.9661098856876233 | 1 | -0.5
1.7416396691558804 | 0 | 5.0
1.662449202020345 | 0 | 5.0
1.569441899250893 | 0 | 5.0
1.5262868417667956 | 0 | 5.0
1.4298592777651082 | 0 | 5.0
1.3386306510067274 | 0 | 5.0
1.2943384799416113 | 1 | -0.5
1.197349343139847 | 0 | 5.0
1.1644914078554995 | 0 | 5.0
1.1440169326266068 | 0 | 5.0
1.0823864769198417 | 1 | -0.5
1.127475806423917 | 0 | 5.0
1.1405313122165097 | 0 | 5.0
1.1227278418601228 | 1 | -0.5
1.1829928690425635 | 1 | -0.5
1.3272956924332862 | 1 | -0.5
1.5168316092672127 | 1 | -0.5
1.9027161480097405 | 1 | -0.5
5.122375955036212 | 1 | -0.5
4.674572026769154 | 1 | -0.5
4.485265361639048 | 1 | -0.5
4.485328696210413 | 1 | -0.5
4.680106787244436 | 1 | -0.5
2.986950722597814 | 1 | -0.5
2.156092830002683 | 1 | -0.5
1.7922000265175348 | 1 | -0.5
1.5928085255106612 | 1 | -0.5
1.4108771888787277 | 0 | 5.0
1.3845117624305483 | 0 | 5.0
1.3668092336627589 | 0 | 5.0
1.3331008085928808 | 0 | 5.0
1.2855949353969274 | 0 | 5.0
1.241358764640555 | 0 | 5.0
1.166955904361421 | 0 | 5.0
1.1212368062458906 | 1 | -0.5
1.127052556290313 | 0 | 5.0
1.0668720654627089 | 0 | 5.0
1.0687882482053745 | 0 | 5.0
1.040384206705299 | 1 | -0.5
1.0709852223911742 | 1 | -0.5
1.1257250492573854 | 1 | -0.5
1.2695174729547174 | 1 | -0.5
1.4818460738524906 | 1 | -0.5
1.9838176480402963 | 1 | -0.5
5.019130818061459 | 1 | -0.5
4.719046588773166 | 1 | -0.5
4.627659945966935 | 1 | -0.5
4.697822336914858 | 1 | -0.5
4.349948105790604 | 1 | -0.5
2.9454517468792876 | 1 | -0.5
2.2503074682569477 | 1 | -0.5
1.9254962977926051 | 1 | -0.5
1.7221761582738029 | 0 | 5.0
1.6534578292075963 | 0 | 5.0
1.6009634861528852 | 0 | 5.0
1.4776922649787625 | 0 | 5.0
1.3738711528022363 | 0 | 5.0
1.312679786814627 | 0 | 5.0
1.254372751888656 | 1 | -0.5
1.1704216641241039 | 0 | 5.0
1.147524259974928 | 0 | 5.0
1.1357824755662487 | 0 | 5.0
1.1277170738122564 | 1 | -0.5
1.1158063457817757 | 0 | 5.0
1.1113037694327896 | 1 | -0.5
1.195995347124285 | 1 | -0.5
1.2905475392898085 | 1 | -0.5
1.5023925150610489 | 1 | -0.5
1.891307600630317 | 1 | -0.5
5.1799042987348445 | 1 | -0.5
4.730111185247638 | 1 | -0.5
4.543044354585361 | 1 | -0.5
4.509064308622755 | 1 | -0.5
4.6402120905803335 | 1 | -0.5
3.6899458730968053 | 1 | -0.5
2.5375149315036336 | 1 | -0.5
2.0560425319601934 | 1 | -0.5
1.7240772635495956 | 1 | -0.5
1.58396606312399 | 0 | 5.0
1.4898313188689232 | 0 | 5.0
1.474105044659148 | 0 | 5.0
1.3739078912376879 | 0 | 5.0
1.3505158890192774 | 0 | 5.0
1.2956176334728464 | 1 | -0.5
1.1769264379021214 | 0 | 5.0
1.1476981133637076 | 0 | 5.0
1.1043707499748705 | 0 | 5.0
1.0865022320479236 | 0 | 5.0
1.047807868324074 | 1 | -0.5
1.023811204859224 | 0 | 5.0
1.0391858324882395 | 0 | 5.0
1.0791780629929417 | 1 | -0.5
1.0519152049847018 | 1 | -0.5
1.1784272307550439 | 1 | -0.5
1.3234307352279162 | 1 | -0.5
1.6476007846925809 | 1 | -0.5
5.271583264785043 | 1 | -0.5
4.746195060114573 | 1 | -0.5
4.499726093072246 | 1 | -0.5
4.463630942152945 | 1 | -0.5
4.627916805140579 | 1 | -0.5
3.547860689117687 | 1 | -0.5
2.5722356604484187 | 1 | -0.5
2.037087579597261 | 1 | -0.5
1.7272702592870415 | 1 | -0.5
1.5482255071151982 | 0 | 5.0
1.4435636827445235 | 0 | 5.0
1.3786957071028683 | 0 | 5.0
1.346134153048721 | 0 | 5.0
1.2507339582208488 | 0 | 5.0
1.2068396690430325 | 0 | 5.0
1.122041619442142 | 1 | -0.5
1.0509269492250013 | 0 | 5.0
1.0631786305183566 | 0 | 5.0
1.0717335931105998 | 0 | 5.0
1.0528773259933584 | 0 | 5.0
1.0458847201083423 | 1 | -0.5
0.9970877071675619 | 1 | -0.5
1.087330257623464 | 1 | -0.5
1.1675949090242144 | 1 | -0.5
1.3679213954374767 | 1 | -0.5
1.7066241496611847 | 1 | -0.5
5.298993167400307 | 1 | -0.5
4.885446980556187 | 1 | -0.5
4.709354826612325 | 1 | -0.5
4.728070301075405 | 1 | -0.5
5.003832366919967 | 1 | -0.5
3.281029886736857 | 1 | -0.5
2.4573630907817585 | 1 | -0.5
2.0475788762782825 | 1 | -0.5
1.8056233594893902 | 1 | -0.5
1.6614578490263445 | 0 | 5.0
1.6332765080511555 | 0 | 5.0
1.5370264667332407 | 0 | 5.0
1.489343587141834 | 0 | 5.0
1.4730649723239349 | 0 | 5.0
1.4318268248261985 | 0 | 5.0
1.4074593103211315 | 0 | 5.0
1.3581674297769117 | 0 | 5.0
1.3237681473740248 | 0 | 5.0
1.321269389812682 | 1 | -0.5
1.3081597311925315 | 0 | 5.0
1.2639551529705184 | 0 | 5.0
1.3292519310407185 | 1 | -0.5
1.3261345521545518 | 1 | -0.5
1.4674692367538054 | 1 | -0.5
1.7461018945646483 | 1 | -0.5
5.6564346800162255 | 1 | -0.5
4.83540902526944 | 1 | -0.5
4.534678121972514 | 1 | -0.5
4.364888984040317 | 1 | -0.5
4.413035019657312 | 1 | -0.5
4.2777747507424735 | 1 | -0.5
2.6764168818123397 | 1 | -0.5
2.0823453006336465 | 1 | -0.5
1.6909287793454937 | 1 | -0.5
1.4783434871085952 | 1 | -0.5
1.3760078371816113 | 0 | 5.0
1.3426105933169117 | 0 | 5.0
1.2659513462664358 | 0 | 5.0
1.2409659652508513 | 0 | 5.0
1.2063770918763357 | 0 | 5.0
1.193015842838377 | 0 | 5.0
1.1750967756601123 | 0 | 5.0
1.0946891341778477 | 0 | 5.0
1.0462972276447366 | 1 | -0.5
1.0185426968151066 | 0 | 5.0
1.0283468248349596 | 0 | 5.0
1.0335095643158256 | 0 | 5.0
1.079189058179168 | 1 | -0.5
1.0822979233206336 | 1 | -0.5
1.085603918182898 | 1 | -0.5
1.27827314390796 | 1 | -0.5
1.576663420756762 | 1 | -0.5
5.461352225142634 | 1 | -0.5
4.978979574759588 | 1 | -0.5
4.655559504290461 | 1 | -0.5
4.617728733932098 | 1 | -0.5
4.730050666083878 | 1 | -0.5
4.262712472850688 | 1 | -0.5
2.848578520500397 | 1 | -0.5
2.13054794365146 | 1 | -0.5
1.8760413147250274 | 1 | -0.5
1.635424040172164 | 0 | 5.0
1.5892048467775914 | 0 | 5.0
1.481890628480627 | 0 | 5.0
1.463503726936465 | 0 | 5.0
1.3599055202831696 | 0 | 5.0
1.370901361887702 | 0 | 5.0
1.3076908711033643 | 0 | 5.0
1.221151271579944 | 1 | -0.5
1.183102717899599 | 0 | 5.0
1.1777687746867587 | 0 | 5.0
1.1171643309965 | 1 | -0.5
1.1142627671373848 | 0 | 5.0
1.169108572829828 | 0 | 5.0
1.1604640418004621 | 1 | -0.5
1.1841075620305326 | 1 | -0.5
1.3404822968505787 | 1 | -0.5
1.5229841564501534 | 1 | -0.5
5.709594539858011 | 1 | -0.5
4.935931339397327 | 1 | -0.5
4.638670812974418 | 1 | -0.5
4.460954874851387 | 1 | -0.5
4.461893600191285 | 1 | -0.5
4.625295048793646 | 1 | -0.5
3.6646267529095082 | 1 | -0.5
2.571460551019576 | 1 | -0.5
2.0393621101761226 | 1 | -0.5
1.7378707584820705 | 1 | -0.5
1.6496790303351083 | 0 | 5.0
1.5180911024420318 | 0 | 5.0
1.4856343377141978 | 0 | 5.0
1.3822735005338893 | 0 | 5.0
1.3395990953873522 | 0 | 5.0
1.292792810311877 | 0 | 5.0
1.1875753581809634 | 1 | -0.5
1.1639841095831573 | 0 | 5.0
1.095306290122043 | 0 | 5.0
1.0978235179181155 | 0 | 5.0
1.0627179229766295 | 1 | -0.5
1.089495512395075 | 0 | 5.0
1.0823989538597174 | 0 | 5.0
1.0811617209740998 | 1 | -0.5
1.1307584354842661 | 1 | -0.5
1.2463383826423868 | 1 | -0.5
1.422707942077848 | 1 | -0.5
1.8001123274098891 | 1 | -0.5
5.071503490308437 | 1 | -0.5
4.654899385750691 | 1 | -0.5
4.517083179315305 | 1 | -0.5
4.5854192258936886 | 1 | -0.5
4.480106338245799 | 1 | -0.5
3.0162285221377196 | 1 | -0.5
2.3566424356539395 | 1 | -0.5
1.9625276346718576 | 1 | -0.5
1.7395372907375952 | 0 | 5.0
1.6314752478201286 | 0 | 5.0
1.5797224063870583 | 0 | 5.0
1.5130691606328 | 0 | 5.0
1.4129167312476971 | 0 | 5.0
1.3443871779821843 | 0 | 5.0
1.3080087641458027 | 1 | -0.5
1.217972593068382 | 0 | 5.0
1.1270072919090084 | 0 | 5.0
1.1167458057338648 | 0 | 5.0
1.106789662280117 | 1 | -0.5
1.0601850855063752 | 0 | 5.0
1.1098928163082045 | 1 | -0.5
1.0891344735542638 | 0 | 5.0
1.1340129200261158 | 1 | -0.5
1.234757977651835 | 1 | -0.5
1.3258087723300152 | 1 | -0.5
1.605914113469659 | 1 | -0.5
2.0093146287760724 | 1 | -0.5
5.119149562287254 | 1 | -0.5
4.719835852600037 | 1 | -0.5
4.57497880290866 | 1 | -0.5
4.661613351937478 | 1 | -0.5
4.23947655180104 | 1 | -0.5
2.9692742051536247 | 1 | -0.5
2.218411327424863 | 1 | -0.5
1.8596714798261726 | 1 | -0.5
1.6247181804292468 | 1 | -0.5
1.53220695100634 | 0 | 5.0
1.5304977370351542 | 0 | 5.0
1.4573773329207498 | 0 | 5.0
1.4119637696974587 | 0 | 5.0
1.3569354782504883 | 0 | 5.0
1.301543235023627 | 0 | 5.0
1.2496972060531055 | 0 | 5.0
1.171966699644429 | 1 | -0.5
1.1452678638249087 | 0 | 5.0
1.1097531902730622 | 0 | 5.0
1.1514427760006278 | 1 | -0.5
1.0854080287110441 | 0 | 5.0
1.0986663257971423 | 0 | 5.0
1.1082276734749426 | 1 | -0.5
1.1627083298931546 | 1 | -0.5
1.2226531149338264 | 1 | -0.5
1.4271737667638653 | 1 | -0.5
1.7423683649009394 | 1 | -0.5
5.256779168220006 | 1 | -0.5
4.817274853948284 | 1 | -0.5
4.608194571936763 | 1 | -0.5
4.605187452323359 | 1 | -0.5
4.762247261200997 | 1 | -0.5
3.6737653209552756 | 1 | -0.5
2.599771385653759 | 1 | -0.5
2.0453984477311273 | 1 | -0.5
1.7649909778460082 | 1 | -0.5
1.6189792002145698 | 0 | 5.0
1.5482894935358709 | 1 | -0.5
1.4487693086435913 | 0 | 5.0
1.4121080480222963 | 0 | 5.0
1.3554813532934769 | 0 | 5.0
1.2911969682180438 | 0 | 5.0
1.2838594109132195 | 0 | 5.0
1.2508252153946091 | 0 | 5.0
1.1691435997594863 | 1 | -0.5
1.1381488171787175 | 0 | 5.0
1.129198443455512 | 0 | 5.0
1.104447294693867 | 1 | -0.5
1.1553356192687267 | 0 | 5.0
1.2078014307856875 | 1 | -0.5
1.2152318990979096 | 1 | -0.5
1.3966834200582485 | 1 | -0.5
1.6828086071551545 | 1 | -0.5
5.603181360820512 | 1 | -0.5
5.018790876046557 | 1 | -0.5
4.721864359374665 | 1 | -0.5
4.587448620228213 | 1 | -0.5
4.571148330098205 | 1 | -0.5
4.81896742275156 | 1 | -0.5
3.0864347965008423 | 1 | -0.5
2.2558975963351764 | 1 | -0.5
1.8354722268942 | 1 | -0.5
1.6327923926746633 | 1 | -0.5
1.5074802511925283 | 0 | 5.0
1.5101379135750548 | 0 | 5.0
1.4311855500870712 | 0 | 5.0
1.3818509271679906 | 0 | 5.0
1.3491743872875932 | 0 | 5.0
1.2673271297701096 | 0 | 5.0
1.2716654932171974 | 0 | 5.0
1.1985636753578517 | 1 | -0.5
1.1345209318603 | 0 | 5.0
1.1445703625541344 | 0 | 5.0
1.1306469443854437 | 1 | -0.5
1.1316547641697274 | 0 | 5.0
1.1816873073993466 | 0 | 5.0
1.1999221573543541 | 1 | -0.5
1.3276007241440975 | 1 | -0.5
1.4579694434179549 | 1 | -0.5
1.7307315975764395 | 1 | -0.5
5.4434046292625275 | 1 | -0.5
4.812850615378857 | 1 | -0.5
4.523717364362565 | 1 | -0.5
4.450572567587672 | 1 | -0.5
4.62239008468111 | 1 | -0.5
3.493525705144422 | 1 | -0.5
2.5256137942063246 | 1 | -0.5
2.002578511129462 | 1 | -0.5
1.6683602177947092 | 1 | -0.5
1.502468093198202 | 0 | 5.0
1.439648924230762 | 0 | 5.0
1.412607073522433 | 0 | 5.0
1.4033838359223516 | 0 | 5.0
1.3515812674333023 | 0 | 5.0
1.288684123141506 | 0 | 5.0
1.2051092032892494 | 1 | -0.5
1.1578927200633802 | 0 | 5.0
1.126655705937185 | 0 | 5.0
1.1623570713305373 | 0 | 5.0
1.106207825520937 | 0 | 5.0
1.0918853291561372 | 1 | -0.5
1.0786905016160226 | 0 | 5.0
1.1470681812504266 | 1 | -0.5
1.2204736051048766 | 1 | -0.5
1.3184196273641722 | 1 | -0.5
1.6142555849144695 | 1 | -0.5
5.492104212722999 | 1 | -0.5
4.906070509978426 | 1 | -0.5
4.650300104367019 | 1 | -0.5
4.534463519356083 | 1 | -0.5
4.597590318814801 | 1 | -0.5
4.237479947664239 | 1 | -0.5
2.8846554159205433 | 1 | -0.5
2.217897507833721 | 1 | -0.5
1.820122043841514 | 1 | -0.5
1.6534807435330623 | 0 | 5.0
1.5608163816221179 | 0 | 5.0
1.5087611803294767 | 0 | 5.0
1.4538088451245326 | 0 | 5.0
1.3671782273501072 | 0 | 5.0
1.305468653474223 | 1 | -0.5
1.2126706144543362 | 0 | 5.0
1.1981296520335871 | 0 | 5.0
1.147737266421367 | 0 | 5.0
1.1282417068615842 | 1 | -0.5
1.1134776681316862 | 0 | 5.0
1.1043646454953893 | 0 | 5.0
1.1642732279058445 | 0 | 5.0
1.1340037368745421 | 1 | -0.5
1.181203577477968 | 1 | -0.5
1.2448162890391141 | 1 | -0.5
1.4474445969964178 | 1 | -0.5
1.697966081970283 | 1 | -0.5
5.420523051274112 | 1 | -0.5
4.923602676939445 | 1 | -0.5
4.625046009934766 | 1 | -0.5
4.509361349940111 | 1 | -0.5
4.546235248678917 | 1 | -0.5
4.69845747447789 | 1 | -0.5
3.113915423924611 | 1 | -0.5
2.284964083875929 | 1 | -0.5
1.8814694705902246 | 1 | -0.5
1.6733515584847933 | 1 | -0.5
1.550381598626648 | 0 | 5.0
1.569737481357643 | 0 | 5.0
1.4785446286175448 | 0 | 5.0
1.4280115044044197 | 0 | 5.0
1.3268945765805094 | 0 | 5.0
1.2951812104738136 | 0 | 5.0
1.2619215587364245 | 1 | -0.5
1.134307814050538 | 0 | 5.0
1.1410611632498981 | 0 | 5.0
1.1488712259658709 | 1 | -0.5
1.1082022500639228 | 0 | 5.0
1.1324640580133662 | 0 | 5.0
1.140644040580917 | 1 | -0.5
1.1666478514360392 | 1 | -0.5
1.3115122469120144 | 1 | -0.5
1.4933679186637938 | 1 | -0.5
1.8964503796733843 | 1 | -0.5
5.1411352909481405 | 1 | -0.5
4.702024706569566 | 1 | -0.5
4.503595238091849 | 1 | -0.5
4.576307958937914 | 1 | -0.5
4.712706851603596 | 1 | -0.5
3.4318382601844837 | 1 | -0.5
2.4568098634252173 | 1 | -0.5
1.9086547042410045 | 1 | -0.5
1.6598284062799433 | 1 | -0.5
1.4924822352693599 | 0 | 5.0
1.481380867879684 | 0 | 5.0
1.478667002134015 | 0 | 5.0
1.3972599654822968 | 0 | 5.0
1.3635974585643387 | 0 | 5.0
1.3128293512308817 | 0 | 5.0
1.279188413767469 | 0 | 5.0
1.1901883397475743 | 1 | -0.5
1.1643202901344936 | 0 | 5.0
1.1190896100800847 | 0 | 5.0
1.09699392069526 | 0 | 5.0
1.0936125589349999 | 1 | -0.5
1.0587309206982618 | 1 | -0.5
1.059358267241357 | 1 | -0.5
1.2309823125167525 | 1 | -0.5
1.3910455470294303 | 1 | -0.5
1.7397996168187673 | 1 | -0.5
5.228850350843498 | 1 | -0.5
4.902508583138769 | 1 | -0.5
4.663417713149681 | 1 | -0.5
4.626657000565297 | 1 | -0.5
4.886601710444842 | 1 | -0.5
3.3446802990018343 | 1 | -0.5
2.4249779749815925 | 1 | -0.5
1.862638068756479 | 1 | -0.5
1.6606599435487994 | 1 | -0.5
1.5232528616195222 | 0 | 5.0
1.4597955611690296 | 0 | 5.0
1.4276714268037252 | 0 | 5.0
1.4229898065921032 | 0 | 5.0
1.376855073795257 | 0 | 5.0
1.3293442669620268 | 0 | 5.0
1.266475364443038 | 0 | 5.0
1.2506428619218148 | 1 | -0.5
1.202995056370666 | 0 | 5.0
1.1672322759715716 | 0 | 5.0
1.1761890731694022 | 0 | 5.0
1.2194287585825934 | 1 | -0.5
1.1858998941263557 | 1 | -0.5
1.2683542577373985 | 1 | -0.5
1.4169222062809828 | 1 | -0.5
1.747658929264642 | 1 | -0.5
5.203123866169385 | 1 | -0.5
4.706025323426796 | 1 | -0.5
4.521652061138009 | 1 | -0.5
4.459200229735523 | 1 | -0.5
4.594913724437586 | 1 | -0.5
3.7152640814269056 | 1 | -0.5
2.7117061025183755 | 1 | -0.5
2.133528018492561 | 1 | -0.5
1.7907778519137625 | 1 | -0.5
1.5883681510099792 | 1 | -0.5
1.4640568870830428 | 0 | 5.0
1.4579167807884756 | 0 | 5.0
1.403338270277595 | 0 | 5.0
1.3944985363236737 | 0 | 5.0
1.299568394011189 | 0 | 5.0
1.2788609236224948 | 0 | 5.0
1.2708747736272055 | 0 | 5.0
1.2255091295187877 | 0 | 5.0
1.21942821635645 | 0 | 5.0
1.1630109987495554 | 1 | -0.5
1.1160076548286144 | 0 | 5.0
1.1417278631359744 | 1 | -0.5
1.1775120705530555 | 1 | -0.5
1.2693953824956123 | 1 | -0.5
1.5088866424683347 | 1 | -0.5
1.85207085520162 | 1 | -0.5
5.136764026935225 | 1 | -0.5
4.6731559816137125 | 1 | -0.5
4.583875342565961 | 1 | -0.5
4.668693168959367 | 1 | -0.5
3.9949419045023284 | 1 | -0.5
2.691206076534416 | 1 | -0.5
2.1991802312368356 | 1 | -0.5
1.8849898803034688 | 1 | -0.5
1.703433045629057 | 0 | 5.0
1.604203082247656 | 0 | 5.0
1.499341567807077 | 0 | 5.0
1.405405828076131 | 0 | 5.0
1.3045414899109689 | 0 | 5.0
1.2389758319230766 | 1 | -0.5
1.1997829792328445 | 0 | 5.0
1.1613503362399222 | 0 | 5.0
1.1724671916659597 | 0 | 5.0
1.079993511637544 | 0 | 5.0
1.0454944793347043 | 1 | -0.5
1.0801570858648488 | 0 | 5.0
1.056793812481502 | 1 | -0.5
1.176907066319358 | 1 | -0.5
1.3378908679948462 | 1 | -0.5
1.4872159842408705 | 1 | -0.5
1.8568067465299491 | 1 | -0.5
5.202694185355977 | 1 | -0.5
4.856550122659242 | 1 | -0.5
4.686100296528088 | 1 | -0.5
4.7530903930376205 | 1 | -0.5
4.314904102943517 | 1 | -0.5
2.987757907475831 | 1 | -0.5
2.324870106870122 | 1 | -0.5
1.9768318139073946 | 1 | -0.5
1.7446881539098191 | 1 | -0.5
1.6262268631197851 | 0 | 5.0
1.554484880987498 | 0 | 5.0
1.5207063444536266 | 0 | 5.0
1.4661047173097885 | 0 | 5.0
1.4102153554319308 | 0 | 5.0
1.3600851759695325 | 0 | 5.0
1.3149080801652955 | 0 | 5.0
1.2768378117569947 | 0 | 5.0
1.2833005464236609 | 0 | 5.0
1.2342810925120382 | 1 | -0.5
1.2058618182291643 | 0 | 5.0
1.243062217435173 | 1 | -0.5
1.2950144066348157 | 1 | -0.5
1.3771854365363054 | 1 | -0.5
1.7009823388289647 | 1 | -0.5
5.645937908856982 | 1 | -0.5
4.933265953594845 | 1 | -0.5
4.484257130802925 | 1 | -0.5
4.398477416993162 | 1 | -0.5
4.5100040942777015 | 1 | -0.5
3.9904488427375493 | 1 | -0.5
2.6020852542848734 | 1 | -0.5
1.9826984435090447 | 1 | -0.5
1.667488668821299 | 1 | -0.5
1.5439557731635465 | 0 | 5.0
1.4744586993477942 | 0 | 5.0
1.4239350120652297 | 0 | 5.0
1.3640495336634053 | 0 | 5.0
1.2542444491151938 | 0 | 5.0
1.262889560507927 | 0 | 5.0
1.148561393357499 | 1 | -0.5
1.1050076631661987 | 0 | 5.0
1.0570458556322366 | 0 | 5.0
1.0422000118719923 | 0 | 5.0
1.0299704321725471 | 0 | 5.0
1.0308086625733017 | 1 | -0.5
1.0447617844294852 | 0 | 5.0
0.9960188369400982 | 1 | -0.5
1.1094850430614658 | 1 | -0.5
1.1591800843298528 | 1 | -0.5
1.4139274736281533 | 1 | -0.5
1.8057707659567994 | 1 | -0.5
5.073555925297498 | 1 | -0.5
4.751078205784883 | 1 | -0.5
4.598882120348902 | 1 | -0.5
4.66542447446288 | 1 | -0.5
4.795590285640883 | 1 | -0.5
3.0680085034066216 | 1 | -0.5
2.341014215348573 | 1 | -0.5
1.937591969469887 | 1 | -0.5
1.6329312618810823 | 1 | -0.5
1.5237592931234132 | 0 | 5.0
1.4773614048228545 | 0 | 5.0
1.409979318688545 | 0 | 5.0
1.385611633615237 | 0 | 5.0
1.3411449097210768 | 0 | 5.0
1.3181812349003694 | 0 | 5.0
1.2979368697039606 | 0 | 5.0
1.2733052389278285 | 0 | 5.0
1.2545623938393247 | 0 | 5.0
1.2128775678623882 | 0 | 5.0
1.2593469879492551 | 1 | -0.5
1.2252702134664932 | 1 | -0.5
1.3228657972487088 | 1 | -0.5
1.4013495738690258 | 1 | -0.5
1.7302764289779544 | 1 | -0.5
5.71886049385323 | 1 | -0.5
5.009098174696131 | 1 | -0.5
4.638393015144842 | 1 | -0.5
4.548601705622591 | 1 | -0.5
4.570972516616007 | 1 | -0.5
3.7013181684314964 | 1 | -0.5
2.495956632089412 | 1 | -0.5
1.8958926914878267 | 1 | -0.5
1.6603957118469033 | 1 | -0.5
1.4506625335182084 | 0 | 5.0
1.4359886469702083 | 0 | 5.0
1.3231307189657173 | 0 | 5.0
1.2664450070759903 | 0 | 5.0
1.132163544454328 | 0 | 5.0
1.0879238058318756 | 0 | 5.0
1.0943880110560797 | 1 | -0.5
0.992840249924591 | 0 | 5.0
0.9836082903430313 | 0 | 5.0
0.9896646118993304 | 1 | -0.5
0.9107356132341187 | 0 | 5.0
0.9694791822975877 | 0 | 5.0
0.9875369672332366 | 1 | -0.5
1.0231200168992545 | 0 | 5.0
1.0776721246348342 | 1 | -0.5
1.1337881848503268 | 1 | -0.5
1.315180829797736 | 1 | -0.5
1.576579395936191 | 1 | -0.5
5.396763238753672 | 1 | -0.5
4.793987586511072 | 1 | -0.5
4.536088303939377 | 1 | -0.5
4.4731535071370185 | 1 | -0.5
4.574988499433154 | 1 | -0.5
3.9958523856774297 | 1 | -0.5
2.7624661189533377 | 1 | -0.5
2.1593672040400027 | 1 | -0.5
1.7762093720379857 | 1 | -0.5
1.6302510493826454 | 0 | 5.0
1.5256225143395021 | 0 | 5.0
1.4237154452362313 | 0 | 5.0
1.368945389869349 | 0 | 5.0
1.3251365403590227 | 0 | 5.0
1.2578570181214805 | 0 | 5.0
1.1964174130493754 | 1 | -0.5
1.1288379841024145 | 0 | 5.0
1.1470019036577555 | 0 | 5.0
1.1156034058101978 | 0 | 5.0
1.0769286214820442 | 0 | 5.0
1.0710307895342728 | 1 | -0.5
1.0084938309169698 | 0 | 5.0
1.027781528726375 | 1 | -0.5
1.0861907649516835 | 1 | -0.5
1.170388119359112 | 1 | -0.5
1.4204065113725013 | 1 | -0.5
1.6856237089361148 | 1 | -0.5
5.1984081890445335 | 1 | -0.5
4.776404377201136 | 1 | -0.5
4.590541213355236 | 1 | -0.5
4.5616953937160405 | 1 | -0.5
4.856267347989475 | 1 | -0.5
3.3373344013237993 | 1 | -0.5
2.633096878731114 | 1 | -0.5
2.1397451332201354 | 1 | -0.5
1.8493036123223208 | 1 | -0.5
1.7001475132794914 | 0 | 5.0
1.616783185448347 | 0 | 5.0
1.54339119717164 | 0 | 5.0
1.524151422012772 | 0 | 5.0
1.4748870874086102 | 0 | 5.0
1.4511193655818824 | 0 | 5.0
1.4195373324017027 | 0 | 5.0
1.3408156284419344 | 1 | -0.5
1.2754424627837522 | 0 | 5.0
1.2948577971064472 | 0 | 5.0
1.2468320967104918 | 1 | -0.5
1.2146391390115443 | 0 | 5.0
1.2662073077853215 | 0 | 5.0
1.3047052320325585 | 1 | -0.5
1.3917285891362186 | 1 | -0.5
1.5357440508469533 | 1 | -0.5
1.7661007891633467 | 1 | -0.5
5.445316566957265 | 1 | -0.5
4.808181614290638 | 1 | -0.5
4.456979507142671 | 1 | -0.5
4.34120158931397 | 1 | -0.5
4.420268714664477 | 1 | -0.5
3.7217882737636057 | 1 | -0.5
2.502334145403362 | 1 | -0.5
1.9165071833303338 | 1 | -0.5
1.5824615874721302 | 1 | -0.5
1.3924513853360223 | 1 | -0.5
1.2991103172452352 | 0 | 5.0
1.26099052564734 | 0 | 5.0
1.2235696686454198 | 0 | 5.0
1.1966835200720578 | 0 | 5.0
1.1610311965257503 | 0 | 5.0
1.1158861450852398 | 0 | 5.0
1.094374395493732 | 0 | 5.0
1.0560724269708486 | 0 | 5.0
1.0238576629709137 | 0 | 5.0
0.9700586457105363 | 1 | -0.5
0.9892192593591196 | 0 | 5.0
0.9759552230682157 | 1 | -0.5
0.9906650816942779 | 0 | 5.0
1.0314305492828266 | 1 | -0.5
1.0980621688859997 | 1 | -0.5
1.2594546063869303 | 1 | -0.5
1.5777420477791724 | 1 | -0.5
5.210849593315861 | 1 | -0.5
4.753997592163933 | 1 | -0.5
4.515627797308478 | 1 | -0.5
4.523829441560231 | 1 | -0.5
4.641645347014519 | 1 | -0.5
3.612243452513763 | 1 | -0.5
2.5860024395188983 | 1 | -0.5
2.0723803139077392 | 1 | -0.5
1.803355664772807 | 1 | -0.5
1.5791996375118982 | 0 | 5.0
1.5021450565119592 | 0 | 5.0
1.478470895002802 | 0 | 5.0
1.4006779445726951 | 0 | 5.0
1.259358218047614 | 0 | 5.0
1.2064548684435787 | 0 | 5.0
1.169972376168272 | 0 | 5.0
1.0907560729119172 | 1 | -0.5
1.1092267483039344 | 0 | 5.0
1.0529585516389113 | 0 | 5.0
1.0263603116032984 | 0 | 5.0
1.0308676161956765 | 1 | -0.5
1.0312735006475704 | 0 | 5.0
1.0834629557312208 | 1 | -0.5
1.1011601800333193 | 1 | -0.5
1.232968505649973 | 1 | -0.5
1.4208447280074208 | 1 | -0.5
1.7628137707497415 | 1 | -0.5
5.172320958146913 | 1 | -0.5
4.7363480518018335 | 1 | -0.5
4.52435564839257 | 1 | -0.5
4.621701652134535 | 1 | -0.5
4.842173125727812 | 1 | -0.5
3.079250424751994 | 1 | -0.5
2.2503032355408905 | 1 | -0.5
1.9919859219449672 | 1 | -0.5
1.7374278222565542 | 0 | 5.0
1.6729365055774892 | 0 | 5.0
1.613196790768186 | 1 | -0.5
1.4740874690289145 | 0 | 5.0
1.4662056725372592 | 0 | 5.0
1.3826151303603287 | 0 | 5.0
1.277547436847843 | 0 | 5.0
1.2685889416342884 | 0 | 5.0
1.219591358176412 | 0 | 5.0
1.1557778031914672 | 1 | -0.5
1.1618407613505304 | 0 | 5.0
1.1351878912002655 | 0 | 5.0
1.156292991807564 | 1 | -0.5
1.2153388035713646 | 1 | -0.5
1.28588650379394 | 1 | -0.5
1.3809368529817203 | 1 | -0.5
1.6830804472900667 | 1 | -0.5
5.486732802771672 | 1 | -0.5
4.945587367299948 | 1 | -0.5
4.641962400385513 | 1 | -0.5
4.541597085401593 | 1 | -0.5
4.734757703848061 | 1 | -0.5
3.5983219078928665 | 1 | -0.5
2.529439497711114 | 1 | -0.5
1.9743503319466196 | 1 | -0.5
1.6998078002316743 | 1 | -0.5
1.563620895876814 | 1 | -0.5
1.4747353784751622 | 0 | 5.0
1.4056135857524792 | 0 | 5.0
1.3496342702791748 | 0 | 5.0
1.3470949661272096 | 0 | 5.0
1.3347206870570976 | 0 | 5.0
1.2511694690930468 | 0 | 5.0
Total reward: 1738.5
3.5, 0.0, 1.0, -2.0, 5.0, 4.0, 6.0, -1.0, -3.0, -2.0, 6.0, -3.0, 0.5, 1.5, -0.5, -3.0, 1.0, 1.0
parameter ends

state | action | reward
[1.53] | 1 | -0.5
1.6682574349544528 | 1 | -0.5
1.9553785940020074 | 1 | -0.5
1.9688352964333757 | 1 | -0.5
1.709587142382493 | 1 | -0.5
1.5306970573728444 | 1 | -0.5
1.4959220768169061 | 0 | 5.0
1.419990952230483 | 0 | 5.0
1.4386207841689789 | 0 | 5.0
1.4154193821380592 | 0 | 5.0
1.4030792929278026 | 0 | 5.0
1.3774503029786678 | 0 | 5.0
1.3455325938546867 | 0 | 5.0
1.2904630020859071 | 0 | 5.0
1.2521735266209184 | 0 | 5.0
1.2579191183295004 | 0 | 5.0
1.2123098559981462 | 0 | 5.0
1.21773321056643 | 0 | 5.0
1.1935296493828822 | 0 | 5.0
1.186554644415493 | 0 | 5.0
1.2343475058150613 | 0 | 5.0
1.158486349348224 | 0 | 5.0
1.1641341358953676 | 0 | 5.0
1.1578109831099925 | 0 | 5.0
1.0767983867529451 | 0 | 5.0
1.058376335950168 | 0 | 5.0
1.0190608996122144 | 0 | 5.0
1.040379256239143 | 0 | 5.0
0.975982651056626 | 1 | -0.5
0.9948754643206169 | 0 | 5.0
1.0147711134340538 | 0 | 5.0
1.021173377431369 | 0 | 5.0
1.0389065552831165 | 1 | -0.5
1.086248629431375 | 1 | -0.5
1.2867773520199324 | 1 | -0.5
1.4406877423803284 | 1 | -0.5
1.864123938503595 | 1 | -0.5
2.5921095664637743 | 1 | -0.5
4.559899007703642 | 1 | -0.5
4.661902502419066 | 1 | -0.5
4.653900855265697 | 1 | -0.5
4.938526516713615 | 1 | -0.5
5.366647161112577 | 1 | -0.5
6.24956947269404 | 1 | -0.5
2.0485677277223666 | 1 | -0.5
1.7819886729679513 | 1 | -0.5
1.6912437301919052 | 0 | 5.0
1.5980750522103295 | 0 | 5.0
1.531045222616246 | 0 | 5.0
1.4868404290468284 | 0 | 5.0
1.4028394000179014 | 0 | 5.0
1.3321190880048204 | 1 | -0.5
1.1832285812865946 | 0 | 5.0
1.1902661124445835 | 0 | 5.0
1.1806767053344291 | 1 | -0.5
1.1319889482844894 | 0 | 5.0
1.125971980318107 | 1 | -0.5
1.163395333963184 | 0 | 5.0
1.1965482825893181 | 1 | -0.5
1.2345908500327383 | 1 | -0.5
1.3608273531549402 | 1 | -0.5
1.5682144032756276 | 1 | -0.5
1.9827640565172813 | 1 | -0.5
5.26180107657416 | 1 | -0.5
4.78108719980544 | 1 | -0.5
4.632533223790548 | 1 | -0.5
4.704878727187739 | 1 | -0.5
4.896794192755075 | 1 | -0.5
3.0564250590739976 | 1 | -0.5
2.2779327315033724 | 1 | -0.5
1.9256093138100299 | 1 | -0.5
1.7367006216256722 | 1 | -0.5
1.5677855374045382 | 0 | 5.0
1.5400158765673295 | 0 | 5.0
1.421244507978166 | 1 | -0.5
1.376527891607927 | 0 | 5.0
1.3960716229212689 | 0 | 5.0
1.431202349649339 | 0 | 5.0
1.3817728253090844 | 0 | 5.0
1.345162426310915 | 0 | 5.0
1.354767235515332 | 0 | 5.0
1.3439433912773249 | 0 | 5.0
1.3458643068141822 | 0 | 5.0
1.3256010088153984 | 1 | -0.5
1.3815840363012462 | 1 | -0.5
1.4764003091956832 | 1 | -0.5
1.6178777390175716 | 1 | -0.5
2.0254016983749974 | 1 | -0.5
2.647532395656892 | 1 | -0.5
4.449760616204796 | 1 | -0.5
4.593124204134481 | 1 | -0.5
4.490900691148097 | 1 | -0.5
4.623465648059485 | 1 | -0.5
4.932220461733283 | 1 | -0.5
5.457978982715648 | 1 | -0.5
1.7898044117350895 | 1 | -0.5
1.516139833842646 | 1 | -0.5
1.3332045308607066 | 1 | -0.5
1.211327083638911 | 0 | 5.0
1.2019412098333937 | 0 | 5.0
1.1608407660940403 | 0 | 5.0
1.159074260081796 | 0 | 5.0
1.0666605977281323 | 0 | 5.0
1.0808922979439761 | 0 | 5.0
1.0063142960188665 | 0 | 5.0
0.9290843237416526 | 1 | -0.5
0.9063423445413715 | 0 | 5.0
0.9072740388214474 | 0 | 5.0
0.9160335055385397 | 0 | 5.0
0.9405744689180345 | 1 | -0.5
0.9791523904747078 | 1 | -0.5
1.0529458276595163 | 1 | -0.5
1.1711072893466588 | 1 | -0.5
1.5460272386456124 | 1 | -0.5
5.203391454225596 | 1 | -0.5
4.8311718536815675 | 1 | -0.5
4.679015479997806 | 1 | -0.5
4.697889688291599 | 1 | -0.5
4.873820263412175 | 1 | -0.5
3.659028734419649 | 1 | -0.5
2.8096798446282234 | 1 | -0.5
2.183051894164375 | 1 | -0.5
1.927068788454596 | 1 | -0.5
1.7787034676934603 | 0 | 5.0
1.6801132579604208 | 0 | 5.0
1.6428373702248138 | 1 | -0.5
1.5939089475423347 | 0 | 5.0
1.5669966235730397 | 0 | 5.0
1.5469955010358007 | 0 | 5.0
1.5089060455374144 | 0 | 5.0
1.4867545827674824 | 0 | 5.0
1.4653378133227484 | 0 | 5.0
1.4006709295664699 | 0 | 5.0
1.3866405183755983 | 1 | -0.5
1.4186474999051941 | 0 | 5.0
1.4131536743934445 | 0 | 5.0
1.4074022644099748 | 1 | -0.5
1.4692895207873236 | 1 | -0.5
1.6120666832548993 | 1 | -0.5
1.851080225353232 | 1 | -0.5
2.298954313042576 | 1 | -0.5
3.306290766242471 | 1 | -0.5
4.526439542945534 | 1 | -0.5
4.346320639305265 | 1 | -0.5
4.455587535790612 | 1 | -0.5
4.760787278432944 | 1 | -0.5
5.256300162285647 | 1 | -0.5
1.9157986531234281 | 1 | -0.5
1.5872565983709825 | 1 | -0.5
1.3900824365004338 | 1 | -0.5
1.3284756370234059 | 0 | 5.0
1.2465899388966 | 1 | -0.5
1.2056325077086552 | 0 | 5.0
1.1906565155919708 | 0 | 5.0
1.1741631920588078 | 0 | 5.0
1.1101947860410117 | 0 | 5.0
1.0943259228665272 | 0 | 5.0
1.0664635099667215 | 0 | 5.0
1.0445759523843567 | 0 | 5.0
0.9982493012257154 | 1 | -0.5
0.9552345628572144 | 0 | 5.0
1.0218221284122835 | 0 | 5.0
0.9955539259341791 | 0 | 5.0
1.0729701549941146 | 1 | -0.5
1.0764627912342575 | 1 | -0.5
1.1769076227502568 | 1 | -0.5
1.3848240659376863 | 1 | -0.5
1.772342326557736 | 1 | -0.5
5.014750987058932 | 1 | -0.5
4.695605606404458 | 1 | -0.5
4.528343150520834 | 1 | -0.5
4.588260292199487 | 1 | -0.5
4.590371120596338 | 1 | -0.5
3.146235234867833 | 1 | -0.5
2.4076084054930975 | 1 | -0.5
1.9956326479589155 | 1 | -0.5
1.7649404376593658 | 1 | -0.5
1.6322410951143738 | 0 | 5.0
1.598076468446965 | 0 | 5.0
1.5614124188952367 | 0 | 5.0
1.5521410164526015 | 0 | 5.0
1.5207767301107717 | 0 | 5.0
1.4935759149286092 | 0 | 5.0
1.395594986230177 | 0 | 5.0
1.418439214373544 | 0 | 5.0
1.3927599833845807 | 0 | 5.0
1.3676478046503848 | 1 | -0.5
1.3341582076474667 | 0 | 5.0
1.3143540702365237 | 0 | 5.0
1.360623786141072 | 0 | 5.0
1.361077849562632 | 1 | -0.5
1.3925979230489276 | 1 | -0.5
1.4714124002349749 | 1 | -0.5
1.666025064705002 | 1 | -0.5
2.044981325837819 | 0 | 5.0
2.2585153044633977 | 0 | 5.0
2.5686378343836176 | 0 | 5.0
2.7410882798897744 | 0 | 5.0
2.8678691449485516 | 0 | 5.0
3.1298750171525205 | 0 | 5.0
3.220282688872913 | 0 | 5.0
3.517600353673938 | 0 | 5.0
3.7056577124333168 | 0 | -200.0
Total reward: 227.0
3.5, 0.0, 1.0, -2.0, 5.0, 4.0, 6.0, -1.0, -3.0, -2.0, 6.0, -3.0, 0.5, 1.5, -0.5, -3.0, 1.0, 1.0
parameter ends

state | action | reward
[1.51] | 1 | -0.5
1.5845246969105355 | 1 | -0.5
1.8044696274135261 | 1 | -0.5
2.1374462310131195 | 1 | -0.5
2.637279626980301 | 0 | 5.0
2.889514198851422 | 0 | 5.0
3.153689282777137 | 0 | 5.0
3.634458868504396 | 0 | 5.0
3.5226496864671413 | 0 | 5.0
3.3611096951385604 | 0 | 5.0
3.222449548629813 | 0 | 5.0
2.993599325080604 | 0 | 5.0
2.862215711463801 | 1 | -0.5
2.53605135770523 | 0 | 5.0
2.5055185457825813 | 0 | 5.0
2.38725595764105 | 0 | 5.0
2.284657229659503 | 0 | 5.0
2.299324396043379 | 0 | 5.0
2.154246024790812 | 0 | 5.0
2.1251333132467183 | 0 | 5.0
2.0081784284682622 | 0 | 5.0
1.9906407608310523 | 1 | -0.5
1.8170339395916757 | 0 | 5.0
1.8000679443824723 | 0 | 5.0
1.764043793587167 | 0 | 5.0
1.735118153969749 | 0 | 5.0
1.660867654804299 | 0 | 5.0
1.6332216453579698 | 0 | 5.0
1.6243634284442554 | 0 | 5.0
1.562731032533938 | 0 | 5.0
1.5607564636485411 | 0 | 5.0
1.5097256697167258 | 0 | 5.0
1.460157492576783 | 0 | 5.0
1.433734375855766 | 0 | 5.0
1.3678466835082725 | 0 | 5.0
1.3007732302887693 | 0 | 5.0
1.269137828535214 | 1 | -0.5
1.2459244528370057 | 0 | 5.0
1.2014367017737533 | 0 | 5.0
1.2112322421856088 | 0 | 5.0
1.1759591376251106 | 0 | 5.0
1.1707795394786928 | 0 | 5.0
1.2437704247723187 | 0 | 5.0
1.222852862160853 | 0 | 5.0
1.266226985942748 | 0 | 5.0
1.2504913918531486 | 0 | 5.0
1.2478708114651427 | 0 | 5.0
1.2480981592221414 | 0 | 5.0
1.2335643875061733 | 0 | 5.0
1.2814295834973282 | 0 | 5.0
1.2434976386515408 | 0 | 5.0
1.23144378329874 | 0 | 5.0
1.2637262614805178 | 0 | 5.0
1.2643775600944616 | 0 | 5.0
1.2445010281116808 | 0 | 5.0
1.252635873696044 | 0 | 5.0
1.2568662040579064 | 0 | 5.0
1.2256930031754179 | 0 | 5.0
1.2044979406533598 | 0 | 5.0
1.2237334092941559 | 0 | 5.0
1.2339418077165587 | 0 | 5.0
1.2564337112196966 | 0 | 5.0
1.2437180102132712 | 0 | 5.0
1.273460264660254 | 0 | 5.0
1.260145086693906 | 0 | 5.0
1.332176024918544 | 0 | 5.0
1.3307902257956068 | 0 | 5.0
1.331143235557531 | 0 | 5.0
1.2867671918698562 | 0 | 5.0
1.3337815261601056 | 0 | 5.0
1.3678885691658167 | 0 | 5.0
1.3546939727194218 | 0 | 5.0
1.3797707154974677 | 0 | 5.0
1.4222116068905921 | 0 | 5.0
1.4098252741256192 | 0 | 5.0
1.4373927084373608 | 0 | 5.0
1.4901898203752908 | 0 | 5.0
1.5564375696535118 | 0 | 5.0
1.5840083229983088 | 0 | 5.0
1.5872037287158403 | 1 | -0.5
1.6867059648287113 | 1 | -0.5
1.8580295062101162 | 1 | -0.5
2.1983930239311253 | 0 | 5.0
2.3855353425086046 | 0 | 5.0
2.544840307253584 | 0 | 5.0
2.776475332029295 | 0 | 5.0
3.0202757924229755 | 0 | 5.0
3.3111616144477924 | 1 | -0.5
4.251074918497569 | 1 | -0.5
3.872479951396884 | 1 | -0.5
3.6912617138556145 | 1 | -0.5
3.5993059283218396 | 1 | -0.5
3.744186911832721 | 1 | -0.5
4.044144464133387 | 1 | -0.5
4.629405894219735 | 1 | -0.5
0.6146701409412396 | 1 | -0.5
0.5942073472004392 | 1 | -0.5
0.4813678441279356 | 1 | -0.5
0.4604217132591119 | 1 | -0.5
0.4840045909410529 | 0 | 5.0
0.41987974437533165 | 0 | 5.0
0.4774679304354827 | 0 | 5.0
0.47403480639615364 | 0 | 5.0
0.4436572295110872 | 0 | 5.0
0.47763089490656685 | 0 | 5.0
0.5317316778735753 | 0 | 5.0
0.5226455126320262 | 0 | 5.0
0.5383546207703593 | 0 | 5.0
0.5554314573961263 | 0 | 5.0
0.5308570108894826 | 0 | 5.0
0.5702608426564548 | 0 | 5.0
0.5795794407007844 | 0 | 5.0
0.5707462125680299 | 0 | 5.0
0.5462830244911829 | 0 | 5.0
0.5691300781643855 | 0 | 5.0
0.5420835404790173 | 0 | 5.0
0.5093240535978634 | 0 | 5.0
0.5710414313490823 | 1 | -0.5
0.5017856715284973 | 0 | 5.0
0.5547514497375376 | 0 | 5.0
0.53132556613718 | 0 | 5.0
0.5535436983849111 | 0 | 5.0
0.5755636190127059 | 0 | 5.0
0.6226140478488479 | 0 | 5.0
0.6125360376443091 | 0 | 5.0
0.639498194154516 | 0 | 5.0
0.620505502573096 | 0 | 5.0
0.634342540124656 | 0 | 5.0
0.6162685850170818 | 0 | 5.0
0.6114579453160568 | 0 | 5.0
0.6154851587598583 | 0 | 5.0
0.622718245061409 | 0 | 5.0
0.5986293002578481 | 0 | 5.0
0.5916394476123017 | 0 | 5.0
0.6136923655013995 | 0 | 5.0
0.5489036919029321 | 0 | 5.0
0.5778816243388685 | 0 | 5.0
0.5620428969580685 | 0 | 5.0
0.5667796635491696 | 0 | 5.0
0.5226212183620909 | 0 | 5.0
0.5317552906887065 | 0 | 5.0
0.5331637198216709 | 0 | 5.0
0.5103560970401215 | 0 | 5.0
0.4833071876771415 | 0 | 5.0
0.46727057635510894 | 0 | 5.0
0.43633745700644055 | 0 | 5.0
0.44007841200977865 | 1 | -0.5
0.43227317952323996 | 0 | 5.0
0.4301681407178895 | 0 | 5.0
0.43880171324516526 | 0 | 5.0
0.553146313784362 | 0 | 5.0
0.5668658251311374 | 0 | 5.0
0.5777797518359588 | 0 | 5.0
0.5748517473339767 | 0 | 5.0
0.6240588822636003 | 0 | 5.0
0.7112013015327143 | 0 | 5.0
0.6706652096366936 | 1 | -0.5
0.7138561395017249 | 0 | 5.0
0.7721467090159588 | 1 | -0.5
0.8129014909538086 | 1 | -0.5
0.990874716518211 | 1 | -0.5
1.2194702384179417 | 1 | -0.5
1.5660882269481542 | 1 | -0.5
4.791802559727553 | 1 | -0.5
4.5722337918430425 | 1 | -0.5
4.548588794986485 | 1 | -0.5
4.769687830707849 | 1 | -0.5
4.78574899363374 | 1 | -0.5
3.4196246303001594 | 1 | -0.5
2.6992929648532797 | 1 | -0.5
2.2698236279242754 | 1 | -0.5
2.072705136730727 | 0 | 5.0
1.986365962180242 | 0 | 5.0
1.9381920178976944 | 0 | 5.0
1.8156508384317587 | 0 | 5.0
1.758895781212475 | 0 | 5.0
1.6793370128326242 | 0 | 5.0
1.6517008275623326 | 1 | -0.5
1.5760478177630137 | 0 | 5.0
1.4911370005428275 | 0 | 5.0
1.5030380860349264 | 0 | 5.0
1.4906037245671966 | 0 | 5.0
1.425400075784612 | 0 | 5.0
1.4341455203369808 | 0 | 5.0
1.372325037543192 | 0 | 5.0
1.3720697919141727 | 0 | 5.0
1.3531699013939578 | 0 | 5.0
1.36165469854644 | 0 | 5.0
1.3384014767024726 | 0 | 5.0
1.335439808282395 | 0 | 5.0
1.3397137663093486 | 0 | 5.0
1.3534442703394105 | 0 | 5.0
1.3509092026654916 | 0 | 5.0
1.3108076044195498 | 0 | 5.0
1.3124612448996968 | 0 | 5.0
1.3207669276028515 | 0 | 5.0
1.2976084452111867 | 0 | 5.0
1.2853582031739832 | 0 | 5.0
1.3662718971617047 | 0 | 5.0
1.3033387442407232 | 0 | 5.0
1.305691638506767 | 0 | 5.0
1.3073043750384694 | 0 | 5.0
1.2662016321292127 | 0 | 5.0
1.2770086301442003 | 0 | 5.0
1.2687939705389053 | 0 | 5.0
1.2449035056866247 | 0 | 5.0
1.220278386091659 | 0 | 5.0
1.261328581869504 | 0 | 5.0
1.238537608137708 | 0 | 5.0
1.2093802266899227 | 0 | 5.0
1.2029622192108735 | 0 | 5.0
1.2122144636476397 | 0 | 5.0
1.2019678315698092 | 0 | 5.0
1.1252991657540565 | 0 | 5.0
1.1580144012495495 | 0 | 5.0
1.117673372550262 | 0 | 5.0
1.1102145168961692 | 0 | 5.0
1.0631161823054287 | 0 | 5.0
1.0748257898192897 | 0 | 5.0
1.0550339733714553 | 0 | 5.0
1.0664460951836097 | 0 | 5.0
1.0389402280809321 | 0 | 5.0
1.0257076461376582 | 1 | -0.5
1.0470111686174048 | 0 | 5.0
1.062330540384639 | 0 | 5.0
1.0389748601638373 | 1 | -0.5
1.1033708791192705 | 1 | -0.5
1.271441327162805 | 1 | -0.5
1.3837571659589225 | 1 | -0.5
1.878741339959972 | 1 | -0.5
2.6414319372712014 | 1 | -0.5
4.649123267452673 | 1 | -0.5
4.487640978749028 | 1 | -0.5
4.541632836948607 | 1 | -0.5
4.767815791152542 | 1 | -0.5
5.274437806520187 | 1 | -0.5
6.087269791567936 | 1 | -0.5
1.9734878190309089 | 1 | -0.5
1.7141560592616722 | 1 | -0.5
1.5826969148024677 | 0 | 5.0
1.5492243439000424 | 0 | 5.0
1.4777621784050756 | 0 | 5.0
1.446401310621588 | 0 | 5.0
1.4361838061770849 | 0 | 5.0
1.3534257876229485 | 0 | 5.0
1.2852295639608562 | 1 | -0.5
1.2500788446225042 | 0 | 5.0
1.289934449882182 | 0 | 5.0
1.2672467495504698 | 0 | 5.0
1.2195195026035999 | 0 | 5.0
1.2480111578699222 | 0 | 5.0
1.2273416208506276 | 0 | 5.0
1.2618874809325398 | 0 | 5.0
1.2239072116340457 | 0 | 5.0
1.256199515157678 | 0 | 5.0
1.190090174037333 | 0 | 5.0
1.2245819722279325 | 0 | 5.0
1.230867616644771 | 0 | 5.0
1.214555557314052 | 0 | 5.0
1.202051183945833 | 0 | 5.0
1.2264627289436325 | 0 | 5.0
1.2177652705162614 | 0 | 5.0
1.1765115687966465 | 0 | 5.0
1.2151004517927746 | 0 | 5.0
1.2007302398654958 | 0 | 5.0
1.1718519457046133 | 0 | 5.0
1.1773009519323303 | 0 | 5.0
1.1749114813465378 | 0 | 5.0
1.0981838516987867 | 0 | 5.0
1.107953760262413 | 0 | 5.0
1.0971596284312783 | 0 | 5.0
1.0497595848570234 | 1 | -0.5
1.024743698832899 | 0 | 5.0
0.9998929392759172 | 0 | 5.0
1.0511519343153892 | 0 | 5.0
1.0031646084769947 | 0 | 5.0
1.0266024575953183 | 0 | 5.0
1.0510328994571763 | 0 | 5.0
1.015828435146943 | 0 | 5.0
1.0061096961403615 | 0 | 5.0
1.0458021211127497 | 0 | 5.0
1.0380468321212826 | 0 | 5.0
1.0501178686200794 | 0 | 5.0
1.1070865480361556 | 0 | 5.0
1.1024397114510351 | 0 | 5.0
1.1065522398685559 | 0 | 5.0
1.1143591990282982 | 0 | 5.0
1.101973082136102 | 0 | 5.0
1.1662488639521296 | 0 | 5.0
1.1695436980711729 | 0 | 5.0
1.1933245157886854 | 0 | 5.0
1.197436092884634 | 0 | 5.0
1.2651338599862691 | 0 | 5.0
1.3000590250139668 | 0 | 5.0
1.2933440442201563 | 0 | 5.0
1.3531877853878616 | 1 | -0.5
1.4018206307226966 | 1 | -0.5
1.6021109201337276 | 1 | -0.5
1.9317497545512294 | 1 | -0.5
5.296153119653281 | 1 | -0.5
4.939177933005305 | 1 | -0.5
4.59010551389023 | 1 | -0.5
4.4279006252950674 | 1 | -0.5
4.476390751327443 | 1 | -0.5
4.308932730663192 | 1 | -0.5
2.728031612046766 | 1 | -0.5
1.968046336999557 | 1 | -0.5
1.5823944081952872 | 1 | -0.5
1.4021513786590019 | 1 | -0.5
1.2690747781344613 | 0 | 5.0
1.2265023480503314 | 0 | 5.0
1.2074219261004455 | 0 | 5.0
1.1903132369635805 | 0 | 5.0
1.1165602483670956 | 0 | 5.0
1.1190822852535074 | 0 | 5.0
1.1108291512853745 | 0 | 5.0
1.0991095044135009 | 0 | 5.0
1.076010604465221 | 0 | 5.0
1.032113859200238 | 0 | 5.0
0.974271483491073 | 0 | 5.0
0.9742206386303027 | 0 | 5.0
0.9980494599424885 | 0 | 5.0
0.9768795097246245 | 0 | 5.0
0.9380512833141268 | 0 | 5.0
0.9146918339391498 | 0 | 5.0
0.9244366981999002 | 0 | 5.0
0.8925631003887358 | 0 | 5.0
0.8913983692545168 | 0 | 5.0
0.8727485237031701 | 0 | 5.0
0.8401769316274292 | 0 | 5.0
0.8827628268931892 | 0 | 5.0
0.8652211639345478 | 0 | 5.0
0.8623532064491235 | 0 | 5.0
0.8743031842582369 | 0 | 5.0
0.8745369749735499 | 0 | 5.0
0.8300755303356966 | 0 | 5.0
0.8361506910119484 | 0 | 5.0
0.8209824518580857 | 0 | 5.0
0.7692682880042179 | 0 | 5.0
0.7742304412694435 | 0 | 5.0
0.7591435868565263 | 0 | 5.0
0.7506761622003455 | 0 | 5.0
0.7632564110496431 | 0 | 5.0
0.6957693381641301 | 0 | 5.0
0.6948327710232465 | 0 | 5.0
0.7130514889696891 | 1 | -0.5
0.6706712143230424 | 0 | 5.0
0.6896801679096355 | 0 | 5.0
0.6874800446720427 | 0 | 5.0
0.7163458521055571 | 0 | 5.0
0.7226422639097543 | 0 | 5.0
0.766875151101915 | 0 | 5.0
0.7825629457739389 | 0 | 5.0
0.7934376408248688 | 0 | 5.0
0.7839074617773472 | 0 | 5.0
0.8075500244542352 | 0 | 5.0
0.8128908001825275 | 0 | 5.0
0.7972999448221448 | 0 | 5.0
0.8055021364832223 | 0 | 5.0
0.825211919638316 | 0 | 5.0
0.8101908081138818 | 0 | 5.0
0.8279848043770842 | 1 | -0.5
0.8487735444482924 | 0 | 5.0
0.8822218595377315 | 1 | -0.5
0.9633110686449426 | 1 | -0.5
1.1077967084423381 | 1 | -0.5
1.3149906272617002 | 1 | -0.5
1.6604918963304305 | 1 | -0.5
2.446316026821648 | 1 | -0.5
4.618065204417026 | 1 | -0.5
4.476881257043453 | 1 | -0.5
4.547972347746394 | 1 | -0.5
4.760098597086841 | 1 | -0.5
5.297716337531864 | 1 | -0.5
6.349911780171642 | 1 | -0.5
2.0967798675548974 | 1 | -0.5
1.8064049384129335 | 1 | -0.5
1.7142113220610997 | 0 | 5.0
1.6595553307283595 | 0 | 5.0
1.562873409512862 | 0 | 5.0
1.5120080679171968 | 0 | 5.0
1.4777009051454595 | 0 | 5.0
1.4328969105290914 | 0 | 5.0
1.3552326198198106 | 0 | 5.0
1.3491475435658586 | 0 | 5.0
1.3190198545841985 | 1 | -0.5
1.2744707980486936 | 0 | 5.0
1.2206355616093136 | 0 | 5.0
1.2282372317029282 | 0 | 5.0
1.2239915196232556 | 0 | 5.0
1.2393496955448011 | 0 | 5.0
1.2206248829233306 | 0 | 5.0
1.2664459063177347 | 0 | 5.0
1.2527174876927638 | 0 | 5.0
1.235138145512944 | 0 | 5.0
1.255482586291383 | 0 | 5.0
1.2719551894853387 | 0 | 5.0
1.2543015413312486 | 0 | 5.0
1.270485767019509 | 0 | 5.0
1.3011231912765375 | 0 | 5.0
1.3117959990915926 | 0 | 5.0
1.2835042249406385 | 0 | 5.0
1.2905014184398416 | 0 | 5.0
1.2817875548248898 | 0 | 5.0
1.308140443001864 | 0 | 5.0
1.3265997902621312 | 0 | 5.0
1.3444729765823493 | 0 | 5.0
1.3564337555190396 | 0 | 5.0
1.388945078508084 | 0 | 5.0
1.3611999064405251 | 0 | 5.0
1.3826542251903886 | 0 | 5.0
1.4230215915862867 | 0 | 5.0
1.457930101729325 | 0 | 5.0
1.4229305279898696 | 0 | 5.0
1.4884968669870002 | 0 | 5.0
1.5143652955827716 | 0 | 5.0
1.545340400162628 | 0 | 5.0
1.6027038504045787 | 0 | 5.0
1.620013761492068 | 0 | 5.0
1.603378023513614 | 0 | 5.0
1.707404333549403 | 0 | 5.0
1.7063800332226926 | 0 | 5.0
1.725600307180028 | 0 | 5.0
1.7256384975086698 | 0 | 5.0
1.7594775479208986 | 0 | 5.0
1.7931524446634894 | 0 | 5.0
1.7846235790511706 | 0 | 5.0
1.8015477399605537 | 0 | 5.0
1.8255765730752964 | 0 | 5.0
1.8620004663019922 | 0 | 5.0
1.8349401768735938 | 0 | 5.0
1.829912751916485 | 1 | -0.5
1.9411180175205154 | 1 | -0.5
2.0578807488382846 | 1 | -0.5
2.3815775349591153 | 1 | -0.5
6.508098085905629 | 1 | -0.5
5.54196385938411 | 1 | -0.5
5.048683649321191 | 1 | -0.5
4.779671411557409 | 1 | -0.5
4.7772369295626715 | 1 | -0.5
2.8990436782954387 | 1 | -0.5
1.7306917103352915 | 1 | -0.5
1.2601239930218275 | 1 | -0.5
0.9633231088816983 | 1 | -0.5
0.8729575889634582 | 1 | -0.5
0.784713791638914 | 1 | -0.5
0.7259469815792997 | 0 | 5.0
0.7255266144714964 | 0 | 5.0
0.7268157622062702 | 1 | -0.5
0.6957052059305537 | 0 | 5.0
0.7207623289616728 | 0 | 5.0
0.737098125299631 | 0 | 5.0
0.7715943276568825 | 0 | 5.0
0.7831948110172023 | 0 | 5.0
0.8074786788633047 | 0 | 5.0
0.8214836476458722 | 0 | 5.0
0.8488789920278658 | 0 | 5.0
0.8889453713469193 | 0 | 5.0
0.9424926500816604 | 0 | 5.0
0.9641089149098525 | 0 | 5.0
0.9935893372424333 | 0 | 5.0
1.0456916876852114 | 0 | 5.0
1.0842163934078006 | 0 | 5.0
1.1043187650919193 | 0 | 5.0
1.1448190205509132 | 0 | 5.0
1.2310366419463556 | 0 | 5.0
1.2457549153875207 | 0 | 5.0
1.3094549771683197 | 0 | 5.0
1.3496984039670477 | 0 | 5.0
1.3970285210284297 | 0 | 5.0
1.431399670505081 | 0 | 5.0
1.4770409239563507 | 0 | 5.0
1.5043573801442789 | 0 | 5.0
1.5519643437430162 | 0 | 5.0
1.6128475657008385 | 0 | 5.0
1.6138715111189097 | 0 | 5.0
1.656755423669168 | 0 | 5.0
1.6963678955159243 | 0 | 5.0
1.6831650783547625 | 0 | 5.0
1.7434850383194511 | 0 | 5.0
1.7496703902497586 | 0 | 5.0
1.8199373504461274 | 0 | 5.0
1.8551724081496241 | 0 | 5.0
1.8994229243993694 | 0 | 5.0
1.8632924226065601 | 0 | 5.0
1.9200942310663769 | 0 | 5.0
1.9428586188635142 | 0 | 5.0
2.0145837411448753 | 0 | 5.0
2.008775124118557 | 0 | 5.0
2.0554889186850933 | 0 | 5.0
2.0696290673541844 | 0 | 5.0
2.0784454744705676 | 0 | 5.0
2.1180221309850147 | 0 | 5.0
2.135563540766337 | 0 | 5.0
2.19777920985203 | 0 | 5.0
2.2247317552501182 | 0 | 5.0
2.214827497906664 | 0 | 5.0
2.236599772233384 | 0 | 5.0
2.3007858532525893 | 0 | 5.0
2.302219993726603 | 0 | 5.0
2.259511856102553 | 0 | 5.0
2.3082536843349875 | 0 | 5.0
2.2872069959950485 | 0 | 5.0
2.3418548070331076 | 1 | -0.5
2.4531065760392567 | 1 | -0.5
2.656557496861439 | 0 | 5.0
2.7492811275926985 | 0 | 5.0
2.8951064753255307 | 0 | -200.0
Total reward: 1757.5
3.5, 0.0, 1.0, -2.0, 5.0, 4.0, 6.0, -1.0, -3.0, -2.0, 6.0, -3.0, 0.5, 1.5, -0.5, -3.0, 1.0, 1.0
parameter ends

state | action | reward
[6.22] | 1 | -0.5
6.596863338551822 | 1 | -0.5
2.5336032415212046 | 1 | -0.5
1.989668466949046 | 1 | -0.5
1.6394052061719482 | 1 | -0.5
1.4689326941537586 | 1 | -0.5
1.3986561361254415 | 0 | 5.0
1.3663007279135175 | 0 | 5.0
1.3312532796931513 | 0 | 5.0
1.2418820620541597 | 0 | 5.0
1.2187231582570361 | 0 | 5.0
1.2211649619913953 | 0 | 5.0
1.1607725814849135 | 0 | 5.0
1.1700072642059318 | 0 | 5.0
1.1296616049247215 | 0 | 5.0
1.1135254318951497 | 0 | 5.0
1.0492021564660885 | 0 | 5.0
1.1174654995757536 | 0 | 5.0
1.0551733366531224 | 0 | 5.0
1.0115594601522575 | 0 | 5.0
0.9829351904115516 | 1 | -0.5
0.9409078755078434 | 0 | 5.0
0.9283359411781008 | 0 | 5.0
0.9411783943649858 | 0 | 5.0
0.9286581226690569 | 0 | 5.0
0.9519953411778285 | 0 | 5.0
0.9308433312577671 | 0 | 5.0
0.9209824765736795 | 0 | 5.0
0.9197337610980258 | 0 | 5.0
0.9153750134371176 | 0 | 5.0
0.9157456706304686 | 0 | 5.0
0.9151514980724552 | 0 | 5.0
0.9215478624641523 | 0 | 5.0
0.8900526309390214 | 0 | 5.0
0.9470759751707709 | 0 | 5.0
0.8955877950019914 | 0 | 5.0
0.921811739498556 | 0 | 5.0
0.9296615876980293 | 0 | 5.0
0.9024387710970813 | 0 | 5.0
0.9253736397840525 | 0 | 5.0
0.9231291000936008 | 0 | 5.0
0.9484159138323275 | 0 | 5.0
0.9071477410959254 | 0 | 5.0
0.9147782196933761 | 0 | 5.0
0.9266689414710505 | 0 | 5.0
0.9264722419399142 | 0 | 5.0
0.9256457405778206 | 0 | 5.0
0.9342359435713733 | 0 | 5.0
0.9480501715197747 | 0 | 5.0
0.9161533119383412 | 0 | 5.0
0.8861964783844171 | 0 | 5.0
0.9280775436673846 | 1 | -0.5
0.9595999455836363 | 1 | -0.5
1.0171638737517426 | 1 | -0.5
1.1685151343688573 | 1 | -0.5
1.400640307774852 | 1 | -0.5
1.8678502357819105 | 1 | -0.5
4.984090292069269 | 1 | -0.5
4.732811905313288 | 1 | -0.5
4.65289640258224 | 1 | -0.5
4.78204161794769 | 1 | -0.5
4.279392258590405 | 1 | -0.5
2.918062285607237 | 1 | -0.5
2.270990779115657 | 1 | -0.5
1.9242910435793306 | 1 | -0.5
1.75141076090346 | 0 | 5.0
1.68191274167508 | 1 | -0.5
1.569530990864534 | 0 | 5.0
1.5390005677199587 | 0 | 5.0
1.5656929050595791 | 0 | 5.0
1.4962585659027343 | 0 | 5.0
1.4910427148827285 | 0 | 5.0
1.4396234478779508 | 0 | 5.0
1.4152046703055559 | 0 | 5.0
1.4188795244492856 | 0 | 5.0
1.4013026773400712 | 0 | 5.0
1.3756577893985638 | 0 | 5.0
1.3379480001914117 | 0 | 5.0
1.3429066339970064 | 0 | 5.0
1.287905490308194 | 0 | 5.0
1.2507606318764264 | 0 | 5.0
1.2212762182073398 | 1 | -0.5
1.1474840254753278 | 0 | 5.0
1.1730340333813736 | 0 | 5.0
1.1488669198819514 | 0 | 5.0
1.128867955610059 | 0 | 5.0
1.0734136168541328 | 0 | 5.0
1.0770555397275436 | 0 | 5.0
1.071102913184491 | 0 | 5.0
1.0375458592212397 | 0 | 5.0
0.9985621296969878 | 0 | 5.0
0.9966456950675663 | 0 | 5.0
0.9884798531244667 | 1 | -0.5
0.9398156870238858 | 0 | 5.0
0.9292251615450888 | 0 | 5.0
0.9466044780125565 | 0 | 5.0
0.930852000550078 | 0 | 5.0
0.8929093215563414 | 0 | 5.0
0.8904355289701376 | 0 | 5.0
0.8804511158803232 | 0 | 5.0
0.8579492847355987 | 0 | 5.0
0.8562559765558667 | 0 | 5.0
0.8368387084294704 | 0 | 5.0
0.8201342978656387 | 0 | 5.0
0.7771421732841177 | 0 | 5.0
0.8101224094832492 | 0 | 5.0
0.7597697414985022 | 0 | 5.0
0.7791307419914656 | 0 | 5.0
0.7668475669700476 | 0 | 5.0
0.7726647190084281 | 0 | 5.0
0.744307108491612 | 0 | 5.0
0.7627940171543904 | 0 | 5.0
0.75401909748562 | 0 | 5.0
0.6703357121174851 | 0 | 5.0
0.727998376854979 | 0 | 5.0
0.7097520391814318 | 0 | 5.0
0.6604048508907732 | 0 | 5.0
0.6565060755374456 | 1 | -0.5
0.7074636344553704 | 0 | 5.0
0.687710021231389 | 0 | 5.0
0.7368682756931796 | 1 | -0.5
0.7660136950591088 | 0 | 5.0
0.8415675687514022 | 1 | -0.5
0.9250022307729954 | 1 | -0.5
1.0826173361464564 | 1 | -0.5
1.4037852688719086 | 0 | 5.0
1.7230138171535672 | 0 | 5.0
1.9653809025920226 | 0 | 5.0
2.1852329799082897 | 0 | 5.0
2.3641570245216608 | 0 | 5.0
2.5338814598087556 | 0 | 5.0
2.8539178473227387 | 0 | 5.0
3.0350922792150437 | 0 | 5.0
3.1971673800505593 | 0 | 5.0
3.669762959211502 | 0 | 5.0
3.997792049264759 | 0 | 5.0
3.845247997882488 | 0 | -200.0
Total reward: 320.5
3.5, 0.0, 1.0, -2.0, 5.0, 4.0, 6.0, -1.0, -3.0, -2.0, 6.0, -3.0, 0.5, 1.5, -0.5, -3.0, 1.0, 1.0
parameter ends

state | action | reward
[3.92] | 1 | -0.5
2.550631261024224 | 1 | -0.5
2.1087324278483814 | 1 | -0.5
2.894164851291134 | 1 | -0.5
4.608451058132234 | 1 | -0.5
10.990179535138763 | 0 | 5.0
13.593960228121057 | 0 | 5.0
14.972863385034733 | 0 | 5.0
18.420734816381977 | 0 | 5.0
18.408644331297715 | 0 | -200.0
Total reward: -182.5
3.5, 0.0, 1.0, -2.0, 5.0, 4.0, 6.0, -1.0, -3.0, -2.0, 6.0, -3.0, 0.5, 1.5, -0.5, -3.0, 1.0, 1.0
parameter ends

state | action | reward
[5.07] | 1 | -0.5
3.2617402066948142 | 1 | -0.5
2.3198082216514497 | 1 | -0.5
1.7443684090859761 | 1 | -0.5
1.5130643535564594 | 1 | -0.5
1.3862094864985322 | 0 | 5.0
1.2931384033173432 | 0 | 5.0
1.2262883401787774 | 1 | -0.5
1.1787512247091572 | 0 | 5.0
1.1888448126413786 | 0 | 5.0
1.1373623775520358 | 0 | 5.0
1.1092568003099248 | 1 | -0.5
1.1113320032427039 | 0 | 5.0
1.1246336273685151 | 1 | -0.5
1.1608279630142486 | 1 | -0.5
1.2108190366772154 | 1 | -0.5
1.4672482044743458 | 1 | -0.5
1.7769347331636018 | 1 | -0.5
5.285631874978332 | 1 | -0.5
4.76643529583341 | 1 | -0.5
4.566206337812743 | 1 | -0.5
4.59952262824345 | 1 | -0.5
4.82324192993231 | 1 | -0.5
2.9748001282961862 | 1 | -0.5
2.3007856607538004 | 1 | -0.5
1.8793125275885225 | 1 | -0.5
1.7211417177038804 | 1 | -0.5
1.537607184575241 | 0 | 5.0
1.4987884522120225 | 0 | 5.0
1.4168079961906157 | 0 | 5.0
1.417655469446686 | 0 | 5.0
1.3913065560017446 | 0 | 5.0
1.3620522667725408 | 0 | 5.0
1.299698876635226 | 0 | 5.0
1.2744942000879331 | 0 | 5.0
1.2671931347393772 | 0 | 5.0
1.2821894404319232 | 0 | 5.0
1.257190776380919 | 0 | 5.0
1.166955105777848 | 0 | 5.0
1.1625506527039322 | 0 | 5.0
1.0898536483317969 | 1 | -0.5
1.0897430120444473 | 0 | 5.0
1.102504405771639 | 0 | 5.0
1.0977372735481554 | 0 | 5.0
1.080228158476195 | 0 | 5.0
1.1401629283169255 | 0 | 5.0
1.1395243261637813 | 0 | 5.0
1.1648855611531148 | 0 | 5.0
1.2208835899043735 | 0 | 5.0
1.214603997210478 | 0 | 5.0
1.2511331463610726 | 0 | 5.0
1.2692438482100874 | 0 | 5.0
1.2664079208553374 | 0 | 5.0
1.2899656523268985 | 0 | 5.0
1.335878320136827 | 0 | 5.0
1.3153007072880207 | 0 | 5.0
1.4257021679199053 | 0 | 5.0
1.4499181288776546 | 0 | 5.0
1.4253348832436232 | 0 | 5.0
1.4814302765083966 | 0 | 5.0
1.485338179468506 | 0 | 5.0
1.533789573456188 | 0 | 5.0
1.6311912957809938 | 0 | 5.0
1.6469200225655891 | 0 | 5.0
1.7365694724701053 | 0 | 5.0
1.746060669966604 | 0 | 5.0
1.8233700469271092 | 0 | 5.0
1.832753528724889 | 0 | 5.0
1.9357275433114065 | 0 | 5.0
1.920493395308539 | 0 | 5.0
1.9763515900849946 | 0 | 5.0
1.993481948416362 | 0 | 5.0
2.003553407637148 | 0 | 5.0
2.107721377532375 | 0 | 5.0
2.130992241475969 | 0 | 5.0
2.179766462871953 | 0 | 5.0
2.185382910952029 | 0 | 5.0
2.2481398933174863 | 0 | 5.0
2.296563841899945 | 0 | 5.0
2.320847522348932 | 0 | 5.0
2.3061278781508867 | 0 | 5.0
2.3674485101334732 | 0 | 5.0
2.412297241403351 | 1 | -0.5
2.6035824526531246 | 1 | -0.5
2.9592918194563818 | 1 | -0.5
3.4742232682968854 | 1 | -0.5
4.491978890924966 | 1 | -0.5
4.674908185154183 | 0 | -200.0
Total reward: 86.5
3.5, 0.0, 1.0, -2.0, 5.0, 4.0, 6.0, -1.0, -3.0, -2.0, 6.0, -3.0, 0.5, 1.5, -0.5, -3.0, 1.0, 1.0
parameter ends

state | action | reward
[1.95] | 1 | -0.5
1.6223706439172163 | 1 | -0.5
1.4664453617925237 | 0 | 5.0
1.376813972584258 | 0 | 5.0
1.3611746335146382 | 0 | 5.0
1.2986197840972373 | 0 | 5.0
1.2805535157949357 | 0 | 5.0
1.2734468501836909 | 1 | -0.5
1.149874457623411 | 0 | 5.0
1.1610094135118019 | 0 | 5.0
1.182904488183695 | 0 | 5.0
1.1595860092337125 | 0 | 5.0
1.1586640874678595 | 0 | 5.0
1.1668904823538864 | 0 | 5.0
1.1501401706049539 | 0 | 5.0
1.1041786169763044 | 0 | 5.0
1.0790208747968055 | 0 | 5.0
1.1005766806973962 | 0 | 5.0
1.0829345375017536 | 0 | 5.0
1.0586557763713647 | 0 | 5.0
1.0104907032274488 | 0 | 5.0
1.0455651065916918 | 0 | 5.0
1.0042443723771977 | 0 | 5.0
1.0468588473995255 | 0 | 5.0
1.0380163607977586 | 0 | 5.0
1.0140521545288375 | 0 | 5.0
0.9994980943842469 | 0 | 5.0
0.9918630671835216 | 0 | 5.0
0.9617746030909409 | 0 | 5.0
0.9612660223202006 | 0 | 5.0
0.9218856864048747 | 0 | 5.0
0.9380459703314613 | 0 | 5.0
0.9042098217838349 | 0 | 5.0
0.881683714076436 | 0 | 5.0
0.8711851438738963 | 0 | 5.0
0.8364735731544009 | 0 | 5.0
0.8517349275988375 | 0 | 5.0
0.8356093708655963 | 0 | 5.0
0.8407437242170709 | 0 | 5.0
0.7881023712494051 | 0 | 5.0
0.7833616169704508 | 0 | 5.0
0.7883477700407167 | 0 | 5.0
0.7503114074807293 | 0 | 5.0
0.7097816340928952 | 0 | 5.0
0.7430263767029096 | 0 | 5.0
0.7105416786213831 | 0 | 5.0
0.726662036152212 | 0 | 5.0
0.7316402615909432 | 0 | 5.0
0.7141781861937078 | 0 | 5.0
0.7136935426791161 | 0 | 5.0
0.6871409613593283 | 0 | 5.0
0.7318752012481577 | 0 | 5.0
0.6806725307654179 | 0 | 5.0
0.6879044185119367 | 1 | -0.5
0.6214643045249174 | 0 | 5.0
0.7187117462383195 | 0 | 5.0
0.7158995153953694 | 0 | 5.0
0.7566957555414708 | 1 | -0.5
0.7730610529760212 | 0 | 5.0
0.8446928716031191 | 1 | -0.5
0.9241368307683456 | 1 | -0.5
1.2029739262626864 | 1 | -0.5
1.5672155173781 | 1 | -0.5
2.2656641597378324 | 1 | -0.5
3.7974296089054693 | 1 | -0.5
4.509994297447616 | 1 | -0.5
4.575459195696009 | 1 | -0.5
4.802937086914362 | 1 | -0.5
5.348672734640839 | 1 | -0.5
6.478381818637825 | 1 | -0.5
2.1407910746711294 | 1 | -0.5
1.9184059227235504 | 1 | -0.5
1.8149716049300275 | 0 | 5.0
1.7300269014226775 | 0 | 5.0
1.7087696664641296 | 0 | 5.0
1.6759780055819198 | 0 | 5.0
1.6624476813910887 | 0 | 5.0
1.6309950285708281 | 0 | 5.0
1.6170945945472721 | 0 | 5.0
1.5228560953059187 | 0 | 5.0
1.4938631058490432 | 1 | -0.5
1.419947081319604 | 0 | 5.0
1.4173317828660879 | 0 | 5.0
1.4051723737835418 | 0 | 5.0
1.4080357004209338 | 0 | 5.0
1.3824592482949323 | 0 | 5.0
1.350233059306782 | 0 | 5.0
1.3505104315242138 | 0 | 5.0
1.3030208868816608 | 0 | 5.0
1.3276357204368516 | 0 | 5.0
1.2957789042699022 | 0 | 5.0
1.227875966185587 | 0 | 5.0
1.2540995491485558 | 0 | 5.0
1.2121753569991318 | 0 | 5.0
1.1745996353498225 | 0 | 5.0
1.1781567396679538 | 0 | 5.0
1.1662063177312785 | 0 | 5.0
1.169320455215552 | 0 | 5.0
1.160973107649728 | 0 | 5.0
1.1593077670825434 | 0 | 5.0
1.1123504605154124 | 0 | 5.0
1.1136330717974718 | 0 | 5.0
1.08118447379408 | 0 | 5.0
1.1068000133471174 | 0 | 5.0
1.1024901237619364 | 0 | 5.0
1.082503986083253 | 0 | 5.0
1.107151138721474 | 0 | 5.0
1.0697575376383688 | 0 | 5.0
1.0604292283530647 | 0 | 5.0
1.050544788434912 | 0 | 5.0
1.0257885871252876 | 0 | 5.0
0.9856556303003451 | 0 | 5.0
0.9792026361978344 | 0 | 5.0
0.9945078881814295 | 0 | 5.0
0.9626532730635093 | 0 | 5.0
0.9473532692023093 | 0 | 5.0
0.9612042277570444 | 0 | 5.0
0.9984535478633382 | 0 | 5.0
0.9868556690301217 | 0 | 5.0
1.0054877329243193 | 0 | 5.0
1.0330513458491768 | 0 | 5.0
0.9676161974844677 | 0 | 5.0
1.012392544552644 | 0 | 5.0
1.0307991891669903 | 0 | 5.0
1.0487350483482047 | 1 | -0.5
1.0689413616324608 | 1 | -0.5
1.122634672003743 | 1 | -0.5
1.3378587410907863 | 1 | -0.5
1.62311267699327 | 1 | -0.5
5.4804774225766755 | 1 | -0.5
4.902034427936754 | 1 | -0.5
4.670446339006011 | 1 | -0.5
4.595012296028894 | 1 | -0.5
4.746006842347507 | 1 | -0.5
3.686708739364075 | 1 | -0.5
2.698068246625824 | 1 | -0.5
1.9776954291679414 | 1 | -0.5
1.64804900089263 | 1 | -0.5
1.5169053135026398 | 1 | -0.5
1.443530903800626 | 0 | 5.0
1.46279401693803 | 0 | 5.0
1.3963897949266235 | 0 | 5.0
1.3881226560470108 | 0 | 5.0
1.3978229728605875 | 0 | 5.0
1.3413995819639768 | 0 | 5.0
1.3437171310719036 | 0 | 5.0
1.3300730960499871 | 0 | 5.0
1.272793403835808 | 0 | 5.0
1.2590849672619446 | 0 | 5.0
1.232866345366954 | 0 | 5.0
1.2309440496723298 | 0 | 5.0
1.233816942635962 | 0 | 5.0
1.1944321009590153 | 0 | 5.0
1.2190857897164527 | 0 | 5.0
1.2177470002949644 | 0 | 5.0
1.2057522106586411 | 0 | 5.0
1.2062810602451888 | 0 | 5.0
1.1876714047297194 | 0 | 5.0
1.2073075124882178 | 0 | 5.0
1.1856268011592885 | 0 | 5.0
1.2316015970588414 | 0 | 5.0
1.1678710477275727 | 0 | 5.0
1.2051321228731382 | 0 | 5.0
1.1766553864509617 | 0 | 5.0
1.2176362274326993 | 0 | 5.0
1.1658917571180556 | 0 | 5.0
1.175027013048334 | 0 | 5.0
1.1387158159787105 | 0 | 5.0
1.1105726619608498 | 0 | 5.0
1.1475843139284332 | 0 | 5.0
1.1301359901928065 | 0 | 5.0
1.113671436139339 | 0 | 5.0
1.0749818630138106 | 0 | 5.0
1.0553395187485948 | 0 | 5.0
1.0568138531879465 | 0 | 5.0
1.0144226940999521 | 0 | 5.0
1.0127039557711264 | 0 | 5.0
1.0526825090021814 | 0 | 5.0
0.9389566907096953 | 0 | 5.0
1.004648415837316 | 0 | 5.0
0.9913998605444834 | 0 | 5.0
1.003960513042066 | 0 | 5.0
0.984110795197552 | 0 | 5.0
0.9752433423586394 | 0 | 5.0
0.9672816764467046 | 0 | 5.0
0.9485798911820064 | 0 | 5.0
0.943606043206121 | 0 | 5.0
0.9105080977327374 | 0 | 5.0
0.9148357926755022 | 0 | 5.0
0.9211284650320642 | 0 | 5.0
0.9508091273371563 | 0 | 5.0
0.9744052612040771 | 0 | 5.0
0.9537723733055378 | 1 | -0.5
1.0370016521649617 | 1 | -0.5
1.0770314573603175 | 1 | -0.5
1.2853457731630071 | 1 | -0.5
1.6349251062513988 | 1 | -0.5
2.384486525353772 | 1 | -0.5
4.704672244076057 | 1 | -0.5
4.61283735518155 | 1 | -0.5
4.762213873641863 | 1 | -0.5
5.078938629897259 | 1 | -0.5
5.651994437337171 | 1 | -0.5
6.620204727441074 | 1 | -0.5
2.0832067060433888 | 1 | -0.5
1.8601859879830682 | 1 | -0.5
1.778620773201778 | 0 | 5.0
1.7439883508810101 | 0 | 5.0
1.6726540785327142 | 0 | 5.0
1.633878970898439 | 0 | 5.0
1.6361533592451827 | 0 | 5.0
1.5818062771752144 | 0 | 5.0
1.5871373047900519 | 0 | 5.0
1.5407079842481108 | 0 | 5.0
1.5234638546341879 | 0 | 5.0
1.4506171217643482 | 0 | 5.0
1.4386601825041674 | 0 | 5.0
1.3678089494684533 | 0 | 5.0
1.3316184482617328 | 0 | 5.0
1.3440299753933782 | 0 | 5.0
1.3155941706103533 | 0 | 5.0
1.2934094835832637 | 0 | 5.0
1.2721238832573214 | 0 | 5.0
1.227328607750622 | 0 | 5.0
1.2237120436179976 | 0 | 5.0
1.1806465160736155 | 0 | 5.0
1.1419150176414519 | 0 | 5.0
1.1077929700025637 | 0 | 5.0
1.1248342637988242 | 0 | 5.0
1.1080911737404133 | 0 | 5.0
1.1138254899357447 | 0 | 5.0
1.0300797072410348 | 0 | 5.0
1.0308127240432583 | 0 | 5.0
1.033867163742002 | 0 | 5.0
0.9828775599827001 | 0 | 5.0
0.9544649178655497 | 0 | 5.0
0.9452836265025416 | 0 | 5.0
0.9170799607959709 | 0 | 5.0
0.8937423336329174 | 0 | 5.0
0.924350038760084 | 0 | 5.0
0.8716430666946056 | 0 | 5.0
0.8216737742163075 | 0 | 5.0
0.8095347474957457 | 0 | 5.0
0.7913549018335736 | 0 | 5.0
0.7640467232688882 | 0 | 5.0
0.7455481660212085 | 0 | 5.0
0.7441598800503173 | 0 | 5.0
0.7387127277297011 | 0 | 5.0
0.6837085460732348 | 0 | 5.0
0.6417780426395691 | 0 | 5.0
0.6088741429689426 | 0 | 5.0
0.6166027416905017 | 0 | 5.0
0.5905117859358595 | 0 | 5.0
0.5920975162399364 | 0 | 5.0
0.5747216041189951 | 0 | 5.0
0.5242000565970678 | 1 | -0.5
0.5145575345120836 | 0 | 5.0
0.523606939661142 | 0 | 5.0
0.5354394951843638 | 0 | 5.0
0.5751540856764078 | 1 | -0.5
0.5882375490203022 | 0 | 5.0
0.5903913011846968 | 0 | 5.0
0.6380563608207807 | 0 | 5.0
0.665278512560058 | 1 | -0.5
0.7606973882462016 | 1 | -0.5
0.792235444117796 | 1 | -0.5
1.044652848064306 | 1 | -0.5
1.2972893693555712 | 1 | -0.5
4.911122482982994 | 1 | -0.5
4.5710212572908295 | 1 | -0.5
4.474421717200243 | 1 | -0.5
4.522368595997787 | 1 | -0.5
4.797907555796565 | 1 | -0.5
3.8781664151958526 | 1 | -0.5
2.8460745816285664 | 1 | -0.5
2.508089180232081 | 1 | -0.5
2.151688011472295 | 1 | -0.5
1.9948931674989878 | 0 | 5.0
1.9753834865570525 | 0 | 5.0
1.905348534247937 | 0 | 5.0
1.832632037131673 | 0 | 5.0
1.8420617119109555 | 0 | 5.0
1.764513516934451 | 0 | 5.0
1.7019567228335144 | 0 | 5.0
1.6942725268349346 | 0 | 5.0
1.6516014749319639 | 0 | 5.0
1.654054780954248 | 0 | 5.0
1.5752254665202299 | 0 | 5.0
1.5331793129254645 | 0 | 5.0
1.4972353563603515 | 0 | 5.0
1.4077691790826887 | 0 | 5.0
1.3592889063008045 | 0 | 5.0
1.3663325764137422 | 0 | 5.0
1.2986504913456491 | 0 | 5.0
1.2602780333850367 | 0 | 5.0
1.234533415289516 | 1 | -0.5
1.192706574528744 | 0 | 5.0
1.1907247679973592 | 0 | 5.0
1.1511604624818537 | 0 | 5.0
1.1168728508161283 | 0 | 5.0
1.0881875831144638 | 0 | 5.0
1.142999869541436 | 0 | 5.0
1.0836387894289947 | 0 | 5.0
1.0657587275586207 | 0 | 5.0
1.0455834416813437 | 0 | 5.0
1.0539531122529906 | 0 | 5.0
0.9923632219027722 | 0 | 5.0
1.029016392086113 | 0 | 5.0
1.003023975578071 | 0 | 5.0
0.9325225080380034 | 0 | 5.0
0.9272486024210459 | 0 | 5.0
0.9158558392613172 | 0 | 5.0
0.8840435332179748 | 0 | 5.0
0.843518901393201 | 0 | 5.0
0.8920510998060963 | 0 | 5.0
0.8206104788908335 | 0 | 5.0
0.8140508068819684 | 0 | 5.0
0.7636574263176495 | 0 | 5.0
0.7478128643745664 | 0 | 5.0
0.7669636006379577 | 1 | -0.5
0.7281110549355267 | 0 | 5.0
0.7478610237607314 | 0 | 5.0
0.7579627800891483 | 0 | 5.0
0.7701676048218326 | 0 | 5.0
0.8027641183701101 | 0 | 5.0
0.8425347358907058 | 0 | 5.0
0.8131250424915045 | 0 | 5.0
0.8550037816834224 | 0 | 5.0
0.8774363182889402 | 0 | 5.0
0.918436672458841 | 0 | 5.0
0.9284635571214915 | 0 | 5.0
1.0019570818815016 | 1 | -0.5
0.9866457553981579 | 1 | -0.5
1.0466085790406412 | 1 | -0.5
1.2212866737824892 | 1 | -0.5
1.5572776143864633 | 1 | -0.5
2.0648319553312544 | 1 | -0.5
3.183497849985537 | 1 | -0.5
4.601297953165369 | 1 | -0.5
4.556005518606335 | 1 | -0.5
4.756833817888634 | 1 | -0.5
5.173022452790704 | 1 | -0.5
6.048599657960708 | 1 | -0.5
2.1709338750224383 | 1 | -0.5
1.876071850937752 | 1 | -0.5
1.7127137358593636 | 0 | 5.0
1.6506003567593062 | 1 | -0.5
1.5912709254307098 | 0 | 5.0
1.5759651804224186 | 0 | 5.0
1.5150010148145872 | 0 | 5.0
1.5131996773938075 | 0 | 5.0
1.511043098717807 | 0 | 5.0
1.4137940840705183 | 0 | 5.0
1.4265488248815792 | 0 | 5.0
1.3768256726561485 | 0 | 5.0
1.3659807625170861 | 0 | 5.0
1.3996249547380166 | 0 | 5.0
1.313442770783788 | 0 | 5.0
1.3313932332569478 | 0 | 5.0
1.3181719126530547 | 0 | 5.0
1.3130755434112884 | 0 | 5.0
1.2890798421326797 | 0 | 5.0
1.2867083407599338 | 0 | 5.0
1.2825533797704782 | 0 | 5.0
1.2278712196784078 | 0 | 5.0
1.2341044971001405 | 0 | 5.0
1.1910129535333784 | 0 | 5.0
1.1653489449889898 | 0 | 5.0
1.1563918032713163 | 1 | -0.5
1.1024819036451967 | 0 | 5.0
1.0773146173039567 | 0 | 5.0
1.09831101947275 | 0 | 5.0
1.067423457785802 | 0 | 5.0
1.1085432008455853 | 0 | 5.0
1.1651993559124547 | 0 | 5.0
1.1786202101691026 | 0 | 5.0
1.191537541172112 | 0 | 5.0
1.1990482690949171 | 0 | 5.0
1.2597412866761297 | 0 | 5.0
1.2917537167700395 | 0 | 5.0
1.32281148058462 | 0 | 5.0
1.353944575154551 | 0 | 5.0
1.3340214194054074 | 0 | 5.0
1.3685914610358076 | 0 | 5.0
1.4068506720633498 | 0 | 5.0
1.4439131904987874 | 0 | 5.0
1.4990776884050916 | 0 | 5.0
1.4927722827792789 | 0 | 5.0
1.5359642156095825 | 0 | 5.0
1.5818248536142219 | 0 | 5.0
1.5750060628318403 | 0 | 5.0
1.6476626758101327 | 0 | 5.0
1.6576170655197704 | 0 | 5.0
1.679435257007677 | 0 | 5.0
1.6643509091793978 | 0 | 5.0
1.7010386458793232 | 0 | 5.0
1.7258256629036801 | 0 | 5.0
1.7501687020913956 | 0 | 5.0
1.761204008046774 | 0 | 5.0
1.736415945681754 | 0 | 5.0
1.7736634191062899 | 1 | -0.5
1.8424996741656452 | 1 | -0.5
1.9362262371985661 | 1 | -0.5
2.2161472144838994 | 1 | -0.5
6.443704545639286 | 1 | -0.5
5.4598753953147865 | 1 | -0.5
4.844103916489555 | 1 | -0.5
4.5398145474162375 | 1 | -0.5
4.524868304829603 | 1 | -0.5
4.506200206566588 | 1 | -0.5
2.5167587093836827 | 1 | -0.5
1.8285125470331067 | 1 | -0.5
1.42733277967934 | 1 | -0.5
1.1323672267362204 | 1 | -0.5
0.9512933333087195 | 1 | -0.5
0.9365909991919927 | 1 | -0.5
0.877721203581325 | 0 | 5.0
0.8935500764406493 | 0 | 5.0
0.9190017046131238 | 0 | 5.0
0.8720693711901485 | 0 | 5.0
0.8845123491764111 | 0 | 5.0
0.869459947000017 | 0 | 5.0
0.8429503251778693 | 0 | 5.0
0.8464884390989637 | 0 | 5.0
0.8136833887137086 | 0 | 5.0
0.8625047589076038 | 0 | 5.0
0.8924355139334595 | 0 | 5.0
0.8996092229580008 | 0 | 5.0
0.9284500600215277 | 0 | 5.0
0.949150456325509 | 0 | 5.0
0.9382859201505475 | 0 | 5.0
0.9511385045399201 | 0 | 5.0
0.9941287041599149 | 0 | 5.0
1.0516079577806914 | 0 | 5.0
1.0584139978574398 | 0 | 5.0
1.1251540952441867 | 0 | 5.0
1.1239130774453194 | 0 | 5.0
1.1394141572590848 | 0 | 5.0
1.2048069067788005 | 0 | 5.0
1.2159871016271928 | 0 | 5.0
1.2645917532022148 | 0 | 5.0
1.2830966307393232 | 0 | 5.0
1.3331970229785033 | 0 | 5.0
1.3308903496531876 | 0 | 5.0
1.3335300237581176 | 0 | 5.0
1.3531726931448862 | 0 | 5.0
1.3616577220391237 | 0 | 5.0
1.399529546043442 | 0 | 5.0
1.392335131168499 | 0 | 5.0
1.426539741568955 | 0 | 5.0
1.4743040805293477 | 0 | 5.0
1.4685344488351695 | 0 | 5.0
1.4813781384299727 | 0 | 5.0
1.5475454740463028 | 0 | 5.0
1.567673562839801 | 0 | 5.0
1.5835896982030502 | 0 | 5.0
1.6419479470236553 | 0 | 5.0
1.7229293957600025 | 0 | 5.0
1.728430927084889 | 0 | 5.0
1.7693323212597922 | 0 | 5.0
1.8121293845566762 | 0 | 5.0
1.8321270520233313 | 0 | 5.0
1.8916781840919832 | 0 | 5.0
1.9269947486829706 | 0 | 5.0
1.9432885109424767 | 0 | 5.0
1.988153423314448 | 0 | 5.0
2.0278074372420747 | 0 | 5.0
2.030434750013047 | 0 | 5.0
2.083727992228155 | 0 | 5.0
2.114829289748496 | 0 | 5.0
2.1335866610005105 | 0 | 5.0
2.1255299209822636 | 0 | 5.0
2.23357444540677 | 0 | 5.0
2.224050491092156 | 1 | -0.5
2.374709120360544 | 1 | -0.5
2.609858959538866 | 1 | -0.5
3.1371826797523967 | 1 | -0.5
4.230459552667921 | 1 | -0.5
4.558227837100314 | 1 | -0.5
4.2873656264108 | 1 | -0.5
4.21977977405061 | 1 | -0.5
4.372508122763662 | 1 | -0.5
1.2219782018579262 | 1 | -0.5
0.8363669742201493 | 1 | -0.5
0.6712071400104604 | 1 | -0.5
0.5004104157805068 | 1 | -0.5
0.4206666760394264 | 1 | -0.5
0.4117102134110472 | 1 | -0.5
0.4379469359550972 | 0 | 5.0
0.44854578098301956 | 0 | 5.0
0.4622444999876659 | 0 | 5.0
0.4672238424273288 | 0 | 5.0
0.5178753357369059 | 0 | 5.0
0.4921324260002069 | 0 | 5.0
0.4831578792362168 | 0 | 5.0
0.5452765260802721 | 0 | 5.0
0.5104863719225371 | 0 | 5.0
0.5165972816553002 | 0 | 5.0
0.5048250086719127 | 0 | 5.0
0.5336538683076122 | 0 | 5.0
0.5415006484916244 | 0 | 5.0
0.5398387618392065 | 0 | 5.0
0.5194589370971104 | 0 | 5.0
0.495353929790698 | 0 | 5.0
0.510325182824423 | 0 | 5.0
0.5144119296765146 | 0 | 5.0
0.49909534323967686 | 0 | 5.0
0.4913215110954915 | 0 | 5.0
0.4847030647689487 | 0 | 5.0
0.49268270207266174 | 0 | 5.0
0.49332680770140847 | 0 | 5.0
0.5151353548286489 | 0 | 5.0
0.46093623682436163 | 0 | 5.0
0.4746380469781011 | 0 | 5.0
0.4389261986334824 | 0 | 5.0
0.41275091084135823 | 0 | 5.0
0.4064639760978343 | 0 | 5.0
0.4254744560630582 | 0 | 5.0
0.44096482885543486 | 0 | 5.0
0.43286996408272127 | 0 | -200.0
Total reward: 1773.5
3.5, 0.0, 1.0, -2.0, 5.0, 4.0, 6.0, -1.0, -3.0, -2.0, 6.0, -3.0, 0.5, 1.5, -0.5, -3.0, 1.0, 1.0
parameter ends

state | action | reward
[1.53] | 0 | 5.0
1.4449569022037143 | 0 | 5.0
1.4360613019100505 | 0 | 5.0
1.4437454638514164 | 0 | 5.0
1.3496792185014328 | 0 | 5.0
1.3888812951687006 | 1 | -0.5
1.4074314661796454 | 1 | -0.5
1.4502368104693353 | 1 | -0.5
1.6030207232668547 | 1 | -0.5
1.83086561199692 | 1 | -0.5
5.542295000882972 | 1 | -0.5
4.926770438735697 | 1 | -0.5
4.584692272065867 | 1 | -0.5
4.403830130311989 | 1 | -0.5
4.42191230320289 | 1 | -0.5
4.5602761410683 | 1 | -0.5
2.6269974094455653 | 1 | -0.5
1.8547477116347704 | 1 | -0.5
1.5753193288466232 | 1 | -0.5
1.3613582559278266 | 1 | -0.5
1.1939579697074851 | 0 | 5.0
1.0993942883478407 | 1 | -0.5
1.0746882847973185 | 0 | 5.0
1.0974172399252697 | 0 | 5.0
1.1173742186761422 | 0 | 5.0
1.0920755292267603 | 0 | 5.0
1.11094987392937 | 0 | 5.0
1.125222679575859 | 0 | 5.0
1.171379651291787 | 0 | 5.0
1.144108506396254 | 0 | 5.0
1.167559302981477 | 0 | 5.0
1.19944530003263 | 0 | 5.0
1.1873457065091915 | 0 | 5.0
1.235740437355293 | 0 | 5.0
1.2520454161711485 | 0 | 5.0
1.2498446741147866 | 0 | 5.0
1.2777604539208198 | 0 | 5.0
1.281308366145539 | 0 | 5.0
1.3019786252735719 | 0 | 5.0
1.3472026534705979 | 0 | 5.0
1.367337742631009 | 0 | 5.0
1.3987068021707707 | 0 | 5.0
1.3861533755500004 | 0 | 5.0
1.4361594262547959 | 0 | 5.0
1.446115672668881 | 0 | 5.0
1.4748637045854551 | 0 | 5.0
1.5202975586337362 | 0 | 5.0
1.508285736663727 | 0 | 5.0
1.4955342317881752 | 0 | 5.0
1.5776424860793006 | 0 | 5.0
1.573633233972952 | 0 | 5.0
1.6052041845544258 | 0 | 5.0
1.6302216975713528 | 0 | 5.0
1.6634241387546853 | 0 | 5.0
1.6842601836972748 | 0 | 5.0
1.7000673843769682 | 0 | 5.0
1.7190761886581094 | 0 | 5.0
1.7529017363884831 | 0 | 5.0
1.777755305187686 | 0 | 5.0
1.8840505557046876 | 0 | 5.0
1.8659633658571497 | 0 | 5.0
1.8971316778364051 | 0 | 5.0
1.942847541571546 | 0 | 5.0
1.9373771456540747 | 0 | 5.0
1.9385845045049832 | 0 | 5.0
1.9717722453911048 | 0 | 5.0
2.0024239529649828 | 0 | 5.0
2.0270849894360143 | 0 | 5.0
2.0586532959435693 | 0 | 5.0
2.0556354567839055 | 0 | 5.0
2.0567567113661993 | 0 | 5.0
2.0948370997370893 | 0 | 5.0
2.1403714096276927 | 0 | 5.0
2.1048975604068647 | 0 | 5.0
2.1288988978543992 | 0 | 5.0
2.133689818299929 | 0 | 5.0
2.1775804152041904 | 0 | 5.0
2.153393774150121 | 0 | 5.0
2.158866334299791 | 0 | 5.0
2.16385597846434 | 1 | -0.5
2.2382180538887897 | 1 | -0.5
2.441337066321023 | 1 | -0.5
2.7755517078908345 | 0 | 5.0
2.967197889489852 | 0 | 5.0
3.0884302762840368 | 0 | 5.0
3.1375716962166025 | 0 | -200.0
Total reward: 120.5
3.5, 0.0, 1.0, -2.0, 5.0, 4.0, 6.0, -1.0, -3.0, -2.0, 6.0, -3.0, 0.5, 1.5, -0.5, -3.0, 1.0, 1.0
parameter ends

state | action | reward
[9.99] | 0 | 5.0
10.012940434121564 | 0 | 5.0
9.929042419075653 | 0 | 5.0
9.986076784533946 | 0 | 5.0
9.997432367108997 | 0 | 5.0
9.977191596700782 | 0 | 5.0
9.997004920240855 | 0 | 5.0
9.98618983920742 | 0 | 5.0
9.110074285998495 | 0 | -200.0
Total reward: -160.0
3.5, 0.0, 1.0, -2.0, 5.0, 4.0, 6.0, -1.0, -3.0, -2.0, 6.0, -3.0, 0.5, 1.5, -0.5, -3.0, 1.0, 1.0
parameter ends

state | action | reward
[1.74] | 1 | -0.5
1.9735422576870478 | 1 | -0.5
2.3911939967509315 | 1 | -0.5
6.573263066430096 | 1 | -0.5
6.01975953561147 | 1 | -0.5
5.772291197148391 | 1 | -0.5
5.730259558100176 | 1 | -0.5
5.130260529045649 | 1 | -0.5
2.829801055642717 | 1 | -0.5
2.033859193889357 | 1 | -0.5
1.5995066117750636 | 1 | -0.5
1.3243047623983362 | 1 | -0.5
1.1813257048674994 | 1 | -0.5
1.105099881271189 | 0 | 5.0
1.0980779077772642 | 1 | -0.5
1.0723959672475398 | 0 | 5.0
1.0692394060574775 | 0 | 5.0
1.0530658471513719 | 0 | 5.0
1.0936558009538977 | 0 | 5.0
1.1393903219304642 | 1 | -0.5
1.1132420054767556 | 1 | -0.5
1.1938142690192297 | 1 | -0.5
1.3931036985999476 | 1 | -0.5
1.6643028211834667 | 1 | -0.5
2.314189349528615 | 1 | -0.5
3.523715535331112 | 1 | -0.5
4.364789836945629 | 1 | -0.5
4.30667236486077 | 1 | -0.5
4.509719311702653 | 1 | -0.5
4.889928615479154 | 1 | -0.5
5.637528420329507 | 1 | -0.5
2.045812579402813 | 1 | -0.5
1.7053716161719827 | 1 | -0.5
1.561824272999564 | 0 | 5.0
1.533136390359085 | 0 | 5.0
1.4719709508485819 | 0 | 5.0
1.485756312160334 | 0 | 5.0
1.416416211753698 | 0 | 5.0
1.3695238320706535 | 0 | 5.0
1.2763815783387882 | 0 | 5.0
1.2842495636991724 | 0 | 5.0
1.224217015451138 | 1 | -0.5
1.1824244440796008 | 0 | 5.0
1.1969088320526984 | 0 | 5.0
1.1685369742819787 | 0 | 5.0
1.1739252032327225 | 1 | -0.5
1.1477303727698356 | 0 | 5.0
1.1604269757383245 | 1 | -0.5
1.1908650795130364 | 1 | -0.5
1.347135652009842 | 1 | -0.5
1.4898859603550685 | 1 | -0.5
1.8250930993354122 | 1 | -0.5
5.231470669358148 | 1 | -0.5
4.742067694301093 | 1 | -0.5
4.433807992982235 | 1 | -0.5
4.392058132446304 | 1 | -0.5
4.49370096515638 | 1 | -0.5
3.4961750175497976 | 1 | -0.5
2.495239237789411 | 1 | -0.5
1.9183228658973066 | 1 | -0.5
1.6358146780407044 | 1 | -0.5
1.5461293625554384 | 0 | 5.0
1.4817354802397387 | 0 | 5.0
1.4044323128829108 | 0 | 5.0
1.364830372592283 | 0 | 5.0
1.315935961912601 | 0 | 5.0
1.2796319700505294 | 1 | -0.5
1.2450663710111938 | 0 | 5.0
1.2414305545181845 | 0 | 5.0
1.1624493079124882 | 0 | 5.0
1.1779867103913952 | 0 | 5.0
1.1769922587691561 | 0 | 5.0
1.1556016203383437 | 1 | -0.5
1.1546356470577246 | 0 | 5.0
1.2044994811052268 | 0 | 5.0
1.2478872285166682 | 1 | -0.5
1.289879127969545 | 1 | -0.5
1.3978999795776557 | 1 | -0.5
1.6462414993905665 | 1 | -0.5
1.988663482895322 | 0 | 5.0
2.3155048994331 | 0 | 5.0
2.6079708717065375 | 1 | -0.5
3.842046545961463 | 1 | -0.5
4.194253905205055 | 1 | -0.5
4.057138215019634 | 1 | -0.5
4.122974904819591 | 1 | -0.5
4.288545437173966 | 1 | -0.5
4.6964803655854235 | 1 | -0.5
5.7247239021585745 | 1 | -0.5
1.3665176665509369 | 1 | -0.5
1.1893504517981999 | 1 | -0.5
1.0975316878595562 | 0 | 5.0
1.063839223619097 | 1 | -0.5
0.9867972879689378 | 0 | 5.0
1.020117795321963 | 0 | 5.0
1.0113272228775054 | 0 | 5.0
1.0288977201501242 | 0 | 5.0
1.021086928280172 | 0 | 5.0
1.0016485610425412 | 0 | 5.0
1.0115771345232767 | 0 | 5.0
1.0177637349052355 | 0 | 5.0
0.989558415606413 | 0 | 5.0
1.004870194341412 | 0 | 5.0
0.941662649187028 | 1 | -0.5
0.9622140080627711 | 0 | 5.0
0.9879145647936428 | 0 | 5.0
0.995334234201884 | 1 | -0.5
1.0217161482641015 | 1 | -0.5
1.1014620937010868 | 1 | -0.5
1.3232207516283616 | 1 | -0.5
1.6007787693664646 | 1 | -0.5
5.322294386907047 | 1 | -0.5
4.831874810667893 | 1 | -0.5
4.563365451131547 | 1 | -0.5
4.517364132983612 | 1 | -0.5
4.693525592175758 | 1 | -0.5
3.947715318284043 | 1 | -0.5
2.8036300091714503 | 1 | -0.5
2.1376753723148707 | 1 | -0.5
1.7883598182764924 | 1 | -0.5
1.597748669446629 | 0 | 5.0
1.5444425657610006 | 1 | -0.5
1.4665558463086308 | 0 | 5.0
1.4390733319424989 | 0 | 5.0
1.44296493403098 | 0 | 5.0
1.4402626859604568 | 0 | 5.0
1.4048120094516943 | 0 | 5.0
1.3760666511194444 | 0 | 5.0
1.338571337974752 | 1 | -0.5
1.3019858260586366 | 0 | 5.0
1.3295148832664585 | 0 | 5.0
1.330129274569245 | 0 | 5.0
1.3363973765961605 | 1 | -0.5
1.3980362412523966 | 1 | -0.5
1.4838927834190614 | 1 | -0.5
1.6437061228693126 | 1 | -0.5
2.0875555814920577 | 1 | -0.5
2.914012675485133 | 1 | -0.5
4.6523425778847995 | 1 | -0.5
4.454289933395325 | 1 | -0.5
4.494908503991586 | 1 | -0.5
4.62679658712998 | 1 | -0.5
4.930117543324844 | 1 | -0.5
5.668923395431971 | 1 | -0.5
1.7712501393322195 | 1 | -0.5
1.4951429449080635 | 1 | -0.5
1.351837106511656 | 1 | -0.5
1.2804080559310689 | 0 | 5.0
1.2547222519882264 | 0 | 5.0
1.2604434437729823 | 0 | 5.0
1.1946934101834379 | 0 | 5.0
1.2140650729419864 | 0 | 5.0
1.1766687424502977 | 0 | 5.0
1.223042210992183 | 0 | 5.0
1.213320193094462 | 0 | 5.0
1.1652279932494958 | 0 | 5.0
1.166808279977378 | 0 | 5.0
1.1630478141514338 | 1 | -0.5
1.179854394933277 | 0 | 5.0
1.1801104379360003 | 1 | -0.5
1.2993634232279938 | 1 | -0.5
1.3981488927948578 | 1 | -0.5
1.6705147524010302 | 1 | -0.5
5.526509535937585 | 1 | -0.5
4.818530927416775 | 1 | -0.5
4.542482660676927 | 1 | -0.5
4.455974154479671 | 1 | -0.5
4.559611074023939 | 1 | -0.5
4.200183388605363 | 1 | -0.5
2.729013508095359 | 1 | -0.5
2.0523848354711083 | 1 | -0.5
1.7350549082811044 | 1 | -0.5
1.5207155200959988 | 1 | -0.5
1.3998054184577047 | 0 | 5.0
1.372250224731925 | 1 | -0.5
1.3435566912143628 | 0 | 5.0
1.3425396838772672 | 0 | 5.0
1.3423814473935418 | 0 | 5.0
1.3153849146090746 | 0 | 5.0
1.2709200781051608 | 0 | 5.0
1.2772126903762566 | 0 | 5.0
1.234357076870604 | 0 | 5.0
1.2701503309675997 | 0 | 5.0
1.2256239275214205 | 1 | -0.5
1.21027213823936 | 0 | 5.0
1.257465792792166 | 0 | 5.0
1.2446081364519515 | 1 | -0.5
1.2999914386694198 | 1 | -0.5
1.419674783998249 | 1 | -0.5
1.6371164250831074 | 1 | -0.5
1.9980574560463558 | 1 | -0.5
2.6568809575298253 | 1 | -0.5
4.28300692483091 | 1 | -0.5
4.509668536756883 | 1 | -0.5
4.49035378433295 | 1 | -0.5
4.713650226020487 | 1 | -0.5
5.162358284490782 | 1 | -0.5
5.8032453037245055 | 1 | -0.5
1.930883235297377 | 1 | -0.5
1.6936107796101485 | 1 | -0.5
1.5794791057844586 | 0 | 5.0
1.5391825756746482 | 0 | 5.0
1.4635267661962812 | 0 | 5.0
1.3431913297734348 | 0 | 5.0
1.2819202010403188 | 0 | 5.0
1.1960247034129314 | 1 | -0.5
1.1195510660440937 | 0 | 5.0
1.1283872802368995 | 0 | 5.0
1.0848717418202403 | 0 | 5.0
1.036727804507636 | 0 | 5.0
1.0355718909158431 | 1 | -0.5
1.0012757158507726 | 0 | 5.0
0.9975256698736841 | 1 | -0.5
1.0285504841481892 | 0 | 5.0
1.0577409636324542 | 1 | -0.5
1.1479222282783181 | 1 | -0.5
1.2784735121900708 | 1 | -0.5
1.501350437231377 | 1 | -0.5
5.444405100662312 | 1 | -0.5
4.9904683015544045 | 1 | -0.5
4.647780864779021 | 1 | -0.5
4.5502533989242995 | 1 | -0.5
4.594204100179249 | 1 | -0.5
4.859049844987355 | 1 | -0.5
2.995301836757154 | 1 | -0.5
2.2949514182910584 | 1 | -0.5
1.921351985854295 | 1 | -0.5
1.6678543239001777 | 1 | -0.5
1.6011919951036142 | 0 | 5.0
1.5934065160780757 | 0 | 5.0
1.5649188539657453 | 0 | 5.0
1.5294705297634454 | 0 | 5.0
1.5265096367736484 | 0 | 5.0
1.4702738241335351 | 0 | 5.0
1.4619536088807037 | 0 | 5.0
1.4222220285326288 | 0 | 5.0
1.4302731783399445 | 0 | 5.0
1.3444772900783855 | 1 | -0.5
1.3699009743027792 | 0 | 5.0
1.4290833866651251 | 0 | 5.0
1.399586615593591 | 1 | -0.5
1.4866897799232754 | 1 | -0.5
1.5788199723380498 | 1 | -0.5
1.8680826911227666 | 1 | -0.5
2.4051630967747153 | 1 | -0.5
3.3596499405969182 | 1 | -0.5
4.503480776264014 | 1 | -0.5
4.305447824388929 | 1 | -0.5
4.31397680632333 | 1 | -0.5
4.542324723168627 | 1 | -0.5
4.757895203586742 | 1 | -0.5
5.454739358397052 | 1 | -0.5
1.7011035908989456 | 1 | -0.5
1.4771404910528603 | 1 | -0.5
1.268594501347138 | 1 | -0.5
1.1744592405109555 | 0 | 5.0
1.1941891743179194 | 0 | 5.0
1.0902260473093452 | 0 | 5.0
1.0982451827968838 | 0 | 5.0
1.0839777391885033 | 0 | 5.0
1.0715918338577357 | 0 | 5.0
1.0312820597959358 | 0 | 5.0
1.0127483263499848 | 0 | 5.0
0.9667026694673475 | 1 | -0.5
0.9541744646764199 | 0 | 5.0
0.9452517195891659 | 0 | 5.0
0.939782156027733 | 1 | -0.5
1.0030775669698748 | 0 | 5.0
1.053925930212385 | 1 | -0.5
1.1389250509910156 | 1 | -0.5
1.2903819611830023 | 1 | -0.5
1.5482125530076385 | 1 | -0.5
5.348888322703528 | 1 | -0.5
4.820149453532672 | 1 | -0.5
4.625548354643927 | 1 | -0.5
4.528152292764116 | 1 | -0.5
4.659486624065864 | 1 | -0.5
3.9966519139388303 | 1 | -0.5
2.5909007346907353 | 1 | -0.5
2.059267510489995 | 1 | -0.5
1.8225508334192493 | 1 | -0.5
1.6202729184583688 | 1 | -0.5
1.58122210543912 | 0 | 5.0
1.5611349514812694 | 0 | 5.0
1.5228166306242636 | 0 | 5.0
1.5217318069394978 | 0 | 5.0
1.5067497096888647 | 0 | 5.0
1.4705246625299397 | 0 | 5.0
1.489170924256502 | 0 | 5.0
1.470247633760495 | 0 | 5.0
1.4398716023791347 | 0 | 5.0
1.4122736842000203 | 0 | 5.0
1.425188146535004 | 1 | -0.5
1.3912145671858813 | 0 | 5.0
1.3501806181439442 | 1 | -0.5
1.4368736403474445 | 1 | -0.5
1.5712613466612801 | 1 | -0.5
1.7863999771177446 | 1 | -0.5
2.1081172834148814 | 0 | 5.0
2.3478297315543983 | 0 | 5.0
2.6859759457620527 | 1 | -0.5
3.6919129787654934 | 1 | -0.5
4.261945894600941 | 1 | -0.5
4.095874291734033 | 1 | -0.5
4.107768693399701 | 1 | -0.5
4.269483515996676 | 1 | -0.5
4.593593849891092 | 1 | -0.5
5.279182219750536 | 1 | -0.5
1.345387833401556 | 1 | -0.5
1.1358165182628885 | 1 | -0.5
1.011358666016383 | 1 | -0.5
0.9438646896082483 | 0 | 5.0
0.9256057690948403 | 0 | 5.0
0.9182571446285226 | 0 | 5.0
0.8896486248649461 | 0 | 5.0
0.8812401598227192 | 0 | 5.0
0.8238887905724142 | 0 | 5.0
0.8080125119152928 | 0 | 5.0
0.7542480254163566 | 0 | 5.0
0.7681280989873506 | 0 | 5.0
0.7136424807000089 | 1 | -0.5
0.7211616621376394 | 0 | 5.0
0.6956231489446494 | 0 | 5.0
0.7275306466658593 | 1 | -0.5
0.7133414642326802 | 0 | 5.0
0.7802642940316683 | 0 | 5.0
0.8420143436727711 | 1 | -0.5
0.8898780597510693 | 1 | -0.5
1.0443357530932664 | 1 | -0.5
1.282787256204055 | 1 | -0.5
5.182229078515368 | 1 | -0.5
4.745383921772779 | 1 | -0.5
4.565318061821421 | 1 | -0.5
4.482747450842836 | 1 | -0.5
4.6256425204288325 | 1 | -0.5
4.124346903518358 | 1 | -0.5
3.092992188885896 | 1 | -0.5
2.451766379701561 | 1 | -0.5
2.027890301597415 | 1 | -0.5
1.8796320967578053 | 0 | 5.0
1.863430756884794 | 0 | 5.0
1.799422282136643 | 0 | 5.0
1.7431054016880818 | 0 | 5.0
1.6771623665171629 | 1 | -0.5
1.5860512113858996 | 0 | 5.0
1.56664095959954 | 0 | 5.0
1.5209024634484194 | 0 | 5.0
1.4830800533532449 | 0 | 5.0
1.4569282578222802 | 0 | 5.0
1.432510361428135 | 1 | -0.5
1.3994447587508672 | 0 | 5.0
1.39248476365366 | 0 | 5.0
1.441778736726649 | 0 | 5.0
1.4312900162366686 | 1 | -0.5
1.4552669742887263 | 1 | -0.5
1.5663530744651986 | 1 | -0.5
1.752346768501897 | 1 | -0.5
2.1261636504301573 | 0 | 5.0
2.2859836805978944 | 0 | 5.0
2.405522659096996 | 0 | 5.0
2.584413664417718 | 0 | 5.0
2.7497553915974646 | 0 | 5.0
2.9634081548831657 | 0 | 5.0
3.0942103806607237 | 0 | 5.0
3.3087934173665317 | 0 | 5.0
3.4918410552457058 | 0 | -200.0
Total reward: 470.0
3.5, 0.0, 1.0, -2.0, 5.0, 4.0, 6.0, -1.0, -3.0, -2.0, 6.0, -3.0, 0.5, 1.5, -0.5, -3.0, 1.0, 1.0
parameter ends

state | action | reward
[1.55] | 0 | 5.0
1.472335366897014 | 0 | 5.0
1.4559734747863406 | 0 | 5.0
1.435514373221576 | 0 | 5.0
1.4724095473882992 | 0 | 5.0
1.395460295982695 | 0 | 5.0
1.405308325430446 | 0 | 5.0
1.369089767404482 | 0 | 5.0
1.396805648567453 | 0 | 5.0
1.2908783224934197 | 0 | 5.0
1.2771263084995057 | 0 | 5.0
1.280617444843768 | 0 | 5.0
1.2803397549437843 | 0 | 5.0
1.249848141270935 | 0 | 5.0
1.245277753325636 | 0 | 5.0
1.2311463025127878 | 0 | 5.0
1.2295514483870973 | 0 | 5.0
1.2255412947309041 | 0 | 5.0
1.2168467101619689 | 0 | 5.0
1.1480053911545376 | 0 | 5.0
1.1419819474364732 | 0 | 5.0
1.1177429871268216 | 0 | 5.0
1.09092590659652 | 0 | 5.0
1.0751804384743415 | 0 | 5.0
1.1507002984155148 | 0 | 5.0
1.0911090809560002 | 0 | 5.0
1.0605794106241526 | 0 | 5.0
1.0636249464330647 | 0 | 5.0
1.050892736404647 | 0 | 5.0
1.0979267322555755 | 0 | 5.0
1.064459027085238 | 0 | 5.0
1.080810512408865 | 0 | 5.0
1.0414640133653683 | 0 | 5.0
1.0758701602477372 | 0 | 5.0
1.073644566362555 | 0 | 5.0
1.0812303670522834 | 0 | 5.0
1.1238404088885074 | 0 | 5.0
1.1081738750981334 | 0 | 5.0
1.0952583015541537 | 0 | 5.0
1.1312667611648337 | 0 | 5.0
1.1489637702818487 | 0 | 5.0
1.1846601839919118 | 0 | 5.0
1.1718159096504488 | 0 | 5.0
1.1859335344828847 | 0 | 5.0
1.1971036586576558 | 0 | 5.0
1.2194272990937274 | 1 | -0.5
1.246233209283175 | 1 | -0.5
1.3307425367483756 | 1 | -0.5
1.5643761235043057 | 1 | -0.5
1.8640561055386597 | 1 | -0.5
2.5324045050341417 | 1 | -0.5
4.342011112577369 | 1 | -0.5
4.586437082553688 | 1 | -0.5
4.557588093632571 | 1 | -0.5
4.758299369991053 | 1 | -0.5
5.062550631486347 | 1 | -0.5
5.697940949254281 | 1 | -0.5
1.9456053438632324 | 1 | -0.5
1.5997874209861027 | 1 | -0.5
1.4545860655152758 | 0 | 5.0
1.4133414504242163 | 1 | -0.5
1.3303246640230237 | 0 | 5.0
1.3523909491034913 | 0 | 5.0
1.3670933084917682 | 0 | 5.0
1.3261681416284266 | 0 | 5.0
1.2883147167478894 | 0 | 5.0
1.2811407664355179 | 0 | 5.0
1.2752096349029176 | 0 | 5.0
1.2705802191320867 | 0 | 5.0
1.2585265629696043 | 0 | 5.0
1.2770245561918472 | 0 | 5.0
1.2613721377544764 | 0 | 5.0
1.2613321122524528 | 0 | 5.0
1.2690507443272698 | 0 | 5.0
1.2693116465831848 | 0 | 5.0
1.251533082904311 | 0 | 5.0
1.2661434498408202 | 0 | 5.0
1.3230322241017969 | 0 | 5.0
1.3282219863519402 | 0 | 5.0
1.3166270409719245 | 0 | 5.0
1.3847263141983153 | 0 | 5.0
1.4043996747978031 | 0 | 5.0
1.4212542327267736 | 0 | 5.0
1.4695598880894964 | 0 | 5.0
1.5226363874154798 | 0 | 5.0
1.49348980053944 | 0 | 5.0
1.487991944887367 | 0 | 5.0
1.5421694029141768 | 0 | 5.0
1.5358491118711675 | 0 | 5.0
1.582454842958644 | 0 | 5.0
1.5742992610377662 | 0 | 5.0
1.5839580794595667 | 0 | 5.0
1.6694684851805741 | 0 | 5.0
1.6517738990525337 | 0 | 5.0
1.68011023615263 | 0 | 5.0
1.7060615193060054 | 0 | 5.0
1.7449002564621239 | 0 | 5.0
1.721538401452278 | 0 | 5.0
1.728578662867111 | 0 | 5.0
1.7090547306309083 | 0 | 5.0
1.7939925853298355 | 0 | 5.0
1.7566169634106785 | 0 | 5.0
1.8026474301287172 | 0 | 5.0
1.7749390139330172 | 0 | 5.0
1.7378104608579141 | 0 | 5.0
1.7578363155853307 | 0 | 5.0
1.7513262916549495 | 0 | 5.0
1.7877502883549987 | 0 | 5.0
1.7736078279797851 | 0 | 5.0
1.776133748882308 | 0 | 5.0
1.7761294051582324 | 0 | 5.0
1.755557251187043 | 0 | 5.0
1.7619014258711063 | 0 | 5.0
1.7407740881459084 | 1 | -0.5
1.7707317133555218 | 1 | -0.5
1.8191659783228693 | 1 | -0.5
2.021285358252646 | 1 | -0.5
6.4843309279402295 | 1 | -0.5
5.3519470746855875 | 1 | -0.5
4.717275488334678 | 1 | -0.5
4.391316438403178 | 1 | -0.5
4.29371900536111 | 1 | -0.5
4.372674318508175 | 1 | -0.5
2.6391820324630193 | 1 | -0.5
1.8664660241606157 | 1 | -0.5
1.444407036325269 | 1 | -0.5
1.2103096749203057 | 1 | -0.5
1.0501936843481208 | 1 | -0.5
0.9878746078028573 | 1 | -0.5
0.95703017674497 | 0 | 5.0
0.8972676878909264 | 0 | 5.0
0.924367974219621 | 0 | 5.0
0.8911703333365577 | 0 | 5.0
0.8941172838630619 | 0 | 5.0
0.8804570949389577 | 0 | 5.0
0.9101318184713992 | 0 | 5.0
0.9188222922253136 | 0 | 5.0
0.8954975504586018 | 0 | 5.0
0.8670534970315538 | 0 | 5.0
0.8599280683267271 | 0 | 5.0
0.8621000205018505 | 0 | 5.0
0.87392484491654 | 0 | 5.0
0.8371235878049806 | 0 | 5.0
0.8198944012735653 | 0 | 5.0
0.808213748778936 | 0 | 5.0
0.8027033137263727 | 0 | 5.0
0.7865261182755497 | 0 | 5.0
0.7770548350150213 | 0 | 5.0
0.7708790002148256 | 0 | 5.0
0.7767250675423162 | 0 | 5.0
0.7395685425664222 | 0 | 5.0
0.750357923436237 | 0 | 5.0
0.7304486197787992 | 0 | 5.0
0.7021137909830941 | 0 | 5.0
0.718178152243989 | 0 | 5.0
0.6974376295940142 | 0 | 5.0
0.6778017638578103 | 0 | 5.0
0.675119743431369 | 0 | 5.0
0.6551670701054527 | 0 | 5.0
0.6946834765283689 | 0 | 5.0
0.6393469560044763 | 0 | 5.0
0.6642701438910235 | 0 | 5.0
0.6460850667824407 | 0 | 5.0
0.6592178551446151 | 0 | 5.0
0.6229479247267428 | 0 | 5.0
0.613308313460996 | 0 | 5.0
0.6009294386419789 | 0 | 5.0
0.6140384323795411 | 0 | 5.0
0.6184458807795019 | 0 | 5.0
0.6041151002924616 | 0 | 5.0
0.6159624575269348 | 0 | 5.0
0.5884591740794293 | 0 | 5.0
0.5808960065862487 | 0 | 5.0
0.5819866344264444 | 0 | 5.0
0.5475127498801 | 0 | 5.0
0.5362054841921936 | 0 | 5.0
0.5455610179376513 | 0 | 5.0
0.5537055837575282 | 0 | 5.0
0.5326890991868011 | 1 | -0.5
0.5922330169748596 | 0 | 5.0
0.544870972785111 | 0 | 5.0
0.5777628242638828 | 0 | 5.0
0.59622005890342 | 1 | -0.5
0.6158403264853571 | 0 | 5.0
0.6950222453258343 | 1 | -0.5
0.7478406758397493 | 1 | -0.5
0.9013251569862996 | 1 | -0.5
1.201623891843775 | 1 | -0.5
1.686104642010428 | 1 | -0.5
2.404670147089051 | 1 | -0.5
4.620332426408145 | 1 | -0.5
4.6794769221836185 | 1 | -0.5
4.912453906630864 | 1 | -0.5
5.428273080420689 | 1 | -0.5
6.45197413591598 | 1 | -0.5
2.4559022143131704 | 1 | -0.5
2.1714426256895254 | 1 | -0.5
2.073022567950643 | 0 | 5.0
2.009868523304341 | 0 | 5.0
1.94620770967854 | 0 | 5.0
1.8662161439601161 | 0 | 5.0
1.7735296699810628 | 0 | 5.0
1.7298083410327136 | 0 | 5.0
1.660659363168384 | 0 | 5.0
1.612322156172714 | 0 | 5.0
1.576056611297177 | 0 | 5.0
1.4976567241763932 | 1 | -0.5
1.4301794299135717 | 0 | 5.0
1.4066846790181466 | 0 | 5.0
1.3718497639176581 | 0 | 5.0
1.3735303524562523 | 0 | 5.0
1.3429035086728354 | 0 | 5.0
1.351515935967354 | 0 | 5.0
1.3596280007405412 | 0 | 5.0
1.3217370102998791 | 0 | 5.0
1.3091632626014496 | 0 | 5.0
1.2864806613086213 | 0 | 5.0
1.302794669545283 | 0 | 5.0
1.3324492409063895 | 0 | 5.0
1.2816656400433404 | 0 | 5.0
1.3316180329582343 | 0 | 5.0
1.290337851144345 | 0 | 5.0
1.323495246275661 | 0 | 5.0
1.2947633305617035 | 0 | 5.0
1.295470727623205 | 0 | 5.0
1.3617680259551395 | 0 | 5.0
1.3443093523614362 | 0 | 5.0
1.3373989941099498 | 0 | 5.0
1.3718755667845386 | 0 | 5.0
1.3477434337432614 | 0 | 5.0
1.347948852227039 | 0 | 5.0
1.3358007338640543 | 0 | 5.0
1.3284868051207808 | 0 | 5.0
1.3041098068213572 | 0 | 5.0
1.2903983396598642 | 0 | 5.0
1.2742296183860795 | 0 | 5.0
1.2943300062246021 | 0 | 5.0
1.2733909719488876 | 0 | 5.0
1.2778843490336875 | 0 | 5.0
1.276188116292888 | 0 | 5.0
1.2498882806111637 | 0 | 5.0
1.2545121002866193 | 0 | 5.0
1.2123089773716613 | 0 | 5.0
1.2349524193171457 | 0 | 5.0
1.2170653489849215 | 0 | 5.0
1.2265800877947575 | 0 | 5.0
1.189365985370172 | 0 | 5.0
1.16835138680104 | 0 | 5.0
1.1271989934759004 | 0 | 5.0
1.0992897035769797 | 1 | -0.5
1.0464280118169536 | 0 | 5.0
1.1169385140918406 | 0 | 5.0
1.135678034862235 | 1 | -0.5
1.1732906699930437 | 1 | -0.5
1.237813964219974 | 1 | -0.5
1.4733751676612132 | 1 | -0.5
1.742059402299383 | 1 | -0.5
5.286891106624917 | 1 | -0.5
4.796888242493671 | 1 | -0.5
4.504648771432698 | 1 | -0.5
4.402447161409288 | 1 | -0.5
4.3963139740100114 | 1 | -0.5
4.294844220788431 | 1 | -0.5
2.855007834772621 | 1 | -0.5
2.104364347613426 | 1 | -0.5
1.7093613157016887 | 1 | -0.5
1.5314303626936359 | 1 | -0.5
1.4192990060660131 | 0 | 5.0
1.3988686550855494 | 0 | 5.0
1.3863338540700585 | 0 | 5.0
1.330364473395913 | 0 | 5.0
1.3033644732689469 | 1 | -0.5
1.2534922126336847 | 0 | 5.0
1.2425140303181423 | 0 | 5.0
1.2736187913135155 | 0 | 5.0
1.2522299164113118 | 0 | 5.0
1.1820499722696767 | 0 | 5.0
1.201195031715119 | 0 | 5.0
1.1990899759986875 | 0 | 5.0
1.1795865246535042 | 0 | 5.0
1.1712187519864643 | 0 | 5.0
1.2010874986408417 | 0 | 5.0
1.1448244950431388 | 0 | 5.0
1.1445000790250193 | 0 | 5.0
1.1073897575741902 | 0 | 5.0
1.117879948822354 | 0 | 5.0
1.1097641981099409 | 0 | 5.0
1.097948822484065 | 0 | 5.0
1.1070500534871899 | 0 | 5.0
1.0770463393009524 | 0 | 5.0
1.106711879839706 | 0 | 5.0
1.101805031709547 | 0 | 5.0
1.0864166617659452 | 0 | 5.0
1.0125600567669382 | 0 | 5.0
1.0171330230015225 | 0 | 5.0
1.02806495484426 | 0 | 5.0
1.0150259599031495 | 0 | 5.0
0.9963504335805119 | 0 | 5.0
1.0165743551363362 | 0 | 5.0
0.9709165588139439 | 0 | 5.0
0.9487035270372509 | 0 | 5.0
0.93091659302643 | 0 | 5.0
0.8996444569637526 | 0 | 5.0
0.8957812479283669 | 0 | 5.0
0.8840864199948419 | 0 | 5.0
0.8536809445732608 | 0 | 5.0
0.8044985827605676 | 0 | 5.0
0.8122878514301409 | 1 | -0.5
0.746565705497372 | 0 | 5.0
0.7580623818417345 | 0 | 5.0
0.8109218761556168 | 0 | 5.0
0.8335398621055077 | 0 | 5.0
0.7969819490794398 | 0 | 5.0
0.8636557869674135 | 0 | 5.0
0.8500898188255875 | 0 | 5.0
0.8940557553941231 | 0 | 5.0
0.9283462949146193 | 0 | 5.0
0.901543856914149 | 0 | 5.0
0.889782096435935 | 0 | 5.0
0.9222083150119835 | 0 | 5.0
0.9047363336471768 | 0 | 5.0
0.9361241995611999 | 0 | 5.0
0.9307948286206496 | 0 | 5.0
0.9325217718325015 | 1 | -0.5
1.0109892350362253 | 1 | -0.5
1.1058496377544897 | 1 | -0.5
1.2798358896509003 | 1 | -0.5
1.5171864581781758 | 1 | -0.5
1.8472636483606657 | 1 | -0.5
2.9013227180582977 | 1 | -0.5
4.565429848627842 | 1 | -0.5
4.464935455932236 | 1 | -0.5
4.672197267344619 | 1 | -0.5
5.042603529995014 | 1 | -0.5
5.677442513313522 | 1 | -0.5
6.718144155500471 | 1 | -0.5
1.945006438461948 | 1 | -0.5
1.7366740402535465 | 1 | -0.5
1.6695917840745378 | 0 | 5.0
1.6446270140521602 | 0 | 5.0
1.613491741858435 | 0 | 5.0
1.5508542941984158 | 0 | 5.0
1.5143505753018964 | 0 | 5.0
1.4588091552817322 | 0 | 5.0
1.4890373806113748 | 0 | 5.0
1.4145278251243574 | 0 | 5.0
1.370544772141334 | 0 | 5.0
1.3503722049034326 | 0 | 5.0
1.3065269186998865 | 0 | 5.0
1.312800431310165 | 0 | 5.0
1.2763843094289402 | 0 | 5.0
1.2012252885139614 | 0 | 5.0
1.1641137926991485 | 1 | -0.5
1.1254893854821129 | 0 | 5.0
1.1649716998957003 | 0 | 5.0
1.1229937473558047 | 0 | 5.0
1.1502106961359762 | 0 | 5.0
1.1504228801878345 | 0 | 5.0
1.1389829677056613 | 0 | 5.0
1.1342056218111003 | 0 | 5.0
1.1363660199215975 | 0 | 5.0
1.1436501872388969 | 0 | 5.0
1.1425777678456215 | 0 | 5.0
1.124226945133845 | 0 | 5.0
1.1263460858932473 | 0 | 5.0
1.1330681601842454 | 0 | 5.0
1.0728177950155449 | 0 | 5.0
1.0754540572432343 | 0 | 5.0
1.0552686685596253 | 0 | 5.0
1.0950620841613439 | 0 | 5.0
1.0642279316686252 | 0 | 5.0
1.0862043423971601 | 0 | 5.0
1.0668446238636686 | 0 | 5.0
1.089758174166476 | 0 | 5.0
1.129642600925146 | 0 | 5.0
1.1463457673886508 | 0 | 5.0
1.102221928886967 | 0 | 5.0
1.0953231222685904 | 0 | 5.0
1.1145165721636714 | 0 | 5.0
1.1326477685758811 | 0 | 5.0
1.1541718412592883 | 0 | 5.0
1.1591054686554763 | 0 | 5.0
1.1573887873879543 | 0 | 5.0
1.1899222896540098 | 0 | 5.0
1.2331551471198248 | 0 | 5.0
1.2398327450727153 | 0 | 5.0
1.265745454224826 | 0 | 5.0
1.312359809938728 | 0 | 5.0
1.3270029250704958 | 0 | 5.0
1.3998687053740022 | 0 | 5.0
1.428158252729162 | 1 | -0.5
1.554800652677843 | 1 | -0.5
1.7553723579522011 | 1 | -0.5
2.2394250438578007 | 1 | -0.5
5.77826658564154 | 1 | -0.5
5.3362883183270915 | 1 | -0.5
5.1450642254383006 | 1 | -0.5
5.2220072149664505 | 1 | -0.5
3.995830890631122 | 1 | -0.5
2.532773882080544 | 1 | -0.5
1.8761942659422264 | 1 | -0.5
1.5829489128754024 | 1 | -0.5
1.458258941040366 | 1 | -0.5
1.3074343272069584 | 0 | 5.0
1.2655965326203613 | 0 | 5.0
1.1971249947425016 | 0 | 5.0
1.1579825036360831 | 1 | -0.5
1.158271898175563 | 0 | 5.0
1.1661668802487353 | 0 | 5.0
1.1284901679859887 | 0 | 5.0
1.1325353582420794 | 0 | 5.0
1.144967704028227 | 0 | 5.0
1.1388833299400616 | 0 | 5.0
1.1304099804118177 | 0 | 5.0
1.129250741212663 | 0 | 5.0
1.1280158820110886 | 0 | 5.0
1.1534580099577583 | 0 | 5.0
1.1109827012819875 | 0 | 5.0
1.1239498475817542 | 0 | 5.0
1.1493595124588778 | 0 | 5.0
1.1781452386480187 | 0 | 5.0
1.1761770685721875 | 0 | 5.0
1.1867760839697938 | 0 | 5.0
1.211486001207776 | 0 | 5.0
1.1745229554321164 | 0 | 5.0
1.227609448185878 | 0 | 5.0
1.2074771968866265 | 0 | 5.0
1.1962485669111151 | 0 | 5.0
1.1889191840238276 | 0 | 5.0
1.2294132351967564 | 0 | 5.0
1.2294739201860878 | 0 | 5.0
1.232549662143568 | 0 | 5.0
1.2231639639754162 | 0 | 5.0
1.2660671034709827 | 0 | 5.0
1.3156796151970271 | 0 | 5.0
1.3247788392288724 | 0 | 5.0
1.327631307307862 | 0 | 5.0
1.3267846565006534 | 0 | 5.0
1.3527636385774222 | 0 | 5.0
1.3601719676858457 | 0 | 5.0
1.3885175132954928 | 0 | 5.0
1.4369622504302868 | 0 | 5.0
1.4274165947792175 | 0 | 5.0
1.4669167276762491 | 0 | 5.0
1.4646539709642359 | 0 | 5.0
1.507898987851923 | 0 | 5.0
1.5493908821824538 | 0 | 5.0
1.592552026620888 | 0 | 5.0
1.5780763488298746 | 0 | 5.0
1.5964527406374887 | 0 | 5.0
1.640912181171699 | 0 | 5.0
1.637354571367486 | 0 | 5.0
1.7333463544628382 | 0 | 5.0
1.750838150310336 | 0 | 5.0
1.7975745569943322 | 0 | 5.0
1.8547809115308609 | 1 | -0.5
1.9721968930144183 | 1 | -0.5
2.169191873387485 | 1 | -0.5
2.598153488118177 | 1 | -0.5
3.461695714520899 | 1 | -0.5
4.668999029596283 | 1 | -0.5
4.434020666819204 | 1 | -0.5
4.298256502338722 | 1 | -0.5
4.435162776979605 | 1 | -0.5
4.731586800880878 | 1 | -0.5
1.4719436737257592 | 1 | -0.5
1.1449147774675805 | 1 | -0.5
0.9766575926747068 | 1 | -0.5
0.9030042771916372 | 1 | -0.5
0.8028776731238811 | 0 | 5.0
0.7771727265860229 | 0 | 5.0
0.7654173213514771 | 0 | 5.0
0.7265070916691898 | 0 | 5.0
0.7594764882154632 | 0 | 5.0
0.7152789611918692 | 0 | 5.0
0.6988910081428902 | 0 | 5.0
0.6728023704673625 | 0 | 5.0
0.6061264790948229 | 0 | 5.0
0.6591527997152691 | 1 | -0.5
0.6114966427532571 | 0 | 5.0
0.6213785273615199 | 0 | 5.0
0.6146311090597826 | 0 | 5.0
0.6496975748857098 | 0 | 5.0
0.654087913262551 | 0 | 5.0
0.6684872960808602 | 0 | 5.0
0.69458279067967 | 0 | 5.0
0.7356270083760705 | 0 | 5.0
0.7144195868696163 | 0 | 5.0
0.7365281111826241 | 0 | 5.0
0.7203553373218514 | 0 | 5.0
0.7438466195974872 | 0 | 5.0
0.7518937472702841 | 0 | 5.0
0.7526587301954072 | 0 | 5.0
0.800325532275241 | 0 | 5.0
0.8288002964548118 | 0 | 5.0
0.783747901538319 | 0 | 5.0
0.8192650692900214 | 0 | 5.0
0.8517203451611529 | 0 | 5.0
0.8335622095364641 | 0 | 5.0
0.8259900535066969 | 0 | 5.0
0.9267855275603611 | 0 | 5.0
0.8756700302791245 | 0 | 5.0
0.9065403157256267 | 0 | 5.0
0.9593773788366114 | 0 | 5.0
0.9700800838181654 | 0 | 5.0
1.0055319400123404 | 0 | 5.0
1.0243713101969036 | 0 | 5.0
1.0432254635594318 | 0 | 5.0
1.0296828087400902 | 0 | 5.0
1.0657133367257139 | 0 | 5.0
1.1111347809053056 | 0 | 5.0
1.1233346205149166 | 0 | 5.0
1.1320023626608018 | 0 | 5.0
1.1467267445288083 | 0 | 5.0
1.1608553351901534 | 0 | 5.0
1.158423320103521 | 0 | 5.0
1.12234093889936 | 0 | 5.0
1.1544607590134708 | 0 | 5.0
1.1367167835494545 | 0 | 5.0
1.2011759896145306 | 0 | 5.0
1.1767162632500598 | 0 | 5.0
1.2037671493425346 | 0 | 5.0
1.1458981937217563 | 0 | 5.0
1.190899980781801 | 0 | 5.0
1.1495731738060004 | 1 | -0.5
1.2389351808832687 | 0 | 5.0
1.2666057652542198 | 1 | -0.5
1.3157220628185282 | 1 | -0.5
1.5179137373447396 | 1 | -0.5
1.8270548138563374 | 1 | -0.5
5.422211815742053 | 1 | -0.5
4.820593212351377 | 1 | -0.5
4.647569617471 | 1 | -0.5
4.549825635263884 | 1 | -0.5
4.677108871047328 | 1 | -0.5
3.46416576841172 | 1 | -0.5
2.5257366164084094 | 1 | -0.5
1.929523690463086 | 1 | -0.5
1.599113399696791 | 1 | -0.5
1.425378068434197 | 1 | -0.5
1.4063684247764483 | 0 | 5.0
1.3778769327374374 | 0 | 5.0
1.3866575169674629 | 0 | 5.0
1.3398032096866517 | 0 | 5.0
1.386011311379042 | 0 | 5.0
1.3353358869539138 | 0 | 5.0
1.331233693469766 | 0 | 5.0
1.3407842419388016 | 0 | 5.0
1.33314615010103 | 0 | 5.0
1.274489099202784 | 0 | 5.0
1.2604384462641771 | 0 | 5.0
1.2806915050289873 | 0 | 5.0
1.2680232620964043 | 0 | 5.0
1.240778673985349 | 0 | 5.0
1.209337351770293 | 0 | 5.0
1.1975016898222703 | 0 | 5.0
1.2065041629298077 | 0 | 5.0
1.1675465543737278 | 0 | 5.0
1.1926165568601124 | 0 | 5.0
1.156199378829319 | 0 | 5.0
1.1221704838675364 | 0 | 5.0
1.117159279918917 | 0 | 5.0
1.091273563857898 | 0 | 5.0
1.0835194587567758 | 0 | 5.0
1.0493398348818979 | 0 | 5.0
1.0348177429207575 | 0 | 5.0
1.010856716637134 | 0 | 5.0
1.0055884141281635 | 0 | 5.0
0.986126353908333 | 0 | 5.0
0.937852302591154 | 0 | 5.0
0.9494776983700025 | 0 | 5.0
0.9188792246123344 | 0 | 5.0
0.8775476384384631 | 0 | 5.0
0.8668054537257494 | 0 | 5.0
0.8788958070822209 | 0 | 5.0
0.8502416881742877 | 0 | 5.0
0.8594698601510925 | 0 | 5.0
0.8481734850275937 | 0 | 5.0
0.8119117965959705 | 0 | 5.0
0.788230232182303 | 0 | 5.0
0.7618004718236907 | 0 | 5.0
0.7902791315052996 | 0 | 5.0
0.7651929296895708 | 0 | 5.0
0.7378814809165551 | 0 | 5.0
0.7453016490438079 | 0 | 5.0
0.7194190609330193 | 0 | 5.0
0.697170992625262 | 0 | 5.0
0.6836143756288364 | 0 | 5.0
0.6835421501746659 | 0 | 5.0
0.6779421939240302 | 1 | -0.5
0.6930021065812406 | 0 | 5.0
0.679337517061968 | 0 | 5.0
0.7245120411144814 | 1 | -0.5
0.7123608480929964 | 0 | 5.0
0.7885881250668145 | 0 | 5.0
0.8397817468465676 | 1 | -0.5
0.9291494726003278 | 1 | -0.5
1.0457747471434022 | 1 | -0.5
1.2668691627423625 | 1 | -0.5
1.825420320784092 | 1 | -0.5
3.5640476043049714 | 1 | -0.5
4.4810294162792905 | 1 | -0.5
4.474780694529271 | 1 | -0.5
4.645712666835247 | 1 | -0.5
5.077961642676477 | 1 | -0.5
6.008737821438974 | 1 | -0.5
2.2866468412009984 | 1 | -0.5
2.0121502897782713 | 1 | -0.5
1.8667652996227557 | 0 | 5.0
1.8360415513276054 | 0 | 5.0
1.7880768287519138 | 0 | 5.0
1.7542161826504818 | 0 | 5.0
1.7035312054194773 | 0 | 5.0
1.639968795508718 | 0 | 5.0
1.6043130719978929 | 0 | 5.0
1.5629067654711695 | 0 | 5.0
1.5015970972346697 | 0 | 5.0
1.4918182271094136 | 0 | 5.0
1.4318390182687424 | 0 | 5.0
1.4295570028218794 | 0 | 5.0
1.4025794188772929 | 0 | 5.0
1.3686762886938908 | 0 | 5.0
1.3464471122081147 | 0 | 5.0
1.2497280605336 | 0 | 5.0
1.2037484120646467 | 0 | 5.0
1.251195289706169 | 1 | -0.5
1.1780206284119608 | 0 | 5.0
1.1359402363551525 | 0 | 5.0
1.1578769112882608 | 0 | 5.0
1.1141977777781187 | 0 | 5.0
1.1248912931546138 | 0 | 5.0
1.1399408668375313 | 0 | 5.0
1.0948593099348942 | 0 | 5.0
1.1222257786093486 | 0 | 5.0
1.1397512011530946 | 0 | 5.0
1.1554581861308668 | 0 | 5.0
1.1269127250082647 | 0 | 5.0
1.1117280587530125 | 0 | 5.0
1.10996974129915 | 0 | 5.0
1.0900353116776067 | 0 | 5.0
1.1164739135109836 | 0 | 5.0
1.086058573138066 | 0 | 5.0
1.1059096632774137 | 0 | 5.0
1.089458566418951 | 0 | 5.0
1.033788547320001 | 0 | 5.0
1.0604878797389352 | 0 | 5.0
1.0350099439710692 | 0 | 5.0
0.9911680225954487 | 0 | 5.0
0.9275335572264 | 0 | 5.0
0.9157356067405512 | 0 | 5.0
0.8820417554929489 | 0 | 5.0
0.8405462223323773 | 0 | 5.0
0.8496853332148602 | 0 | 5.0
0.8747269688731395 | 0 | 5.0
0.8343539681223202 | 0 | 5.0
0.8447363232822761 | 0 | 5.0
0.7924657072755049 | 0 | 5.0
0.8283868391982483 | 0 | 5.0
0.7282970763449127 | 0 | 5.0
0.8463038432666736 | 0 | 5.0
0.7896242970456687 | 1 | -0.5
0.7900586962871107 | 0 | 5.0
0.7883060087616502 | 1 | -0.5
0.8275458085246783 | 0 | 5.0
0.9238326646655254 | 1 | -0.5
1.0119074122981473 | 1 | -0.5
1.1711472612353204 | 1 | -0.5
1.5699960040324614 | 1 | -0.5
5.0525450086653025 | 1 | -0.5
4.746372448941627 | 1 | -0.5
4.55578282535922 | 1 | -0.5
4.616182999615153 | 1 | -0.5
4.90905073048317 | 1 | -0.5
3.216831224576154 | 1 | -0.5
2.44605780447363 | 1 | -0.5
2.0713626203579754 | 1 | -0.5
1.8258967056987458 | 1 | -0.5
1.6858198691103794 | 0 | 5.0
1.667694219453947 | 0 | 5.0
1.6438671310298991 | 0 | 5.0
1.615792820406611 | 0 | 5.0
1.5626043492232868 | 0 | 5.0
1.5754717830233935 | 0 | 5.0
1.5317020342800665 | 0 | 5.0
1.4989337936768452 | 0 | 5.0
1.446621347186318 | 0 | 5.0
1.3936746818789687 | 0 | 5.0
1.3720791784260824 | 0 | 5.0
1.3567165702773103 | 0 | 5.0
1.3223945057759825 | 0 | 5.0
1.319752460599303 | 0 | 5.0
1.2894298783152507 | 0 | 5.0
1.2239469541368693 | 0 | 5.0
1.2116862668741633 | 1 | -0.5
1.1810279648682047 | 0 | 5.0
1.1843175846680076 | 0 | 5.0
1.164140417334102 | 0 | 5.0
1.1532063050772923 | 0 | 5.0
1.1498479080160169 | 0 | 5.0
1.1869615035622567 | 0 | 5.0
1.170136038906245 | 0 | 5.0
1.1306125962444653 | 0 | 5.0
1.155739131258043 | 0 | 5.0
1.1735017239774064 | 0 | 5.0
1.1798652008993453 | 0 | 5.0
1.1800701852917963 | 0 | 5.0
1.1636202841969978 | 0 | 5.0
1.1503132110418717 | 0 | 5.0
1.1589113871692782 | 0 | 5.0
1.1410781819945122 | 0 | 5.0
1.1747885633030521 | 0 | 5.0
1.1610126167480623 | 0 | 5.0
1.1677514124367832 | 0 | 5.0
1.2055909022907147 | 0 | 5.0
1.1639926083659111 | 0 | 5.0
1.201333942871182 | 0 | 5.0
1.1753410746692068 | 0 | 5.0
1.1813829006708427 | 0 | 5.0
1.1698486832214998 | 0 | 5.0
1.1476908321338466 | 0 | 5.0
1.188879190915126 | 0 | 5.0
1.1820255617160098 | 0 | 5.0
1.1271538754672494 | 0 | 5.0
1.1671295306358453 | 0 | 5.0
1.1808585843857415 | 0 | 5.0
1.1579145108570734 | 0 | 5.0
1.14604801269876 | 0 | 5.0
1.11291904273905 | 0 | 5.0
1.0814144724179193 | 0 | 5.0
1.0581228588134497 | 1 | -0.5
1.098497771435709 | 0 | 5.0
1.0723819929063 | 0 | 5.0
1.1098772755162696 | 0 | 5.0
1.171408579761941 | 1 | -0.5
1.1979260963715321 | 1 | -0.5
1.3342094752958638 | 1 | -0.5
1.5846261863175297 | 1 | -0.5
1.9604967459843605 | 1 | -0.5
3.1042198911392185 | 1 | -0.5
4.648315620050178 | 1 | -0.5
4.589989105095608 | 1 | -0.5
4.59680234608058 | 1 | -0.5
4.8760735661244246 | 1 | -0.5
5.235794747240696 | 1 | -0.5
6.005512686027309 | 1 | -0.5
1.9702436585280632 | 1 | -0.5
1.6413081899614956 | 1 | -0.5
1.5837692963280383 | 1 | -0.5
1.4733760144796095 | 0 | 5.0
1.4777430675202645 | 0 | 5.0
1.4082261102884472 | 0 | 5.0
1.416626577363359 | 0 | 5.0
1.3355980877088942 | 0 | 5.0
1.2930896434154757 | 0 | 5.0
1.2771999603741735 | 0 | 5.0
1.2583415792841028 | 0 | 5.0
1.2117141681301669 | 0 | 5.0
1.1959953014280875 | 1 | -0.5
1.1195607267644618 | 0 | 5.0
1.1340282355529163 | 0 | 5.0
1.1458529016209587 | 0 | 5.0
1.168282823800571 | 0 | 5.0
1.1025473076019285 | 0 | 5.0
1.151778087901396 | 0 | 5.0
1.099557102773631 | 0 | 5.0
1.1135885294306813 | 0 | 5.0
1.1118012520722074 | 0 | 5.0
1.0946386834760409 | 0 | 5.0
1.0903186944128116 | 0 | 5.0
1.0864354161744154 | 0 | 5.0
1.0953285092038911 | 0 | 5.0
1.076976911981092 | 0 | 5.0
1.073593037342896 | 0 | 5.0
1.0591513556974308 | 0 | 5.0
1.108055351923818 | 0 | 5.0
1.098899056146545 | 0 | 5.0
1.11554323042404 | 0 | 5.0
1.1049802794325927 | 0 | 5.0
1.1041117384590906 | 0 | 5.0
1.1272323389445207 | 0 | 5.0
1.1012062922683232 | 0 | 5.0
1.0798325034034706 | 0 | 5.0
1.1028613547331658 | 0 | 5.0
1.0819153360966631 | 0 | 5.0
1.0660195166119886 | 0 | 5.0
1.077317321685618 | 0 | 5.0
1.087278476407249 | 0 | 5.0
1.0884701818055964 | 0 | 5.0
1.0703431837276771 | 0 | 5.0
1.0955727496026084 | 0 | 5.0
1.154565478490319 | 0 | 5.0
1.116474715739199 | 0 | 5.0
1.1190336362867763 | 0 | 5.0
1.1132231201862448 | 0 | 5.0
1.1548516292673316 | 0 | 5.0
1.1414931917523017 | 0 | 5.0
1.1359545962035824 | 0 | 5.0
1.092420253528958 | 0 | 5.0
1.1452221970785827 | 0 | 5.0
1.132139772359259 | 0 | 5.0
1.1384725692207085 | 1 | -0.5
1.1496484341913482 | 1 | -0.5
1.2224355138156588 | 1 | -0.5
1.3235804033362903 | 1 | -0.5
1.6254123001739744 | 1 | -0.5
5.6606987063142915 | 1 | -0.5
5.005595558894775 | 1 | -0.5
4.651421143478007 | 1 | -0.5
4.523261720801947 | 1 | -0.5
4.515843226655067 | 1 | -0.5
4.6199478999874675 | 1 | -0.5
2.982125261740041 | 1 | -0.5
2.33921000678789 | 1 | -0.5
1.8814495237362172 | 1 | -0.5
1.6931099169098878 | 1 | -0.5
1.540020434736236 | 1 | -0.5
1.4325168313602796 | 0 | 5.0
1.438246213377986 | 0 | 5.0
1.3926912737892319 | 0 | 5.0
1.3916856147988395 | 0 | 5.0
1.3762889943434695 | 0 | 5.0
1.320878850846688 | 0 | 5.0
1.2707203824559588 | 0 | 5.0
1.249127315546447 | 0 | 5.0
1.237657503307456 | 0 | 5.0
1.2378804996344206 | 0 | 5.0
1.2048771835372514 | 0 | 5.0
1.18587247435021 | 0 | 5.0
1.164401006410012 | 0 | 5.0
1.1768987093226602 | 0 | 5.0
1.14614176166405 | 0 | 5.0
1.105029025363156 | 0 | 5.0
1.0610717879522176 | 1 | -0.5
1.029459156945434 | 0 | 5.0
1.0594601080050083 | 0 | 5.0
1.016144418938522 | 0 | 5.0
1.0309762975885988 | 0 | 5.0
1.0170602526875554 | 0 | 5.0
1.0348924770187309 | 0 | 5.0
1.0355801772291657 | 0 | 5.0
1.0574659330231369 | 0 | 5.0
1.0461264876425027 | 0 | 5.0
1.0565901511620044 | 0 | 5.0
1.0310367434381023 | 0 | 5.0
1.0456750777485737 | 0 | 5.0
1.0618976376794405 | 0 | 5.0
1.051033794139132 | 0 | 5.0
1.0315609060273703 | 0 | 5.0
1.0509497173999935 | 0 | 5.0
1.0421929731466582 | 0 | 5.0
1.0126610044878481 | 0 | 5.0
1.031641904914798 | 0 | 5.0
1.01143234195344 | 0 | 5.0
1.001352093811985 | 0 | 5.0
0.9822669256166692 | 0 | 5.0
1.0158023214204537 | 0 | 5.0
0.953125712414679 | 0 | 5.0
0.942022736357593 | 0 | 5.0
0.9478558642735755 | 0 | 5.0
0.9591076297799106 | 0 | 5.0
0.9561657755054456 | 0 | 5.0
0.9873495579847515 | 0 | 5.0
0.9699380636263119 | 0 | 5.0
0.9384067169580893 | 0 | 5.0
0.9609376839947614 | 0 | 5.0
0.9948828307917991 | 0 | 5.0
0.9796195972076915 | 0 | 5.0
0.9767472816295903 | 0 | 5.0
1.0141590680992643 | 1 | -0.5
0.9853622064164775 | 0 | 5.0
1.0177709536543524 | 1 | -0.5
1.1276351515704879 | 1 | -0.5
1.2919774155300587 | 1 | -0.5
1.566867181278186 | 1 | -0.5
1.9546528864141521 | 1 | -0.5
2.9288985898305593 | 1 | -0.5
4.637819935307974 | 1 | -0.5
4.568473466499632 | 1 | -0.5
4.719018287912458 | 1 | -0.5
5.124481611380595 | 1 | -0.5
6.08041179967311 | 1 | -0.5
2.1473235509132413 | 1 | -0.5
1.8508323480598017 | 1 | -0.5
1.6191947806385005 | 0 | 5.0
1.5704766402104704 | 0 | 5.0
1.5746306194396835 | 0 | 5.0
1.5038534755771606 | 0 | 5.0
1.5062326909643606 | 1 | -0.5
1.396299252116995 | 0 | 5.0
1.3564211435125921 | 0 | 5.0
1.3459064059268386 | 0 | 5.0
1.3541122575522047 | 0 | 5.0
1.325337400746232 | 0 | 5.0
1.2758825960786926 | 0 | 5.0
1.2604070450274414 | 0 | 5.0
1.235990462588935 | 0 | 5.0
1.232896374395765 | 0 | 5.0
1.1990370565197157 | 0 | 5.0
1.1711285033053533 | 0 | 5.0
1.1686704408494704 | 0 | 5.0
1.151068918854002 | 0 | 5.0
1.1294035682324666 | 0 | 5.0
1.1061420126407076 | 0 | 5.0
1.1048937123531914 | 0 | 5.0
1.0598018341866928 | 0 | 5.0
1.0804344008661768 | 0 | 5.0
1.0259914452942442 | 1 | -0.5
1.0492976824045996 | 0 | 5.0
1.0099210234483165 | 0 | 5.0
1.0341293692595586 | 0 | 5.0
1.0094675907832258 | 0 | 5.0
1.0118242771375823 | 0 | 5.0
1.019592998021169 | 0 | 5.0
1.0327235416905043 | 0 | 5.0
1.0886547550793724 | 0 | 5.0
1.0506530637230274 | 0 | 5.0
1.1015074260374087 | 0 | 5.0
1.1224492856708848 | 0 | 5.0
1.0948214954074231 | 0 | 5.0
1.1122312671362933 | 0 | 5.0
1.1324729388743906 | 0 | 5.0
1.1119113599063057 | 0 | 5.0
1.1111328516734988 | 0 | 5.0
1.1259688803014078 | 0 | 5.0
1.1420819823742745 | 0 | 5.0
1.1384375331115457 | 0 | 5.0
1.1449219139253373 | 0 | 5.0
1.1536998901959763 | 0 | 5.0
1.1104977669789937 | 0 | 5.0
1.1814400631986395 | 0 | 5.0
1.1361189858180587 | 0 | 5.0
1.1731750844576985 | 0 | 5.0
1.1874884975771418 | 0 | 5.0
1.151926472081459 | 0 | 5.0
1.1472237209079201 | 0 | 5.0
1.213866758085987 | 0 | 5.0
1.1386000588129535 | 0 | 5.0
1.142106642854752 | 0 | 5.0
1.096308722975268 | 1 | -0.5
1.1429523575467004 | 1 | -0.5
1.23156424228814 | 1 | -0.5
1.4075839240736623 | 1 | -0.5
1.6195936122605967 | 1 | -0.5
5.551979631455433 | 1 | -0.5
4.924052041765233 | 1 | -0.5
4.59498869445896 | 1 | -0.5
4.542515870901607 | 1 | -0.5
4.710129595785385 | 1 | -0.5
3.297528532618144 | 1 | -0.5
2.2948583835380973 | 1 | -0.5
1.8412784156079247 | 1 | -0.5
1.6237427463103211 | 1 | -0.5
1.4542093347612077 | 0 | 5.0
1.4265456236456486 | 0 | 5.0
1.3978994413068002 | 1 | -0.5
1.3377473118020293 | 0 | 5.0
1.286260386392962 | 0 | 5.0
1.3088438631043309 | 0 | 5.0
1.2869822922652774 | 0 | 5.0
1.2665413382119453 | 0 | 5.0
1.2633605047641143 | 0 | 5.0
1.2621659978441067 | 0 | 5.0
1.290825747224164 | 0 | 5.0
1.2339973333292247 | 0 | 5.0
1.2308271009671907 | 0 | 5.0
1.2143196854742686 | 0 | 5.0
1.2306633763104364 | 0 | 5.0
1.2435293875061844 | 0 | 5.0
1.2082533281951031 | 0 | 5.0
1.2025945632229371 | 0 | 5.0
1.181139094451272 | 0 | 5.0
1.198188007550192 | 0 | 5.0
1.1391902705765633 | 0 | 5.0
1.159829589354861 | 0 | 5.0
1.1458635240224975 | 0 | 5.0
1.1620693804357436 | 0 | 5.0
1.1722551532723713 | 0 | 5.0
1.1436557407816814 | 0 | 5.0
1.1972116007727278 | 0 | 5.0
1.1703141272502708 | 0 | 5.0
1.171314647336485 | 0 | 5.0
1.1831844233345092 | 0 | 5.0
1.1604812614901985 | 0 | 5.0
1.156932677413401 | 0 | 5.0
1.1319241272488598 | 0 | 5.0
1.1621301446350139 | 0 | 5.0
1.1342725190146405 | 0 | 5.0
1.1083642713422832 | 0 | 5.0
1.1071556360586414 | 0 | 5.0
1.1148575962775489 | 0 | 5.0
1.1064561278836225 | 0 | 5.0
1.0603991673869255 | 0 | 5.0
1.0187145057980869 | 0 | 5.0
1.042316254002187 | 0 | 5.0
1.0294040865510603 | 0 | 5.0
0.997880431968892 | 0 | 5.0
1.0004275388198165 | 0 | 5.0
0.977765830321827 | 0 | 5.0
0.9989516210507978 | 0 | 5.0
0.9661139129849518 | 0 | 5.0
Total reward: 3779.0
3.5, 0.0, 1.0, -2.0, 5.0, 4.0, 6.0, -1.0, -3.0, -2.0, 6.0, -3.0, 0.5, 1.5, -0.5, -3.0, 1.0, 1.0
parameter ends

state | action | reward
[1.63] | 1 | -0.5
1.5505790070781775 | 1 | -0.5
1.4433169217172634 | 1 | -0.5
1.493756812656634 | 1 | -0.5
1.552017285528098 | 1 | -0.5
1.7704138025397735 | 1 | -0.5
2.206824971616865 | 1 | -0.5
2.4821273190692974 | 1 | -0.5
2.252192949977438 | 0 | 5.0
2.1769568425082713 | 0 | 5.0
2.0527209952289045 | 1 | -0.5
1.9287979572309906 | 0 | 5.0
1.899435953806401 | 0 | 5.0
1.8754945383530983 | 0 | 5.0
1.8809700017478006 | 0 | 5.0
1.808616718488202 | 0 | 5.0
1.7718023913516643 | 0 | 5.0
1.7211145733777111 | 0 | 5.0
1.7263874908947794 | 0 | 5.0
1.6537230968237584 | 0 | 5.0
1.6321518374614528 | 0 | 5.0
1.6039340595924718 | 0 | 5.0
1.5856974631509018 | 0 | 5.0
1.5872729631712408 | 0 | 5.0
1.5533702176045467 | 0 | 5.0
1.5148324315711097 | 0 | 5.0
1.4862488794910804 | 0 | 5.0
1.44098069172562 | 0 | 5.0
1.465460683839524 | 0 | 5.0
1.4346031210473489 | 0 | 5.0
1.338080657055065 | 0 | 5.0
1.3397819806898479 | 0 | 5.0
1.3221369975029869 | 1 | -0.5
1.2814580475307231 | 0 | 5.0
1.2814269290428322 | 0 | 5.0
1.2674116705478342 | 0 | 5.0
1.2379418403017437 | 1 | -0.5
1.3250343072100783 | 1 | -0.5
1.3799350338289589 | 1 | -0.5
1.53009542856913 | 1 | -0.5
1.8895615289941066 | 0 | 5.0
2.0864799998194266 | 0 | 5.0
2.3415529725746373 | 0 | 5.0
2.502444598081474 | 0 | 5.0
2.7214443013292846 | 0 | 5.0
2.8517234586409708 | 0 | 5.0
3.1496216263617023 | 0 | 5.0
3.4041462288627438 | 0 | 5.0
3.6291727848145654 | 0 | -200.0
Total reward: -37.0
3.5, 0.0, 1.0, -2.0, 5.0, 4.0, 6.0, -1.0, -3.0, -2.0, 6.0, -3.0, 0.5, 1.5, -0.5, -3.0, 1.0, 1.0
parameter ends

state | action | reward
[1.53] | 0 | 5.0
1.486271615106592 | 0 | 5.0
1.429708811075854 | 0 | 5.0
1.3998739390858415 | 0 | 5.0
1.3599138126384822 | 0 | 5.0
1.3434800745920872 | 1 | -0.5
1.262228912093287 | 0 | 5.0
1.2655623811466763 | 0 | 5.0
1.2781665643619213 | 0 | 5.0
1.2899589157363518 | 0 | 5.0
1.2444984224836975 | 0 | 5.0
1.257330727546361 | 0 | 5.0
1.2536048962804378 | 0 | 5.0
1.261395490944258 | 0 | 5.0
1.261217155586179 | 0 | 5.0
1.3079063248772351 | 0 | 5.0
1.3536341269629488 | 0 | 5.0
1.3156265390438036 | 1 | -0.5
1.3959711573830507 | 1 | -0.5
1.5192022589197913 | 1 | -0.5
1.6955830445617182 | 1 | -0.5
2.108949258420394 | 0 | 5.0
2.351832401241744 | 0 | 5.0
2.464053731907341 | 0 | 5.0
2.69090132794475 | 0 | 5.0
2.8209972810969917 | 0 | 5.0
3.0337056686312804 | 0 | 5.0
3.225503245564569 | 0 | 5.0
3.3405637323650805 | 0 | 5.0
3.5479144156584925 | 0 | -200.0
Total reward: -82.5
3.5, 0.0, 1.0, -2.0, 5.0, 4.0, 6.0, -1.0, -3.0, -2.0, 6.0, -3.0, 0.5, 1.5, -0.5, -3.0, 1.0, 1.0
parameter ends

state | action | reward
[1.61] | 1 | -0.5
1.8029391433521538 | 1 | -0.5
2.0994887613868243 | 1 | -0.5
2.574559799439723 | 1 | -0.5
3.5613765516123994 | 1 | -0.5
6.526578147457357 | 1 | -0.5
14.125265283604511 | 0 | 5.0
14.159568077412885 | 0 | 5.0
14.154658886583908 | 0 | 5.0
14.135009581912785 | 0 | 5.0
14.126088751014557 | 0 | -200.0
Total reward: -183.0
3.5, 0.0, 1.0, -2.0, 5.0, 4.0, 6.0, -1.0, -3.0, -2.0, 6.0, -3.0, 0.5, 1.5, -0.5, -3.0, 1.0, 1.0
parameter ends

state | action | reward
[1.91] | 1 | -0.5
2.299046723629881 | 1 | -0.5
2.998323669402439 | 1 | -0.5
4.461688042307956 | 1 | -0.5
8.766611769417912 | 1 | -0.5
8.770710844459131 | 0 | 5.0
8.771089364708756 | 0 | 5.0
8.783168436459334 | 0 | 5.0
8.822888365510979 | 0 | 5.0
5.142282770508229 | 0 | 5.0
3.1721103760055414 | 0 | 5.0
1.4449711257491025 | 0 | -200.0
Total reward: -172.5
