1.0, 5.5, 0.5
parameter ends

state | action | reward
[-0.41] | [0.09] | -0.0008235623601549947
-0.4099544286727905 | [0.09] | -0.0007425153993677447
-0.4113658666610718 | [0.08] | -0.0006540159389632089
-0.4134819209575653 | [0.07] | -0.0005606978062515101
-0.4162966012954712 | [0.07] | -0.0004654334576413231
-0.41979989409446716 | [0.06] | -0.00037127161918337
-0.4239777624607086 | [0.05] | -0.0002813670548851344
-0.4288121461868286 | [0.04] | -0.00019890536168585258
-0.43428099155426025 | [0.04] | -0.00012702404785297703
-0.4403582513332367 | [0.03] | -6.873194961116852e-05
-0.4470140337944031 | [0.02] | -2.6827789262849195e-05
-0.45421460270881653 | [0.01] | -3.822145422166523e-06
-0.4619225263595581 | [-0.] | -1.8628222086729404e-06
-0.4700968563556671 | [-0.02] | -2.2667215965687718e-05
-0.47869330644607544 | [-0.03] | -6.746376145288904e-05
-0.48766449093818665 | [-0.04] | -0.0001369444453782842
-0.4969601631164551 | [-0.05] | -0.00023123014757343244
-0.5065275430679321 | [-0.06] | -0.0003498505249527718
-0.5163116455078125 | [-0.07] | -0.0004917391746632479
-0.5262555480003357 | [-0.08] | -0.0006552435289973462
-0.5363009572029114 | [-0.09] | -0.0008381539604974801
-0.5463884472846985 | [-0.1] | -0.0010377434546947689
-0.5564579367637634 | [-0.11] | -0.0012508245367372527
-0.5664491653442383 | [-0.12] | -0.0014738186480193589
-0.5763019919395447 | [-0.13] | -0.0017028319908348655
-0.5859569311141968 | [-0.14] | -0.0019337446586173883
-0.5953555107116699 | [-0.15] | -0.002162301659486915
-0.6044406294822693 | [-0.15] | -0.0023842069017550533
-0.6131569743156433 | [-0.16] | -0.0025952196862419857
-0.6214513182640076 | [-0.17] | -0.002791247046679664
-0.6292728781700134 | [-0.17] | -0.002968434461516309
-0.6365735530853271 | [-0.18] | -0.0031232477353398576
-0.6433081030845642 | [-0.18] | -0.0032525463930360974
-0.6494345664978027 | [-0.18] | -0.0033536582836492766
-0.6549142003059387 | [-0.19] | -0.003424428225163613
-0.6597118377685547 | [-0.19] | -0.0034632721520331147
-0.6637958884239197 | [-0.19] | -0.00346920895197448
-0.6671385765075684 | [-0.19] | -0.003441889988415197
-0.669715940952301 | [-0.18] | -0.003381609524576497
-0.6715080142021179 | [-0.18] | -0.0032893102876282027
-0.672498881816864 | [-0.18] | -0.003166573360731515
-0.672676682472229 | [-0.17] | -0.0030155944424621363
-0.6720337867736816 | [-0.17] | -0.0028391549684268387
-0.6705667972564697 | [-0.16] | -0.002640574905967898
-0.6682766675949097 | [-0.16] | -0.002423658270621459
-0.6651687622070312 | [-0.15] | -0.002192625024746551
-0.6612527966499329 | [-0.14] | -0.0019520288787518007
-0.6565430760383606 | [-0.13] | -0.001706674386592885
-0.6510584950447083 | [-0.12] | -0.001461517254429149
-0.6448224186897278 | [-0.11] | -0.0012215554296890474
-0.6378628611564636 | [-0.1] | -0.000991722939485901
-0.6302123665809631 | [-0.09] | -0.0007767733505375337
-0.6219080686569214 | [-0.08] | -0.0005811675833022944
-0.612991452217102 | [-0.06] | -0.00040895946806474156
-0.6035082936286926 | [-0.05] | -0.00026369213363902774
-0.5935086011886597 | [-0.04] | -0.00014830300244830232
-0.5830461382865906 | [-0.03] | -6.503871793036092e-05
-0.5721784234046936 | [-0.01] | -1.5391243928138903e-05
-0.5609663128852844 | [0.] | -4.9061394538987835e-08
-0.5494734644889832 | [0.01] | -1.8871197687521575e-05
-0.53776615858078 | [0.03] | -7.088451954326974e-05
-0.5259126424789429 | [0.04] | -0.00015430395743393438
-0.513982892036438 | [0.05] | -0.00026657407716793784
-0.5020477771759033 | [0.06] | -0.0004044360000160876
-0.49017879366874695 | [0.08] | -0.000564009554225023
-0.47844740748405457 | [0.09] | -0.0007408951719008031
-0.4669244885444641 | [0.1] | -0.0009302892653953624
-0.45567992329597473 | [0.11] | -0.0011271055328181416
-0.44478198885917664 | [0.12] | -0.001326106950079841
-0.43429693579673767 | [0.12] | -0.0015220361802296984
-0.4242886006832123 | [0.13] | -0.0017097440376237954
-0.4148179888725281 | [0.14] | -0.001884314349440153
-0.4059429168701172 | [0.14] | -0.0020411807522154267
-0.39771777391433716 | [0.15] | -0.002176231667459262
-0.3901931643486023 | [0.15] | -0.0022859073145049327
-0.3834158182144165 | [0.15] | -0.0023672778362383885
-0.3774283230304718 | [0.16] | -0.00241811353309781
-0.37226906418800354 | [0.16] | -0.0024369352365581683
-0.3679720163345337 | [0.16] | -0.0024230556312450123
-0.36456674337387085 | [0.15] | -0.0023765997025872055
-0.3620782196521759 | [0.15] | -0.0022985162737340645
-0.3605268597602844 | [0.15] | -0.0021905682020610835
-0.35992830991744995 | [0.14] | -0.0020553147578112646
-0.36029350757598877 | [0.14] | -0.001896070329408597
-0.36162853240966797 | [0.13] | -0.0017168537943217654
-0.36393454670906067 | [0.12] | -0.0015223192044914722
-0.36720770597457886 | [0.11] | -0.0013176714117664914
-0.3714390695095062 | [0.11] | -0.0011085662881009722
-0.3766144812107086 | [0.09] | -0.0009009962749747034
-0.38271450996398926 | [0.08] | -0.0007011612669872284
-0.38971439003944397 | [0.07] | -0.0005153275481739579
-0.397583931684494 | [0.06] | -0.00034967807738877906
-0.4062875211238861 | [0.05] | -0.00021015504266426945
-0.41578415036201477 | [0.03] | -0.00010230037500450623
-0.4260273873806 | [0.02] | -3.1098793435936635e-05
-0.43696555495262146 | [0.] | -8.263208717701e-07
-0.4485418498516083 | [-0.01] | -1.4912129443812959e-05
-0.46069464087486267 | [-0.03] | -7.581794241477635e-05
-0.4733577370643616 | [-0.04] | -0.0001849407705062482
-0.48646071553230286 | [-0.06] | -0.00034254228944040625
-0.4999294579029083 | [-0.07] | -0.0005477107018086906
-0.5136865973472595 | [-0.09] | -0.0007983551319544511
-0.5276520848274231 | [-0.1] | -0.0010912344678040177
-0.5417438745498657 | [-0.12] | -0.0014220222544042015
-0.5558784604072571 | [-0.13] | -0.001785399614952632
-0.5699717998504639 | [-0.15] | -0.002175185024781806
-0.5839396715164185 | [-0.16] | -0.0025844737721737875
-0.5976986289024353 | [-0.17] | -0.003005810904849904
-0.6111664175987244 | [-0.19] | -0.0034313617807803266
-0.6242628693580627 | [-0.2] | -0.0038531046652166482
-0.6369102001190186 | [-0.21] | -0.004263004784421789
-0.6490336656570435 | [-0.22] | -0.00465319713689569
-0.6605619788169861 | [-0.22] | -0.005016153576821707
-0.6714276671409607 | [-0.23] | -0.0053448372216806745
-0.6815674304962158 | [-0.24] | -0.005632842594802098
-0.6909222602844238 | [-0.24] | -0.0058745122761572205
-0.6994377970695496 | [-0.25] | -0.006065048308850185
-0.7070642709732056 | [-0.25] | -0.006200588590142012
-0.7137566804885864 | [-0.25] | -0.006278279711184634
-0.7194748520851135 | [-0.25] | -0.006296328788365602
-0.7241834402084351 | [-0.25] | -0.006254037597633766
-0.727851927280426 | [-0.25] | -0.006151821870262144
-0.7304546236991882 | [-0.24] | -0.005991215770477943
-0.7319707870483398 | [-0.24] | -0.005774867045868531
-0.7323843836784363 | [-0.23] | -0.0055064986815357535
-0.7316845059394836 | [-0.23] | -0.005190885610554119
-0.7298651337623596 | [-0.22] | -0.004833781141706299
-0.7269254326820374 | [-0.21] | -0.004441849681611642
-0.7228696942329407 | [-0.2] | -0.00402256236453363
-0.7177077531814575 | [-0.19] | -0.0035840917975018985
-0.7114548683166504 | [-0.18] | -0.0031351619834861554
-0.7041320204734802 | [-0.16] | -0.0026848946965995265
-0.6957662105560303 | [-0.15] | -0.0022426338727289997
-0.6863903999328613 | [-0.13] | -0.0018177403196756995
-0.6760438680648804 | [-0.12] | -0.0014193859176585015
-0.6647721529006958 | [-0.1] | -0.0010563260678055268
-0.652627170085907 | [-0.09] | -0.0007366752888512147
-0.6396672129631042 | [-0.07] | -0.000467684034929514
-0.6259568333625793 | [-0.05] | -0.00025552607225362133
-0.6115665435791016 | [-0.03] | -0.00010510631069434946
-0.596572756767273 | [-0.01] | -1.990097899348892e-05
-0.5810571908950806 | [0.] | -1.8303750117771614e-06
-0.5651064515113831 | [0.02] | -5.117892031732165e-05
-0.5488112568855286 | [0.04] | -0.000166564911888785
-0.5322659015655518 | [0.06] | -0.00034496181781326667
-0.5155674815177917 | [0.08] | -0.0005817707890882631
-0.4988148808479309 | [0.09] | -0.0008709463194800871
-0.4821079969406128 | [0.11] | -0.0012051632156281915
-0.4655468165874481 | [0.13] | -0.0015760220377007987
-0.44923052191734314 | [0.14] | -0.001974282411009221
-0.433256596326828 | [0.15] | -0.002390115510736073
-0.41772007942199707 | [0.17] | -0.002813361935255651
-0.40271276235580444 | [0.18] | -0.0032337917578848063
-0.3883226215839386 | [0.19] | -0.003641350296017005
-0.37463319301605225 | [0.2] | -0.004026392209356972
-0.3617231845855713 | [0.21] | -0.004379888695098105
-0.34966617822647095 | [0.22] | -0.004693610825851245
-0.3385302722454071 | [0.22] | -0.0049602921695361775
-0.3283781111240387 | [0.23] | -0.005173752463704967
-0.3192666172981262 | [0.23] | -0.00532901261377472
-0.31124716997146606 | [0.23] | -0.005422369149245362
-0.30436551570892334 | [0.23] | -0.005451460971807586
-0.29866185784339905 | [0.23] | -0.005415310109042999
-0.2941710352897644 | [0.23] | -0.005314341128686468
-0.2909224331378937 | [0.23] | -0.005150396169234233
-0.2889401912689209 | [0.22] | -0.004926718774323245
-0.2882431447505951 | [0.22] | -0.004647932015299189
-0.2888448238372803 | [0.21] | -0.004319993553363487
-0.29075342416763306 | [0.2] | -0.003950129937287001
-0.29397162795066833 | [0.19] | -0.0035467521534090166
-0.2984965145587921 | [0.18] | -0.003119339856372228
-0.3043193221092224 | [0.16] | -0.0026783017108566644
-0.31142517924308777 | [0.15] | -0.0022348043233049457
-0.31979280710220337 | [0.13] | -0.001800569229268377
-0.32939422130584717 | [0.12] | -0.0013876370146045812
-0.3401944637298584 | [0.1] | -0.0010081010139206315
-0.3521512746810913 | [0.08] | -0.0006738162484386705
-0.36521485447883606 | [0.06] | -0.0003960871701675695
-0.3793277144432068 | [0.04] | -0.00018534364527325045
-0.39442455768585205 | [0.02] | -5.081768791018358e-05
-0.4104323387145996 | [0.] | -2.3253401554429454e-07
-0.4272703528404236 | [-0.02] | -3.951937948552123e-05
-0.4448506534099579 | [-0.04] | -0.00017257589770433993
-0.4630783796310425 | [-0.06] | -0.00040108073677837567
-0.48185253143310547 | [-0.09] | -0.0007243769227784193
-0.5010666251182556 | [-0.11] | -0.0011394307132688607
-0.5206096768379211 | [-0.13] | -0.0016408727017813993
-0.5403673052787781 | [-0.15] | -0.002221121726865991
-0.5602228045463562 | [-0.17] | -0.002870581570237488
-0.5800582766532898 | [-0.19] | -0.0035779029613270345
-0.5997560620307922 | [-0.21] | -0.004330308061691559
-0.6191997528076172 | [-0.23] | -0.005113936948887927
-0.6382754445075989 | [-0.24] | -0.005914225162626731
-0.6568727493286133 | [-0.26] | -0.006716275618911952
-0.674885630607605 | [-0.27] | -0.007505214602892352
-0.6922133564949036 | [-0.29] | -0.008266533979057978
-0.7087609767913818 | [-0.3] | -0.008986380920118065
-0.7244398593902588 | [-0.31] | -0.009651820093223034
-0.7391679286956787 | [-0.32] | -0.01025104096916726
-0.7528699040412903 | [-0.33] | -0.01077353532877441
-0.7654770612716675 | [-0.33] | -0.011210210431618397
-0.7769274115562439 | [-0.34] | -0.011553504612793348
-0.7871653437614441 | [-0.34] | -0.01179744425724367
-0.7961413860321045 | [-0.35] | -0.011937692126747617
-0.8038119077682495 | [-0.35] | -0.01197157626050919
-0.8101387619972229 | [-0.34] | -0.011898105030223845
-0.8150889873504639 | [-0.34] | -0.011717978112498325
-0.8186346888542175 | [-0.34] | -0.011433600281947055
-0.8207526206970215 | [-0.33] | -0.011049066229626137
-0.8214241862297058 | [-0.33] | -0.010570162292193885
-0.8206353187561035 | [-0.32] | -0.010004344955313585
-0.8183764815330505 | [-0.31] | -0.009360707506427372
-0.8146427869796753 | [-0.29] | -0.008649929626379392
-0.8094344139099121 | [-0.28] | -0.00788421258234906
-0.802756667137146 | [-0.27] | -0.007077154655279919
-0.7946206331253052 | [-0.25] | -0.006243616762486873
-0.7850433588027954 | [-0.23] | -0.005399512389099372
-0.7740488052368164 | [-0.21] | -0.004561583228922286
-0.7616680264472961 | [-0.19] | -0.003747080393503374
-0.7479400634765625 | [-0.17] | -0.0029734269757388182
-0.7329123616218567 | [-0.15] | -0.002257808803853175
-0.716641366481781 | [-0.13] | -0.0016167344434034423
-0.6991928815841675 | [-0.1] | -0.0010655626010281486
-0.680642306804657 | [-0.08] | -0.0006180201593496736
-0.6610749363899231 | [-0.05] | -0.00028573738793246034
-0.6405856609344482 | [-0.03] | -7.781112715230521e-05
-0.6192787289619446 | [-0.] | -4.37057854235038e-07
-0.5972671508789062 | [0.02] | -5.6627623506333524e-05
-0.5746718645095825 | [0.05] | -0.0002460389451694193
-0.551620602607727 | [0.08] | -0.0005649225167786537
-0.5282467007637024 | [0.1] | -0.0010062066323874859
-0.504687488079071 | [0.12] | -0.0015597098866498849
-0.4810826778411865 | [0.15] | -0.0022124720775570927
-0.4575727581977844 | [0.17] | -0.002949182163249353
-0.43429720401763916 | [0.19] | -0.003752680869904601
-0.41139283776283264 | [0.21] | -0.004604506378131125
-0.3889923393726349 | [0.23] | -0.0054854488305087
-0.3672228753566742 | [0.25] | -0.0063760905028164136
-0.3462049067020416 | [0.27] | -0.007257307357775786
-0.32605138421058655 | [0.28] | -0.008110703519372583
-0.3068670630455017 | [0.3] | -0.008918985342926811
-0.2887481153011322 | [0.31] | -0.00966625631127956
-0.2717820405960083 | [0.32] | -0.010338238254821181
-0.25604772567749023 | [0.33] | -0.010922431883726144
-0.2416156828403473 | [0.34] | -0.011408221868503767
-0.22854849696159363 | [0.34] | -0.011786933701368026
-0.21690134704113007 | [0.35] | -0.012051864001790332
-0.20672260224819183 | [0.35] | -0.012198286412390848
-0.19805443286895752 | [0.35] | -0.012223451819493572
-0.19093337655067444 | [0.35] | -0.012126585607218424
-0.18539093434810638 | [0.35] | -0.011908884615565657
-0.18145404756069183 | [0.34] | -0.01157352193806553
-0.17914551496505737 | [0.33] | -0.011125655111444857
-0.1784842163324356 | [0.33] | -0.010572443579146155
-0.1794852763414383 | [0.32] | -0.009923059095108185
-0.18216007947921753 | [0.3] | -0.009188688638505001
-0.18651609122753143 | [0.29] | -0.008382522333285887
-0.19255654513835907 | [0.27] | -0.007519712276245908
-0.20028001070022583 | [0.26] | -0.006617288354440314
-0.2096797674894333 | [0.24] | -0.005694024397208036
-0.2207430750131607 | [0.22] | -0.004770236596552966
-0.23345033824443817 | [0.2] | -0.0038675057206916975
-0.247774139046669 | [0.17] | -0.00300831405114753
-0.26367834210395813 | [0.15] | -0.002215589123170001
-0.2811170518398285 | [0.12] | -0.0015121641950277002
-0.30003371834754944 | [0.1] | -0.0009201541754932
-0.32036030292510986 | [0.07] | -0.00046027283057295613
-0.34201672673225403 | [0.04] | -0.00015111080346865989
-0.3649103343486786 | [0.01] | -8.41770150778777e-06
-0.3889358937740326 | [-0.02] | -4.442184771969761e-05
-0.4139758050441742 | [-0.05] | -0.0002672399447689048
-0.439900666475296 | [-0.08] | -0.0006804183706469328
-0.4665704369544983 | [-0.11] | -0.0012826503421136258
-0.4938357174396515 | [-0.14] | -0.002067692714206651
-0.5215396285057068 | [-0.17] | -0.003024505589037713
-0.5495198369026184 | [-0.2] | -0.004137602387215621
-0.577610969543457 | [-0.23] | -0.005387601588699888
-0.6056469082832336 | [-0.26] | -0.006751925450092306
-0.633463442325592 | [-0.29] | -0.00820561878677882
-0.6609005331993103 | [-0.31] | -0.009722207319091026
-0.6878044605255127 | [-0.34] | -0.011274549422207398
-0.7140297293663025 | [-0.36] | -0.0128356349675679
-0.7394405603408813 | [-0.38] | -0.014379278574051736
-0.7639121413230896 | [-0.4] | -0.01588070080494172
-0.7873312830924988 | [-0.42] | -0.017316961334039455
-0.8095966577529907 | [-0.43] | -0.018667246961646435
-0.8306187391281128 | [-0.45] | -0.019913042307804794
-0.8503196239471436 | [-0.46] | -0.021038215662168718
-0.8686320185661316 | [-0.47] | -0.02202896287363909
-0.8854986429214478 | [-0.48] | -0.022873758175111076
-0.9008710980415344 | [-0.49] | -0.0235632248905978
-0.9147087335586548 | [-0.49] | -0.024090005459747675
-0.9269774556159973 | [-0.49] | -0.02444862806623025
-0.9376487135887146 | [-0.5] | -0.024635406408789508
-0.9466983079910278 | [-0.5] | -0.02464834338635451
-0.9541053771972656 | [-0.49] | -0.02448707406545005
-0.9598515629768372 | [-0.49] | -0.024152855655301547
-0.9639202356338501 | [-0.49] | -0.023648584124681828
-0.9662960171699524 | [-0.48] | -0.02297886193746058
-0.9669641256332397 | [-0.47] | -0.022150065825460346
-0.9659102559089661 | [-0.46] | -0.02117047621530123
-0.9631205201148987 | [-0.45] | -0.02005041397870868
-0.9585815668106079 | [-0.43] | -0.018802385009173722
-0.9522808194160461 | [-0.42] | -0.017441214486913437
-0.9442071914672852 | [-0.4] | -0.015984186207553607
-0.9343516826629639 | [-0.38] | -0.014451116440617154
-0.92270827293396 | [-0.36] | -0.012864378742008806
-0.9092751741409302 | [-0.34] | -0.011248860714914294
-0.8940561413764954 | [-0.31] | -0.009631805170753498
-0.8770618438720703 | [-0.28] | -0.008042519455412381
-0.8583115935325623 | [-0.26] | -0.006511951571855969
-0.837834894657135 | [-0.23] | -0.005072088135440073
-0.8156731128692627 | [-0.19] | -0.003755198432253082
-0.7918812036514282 | [-0.16] | -0.0025929260515263524
-0.7665290236473083 | [-0.13] | -0.0016152369386846948
-0.7397025227546692 | [-0.09] | -0.0008492898182823028
-0.7115046977996826 | [-0.06] | -0.00031828303398998004
-0.682055652141571 | [-0.02] | -4.034434198638693e-05
-0.6514925360679626 | [0.02] | -2.7570737538007428e-05
-0.6199687123298645 | [0.05] | -0.00028528823048927824
-0.5876520276069641 | [0.09] | -0.000811617572625828
-0.5547227263450623 | [0.13] | -0.0015974009492530532
-0.5213707685470581 | [0.16] | -0.002626505737058058
-0.487792432308197 | [0.2] | -0.0038765056819079022
-0.4541867971420288 | [0.23] | -0.005319676417667564
-0.42075201869010925 | [0.26] | -0.006924226084156085
-0.3876816928386688 | [0.29] | -0.00865566043121856
-0.3551614284515381 | [0.32] | -0.010478168009444858
-0.32336583733558655 | [0.35] | -0.012355927711816423
-0.2924560010433197 | [0.38] | -0.014254251258007236
-0.2625778019428253 | [0.4] | -0.01614049132505997
-0.23386061191558838 | [0.42] | -0.017984720849469296
-0.20641684532165527 | [0.44] | -0.01976014718399064
-0.18034207820892334 | [0.46] | -0.02144330387520148
-0.15571565926074982 | [0.48] | -0.023014054207711434
-0.1326017826795578 | [0.49] | -0.024455449893072842
-0.11105090379714966 | [0.51] | -0.025753485405309435
-0.09110134840011597 | [0.52] | -0.026896795560702458
-0.07278107106685638 | [0.53] | -0.02787633492691646
-0.056109469383955 | [0.54] | -0.028685058511612883
-0.04109915718436241 | [0.54] | -0.029317629473435792
-0.027757678180933 | [0.55] | -0.029770167678477455
-0.01608910597860813 | [0.55] | -0.03004005008343011
-0.006095489952713251 | [0.55] | -0.03012576134576734
0.002221847651526332 | [0.55] | -0.030026805577655642
0.00886119157075882 | [0.55] | -0.02974367067801566
0.01381948497146368 | [0.54] | -0.029277849488448967
0.01709156110882759 | [0.54] | -0.02863191503065897
0.018669554963707924 | [0.53] | -0.027809646615202195
0.018542492762207985 | [0.52] | -0.02681620442845406
0.016696061939001083 | [0.51] | -0.02565834769605437
0.01311257854104042 | [0.49] | -0.024344693345822857
0.007771133910864592 | [0.48] | -0.022886004275047528
0.0006479584262706339 | [0.46] | -0.021295501585508192
-0.008283006958663464 | [0.44] | -0.019589182446148833
-0.019049305468797684 | [0.42] | -0.017786129816845544
-0.03167891874909401 | [0.4] | -0.015908787025591432
-0.04619896411895752 | [0.37] | -0.013983171552451252
-0.06263412535190582 | [0.35] | -0.01203899144456841
-0.08100482076406479 | [0.32] | -0.01010962433472551
-0.101325124502182 | [0.29] | -0.008231918716789422
-0.12360044568777084 | [0.25] | -0.006445774455884829
-0.14782503247261047 | [0.22] | -0.004793461432943774
-0.17397937178611755 | [0.18] | -0.0033186547133858373
-0.2020275890827179 | [0.14] | -0.0020651760924527357
-0.2319149672985077 | [0.1] | -0.0010754619845795566
-0.26356571912765503 | [0.06] | -0.00038881616540392997
-0.2968813180923462 | [0.02] | -3.953292193878966e-05
-0.3317393660545349 | [-0.02] | -5.503082755712076e-05
-0.36799341440200806 | [-0.07] | -0.0004541498269968872
-0.40547364950180054 | [-0.11] | -0.001245789997436606
-0.4439888298511505 | [-0.16] | -0.002428058319196326
-0.4833291471004486 | [-0.2] | -0.003988045443763008
-0.523270308971405 | [-0.24] | -0.005902309868213807
-0.5635783672332764 | [-0.29] | -0.008138047126262727
-0.6040151715278625 | [-0.33] | -0.010654852667829508
-0.6443443298339844 | [-0.37] | -0.01340692797155317
-0.68433678150177 | [-0.4] | -0.016345477781793554
-0.7237763404846191 | [-0.44] | -0.01942111627390121
-0.7624642252922058 | [-0.48] | -0.022586037082285144
-0.8002229332923889 | [-0.51] | -0.025795823382000704
-0.8368988633155823 | [-0.54] | -0.0290107821208157
-0.8723639845848083 | [-0.57] | -0.03219679213392151
-0.9065163135528564 | [-0.59] | -0.03532567746699172
-0.9392795562744141 | [-0.62] | -0.038375206056578
-0.9706018567085266 | [-0.64] | -0.04132877134771217
-1.0004541873931885 | [-0.66] | -0.04417490372045764
-1.0288280248641968 | [-0.68] | -0.04690662868662901
-1.0557329654693604 | [-0.7] | -0.04952081180490109
-1.081194281578064 | [-0.72] | -0.05201751421334325
-1.1052504777908325 | [-0.74] | -0.0543994009393024
-1.1279507875442505 | [-0.75] | -0.056671186837534096
-1.1493533849716187 | [-0.77] | -0.05883924187074831
-1.169523000717163 | [-0.78] | -0.060911158393884036
-1.1885297298431396 | [-0.79] | -0.0628955309129618
-1.2000000476837158 | [-0.7] | -0.049000006675720444
-1.198808193206787 | [-0.69] | -0.04792138924261382
-1.1964088678359985 | [-0.68] | -0.04667792136670658
-1.192780613899231 | [-0.67] | -0.04526940279967678
-1.1878962516784668 | [-0.66] | -0.043696402728321995
-1.18172287940979 | [-0.65] | -0.04196053230651325
-1.1742219924926758 | [-0.63] | -0.04006476662586367
-1.1653499603271484 | [-0.62] | -0.038013839098870614
-1.1550581455230713 | [-0.6] | -0.03581461834911936
-1.1432937383651733 | [-0.58] | -0.03347659031875084
-1.130000352859497 | [-0.56] | -0.031012312958453914
-1.1151190996170044 | [-0.53] | -0.02843791536542735
-1.0985894203186035 | [-0.51] | -0.025773532641932474
-1.0803509950637817 | [-0.48] | -0.02304378255989756
-1.060344934463501 | [-0.45] | -0.02027805565940015
-1.0385162830352783 | [-0.42] | -0.017510770947790327
-1.014816164970398 | [-0.38] | -0.01478137642054035
-0.9892045259475708 | [-0.35] | -0.012134116178836933
-0.9616531729698181 | [-0.31] | -0.009617479191415937
-0.9321488738059998 | [-0.27] | -0.007283257808216696
-0.9006968140602112 | [-0.23] | -0.005185203719419929
-0.8673238754272461 | [-0.18] | -0.0033772462738246994
-0.8320818543434143 | [-0.14] | -0.0019113277993794712
-0.7950499653816223 | [-0.09] | -0.0008349335622155355
-0.7563369274139404 | [-0.04] | -0.0001884895438008849
-0.7160819172859192 | [0.01] | -2.830941120776989e-06
-0.6744542121887207 | [0.05] | -0.00029700567802769565
-0.6316515803337097 | [0.1] | -0.0010766759611654467
-0.587897002696991 | [0.15] | -0.002333352600069347
-0.5434340238571167 | [0.2] | -0.0040446131801805466
-0.49852073192596436 | [0.25] | -0.006175346028177375
-0.45342257618904114 | [0.29] | -0.008679931774333528
-0.4084049463272095 | [0.34] | -0.01150512389152776
-0.3637253940105438 | [0.38] | -0.014593332492054994
-0.31962642073631287 | [0.42] | -0.017885959476760114
-0.2763291597366333 | [0.46] | -0.02132645745267772
-0.23402824997901917 | [0.5] | -0.02486286599261163
-0.19288814067840576 | [0.53] | -0.028449684914233078
-0.15304094552993774 | [0.57] | -0.032049032392554314
-0.11458567529916763 | [0.6] | -0.03563114944319931
-0.0775887593626976 | [0.63] | -0.03917436219454994
-0.04208558425307274 | [0.65] | -0.04266465668578384
-0.0080827372148633 | [0.68] | -0.04609499188454889
0.024439245462417603 | [0.7] | -0.049464516015161636
0.05552290752530098 | [0.73] | -0.05277776351821171
0.08523089438676834 | [0.75] | -0.056043915497873964
0.1136431023478508 | [0.77] | -0.05927617713270498
0.14085406064987183 | [0.79] | -0.06249129242049824
0.16697068512439728 | [0.81] | -0.0657092041877535
0.19211037456989288 | [0.83] | -0.06895286787706052
0.21639946103096008 | [0.85] | -0.07224820074441655
0.2399720996618271 | [0.87] | -0.07562418195574021
0.2629695236682892 | [0.89] | -0.07911308480143649
0.28553956747055054 | [0.91] | -0.08275084061139532
0.307836651802063 | [0.93] | -0.08657755284132722
0.3300218880176544 | [0.95] | -0.09063813725584705
0.35226359963417053 | [0.97] | -0.09498314222005799
0.37473800778388977 | [1.] | -0.09966973390648044
0.3976302444934845 | [1.02] | -0.10476289620833541
0.42110002040863037 | [1.05] | -0.11028861175599727
0.44531312584877014 | [1.08] | 99.88368696830334
Total reward: 94.46755964839986
1.0, 5.5, 0.5
parameter ends

state | action | reward
[-0.54] | [-0.04] | -0.0001777956024628935
-0.5420898795127869 | [-0.04] | -0.00017365767649141987
-0.5419378280639648 | [-0.04] | -0.00016893441410586497
-0.5417099595069885 | [-0.04] | -0.0001636748412814845
-0.54140704870224 | [-0.04] | -0.00015793380143455172
-0.54103022813797 | [-0.04] | -0.00015177012783318758
-0.5405811667442322 | [-0.04] | -0.0001452471610590348
-0.5400619506835938 | [-0.04] | -0.00013843077924027754
-0.53947514295578 | [-0.04] | -0.0001313888593388046
-0.538823664188385 | [-0.04] | -0.0001241893736741044
-0.5381109118461609 | [-0.03] | -0.00011690030259028851
-0.5373406410217285 | [-0.03] | -0.00010958782537303777
-0.5365169644355774 | [-0.03] | -0.00010231548953103368
-0.5356444120407104 | [-0.03] | -9.514380371058315e-05
-0.5347278118133545 | [-0.03] | -8.812876358784543e-05
-0.5337722897529602 | [-0.03] | -8.132131937629152e-05
-0.5327832698822021 | [-0.03] | -7.47669471862585e-05
-0.5317663550376892 | [-0.03] | -6.850469799922026e-05
-0.5307274460792542 | [-0.03] | -6.256774220285633e-05
-0.5296726226806641 | [-0.02] | -5.698269272688564e-05
-0.5286080241203308 | [-0.02] | -5.1769232201614285e-05
-0.5275400280952454 | [-0.02] | -4.6941314286009025e-05
-0.5264749526977539 | [-0.02] | -4.250623355743293e-05
-0.5254192352294922 | [-0.02] | -3.846608453980656e-05
-0.5243792533874512 | [-0.02] | -3.481770314001897e-05
-0.5233614444732666 | [-0.02] | -3.155397914150843e-05
-0.5223720669746399 | [-0.02] | -2.8663845946883754e-05
-0.5214172601699829 | [-0.02] | -2.613353879637357e-05
-0.520503044128418 | [-0.02] | -2.3947594094760426e-05
-0.5196352601051331 | [-0.01] | -2.208966421779932e-05
-0.5188195109367371 | [-0.01] | -2.0543346651350985e-05
-0.518061101436615 | [-0.01] | -1.9293003594912796e-05
-0.5173650979995728 | [-0.01] | -1.8324854938493073e-05
-0.5167361497879028 | [-0.01] | -1.762731165621487e-05
-0.516178548336029 | [-0.01] | -1.7191887677946992e-05
-0.5156962871551514 | [-0.01] | -1.7013951782292057e-05
-0.5152928233146667 | [-0.01] | -1.7092550743016637e-05
-0.5149712562561035 | [-0.01] | -1.743119599178553e-05
-0.5147342085838318 | [-0.01] | -1.803768729376734e-05
-0.5145837664604187 | [-0.01] | -1.8923923047896037e-05
-0.514521598815918 | [-0.01] | -2.01060254290974e-05
-0.5145487785339355 | [-0.01] | -2.160347367626517e-05
-0.5146658420562744 | [-0.02] | -2.3438721162669324e-05
-0.5148728489875793 | [-0.02] | -2.5636688792179648e-05
-0.5151693224906921 | [-0.02] | -2.822377326890168e-05
-0.5155541896820068 | [-0.02] | -3.122669639848716e-05
-0.5160259008407593 | [-0.02] | -3.4671860812426955e-05
-0.5165823698043823 | [-0.02] | -3.858404941642837e-05
-0.5172209143638611 | [-0.02] | -4.298500824068927e-05
-0.5179383754730225 | [-0.02] | -4.7892713362059434e-05
-0.5187311172485352 | [-0.02] | -5.332022410936456e-05
-0.5195950269699097 | [-0.02] | -5.9274564089783525e-05
-0.5205254554748535 | [-0.03] | -6.575534425638124e-05
-0.5215173959732056 | [-0.03] | -7.27546574021277e-05
-0.5225654244422913 | [-0.03] | -8.025596466549395e-05
-0.5236636996269226 | [-0.03] | -8.823337358366537e-05
-0.524806022644043 | [-0.03] | -9.665139158095312e-05
-0.5259858965873718 | [-0.03] | -0.00010546493076771658
-0.5271965861320496 | [-0.03] | -0.00011461954195816969
-0.5284311175346375 | [-0.04] | -0.0001240514640161407
-0.5296822190284729 | [-0.04] | -0.00013368739920117606
-0.5309425592422485 | [-0.04] | -0.00014344661258907266
-0.5322046279907227 | [-0.04] | -0.00015324071373116685
-0.5334608554840088 | [-0.04] | -0.00016297532175495297
-0.5347036719322205 | [-0.04] | -0.0001725515204750157
-0.535925567150116 | [-0.04] | -0.00018186748012913895
-0.5371189713478088 | [-0.04] | -0.0001908186351740317
-0.5382765531539917 | [-0.04] | -0.0001993015472781982
-0.539391040802002 | [-0.05] | -0.00020721371429270824
-0.5404554009437561 | [-0.05] | -0.00021445653588660066
-0.5414628386497498 | [-0.05] | -0.00022093669482463015
-0.5424069166183472 | [-0.05] | -0.00022656861055648784
-0.5432813763618469 | [-0.05] | -0.00023127397577951114
-0.5440804362297058 | [-0.05] | -0.000234985738694568
-0.544798731803894 | [-0.05] | -0.00023764852450803295
-0.5454312562942505 | [-0.05] | -0.00023921885196986144
-0.5459734797477722 | [-0.05] | -0.00023966692861899982
-0.546421468257904 | [-0.05] | -0.00023897822648251258
-0.546771764755249 | [-0.05] | -0.0002371524384718025
-0.5470214486122131 | [-0.05] | -0.00023420400530709735
-0.5471681952476501 | [-0.05] | -0.00023016236871487405
-0.5472102761268616 | [-0.05] | -0.00022507137933129728
-0.5471465587615967 | [-0.05] | -0.00021898847849274227
-0.5469765663146973 | [-0.05] | -0.00021198420723838793
-0.5467004776000977 | [-0.05] | -0.00020414090516921785
-0.5463190078735352 | [-0.04] | -0.0001955501605809906
-0.5458336472511292 | [-0.04] | -0.0001863133735308533
-0.5452463626861572 | [-0.04] | -0.00017653730823704886
-0.544559895992279 | [-0.04] | -0.00016633489979583238
-0.5437774658203125 | [-0.04] | -0.00015582076191352943
-0.5429030060768127 | [-0.04] | -0.00014511130514862063
-0.5419409871101379 | [-0.04] | -0.00013432133690460558
-0.5408964157104492 | [-0.04] | -0.00012356231127632556
-0.5397749543190002 | [-0.03] | -0.00011294144331191824
-0.5385826230049133 | [-0.03] | -0.00010255801549778634
-0.5373259782791138 | [-0.03] | -9.25033523947481e-05
-0.5360119938850403 | [-0.03] | -8.28588370927734e-05
-0.5346481204032898 | [-0.03] | -7.369535609748791e-05
-0.5332421064376831 | [-0.03] | -6.507159497483252e-05
-0.5318020582199097 | [-0.02] | -5.703405884341313e-05
-0.530336320400238 | [-0.02] | -4.961640697942561e-05
-0.5288534760475159 | [-0.02] | -4.283971793784467e-05
-0.5273622274398804 | [-0.02] | -3.6712545953576676e-05
-0.5258715152740479 | [-0.02] | -3.123222491405329e-05
-0.5243902802467346 | [-0.02] | -2.6384984925409904e-05
-0.522927463054657 | [-0.01] | -2.2147384396527e-05
-0.5214920043945312 | [-0.01] | -1.848785921496299e-05
-0.5200927257537842 | [-0.01] | -1.5368082876079903e-05
-0.518738329410553 | [-0.01] | -1.2744843882210518e-05
-0.5174373388290405 | [-0.01] | -1.0571826244436142e-05
-0.5161979794502258 | [-0.01] | -8.801348505163934e-06
-0.515028178691864 | [-0.01] | -7.386379969095107e-06
-0.5139355659484863 | [-0.01] | -6.282456050956701e-06
-0.5129272937774658 | [-0.01] | -5.449193600522449e-06
-0.5120101571083069 | [-0.01] | -4.852170649799706e-06
-0.5111903548240662 | [-0.01] | -4.4640460011506315e-06
-0.5104736089706421 | [-0.01] | -4.265992001874379e-06
-0.5098650455474854 | [-0.01] | -4.248498161888263e-06
-0.5093692541122437 | [-0.01] | -4.412133233158928e-06
-0.5089901089668274 | [-0.01] | -4.767671982105951e-06
-0.5087308287620544 | [-0.01] | -5.336203649268286e-06
-0.5085939764976501 | [-0.01] | -6.1488263966135635e-06
-0.5085813999176025 | [-0.01] | -7.2459244034026024e-06
-0.5086941719055176 | [-0.01] | -8.676093969274407e-06
-0.5089327096939087 | [-0.01] | -1.0495076776227427e-05
-0.5092965364456177 | [-0.01] | -1.276374057142782e-05
-0.5097845792770386 | [-0.01] | -1.5546866927011474e-05
-0.5103948712348938 | [-0.01] | -1.8910481910744014e-05
-0.5111247897148132 | [-0.02] | -2.2920222542410258e-05
-0.5119709372520447 | [-0.02] | -2.7638749607100244e-05
-0.5129292607307434 | [-0.02] | -3.31237663757208e-05
-0.5139948725700378 | [-0.02] | -3.942503953413871e-05
-0.5151622891426086 | [-0.02] | -4.658289955781352e-05
-0.516425371170044 | [-0.02] | -5.4625889605399674e-05
-0.5177772641181946 | [-0.03] | -6.356840664482736e-05
-0.5192106366157532 | [-0.03] | -7.34099945525267e-05
-0.5207175612449646 | [-0.03] | -8.413327780841572e-05
-0.5222896337509155 | [-0.03] | -9.570333550434822e-05
-0.5239179134368896 | [-0.03] | -0.00010806642903769271
-0.525593101978302 | [-0.03] | -0.00012115055920590733
-0.527305543422699 | [-0.04] | -0.00013486536470527031
-0.5290452837944031 | [-0.04] | -0.00014910280826214745
-0.5308020710945129 | [-0.04] | -0.00016373778207244812
-0.5325655341148376 | [-0.04] | -0.00017863055544293081
-0.5343251824378967 | [-0.04] | -0.00019362821344026212
-0.5360704064369202 | [-0.05] | -0.0002085663830496513
-0.5377905964851379 | [-0.05] | -0.00022327225493309942
-0.5394752621650696 | [-0.05] | -0.00023756802358188434
-0.5411140322685242 | [-0.05] | -0.00025127337373014947
-0.5426966547966003 | [-0.05] | -0.0002642080830850977
-0.5442132353782654 | [-0.05] | -0.00027619711934787083
-0.5456541180610657 | [-0.05] | -0.00028707212167927444
-0.5470101237297058 | [-0.05] | -0.00029667658792228643
-0.5482723712921143 | [-0.06] | -0.00030486642528834907
-0.5494325757026672 | [-0.06] | -0.0003115155666344059
-0.5504829287528992 | [-0.06] | -0.0003165166980214302
-0.551416277885437 | [-0.06] | -0.0003197850470160441
-0.5522260069847107 | [-0.06] | -0.00032125841269717916
-0.552906334400177 | [-0.06] | -0.0003209015717559821
-0.5534521341323853 | [-0.06] | -0.0003187047610182099
-0.5538589954376221 | [-0.06] | -0.0003146844595527974
-0.5541233420372009 | [-0.06] | -0.00030888437879927704
-0.5542424917221069 | [-0.05] | -0.0003013752111272082
-0.5542144775390625 | [-0.05] | -0.00029225126978047513
-0.5540382266044617 | [-0.05] | -0.00028163073580356624
-0.5537136197090149 | [-0.05] | -0.00026965401483888227
-0.5532413125038147 | [-0.05] | -0.0002564791810744012
-0.5526229739189148 | [-0.05] | -0.0002422815366432667
-0.551861047744751 | [-0.05] | -0.00022724787266169036
-0.5509589314460754 | [-0.05] | -0.00021157484382340597
-0.5499208569526672 | [-0.04] | -0.00019546415930531626
-0.5487518906593323 | [-0.04] | -0.00017911896037931202
-0.5474579334259033 | [-0.04] | -0.00016274018801728168
-0.5460456609725952 | [-0.04] | -0.00014652252225340201
-0.5445225834846497 | [-0.04] | -0.0001306514836756095
-0.5428969264030457 | [-0.03] | -0.00011529928946386539
-0.54117751121521 | [-0.03] | -0.00010062132575026967
-0.5393739342689514 | [-0.03] | -8.675497984777821e-05
-0.5374962687492371 | [-0.03] | -7.3815714552416e-05
-0.5355551242828369 | [-0.02] | -6.189617753240432e-05
-0.533561646938324 | [-0.02] | -5.1065255207198513e-05
-0.5315274000167847 | [-0.02] | -4.1367079319568416e-05
-0.5294641852378845 | [-0.02] | -3.282059523589624e-05
-0.5273841619491577 | [-0.02] | -2.5420976568034925e-05
-0.5252996683120728 | [-0.01] | -1.9140327555578862e-05
-0.5232231616973877 | [-0.01] | -1.3929491447168581e-05
-0.5211671590805054 | [-0.01] | -9.720356724434832e-06
-0.5191441774368286 | [-0.01] | -6.428585875706165e-06
-0.5171666145324707 | [-0.01] | -3.956633108188738e-06
-0.5152467489242554 | [-0.] | -2.197280260613112e-06
-0.5133965611457825 | [-0.] | -1.0371522507096578e-06
-0.5116276741027832 | [-0.] | -3.6059831183712886e-07
-0.5099514126777649 | [-0.] | -5.3589590404834335e-08
-0.5083785653114319 | [0.] | -7.396369091226788e-09
-0.5069194436073303 | [0.] | -1.2225997329602332e-07
-0.5055837035179138 | [0.] | -3.1076028970486636e-07
-0.5043803453445435 | [0.] | -5.008559785833061e-07
-0.5033177137374878 | [0.] | -6.38449072412465e-07
-0.5024033188819885 | [0.] | -6.895444355961066e-07
-0.5016438364982605 | [0.] | -6.417814711654508e-07
-0.5010451078414917 | [0.] | -5.053426163523017e-07
-0.5006120204925537 | [0.] | -3.132853337821517e-07
-0.5003485083580017 | [0.] | -1.2114284662541886e-07
-0.5002576112747192 | [0.] | -5.8724084227239335e-09
-0.5003412365913391 | [-0.] | -6.4213288136085e-08
-0.5006003975868225 | [-0.] | -4.103457187063694e-07
-0.5010349154472351 | [-0.] | -1.1729664116370455e-06
-0.501643717288971 | [-0.] | -2.491971562407036e-06
-0.5024245381355286 | [-0.01] | -4.514444002293983e-06
-0.5033740997314453 | [-0.01] | -7.39050458994298e-06
-0.5044881701469421 | [-0.01] | -1.1269000522001018e-05
-0.5057613849639893 | [-0.01] | -1.6292552791533274e-05
-0.5071874856948853 | [-0.02] | -2.25933232813067e-05
-0.5087592005729675 | [-0.02] | -3.0288142863324834e-05
-0.5104682445526123 | [-0.02] | -3.9473909869099585e-05
-0.5123055577278137 | [-0.02] | -5.022422078323775e-05
-0.5142611861228943 | [-0.03] | -6.258520265859626e-05
-0.5163243412971497 | [-0.03] | -7.657232576126989e-05
-0.518483579158783 | [-0.03] | -9.216859495510548e-05
-0.5207266807556152 | [-0.03] | -0.00010932175620404629
-0.5230409502983093 | [-0.04] | -0.00012794470998379802
-0.5254130363464355 | [-0.04] | -0.00014791372285330673
-0.5278292298316956 | [-0.04] | -0.000169070641393074
-0.5302753448486328 | [-0.04] | -0.00019122288439116266
-0.5327370166778564 | [-0.05] | -0.00021414760394380968
-0.5351995229721069 | [-0.05] | -0.0002375925265156686
-0.5376482009887695 | [-0.05] | -0.00026128292748651917
-0.5400682091712952 | [-0.05] | -0.00028492310466347154
-0.5424448251724243 | [-0.06] | -0.0003082035991617408
-0.544763445854187 | [-0.06] | -0.00033080592280841013
-0.5470097064971924 | [-0.06] | -0.00035240892628567015
-0.5491695404052734 | [-0.06] | -0.0003726946260184712
-0.5512293577194214 | [-0.06] | -0.00039135571367077875
-0.5531760454177856 | [-0.06] | -0.00040810079926668213
-0.5549970269203186 | [-0.07] | -0.0004226601774878624
-0.5566803812980652 | [-0.07] | -0.0004347920400761845
-0.5582149028778076 | [-0.07] | -0.0004442875899853373
-0.5595902800559998 | [-0.07] | -0.00045097713918892577
-0.5607969760894775 | [-0.07] | -0.00045473157999709635
-0.5618264079093933 | [-0.07] | -0.00045546714425874675
-0.5626710057258606 | [-0.07] | -0.0004531477063789071
-0.5633242130279541 | [-0.07] | -0.00044778543579521184
-0.5637805461883545 | [-0.07] | -0.0004394413208688272
-0.5640356540679932 | [-0.07] | -0.00042822479511749355
-0.5640864372253418 | [-0.06] | -0.0004142931499664078
-0.5639308094978333 | [-0.06] | -0.00039784536183276446
-0.5635680556297302 | [-0.06] | -0.00037912292772072773
-0.5629985928535461 | [-0.06] | -0.0003584020385618916
-0.5622241497039795 | [-0.06] | -0.000335990468966004
-0.5612475872039795 | [-0.06] | -0.00031221941481963814
-0.5600730776786804 | [-0.05] | -0.0002874391937867711
-0.5587059855461121 | [-0.05] | -0.00026201099467363943
-0.5571528673171997 | [-0.05] | -0.00023629989494411419
-0.5554214119911194 | [-0.05] | -0.0002106672351719107
-0.5535205006599426 | [-0.04] | -0.00018546425727435496
-0.5514600872993469 | [-0.04] | -0.00016102422638399833
-0.549251139163971 | [-0.04] | -0.00013765576418061967
-0.5469056367874146 | [-0.03] | -0.00011563715380666085
-0.544436514377594 | [-0.03] | -9.52108887847292e-05
-0.5418574810028076 | [-0.03] | -7.657836473634968e-05
-0.5391830801963806 | [-0.02] | -5.989718483861049e-05
-0.5364285707473755 | [-0.02] | -4.5278234935291953e-05
-0.5336097478866577 | [-0.02] | -3.27838480354761e-05
-0.5307430028915405 | [-0.01] | -2.2428215398729746e-05
-0.5278451442718506 | [-0.01] | -1.417782952413088e-05
-0.5249333381652832 | [-0.01] | -7.953675249671604e-06
-0.5220248699188232 | [-0.01] | -3.6341555055877965e-06
-0.5191372632980347 | [-0.] | -1.0597937597032342e-06
-0.5162879824638367 | [-0.] | -3.807577221590173e-08
-0.5134944915771484 | [0.] | -3.496144334314054e-07
-0.5107739567756653 | [0.] | -1.754789265232871e-06
-0.5081433057785034 | [0.01] | -4.0009893903753145e-06
-0.5056190490722656 | [0.01] | -6.830144949214512e-06
-0.5032171607017517 | [0.01] | -9.98647573698325e-06
-0.5009530186653137 | [0.01] | -1.3224088628273194e-05
-0.49884137511253357 | [0.01] | -1.6314187253662683e-05
-0.49689608812332153 | [0.01] | -1.9052441532688388e-05
-0.49513015151023865 | [0.01] | -2.1265111358822443e-05
-0.49355557560920715 | [0.02] | -2.2814714745374254e-05
-0.4921833574771881 | [0.02] | -2.360453270698452e-05
-0.49102336168289185 | [0.02] | -2.3582348646108422e-05
-0.4900842607021332 | [0.02] | -2.274287173711922e-05
-0.48937347531318665 | [0.01] | -2.1128935559761905e-05
-0.4888971447944641 | [0.01] | -1.8831337696719936e-05
-0.4886600077152252 | [0.01] | -1.5987639374956172e-05
-0.48866546154022217 | [0.01] | -1.2779167769137501e-05
-0.48891547322273254 | [0.01] | -9.427217046451541e-06
-0.4894105792045593 | [0.01] | -6.187829980668297e-06
-0.4901498556137085 | [0.01] | -3.345586610819872e-06
-0.49113091826438904 | [0.] | -1.2063865601814831e-06
-0.49234989285469055 | [0.] | -8.94547409232132e-08
-0.493801474571228 | [-0.] | -3.186592508646472e-07
-0.49547889828681946 | [-0.] | -2.2134731417041507e-06
-0.497374027967453 | [-0.01] | -6.079741982295301e-06
-0.4994773268699646 | [-0.01] | -1.2200420815114747e-05
-0.5017779469490051 | [-0.01] | -2.0826644142740713e-05
-0.5042637586593628 | [-0.02] | -3.216920912204802e-05
-0.5069214105606079 | [-0.02] | -4.639079139554423e-05
-0.5097364187240601 | [-0.03] | -6.359917341609898e-05
-0.5126931667327881 | [-0.03] | -8.384115480691952e-05
-0.5157751441001892 | [-0.03] | -0.00010709892590440482
-0.5189648866653442 | [-0.04] | -0.00013328632020599218
-0.5222441554069519 | [-0.04] | -0.00016224787341928267
-0.5255939960479736 | [-0.04] | -0.00019375871847249258
-0.5289948582649231 | [-0.05] | -0.00022752653220602212
-0.5324268341064453 | [-0.05] | -0.0002631963080799758
-0.5358695387840271 | [-0.05] | -0.0003003532973375686
-0.5393024682998657 | [-0.06] | -0.00033853208598577786
-0.5427049398422241 | [-0.06] | -0.0003772226955048132
-0.54605633020401 | [-0.06] | -0.0004158812158506322
-0.5493361353874207 | [-0.07] | -0.00045393930229724756
-0.5525241494178772 | [-0.07] | -0.0004908160315723906
-0.5556005835533142 | [-0.07] | -0.0005259295921441669
-0.5585461854934692 | [-0.07] | -0.000558709237750561
-0.5613422393798828 | [-0.08] | -0.0005886054950469187
-0.5639709234237671 | [-0.08] | -0.0006151055521294445
-0.5664151906967163 | [-0.08] | -0.0006377409779048427
-0.5686590075492859 | [-0.08] | -0.0006561002113145016
-0.5706874132156372 | [-0.08] | -0.0006698373321758731
-0.5724865794181824 | [-0.08] | -0.0006786796234201951
-0.5740439891815186 | [-0.08] | -0.0006824358511001375
-0.5753483772277832 | [-0.08] | -0.0006809989735155902
-0.5763900279998779 | [-0.08] | -0.0006743533157832296
-0.5771605372428894 | [-0.08] | -0.0006625709663925566
-0.577653169631958 | [-0.08] | -0.0006458164315882507
-0.5778627395629883 | [-0.08] | -0.0006243414938585468
-0.5777856111526489 | [-0.08] | -0.0005984804105980036
-0.5774199366569519 | [-0.08] | -0.0005686471775966937
-0.5767654776573181 | [-0.07] | -0.0005353244849426911
-0.5758236646652222 | [-0.07] | -0.0004990551880301805
-0.5745977759361267 | [-0.07] | -0.00046043400283362685
-0.5730926394462585 | [-0.06] | -0.00042009123762312906
-0.5713148713111877 | [-0.06] | -0.00037868353802644815
-0.5692727565765381 | [-0.06] | -0.000336878815918725
-0.5669762492179871 | [-0.05] | -0.00029534262417718225
-0.5644368529319763 | [-0.05] | -0.0002547232323614257
-0.5616676211357117 | [-0.05] | -0.00021563856853374703
-0.5586831569671631 | [-0.04] | -0.000178663553703683
-0.5554994344711304 | [-0.04] | -0.00014431675598023487
-0.5521337985992432 | [-0.03] | -0.0001130501034344103
-0.5486048460006714 | [-0.03] | -8.523905546191012e-05
-0.5449323654174805 | [-0.02] | -6.117499195758304e-05
-0.5411370396614075 | [-0.02] | -4.1058492465766455e-05
-0.5372406840324402 | [-0.02] | -2.49974708436461e-05
-0.5332657098770142 | [-0.01] | -1.3003935791272072e-05
-0.5292353630065918 | [-0.01] | -4.996378332074257e-06
-0.5251733660697937 | [-0.] | -8.022073812657482e-07
-0.5211037993431091 | [0.] | -1.6353942427251567e-07
-0.5170510411262512 | [0.01] | -2.7449385815370026e-06
-0.5130395293235779 | [0.01] | -8.143032418327095e-06
-0.5090936422348022 | [0.01] | -1.589796612500206e-05
-0.5052375793457031 | [0.02] | -2.5506166182511663e-05
-0.5014952421188354 | [0.02] | -3.643414045112414e-05
-0.497889906167984 | [0.02] | -4.8133887127955875e-05
-0.4944442808628082 | [0.02] | -6.0057454438420594e-05
-0.49118027091026306 | [0.03] | -7.167251181983172e-05
-0.48811885714530945 | [0.03] | -8.247721643993367e-05
-0.48527997732162476 | [0.03] | -9.201437876724889e-05
-0.48268234729766846 | [0.03] | -9.988497639023386e-05
-0.48034343123435974 | [0.03] | -0.00010575940515433605
-0.4782792329788208 | [0.03] | -0.00010938819086257447
-0.47650426626205444 | [0.03] | -0.0001106096870314047
-0.47503143548965454 | [0.03] | -0.00010935622294410206
-0.47387197613716125 | [0.03] | -0.00010565756311116254
-0.4730353355407715 | [0.03] | -9.964240669179659e-05
-0.4725291132926941 | [0.03] | -9.153696490126566e-05
-0.4723590314388275 | [0.03] | -8.166089735965848e-05
-0.472528874874115 | [0.03] | -7.042101048106434e-05
-0.4730404317378998 | [0.02] | -5.830258871433099e-05
-0.47389352321624756 | [0.02] | -4.585806827573063e-05
-0.47508588433265686 | [0.02] | -3.369447174798115e-05
-0.47661328315734863 | [0.01] | -2.2457999259464625e-05
-0.4784694314002991 | [0.01] | -1.2818179249525187e-05
-0.4806460440158844 | [0.01] | -5.4503189934621e-06
-0.48313283920288086 | [0.] | -1.0175069601090805e-06
-0.4859175980091095 | [-0.] | -1.5220813814540017e-07
-0.48898619413375854 | [-0.01] | -3.4381109416964e-06
-0.492322713136673 | [-0.01] | -1.1392654994761827e-05
-0.4959094822406769 | [-0.02] | -2.4450669185457177e-05
-0.49972712993621826 | [-0.02] | -4.294937372261283e-05
-0.503754734992981 | [-0.03] | -6.71155835213975e-05
-0.5079699754714966 | [-0.03] | -9.705548276540212e-05
-0.5123491287231445 | [-0.04] | -0.00013274619498253884
-0.5168672800064087 | [-0.04] | -0.00017403118831463217
-0.5214985013008118 | [-0.05] | -0.0002206189148131121
-0.5262159109115601 | [-0.05] | -0.0002720836228276044
-0.5309919118881226 | [-0.06] | -0.00032787092699795644
-0.5357983708381653 | [-0.06] | -0.0003873061520112132
-0.5406067371368408 | [-0.07] | -0.0004496051256941529
-0.5453881621360779 | [-0.07] | -0.0005138873363342656
-0.5501137971878052 | [-0.08] | -0.0005791941785536218
-0.554754912853241 | [-0.08] | -0.0006445070681521392
-0.5592831373214722 | [-0.08] | -0.0007087690156109323
-0.5636705160140991 | [-0.09] | -0.0007709047796092366
-0.5678898096084595 | [-0.09] | -0.0008298454839491218
-0.571914553642273 | [-0.09] | -0.0008845497484304601
-0.5757192373275757 | [-0.1] | -0.0009340265956362566
-0.5792796015739441 | [-0.1] | -0.0009773599711667086
-0.5825725793838501 | [-0.1] | -0.001013725488159568
-0.585576593875885 | [-0.1] | -0.0010424122934926496
-0.5882715582847595 | [-0.1] | -0.001062837115989614
-0.5906391739845276 | [-0.1] | -0.0010745620739218466
-0.5926628708839417 | [-0.1] | -0.0010773023313216269
-0.594327986240387 | [-0.1] | -0.0010709358492245243
-0.5956218242645264 | [-0.1] | -0.0010555074538718527
-0.5965337753295898 | [-0.1] | -0.0010312309749298052
-0.5970553755760193 | [-0.1] | -0.0009984867175241584
-0.5971804261207581 | [-0.1] | -0.0009578167737292653
-0.5969048738479614 | [-0.1] | -0.0009099122557169978
-0.5962270498275757 | [-0.09] | -0.000855604612793913
-0.5951475501060486 | [-0.09] | -0.0007958467979411721
-0.5936693549156189 | [-0.09] | -0.0007316964932675045
-0.5917977690696716 | [-0.08] | -0.0006642934921773745
-0.5895405411720276 | [-0.08] | -0.000594838298561873
-0.5869076251983643 | [-0.07] | -0.0005245632999033128
-0.5839114189147949 | [-0.07] | -0.0004547106756038104
-0.5805664658546448 | [-0.06] | -0.00038650165555464256
-0.5768895745277405 | [-0.06] | -0.0003211122626438713
-0.5728996992111206 | [-0.05] | -0.0002596463002760093
-0.5686178803443909 | [-0.05] | -0.00020311072662479663
-0.564067006111145 | [-0.04] | -0.0001523914211982678
-0.5592719316482544 | [-0.03] | -0.00010823515534227196
-0.554259181022644 | [-0.03] | -7.123063479654998e-05
-0.5490568280220032 | [-0.02] | -4.1795469508634e-05
-0.5436943769454956 | [-0.01] | -2.016691577065352e-05
-0.5382026433944702 | [-0.01] | -6.396814763591372e-06
-0.5326133966445923 | [-0.] | -3.5063658884110576e-07
-0.5269593596458435 | [0.] | -1.7121942461496637e-06
-0.5212739109992981 | [0.01] | -9.99215051028951e-06
-0.5155909061431885 | [0.02] | -2.4541247013622573e-05
-0.5099444389343262 | [0.02] | -4.4567692034697914e-05
-0.5043687224388123 | [0.03] | -6.91577530528318e-05
-0.4988976716995239 | [0.03] | -9.730075504886159e-05
-0.4935649335384369 | [0.04] | -0.00012791468274398705
-0.4884034991264343 | [0.04] | -0.00015987553462456524
-0.48344555497169495 | [0.04] | -0.00019204680870168572
-0.47872230410575867 | [0.05] | -0.00022330935456182726
-0.4742637276649475 | [0.05] | -0.00025259154450511123
-0.4700984060764313 | [0.05] | -0.0002788979640613539
-0.466253399848938 | [0.05] | -0.00030133576968879665
-0.4627540409564972 | [0.06] | -0.0003191396717046602
-0.4596237540245056 | [0.06] | -0.00033169382555849953
-0.4568839371204376 | [0.06] | -0.00033854972970360256
-0.45455387234687805 | [0.06] | -0.0003394398567324007
-0.4526505470275879 | [0.06] | -0.00033428829499346934
-0.4511886239051819 | [0.06] | -0.0003232152380299405
-0.4501802325248718 | [0.06] | -0.0003065389500639609
-0.44963496923446655 | [0.05] | -0.00028477063472359725
-0.44955986738204956 | [0.05] | -0.0002586050682213303
-0.4499592185020447 | [0.05] | -0.00022890828701851898
-0.45083460211753845 | [0.04] | -0.0001966985467087435
-0.45218488574028015 | [0.04] | -0.00016312372866146584
-0.4540061056613922 | [0.04] | -0.000129436072664443
-0.456291526556015 | [0.03] | -9.696203611717714e-05
-0.4590316116809845 | [0.03] | -6.70703394725624e-05
-0.46221408247947693 | [0.02] | -4.113740290796962e-05
-0.4658239185810089 | [0.01] | -2.051202567959817e-05
-0.46984341740608215 | [0.01] | -6.479251893511118e-06
-0.47425225377082825 | [0.] | -2.247424040090077e-07
-0.4790275990962982 | [-0.01] | -2.8004758996407487e-06
-0.4841441512107849 | [-0.01] | -1.5092735055361255e-05
-0.4895743727684021 | [-0.02] | -3.7793420154886084e-05
-0.4952884912490845 | [-0.03] | -7.137502383608628e-05
-0.5012547373771667 | [-0.03] | -0.00011607073299123918
-0.5074395537376404 | [-0.04] | -0.0001718603560934895
-0.5138077139854431 | [-0.05] | -0.00023846153647112756
-0.5203225612640381 | [-0.06] | -0.00031532787359065794
-0.5269461870193481 | [-0.06] | -0.00040165301147186304
-0.5336397886276245 | [-0.07] | -0.0004963833343392401
-0.5403637290000916 | [-0.08] | -0.0005982332061167032
-0.547078013420105 | [-0.08] | -0.0007057118871694412
-0.5537423491477966 | [-0.09] | -0.0008171496728836864
-0.5603165626525879 | [-0.1] | -0.0009307345709497905
-0.5667606592178345 | [-0.1] | -0.001044546331977175
-0.5730352401733398 | [-0.11] | -0.0011566001951713956
-0.5791016817092896 | [-0.11] | -0.00126488831279831
-0.5849224925041199 | [-0.12] | -0.0013674259698725037
-0.5904613733291626 | [-0.12] | -0.001462291451027849
-0.5956835150718689 | [-0.12] | -0.001547670219092667
-0.6005558371543884 | [-0.13] | -0.0016218961848091633
-0.6050471663475037 | [-0.13] | -0.001683488887543946
-0.6091282963752747 | [-0.13] | -0.0017311843322347531
-0.6127723455429077 | [-0.13] | -0.001763969432108422
-0.6159547567367554 | [-0.13] | -0.0017811024533719662
-0.6186534762382507 | [-0.13] | -0.0017821333997979844
-0.6208491921424866 | [-0.13] | -0.001766920224187232
-0.6225252151489258 | [-0.13] | -0.0017356296774831599
-0.6236677169799805 | [-0.13] | -0.0016887420335698533
-0.6242658495903015 | [-0.13] | -0.0016270462064506492
-0.6243117451667786 | [-0.12] | -0.0015516257161597466
-0.6238005757331848 | [-0.12] | -0.0014638402211882573
-0.6227306723594666 | [-0.12] | -0.0013653027113784417
-0.6211034655570984 | [-0.11] | -0.0012578466661687493
-0.6189236044883728 | [-0.11] | -0.001143492632529549
-0.6161988973617554 | [-0.1] | -0.0010244059801645595
-0.6129403710365295 | [-0.1] | -0.0009028536137424743
-0.6091623306274414 | [-0.09] | -0.0007811572035571307
-0.6048821806907654 | [-0.08] | -0.0006616397869563793
-0.6001204252243042 | [-0.07] | -0.0005465754989332456
-0.5949006676673889 | [-0.07] | -0.00043813874522192434
-0.5892494916915894 | [-0.06] | -0.000338353180764235
-0.5831964015960693 | [-0.05] | -0.0002490440542812952
-0.5767735242843628 | [-0.04] | -0.0001717921948921411
-0.5700157284736633 | [-0.03] | -0.00010789781522834666
-0.5629602074623108 | [-0.02] | -5.8345242792740005e-05
-0.5556463599205017 | [-0.02] | -2.3778567941585076e-05
-0.5481156706809998 | [-0.01] | -4.484850863917652e-06
-0.5404112935066223 | [0.] | -3.85193601620343e-07
-0.5325779318809509 | [0.01] | -1.1036360805213886e-05
-0.5246614813804626 | [0.02] | -3.564118622745444e-05
-0.5167087912559509 | [0.03] | -7.306832311478054e-05
-0.5087671875953674 | [0.03] | -0.00012188177946141945
-0.5008844137191772 | [0.04] | -0.00018037659447297431
-0.49310818314552307 | [0.05] | -0.00024662287062626596
-0.48548582196235657 | [0.06] | -0.0003185159901795114
-0.47806403040885925 | [0.06] | -0.00039383010522631195
-0.47088855504989624 | [0.07] | -0.0004702753284190869
-0.46400389075279236 | [0.07] | -0.0005455565312694361
-0.45745301246643066 | [0.08] | -0.0006174317149049548
-0.45127710700035095 | [0.08] | -0.0006837693561685624
-0.44551533460617065 | [0.09] | -0.0007426026904270161
-0.44020459055900574 | [0.09] | -0.00079218036024642
-0.435379296541214 | [0.09] | -0.0008310119888104295
-0.4310711920261383 | [0.09] | -0.0008579078232631983
-0.4273092448711395 | [0.09] | -0.0008720098387007804
-0.42411938309669495 | [0.09] | -0.0008728191878766298
-0.4215244650840759 | [0.09] | -0.0008602114097576322
-0.4195440709590912 | [0.09] | -0.0008344471266562804
-0.418194442987442 | [0.09] | -0.0007961714923531195
-0.4174883961677551 | [0.09] | -0.0007464060172839687
-0.4174352288246155 | [0.08] | -0.0006865318020037423
-0.41804060339927673 | [0.08] | -0.0006182649668231403
-0.41930654644966125 | [0.07] | -0.0005436218698837836
-0.42123138904571533 | [0.07] | -0.00046487776651728306
-0.4238097071647644 | [0.06] | -0.0003845182492560457
-0.4270322918891907 | [0.06] | -0.00030518376213971386
-0.4308861792087555 | [0.05] | -0.00022960798800635606
-0.435354620218277 | [0.04] | -0.00016055272503651046
-0.44041708111763 | [0.03] | -0.00010073919067695093
-0.4460493326187134 | [0.02] | -5.2777225420499405e-05
-0.4522235095500946 | [0.01] | -1.909512795606873e-05
-0.45890820026397705 | [0.] | -1.871463755033498e-06
-0.4660685360431671 | [-0.01] | -2.970653338791202e-06
-0.47366636991500854 | [-0.02] | -2.388424332910944e-05
-0.48166048526763916 | [-0.03] | -6.56802620111599e-05
-0.4900067448616028 | [-0.04] | -0.0001289617470064488
-0.4986583888530731 | [-0.05] | -0.00021383671441932854
-0.5075662732124329 | [-0.06] | -0.00031989995120803064
-0.5166792273521423 | [-0.07] | -0.00044622877365083655
-0.5259442329406738 | [-0.08] | -0.000591389858886203
-0.5353070497512817 | [-0.09] | -0.0007534653767241007
-0.544712245464325 | [-0.1] | -0.000930083410204468
-0.5541038513183594 | [-0.11] | -0.0011184696290094235
-0.5634256601333618 | [-0.11] | -0.001315504738564851
-0.5726214647293091 | [-0.12] | -0.0015177881163700969
-0.5816357731819153 | [-0.13] | -0.0017217202101067614
-0.5904138088226318 | [-0.14] | -0.0019235732543208988
-0.5989021062850952 | [-0.15] | -0.00211957951907938
-0.6070488095283508 | [-0.15] | -0.0023060138969901185
-0.6148039102554321 | [-0.16] | -0.0024792735919108243
-0.622119665145874 | [-0.16] | -0.00263596086124874
-0.6289507746696472 | [-0.17] | -0.0027729543213125367
-0.6352546215057373 | [-0.17] | -0.002887476866336769
-0.6409915089607239 | [-0.17] | -0.0029771568275394956
-0.6461248397827148 | [-0.17] | -0.0030400798974630607
-0.6506213545799255 | [-0.18] | -0.0030748347805281385
-0.6544510722160339 | [-0.18] | -0.0030805393204901806
-0.6575877070426941 | [-0.17] | -0.003056874312442168
-0.6600085496902466 | [-0.17] | -0.0030040882252655413
-0.6616945862770081 | [-0.17] | -0.002923000625768108
-0.6626307368278503 | [-0.17] | -0.0028149991729882703
-0.6628057956695557 | [-0.16] | -0.0026820158150476243
-0.6622125506401062 | [-0.16] | -0.0025264986399193886
-0.6608478426933289 | [-0.15] | -0.0023513712278600304
-0.6587125658988953 | [-0.15] | -0.002159980059084855
-0.6558119654655457 | [-0.14] | -0.001956040731203626
-0.652155339717865 | [-0.13] | -0.0017435570397799872
-0.6477563381195068 | [-0.12] | -0.0015267495919903413
-0.6426328420639038 | [-0.11] | -0.0013099649635227783
-0.6368071436882019 | [-0.1] | -0.0010975869642524813
-0.6303057670593262 | [-0.09] | -0.0008939350636676263
-0.6231595277786255 | [-0.08] | -0.0007031669904286787
-0.615403413772583 | [-0.07] | -0.0005291784621596602
-0.6070765256881714 | [-0.06] | -0.00037550743813367964
-0.598222017288208 | [-0.05] | -0.00024524407422158237
-0.5888867378234863 | [-0.04] | -0.00014094647653547823
-0.5791212916374207 | [-0.03] | -6.457280092029684e-05
-0.5689794421195984 | [-0.01] | -1.7422004640070914e-05
-0.55851811170578 | [-0.] | -9.616362108832988e-08
-0.5477967858314514 | [0.01] | -1.247776973638962e-05
-0.5368773937225342 | [0.02] | -5.372768027328565e-05
-0.5258236527442932 | [0.03] | -0.0001223026774358496
-0.5147007703781128 | [0.05] | -0.0002159923307582575
-0.5035749077796936 | [0.06] | -0.0003319748022481639
-0.4925127327442169 | [0.07] | -0.0004668891365709884
-0.48158085346221924 | [0.08] | -0.0006169229307916983
-0.47084546089172363 | [0.09] | -0.0007779094053433511
-0.4603717625141144 | [0.1] | -0.0009454355850637066
-0.4502235949039459 | [0.11] | -0.0011149533736157975
-0.4404629170894623 | [0.11] | -0.0012818953178530016
-0.4311494827270508 | [0.12] | -0.0014417864270291527
-0.422340452671051 | [0.13] | -0.0015903536095774823
-0.4140900671482086 | [0.13] | -0.0017236289000164093
-0.4064493775367737 | [0.14] | -0.0018380429035512768
-0.39946597814559937 | [0.14] | -0.0019305097530073027
-0.39318376779556274 | [0.14] | -0.0019985004790176535
-0.38764286041259766 | [0.14] | -0.0020401010831045583
-0.3828793466091156 | [0.14] | -0.002054062454479635
-0.3789251744747162 | [0.14] | -0.0020398346472043933
-0.37580806016921997 | [0.14] | -0.0019975865439138744
-0.3735514283180237 | [0.14] | -0.0019282119372102222
-0.3721742331981659 | [0.14] | -0.001833324859378029
-0.371690958738327 | [0.13] | -0.0017152360468431962
-0.3721115291118622 | [0.13] | -0.001576917793510177
-0.3734411597251892 | [0.12] | -0.0014219559793958712
-0.37568041682243347 | [0.11] | -0.0012544825917427402
-0.37882500886917114 | [0.1] | -0.0010791009693406981
-0.3828657567501068 | [0.09] | -0.0009007930327757588
-0.3877885639667511 | [0.09] | -0.0007248141361814596
-0.3935742974281311 | [0.07] | -0.0005565786166264931
-0.400198757648468 | [0.06] | -0.0004015338133169747
-0.4076326787471771 | [0.05] | -0.0002650270002874109
-0.415841668844223 | [0.04] | -0.00015216875626795434
-0.4247863292694092 | [0.03] | -6.769369890564685e-05
-0.43442225456237793 | [0.01] | -1.5826033319399357e-05
-0.4447001814842224 | [-0.] | -1.509936958341224e-07
-0.4555661976337433 | [-0.02] | -2.3498466763508518e-05
-0.46696189045906067 | [-0.03] | -8.784269056102067e-05
-0.47882479429244995 | [-0.04] | -0.00019422296519248938
-0.4910885989665985 | [-0.06] | -0.00034268729505522216
-0.5036836266517639 | [-0.07] | -0.0005322635824186921
-0.5165373682975769 | [-0.09] | -0.0007609603189216172
-0.5295749306678772 | [-0.1] | -0.0010257949119078064
-0.5427196025848389 | [-0.12] | -0.001322851409038348
-0.5558934807777405 | [-0.13] | -0.0016473652904163195
-0.5690180659294128 | [-0.14] | -0.0019938322643375376
-0.5820148587226868 | [-0.15] | -0.0023561356954315796
-0.5948060154914856 | [-0.17] | -0.002727691711625482
-0.6073148846626282 | [-0.18] | -0.0031016019427923197
-0.6194666028022766 | [-0.19] | -0.0034708141354517124
-0.631188690662384 | [-0.2] | -0.003828284752324676
-0.6424112319946289 | [-0.2] | -0.004167123805804299
-0.6530676484107971 | [-0.21] | -0.004480756708052404
-0.6630948185920715 | [-0.22] | -0.004763051888812925
-0.6724333763122559 | [-0.22] | -0.005008443733661322
-0.6810281276702881 | [-0.23] | -0.005212049604849513
-0.6888279914855957 | [-0.23] | -0.00536975184635632
-0.6957863569259644 | [-0.23] | -0.005478284857800351
-0.7018610835075378 | [-0.24] | -0.005535292136107851
-0.7070145606994629 | [-0.24] | -0.00553937143417012
-0.7112138271331787 | [-0.23] | -0.005490109207230649
-0.714430570602417 | [-0.23] | -0.005388094518986134
-0.7166411876678467 | [-0.23] | -0.005234921979389162
-0.717826783657074 | [-0.22] | -0.00503317660524516
-0.7179732322692871 | [-0.22] | -0.004786406079092369
-0.7170712351799011 | [-0.21] | -0.004499076938821285
-0.7151165008544922 | [-0.2] | -0.004176518503348747
-0.7121096253395081 | [-0.2] | -0.0038248363924402993
-0.7080564498901367 | [-0.19] | -0.0034508275220450956
-0.7029680013656616 | [-0.17] | -0.0030618591187569566
-0.6968607902526855 | [-0.16] | -0.0026657431500322244
-0.6897567510604858 | [-0.15] | -0.0022705799137829013
-0.6816834807395935 | [-0.14] | -0.0018845971998122494
-0.6726744771003723 | [-0.12] | -0.0015159743704864297
-0.6627689599990845 | [-0.11] | -0.0011726454295588277
-0.6520121693611145 | [-0.09] | -0.0008621106353989502
-0.6404551863670349 | [-0.08] | -0.0005912371023244712
-0.628154993057251 | [-0.06] | -0.00036607236682038445
-0.6151741743087769 | [-0.04] | -0.0001916660955203556
-0.601580798625946 | [-0.03] | -7.191699960889955e-05
-0.5874481201171875 | [-0.01] | -9.444756932232659e-06
-0.5728541016578674 | [0.01] | -5.495461752447564e-06
-0.5578808784484863 | [0.02] | -5.988746625637187e-05
-0.5426142811775208 | [0.04] | -0.0001709992032028528
-0.527143120765686 | [0.06] | -0.0003358008728306793
-0.511558473110199 | [0.07] | -0.000549929815882444
-0.495952844619751 | [0.09] | -0.000807807687217537
-0.4804195165634155 | [0.11] | -0.0011027910678320797
-0.4650515913963318 | [0.12] | -0.0014273554400765318
-0.4499413073062897 | [0.13] | -0.0017732979732664887
-0.4351792335510254 | [0.15] | -0.0021319567864676015
-0.42085352540016174 | [0.16] | -0.002494436250994767
-0.40704935789108276 | [0.17] | -0.0028518276958336775
-0.3938482999801636 | [0.18] | -0.0031954250430964674
-0.3813278377056122 | [0.19] | -0.0035169248215208143
-0.36956101655960083 | [0.2] | -0.0038086071387861825
-0.35861605405807495 | [0.2] | -0.0040634990003790795
-0.34855619072914124 | [0.21] | -0.004275510369586957
-0.3394394814968109 | [0.21] | -0.00443955267592794
-0.3313187062740326 | [0.21] | -0.004551632688418384
-0.32424136996269226 | [0.21] | -0.004608923865291998
-0.3182496130466461 | [0.21] | -0.004609823759611665
-0.31338033080101013 | [0.21] | -0.004553984172373115
-0.30966514348983765 | [0.21] | -0.00444233112218104
-0.3071303963661194 | [0.21] | -0.004277065875234912
-0.3057972192764282 | [0.2] | -0.004061645631299792
-0.3056814670562744 | [0.19] | -0.0038007504092942173
-0.3067937195301056 | [0.19] | -0.0035002270469025893
-0.3091391324996948 | [0.18] | -0.0031670171347822906
-0.31271734833717346 | [0.17] | -0.0028090584408466362
-0.3175223469734192 | [0.16] | -0.002435163021929144
-0.3235422670841217 | [0.14] | -0.0020548699972298815
-0.33075910806655884 | [0.13] | -0.0016782736107816727
-0.339148610830307 | [0.11] | -0.001315819604833129
-0.34867990016937256 | [0.1] | -0.0009780826210151793
-0.35931533575057983 | [0.08] | -0.0006755154686771767
-0.37101033329963684 | [0.06] | -0.00041818408800740653
-0.3837131857872009 | [0.05] | -0.00021549156643881873
-0.3973650336265564 | [0.03] | -7.589913772635112e-05
-0.4118998348712921 | [0.01] | -6.656466805422812e-06
-0.42724454402923584 | [-0.01] | -1.3550161530168863e-05
-0.4433193504810333 | [-0.03] | -0.00010068466788296128
-0.46003806591033936 | [-0.05] | -0.0002703058834983883
-0.47730857133865356 | [-0.07] | -0.0005226769802458635
-0.4950335919857025 | [-0.09] | -0.0008560173475402389
-0.5131113529205322 | [-0.11] | -0.0012665058146184576
-0.531436562538147 | [-0.13] | -0.0017483537397779679
-0.5499013662338257 | [-0.15] | -0.0022939439387044827
-0.568396270275116 | [-0.17] | -0.002894023385988977
-0.586811363697052 | [-0.19] | -0.003537954880816599
-0.6050373911857605 | [-0.21] | -0.004214004639907329
-0.6229665875434875 | [-0.22] | -0.004909643208236012
-0.6404938697814941 | [-0.24] | -0.005611874973840582
-0.657517671585083 | [-0.25] | -0.006307554309640359
-0.6739405989646912 | [-0.26] | -0.006983683976112533
-0.689670205116272 | [-0.28] | -0.00762770200749784
-0.7046194076538086 | [-0.29] | -0.008227725089121925
-0.7187069654464722 | [-0.3] | -0.008772772008567254
-0.7318576574325562 | [-0.3] | -0.009252939202403086
-0.7440023422241211 | [-0.31] | -0.009659543882360512
-0.7550780177116394 | [-0.32] | -0.009985241349156517
-0.7650278210639954 | [-0.32] | -0.010224116181167673
-0.7738007307052612 | [-0.32] | -0.010371736538977981
-0.7813515067100525 | [-0.32] | -0.010425206415751398
-0.7876404523849487 | [-0.32] | -0.010383192985058144
-0.7926331162452698 | [-0.32] | -0.010245938798912226
-0.7963002324104309 | [-0.32] | -0.010015276734142008
-0.798617422580719 | [-0.31] | -0.009694618692307469
-0.7995651364326477 | [-0.3] | -0.009288945946711242
-0.7991287708282471 | [-0.3] | -0.00880479413393005
-0.7972984313964844 | [-0.29] | -0.00825019646690607
-0.7940691709518433 | [-0.28] | -0.007634632900140783
-0.7894412279129028 | [-0.26] | -0.006968949492786484
-0.783420205116272 | [-0.25] | -0.006265240571453436
-0.776017427444458 | [-0.24] | -0.005536703441625105
-0.7672502398490906 | [-0.22] | -0.004797448024997056
-0.7571426630020142 | [-0.2] | -0.0040622793449086895
-0.7457256317138672 | [-0.18] | -0.003346415245323984
-0.7330376505851746 | [-0.16] | -0.002665180838784054
-0.7191250920295715 | [-0.14] | -0.002033649300303504
-0.7040426731109619 | [-0.12] | -0.001466262413446111
-0.6878536939620972 | [-0.1] | -0.0009764257469584497
-0.6706302762031555 | [-0.08] | -0.0005761028222275435
-0.6524533629417419 | [-0.05] | -0.0002754195764413333
-0.6334126591682434 | [-0.03] | -8.230489318944574e-05
-0.6136062145233154 | [-0.] | -2.1815795730573995e-06
-0.5931398868560791 | [0.02] | -3.77326936946359e-05
-0.5721266269683838 | [0.04] | -0.00018875749622202865
-0.5506855249404907 | [0.07] | -0.00045212814440178696
-0.5289406180381775 | [0.09] | -0.0008218549545912744
-0.5070196986198425 | [0.11] | -0.0012892555343777925
-0.4850527346134186 | [0.14] | -0.0018432269825402366
-0.46317058801651 | [0.16] | -0.002470593859623834
-0.4415034055709839 | [0.18] | -0.0031565253256350513
-0.42017921805381775 | [0.2] | -0.003884989302130136
-0.39932265877723694 | [0.22] | -0.004639220117466095
-0.37905362248420715 | [0.23] | -0.005402185751785928
-0.3594864010810852 | [0.25] | -0.0061570178413021545
-0.34072867035865784 | [0.26] | -0.006887411162226621
-0.3228810429573059 | [0.28] | -0.007577956125096499
-0.3060365319252014 | [0.29] | -0.0082144264342417
-0.29028043150901794 | [0.3] | -0.00878399965495991
-0.2756902277469635 | [0.3] | -0.009275431688742399
-0.26233577728271484 | [0.31] | -0.009679176318107371
-0.25027957558631897 | [0.32] | -0.009987469209900082
-0.23957711458206177 | [0.32] | -0.010194381859753876
-0.23027732968330383 | [0.32] | -0.010295851791072461
-0.2224230319261551 | [0.32] | -0.01028970089538935
-0.2160513550043106 | [0.32] | -0.010175646131464941
-0.21119418740272522 | [0.32] | -0.009955302801670077
-0.20787851512432098 | [0.31] | -0.009632188864437796
-0.20612670481204987 | [0.3] | -0.009211724576015124
-0.20595668256282806 | [0.29] | -0.008701227980984555
-0.2073819786310196 | [0.28] | -0.00810990193535621
-0.2104116827249527 | [0.27] | -0.007448803316036436
-0.21505025029182434 | [0.26] | -0.0067307897487181205
-0.22129717469215393 | [0.24] | -0.005970434124176821
-0.2291465848684311 | [0.23] | -0.005183893325379
-0.2385866641998291 | [0.21] | -0.004388728995460452
-0.24959897994995117 | [0.19] | -0.0036036665771899453
-0.2621578276157379 | [0.17] | -0.002848282214540154
-0.2762293815612793 | [0.15] | -0.0021426248630229783
-0.29177096486091614 | [0.12] | -0.001506762642864027
-0.3087303340435028 | [0.1] | -0.0009602662626932005
-0.32704490423202515 | [0.07] | -0.0005216437409041028
-0.34664133191108704 | [0.05] | -0.00020773754052321738
-0.36743512749671936 | [0.02] | -3.312046025262258e-05
-0.3893304765224457 | [-0.01] | -9.515719969489801e-06
-0.41222044825553894 | [-0.04] | -0.0001452777106177059
-0.4359874725341797 | [-0.07] | -0.00044497073200784647
-0.46050411462783813 | [-0.1] | -0.0009090782470690299
-0.4856341481208801 | [-0.12] | -0.0015338667269478982
-0.5112341046333313 | [-0.15] | -0.002311425886379627
-0.5371547937393188 | [-0.18] | -0.0032298787782435016
-0.5632434487342834 | [-0.21] | -0.0042737680939936564
-0.5893455743789673 | [-0.23] | -0.005424571793470024
-0.615307092666626 | [-0.26] | -0.006661333714792892
-0.64097660779953 | [-0.28] | -0.007961368534700086
-0.6662071347236633 | [-0.3] | -0.00930097018999832
-0.6908578872680664 | [-0.33] | -0.010656107191937316
-0.7147958278656006 | [-0.35] | -0.012003067877727314
-0.7378968000411987 | [-0.36] | -0.013319010699271225
-0.7600464224815369 | [-0.38] | -0.014582420516484602
-0.7811405062675476 | [-0.4] | -0.015773447523576827
-0.8010852932929993 | [-0.41] | -0.016874152408480423
-0.8197972774505615 | [-0.42] | -0.01786864326070951
-0.8372028470039368 | [-0.43] | -0.018743146867644007
-0.8532377481460571 | [-0.44] | -0.019486013872866675
-0.8678461909294128 | [-0.45] | -0.020087670827003325
-0.8809801936149597 | [-0.45] | -0.020540571725858867
-0.8925984501838684 | [-0.46] | -0.020839109814096715
-0.9026655554771423 | [-0.46] | -0.0209795609175199
-0.9111510515213013 | [-0.46] | -0.020960025385232995
-0.9180285930633545 | [-0.46] | -0.02078039466586177
-0.9232752919197083 | [-0.45] | -0.02044235190198196
-0.9268710017204285 | [-0.45] | -0.019949380771736518
-0.9287977814674377 | [-0.44] | -0.019306804223664646
-0.929039716720581 | [-0.43] | -0.018521863392942182
-0.9275826215744019 | [-0.42] | -0.01760378532493716
-0.9244141578674316 | [-0.41] | -0.016563879277120892
-0.9195238351821899 | [-0.39] | -0.015415603672484623
-0.9129036068916321 | [-0.38] | -0.014174650408203591
-0.9045482873916626 | [-0.36] | -0.012858966008519133
-0.8944563269615173 | [-0.34] | -0.011488739181665762
-0.8826306462287903 | [-0.32] | -0.010086311623512426
-0.8690798878669739 | [-0.29] | -0.008676020326877807
-0.8538194894790649 | [-0.27] | -0.007283913721902857
-0.836872935295105 | [-0.24] | -0.0059373571928404
-0.8182732462882996 | [-0.22] | -0.004664520406920149
-0.7980642914772034 | [-0.19] | -0.0034937228354527832
-0.7763020396232605 | [-0.16] | -0.002452661915631764
-0.7530558705329895 | [-0.13] | -0.0015675495130824239
-0.7284092903137207 | [-0.09] | -0.0008621688501534235
-0.702460765838623 | [-0.06] | -0.00035693178788299013
-0.6753238439559937 | [-0.03] | -6.796798945268336e-05
-0.6471269726753235 | [0.01] | -6.329620288001662e-06
-0.6180127263069153 | [0.04] | -0.00017737132387802496
-0.5881366729736328 | [0.08] | -0.000580365020684013
-0.5576653480529785 | [0.11] | -0.0012083967957130294
-0.5267740488052368 | [0.14] | -0.0020485652167256062
-0.4956442415714264 | [0.18] | -0.0030824715333877062
-0.46446049213409424 | [0.21] | -0.004286974775374444
-0.43340739607810974 | [0.24] | -0.005635149280166358
-0.4026664197444916 | [0.27] | -0.0070973717771316645
-0.3724130690097809 | [0.29] | -0.008642448220099427
-0.3428141474723816 | [0.32] | -0.010238713016419057
-0.3140256404876709 | [0.34] | -0.011855014542378873
-0.2861909568309784 | [0.37] | -0.013461551075218898
-0.25943970680236816 | [0.39] | -0.015030520946033025
-0.23388715088367462 | [0.41] | -0.016536574820185716
-0.20963405072689056 | [0.42] | -0.017957085136119082
-0.18676699697971344 | [0.44] | -0.0192722579200165
-0.16535918414592743 | [0.45] | -0.02046511180405034
-0.14547142386436462 | [0.46] | -0.02152136169856761
-0.12715348601341248 | [0.47] | -0.022429237739618687
-0.11044546216726303 | [0.48] | -0.02317928208689292
-0.0953792855143547 | [0.49] | -0.02376413141651809
-0.08198023587465286 | [0.49] | -0.02417831860384503
-0.07026838511228561 | [0.49] | -0.02441810490379569
-0.060259971767663956 | [0.49] | -0.02448134842784719
-0.051968637853860855 | [0.49] | -0.024367422340760014
-0.0454065315425396 | [0.49] | -0.024077181637733144
-0.0405852384865284 | [0.49] | -0.023612977804254583
-0.03751654177904129 | [0.48] | -0.02297872489133931
-0.0362129844725132 | [0.47] | -0.02218000979017882
-0.03668825328350067 | [0.46] | -0.02122424282190376
-0.038957349956035614 | [0.45] | -0.020120842717186352
-0.04303654655814171 | [0.43] | -0.01888144672065227
-0.04894314333796501 | [0.42] | -0.01752013192988492
-0.056694984436035156 | [0.4] | -0.016053635626695636
-0.06630975008010864 | [0.38] | -0.01450155357944456
-0.07780399918556213 | [0.36] | -0.012886495040040588
-0.09119198471307755 | [0.34] | -0.011234166701495863
-0.10648424178361893 | [0.31] | -0.009573353621903924
-0.12368590384721756 | [0.28] | -0.007935768733243477
-0.14279486238956451 | [0.25] | -0.006355735198754144
-0.16379976272583008 | [0.22] | -0.004869669890013523
-0.18667784333229065 | [0.19] | -0.003515353291888858
-0.21139277517795563 | [0.15] | -0.0023309692315865442
-0.23789258301258087 | [0.12] | -0.0013539287295395138
-0.2661077678203583 | [0.08] | -0.0006195071608973455
-0.29594963788986206 | [0.04] | -0.00015936076184047167
-0.32730934023857117 | [0.] | -4.50612506509851e-09
-0.3600572645664215 | [-0.04] | -0.00016137036432551378
-0.3940434157848358 | [-0.08] | -0.0006555681893918365
-0.4290983974933624 | [-0.12] | -0.0014859794291932973
-0.4650355279445648 | [-0.16] | -0.002646793993337261
-0.5016536712646484 | [-0.2] | -0.0041230665821305745
-0.538740873336792 | [-0.24] | -0.00589131640855968
-0.5760785937309265 | [-0.28] | -0.007920628815802433
-0.6134465336799622 | [-0.32] | -0.010174188609026504
-0.6506271958351135 | [-0.36] | -0.012611070749509193
-0.6874107122421265 | [-0.39] | -0.015188163945545003
-0.7235990762710571 | [-0.42] | -0.01786203229255817
-0.7590097784996033 | [-0.45] | -0.02059059235502453
-0.7934786677360535 | [-0.48] | -0.023334472362824377
-0.826862096786499 | [-0.51] | -0.026058045106809164
-0.8590377569198608 | [-0.54] | -0.028730023347292244
-0.8899052739143372 | [-0.56] | -0.03132378701772766
-0.9193854928016663 | [-0.58] | -0.03381733823585533
-0.9474195241928101 | [-0.6] | -0.03619308149097409
-0.9739671349525452 | [-0.62] | -0.03843741437059625
-0.9990048408508301 | [-0.64] | -0.0405402377014728
-1.0225236415863037 | [-0.65] | -0.0424944003174117
-1.0445271730422974 | [-0.67] | -0.044295209424027815
-1.0650290250778198 | [-0.68] | -0.04593986315370916
-1.084051251411438 | [-0.69] | -0.04742707470130233
-1.1016217470169067 | [-0.7] | -0.04875658765261687
-1.1177728176116943 | [-0.71] | -0.04992888550783142
-1.1325396299362183 | [-0.71] | -0.05094491726108907
-1.1459585428237915 | [-0.72] | -0.051805832507926565
-1.1580660343170166 | [-0.72] | -0.052512824553241334
-1.1688975095748901 | [-0.73] | -0.05306697030295791
-1.1784864664077759 | [-0.73] | -0.053469135888703404
-1.186863660812378 | [-0.73] | -0.05371989145853905
-1.1940566301345825 | [-0.73] | -0.05381948961836663
-1.2000000476837158 | [-0.7] | -0.049000006675720444
-1.198808193206787 | [-0.69] | -0.04792138924261382
-1.1964088678359985 | [-0.68] | -0.04667792136670658
-1.192780613899231 | [-0.67] | -0.04526940279967678
-1.1878962516784668 | [-0.66] | -0.043696402728321995
-1.18172287940979 | [-0.65] | -0.04196053230651325
-1.1742219924926758 | [-0.63] | -0.04006476662586367
-1.1653499603271484 | [-0.62] | -0.038013839098870614
-1.1550581455230713 | [-0.6] | -0.03581461834911936
-1.1432937383651733 | [-0.58] | -0.03347659031875084
-1.130000352859497 | [-0.56] | -0.031012312958453914
-1.1151190996170044 | [-0.53] | -0.02843791536542735
-1.0985894203186035 | [-0.51] | -0.025773532641932474
-1.0803509950637817 | [-0.48] | -0.02304378255989756
-1.060344934463501 | [-0.45] | -0.02027805565940015
-1.0385162830352783 | [-0.42] | -0.017510770947790327
-1.014816164970398 | [-0.38] | -0.01478137642054035
-0.9892045259475708 | [-0.35] | -0.012134116178836933
-0.9616531729698181 | [-0.31] | -0.009617479191415937
-0.9321488738059998 | [-0.27] | -0.007283257808216696
-0.9006968140602112 | [-0.23] | -0.005185203719419929
-0.8673238754272461 | [-0.18] | -0.0033772462738246994
-0.8320818543434143 | [-0.14] | -0.0019113277993794712
-0.7950499653816223 | [-0.09] | -0.0008349335622155355
-0.7563369274139404 | [-0.04] | -0.0001884895438008849
-0.7160819172859192 | [0.01] | -2.830941120776989e-06
-0.6744542121887207 | [0.05] | -0.00029700567802769565
-0.6316515803337097 | [0.1] | -0.0010766759611654467
-0.587897002696991 | [0.15] | -0.002333352600069347
-0.5434340238571167 | [0.2] | -0.0040446131801805466
-0.49852073192596436 | [0.25] | -0.006175346028177375
-0.45342257618904114 | [0.29] | -0.008679931774333528
-0.4084049463272095 | [0.34] | -0.01150512389152776
-0.3637253940105438 | [0.38] | -0.014593332492054994
-0.31962642073631287 | [0.42] | -0.017885959476760114
-0.2763291597366333 | [0.46] | -0.02132645745267772
-0.23402824997901917 | [0.5] | -0.02486286599261163
-0.19288814067840576 | [0.53] | -0.028449684914233078
-0.15304094552993774 | [0.57] | -0.032049032392554314
-0.11458567529916763 | [0.6] | -0.03563114944319931
-0.0775887593626976 | [0.63] | -0.03917436219454994
-0.04208558425307274 | [0.65] | -0.04266465668578384
-0.0080827372148633 | [0.68] | -0.04609499188454889
0.024439245462417603 | [0.7] | -0.049464516015161636
0.05552290752530098 | [0.73] | -0.05277776351821171
0.08523089438676834 | [0.75] | -0.056043915497873964
0.1136431023478508 | [0.77] | -0.05927617713270498
0.14085406064987183 | [0.79] | -0.06249129242049824
0.16697068512439728 | [0.81] | -0.0657092041877535
0.19211037456989288 | [0.83] | -0.06895286787706052
0.21639946103096008 | [0.85] | -0.07224820074441655
0.2399720996618271 | [0.87] | -0.07562418195574021
0.2629695236682892 | [0.89] | -0.07911308480143649
0.28553956747055054 | [0.91] | -0.08275084061139532
0.307836651802063 | [0.93] | -0.08657755284132722
0.3300218880176544 | [0.95] | -0.09063813725584705
0.35226359963417053 | [0.97] | -0.09498314222005799
0.37473800778388977 | [1.] | -0.09966973390648044
0.3976302444934845 | [1.02] | -0.10476289620833541
0.42110002040863037 | [1.05] | -0.11028861175599727
0.44531312584877014 | [1.08] | 99.88368696830334
Total reward: 94.55290912193892
1.0, 5.5, 0.5
parameter ends

state | action | reward
[-0.53] | [-0.03] | -0.0001053475809161597
-0.5324395298957825 | [-0.03] | -0.000104600052697447
-0.5324040055274963 | [-0.03] | -0.00010373932445212605
-0.5323507785797119 | [-0.03] | -0.0001027709595714222
-0.5322799682617188 | [-0.03] | -0.00010170102938331793
-0.5321919322013855 | [-0.03] | -0.00010053719922981002
-0.532086968421936 | [-0.03] | -9.9286730524102e-05
-0.5319656133651733 | [-0.03] | -9.795834335238813e-05
-0.5318284630775452 | [-0.03] | -9.656097881489376e-05
-0.5316762328147888 | [-0.03] | -9.510411309654286e-05
-0.5315096974372864 | [-0.03] | -9.359731499601127e-05
-0.5313296914100647 | [-0.03] | -9.205019587168922e-05
-0.531137228012085 | [-0.03] | -9.047307967980934e-05
-0.5309333801269531 | [-0.03] | -8.88761925995201e-05
-0.5307192206382751 | [-0.03] | -8.726927083021736e-05
-0.5304960012435913 | [-0.03] | -8.56625992855761e-05
-0.5302649140357971 | [-0.03] | -8.40655439209741e-05
-0.5300273299217224 | [-0.03] | -8.248795079066817e-05
-0.529784619808197 | [-0.03] | -8.093905543154488e-05
-0.5295382142066956 | [-0.03] | -7.942783246657293e-05
-0.5292895436286926 | [-0.03] | -7.796265613169547e-05
-0.5290400385856628 | [-0.03] | -7.655132811484548e-05
-0.5287912487983704 | [-0.03] | -7.520175868749003e-05
-0.5285446643829346 | [-0.03] | -7.392097993677831e-05
-0.5283017754554749 | [-0.03] | -7.271553406302751e-05
-0.5280640721321106 | [-0.03] | -7.159151278651742e-05
-0.5278329849243164 | [-0.03] | -7.05542875494498e-05
-0.5276100039482117 | [-0.03] | -6.960920607953192e-05
-0.5273965001106262 | [-0.03] | -6.876068134002501e-05
-0.5271938443183899 | [-0.03] | -6.801290060368927e-05
-0.5270033478736877 | [-0.03] | -6.736956133155921e-05
-0.5268262624740601 | [-0.03] | -6.683393244279957e-05
-0.5266637206077576 | [-0.03] | -6.640860513504685e-05
-0.526516854763031 | [-0.03] | -6.609617025149075e-05
-0.5263866782188416 | [-0.03] | -6.589863970139931e-05
-0.5262740850448608 | [-0.03] | -6.581749751947055e-05
-0.5261799097061157 | [-0.03] | -6.585404769346174e-05
-0.5261048674583435 | [-0.03] | -6.600913186786047e-05
-0.5260496139526367 | [-0.03] | -6.628346097760334e-05
-0.5260145664215088 | [-0.03] | -6.66767000204672e-05
-0.5260001420974731 | [-0.03] | -6.71887206002613e-05
-0.5260065793991089 | [-0.03] | -6.781865673599627e-05
-0.5260339975357056 | [-0.03] | -6.856520856269373e-05
-0.526082456111908 | [-0.03] | -6.942693597568901e-05
-0.5261518359184265 | [-0.03] | -7.040159960871152e-05
-0.5262418389320374 | [-0.03] | -7.14861276290879e-05
-0.5263521075248718 | [-0.03] | -7.267721808531835e-05
-0.5264821648597717 | [-0.03] | -7.397097513197687e-05
-0.5266314148902893 | [-0.03] | -7.536286425019218e-05
-0.5267990827560425 | [-0.03] | -7.684733689272826e-05
-0.5269843339920044 | [-0.03] | -7.841844739829725e-05
-0.5271862149238586 | [-0.03] | -8.006947534863355e-05
-0.5274036526679993 | [-0.03] | -8.179288545681024e-05
-0.5276354551315308 | [-0.03] | -8.358028829498855e-05
-0.5278803110122681 | [-0.03] | -8.54224085094488e-05
-0.5281369090080261 | [-0.03] | -8.730976217390739e-05
-0.5284038186073303 | [-0.03] | -8.923193926798419e-05
-0.5286794900894165 | [-0.03] | -9.117759223024442e-05
-0.5289623141288757 | [-0.03] | -9.313479633686339e-05
-0.5292507410049438 | [-0.03] | -9.509179814848987e-05
-0.5295429825782776 | [-0.03] | -9.703519122420247e-05
-0.529837429523468 | [-0.03] | -9.895255433053086e-05
-0.5301322340965271 | [-0.03] | -0.00010082986064700307
-0.5304256677627563 | [-0.03] | -0.00010265380188315644
-0.5307160019874573 | [-0.03] | -0.00010441108089407857
-0.5310013890266418 | [-0.03] | -0.00010608770152320621
-0.5312801599502563 | [-0.03] | -0.0001076709830131178
-0.5315505266189575 | [-0.03] | -0.00010914766652198348
-0.5318108201026917 | [-0.03] | -0.00011050557109419074
-0.532059371471405 | [-0.03] | -0.00011173286684995832
-0.5322946310043335 | [-0.03] | -0.00011281895050142647
-0.5325150489807129 | [-0.03] | -0.00011375369947683655
-0.5327191948890686 | [-0.03] | -0.0001145283457652049
-0.5329056978225708 | [-0.03] | -0.00011513511876518623
-0.5330733060836792 | [-0.03] | -0.00011556769711047139
-0.5332208871841431 | [-0.03] | -0.00011582123745563284
-0.5333473682403564 | [-0.03] | -0.00011589198413795163
-0.5334517955780029 | [-0.03] | -0.00011577769105781578
-0.5335333943367004 | [-0.03] | -0.00011547802232175105
-0.5335914492607117 | [-0.03] | -0.00011499370604374077
-0.5336254239082336 | [-0.03] | -0.00011432732520588572
-0.5336349606513977 | [-0.03] | -0.00011348325311433389
-0.53361976146698 | [-0.03] | -0.00011246677400891874
-0.5335797071456909 | [-0.03] | -0.00011128483064732707
-0.5335148572921753 | [-0.03] | -0.00010994592121949068
-0.5334253907203674 | [-0.03] | -0.00010845959179227945
-0.5333116054534912 | [-0.03] | -0.00010683633771662066
-0.5331740379333496 | [-0.03] | -0.00010508827274200671
-0.5330132842063904 | [-0.03] | -0.000103227812378345
-0.5328301191329956 | [-0.03] | -0.00010126834931314172
-0.5326254367828369 | [-0.03] | -9.92237333768306e-05
-0.5324003100395203 | [-0.03] | -9.710852796134667e-05
-0.5321559309959412 | [-0.03] | -9.493750089588158e-05
-0.5318936109542847 | [-0.03] | -9.272551287694384e-05
-0.5316147804260254 | [-0.03] | -9.048741752652994e-05
-0.5313209295272827 | [-0.03] | -8.823761324462876e-05
-0.5310137271881104 | [-0.03] | -8.599068726922862e-05
-0.5306949019432068 | [-0.03] | -8.376061576853973e-05
-0.5303663015365601 | [-0.03] | -8.156107449765166e-05
-0.5300297737121582 | [-0.03] | -7.940471017977562e-05
-0.5296872854232788 | [-0.03] | -7.730383034242134e-05
-0.5293408632278442 | [-0.03] | -7.527004337379004e-05
-0.5289924740791321 | [-0.03] | -7.33136310209822e-05
-0.5286442637443542 | [-0.03] | -7.144490835565007e-05
-0.5282983183860779 | [-0.03] | -6.967294077649197e-05
-0.5279567241668701 | [-0.03] | -6.80059603445374e-05
-0.5276215672492981 | [-0.03] | -6.64514483231306e-05
-0.5272948741912842 | [-0.03] | -6.501591845056437e-05
-0.5269787311553955 | [-0.03] | -6.370563638360067e-05
-0.5266751050949097 | [-0.03] | -6.252579466463548e-05
-0.5263859033584595 | [-0.02] | -6.148095003423494e-05
-0.526112973690033 | [-0.02] | -6.057513681601256e-05
-0.5258581638336182 | [-0.02] | -5.981226594111732e-05
-0.525623083114624 | [-0.02] | -5.919505112832785e-05
-0.5254092812538147 | [-0.02] | -5.8726018882084074e-05
-0.5252182483673096 | [-0.02] | -5.840758833300698e-05
-0.5250513553619385 | [-0.02] | -5.824185412132314e-05
-0.5249097347259521 | [-0.02] | -5.82300812958995e-05
-0.5247945189476013 | [-0.02] | -5.837392904832573e-05
-0.5247065424919128 | [-0.02] | -5.867402711622378e-05
-0.5246465802192688 | [-0.02] | -5.913117272791724e-05
-0.5246152281761169 | [-0.02] | -5.97457444202427e-05
-0.5246129631996155 | [-0.02] | -6.051798436098416e-05
-0.5246399641036987 | [-0.02] | -6.14470841774941e-05
-0.5246963500976562 | [-0.03] | -6.253232778285246e-05
-0.5247820019721985 | [-0.03] | -6.377213358171778e-05
-0.5248966813087463 | [-0.03] | -6.516458467550635e-05
-0.5250399112701416 | [-0.03] | -6.670673498105877e-05
-0.5252110958099365 | [-0.03] | -6.839513185173345e-05
-0.5254094004631042 | [-0.03] | -7.022509258846546e-05
-0.5256338715553284 | [-0.03] | -7.21912306380754e-05
-0.5258833765983582 | [-0.03] | -7.42870361654271e-05
-0.5261566042900085 | [-0.03] | -7.650477198583176e-05
-0.5264521837234497 | [-0.03] | -7.883604357317664e-05
-0.5267684459686279 | [-0.03] | -8.127037302524115e-05
-0.5271037220954895 | [-0.03] | -8.37968110555236e-05
-0.5274561047554016 | [-0.03] | -8.640250786443434e-05
-0.5278236865997314 | [-0.03] | -8.907405648692308e-05
-0.5282043218612671 | [-0.03] | -9.179605036197705e-05
-0.5285958647727966 | [-0.03] | -9.455250151272917e-05
-0.5289960503578186 | [-0.03] | -9.73261318589038e-05
-0.5294025540351868 | [-0.03] | -0.00010009876337918697
-0.5298129916191101 | [-0.03] | -0.00010285137037577974
-0.5302249193191528 | [-0.03] | -0.0001055641456298559
-0.5306358933448792 | [-0.03] | -0.00010821696992090529
-0.5310434699058533 | [-0.03] | -0.00011078951975755435
-0.5314451456069946 | [-0.03] | -0.00011326098193654164
-0.5318384170532227 | [-0.03] | -0.00011561057554702048
-0.5322209000587463 | [-0.03] | -0.00011781850639352721
-0.5325902104377747 | [-0.03] | -0.00011986528813625642
-0.5329440236091614 | [-0.03] | -0.0001217322994277255
-0.5332801342010498 | [-0.04] | -0.00012340234183130298
-0.5335963368415833 | [-0.04] | -0.0001248589338007572
-0.5338905453681946 | [-0.04] | -0.0001260872853420414
-0.534160852432251 | [-0.04] | -0.00012707483865118867
-0.5344054102897644 | [-0.04] | -0.00012781050684491303
-0.5346225500106812 | [-0.04] | -0.00012828561930182858
-0.5348107814788818 | [-0.04] | -0.00012849397074181398
-0.5349687337875366 | [-0.04] | -0.0001284314214524761
-0.5350951552391052 | [-0.04] | -0.0001280959136498308
-0.5351890325546265 | [-0.04] | -0.00012748832055678067
-0.5352495908737183 | [-0.04] | -0.00012661238164948078
-0.5352761745452881 | [-0.04] | -0.0001254737619346871
-0.5352683067321777 | [-0.04] | -0.00012408039732218233
-0.5352257490158081 | [-0.03] | -0.00012244279302161217
-0.5351485013961792 | [-0.03] | -0.00012057385484665729
-0.5350367426872253 | [-0.03] | -0.00011848828611855819
-0.5348908305168152 | [-0.03] | -0.00011620240794821076
-0.5347114205360413 | [-0.03] | -0.00011373477013049984
-0.5344992280006409 | [-0.03] | -0.00011110428631593221
-0.53425532579422 | [-0.03] | -0.00010833205611570634
-0.5339809060096741 | [-0.03] | -0.00010543948629962588
-0.533677339553833 | [-0.03] | -0.00010244849406714962
-0.5333461761474609 | [-0.03] | -9.938128827311246e-05
-0.5329892039299011 | [-0.03] | -9.626053752667294e-05
-0.5326083302497864 | [-0.03] | -9.310839514600828e-05
-0.5322057008743286 | [-0.03] | -8.994707483517308e-05
-0.5317835211753845 | [-0.03] | -8.679758049172061e-05
-0.5313441157341003 | [-0.03] | -8.367998914706116e-05
-0.5308900475502014 | [-0.03] | -8.06140345276271e-05
-0.5304238796234131 | [-0.03] | -7.761763024563392e-05
-0.5299482941627502 | [-0.03] | -7.470756112467822e-05
-0.5294660925865173 | [-0.03] | -7.189946265651874e-05
-0.5289801359176636 | [-0.03] | -6.920751011046737e-05
-0.5284932851791382 | [-0.03] | -6.664417670490816e-05
-0.5280084609985352 | [-0.03] | -6.42206629911471e-05
-0.5275285243988037 | [-0.02] | -6.19464067820817e-05
-0.5270564556121826 | [-0.02] | -5.983015044498117e-05
-0.5265951752662659 | [-0.02] | -5.787917938267013e-05
-0.5261474847793579 | [-0.02] | -5.609925390371323e-05
-0.525716245174408 | [-0.02] | -5.449568922891388e-05
-0.5253041386604309 | [-0.02] | -5.307241425087432e-05
-0.5249137878417969 | [-0.02] | -5.183277759617772e-05
-0.5245476961135864 | [-0.02] | -5.0779482693053384e-05
-0.5242083072662354 | [-0.02] | -4.991506496148645e-05
-0.5238978862762451 | [-0.02] | -4.924153740089087e-05
-0.5236184597015381 | [-0.02] | -4.87603262493843e-05
-0.5233720541000366 | [-0.02] | -4.847349606976876e-05
-0.5231603384017944 | [-0.02] | -4.838227671709216e-05
-0.5229849219322205 | [-0.02] | -4.848851307416127e-05
-0.5228471159934998 | [-0.02] | -4.8793668045715994e-05
-0.5227481126785278 | [-0.02] | -4.92996658164975e-05
-0.5226888060569763 | [-0.02] | -5.000809742530273e-05
-0.5226698517799377 | [-0.02] | -5.092046248538751e-05
-0.5226917266845703 | [-0.02] | -5.203837701918939e-05
-0.5227546095848083 | [-0.02] | -5.3362934112587406e-05
-0.5228584408760071 | [-0.02] | -5.4894850842513584e-05
-0.5230029821395874 | [-0.02] | -5.663459881171301e-05
-0.5231876969337463 | [-0.02] | -5.858166651503343e-05
-0.5234118103981018 | [-0.02] | -6.073464728969898e-05
-0.5236743092536926 | [-0.03] | -6.309103041968822e-05
-0.5239738821983337 | [-0.03] | -6.564667958383402e-05
-0.5243090987205505 | [-0.03] | -6.839652637571743e-05
-0.5246782302856445 | [-0.03] | -7.133343782894526e-05
-0.5250793099403381 | [-0.03] | -7.44483022371901e-05
-0.5255101919174194 | [-0.03] | -7.773016147927761e-05
-0.5259685516357422 | [-0.03] | -8.116604204698979e-05
-0.5264518857002258 | [-0.03] | -8.474081617129557e-05
-0.5269575119018555 | [-0.03] | -8.843707961962463e-05
-0.5274825692176819 | [-0.03] | -9.223506068961453e-05
-0.5280240178108215 | [-0.03] | -9.611255994343131e-05
-0.5285788178443909 | [-0.03] | -0.0001000460485414661
-0.5291436910629272 | [-0.03] | -0.0001040092097285868
-0.529715359210968 | [-0.03] | -0.00010797451682169866
-0.530290424823761 | [-0.03] | -0.00011191257937125015
-0.530865490436554 | [-0.03] | -0.00011579307189348107
-0.53143709897995 | [-0.03] | -0.00011958452560411676
-0.532001793384552 | [-0.04] | -0.0001232549341079966
-0.5325561165809631 | [-0.04] | -0.00012677200008712292
-0.5330967307090759 | [-0.04] | -0.00013010424436663486
-0.5336201786994934 | [-0.04] | -0.00013321954999230716
-0.5341232419013977 | [-0.04] | -0.00013608805701858983
-0.534602701663971 | [-0.04] | -0.00013868068640148342
-0.5350555181503296 | [-0.04] | -0.0001409707490576898
-0.5354787707328796 | [-0.04] | -0.00014293376169770356
-0.5358696579933167 | [-0.04] | -0.0001445476841311565
-0.5362255573272705 | [-0.04] | -0.00014579359257457547
-0.5365440249443054 | [-0.04] | -0.00014665586220007272
-0.5368228554725647 | [-0.04] | -0.00014712277026370706
-0.5370600819587708 | [-0.04] | -0.00014718658824810772
-0.5372539162635803 | [-0.04] | -0.00014684316789415031
-0.537402868270874 | [-0.04] | -0.00014609287011991794
-0.5375056266784668 | [-0.04] | -0.0001449395837430235
-0.5375612378120422 | [-0.04] | -0.00014339200481773692
-0.537568986415863 | [-0.04] | -0.00014146253917522093
-0.537528395652771 | [-0.04] | -0.0001391671064879579
-0.5374392867088318 | [-0.04] | -0.0001365253456205962
-0.5373018383979797 | [-0.04] | -0.0001335607409285876
-0.5371164679527283 | [-0.04] | -0.00013029937365235467
-0.5368838906288147 | [-0.04] | -0.00012677000408273386
-0.5366051197052002 | [-0.04] | -0.0001230036628173105
-0.536281406879425 | [-0.03] | -0.00011903281536234834
-0.5359143614768982 | [-0.03] | -0.0001148917748878202
-0.5355058312416077 | [-0.03] | -0.00011061541670716005
-0.5350579023361206 | [-0.03] | -0.00010623878341555138
-0.534572958946228 | [-0.03] | -0.00010179708242110831
-0.5340535640716553 | [-0.03] | -9.732452278563343e-05
-0.5335025787353516 | [-0.03] | -9.285475418785087e-05
-0.5329230427742004 | [-0.03] | -8.84197879370595e-05
-0.5323181748390198 | [-0.03] | -8.404977235499111e-05
-0.5316913723945618 | [-0.03] | -7.977280891683013e-05
-0.5310462713241577 | [-0.03] | -7.561513592292998e-05
-0.5303865671157837 | [-0.03] | -7.160001392777548e-05
-0.5297160744667053 | [-0.03] | -6.774809455307934e-05
-0.5290387868881226 | [-0.03] | -6.40777690526124e-05
-0.5283586382865906 | [-0.02] | -6.060402621977713e-05
-0.5276797413825989 | [-0.02] | -5.733988426714328e-05
-0.5270061492919922 | [-0.02] | -5.4295396619516006e-05
-0.52634197473526 | [-0.02] | -5.147854015628714e-05
-0.5256912112236023 | [-0.02] | -4.889470453682293e-05
-0.5250579714775085 | [-0.02] | -4.6548148864794775e-05
-0.5244461297988892 | [-0.02] | -4.444077480187817e-05
-0.5238595604896545 | [-0.02] | -4.2573621115218564e-05
-0.5233019590377808 | [-0.02] | -4.094650436120539e-05
-0.5227769613265991 | [-0.02] | -3.9558940246792456e-05
-0.5222879648208618 | [-0.02] | -3.840980920199679e-05
-0.5218381881713867 | [-0.02] | -3.749800536894401e-05
-0.5214306712150574 | [-0.02] | -3.6822788691286814e-05
-0.5210682153701782 | [-0.02] | -3.638386131564705e-05
-0.5207533240318298 | [-0.02] | -3.618141291883958e-05
-0.5204883217811584 | [-0.02] | -3.62167935225712e-05
-0.5202751755714417 | [-0.02] | -3.6491971170169864e-05
-0.5201156139373779 | [-0.02] | -3.7010084027437806e-05
-0.5200110077857971 | [-0.02] | -3.7774994395394885e-05
-0.51996248960495 | [-0.02] | -3.8791705079503777e-05
-0.5199707746505737 | [-0.02] | -4.006553717104019e-05
-0.5200362801551819 | [-0.02] | -4.1602415848234996e-05
-0.520159125328064 | [-0.02] | -4.34086310990017e-05
-0.5203390121459961 | [-0.02] | -4.549004130904211e-05
-0.5205753445625305 | [-0.02] | -4.785221579045503e-05
-0.5208671689033508 | [-0.02] | -5.049979048705229e-05
-0.521213173866272 | [-0.02] | -5.343603768818462e-05
-0.521611750125885 | [-0.02] | -5.666269214298265e-05
-0.5220609307289124 | [-0.02] | -6.017922343165517e-05
-0.5225584506988525 | [-0.03] | -6.398266139377868e-05
-0.5231016874313354 | [-0.03] | -6.80668609908978e-05
-0.5236878395080566 | [-0.03] | -7.242300649093192e-05
-0.5243136882781982 | [-0.03] | -7.703798757243025e-05
-0.5249757766723633 | [-0.03] | -8.189499129294133e-05
-0.5256704688072205 | [-0.03] | -8.697358622216835e-05
-0.5263938903808594 | [-0.03] | -9.224919445372632e-05
-0.5271418690681458 | [-0.03] | -9.769255057871913e-05
-0.5279101729393005 | [-0.03] | -0.0001032711064667994
-0.5286943316459656 | [-0.03] | -0.00010894792917785518
-0.5294898152351379 | [-0.03] | -0.00011468295047475275
-0.5302919149398804 | [-0.03] | -0.00012043234334669349
-0.5310958623886108 | [-0.04] | -0.00012614956520448623
-0.5318968296051025 | [-0.04] | -0.00013178568518354642
-0.5326900482177734 | [-0.04] | -0.0001372906373545355
-0.5334706902503967 | [-0.04] | -0.00014261280056299938
-0.5342339277267456 | [-0.04] | -0.00014769989784997075
-0.5349750518798828 | [-0.04] | -0.0001525004409180588
-0.5356894731521606 | [-0.04] | -0.00015696429013921582
-0.5363726615905762 | [-0.04] | -0.00016104273443894997
-0.5370202660560608 | [-0.04] | -0.00016468998945797243
-0.5376281142234802 | [-0.04] | -0.00016786373725510124
-0.5381922125816345 | [-0.04] | -0.0001705256247831659
-0.5387088656425476 | [-0.04] | -0.00017264271081527668
-0.5391745567321777 | [-0.04] | -0.00017418686056473503
-0.539586067199707 | [-0.04] | -0.0001751360750129188
-0.5399404764175415 | [-0.04] | -0.00017547473737398672
-0.5402352213859558 | [-0.04] | -0.00017519427061696736
-0.5404680371284485 | [-0.04] | -0.00017429268691146577
-0.5406369566917419 | [-0.04] | -0.00017277455934835008
-0.5407405495643616 | [-0.04] | -0.00017065288213833957
-0.5407775640487671 | [-0.04] | -0.00016794579890461937
-0.5407472848892212 | [-0.04] | -0.0001646792803233508
-0.5406492948532104 | [-0.04] | -0.00016088467272741213
-0.5404836535453796 | [-0.04] | -0.00015659965380780664
-0.5402507781982422 | [-0.04] | -0.00015186663492660314
-0.5399515628814697 | [-0.04] | -0.0001467330343729258
-0.5395871996879578 | [-0.04] | -0.00014124913185604188
-0.53915935754776 | [-0.04] | -0.00013546871207998642
-0.5386700630187988 | [-0.04] | -0.00012944732666238492
-0.5381217002868652 | [-0.04] | -0.00012324152621953868
-0.5375171303749084 | [-0.03] | -0.00011690890342338231
-0.5368594527244568 | [-0.03] | -0.0001105056123088656
-0.5361522436141968 | [-0.03] | -0.00010408731839834857
-0.535399317741394 | [-0.03] | -9.77068712117647e-05
-0.5346047878265381 | [-0.03] | -9.141417361306826e-05
-0.5337730646133423 | [-0.03] | -8.525567876079258e-05
-0.5329088568687439 | [-0.03] | -7.927395770909978e-05
-0.5320170521736145 | [-0.03] | -7.350670306914243e-05
-0.5311027765274048 | [-0.03] | -6.798692295707379e-05
-0.5301713347434998 | [-0.03] | -6.274253161184544e-05
-0.5292282104492188 | [-0.02] | -5.7796412116781e-05
-0.5282788872718811 | [-0.02] | -5.316573113705052e-05
-0.5273290872573853 | [-0.02] | -4.8863424733586344e-05
-0.5263844728469849 | [-0.02] | -4.489717312443047e-05
-0.5254507064819336 | [-0.02] | -4.1270275480006146e-05
-0.5245335698127747 | [-0.02] | -3.798272819396211e-05
-0.5236386060714722 | [-0.02] | -3.503043695702364e-05
-0.522771418094635 | [-0.02] | -3.2407197350666906e-05
-0.5219374299049377 | [-0.02] | -3.0104525992065125e-05
-0.5211419463157654 | [-0.02] | -2.811271073994986e-05
-0.5203900337219238 | [-0.02] | -2.642121022666378e-05
-0.5196865797042847 | [-0.02] | -2.5019670950285947e-05
-0.5190361738204956 | [-0.02] | -2.389828897054796e-05
-0.51844322681427 | [-0.02] | -2.304889742083266e-05
-0.5179116725921631 | [-0.01] | -2.24646664784641e-05
-0.5174452662467957 | [-0.01] | -2.2141575686760852e-05
-0.5170473456382751 | [-0.01] | -2.2078106127023264e-05
-0.5167208313941956 | [-0.01] | -2.2275569698249105e-05
-0.5164682865142822 | [-0.02] | -2.2738480330474825e-05
-0.5162918567657471 | [-0.02] | -2.3474433373863918e-05
-0.5161932110786438 | [-0.02] | -2.449384761953109e-05
-0.5161735415458679 | [-0.02] | -2.5809746270016808e-05
-0.5162336826324463 | [-0.02] | -2.7437796602642908e-05
-0.516373872756958 | [-0.02] | -2.9395067364532385e-05
-0.5165939927101135 | [-0.02] | -3.1700234865053436e-05
-0.5168933272361755 | [-0.02] | -3.437207707837419e-05
-0.5172707438468933 | [-0.02] | -3.742931873959953e-05
-0.5177246332168579 | [-0.02] | -4.088958495321318e-05
-0.5182529091835022 | [-0.02] | -4.476850752806155e-05
-0.5188530683517456 | [-0.02] | -4.907906147735494e-05
-0.5195220112800598 | [-0.02] | -5.382984717891311e-05
-0.5202563405036926 | [-0.02] | -5.9025490236447376e-05
-0.5210521817207336 | [-0.03] | -6.46649889257559e-05
-0.521905243396759 | [-0.03] | -7.07411632547371e-05
-0.5228109359741211 | [-0.03] | -7.72405740755447e-05
-0.5237641930580139 | [-0.03] | -8.414193710316107e-05
-0.5247597694396973 | [-0.03] | -9.141728988684181e-05
-0.5257919430732727 | [-0.03] | -9.902989598416254e-05
-0.5268548727035522 | [-0.03] | -0.0001069361750206331
-0.5279424786567688 | [-0.03] | -0.0001150849650713659
-0.5290483832359314 | [-0.04] | -0.00012341718149284835
-0.5301660895347595 | [-0.04] | -0.00013186724990688176
-0.5312890410423279 | [-0.04] | -0.00014036400641672249
-0.5324105024337769 | [-0.04] | -0.0001488303656419757
-0.5335237383842468 | [-0.04] | -0.00015718534103834885
-0.5346220135688782 | [-0.04] | -0.00016534488154251606
-0.535698652267456 | [-0.04] | -0.00017322328673073135
-0.5367469787597656 | [-0.04] | -0.00018073367550892034
-0.5377604961395264 | [-0.04] | -0.00018779056219619378
-0.5387328267097473 | [-0.04] | -0.00019431042378810308
-0.5396578311920166 | [-0.04] | -0.00020021383606847544
-0.5405295491218567 | [-0.05] | -0.00020542601855750594
-0.5413423180580139 | [-0.05] | -0.00020987892469180656
-0.5420907735824585 | [-0.05] | -0.00021351218011312134
-0.5427699685096741 | [-0.05] | -0.00021627503892347063
-0.5433751940727234 | [-0.05] | -0.00021812542241962437
-0.5439022183418274 | [-0.05] | -0.00021903272526900037
-0.5443472862243652 | [-0.05] | -0.0002189782180991724
-0.5447070002555847 | [-0.05] | -0.0002179541389783542
-0.5449785590171814 | [-0.05] | -0.00021596598751637223
-0.5451595783233643 | [-0.05] | -0.0002130306531502139
-0.54524827003479 | [-0.05] | -0.00020917774145452997
-0.5452432632446289 | [-0.05] | -0.00020444734613737312
-0.5451439023017883 | [-0.04] | -0.00019889206043331416
-0.5449499487876892 | [-0.04] | -0.00019257328449925564
-0.5446617603302002 | [-0.04] | -0.00018556181596908464
-0.5442803502082825 | [-0.04] | -0.00017793709578287434
-0.5438072085380554 | [-0.04] | -0.0001697842773116254
-0.5432444214820862 | [-0.04] | -0.0001611938485819948
-0.5425945520401001 | [-0.04] | -0.0001522591572972158
-0.541860818862915 | [-0.04] | -0.00014307633584393722
-0.5410469770431519 | [-0.04] | -0.00013374174397073055
-0.5401571393013 | [-0.04] | -0.00012434918148121983
-0.5391960740089417 | [-0.03] | -0.00011499073427528337
-0.5381689667701721 | [-0.03] | -0.00010575362756454468
-0.5370813608169556 | [-0.03] | -9.67187376891734e-05
-0.5359393358230591 | [-0.03] | -8.796075524014818e-05
-0.5347492694854736 | [-0.03] | -7.954577442345089e-05
-0.5335178971290588 | [-0.03] | -7.153109622222301e-05
-0.5322522521018982 | [-0.03] | -6.396446987877302e-05
-0.5309596657752991 | [-0.02] | -5.688391062935325e-05
-0.5296476483345032 | [-0.02] | -5.0317146994289685e-05
-0.5283238887786865 | [-0.02] | -4.428197027259987e-05
-0.5269962549209595 | [-0.02] | -3.8786744791302624e-05
-0.5256726741790771 | [-0.02] | -3.383063098546357e-05
-0.5243611335754395 | [-0.02] | -2.9404565585248627e-05
-0.5230696201324463 | [-0.02] | -2.5492171459747238e-05
-0.521806001663208 | [-0.01] | -2.2070663940310927e-05
-0.520578145980835 | [-0.01] | -1.9112671010302433e-05
-0.5193936824798584 | [-0.01] | -1.658699120888473e-05
-0.5182600617408752 | [-0.01] | -1.4460389945852957e-05
-0.5171844959259033 | [-0.01] | -1.2699014082066156e-05
-0.5161739587783813 | [-0.01] | -1.1269934692585896e-05
-0.5152350068092346 | [-0.01] | -1.014224850822824e-05
-0.5143738985061646 | [-0.01] | -9.288755211575175e-06
-0.5135964155197144 | [-0.01] | -8.686846488448824e-06
-0.5129079222679138 | [-0.01] | -8.31973891978523e-06
-0.5123133063316345 | [-0.01] | -8.177253706913754e-06
-0.5118168592453003 | [-0.01] | -8.256283859363453e-06
-0.5114223957061768 | [-0.01] | -8.561452668214315e-06
-0.5111331343650818 | [-0.01] | -9.10507220935675e-06
-0.5109516382217407 | [-0.01] | -9.906945119614013e-06
-0.5108798742294312 | [-0.01] | -1.0994118730218569e-05
-0.5109192132949829 | [-0.01] | -1.2400279823372615e-05
-0.5110703706741333 | [-0.01] | -1.4164776724117011e-05
-0.5113332867622375 | [-0.01] | -1.6331219293035093e-05
-0.5117073655128479 | [-0.01] | -1.8946728880669963e-05
-0.5121912360191345 | [-0.01] | -2.2059847138371198e-05
-0.5127829313278198 | [-0.02] | -2.5719357506143713e-05
-0.5134797692298889 | [-0.02] | -2.9972183546654726e-05
-0.5142784714698792 | [-0.02] | -3.486193630142602e-05
-0.5151751041412354 | [-0.02] | -4.0426873998022943e-05
-0.516165018081665 | [-0.02] | -4.669777099394158e-05
-0.5172431468963623 | [-0.02] | -5.369736890538361e-05
-0.5184036493301392 | [-0.02] | -6.14371746476947e-05
-0.519640326499939 | [-0.03] | -6.991782990374282e-05
-0.5209463238716125 | [-0.03] | -7.912634514463137e-05
-0.5223144292831421 | [-0.03] | -8.903653909755915e-05
-0.5237368941307068 | [-0.03] | -9.960719155765706e-05
-0.525205671787262 | [-0.03] | -0.00011078287984393959
-0.5267123579978943 | [-0.03] | -0.00012249340527253558
-0.5282481908798218 | [-0.04] | -0.00013465376574132222
-0.5298041701316833 | [-0.04] | -0.00014716531386297336
-0.5313711762428284 | [-0.04] | -0.0001599173514387718
-0.5329398512840271 | [-0.04] | -0.00017278715865991245
-0.5345008373260498 | [-0.04] | -0.00018564314214708166
-0.536044716835022 | [-0.04] | -0.00019834585780100506
-0.5375620722770691 | [-0.05] | -0.00021075021125627628
-0.5390436053276062 | [-0.05] | -0.00022270840754573447
-0.5404801368713379 | [-0.05] | -0.00023407198149330636
-0.5418626666069031 | [-0.05] | -0.0002446944579036357
-0.5431824922561646 | [-0.05] | -0.0002544346669543448
-0.544431209564209 | [-0.05] | -0.00026315887610012706
-0.5456007122993469 | [-0.05] | -0.000270742833239206
-0.5466833710670471 | [-0.05] | -0.0002770755274703326
-0.5476719737052917 | [-0.05] | -0.0002820603227773923
-0.548559844493866 | [-0.05] | -0.00028561775532317065
-0.5493408441543579 | [-0.05] | -0.000287686792880698
-0.5500094294548035 | [-0.05] | -0.0002882264213618542
-0.550560712814331 | [-0.05] | -0.0002872169109828186
-0.5509903430938721 | [-0.05] | -0.00028465878100488725
-0.5512948036193848 | [-0.05] | -0.00028057593435091075
-0.5514712333679199 | [-0.05] | -0.00027501318307484045
-0.5515175461769104 | [-0.05] | -0.00026803665557255575
-0.5514323711395264 | [-0.05] | -0.0002597319045102657
-0.5512151122093201 | [-0.05] | -0.0002502029473579624
-0.5508660078048706 | [-0.05] | -0.00023957092089738237
-0.5503860712051392 | [-0.05] | -0.0002279712115090548
-0.5497770309448242 | [-0.05] | -0.00021555044919910322
-0.5490415096282959 | [-0.04] | -0.00020246555379174782
-0.5481828451156616 | [-0.04] | -0.00018887917859021218
-0.5472051501274109 | [-0.04] | -0.00017495740791197611
-0.5461133122444153 | [-0.04] | -0.0001608667967755218
-0.5449129343032837 | [-0.04] | -0.00014677096883407813
-0.5436102747917175 | [-0.04] | -0.00013282739723749634
-0.5422122478485107 | [-0.03] | -0.0001191848786908954
-0.5407264828681946 | [-0.03] | -0.0001059815490754531
-0.5391611456871033 | [-0.03] | -9.334149575090955e-05
-0.5375249981880188 | [-0.03] | -8.137344648080549e-05
-0.5358272194862366 | [-0.03] | -7.016831632020977e-05
-0.5340774655342102 | [-0.02] | -5.979871244047113e-05
-0.5322858095169067 | [-0.02] | -5.031806254422147e-05
-0.5304626822471619 | [-0.02] | -4.176024192800141e-05
-0.5286186933517456 | [-0.02] | -3.413924889816148e-05
-0.5267648100852966 | [-0.02] | -2.7450842871401197e-05
-0.5249119997024536 | [-0.01] | -2.167248344360862e-05
-0.5230714082717896 | [-0.01] | -1.6765764661257154e-05
-0.5212542414665222 | [-0.01] | -1.2678036427010666e-05
-0.5194715261459351 | [-0.01] | -9.344251585681032e-06
-0.5177342891693115 | [-0.01] | -6.690133792277274e-06
-0.5160532593727112 | [-0.01] | -4.634438505629375e-06
-0.514439046382904 | [-0.01] | -3.092302388106068e-06
-0.5129018425941467 | [-0.] | -1.977858434611547e-06
-0.5114515423774719 | [-0.] | -1.207475750722391e-06
-0.5100975632667542 | [-0.] | -7.02529025241024e-07
-0.5088487863540649 | [-0.] | -3.921941063152269e-07
-0.5077135562896729 | [-0.] | -2.160123530707344e-07
-0.5066996216773987 | [-0.] | -1.2610036165799363e-07
-0.5058140754699707 | [-0.] | -8.901051424618426e-08
-0.5050632357597351 | [-0.] | -8.717370101477343e-08
-0.5044527649879456 | [-0.] | -1.1992388157756673e-07
-0.5039874315261841 | [-0.] | -2.0395767310821212e-07
-0.5036712288856506 | [-0.] | -3.733467361148346e-07
-0.5035073161125183 | [-0.] | -6.790026911124278e-07
-0.5034978985786438 | [-0.] | -1.1875736402244033e-06
-0.5036443471908569 | [-0.] | -1.979944642117214e-06
-0.5039470195770264 | [-0.01] | -3.1490813238457905e-06
-0.5044053792953491 | [-0.01] | -4.797624992806894e-06
-0.5050179958343506 | [-0.01] | -7.035081360532327e-06
-0.5057824850082397 | [-0.01] | -9.974587992132551e-06
-0.5066955089569092 | [-0.01] | -1.3729458158692402e-05
-0.5077528357505798 | [-0.01] | -1.8409692937034585e-05
-0.508949339389801 | [-0.02] | -2.4118316456861436e-05
-0.5102789402008057 | [-0.02] | -3.094746390335372e-05
-0.5117348432540894 | [-0.02] | -3.8975541830007285e-05
-0.5133092999458313 | [-0.02] | -4.826298431610658e-05
-0.5149938464164734 | [-0.02] | -5.884991077312609e-05
-0.516779363155365 | [-0.03] | -7.07537028343195e-05
-0.5186558961868286 | [-0.03] | -8.396565899278478e-05
-0.5206129550933838 | [-0.03] | -9.845056405324631e-05
-0.5226394534111023 | [-0.03] | -0.00011414500738920876
-0.5247238278388977 | [-0.04] | -0.0001309573374459663
-0.5268540978431702 | [-0.04] | -0.00014876788976097137
-0.5290178060531616 | [-0.04] | -0.00016742889200055102
-0.5312022566795349 | [-0.04] | -0.00018676723593565706
-0.533394455909729 | [-0.05] | -0.0002065856587415458
-0.5355814099311829 | [-0.05] | -0.00022666751766224245
-0.5377499461174011 | [-0.05] | -0.0002467779534015403
-0.5398868918418884 | [-0.05] | -0.0002666686409828434
-0.5419791340827942 | [-0.05] | -0.00028608189381141533
-0.5440138578414917 | [-0.06] | -0.0003047570660715084
-0.5459783673286438 | [-0.06] | -0.00032243271759362866
-0.547860324382782 | [-0.06] | -0.00033885336198083795
-0.5496478080749512 | [-0.06] | -0.00035377434144280107
-0.5513293147087097 | [-0.06] | -0.0003669659109166181
-0.5528939962387085 | [-0.06] | -0.00037821999276442883
-0.5543314814567566 | [-0.06] | -0.0003873516011196848
-0.5556321144104004 | [-0.06] | -0.0003942049272915388
-0.5567870736122131 | [-0.06] | -0.0003986576288241191
-0.5577882528305054 | [-0.06] | -0.00040062142803908653
-0.5586283802986145 | [-0.06] | -0.0004000452004689833
-0.5593011379241943 | [-0.06] | -0.0003969173410223103
-0.5598011612892151 | [-0.06] | -0.0003912659209377887
-0.5601240396499634 | [-0.06] | -0.0003831580846017256
-0.560266375541687 | [-0.06] | -0.0003726994996640636
-0.560225784778595 | [-0.06] | -0.00036003233006949077
-0.5600010752677917 | [-0.06] | -0.00034533465217078904
-0.559592068195343 | [-0.06] | -0.00032881479693063734
-0.5589995980262756 | [-0.06] | -0.0003107074634204917
-0.5582257509231567 | [-0.05] | -0.0002912719505906948
-0.5572736263275146 | [-0.05] | -0.00027078437670905164
-0.5561473965644836 | [-0.05] | -0.0002495331731312089
-0.5548524260520935 | [-0.05] | -0.00022781473259842223
-0.5533949732780457 | [-0.05] | -0.00020592477997962542
-0.5517824292182922 | [-0.04] | -0.00018415522398390957
-0.550023078918457 | [-0.04] | -0.00016278645943648565
-0.5481262803077698 | [-0.04] | -0.0001420838022062825
-0.5461022257804871 | [-0.03] | -0.00012229064636393945
-0.5439620018005371 | [-0.03] | -0.00010362473987960503
-0.5417174100875854 | [-0.03] | -8.627330822316824e-05
-0.5393810868263245 | [-0.03] | -7.039094000800294e-05
-0.5369662046432495 | [-0.02] | -5.609562635057931e-05
-0.5344866514205933 | [-0.02] | -4.346850130324578e-05
-0.5319567322731018 | [-0.02] | -3.2551890189647995e-05
-0.5293911695480347 | [-0.02] | -2.334997159259139e-05
-0.5268051028251648 | [-0.01] | -1.5830097924427802e-05
-0.5242138504981995 | [-0.01] | -9.924263990383092e-06
-0.521632969379425 | [-0.01] | -5.532375308898152e-06
-0.5190779566764832 | [-0.01] | -2.5254988811476237e-06
-0.5165643692016602 | [-0.] | -7.506416777334493e-07
-0.5141076445579529 | [-0.] | -3.549897046361606e-08
-0.5117230415344238 | [0.] | -1.9388364634700974e-07
-0.5094254016876221 | [0.] | -1.0315514971941297e-06
-0.507229208946228 | [0.] | -2.352242234165671e-06
-0.5051484107971191 | [0.01] | -3.963746527100504e-06
-0.5031964778900146 | [0.01] | -5.6836724810853495e-06
-0.5013861656188965 | [0.01] | -7.345266922712805e-06
-0.4997294843196869 | [0.01] | -8.802659141382629e-06
-0.49823760986328125 | [0.01] | -9.935623610174796e-06
-0.49692079424858093 | [0.01] | -1.0653688197022747e-05
-0.4957883656024933 | [0.01] | -1.089927768505573e-05
-0.4948486089706421 | [0.01] | -1.0650235377124305e-05
-0.49410873651504517 | [0.01] | -9.92122722095466e-06
-0.4935748279094696 | [0.01] | -8.764219104776954e-06
-0.4932517409324646 | [0.01] | -7.267985901818433e-06
-0.49314314126968384 | [0.01] | -5.556352702108666e-06
-0.4932514727115631 | [0.01] | -3.7855862018719315e-06
-0.49357786774635315 | [0.] | -2.1408934026999958e-06
-0.494122177362442 | [0.] | -8.318336933678743e-07
-0.4948829412460327 | [0.] | -8.70222917948027e-08
-0.4958574175834656 | [-0.] | -1.4810562306230793e-07
-0.4970415234565735 | [-0.] | -1.2631931719178313e-06
-0.49842992424964905 | [-0.01] | -3.679870091366462e-06
-0.5000160336494446 | [-0.01] | -7.638021877173818e-06
-0.5017919540405273 | [-0.01] | -1.3362380604353025e-05
-0.5037486553192139 | [-0.01] | -2.1055560049571193e-05
-0.5058758854866028 | [-0.02] | -3.0890910410700926e-05
-0.5081623792648315 | [-0.02] | -4.300658773351263e-05
-0.5105956792831421 | [-0.02] | -5.749896629825705e-05
-0.5131624937057495 | [-0.03] | -7.441888238854669e-05
-0.5158484578132629 | [-0.03] | -9.376623730181335e-05
-0.5186384916305542 | [-0.03] | -0.00011548853838690063
-0.5215166807174683 | [-0.04] | -0.00013947807031614953
-0.5244665145874023 | [-0.04] | -0.00016557243740424646
-0.5274708867073059 | [-0.04] | -0.0001935548415421468
-0.5305122137069702 | [-0.05] | -0.00022315638912119782
-0.5335725545883179 | [-0.05] | -0.000254059734117137
-0.5366336703300476 | [-0.05] | -0.00028590338083688357
-0.5396772623062134 | [-0.06] | -0.0003182889187249016
-0.5426849722862244 | [-0.06] | -0.00035078696169703544
-0.5456384420394897 | [-0.06] | -0.00038294425471306165
-0.5485195517539978 | [-0.06] | -0.0004142937732088093
-0.5513104796409607 | [-0.07] | -0.00044436324748327864
-0.553993821144104 | [-0.07] | -0.0004726848019873456
-0.5565526485443115 | [-0.07] | -0.0004988038856525664
-0.5589706301689148 | [-0.07] | -0.0005222889649345099
-0.5612322092056274 | [-0.07] | -0.0005427418156508234
-0.5633226633071899 | [-0.07] | -0.0005598057813354649
-0.5652281045913696 | [-0.08] | -0.0005731722926171972
-0.5669357180595398 | [-0.08] | -0.0005825902396216773
-0.5684337019920349 | [-0.08] | -0.000587869812331126
-0.569711446762085 | [-0.08] | -0.0005888888483451997
-0.5707595944404602 | [-0.08] | -0.0005855961199718402
-0.5715699791908264 | [-0.08] | -0.0005780114159857989
-0.572135865688324 | [-0.08] | -0.0005662289068684055
-0.5724518895149231 | [-0.07] | -0.0005504143807511561
-0.5725141167640686 | [-0.07] | -0.0005308029779492964
-0.5723200440406799 | [-0.07] | -0.0005076946425669329
-0.5718687772750854 | [-0.07] | -0.0004814508330178713
-0.5711607933044434 | [-0.07] | -0.00045248396303604327
-0.5701982378959656 | [-0.06] | -0.000421253470516651
-0.5689846277236938 | [-0.06] | -0.0003882525851384192
-0.5675251483917236 | [-0.06] | -0.0003540024868494081
-0.565826416015625 | [-0.06] | -0.0003190387146180887
-0.5638965964317322 | [-0.05] | -0.00028390191132536324
-0.5617451667785645 | [-0.05] | -0.0002491243556047518
-0.5593831539154053 | [-0.05] | -0.00021522192022166363
-0.5568228363990784 | [-0.04] | -0.00018268069095449336
-0.5540778636932373 | [-0.04] | -0.00015194855485389216
-0.5511630773544312 | [-0.04] | -0.00012342484009856408
-0.5480945110321045 | [-0.03] | -9.745267886352579e-05
-0.5448892116546631 | [-0.03] | -7.431139407700497e-05
-0.5415652394294739 | [-0.02] | -5.4211700786855886e-05
-0.5381414890289307 | [-0.02] | -3.7291418187922624e-05
-0.5346376895904541 | [-0.02] | -2.3613871079902507e-05
-0.5310741662979126 | [-0.01] | -1.3167073459240282e-05
-0.5274717807769775 | [-0.01] | -5.865621697231238e-06
-0.5238518714904785 | [-0.] | -1.55413555813519e-06
-0.5202359557151794 | [-0.] | -1.2139665779034809e-08
-0.5166457891464233 | [0.] | -9.610977860231331e-07
-0.5131031274795532 | [0.01] | -4.072488454239932e-06
-0.5096296072006226 | [0.01] | -8.977373604190459e-06
-0.5062465667724609 | [0.01] | -1.5277081858074182e-05
-0.5029751062393188 | [0.02] | -2.255410838135296e-05
-0.49983566999435425 | [0.02] | -3.0384592636345704e-05
-0.4968481659889221 | [0.02] | -3.8349739019630195e-05
-0.494031697511673 | [0.02] | -4.604817890633315e-05
-0.4914045035839081 | [0.02] | -5.310732179163915e-05
-0.4889838397502899 | [0.02] | -5.919421497475073e-05
-0.4867858290672302 | [0.03] | -6.402566081754458e-05
-0.48482540249824524 | [0.03] | -6.73766977914692e-05
-0.48311617970466614 | [0.03] | -6.908797976746494e-05
-0.48167040944099426 | [0.03] | -6.907122889407519e-05
-0.4804988503456116 | [0.03] | -6.731325594339755e-05
-0.47961071133613586 | [0.03] | -6.38778089615831e-05
-0.4790136218070984 | [0.02] | -5.8905301816115306e-05
-0.4787135124206543 | [0.02] | -5.2611037694299364e-05
-0.47871461510658264 | [0.02] | -4.528085067299146e-05
-0.4790194034576416 | [0.02] | -3.7265143097140206e-05
-0.4796285927295685 | [0.02] | -2.8970864635310756e-05
-0.48054108023643494 | [0.01] | -2.0852081084310188e-05
-0.481753945350647 | [0.01] | -1.3398808247247853e-05
-0.48326244950294495 | [0.01] | -7.124617623805536e-06
-0.48506009578704834 | [0.01] | -2.5531994880959055e-06
-0.4871385395526886 | [0.] | -2.0448465733575681e-07
-0.48948773741722107 | [-0.] | -5.800421136931039e-07
-0.492095947265625 | [-0.01] | -4.148791962779123e-06
-0.49494972825050354 | [-0.01] | -1.133285919177956e-05
-0.4980340898036957 | [-0.01] | -2.2494289185053198e-05
-0.5013325214385986 | [-0.02] | -3.792278152253831e-05
-0.5048270225524902 | [-0.02] | -5.782453476983632e-05
-0.5084983110427856 | [-0.03] | -8.231351749677144e-05
-0.5123258233070374 | [-0.03] | -0.00011140389108037843
-0.5162879228591919 | [-0.04] | -0.0001450056208442103
-0.5203620195388794 | [-0.04] | -0.0001829222029061046
-0.5245245099067688 | [-0.05] | -0.0002248491206255269
-0.5287511944770813 | [-0.05] | -0.0002703787537650583
-0.5330172181129456 | [-0.06] | -0.00031900395591229815
-0.5372973680496216 | [-0.06] | -0.00037012732259797436
-0.5415660738945007 | [-0.07] | -0.00042306962271523526
-0.5457976460456848 | [-0.07] | -0.0004770829701455689
-0.5499664545059204 | [-0.07] | -0.0005313653528665196
-0.5540470480918884 | [-0.08] | -0.000585075894299593
-0.5580143332481384 | [-0.08] | -0.0006373521456691532
-0.5618436932563782 | [-0.08] | -0.0006873273917799646
-0.5655112266540527 | [-0.09] | -0.000734150248312194
-0.5689937472343445 | [-0.09] | -0.0007770005287451466
-0.572269082069397 | [-0.09] | -0.0008151097050622162
-0.5753161311149597 | [-0.09] | -0.0008477766853383638
-0.578114926815033 | [-0.09] | -0.0008743822638359697
-0.5806469321250916 | [-0.09] | -0.0008944067298535087
-0.582895040512085 | [-0.1] | -0.0009074400812619411
-0.584843635559082 | [-0.1] | -0.0009131913386167686
-0.5864788293838501 | [-0.1] | -0.0009114990146368677
-0.587788462638855 | [-0.09] | -0.0009023345653374168
-0.588762104511261 | [-0.09] | -0.0008858032714541509
-0.58939129114151 | [-0.09] | -0.0008621470912725542
-0.5896695256233215 | [-0.09] | -0.0008317400729273644
-0.5895922780036926 | [-0.09] | -0.0007950812371351956
-0.5891570448875427 | [-0.09] | -0.0007527860179625222
-0.5883634090423584 | [-0.08] | -0.0007055752132268043
-0.5872130990028381 | [-0.08] | -0.0006542615846680566
-0.5857099294662476 | [-0.08] | -0.0005997323782468591
-0.5838597416877747 | [-0.07] | -0.0005429304904521134
-0.5816705822944641 | [-0.07] | -0.00048483790895305985
-0.579152524471283 | [-0.07] | -0.00042645251624009854
-0.5763177275657654 | [-0.06] | -0.00036876822389848504
-0.5731802582740784 | [-0.06] | -0.0003127517316086846
-0.5697562098503113 | [-0.05] | -0.0002593236937626472
-0.5660634636878967 | [-0.05] | -0.00020933639562879713
-0.5621216893196106 | [-0.04] | -0.000163555946219099
-0.557952344417572 | [-0.04] | -0.0001226457612026574
-0.5535783171653748 | [-0.03] | -8.714973516722163e-05
-0.5490240454673767 | [-0.02] | -5.748209114590181e-05
-0.5443152189254761 | [-0.02] | -3.391718613266126e-05
-0.5394787192344666 | [-0.01] | -1.6584424624538353e-05
-0.5345425009727478 | [-0.01] | -5.4660551941536145e-06
-0.5295352935791016 | [-0.] | -3.9828861144787533e-07
-0.5244865417480469 | [0.] | -1.0767846206316025e-06
-0.5194262266159058 | [0.01] | -7.065155111674098e-06
-0.5143846273422241 | [0.01] | -1.7806977647646858e-05
-0.5093920826911926 | [0.02] | -3.264121382893348e-05
-0.5044789910316467 | [0.02] | -5.081947141700456e-05
-0.49967536330223083 | [0.03] | -7.15269627164074e-05
-0.4950109124183655 | [0.03] | -9.390316788549481e-05
-0.4905146360397339 | [0.03] | -0.00011706598673808145
-0.4862147569656372 | [0.04] | -0.00014013476256877767
-0.4821385145187378 | [0.04] | -0.00016225425174492864
-0.47831201553344727 | [0.04] | -0.00018261760717994908
-0.4747600257396698 | [0.04] | -0.00020048890366128206
-0.4715058505535126 | [0.05] | -0.00021522330173356658
-0.46857118606567383 | [0.05] | -0.00022628543445455396
-0.4659759998321533 | [0.05] | -0.00023326495075495822
-0.4637383818626404 | [0.05] | -0.00023588957406211076
-0.46187445521354675 | [0.05] | -0.00023403428498067072
-0.46039825677871704 | [0.05] | -0.00022772744506698928
-0.45932164788246155 | [0.05] | -0.0002171529512004426
-0.4586542546749115 | [0.05] | -0.00020264837596972778
-0.4584033191204071 | [0.04] | -0.0001847001900086774
-0.4585737884044647 | [0.04] | -0.00016393307643908892
-0.45916813611984253 | [0.04] | -0.0001410981406204163
-0.4601863622665405 | [0.03] | -0.00011705605738037724
-0.46162599325180054 | [0.03] | -9.275723719505028e-05
-0.4634820520877838 | [0.03] | -6.921951186745877e-05
-0.46574708819389343 | [0.02] | -4.7503187761985006e-05
-0.4684111475944519 | [0.02] | -2.8684698729077173e-05
-0.47146180272102356 | [0.01] | -1.3828642662941463e-05
-0.4748842716217041 | [0.01] | -3.95915311432191e-06
-0.47866135835647583 | [0.] | -3.1885912885153536e-08
-0.4827736020088196 | [-0.01] | -2.9062532829572186e-06
-0.4871993660926819 | [-0.01] | -1.3319555396912406e-05
-0.49191489815711975 | [-0.02] | -3.1863234791836184e-05
-0.4968944787979126 | [-0.02] | -5.896210319533348e-05
-0.5021105408668518 | [-0.03] | -9.485708320834381e-05
-0.507533848285675 | [-0.04] | -0.0001395922921796325
-0.5131336450576782 | [-0.04] | -0.00019300651550147908
-0.5188778042793274 | [-0.05] | -0.000254729419294668
-0.5247330665588379 | [-0.06] | -0.00032418340874089196
-0.5306652188301086 | [-0.06] | -0.0004005902548658989
-0.5366393327713013 | [-0.07] | -0.00048298337801843554
-0.5426199436187744 | [-0.08] | -0.0005702240405861328
-0.5485712289810181 | [-0.08] | -0.0006610218846409959
-0.5544573664665222 | [-0.09] | -0.0007539621174969596
-0.5602425932884216 | [-0.09] | -0.0008475314992842572
-0.565891683101654 | [-0.1] | -0.0009401543477879223
-0.5713698267936707 | [-0.1] | -0.0010302194627491658
-0.576643168926239 | [-0.11] | -0.0011161209358749417
-0.5816788673400879 | [-0.11] | -0.0011962901524386988
-0.5864452123641968 | [-0.11] | -0.001269228422636807
-0.5909119844436646 | [-0.12] | -0.0013335439159935653
-0.5950505137443542 | [-0.12] | -0.0013879801254584466
-0.5988339781761169 | [-0.12] | -0.0014314476687517135
-0.6022374629974365 | [-0.12] | -0.0014630473386203473
-0.6052380204200745 | [-0.12] | -0.001482089613335424
-0.6078150272369385 | [-0.12] | -0.0014881174932733585
-0.609950065612793 | [-0.12] | -0.0014809133454446025
-0.6116272211074829 | [-0.12] | -0.0014605114024624814
-0.6128330826759338 | [-0.12] | -0.001427198028103336
-0.6135568618774414 | [-0.12] | -0.0013815100382660668
-0.6137904524803162 | [-0.12] | -0.001324226494261362
-0.6135284304618835 | [-0.11] | -0.001256354281522284
-0.6127681732177734 | [-0.11] | -0.0011791117536645987
-0.6115099787712097 | [-0.1] | -0.0010939075381729833
-0.6097569465637207 | [-0.1] | -0.0010023098453459719
-0.6075150966644287 | [-0.1] | -0.0009060173805778091
-0.6047933101654053 | [-0.09] | -0.0008068231437631878
-0.6016032695770264 | [-0.08] | -0.0007065761613182875
-0.5979596376419067 | [-0.08] | -0.0006071453769722091
-0.593879759311676 | [-0.07] | -0.000510374287423469
-0.5893838405609131 | [-0.06] | -0.0004180436166827282
-0.5844947099685669 | [-0.06] | -0.0003318281301102925
-0.5792378187179565 | [-0.05] | -0.0002532591841577065
-0.5736410617828369 | [-0.04] | -0.00018368783870266779
-0.5677346587181091 | [-0.04] | -0.0001242527484969117
-0.5615510940551758 | [-0.03] | -7.585318908857061e-05
-0.555124819278717 | [-0.02] | -3.912581532189465e-05
-0.5484921336174011 | [-0.01] | -1.4429383737050782e-05
-0.5416909456253052 | [-0.] | -1.835482272503756e-06
-0.5347605347633362 | [0.] | -1.1267757321649158e-06
-0.5277413725852966 | [0.01] | -1.1802519229473261e-05
-0.5206748843193054 | [0.02] | -3.309100915354921e-05
-0.5136030316352844 | [0.03] | -6.396980561962232e-05
-0.506568193435669 | [0.03] | -0.00010319185053180103
-0.49961283802986145 | [0.04] | -0.0001493177708279406
-0.4927792549133301 | [0.04] | -0.0002007529926354168
-0.48610928654670715 | [0.05] | -0.0002557889855767244
-0.4796440303325653 | [0.06] | -0.0003126476826800578
-0.4734236001968384 | [0.06] | -0.00036952724601680467
-0.4674868881702423 | [0.07] | -0.00042464842090496097
-0.46187126636505127 | [0.07] | -0.00047630132151828893
-0.4566124379634857 | [0.07] | -0.0005228888561930211
-0.4517441689968109 | [0.08] | -0.0005629690610366377
-0.4472981095314026 | [0.08] | -0.0005952929567897007
-0.44330358505249023 | [0.08] | -0.000618838628690032
-0.43978747725486755 | [0.08] | -0.0006328387740477158
-0.43677401542663574 | [0.08] | -0.0006368043113216244
-0.43428468704223633 | [0.08] | -0.0006305398340058041
-0.4323381185531616 | [0.08] | -0.0006141532455943798
-0.43094995617866516 | [0.08] | -0.0005880585927475361
-0.4301327168941498 | [0.07] | -0.0005529725364037519
-0.4298957884311676 | [0.07] | -0.000509901500186832
-0.4302452802658081 | [0.07] | -0.000460124324576368
-0.4311840534210205 | [0.06] | -0.0004051655986040746
-0.4327116310596466 | [0.06] | -0.0003467645502551024
-0.4348241090774536 | [0.05] | -0.00028683780994701903
-0.43751421570777893 | [0.05] | -0.00022743516708193998
-0.44077128171920776 | [0.04] | -0.00017069204360705255
-0.44458121061325073 | [0.03] | -0.00011877830896021656
-0.44892653822898865 | [0.03] | -7.384370533297359e-05
-0.4537864625453949 | [0.02] | -3.796235541248983e-05
-0.4591369330883026 | [0.01] | -1.3076953392879553e-05
-0.46495071053504944 | [0.] | -9.446453796162083e-07
-0.4711974859237671 | [-0.01] | -3.0854485577853452e-06
-0.4778439700603485 | [-0.01] | -2.073500151787179e-05
-0.484854131937027 | [-0.02] | -5.480316603220575e-05
-0.49218934774398804 | [-0.03] | -0.00010583990122106308
-0.49980857968330383 | [-0.04] | -0.00017400908609872673
-0.507668673992157 | [-0.05] | -0.00025907231236291814
-0.5157245397567749 | [-0.06] | -0.0003603816571795147
-0.5239294767379761 | [-0.07] | -0.0004768838681732141
-0.5322355628013611 | [-0.08] | -0.0006071361826134222
-0.5405937433242798 | [-0.09] | -0.0007493278651348129
-0.5489543676376343 | [-0.09] | -0.0009013178346519171
-0.557267427444458 | [-0.1] | -0.0010606764773479851
-0.5654828548431396 | [-0.11] | -0.0012247354653469825
-0.5735509991645813 | [-0.12] | -0.0013906481765895084
-0.5814228057861328 | [-0.12] | -0.0015554483278722548
-0.5890501737594604 | [-0.13] | -0.0017161158618265344
-0.5963863134384155 | [-0.14] | -0.001869644543913723
-0.6033859252929688 | [-0.14] | -0.002013105215721192
-0.6100056767463684 | [-0.15] | -0.002143716209624959
-0.6162042617797852 | [-0.15] | -0.0022588994016032368
-0.6219426393508911 | [-0.15] | -0.0023563370379857946
-0.6271843314170837 | [-0.16] | -0.0024340261566863173
-0.6318956017494202 | [-0.16] | -0.002490323177923825
-0.6360455751419067 | [-0.16] | -0.0025239802568169586
-0.6396064162254333 | [-0.16] | -0.002534176222616364
-0.642553448677063 | [-0.16] | -0.002520537927194471
-0.6448652744293213 | [-0.16] | -0.0024831532603781952
-0.6465238928794861 | [-0.16] | -0.0024225760575304783
-0.647514820098877 | [-0.15] | -0.0023398220071203205
-0.6478270292282104 | [-0.15] | -0.002236350397398951
-0.6474533081054688 | [-0.15] | -0.002114049962170448
-0.6463899612426758 | [-0.14] | -0.0019751959034849218
-0.6446372270584106 | [-0.13] | -0.0018224201289235046
-0.6421989798545837 | [-0.13] | -0.0016586524864082065
-0.6390830874443054 | [-0.12] | -0.001487073149499458
-0.6353011727333069 | [-0.11] | -0.0013110420731246315
-0.6308688521385193 | [-0.11] | -0.0011340352008119227
-0.6258055567741394 | [-0.1] | -0.0009595659038706274
-0.6201345920562744 | [-0.09] | -0.000791109605440236
-0.6138831377029419 | [-0.08] | -0.0006320251294517957
-0.6070820093154907 | [-0.07] | -0.00048547300408643274
-0.5997658371925354 | [-0.06] | -0.0003543434229251578
-0.5919726490974426 | [-0.05] | -0.00024117958068556515
-0.5837438702583313 | [-0.04] | -0.00014811514187819432
-0.575124204158783 | [-0.03] | -7.681780553506909e-05
-0.5661612153053284 | [-0.02] | -2.844189624324348e-05
-0.5569051504135132 | [-0.01] | -3.596233103610896e-06
-0.5474086999893188 | [0.] | -2.3248993389634677e-06
-0.5377265810966492 | [0.02] | -2.4102390968244237e-05
-0.5279152989387512 | [0.03] | -6.78441343320368e-05
-0.5180325508117676 | [0.04] | -0.00013193308799497325
-0.508137047290802 | [0.05] | -0.00021425942866010016
-0.49828803539276123 | [0.06] | -0.00031227408204871496
-0.48854485154151917 | [0.07] | -0.0004230543575090424
-0.47896653413772583 | [0.07] | -0.0005433788765168233
-0.46961137652397156 | [0.08] | -0.0006698105515685693
-0.4605365991592407 | [0.09] | -0.000798783185648831
-0.4517979025840759 | [0.1] | -0.0009266927598669305
-0.4434491693973541 | [0.1] | -0.0010499867911075934
-0.4355420768260956 | [0.11] | -0.0011652536878795153
-0.4281258285045624 | [0.11] | -0.0012693061664032857
-0.42124688625335693 | [0.12] | -0.0013592591646581335
-0.4149487018585205 | [0.12] | -0.0014326011469410675
-0.4092715084552765 | [0.12] | -0.0014872555808676281
-0.4042521119117737 | [0.12] | -0.0015216337075177875
-0.39992380142211914 | [0.12] | -0.0015346741296148562
-0.3963160812854767 | [0.12] | -0.0015258762311208662
-0.3934546709060669 | [0.12] | -0.0014953161308651824
-0.3913612961769104 | [0.12] | -0.001443656120553254
-0.3900536596775055 | [0.12] | -0.0013721380448194064
-0.3895453214645386 | [0.11] | -0.0012825670739997142
-0.3898456394672394 | [0.11] | -0.001177281997141412
-0.39095965027809143 | [0.1] | -0.001059115032052284
-0.39288803935050964 | [0.1] | -0.0009313378134989526
-0.39562705159187317 | [0.09] | -0.0007975974351042185
-0.3991684913635254 | [0.08] | -0.0006618400754364563
-0.4034996032714844 | [0.07] | -0.000528227159198603
-0.40860307216644287 | [0.06] | -0.00040104070406405887
-0.4144570231437683 | [0.05] | -0.0002845821467097219
-0.42103496193885803 | [0.04] | -0.00018306694756864287
-0.42830586433410645 | [0.03] | -0.00010051495190891536
-0.4362342357635498 | [0.02] | -4.06416431172966e-05
-0.4447801113128662 | [0.01] | -6.752808781084288e-06
-0.4538993239402771 | [-0.] | -1.6442431365303263e-06
-0.463543564081192 | [-0.02] | -2.7512254021120504e-05
-0.4736606478691101 | [-0.03] | -8.58761892491817e-05
-0.4841948449611664 | [-0.04] | -0.0001775177228891872
-0.49508705735206604 | [-0.05] | -0.0003024372162653826
-0.5062753558158875 | [-0.07] | -0.0004598327195737135
-0.5176952481269836 | [-0.08] | -0.0006480985591129229
-0.5292801260948181 | [-0.09] | -0.0008648464110807774
-0.5409619212150574 | [-0.11] | -0.0011069521675896256
-0.5526713728904724 | [-0.12] | -0.0013706166146440356
-0.5643386840820312 | [-0.13] | -0.001651450597763807
-0.5758939385414124 | [-0.14] | -0.0019445713827645275
-0.5872677564620972 | [-0.15] | -0.0022447175988574157
-0.5983917117118835 | [-0.16] | -0.0025463674571455167
-0.6091987490653992 | [-0.17] | -0.0028438622160593405
-0.6196237802505493 | [-0.18] | -0.003131537897972422
-0.6296039819717407 | [-0.18] | -0.0034038470896002797
-0.639079213142395 | [-0.19] | -0.00365548063201487
-0.6479923725128174 | [-0.2] | -0.003881481739827138
-0.6562896370887756 | [-0.2] | -0.004077347889920871
-0.6639206409454346 | [-0.21] | -0.004239120123868818
-0.6708388924598694 | [-0.21] | -0.004363472418982136
-0.6770017147064209 | [-0.21] | -0.004447769645371859
-0.6823705434799194 | [-0.21] | -0.00449012846714315
-0.6869109869003296 | [-0.21] | -0.004489456004390458
-0.6905928254127502 | [-0.21] | -0.004445473014028416
-0.6933901906013489 | [-0.21] | -0.004358732356361871
-0.6952816843986511 | [-0.21] | -0.004230621261977821
-0.6962502598762512 | [-0.2] | -0.004063339902919637
-0.6962834000587463 | [-0.2] | -0.003859879158250406
-0.6953732967376709 | [-0.19] | -0.003623983230754247
-0.6935166716575623 | [-0.18] | -0.0033600835233081753
-0.6907151341438293 | [-0.18] | -0.0030732388634182326
-0.6869750022888184 | [-0.17] | -0.0027690400906153607
-0.6823076605796814 | [-0.16] | -0.0024535198540683173
-0.6767293810844421 | [-0.15] | -0.0021330297709535916
-0.6702616810798645 | [-0.13] | -0.0018141226248695884
-0.6629312038421631 | [-0.12] | -0.0015034083483121425
-0.6547698378562927 | [-0.11] | -0.0012074097190549133
-0.6458146572113037 | [-0.1] | -0.0009324086026454324
-0.6361081004142761 | [-0.08] | -0.0006842957609655615
-0.6256977915763855 | [-0.07] | -0.00046841607699408264
-0.6146363019943237 | [-0.05] | -0.0002894228847582372
-0.6029811501502991 | [-0.04] | -0.00015114936603929116
-0.590794563293457 | [-0.02] | -5.649381592167735e-05
-0.5781430602073669 | [-0.01] | -7.327225250341519e-06
-0.5650971531867981 | [0.01] | -4.429287601094762e-06
-0.5517308115959167 | [0.02] | -4.7453955625201646e-05
-0.5381211042404175 | [0.04] | -0.00013492710108405952
Total reward: -0.3409221911582685
1.0, 5.5, 0.5
parameter ends

state | action | reward
[-0.48] | [0.02] | -2.7155303580972403e-05
-0.48379626870155334 | [0.01] | -2.158095845653744e-05
-0.4843471944332123 | [0.01] | -1.59334445410353e-05
-0.4851728677749634 | [0.01] | -1.0579873184061699e-05
-0.4862706959247589 | [0.01] | -5.915641815901988e-06
-0.48763635754585266 | [0.] | -2.3547200710949136e-06
-0.4892639219760895 | [0.] | -3.1842296935811503e-07
-0.49114587903022766 | [-0.] | -2.239822846315411e-07
-0.4932730793952942 | [-0.] | -2.4727942410372013e-06
-0.49563488364219666 | [-0.01] | -7.4386478487676e-06
-0.4982191026210785 | [-0.01] | -1.5456184353412157e-05
-0.5010121464729309 | [-0.02] | -2.681013454158747e-05
-0.5039989948272705 | [-0.02] | -4.172508246632731e-05
-0.507163405418396 | [-0.02] | -6.035706644724272e-05
-0.5104879140853882 | [-0.03] | -8.27859730338114e-05
-0.5139538645744324 | [-0.03] | -0.00010900931661794299
-0.5175416469573975 | [-0.04] | -0.00013893902599909752
-0.5212307572364807 | [-0.04] | -0.00017239928687460952
-0.5249999165534973 | [-0.05] | -0.00020912677607021147
-0.5288271903991699 | [-0.05] | -0.00024877284763535657
-0.5326900482177734 | [-0.05] | -0.00029090721269527196
-0.5365656614303589 | [-0.06] | -0.0003350259982085467
-0.5404308438301086 | [-0.06] | -0.00038055802766790624
-0.5442624092102051 | [-0.07] | -0.0004268774603277221
-0.548037052154541 | [-0.07] | -0.00047331227871701695
-0.5517317652702332 | [-0.07] | -0.0005191607847127631
-0.5553238391876221 | [-0.08] | -0.0005637038492097865
-0.558790922164917 | [-0.08] | -0.0006062183419010655
-0.5621113777160645 | [-0.08] | -0.0006459954932808243
-0.5652641654014587 | [-0.08] | -0.0006823520595110261
-0.5682291984558105 | [-0.08] | -0.0007146487370863626
-0.5709872841835022 | [-0.09] | -0.0007423012367459779
-0.5735204219818115 | [-0.09] | -0.0007647964273558448
-0.5758117437362671 | [-0.09] | -0.0007817011948794384
-0.5778456330299377 | [-0.09] | -0.0007926729598282652
-0.5796080231666565 | [-0.09] | -0.000797471683853055
-0.581086277961731 | [-0.09] | -0.0007959625811085508
-0.5822693705558777 | [-0.09] | -0.0007881221513558866
-0.5831478238105774 | [-0.09] | -0.0007740377688200549
-0.5837140083312988 | [-0.09] | -0.0007539115118680357
-0.5839620232582092 | [-0.09] | -0.0007280541878726446
-0.5838877558708191 | [-0.08] | -0.0006968804754219399
-0.5834890007972717 | [-0.08] | -0.0006609028782615129
-0.5827654600143433 | [-0.08] | -0.0006207215300601497
-0.5817186832427979 | [-0.08] | -0.0005770112907138328
-0.5803521275520325 | [-0.07] | -0.0005305092622645241
-0.5786712169647217 | [-0.07] | -0.00048200072608489523
-0.5766832828521729 | [-0.07] | -0.00043230214052846313
-0.5743975043296814 | [-0.06] | -0.0003822435949979579
-0.5718249678611755 | [-0.06] | -0.00033265247423841103
-0.568978488445282 | [-0.05] | -0.00028433404387915223
-0.5658727288246155 | [-0.05] | -0.00023805617755351632
-0.5625239610671997 | [-0.04] | -0.00019453065582741464
-0.5589500665664673 | [-0.04] | -0.00015439861511853015
-0.555170476436615 | [-0.03] | -0.0001182167504814569
-0.5512059926986694 | [-0.03] | -8.644452592961059e-05
-0.5470787882804871 | [-0.02] | -5.943508792615739e-05
-0.5428122282028198 | [-0.02] | -3.742728391798874e-05
-0.5384306907653809 | [-0.01] | -2.05408624685201e-05
-0.5339594483375549 | [-0.01] | -8.774942747757941e-06
-0.5294245481491089 | [-0.] | -2.0093148772757296e-06
-0.5248526930809021 | [0.] | -8.563691189012769e-09
-0.5202709436416626 | [0.] | -2.4290354791256e-06
-0.5157067775726318 | [0.01] | -8.828630925662392e-06
-0.511187732219696 | [0.01] | -1.8679037001055528e-05
-0.5067412257194519 | [0.02] | -3.138052741682379e-05
-0.5023944973945618 | [0.02] | -4.627809650072923e-05
-0.4981744587421417 | [0.03] | -6.267899965663217e-05
-0.49410736560821533 | [0.03] | -7.987224073151842e-05
-0.49021875858306885 | [0.03] | -9.714759921793304e-05
-0.48653334379196167 | [0.03] | -0.00011381473055845724
-0.48307475447654724 | [0.04] | -0.00012922265916926539
-0.4798654019832611 | [0.04] | -0.0001427779636214805
-0.47692644596099854 | [0.04] | -0.0001539607410618494
-0.474277526140213 | [0.04] | -0.00016234060734635604
-0.47193673253059387 | [0.04] | -0.00016758892159223556
-0.46992045640945435 | [0.04] | -0.0001694894744855473
-0.468243271112442 | [0.04] | -0.00016794634240792646
-0.46691787242889404 | [0.04] | -0.00016298836183134424
-0.46595498919487 | [0.04] | -0.00015477089038974732
-0.4653632640838623 | [0.04] | -0.00014357466050437222
-0.46514925360679626 | [0.04] | -0.00012980057649449083
-0.4653173089027405 | [0.03] | -0.00011396238436364283
-0.46586963534355164 | [0.03] | -9.667506883957565e-05
-0.4668061137199402 | [0.03] | -7.864216130678912e-05
-0.4681244194507599 | [0.02] | -6.0638476927641705e-05
-0.46981993317604065 | [0.02] | -4.3492077026489634e-05
-0.4718857705593109 | [0.02] | -2.806362700859223e-05
-0.47431275248527527 | [0.01] | -1.5224625852248487e-05
-0.477089524269104 | [0.01] | -5.834188689730209e-06
-0.4802025258541107 | [0.] | -7.160503129029791e-07
-0.4836360812187195 | [-0.] | -6.353475340229809e-07
-0.48737242817878723 | [-0.01] | -6.276231930667324e-06
-0.4913918077945709 | [-0.01] | -1.822068933986406e-05
-0.4956726133823395 | [-0.02] | -3.6929468608545114e-05
-0.5001914501190186 | [-0.03] | -6.272533553601837e-05
-0.5049232840538025 | [-0.03] | -9.577935638712452e-05
-0.5098415017127991 | [-0.04] | -0.0001361000655582209
-0.5149182081222534 | [-0.04] | -0.0001835276891896683
-0.5201242566108704 | [-0.05] | -0.00023773078164170832
-0.5254295468330383 | [-0.05] | -0.00029820887914195666
-0.5308029651641846 | [-0.06] | -0.00036429583684142574
-0.5362129211425781 | [-0.07] | -0.0004351734337875009
-0.5416272282600403 | [-0.07] | -0.0005098817842236258
-0.547013521194458 | [-0.08] | -0.0005873396654062191
-0.5523393154144287 | [-0.08] | -0.0006663633832554069
-0.5575722455978394 | [-0.09] | -0.0007456908368667915
-0.5626803636550903 | [-0.09] | -0.0008240090890365697
-0.5676321983337402 | [-0.09] | -0.0008999795245749237
-0.5723970532417297 | [-0.1] | -0.0009722681858792995
-0.5769451260566711 | [-0.1] | -0.001039573303994279
-0.5812477469444275 | [-0.1] | -0.0011006548264515684
-0.5852774977684021 | [-0.11] | -0.0011543609594128054
-0.5890084505081177 | [-0.11] | -0.0011996553695681755
-0.5924162864685059 | [-0.11] | -0.0012356403867176946
-0.595478355884552 | [-0.11] | -0.00126157591415275
-0.598173975944519 | [-0.11] | -0.0012769011052880966
-0.6004844903945923 | [-0.11] | -0.0012812470837959373
-0.6023932099342346 | [-0.11] | -0.0012744434904582724
-0.6038858294487 | [-0.11] | -0.0012565320289447159
-0.6049502491950989 | [-0.11] | -0.0012277622218339376
-0.605576753616333 | [-0.11] | -0.0011885913970312138
-0.6057581305503845 | [-0.11] | -0.0011396789207136105
-0.6054896712303162 | [-0.1] | -0.0010818737223550145
-0.604769229888916 | [-0.1] | -0.0010161991617226747
-0.6035972237586975 | [-0.1] | -0.0009438329466980978
-0.6019766926765442 | [-0.09] | -0.0008660848804025495
-0.5999132990837097 | [-0.09] | -0.000784370329901107
-0.5974153876304626 | [-0.08] | -0.0007001821277888906
-0.5944938659667969 | [-0.08] | -0.0006150573213611485
-0.5911622643470764 | [-0.07] | -0.0005305458126328727
-0.5874366760253906 | [-0.07] | -0.000448176097426882
-0.5833356380462646 | [-0.06] | -0.000369420539279332
-0.5788801312446594 | [-0.05] | -0.00029566325549091336
-0.5740934610366821 | [-0.05] | -0.00022816797088300278
-0.5690011978149414 | [-0.04] | -0.0001680491326545646
-0.5636309385299683 | [-0.03] | -0.00011624466078579822
-0.5580123066902161 | [-0.03] | -7.349499110552665e-05
-0.5521767139434814 | [-0.02] | -4.032460441643471e-05
-0.54615718126297 | [-0.01] | -1.7029534629444213e-05
-0.5399881601333618 | [-0.01] | -3.67059234033167e-06
-0.5337053537368774 | [0.] | -7.226210437744422e-08
-0.5273454785346985 | [0.01] | -5.827477324495952e-06
-0.5209460854530334 | [0.01] | -2.0308279924438195e-05
-0.514545202255249 | [0.02] | -4.2682495649821176e-05
-0.5081812143325806 | [0.03] | -7.193531787942493e-05
-0.5018925666809082 | [0.03] | -0.00010689585376069872
-0.4957175552845001 | [0.04] | -0.0001462674517763034
-0.4896940588951111 | [0.04] | -0.00018866152136497077
-0.48385924100875854 | [0.05] | -0.00023263434859364593
-0.4782494306564331 | [0.05] | -0.00027672369936504357
-0.47289979457855225 | [0.06] | -0.0003194879232577636
-0.4678441286087036 | [0.06] | -0.00035954375627686935
-0.46311473846435547 | [0.06] | -0.0003956016763346641
-0.4587421417236328 | [0.07] | -0.0004265013548674931
-0.45475494861602783 | [0.07] | -0.0004512421469803441
-0.4511796832084656 | [0.07] | -0.0004690106656128892
-0.44804054498672485 | [0.07] | -0.0004792051447904836
-0.4453594386577606 | [0.07] | -0.0004814514127928201
-0.4431556761264801 | [0.07] | -0.00047561826876186316
-0.4414459466934204 | [0.07] | -0.0004618237106138637
-0.440244197845459 | [0.07] | -0.0004404367720626462
-0.4395615756511688 | [0.06] | -0.00041207276142207554
-0.43940627574920654 | [0.06] | -0.0003775839049257521
-0.43978357315063477 | [0.06] | -0.00033804191168007873
-0.4406956434249878 | [0.05] | -0.0002947176950510173
-0.44214168190956116 | [0.05] | -0.00024905227148516463
-0.4441177248954773 | [0.05] | -0.0002026264600760241
-0.4466167092323303 | [0.04] | -0.00015712357916163188
-0.4496285021305084 | [0.03] | -0.0001142892077240165
-0.4531398117542267 | [0.03] | -7.588917771499378e-05
-0.45713430643081665 | [0.02] | -4.3663986167035015e-05
-0.4615926444530487 | [0.01] | -1.9283364486712142e-05
-0.46649253368377686 | [0.01] | -4.300869080628802e-06
-0.4718087911605835 | [-0.] | -1.0986794477140156e-07
-0.47751349210739136 | [-0.01] | -7.90193118126658e-06
-0.48357605934143066 | [-0.02] | -2.8629150837853045e-05
-0.48996344208717346 | [-0.03] | -6.297137750860697e-05
-0.49664032459259033 | [-0.03] | -0.00011130972278328783
-0.5035691857337952 | [-0.04] | -0.00017370592169512074
-0.5107107162475586 | [-0.05] | -0.0002498914037510234
-0.5180238485336304 | [-0.06] | -0.0003392617614323586
-0.5254662036895752 | [-0.07] | -0.00044088300305283006
-0.5329941511154175 | [-0.07] | -0.0005535022047387623
-0.5405632257461548 | [-0.08] | -0.0006755701957532641
-0.5481284260749817 | [-0.09] | -0.0008052709351874913
-0.5556443929672241 | [-0.1] | -0.0009405557174430382
-0.5630658864974976 | [-0.1] | -0.0010791886202051772
-0.5703479051589966 | [-0.11] | -0.0012187905862013472
-0.5774460434913635 | [-0.12] | -0.0013568916354368063
-0.5843167901039124 | [-0.12] | -0.0014909849327998251
-0.5909178256988525 | [-0.13] | -0.0016185822460466782
-0.5972082018852234 | [-0.13] | -0.0017372666572598016
-0.6031486988067627 | [-0.14] | -0.0018447488489517245
-0.6087019443511963 | [-0.14] | -0.0019389150693857157
-0.6138327121734619 | [-0.14] | -0.002017876393497166
-0.6185080409049988 | [-0.14] | -0.0020800094056651346
-0.6226974725723267 | [-0.15] | -0.0021239949723800295
-0.6263731718063354 | [-0.15] | -0.0021488481412159414
-0.6295101046562195 | [-0.15] | -0.002153943747180094
-0.6320861577987671 | [-0.15] | -0.0021390334577388384
-0.6340821981430054 | [-0.15] | -0.0021042539950380103
-0.6354823112487793 | [-0.14] | -0.0020501336995272547
-0.6362737417221069 | [-0.14] | -0.0019775825152123145
-0.636447012424469 | [-0.14] | -0.001887880097629969
-0.6359961032867432 | [-0.13] | -0.0017826579218835526
-0.6349183917045593 | [-0.13] | -0.0016638673231962832
-0.6332147121429443 | [-0.12] | -0.001533744119026727
-0.6308894157409668 | [-0.12] | -0.0013947667158276066
-0.6279504299163818 | [-0.11] | -0.0012496080351404675
-0.6244091987609863 | [-0.1] | -0.001101079389666907
-0.6202807426452637 | [-0.1] | -0.000952073214200591
-0.6155836582183838 | [-0.09] | -0.0008055007549856441
-0.6103400588035583 | [-0.08] | -0.0006642271001407714
-0.6045754551887512 | [-0.07] | -0.0005310046914929305
-0.5983187556266785 | [-0.06] | -0.0004084106970635908
-0.5916022062301636 | [-0.05] | -0.0002987852376069432
-0.5844611525535583 | [-0.05] | -0.00020417229978964913
-0.5769339799880981 | [-0.04] | -0.0001262692873775628
-0.5690617561340332 | [-0.03] | -6.638157601945654e-05
-0.5608882904052734 | [-0.02] | -2.538980181578535e-05
-0.5524596571922302 | [-0.01] | -3.723459596908911e-06
-0.5438239574432373 | [0.] | -1.3486268841917748e-06
-0.5350311398506165 | [0.01] | -1.776691611000208e-05
-0.5261326432228088 | [0.02] | -5.202603476265561e-05
-0.5171809196472168 | [0.03] | -0.00010274356354816799
-0.5082292556762695 | [0.04] | -0.00016814120113479387
-0.4993312954902649 | [0.05] | -0.00024609046537086047
-0.4905407726764679 | [0.06] | -0.00033416658717251444
-0.4819110631942749 | [0.07] | -0.00042971111574990895
-0.47349485754966736 | [0.07] | -0.000529899954206506
-0.4653438329696655 | [0.08] | -0.0006318150098603504
-0.45750826597213745 | [0.09] | -0.0007325189649579735
-0.45003676414489746 | [0.09] | -0.0008291288244981418
-0.4429759085178375 | [0.1] | -0.0009188894314470652
-0.4363700747489929 | [0.1] | -0.000999240671129334
-0.4302610754966736 | [0.1] | -0.0010678836539513524
-0.4246879816055298 | [0.11] | -0.0011228375584643622
-0.4196869432926178 | [0.11] | -0.0011624896550772286
-0.4152909517288208 | [0.11] | -0.001185638642742568
-0.4115297198295593 | [0.11] | -0.001191526950042654
-0.4084295332431793 | [0.11] | -0.0011798645429297184
-0.4060131013393402 | [0.11] | -0.0011508431129266196
-0.40429946780204773 | [0.11] | -0.001105138973292779
-0.4033038914203644 | [0.1] | -0.0010439065162322048
-0.40303781628608704 | [0.1] | -0.0009687595268017607
-0.403508722782135 | [0.09] | -0.0008817447913904617
-0.40472009778022766 | [0.09] | -0.0007853031198660238
-0.40667134523391724 | [0.08] | -0.0006822218494883744
-0.40935778617858887 | [0.08] | -0.0005755764758749135
-0.4127705693244934 | [0.07] | -0.0004686654729002084
-0.41689664125442505 | [0.06] | -0.000364936395491925
-0.4217187762260437 | [0.05] | -0.00026790494855623076
-0.4272155165672302 | [0.04] | -0.00018107055496014335
-0.4333612620830536 | [0.03] | -0.00010782723902232993
-0.44012629985809326 | [0.02] | -5.1374430800185536e-05
-0.447476863861084 | [0.01] | -1.462888591600292e-05
-0.4553752541542053 | [0.] | -1.4008586445048154e-07
-0.4637799859046936 | [-0.01] | -1.0012004176007066e-05
-0.47264596819877625 | [-0.02] | -4.583382143578624e-05
-0.48192471265792847 | [-0.03] | -0.0001086218404881132
-0.49156463146209717 | [-0.04] | -0.00019877536525677466
-0.5015113353729248 | [-0.06] | -0.00031604781461348124
-0.5117079019546509 | [-0.07] | -0.0004595339870823667
-0.5220953226089478 | [-0.08] | -0.0006276760367498991
-0.5326128602027893 | [-0.09] | -0.0008182863005201494
-0.5431984663009644 | [-0.1] | -0.0010285872302234148
-0.5537892580032349 | [-0.11] | -0.00125526862421962
-0.5643219947814941 | [-0.12] | -0.001494559306885314
-0.5747334957122803 | [-0.13] | -0.0017423100310465915
-0.5849609375 | [-0.14] | -0.001994081751526073
-0.594942569732666 | [-0.15] | -0.0022452527587538654
-0.6046180129051208 | [-0.16] | -0.0024911191709534064
-0.613928496837616 | [-0.17] | -0.0027269954216510676
-0.6228174567222595 | [-0.17] | -0.0029483238399094676
-0.6312307715415955 | [-0.18] | -0.0031507716559269006
-0.6391170620918274 | [-0.18] | -0.003330324340356433
-0.6464279890060425 | [-0.19] | -0.0034833716259110403
-0.6531183123588562 | [-0.19] | -0.0036067781598013073
-0.6591463685035706 | [-0.19] | -0.0036979596785649883
-0.6644740700721741 | [-0.19] | -0.003754932020074743
-0.6690670251846313 | [-0.19] | -0.003776353748164485
-0.6728947758674622 | [-0.19] | -0.0037615626060295312
-0.6759307980537415 | [-0.19] | -0.003710591565099703
-0.6781526207923889 | [-0.19] | -0.0036241773056476002
-0.6795419454574585 | [-0.19] | -0.003503757399582811
-0.6800847053527832 | [-0.18] | -0.0033514522931764566
-0.6797710061073303 | [-0.18] | -0.003170031008941771
-0.6785954833030701 | [-0.17] | -0.0029628794978977836
-0.6765571236610413 | [-0.17] | -0.0027339362696255486
-0.6736594438552856 | [-0.16] | -0.0024876290694386067
-0.6699105501174927 | [-0.15] | -0.0022287945884393256
-0.6653231382369995 | [-0.14] | -0.0019625853568185146
-0.6599146723747253 | [-0.13] | -0.001694371355891497
-0.6537073254585266 | [-0.12] | -0.0014296256928005102
-0.6467280983924866 | [-0.11] | -0.0011738080795344547
-0.6390087604522705 | [-0.1] | -0.0009322393985516962
-0.6305859088897705 | [-0.08] | -0.0007099770892408574
-0.6215007305145264 | [-0.07] | -0.0005116865642737587
-0.6117991209030151 | [-0.06] | -0.00034152517572937785
-0.6015313267707825 | [-0.05] | -0.00020302716554343372
-0.5907519459724426 | [-0.03] | -9.900699618942587e-05
-0.579519510269165 | [-0.02] | -3.147487582025757e-05
-0.5678962469100952 | [-0.] | -1.5747677046160656e-06
-0.5559476613998413 | [0.01] | -9.544137879388703e-06
-0.5437422394752502 | [0.02] | -5.469858984598621e-05
-0.5313507318496704 | [0.04] | -0.00013544310684335625
-0.5188458561897278 | [0.05] | -0.0002493087972538661
-0.506301760673523 | [0.06] | -0.000393013711226832
-0.4937932789325714 | [0.08] | -0.0005625495618881461
-0.48139554262161255 | [0.09] | -0.0007532847159609697
-0.4691832959651947 | [0.1] | -0.0009600868110085439
-0.4572303891181946 | [0.11] | -0.0011774553330501925
-0.4456091821193695 | [0.12] | -0.0013996638477646298
-0.434390127658844 | [0.13] | -0.0016209028282958803
-0.4236412048339844 | [0.14] | -0.001835425206223973
-0.41342756152153015 | [0.14] | -0.0020376840640968052
-0.40381112694740295 | [0.15] | -0.00222246374100742
-0.3948502540588379 | [0.15] | -0.0023850016597157368
-0.38659951090812683 | [0.16] | -0.002521093762211578
-0.3791094124317169 | [0.16] | -0.0026271902482079726
-0.37242624163627625 | [0.16] | -0.0027004740866719587
-0.3665919005870819 | [0.17] | -0.0027389248794883695
-0.36164379119873047 | [0.17] | -0.002741366952206282
-0.35761478543281555 | [0.16] | -0.0027074997127873876
-0.35453301668167114 | [0.16] | -0.002637918691019576
-0.35242193937301636 | [0.16] | -0.0025341120161307532
-0.3513002395629883 | [0.15] | -0.0023984466428954633
-0.35118168592453003 | [0.15] | -0.002234139748098445
-0.35207515954971313 | [0.14] | -0.0020452080360914065
-0.3539845049381256 | [0.14] | -0.0018364056523285871
-0.35690850019454956 | [0.13] | -0.0016131411861172425
-0.36084070801734924 | [0.12] | -0.0013813808446637454
-0.3657693862915039 | [0.11] | -0.0011475329115321505
-0.37167733907699585 | [0.1] | -0.0009183171224936542
-0.3785419166088104 | [0.08] | -0.0007006163772122686
-0.3863348662853241 | [0.07] | -0.0005013193378544189
-0.3950222432613373 | [0.06] | -0.0003271519543407084
-0.40456441044807434 | [0.04] | -0.00018450182086465468
-0.4149160385131836 | [0.03] | -7.924194407412135e-05
-0.42602619528770447 | [0.01] | -1.655822292221459e-05
-0.43783846497535706 | [-0.] | -7.872914444281713e-07
-0.45029106736183167 | [-0.02] | -3.527009596865796e-05
-0.46331721544265747 | [-0.03] | -0.0001222274685253766
-0.47684547305107117 | [-0.05] | -0.0002626645839642566
-0.49080008268356323 | [-0.07] | -0.0004563069662450629
-0.5051016211509705 | [-0.08] | -0.0007015753173716271
-0.5196674466133118 | [-0.1] | -0.0009955959245922068
-0.5344124436378479 | [-0.12] | -0.0013342536198485523
-0.5492495894432068 | [-0.13] | -0.001712277306032474
-0.5640908479690552 | [-0.15] | -0.0021233666960515153
-0.5788477659225464 | [-0.16] | -0.0025603411633184324
-0.5934321880340576 | [-0.17] | -0.0030153131659878436
-0.6077571511268616 | [-0.19] | -0.0034798855974674994
-0.6217374205589294 | [-0.2] | -0.0039453481579931286
-0.6352902054786682 | [-0.21] | -0.004402883529053498
-0.6483356356620789 | [-0.22] | -0.004843761902699837
-0.6607973575592041 | [-0.23] | -0.005259535013119673
-0.6726028919219971 | [-0.24] | -0.00564220832966953
-0.6836840510368347 | [-0.24] | -0.005984402285220157
-0.6939771175384521 | [-0.25] | -0.006279487962474045
-0.7034231424331665 | [-0.26] | -0.006521710422969146
-0.7119680643081665 | [-0.26] | -0.006706288258353426
-0.7195626497268677 | [-0.26] | -0.006829485798769139
-0.7261627316474915 | [-0.26] | -0.006888686286232792
-0.7317290306091309 | [-0.26] | -0.0068824266917502114
-0.7362273335456848 | [-0.26] | -0.006810437172371378
-0.7396283745765686 | [-0.26] | -0.006673649213266514
-0.7419077754020691 | [-0.25] | -0.006474192755474888
-0.7430460453033447 | [-0.25] | -0.006215380228914196
-0.7430287599563599 | [-0.24] | -0.005901683329035874
-0.74184650182724 | [-0.24] | -0.005538678937041349
-0.7394948601722717 | [-0.23] | -0.005132979102674613
-0.7359746694564819 | [-0.22] | -0.00469215116341398
-0.731292188167572 | [-0.21] | -0.00422461139780288
-0.7254591584205627 | [-0.19] | -0.00373948931400158
-0.7184931039810181 | [-0.18] | -0.003246477950822826
-0.7104175090789795 | [-0.17] | -0.0027556542713870484
-0.7012619376182556 | [-0.15] | -0.002277275767015262
-0.6910624504089355 | [-0.13] | -0.0018215665790463319
-0.6798616051673889 | [-0.12] | -0.0013984744067233068
-0.6677086353302002 | [-0.1] | -0.0010174238290063416
-0.6546595096588135 | [-0.08] | -0.0006870650154920492
-0.6407769322395325 | [-0.06] | -0.00041502730670117986
-0.6261301040649414 | [-0.05] | -0.00020768628343453867
-0.610794723033905 | [-0.03] | -6.996111343183043e-05
-0.5948525071144104 | [-0.01] | -5.141186651784567e-06
-0.5783906579017639 | [0.01] | -1.4760717545972761e-05
-0.5615015029907227 | [0.03] | -9.852540546466749e-05
-0.5442816019058228 | [0.05] | -0.0002542956066571303
-0.5268310308456421 | [0.07] | -0.000478130015116407
-0.5092525482177734 | [0.09] | -0.0007643868321929246
-0.49165046215057373 | [0.11] | -0.0011058836125953813
-0.47412988543510437 | [0.12] | -0.0014940981337485148
-0.4567956030368805 | [0.14] | -0.0019194137682715955
-0.43975117802619934 | [0.15] | -0.0023713871096556517
-0.42309802770614624 | [0.17] | -0.0028390339170636797
-0.406934529542923 | [0.18] | -0.003311117818426707
-0.3913553059101105 | [0.19] | -0.0037764325664330746
-0.3764505982398987 | [0.21] | -0.004224065908478289
-0.3623057007789612 | [0.22] | -0.004643644598092011
-0.34900063276290894 | [0.22] | -0.005025546997718158
-0.33660972118377686 | [0.23] | -0.005361094026002198
-0.32520151138305664 | [0.24] | -0.0056427013737958935
-0.3148386478424072 | [0.24] | -0.005864007427435747
-0.3055778741836548 | [0.25] | -0.006019973355920029
-0.2974701225757599 | [0.25] | -0.006106956342348252
-0.2905605137348175 | [0.25] | -0.0061227692618919735
-0.2848885953426361 | [0.25] | -0.00606671076509759
-0.28048840165138245 | [0.24] | -0.0059395876155622605
-0.2773885726928711 | [0.24] | -0.005743717828981993
-0.2756124436855316 | [0.23] | -0.005482918742410572
-0.27517807483673096 | [0.23] | -0.005162479506450279
-0.2760983109474182 | [0.22] | -0.004789111929199689
-0.2783806324005127 | [0.21] | -0.004370887680467359
-0.282027006149292 | [0.2] | -0.003917147935358567
-0.2870338261127472 | [0.19] | -0.0034383795164451727
-0.29339149594306946 | [0.17] | -0.0029460723385701256
-0.3010842502117157 | [0.16] | -0.0024525304735774356
-0.31008973717689514 | [0.14] | -0.001970655087076834
-0.32037872076034546 | [0.12] | -0.0015136854784682154
-0.33191460371017456 | [0.1] | -0.0010949102277300117
-0.34465324878692627 | [0.09] | -0.0007273402320557079
-0.3585425019264221 | [0.07] | -0.0004233657191959272
-0.3735221028327942 | [0.04] | -0.00019439308084381358
-0.3895235061645508 | [0.02] | -5.048444918603909e-05
-0.4064698815345764 | [0.] | -1.0566005759216069e-08
-0.4242762625217438 | [-0.02] | -4.933462423990648e-05
-0.44284990429878235 | [-0.05] | -0.00020254487014244186
-0.46209076046943665 | [-0.07] | -0.0004612520725605232
-0.4818921983242035 | [-0.09] | -0.000824466120544009
-0.5021418333053589 | [-0.11] | -0.0012885601699196784
-0.5227225422859192 | [-0.14] | -0.0018473284688291878
-0.5435137152671814 | [-0.16] | -0.002492138820429405
-0.5643923878669739 | [-0.18] | -0.003212165390256483
-0.5852347016334534 | [-0.2] | -0.003994702946618483
-0.60591721534729 | [-0.22] | -0.004825531664500481
-0.626318097114563 | [-0.24] | -0.005689315706969339
-0.6463184952735901 | [-0.26] | -0.0065700272627747264
-0.6658036112785339 | [-0.27] | -0.007451360388375301
-0.684663712978363 | [-0.29] | -0.008317126812914053
-0.7027949094772339 | [-0.3] | -0.009151614007961276
-0.720099687576294 | [-0.32] | -0.00993989419038801
-0.7364875078201294 | [-0.33] | -0.010668097692146692
-0.7518749237060547 | [-0.34] | -0.011323619011433675
-0.7661857604980469 | [-0.34] | -0.011895286431765907
-0.7793509364128113 | [-0.35] | -0.012373475393900109
-0.7913083434104919 | [-0.36] | -0.01275019804405026
-0.8020025491714478 | [-0.36] | -0.013019157112678587
-0.811384379863739 | [-0.36] | -0.013175775831919421
-0.8194106221199036 | [-0.36] | -0.013217223103363946
-0.8260435461997986 | [-0.36] | -0.01314241843619394
-0.8312506079673767 | [-0.36] | -0.012952044220972181
-0.8350040316581726 | [-0.36] | -0.012648543177345496
-0.8372806310653687 | [-0.35] | -0.012236127670974692
-0.8380614519119263 | [-0.34] | -0.011720766922215214
-0.8373319506645203 | [-0.33] | -0.011110199352080647
-0.8350817561149597 | [-0.32] | -0.010413897223375443
-0.8313049674034119 | [-0.31] | -0.00964304352415802
-0.8260002136230469 | [-0.3] | -0.008810460326449455
-0.8191712498664856 | [-0.28] | -0.007930531301516342
-0.8108271956443787 | [-0.26] | -0.007019053515622764
-0.800983190536499 | [-0.25] | -0.006093059487916317
-0.7896609902381897 | [-0.23] | -0.005170573927055653
-0.7768896818161011 | [-0.21] | -0.0042703128219000385
-0.7627062201499939 | [-0.18] | -0.0034113103536383364
-0.7471563816070557 | [-0.16] | -0.0026125038602462184
-0.7302952408790588 | [-0.14] | -0.0018922460912362384
-0.712187647819519 | [-0.11] | -0.0012677851998245393
-0.6929088234901428 | [-0.09] | -0.0007547298156784514
-0.6725443601608276 | [-0.06] | -0.00036650750208171585
-0.6511904001235962 | [-0.03] | -0.0001138642255893962
-0.6289533376693726 | [-0.01] | -4.421618145938975e-06
-0.6059491634368896 | [0.02] | -4.232759757445554e-05
-0.5823028087615967 | [0.05] | -0.00022802788018472383
-0.5581467747688293 | [0.07] | -0.0005581778273181834
-0.5336200594902039 | [0.1] | -0.0010257017767477676
-0.5088662505149841 | [0.13] | -0.001620009566057196
-0.48403200507164 | [0.15] | -0.0023273447736329583
-0.45926496386528015 | [0.18] | -0.0031312616030243837
-0.4347120225429535 | [0.2] | -0.004013178665302876
-0.4105173647403717 | [0.22] | -0.004952996873791617
-0.38682079315185547 | [0.24] | -0.005929725591687713
-0.3637562692165375 | [0.26] | -0.00692209122053083
-0.3414504826068878 | [0.28] | -0.00790910571809331
-0.32002198696136475 | [0.3] | -0.00887055379105848
-0.2995803952217102 | [0.31] | -0.009787407030580843
-0.2802260220050812 | [0.33] | -0.010642144569816117
-0.26204970479011536 | [0.34] | -0.011418991874236464
-0.2451329529285431 | [0.35] | -0.012104078487899614
-0.22954824566841125 | [0.36] | -0.012685537622426
-0.21535955369472504 | [0.36] | -0.013153548858190804
-0.20262297987937927 | [0.37] | -0.013500347212413489
-0.19138742983341217 | [0.37] | -0.01372021609468961
-0.1816953867673874 | [0.37] | -0.013809462771587051
-0.17358362674713135 | [0.37] | -0.013766401595328728
-0.16708393394947052 | [0.37] | -0.013591339223977317
-0.1622237116098404 | [0.36] | -0.013286574630177461
-0.15902645885944366 | [0.36] | -0.012856414679654685
-0.15751221776008606 | [0.35] | -0.012307193913773723
-0.15769779682159424 | [0.34] | -0.011647308268177958
-0.15959686040878296 | [0.33] | -0.010887247769632014
-0.1632198691368103 | [0.32] | -0.010039619946265389
-0.16857382655143738 | [0.3] | -0.009119155801512093
-0.1756618767976761 | [0.29] | -0.008142681060265512
-0.18448272347450256 | [0.27] | -0.007129042086421124
-0.1950298547744751 | [0.25] | -0.006098970511639951
-0.20729069411754608 | [0.23] | -0.0050748674188136
-0.22124560177326202 | [0.2] | -0.00408049782866612
-0.23686674237251282 | [0.18] | -0.003140585953558933
-0.2541169822216034 | [0.15] | -0.0022803019930616947
-0.2729487419128418 | [0.12] | -0.0015246455635794535
-0.2933029532432556 | [0.09] | -0.0008977349161204788
-0.3151080906391144 | [0.06] | -0.00042202723067920344
-0.33827948570251465 | [0.03] | -0.00011749697120660647
-0.3627188503742218 | [0.] | -8.205891386434995e-07
-0.38831421732902527 | [-0.03] | -8.461569216783455e-05
-0.4149402379989624 | [-0.06] | -0.0003767912090847232
-0.4424588978290558 | [-0.09] | -0.0008800616033089745
-0.4707208573818207 | [-0.13] | -0.0015916740031638602
-0.4995669722557068 | [-0.16] | -0.0025033753066175534
-0.5288304686546326 | [-0.19] | -0.003601639242135498
-0.5583394169807434 | [-0.22] | -0.004868142887596978
-0.5879192352294922 | [-0.25] | -0.006280452882724503
-0.6173955798149109 | [-0.28] | -0.007812885496773175
-0.6465969681739807 | [-0.31] | -0.009437461845550882
-0.675357460975647 | [-0.33] | -0.011124901859166383
-0.7035189867019653 | [-0.36] | -0.012845582671551475
-0.7309333086013794 | [-0.38] | -0.014570404090285366
-0.7574635148048401 | [-0.4] | -0.016271516596060253
-0.7829852104187012 | [-0.42] | -0.017922903737904616
-0.8073869943618774 | [-0.44] | -0.01950078024484271
-0.8305707573890686 | [-0.46] | -0.020983850590604924
-0.8524512052536011 | [-0.47] | -0.022353397891426832
-0.8729555606842041 | [-0.49] | -0.023593304285299377
-0.8920223116874695 | [-0.5] | -0.02468992399450272
-0.9096004366874695 | [-0.51] | -0.025631966787951394
-0.9256479740142822 | [-0.51] | -0.02641029857718574
-0.9401307702064514 | [-0.52] | -0.02701776249911321
-0.9530211091041565 | [-0.52] | -0.027448998880292272
-0.9642964601516724 | [-0.53] | -0.027700299213914894
-0.9739381670951843 | [-0.53] | -0.02776948097210673
-0.9819304347038269 | [-0.53] | -0.027655824649403322
-0.9882593154907227 | [-0.52] | -0.02736003909122253
-0.9929118156433105 | [-0.52] | -0.026884270199173128
-0.9958751201629639 | [-0.51] | -0.02623214972501872
-0.9971362352371216 | [-0.5] | -0.025408909433714485
-0.9966816306114197 | [-0.49] | -0.02442151359588048
-0.9944969415664673 | [-0.48] | -0.02327880878105185
-0.990567147731781 | [-0.47] | -0.021991724041455517
-0.984876811504364 | [-0.45] | -0.020573466366656065
-0.9774103760719299 | [-0.44] | -0.01903969984897626
-0.9681530594825745 | [-0.42] | -0.01740874012450224
-0.9570915699005127 | [-0.4] | -0.015701670646625678
-0.9442152380943298 | [-0.37] | -0.013942413456916915
-0.929517388343811 | [-0.35] | -0.012157710190136698
-0.9129967093467712 | [-0.32] | -0.010376968649519083
-0.8946591019630432 | [-0.29] | -0.00863198530522872
-0.8745194673538208 | [-0.26] | -0.0069564798389086194
-0.8526034355163574 | [-0.23] | -0.005385434690182031
-0.8289495706558228 | [-0.2] | -0.003954263230946317
-0.8036109805107117 | [-0.16] | -0.002697763339345917
-0.7766571044921875 | [-0.13] | -0.001648930638219582
-0.7481750249862671 | [-0.09] | -0.0008376561480451796
-0.718270480632782 | [-0.05] | -0.00028939444680850046
-0.6870681643486023 | [-0.02] | -2.3887078863957594e-05
-0.6547115445137024 | [0.02] | -5.405495337652868e-05
-0.6213619112968445 | [0.06] | -0.00038515892985671634
-0.587196409702301 | [0.1] | -0.0010143279394029038
-0.5524057149887085 | [0.14] | -0.0019305141138083793
-0.5171908736228943 | [0.18] | -0.003114902960198564
-0.48175933957099915 | [0.21] | -0.004541764484372895
-0.4463210999965668 | [0.25] | -0.006179660932494599
-0.41108438372612 | [0.28] | -0.007992923950617582
-0.3762515187263489 | [0.32] | -0.009943256758964764
-0.3420151174068451 | [0.35] | -0.011991337764285518
-0.3085547983646393 | [0.38] | -0.014098294476299601
-0.27603453397750854 | [0.4] | -0.01622695771202745
-0.24460069835186005 | [0.43] | -0.018342836423778347
-0.21438102424144745 | [0.45] | -0.020414781288582293
-0.1854841411113739 | [0.47] | -0.02241536673794824
-0.1579999178647995 | [0.49] | -0.024321002000822278
-0.13200032711029053 | [0.51] | -0.026111835486114843
-0.10754077136516571 | [0.53] | -0.027771508260771727
-0.08466175198554993 | [0.54] | -0.029286805855844207
-0.06339076906442642 | [0.55] | -0.03064725467457162
-0.043744318187236786 | [0.56] | -0.03184470871484459
-0.02572990395128727 | [0.57] | -0.03287295050634486
-0.009348021820187569 | [0.58] | -0.03372732686852783
0.00540597178041935 | [0.59] | -0.03440443474150293
0.018540123477578163 | [0.59] | -0.03490185954364602
0.030064309015870094 | [0.59] | -0.03521797267831609
0.03998882696032524 | [0.59] | -0.03535178496905546
0.04832317307591438 | [0.59] | -0.03530285734023062
0.055074986070394516 | [0.59] | -0.03507126368430321
0.06024916097521782 | [0.59] | -0.03465760766141222
0.0638471245765686 | [0.58] | -0.03406308787786194
0.06586626172065735 | [0.58] | -0.03328961199465854
0.06629950553178787 | [0.57] | -0.03233995922786366
0.06513505429029465 | [0.56] | -0.031217987406858994
0.06235627830028534 | [0.55] | -0.029928888706591203
0.057941731065511703 | [0.53] | -0.0284794821819156
0.0518653467297554 | [0.52] | -0.0268785470121682
0.04409683495759964 | [0.5] | -0.02513718894616568
0.034602221101522446 | [0.48] | -0.023269224428246874
0.02334463782608509 | [0.46] | -0.02129157344098309
0.010285324417054653 | [0.44] | -0.019224638295805403
-0.004615110345184803 | [0.41] | -0.017092643078494358
-0.021395156159996986 | [0.39] | -0.014923895992520878
-0.04009058326482773 | [0.36] | -0.012750938845993157
-0.06073232367634773 | [0.33] | -0.010610531243679378
-0.08334407955408096 | [0.29] | -0.008543418848412577
-0.10793966054916382 | [0.26] | -0.006593835864413232
-0.13452012836933136 | [0.22] | -0.004808691484294762
-0.16307084262371063 | [0.18] | -0.0032364099758036974
-0.1935584545135498 | [0.14] | -0.0019254240290146538
-0.2259281575679779 | [0.1] | -0.0009223380930881722
-0.26010122895240784 | [0.05] | -0.00026984824363366494
-0.29597312211990356 | [0.01] | -4.531262722395902e-06
-0.3334124982357025 | [-0.04] | -0.00015467706661706528
-0.372261106967926 | [-0.09] | -0.000738370642024179
-0.412335067987442 | [-0.13] | -0.0017620377937699384
-0.45342719554901123 | [-0.18] | -0.0032196523442001856
-0.49531087279319763 | [-0.23] | -0.005092747205112298
-0.5377449989318848 | [-0.27] | -0.007351285927418447
-0.5804797410964966 | [-0.32] | -0.00995533638888272
-0.6232632398605347 | [-0.36] | -0.012857413744788196
-0.6658481955528259 | [-0.4] | -0.01600523001964574
-0.7079984545707703 | [-0.44] | -0.019344590631320522
-0.7494949102401733 | [-0.48] | -0.022822161264811902
-0.7901404500007629 | [-0.51] | -0.026387850728931867
-0.8297638297080994 | [-0.55] | -0.02999668950687507
-0.8682219982147217 | [-0.58] | -0.03361007708743663
-0.9054015874862671 | [-0.61] | -0.037196494300917704
-0.9412187933921814 | [-0.64] | -0.040731645542523724
-0.9756186008453369 | [-0.66] | -0.04419825273932572
-1.008573055267334 | [-0.69] | -0.047585532642485974
-1.0400789976119995 | [-0.71] | -0.050888515030720206
-1.0701556205749512 | [-0.74] | -0.05410733206002023
-1.0988415479660034 | [-0.76] | -0.05724645978310017
-1.126192331314087 | [-0.78] | -0.060314086896145286
-1.1522778272628784 | [-0.8] | -0.0633215472435437
-1.1771801710128784 | [-0.81] | -0.066282917502896
-1.2000000476837158 | [-0.7] | -0.049000006675720444
-1.198808193206787 | [-0.69] | -0.04792138924261382
-1.1964088678359985 | [-0.68] | -0.04667792136670658
-1.192780613899231 | [-0.67] | -0.04526940279967678
-1.1878962516784668 | [-0.66] | -0.043696402728321995
-1.18172287940979 | [-0.65] | -0.04196053230651325
-1.1742219924926758 | [-0.63] | -0.04006476662586367
-1.1653499603271484 | [-0.62] | -0.038013839098870614
-1.1550581455230713 | [-0.6] | -0.03581461834911936
-1.1432937383651733 | [-0.58] | -0.03347659031875084
-1.130000352859497 | [-0.56] | -0.031012312958453914
-1.1151190996170044 | [-0.53] | -0.02843791536542735
-1.0985894203186035 | [-0.51] | -0.025773532641932474
-1.0803509950637817 | [-0.48] | -0.02304378255989756
-1.060344934463501 | [-0.45] | -0.02027805565940015
-1.0385162830352783 | [-0.42] | -0.017510770947790327
-1.014816164970398 | [-0.38] | -0.01478137642054035
-0.9892045259475708 | [-0.35] | -0.012134116178836933
-0.9616531729698181 | [-0.31] | -0.009617479191415937
-0.9321488738059998 | [-0.27] | -0.007283257808216696
-0.9006968140602112 | [-0.23] | -0.005185203719419929
-0.8673238754272461 | [-0.18] | -0.0033772462738246994
-0.8320818543434143 | [-0.14] | -0.0019113277993794712
-0.7950499653816223 | [-0.09] | -0.0008349335622155355
-0.7563369274139404 | [-0.04] | -0.0001884895438008849
-0.7160819172859192 | [0.01] | -2.830941120776989e-06
-0.6744542121887207 | [0.05] | -0.00029700567802769565
-0.6316515803337097 | [0.1] | -0.0010766759611654467
-0.587897002696991 | [0.15] | -0.002333352600069347
-0.5434340238571167 | [0.2] | -0.0040446131801805466
-0.49852073192596436 | [0.25] | -0.006175346028177375
-0.45342257618904114 | [0.29] | -0.008679931774333528
-0.4084049463272095 | [0.34] | -0.01150512389152776
-0.3637253940105438 | [0.38] | -0.014593332492054994
-0.31962642073631287 | [0.42] | -0.017885959476760114
-0.2763291597366333 | [0.46] | -0.02132645745267772
-0.23402824997901917 | [0.5] | -0.02486286599261163
-0.19288814067840576 | [0.53] | -0.028449684914233078
-0.15304094552993774 | [0.57] | -0.032049032392554314
-0.11458567529916763 | [0.6] | -0.03563114944319931
-0.0775887593626976 | [0.63] | -0.03917436219454994
-0.04208558425307274 | [0.65] | -0.04266465668578384
-0.0080827372148633 | [0.68] | -0.04609499188454889
0.024439245462417603 | [0.7] | -0.049464516015161636
0.05552290752530098 | [0.73] | -0.05277776351821171
0.08523089438676834 | [0.75] | -0.056043915497873964
0.1136431023478508 | [0.77] | -0.05927617713270498
0.14085406064987183 | [0.79] | -0.06249129242049824
0.16697068512439728 | [0.81] | -0.0657092041877535
0.19211037456989288 | [0.83] | -0.06895286787706052
0.21639946103096008 | [0.85] | -0.07224820074441655
0.2399720996618271 | [0.87] | -0.07562418195574021
0.2629695236682892 | [0.89] | -0.07911308480143649
0.28553956747055054 | [0.91] | -0.08275084061139532
0.307836651802063 | [0.93] | -0.08657755284132722
0.3300218880176544 | [0.95] | -0.09063813725584705
0.35226359963417053 | [0.97] | -0.09498314222005799
0.37473800778388977 | [1.] | -0.09966973390648044
0.3976302444934845 | [1.02] | -0.10476289620833541
0.42110002040863037 | [1.05] | -0.11028861175599727
0.44531312584877014 | [1.08] | 99.88368696830334
Total reward: 94.00258508056855
1.0, 5.5, 0.5
parameter ends

state | action | reward
[-0.58] | [-0.08] | -0.0005971053779635582
-0.5769876837730408 | [-0.08] | -0.0005688280985222831
-0.5764172077178955 | [-0.07] | -0.0005369892359802401
-0.5755621790885925 | [-0.07] | -0.0005021057785874202
-0.5744252800941467 | [-0.07] | -0.0004647461757369423
-0.5730109214782715 | [-0.07] | -0.0004255198077006143
-0.5713251829147339 | [-0.06] | -0.000385063802957746
-0.56937575340271 | [-0.06] | -0.0003440294863004091
-0.567172110080719 | [-0.06] | -0.0003030712704094765
-0.5647251605987549 | [-0.05] | -0.0002628290180622466
-0.5620474219322205 | [-0.05] | -0.00022391732015325183
-0.5591529607772827 | [-0.04] | -0.0001869121568839698
-0.5560571551322937 | [-0.04] | -0.00015233703875480395
-0.5527768731117249 | [-0.03] | -0.00012065412599177122
-0.5493301153182983 | [-0.03] | -9.225222380135314e-05
-0.5457361340522766 | [-0.03] | -6.744036693829162e-05
-0.5420151948928833 | [-0.02] | -4.6440664216853444e-05
-0.5381885170936584 | [-0.02] | -2.9384528326678076e-05
-0.5342782139778137 | [-0.01] | -1.631086144023022e-05
-0.5303069353103638 | [-0.01] | -7.165678804855162e-06
-0.5262980461120605 | [-0.] | -1.8056454460375384e-06
-0.5222753286361694 | [-0.] | -2.2585640004285992e-09
-0.5182627439498901 | [0.] | -1.4489188756265517e-06
-0.5142844915390015 | [0.01] | -5.7699514606227025e-06
-0.5103646516799927 | [0.01] | -1.2531375263073097e-05
-0.5065272450447083 | [0.01] | -2.125285298551225e-05
-0.5027959942817688 | [0.02] | -3.142106278826752e-05
-0.49919405579566956 | [0.02] | -4.250444907256383e-05
-0.4957440495491028 | [0.02] | -5.3967496625037135e-05
-0.49246788024902344 | [0.03] | -6.528565948051186e-05
-0.48938652873039246 | [0.03] | -7.596044518091658e-05
-0.4865199625492096 | [0.03] | -8.553336293121357e-05
-0.48388704657554626 | [0.03] | -9.359888547816992e-05
-0.4815053939819336 | [0.03] | -9.981650610127837e-05
-0.4793912172317505 | [0.03] | -0.00010392134850090748
-0.47755926847457886 | [0.03] | -0.00010573238309503841
-0.47602272033691406 | [0.03] | -0.00010515900017649426
-0.4747931659221649 | [0.03] | -0.00010220463440970614
-0.4738803803920746 | [0.03] | -9.696963232459053e-05
-0.47329238057136536 | [0.03] | -8.964972558662957e-05
-0.4730353355407715 | [0.03] | -8.053311223424998e-05
-0.4731135070323944 | [0.03] | -6.999492625540473e-05
-0.473529189825058 | [0.02] | -5.8489358974364714e-05
-0.47428271174430847 | [0.02] | -4.6539268425127424e-05
-0.4753723740577698 | [0.02] | -3.472409342486437e-05
-0.4767945408821106 | [0.02] | -2.366540017569817e-05
-0.4785435199737549 | [0.01] | -1.4011837986476137e-05
-0.4806116223335266 | [0.01] | -6.422163633947411e-06
-0.48298922181129456 | [0.] | -1.5476720841131536e-06
-0.4856647253036499 | [-0.] | -1.4440361469861969e-08
-0.4886246919631958 | [-0.] | -2.405422963847704e-06
-0.49185383319854736 | [-0.01] | -9.243187427337369e-06
-0.4953351318836212 | [-0.01] | -2.0973601944471926e-05
-0.4990498721599579 | [-0.02] | -3.7950791505678966e-05
-0.5029777884483337 | [-0.02] | -6.0424156202253066e-05
-0.5070971250534058 | [-0.03] | -8.852725572903097e-05
-0.5113847851753235 | [-0.03] | -0.00012226961295145299
-0.5158165097236633 | [-0.04] | -0.00016153156464145655
-0.520366907119751 | [-0.05] | -0.00020606108723400626
-0.5250096321105957 | [-0.05] | -0.0002554745362433294
-0.5297175645828247 | [-0.06] | -0.0003092607370615179
-0.5344630479812622 | [-0.06] | -0.00036678899038537343
-0.5392178893089294 | [-0.07] | -0.00042731743716499775
-0.5439536571502686 | [-0.07] | -0.0004900075111267218
-0.5486418604850769 | [-0.07] | -0.0005539397288918391
-0.5532540678977966 | [-0.08] | -0.0006181309353004942
-0.557762086391449 | [-0.08] | -0.0006815539418205848
-0.5621381998062134 | [-0.09] | -0.0007431597445319918
-0.5663552284240723 | [-0.09] | -0.0008018975889094774
-0.5703867673873901 | [-0.09] | -0.0008567387007324027
-0.5742073655128479 | [-0.1] | -0.0009066986834164605
-0.5777927041053772 | [-0.1] | -0.0009508598591282062
-0.5811196565628052 | [-0.1] | -0.000988390003827927
-0.5841664671897888 | [-0.1] | -0.0010185620414152373
-0.5869128704071045 | [-0.1] | -0.0010407706499566368
-0.589340329170227 | [-0.1] | -0.0010545492021506717
-0.5914319157600403 | [-0.1] | -0.0010595767221739452
-0.5931726694107056 | [-0.1] | -0.001055691972940567
-0.5945495367050171 | [-0.1] | -0.0010428958096848518
-0.5955514311790466 | [-0.1] | -0.001021352874434802
-0.5961694717407227 | [-0.1] | -0.000991393697556809
-0.5963968634605408 | [-0.1] | -0.0009535061608069635
-0.596229076385498 | [-0.1] | -0.0009083298305719355
-0.595663845539093 | [-0.09] | -0.0008566434723436309
-0.5947011709213257 | [-0.09] | -0.0007993497151020821
-0.5933433771133423 | [-0.09] | -0.0007374581864609582
-0.5915951132774353 | [-0.08] | -0.0006720650628806956
-0.5894633531570435 | [-0.08] | -0.0006043306776051897
-0.5869574546813965 | [-0.07] | -0.0005354563796004875
-0.5840889811515808 | [-0.07] | -0.00046665659441752114
-0.5808717608451843 | [-0.06] | -0.0003991342938472991
-0.5773218870162964 | [-0.06] | -0.0003340552074992267
-0.5734575390815735 | [-0.05] | -0.00027252047379935934
-0.5692989230155945 | [-0.05] | -0.00021554238332876542
-0.5648682713508606 | [-0.04] | -0.0001640224040527164
-0.5601896643638611 | [-0.03] | -0.00011872968971463798
-0.5552888512611389 | [-0.03] | -8.02831964664172e-05
-0.550193190574646 | [-0.02] | -4.9138204059767655e-05
-0.5449315309524536 | [-0.02] | -2.5576014947801972e-05
-0.5395339727401733 | [-0.01] | -9.697340552342803e-06
-0.5340317487716675 | [-0.] | -1.4208736673079292e-06
-0.5284569263458252 | [0.] | -4.860112406469309e-07
-0.5228423476219177 | [0.01] | -6.460502688389244e-06
-0.5172213912010193 | [0.01] | -1.8751987685922433e-05
-0.511627733707428 | [0.02] | -3.662389190972035e-05
-0.5060951113700867 | [0.02] | -5.921521091897766e-05
-0.5006572008132935 | [0.03] | -8.556296861453163e-05
-0.49534738063812256 | [0.03] | -0.00011462759259861444
-0.49019840359687805 | [0.04] | -0.00014532118784410262
-0.4852423071861267 | [0.04] | -0.0001765356759986292
-0.48051023483276367 | [0.05] | -0.00020717190060069902
-0.47603216767311096 | [0.05] | -0.00023616934899777753
-0.47183674573898315 | [0.05] | -0.0002625346618261807
-0.46795111894607544 | [0.05] | -0.000285368203553015
-0.4644007682800293 | [0.06] | -0.0003038888193544526
-0.46120938658714294 | [0.06] | -0.0003174554156768068
-0.458398699760437 | [0.06] | -0.00032558593455168553
-0.4559882879257202 | [0.06] | -0.00032797279718491936
-0.45399558544158936 | [0.06] | -0.0003244923595203561
-0.4524356722831726 | [0.06] | -0.00031521247131165224
-0.45132124423980713 | [0.05] | -0.0003003935519074443
-0.45066243410110474 | [0.05] | -0.00028048683234126436
-0.4504668414592743 | [0.05] | -0.00025612561560876005
-0.45073944330215454 | [0.05] | -0.0002281134746568136
-0.45148250460624695 | [0.04] | -0.00019740801753219511
-0.4526955783367157 | [0.04] | -0.000165099658132413
-0.4543754756450653 | [0.04] | -0.0001323870146940329
-0.4565162658691406 | [0.03] | -0.00010054880421069847
-0.45910921692848206 | [0.03] | -7.091340076040378e-05
-0.4621428847312927 | [0.02] | -4.482521732705595e-05
-0.4656031131744385 | [0.02] | -2.3610440749243007e-05
-0.46947306394577026 | [0.01] | -8.541893117773603e-06
-0.4737333059310913 | [0.] | -8.039240619890003e-07
-0.47836190462112427 | [-0.] | -1.4585818959731366e-06
-0.4833344519138336 | [-0.01] | -1.141370174969911e-05
-0.4886242747306824 | [-0.02] | -3.1393888886913425e-05
-0.49420249462127686 | [-0.02] | -6.191521457292516e-05
-0.5000382661819458 | [-0.03] | -0.0001032648482590048
-0.506098747253418 | [-0.04] | -0.00015548434505586176
-0.5123496055603027 | [-0.05] | -0.00021836196391218635
-0.5187548995018005 | [-0.05] | -0.00029142687490313297
-0.5252774953842163 | [-0.06] | -0.0003739534610398517
-0.5318792462348938 | [-0.07] | -0.0004649704286429283
-0.5385211706161499 | [-0.08] | -0.0005632755890186269
-0.5451637506484985 | [-0.08] | -0.0006674579899495437
-0.5517672896385193 | [-0.09] | -0.0007759269476924421
-0.5582919120788574 | [-0.09] | -0.0008869398501360371
-0.5646981000900269 | [-0.1] | -0.000998642990042584
-0.5709466934204102 | [-0.11] | -0.0011091060771657585
-0.5769993662834167 | [-0.11] | -0.0012163681130991824
-0.5828186869621277 | [-0.11] | -0.001318476224414028
-0.5883684158325195 | [-0.12] | -0.0014135298874727385
-0.5936137437820435 | [-0.12] | -0.0014997231250422596
-0.5985215306282043 | [-0.13] | -0.00157538554208026
-0.6030603647232056 | [-0.13] | -0.0016390166448866845
-0.6072009205818176 | [-0.13] | -0.0016893242229629127
-0.6109159588813782 | [-0.13] | -0.0017252502590412375
-0.6141806244850159 | [-0.13] | -0.0017459999924725389
-0.6169724464416504 | [-0.13] | -0.0017510581961111993
-0.6192715764045715 | [-0.13] | -0.0017402068180671023
-0.621060848236084 | [-0.13] | -0.0017135319067157206
-0.6223258972167969 | [-0.13] | -0.001671426529341507
-0.6230552196502686 | [-0.13] | -0.0016145860457728721
-0.6232402324676514 | [-0.12] | -0.0015439974904780853
-0.6228753924369812 | [-0.12] | -0.001460924513461157
-0.6219582557678223 | [-0.12] | -0.001366884924328763
-0.6204894185066223 | [-0.11] | -0.0012636199500511136
-0.618472695350647 | [-0.11] | -0.0011530640873012084
-0.615915060043335 | [-0.1] | -0.0010373046516462254
-0.6128266453742981 | [-0.1] | -0.0009185388759654656
-0.6092207431793213 | [-0.09] | -0.0007990279680078522
-0.6051138043403625 | [-0.08] | -0.0006810488563475765
-0.6005253791809082 | [-0.08] | -0.0005668435808662293
-0.5954780578613281 | [-0.07] | -0.00045856866769594185
-0.5899973511695862 | [-0.06] | -0.0003582449459937635
-0.584111750125885 | [-0.05] | -0.00026771200252829347
-0.5778523683547974 | [-0.04] | -0.00018858089465303716
-0.5712530612945557 | [-0.03] | -0.00012219754119570904
-0.5643499493598938 | [-0.03] | -6.960624289105846e-05
-0.5571815967559814 | [-0.02] | -3.152578230443647e-05
-0.5497884154319763 | [-0.01] | -8.328121344728393e-06
-0.5422126650810242 | [-0.] | -2.983143122838039e-08
-0.5344982147216797 | [0.01] | -6.290374280169131e-06
-0.5266901254653931 | [0.02] | -2.6420006652636085e-05
-0.5188344717025757 | [0.02] | -5.939700638366713e-05
-0.5109780430793762 | [0.03] | -0.00010389323246382933
-0.5031678676605225 | [0.04] | -0.00015830918590525262
-0.4954511523246765 | [0.05] | -0.0002208136002081213
-0.4878748059272766 | [0.05] | -0.00028939146330966164
-0.4804851710796356 | [0.06] | -0.000361895690618405
-0.47332775592803955 | [0.07] | -0.0004361017680992955
-0.4664469063282013 | [0.07] | -0.0005097651297169777
-0.45988547801971436 | [0.08] | -0.0005806793386048289
-0.4536846876144409 | [0.08] | -0.0006467308470719469
-0.44788381457328796 | [0.08] | -0.0007059537472019796
-0.4425199031829834 | [0.09] | -0.0007565813305665568
-0.4376276135444641 | [0.09] | -0.0007970909703216876
-0.43323907256126404 | [0.09] | -0.000826243339790245
-0.42938360571861267 | [0.09] | -0.000843117828154524
-0.4260876476764679 | [0.09] | -0.0008471379497100219
-0.42337459325790405 | [0.09] | -0.0008380903126680196
-0.4212646186351776 | [0.09] | -0.0008161365533735003
-0.4197746217250824 | [0.09] | -0.0007818148513221567
-0.4189181625843048 | [0.09] | -0.0007360333890448368
-0.4187052845954895 | [0.08] | -0.000680057607565546
-0.419142484664917 | [0.08] | -0.0006154864988341163
-0.4202326536178589 | [0.07] | -0.0005442214901786239
-0.4219750463962555 | [0.07] | -0.00046842725875245533
-0.42436522245407104 | [0.06] | -0.00039048591208081586
-0.42739495635032654 | [0.06] | -0.0003129449507872416
-0.4310523271560669 | [0.05] | -0.00023845725011050774
-0.4353216886520386 | [0.04] | -0.0001697184776860625
-0.4401836097240448 | [0.03] | -0.0001094011344375779
-0.4456150233745575 | [0.02] | -6.008494058524521e-05
-0.4515892267227173 | [0.02] | -2.4188602924954482e-05
-0.45807597041130066 | [0.01] | -3.9023866655025535e-06
-0.4650416076183319 | [-0.] | -1.1240163503335527e-06
-0.4724492132663727 | [-0.01] | -1.7400189376442384e-05
-0.4802587032318115 | [-0.02] | -5.387478090791722e-05
-0.48842716217041016 | [-0.03] | -0.00011124649750484254
-0.49690893292427063 | [-0.04] | -0.00018973614824586844
-0.5056560039520264 | [-0.05] | -0.0002890667196635972
-0.5146182179450989 | [-0.06] | -0.0004084549707639168
-0.5237436890602112 | [-0.07] | -0.0005466179616320455
-0.5329789519309998 | [-0.08] | -0.0007017890668524667
-0.5422695279121399 | [-0.09] | -0.0008717521838023202
-0.5515602231025696 | [-0.1] | -0.0010538846204841913
-0.5607954263687134 | [-0.11] | -0.0012452096524178614
-0.5699195861816406 | [-0.12] | -0.0014424623052496455
-0.5788776278495789 | [-0.13] | -0.0016421615652127853
-0.5876151919364929 | [-0.14] | -0.001840683996934485
-0.5960791110992432 | [-0.14] | -0.002034347341734658
-0.6042176485061646 | [-0.15] | -0.0022194884325065583
-0.6119808554649353 | [-0.15] | -0.0023925457025061846
-0.6193209886550903 | [-0.16] | -0.0025501406556865517
-0.626192569732666 | [-0.16] | -0.00268914541657609
-0.6325527429580688 | [-0.17] | -0.002806754262677202
-0.6383615136146545 | [-0.17] | -0.002900545532191778
-0.6435819268226624 | [-0.17] | -0.0029685345887261864
-0.6481802463531494 | [-0.17] | -0.003009218292929675
-0.6521260142326355 | [-0.17] | -0.0030216072554312555
-0.6553922891616821 | [-0.17] | -0.003005254991172617
-0.6579557061195374 | [-0.17] | -0.002960271021930553
-0.6597965955734253 | [-0.17] | -0.002887326602517552
-0.6608990430831909 | [-0.17] | -0.002787648150586416
-0.6612510681152344 | [-0.16] | -0.002663004360249416
-0.6608445644378662 | [-0.16] | -0.0025156748738277756
-0.6596754789352417 | [-0.15] | -0.002348416787357111
-0.6577438116073608 | [-0.15] | -0.0021644149294115745
-0.6550536751747131 | [-0.14] | -0.001967224487602887
-0.6516133546829224 | [-0.13] | -0.0017607043968500145
-0.6474353671073914 | [-0.12] | -0.0015489421535425786
-0.6425365209579468 | [-0.12] | -0.0013361710340622967
-0.6369378566741943 | [-0.11] | -0.00112667829395396
-0.6306646466255188 | [-0.1] | -0.0009247114789997049
-0.623746395111084 | [-0.09] | -0.0007343819165089035
-0.6162168383598328 | [-0.07] | -0.0005595683573668371
-0.6081137657165527 | [-0.06] | -0.0004038200946065735
-0.5994789004325867 | [-0.05] | -0.0002702671389267997
-0.5903578400611877 | [-0.04] | -0.00016153942145685914
-0.5807996988296509 | [-0.03] | -7.969313913296509e-05
-0.5708569884300232 | [-0.02] | -2.6153952490054824e-05
-0.5605853199958801 | [-0.] | -1.673674352701258e-06
-0.5500429272651672 | [0.01] | -6.304599468492933e-06
-0.5392904877662659 | [0.02] | -3.939342045828571e-05
-0.528390645980835 | [0.03] | -9.959330526883497e-05
-0.5174075365066528 | [0.04] | -0.00018489595583280984
-0.5064063668251038 | [0.05] | -0.00029268177412488094
-0.4954529404640198 | [0.06] | -0.0004197867282555517
-0.4846131503582001 | [0.08] | -0.0005625844326818154
-0.47395259141921997 | [0.08] | -0.0007170785892981835
-0.46353599429130554 | [0.09] | -0.0008790067833258649
-0.4534267783164978 | [0.1] | -0.0010439496277720641
-0.44368672370910645 | [0.11] | -0.0012074401539048484
-0.43437546491622925 | [0.12] | -0.0013650766400434148
-0.4255501627922058 | [0.12] | -0.0015126301407746901
-0.4172651767730713 | [0.13] | -0.0016461465099481933
-0.4095717966556549 | [0.13] | -0.001762040358998099
-0.4025179147720337 | [0.14] | -0.0018571818288780888
-0.39614787697792053 | [0.14] | -0.0019289687835989688
-0.39050227403640747 | [0.14] | -0.0019753897737714962
-0.38561776280403137 | [0.14] | -0.001995074186698615
-0.381526917219162 | [0.14] | -0.0019873293537270237
-0.37825819849967957 | [0.14] | -0.0019521616584644787
-0.37583574652671814 | [0.14] | -0.0018902891845331195
-0.37427935004234314 | [0.13] | -0.0018031361591293944
-0.37360432744026184 | [0.13] | -0.0016928159501110361
-0.37382152676582336 | [0.12] | -0.0015620971416455123
-0.37493714690208435 | [0.12] | -0.0014143602843834807
-0.37695276737213135 | [0.11] | -0.00125353529568446
-0.3798651397228241 | [0.1] | -0.0010840308746982892
-0.3836662471294403 | [0.1] | -0.0009106442366443633
-0.3883431553840637 | [0.09] | -0.0007384633043646087
-0.39387795329093933 | [0.08] | -0.0005727552725034727
-0.4002477824687958 | [0.06] | -0.0004188444824899598
-0.4074246883392334 | [0.05] | -0.00028198568408674255
-0.4153757095336914 | [0.04] | -0.00016722900511546021
-0.4240628778934479 | [0.03] | -7.928538319918138e-05
-0.4334432780742645 | [0.01] | -2.239347404401704e-05
-0.44346919655799866 | [0.] | -1.9272287867507041e-07
-0.4540882408618927 | [-0.01] | -1.560737666559209e-05
-0.4652435779571533 | [-0.03] | -7.074497131867432e-05
-0.4768742322921753 | [-0.04] | -0.00016681414576885764
-0.48891544342041016 | [-0.06] | -0.00030406550919885323
-0.5012990236282349 | [-0.07] | -0.00048175739525661577
-0.5139538645744324 | [-0.08] | -0.0006981502752373584
-0.5268063545227051 | [-0.1] | -0.0009505276635619745
-0.5397810339927673 | [-0.11] | -0.0012352479615215799
-0.5528010725975037 | [-0.12] | -0.0015478199679781503
-0.5657890439033508 | [-0.14] | -0.0018830075480496201
-0.5786672234535217 | [-0.15] | -0.002234943753208244
-0.5913585424423218 | [-0.16] | -0.0025972771081866973
-0.6037868857383728 | [-0.17] | -0.0029633122249832318
-0.6158778071403503 | [-0.18] | -0.003326169484038684
-0.6275590062141418 | [-0.19] | -0.003678940041077411
-0.6387608051300049 | [-0.2] | -0.004014839861040957
-0.6494165062904358 | [-0.21] | -0.004327353483669515
-0.6594628691673279 | [-0.21] | -0.004610375494690212
-0.6688402891159058 | [-0.22] | -0.004858329726994516
-0.677493155002594 | [-0.23] | -0.005066283673347827
-0.6853700280189514 | [-0.23] | -0.005230042671451774
-0.6924237608909607 | [-0.23] | -0.005346228741741523
-0.6986115574836731 | [-0.23] | -0.0054123413428287985
-0.7038952112197876 | [-0.23] | -0.005426813796048435
-0.7082410454750061 | [-0.23] | -0.005389041320321585
-0.711620032787323 | [-0.23] | -0.005299403406019398
-0.7140077352523804 | [-0.23] | -0.005159263728571881
-0.7153844833374023 | [-0.22] | -0.0049709664776088494
-0.7157353162765503 | [-0.22] | -0.004737806081674275
-0.7150501012802124 | [-0.21] | -0.0044639895424380925
-0.7133235931396484 | [-0.2] | -0.004154579122413139
-0.7105554938316345 | [-0.2] | -0.003815417860471709
-0.7067505717277527 | [-0.19] | -0.0034530395578594637
-0.7019188404083252 | [-0.18] | -0.003074562631535876
-0.6960756182670593 | [-0.16] | -0.0026875612912230598
-0.6892416477203369 | [-0.15] | -0.002299921781963414
-0.6814433336257935 | [-0.14] | -0.001919686724099986
-0.6727128028869629 | [-0.12] | -0.0015548798722420547
-0.6630879044532776 | [-0.11] | -0.0012133200811427457
-0.6526123285293579 | [-0.09] | -0.0009024338341711045
-0.6413356065750122 | [-0.08] | -0.000629064470263581
-0.629313051700592 | [-0.06] | -0.00039928594174076706
-0.6166056394577026 | [-0.05] | -0.00021822907631186136
-0.6032797694206238 | [-0.03] | -8.99254739402896e-05
-0.5894069671630859 | [-0.01] | -1.7178150878499002e-05
-0.5750634670257568 | [0.] | -1.4636856306816417e-06
-0.560329794883728 | [0.02] | -4.287196070444123e-05
-0.5452901124954224 | [0.04] | -0.00014008657117869916
-0.5300317406654358 | [0.05] | -0.00029040709304669016
-0.5146442651748657 | [0.07] | -0.000489815774221241
-0.49921897053718567 | [0.09] | -0.0007330817975154643
-0.4838479161262512 | [0.1] | -0.0010139049492944414
-0.46862325072288513 | [0.12] | -0.0013250861987678696
-0.45363637804985046 | [0.13] | -0.0016587240846383314
-0.4389771819114685 | [0.14] | -0.002006426397669961
-0.42473337054252625 | [0.15] | -0.0023595271858618296
-0.41098982095718384 | [0.16] | -0.0027093051702708343
-0.39782798290252686 | [0.17] | -0.003047195743234699
-0.3853253424167633 | [0.18] | -0.0033649919697843443
-0.37355512380599976 | [0.19] | -0.003655022634096969
-0.3625858426094055 | [0.2] | -0.003910319000360096
-0.3524811267852783 | [0.2] | -0.004124753107804555
-0.3432995080947876 | [0.21] | -0.00429315912879171
-0.3350943624973297 | [0.21] | -0.004411427459838427
-0.3279137909412384 | [0.21] | -0.004476584629682755
-0.3218006193637848 | [0.21] | -0.004486848742497174
-0.31679242849349976 | [0.21] | -0.004441666306376859
-0.31292155385017395 | [0.21] | -0.004341733679916168
-0.3102150857448578 | [0.2] | -0.004189000637875868
-0.30869489908218384 | [0.2] | -0.003986655047856498
-0.3083776533603668 | [0.19] | -0.0037390904504887926
-0.30927467346191406 | [0.19] | -0.003451858302039163
-0.3113919496536255 | [0.18] | -0.003131593755859972
-0.3147299587726593 | [0.17] | -0.0027859253291946033
-0.3192836046218872 | [0.16] | -0.0024233551148160103
-0.3250419497489929 | [0.14] | -0.0020531205741283493
-0.33198803663253784 | [0.13] | -0.0016850258867826989
-0.34009864926338196 | [0.12] | -0.0013292490427426141
-0.3493441045284271 | [0.1] | -0.0009961230295402338
-0.35968804359436035 | [0.08] | -0.0006958957860174286
-0.3710872232913971 | [0.07] | -0.00043847299580910117
-0.3834914267063141 | [0.05] | -0.00023314885800358818
-0.3968433439731598 | [0.03] | -8.833484008287307e-05
-0.4110785722732544 | [0.01] | -1.1294567175529347e-05
-0.4261258542537689 | [-0.01] | -7.895794479898509e-06
-0.44190713763237 | [-0.03] | -8.239267634744053e-05
-0.45833802223205566 | [-0.05] | -0.00023724662915186048
-0.47532832622528076 | [-0.07] | -0.0004729994739213331
-0.4927825629711151 | [-0.09] | -0.0007882029269873532
-0.510600745677948 | [-0.11] | -0.0011794129698790986
-0.5286793112754822 | [-0.13] | -0.0016412515463635703
-0.5469119548797607 | [-0.15] | -0.0021665290875701702
-0.5651906728744507 | [-0.17] | -0.0027464278091193354
-0.5834068059921265 | [-0.18] | -0.0033707355480044063
-0.6014521718025208 | [-0.2] | -0.0040281211098145185
-0.6192200183868408 | [-0.22] | -0.004706430989100439
-0.6366059184074402 | [-0.23] | -0.005392997708061393
-0.653508722782135 | [-0.25] | -0.006074954041219675
-0.669831395149231 | [-0.26] | -0.006739535020556089
-0.685481607913971 | [-0.27] | -0.007374355452585482
-0.7003721594810486 | [-0.28] | -0.007967651974732065
-0.7144216299057007 | [-0.29] | -0.00850851649126429
-0.7275543212890625 | [-0.3] | -0.008987061614678956
-0.7397007346153259 | [-0.31] | -0.009394590776466373
-0.7507973313331604 | [-0.31] | -0.009723700100279939
-0.7607865929603577 | [-0.32] | -0.00996837741369044
-0.7696168422698975 | [-0.32] | -0.010124065512492423
-0.7772422432899475 | [-0.32] | -0.010187721133013855
-0.7836224436759949 | [-0.32] | -0.010157836672193067
-0.7887223958969116 | [-0.32] | -0.01003446054100167
-0.7925121784210205 | [-0.31] | -0.009819206072827288
-0.7949669361114502 | [-0.31] | -0.009515255581007818
-0.7960666418075562 | [-0.3] | -0.009127339396673598
-0.7957960367202759 | [-0.29] | -0.00866171080765207
-0.794144868850708 | [-0.29] | -0.00812611942822667
-0.7911077737808228 | [-0.27] | -0.007529739250297736
-0.786684513092041 | [-0.26] | -0.006883090751086044
-0.7808802127838135 | [-0.25] | -0.006197930172220206
-0.7737056612968445 | [-0.23] | -0.005487105508823638
-0.7651777863502502 | [-0.22] | -0.0047643804202057915
-0.7553200125694275 | [-0.2] | -0.004044209295754109
-0.7441626191139221 | [-0.18] | -0.0033414694961570604
-0.7317432761192322 | [-0.16] | -0.0026711613549281416
-0.7181075215339661 | [-0.14] | -0.002048067457316649
-0.7033089995384216 | [-0.12] | -0.0014863757510367173
-0.6874098777770996 | [-0.1] | -0.0009992918285260958
-0.6704809665679932 | [-0.08] | -0.0005986409896133753
-0.6526017785072327 | [-0.05] | -0.00029448330397184667
-0.6338604688644409 | [-0.03] | -9.47603778620917e-05
-0.614353358745575 | [-0.01] | -4.990323752562896e-06
-0.5941845774650574 | [0.02] | -2.803555759470257e-05
-0.5734652280807495 | [0.04] | -0.00016395425611232884
-0.5523125529289246 | [0.06] | -0.00040994982594357856
-0.5308487415313721 | [0.09] | -0.0007604248814746542
-0.5091997385025024 | [0.11] | -0.0012071374905508747
-0.4874938726425171 | [0.13] | -0.0017394531094318438
-0.4658604562282562 | [0.15] | -0.002344677739215923
-0.4444282054901123 | [0.17] | -0.0030084594489107226
-0.42332401871681213 | [0.19] | -0.0037152211885772835
-0.4026714563369751 | [0.21] | -0.004448623652856829
-0.382589727640152 | [0.23] | -0.005192011210981008
-0.36319249868392944 | [0.24] | -0.005928847098219461
-0.34458717703819275 | [0.26] | -0.0066430964871814005
-0.3268742263317108 | [0.27] | -0.007319568059092152
-0.3101467192173004 | [0.28] | -0.007944199858025414
-0.29449012875556946 | [0.29] | -0.0085042864970697
-0.2799822986125946 | [0.3] | -0.008988651761330532
-0.26669350266456604 | [0.31] | -0.009387782259553166
-0.25468674302101135 | [0.31] | -0.009693911890339205
-0.24401803314685822 | [0.31] | -0.009901083774259536
-0.2347368448972702 | [0.32] | -0.010005183649093396
-0.22688649594783783 | [0.32] | -0.010003963509512409
-0.22050461173057556 | [0.31] | -0.009897050939967065
-0.21562348306179047 | [0.31] | -0.009685957634689452
-0.21227045357227325 | [0.31] | -0.009374079644153275
-0.21046815812587738 | [0.3] | -0.008966697989512315
-0.21023470163345337 | [0.29] | -0.00847097155940171
-0.2115837037563324 | [0.28] | -0.007895921200875131
-0.2145242542028427 | [0.27] | -0.007252395824436791
-0.2190607488155365 | [0.26] | -0.006553014757729485
-0.22519254684448242 | [0.24] | -0.005812080636771035
-0.23291358351707458 | [0.22] | -0.005045446320878843
-0.24221181869506836 | [0.21] | -0.0042703341074876305
-0.25306862592697144 | [0.19] | -0.0035050940867356164
-0.26545804738998413 | [0.17] | -0.0027688987735793383
-0.27934613823890686 | [0.14] | -0.0020813651794386843
-0.2946901321411133 | [0.12] | -0.001462114383319205
-0.3114377558231354 | [0.1] | -0.0009302651199299353
-0.3295266330242157 | [0.07] | -0.0005038797983412849
-0.3488837480545044 | [0.04] | -0.00019938181602740601
-0.36942505836486816 | [0.02] | -3.0968099572456846e-05
-0.39105549454689026 | [-0.01] | -1.004571629183472e-05
-0.41366904973983765 | [-0.04] | -0.0001447311075256922
-0.4371492564678192 | [-0.07] | -0.00043944244160206184
-0.461370050907135 | [-0.09] | -0.0008946199002268127
-0.48619672656059265 | [-0.12] | -0.0015065940140196786
-0.5114874243736267 | [-0.15] | -0.002267624091939441
-0.5370948314666748 | [-0.18] | -0.0031661059950009868
-0.5628679394721985 | [-0.2] | -0.004186937068803631
-0.5886541604995728 | [-0.23] | -0.005312024409445832
-0.6143012642860413 | [-0.26] | -0.006520889028411312
-0.6396595239639282 | [-0.28] | -0.00779134558623297
-0.6645835041999817 | [-0.3] | -0.009100193049008012
-0.688933789730072 | [-0.32] | -0.010423891138010686
-0.7125785946846008 | [-0.34] | -0.011739194075601152
-0.7353947162628174 | [-0.36] | -0.013023681013374916
-0.7572684288024902 | [-0.38] | -0.014256204146495477
-0.7780960202217102 | [-0.39] | -0.015417234606838437
-0.7977839708328247 | [-0.41] | -0.01648910179284762
-0.8162488341331482 | [-0.42] | -0.017456141898386818
-0.8334168195724487 | [-0.43] | -0.018304764576973578
-0.8492233157157898 | [-0.44] | -0.019023473891230214
-0.863612174987793 | [-0.44] | -0.019602836939354204
-0.8765348196029663 | [-0.45] | -0.02003542445057855
-0.8879494667053223 | [-0.45] | -0.020315756536412558
-0.8978201150894165 | [-0.45] | -0.020440231056629746
-0.9061157703399658 | [-0.45] | -0.02040708273634971
-0.9128096699714661 | [-0.45] | -0.020216358605722698
-0.9178784489631653 | [-0.45] | -0.019869899917169778
-0.9213016629219055 | [-0.44] | -0.0193713725191658
-0.9230612516403198 | [-0.43] | -0.01872630170423518
-0.9231413006782532 | [-0.42] | -0.017942139752208545
-0.9215278625488281 | [-0.41] | -0.017028336775577534
-0.9182090163230896 | [-0.4] | -0.01599642158565773
-0.9131749272346497 | [-0.39] | -0.014860061758966599
-0.9064184427261353 | [-0.37] | -0.01363513254756851
-0.8979355096817017 | [-0.35] | -0.012339722655491955
-0.8877260088920593 | [-0.33] | -0.010994105959470483
-0.875794529914856 | [-0.31] | -0.009620628825624684
-0.8621516227722168 | [-0.29] | -0.00824353193415484
-0.8468148112297058 | [-0.26] | -0.0068886446340977615
-0.8298099637031555 | [-0.24] | -0.005582979894916207
-0.811172604560852 | [-0.21] | -0.00435419793920003
-0.7909492254257202 | [-0.18] | -0.0032299482731416064
-0.769198477268219 | [-0.15] | -0.002237095739485119
-0.7459922432899475 | [-0.12] | -0.001400862524580987
-0.7214166522026062 | [-0.09] | -0.0007439194988024785
-0.6955723166465759 | [-0.05] | -0.0002854617943385229
-0.6685748100280762 | [-0.02] | -4.035491930813257e-05
-0.6405540704727173 | [0.01] | -1.8387296519348577e-05
-0.611653745174408 | [0.05] | -0.0002237119499473938
-0.5820297002792358 | [0.08] | -0.0006545233656864526
-0.551848292350769 | [0.11] | -0.0013030090205543412
-0.5212840437889099 | [0.15] | -0.002155590767826596
-0.49051693081855774 | [0.18] | -0.0031934472896067104
-0.45972946286201477 | [0.21] | -0.004393281381870819
-0.42910370230674744 | [0.24] | -0.005728268373961604
-0.3988181948661804 | [0.27] | -0.007169120688687982
-0.3690451979637146 | [0.29] | -0.00868517823418806
-0.33994820713996887 | [0.32] | -0.01024545558380127
-0.3116798400878906 | [0.34] | -0.011819582657586494
-0.2843802273273468 | [0.37] | -0.013378590860619217
-0.2581760287284851 | [0.39] | -0.014895513587464238
-0.23317979276180267 | [0.4] | -0.0163458114638874
-0.20948994159698486 | [0.42] | -0.01770761737540689
-0.1871912181377411 | [0.44] | -0.01896182628265873
-0.16635535657405853 | [0.45] | -0.02009207848023858
-0.1470421999692917 | [0.46] | -0.021084638295102744
-0.12930095195770264 | [0.47] | -0.021928229148054104
-0.11317155510187149 | [0.48] | -0.022613839347599488
-0.09868614375591278 | [0.48] | -0.023134524633408815
-0.08587048947811127 | [0.48] | -0.023485228357003774
-0.07474541664123535 | [0.49] | -0.02366262951860977
-0.06532809138298035 | [0.49] | -0.02366503442471869
-0.057633206248283386 | [0.48] | -0.0234923106512253
-0.0516740120947361 | [0.48] | -0.023145870694485288
-0.04746318608522415 | [0.48] | -0.02262870240317626
-0.045013513416051865 | [0.47] | -0.02194544704561993
-0.044338393956422806 | [0.46] | -0.021102518118268302
-0.04545212537050247 | [0.45] | -0.020108259760123443
-0.04837001860141754 | [0.44] | -0.018973129846657145
-0.05310826376080513 | [0.42] | -0.017709904838787618
-0.05968359857797623 | [0.4] | -0.016333887926299792
-0.06811273843050003 | [0.39] | -0.01486310539549462
-0.07841157913208008 | [0.36] | -0.013318470860280249
-0.09059415012598038 | [0.34] | -0.01172389270974738
-0.10467135161161423 | [0.32] | -0.010106296901619636
-0.12064945697784424 | [0.29] | -0.008495533451217206
-0.13852837681770325 | [0.26] | -0.006924138840394981
-0.1582997888326645 | [0.23] | -0.005426917599364118
-0.17994511127471924 | [0.2] | -0.004040326149813493
-0.20343340933322906 | [0.17] | -0.0028016386302630765
-0.2287193238735199 | [0.13] | -0.0017478993909710251
-0.255741149187088 | [0.1] | -0.000914679012023302
-0.28441911935806274 | [0.06] | -0.00033468650028364725
-0.314654141664505 | [0.02] | -3.630277406573715e-05
-0.3463270366191864 | [-0.02] | -4.213962541674589e-05
-0.37929847836494446 | [-0.06] | -0.00036773729052510563
-0.41340965032577515 | [-0.1] | -0.0010205245300694056
-0.44848379492759705 | [-0.14] | -0.0019991570201980183
-0.48432862758636475 | [-0.18] | -0.0032933250831762573
-0.5207394957542419 | [-0.22] | -0.004884073197693641
-0.557503342628479 | [-0.26] | -0.0067446395620459065
-0.5944029092788696 | [-0.3] | -0.008841727430242436
-0.6312214136123657 | [-0.33] | -0.011137124789176946
-0.6677473187446594 | [-0.37] | -0.013589525459318519
-0.7037784457206726 | [-0.4] | -0.01615634999118991
-0.7391260266304016 | [-0.43] | -0.018795481395480908
-0.7736177444458008 | [-0.46] | -0.021466737805418308
-0.807100236415863 | [-0.49] | -0.02413303955159544
-0.8394405841827393 | [-0.52] | -0.02676121346553711
-0.8705269694328308 | [-0.54] | -0.029322440069341146
-0.9002686142921448 | [-0.56] | -0.03179240115449738
-0.9285949468612671 | [-0.58] | -0.03415115060722807
-0.9554544687271118 | [-0.6] | -0.03638283061691614
-0.9808128476142883 | [-0.62] | -0.03847521937965277
-1.0046510696411133 | [-0.64] | -0.04041924318914257
-1.026963233947754 | [-0.65] | -0.04220845607750815
-1.0477545261383057 | [-0.66] | -0.04383854650287289
-1.0670390129089355 | [-0.67] | -0.04530686190639076
-1.084837555885315 | [-0.68] | -0.04661198796615126
-1.101176142692566 | [-0.69] | -0.047753407147156465
-1.1160839796066284 | [-0.7] | -0.04873117706314273
-1.1295921802520752 | [-0.7] | -0.049545706312398546
-1.1417322158813477 | [-0.71] | -0.0501975282897274
-1.15253484249115 | [-0.71] | -0.05068716294278269
-1.1620291471481323 | [-0.71] | -0.05101501059796786
-1.1702417135238647 | [-0.72] | -0.05118127636003107
-1.1771957874298096 | [-0.72] | -0.05118591286270694
-1.1829107999801636 | [-0.71] | -0.0510286211005389
-1.1874016523361206 | [-0.71] | -0.05070883334386597
-1.190678596496582 | [-0.71] | -0.05022579485615928
-1.192746639251709 | [-0.7] | -0.049578594068030474
-1.1936054229736328 | [-0.7] | -0.04876627838697675
-1.193248987197876 | [-0.69] | -0.04778797357774899
-1.1916656494140625 | [-0.68] | -0.046643044001215245
-1.1888378858566284 | [-0.67] | -0.04533127834360113
-1.1847423315048218 | [-0.66] | -0.04385312027994578
-1.1793498992919922 | [-0.65] | -0.042209945329692806
-1.17262601852417 | [-0.64] | -0.04040438166050136
-1.1645305156707764 | [-0.62] | -0.03844061733605463
-1.1550182104110718 | [-0.6] | -0.03632482393693264
-1.1440396308898926 | [-0.58] | -0.03406561429250431
-1.13154137134552 | [-0.56] | -0.0316744614118099
-1.117466926574707 | [-0.54] | -0.029166175564008245
-1.1017578840255737 | [-0.52] | -0.026559387494782656
-1.0843552350997925 | [-0.49] | -0.023876987067746696
-1.0652010440826416 | [-0.46] | -0.021146503943547147
-1.0442403554916382 | [-0.43] | -0.01840036231810923
-1.0214232206344604 | [-0.4] | -0.015675956165523003
-0.9967073798179626 | [-0.36] | -0.013015527322302482
-0.9700613617897034 | [-0.32] | -0.010465752970873848
-0.9414672255516052 | [-0.28] | -0.008076934811925496
-0.9109240770339966 | [-0.24] | -0.005901833415845795
-0.878451406955719 | [-0.2] | -0.003994065326966625
-0.844092071056366 | [-0.16] | -0.002406085592923041
-0.8079152703285217 | [-0.11] | -0.0011868574908895384
-0.7700188755989075 | [-0.06] | -0.0003793148342261299
-0.7305305004119873 | [-0.01] | -1.7807126160502076e-05
-0.6896079182624817 | [0.04] | -0.00012578572695440827
-0.6474379301071167 | [0.08] | -0.0007139768049043292
-0.6042336225509644 | [0.13] | -0.0017792948772534043
-0.5602303147315979 | [0.18] | -0.0033046817789020317
-0.5156801342964172 | [0.23] | -0.005259948503357543
-0.4708453416824341 | [0.28] | -0.007603588887350967
-0.42599090933799744 | [0.32] | -0.010285386923558633
-0.38137707114219666 | [0.36] | -0.013249530034539082
-0.33725184202194214 | [0.41] | -0.016437916104671765
-0.2938443720340729 | [0.44] | -0.01979330669174573
-0.2513594925403595 | [0.48] | -0.023262043401976563
-0.20997339487075806 | [0.52] | -0.026796164862331835
-0.16983100771903992 | [0.55] | -0.03035482177354993
-0.1310446709394455 | [0.58] | -0.03390501857302475
-0.09369420260190964 | [0.61] | -0.03742177450211042
-0.05782802030444145 | [0.64] | -0.040887837550042126
-0.02346515655517578 | [0.67] | -0.04429309716375573
0.009402194991707802 | [0.69] | -0.04763382429889885
0.04080579802393913 | [0.71] | -0.05091188174542371
0.07079839706420898 | [0.74] | -0.05413394111718324
0.09945081174373627 | [0.76] | -0.05731082030557098
0.1268492341041565 | [0.78] | -0.060456930198323114
0.15309281647205353 | [0.8] | -0.06358985904715772
0.17829161882400513 | [0.82] | -0.06673011049014015
0.20256491005420685 | [0.84] | -0.0699009737519455
0.22603988647460938 | [0.86] | -0.07312853998088943
0.24885070323944092 | [0.87] | -0.07644183716023273
0.27113789319992065 | [0.89] | -0.07987309688228911
0.29304811358451843 | [0.91] | -0.08345815247227306
0.3147341310977936 | [0.93] | -0.08723695965591273
0.33635520935058594 | [0.96] | -0.09125428134134683
0.3580775558948517 | [0.98] | -0.09556048654798033
0.38007521629333496 | [1.] | -0.10021257229999761
0.40252938866615295 | [1.03] | -0.10527321587569866
0.42559537291526794 | [1.05] | -0.11076685090625614
0.44943687319755554 | [1.08] | 99.88323789226145
Total reward: 94.46544402273184
1.0, 5.5, 0.5
parameter ends

state | action | reward
[-0.52] | [-0.02] | -5.517358465603195e-05
-0.5235251188278198 | [-0.02] | -5.6280112493517814e-05
-0.5235973000526428 | [-0.02] | -5.757296832745046e-05
-0.5237054824829102 | [-0.02] | -5.9051743814507085e-05
-0.5238493084907532 | [-0.02] | -6.071526901585365e-05
-0.5240282416343689 | [-0.03] | -6.256177082564328e-05
-0.5242414474487305 | [-0.03] | -6.458812220190934e-05
-0.5244879722595215 | [-0.03] | -6.679058773995136e-05
-0.5247666239738464 | [-0.03] | -6.916405240870848e-05
-0.5250759124755859 | [-0.03] | -7.170153089638767e-05
-0.5254142880439758 | [-0.03] | -7.439527242496423e-05
-0.5257799625396729 | [-0.03] | -7.723566138589317e-05
-0.5261709690093994 | [-0.03] | -8.021139329850488e-05
-0.5265851616859436 | [-0.03] | -8.330935521337211e-05
-0.527020275592804 | [-0.03] | -8.651486833583322e-05
-0.5274738669395447 | [-0.03] | -8.981126384699614e-05
-0.5279433131217957 | [-0.03] | -9.317982166816491e-05
-0.5284259915351868 | [-0.03] | -9.660083949986031e-05
-0.5289191007614136 | [-0.03] | -0.0001000525516374706
-0.5294197201728821 | [-0.03] | -0.00010351152056305049
-0.5299249887466431 | [-0.03] | -0.0001069538664572045
-0.530431866645813 | [-0.03] | -0.00011035382088652894
-0.5309373140335083 | [-0.03] | -0.00011368501852241762
-0.5314382910728455 | [-0.03] | -0.00011692065803541737
-0.5319317579269409 | [-0.03] | -0.00012003368046950821
-0.5324147343635559 | [-0.04] | -0.00012299738002284337
-0.5328841805458069 | [-0.04] | -0.00012578476648976498
-0.5333371758460999 | [-0.04] | -0.00012837004536702287
-0.5337709188461304 | [-0.04] | -0.00013072884571262787
-0.534182608127594 | [-0.04] | -0.000132837566608288
-0.5345696210861206 | [-0.04] | -0.00013467489573289955
-0.5349293947219849 | [-0.04] | -0.0001362211208485526
-0.5352595448493958 | [-0.04] | -0.00013745919441398417
-0.5355578660964966 | [-0.04] | -0.00013837488807495158
-0.535822331905365 | [-0.04] | -0.0001389569082855671
-0.5360510349273682 | [-0.04] | -0.00013919654518535827
-0.5362423658370972 | [-0.04] | -0.00013908907383865292
-0.5363948345184326 | [-0.04] | -0.00013863241460386073
-0.5365071892738342 | [-0.04] | -0.00013782802057621157
-0.5365784764289856 | [-0.04] | -0.0001366812502532182
-0.5366078615188599 | [-0.04] | -0.00013519991564207962
-0.5365948677062988 | [-0.04] | -0.00013339592935673883
-0.5365391969680786 | [-0.04] | -0.00013128376696416882
-0.5364408493041992 | [-0.04] | -0.0001288811360551343
-0.5363000631332397 | [-0.04] | -0.0001262082711584859
-0.5361173152923584 | [-0.04] | -0.0001232876571234757
-0.5358933806419373 | [-0.03] | -0.00012014414841410714
-0.5356292724609375 | [-0.03] | -0.000116804205486749
-0.5353261828422546 | [-0.03] | -0.00011329516814971805
-0.5349856615066528 | [-0.03] | -0.0001096461504672556
-0.5346094369888306 | [-0.03] | -0.00010588645470148669
-0.5341994762420654 | [-0.03] | -0.00010204566774739431
-0.5337579250335693 | [-0.03] | -9.81529676374875e-05
-0.5332871675491333 | [-0.03] | -9.423723503017021e-05
-0.5327898263931274 | [-0.03] | -9.032676769498855e-05
-0.5322686433792114 | [-0.03] | -8.644831823948103e-05
-0.5317265391349792 | [-0.03] | -8.262730767710834e-05
-0.5311666131019592 | [-0.03] | -7.888767136184667e-05
-0.5305920243263245 | [-0.03] | -7.525108430368505e-05
-0.5300061702728271 | [-0.03] | -7.17379442135301e-05
-0.5294124484062195 | [-0.03] | -6.836602135131365e-05
-0.5288143157958984 | [-0.03] | -6.515089908760389e-05
-0.5282153487205505 | [-0.02] | -6.210638858393878e-05
-0.5276191830635071 | [-0.02] | -5.924433683739595e-05
-0.5270293354988098 | [-0.02] | -5.657395684782282e-05
-0.52644944190979 | [-0.02] | -5.410326021144372e-05
-0.5258830785751343 | [-0.02] | -5.1838416554278905e-05
-0.5253337025642395 | [-0.02] | -4.978380606325433e-05
-0.5248048305511475 | [-0.02] | -4.794314891321144e-05
-0.5242997407913208 | [-0.02] | -4.631846892827428e-05
-0.5238216519355774 | [-0.02] | -4.4911258576604475e-05
-0.5233737230300903 | [-0.02] | -4.372276949724032e-05
-0.5229588150978088 | [-0.02] | -4.2753308422123583e-05
-0.5225797295570374 | [-0.02] | -4.2003560258717604e-05
-0.5222390294075012 | [-0.02] | -4.1474085738750446e-05
-0.5219390988349915 | [-0.02] | -4.116580899365595e-05
-0.5216820240020752 | [-0.02] | -4.107972051741091e-05
-0.5214697122573853 | [-0.02] | -4.1217521026162836e-05
-0.5213038325309753 | [-0.02] | -4.1581468063911666e-05
-0.5211857557296753 | [-0.02] | -4.217418163706416e-05
-0.5211166143417358 | [-0.02] | -4.299888821119303e-05
-0.5210971832275391 | [-0.02] | -4.405886556232648e-05
-0.5211279988288879 | [-0.02] | -4.535783228409304e-05
-0.5212092995643616 | [-0.02] | -4.689953739434134e-05
-0.5213409662246704 | [-0.02] | -4.868729276928107e-05
-0.5215227007865906 | [-0.02] | -5.0724514769421185e-05
-0.5217537879943848 | [-0.02] | -5.3013384721392915e-05
-0.5220332145690918 | [-0.02] | -5.555505924821575e-05
-0.5223597288131714 | [-0.02] | -5.8349627742613045e-05
-0.5227317810058594 | [-0.02] | -6.139549654263739e-05
-0.5231475234031677 | [-0.03] | -6.46890390660536e-05
-0.5236048102378845 | [-0.03] | -6.822424776983922e-05
-0.524101197719574 | [-0.03] | -7.199239368641532e-05
-0.524634063243866 | [-0.03] | -7.598235962620812e-05
-0.5252005457878113 | [-0.03] | -8.018006792768904e-05
-0.5257974863052368 | [-0.03] | -8.456790017451629e-05
-0.5264215469360352 | [-0.03] | -8.912517476619401e-05
-0.5270692110061646 | [-0.03] | -9.382802271173836e-05
-0.5277367830276489 | [-0.03] | -9.864931217104804e-05
-0.5284204483032227 | [-0.03] | -0.0001035590045080771
-0.5291162133216858 | [-0.03] | -0.0001085238127145963
-0.5298200249671936 | [-0.03] | -0.00011350807563707199
-0.5305277109146118 | [-0.03] | -0.0001184735316850778
-0.5312350392341614 | [-0.04] | -0.0001233799306689366
-0.531937837600708 | [-0.04] | -0.00012818615970645961
-0.5326317548751831 | [-0.04] | -0.0001328488576201047
-0.5333126187324524 | [-0.04] | -0.00013732535552390146
-0.5339762568473816 | [-0.04] | -0.0001415727810359684
-0.5346184968948364 | [-0.04] | -0.00014554844832476854
-0.5352353453636169 | [-0.04] | -0.00014921165297751104
-0.535822868347168 | [-0.04] | -0.0001525231833004878
-0.5363773107528687 | [-0.04] | -0.00015544666770269714
-0.5368950963020325 | [-0.04] | -0.00015794898441392208
-0.5373727679252625 | [-0.04] | -0.00016000014430380888
-0.5378071665763855 | [-0.04] | -0.00016157506739536987
-0.5381953120231628 | [-0.04] | -0.00016265289328589556
-0.5385345220565796 | [-0.04] | -0.0001632181667459545
-0.5388223528862 | [-0.04] | -0.00016326050579083638
-0.539056658744812 | [-0.04] | -0.0001627751684885021
-0.5392355918884277 | [-0.04] | -0.00016176305715182113
-0.539357602596283 | [-0.04] | -0.000160230644019248
-0.539421558380127 | [-0.04] | -0.0001581907770901758
-0.5394265055656433 | [-0.04] | -0.0001556605143314088
-0.5393719673156738 | [-0.04] | -0.00015266323540193163
-0.539257824420929 | [-0.04] | -0.0001492272562457822
-0.5390841960906982 | [-0.04] | -0.00014538446156481236
-0.5388516783714294 | [-0.04] | -0.00014117167749816368
-0.5385611653327942 | [-0.04] | -0.00013662869965644093
-0.5382139086723328 | [-0.04] | -0.00013179817933400793
-0.5378115177154541 | [-0.04] | -0.00012672499992054612
-0.5373559594154358 | [-0.03] | -0.0001214556369450699
-0.5368495583534241 | [-0.03] | -0.00011603750737810119
-0.5362948775291443 | [-0.03] | -0.00011051753160574253
-0.5356948971748352 | [-0.03] | -0.00010494278386515986
-0.5350527763366699 | [-0.03] | -9.935832091265309e-05
-0.5343720316886902 | [-0.03] | -9.380790018891132e-05
-0.5336564779281616 | [-0.03] | -8.8333094002269e-05
-0.5329100489616394 | [-0.03] | -8.297185188182104e-05
-0.5321370363235474 | [-0.03] | -7.775967776459886e-05
-0.5313417911529541 | [-0.03] | -7.272766511995348e-05
-0.5305289626121521 | [-0.03] | -6.790378515024777e-05
-0.5297032594680786 | [-0.03] | -6.331153402124345e-05
-0.5288695096969604 | [-0.02] | -5.89704022949423e-05
-0.528032660484314 | [-0.02] | -5.4896049224098455e-05
-0.5271976590156555 | [-0.02] | -5.1099998450143825e-05
-0.5263696312904358 | [-0.02] | -4.759083548083887e-05
-0.5255535244941711 | [-0.02] | -4.437298897050377e-05
-0.5247543454170227 | [-0.02] | -4.144836046607779e-05
-0.5239770412445068 | [-0.02] | -3.881632737404822e-05
-0.5232264399528503 | [-0.02] | -3.647410628176445e-05
-0.5225073099136353 | [-0.02] | -3.441761195720158e-05
-0.5218241810798645 | [-0.02] | -3.2641403753732455e-05
-0.5211814641952515 | [-0.02] | -3.113978733458498e-05
-0.5205833315849304 | [-0.02] | -2.9906975209062997e-05
-0.5200337767601013 | [-0.02] | -2.893787556324282e-05
-0.5195364356040955 | [-0.02] | -2.8227999160553942e-05
-0.5190947651863098 | [-0.02] | -2.7774545587461177e-05
-0.5187118649482727 | [-0.02] | -2.7576167875016997e-05
-0.5183905363082886 | [-0.02] | -2.763348645755684e-05
-0.5181332230567932 | [-0.02] | -2.7949096247728737e-05
-0.517941951751709 | [-0.02] | -2.8527477628990137e-05
-0.5178184509277344 | [-0.02] | -2.9375403938607033e-05
-0.5177640318870544 | [-0.02] | -3.0501436965522005e-05
-0.517779529094696 | [-0.02] | -3.191550858632929e-05
-0.5178654789924622 | [-0.02] | -3.362924878264454e-05
-0.5180219411849976 | [-0.02] | -3.5654952755662994e-05
-0.5182485580444336 | [-0.02] | -3.800530930943397e-05
-0.5185445547103882 | [-0.02] | -4.069284402983625e-05
-0.518908679485321 | [-0.02] | -4.372905664328693e-05
-0.519339382648468 | [-0.02] | -4.712449370810375e-05
-0.519834578037262 | [-0.02] | -5.088705698968893e-05
-0.5203918218612671 | [-0.02] | -5.502204409185991e-05
-0.521008312702179 | [-0.02] | -5.953147239169695e-05
-0.5216808319091797 | [-0.03] | -6.441311725555257e-05
-0.5224058032035828 | [-0.03] | -6.966014491602104e-05
-0.5231793522834778 | [-0.03] | -7.526085272988747e-05
-0.5239971876144409 | [-0.03] | -8.119750716747145e-05
-0.5248547792434692 | [-0.03] | -8.744687975575168e-05
-0.5257472991943359 | [-0.03] | -9.397960168523762e-05
-0.5266696810722351 | [-0.03] | -0.00010076028906143694
-0.5276166200637817 | [-0.03] | -0.00010774743810855345
-0.5285826921463013 | [-0.03] | -0.00011489422397185101
-0.52956223487854 | [-0.03] | -0.00012214784907059467
-0.5305494666099548 | [-0.04] | -0.00012945059307092335
-0.5315385460853577 | [-0.04] | -0.00013674062309325678
-0.5325235724449158 | [-0.04] | -0.000143952480466623
-0.5334985852241516 | [-0.04] | -0.00015101767674440808
-0.5344576239585876 | [-0.04] | -0.00015786578655618795
-0.5353948473930359 | [-0.04] | -0.0001644261516066808
-0.5363044142723083 | [-0.04] | -0.0001706277196284312
-0.5371806621551514 | [-0.04] | -0.0001764013356870179
-0.5380181074142456 | [-0.04] | -0.00018168060305051668
-0.5388113856315613 | [-0.04] | -0.00018640220823315187
-0.5395553708076477 | [-0.04] | -0.0001905077449214353
-0.5402451753616333 | [-0.04] | -0.00019394448461793084
-0.5408762693405151 | [-0.04] | -0.00019666712041936028
-0.5414443612098694 | [-0.04] | -0.00019863730449095956
-0.5419455170631409 | [-0.04] | -0.00019982522097182072
-0.5423761606216431 | [-0.04] | -0.0002002099526222849
-0.5427331924438477 | [-0.04] | -0.00019978080295088857
-0.5430138111114502 | [-0.04] | -0.00019853576390616194
-0.5432157516479492 | [-0.04] | -0.00019648362529821044
-0.5433371663093567 | [-0.04] | -0.00019364266777186097
-0.543376624584198 | [-0.04] | -0.00019004031590783954
-0.5433332324028015 | [-0.04] | -0.00018571368969996264
-0.5432065725326538 | [-0.04] | -0.00018070839587976464
-0.5429967045783997 | [-0.04] | -0.00017507774708398554
-0.542704164981842 | [-0.04] | -0.0001688818679924049
-0.5423300862312317 | [-0.04] | -0.00016218766861562234
-0.541875958442688 | [-0.04] | -0.0001550657654569076
-0.5413439273834229 | [-0.04] | -0.00014759177709507823
-0.5407364964485168 | [-0.04] | -0.00013984270245691904
-0.5400566458702087 | [-0.04] | -0.00013189674352464455
-0.5393078923225403 | [-0.04] | -0.00012383252906508573
-0.5384941697120667 | [-0.03] | -0.0001157270500974902
-0.5376197695732117 | [-0.03] | -0.00010765421649871774
-0.5366894602775574 | [-0.03] | -9.968471055907263e-05
-0.5357083678245544 | [-0.03] | -9.188426606905212e-05
-0.5346819758415222 | [-0.03] | -8.431295124008608e-05
-0.5336160063743591 | [-0.03] | -7.70238897240678e-05
-0.5325165390968323 | [-0.03] | -7.006358096152132e-05
-0.5313898921012878 | [-0.03] | -6.347093501251975e-05
-0.5302426218986511 | [-0.02] | -5.727722201777871e-05
-0.529081404209137 | [-0.02] | -5.150560576031847e-05
-0.5279131531715393 | [-0.02] | -4.617203756035971e-05
-0.5267447829246521 | [-0.02] | -4.128463101903696e-05
-0.5255832672119141 | [-0.02] | -3.6844654796541846e-05
-0.5244356393814087 | [-0.02] | -3.2847329718207556e-05
-0.5233089327812195 | [-0.02] | -2.928248738897539e-05
-0.5222100615501404 | [-0.02] | -2.613520463546281e-05
-0.5211458802223206 | [-0.02] | -2.3387162172591973e-05
-0.5201230049133301 | [-0.01] | -2.1017267853120213e-05
-0.5191479921340942 | [-0.01] | -1.900344043549692e-05
-0.5182270407676697 | [-0.01] | -1.7322937892590354e-05
-0.5173661112785339 | [-0.01] | -1.5953942869075755e-05
-0.5165708661079407 | [-0.01] | -1.4876519393712475e-05
-0.5158466100692749 | [-0.01] | -1.4073509494601726e-05
-0.515198290348053 | [-0.01] | -1.3531463606486811e-05
-0.5146304368972778 | [-0.01] | -1.3241288196847105e-05
-0.5141470432281494 | [-0.01] | -1.3198606307855565e-05
-0.5137518048286438 | [-0.01] | -1.3404759025806789e-05
-0.5134477615356445 | [-0.01] | -1.3866228465157998e-05
-0.513237476348877 | [-0.01] | -1.459511010817032e-05
-0.5131230354309082 | [-0.01] | -1.560896574231066e-05
-0.5131058692932129 | [-0.01] | -1.6930027036903748e-05
-0.5131869316101074 | [-0.01] | -1.8585084207622685e-05
-0.5133665204048157 | [-0.01] | -2.060427597907417e-05
-0.5136443376541138 | [-0.02] | -2.3020303066541664e-05
-0.5140196084976196 | [-0.02] | -2.5867724261589207e-05
-0.5144907832145691 | [-0.02] | -2.9180823892314512e-05
-0.5150558948516846 | [-0.02] | -3.299343462264547e-05
-0.515712320804596 | [-0.02] | -3.733678875046675e-05
-0.5164569020271301 | [-0.02] | -4.22385091668866e-05
-0.5172858834266663 | [-0.02] | -4.772094676802719e-05
-0.5181949734687805 | [-0.02] | -5.3800005327969064e-05
-0.5191793441772461 | [-0.02] | -6.04837955306358e-05
-0.5202337503433228 | [-0.03] | -6.777198030406957e-05
-0.5213524699211121 | [-0.03] | -7.565442502519586e-05
-0.5225293040275574 | [-0.03] | -8.411022150894897e-05
-0.5237576365470886 | [-0.03] | -9.310721571111091e-05
-0.5250305533409119 | [-0.03] | -0.00010260218109363375
-0.5263407826423645 | [-0.03] | -0.0001125401484268534
-0.5276807546615601 | [-0.04] | -0.00012285468134882484
-0.5290427207946777 | [-0.04] | -0.00013346884783615683
-0.5304186344146729 | [-0.04] | -0.00014429475705792733
-0.531800389289856 | [-0.04] | -0.00015523592530474592
-0.5331797003746033 | [-0.04] | -0.00016618723695354417
-0.5345483422279358 | [-0.04] | -0.00017703789861295012
-0.535897970199585 | [-0.04] | -0.0001876712279157009
-0.5372203588485718 | [-0.04] | -0.00019796802828473865
-0.5385074019432068 | [-0.05] | -0.00020780815299754454
-0.5397509932518005 | [-0.05] | -0.00021707100310099493
-0.5409433841705322 | [-0.05] | -0.00022564045129719402
-0.5420770049095154 | [-0.05] | -0.00023340486914883232
-0.5431445837020874 | [-0.05] | -0.00024025985793534626
-0.5441392064094543 | [-0.05] | -0.0002461103892011382
-0.5450542569160461 | [-0.05] | -0.00025087162406025503
-0.5458836555480957 | [-0.05] | -0.00025447258699481874
-0.5466216802597046 | [-0.05] | -0.00025685543763127194
-0.5472632050514221 | [-0.05] | -0.00025797876112412815
-0.5478035807609558 | [-0.05] | -0.0002578169498414426
-0.5482387542724609 | [-0.05] | -0.000256361766097901
-0.5485652685165405 | [-0.05] | -0.00025362238896653124
-0.5487802028656006 | [-0.05] | -0.0002496245713564078
-0.5488814115524292 | [-0.05] | -0.00024441253070491285
-0.5488673448562622 | [-0.05] | -0.00023804625621494073
-0.548737108707428 | [-0.05] | -0.00023060101967739533
-0.548490583896637 | [-0.05] | -0.0002221671388031038
-0.5481282472610474 | [-0.05] | -0.00021284659100397532
-0.5476512908935547 | [-0.05] | -0.00020275236795638132
-0.5470616221427917 | [-0.04] | -0.00019200643684910018
-0.5463618636131287 | [-0.04] | -0.0001807375578821444
-0.5455552935600281 | [-0.04] | -0.0001690785018699067
-0.5446458458900452 | [-0.04] | -0.00015716380228937422
-0.5436381101608276 | [-0.04] | -0.0001451274848077466
-0.5425373315811157 | [-0.04] | -0.00013310083145277003
-0.5413492918014526 | [-0.03] | -0.00012120937226514574
-0.5400804281234741 | [-0.03] | -0.00010957182393783683
-0.5387376546859741 | [-0.03] | -9.829704249758017e-05
-0.5373284220695496 | [-0.03] | -8.748296363682106e-05
-0.5358605980873108 | [-0.03] | -7.721463791996404e-05
-0.5343425273895264 | [-0.03] | -6.756366944432978e-05
-0.5327828526496887 | [-0.02] | -5.858663788093023e-05
-0.5311906337738037 | [-0.02] | -5.032552461285378e-05
-0.5295751094818115 | [-0.02] | -4.280663729908641e-05
-0.5279458165168762 | [-0.02] | -3.604170140723042e-05
-0.5263124108314514 | [-0.02] | -3.002789635379879e-05
-0.5246846079826355 | [-0.02] | -2.474889231552449e-05
-0.5230723023414612 | [-0.01] | -2.0176701026713355e-05
-0.5214852094650269 | [-0.01] | -1.6272274377795582e-05
-0.5199331045150757 | [-0.01] | -1.2988251259892891e-05
-0.5184255838394165 | [-0.01] | -1.0270419544120634e-05
-0.5169720649719238 | [-0.01] | -8.060058602491707e-06
-0.5155817270278931 | [-0.01] | -6.296176970466535e-06
-0.514263391494751 | [-0.01] | -4.917716725470084e-06
-0.5130255818367004 | [-0.01] | -3.866006934301609e-06
-0.5118764042854309 | [-0.01] | -3.086815533313807e-06
-0.5108234286308289 | [-0.01] | -2.5323244979589655e-06
-0.5098738074302673 | [-0.] | -2.1631515076087764e-06
-0.5090340971946716 | [-0.] | -1.949774086841134e-06
-0.5083101987838745 | [-0.] | -1.8738136162561587e-06
-0.507707417011261 | [-0.] | -1.929071935200287e-06
-0.5072303414344788 | [-0.] | -2.1220301218841348e-06
-0.506882905960083 | [-0.] | -2.472123094547922e-06
-0.5066682696342468 | [-0.01] | -3.0114507511085935e-06
-0.5065887570381165 | [-0.01] | -3.784110570018643e-06
-0.5066459774971008 | [-0.01] | -4.8453317017251065e-06
-0.5068407654762268 | [-0.01] | -6.260066406010823e-06
-0.5071730613708496 | [-0.01] | -8.10108945815085e-06
-0.5076419711112976 | [-0.01] | -1.04469995568926e-05
-0.5082458853721619 | [-0.01] | -1.33801536741478e-05
-0.508982241153717 | [-0.01] | -1.6983641447776314e-05
-0.5098477005958557 | [-0.01] | -2.133890893561043e-05
-0.5108382105827332 | [-0.02] | -2.6523181942824288e-05
-0.511948823928833 | [-0.02] | -3.260608955996253e-05
-0.5131738781929016 | [-0.02] | -3.964735919138367e-05
-0.514506995677948 | [-0.02] | -4.769414885150049e-05
-0.5159410238265991 | [-0.02] | -5.677821280125864e-05
-0.5174682140350342 | [-0.03] | -6.691434018376178e-05
-0.5190801620483398 | [-0.03] | -7.80980867303839e-05
-0.5207679271697998 | [-0.03] | -9.030470722136146e-05
-0.5225220322608948 | [-0.03] | -0.00010348790869391172
-0.5243324637413025 | [-0.03] | -0.00011757891811117394
-0.5261887907981873 | [-0.04] | -0.0001324867952977838
-0.5280803442001343 | [-0.04] | -0.00014809983433481584
-0.5299959778785706 | [-0.04] | -0.00016428435630189364
-0.5319244265556335 | [-0.04] | -0.0001808883939575845
-0.5338542461395264 | [-0.04] | -0.0001977427821393217
-0.5357738733291626 | [-0.05] | -0.0002146635496746089
-0.537671685218811 | [-0.05] | -0.00023145466758289432
-0.53953617811203 | [-0.05] | -0.0002479123639630481
-0.5413558483123779 | [-0.05] | -0.0002638268240924849
-0.5431194305419922 | [-0.05] | -0.00027898761442236744
-0.5448159575462341 | [-0.05] | -0.0002931875643055679
-0.5464347004890442 | [-0.06] | -0.00030622536267371433
-0.5479652881622314 | [-0.06] | -0.0003179100285679115
-0.549397885799408 | [-0.06] | -0.0003280660295035783
-0.5507230758666992 | [-0.06] | -0.00033653484213856536
-0.5519320964813232 | [-0.06] | -0.00034318034521723734
-0.553016722202301 | [-0.06] | -0.0003478897292596523
-0.5539695024490356 | [-0.06] | -0.000350578209182989
-0.5547835826873779 | [-0.06] | -0.00035118833460757944
-0.5554530024528503 | [-0.06] | -0.00034969448985742985
-0.5559726357460022 | [-0.06] | -0.0003461025480228147
-0.5563380718231201 | [-0.06] | -0.00034044826992727105
-0.5565458536148071 | [-0.06] | -0.00033279943873625067
-0.5565934777259827 | [-0.06] | -0.0003232544822029251
-0.5564793348312378 | [-0.06] | -0.00031193987475511747
-0.55620276927948 | [-0.05] | -0.0002990084293249379
-0.5557640790939331 | [-0.05] | -0.0002846363931780878
-0.5551645755767822 | [-0.05] | -0.00026902074596643676
-0.554406464099884 | [-0.05] | -0.0002523742000226377
-0.5534929633140564 | [-0.05] | -0.00023492249063173542
-0.5524283051490784 | [-0.05] | -0.00021690005778836346
-0.5512174963951111 | [-0.04] | -0.0001985433985691192
-0.5498666763305664 | [-0.04] | -0.00018009011004440465
-0.5483826994895935 | [-0.04] | -0.00016177066212643906
-0.5467733144760132 | [-0.04] | -0.00014380602433814924
-0.5450471639633179 | [-0.04] | -0.00012640363418266987
-0.5432136058807373 | [-0.03] | -0.00010975246546150054
-0.5412827134132385 | [-0.03] | -9.402002973493488e-05
-0.5392652153968811 | [-0.03] | -7.934945448350721e-05
-0.5371725559234619 | [-0.03] | -6.58577634117682e-05
-0.5350165963172913 | [-0.02] | -5.363282637800666e-05
-0.5328097343444824 | [-0.02] | -4.2733433281982056e-05
-0.5305648446083069 | [-0.02] | -3.31888888316618e-05
-0.5282950401306152 | [-0.02] | -2.499871215615354e-05
-0.5260137319564819 | [-0.01] | -1.8134389387589416e-05
-0.5237345099449158 | [-0.01] | -1.2540994689841905e-05
-0.5214710235595703 | [-0.01] | -8.139578263487244e-06
-0.5192370414733887 | [-0.01] | -4.830499782079106e-06
-0.5170462131500244 | [-0.] | -2.496607300602003e-06
-0.5149120092391968 | [-0.] | -1.007364460816918e-06
-0.5128477215766907 | [-0.] | -2.2322919266326764e-07
-0.5108662843704224 | [3.16e-05] | -9.99922084273853e-11
-0.5089802742004395 | [0.] | -1.939905168283978e-07
-0.5072017908096313 | [0.] | -6.656187204227353e-07
-0.5055423378944397 | [0.] | -1.2849311224662906e-06
-0.5040128827095032 | [0.] | -1.9352590617449316e-06
-0.5026236176490784 | [0.01] | -2.5172925089731044e-06
-0.5013840794563293 | [0.01] | -2.9523343391274046e-06
-0.5003028512001038 | [0.01] | -3.185378481535788e-06
-0.4993877410888672 | [0.01] | -3.1870693638830305e-06
-0.4986455738544464 | [0.01] | -2.9553662198695544e-06
-0.4980822205543518 | [0.01] | -2.51619880946918e-06
-0.49770253896713257 | [0.] | -1.9234429060778708e-06
-0.49751031398773193 | [0.] | -1.2580988087813415e-06
-0.4975082278251648 | [0.] | -6.266344625193077e-07
-0.4976978600025177 | [0.] | -1.585458864242147e-07
-0.49807965755462646 | [-0.] | -3.225522425132917e-09
-0.49865293502807617 | [-0.] | -3.2616077753030696e-07
-0.4994158446788788 | [-0.] | -1.304551129484332e-06
-0.5003653764724731 | [-0.01] | -3.1224153477168527e-06
-0.5014973878860474 | [-0.01] | -5.965354951953519e-06
-0.5028066635131836 | [-0.01] | -1.0015166182713063e-05
-0.5042867660522461 | [-0.01] | -1.544393747993503e-05
-0.5059303045272827 | [-0.01] | -2.2408901001052256e-05
-0.5077286958694458 | [-0.02] | -3.1046358766500375e-05
-0.5096725225448608 | [-0.02] | -4.146746661459419e-05
-0.5117512941360474 | [-0.02] | -5.375267754459184e-05
-0.513953685760498 | [-0.03] | -6.79483002398888e-05
-0.5162675380706787 | [-0.03] | -8.406290057649952e-05
-0.5186798572540283 | [-0.03] | -0.0001020643333630823
-0.5211769938468933 | [-0.03] | -0.00012187856466736906
-0.5237446427345276 | [-0.04] | -0.00014338849391946955
-0.5263679623603821 | [-0.04] | -0.0001664344233651014
-0.5290317535400391 | [-0.04] | -0.00019081615912693332
-0.5317202806472778 | [-0.05] | -0.00021629305120219583
-0.5344176888465881 | [-0.05] | -0.00024259005028676655
-0.5371078252792358 | [-0.05] | -0.00026939947252672177
-0.5397745370864868 | [-0.05] | -0.00029638799252342164
-0.5424016714096069 | [-0.06] | -0.00032320153600555413
-0.5449731349945068 | [-0.06] | -0.00034947122423081107
-0.5474730730056763 | [-0.06] | -0.0003748212729780241
-0.5498859286308289 | [-0.06] | -0.0003988758387317333
-0.5521965622901917 | [-0.06] | -0.0004212668338546731
-0.5543903112411499 | [-0.07] | -0.000441640992775368
-0.5564531683921814 | [-0.07] | -0.00045966839837704564
-0.5583717226982117 | [-0.07] | -0.00047504755817832787
-0.5601333379745483 | [-0.07] | -0.00048751320441963185
-0.5617262125015259 | [-0.07] | -0.0004968419694960112
-0.5631394982337952 | [-0.07] | -0.0005028581562336754
-0.5643633008003235 | [-0.07] | -0.0005054369732613512
-0.5653887391090393 | [-0.07] | -0.0005045077188583165
-0.5662081241607666 | [-0.07] | -0.0005000576539487306
-0.5668148994445801 | [-0.07] | -0.0004921313467666542
-0.56720370054245 | [-0.07] | -0.0004808306633514207
-0.5673703551292419 | [-0.07] | -0.000466312837357404
-0.5673121213912964 | [-0.07] | -0.00044879072129503294
-0.5670274496078491 | [-0.07] | -0.00042852529934864735
-0.5665162205696106 | [-0.06] | -0.0004058238591539248
-0.5657795071601868 | [-0.06] | -0.00038103083865683064
-0.564819872379303 | [-0.06] | -0.00035452496326203193
-0.5636411905288696 | [-0.06] | -0.00032670939641901486
-0.5622486472129822 | [-0.05] | -0.0002980038976150741
-0.5606487989425659 | [-0.05] | -0.0002688372006823246
-0.5588493943214417 | [-0.05] | -0.0002396366676562095
-0.55685955286026 | [-0.05] | -0.00021082182402466288
-0.5546895265579224 | [-0.04] | -0.00018279371712290882
-0.5523507595062256 | [-0.04] | -0.0001559278716181235
-0.5498558878898621 | [-0.04] | -0.00013056699728613473
-0.5472185015678406 | [-0.03] | -0.00010701266111381224
-0.5444531440734863 | [-0.03] | -8.552006335675973e-05
-0.5415753722190857 | [-0.03] | -6.629400333821852e-05
-0.5386014580726624 | [-0.02] | -4.948378341560235e-05
-0.5355484485626221 | [-0.02] | -3.518179386064182e-05
-0.5324339270591736 | [-0.02] | -2.3421895816900434e-05
-0.5292761325836182 | [-0.01] | -1.4180694040748634e-05
-0.526093602180481 | [-0.01] | -7.378475572186874e-06
-0.5229052901268005 | [-0.01] | -2.8830975431268886e-06
-0.5197302103042603 | [-0.] | -5.14052486521613e-07
-0.5165875554084778 | [0.] | -4.8595240207901553e-08
-0.5134963989257812 | [0.] | -1.2283751353679012e-06
-0.510475754737854 | [0.01] | -3.76715805839096e-06
-0.5075443387031555 | [0.01] | -7.3592124513226104e-06
-0.5047203898429871 | [0.01] | -1.1688458311966925e-05
-0.5020217299461365 | [0.01] | -1.6437428154721297e-05
-0.49946555495262146 | [0.01] | -2.129664215328293e-05
-0.4970683455467224 | [0.02] | -2.5973668718402745e-05
-0.4948457181453705 | [0.02] | -3.0201958880587824e-05
-0.4928123950958252 | [0.02] | -3.374868469647812e-05
-0.4909820854663849 | [0.02] | -3.642200588435891e-05
-0.48936739563941956 | [0.02] | -3.8077259252285155e-05
-0.4879797101020813 | [0.02] | -3.8622086346205194e-05
-0.4868291914463043 | [0.02] | -3.801978369895302e-05
-0.485924631357193 | [0.02] | -3.629183192105885e-05
-0.48527345061302185 | [0.02] | -3.3518322521676365e-05
-0.48488160967826843 | [0.02] | -2.9837217975784496e-05
-0.4847536087036133 | [0.02] | -2.5441735182270245e-05
-0.484892338514328 | [0.01] | -2.0576721350929365e-05
-0.4852991998195648 | [0.01] | -1.553267423994922e-05
-0.485973984003067 | [0.01] | -1.063923580388404e-05
-0.48691490292549133 | [0.01] | -6.2569919837749596e-06
-0.4881185293197632 | [0.01] | -2.768433122703852e-06
-0.48957985639572144 | [0.] | -5.678083062235375e-07
-0.4912922978401184 | [-0.] | -5.051739176317197e-08
-0.49324771761894226 | [-0.] | -1.602078141349073e-06
-0.4954364597797394 | [-0.01] | -5.586982597659893e-06
-0.49784737825393677 | [-0.01] | -1.233767903482361e-05
-0.5004678964614868 | [-0.01] | -2.2143982085170665e-05
-0.5032840967178345 | [-0.02] | -3.5243320834733795e-05
-0.5062807202339172 | [-0.02] | -5.181163276102031e-05
-0.5094413161277771 | [-0.03] | -7.195592310099732e-05
-0.5127483010292053 | [-0.03] | -9.570799651787669e-05
-0.516183078289032 | [-0.04] | -0.00012302007316809484
-0.519726037979126 | [-0.04] | -0.0001537613279740643
-0.5233568549156189 | [-0.04] | -0.0001877183755182926
-0.527054488658905 | [-0.05] | -0.00022459576573568044
-0.5307973027229309 | [-0.05] | -0.00026401904830383884
-0.5345631837844849 | [-0.06] | -0.00030553981903753643
-0.5383297801017761 | [-0.06] | -0.0003486439149367075
-0.5420745015144348 | [-0.06] | -0.0003927588041299342
-0.5457747578620911 | [-0.07] | -0.00043726512657639004
-0.549407958984375 | [-0.07] | -0.00048150667052188485
-0.5529518723487854 | [-0.07] | -0.0005248061187879457
-0.5563846230506897 | [-0.08] | -0.0005664769386822713
-0.5596847534179688 | [-0.08] | -0.0006058363448515334
-0.5628315210342407 | [-0.08] | -0.0006422220785598995
-0.5658049583435059 | [-0.08] | -0.0006750056133564917
-0.5685859322547913 | [-0.08] | -0.0007036047618240038
-0.5711563229560852 | [-0.09] | -0.0007274976115501197
-0.5734992027282715 | [-0.09] | -0.0007462354593773412
-0.5755987763404846 | [-0.09] | -0.0007594504936110653
-0.5774406790733337 | [-0.09] | -0.0007668681281560631
-0.579011857509613 | [-0.09] | -0.000768310333207849
-0.5803008079528809 | [-0.09] | -0.0007637034400509121
-0.5812976360321045 | [-0.09] | -0.0007530808125314015
-0.5819940567016602 | [-0.09] | -0.0007365823540983077
-0.5823835134506226 | [-0.08] | -0.0007144540010486697
-0.5824611186981201 | [-0.08] | -0.0006870420507950761
-0.5822238922119141 | [-0.08] | -0.0006547905128869372
-0.5816706418991089 | [-0.08] | -0.0006182302852503938
-0.5808019638061523 | [-0.08] | -0.0005779687461492126
-0.5796204209327698 | [-0.07] | -0.000534680438140852
-0.5781303644180298 | [-0.07] | -0.0004890906346814652
-0.5763380527496338 | [-0.07] | -0.00044196249455340155
-0.5742515325546265 | [-0.06] | -0.00039407974706505834
-0.5718807578086853 | [-0.06] | -0.00034623224881089943
-0.5692374110221863 | [-0.05] | -0.00029919723197075507
-0.5663349032402039 | [-0.05] | -0.0002537234189082136
-0.5631882548332214 | [-0.05] | -0.00021051430969217045
-0.5598142147064209 | [-0.04] | -0.0001702147796525859
-0.5562310218811035 | [-0.04] | -0.00013339531259174735
-0.5524582266807556 | [-0.03] | -0.00010053918448648149
-0.5485168099403381 | [-0.03] | -7.2033851668122e-05
-0.5444289445877075 | [-0.02] | -4.8161680622271395e-05
-0.5402178764343262 | [-0.02] | -2.9094357490715866e-05
-0.5359078049659729 | [-0.01] | -1.489001060185494e-05
-0.5315237641334534 | [-0.01] | -5.492974169357988e-06
-0.527091383934021 | [-0.] | -7.362263784321334e-07
-0.522636890411377 | [0.] | -3.470122659644424e-07
-0.5181868076324463 | [0.01] | -3.954647725788226e-06
-0.5137678980827332 | [0.01] | -1.1101057616404263e-05
-0.5094069242477417 | [0.01] | -2.125352302335092e-05
-0.5051304697990417 | [0.02] | -3.3819498099870766e-05
-0.500964879989624 | [0.02] | -4.8162510432628406e-05
-0.49693596363067627 | [0.03] | -6.36199704252402e-05
-0.49306899309158325 | [0.03] | -7.952056512986353e-05
-0.4893883764743805 | [0.03] | -9.520346325431764e-05
-0.4859175980091095 | [0.03] | -0.00011003609293623858
-0.4826790690422058 | [0.04] | -0.00012343167357824525
-0.4796939790248871 | [0.04] | -0.0001348657965047156
-0.47698211669921875 | [0.04] | -0.0001438918071881705
-0.4745618402957916 | [0.04] | -0.00015015332281968362
-0.4724498987197876 | [0.04] | -0.00015339570149377026
-0.47066131234169006 | [0.04] | -0.00015347469214338844
-0.46920934319496155 | [0.04] | -0.00015036179886452326
-0.4681053161621094 | [0.04] | -0.00014414797880642032
-0.46735861897468567 | [0.04] | -0.00013504303818595695
-0.4669766128063202 | [0.04] | -0.00012337280962965155
-0.4669645428657532 | [0.03] | -0.0001095733440492473
-0.4673255383968353 | [0.03] | -9.41815995058158e-05
-0.46806055307388306 | [0.03] | -7.782386984391217e-05
-0.4691683351993561 | [0.02] | -6.120147060665975e-05
-0.4706454277038574 | [0.02] | -4.507402258409441e-05
-0.47248613834381104 | [0.02] | -3.0240986882429427e-05
-0.47468259930610657 | [0.01] | -1.7521280888027173e-05
-0.47722476720809937 | [0.01] | -7.732168092729046e-06
-0.4801004230976105 | [0.] | -1.6674158494962378e-06
-0.4832952916622162 | [-0.] | -7.516883356118776e-08
-0.48679298162460327 | [-0.01] | -3.6364681562208265e-06
-0.4905751943588257 | [-0.01] | -1.2944596499430447e-05
-0.49462175369262695 | [-0.02] | -2.8486183809548275e-05
-0.49891069531440735 | [-0.02] | -5.062423812977765e-05
-0.5034183859825134 | [-0.03] | -7.958378157324669e-05
-0.5081196427345276 | [-0.03] | -0.00011544041924294599
-0.5129879117012024 | [-0.04] | -0.00015811266542065973
-0.5179954171180725 | [-0.05] | -0.00020735784032431493
-0.5231132507324219 | [-0.05] | -0.0002627710612222621
-0.5283116102218628 | [-0.06] | -0.00032378936699785794
-0.5335599780082703 | [-0.06] | -0.0003896994068602785
-0.5388272404670715 | [-0.07] | -0.00045964800354379444
-0.5440820455551147 | [-0.07] | -0.0005326594512857575
-0.549292802810669 | [-0.08] | -0.0006076512864452826
-0.554427981376648 | [-0.08] | -0.000683456748777431
-0.5594562888145447 | [-0.09] | -0.0007588482732496849
-0.5643468499183655 | [-0.09] | -0.0008325624789645791
-0.5690693855285645 | [-0.1] | -0.0009033265511514135
-0.5735945701599121 | [-0.1] | -0.0009698888392702019
-0.5778939127922058 | [-0.1] | -0.0010310403883331768
-0.5819401144981384 | [-0.1] | -0.0010856448565480792
-0.5857073068618774 | [-0.11] | -0.0011326656576276393
-0.5891709923744202 | [-0.11] | -0.001171184862819325
-0.5923084020614624 | [-0.11] | -0.0012004289263147414
-0.5950984358787537 | [-0.11] | -0.001219782868743606
-0.5975220203399658 | [-0.11] | -0.0012288105989533336
-0.5995619893074036 | [-0.11] | -0.0012272612757233188
-0.6012033224105835 | [-0.11] | -0.0012150802268349572
-0.6024332046508789 | [-0.11] | -0.0011924119313582616
-0.6032411456108093 | [-0.11] | -0.001159600486091124
-0.6036189198493958 | [-0.11] | -0.001117182222147136
-0.6035608649253845 | [-0.1] | -0.001065882113289413
-0.603063702583313 | [-0.1] | -0.001006595946458925
-0.6021266579627991 | [-0.1] | -0.0009403754833600462
-0.6007515788078308 | [-0.09] | -0.0008684098805533287
-0.598942756652832 | [-0.09] | -0.000791998237494143
-0.5967071652412415 | [-0.08] | -0.0007125276395556802
-0.5940542817115784 | [-0.08] | -0.0006314409840298491
-0.5909960865974426 | [-0.07] | -0.000550207014569036
-0.5875471234321594 | [-0.07] | -0.0004702900131439267
-0.583724319934845 | [-0.06] | -0.0003931156805775526
-0.5795470476150513 | [-0.06] | -0.0003200411603602854
-0.5750370025634766 | [-0.05] | -0.0002523234848880739
-0.5702180862426758 | [-0.04] | -0.00019109044246082502
-0.5651162266731262 | [-0.04] | -0.0001373138903036932
-0.5597593784332275 | [-0.03] | -9.178829109244332e-05
-0.5541772842407227 | [-0.02] | -5.511101548386086e-05
-0.5484013557434082 | [-0.02] | -2.7668620702784123e-05
-0.542464554309845 | [-0.01] | -9.627831799152568e-06
-0.5364010334014893 | [-0.] | -9.313383487310047e-07
-0.5302461385726929 | [0.] | -1.3002502094560232e-06
-0.5240359902381897 | [0.01] | -1.0241403225854866e-05
-0.5178073644638062 | [0.02] | -2.7060689678435843e-05
-0.5115975141525269 | [0.02] | -5.088098427895776e-05
-0.505443811416626 | [0.03] | -8.066545043203802e-05
-0.4993835687637329 | [0.03] | -0.00011524462835275573
-0.49345386028289795 | [0.04] | -0.00015334646745910623
-0.487691193819046 | [0.04] | -0.00019363014673221012
-0.48213130235671997 | [0.05] | -0.0002347210766996118
-0.47680896520614624 | [0.05] | -0.00027524639615589405
-0.471757709980011 | [0.06] | -0.00031387183220772744
-0.46700963377952576 | [0.06] | -0.0003493366565573286
-0.46259528398513794 | [0.06] | -0.0003804862266488976
-0.4585433900356293 | [0.06] | -0.00040630397625477255
-0.4548807144165039 | [0.07] | -0.0004259388887414891
-0.4516318738460541 | [0.07] | -0.0004387297456781466
-0.44881924986839294 | [0.07] | -0.0004442239592390893
-0.44646281003952026 | [0.07] | -0.00044219287694012
-0.44457998871803284 | [0.07] | -0.0004326413080728133
-0.44318562746047974 | [0.06] | -0.0004158109096715385
-0.442291796207428 | [0.06] | -0.0003921797739734321
-0.4419077932834625 | [0.06] | -0.0003624540636824353
-0.4420400559902191 | [0.06] | -0.00032755541369958657
-0.4426920711994171 | [0.05] | -0.00028860296636819076
-0.4438643753528595 | [0.05] | -0.000246889261802669
-0.4455544650554657 | [0.05] | -0.00020385243467093995
-0.447756826877594 | [0.04] | -0.0001610429026224264
-0.4504629075527191 | [0.03] | -0.00012008710217053308
-0.45366114377975464 | [0.03] | -8.26478202625072e-05
-0.457336962223053 | [0.02] | -5.0382667435816216e-05
-0.4614728093147278 | [0.02] | -2.4901101645087662e-05
-0.4660482406616211 | [0.01] | -7.72105071539854e-06
-0.4710399806499481 | [0.] | -2.2665938611077588e-07
-0.4764220118522644 | [-0.01] | -3.627855393895118e-06
-0.48216572403907776 | [-0.01] | -1.8923092380409652e-05
-0.48824000358581543 | [-0.02] | -4.6866221458805756e-05
-0.4946114718914032 | [-0.03] | -8.793890018377873e-05
-0.5012445449829102 | [-0.04] | -0.0001423284029221727
-0.508101761341095 | [-0.05] | -0.00020991350071711
-0.515143871307373 | [-0.05] | -0.0002902562511924015
-0.5223301649093628 | [-0.06] | -0.00038260321508238053
-0.5296187996864319 | [-0.07] | -0.0004858953788427518
-0.5369668006896973 | [-0.08] | -0.000598781295131281
-0.5443306565284729 | [-0.08] | -0.0007196455517703874
-0.5516663789749146 | [-0.09] | -0.0008466368782889064
-0.5589298605918884 | [-0.1] | -0.0009777064594608809
-0.5660771727561951 | [-0.11] | -0.0011106509456848444
-0.5730648636817932 | [-0.11] | -0.0012431595826816113
-0.5798501372337341 | [-0.12] | -0.0013728620386604614
-0.586391270160675 | [-0.12] | -0.0014973830436340767
-0.5926477909088135 | [-0.13] | -0.0016143928500410708
-0.5985807180404663 | [-0.13] | -0.0017216582660272554
-0.6041528582572937 | [-0.13] | -0.0018170940099815347
-0.6093289256095886 | [-0.14] | -0.0018988064447007015
-0.614075779914856 | [-0.14] | -0.0019651373203886783
-0.6183626055717468 | [-0.14] | -0.0020147013965536088
-0.6221611499786377 | [-0.14] | -0.002046420756591852
-0.6254457831382751 | [-0.14] | -0.002059548553539674
-0.6281936764717102 | [-0.14] | -0.002053689849869539
-0.6303848624229431 | [-0.14] | -0.0020288125639940494
-0.6320024132728577 | [-0.14] | -0.001985254983373664
-0.6330325603485107 | [-0.14] | -0.0019237245451622675
-0.6334646940231323 | [-0.14] | -0.00184528598011945
-0.6332914233207703 | [-0.13] | -0.0017513442826231848
-0.6325086951255798 | [-0.13] | -0.0016436222671606623
-0.6311159133911133 | [-0.12] | -0.0015241310882636396
-0.629115879535675 | [-0.12] | -0.0013951295532771317
-0.6265147924423218 | [-0.11] | -0.0012590795970082787
-0.6233223080635071 | [-0.11] | -0.0011185980080353458
-0.6195516586303711 | [-0.1] | -0.0009764046358611448
-0.6152194738388062 | [-0.09] | -0.000835260609647517
-0.6103458404541016 | [-0.08] | -0.000697909915267916
-0.6049542427062988 | [-0.08] | -0.0005670173579954127
-0.5990715026855469 | [-0.07] | -0.0004451071439386889
-0.5927276015281677 | [-0.06] | -0.0003345019391014718
-0.5859556794166565 | [-0.05] | -0.0002372683584456922
-0.5787918567657471 | [-0.04] | -0.0001551650170090553
-0.5712751150131226 | [-0.03] | -8.959784804645446e-05
-0.5634468793869019 | [-0.02] | -4.1581980884443914e-05
-0.5553510785102844 | [-0.01] | -1.1716484294333634e-05
-0.5470337271690369 | [-0.] | -1.6600202386168885e-07
-0.5385426878929138 | [0.01] | -6.655116638640637e-06
-0.5299273729324341 | [0.02] | -3.0473764628459467e-05
-0.5212384462356567 | [0.03] | -7.049408551007909e-05
-0.5125274062156677 | [0.04] | -0.00012519879643086934
-0.503846287727356 | [0.04] | -0.00019271980555624069
-0.49524736404418945 | [0.05] | -0.000270885373704826
-0.4867827594280243 | [0.06] | -0.00035727578045196553
-0.4785040616989136 | [0.07] | -0.0004492859533466041
-0.47046199440956116 | [0.07] | -0.0005441919277026163
-0.4627061188220978 | [0.08] | -0.0006392197163429845
-0.4552844762802124 | [0.09] | -0.0007316164942276718
-0.44824331998825073 | [0.09] | -0.0008187194826282347
-0.44162678718566895 | [0.09] | -0.0008980240900205932
-0.43547672033309937 | [0.1] | -0.0009672454421686567
-0.4298323690891266 | [0.1] | -0.0010243772658349414
-0.42473021149635315 | [0.1] | -0.0010677424098768857
-0.4202037453651428 | [0.1] | -0.0010960369323151859
-0.41628333926200867 | [0.11] | -0.001108364990027092
-0.4129960536956787 | [0.11] | -0.0011042660838977386
-0.4103655219078064 | [0.1] | -0.0010837317226996086
-0.40841183066368103 | [0.1] | -0.0010472128315765856
-0.407151460647583 | [0.1] | -0.0009956163674646518
-0.4065971076488495 | [0.1] | -0.0009302945135723003
-0.4067576825618744 | [0.09] | -0.0008530204275311627
-0.40763819217681885 | [0.09] | -0.0007659567484084355
-0.4092397093772888 | [0.08] | -0.0006716129432314445
-0.41155925393104553 | [0.08] | -0.0005727952740938219
-0.41458985209465027 | [0.07] | -0.0004725452901266727
-0.4183203876018524 | [0.06] | -0.0003740743727691291
-0.42273572087287903 | [0.05] | -0.0002806877949158405
-0.42781656980514526 | [0.04] | -0.00019570725128415382
-0.43353956937789917 | [0.03] | -0.00012238743118054445
-0.43987736105918884 | [0.03] | -6.383116750588189e-05
-0.44679856300354004 | [0.02] | -2.2906071899606034e-05
-0.4542680084705353 | [0.] | -2.1623552520119196e-06
-0.46224671602249146 | [-0.01] | -3.7571398075666533e-06
-0.47069215774536133 | [-0.02] | -2.938506274587779e-05
-0.47955843806266785 | [-0.03] | -8.021935064468494e-05
-0.48879656195640564 | [-0.04] | -0.00015686504565610862
-0.49835461378097534 | [-0.05] | -0.0002593251817717468
-0.5081782341003418 | [-0.06] | -0.00038698413023647367
-0.518210768699646 | [-0.07] | -0.0005386043371737329
-0.5283938050270081 | [-0.08] | -0.000712342965153435
-0.5386674404144287 | [-0.1] | -0.0009057816767422506
-0.5489708781242371 | [-0.11] | -0.001115976861536847
-0.5592426657676697 | [-0.12] | -0.0013395176698270958
-0.5694212317466736 | [-0.13] | -0.0015726019399906978
-0.5794453024864197 | [-0.13] | -0.0018111196424932495
-0.5892543792724609 | [-0.14] | -0.00205074661272556
-0.5987890362739563 | [-0.15] | -0.002287037908621937
-0.6079913377761841 | [-0.16] | -0.002515527305451751
-0.616805374622345 | [-0.17] | -0.002731831680511178
-0.6251773238182068 | [-0.17] | -0.0029317385309255667
-0.6330560445785522 | [-0.18] | -0.0031113062534215124
-0.640393078327179 | [-0.18] | -0.0032669401934799745
-0.6471430659294128 | [-0.18] | -0.003395475068015871
-0.6532639861106873 | [-0.19] | -0.003494243514003549
-0.658717155456543 | [-0.19] | -0.003561126660765567
-0.663467526435852 | [-0.19] | -0.0035946057037618815
-0.6674837470054626 | [-0.19] | -0.003593794799949335
-0.6707383990287781 | [-0.19] | -0.0035584690394456367
-0.6732079386711121 | [-0.19] | -0.0034890708181792365
-0.6748729348182678 | [-0.18] | -0.003386715472680549
-0.6757179498672485 | [-0.18] | -0.0032531719127098513
-0.6757317781448364 | [-0.18] | -0.0030908449699955484
-0.6749075651168823 | [-0.17] | -0.002902740678501442
-0.6732426285743713 | [-0.16] | -0.0026924091443873716
-0.6707388162612915 | [-0.16] | -0.002463894447065771
-0.667402446269989 | [-0.15] | -0.002221657627392943
-0.6632442474365234 | [-0.14] | -0.001970489875558572
-0.6582796573638916 | [-0.13] | -0.001715426371598498
-0.6525286436080933 | [-0.12] | -0.0014616363889624817
-0.6460159420967102 | [-0.11] | -0.0012143186477082425
-0.6387709379196167 | [-0.1] | -0.0009785815675449256
-0.6308276057243347 | [-0.09] | -0.0007593236922352816
-0.6222245693206787 | [-0.07] | -0.0005611170435668514
-0.6130049228668213 | [-0.06] | -0.00038809003223941026
-0.6032161712646484 | [-0.05] | -0.00024381996880909552
-0.5929100513458252 | [-0.04] | -0.00013123447820831492
-0.582142174243927 | [-0.02] | -5.252694674627934e-05
-0.5709718465805054 | [-0.01] | -9.09160954946234e-06
-0.5594617128372192 | [0.] | -1.477666843061401e-06
-0.5476773381233215 | [0.02] | -2.936639328385909e-05
-0.5356868505477905 | [0.03] | -9.157200699908364e-05
-0.5235603451728821 | [0.04] | -0.00018606754218172133
-0.5113694071769714 | [0.06] | -0.000310034783234571
-0.499186635017395 | [0.07] | -0.0004599356472176335
-0.4870850741863251 | [0.08] | -0.0006316040481185248
-0.4751376211643219 | [0.09] | -0.0008203550282024852
-0.4634164869785309 | [0.1] | -0.0010211067714058655
-0.4519926905632019 | [0.11] | -0.001228511338455142
-0.44093555212020874 | [0.12] | -0.0014370902491124488
-0.43031224608421326 | [0.13] | -0.0016413706467439102
-0.4201872944831848 | [0.14] | -0.0018360212734364258
-0.4106222987174988 | [0.14] | -0.002015977040589271
-0.4016755223274231 | [0.15] | -0.002176559998887779
-0.3934016227722168 | [0.15] | -0.002313586681407052
-0.3858514130115509 | [0.16] | -0.002423462807296408
-0.3790716528892517 | [0.16] | -0.0025032648951821483
-0.37310487031936646 | [0.16] | -0.0025508072968385043
-0.36798927187919617 | [0.16] | -0.002564692740888192
-0.3637585937976837 | [0.16] | -0.0025443501350489294
-0.36044201254844666 | [0.16] | -0.0024900561153102727
-0.3580641448497772 | [0.16] | -0.0024029386074585803
-0.356644868850708 | [0.15] | -0.002284971062566151
-0.3561992943286896 | [0.15] | -0.0021389461782556486
-0.35673773288726807 | [0.14] | -0.0019684338908353568
-0.35826554894447327 | [0.13] | -0.001777726666334412
-0.3607831597328186 | [0.13] | -0.001571764014595372
-0.3642858564853668 | [0.12] | -0.0013560454347807012
-0.3687637448310852 | [0.11] | -0.001136523833582337
-0.3742016851902008 | [0.1] | -0.0009194837846982981
-0.3805791139602661 | [0.08] | -0.0007114080259014309
-0.38787007331848145 | [0.07] | -0.0005188275305991278
-0.396043062210083 | [0.06] | -0.00034816567571038727
-0.4050610065460205 | [0.05] | -0.0002055735801033706
-0.4148813784122467 | [0.03] | -9.676225959745456e-05
-0.42545607686042786 | [0.02] | -2.6840452597011824e-05
-0.4367316961288452 | [0.] | -1.568628792179318e-07
-0.4486495852470398 | [-0.01] | -2.0158192356998022e-05
-0.46114617586135864 | [-0.03] | -8.926558880188089e-05
-0.47415322065353394 | [-0.05] | -0.00020877591259446746
-0.4875982999801636 | [-0.06] | -0.00037879347862258914
-0.5014051795005798 | [-0.08] | -0.0005981935126353743
-0.5154944062232971 | [-0.09] | -0.0008646226331623368
-0.5297839045524597 | [-0.11] | -0.0011745354465531278
-0.5441895723342896 | [-0.12] | -0.0015232652512956455
-0.5586259961128235 | [-0.14] | -0.00190512994384727
-0.5730072855949402 | [-0.15] | -0.0023135699657196563
-0.5872474908828735 | [-0.17] | -0.002741298148702111
-0.6012616157531738 | [-0.18] | -0.0031804850193242933
-0.6149659752845764 | [-0.19] | -0.0036229359994939484
-0.6282791495323181 | [-0.2] | -0.004060294133439272
-0.6411223411560059 | [-0.21] | -0.004484223798126584
-0.6534199118614197 | [-0.22] | -0.004886593974537515
-0.6650997996330261 | [-0.23] | -0.0052596493465961215
-0.6760940551757812 | [-0.24] | -0.0055961756594879244
-0.6863389015197754 | [-0.24] | -0.00588962842632853
-0.6957751512527466 | [-0.25] | -0.006134264231657706
-0.7043482661247253 | [-0.25] | -0.006325237801202158
-0.7120084762573242 | [-0.25] | -0.006458687183640093
-0.7187108397483826 | [-0.26] | -0.006531799762818799
-0.7244153618812561 | [-0.26] | -0.006542866326472954
-0.7290869355201721 | [-0.25] | -0.0064913104941063254
-0.7326952815055847 | [-0.25] | -0.006377704271624235
-0.7352150678634644 | [-0.25] | -0.00620377702810365
-0.7366257905960083 | [-0.24] | -0.005972397406922987
-0.736911952495575 | [-0.24] | -0.00568755376731469
-0.7360630035400391 | [-0.23] | -0.005354305229241061
-0.7340734004974365 | [-0.22] | -0.004978720140662245
-0.7309427261352539 | [-0.21] | -0.004567797301989786
-0.7266759276390076 | [-0.2] | -0.004129370594387518
-0.7212833762168884 | [-0.19] | -0.0036719828125429247
-0.7147809863090515 | [-0.18] | -0.0032047399609161117
-0.7071905732154846 | [-0.17] | -0.002737152150498204
-0.6985399723052979 | [-0.15] | -0.002278942808684397
-0.6888631582260132 | [-0.14] | -0.0018398404012204283
-0.6782004833221436 | [-0.12] | -0.0014293588587274298
-0.6665987372398376 | [-0.1] | -0.0010565632350436277
-0.6541112661361694 | [-0.09] | -0.0007298341067636738
-0.6407979726791382 | [-0.07] | -0.0004566340063191911
-0.6267250180244446 | [-0.05] | -0.00024328335275606279
-0.6119648814201355 | [-0.03] | -9.476623504247868e-05
-0.5965958833694458 | [-0.01] | -1.4560132758470805e-05
-0.5807018876075745 | [0.01] | -4.509159587596027e-06
-0.564371645450592 | [0.03] | -6.47431023969445e-05
-0.5476981997489929 | [0.04] | -0.0001936503469830265
-0.530778169631958 | [0.06] | -0.0003879052131614672
-0.5137108564376831 | [0.08] | -0.0006425514124142055
-0.4965974688529968 | [0.1] | -0.0009511358437406914
-0.479540079832077 | [0.11] | -0.0013058910587923772
-0.46264076232910156 | [0.13] | -0.0016979535163178132
-0.4460006058216095 | [0.15] | -0.0021176126716948855
-0.42971891164779663 | [0.16] | -0.0025545735857176685
-0.41389229893684387 | [0.17] | -0.0029982307460271647
-0.39861398935317993 | [0.19] | -0.003437934999405992
-0.3839731216430664 | [0.2] | -0.003863252524091351
-0.3700542747974396 | [0.21] | -0.00426419930033868
-0.3569369614124298 | [0.22] | -0.0046314578483659516
-0.34469538927078247 | [0.22] | -0.004956560156041055
-0.33339813351631165 | [0.23] | -0.005232051607003459
-0.32310810685157776 | [0.23] | -0.005451617144499015
-0.3138824999332428 | [0.24] | -0.005610186748281781
-0.3057727515697479 | [0.24] | -0.00570401866975585
-0.29882463812828064 | [0.24] | -0.005730757633721417
-0.29307836294174194 | [0.24] | -0.005689474283947296
-0.2885686457157135 | [0.24] | -0.005580688753189303
-0.2853248417377472 | [0.23] | -0.005406375729944916
-0.2833709716796875 | [0.23] | -0.005169956469905455
-0.2827257812023163 | [0.22] | -0.004876271707588275
-0.2834027111530304 | [0.21] | -0.004531538034034837
-0.2854098975658417 | [0.2] | -0.004143280670574467
-0.2887499928474426 | [0.19] | -0.003720248561654607
-0.2934199869632721 | [0.18] | -0.003272300355123839
-0.29941102862358093 | [0.17] | -0.0028102591425858167
-0.30670809745788574 | [0.15] | -0.002345739363811933
-0.3152897357940674 | [0.14] | -0.0018909361704686715
-0.3251276910305023 | [0.12] | -0.0014583836257081595
-0.33618661761283875 | [0.1] | -0.0010606781462891162
-0.3484237790107727 | [0.08] | -0.0007101750521113824
-0.36178869009017944 | [0.06] | -0.0004186645642731883
-0.37622302770614624 | [0.04] | -0.00019703093366641594
-0.3916604220867157 | [0.02] | -5.4914568189572225e-05
-0.4080265760421753 | [0.] | -3.839942813721464e-07
-0.42523932456970215 | [-0.02] | -3.963846359126842e-05
-0.4432089626789093 | [-0.04] | -0.00017675300173613804
-0.4618387520313263 | [-0.06] | -0.0004134832749438691
-0.4810255765914917 | [-0.09] | -0.0007491428726414847
-0.5006606578826904 | [-0.11] | -0.0011805594745012264
-0.5206305980682373 | [-0.13] | -0.0017021205150212363
-0.5408185124397278 | [-0.15] | -0.0023059039391221054
-0.5611051321029663 | [-0.17] | -0.00298188754244174
-0.5813700556755066 | [-0.19] | -0.003718228831403105
-0.6014931201934814 | [-0.21] | -0.0045016037449093355
-0.6213555335998535 | [-0.23] | -0.005317574379764137
-0.6408411264419556 | [-0.25] | -0.006150984531438215
-0.6598374247550964 | [-0.26] | -0.00698634948557162
-0.6782366037368774 | [-0.28] | -0.007808232623229151
-0.6959363222122192 | [-0.29] | -0.008601592851282166
-0.7128402590751648 | [-0.31] | -0.009352087528536673
-0.7288585901260376 | [-0.32] | -0.010046334609233501
-0.7439084053039551 | [-0.33] | -0.010672134632679577
-0.7579135894775391 | [-0.33] | -0.011218628060835806
-0.7708050608634949 | [-0.34] | -0.01167643781435024
-0.7825203537940979 | [-0.35] | -0.01203774469297575
-0.7930036783218384 | [-0.35] | -0.012296370827359088
-0.8022053241729736 | [-0.35] | -0.012447800946318423
-0.8100816011428833 | [-0.35] | -0.012489228237319377
-0.8165942430496216 | [-0.35] | -0.012419551290736713
-0.8217102885246277 | [-0.35] | -0.012239398923443678
-0.8254016041755676 | [-0.35] | -0.01195112142283784
-0.8276448249816895 | [-0.34] | -0.011558803480869476
-0.8284209370613098 | [-0.33] | -0.011068241995356378
-0.8277155160903931 | [-0.32] | -0.010486954988373827
-0.8255184888839722 | [-0.31] | -0.009824138721633768
-0.8218243718147278 | [-0.3] | -0.009090632088899857
-0.8166325092315674 | [-0.29] | -0.008298848701404462
-0.8099473118782043 | [-0.27] | -0.007462670193358948
-0.8017788529396057 | [-0.26] | -0.006597314511169257
-0.7921432256698608 | [-0.24] | -0.005719138516878562
-0.7810631394386292 | [-0.22] | -0.004845397193475962
-0.7685685753822327 | [-0.2] | -0.0039939471562615595
-0.7546975016593933 | [-0.18] | -0.00318289318388338
-0.7394963502883911 | [-0.16] | -0.0024301710409618277
-0.7230206727981567 | [-0.13] | -0.001753093476709943
-0.7053355574607849 | [-0.11] | -0.0011678587864450316
-0.6865160465240479 | [-0.08] | -0.0006890467321825915
-0.6666472554206848 | [-0.06] | -0.00032911923620076387
-0.6458243131637573 | [-0.03] | -9.79563369452396e-05
-0.6241520047187805 | [-0.] | -2.4545068938946517e-06
-0.6017443537712097 | [0.02] | -4.6215003976520045e-05
-0.5787237286567688 | [0.05] | -0.00022934252545924122
-0.5552197098731995 | [0.07] | -0.000548375545639756
-0.531367838382721 | [0.1] | -0.0009963552918120042
-0.5073079466819763 | [0.13] | -0.0015630357193732237
-0.4831826686859131 | [0.15] | -0.002235216402089403
-0.459135502576828 | [0.17] | -0.0029971888567948083
-0.43530911207199097 | [0.2] | -0.003831258364199472
-0.41184356808662415 | [0.22] | -0.004718316084538033
-0.38887476921081543 | [0.24] | -0.005638424329943283
-0.36653292179107666 | [0.26] | -0.006571389119491927
-0.3449414372444153 | [0.27] | -0.007497284542966942
-0.32421591877937317 | [0.29] | -0.008396917439429524
-0.30446353554725647 | [0.3] | -0.00925221641586675
-0.2857825458049774 | [0.32] | -0.01004654460961317
-0.26826223731040955 | [0.33] | -0.010764926870986988
-0.2519829273223877 | [0.34] | -0.011394217372945676
-0.23701635003089905 | [0.35] | -0.011923196565751235
-0.22342601418495178 | [0.35] | -0.012342631328066686
-0.21126782894134521 | [0.36] | -0.012645293931850625
-0.20059068500995636 | [0.36] | -0.012825967284757354
-0.19143716990947723 | [0.36] | -0.012881432234073687
-0.18384422361850739 | [0.36] | -0.012810458727533315
-0.17784370481967926 | [0.36] | -0.012613803173105554
-0.17346298694610596 | [0.35] | -0.012294207465527488
-0.17072539031505585 | [0.34] | -0.011856412192719197
-0.16965049505233765 | [0.34] | -0.011307175674241195
-0.17025434970855713 | [0.33] | -0.010655293786170188
-0.17254948616027832 | [0.31] | -0.009911618398123436
-0.17654484510421753 | [0.3] | -0.009089058076235165
-0.18224546313285828 | [0.29] | -0.008202559407706254
-0.18965205550193787 | [0.27] | -0.0072690479433512
-0.19876039028167725 | [0.25] | -0.006307321043108158
-0.2095605731010437 | [0.23] | -0.005337874269197438
-0.222036212682724 | [0.21] | -0.004382649293339238
-0.2361634075641632 | [0.19] | -0.003464698661956888
-0.2519097626209259 | [0.16] | -0.0026077500440333684
-0.2692333161830902 | [0.14] | -0.0018356764895376188
Total reward: -1.1477839364563627
1.0, 5.5, 0.5
parameter ends

state | action | reward
[-0.49] | [0.01] | -8.17679104194724e-06
-0.49118828773498535 | [0.01] | -5.688189898383077e-06
-0.4916505217552185 | [0.01] | -3.3723216020251765e-06
-0.49234330654144287 | [0.] | -1.479513917230256e-06
-0.493264377117157 | [0.] | -2.787924219116588e-07
-0.49441012740135193 | [-0.] | -5.067085550486845e-08
-0.49577561020851135 | [-0.] | -1.0795717320599697e-06
-0.4973544478416443 | [-0.01] | -3.6457464291076336e-06
-0.4991389513015747 | [-0.01] | -8.017016263110792e-06
-0.5011202096939087 | [-0.01] | -1.444075251894587e-05
-0.5032879114151001 | [-0.02] | -2.313546776344848e-05
-0.5056306719779968 | [-0.02] | -3.4283850145649384e-05
-0.5081359148025513 | [-0.02] | -4.8025510369981996e-05
-0.5107899308204651 | [-0.03] | -6.445074266330662e-05
-0.5135781168937683 | [-0.03] | -8.35962498945711e-05
-0.516484797000885 | [-0.03] | -0.00010543995060000116
-0.5194935202598572 | [-0.04] | -0.0001298994114419579
-0.5225871205329895 | [-0.04] | -0.0001568305839055026
-0.5257477164268494 | [-0.04] | -0.00018602731299664768
-0.5289568901062012 | [-0.05] | -0.00021722352098417494
-0.5321957468986511 | [-0.05] | -0.0002500959847965948
-0.5354451537132263 | [-0.05] | -0.00028427022203440376
-0.5386857390403748 | [-0.06] | -0.00031932544126465407
-0.5418979525566101 | [-0.06] | -0.0003548010139196875
-0.5450623631477356 | [-0.06] | -0.0003902068229955573
-0.5481595993041992 | [-0.07] | -0.00042503047098833
-0.5511705875396729 | [-0.07] | -0.0004587486423661988
-0.554076611995697 | [-0.07] | -0.0004908368618478773
-0.5568594336509705 | [-0.07] | -0.0005207802400246935
-0.5595014691352844 | [-0.07] | -0.0005480851879101251
-0.5619858503341675 | [-0.08] | -0.0005722892770246433
-0.5642964243888855 | [-0.08] | -0.0005929695937485161
-0.5664179921150208 | [-0.08] | -0.0006097542579980603
-0.5683364272117615 | [-0.08] | -0.0006223312629992818
-0.5700386762619019 | [-0.08] | -0.000630454380394503
-0.5715128779411316 | [-0.08] | -0.0006339497928459105
-0.5727483630180359 | [-0.08] | -0.0006327194603518395
-0.5737358927726746 | [-0.08] | -0.0006267468894570875
-0.5744675397872925 | [-0.08] | -0.0006160956142808424
-0.5749369263648987 | [-0.08] | -0.0006009117947474684
-0.575139045715332 | [-0.08] | -0.0005814186201202612
-0.5750705599784851 | [-0.07] | -0.0005579166709643081
-0.5747296214103699 | [-0.07] | -0.0005307752202707024
-0.5741159319877625 | [-0.07] | -0.0005004260002519943
-0.5732309222221375 | [-0.07] | -0.00046735723903952434
-0.5720776319503784 | [-0.07] | -0.0004321020649645966
-0.5706605911254883 | [-0.06] | -0.000395226328254302
-0.5689861178398132 | [-0.06] | -0.0003573212198186684
-0.5670619010925293 | [-0.06] | -0.0003189859539589426
-0.564897358417511 | [-0.05] | -0.0002808201985666066
-0.5625033974647522 | [-0.05] | -0.00024340889227471692
-0.5598922967910767 | [-0.05] | -0.000207309363049679
-0.5570778250694275 | [-0.04] | -0.00017304141740847806
-0.5540750622749329 | [-0.04] | -0.00014107520671951404
-0.550900399684906 | [-0.03] | -0.00011182196418984636
-0.5475713610649109 | [-0.03] | -8.56246929844937e-05
-0.5441066026687622 | [-0.03] | -6.275191135504386e-05
-0.5405256748199463 | [-0.02] | -4.339161830801997e-05
-0.5368490815162659 | [-0.02] | -2.7648970882578025e-05
-0.5330981016159058 | [-0.01] | -1.554447726179447e-05
-0.5292946100234985 | [-0.01] | -7.014603582843398e-06
-0.525460958480835 | [-0.] | -1.9147856110410657e-06
-0.5216199159622192 | [-0.] | -2.441045915827292e-08
-0.5177944302558899 | [0.] | -1.0534652595431286e-06
-0.5140076279640198 | [0.01] | -4.651070267614833e-06
-0.5102825164794922 | [0.01] | -1.0415571971082038e-05
-0.5066419243812561 | [0.01] | -1.7905946773685356e-05
-0.5031083822250366 | [0.02] | -2.6654090206454495e-05
-0.49970394372940063 | [0.02] | -3.6177990780249594e-05
-0.4964500367641449 | [0.02] | -4.5995324994091517e-05
-0.49336734414100647 | [0.02] | -5.5637014972123784e-05
-0.49047568440437317 | [0.03] | -6.466044692287242e-05
-0.487793892621994 | [0.03] | -7.266213427078418e-05
-0.4853397011756897 | [0.03] | -7.928943614925838e-05
-0.4831295907497406 | [0.03] | -8.425129102018171e-05
-0.4811787009239197 | [0.03] | -8.732717659065838e-05
-0.47950077056884766 | [0.03] | -8.837415386732848e-05
-0.4781080186367035 | [0.03] | -8.73323985622624e-05
-0.4770110845565796 | [0.03] | -8.422834187437406e-05
-0.4762188792228699 | [0.03] | -7.917619841867204e-05
-0.47573861479759216 | [0.03] | -7.237619571828564e-05
-0.475575715303421 | [0.03] | -6.411133781814109e-05
-0.47573375701904297 | [0.02] | -5.474177972235819e-05
-0.4762144684791565 | [0.02] | -4.469681406791475e-05
-0.4770176410675049 | [0.02] | -3.4465330449386885e-05
-0.478141188621521 | [0.02] | -2.458382145032811e-05
-0.4795811176300049 | [0.01] | -1.5623337371501527e-05
-0.481331467628479 | [0.01] | -8.175140503165201e-06
-0.4833844006061554 | [0.01] | -2.8349782383331745e-06
-0.48573023080825806 | [0.] | -1.8706747678091268e-07
-0.48835739493370056 | [-0.] | -7.878537032762467e-07
-0.491252601146698 | [-0.01] | -5.149837172127398e-06
-0.4944007992744446 | [-0.01] | -1.3726055422679531e-05
-0.4977852702140808 | [-0.02] | -2.689543704954813e-05
-0.5013877153396606 | [-0.02] | -4.494957423556201e-05
-0.5051884651184082 | [-0.03] | -6.808187182023784e-05
-0.5091663599014282 | [-0.03] | -9.637733516255076e-05
-0.5132989883422852 | [-0.04] | -0.00012980599052065606
-0.5175629258155823 | [-0.04] | -0.00016821950896154733
-0.5219336748123169 | [-0.05] | -0.00021134850990465784
-0.5263858437538147 | [-0.05] | -0.00025880403287178
-0.5308934450149536 | [-0.06] | -0.0003100832737896164
-0.535429835319519 | [-0.06] | -0.00036457484113307665
-0.5399680733680725 | [-0.06] | -0.0004215707177117224
-0.5444809794425964 | [-0.07] | -0.0004802778384468189
-0.5489413738250732 | [-0.07] | -0.0005398338929420676
-0.5533220767974854 | [-0.08] | -0.0005993217149872257
-0.5575962662696838 | [-0.08] | -0.0006577904265830273
-0.561737596988678 | [-0.08] | -0.000714274374366311
-0.56572026014328 | [-0.09] | -0.0007678117680679919
-0.5695192813873291 | [-0.09] | -0.0008174674150884264
-0.5731105804443359 | [-0.09] | -0.0008623514995946904
-0.576471209526062 | [-0.09] | -0.0009016408467384281
-0.5795794129371643 | [-0.1] | -0.0009345958393961027
-0.5824147462844849 | [-0.1] | -0.00096057706660848
-0.5849582552909851 | [-0.1] | -0.0009790613284407456
-0.5871925950050354 | [-0.1] | -0.0009896544241216809
-0.5891020894050598 | [-0.1] | -0.0009921002859157313
-0.5906728506088257 | [-0.1] | -0.0009862887733355255
-0.5918928980827332 | [-0.1] | -0.0009722605351562681
-0.59275221824646 | [-0.1] | -0.0009502078425496826
-0.5932428240776062 | [-0.1] | -0.0009204723073497044
-0.5933588147163391 | [-0.09] | -0.0008835396981925252
-0.5930964350700378 | [-0.09] | -0.0008400317210847408
-0.5924540758132935 | [-0.09] | -0.0007906938949069361
-0.5914323329925537 | [-0.09] | -0.0007363819498014745
-0.5900340676307678 | [-0.08] | -0.0006780456620846723
-0.5882643461227417 | [-0.08] | -0.0006167085296938559
-0.5861304402351379 | [-0.07] | -0.0005534468776941985
-0.5836418867111206 | [-0.07] | -0.0004893685161034443
-0.5808103680610657 | [-0.07] | -0.00042558768777030344
-0.577649712562561 | [-0.06] | -0.0003632017737442373
-0.5741758942604065 | [-0.06] | -0.00030326783716120334
-0.5704067945480347 | [-0.05] | -0.0002467771981247016
-0.5663622617721558 | [-0.04] | -0.00019463522720121378
-0.5620641112327576 | [-0.04] | -0.00014764147194466058
-0.557535707950592 | [-0.03] | -0.00010646882908947131
-0.5528021454811096 | [-0.03] | -7.16510335554378e-05
-0.5478900074958801 | [-0.02] | -4.3569496529116734e-05
-0.5428271889686584 | [-0.01] | -2.2444734065160813e-05
-0.5376427173614502 | [-0.01] | -8.331964662411373e-06
-0.5323666334152222 | [-0.] | -1.1209379160262142e-06
-0.527029812335968 | [0.] | -5.395356536547083e-07
-0.5216637849807739 | [0.01] | -6.161478991576278e-06
-0.5163004398345947 | [0.01] | -1.7418178115868878e-05
-0.5109720826148987 | [0.02] | -3.3613564645528086e-05
-0.5057108998298645 | [0.02] | -5.39433746940179e-05
-0.5005489587783813 | [0.03] | -7.751627745168104e-05
-0.4955179989337921 | [0.03] | -0.00010337737341988918
-0.49064916372299194 | [0.04] | -0.00013053394088294182
-0.4859728515148163 | [0.04] | -0.00015798161777432713
-0.4815185070037842 | [0.04] | -0.0001847313295716231
-0.47731444239616394 | [0.05] | -0.00020983573799498447
-0.4733876883983612 | [0.05] | -0.00023241462178339033
-0.46976378560066223 | [0.05] | -0.0002516792754536255
-0.46646663546562195 | [0.05] | -0.00026695437345003974
-0.4635183811187744 | [0.05] | -0.0002776969610452714
-0.4609392583370209 | [0.05] | -0.0002835127264080345
-0.4587474465370178 | [0.05] | -0.00028416889199926867
-0.4569590091705322 | [0.05] | -0.0002796024190441138
-0.4555877149105072 | [0.05] | -0.0002699255787087088
-0.454645037651062 | [0.05] | -0.0002554254359348091
-0.4541400372982025 | [0.05] | -0.0002365604897645056
-0.454079270362854 | [0.05] | -0.000213952755578685
-0.45446673035621643 | [0.04] | -0.00018837540618932334
-0.4553038775920868 | [0.04] | -0.00016073572119208574
-0.4565895199775696 | [0.04] | -0.00013205577279219187
-0.45831984281539917 | [0.03] | -0.00010344845971854461
-0.46048837900161743 | [0.03] | -7.60912361721098e-05
-0.4630860388278961 | [0.02] | -5.119709243637601e-05
-0.46610113978385925 | [0.02] | -2.9983976225030617e-05
-0.46951934695243835 | [0.01] | -1.3643400953592496e-05
-0.47332385182380676 | [0.01] | -3.3078066572477807e-06
-0.47749537229537964 | [-0.] | -1.9246133595249987e-08
-0.48201221227645874 | [-0.01] | -4.698925079810661e-06
-0.48685044050216675 | [-0.01] | -1.8118908881410906e-05
-0.49198392033576965 | [-0.02] | -4.0876671630489146e-05
-0.4973844587802887 | [-0.03] | -7.337312481894488e-05
-0.5030220150947571 | [-0.03] | -0.00011579543628202289
-0.5088648796081543 | [-0.04] | -0.00016810478234861187
-0.5148797035217285 | [-0.05] | -0.00023002803128453552
-0.5210318565368652 | [-0.05] | -0.00030105731902390666
-0.5272855758666992 | [-0.06] | -0.00038045408843719123
-0.5336041450500488 | [-0.07] | -0.0004672586360600537
-0.5399502515792847 | [-0.07] | -0.0005603077432492879
-0.5462860465049744 | [-0.08] | -0.0006582533856556998
-0.5525735020637512 | [-0.09] | -0.0007595905076447407
-0.5587746500968933 | [-0.09] | -0.0008626872573905845
-0.5648517608642578 | [-0.1] | -0.000965817684469774
-0.5707677006721497 | [-0.1] | -0.0010672004682991305
-0.5764859914779663 | [-0.11] | -0.0011650336407083492
-0.5819712281227112 | [-0.11] | -0.0012575375914707686
-0.5871890783309937 | [-0.12] | -0.001342989255372716
-0.5921067595481873 | [-0.12] | -0.0014197663165893062
-0.5966929793357849 | [-0.12] | -0.0014863775790967153
-0.6009182333946228 | [-0.12] | -0.0015414991836250251
-0.6047549843788147 | [-0.13] | -0.0015840052346574125
-0.608177900314331 | [-0.13] | -0.0016129962850718747
-0.6111637353897095 | [-0.13] | -0.0016278145217915986
-0.6136917471885681 | [-0.13] | -0.001628068211081028
-0.6157436370849609 | [-0.13] | -0.0016136386559867312
-0.6173037886619568 | [-0.13] | -0.0015846899290421872
-0.6183591485023499 | [-0.12] | -0.0015416637429900893
-0.6188995838165283 | [-0.12] | -0.0014852811338041214
-0.6189177632331848 | [-0.12] | -0.0014165263788040775
-0.6184093356132507 | [-0.12] | -0.001336632950381993
-0.6173727512359619 | [-0.11] | -0.001247055738042312
-0.6158096194267273 | [-0.11] | -0.0011494510160206764
-0.6137245297431946 | [-0.1] | -0.0010456391134973841
-0.6111250519752502 | [-0.1] | -0.0009375676921629203
-0.6080219149589539 | [-0.09] | -0.0008272750424808351
-0.604428768157959 | [-0.08] | -0.0007168424321644057
-0.6003623604774475 | [-0.08] | -0.0006083529278226927
-0.5958423018455505 | [-0.07] | -0.0005038418125620448
-0.5908910632133484 | [-0.06] | -0.0004052520095211686
-0.5855340957641602 | [-0.06] | -0.0003143916563852138
-0.5797993540763855 | [-0.05] | -0.00023288657827095442
-0.573717474937439 | [-0.04] | -0.00016214530567065007
-0.5673215389251709 | [-0.03] | -0.00010332318599202956
-0.5606468319892883 | [-0.02] | -5.729324727699937e-05
-0.5537307262420654 | [-0.02] | -2.4624782405278637e-05
-0.5466125011444092 | [-0.01] | -5.568548535389925e-06
-0.5393329858779907 | [0.] | -4.9595831670045054e-08
-0.5319344997406006 | [0.01] | -7.669092272452566e-06
-0.5244603157043457 | [0.02] | -2.7714196127183636e-05
-0.5169547200202942 | [0.02] | -5.9175713689315445e-05
-0.5094624757766724 | [0.03] | -0.00010077414947914836
-0.5020285844802856 | [0.04] | -0.00015099274049842887
-0.49469807744026184 | [0.05] | -0.0002081158758288678
-0.4875156283378601 | [0.05] | -0.0002702738616516538
-0.48052528500556946 | [0.06] | -0.00033549103512527383
-0.4737702012062073 | [0.06] | -0.0004017364486046121
-0.4672923684120178 | [0.07] | -0.0004669759727582803
-0.46113234758377075 | [0.07] | -0.0005292245424669529
-0.45532894134521484 | [0.08] | -0.0005865983832665178
-0.44991910457611084 | [0.08] | -0.0006373615809120639
-0.44493764638900757 | [0.08] | -0.0006799722090938729
-0.44041699171066284 | [0.08] | -0.0007131235398280116
-0.4363870620727539 | [0.09] | -0.0007357781214517925
-0.4328751266002655 | [0.09] | -0.0007471965230750102
-0.42990559339523315 | [0.09] | -0.0007469605622943979
-0.4274998903274536 | [0.09] | -0.0007349881679242515
-0.4256764054298401 | [0.08] | -0.0007115399283835549
-0.4244502782821655 | [0.08] | -0.0006772205985622203
-0.4238334000110626 | [0.08] | -0.0006329694776860194
-0.42383432388305664 | [0.08] | -0.0005800446755798251
-0.4244581162929535 | [0.07] | -0.0005200007517793757
-0.4257063865661621 | [0.07] | -0.00045465619722437426
-0.4275771975517273 | [0.06] | -0.00038605599094328576
-0.4300650358200073 | [0.06] | -0.00031642683078822616
-0.43316084146499634 | [0.05] | -0.00024812619621286403
-0.4368519186973572 | [0.04] | -0.00018358805780480417
-0.44112199544906616 | [0.04] | -0.000125263162688412
-0.44595128297805786 | [0.03] | -7.555725051532986e-05
-0.4513164460659027 | [0.02] | -3.676890013872315e-05
-0.45719072222709656 | [0.01] | -1.1026690537090297e-05
-0.46354401111602783 | [0.] | -2.2888663944176102e-07
-0.4703430235385895 | [-0.01] | -5.9869059549966245e-06
-0.47755134105682373 | [-0.02] | -2.957412247006769e-05
-0.485129714012146 | [-0.03] | -7.188189194892707e-05
-0.4930361807346344 | [-0.04] | -0.0001333840674713172
-0.5012263059616089 | [-0.05] | -0.00021411121895708303
-0.5096535086631775 | [-0.06] | -0.0003136366482295039
-0.5182693004608154 | [-0.07] | -0.0004310732080293028
-0.5270235538482666 | [-0.08] | -0.0005650816297105574
-0.5358648896217346 | [-0.08] | -0.0007138922427267666
-0.5447409749031067 | [-0.09] | -0.0008753366676932898
-0.553598940372467 | [-0.1] | -0.0010468917865160442
-0.5623856782913208 | [-0.11] | -0.0012257313502320054
-0.5710482597351074 | [-0.12] | -0.0014087876406101076
-0.5795341730117798 | [-0.13] | -0.0015928155982309071
-0.5877918601036072 | [-0.13] | -0.0017744682930075474
-0.5957708954811096 | [-0.14] | -0.0019503673819315237
-0.6034223437309265 | [-0.15] | -0.002117178305263047
-0.6106990575790405 | [-0.15] | -0.0022716837329656244
-0.6175560355186462 | [-0.16] | -0.002410856950783901
-0.6239505410194397 | [-0.16] | -0.002531923914962853
-0.6298424005508423 | [-0.16] | -0.0026324264526440887
-0.6351941823959351 | [-0.16] | -0.0027102755019792037
-0.6399714946746826 | [-0.17] | -0.0027638014452665196
-0.6441430449485779 | [-0.17] | -0.0027917892405382506
-0.6476806998252869 | [-0.17] | -0.0027935052016522625
-0.6505597829818726 | [-0.17] | -0.0027687230921836707
-0.6527591347694397 | [-0.16] | -0.0027177330539910243
-0.6542611122131348 | [-0.16] | -0.0026413393719665074
-0.6550518274307251 | [-0.16] | -0.002540856743670857
-0.6551210880279541 | [-0.16] | -0.002418086833975736
-0.6544625759124756 | [-0.15] | -0.0022752932341422454
-0.6530738472938538 | [-0.15] | -0.0021151609784854017
-0.6509564518928528 | [-0.14] | -0.0019407505841922896
-0.6481159329414368 | [-0.13] | -0.0017554395885058614
-0.6445618271827698 | [-0.13] | -0.001562856414188895
-0.6403077840805054 | [-0.12] | -0.0013668099957985407
-0.6353715658187866 | [-0.11] | -0.001171210032471299
-0.6297750473022461 | [-0.1] | -0.0009799824874195942
-0.6235440969467163 | [-0.09] | -0.0007969799169840284
-0.6167086362838745 | [-0.08] | -0.000625895077564346
-0.6093025803565979 | [-0.07] | -0.000470172584870186
-0.6013636589050293 | [-0.06] | -0.000332922624154278
-0.5929332971572876 | [-0.05] | -0.0002168422429500952
-0.5840564966201782 | [-0.04] | -0.00012414507413793528
-0.574781596660614 | [-0.02] | -5.650024442024624e-05
-0.5651600360870361 | [-0.01] | -1.4984978389404417e-05
-0.5552459359169006 | [-0.] | -5.1587093488972285e-08
-0.5450958609580994 | [0.01] | -1.1511986395141964e-05
-0.5347685813903809 | [0.02] | -4.853794211641066e-05
-0.5243245363235474 | [0.03] | -0.00010967885856135506
-0.5138253569602966 | [0.04] | -0.00019289786784819016
-0.503333568572998 | [0.05] | -0.0002956224709615659
-0.4929121434688568 | [0.06] | -0.0004148098775873091
-0.4826239347457886 | [0.07] | -0.000547026712420974
-0.4725313186645508 | [0.08] | -0.0006885363465080927
-0.46269574761390686 | [0.09] | -0.0008353947024962278
-0.4531773030757904 | [0.1] | -0.0009835507370415401
-0.4440343379974365 | [0.11] | -0.0011289477849241393
-0.4353230893611908 | [0.11] | -0.0012676243343436701
-0.42709729075431824 | [0.12] | -0.001395812872825413
-0.41940799355506897 | [0.12] | -0.0015100280829203284
-0.4123031198978424 | [0.13] | -0.0016071554276085769
-0.4058274030685425 | [0.13] | -0.0016845214052055302
-0.4000220000743866 | [0.13] | -0.0017399628752457236
-0.39492449164390564 | [0.13] | -0.0017718758011492674
-0.3905685842037201 | [0.13] | -0.001779260795103752
-0.38698405027389526 | [0.13] | -0.0017617503825974733
-0.38419657945632935 | [0.13] | -0.0017196265768867878
-0.38222771883010864 | [0.13] | -0.0016538235781197845
-0.38109472393989563 | [0.13] | -0.001565920040094895
-0.38081055879592896 | [0.12] | -0.0014581144018919407
-0.3813837170600891 | [0.12] | -0.001333191915294782
-0.38281822204589844 | [0.11] | -0.0011944739280981163
-0.38511353731155396 | [0.1] | -0.0010457566567174212
-0.3882644772529602 | [0.09] | -0.0008912374314916339
-0.3922611474990845 | [0.09] | -0.0007354283199443724
-0.3970889449119568 | [0.08] | -0.0005830579799672171
-0.402728408575058 | [0.07] | -0.0004389668991179258
-0.4091552793979645 | [0.06] | -0.0003079911633024211
-0.4163404703140259 | [0.04] | -0.00019484292496851303
-0.424250066280365 | [0.03] | -0.00010398777425167684
-0.43284541368484497 | [0.02] | -3.952183265643254e-05
-0.4420832395553589 | [0.01] | -5.0534820570345916e-06
-0.4519156813621521 | [-0.01] | -3.5929370270970654e-06
-0.46229061484336853 | [-0.02] | -3.7452651435393794e-05
-0.4731518030166626 | [-0.03] | -0.00010816377205278615
-0.4844392240047455 | [-0.05] | -0.00021641116865415456
-0.4960894286632538 | [-0.06] | -0.00036199025515973673
-0.5080359578132629 | [-0.07] | -0.0005437882002848069
-0.520209789276123 | [-0.09] | -0.0007597900055965925
-0.5325397849082947 | [-0.1] | -0.0010071094481767296
-0.5449532866477966 | [-0.11] | -0.0012820466782199464
-0.5573765635490417 | [-0.13] | -0.0015801654658699278
-0.5697355270385742 | [-0.14] | -0.0018963963792762582
-0.5819560885429382 | [-0.15] | -0.0022251481516531
-0.5939649939537048 | [-0.16] | -0.002560444719434204
-0.605690062046051 | [-0.17] | -0.0028960545780328936
-0.6170608997344971 | [-0.18] | -0.0032256393640133028
-0.6280093193054199 | [-0.19] | -0.003542894448764441
-0.6384697556495667 | [-0.2] | -0.0038416873088611726
-0.6483796238899231 | [-0.2] | -0.004116188487323378
-0.6576796770095825 | [-0.21] | -0.004360994104700675
-0.6663142442703247 | [-0.21] | -0.004571234557878363
-0.6742315888404846 | [-0.22] | -0.0047426774591367024
-0.6813839077949524 | [-0.22] | -0.004871802496137657
-0.6877276301383972 | [-0.22] | -0.004955876962182364
-0.6932234168052673 | [-0.22] | -0.004993005136824398
-0.6978363990783691 | [-0.22] | -0.0049821748982997426
-0.7015361189842224 | [-0.22] | -0.004923277468537155
-0.7042966485023499 | [-0.22] | -0.004817121467469857
-0.7060965299606323 | [-0.22] | -0.004665425415615816
-0.7069190740585327 | [-0.21] | -0.004470811138467654
-0.7067521214485168 | [-0.21] | -0.004236758925811925
-0.7055883407592773 | [-0.2] | -0.003967570692538114
-0.7034252285957336 | [-0.19] | -0.003668303915324077
-0.7002651691436768 | [-0.18] | -0.0033446918419370872
-0.6961156129837036 | [-0.17] | -0.003003051899448723
-0.6909891366958618 | [-0.16] | -0.0026501723376822486
-0.6849035024642944 | [-0.15] | -0.0022931840483990927
-0.6778818964958191 | [-0.14] | -0.001939423514304052
-0.6699529886245728 | [-0.13] | -0.0015962763737871423
-0.6611508131027222 | [-0.11] | -0.0012710078971962333
-0.6515151858329773 | [-0.1] | -0.000970601359095172
-0.6410912871360779 | [-0.08] | -0.0007015736402078227
-0.6299300193786621 | [-0.07] | -0.0004698130995694745
-0.6180875301361084 | [-0.05] | -0.0002804099332050233
-0.6056252121925354 | [-0.04] | -0.00013751212560484394
-0.5926095247268677 | [-0.02] | -4.419802202120793e-05
-0.5791115164756775 | [-0.] | -2.3739876418003326e-06
-0.5652063488960266 | [0.01] | -1.2705673811338527e-05
-0.5509730577468872 | [0.03] | -7.458409979935624e-05
-0.536493718624115 | [0.04] | -0.00018612888353898788
-0.521852970123291 | [0.06] | -0.00034422998406691285
-0.5071372985839844 | [0.07] | -0.0005446264033224046
-0.4924343526363373 | [0.09] | -0.000782018938998208
-0.477832168340683 | [0.1] | -0.0010502134437624536
-0.4634184241294861 | [0.12] | -0.0013422885989940701
-0.44927978515625 | [0.13] | -0.0016507794590580182
-0.43550121784210205 | [0.14] | -0.0019678727262806353
-0.42216530442237854 | [0.15] | -0.002285607275126936
-0.4093516767024994 | [0.16] | -0.0025960709990613395
-0.39713653922080994 | [0.17] | -0.0028915885938155307
-0.3855922222137451 | [0.18] | -0.0031648976805084446
-0.37478676438331604 | [0.18] | -0.003409311788992433
-0.36478373408317566 | [0.19] | -0.003618857253096874
-0.3556419014930725 | [0.19] | -0.0037884002292991937
-0.34741517901420593 | [0.2] | -0.003913744530946623
-0.34015241265296936 | [0.2] | -0.0039917185355672164
-0.3338973820209503 | [0.2] | -0.004020235654490502
-0.3286888003349304 | [0.2] | -0.00399833756453056
-0.3245601952075958 | [0.2] | -0.003926225383440502
-0.3215400278568268 | [0.2] | -0.003805264113851581
-0.3196515738964081 | [0.19] | -0.00363797924896049
-0.31891295313835144 | [0.19] | -0.003428029624669551
-0.3193370997905731 | [0.18] | -0.0031801636678233155
-0.320931613445282 | [0.17] | -0.0029001599379003327
-0.3236987590789795 | [0.16] | -0.0025947407050457057
-0.327635258436203 | [0.15] | -0.0022714705230728292
-0.3327322006225586 | [0.14] | -0.0019386270110919451
-0.33897483348846436 | [0.13] | -0.0016050515578791347
-0.34634241461753845 | [0.11] | -0.0012799746224748153
-0.35480791330337524 | [0.1] | -0.0009728227500252797
-0.3643380105495453 | [0.08] | -0.0006929984995231181
-0.3748927414417267 | [0.07] | -0.00044965315854903593
-0.38642555475234985 | [0.05] | -0.0002514412281147734
-0.3988831639289856 | [0.03] | -0.00010627573912287867
-0.4122055768966675 | [0.01] | -2.1086429533738484e-05
-0.426326185464859 | [-0.] | -1.5916615512674184e-06
-0.4411720037460327 | [-0.02] | -5.209386792736414e-05
-0.45666399598121643 | [-0.04] | -0.0001753091271473193
-0.47271743416786194 | [-0.06] | -0.00037223841204090394
-0.4892425239086151 | [-0.08] | -0.0006420894906649711
-0.5061450004577637 | [-0.1] | -0.000982253915775722
-0.5233269929885864 | [-0.12] | -0.0013883438321804346
-0.5406877994537354 | [-0.14] | -0.0018542841317596842
-0.5581247210502625 | [-0.15] | -0.0023724572663835226
-0.5755342245101929 | [-0.17] | -0.0029339034793126
-0.592812716960907 | [-0.19] | -0.0035285493529966802
-0.6098575592041016 | [-0.2] | -0.004145470435833988
-0.626568078994751 | [-0.22] | -0.004773173989289414
-0.6428462862968445 | [-0.23] | -0.005399875596173692
-0.6585976481437683 | [-0.25] | -0.0060137795608826775
-0.673731803894043 | [-0.26] | -0.006603341432566311
-0.6881631016731262 | [-0.27] | -0.007157511257422771
-0.7018110156059265 | [-0.28] | -0.007665947242821662
-0.7146003842353821 | [-0.28] | -0.00811919631002054
-0.7264617681503296 | [-0.29] | -0.008508859683874602
-0.7373314499855042 | [-0.3] | -0.00882771358715954
-0.7471514344215393 | [-0.3] | -0.009069808089138735
-0.7558693885803223 | [-0.3] | -0.009230544136327913
-0.7634386420249939 | [-0.31] | -0.009306736239668786
-0.7698179483413696 | [-0.3] | -0.00929664460328229
-0.7749713659286499 | [-0.3] | -0.00920000210911535
-0.7788681387901306 | [-0.3] | -0.009018026626755793
-0.7814825177192688 | [-0.3] | -0.008753417760847003
-0.7827938199043274 | [-0.29] | -0.008410352525651995
-0.7827862501144409 | [-0.28] | -0.007994450880106637
-0.7814489603042603 | [-0.27] | -0.007512736578769982
-0.7787761092185974 | [-0.26] | -0.00697357594364231
-0.7747670412063599 | [-0.25] | -0.006386597562819485
-0.7694265842437744 | [-0.24] | -0.005762587951324558
-0.762765109539032 | [-0.23] | -0.005113342184088216
-0.7547990679740906 | [-0.21] | -0.004451503089772486
-0.7455512285232544 | [-0.19] | -0.0037903468754402294
-0.7350510954856873 | [-0.18] | -0.003143540991437979
-0.7233352661132812 | [-0.16] | -0.0025248626391274915
-0.7104477882385254 | [-0.14] | -0.0019478874010248415
-0.696440577507019 | [-0.12] | -0.00142565438617355
-0.6813734173774719 | [-0.1] | -0.0009703071476673514
-0.6653144359588623 | [-0.08] | -0.0005927451778242284
-0.6483398079872131 | [-0.05] | -0.00030227158642846114
-0.630533754825592 | [-0.03] | -0.00010627894831312041
-0.6119882464408875 | [-0.01] | -9.976222137971728e-06
-0.5928025841712952 | [0.01] | -1.617638102629493e-05
-0.5730825066566467 | [0.04] | -0.00012515914015681084
-0.5529395937919617 | [0.06] | -0.0003346198445498169
-0.5324901342391968 | [0.08] | -0.0006397083590948386
-0.5118540525436401 | [0.1] | -0.001033158964496722
-0.4911535680294037 | [0.12] | -0.0015055070869258802
-0.4705120027065277 | [0.14] | -0.0020453773196850433
-0.4500523805618286 | [0.16] | -0.0026398324802131175
-0.42989617586135864 | [0.18] | -0.0032747611516135036
-0.4101620614528656 | [0.2] | -0.00393528577684589
-0.3909648358821869 | [0.21] | -0.004606170351770889
-0.37241438031196594 | [0.23] | -0.005272215438921594
-0.35461491346359253 | [0.24] | -0.00591861766456045
-0.33766430616378784 | [0.26] | -0.006531293357655394
-0.32165366411209106 | [0.27] | -0.007097151504429915
-0.3066670596599579 | [0.28] | -0.007604320038809696
-0.29278135299682617 | [0.28] | -0.008042330137533053
-0.2800663411617279 | [0.29] | -0.008402246341078407
-0.26858481764793396 | [0.29] | -0.008676773109811206
-0.2583928406238556 | [0.3] | -0.00886032354785203
-0.24954012036323547 | [0.3] | -0.00894906182183463
-0.2420702427625656 | [0.3] | -0.00894093994804689
-0.23602108657360077 | [0.3] | -0.008835711475546943
-0.23142512142658234 | [0.29] | -0.008634941212414043
-0.22830966114997864 | [0.29] | -0.008342007311822448
-0.2266971319913864 | [0.28] | -0.007962092010276981
-0.2266051322221756 | [0.27] | -0.007502168890500618
-0.2280465066432953 | [0.26] | -0.0069709708384425835
-0.23102924227714539 | [0.25] | -0.00637894309827906
-0.23555631935596466 | [0.24] | -0.005738167697035439
-0.24162541329860687 | [0.22] | -0.0050622572671847645
-0.24922846257686615 | [0.21] | -0.0043662094398231105
-0.25835123658180237 | [0.19] | -0.0036662093841885583
-0.2689727544784546 | [0.17] | -0.0029793813671612534
-0.2810646891593933 | [0.15] | -0.002323480901012541
-0.29459068179130554 | [0.13] | -0.0017165290282311063
-0.30950573086738586 | [0.11] | -0.0011763879033567515
-0.32575565576553345 | [0.08] | -0.0007202873964349066
-0.3432765007019043 | [0.06] | -0.00036431885592345985
-0.3619942367076874 | [0.04] | -0.00012290834854352195
-0.3818244934082031 | [0.01] | -8.297691342835315e-06
-0.4026726186275482 | [-0.02] | -3.0058080469032302e-05
-0.4244339168071747 | [-0.04] | -0.00019466721727238328
-0.44699421525001526 | [-0.07] | -0.0005051781772438647
-0.4702306091785431 | [-0.1] | -0.0009610049069599448
-0.49401262402534485 | [-0.12] | -0.0015578453454301979
-0.5182034373283386 | [-0.15] | -0.002287747702255251
-0.5426616072654724 | [-0.18] | -0.0031393313318205957
-0.5672426819801331 | [-0.2] | -0.004098134242186263
-0.5918009877204895 | [-0.23] | -0.005147078686631682
-0.6161916851997375 | [-0.25] | -0.006267030481308559
-0.640272319316864 | [-0.27] | -0.00743739057787215
-0.6639047265052795 | [-0.29] | -0.008636721579357803
-0.6869564652442932 | [-0.31] | -0.009843343927257654
-0.7093020677566528 | [-0.33] | -0.011035884301148616
-0.7308241724967957 | [-0.35] | -0.012193762788944452
-0.7514140605926514 | [-0.36] | -0.013297578906875458
-0.7709722518920898 | [-0.38] | -0.014329433799508136
-0.7894086241722107 | [-0.39] | -0.015273148995184027
-0.8066422939300537 | [-0.4] | -0.016114413491927552
-0.8226013779640198 | [-0.41] | -0.016840868169791398
-0.8372223377227783 | [-0.42] | -0.01744212556420568
-0.8504496216773987 | [-0.42] | -0.01790978376532466
-0.8622346520423889 | [-0.43] | -0.018237373570534343
-0.8725353479385376 | [-0.43] | -0.018420347136430995
-0.881315290927887 | [-0.43] | -0.01845603617616395
-0.8885428309440613 | [-0.43] | -0.018343612018326263
-0.8941907286643982 | [-0.43] | -0.018084100996393522
-0.8982352614402771 | [-0.42] | -0.01768036303871383
-0.9006560444831848 | [-0.41] | -0.01713713891346805
-0.9014354944229126 | [-0.41] | -0.0164610703741195
-0.9005587697029114 | [-0.4] | -0.01566075741349356
-0.8980136513710022 | [-0.38] | -0.01474680069449291
-0.8937907814979553 | [-0.37] | -0.0137318523442627
-0.8878839015960693 | [-0.36] | -0.012630635005894364
-0.8802902698516846 | [-0.34] | -0.011459931310453494
-0.8710113167762756 | [-0.32] | -0.010238533499298026
-0.8600534796714783 | [-0.3] | -0.008987132055934982
-0.847429096698761 | [-0.28] | -0.007728123174663787
-0.8331574201583862 | [-0.25] | -0.006485326936146191
-0.8172656297683716 | [-0.23] | -0.005283601235567551
-0.7997902035713196 | [-0.2] | -0.004148365206237604
-0.7807778716087341 | [-0.18] | -0.0031049976635568626
-0.7602867484092712 | [-0.15] | -0.002178151583144812
-0.7383872866630554 | [-0.12] | -0.0013909928457699937
-0.7151630520820618 | [-0.09] | -0.0007643939975925802
-0.6907110214233398 | [-0.06] | -0.00031612179444935644
-0.6651418209075928 | [-0.02] | -6.007957936283171e-05
-0.6385794281959534 | [0.01] | -5.645724198320105e-06
-0.611160397529602 | [0.04] | -0.00015716682338515753
-0.5830327272415161 | [0.07] | -0.0005136521681614194
-0.5543541312217712 | [0.1] | -0.0010687028545008808
-0.5252901315689087 | [0.13] | -0.0018106882136587413
-0.4960116147994995 | [0.17] | -0.002723167884290733
-0.4666922390460968 | [0.19] | -0.0037855289532856135
-0.4375057518482208 | [0.22] | -0.0049737915586063
-0.40862327814102173 | [0.25] | -0.0062615247436892014
-0.3802107572555542 | [0.28] | -0.007620805049880476
-0.3524267077445984 | [0.3] | -0.009023148739942944
-0.32542020082473755 | [0.32] | -0.010440372905632449
-0.29932931065559387 | [0.34] | -0.01184533635613512
-0.2742801308631897 | [0.36] | -0.013212522546017971
-0.2503860592842102 | [0.38] | -0.014518481533888357
-0.22774770855903625 | [0.4] | -0.015742107747348574
-0.20645302534103394 | [0.41] | -0.01686479611574129
-0.18657797574996948 | [0.42] | -0.01787047259182881
-0.16818730533123016 | [0.43] | -0.018745553166600034
-0.151335671544075 | [0.44] | -0.019478837069377156
-0.13606874644756317 | [0.45] | -0.020061380183660524
-0.12242456525564194 | [0.45] | -0.020486346289989077
-0.11043472588062286 | [0.46] | -0.020748880033298264
-0.10012567043304443 | [0.46] | -0.020845994032057388
-0.09151981770992279 | [0.46] | -0.020776492805107852
-0.08463660627603531 | [0.45] | -0.02054093261549983
-0.07949341088533401 | [0.45] | -0.020141621752012756
-0.07610626518726349 | [0.44] | -0.01958266329918458
-0.07449045777320862 | [0.43] | -0.018870031000907016
-0.07466088980436325 | [0.42] | -0.018011683326944427
-0.07663226872682571 | [0.41] | -0.017017698967634293
-0.08041908591985703 | [0.4] | -0.015900428753514922
-0.08603537082672119 | [0.38] | -0.014674650915509109
-0.0934942290186882 | [0.37] | -0.013357712767660557
-0.1028071716427803 | [0.35] | -0.011969638548861506
-0.11398319154977798 | [0.32] | -0.010533186464746451
-0.12702764570713043 | [0.3] | -0.009073823074569528
-0.1419409066438675 | [0.28] | -0.0076195946496739
-0.15871687233448029 | [0.25] | -0.006200864309172907
-0.17734122276306152 | [0.22] | -0.004849897999234663
-0.19778969883918762 | [0.19] | -0.0036002676803572747
-0.22002620995044708 | [0.16] | -0.0024860771517642025
-0.24400107562541962 | [0.12] | -0.0015410042908342416
-0.26964932680130005 | [0.09] | -0.0007971866978303991
-0.2968893051147461 | [0.05] | -0.0002839916333380114
-0.3256215751171112 | [0.02] | -2.673542396773596e-05
-0.3557283580303192 | [-0.02] | -4.5436102793511296e-05
-0.3870736062526703 | [-0.06] | -0.0003536977300491049
-0.4195036292076111 | [-0.1] | -0.0009578281263796732
-0.45284852385520935 | [-0.14] | -0.0018562832290571778
-0.4869244396686554 | [-0.17] | -0.0030395139108092013
-0.5215363502502441 | [-0.21] | -0.004490246708100188
-0.5564815998077393 | [-0.25] | -0.006184200791157025
-0.5915536880493164 | [-0.28] | -0.008091180788476237
-0.6265462636947632 | [-0.32] | -0.010176452956795506
-0.6612575054168701 | [-0.35] | -0.012402312498570135
-0.6954936385154724 | [-0.38] | -0.014729653651701414
-0.729072630405426 | [-0.41] | -0.017119489213981598
-0.7618269324302673 | [-0.44] | -0.019534251586562575
-0.7936057448387146 | [-0.47] | -0.02193885700970264
-0.8242763876914978 | [-0.49] | -0.02430145368897159
-0.853725016117096 | [-0.52] | -0.026593878954616845
-0.8818566203117371 | [-0.54] | -0.028791851725006597
-0.9085943698883057 | [-0.56] | -0.030874919375930766
-0.9338786602020264 | [-0.57] | -0.03282626536871507
-0.9576653838157654 | [-0.59] | -0.034632345504586604
-0.9799244999885559 | [-0.6] | -0.03628251862626342
-1.0006378889083862 | [-0.61] | -0.037768592202493435
-1.019797444343567 | [-0.63] | -0.03908439974286956
-1.0374032258987427 | [-0.63] | -0.040225413121641095
-1.0534614324569702 | [-0.64] | -0.04118837000469907
-1.067982792854309 | [-0.65] | -0.041970981294566
-1.0809807777404785 | [-0.65] | -0.042571660212636815
-1.0924702882766724 | [-0.66] | -0.04298933930707071
-1.102466344833374 | [-0.66] | -0.04322332128915232
-1.1109827756881714 | [-0.66] | -0.04327315938698082
-1.118031620979309 | [-0.66] | -0.04313865544061733
-1.123621940612793 | [-0.65] | -0.042819806857351345
-1.1277592182159424 | [-0.65] | -0.04231685664039253
-1.130444884300232 | [-0.65] | -0.0416303834221285
-1.1316759586334229 | [-0.64] | -0.04076143142790213
-1.1314445734024048 | [-0.63] | -0.039711652011460485
-1.1297378540039062 | [-0.62] | -0.03848351706550591
-1.1265379190444946 | [-0.61] | -0.037080573445754376
-1.1218218803405762 | [-0.6] | -0.03550772230651652
-1.115562081336975 | [-0.58] | -0.03377154920781605
-1.1077263355255127 | [-0.56] | -0.03188067128853194
-1.0982786417007446 | [-0.55] | -0.029846148291347185
-1.0871796607971191 | [-0.53] | -0.02768186143981141
-1.0743879079818726 | [-0.5] | -0.025404947278161272
-1.0598604679107666 | [-0.48] | -0.023036136885106362
-1.0435547828674316 | [-0.45] | -0.02060012979280727
-1.0254300832748413 | [-0.43] | -0.0181258154074758
-1.0054492950439453 | [-0.4] | -0.015646387208400683
-0.9835814833641052 | [-0.36] | -0.013199296841086264
-0.9598039984703064 | [-0.33] | -0.010825930719591615
-0.9341055154800415 | [-0.29] | -0.008571058118079145
-0.9064886569976807 | [-0.25] | -0.006481909551048149
-0.8769731521606445 | [-0.21] | -0.004606940003265593
-0.845598578453064 | [-0.17] | -0.00299422533107694
-0.8124269843101501 | [-0.13] | -0.001689565255739323
-0.7775452136993408 | [-0.09] | -0.0007343732051968869
-0.7410663962364197 | [-0.04] | -0.0001634807819753257
-0.7031304836273193 | [0.01] | -3.0439265733570726e-06
-0.6639039516448975 | [0.05] | -0.00026875945437935395
-0.6235781311988831 | [0.1] | -0.0009645938298642053
-0.5823663473129272 | [0.14] | -0.002082202307767128
-0.5404996275901794 | [0.19] | -0.003601158543695585
-0.49822157621383667 | [0.23] | -0.005490009165632623
-0.4557822048664093 | [0.28] | -0.007708080262983532
-0.4134315252304077 | [0.32] | -0.01020785082435251
-0.37141287326812744 | [0.36] | -0.012937664507759572
-0.32995685935020447 | [0.4] | -0.015844480413594653
-0.28927576541900635 | [0.43] | -0.01887644347876494
-0.2495591789484024 | [0.47] | -0.02198504120891194
-0.21097072958946228 | [0.5] | -0.02512673029052999
-0.17364616692066193 | [0.53] | -0.028263999307860665
-0.13769252598285675 | [0.56] | -0.03136588477321245
-0.10318852216005325 | [0.59] | -0.03440802011411348
-0.07018581032752991 | [0.61] | -0.037372329936724784
-0.03871088847517967 | [0.63] | -0.04024648593585294
-0.008767525665462017 | [0.66] | -0.0430232325327225
0.019660584628582 | [0.68] | -0.04569965318696579
0.046607062220573425 | [0.69] | -0.048276468699887554
0.07212015986442566 | [0.71] | -0.05075738693343993
0.096260204911232 | [0.73] | -0.05314854009182812
0.11909731477499008 | [0.74] | -0.05545802187570904
0.14070935547351837 | [0.76] | -0.057695510738141526
0.16118021309375763 | [0.77] | -0.05987199362877506
0.18059834837913513 | [0.79] | -0.06199957075926436
0.19905561208724976 | [0.8] | -0.06409132419155218
0.21664640307426453 | [0.81] | -0.06616126518164622
0.2334669828414917 | [0.83] | -0.06822432776595129
0.24961507320404053 | [0.84] | -0.07029641785398315
0.26518961787223816 | [0.85] | -0.07239451084564831
0.28029075264930725 | [0.86] | -0.07453679611594057
0.29501986503601074 | [0.88] | -0.07674285583239504
0.3094799220561981 | [0.89] | -0.07903391444760527
0.3237757682800293 | [0.9] | -0.08143311362483928
0.33801472187042236 | [0.92] | -0.0839658746900321
0.3523070812225342 | [0.93] | -0.08666029017973638
0.36676692962646484 | [0.95] | -0.08954763010173253
0.38151291012763977 | [0.96] | -0.09266290952081292
0.3966691493988037 | [0.98] | -0.0960455692575594
0.4123663008213043 | [1.] | -0.09974028328682008
0.4287426471710205 | [1.02] | -0.10379789954306771
0.44591712951660156 | [1.04] | 99.89176161079743
Total reward: 94.73821242397493
1.0, 5.5, 0.5
parameter ends

state | action | reward
[-0.52] | [-0.02] | -3.884137854051062e-05
-0.5197669863700867 | [-0.02] | -4.036105552874934e-05
-0.5198845863342285 | [-0.02] | -4.215409273668588e-05
-0.5200608372688293 | [-0.02] | -4.422737068493553e-05
-0.5202952027320862 | [-0.02] | -4.6587368418787997e-05
-0.5205867290496826 | [-0.02] | -4.9239488085127566e-05
-0.5209341049194336 | [-0.02] | -5.218785288040811e-05
-0.5213357210159302 | [-0.02] | -5.543511035097308e-05
-0.5217896103858948 | [-0.02] | -5.8981684013814675e-05
-0.5222935080528259 | [-0.03] | -6.282557799854099e-05
-0.5228447914123535 | [-0.03] | -6.696161816707287e-05
-0.5234405398368835 | [-0.03] | -7.138129515281724e-05
-0.5240775942802429 | [-0.03] | -7.607268689250102e-05
-0.5247524380683899 | [-0.03] | -8.101944930321419e-05
-0.5254613161087036 | [-0.03] | -8.620115166452095e-05
-0.5262002348899841 | [-0.03] | -9.159304143097042e-05
-0.5269650220870972 | [-0.03] | -9.716624856648644e-05
-0.5277513265609741 | [-0.03] | -0.00010288771623396529
-0.5285546183586121 | [-0.03] | -0.00010872020194027143
-0.5293701887130737 | [-0.03] | -0.0001146223391157422
-0.5301932692527771 | [-0.03] | -0.00012054960489187009
-0.5310189723968506 | [-0.04] | -0.00012645416522703544
-0.5318423509597778 | [-0.04] | -0.00013228560659313612
-0.5326585173606873 | [-0.04] | -0.00013799221371327814
-0.5334624648094177 | [-0.04] | -0.00014352010716952806
-0.5342492461204529 | [-0.04] | -0.0001488150559878315
-0.5350140333175659 | [-0.04] | -0.00015382351585122115
-0.5357520580291748 | [-0.04] | -0.00015849273650896142
-0.5364586710929871 | [-0.04] | -0.00016277181761588947
-0.5371293425559998 | [-0.04] | -0.00016661228504207025
-0.5377598404884338 | [-0.04] | -0.0001699701269051445
-0.538345992565155 | [-0.04] | -0.00017280435754183087
-0.5388839244842529 | [-0.04] | -0.00017507949483328223
-0.5393700003623962 | [-0.04] | -0.00017676547859078956
-0.5398009419441223 | [-0.04] | -0.00017783904421388077
-0.5401736497879028 | [-0.04] | -0.00017828246982175757
-0.5404854416847229 | [-0.04] | -0.00017808579569707577
-0.5407339334487915 | [-0.04] | -0.00017724587727658702
-0.5409170985221863 | [-0.04] | -0.00017576687420688892
-0.5410333275794983 | [-0.04] | -0.00017366062011438152
-0.5410813689231873 | [-0.04] | -0.00017094586621195526
-0.5410603880882263 | [-0.04] | -0.00016764843644783174
-0.5409699082374573 | [-0.04] | -0.00016380028297395045
-0.5408099293708801 | [-0.04] | -0.00015943992996885725
-0.5405808091163635 | [-0.04] | -0.0001546108553336022
-0.5402833223342896 | [-0.04] | -0.00014936129545349948
-0.5399187803268433 | [-0.04] | -0.00014374438685830823
-0.5394887328147888 | [-0.04] | -0.0001378150222649042
-0.5389952659606934 | [-0.04] | -0.00013163134767647322
-0.5384407639503479 | [-0.04] | -0.00012525208877556623
-0.5378280878067017 | [-0.03] | -0.00011873704141693185
-0.5371603965759277 | [-0.03] | -0.00011214494919165562
-0.5364412665367126 | [-0.03] | -0.00010553358967334677
-0.5356745719909668 | [-0.03] | -9.895822646138454e-05
-0.5348644852638245 | [-0.03] | -9.247101784948997e-05
-0.5340155363082886 | [-0.03] | -8.612083350954666e-05
-0.5331324934959412 | [-0.03] | -7.995205559766895e-05
-0.5322203636169434 | [-0.03] | -7.400428017158278e-05
-0.5312843918800354 | [-0.03] | -6.83121114358578e-05
-0.5303300023078918 | [-0.03] | -6.290474979226656e-05
-0.5293627381324768 | [-0.02] | -5.780575660525851e-05
-0.5283883213996887 | [-0.02] | -5.3033542694834416e-05
-0.5274125337600708 | [-0.02] | -4.860107915177756e-05
-0.526441216468811 | [-0.02] | -4.451634855978615e-05
-0.5254802107810974 | [-0.02] | -4.078262567154931e-05
-0.5245354175567627 | [-0.02] | -3.7399355601986475e-05
-0.5236125588417053 | [-0.02] | -3.436190330672834e-05
-0.5227174162864685 | [-0.02] | -3.1663294205803117e-05
-0.5218555927276611 | [-0.02] | -2.9294093497611093e-05
-0.5210325121879578 | [-0.02] | -2.7243304378048492e-05
-0.5202534198760986 | [-0.02] | -2.549924056224741e-05
-0.5195233821868896 | [-0.02] | -2.405035680495059e-05
-0.5188471674919128 | [-0.02] | -2.2885671682648874e-05
-0.5182293057441711 | [-0.01] | -2.1995715149765072e-05
-0.517673909664154 | [-0.01] | -2.1372664864288578e-05
-0.5171849131584167 | [-0.01] | -2.1011645533113484e-05
-0.5167657732963562 | [-0.01] | -2.0910308045707667e-05
-0.516419529914856 | [-0.01] | -2.1069374370579148e-05
-0.5161489248275757 | [-0.01] | -2.149320345084754e-05
-0.5159561634063721 | [-0.01] | -2.2189169348449737e-05
-0.5158430933952332 | [-0.02] | -2.3168133231324904e-05
-0.5158109664916992 | [-0.02] | -2.4443514784558452e-05
-0.5158607363700867 | [-0.02] | -2.603186583565969e-05
-0.5159927010536194 | [-0.02] | -2.7951267430423063e-05
-0.5162068009376526 | [-0.02] | -3.0221682357490333e-05
-0.5165024399757385 | [-0.02] | -3.286366616176372e-05
-0.5168784856796265 | [-0.02] | -3.589753510748828e-05
-0.5173333287239075 | [-0.02] | -3.934268647470036e-05
-0.5178649425506592 | [-0.02] | -4.321691219802524e-05
-0.5184707045555115 | [-0.02] | -4.7534704963619546e-05
-0.5191476345062256 | [-0.02] | -5.2307257638117924e-05
-0.5198922753334045 | [-0.02] | -5.754101812706797e-05
-0.5207006931304932 | [-0.03] | -6.323673571994985e-05
-0.5215685367584229 | [-0.03] | -6.938886039359558e-05
-0.5224911570549011 | [-0.03] | -7.59854152443132e-05
-0.5234634280204773 | [-0.03] | -8.300637760937461e-05
-0.5244799256324768 | [-0.03] | -9.042408153318769e-05
-0.5255349278450012 | [-0.03] | -9.820285252279648e-05
-0.5266224145889282 | [-0.03] | -0.0001062987468548597
-0.5277361273765564 | [-0.03] | -0.00011465982558154116
-0.5288695693016052 | [-0.04] | -0.00012322623574530104
-0.5300161838531494 | [-0.04] | -0.00013193169259150396
-0.5311691164970398 | [-0.04] | -0.000140702211241495
-0.532321572303772 | [-0.04] | -0.00014945924691323994
-0.5334665775299072 | [-0.04] | -0.00015811864391729094
-0.5345972180366516 | [-0.04] | -0.00016659330095107768
-0.535706639289856 | [-0.04] | -0.00017479415474300466
-0.5367879867553711 | [-0.04] | -0.00018263073857721645
-0.5378345251083374 | [-0.04] | -0.00019001325394078637
-0.5388396978378296 | [-0.04] | -0.00019685423160849806
-0.5397971868515015 | [-0.05] | -0.00020307024705440302
-0.5407007932662964 | [-0.05] | -0.00020858195586699745
-0.5415447354316711 | [-0.05] | -0.00021331789957561233
-0.5423234105110168 | [-0.05] | -0.00021721332196136136
-0.543031632900238 | [-0.05] | -0.00022021328225422778
-0.5436645746231079 | [-0.05] | -0.00022227288310022774
-0.5442178249359131 | [-0.05] | -0.00022335845424219879
-0.5446874499320984 | [-0.05] | -0.0002234485727554825
-0.5450699329376221 | [-0.05] | -0.0002225337500308274
-0.5453622341156006 | [-0.05] | -0.0002206170802902145
-0.5455619096755981 | [-0.05] | -0.00021771523062068954
-0.5456669330596924 | [-0.05] | -0.0002138563851682777
-0.5456759333610535 | [-0.05] | -0.0002090819572786826
-0.5455880761146545 | [-0.05] | -0.00020344467186797136
-0.5454030632972717 | [-0.04] | -0.00019700763975603465
-0.5451211929321289 | [-0.04] | -0.00018984379174732897
-0.5447434186935425 | [-0.04] | -0.00018203509949948256
-0.5442711710929871 | [-0.04] | -0.00017366958676142368
-0.543706476688385 | [-0.04] | -0.00016484092790743554
-0.5430519580841064 | [-0.04] | -0.0001556468472119609
-0.5423107743263245 | [-0.04] | -0.00014618702031789693
-0.5414866805076599 | [-0.04] | -0.00013656193128449524
-0.5405839681625366 | [-0.04] | -0.00012687078472866243
-0.5396073460578918 | [-0.03] | -0.00011720915982223464
-0.5385620594024658 | [-0.03] | -0.00010766852430612513
-0.5374537706375122 | [-0.03] | -9.833411870638113e-05
-0.5362886786460876 | [-0.03] | -8.928461442221934e-05
-0.5350732207298279 | [-0.03] | -8.058930409080153e-05
-0.5338143110275269 | [-0.03] | -7.230893694441352e-05
-0.5325191617012024 | [-0.03] | -6.449411650717998e-05
-0.5311951637268066 | [-0.02] | -5.718452605702041e-05
-0.5298500657081604 | [-0.02] | -5.040989902233553e-05
-0.5284917950630188 | [-0.02] | -4.418932817280095e-05
-0.5271283388137817 | [-0.02] | -3.853132388759509e-05
-0.5257678627967834 | [-0.02] | -3.3435118072694906e-05
-0.5244185328483582 | [-0.02] | -2.889089503468511e-05
-0.5230885744094849 | [-0.02] | -2.4881201257099542e-05
-0.521786093711853 | [-0.01] | -2.1381677062086342e-05
-0.5205191373825073 | [-0.01] | -1.836276191172513e-05
-0.5192956328392029 | [-0.01] | -1.5791066227375555e-05
-0.518123209476471 | [-0.01] | -1.3630559683408734e-05
-0.5170093774795532 | [-0.01] | -1.184471434215878e-05
-0.5159612894058228 | [-0.01] | -1.039754851006582e-05
-0.5149857997894287 | [-0.01] | -9.255382875177979e-06
-0.5140892863273621 | [-0.01] | -8.387979466044091e-06
-0.5132778286933899 | [-0.01] | -7.770255347424727e-06
-0.5125570297241211 | [-0.01] | -7.383106128798424e-06
-0.5119318962097168 | [-0.01] | -7.2141982154064135e-06
-0.5114069581031799 | [-0.01] | -7.2589356124531475e-06
-0.5109862685203552 | [-0.01] | -7.520946293404775e-06
-0.5106731057167053 | [-0.01] | -8.011798004509593e-06
-0.5104703307151794 | [-0.01] | -8.751573779593306e-06
-0.5103800296783447 | [-0.01] | -9.767903715674793e-06
-0.5104036331176758 | [-0.01] | -1.1095549344910217e-05
-0.5105419754981995 | [-0.01] | -1.2775651929777585e-05
-0.5107951760292053 | [-0.01] | -1.4854364131936758e-05
-0.5111626982688904 | [-0.01] | -1.738162393447263e-05
-0.5116432309150696 | [-0.01] | -2.0409288080892367e-05
-0.5122348070144653 | [-0.02] | -2.3989688170383678e-05
-0.5129348635673523 | [-0.02] | -2.817400983848915e-05
-0.513740062713623 | [-0.02] | -3.3009813328792304e-05
-0.5146464109420776 | [-0.02] | -3.8539402132253804e-05
-0.5156493782997131 | [-0.02] | -4.479835788976175e-05
-0.5167437195777893 | [-0.02] | -5.1812965386800324e-05
-0.5179235935211182 | [-0.02] | -5.9598857118985495e-05
-0.5191826224327087 | [-0.03] | -6.815964632180189e-05
-0.5205139517784119 | [-0.03] | -7.748584033239889e-05
-0.5219101905822754 | [-0.03] | -8.755334044970595e-05
-0.523363471031189 | [-0.03] | -9.832276060962322e-05
-0.5248655676841736 | [-0.03] | -0.0001097395076750551
-0.5264078378677368 | [-0.03] | -0.00012173306791180253
-0.5279813408851624 | [-0.04] | -0.00013421775406309515
-0.5295769572257996 | [-0.04] | -0.00014709393089926452
-0.5311852693557739 | [-0.04] | -0.00016024780003405693
-0.5327967405319214 | [-0.04] | -0.00017355367476400518
-0.5344017148017883 | [-0.04] | -0.00018687527771712455
-0.5359905362129211 | [-0.04] | -0.00020006826561218095
-0.5375535488128662 | [-0.05] | -0.00021298202228831718
-0.5390811562538147 | [-0.05] | -0.00022546214007524194
-0.5405638813972473 | [-0.05] | -0.00023735306342327576
-0.5419924855232239 | [-0.05] | -0.0002485014550510828
-0.5433580279350281 | [-0.05] | -0.00025875909705032053
-0.5446517467498779 | [-0.05] | -0.0002679838843454012
-0.5458652973175049 | [-0.05] | -0.00027604444258401975
-0.5469908118247986 | [-0.05] | -0.0002828228307198374
-0.5480207800865173 | [-0.05] | -0.0002882151390496683
-0.5489482879638672 | [-0.05] | -0.00029213570991193323
-0.5497669577598572 | [-0.05] | -0.00029451785406567045
-0.5504709482192993 | [-0.05] | -0.00029531490306745315
-0.5510551333427429 | [-0.05] | -0.0002945028968612082
-0.5515150427818298 | [-0.05] | -0.0002920802361125311
-0.5518468618392944 | [-0.05] | -0.0002880676435429133
-0.552047610282898 | [-0.05] | -0.00028250964054818325
-0.5521149635314941 | [-0.05] | -0.0002754717204331427
-0.5520474314689636 | [-0.05] | -0.0002670410415585499
-0.5518442988395691 | [-0.05] | -0.0002573241259748583
-0.5515056848526001 | [-0.05] | -0.0002464454874867867
-0.5510324835777283 | [-0.05] | -0.0002345447099019751
-0.5504264235496521 | [-0.05] | -0.0002217744881673036
-0.5496900081634521 | [-0.05] | -0.00020829725296945165
-0.5488265156745911 | [-0.04] | -0.00019428227634888073
-0.5478401184082031 | [-0.04] | -0.00017990367902576284
-0.5467357039451599 | [-0.04] | -0.00016533566931566186
-0.5455189347267151 | [-0.04] | -0.00015075006148676086
-0.5441960692405701 | [-0.04] | -0.00013631191501911995
-0.5427742004394531 | [-0.03] | -0.00012217870500599306
-0.5412610769271851 | [-0.03] | -0.00010849624552954961
-0.5396649241447449 | [-0.03] | -9.539531018848311e-05
-0.5379946827888489 | [-0.03] | -8.299140324849203e-05
-0.5362597107887268 | [-0.03] | -7.138129282009186e-05
-0.5344698429107666 | [-0.02] | -6.064245742459961e-05
-0.5326353907585144 | [-0.02] | -5.0832425087413495e-05
-0.530767023563385 | [-0.02] | -4.1987985379929294e-05
-0.5288756489753723 | [-0.02] | -3.4125093881448496e-05
-0.5269724130630493 | [-0.02] | -2.7239795930950127e-05
-0.5250685811042786 | [-0.01] | -2.130914613258125e-05
-0.5231756567955017 | [-0.01] | -1.629332148344681e-05
-0.5213050246238708 | [-0.01] | -1.2136676338368225e-05
-0.5194681286811829 | [-0.01] | -8.7708212970957e-06
-0.5176762938499451 | [-0.01] | -6.116929211364815e-06
-0.5159406065940857 | [-0.01] | -4.088587437853366e-06
-0.5142719149589539 | [-0.01] | -2.595024703632045e-06
-0.5126808285713196 | [-0.] | -1.5443023390800983e-06
-0.5111774802207947 | [-0.] | -8.462967984685396e-07
-0.5097716450691223 | [-0.] | -4.159734714512115e-07
-0.5084725618362427 | [-0.] | -1.7622333251402294e-07
-0.5072888731956482 | [-0.] | -6.060570696618801e-08
-0.5062286257743835 | [-0.] | -1.5775738805135605e-08
-0.5052991509437561 | [-0.] | -3.50375200849153e-09
-0.5045071840286255 | [-0.] | -2.287378558354928e-09
-0.5038585066795349 | [-0.] | -8.462804409837831e-09
-0.5033582448959351 | [-0.] | -3.682757453069537e-08
-0.503010630607605 | [-0.] | -1.2070505881436362e-07
-0.5028189420700073 | [-0.] | -3.1143604839216037e-07
-0.5027856826782227 | [-0.] | -6.773880532450596e-07
-0.5029122829437256 | [-0.] | -1.302287840912224e-06
-0.5031993985176086 | [-0.] | -2.283291872788129e-06
-0.5036465525627136 | [-0.01] | -3.728207896114464e-06
-0.5042524337768555 | [-0.01] | -5.7527641596615585e-06
-0.5050147175788879 | [-0.01] | -8.477150119597458e-06
-0.5059300661087036 | [-0.01] | -1.202234824193571e-05
-0.506994366645813 | [-0.01] | -1.6506849808095906e-05
-0.5082023739814758 | [-0.01] | -2.2042002990624235e-05
-0.5095481276512146 | [-0.02] | -2.8729106584321405e-05
-0.5110246539115906 | [-0.02] | -3.6654792702058533e-05
-0.5126241445541382 | [-0.02] | -4.588781641606545e-05
-0.5143380761146545 | [-0.02] | -5.6476201684403566e-05
-0.5161570906639099 | [-0.03] | -6.844371672517255e-05
-0.518071174621582 | [-0.03] | -8.178806482651179e-05
-0.5200695991516113 | [-0.03] | -9.647844093982443e-05
-0.5221410989761353 | [-0.03] | -0.00011245497481716799
-0.5242738127708435 | [-0.04] | -0.00012962741755549674
-0.5264554619789124 | [-0.04] | -0.000147875954919821
-0.5286734104156494 | [-0.04] | -0.00016705208061008607
-0.5309146046638489 | [-0.04] | -0.00018697904066966296
-0.5331657528877258 | [-0.05] | -0.00020745480127072098
-0.5354135036468506 | [-0.05] | -0.0002282559356873824
-0.5376443266868591 | [-0.05] | -0.00024913932732710244
-0.5398446917533875 | [-0.05] | -0.00026984706438857177
-0.5420011878013611 | [-0.05] | -0.0002901113313451761
-0.5441005229949951 | [-0.06] | -0.0003096584874456214
-0.5461297035217285 | [-0.06] | -0.0003282152226367558
-0.5480759143829346 | [-0.06] | -0.0003455115630417473
-0.5499269366264343 | [-0.06] | -0.00036129014801111097
-0.5516708493232727 | [-0.06] | -0.00037530702648813635
-0.5532963275909424 | [-0.06] | -0.00038733936879464944
-0.5547927618026733 | [-0.06] | -0.0003971908150664535
-0.5561500787734985 | [-0.06] | -0.0004046926640813199
-0.5573590993881226 | [-0.06] | -0.00040971135889690953
-0.5584113597869873 | [-0.06] | -0.0004121485631685377
-0.5592992901802063 | [-0.06] | -0.00041194521291449104
-0.5600162744522095 | [-0.06] | -0.0004090832918629487
-0.5605565905570984 | [-0.06] | -0.00040358534430242786
-0.5609155893325806 | [-0.06] | -0.00039551630126275373
-0.5610896348953247 | [-0.06] | -0.0003849814111998083
-0.5610761642456055 | [-0.06] | -0.00037212497210312493
-0.5608736872673035 | [-0.06] | -0.00035712754616442775
-0.5604819059371948 | [-0.06] | -0.0003402039126626367
-0.5599015355110168 | [-0.06] | -0.0003215967690700097
-0.5591344833374023 | [-0.05] | -0.00030157421831425907
-0.5581837892532349 | [-0.05] | -0.00028042385649731786
-0.5570536255836487 | [-0.05] | -0.00025844721104997754
-0.555749237537384 | [-0.05] | -0.0002359533505521444
-0.5542769432067871 | [-0.05] | -0.00021325303557934378
-0.5526441335678101 | [-0.04] | -0.00019065282382705606
-0.550859272480011 | [-0.04] | -0.0001684492482565006
-0.5489317774772644 | [-0.04] | -0.00014692220685055504
-0.5468719601631165 | [-0.04] | -0.00012632949829400787
-0.5446910262107849 | [-0.03] | -0.00010690229469405859
-0.5424010753631592 | [-0.03] | -8.884114499792744e-05
-0.5400148630142212 | [-0.03] | -7.231117554323497e-05
-0.537545919418335 | [-0.02] | -5.744052345608748e-05
-0.5350083708763123 | [-0.02] | -4.4317737134569085e-05
-0.532416820526123 | [-0.02] | -3.2990732774692806e-05
-0.5297864079475403 | [-0.02] | -2.34674364669083e-05
-0.5271325707435608 | [-0.01] | -1.571614416584523e-05
-0.5244710445404053 | [-0.01] | -9.667879827123059e-06
-0.521817684173584 | [-0.01] | -5.219072499555809e-06
-0.5191885232925415 | [-0.] | -2.2356104510060628e-06
-0.5165995359420776 | [-0.] | -5.570364003237372e-07
-0.5140665769577026 | [-0.] | -1.8325495628834875e-09
-0.5116053223609924 | [0.] | -3.731141677112244e-07
-0.5092310905456543 | [0.] | -1.4647164293408805e-06
-0.5069588422775269 | [0.01] | -3.0674983877658288e-06
-0.5048030614852905 | [0.01] | -4.975695400374404e-06
-0.5027775764465332 | [0.01] | -6.993355380866506e-06
-0.500895619392395 | [0.01] | -8.940195938868962e-06
-0.49916958808898926 | [0.01] | -1.0657500015004691e-05
-0.4976111352443695 | [0.01] | -1.2012898348832914e-05
-0.49623095989227295 | [0.01] | -1.2905028513679842e-05
-0.495038777589798 | [0.01] | -1.3267073309363419e-05
-0.4940432608127594 | [0.01] | -1.3069431648174879e-05
-0.4932519495487213 | [0.01] | -1.2321488015409213e-05
-0.49267128109931946 | [0.01] | -1.1072062920254925e-05
-0.4923064410686493 | [0.01] | -9.409208023716767e-06
-0.49216142296791077 | [0.01] | -7.458459942123239e-06
-0.4922388792037964 | [0.01] | -5.380458808195588e-06
-0.492540180683136 | [0.01] | -3.367116843145456e-06
-0.49306538701057434 | [0.] | -1.6370423943268505e-06
-0.4938131868839264 | [0.] | -4.300963140007077e-07
-0.4947809875011444 | [-0.] | -1.0781879881757046e-09
-0.49596479535102844 | [-0.] | -6.129357334808345e-07
-0.49735933542251587 | [-0.01] | -2.5294013593455147e-06
-0.498958021402359 | [-0.01] | -6.0074166998306894e-06
-0.5007529854774475 | [-0.01] | -1.1289415755162238e-05
-0.5027350783348083 | [-0.01] | -1.859560021242081e-05
-0.5048940181732178 | [-0.02] | -2.811683685499789e-05
-0.5072183012962341 | [-0.02] | -4.000744960494041e-05
-0.5096954107284546 | [-0.02] | -5.437948902188884e-05
-0.5123116970062256 | [-0.03] | -7.129663129862393e-05
-0.5150526762008667 | [-0.03] | -9.077082853014797e-05
-0.5179029703140259 | [-0.03] | -0.0001127585285904024
-0.5208463668823242 | [-0.04] | -0.00013715841575673605
-0.5238659381866455 | [-0.04] | -0.00016381082193904226
-0.5269442200660706 | [-0.04] | -0.00019249908707693212
-0.5300632119178772 | [-0.05] | -0.00022295091750105324
-0.5332045555114746 | [-0.05] | -0.0002548424988799122
-0.5363495945930481 | [-0.05] | -0.00028780283251412945
-0.5394794940948486 | [-0.06] | -0.0003214198775509684
-0.5425753593444824 | [-0.06] | -0.00035524772884953454
-0.5456184148788452 | [-0.06] | -0.00038881557741770174
-0.5485899448394775 | [-0.06] | -0.000421634485059601
-0.5514716506004333 | [-0.07] | -0.00045321000081555553
-0.5542455315589905 | [-0.07] | -0.00048304911246337384
-0.5568941235542297 | [-0.07] | -0.0005106719978980493
-0.5594006180763245 | [-0.07] | -0.000535622244284781
-0.5617488622665405 | [-0.07] | -0.000557475177767075
-0.5639235973358154 | [-0.08] | -0.0005758490476252358
-0.5659104585647583 | [-0.08] | -0.0005904121839375825
-0.5676960945129395 | [-0.08] | -0.0006008910407467685
-0.5692682266235352 | [-0.08] | -0.0006070762386609662
-0.570615828037262 | [-0.08] | -0.0006088294164828652
-0.5717290043830872 | [-0.08] | -0.0006060839885687545
-0.5725992321968079 | [-0.08] | -0.0005988502860574876
-0.573219358921051 | [-0.08] | -0.0005872153397921124
-0.5735836625099182 | [-0.08] | -0.0005713421807741205
-0.5736878514289856 | [-0.07] | -0.0005514667225503751
-0.5735291838645935 | [-0.07] | -0.0005278949863153861
-0.5731064081192017 | [-0.07] | -0.00050099620864642
-0.5724198222160339 | [-0.07] | -0.00047119649271029363
-0.5714713931083679 | [-0.07] | -0.00043897196853330696
-0.5702645182609558 | [-0.06] | -0.0004048360074180929
-0.5688042640686035 | [-0.06] | -0.0003693322331986224
-0.5670971274375916 | [-0.06] | -0.00033302055256301293
-0.5651512742042542 | [-0.05] | -0.00029646883132630384
-0.5629762411117554 | [-0.05] | -0.00026023789008186056
-0.5605830550193787 | [-0.05] | -0.0002248717739371466
-0.5579842329025269 | [-0.04] | -0.0001908866053539188
-0.5551934838294983 | [-0.04] | -0.0001587574969564718
-0.5522258877754211 | [-0.04] | -0.0001289109675179387
-0.5490977168083191 | [-0.03] | -0.00010171503357388916
-0.5458263158798218 | [-0.03] | -7.747150212460497e-05
-0.5424301028251648 | [-0.02] | -5.641058120925147e-05
-0.5389283299446106 | [-0.02] | -3.86857940535041e-05
-0.5353411436080933 | [-0.02] | -2.437240396460129e-05
-0.5316893458366394 | [-0.01] | -1.346618427390751e-05
-0.5279942750930786 | [-0.01] | -5.8849632734082085e-06
-0.5242777466773987 | [-0.] | -1.4721049388479564e-06
-0.5205618739128113 | [-0.] | -1.5518927672350026e-09
-0.5168689489364624 | [0.] | -1.1847717529050876e-06
-0.5132213234901428 | [0.01] | -4.679226413728382e-06
-0.5096412897109985 | [0.01] | -1.0098147046231884e-05
-0.5061508417129517 | [0.01] | -1.7021709279505715e-05
-0.5027716159820557 | [0.02] | -2.5008859163885027e-05
-0.4995247721672058 | [0.02] | -3.3609666138792384e-05
-0.49643081426620483 | [0.02] | -4.2378150988398033e-05
-0.4935095012187958 | [0.02] | -5.088481562485624e-05
-0.49077972769737244 | [0.02] | -5.872886693311765e-05
-0.48825934529304504 | [0.03] | -6.555009513722051e-05
-0.4859651029109955 | [0.03] | -7.103928364875381e-05
-0.48391252756118774 | [0.03] | -7.494763895775178e-05
-0.48211583495140076 | [0.03] | -7.70946454464061e-05
-0.48058781027793884 | [0.03] | -7.737442200406305e-05
-0.47933974862098694 | [0.03] | -7.57599239834261e-05
-0.4783813953399658 | [0.03] | -7.230519939744309e-05
-0.47772079706192017 | [0.03] | -6.714608682506225e-05
-0.47736433148384094 | [0.02] | -6.049784041703546e-05
-0.47731661796569824 | [0.02] | -5.2651342443624274e-05
-0.4775804877281189 | [0.02] | -4.3966974461253116e-05
-0.4781569242477417 | [0.02] | -3.486669226040216e-05
-0.4790451228618622 | [0.02] | -2.582384658420551e-05
-0.48024237155914307 | [0.01] | -1.735215038976948e-05
-0.48174411058425903 | [0.01] | -9.992560019187838e-06
-0.4835439622402191 | [0.01] | -4.299327022695091e-06
-0.48563364148139954 | [0.] | -8.254436651791242e-07
-0.488003134727478 | [-0.] | -1.0720851562572417e-07
-0.49064064025878906 | [-0.01] | -2.6491543874086966e-06
-0.493532657623291 | [-0.01] | -8.909061661380875e-06
-0.49666401743888855 | [-0.01] | -1.9283652565227297e-05
-0.5000180006027222 | [-0.02] | -3.4095462465552796e-05
-0.503576397895813 | [-0.02] | -5.3581071767184285e-05
-0.5073195695877075 | [-0.03] | -7.788090721346072e-05
-0.5112266540527344 | [-0.03] | -0.00010703182366263012
-0.5152755975723267 | [-0.04] | -0.00014096119871990473
-0.5194432735443115 | [-0.04] | -0.00017948370308127801
-0.5237056612968445 | [-0.05] | -0.00022230121507262144
-0.528037965297699 | [-0.05] | -0.00026900509745384133
-0.5324147939682007 | [-0.06] | -0.00031908162676065475
-0.5368102192878723 | [-0.06] | -0.00037191870497213123
-0.5411980748176575 | [-0.07] | -0.0004268177515262644
-0.5455520153045654 | [-0.07] | -0.00048300526796726773
-0.5498456358909607 | [-0.07] | -0.0005396466575286259
-0.5540528297424316 | [-0.08] | -0.0005958655312910698
-0.5581477284431458 | [-0.08] | -0.0006507580991548142
-0.5621049404144287 | [-0.08] | -0.0007034130185771372
-0.5658998489379883 | [-0.09] | -0.0007529329003036406
-0.5695084929466248 | [-0.09] | -0.0007984490691487222
-0.5729079246520996 | [-0.09] | -0.0008391439674956723
-0.5760762691497803 | [-0.09] | -0.000874267883823037
-0.5789929628372192 | [-0.1] | -0.0009031578140558368
-0.5816386342048645 | [-0.1] | -0.000925248054855578
-0.5839954614639282 | [-0.1] | -0.0009400881549728029
-0.5860472321510315 | [-0.1] | -0.000947353076262442
-0.5877794027328491 | [-0.1] | -0.0009468509780496562
-0.5891791582107544 | [-0.1] | -0.000938528429291111
-0.5902355313301086 | [-0.1] | -0.000922474156199629
-0.5909395217895508 | [-0.09] | -0.0008989199719502336
-0.5912840962409973 | [-0.09] | -0.0008682365076226918
-0.5912642478942871 | [-0.09] | -0.0008309273627778884
-0.590877115726471 | [-0.09] | -0.0007876215525563686
-0.5901219844818115 | [-0.09] | -0.0007390610149673642
-0.5890001654624939 | [-0.08] | -0.0006860838199214455
-0.5875152349472046 | [-0.08] | -0.0006296115255710878
-0.5856728553771973 | [-0.08] | -0.000570627334224135
-0.583480954170227 | [-0.07] | -0.0005101587794970365
-0.5809494853019714 | [-0.07] | -0.00044925269837418235
-0.5780905485153198 | [-0.06] | -0.0003889553317440773
-0.574918270111084 | [-0.06] | -0.000330288597549862
-0.571448802947998 | [-0.05] | -0.00027422849758106734
-0.5677002668380737 | [-0.05] | -0.00022168352382726013
-0.563692569732666 | [-0.04] | -0.00017347338095409352
-0.5594473481178284 | [-0.04] | -0.0001303112142176863
-0.554987907409668 | [-0.03] | -9.278794742100579e-05
-0.5503391027450562 | [-0.02] | -6.135888542459031e-05
-0.5455271005630493 | [-0.02] | -3.633303695385374e-05
-0.5405793786048889 | [-0.01] | -1.7867319803654065e-05
-0.5355244278907776 | [-0.01] | -5.963002309155192e-06
-0.5303916335105896 | [-0.] | -4.6704882383516793e-07
-0.5252110958099365 | [0.] | -1.0769976398601827e-06
-0.5200135707855225 | [0.01] | -7.349411088387106e-06
-0.5148300528526306 | [0.01] | -1.8712124112851235e-05
-0.5096917748451233 | [0.02] | -3.447962545455237e-05
-0.504629909992218 | [0.02] | -5.387156760753092e-05
-0.4996754229068756 | [0.03] | -7.603352188771635e-05
-0.49485886096954346 | [0.03] | -0.00010005982789520875
-0.4902101457118988 | [0.04] | -0.00012501784390217958
-0.48575836420059204 | [0.04] | -0.00014997315414514228
-0.48153170943260193 | [0.04] | -0.0001740136898019159
-0.47755715250968933 | [0.04] | -0.00019627549195358089
-0.47386035323143005 | [0.05] | -0.0002159656593957979
-0.4704654812812805 | [0.05] | -0.00023238441841980586
-0.4673951268196106 | [0.05] | -0.00024494426709470327
-0.4646700620651245 | [0.05] | -0.0002531879628310519
-0.46230918169021606 | [0.05] | -0.0002568018530710912
-0.4603293836116791 | [0.05] | -0.0002556264923688771
-0.45874541997909546 | [0.05] | -0.00024966390023450897
-0.45756983757019043 | [0.05] | -0.00023908020488379571
-0.45681288838386536 | [0.05] | -0.00022420463441262542
-0.456482470035553 | [0.05] | -0.00020552428851844078
-0.45658403635025024 | [0.04] | -0.00018367527645408148
-0.45712053775787354 | [0.04] | -0.0001594297250288606
-0.45809245109558105 | [0.04] | -0.0001336784591544099
-0.4594976603984833 | [0.03] | -0.00010741164583365944
-0.4613315165042877 | [0.03] | -8.169500994076513e-05
-0.4635867774486542 | [0.02] | -5.764450185321174e-05
-0.46625369787216187 | [0.02] | -3.639808462581874e-05
-0.4693199694156647 | [0.01] | -1.9087005596409914e-05
-0.4727708101272583 | [0.01] | -6.805576107754932e-06
-0.47658899426460266 | [0.] | -5.812578409549049e-07
-0.4807549715042114 | [-0.] | -1.3453416035287515e-06
-0.4852468967437744 | [-0.01] | -9.905263158207888e-06
-0.49004074931144714 | [-0.02] | -2.6918989787286334e-05
-0.49511048197746277 | [-0.02] | -5.287253957974325e-05
-0.5004281401634216 | [-0.03] | -8.806116428448625e-05
-0.505963921546936 | [-0.04] | -0.00013257406559821143
-0.5116865038871765 | [-0.04] | -0.00018628539035724052
-0.5175631642341614 | [-0.05] | -0.0002488493652757443
-0.5235599279403687 | [-0.06] | -0.00031970059037341565
-0.5296418070793152 | [-0.06] | -0.00039806035594474893
-0.535772979259491 | [-0.07] | -0.00048294777716671624
-0.541917085647583 | [-0.08] | -0.000573197480365235
-0.5480374693870544 | [-0.08] | -0.0006674815924345807
-0.5540972948074341 | [-0.09] | -0.0007643340250475372
-0.5600597858428955 | [-0.09] | -0.0008621799926400137
-0.5658887028694153 | [-0.1] | -0.0009593729941102509
-0.5715481638908386 | [-0.1] | -0.0010542223942549417
-0.5770033001899719 | [-0.11] | -0.001145037868673662
-0.5822200775146484 | [-0.11] | -0.0012301582386773184
-0.5871658325195312 | [-0.11] | -0.001307994741199918
-0.5918092727661133 | [-0.12] | -0.0013770622106273652
-0.5961207151412964 | [-0.12] | -0.0014360133319307536
-0.6000723242759705 | [-0.12] | -0.001483670796278147
-0.6036380529403687 | [-0.12] | -0.0015190493644154895
-0.6067941188812256 | [-0.12] | -0.0015413871109610225
-0.6095189452171326 | [-0.12] | -0.0015501596648198003
-0.6117932200431824 | [-0.12] | -0.0015450928115882947
-0.6136001944541931 | [-0.12] | -0.001526176175616803
-0.6149256229400635 | [-0.12] | -0.0014936630969132117
-0.615757942199707 | [-0.12] | -0.0014480711988120061
-0.6160883903503418 | [-0.12] | -0.0013901761205347817
-0.6159108877182007 | [-0.11] | -0.0013209943831422688
-0.6152222156524658 | [-0.11] | -0.0012417685624013797
-0.6140221953392029 | [-0.11] | -0.0011539471308882165
-0.6123133897781372 | [-0.1] | -0.0010591490802392813
-0.6101014018058777 | [-0.1] | -0.0009591381719352368
-0.607394814491272 | [-0.09] | -0.0008557852851454096
-0.6042051315307617 | [-0.09] | -0.0007510281953209884
-0.6005467772483826 | [-0.08] | -0.0006468307329916671
-0.5964370369911194 | [-0.07] | -0.0005451396145004153
-0.591896116733551 | [-0.07] | -0.0004478427301942957
-0.5869469046592712 | [-0.06] | -0.00035672360788951214
-0.5816150307655334 | [-0.05] | -0.0002734223575714154
-0.5759286880493164 | [-0.04] | -0.00019939571001622962
-0.5699184536933899 | [-0.04] | -0.0001358818244918414
-0.5636172294616699 | [-0.03] | -8.387103394094098e-05
-0.5570600032806396 | [-0.02] | -4.4080661226580513e-05
-0.5502837300300598 | [-0.01] | -1.6937397480404372e-05
-0.5433270931243896 | [-0.01] | -2.5659580766505125e-06
-0.5362301468849182 | [0.] | -7.856499227507954e-07
-0.5290343165397644 | [0.01] | -1.1115104320531208e-05
-0.5217819213867188 | [0.02] | -3.2784164635605655e-05
-0.5145159959793091 | [0.03] | -6.475373457850704e-05
-0.5072799921035767 | [0.03] | -0.0001057425222089197
-0.5001175403594971 | [0.04] | -0.00015425979847502087
-0.49307215213775635 | [0.05] | -0.00020864373741170456
-0.4861868619918823 | [0.05] | -0.0002671050114869512
-0.4795040488243103 | [0.06] | -0.0003277721691575348
-0.4730651080608368 | [0.06] | -0.0003887403812731306
-0.4669102132320404 | [0.07] | -0.00044812026004681284
-0.461078017950058 | [0.07] | -0.0005040872513392457
-0.45560547709465027 | [0.07] | -0.0005549281567760932
-0.4505276083946228 | [0.08] | -0.0005990856892219206
-0.4458773136138916 | [0.08] | -0.0006351990258980777
-0.44168511033058167 | [0.08] | -0.0006621411977821611
-0.4379790127277374 | [0.08] | -0.000679049229405599
-0.4347844421863556 | [0.08] | -0.0006853479272586786
-0.43212392926216125 | [0.08] | -0.0006807708776853565
-0.4300171434879303 | [0.08] | -0.0006653692520668266
-0.42848068475723267 | [0.08] | -0.0006395176772503875
-0.4275280237197876 | [0.08] | -0.0006039103942147869
-0.4271693825721741 | [0.07] | -0.0005595511630462442
-0.4274117052555084 | [0.07] | -0.0005077345227663823
-0.4282585680484772 | [0.07] | -0.0004500210182475394
-0.42971014976501465 | [0.06] | -0.0003882048049106691
-0.4317631721496582 | [0.06] | -0.0003242754446310641
-0.43441087007522583 | [0.05] | -0.00026037355248452503
-0.43764299154281616 | [0.04] | -0.0001987412115174101
-0.4414457678794861 | [0.04] | -0.0001416686853548125
-0.4458020329475403 | [0.03] | -9.143697606682537e-05
-0.4506911337375641 | [0.02] | -5.026049651499914e-05
-0.456089049577713 | [0.01] | -2.022759473527445e-05
-0.4619685113430023 | [0.01] | -3.242698216896281e-06
-0.4682990312576294 | [-0.] | -9.71481659892224e-07
-0.4750470817089081 | [-0.01] | -1.4789697544283313e-05
-0.4821762144565582 | [-0.02] | -4.5737968264561804e-05
-0.4896472990512848 | [-0.03] | -9.448397913980078e-05
-0.49741867184638977 | [-0.04] | -0.00016129291188024186
-0.5054464340209961 | [-0.05] | -0.00024600809199274765
-0.5136846899986267 | [-0.06] | -0.0003480417947083204
-0.5220857858657837 | [-0.07] | -0.00046637654447189585
-0.5306006669998169 | [-0.08] | -0.0005995786966850119
-0.5391792058944702 | [-0.09] | -0.0007458225109914529
-0.5477704405784607 | [-0.1] | -0.0009029232236590482
-0.5563231110572815 | [-0.1] | -0.0010683841680580754
-0.5647857785224915 | [-0.11] | -0.0012394450755464138
-0.5731073021888733 | [-0.12] | -0.0014131437597745837
-0.5812371969223022 | [-0.13] | -0.0015863810065774864
-0.5891258716583252 | [-0.13] | -0.0017559864534662528
-0.5967250466346741 | [-0.14] | -0.0019187910838236325
-0.6039879322052002 | [-0.14] | -0.0020716936651801127
-0.6108696460723877 | [-0.15] | -0.002211732895993972
-0.6173273324966431 | [-0.15] | -0.002336148432057797
-0.6233205795288086 | [-0.16] | -0.0024424469828982585
-0.6288114190101624 | [-0.16] | -0.002528451043441426
-0.6337647438049316 | [-0.16] | -0.0025923540421227977
-0.6381482481956482 | [-0.16] | -0.0026327541789284404
-0.6419328451156616 | [-0.16] | -0.002648696072747094
-0.6450926065444946 | [-0.16] | -0.002639688738389904
-0.6476048827171326 | [-0.16] | -0.002605721077737526
-0.6494505405426025 | [-0.16] | -0.0025472727437199395
-0.6506140232086182 | [-0.16] | -0.002465309801322657
-0.6510832905769348 | [-0.15] | -0.002361267670587419
-0.6508500576019287 | [-0.15] | -0.0022370345605691234
-0.6499097943305969 | [-0.14] | -0.002094918028208565
-0.6482617855072021 | [-0.14] | -0.0019376046878176096
-0.6459092497825623 | [-0.13] | -0.0017681128803332007
-0.6428592801094055 | [-0.13] | -0.001589732391886548
-0.6391229629516602 | [-0.12] | -0.0014059618186900021
-0.6347153186798096 | [-0.11] | -0.0012204349622889441
-0.6296553611755371 | [-0.1] | -0.0010368454385047297
-0.6239660978317261 | [-0.09] | -0.0008588657689681065
-0.6176744103431702 | [-0.08] | -0.0006900627635674992
-0.6108110547065735 | [-0.07] | -0.0005338155305470383
-0.6034106612205505 | [-0.06] | -0.00039323498201668966
-0.5955114364624023 | [-0.05] | -0.00027108366135679667
-0.5871551632881165 | [-0.04] | -0.00016970710763666334
-0.5783868432044983 | [-0.03] | -9.096992549857168e-05
-0.5692547559738159 | [-0.02] | -3.620692523424297e-05
-0.5598098039627075 | [-0.01] | -6.182239048476649e-06
-0.550105631351471 | [0.] | -1.06756012872944e-06
-0.5401979684829712 | [0.01] | -2.0432496888246698e-05
-0.5301443934440613 | [0.03] | -6.3253089129817e-05
-0.5200040340423584 | [0.04] | -0.0001279350119751114
-0.5098369717597961 | [0.05] | -0.0002123538815902215
-0.499703973531723 | [0.06] | -0.0003139084352040134
-0.4896659851074219 | [0.07] | -0.00042958757696132425
-0.4797837436199188 | [0.07] | -0.0005560474567404396
-0.4701173007488251 | [0.08] | -0.0006896979121342518
-0.46072569489479065 | [0.09] | -0.0008267928016319364
-0.4516664445400238 | [0.1] | -0.0009635266126497025
-0.4429952800273895 | [0.1] | -0.001096128176417653
-0.4347657263278961 | [0.11] | -0.0012209553805328788
-0.4270288050174713 | [0.12] | -0.0013345847461803547
-0.4198327958583832 | [0.12] | -0.001433893517976751
-0.41322290897369385 | [0.12] | -0.0015161373768644742
-0.4072410762310028 | [0.13] | -0.0015790169801695735
-0.40192583203315735 | [0.13] | -0.001620732772245859
-0.3973120450973511 | [0.13] | -0.001640033318494859
-0.39343082904815674 | [0.13] | -0.0016362485059165676
-0.3903093636035919 | [0.13] | -0.0016093130786883733
-0.38797086477279663 | [0.12] | -0.0015597750478484088
-0.3864343762397766 | [0.12] | -0.0014887962574823312
-0.3857148289680481 | [0.12] | -0.0013981340398561976
-0.3858228027820587 | [0.11] | -0.001290117829828667
-0.3867645561695099 | [0.11] | -0.0011676066473095736
-0.38854190707206726 | [0.1] | -0.0010339380093670502
-0.39115214347839355 | [0.09] | -0.0008928638721137417
-0.39458808302879333 | [0.09] | -0.0007484723333556822
-0.3988378345966339 | [0.08] | -0.0006051044918267615
-0.4038849174976349 | [0.07] | -0.00046725516331623843
-0.4097081422805786 | [0.06] | -0.0003394700084495252
-0.41628164052963257 | [0.05] | -0.00022623456694497373
-0.423574835062027 | [0.04] | -0.00013186034403278593
-0.431552529335022 | [0.02] | -6.036906153683247e-05
-0.44017496705055237 | [0.01] | -1.537982826121387e-05
-0.4493979811668396 | [-0.] | -1.5520000871266372e-09
-0.4591731131076813 | [-0.01] | -1.673480659299684e-05
-0.4694478213787079 | [-0.03] | -6.738584386670121e-05
-0.48016583919525146 | [-0.04] | -0.00015299735025090002
-0.4912673532962799 | [-0.05] | -0.00027379715160916624
-0.5026894807815552 | [-0.07] | -0.00042916941554792514
-0.5143665671348572 | [-0.08] | -0.0006176469278494374
-0.5262307524681091 | [-0.09] | -0.0008369295498301954
-0.5382124185562134 | [-0.1] | -0.0010839244979723092
-0.550240695476532 | [-0.12] | -0.001354809280670875
-0.5622439980506897 | [-0.13] | -0.0016451150718719291
-0.5741505026817322 | [-0.14] | -0.0019498257274542911
-0.5858887434005737 | [-0.15] | -0.002263493882186261
-0.5973882079124451 | [-0.16] | -0.002580368763160923
-0.608579695224762 | [-0.17] | -0.002894523016503465
-0.619395911693573 | [-0.18] | -0.003199990730383797
-0.6297718286514282 | [-0.19] | -0.003490897578243165
-0.6396450996398926 | [-0.19] | -0.0037615895421788874
-0.6489564180374146 | [-0.2] | -0.004006753510094516
-0.65764981508255 | [-0.21] | -0.004221528513477241
-0.6656728982925415 | [-0.21] | -0.00440160332882249
-0.672977089881897 | [-0.21] | -0.004543305360274474
-0.6795178055763245 | [-0.22] | -0.004643673276993766
-0.6852545738220215 | [-0.22] | -0.004700516262529011
-0.6901510953903198 | [-0.22] | -0.004712457242930708
-0.6941754221916199 | [-0.22] | -0.00467896873473904
-0.6973000168800354 | [-0.21] | -0.004600390072180278
-0.6995017528533936 | [-0.21] | -0.004477928730638165
-0.7007619738578796 | [-0.21] | -0.0043136506130020845
-0.7010667324066162 | [-0.2] | -0.004110463434292676
-0.700406551361084 | [-0.2] | -0.0038720653933770987
-0.6987767815589905 | [-0.19] | -0.0036029038754137616
-0.6961775422096252 | [-0.18] | -0.0033081009223907562
-0.6926138401031494 | [-0.17] | -0.0029933707616764988
-0.6880956888198853 | [-0.16] | -0.002664921309469758
-0.6826381683349609 | [-0.15] | -0.002329338585804495
-0.6762614846229553 | [-0.14] | -0.0019934577275120217
-0.6689912676811218 | [-0.13] | -0.0016642283475853212
-0.6608583331108093 | [-0.12] | -0.0013485540413764423
-0.651898980140686 | [-0.1] | -0.0010531409651195064
-0.6421549320220947 | [-0.09] | -0.0007843329720548416
-0.6316731572151184 | [-0.07] | -0.0005479472222360008
-0.6205059885978699 | [-0.06] | -0.00034912277679501486
-0.6087108254432678 | [-0.04] | -0.00019217317782837815
-0.5963500142097473 | [-0.03] | -8.046051455818877e-05
-0.5834904313087463 | [-0.01] | -1.628884659284494e-05
-0.5702032446861267 | [0.] | -8.273556505379804e-07
-0.5565633177757263 | [0.02] | -3.406318219958892e-05
-0.5426489114761353 | [0.03] | -0.0001147885322534654
-0.528540849685669 | [0.05] | -0.0002406238364166584
-0.5143221616744995 | [0.06] | -0.0004080737843111527
-0.5000771880149841 | [0.08] | -0.0006126197410066651
-0.48589110374450684 | [0.09] | -0.0008488375487253428
-0.4718490242958069 | [0.11] | -0.001110545613936663
-0.4580354392528534 | [0.12] | -0.0013909679450356653
-0.44453349709510803 | [0.13] | -0.0016829137153010908
-0.43142440915107727 | [0.14] | -0.0019789611507835844
-0.4187868535518646 | [0.15] | -0.0022716447173128265
-0.4066964089870453 | [0.16] | -0.0025536374419032276
-0.3952251672744751 | [0.17] | -0.0028179219699026115
-0.3844413161277771 | [0.17] | -0.003057949841115454
-0.3744087815284729 | [0.18] | -0.00326778669680793
-0.36518701910972595 | [0.19] | -0.0034422363689856164
-0.3568308353424072 | [0.19] | -0.0035769474471884534
-0.3493901789188385 | [0.19] | -0.003668504063169188
-0.34291011095046997 | [0.19] | -0.0037144930534871168
-0.3374307155609131 | [0.19] | -0.003713556396244859
-0.33298707008361816 | [0.19] | -0.0036654248470145926
-0.3296091854572296 | [0.19] | -0.0035709355825062055
-0.32732200622558594 | [0.19] | -0.0034320308107281526
-0.3261454105377197 | [0.18] | -0.0032517388761013166
-0.3260941505432129 | [0.17] | -0.0030341398359691654
-0.3271777331829071 | [0.17] | -0.002784313734688555
-0.3294003903865814 | [0.16] | -0.0025082655263904755
-0.3327609598636627 | [0.15] | -0.0022128323597449258
-0.33725276589393616 | [0.14] | -0.0019055686747956474
-0.34286344051361084 | [0.13] | -0.0015946110691729303
-0.3495747447013855 | [0.11] | -0.0012885208216594573
-0.3573624789714813 | [0.1] | -0.0009961031473036204
-0.36619624495506287 | [0.09] | -0.0007262120816507048
-0.3760392963886261 | [0.07] | -0.00048753691759470725
-0.3868485391139984 | [0.05] | -0.00028837632731992905
-0.3985743224620819 | [0.04] | -0.00013641122019124354
-0.41116055846214294 | [0.02] | -3.847550616882254e-05
-0.4245447516441345 | [0.] | -3.393648724037135e-07
-0.438658207654953 | [-0.02] | -2.6510938094570003e-05
-0.4534262716770172 | [-0.03] | -0.00012006621798189158
-0.4687687158584595 | [-0.05] | -0.00028251530801349454
-0.4846002757549286 | [-0.07] | -0.0005137132705961781
-0.5008311867713928 | [-0.09] | -0.0008118196228608988
-0.5173678398132324 | [-0.11] | -0.0011733103688609558
-0.5341137051582336 | [-0.13] | -0.0015930469708735906
-0.5509700179100037 | [-0.14] | -0.002064391128264894
-0.5678368210792542 | [-0.16] | -0.002579372800869126
-0.5846137404441833 | [-0.18] | -0.003128890269319201
-0.6012009382247925 | [-0.19] | -0.0037029448202728042
-0.6175000071525574 | [-0.21] | -0.0042908944482764645
-0.6334148049354553 | [-0.22] | -0.004881717481704879
-0.6488522291183472 | [-0.23] | -0.005464275976573654
-0.663722813129425 | [-0.25] | -0.006027566097486881
-0.6779414415359497 | [-0.26] | -0.006560961501933898
-0.6914275884628296 | [-0.27] | -0.007054415899528247
-0.7041059732437134 | [-0.27] | -0.007498668708421319
-0.7159065008163452 | [-0.28] | -0.00788538888687938
-0.7267646193504333 | [-0.29] | -0.008207321715105702
-0.7366213202476501 | [-0.29] | -0.008458393280718865
-0.7454231381416321 | [-0.29] | -0.008633795428245921
-0.7531221508979797 | [-0.3] | -0.008730054995655113
-0.7596757411956787 | [-0.3] | -0.008745069780990959
-0.7650467157363892 | [-0.29] | -0.0086781534612854
-0.7692029476165771 | [-0.29] | -0.008530037349542255
-0.7721174359321594 | [-0.29] | -0.008302882793011822
-0.7737681865692139 | [-0.28] | -0.00800026902111201
-0.7741382122039795 | [-0.28] | -0.007627171394189742
-0.7732154130935669 | [-0.27] | -0.007189915045311523
-0.7709928750991821 | [-0.26] | -0.006696130821412027
-0.7674687504768372 | [-0.25] | -0.006154664039568951
-0.7626465559005737 | [-0.24] | -0.0055754792113699506
-0.7565354704856873 | [-0.22] | -0.004969533073028293
-0.7491505146026611 | [-0.21] | -0.0043486092673524915
-0.7405128479003906 | [-0.19] | -0.0037251250253351495
-0.7306502461433411 | [-0.18] | -0.0031119108641231375
-0.719597339630127 | [-0.16] | -0.0025219467771013917
-0.7073959112167358 | [-0.14] | -0.0019680739796901743
-0.694095253944397 | [-0.12] | -0.0014626852773252084
-0.6797522902488708 | [-0.1] | -0.0010173955156529838
-0.6644318699836731 | [-0.08] | -0.0006427140045499645
-0.6482065916061401 | [-0.06] | -0.00034771659456763783
-0.6311568021774292 | [-0.04] | -0.00013974887860247615
-0.6133703589439392 | [-0.02] | -2.4164043336230655e-05
-0.594942033290863 | [0.01] | -4.11364205428139e-06
-0.5759730935096741 | [0.03] | -8.040693296375163e-05
-0.5565704107284546 | [0.05] | -0.0002514451182532032
-0.5368456244468689 | [0.07] | -0.0005132381103967968
-0.5169140696525574 | [0.09] | -0.00085950536986798
-0.49689358472824097 | [0.11] | -0.0012818569888449886
-0.47690334916114807 | [0.13] | -0.0017700441957772266
-0.45706260204315186 | [0.15] | -0.0023122689480885596
-0.43748947978019714 | [0.17] | -0.002895533500240258
-0.41829976439476013 | [0.19] | -0.0035060165184211825
-0.3996058702468872 | [0.2] | -0.004129452664224176
-0.3815158009529114 | [0.22] | -0.004751507950363733
-0.3641324043273926 | [0.23] | -0.005358123840964114
-0.34755268692970276 | [0.24] | -0.005935834301038107
-0.3318673372268677 | [0.25] | -0.006472039536939338
-0.31716039776802063 | [0.26] | -0.006955236329427648
-0.30350905656814575 | [0.27] | -0.00737520848456271
-0.2909836769104004 | [0.28] | -0.007723170687198619
-0.2796478569507599 | [0.28] | -0.007991881680150251
-0.2695586085319519 | [0.29] | -0.008175725310505614
-0.2607665956020355 | [0.29] | -0.008270767696331732
-0.2533164322376251 | [0.29] | -0.00827479331695118
-0.24724696576595306 | [0.29] | -0.008187328802540677
-0.24259153008460999 | [0.28] | -0.008009655672875399
-0.2393782138824463 | [0.28] | -0.007744810609967731
-0.23763003945350647 | [0.27] | -0.007397577680325708
-0.23736508190631866 | [0.26] | -0.0069744683405797816
-0.23859646916389465 | [0.25] | -0.006483688852945349
-0.24133235216140747 | [0.24] | -0.005935084885434579
-0.2455757111310959 | [0.23] | -0.005340064657748082
-0.2513241171836853 | [0.22] | -0.004711487811074826
-0.2585693895816803 | [0.2] | -0.00406351722028941
-0.26729708909988403 | [0.18] | -0.0034114294391338305
-0.277486115694046 | [0.17] | -0.0027713678752167605
-0.2891080677509308 | [0.15] | -0.0021600518884038237
-0.3021267354488373 | [0.13] | -0.0015944249521890955
-0.3164975047111511 | [0.1] | -0.0010912572527668985
-0.3321668207645416 | [0.08] | -0.0006667041132539541
-0.34907177090644836 | [0.06] | -0.0003358321159718656
-0.3671397566795349 | [0.03] | -0.0001121335104397634
-0.3862883448600769 | [0.01] | -7.046714957644005e-06
-0.40642526745796204 | [-0.02] | -2.9509824091006333e-05
-0.4274487793445587 | [-0.04] | -0.0001855725775304365
-0.4492480754852295 | [-0.07] | -0.0004780926649409892
-0.4717041254043579 | [-0.1] | -0.0009065387450352715
-0.4946906268596649 | [-0.12] | -0.0014669168756229493
-0.5180753469467163 | [-0.15] | -0.002151831863520077
-0.541721522808075 | [-0.17] | -0.00295068049022912
-0.5654894709587097 | [-0.2] | -0.003849967860048431
-0.5892384052276611 | [-0.22] | -0.00483373620482437
-0.6128280162811279 | [-0.24] | -0.005884062046491365
-0.6361202001571655 | [-0.26] | -0.0069816089663168185
-0.6589807868003845 | [-0.28] | -0.008106203438988768
-0.6812807321548462 | [-0.3] | -0.009237378198236291
-0.7028976082801819 | [-0.32] | -0.01035490393300641
-0.7237163186073303 | [-0.34] | -0.011439229294332203
-0.743630051612854 | [-0.35] | -0.01247188080185336
-0.7625405192375183 | [-0.37] | -0.013435752567341475
-0.7803583145141602 | [-0.38] | -0.014315345966849555
-0.7970027923583984 | [-0.39] | -0.015096920943235151
-0.8124018907546997 | [-0.4] | -0.015768597741975785
-0.8264915943145752 | [-0.4] | -0.016320393796387264
-0.8392155766487122 | [-0.41] | -0.016744252691355987
-0.850524365901947 | [-0.41] | -0.01703401680050496
-0.860374927520752 | [-0.41] | -0.017185428411765492
-0.868729829788208 | [-0.41] | -0.01719609463490419
-0.8755565881729126 | [-0.41] | -0.017065471382249807
-0.8808271884918213 | [-0.41] | -0.016794867516899497
-0.8845174908638 | [-0.4] | -0.016387443907211488
-0.8866068720817566 | [-0.4] | -0.01584823694341137
-0.8870779871940613 | [-0.39] | -0.015184189807604671
-0.885916531085968 | [-0.38] | -0.01440417841996582
-0.883111298084259 | [-0.37] | -0.013519046312875408
-0.878654420375824 | [-0.35] | -0.012541629508816552
-0.872541606426239 | [-0.34] | -0.011486746271764409
-0.8647725582122803 | [-0.32] | -0.010371154405019642
-0.8553516864776611 | [-0.3] | -0.009213470695890697
-0.8442888855934143 | [-0.28] | -0.008034021838337221
-0.8316003084182739 | [-0.26] | -0.006854612247565445
-0.8173093795776367 | [-0.24] | -0.00569821673943067
-0.801447868347168 | [-0.21] | -0.004588577363067576
-0.7840569019317627 | [-0.19] | -0.003549701100974684
-0.7651879191398621 | [-0.16] | -0.002605265871539566
-0.7449036240577698 | [-0.13] | -0.0017779547698970445
-0.723278820514679 | [-0.1] | -0.0010887338790102723
-0.7004008889198303 | [-0.07] | -0.0005561038008521871
-0.6763701438903809 | [-0.04] | -0.00019537234313013498
-0.6512995958328247 | [-0.01] | -1.7986969439481948e-05
-0.6253146529197693 | [0.02] | -3.0984772896992806e-05
-0.5985522270202637 | [0.05] | -0.00023659571133720022
-0.5711594223976135 | [0.08] | -0.0006320415997909682
-0.5432918667793274 | [0.11] | -0.001209553652597537
-0.5151117444038391 | [0.14] | -0.0019566143343385414
-0.4867854416370392 | [0.17] | -0.0028564138432317925
-0.45848116278648376 | [0.2] | -0.003888485133930926
-0.4303663671016693 | [0.22] | -0.005029479433569239
-0.4026053249835968 | [0.25] | -0.006254017905460697
-0.3753568232059479 | [0.27] | -0.007535568840290008
-0.3487720787525177 | [0.3] | -0.008847291202854613
-0.32299309968948364 | [0.32] | -0.010162793574615187
-0.29815128445625305 | [0.34] | -0.01145678784436341
-0.2743665874004364 | [0.36] | -0.012705601414054482
-0.25174710154533386 | [0.37] | -0.013887549772075326
-0.23038889467716217 | [0.39] | -0.014983187289623473
-0.2103763222694397 | [0.4] | -0.01597543387556205
-0.1917826235294342 | [0.41] | -0.016849607986228424
-0.17467071115970612 | [0.42] | -0.01759339803895804
-0.1590941697359085 | [0.43] | -0.01819677688344133
-0.14509837329387665 | [0.43] | -0.018651900953194148
-0.13272163271903992 | [0.44] | -0.018953001491347016
-0.12199629843235016 | [0.44] | -0.019096291265788694
-0.112949900329113 | [0.44] | -0.019079885623202394
-0.10560613870620728 | [0.43] | -0.018903760288272575
-0.09998577833175659 | [0.43] | -0.0185697388644542
-0.09610740095376968 | [0.43] | -0.018081516692738584
-0.09398799389600754 | [0.42] | -0.017444717406621357
-0.09364335983991623 | [0.41] | -0.01666697889960314
-0.09508834779262543 | [0.4] | -0.015758060294365002
-0.0983368530869484 | [0.38] | -0.014729964701730314
-0.10340166091918945 | [0.37] | -0.013597057831305652
-0.11029403656721115 | [0.35] | -0.012376176599903282
-0.11902310699224472 | [0.33] | -0.011086703709818284
-0.12959504127502441 | [0.31] | -0.009750589582865846
-0.14201201498508453 | [0.29] | -0.008392299919917023
-0.15627096593379974 | [0.27] | -0.007038663350911157
-0.17236222326755524 | [0.24] | -0.005718595530630688
-0.19026793539524078 | [0.21] | -0.004462683191088643
-0.2099604457616806 | [0.18] | -0.003302607565669119
-0.23140059411525726 | [0.15] | -0.0022704031291792136
-0.25453615188598633 | [0.12] | -0.001397557634794142
-0.2793002426624298 | [0.08] | -0.0007139793545954967
-0.30561015009880066 | [0.05] | -0.00024686399891173534
-0.33336636424064636 | [0.01] | -1.9528490316486973e-05
-0.3624521791934967 | [-0.02] | -5.0284025932479175e-05
-0.39273369312286377 | [-0.06] | -0.0003514354219883582
-0.424060583114624 | [-0.1] | -0.0009284968141625608
-0.45626750588417053 | [-0.13] | -0.0017797060006519165
-0.48917609453201294 | [-0.17] | -0.0028958976903157977
-0.5225976705551147 | [-0.21] | -0.004260768795781868
-0.5563363432884216 | [-0.24] | -0.00585152264606228
-0.5901927351951599 | [-0.28] | -0.00763986259364491
-0.6239675879478455 | [-0.31] | -0.009593231454971988
-0.6574656367301941 | [-0.34] | -0.011676217211145007
-0.6904990077018738 | [-0.37] | -0.013851978806462967
-0.7228905558586121 | [-0.4] | -0.016083626448991112
-0.7544764280319214 | [-0.43] | -0.018335416562569526
-0.785108208656311 | [-0.45] | -0.0205737437556836
-0.8146541118621826 | [-0.48] | -0.02276784111313759
-0.8429998159408569 | [-0.5] | -0.02489024979809132
-0.870048463344574 | [-0.52] | -0.026917022627773148
-0.8957201838493347 | [-0.54] | -0.02882772937574231
-0.9199510216712952 | [-0.55] | -0.030605288375707064
-0.9426916241645813 | [-0.57] | -0.03223569665182667
-0.9639057517051697 | [-0.58] | -0.03370769914613836
-0.9835683703422546 | [-0.59] | -0.03501240176730249
-1.0016639232635498 | [-0.6] | -0.03614290799679933
-1.0181845426559448 | [-0.61] | -0.03709397664502465
-1.033128261566162 | [-0.62] | -0.03786170586969949
-1.0464972257614136 | [-0.62] | -0.038443255345746975
-1.0582962036132812 | [-0.62] | -0.03883663735563095
-1.0685312747955322 | [-0.62] | -0.03904056484566363
-1.0772087574005127 | [-0.62] | -0.03905436695050688
-1.0843337774276733 | [-0.62] | -0.03887788824398494
-1.089909553527832 | [-0.62] | -0.038511510185398785
-1.0939366817474365 | [-0.62] | -0.037956200313960055
-1.0964125394821167 | [-0.61] | -0.037213605291186655
-1.0973305702209473 | [-0.6] | -0.03628615701462489
-1.0966804027557373 | [-0.59] | -0.035177307545308054
-1.094447374343872 | [-0.58] | -0.03389171559029957
-1.0906126499176025 | [-0.57] | -0.0324355274709561
-1.0851534605026245 | [-0.56] | -0.030816687249736838
-1.0780431032180786 | [-0.54] | -0.029045232388151505
-1.0692518949508667 | [-0.52] | -0.027133695250905927
-1.0587475299835205 | [-0.5] | -0.02509742291939194
-1.046496033668518 | [-0.48] | -0.022954933412679346
-1.0324633121490479 | [-0.46] | -0.020728266660499713
-1.016615867614746 | [-0.43] | -0.018443171539278137
-0.9989231824874878 | [-0.4] | -0.0161293227562686
-0.9793590903282166 | [-0.37] | -0.013820285070269958
-0.9579042196273804 | [-0.34] | -0.01155335928023184
-0.9345483779907227 | [-0.31] | -0.009369175236320637
-0.9092930555343628 | [-0.27] | -0.0073110076824564885
-0.8821542263031006 | [-0.23] | -0.005423805731982667
-0.8531649708747864 | [-0.19] | -0.003752899787803367
-0.8223780393600464 | [-0.15] | -0.002342423603038571
-0.7898680567741394 | [-0.11] | -0.0012335010201213086
-0.7557333707809448 | [-0.07] | -0.0004622973854615107
-0.720097005367279 | [-0.02] | -5.8066124676786625e-05
-0.6831068992614746 | [0.02] | -4.136579126847208e-05
-0.644935131072998 | [0.07] | -0.0004226247307315134
-0.605775773525238 | [0.11] | -0.0012012293938380714
-0.5658419132232666 | [0.15] | -0.0023652667174832113
-0.5253614187240601 | [0.2] | -0.003891995215393257
-0.48457175493240356 | [0.24] | -0.005749030265144852
-0.4437144696712494 | [0.28] | -0.007896131375755245
-0.40302911400794983 | [0.32] | -0.010287439336293227
-0.36274731159210205 | [0.36] | -0.012873926287390109
-0.3230874240398407 | [0.4] | -0.015605814818353304
-0.28424975275993347 | [0.43] | -0.018434786344757804
-0.24641282856464386 | [0.46] | -0.021315792894746645
-0.2097308188676834 | [0.49] | -0.024208393128568376
-0.17433203756809235 | [0.52] | -0.02707758617947935
-0.14031852781772614 | [0.55] | -0.029894187838081645
-0.10776662826538086 | [0.57] | -0.032634804046345334
Total reward: -2.9976013239620976
1.0, 5.5, 0.5
parameter ends

state | action | reward
[-0.4] | [0.1] | -0.000957091250894937
-0.4029129147529602 | [0.09] | -0.0008648119562162441
-0.40440288186073303 | [0.09] | -0.000763915706585816
-0.4066367745399475 | [0.08] | -0.000657343675848493
-0.409608393907547 | [0.07] | -0.0005483063518523017
-0.4133073091506958 | [0.07] | -0.0004402149894920104
-0.4177188575267792 | [0.06] | -0.0003366037544091953
-0.4228242039680481 | [0.05] | -0.00024104553189508988
-0.4286002516746521 | [0.04] | -0.0001570653459715424
-0.43501973152160645 | [0.03] | -8.80492475736664e-05
-0.4420512616634369 | [0.02] | -3.7153845459100226e-05
-0.44965940713882446 | [0.01] | -7.2179103642428535e-06
-0.457804799079895 | [-0.] | -6.783531438369013e-07
-0.46644437313079834 | [-0.01] | -1.9493729194959065e-05
-0.4755314588546753 | [-0.03] | -6.50777874449171e-05
-0.4850160479545593 | [-0.04] | -0.00013824497012529836
-0.4948451519012451 | [-0.05] | -0.00023917133809771477
-0.5049629807472229 | [-0.06] | -0.0003673700580891868
-0.5153114199638367 | [-0.07] | -0.0005216864683086632
-0.5258303284645081 | [-0.08] | -0.0007003091149182933
-0.5364580750465393 | [-0.09] | -0.0009008016023942009
-0.5471317172050476 | [-0.11] | -0.0011201451066920288
-0.5577877759933472 | [-0.12] | -0.0013548073402672065
-0.5683624744415283 | [-0.13] | -0.0016008153356505143
-0.5787922143936157 | [-0.14] | -0.0018538438002884267
-0.5890141725540161 | [-0.15] | -0.0021093157259269107
-0.5989664793014526 | [-0.15] | -0.002362499124270778
-0.6085888743400574 | [-0.16] | -0.002608618767237506
-0.6178230047225952 | [-0.17] | -0.0028429608334353883
-0.6266127824783325 | [-0.17] | -0.003060975671017497
-0.6349046230316162 | [-0.18] | -0.0032583738840097857
-0.6426478624343872 | [-0.19] | -0.003431222456988168
-0.6497949361801147 | [-0.19] | -0.003576025425879157
-0.6563016176223755 | [-0.19] | -0.0036897983474418793
-0.6621272563934326 | [-0.19] | -0.0037701331851505713
-0.6672348380088806 | [-0.2] | -0.0038152462018039113
-0.6715911626815796 | [-0.2] | -0.0038240193446188358
-0.6751669645309448 | [-0.19] | -0.0037960287134224144
-0.6779370307922363 | [-0.19] | -0.0037315609899999554
-0.6798802614212036 | [-0.19] | -0.0036316158150243357
-0.6809796690940857 | [-0.19] | -0.0034978936241420173
-0.681222677230835 | [-0.18] | -0.0033327826281810886
-0.6806008815765381 | [-0.18] | -0.003139312639977287
-0.6791104078292847 | [-0.17] | -0.002921118705681242
-0.6767517924308777 | [-0.16] | -0.0026823740959795294
-0.6735302209854126 | [-0.16] | -0.0024277235878224575
-0.6694554090499878 | [-0.15] | -0.002162192129213736
-0.6645418405532837 | [-0.14] | -0.0018910943946375378
-0.6588086485862732 | [-0.13] | -0.0016199227912117615
-0.6522799134254456 | [-0.12] | -0.00135423882932802
-0.6449844241142273 | [-0.1] | -0.001099543348038712
-0.6369557976722717 | [-0.09] | -0.00086115341787405
-0.628232479095459 | [-0.08] | -0.0006440745049848779
-0.6188576221466064 | [-0.07] | -0.00045287359113542654
-0.6088789701461792 | [-0.05] | -0.0002915596224577502
-0.5983486175537109 | [-0.04] | -0.0001634732207501797
-0.587323009967804 | [-0.03] | -7.119356421525939e-05
-0.5758624076843262 | [-0.01] | -1.6458331603076087e-05
-0.564030647277832 | [0.] | -1.0898699540561833e-07
-0.5518948435783386 | [0.01] | -2.205852494195726e-05
-0.5395247936248779 | [0.03] | -8.128487019541699e-05
-0.5269925594329834 | [0.04] | -0.0001758514591006455
-0.5143719911575317 | [0.06] | -0.00030295298545854343
-0.5017380714416504 | [0.07] | -0.00045898755355927313
-0.48916634917259216 | [0.08] | -0.0006396505943125708
-0.47673243284225464 | [0.09] | -0.0008400470630537758
-0.4645113945007324 | [0.1] | -0.0010548192384994208
-0.4525771141052246 | [0.11] | -0.0012782874934613234
-0.44100189208984375 | [0.12] | -0.0015045924292337533
-0.4298558235168457 | [0.13] | -0.0017278444543706705
-0.419206440448761 | [0.14] | -0.0019422658179264474
-0.4091182053089142 | [0.15] | -0.002142331544117429
-0.39965224266052246 | [0.15] | -0.0023228963841162922
-0.3908660113811493 | [0.16] | -0.002479312965805175
-0.3828129768371582 | [0.16] | -0.0026075381419234187
-0.3755424916744232 | [0.16] | -0.0027042200984678777
-0.36909961700439453 | [0.17] | -0.0027667731032243585
-0.3635249435901642 | [0.17] | -0.0027934377743730455
-0.3588545024394989 | [0.17] | -0.0027833233893610827
-0.3551197052001953 | [0.17] | -0.002736434564433489
-0.3523472547531128 | [0.16] | -0.0026536829219680224
-0.3505590558052063 | [0.16] | -0.002536883642257901
-0.34977224469184875 | [0.15] | -0.0023887317598124676
-0.34999901056289673 | [0.15] | -0.002212769007271348
-0.35124656558036804 | [0.14] | -0.0020133287593797075
-0.3535171151161194 | [0.13] | -0.0017954639632182972
-0.3568076491355896 | [0.13] | -0.001564862677056932
-0.3611099123954773 | [0.12] | -0.001327740717442136
-0.3664103150367737 | [0.1] | -0.0010907193255452286
-0.37268975377082825 | [0.09] | -0.0008606887074636537
-0.37992358207702637 | [0.08] | -0.0006446539389566792
-0.38808149099349976 | [0.07] | -0.0004495707957810181
-0.3971274197101593 | [0.05] | -0.00028217249319972305
-0.40701961517333984 | [0.04] | -0.0001487897856323723
-0.4177105724811554 | [0.02] | -5.517376185088313e-05
-0.4291471838951111 | [0.01] | -6.322593586608263e-06
-0.4412707984447479 | [-0.01] | -6.32142655146474e-06
-0.4540175497531891 | [-0.02] | -5.8200077346314776e-05
-0.4673185646533966 | [-0.04] | -0.000163815778728392
-0.4811003804206848 | [-0.06] | -0.0003237659358700136
-0.49528542160987854 | [-0.07] | -0.0005373361291219743
-0.5097925066947937 | [-0.09] | -0.0008024858039310211
-0.5245375037193298 | [-0.11] | -0.0011158745142425587
-0.5394338965415955 | [-0.12] | -0.001472924926689068
-0.5543936491012573 | [-0.14] | -0.0018679282152851394
-0.5693277716636658 | [-0.15] | -0.002294175332783722
-0.5841471552848816 | [-0.17] | -0.00274412208369201
-0.5987634062767029 | [-0.18] | -0.003209576320656077
-0.6130894422531128 | [-0.19] | -0.00368189397177102
-0.6270401477813721 | [-0.2] | -0.004152182728580106
-0.6405330896377563 | [-0.21] | -0.0046115110232327365
-0.6534889936447144 | [-0.22] | -0.005051104290979688
-0.6658323407173157 | [-0.23] | -0.005462537682953924
-0.6774916052818298 | [-0.24] | -0.005837900588300255
-0.6883996725082397 | [-0.25] | -0.0061699544243978485
-0.698494017124176 | [-0.25] | -0.006452263779019066
-0.7077170610427856 | [-0.26] | -0.006679318586163548
-0.7160160541534424 | [-0.26] | -0.006846616411688128
-0.7233431935310364 | [-0.26] | -0.006950738998606815
-0.7296558022499084 | [-0.26] | -0.006989417806497578
-0.734916090965271 | [-0.26] | -0.0069615609824295365
-0.7390913367271423 | [-0.26] | -0.006867287882231127
-0.7421537041664124 | [-0.26] | -0.006707930227675474
-0.7440803647041321 | [-0.25] | -0.006486033302377183
-0.7448533773422241 | [-0.25] | -0.006205328842232836
-0.744459867477417 | [-0.24] | -0.005870706091376718
-0.7428919076919556 | [-0.23] | -0.005488149020596223
-0.7401466965675354 | [-0.23] | -0.0050646685666199094
-0.7362268567085266 | [-0.21] | -0.004608216934212113
-0.7311402559280396 | [-0.2] | -0.004127557043086862
-0.724900484085083 | [-0.19] | -0.003632136700577083
-0.717526912689209 | [-0.18] | -0.0031319191605169803
-0.7090449929237366 | [-0.16] | -0.0026371990527707034
-0.699486494064331 | [-0.15] | -0.0021583928816009583
-0.6888895630836487 | [-0.13] | -0.0017058050900134016
-0.6772990226745605 | [-0.11] | -0.0012893874787644089
-0.6647664904594421 | [-0.1] | -0.0009184849334678263
-0.6513503193855286 | [-0.08] | -0.0006015779350288539
-0.6371156573295593 | [-0.06] | -0.0003460378894143247
-0.6221342086791992 | [-0.04] | -0.00015789700781734114
-0.606484055519104 | [-0.02] | -4.1649767238860844e-05
-0.5902493000030518 | [-0.] | -9.17746749450922e-08
-0.5735194087028503 | [0.02] | -3.4206667738225035e-05
-0.5563887357711792 | [0.04] | -0.00014310969774034149
-0.538955807685852 | [0.06] | -0.0003240487081188157
-0.5213223695755005 | [0.08] | -0.0005724677941351567
-0.5035924911499023 | [0.09] | -0.0008821302442976924
-0.48587170243263245 | [0.11] | -0.0012452923159890468
-0.4682658612728119 | [0.13] | -0.0016529273986533159
-0.4508802592754364 | [0.14] | -0.0020949806550135544
-0.43381863832473755 | [0.16] | -0.0025606498856480505
-0.41718220710754395 | [0.17] | -0.0030386797503640798
-0.40106895565986633 | [0.19] | -0.0035176491017782988
-0.38557279109954834 | [0.2] | -0.003986258021356883
-0.3707830011844635 | [0.21] | -0.004433587090873363
-0.35678374767303467 | [0.22] | -0.004849336020006204
-0.34365373849868774 | [0.23] | -0.005224029908156179
-0.33146587014198303 | [0.24] | -0.005549201957768709
-0.32028716802597046 | [0.24] | -0.005817537250078556
-0.3101786971092224 | [0.25] | -0.006022992457225341
-0.3011956214904785 | [0.25] | -0.006160886193086135
-0.29338720440864563 | [0.25] | -0.00622797123282414
-0.28679701685905457 | [0.25] | -0.006222478919500475
-0.28146302700042725 | [0.25] | -0.00614415080415915
-0.27741768956184387 | [0.24] | -0.005994255488065607
-0.27468812465667725 | [0.24] | -0.005775584387762986
-0.27329617738723755 | [0.23] | -0.005492436380790393
-0.2732584476470947 | [0.23] | -0.00515058526217898
-0.2745862603187561 | [0.22] | -0.004757228871227082
-0.2772855758666992 | [0.21] | -0.004320916201246608
-0.2813568711280823 | [0.2] | -0.0038514481063765538
-0.28679484128952026 | [0.18] | -0.003359753632691222
-0.29358822107315063 | [0.17] | -0.0028577264604464215
-0.30171945691108704 | [0.15] | -0.0023580305771573966
-0.3111642599105835 | [0.14] | -0.0018738706546701407
-0.32189127802848816 | [0.12] | -0.0014187202936373495
-0.3338617980480194 | [0.1] | -0.0010060154464008961
-0.34702929854393005 | [0.08] | -0.0006488221117211745
-0.36133918166160583 | [0.06] | -0.0003594784609295302
-0.3767285645008087 | [0.04] | -0.00014922605908743863
-0.3931262493133545 | [0.02] | -2.7844046500323604e-05
-0.41045263409614563 | [-0.01] | -3.3037223511598636e-06
-0.42862004041671753 | [-0.03] | -8.145770174173041e-05
-0.4475330114364624 | [-0.05] | -0.00026578459332780174
-0.46708884835243225 | [-0.07] | -0.0005572027235530467
-0.4871784746646881 | [-0.1] | -0.0009539694156922023
-0.5076872110366821 | [-0.12] | -0.0014516690732252618
-0.5284959673881531 | [-0.14] | -0.002043301474924464
-0.5494824051856995 | [-0.16] | -0.0027194590191069396
-0.5705222487449646 | [-0.19] | -0.003468590814657461
-0.5914907455444336 | [-0.21] | -0.004277340138206243
-0.6122637391090393 | [-0.23] | -0.005130919320688078
-0.6327193379402161 | [-0.25] | -0.0060135410344906055
-0.6527389287948608 | [-0.26] | -0.006908837101057702
-0.672208309173584 | [-0.28] | -0.007800277455274638
-0.6910185813903809 | [-0.29] | -0.008671558397338195
-0.7090670466423035 | [-0.31] | -0.009506963125025303
-0.7262576818466187 | [-0.32] | -0.010291658250082915
-0.7425014972686768 | [-0.33] | -0.011011944651795533
-0.7577167749404907 | [-0.34] | -0.011655459163868412
-0.7718291282653809 | [-0.35] | -0.012211328445588289
-0.7847713232040405 | [-0.36] | -0.01267027212153716
-0.7964829802513123 | [-0.36] | -0.01302467235574894
-0.8069103956222534 | [-0.36] | -0.013268630812900934
-0.8160061240196228 | [-0.37] | -0.013397992762313514
-0.8237285017967224 | [-0.37] | -0.013410357624649422
-0.830041229724884 | [-0.36] | -0.013305085823425636
-0.8349131345748901 | [-0.36] | -0.013083314168559746
-0.8383176922798157 | [-0.36] | -0.01274794855872155
-0.840232789516449 | [-0.35] | -0.012303668596842343
-0.840640664100647 | [-0.34] | -0.011756934805056234
-0.8395276665687561 | [-0.33] | -0.011115969718186444
-0.8368844389915466 | [-0.32] | -0.010390748836980919
-0.832706093788147 | [-0.31] | -0.009592963623586283
-0.8269922733306885 | [-0.3] | -0.008735943118565003
-0.8197477459907532 | [-0.28] | -0.007834568040872564
-0.810982882976532 | [-0.26] | -0.006905124671200184
-0.8007140755653381 | [-0.24] | -0.005965098525800629
-0.7889645099639893 | [-0.22] | -0.005032926703264611
-0.7757648825645447 | [-0.2] | -0.004127677306555065
-0.761154055595398 | [-0.18] | -0.0032686631631334007
-0.7451797723770142 | [-0.16] | -0.002474997103384122
-0.7278993129730225 | [-0.13] | -0.0017650955596245563
-0.709380030632019 | [-0.11] | -0.0011561430026353944
-0.6896997094154358 | [-0.08] | -0.0006635406446865337
-0.6689467430114746 | [-0.05] | -0.0003003638283952782
-0.6472200751304626 | [-0.03] | -7.685938228714357e-05
-0.6246289610862732 | [-0.] | -1.427661546699391e-08
-0.6012922525405884 | [0.03] | -7.322287937663874e-05
-0.5773375034332275 | [0.05] | -0.0002960843907495046
-0.5528998374938965 | [0.08] | -0.000664344739678666
-0.5281204581260681 | [0.11] | -0.0011699942359581859
-0.5031449198722839 | [0.13] | -0.001801519474931631
-0.4781213402748108 | [0.16] | -0.0025442929266695294
-0.45319852232933044 | [0.18] | -0.0033810761276640276
-0.4285239577293396 | [0.21] | -0.004292608276492429
-0.40424203872680664 | [0.23] | -0.005258235782590598
-0.38049232959747314 | [0.25] | -0.006256552173668207
-0.3574080765247345 | [0.27] | -0.007266010118476579
-0.33511489629745483 | [0.29] | -0.008265482586956276
-0.3137299716472626 | [0.3] | -0.009234736555922787
-0.29336127638816833 | [0.32] | -0.010154832934392111
-0.27410730719566345 | [0.33] | -0.011008428101545448
-0.2560569643974304 | [0.34] | -0.011779992823087174
-0.23928974568843842 | [0.35] | -0.012455955469697072
-0.22387614846229553 | [0.36] | -0.013024779978913612
-0.20987823605537415 | [0.37] | -0.013476997056689416
-0.19735026359558105 | [0.37] | -0.013805207408957024
-0.18633945286273956 | [0.37] | -0.014004060918257972
-0.17688675224781036 | [0.38] | -0.014070233263780724
-0.16902758181095123 | [0.37] | -0.014002403896297018
-0.16279251873493195 | [0.37] | -0.013801246339338324
-0.1582079529762268 | [0.37] | -0.013469426393414571
-0.15529653429985046 | [0.36] | -0.01301162198361012
-0.15407760441303253 | [0.35] | -0.012434547810784149
-0.15456737577915192 | [0.34] | -0.011746993861994274
-0.15677905082702637 | [0.33] | -0.010959857883197043
-0.16072267293930054 | [0.32] | -0.010086175196228949
-0.16640490293502808 | [0.3] | -0.009141121289420474
-0.17382851243019104 | [0.29] | -0.008141986201654844
-0.18299180269241333 | [0.27] | -0.007108093768953966
-0.1938878297805786 | [0.25] | -0.006060657231119482
-0.20650345087051392 | [0.22] | -0.005022556440453931
-0.22081831097602844 | [0.2] | -0.004018017146542396
-0.23680371046066284 | [0.18] | -0.00307218766516704
-0.2544214427471161 | [0.15] | -0.002210606381763179
-0.27362260222435 | [0.12] | -0.0014585639429051335
-0.29434657096862793 | [0.09] | -0.0008403682418507198
-0.3165200352668762 | [0.06] | -0.00037854301721357324
-0.34005632996559143 | [0.03] | -9.298889104795992e-05
-0.36485493183135986 | [-0.] | -1.5556383937348833e-07
-0.39080148935317993 | [-0.03] | -0.00011227562905427036
-0.4177681505680084 | [-0.07] | -0.0004367199105820285
-0.44561439752578735 | [-0.1] | -0.0009755271168375744
-0.47418835759162903 | [-0.13] | -0.0017251553337522402
-0.5033285617828369 | [-0.16] | -0.0026764860229951137
-0.5328661203384399 | [-0.2] | -0.0038150910142313353
-0.5626271367073059 | [-0.23] | -0.005121747346743379
-0.5924355983734131 | [-0.26] | -0.0065731768929815915
-0.6221160292625427 | [-0.29] | -0.008142934580620877
-0.6514962911605835 | [-0.31] | -0.009802397899739829
-0.6804103255271912 | [-0.34] | -0.011521784714379646
-0.7087003588676453 | [-0.36] | -0.013271115252701596
-0.7362188100814819 | [-0.39] | -0.015021071517112858
-0.7628298997879028 | [-0.41] | -0.016743727089542377
-0.7884106636047363 | [-0.43] | -0.018413102878094265
-0.8128514289855957 | [-0.45] | -0.02000554693746147
-0.8360558748245239 | [-0.46] | -0.021499956909501516
-0.8579408526420593 | [-0.48] | -0.022877876349653638
-0.8784355521202087 | [-0.49] | -0.024123452801745465
-0.8974806070327759 | [-0.5] | -0.025223329253715315
-0.9150269627571106 | [-0.51] | -0.026166483103654804
-0.9310345649719238 | [-0.52] | -0.02694403065895078
-0.9454710483551025 | [-0.52] | -0.027549038404885325
-0.9583103656768799 | [-0.53] | -0.02797633814419718
-0.9695314168930054 | [-0.53] | -0.028222370029105055
-0.9791169166564941 | [-0.53] | -0.028285074865984174
-0.9870521426200867 | [-0.53] | -0.028163805212394297
-0.9933239817619324 | [-0.53] | -0.027859302623866253
-0.9979201555252075 | [-0.52] | -0.027373718938616357
-1.0008283853530884 | [-0.52] | -0.02671066263449135
-1.0020359754562378 | [-0.51] | -0.025875310529031456
-1.0015294551849365 | [-0.5] | -0.024874545582152713
-0.9992945194244385 | [-0.49] | -0.0237171359699961
-0.9953158497810364 | [-0.47] | -0.022413905552374554
-0.98957759141922 | [-0.46] | -0.02097796134496275
-0.9820635914802551 | [-0.44] | -0.019424875239583275
-0.9727582931518555 | [-0.42] | -0.01777288909958466
-0.9616474509239197 | [-0.4] | -0.016043042518862034
-0.9487192630767822 | [-0.38] | -0.014259255305805685
-0.933965802192688 | [-0.35] | -0.012448326456298649
-0.9173844456672668 | [-0.33] | -0.01063979624047585
-0.8989795446395874 | [-0.3] | -0.008865668355754822
-0.8787643909454346 | [-0.27] | -0.0071599637909133835
-0.8567630648612976 | [-0.24] | -0.005558072578266439
-0.8330123424530029 | [-0.2] | -0.004095906130495758
-0.8075637817382812 | [-0.17] | -0.002808867371934887
-0.7804853320121765 | [-0.13] | -0.0017306374564443284
-0.751862645149231 | [-0.09] | -0.0008918528214160178
-0.7218003273010254 | [-0.06] | -0.00031874744366135226
-0.6904222965240479 | [-0.02] | -3.183720718504014e-05
-0.657871425151825 | [0.02] | -4.4768084600760664e-05
-0.6243087649345398 | [0.06] | -0.00036343856707823365
-0.5899118185043335 | [0.1] | -0.000985484079318888
-0.5548718571662903 | [0.14] | -0.001900204620972099
-0.5193909406661987 | [0.18] | -0.0030889539706881746
-0.4836779236793518 | [0.21] | -0.004525985158227565
-0.4479444921016693 | [0.25] | -0.006179669081887565
-0.4124007225036621 | [0.28] | -0.008013995392337514
-0.37725090980529785 | [0.32] | -0.009990214042402967
-0.3426896929740906 | [0.35] | -0.012068470380078425
-0.30889856815338135 | [0.38] | -0.014209332282936693
-0.27604320645332336 | [0.4] | -0.016375077045813095
-0.24427148699760437 | [0.43] | -0.018530697790824037
-0.21371228992938995 | [0.45] | -0.020644598426628132
-0.1844750940799713 | [0.48] | -0.022688978622209203
-0.15665023028850555 | [0.5] | -0.024639960830972165
-0.13030976057052612 | [0.51] | -0.02647749197744025
-0.10550883412361145 | [0.53] | -0.028185086205403404
-0.08228736370801926 | [0.55] | -0.029749466304715196
-0.060671959072351456 | [0.56] | -0.031160149259853588
-0.04067793861031532 | [0.57] | -0.032409017521912865
-0.022311389446258545 | [0.58] | -0.03348990498899824
-0.005571185145527124 | [0.59] | -0.03439821808746827
0.00954911857843399 | [0.59] | -0.03513060825044159
0.02305951528251171 | [0.6] | -0.035684696475004885
0.0349719412624836 | [0.6] | -0.036058858136134485
0.045298848301172256 | [0.6] | -0.036252060731042514
0.054051950573921204 | [0.6] | -0.036263762938221755
0.061241138726472855 | [0.6] | -0.036093862852427674
0.06687357276678085 | [0.6] | -0.03574269813738693
0.07095292955636978 | [0.59] | -0.035211097041839425
0.07347879558801651 | [0.59] | -0.03450047441235637
0.07444620877504349 | [0.58] | -0.033612976226160315
0.07384536415338516 | [0.57] | -0.03255167194052842
0.07166142761707306 | [0.56] | -0.031320788255720065
0.06787452101707458 | [0.55] | -0.02992598929321738
0.062459830194711685 | [0.53] | -0.028374695244588674
0.055387917906045914 | [0.52] | -0.02667644048778774
0.046625178307294846 | [0.5] | -0.02484325801733531
0.0361345000565052 | [0.48] | -0.022890079060793697
0.02387615106999874 | [0.46] | -0.020835137849537236
0.00980889517813921 | [0.43] | -0.018700347814606055
-0.00610861973837018 | [0.41] | -0.016511629613217643
-0.023916197940707207 | [0.38] | -0.014299146245320804
-0.04365013167262077 | [0.35] | -0.012097404491207712
-0.06534094363451004 | [0.32] | -0.00994516778291273
-0.08901083469390869 | [0.28] | -0.007885131000089474
-0.11467091739177704 | [0.24] | -0.005963297480813454
-0.1423182189464569 | [0.21] | -0.0042280243214683376
-0.1719326674938202 | [0.17] | -0.0027287027522469413
-0.20347408950328827 | [0.12] | -0.0015140837358264274
-0.23687945306301117 | [0.08] | -0.0006302941653983738
-0.2720606029033661 | [0.03] | -0.00011863295101877427
-0.3089025914669037 | [-0.01] | -1.3302275381463573e-05
-0.34726306796073914 | [-0.06] | -0.00033925554758341834
-0.3869726061820984 | [-0.11] | -0.0011103891664478952
-0.42783644795417786 | [-0.15] | -0.0023282956363016374
-0.46963754296302795 | [-0.2] | -0.003981763453712351
-0.5121408700942993 | [-0.25] | -0.006047139009224354
-0.5550990104675293 | [-0.29] | -0.00848957435478276
-0.5982583165168762 | [-0.34] | -0.011265044867966529
-0.6413657665252686 | [-0.38] | -0.014322955176628571
-0.6841759085655212 | [-0.42] | -0.017609080666066756
-0.7264572381973267 | [-0.46] | -0.02106851027601425
-0.7679978013038635 | [-0.5] | -0.024648341398143637
-0.8086099624633789 | [-0.53] | -0.028299934590304568
-0.8481336236000061 | [-0.57] | -0.031980567353895206
-0.886438250541687 | [-0.6] | -0.03565446957942741
-0.923423707485199 | [-0.63] | -0.039293289602754536
-0.9590197801589966 | [-0.65] | -0.042876071001925864
-0.9931850433349609 | [-0.68] | -0.04638888568476447
-1.025904655456543 | [-0.71] | -0.04982420447658756
-1.0571881532669067 | [-0.73] | -0.05318019667895792
-1.087066650390625 | [-0.75] | -0.05645997016862497
-1.1155900955200195 | [-0.77] | -0.05967086925860602
-1.1428247690200806 | [-0.79] | -0.06282388175084984
-1.1688505411148071 | [-0.81] | -0.06593309594334838
-1.1937588453292847 | [-0.83] | -0.06901535466225243
-1.2000000476837158 | [-0.7] | -0.049000006675720444
-1.198808193206787 | [-0.69] | -0.04792138924261382
-1.1964088678359985 | [-0.68] | -0.04667792136670658
-1.192780613899231 | [-0.67] | -0.04526940279967678
-1.1878962516784668 | [-0.66] | -0.043696402728321995
-1.18172287940979 | [-0.65] | -0.04196053230651325
-1.1742219924926758 | [-0.63] | -0.04006476662586367
-1.1653499603271484 | [-0.62] | -0.038013839098870614
-1.1550581455230713 | [-0.6] | -0.03581461834911936
-1.1432937383651733 | [-0.58] | -0.03347659031875084
-1.130000352859497 | [-0.56] | -0.031012312958453914
-1.1151190996170044 | [-0.53] | -0.02843791536542735
-1.0985894203186035 | [-0.51] | -0.025773532641932474
-1.0803509950637817 | [-0.48] | -0.02304378255989756
-1.060344934463501 | [-0.45] | -0.02027805565940015
-1.0385162830352783 | [-0.42] | -0.017510770947790327
-1.014816164970398 | [-0.38] | -0.01478137642054035
-0.9892045259475708 | [-0.35] | -0.012134116178836933
-0.9616531729698181 | [-0.31] | -0.009617479191415937
-0.9321488738059998 | [-0.27] | -0.007283257808216696
-0.9006968140602112 | [-0.23] | -0.005185203719419929
-0.8673238754272461 | [-0.18] | -0.0033772462738246994
-0.8320818543434143 | [-0.14] | -0.0019113277993794712
-0.7950499653816223 | [-0.09] | -0.0008349335622155355
-0.7563369274139404 | [-0.04] | -0.0001884895438008849
-0.7160819172859192 | [0.01] | -2.830941120776989e-06
-0.6744542121887207 | [0.05] | -0.00029700567802769565
-0.6316515803337097 | [0.1] | -0.0010766759611654467
-0.587897002696991 | [0.15] | -0.002333352600069347
-0.5434340238571167 | [0.2] | -0.0040446131801805466
-0.49852073192596436 | [0.25] | -0.006175346028177375
-0.45342257618904114 | [0.29] | -0.008679931774333528
-0.4084049463272095 | [0.34] | -0.01150512389152776
-0.3637253940105438 | [0.38] | -0.014593332492054994
-0.31962642073631287 | [0.42] | -0.017885959476760114
-0.2763291597366333 | [0.46] | -0.02132645745267772
-0.23402824997901917 | [0.5] | -0.02486286599261163
-0.19288814067840576 | [0.53] | -0.028449684914233078
-0.15304094552993774 | [0.57] | -0.032049032392554314
-0.11458567529916763 | [0.6] | -0.03563114944319931
-0.0775887593626976 | [0.63] | -0.03917436219454994
-0.04208558425307274 | [0.65] | -0.04266465668578384
-0.0080827372148633 | [0.68] | -0.04609499188454889
0.024439245462417603 | [0.7] | -0.049464516015161636
0.05552290752530098 | [0.73] | -0.05277776351821171
0.08523089438676834 | [0.75] | -0.056043915497873964
0.1136431023478508 | [0.77] | -0.05927617713270498
0.14085406064987183 | [0.79] | -0.06249129242049824
0.16697068512439728 | [0.81] | -0.0657092041877535
0.19211037456989288 | [0.83] | -0.06895286787706052
0.21639946103096008 | [0.85] | -0.07224820074441655
0.2399720996618271 | [0.87] | -0.07562418195574021
0.2629695236682892 | [0.89] | -0.07911308480143649
0.28553956747055054 | [0.91] | -0.08275084061139532
0.307836651802063 | [0.93] | -0.08657755284132722
0.3300218880176544 | [0.95] | -0.09063813725584705
0.35226359963417053 | [0.97] | -0.09498314222005799
0.37473800778388977 | [1.] | -0.09966973390648044
0.3976302444934845 | [1.02] | -0.10476289620833541
0.42110002040863037 | [1.05] | -0.11028861175599727
0.44531312584877014 | [1.08] | 99.88368696830334
Total reward: 94.014771061738
1.0, 5.5, 0.5
parameter ends

state | action | reward
[-0.43] | [0.07] | -0.0005268580292309366
-0.4280175268650055 | [0.07] | -0.000471536949485877
-0.4292241334915161 | [0.06] | -0.0004113880384416758
-0.4310329258441925 | [0.06] | -0.000348321218920634
-0.4334385395050049 | [0.05] | -0.00028441509251356565
-0.4364321529865265 | [0.05] | -0.000221869427503376
-0.4400014281272888 | [0.04] | -0.00016295397872048147
-0.4441305696964264 | [0.03] | -0.00010995254331413952
-0.44880035519599915 | [0.03] | -6.510545581133375e-05
-0.4539881646633148 | [0.02] | -3.055105544579923e-05
-0.45966804027557373 | [0.01] | -8.26748682150125e-06
-0.4658108353614807 | [0.] | -1.630435729190003e-08
-0.4723842740058899 | [-0.01] | -7.290001727723096e-06
-0.4793531000614166 | [-0.02] | -3.126429575520404e-05
-0.4866793155670166 | [-0.03] | -7.275740311291179e-05
-0.4943223297595978 | [-0.04] | -0.00013219725989005085
-0.5022391676902771 | [-0.05] | -0.00020959771391900264
-0.5103847980499268 | [-0.06] | -0.0003045456223967112
-0.5187122821807861 | [-0.06] | -0.00041619726765401233
-0.5271731615066528 | [-0.07] | -0.0005432873470157363
-0.535717785358429 | [-0.08] | -0.0006841490596041727
-0.544295608997345 | [-0.09] | -0.0008367439753475571
-0.5528555512428284 | [-0.1] | -0.0009987027366098191
-0.5613462328910828 | [-0.11] | -0.0011673714805360627
-0.5697164535522461 | [-0.12] | -0.0013398710792981413
-0.5779155492782593 | [-0.12] | -0.0015131599231219088
-0.5858935713768005 | [-0.13] | -0.0016840969110409852
-0.5936017632484436 | [-0.14] | -0.0018495143013033178
-0.6009927988052368 | [-0.14] | -0.0020062857005029348
-0.6080210208892822 | [-0.15] | -0.0021513936599318897
-0.614642858505249 | [-0.15] | -0.0022820002490059623
-0.6208168864250183 | [-0.15] | -0.002395503992147816
-0.6265042424201965 | [-0.16] | -0.0024896031883738785
-0.6316686868667603 | [-0.16] | -0.0025623425410155206
-0.6362768411636353 | [-0.16] | -0.002612158965368658
-0.6402983665466309 | [-0.16] | -0.0026379183544608664
-0.6437060236930847 | [-0.16] | -0.00263894083565578
-0.6464759111404419 | [-0.16] | -0.002615023596617682
-0.6485875248908997 | [-0.16] | -0.002566449077955115
-0.6500238180160522 | [-0.16] | -0.002493984641148628
-0.6507713794708252 | [-0.15] | -0.0023988767727148364
-0.6508204340934753 | [-0.15] | -0.0022828304706955073
-0.6501649618148804 | [-0.15] | -0.0021479833512864552
-0.6488027572631836 | [-0.14] | -0.0019968687904516167
-0.646735429763794 | [-0.14] | -0.0018323687856564637
-0.6439684629440308 | [-0.13] | -0.0016576604895821405
-0.6405113339424133 | [-0.12] | -0.0014761565870644402
-0.6363775134086609 | [-0.11] | -0.0012914355121506167
-0.6315843462944031 | [-0.11] | -0.0011071636709312717
-0.6261531710624695 | [-0.1] | -0.0009270194776241168
-0.6201093792915344 | [-0.09] | -0.0007546125873917714
-0.6134821176528931 | [-0.08] | -0.0005933954967761551
-0.606304407119751 | [-0.07] | -0.0004465855008835374
-0.5986130237579346 | [-0.06] | -0.00031708478689220507
-0.5904482007026672 | [-0.05] | -0.00020740496601455753
-0.5818536877632141 | [-0.03] | -0.00011960427658572333
-0.5728763341903687 | [-0.02] | -5.522975873171326e-05
-0.5635660290718079 | [-0.01] | -1.527520357690361e-05
-0.5539752244949341 | [-0.] | -1.502458403150088e-07
-0.5441587567329407 | [0.01] | -9.666631732275209e-06
-0.5341734290122986 | [0.02] | -4.303925404481332e-05
-0.5240776538848877 | [0.03] | -9.890374556884886e-05
-0.513931155204773 | [0.04] | -0.0001753488374071832
-0.5037943124771118 | [0.05] | -0.00026996598275659615
-0.49372798204421997 | [0.06] | -0.00037990931559088876
-0.4837929308414459 | [0.07] | -0.0005019696273899582
-0.47404944896698 | [0.08] | -0.000632656653421243
-0.46455690264701843 | [0.09] | -0.0007682886515007151
-0.4553733766078949 | [0.1] | -0.0009050852884273973
-0.4465552866458893 | [0.1] | -0.0010392628884947806
-0.43815696239471436 | [0.11] | -0.0011671298729694047
-0.43023040890693665 | [0.11] | -0.0012851761454596964
-0.4228249490261078 | [0.12] | -0.001390160252942158
-0.4159869849681854 | [0.12] | -0.0014791874554355945
-0.4097597301006317 | [0.12] | -0.0015497811132400936
-0.404183030128479 | [0.13] | -0.0015999426697027729
-0.3992931842803955 | [0.13] | -0.0016282018116273147
-0.395122766494751 | [0.13] | -0.0016336560310470348
-0.39170050621032715 | [0.13] | -0.0016159975440716457
-0.3890511989593506 | [0.13] | -0.0015755276800609652
-0.38719552755355835 | [0.12] | -0.0015131616816570497
-0.386150062084198 | [0.12] | -0.0014304167025595053
-0.38592708110809326 | [0.12] | -0.001329391974329294
-0.38653460144996643 | [0.11] | -0.001212731424057402
-0.38797616958618164 | [0.1] | -0.0010835795846243035
-0.39025095105171204 | [0.1] | -0.0009455185676595018
-0.39335352182388306 | [0.09] | -0.0008025000495540916
-0.3972738981246948 | [0.08] | -0.0006587610935705112
-0.401997447013855 | [0.07] | -0.0005187325925562787
-0.4075048565864563 | [0.06] | -0.00038693798577935795
-0.4137721657752991 | [0.05] | -0.0002678846281981787
-0.4207707345485687 | [0.04] | -0.00016595176857954336
-0.4284672141075134 | [0.03] | -8.527614277101673e-05
-0.4368237555027008 | [0.02] | -2.9636770453220935e-05
-0.44579795002937317 | [0.] | -2.3464242205500398e-06
-0.455343097448349 | [-0.01] | -6.1487844049240054e-06
-0.4654083549976349 | [-0.02] | -4.312799918344485e-05
-0.47593897581100464 | [-0.03] | -0.00011463246111485563
-0.48687660694122314 | [-0.05] | -0.0002212163738185967
-0.49815964698791504 | [-0.06] | -0.0003626019520608961
-0.5097236037254333 | [-0.07] | -0.0005376632553800482
-0.5215016007423401 | [-0.09] | -0.0007444348956210444
-0.5334247350692749 | [-0.1] | -0.0009801415171191833
-0.5454227328300476 | [-0.11] | -0.0012412544075264945
-0.5574242472648621 | [-0.12] | -0.0015235622476718147
-0.569357693195343 | [-0.13] | -0.0018222711249031868
-0.5811514854431152 | [-0.15] | -0.002132107038361206
-0.5927348136901855 | [-0.16] | -0.0024474431868225354
-0.6040380001068115 | [-0.17] | -0.002762424942970793
-0.6149930357933044 | [-0.18] | -0.003071104326933579
-0.6255339980125427 | [-0.18] | -0.0033675717875532546
-0.6355975866317749 | [-0.19] | -0.003646090794347421
-0.6451233625411987 | [-0.2] | -0.0039012165892339766
-0.6540539860725403 | [-0.2] | -0.00412790741276537
-0.6623357534408569 | [-0.21] | -0.004321638519416807
-0.6699185967445374 | [-0.21] | -0.004478485040719001
-0.6767563819885254 | [-0.21] | -0.0045952044636686324
-0.6828070282936096 | [-0.22] | -0.0046693004625708735
-0.6880326271057129 | [-0.22] | -0.004699073696369426
-0.6923995614051819 | [-0.22] | -0.004683660315909956
-0.6958785057067871 | [-0.22] | -0.0046230515956204804
-0.698444664478302 | [-0.21] | -0.004518111181587407
-0.7000775933265686 | [-0.21] | -0.00437056027205496
-0.7007614970207214 | [-0.2] | -0.004182969537154617
-0.7004851698875427 | [-0.2] | -0.003958721056666434
-0.6992420554161072 | [-0.19] | -0.0037019606203512988
-0.6970303058624268 | [-0.18] | -0.003417534927631682
-0.6938530206680298 | [-0.18] | -0.0031109199152253644
-0.6897181868553162 | [-0.17] | -0.0027881217744645977
-0.6846388578414917 | [-0.16] | -0.0024555719134487126
-0.6786332130432129 | [-0.15] | -0.00212000326995713
-0.6717247366905212 | [-0.13] | -0.0017883170165166368
-0.6639420986175537 | [-0.12] | -0.0014674297526627808
-0.6553193926811218 | [-0.11] | -0.0011641236348082686
-0.6458961367607117 | [-0.09] | -0.000884883945402705
-0.6357172131538391 | [-0.08] | -0.0006357361112779439
-0.6248327493667603 | [-0.06] | -0.0004220870149100348
-0.6132981181144714 | [-0.05] | -0.0002485778247291591
-0.6011735796928406 | [-0.03] | -0.0001189474690327961
-0.5885242223739624 | [-0.02] | -3.592079732675677e-05
-0.5754194259643555 | [-0.] | -1.1176160118198977e-06
-0.5619325637817383 | [0.01] | -1.4994514238347943e-05
-0.5481404662132263 | [0.03] | -7.681831146207789e-05
-0.534122884273529 | [0.04] | -0.00018467462540514023
-0.519961953163147 | [0.06] | -0.0003355108219597275
-0.5057414174079895 | [0.07] | -0.0005252144824329585
-0.49154600501060486 | [0.09] | -0.0007487219765014001
-0.4774608314037323 | [0.1] | -0.0010001523720397198
-0.46357056498527527 | [0.11] | -0.0012729667600269482
-0.449958860874176 | [0.12] | -0.001560139453985357
-0.43670761585235596 | [0.14] | -0.001854342976777279
-0.4238964319229126 | [0.15] | -0.0021481322584250505
-0.41160207986831665 | [0.16] | -0.0024341280269104502
-0.399897962808609 | [0.16] | -0.002705194260115843
-0.3888537287712097 | [0.17] | -0.002954602029880271
-0.3785349428653717 | [0.18] | -0.0031761778052849183
-0.3690027892589569 | [0.18] | -0.0033644371010391645
-0.36031386256217957 | [0.19] | -0.0035146980750021305
-0.3525199592113495 | [0.19] | -0.0036231794546567383
-0.3456680476665497 | [0.19] | -0.0036870736690706334
-0.339800089597702 | [0.19] | -0.00370460957185617
-0.3349531292915344 | [0.19] | -0.00367508772373856
-0.3311591148376465 | [0.19] | -0.0035989094849579097
-0.3284449875354767 | [0.19] | -0.003477578634746654
-0.3268325924873352 | [0.18] | -0.003313692987537261
-0.32633867859840393 | [0.18] | -0.0031109146094741415
-0.3269748091697693 | [0.17] | -0.0028739249256055817
-0.3287472724914551 | [0.16] | -0.0026083598464031067
-0.3316570520401001 | [0.15] | -0.002320722292557264
-0.3356996476650238 | [0.14] | -0.0020182783889421594
-0.3408649265766144 | [0.13] | -0.0017089302067032704
-0.3471370041370392 | [0.12] | -0.001401065503046908
-0.35449403524398804 | [0.11] | -0.0011033888301490294
-0.3629080653190613 | [0.09] | -0.0008247310222579234
-0.3723449110984802 | [0.08] | -0.0005738419312033616
-0.3827640116214752 | [0.06] | -0.00035917133463599104
-0.3941183388233185 | [0.04] | -0.00018864147987089218
-0.4063543677330017 | [0.03] | -6.94185838454438e-05
-0.41941219568252563 | [0.01] | -7.690798644827222e-06
-0.4332256019115448 | [-0.01] | -8.462891691013788e-06
-0.44772234559059143 | [-0.03] | -7.537454839716623e-05
-0.46282443404197693 | [-0.05] | -0.00021055209929546435
-0.47844865918159485 | [-0.06] | -0.00041450181661884525
-0.4945070445537567 | [-0.08] | -0.000686049458584193
-0.5109075903892517 | [-0.1] | -0.0010223331195924894
-0.5275549292564392 | [-0.12] | -0.0014188472557187526
-0.5443512797355652 | [-0.14] | -0.0018695431473562951
-0.5611971616744995 | [-0.15] | -0.002366971973042333
-0.5779924392700195 | [-0.17] | -0.002902476416869488
-0.5946371555328369 | [-0.19] | -0.0034664110523208455
-0.6110323667526245 | [-0.2] | -0.004048386176670271
-0.6270811557769775 | [-0.22] | -0.0046375334576698405
-0.6426892280578613 | [-0.23] | -0.0052227618031125194
-0.657765805721283 | [-0.24] | -0.00579302163259247
-0.6722241044044495 | [-0.25] | -0.006337543061864824
-0.6859819293022156 | [-0.26] | -0.006846063246026071
-0.6989619135856628 | [-0.27] | -0.0073090163063460264
-0.7110920548439026 | [-0.28] | -0.007717719138953783
-0.7223057150840759 | [-0.28] | -0.008064505421205416
-0.7325417399406433 | [-0.29] | -0.008342845363096898
-0.7417445778846741 | [-0.29] | -0.008547445173936621
-0.7498641610145569 | [-0.29] | -0.008674314293402327
-0.7568559050559998 | [-0.3] | -0.008720823988826858
-0.7626804709434509 | [-0.29] | -0.008685734449651912
-0.7673038840293884 | [-0.29] | -0.008569231192479543
-0.7706971168518066 | [-0.29] | -0.008372914502129989
-0.7728362679481506 | [-0.28] | -0.008099810367043263
-0.7737024426460266 | [-0.28] | -0.00775434813491585
-0.7732816338539124 | [-0.27] | -0.0073423211972902976
-0.7715649008750916 | [-0.26] | -0.006870845040311837
-0.7685484886169434 | [-0.25] | -0.006348288328008002
-0.7642338275909424 | [-0.24] | -0.005784172004523053
-0.7586278319358826 | [-0.23] | -0.005189055935271681
-0.7517433166503906 | [-0.21] | -0.004574397354002547
-0.743598997592926 | [-0.2] | -0.003952357343566361
-0.7342200875282288 | [-0.18] | -0.003335599464203006
-0.7236385345458984 | [-0.17] | -0.0027370393026040943
-0.7118932604789734 | [-0.15] | -0.0021695645286339492
-0.6990306377410889 | [-0.13] | -0.0016457390477293999
-0.6851046085357666 | [-0.11] | -0.001177476878796292
-0.6701769232749939 | [-0.09] | -0.0007757143834956513
-0.6543170809745789 | [-0.07] | -0.00045008079303938004
-0.6376024484634399 | [-0.05] | -0.00020859241330249006
-0.6201178431510925 | [-0.02] | -5.737268498489656e-05
-0.6019553542137146 | [-0.] | -4.250631780236547e-07
-0.5832136869430542 | [0.02] | -3.946370096084501e-05
-0.5639975070953369 | [0.04] | -0.00017381873649477487
-0.5444165468215942 | [0.06] | -0.0004004213821511296
-0.5245845913887024 | [0.08] | -0.000713873593450988
-0.5046185255050659 | [0.11] | -0.0011065951545589253
-0.48463693261146545 | [0.13] | -0.0015690510230888248
-0.4647590219974518 | [0.14] | -0.002090036008886026
-0.445103257894516 | [0.16] | -0.002657013299419836
-0.4257862865924835 | [0.18] | -0.00325647747863426
-0.40692171454429626 | [0.2] | -0.003874337161239142
-0.38861921429634094 | [0.21] | -0.004496286397713119
-0.3709835708141327 | [0.23] | -0.00510816543674081
-0.35411393642425537 | [0.24] | -0.005696290205595658
-0.33810338377952576 | [0.25] | -0.006247735554607119
-0.32303839921951294 | [0.26] | -0.0067505907694107
-0.3089987635612488 | [0.27] | -0.007194155671464842
-0.29605740308761597 | [0.28] | -0.00756910778830089
-0.2842804193496704 | [0.28] | -0.007867627214101175
-0.27372732758522034 | [0.28] | -0.008083484145077728
-0.26445114612579346 | [0.29] | -0.008212111025712067
-0.2564987540245056 | [0.29] | -0.008250642728507179
-0.24991117417812347 | [0.29] | -0.00819794475629676
-0.24472378194332123 | [0.28] | -0.008054632795748135
-0.24096664786338806 | [0.28] | -0.007823073660035424
-0.23866470158100128 | [0.27] | -0.007507382929345961
-0.23783785104751587 | [0.27] | -0.007113411280242831
-0.23850111663341522 | [0.26] | -0.006648711812018167
-0.2406645119190216 | [0.25] | -0.006122499150304189
-0.24433296918869019 | [0.24] | -0.005545577882313562
-0.2495061159133911 | [0.22] | -0.004930245172517003
-0.25617796182632446 | [0.21] | -0.004290157434510374
-0.2643364369869232 | [0.19] | -0.003640157977099892
-0.27396297454833984 | [0.17] | -0.0029960507480998573
-0.2850319743156433 | [0.15] | -0.002374326782772416
-0.29751020669937134 | [0.13] | -0.001791836432161451
-0.3113562762737274 | [0.11] | -0.0012654094119637588
-0.32652002573013306 | [0.09] | -0.0008114300777386677
-0.34294211864471436 | [0.07] | -0.00044537458589036553
-0.36055365204811096 | [0.04] | -0.0001813298477199751
-0.37927597761154175 | [0.02] | -3.1510550263472505e-05
-0.39902061223983765 | [-0.01] | -5.800377189807415e-06
-0.4196893870830536 | [-0.03] | -0.00011134020321706693
-0.4411749839782715 | [-0.06] | -0.0003521916401360432
-0.4633615016937256 | [-0.09] | -0.000729099064368484
-0.4861254096031189 | [-0.11] | -0.001239368619786552
-0.5093367695808411 | [-0.14] | -0.0018768797159132039
-0.5328605771064758 | [-0.16] | -0.0026322283730913446
-0.5565582513809204 | [-0.19] | -0.003492996653811978
-0.5802894830703735 | [-0.21] | -0.004444142942403434
-0.6039138436317444 | [-0.23] | -0.0054684738982722775
-0.6272923946380615 | [-0.26] | -0.006547173194278586
-0.6502895355224609 | [-0.28] | -0.007660375912848655
-0.6727743744850159 | [-0.3] | -0.008787725982831151
-0.6946220397949219 | [-0.31] | -0.009908906614112313
-0.7157147526741028 | [-0.33] | -0.011004120464114482
-0.7359426021575928 | [-0.35] | -0.012054499106818219
-0.7552042603492737 | [-0.36] | -0.013042445241527624
-0.773406982421875 | [-0.37] | -0.013951871886454859
-0.7904669642448425 | [-0.38] | -0.014768406414085864
-0.806308925151825 | [-0.39] | -0.015479488612747977
-0.8208659291267395 | [-0.4] | -0.016074452324635845
-0.834078848361969 | [-0.41] | -0.01654454428610087
-0.8458957076072693 | [-0.41] | -0.016882919109539766
-0.8562710881233215 | [-0.41] | -0.01708462750606434
-0.8651654720306396 | [-0.41] | -0.017146595746748833
-0.8725445866584778 | [-0.41] | -0.017067607851416384
-0.8783787488937378 | [-0.41] | -0.016848293080861783
-0.8826424479484558 | [-0.41] | -0.01649113833645543
-0.8853138089179993 | [-0.4] | -0.016000494118869446
-0.8863742351531982 | [-0.39] | -0.01538259778579734
-0.8858083486557007 | [-0.38] | -0.014645615745676613
-0.8836038112640381 | [-0.37] | -0.013799664672298331
-0.8797516226768494 | [-0.36] | -0.012856849673536362
-0.8742461204528809 | [-0.34] | -0.011831249400287265
-0.8670855760574341 | [-0.33] | -0.010738904260141876
-0.8582727909088135 | [-0.31] | -0.009597747681017685
-0.8478155732154846 | [-0.29] | -0.008427464613359886
-0.835727870464325 | [-0.27] | -0.007249313938369532
-0.8220304846763611 | [-0.25] | -0.006085834271652285
-0.8067521452903748 | [-0.22] | -0.004960478622469679
-0.7899305820465088 | [-0.2] | -0.003897149959743915
-0.7716134786605835 | [-0.17] | -0.0029196397298265637
-0.7518595457077026 | [-0.14] | -0.002050991246137086
-0.730739176273346 | [-0.11] | -0.0013127893844308916
-0.7083351612091064 | [-0.09] | -0.0007244246570543016
-0.6847431659698486 | [-0.05] | -0.00030235811612407484
-0.6600715517997742 | [-0.02] | -5.942784752086756e-05
-0.6344413161277771 | [0.01] | -4.257349323780538e-06
-0.607985258102417 | [0.04] | -0.00014079893353697998
-0.5808467268943787 | [0.07] | -0.0004680634667361795
-0.5531783103942871 | [0.1] | -0.0009800581859205632
-0.5251398682594299 | [0.13] | -0.0016659481722562722
-0.49689623713493347 | [0.16] | -0.0025104390888697706
-0.46861499547958374 | [0.19] | -0.003494347978183626
-0.4404638707637787 | [0.21] | -0.004595331946139219
-0.41260826587677 | [0.24] | -0.005788716664149908
-0.3852089047431946 | [0.27] | -0.00704836559261901
-0.3584196865558624 | [0.29] | -0.008347538754549882
-0.3323858380317688 | [0.31] | -0.009659685078175004
-0.3072425127029419 | [0.33] | -0.010959129264275145
-0.2831137478351593 | [0.35] | -0.012221633586003247
-0.2601117789745331 | [0.37] | -0.013424828618579061
-0.23833690583705902 | [0.38] | -0.01454849750534374
-0.2178776115179062 | [0.39] | -0.015574746852271046
-0.19881103932857513 | [0.41] | -0.01648807504996095
-0.18120375275611877 | [0.42] | -0.017275358738719725
-0.16511261463165283 | [0.42] | -0.017925791873518723
-0.15058591961860657 | [0.43] | -0.018430785139444718
-0.13766446709632874 | [0.43] | -0.018783863932815337
-0.1263827085494995 | [0.44] | -0.018980568519592303
-0.11676990240812302 | [0.44] | -0.019018366452540885
-0.1088511124253273 | [0.43] | -0.018896602646981068
-0.10264815390110016 | [0.43] | -0.018616473683505774
-0.098180390894413 | [0.43] | -0.018181040267920983
-0.09546537697315216 | [0.42] | -0.017595273046073712
-0.09451933205127716 | [0.41] | -0.01686612741110455
-0.09535742551088333 | [0.4] | -0.016002644126570438
-0.0979938730597496 | [0.39] | -0.015016065264321036
-0.10244180262088776 | [0.37] | -0.013919956537956546
-0.10871295630931854 | [0.36] | -0.012730317039982087
-0.11681713163852692 | [0.34] | -0.01146566636524048
-0.12676143646240234 | [0.32] | -0.010147084177449701
-0.1385493278503418 | [0.3] | -0.008798181976867258
-0.15217941999435425 | [0.27] | -0.007444987420672566
-0.1676441878080368 | [0.25] | -0.0061157066558974035
-0.18492844700813293 | [0.22] | -0.004840358062601125
-0.20400772988796234 | [0.19] | -0.0036502484841460184
-0.22484664618968964 | [0.16] | -0.0025772877966624007
-0.24739722907543182 | [0.13] | -0.001653140824105949
-0.27159741520881653 | [0.1] | -0.0009082371918872845
-0.29736971855163574 | [0.06] | -0.00037066963156519317
-0.3246201276779175 | [0.03] | -6.503853029577464e-05
-0.3532375693321228 | [-0.01] | -1.1306954590667441e-05
-0.3830937445163727 | [-0.05] | -0.00022375510328988973
-0.41404375433921814 | [-0.08] | -0.0007101219977097709
-0.44592711329460144 | [-0.12] | -0.0014710178836968017
-0.4785696566104889 | [-0.16] | -0.00249967819505903
-0.5117860436439514 | [-0.19] | -0.0037821013480483557
-0.5453827381134033 | [-0.23] | -0.005297572361911396
-0.5791614055633545 | [-0.26] | -0.007019539626341165
-0.612922728061676 | [-0.3] | -0.008916787199397452
-0.6464700102806091 | [-0.33] | -0.010954778819943865
-0.679612934589386 | [-0.36] | -0.013097097358742121
-0.7121708989143372 | [-0.39] | -0.015306840877624996
-0.7439756393432617 | [-0.42] | -0.01754786783988284
-0.7748737335205078 | [-0.44] | -0.01978587375676691
-0.8047279715538025 | [-0.47] | -0.0219891731863395
-0.8334183096885681 | [-0.49] | -0.02412924231943739
-0.860842227935791 | [-0.51] | -0.02618101497488198
-0.8869143128395081 | [-0.53] | -0.028122942539234832
-0.911565363407135 | [-0.55] | -0.029936876566381665
-0.934741199016571 | [-0.56] | -0.031607833960603654
-0.9564012885093689 | [-0.58] | -0.03312369249554715
-0.976516842842102 | [-0.59] | -0.03447480633787633
-0.995069146156311 | [-0.6] | -0.03565364988476433
-1.0120476484298706 | [-0.61] | -0.03665445235304408
-1.0274481773376465 | [-0.61] | -0.037472872673193
-1.0412713289260864 | [-0.62] | -0.03810573480234591
-1.0535207986831665 | [-0.62] | -0.03855078441339662
-1.064202070236206 | [-0.62] | -0.03880653190795411
-1.073320984840393 | [-0.62] | -0.038872110092024875
-1.0808827877044678 | [-0.62] | -0.03874722569834878
-1.0868910551071167 | [-0.62] | -0.038432128017043765
-1.0913469791412354 | [-0.62] | -0.03792765031700501
-1.0942485332489014 | [-0.61] | -0.037235266588033375
-1.0955902338027954 | [-0.6] | -0.03635724933089285
-1.095362663269043 | [-0.59] | -0.035296824374823906
-1.0935523509979248 | [-0.58] | -0.03405839464022761
-1.0901415348052979 | [-0.57] | -0.03264777260979963
-1.0851085186004639 | [-0.56] | -0.031072501012620116
-1.078427791595459 | [-0.54] | -0.029342157306731394
-1.0700706243515015 | [-0.52] | -0.027468714715945405
-1.0600054264068604 | [-0.5] | -0.025466867896629802
-1.0481990575790405 | [-0.48] | -0.023354429007844107
-1.0346176624298096 | [-0.46] | -0.021152622205021034
-1.0192278623580933 | [-0.43] | -0.018886336691589598
-1.001998782157898 | [-0.41] | -0.01658433985697097
-0.9829034805297852 | [-0.38] | -0.014279282812854621
-0.9619213938713074 | [-0.35] | -0.012007596075230158
-0.9390404224395752 | [-0.31] | -0.009809117711501059
-0.914259672164917 | [-0.28] | -0.007726492999985854
-0.887592077255249 | [-0.24] | -0.005804263297267515
-0.8590670228004456 | [-0.2] | -0.004087644661873733
-0.828732967376709 | [-0.16] | -0.002621018564868794
-0.7966597080230713 | [-0.12] | -0.001446171322714346
-0.7629404067993164 | [-0.08] | -0.0006003783607413604
-0.7276925444602966 | [-0.03] | -0.00011444258052467662
-0.6910585761070251 | [0.01] | -1.0874583067145561e-05
-0.6532052159309387 | [0.05] | -0.0003023713798479558
-0.6143216490745544 | [0.1] | -0.0009907831673425364
-0.5746167302131653 | [0.14] | -0.0020667077748195207
-0.5343149900436401 | [0.19] | -0.0035097976634297493
-0.4936518967151642 | [0.23] | -0.00528977913550604
-0.45286810398101807 | [0.27] | -0.0073681192062172735
-0.4122036397457123 | [0.31] | -0.009700164602478648
-0.3718920052051544 | [0.35] | -0.012237542102696253
-0.3321545720100403 | [0.39] | -0.014930600447292844
-0.2931957244873047 | [0.42] | -0.017730666344366434
-0.2551989257335663 | [0.45] | -0.020591943529645308
-0.21832387149333954 | [0.48] | -0.02347295003653771
-0.18270474672317505 | [0.51] | -0.02633746700860325
-0.1484495997428894 | [0.54] | -0.029155002960979327
-0.11564067006111145 | [0.56] | -0.0319008577497206
-0.08433558791875839 | [0.59] | -0.034555864475343104
-0.05456915125250816 | [0.61] | -0.0371059141909982
-0.026355572044849396 | [0.63] | -0.03954134776252612
0.0003090461832471192 | [0.65] | -0.041856299619726395
0.025444112718105316 | [0.66] | -0.04404804043677626
0.049081988632678986 | [0.68] | -0.04611636439243319
0.0712655559182167 | [0.69] | -0.048063044123296345
0.09204594790935516 | [0.71] | -0.04989135459098711
0.11148056387901306 | [0.72] | -0.05160568095450219
0.12963125109672546 | [0.73] | -0.05321119215802161
0.14656279981136322 | [0.74] | -0.05471358789655373
0.1623416692018509 | [0.75] | -0.056118895645942
0.1770348995923996 | [0.76] | -0.05743331403305455
0.19070929288864136 | [0.77] | -0.05866310420365102
0.2034306824207306 | [0.77] | -0.05981449688764882
0.2152634710073471 | [0.78] | -0.06089364270716539
0.22627021372318268 | [0.79] | -0.061906570104362846
0.23651136457920074 | [0.79] | -0.06285916094828024
0.24604511260986328 | [0.8] | -0.06375714301363619
0.25492727756500244 | [0.8] | -0.06460608709005125
0.26321128010749817 | [0.81] | -0.06541141086669038
0.2709481716156006 | [0.81] | -0.06617839322083852
0.27818670868873596 | [0.82] | -0.06691219041809311
0.28497350215911865 | [0.82] | -0.06761786472364835
0.2913530468940735 | [0.83] | -0.0683003937142848
0.29736796021461487 | [0.83] | -0.06896470984896709
0.30305910110473633 | [0.83] | -0.06961572327657135
0.3084658086299896 | [0.84] | -0.07025836375138302
0.3136260211467743 | [0.84] | -0.0708976034672467
0.31857654452323914 | [0.85] | -0.0715385078800608
0.32335323095321655 | [0.85] | -0.07218627122891907
0.327991247177124 | [0.85] | -0.07284627149530552
0.33252519369125366 | [0.86] | -0.07352410364991731
0.33698949217796326 | [0.86] | -0.07422565935577645
0.3414185047149658 | [0.87] | -0.07495716950188673
0.34584686160087585 | [0.87] | -0.07572528353711838
0.35030966997146606 | [0.87] | -0.07653713843834146
0.3548428416252136 | [0.88] | -0.07740045308329087
0.35948339104652405 | [0.89] | -0.07832362646782676
0.3642697036266327 | [0.89] | -0.07931584350768932
0.3692419230937958 | [0.9] | -0.08038721004748184
0.37444227933883667 | [0.9] | -0.08154889617839553
0.3799155056476593 | [0.91] | -0.08281331040904222
0.3857091963291168 | [0.92] | -0.08419428506145604
0.3918743133544922 | [0.93] | -0.0857073124483172
0.39846569299697876 | [0.93] | -0.08736981356200581
0.4055425226688385 | [0.94] | -0.08920143467943115
0.4131690263748169 | [0.96] | -0.09122442896625785
0.4214150607585907 | [0.97] | -0.0934640710297988
0.43035680055618286 | [0.98] | -0.09594915291661787
0.44007760286331177 | [0.99] | 99.9012874110656
Total reward: 93.69650284482324
1.0, 5.5, 0.5
parameter ends

state | action | reward
[-0.42] | [0.08] | -0.0006952082560829353
-0.41728439927101135 | [0.08] | -0.000625143274809171
-0.4186132848262787 | [0.07] | -0.0005487537877753634
-0.42060548067092896 | [0.07] | -0.0004683685595951448
-0.42325523495674133 | [0.06] | -0.000386524772328678
-0.42655298113822937 | [0.06] | -0.00030591234398778333
-0.4304853677749634 | [0.05] | -0.00022931103170178714
-0.43503522872924805 | [0.04] | -0.00015952404847401834
-0.4401816427707672 | [0.03] | -9.93077923773782e-05
-0.4458999037742615 | [0.02] | -5.13009218442497e-05
-0.45216166973114014 | [0.01] | -1.7952432370328763e-05
-0.458935022354126 | [0.] | -1.4528135979921532e-06
-0.4661845862865448 | [-0.01] | -3.6689928782396008e-06
-0.47387170791625977 | [-0.02] | -2.6085338859507428e-05
-0.4819546341896057 | [-0.03] | -6.975287546252679e-05
-0.4903886914253235 | [-0.04] | -0.00013524795314246373
-0.4991265833377838 | [-0.05] | -0.00022264260737049635
-0.5081186294555664 | [-0.06] | -0.0003314870703339774
-0.5173131227493286 | [-0.07] | -0.0004608064801080083
-0.5266565680503845 | [-0.08] | -0.0006091096359655116
-0.5360941290855408 | [-0.09] | -0.0007744137521460241
-0.5455700159072876 | [-0.1] | -0.0009542820829962607
-0.5550277829170227 | [-0.11] | -0.0011458716355807416
-0.5644107460975647 | [-0.12] | -0.0013459934198280599
-0.5736624002456665 | [-0.12] | -0.001551182124760895
-0.582726776599884 | [-0.13] | -0.0017577716185426502
-0.5915489196777344 | [-0.14] | -0.0019619788499470672
-0.6000750660896301 | [-0.15] | -0.0021599832585455655
-0.6082531213760376 | [-0.15] | -0.002348014324395653
-0.6160328984260559 | [-0.16] | -0.002522432762841255
-0.6233665347099304 | [-0.16] | -0.002679813949576332
-0.6302085518836975 | [-0.17] | -0.0028170157199989554
-0.6365163326263428 | [-0.17] | -0.0029312546652527274
-0.642250120639801 | [-0.17] | -0.003020159455315693
-0.647373378276825 | [-0.18] | -0.0030818289646641637
-0.6518528461456299 | [-0.18] | -0.0031148711546967896
-0.6556587219238281 | [-0.18] | -0.0031184376407303437
-0.6587647199630737 | [-0.18] | -0.0030922440693094927
-0.6611483097076416 | [-0.17] | -0.0030365872264960666
-0.6627907156944275 | [-0.17] | -0.002952343147441887
-0.6636769771575928 | [-0.17] | -0.002840957190523123
-0.6637961268424988 | [-0.16] | -0.0027044275994678084
-0.6631411910057068 | [-0.16] | -0.002545272113709606
-0.6617093086242676 | [-0.15] | -0.002366488075101588
-0.6595017313957214 | [-0.15] | -0.0021714981763654648
-0.6565239429473877 | [-0.14] | -0.0019640901729411596
-0.65278559923172 | [-0.13] | -0.0017483416624085567
-0.6483007669448853 | [-0.12] | -0.0015285450777824418
-0.6430878043174744 | [-0.11] | -0.0013091148279391273
-0.637169361114502 | [-0.1] | -0.0010944928137050453
-0.6305724382400513 | [-0.09] | -0.0008890512363168616
-0.6233283877372742 | [-0.08] | -0.0006969919439653992
-0.615472674369812 | [-0.07] | -0.000522242433777765
-0.6070449948310852 | [-0.06] | -0.000368362385412074
-0.5980890393257141 | [-0.05] | -0.00023844968028709397
-0.5886523127555847 | [-0.04] | -0.00013505793713317947
-0.5787858963012695 | [-0.02] | -6.0125709449676894e-05
-0.5685442090034485 | [-0.01] | -1.4920786589029215e-05
-0.5579848289489746 | [9.19e-05] | -8.450254052050355e-10
-0.5471678376197815 | [0.01] | -1.5192001988440038e-05
-0.5361557602882385 | [0.02] | -5.9588531892105385e-05
-0.5250129103660583 | [0.04] | -0.0001315720111913229
-0.5138050317764282 | [0.05] | -0.00022885049518542625
-0.5025988221168518 | [0.06] | -0.0003485162445287425
-0.49146145582199097 | [0.07] | -0.00048712020636425583
-0.4804600775241852 | [0.08] | -0.0006407612595355221
-0.46966126561164856 | [0.09] | -0.0008051878731398236
-0.4591306149959564 | [0.1] | -0.0009759064746927629
-0.4489322900772095 | [0.11] | -0.0011482953354249427
-0.4391285479068756 | [0.11] | -0.0013177213428720823
-0.42977938055992126 | [0.12] | -0.0014796538836910136
-0.42094215750694275 | [0.13] | -0.0016297747290452307
-0.4126712381839752 | [0.13] | -0.0017640834357441585
-0.40501779317855835 | [0.14] | -0.0018789893155978657
-0.3980294466018677 | [0.14] | -0.0019713988272972898
-0.39175012707710266 | [0.14] | -0.002038786803780458
-0.38621991872787476 | [0.14] | -0.0020792557106948883
-0.3814748227596283 | [0.14] | -0.0020915855886692453
-0.3775467276573181 | [0.14] | -0.0020752649154964125
-0.3744632303714752 | [0.14] | -0.0020305124858869617
-0.3722475469112396 | [0.14] | -0.0019582834548167506
-0.37091848254203796 | [0.14] | -0.001860259311714827
-0.37049031257629395 | [0.13] | -0.0017388268761066026
-0.37097272276878357 | [0.13] | -0.0015970409167631082
-0.3723706603050232 | [0.12] | -0.0014385748144816514
-0.3746843934059143 | [0.11] | -0.0012676514215472637
-0.3779093325138092 | [0.1] | -0.0010889660143229252
-0.3820359408855438 | [0.1] | -0.000907592934577596
-0.38704973459243774 | [0.09] | -0.0007288775934009293
-0.392931193113327 | [0.07] | -0.0005583194948790683
-0.39965566992759705 | [0.06] | -0.0004014451572749451
-0.4071934223175049 | [0.05] | -0.0002636720956336222
-0.41550955176353455 | [0.04] | -0.0001501701431908167
-0.42456409335136414 | [0.03] | -6.572044768966357e-05
-0.43431204557418823 | [0.01] | -1.4578634991505046e-05
-0.4447035491466522 | [-0.] | -3.44800430924011e-07
-0.4556840658187866 | [-0.02] | -2.5846497885867808e-05
-0.467194527387619 | [-0.03] | -9.303769686963562e-05
-0.4791717529296875 | [-0.05] | -0.00020291907219639768
-0.4915487766265869 | [-0.06] | -0.00035548295792346
-0.5042552351951599 | [-0.07] | -0.0005496852655864469
-0.5172178745269775 | [-0.09] | -0.0007834468723898289
-0.5303611755371094 | [-0.1] | -0.001053687045146704
-0.5436077117919922 | [-0.12] | -0.0013563798696090371
-0.5568789839744568 | [-0.13] | -0.0016866462386905684
-0.5700958967208862 | [-0.14] | -0.002038863088419809
-0.5831793546676636 | [-0.16] | -0.00240679339652965
-0.596051037311554 | [-0.17] | -0.0027837380470833125
-0.6086338758468628 | [-0.18] | -0.003162689252721387
-0.6208525896072388 | [-0.19] | -0.0035364919214703238
-0.6326342821121216 | [-0.2] | -0.0038980079444639465
-0.6439089179039001 | [-0.21] | -0.004240274419758982
-0.6546095609664917 | [-0.21] | -0.0045566452577141875
-0.6646729111671448 | [-0.22] | -0.0048409368568232405
-0.6740395426750183 | [-0.23] | -0.005087549323230985
-0.682654082775116 | [-0.23] | -0.005291573167410926
-0.6904655694961548 | [-0.23] | -0.005448890793362062
-0.6974272727966309 | [-0.24] | -0.005556238070180661
-0.7034971714019775 | [-0.24] | -0.005611283582862889
-0.7086376547813416 | [-0.24] | -0.005612656696420738
-0.7128159403800964 | [-0.24] | -0.005559995482360853
-0.7160037755966187 | [-0.23] | -0.005453945974668403
-0.7181776762008667 | [-0.23] | -0.005296173171759772
-0.7193189263343811 | [-0.23] | -0.005089344857757299
-0.7194135785102844 | [-0.22] | -0.004837100424523828
-0.718452513217926 | [-0.21] | -0.004544005954897421
-0.7164316177368164 | [-0.21] | -0.004215497212613647
-0.7133517861366272 | [-0.2] | -0.0038577964633900036
-0.7092190384864807 | [-0.19] | -0.003477816074945689
-0.704044759273529 | [-0.18] | -0.0030830474250692404
-0.6978456377983093 | [-0.16] | -0.0026814196191335964
-0.6906439661979675 | [-0.15] | -0.002281154115483
-0.6824678182601929 | [-0.14] | -0.0018905972040814331
-0.673350989818573 | [-0.12] | -0.0015180329418270067
-0.6633332371711731 | [-0.11] | -0.0011714951243046168
-0.6524602770805359 | [-0.09] | -0.0008585673510353809
-0.6407837271690369 | [-0.08] | -0.0005861842731858359
-0.6283611059188843 | [-0.06] | -0.0003604413872038193
-0.6152557134628296 | [-0.04] | -0.00018641695098412414
-0.6015362739562988 | [-0.03] | -6.801355160557946e-05
-0.5872767567634583 | [-0.01] | -7.831073646812612e-06
-0.5725558400154114 | [0.01] | -7.071709211717639e-06
-0.5574564337730408 | [0.03] | -6.548663665259631e-05
-0.5420651435852051 | [0.04] | -0.00018136520090733662
-0.5264715552330017 | [0.06] | -0.00035156922117929394
-0.5107674598693848 | [0.08] | -0.0005716121150545873
-0.4950461685657501 | [0.09] | -0.0008357781481674848
-0.4794016480445862 | [0.11] | -0.001137279056269897
-0.46392765641212463 | [0.12] | -0.0014684420917262337
-0.44871705770492554 | [0.13] | -0.0018209157689350255
-0.4338609278202057 | [0.15] | -0.0021858957384043418
-0.41944795846939087 | [0.16] | -0.0025543497445795777
-0.40556374192237854 | [0.17] | -0.002917244655885637
-0.3922902047634125 | [0.18] | -0.003265763630975937
-0.37970513105392456 | [0.19] | -0.003591507416792128
-0.36788180470466614 | [0.2] | -0.003886676688006758
-0.3568885922431946 | [0.2] | -0.004144237325646034
-0.3467888832092285 | [0.21] | -0.004358053571995502
-0.33764079213142395 | [0.21] | -0.004523009987702095
-0.32949715852737427 | [0.22] | -0.004635101428751307
-0.32240545749664307 | [0.22] | -0.0046915086017925295
-0.31640782952308655 | [0.22] | -0.004690649047112833
-0.3115411400794983 | [0.22] | -0.004632210437000759
-0.3078369200229645 | [0.21] | -0.0045171707893788
-0.30532142519950867 | [0.21] | -0.004347797068376825
-0.30401572585105896 | [0.2] | -0.0041276239720640035
-0.30393561720848083 | [0.2] | -0.003861421860079105
-0.30509153008461 | [0.19] | -0.0035551436984378433
-0.3074885606765747 | [0.18] | -0.0032158450394646505
-0.3111262321472168 | [0.17] | -0.002851590407046635
-0.3159984052181244 | [0.16] | -0.0024713278005146946
-0.32209306955337524 | [0.14] | -0.0020847402787893573
-0.32939207553863525 | [0.13] | -0.0017020714576029404
-0.33787089586257935 | [0.12] | -0.0013339216472002668
-0.34749847650527954 | [0.1] | -0.0009910164565667156
-0.3582369089126587 | [0.08] | -0.0006839579238480423
-0.37004125118255615 | [0.07] | -0.0004229535837710921
-0.38285940885543823 | [0.05] | -0.00021753537853026286
-0.3966320753097534 | [0.03] | -7.627685237062128e-05
-0.41129270195961 | [0.01] | -6.518691207210107e-06
-0.4267676770687103 | [-0.01] | -1.4113450247317028e-05
-0.44297653436660767 | [-0.03] | -0.00010320296811101868
-0.4598323702812195 | [-0.05] | -0.0002760391371981266
-0.4772423505783081 | [-0.07] | -0.0005328592883658835
-0.49510836601257324 | [-0.09] | -0.0008718237408849764
-0.5133278369903564 | [-0.11] | -0.0012890216952170742
-0.5317946672439575 | [-0.13] | -0.001778547443123503
-0.5504000782966614 | [-0.15] | -0.0023326391230214087
-0.5690338015556335 | [-0.17] | -0.0029418828090591216
-0.5875850915908813 | [-0.19] | -0.0035954646443488395
-0.6059438586235046 | [-0.21] | -0.004281462600507504
-0.624001681804657 | [-0.22] | -0.004987162392801788
-0.6416527628898621 | [-0.24] | -0.005699380331108408
-0.6587949395179749 | [-0.25] | -0.006404792805274829
-0.6753303408622742 | [-0.27] | -0.00709023849564881
-0.6911660432815552 | [-0.28] | -0.007743000682934574
-0.7062146663665771 | [-0.29] | -0.008351064730732414
-0.7203946113586426 | [-0.3] | -0.008903326911052114
-0.7336304187774658 | [-0.31] | -0.009389782401531146
-0.7458528280258179 | [-0.31] | -0.00980166824914109
-0.7569987773895264 | [-0.32] | -0.010131576267421097
-0.7670112252235413 | [-0.32] | -0.010373533882051231
-0.7758392095565796 | [-0.32] | -0.01052307921572846
-0.7834373712539673 | [-0.33] | -0.010577287598254255
-0.7897660732269287 | [-0.32] | -0.010534821208210534
-0.7947908639907837 | [-0.32] | -0.010395925660837869
-0.7984824180603027 | [-0.32] | -0.010162446400375419
-0.8008163571357727 | [-0.31] | -0.009837824876735674
-0.801773190498352 | [-0.31] | -0.009427089809782817
-0.8013381361961365 | [-0.3] | -0.008936824841403108
-0.7995012402534485 | [-0.29] | -0.008375135441123175
-0.796257495880127 | [-0.28] | -0.007751591346470541
-0.7916069626808167 | [-0.27] | -0.0070771403967555425
-0.7855550646781921 | [-0.25] | -0.006363998858422414
-0.7781130075454712 | [-0.24] | -0.005625508639418148
-0.7692979574203491 | [-0.22] | -0.004875940782368563
-0.7591338157653809 | [-0.2] | -0.004130282303299346
-0.7476513385772705 | [-0.18] | -0.003403946507996182
-0.7348889708518982 | [-0.16] | -0.0027124713226100382
-0.7208929657936096 | [-0.14] | -0.002071149020531737
-0.7057179808616638 | [-0.12] | -0.0014946461690466997
-0.6894274353981018 | [-0.1] | -0.0009965944797832337
-0.6720936298370361 | [-0.08] | -0.0005891733385467537
-0.6537976861000061 | [-0.05] | -0.0002827062588682956
-0.6346296668052673 | [-0.03] | -8.529659716702589e-05
-0.6146880388259888 | [-0.01] | -2.5091034567431038e-06
-0.5940792560577393 | [0.02] | -3.713021779294329e-05
-0.5729168653488159 | [0.04] | -0.0001890186340553151
-0.5513207316398621 | [0.07] | -0.00045505877998169993
-0.5294157266616821 | [0.09] | -0.0008292249684286817
-0.5073304772377014 | [0.11] | -0.0013027538041674247
-0.4851960241794586 | [0.14] | -0.0018644135341312766
-0.46314412355422974 | [0.16] | -0.0025008670497129433
-0.441305935382843 | [0.18] | -0.003197088770171537
-0.4198105037212372 | [0.2] | -0.003936827864953709
-0.3987833261489868 | [0.22] | -0.004703089612825496
-0.378345251083374 | [0.23] | -0.005478602223707594
-0.3586113452911377 | [0.25] | -0.006246260461206022
-0.33969002962112427 | [0.26] | -0.006989528568315841
-0.32168254256248474 | [0.28] | -0.007692779037671517
-0.3046824634075165 | [0.29] | -0.00834158031654554
-0.2887755334377289 | [0.3] | -0.008922923076572888
-0.2740395963191986 | [0.31] | -0.00942539287032651
-0.2605448365211487 | [0.31] | -0.009839287346922701
-0.2483539581298828 | [0.32] | -0.01015670431568297
-0.2375226616859436 | [0.32] | -0.01037158834206035
-0.2281000018119812 | [0.32] | -0.010479764771230558
-0.22012890875339508 | [0.32] | -0.0104789535622097
-0.21364663541316986 | [0.32] | -0.010368779054524595
-0.20868518948554993 | [0.32] | -0.010150773535311608
-0.20527169108390808 | [0.31] | -0.00982838256501889
-0.2034287005662918 | [0.31] | -0.009406963438673331
-0.20317436754703522 | [0.3] | -0.00889378524449039
-0.2045224905014038 | [0.29] | -0.008298018483324327
-0.20748251676559448 | [0.28] | -0.007630705601729945
-0.21205931901931763 | [0.26] | -0.006904714413167219
-0.21825291216373444 | [0.25] | -0.006134654961024221
-0.2260579615831375 | [0.23] | -0.005336758664414989
-0.23546329140663147 | [0.21] | -0.004528698936129823
-0.24645118415355682 | [0.19] | -0.0037293559933488985
-0.2589966654777527 | [0.17] | -0.002958509818252799
-0.2730666995048523 | [0.15] | -0.0022364622884851817
-0.28861942887306213 | [0.13] | -0.0015835837416633522
-0.30560338497161865 | [0.1] | -0.0010197957792277335
-0.3239567279815674 | [0.08] | -0.0005639986641749487
-0.3436068296432495 | [0.05] | -0.00023345974936743767
-0.3644697368144989 | [0.02] | -4.319873126040495e-05
-0.3864501118659973 | [-0.01] | -5.390752857992176e-06
-0.40944135189056396 | [-0.04] | -0.000128831391472245
-0.43332594633102417 | [-0.06] | -0.0004184962673930184
-0.45797640085220337 | [-0.09] | -0.0008752322755510369
-0.48325616121292114 | [-0.12] | -0.0014956043706815696
-0.5090212225914001 | [-0.15] | -0.0022719221785934282
-0.5351216793060303 | [-0.18] | -0.0031924422683557788
-0.5614036917686462 | [-0.21] | -0.0042417426593027744
-0.587711751461029 | [-0.23] | -0.005401254305755016
-0.613890528678894 | [-0.26] | -0.006649886148299399
-0.6397871375083923 | [-0.28] | -0.007964736061605119
-0.665253221988678 | [-0.31] | -0.009321829790186392
-0.6901465654373169 | [-0.33] | -0.010696822717761654
-0.7143326997756958 | [-0.35] | -0.012065658086667777
-0.7376861572265625 | [-0.37] | -0.013405139375222986
-0.7600913047790527 | [-0.38] | -0.014693395966947867
-0.7814428210258484 | [-0.4] | -0.015910229756604014
-0.8016459941864014 | [-0.41] | -0.017037373048109313
-0.8206165432929993 | [-0.42] | -0.01805863025744735
-0.838280200958252 | [-0.44] | -0.018959941919044022
-0.8545721173286438 | [-0.44] | -0.01972938641093674
-0.8694362640380859 | [-0.45] | -0.02035715268912089
-0.8828243017196655 | [-0.46] | -0.020835450134354786
-0.8946949243545532 | [-0.46] | -0.02115845728325977
-0.9050126075744629 | [-0.46] | -0.021322218737863052
-0.9137469530105591 | [-0.46] | -0.021324611717752795
-0.9208716750144958 | [-0.46] | -0.021165294105813567
-0.9263638854026794 | [-0.46] | -0.020845696720832786
-0.930203378200531 | [-0.45] | -0.020369033263465668
-0.9323722720146179 | [-0.44] | -0.01974035627199319
-0.9328544735908508 | [-0.44] | -0.01896660601539607
-0.9316356182098389 | [-0.42] | -0.018056705012888554
-0.9287028908729553 | [-0.41] | -0.017021635512246974
-0.9240453243255615 | [-0.4] | -0.015874541520086608
-0.9176540970802307 | [-0.38] | -0.014630800253295821
-0.909523069858551 | [-0.36] | -0.013308068988520822
-0.899649441242218 | [-0.35] | -0.01192628019135767
-0.8880347609519958 | [-0.32] | -0.01050758647934333
-0.8746859431266785 | [-0.3] | -0.009076207038316051
-0.8596163988113403 | [-0.28] | -0.0076581725094518275
-0.842847466468811 | [-0.25] | -0.006280962352428313
-0.8244097232818604 | [-0.22] | -0.004973000738004398
-0.8043444156646729 | [-0.19] | -0.003763026306657002
-0.782704770565033 | [-0.16] | -0.0026793302882859985
-0.7595571875572205 | [-0.13] | -0.0017488897054198358
-0.734982430934906 | [-0.1] | -0.0009964296073263392
-0.7090761661529541 | [-0.07] | -0.0004434466736280618
-0.6819493770599365 | [-0.03] | -0.00010727053256715282
-0.6537283062934875 | [0.] | -2.2133296795658064e-07
-0.6245536208152771 | [0.04] | -0.00012893285218616235
-0.5945793986320496 | [0.07] | -0.0004939094295745989
-0.5639714598655701 | [0.1] | -0.0010893578217079872
-0.532904863357544 | [0.14] | -0.001903331312726889
-0.5015615820884705 | [0.17] | -0.002918171610811421
-0.4701271951198578 | [0.2] | -0.004111238494041382
-0.4387879967689514 | [0.23] | -0.0054558502065644755
-0.4077276587486267 | [0.26] | -0.006922379329490309
-0.3771243095397949 | [0.29] | -0.00847940043781283
-0.34714770317077637 | [0.32] | -0.010094826067247636
-0.31795695424079895 | [0.34] | -0.011736936335549245
-0.28969866037368774 | [0.37] | -0.013375259398385315
-0.26250556111335754 | [0.39] | -0.014981270657914662
-0.23649589717388153 | [0.41] | -0.016528879285108752
-0.21177314221858978 | [0.42] | -0.01799473627012034
-0.18842628598213196 | [0.44] | -0.019358365286527287
-0.1665305495262146 | [0.45] | -0.02060215518070882
-0.1461484134197235 | [0.47] | -0.021711247236444776
-0.12733088433742523 | [0.48] | -0.02267335980282129
-0.11011891812086105 | [0.48] | -0.023478569449130585
-0.09454494714736938 | [0.49] | -0.024119088661798203
-0.08063442260026932 | [0.5] | -0.024589050088127222
-0.06840729713439941 | [0.5] | -0.02488432443606954
-0.05787944793701172 | [0.5] | -0.025002373345641916
-0.049063969403505325 | [0.5] | -0.02494215026999399
-0.0419723242521286 | [0.5] | -0.02470405296505125
-0.036615338176488876 | [0.49] | -0.024289922755076167
-0.03300401568412781 | [0.49] | -0.023703097338131158
-0.03115016035735607 | [0.48] | -0.022948511589516538
-0.031066827476024628 | [0.47] | -0.022032838610449555
-0.032768554985523224 | [0.46] | -0.020964670804377365
-0.03627140447497368 | [0.44] | -0.019754728224944642
-0.04159277677536011 | [0.43] | -0.01841608677449963
-0.04875100031495094 | [0.41] | -0.016964411713620304
-0.05776471644639969 | [0.39] | -0.015418175374241616
-0.06865199655294418 | [0.37] | -0.013798843982110379
-0.08142924308776855 | [0.35] | -0.012131004176925834
-0.09610981494188309 | [0.32] | -0.010442399612861373
-0.11270247399806976 | [0.3] | -0.008763845107379806
-0.13120953738689423 | [0.27] | -0.007128987280627011
-0.1516249030828476 | [0.24] | -0.005573876460395
-0.17393192648887634 | [0.2] | -0.004136320689231615
-0.1981011927127838 | [0.17] | -0.002855013544890272
-0.22408835589885712 | [0.13] | -0.001768428335423539
-0.2518320679664612 | [0.1] | -0.0009135053666879515
-0.2812522351741791 | [0.06] | -0.00032417950067658576
-0.31224867701530457 | [0.02] | -2.9828621719006026e-05
-0.3447002172470093 | [-0.02] | -5.374872135660014e-05
-0.37846478819847107 | [-0.06] | -0.0004117784974042374
-0.41338005661964417 | [-0.11] | -0.001111212265952941
-0.44926512241363525 | [-0.15] | -0.0021501208044018283
-0.48592302203178406 | [-0.19] | -0.003517178757388663
-0.5231441855430603 | [-0.23] | -0.005192046480513081
-0.5607105493545532 | [-0.27] | -0.007146297176173335
-0.5984001159667969 | [-0.31] | -0.009344814681582414
-0.6359919309616089 | [-0.34] | -0.011747547475819999
-0.6732708215713501 | [-0.38] | -0.014311439910850828
-0.7100319266319275 | [-0.41] | -0.016992381834081118
-0.7460849285125732 | [-0.44] | -0.019747031015200478
-0.7812569737434387 | [-0.47] | -0.02253432467268281
-0.8153954148292542 | [-0.5] | -0.025316684768200162
-0.8483691215515137 | [-0.53] | -0.028060801151662595
-0.8800691366195679 | [-0.55] | -0.030738055734870835
-0.9104084968566895 | [-0.58] | -0.03332462111651611
-0.9393212795257568 | [-0.6] | -0.03580128107629388
-0.9667613506317139 | [-0.62] | -0.038153093653931186
-0.9927003979682922 | [-0.64] | -0.040368896251468195
-1.0171258449554443 | [-0.65] | -0.042440766628388686
-1.0400387048721313 | [-0.67] | -0.044363478805708845
-1.0614511966705322 | [-0.68] | -0.04613395355115243
-1.0813847780227661 | [-0.69] | -0.0477507972098547
-1.0998680591583252 | [-0.7] | -0.049213867533227824
-1.1169347763061523 | [-0.71] | -0.050523886757996406
-1.1326221227645874 | [-0.72] | -0.051682130179564016
-1.1469695568084717 | [-0.73] | -0.05269021885281754
-1.1600168943405151 | [-0.73] | -0.05354982820925354
-1.1718037128448486 | [-0.74] | -0.054262601423084936
-1.1823681592941284 | [-0.74] | -0.05482999207914119
-1.1917461156845093 | [-0.74] | -0.05525316730393695
-1.1999704837799072 | [-0.75] | -0.055532936221481866
-1.2000000476837158 | [-0.7] | -0.049000006675720444
-1.198808193206787 | [-0.69] | -0.04792138924261382
-1.1964088678359985 | [-0.68] | -0.04667792136670658
-1.192780613899231 | [-0.67] | -0.04526940279967678
-1.1878962516784668 | [-0.66] | -0.043696402728321995
-1.18172287940979 | [-0.65] | -0.04196053230651325
-1.1742219924926758 | [-0.63] | -0.04006476662586367
-1.1653499603271484 | [-0.62] | -0.038013839098870614
-1.1550581455230713 | [-0.6] | -0.03581461834911936
-1.1432937383651733 | [-0.58] | -0.03347659031875084
-1.130000352859497 | [-0.56] | -0.031012312958453914
-1.1151190996170044 | [-0.53] | -0.02843791536542735
-1.0985894203186035 | [-0.51] | -0.025773532641932474
-1.0803509950637817 | [-0.48] | -0.02304378255989756
-1.060344934463501 | [-0.45] | -0.02027805565940015
-1.0385162830352783 | [-0.42] | -0.017510770947790327
-1.014816164970398 | [-0.38] | -0.01478137642054035
-0.9892045259475708 | [-0.35] | -0.012134116178836933
-0.9616531729698181 | [-0.31] | -0.009617479191415937
-0.9321488738059998 | [-0.27] | -0.007283257808216696
-0.9006968140602112 | [-0.23] | -0.005185203719419929
-0.8673238754272461 | [-0.18] | -0.0033772462738246994
-0.8320818543434143 | [-0.14] | -0.0019113277993794712
-0.7950499653816223 | [-0.09] | -0.0008349335622155355
-0.7563369274139404 | [-0.04] | -0.0001884895438008849
-0.7160819172859192 | [0.01] | -2.830941120776989e-06
-0.6744542121887207 | [0.05] | -0.00029700567802769565
-0.6316515803337097 | [0.1] | -0.0010766759611654467
-0.587897002696991 | [0.15] | -0.002333352600069347
-0.5434340238571167 | [0.2] | -0.0040446131801805466
-0.49852073192596436 | [0.25] | -0.006175346028177375
-0.45342257618904114 | [0.29] | -0.008679931774333528
-0.4084049463272095 | [0.34] | -0.01150512389152776
-0.3637253940105438 | [0.38] | -0.014593332492054994
-0.31962642073631287 | [0.42] | -0.017885959476760114
-0.2763291597366333 | [0.46] | -0.02132645745267772
-0.23402824997901917 | [0.5] | -0.02486286599261163
-0.19288814067840576 | [0.53] | -0.028449684914233078
-0.15304094552993774 | [0.57] | -0.032049032392554314
-0.11458567529916763 | [0.6] | -0.03563114944319931
-0.0775887593626976 | [0.63] | -0.03917436219454994
-0.04208558425307274 | [0.65] | -0.04266465668578384
-0.0080827372148633 | [0.68] | -0.04609499188454889
0.024439245462417603 | [0.7] | -0.049464516015161636
0.05552290752530098 | [0.73] | -0.05277776351821171
0.08523089438676834 | [0.75] | -0.056043915497873964
0.1136431023478508 | [0.77] | -0.05927617713270498
0.14085406064987183 | [0.79] | -0.06249129242049824
0.16697068512439728 | [0.81] | -0.0657092041877535
0.19211037456989288 | [0.83] | -0.06895286787706052
0.21639946103096008 | [0.85] | -0.07224820074441655
0.2399720996618271 | [0.87] | -0.07562418195574021
0.2629695236682892 | [0.89] | -0.07911308480143649
0.28553956747055054 | [0.91] | -0.08275084061139532
0.307836651802063 | [0.93] | -0.08657755284132722
0.3300218880176544 | [0.95] | -0.09063813725584705
0.35226359963417053 | [0.97] | -0.09498314222005799
0.37473800778388977 | [1.] | -0.09966973390648044
0.3976302444934845 | [1.02] | -0.10476289620833541
0.42110002040863037 | [1.05] | -0.11028861175599727
0.44531312584877014 | [1.08] | 99.88368696830334
Total reward: 94.65479842915697
1.0, 5.5, 0.5
parameter ends

state | action | reward
[-0.6] | [-0.1] | -0.0009393962713208026
-0.596522331237793 | [-0.09] | -0.0008896577922236431
-0.5957211256027222 | [-0.09] | -0.0008338330903725109
-0.5945201516151428 | [-0.09] | -0.0007729037243029869
-0.5929231643676758 | [-0.08] | -0.0007079500848911897
-0.5909361839294434 | [-0.08] | -0.0006401261047546723
-0.5885676145553589 | [-0.08] | -0.0005706376566672448
-0.5858281850814819 | [-0.07] | -0.0005007163560588665
-0.5827308893203735 | [-0.07] | -0.00043159276756579257
-0.5792909860610962 | [-0.06] | -0.0003644703503021072
-0.5755258798599243 | [-0.05] | -0.0003004981043961583
-0.5714551210403442 | [-0.05] | -0.00024074581594331703
-0.5671002268791199 | [-0.04] | -0.00018617891669194068
-0.5624847412109375 | [-0.04] | -0.00013763801872278573
-0.5576339364051819 | [-0.03] | -9.581781994395906e-05
-0.5525747537612915 | [-0.02] | -6.125196322019372e-05
-0.5473356246948242 | [-0.02] | -3.430063346477471e-05
-0.5419464111328125 | [-0.01] | -1.5143008026975156e-05
-0.5364381074905396 | [-0.01] | -3.772972670564056e-06
-0.5308427214622498 | [-6.82e-05] | -4.657982476347165e-10
-0.5251931548118591 | [0.01] | -3.4569034375098177e-06
-0.5195227861404419 | [0.01] | -1.3605327629822363e-05
-0.5138654708862305 | [0.02] | -2.975487574388976e-05
-0.5082553029060364 | [0.02] | -5.107887635087268e-05
-0.5027262568473816 | [0.03] | -7.663729992447637e-05
-0.49731212854385376 | [0.03] | -0.00010540107047405537
-0.4920462667942047 | [0.04] | -0.00013627933990608483
-0.486961305141449 | [0.04] | -0.00016814881990759043
-0.4820890724658966 | [0.04] | -0.00019988258565466736
-0.4774602949619293 | [0.05] | -0.0002303807684977774
-0.47310444712638855 | [0.05] | -0.0002585995856136214
-0.4690495729446411 | [0.05] | -0.0002835792900723563
-0.4653221368789673 | [0.06] | -0.0003044700523608343
-0.4619467854499817 | [0.06] | -0.00032055636533987494
-0.45894625782966614 | [0.06] | -0.00033127681624528054
-0.4563412666320801 | [0.06] | -0.00033624062592125804
-0.4541502892971039 | [0.06] | -0.00033524143290293037
-0.45238956809043884 | [0.06] | -0.0003282644216195691
-0.45107293128967285 | [0.06] | -0.0003154910610808401
-0.45021170377731323 | [0.05] | -0.0002972982904003928
-0.44981464743614197 | [0.05] | -0.00027425262239580373
-0.4498879015445709 | [0.05] | -0.00024709969954146135
-0.45043495297431946 | [0.05] | -0.00021674908599207817
-0.4514564871788025 | [0.04] | -0.00018425591793427062
-0.45295050740242004 | [0.04] | -0.0001507960008904723
-0.4549121558666229 | [0.03] | -0.00011764013999359746
-0.45733389258384705 | [0.03] | -8.612241512295344e-05
-0.4602053165435791 | [0.02] | -5.7608869955156925e-05
-0.4635133147239685 | [0.02] | -3.346199365990403e-05
-0.4672420918941498 | [0.01] | -1.5005349367261205e-05
-0.47137317061424255 | [0.01] | -3.4880368880363533e-06
-0.4758854806423187 | [-0.] | -4.943910258787491e-08
-0.480755478143692 | [-0.01] | -5.685744466256957e-06
-0.48595720529556274 | [-0.01] | -2.1219015225350384e-05
-0.49146249890327454 | [-0.02] | -4.726986591992201e-05
-0.4972410500049591 | [-0.03] | -8.423416130890621e-05
-0.503260612487793 | [-0.04] | -0.0001322649584983905
-0.5094871520996094 | [-0.04] | -0.00019125976545470948
-0.5158851146697998 | [-0.05] | -0.0002608548084927919
-0.5224175453186035 | [-0.06] | -0.00034042438741296453
-0.529046356678009 | [-0.07] | -0.00042908773060923455
-0.5357325673103333 | [-0.07] | -0.000525722305611738
-0.5424365401268005 | [-0.08] | -0.0006289830978304538
-0.5491182804107666 | [-0.09] | -0.0007373286682868925
-0.5557376146316528 | [-0.09] | -0.0008490505214263713
-0.5622544884681702 | [-0.1] | -0.000962308523153599
-0.568629264831543 | [-0.1] | -0.0010751704705845796
-0.5748228430747986 | [-0.11] | -0.0011856506698750052
-0.5807970762252808 | [-0.11] | -0.0012917562650413613
-0.586514949798584 | [-0.12] | -0.0013915297376140248
-0.5919406414031982 | [-0.12] | -0.0014830878987909045
-0.597040057182312 | [-0.13] | -0.001564671276717267
-0.6017807126045227 | [-0.13] | -0.001634675792009134
-0.6061321496963501 | [-0.13] | -0.0016916945509742702
-0.6100659966468811 | [-0.13] | -0.0017345475138648835
-0.6135561466217041 | [-0.13] | -0.0017623095792569752
-0.6165789365768433 | [-0.13] | -0.0017743343037703915
-0.6191131472587585 | [-0.13] | -0.0017702674565696526
-0.6211403608322144 | [-0.13] | -0.0017500647729126611
-0.62264484167099 | [-0.13] | -0.0017139908703557507
-0.623613715171814 | [-0.13] | -0.001662620419341814
-0.6240371465682983 | [-0.13] | -0.001596832951621182
-0.6239081621170044 | [-0.12] | -0.0015177923431981004
-0.6232229471206665 | [-0.12] | -0.0014269328912861201
-0.6219807863235474 | [-0.12] | -0.0013259302205657296
-0.6201841831207275 | [-0.11] | -0.0012166713381140373
-0.6178387403488159 | [-0.1] | -0.0011012141259717245
-0.6149532794952393 | [-0.1] | -0.0009817483563597316
-0.6115398406982422 | [-0.09] | -0.000860550063953712
-0.6076136231422424 | [-0.09] | -0.0007399320600373086
-0.603192925453186 | [-0.08] | -0.0006221932771722794
-0.5982992649078369 | [-0.07] | -0.0005095700504354743
-0.5929571390151978 | [-0.06] | -0.00040418188490338417
-0.5871939063072205 | [-0.06] | -0.00030798206154187814
-0.5810398459434509 | [-0.05] | -0.00022271321635688708
-0.57452791929245 | [-0.04] | -0.00014986326269526238
-0.5676935315132141 | [-0.03] | -9.062809908691496e-05
-0.5605745911598206 | [-0.02] | -4.588298608352378e-05
-0.5532110333442688 | [-0.01] | -1.615783564460924e-05
-0.5456447005271912 | [-0.] | -1.6240760750061736e-06
-0.5379192233085632 | [0.] | -2.0893841960875494e-06
-0.5300794839859009 | [0.01] | -1.7001459461776977e-05
-0.5221716165542603 | [0.02] | -4.546155641038698e-05
-0.5142424702644348 | [0.03] | -8.624733035372847e-05
-0.506339430809021 | [0.04] | -0.0001378438042728728
-0.49851009249687195 | [0.04] | -0.0001984820976900951
-0.4908019006252289 | [0.05] | -0.0002661852023034081
-0.48326191306114197 | [0.06] | -0.0003388180578290604
-0.4759363830089569 | [0.06] | -0.0004141435866584659
-0.4688705801963806 | [0.07] | -0.0004898786296238368
-0.46210840344429016 | [0.08] | -0.000563753574938271
-0.4556921720504761 | [0.08] | -0.00063356951646493
-0.44966232776641846 | [0.08] | -0.0006972548536301821
-0.4440572261810303 | [0.09] | -0.0007529180046226783
-0.43891286849975586 | [0.09] | -0.0007988967993905618
-0.43426278233528137 | [0.09] | -0.0008338003899806577
-0.4301377534866333 | [0.09] | -0.0008565479734274264
-0.4265657067298889 | [0.09] | -0.0008663981001826459
-0.42357155680656433 | [0.09] | -0.0008629712997114498
-0.42117705941200256 | [0.09] | -0.0008462650364672678
-0.41940072178840637 | [0.09] | -0.00081665947045181
-0.41825762391090393 | [0.09] | -0.0007749165627724424
-0.4177594780921936 | [0.08] | -0.0007221664810761888
-0.41791436076164246 | [0.08] | -0.0006598914659159434
-0.4187268316745758 | [0.08] | -0.000589894669087387
-0.4201977252960205 | [0.07] | -0.000514266704587952
-0.42232418060302734 | [0.07] | -0.0004353406219621268
-0.42509958148002625 | [0.06] | -0.00035564146824437493
-0.4285135865211487 | [0.05] | -0.0002778286501215216
-0.4325520098209381 | [0.05] | -0.00020463495670615742
-0.4371969699859619 | [0.04] | -0.00013879858797958072
-0.4424268305301666 | [0.03] | -8.299517220091692e-05
-0.4482162892818451 | [0.02] | -3.976733552215651e-05
-0.4545363783836365 | [0.01] | -1.1455609310351414e-05
-0.46135470271110535 | [0.] | -1.3100576906886784e-07
-0.4686354100704193 | [-0.01] | -7.533128051089071e-06
-0.47633951902389526 | [-0.02] | -3.501408780169429e-05
-0.4844249486923218 | [-0.03] | -8.34908080826905e-05
-0.49284684658050537 | [-0.04] | -0.0001534074205314807
-0.5015578269958496 | [-0.05] | -0.00024470915425073026
-0.5105081796646118 | [-0.06] | -0.00035682795872261783
-0.5196462869644165 | [-0.07] | -0.0004886827358061842
-0.5289188623428345 | [-0.08] | -0.0006386915589192766
-0.538271427154541 | [-0.09] | -0.0008047996384991272
-0.547648549079895 | [-0.1] | -0.0009845165378951505
-0.5569943189620972 | [-0.11] | -0.001174968660660586
-0.5662526488304138 | [-0.12] | -0.001372958324424943
-0.5753676891326904 | [-0.13] | -0.001575033768143042
-0.584284245967865 | [-0.13] | -0.0017775659756700314
-0.5929481983184814 | [-0.14] | -0.001976830606306984
-0.601306676864624 | [-0.15] | -0.0021690858016765765
-0.6093084812164307 | [-0.15] | -0.0023506567913083296
-0.6169044971466064 | [-0.16] | -0.002518020416054919
-0.6240478754043579 | [-0.16] | -0.0026678789433948794
-0.6306942105293274 | [-0.17] | -0.0027972293087390756
-0.6368019580841064 | [-0.17] | -0.0029034344273548736
-0.6423324942588806 | [-0.17] | -0.002984276253115471
-0.6472504138946533 | [-0.17] | -0.003038008606925411
-0.6515234708786011 | [-0.18] | -0.00306338949672961
-0.6551230549812317 | [-0.17] | -0.0030597231911169824
-0.6580239534378052 | [-0.17] | -0.003026867415659955
-0.6602047681808472 | [-0.17] | -0.00296525408739502
-0.6616477370262146 | [-0.17] | -0.0028758787471396016
-0.6623390913009644 | [-0.17] | -0.002760298444392887
-0.662268877029419 | [-0.16] | -0.002620600580495054
-0.6614311933517456 | [-0.16] | -0.002459375714637279
-0.6598241925239563 | [-0.15] | -0.002279671760837018
-0.6574501991271973 | [-0.14] | -0.002084941901585318
-0.6543156504631042 | [-0.14] | -0.0018789773696275592
-0.6504312753677368 | [-0.13] | -0.001665838496913121
-0.6458120942115784 | [-0.12] | -0.0014497721052474546
-0.6404772996902466 | [-0.11] | -0.0012351195466874098
-0.6344504952430725 | [-0.1] | -0.0010262286724002894
-0.6277594566345215 | [-0.09] | -0.000827351086716039
-0.6204363107681274 | [-0.08] | -0.0006425475266705317
-0.6125172972679138 | [-0.07] | -0.0004755862817820714
-0.6040427088737488 | [-0.06] | -0.00032985006885125106
-0.5950567722320557 | [-0.05] | -0.00020824860623598653
-0.5856074690818787 | [-0.03] | -0.00011314025187585573
-0.5757462382316589 | [-0.02] | -4.6265701718314754e-05
-0.5655277371406555 | [-0.01] | -8.697602612910225e-06
-0.5550096035003662 | [0.] | -8.066230674817072e-07
-0.5442519783973694 | [0.01] | -2.22455716337327e-05
-0.5333172082901001 | [0.03] | -7.19535860205071e-05
-0.5222693085670471 | [0.04] | -0.00014818027509443536
-0.5111736059188843 | [0.05] | -0.0002485284776658986
-0.500096321105957 | [0.06] | -0.00037001406248398185
-0.48910391330718994 | [0.07] | -0.0005091444005636703
-0.478262722492218 | [0.08] | -0.0006620074843086618
-0.46763846278190613 | [0.09] | -0.000824373229388547
-0.4572957456111908 | [0.1] | -0.0009918017705371196
-0.4472976326942444 | [0.11] | -0.0011597559941530031
-0.43770524859428406 | [0.12] | -0.001323714736039056
-0.42857739329338074 | [0.12] | -0.0014792839113740184
-0.41997015476226807 | [0.13] | -0.00162230426132121
-0.41193661093711853 | [0.13] | -0.0017489505855722038
-0.40452659130096436 | [0.14] | -0.0018558220624304235
-0.39778637886047363 | [0.14] | -0.0019400234767025537
-0.39175859093666077 | [0.14] | -0.001999231881627878
-0.3864819407463074 | [0.14] | -0.0020317546171384248
-0.38199108839035034 | [0.14] | -0.002036572465369766
-0.37831658124923706 | [0.14] | -0.0020133677033042164
-0.3754846751689911 | [0.14] | -0.0019625422722277207
-0.37351730465888977 | [0.14] | -0.0018852183458966975
-0.3724319338798523 | [0.13] | -0.0017832283678064665
-0.3722415566444397 | [0.13] | -0.0016590871361397937
-0.3729545474052429 | [0.12] | -0.0015159537401685187
-0.37457460165023804 | [0.12] | -0.0013575768230132223
-0.37710070610046387 | [0.11] | -0.001188225105466913
-0.38052698969841003 | [0.1] | -0.0010126070362404095
-0.38484272360801697 | [0.09] | -0.0008357737633421783
-0.39003220200538635 | [0.08] | -0.0006630126702771874
-0.39607471227645874 | [0.07] | -0.0004997285156763995
-0.4029444456100464 | [0.06] | -0.0003513165800607881
-0.410610556602478 | [0.05] | -0.00022302785710853792
-0.4190371036529541 | [0.03] | -0.00011983274864572937
-0.4281831383705139 | [0.02] | -4.62836703866488e-05
-0.4380027949810028 | [0.01] | -6.382578121857333e-06
-0.4484454095363617 | [-0.01] | -3.457156421871142e-06
-0.4594557285308838 | [-0.02] | -4.0049865578054364e-05
-0.4709741771221161 | [-0.03] | -0.00011782477517796328
-0.48293715715408325 | [-0.05] | -0.00023749576368496057
-0.49527743458747864 | [-0.06] | -0.0003987796384049572
-0.5079246163368225 | [-0.08] | -0.0006003772350041018
-0.5208055377006531 | [-0.09] | -0.0008399813716553208
-0.5338448882102966 | [-0.11] | -0.001114316332135709
-0.5469657182693481 | [-0.12] | -0.001419203057139858
-0.5600901246070862 | [-0.13] | -0.0017496527853246013
-0.5731398463249207 | [-0.14] | -0.0020999824551207824
-0.586036741733551 | [-0.16] | -0.002463943599309512
-0.5987035036087036 | [-0.17] | -0.0028348714720139315
-0.6110643148422241 | [-0.18] | -0.003205844056592188
-0.6230452060699463 | [-0.19] | -0.0035698346923494564
-0.6345746517181396 | [-0.2] | -0.003919872530588955
-0.6455840468406677 | [-0.21] | -0.004249197096597852
-0.6560080647468567 | [-0.21] | -0.004551400557722497
-0.6657849550247192 | [-0.22] | -0.00482055782019073
-0.6748567819595337 | [-0.22] | -0.005051343348586693
-0.6831698417663574 | [-0.23] | -0.005239142974610715
-0.6906746625900269 | [-0.23] | -0.0053801339062510695
-0.697326123714447 | [-0.23] | -0.005471356337893422
-0.7030836939811707 | [-0.23] | -0.005510776213638032
-0.7079113721847534 | [-0.23] | -0.005497320602631011
-0.7117778062820435 | [-0.23] | -0.005430906751467623
-0.7146562337875366 | [-0.23] | -0.005312448850020023
-0.716524600982666 | [-0.23] | -0.005143858654170944
-0.7173656821250916 | [-0.22] | -0.004928030980532756
-0.7171669602394104 | [-0.22] | -0.004668802333028375
-0.7159208655357361 | [-0.21] | -0.004370909463510056
-0.7136246562004089 | [-0.2] | -0.004039914818677228
-0.7102806568145752 | [-0.19] | -0.003682129870109257
-0.7058964371681213 | [-0.18] | -0.0033045163802917984
-0.7004848122596741 | [-0.17] | -0.00291456189995962
-0.6940640211105347 | [-0.16] | -0.002520145034008566
-0.6866578459739685 | [-0.15] | -0.002129380720502136
-0.6782958507537842 | [-0.13] | -0.0017504542538019396
-0.669013261795044 | [-0.12] | -0.0013914329785902372
-0.6588512659072876 | [-0.1] | -0.001060082101307458
-0.6478569507598877 | [-0.09] | -0.0007636674586636999
-0.63608318567276 | [-0.07] | -0.0005087611266278589
-0.6235886812210083 | [-0.05] | -0.00030106092928152567
-0.6104377508163452 | [-0.04] | -0.0001452200716993148
-0.5967000722885132 | [-0.02] | -4.470153675975621e-05
-0.5824502110481262 | [-0.] | -1.661369116078026e-06
-0.5677673816680908 | [0.01] | -1.6869441438916238e-05
-0.5527347922325134 | [0.03] | -8.966798822120926e-05
-0.5374389886856079 | [0.05] | -0.0002179749970481152
-0.5219693779945374 | [0.06] | -0.00039832914158765957
-0.5064173340797424 | [0.08] | -0.0006259790979356854
-0.4908754229545593 | [0.09] | -0.0008950117873821707
-0.47543662786483765 | [0.11] | -0.0011985143143946324
-0.46019360423088074 | [0.12] | -0.0015287616818079946
-0.44523778557777405 | [0.14] | -0.0018774277060816928
-0.4306587278842926 | [0.15] | -0.0022358031506435304
-0.41654345393180847 | [0.16] | -0.002595017775571885
-0.4029757082462311 | [0.17] | -0.002946263302516599
-0.39003556966781616 | [0.18] | -0.0032809972812077887
-0.377798855304718 | [0.19] | -0.003591141688021096
-0.366336852312088 | [0.2] | -0.003869253625349992
-0.3557159900665283 | [0.2] | -0.004108679871341208
-0.3459976315498352 | [0.21] | -0.004303688414776735
-0.33723798394203186 | [0.21] | -0.00444957488796253
-0.3294879198074341 | [0.21] | -0.004542753365650964
-0.3227930963039398 | [0.21] | -0.004580816792494817
-0.31719380617141724 | [0.21] | -0.004562590528030894
-0.31272512674331665 | [0.21] | -0.004488155228462411
-0.309416800737381 | [0.21] | -0.004358864783949876
-0.3072934150695801 | [0.2] | -0.004177333759991181
-0.3063742518424988 | [0.2] | -0.003947420562586939
-0.3066733479499817 | [0.19] | -0.0036741823784873524
-0.3081994354724884 | [0.18] | -0.0033638144528768893
-0.31095579266548157 | [0.17] | -0.003023570138291737
-0.3149401843547821 | [0.16] | -0.0026616531053288116
-0.32014456391334534 | [0.15] | -0.002287091922423454
-0.3265550136566162 | [0.14] | -0.001909579575986609
-0.33415141701698303 | [0.12] | -0.0015392942546640677
-0.3429073095321655 | [0.11] | -0.0011866884424826018
-0.35278958082199097 | [0.09] | -0.0008622581304311574
-0.3637583255767822 | [0.08] | -0.000576288069844633
-0.3757665753364563 | [0.06] | -0.00033858492774720974
-0.3887602984905243 | [0.04] | -0.0001581990945042581
-0.4026782810688019 | [0.02] | -4.315081302025542e-05
-0.41745224595069885 | [0.] | -1.6664124211787993e-07
-0.43300700187683105 | [-0.02] | -3.444041422158437e-05
-0.4492606818675995 | [-0.04] | -0.00014942858356881218
-0.4661252796649933 | [-0.06] | -0.00034669248543176
-0.4835071265697479 | [-0.08] | -0.0006257959226552566
-0.5013076066970825 | [-0.1] | -0.000984265895956455
-0.5194239616394043 | [-0.12] | -0.001417619849807498
-0.5377501845359802 | [-0.14] | -0.0019194590574154874
-0.5561781525611877 | [-0.16] | -0.00248163107722056
-0.5745984315872192 | [-0.18] | -0.0030944359470028507
-0.5929015874862671 | [-0.19] | -0.003746894437381829
-0.6109790802001953 | [-0.21] | -0.004427035162523524
-0.6287242770195007 | [-0.23] | -0.00512220784782479
-0.646033525466919 | [-0.24] | -0.005819406644746492
-0.6628068685531616 | [-0.26] | -0.006505578620930447
-0.6789488196372986 | [-0.27] | -0.0071679189062039215
-0.6943690180778503 | [-0.28] | -0.007794144201858111
-0.7089824676513672 | [-0.29] | -0.008372717326100178
-0.722710132598877 | [-0.3] | -0.008893064617010291
-0.7354790568351746 | [-0.31] | -0.00934574074397005
-0.7472223043441772 | [-0.31] | -0.009722553787214509
-0.7578790783882141 | [-0.32] | -0.010016678822530194
-0.7673946022987366 | [-0.32] | -0.010222734770771388
-0.7757200002670288 | [-0.32] | -0.010336843736206788
-0.7828119397163391 | [-0.32] | -0.0103566599997548
-0.7886326313018799 | [-0.32] | -0.01028140788071896
-0.7931494116783142 | [-0.32] | -0.010111881975462629
-0.7963348031044006 | [-0.31] | -0.009850465970955556
-0.7981661558151245 | [-0.31] | -0.009501112228501876
-0.7986257076263428 | [-0.3] | -0.009069333992441473
-0.7977005243301392 | [-0.29] | -0.00856217213924537
-0.7953824400901794 | [-0.28] | -0.007988141620692023
-0.7916684150695801 | [-0.27] | -0.007357177085312471
-0.7865605354309082 | [-0.26] | -0.006680526698637073
-0.7800664305686951 | [-0.24] | -0.005970635235336128
-0.7721995711326599 | [-0.23] | -0.005240980806702246
-0.7629796862602234 | [-0.21] | -0.004505875158823905
-0.7524332404136658 | [-0.19] | -0.0037802218626032374
-0.7405938506126404 | [-0.18] | -0.0030792287825082225
-0.7275027632713318 | [-0.16] | -0.002418081722762046
-0.7132092714309692 | [-0.13] | -0.0018115816707198345
-0.6977710127830505 | [-0.11] | -0.001273754866709746
-0.6812544465065002 | [-0.09] | -0.0008174540960942389
-0.6637346744537354 | [-0.07] | -0.00045394949888420076
-0.6452956199645996 | [-0.04] | -0.0001925520094406643
-0.6260297894477844 | [-0.02] | -4.027134504278607e-05
-0.6060378551483154 | [0.] | -1.5348786728598164e-06
-0.5854280591011047 | [0.03] | -7.798570974348364e-05
-0.5643153190612793 | [0.05] | -0.0002683748164029409
-0.5428202152252197 | [0.08] | -0.0005685579859271019
-0.5210679173469543 | [0.1] | -0.0009715965659526718
-0.49918675422668457 | [0.12] | -0.0014679639216481689
-0.4773067831993103 | [0.14] | -0.0020458440870763997
-0.4555583596229553 | [0.16] | -0.002691504106574375
-0.4340706169605255 | [0.18] | -0.0033897246822356454
-0.41297009587287903 | [0.2] | -0.004124258238834431
-0.3923795223236084 | [0.22] | -0.004878293458714824
-0.37241658568382263 | [0.24] | -0.0056349082594479615
-0.3531929552555084 | [0.25] | -0.006377492695774173
-0.3348136246204376 | [0.27] | -0.007090115295777949
-0.3173762857913971 | [0.28] | -0.007757845286928339
-0.30097103118896484 | [0.29] | -0.008367012670366106
-0.28568020462989807 | [0.3] | -0.008905411863430657
-0.27157843112945557 | [0.31] | -0.009362454815760654
-0.2587328553199768 | [0.31] | -0.00972927563634246
-0.24720335006713867 | [0.32] | -0.009998809638594019
-0.23704297840595245 | [0.32] | -0.010165833350413343
-0.22829841077327728 | [0.32] | -0.01022699168414165
-0.22101037204265594 | [0.32] | -0.01018081339732469
-0.21521404385566711 | [0.32] | -0.010027720754322844
-0.21093949675559998 | [0.31] | -0.009770031394871183
-0.2082120031118393 | [0.31] | -0.00941196087699834
-0.20705227553844452 | [0.3] | -0.008959621033900347
-0.20747657120227814 | [0.29] | -0.008421013605280407
-0.20949673652648926 | [0.28] | -0.007806008185552892
-0.21312010288238525 | [0.27] | -0.007126303291654436
-0.21834923326969147 | [0.25] | -0.006395361453255717
-0.22518157958984375 | [0.24] | -0.0056283059835132735
-0.23360897600650787 | [0.22] | -0.004841773707692738
-0.24361708760261536 | [0.2] | -0.004053710224023117
-0.25518471002578735 | [0.18] | -0.003283103240430132
-0.26828303933143616 | [0.16] | -0.0025496471079342986
-0.2828749120235443 | [0.14] | -0.0018733348728847976
-0.29891401529312134 | [0.11] | -0.001273984615478565
-0.3163442015647888 | [0.09] | -0.000770703901242037
-0.33509889245033264 | [0.06] | -0.0003813106824515676
-0.3551005423069 | [0.03] | -0.0001217338859519579
-0.3762604594230652 | [0.01] | -5.4169698367544965e-06
-0.39847874641418457 | [-0.02] | -4.2763278208525496e-05
-0.42164456844329834 | [-0.05] | -0.0002406546973268784
-0.4456367492675781 | [-0.08] | -0.0006020798616031446
-0.47032472491264343 | [-0.11] | -0.0011259039597831728
-0.49556973576545715 | [-0.13] | -0.0018067995547245324
-0.5212263464927673 | [-0.16] | -0.002635350734165793
-0.5471442341804504 | [-0.19] | -0.0035983308173622233
-0.5731702446937561 | [-0.22] | -0.004679140052515291
-0.5991503000259399 | [-0.24] | -0.005858362440038557
-0.6249316334724426 | [-0.27] | -0.007114426555484003
-0.6503646969795227 | [-0.29] | -0.008424303383321464
-0.6753051280975342 | [-0.31] | -0.009764219393778901
-0.6996153593063354 | [-0.33] | -0.011110328917395313
-0.7231659293174744 | [-0.35] | -0.012439315363267821
-0.745836615562439 | [-0.37] | -0.01372891177098868
-0.76751708984375 | [-0.39] | -0.014958304845075363
-0.7881072759628296 | [-0.4] | -0.016108439710377894
-0.807517409324646 | [-0.41] | -0.017162219441710633
-0.8256678581237793 | [-0.43] | -0.01810462205814356
-0.8424885869026184 | [-0.44] | -0.01892273825981217
-0.8579186797142029 | [-0.44] | -0.01960577120600619
-0.8719052672386169 | [-0.45] | -0.020144965897916523
-0.884402871131897 | [-0.45] | -0.020533562738183755
-0.8953724503517151 | [-0.46] | -0.020766723639102567
-0.9047804474830627 | [-0.46] | -0.02084146689893003
-0.9125979542732239 | [-0.46] | -0.02075662576845912
-0.9187999367713928 | [-0.45] | -0.020512826425167607
-0.9233644604682922 | [-0.45] | -0.020112483463447475
-0.9262722730636597 | [-0.44] | -0.019559840865624383
-0.927506148815155 | [-0.43] | -0.01886100323032798
-0.9270509481430054 | [-0.42] | -0.018024034043899708
-0.9248932003974915 | [-0.41] | -0.017059009280477527
-0.9210214018821716 | [-0.4] | -0.015978120195849765
-0.9154261350631714 | [-0.38] | -0.014795735699758195
-0.9081006646156311 | [-0.37] | -0.013528465646298402
-0.8990414142608643 | [-0.35] | -0.012195160240270925
-0.8882489204406738 | [-0.33] | -0.010816875646176696
-0.8757286667823792 | [-0.31] | -0.009416743753680257
-0.8614922165870667 | [-0.28] | -0.008019759380758553
-0.8455585837364197 | [-0.26] | -0.006652464842982388
-0.8279554843902588 | [-0.23] | -0.005342498225059871
-0.8087206482887268 | [-0.2] | -0.004118016596178636
-0.7879031896591187 | [-0.17] | -0.0030069995893670133
-0.7655647993087769 | [-0.14] | -0.0020364355794091405
-0.7417809367179871 | [-0.11] | -0.0012314302204296775
-0.7166415452957153 | [-0.08] | -0.0006142631799345281
-0.6902514696121216 | [-0.05] | -0.000203456529085894
-0.6627305746078491 | [-0.01] | -1.2918130753028848e-05
-0.6342133283615112 | [0.02] | -5.12192460601444e-05
-0.6048476696014404 | [0.06] | -0.00032107643862619656
-0.5747936367988586 | [0.09] | -0.0008190891406933964
-0.5442214012145996 | [0.12] | -0.0015357634944723753
-0.5133087038993835 | [0.16] | -0.002455838510581718
-0.48223811388015747 | [0.19] | -0.0035588902933603676
-0.4511939287185669 | [0.22] | -0.004820176678811189
-0.42035922408103943 | [0.25] | -0.006211645181793786
-0.3899126350879669 | [0.28] | -0.0077030452328873626
-0.36002570390701294 | [0.3] | -0.009263036291227487
-0.3308604061603546 | [0.33] | -0.010860237314999919
-0.30256709456443787 | [0.35] | -0.01246415044226717
-0.2752831280231476 | [0.37] | -0.014045907262336033
-0.24913182854652405 | [0.39] | -0.015578836574429168
-0.2242221236228943 | [0.41] | -0.01703883462905598
-0.20064866542816162 | [0.43] | -0.018404562947198333
-0.17849227786064148 | [0.44] | -0.01965750446641799
-0.1578209102153778 | [0.46] | -0.020781895449693277
-0.13869071006774902 | [0.47] | -0.021764591153298665
-0.12114743888378143 | [0.48] | -0.022594865071202938
-0.10522785037755966 | [0.48] | -0.023264210943855806
-0.09096123278141022 | [0.49] | -0.02376612999069542
-0.0783708468079567 | [0.49] | -0.024095950832721445
-0.06747537106275558 | [0.49] | -0.02425067670130998
-0.05829017236828804 | [0.49] | -0.024228881789996548
-0.05082850530743599 | [0.49] | -0.024030650216880733
-0.04510251060128212 | [0.49] | -0.023657566988818362
-0.04112408310174942 | [0.48] | -0.023112755826260933
-0.038905516266822815 | [0.47] | -0.022400967161387744
-0.03845999389886856 | [0.46] | -0.02152870630078776
-0.03980186581611633 | [0.45] | -0.020504399672930725
-0.0429467111825943 | [0.44] | -0.019338590969393245
-0.04791120067238808 | [0.42] | -0.018044154637685668
-0.05471273139119148 | [0.41] | -0.01663651518176695
-0.06336884200572968 | [0.39] | -0.0151338536137698
-0.0738963782787323 | [0.37] | -0.013557282831115026
-0.08631043136119843 | [0.35] | -0.01193096373462866
-0.10062302649021149 | [0.32] | -0.010282135747683031
-0.11684159189462662 | [0.29] | -0.00864103053579125
-0.13496720790863037 | [0.27] | -0.0070406336899192234
-0.15499265491962433 | [0.23] | -0.005516267481403149
-0.17690038681030273 | [0.2] | -0.004104963617437253
-0.2006603330373764 | [0.17] | -0.002844617611121276
-0.22622783482074738 | [0.13] | -0.0017729169057324333
-0.25354161858558655 | [0.1] | -0.0009260721467065574
-0.282522052526474 | [0.06] | -0.00033739311831725233
-0.3130698800086975 | [0.02] | -3.578547182753501e-05
-0.3450654149055481 | [-0.02] | -4.4271420762825864e-05
-0.3783683776855469 | [-0.06] | -0.00037865235429496196
-0.4128187596797943 | [-0.1] | -0.001046442633815531
-0.44823822379112244 | [-0.14] | -0.0020461927654391644
-0.4844326376914978 | [-0.18] | -0.0033672960013928638
-0.5211953520774841 | [-0.22] | -0.004990328181372919
-0.5583112239837646 | [-0.26] | -0.006887917159778628
-0.5955608487129211 | [-0.3] | -0.009026055749305173
-0.6327255964279175 | [-0.34] | -0.011365788582449058
-0.6695921421051025 | [-0.37] | -0.013865064793814469
-0.7059569358825684 | [-0.41] | -0.01648063187430952
-0.7416301965713501 | [-0.44] | -0.019169797563182503
-0.7764391303062439 | [-0.47] | -0.021891942931839825
-0.8102302551269531 | [-0.5] | -0.02460968983830844
-0.8428710699081421 | [-0.52] | -0.027289721895258273
-0.8742506504058838 | [-0.55] | -0.02990321959403357
-0.9042795300483704 | [-0.57] | -0.03242599033693513
-0.9328888058662415 | [-0.59] | -0.03483832178039061
-0.9600290060043335 | [-0.61] | -0.03712467823945583
-0.9856681823730469 | [-0.63] | -0.03927323616660756
-1.0097898244857788 | [-0.64] | -0.04127535529130172
-1.0323909521102905 | [-0.66] | -0.043125081575271965
-1.053479552268982 | [-0.67] | -0.044818581258848134
-1.0730727910995483 | [-0.68] | -0.046353710663347675
-1.0911948680877686 | [-0.69] | -0.04772957939508031
-1.1078749895095825 | [-0.7] | -0.0489461623611495
-1.1231458187103271 | [-0.71] | -0.05000401549068918
-1.1370419263839722 | [-0.71] | -0.050904016627731856
-1.149598479270935 | [-0.72] | -0.05164716678726636
-1.1608500480651855 | [-0.72] | -0.05223442558103372
-1.1708296537399292 | [-0.73] | -0.05266659720487078
-1.179567813873291 | [-0.73] | -0.052944228558531495
-1.1870919466018677 | [-0.73] | -0.053067568655948055
-1.1934257745742798 | [-0.73] | -0.05303653989177015
-1.1985887289047241 | [-0.73] | -0.0528507176452783
-1.2000000476837158 | [-0.7] | -0.049000006675720444
-1.198808193206787 | [-0.69] | -0.04792138924261382
-1.1964088678359985 | [-0.68] | -0.04667792136670658
-1.192780613899231 | [-0.67] | -0.04526940279967678
-1.1878962516784668 | [-0.66] | -0.043696402728321995
-1.18172287940979 | [-0.65] | -0.04196053230651325
-1.1742219924926758 | [-0.63] | -0.04006476662586367
-1.1653499603271484 | [-0.62] | -0.038013839098870614
-1.1550581455230713 | [-0.6] | -0.03581461834911936
-1.1432937383651733 | [-0.58] | -0.03347659031875084
-1.130000352859497 | [-0.56] | -0.031012312958453914
-1.1151190996170044 | [-0.53] | -0.02843791536542735
-1.0985894203186035 | [-0.51] | -0.025773532641932474
-1.0803509950637817 | [-0.48] | -0.02304378255989756
-1.060344934463501 | [-0.45] | -0.02027805565940015
-1.0385162830352783 | [-0.42] | -0.017510770947790327
-1.014816164970398 | [-0.38] | -0.01478137642054035
-0.9892045259475708 | [-0.35] | -0.012134116178836933
-0.9616531729698181 | [-0.31] | -0.009617479191415937
-0.9321488738059998 | [-0.27] | -0.007283257808216696
-0.9006968140602112 | [-0.23] | -0.005185203719419929
-0.8673238754272461 | [-0.18] | -0.0033772462738246994
-0.8320818543434143 | [-0.14] | -0.0019113277993794712
-0.7950499653816223 | [-0.09] | -0.0008349335622155355
-0.7563369274139404 | [-0.04] | -0.0001884895438008849
-0.7160819172859192 | [0.01] | -2.830941120776989e-06
-0.6744542121887207 | [0.05] | -0.00029700567802769565
-0.6316515803337097 | [0.1] | -0.0010766759611654467
-0.587897002696991 | [0.15] | -0.002333352600069347
-0.5434340238571167 | [0.2] | -0.0040446131801805466
-0.49852073192596436 | [0.25] | -0.006175346028177375
-0.45342257618904114 | [0.29] | -0.008679931774333528
-0.4084049463272095 | [0.34] | -0.01150512389152776
-0.3637253940105438 | [0.38] | -0.014593332492054994
-0.31962642073631287 | [0.42] | -0.017885959476760114
-0.2763291597366333 | [0.46] | -0.02132645745267772
-0.23402824997901917 | [0.5] | -0.02486286599261163
-0.19288814067840576 | [0.53] | -0.028449684914233078
-0.15304094552993774 | [0.57] | -0.032049032392554314
-0.11458567529916763 | [0.6] | -0.03563114944319931
-0.0775887593626976 | [0.63] | -0.03917436219454994
-0.04208558425307274 | [0.65] | -0.04266465668578384
-0.0080827372148633 | [0.68] | -0.04609499188454889
0.024439245462417603 | [0.7] | -0.049464516015161636
0.05552290752530098 | [0.73] | -0.05277776351821171
0.08523089438676834 | [0.75] | -0.056043915497873964
0.1136431023478508 | [0.77] | -0.05927617713270498
0.14085406064987183 | [0.79] | -0.06249129242049824
0.16697068512439728 | [0.81] | -0.0657092041877535
0.19211037456989288 | [0.83] | -0.06895286787706052
0.21639946103096008 | [0.85] | -0.07224820074441655
0.2399720996618271 | [0.87] | -0.07562418195574021
0.2629695236682892 | [0.89] | -0.07911308480143649
0.28553956747055054 | [0.91] | -0.08275084061139532
0.307836651802063 | [0.93] | -0.08657755284132722
0.3300218880176544 | [0.95] | -0.09063813725584705
0.35226359963417053 | [0.97] | -0.09498314222005799
0.37473800778388977 | [1.] | -0.09966973390648044
0.3976302444934845 | [1.02] | -0.10476289620833541
0.42110002040863037 | [1.05] | -0.11028861175599727
0.44531312584877014 | [1.08] | 99.88368696830334
Total reward: 94.571508860235
1.0, 5.5, 0.5
parameter ends

state | action | reward
[-0.49] | [0.01] | -1.948634022177487e-05
-0.4863007962703705 | [0.01] | -1.5051293573327347e-05
-0.486821711063385 | [0.01] | -1.0636493266957402e-05
-0.4876024127006531 | [0.01] | -6.567065094896001e-06
-0.4886403977870941 | [0.01] | -3.192982713203841e-06
-0.4899316132068634 | [0.] | -8.801069927756321e-07
-0.49147045612335205 | [6.59e-05] | -4.3403831505784874e-10
-0.4932498037815094 | [-0.] | -9.218295955779922e-07
-0.495261013507843 | [-0.01] | -3.997513024662278e-06
-0.4974939823150635 | [-0.01] | -9.555539848950962e-06
-0.49993717670440674 | [-0.01] | -1.7888543640742804e-05
-0.5025777816772461 | [-0.02] | -2.924433311810548e-05
-0.5054015517234802 | [-0.02] | -4.3816406919555684e-05
-0.5083931684494019 | [-0.02] | -6.173704307690251e-05
-0.5115360617637634 | [-0.03] | -8.306981226294916e-05
-0.5148125886917114 | [-0.03] | -0.00010780466006334042
-0.5182042717933655 | [-0.04] | -0.00013585540755615004
-0.5216916799545288 | [-0.04] | -0.00016705672552657096
-0.5252547264099121 | [-0.04] | -0.00020116557745409333
-0.5288726091384888 | [-0.05] | -0.00023786188100789396
-0.5325241088867188 | [-0.05] | -0.0002767539587465085
-0.5361875891685486 | [-0.06] | -0.00031738322780766365
-0.5398411750793457 | [-0.06] | -0.0003592321030015602
-0.5434629321098328 | [-0.06] | -0.00040173373766913914
-0.5470308661460876 | [-0.07] | -0.0004442808647205602
-0.5505231618881226 | [-0.07] | -0.00048623864323551103
-0.5539183616638184 | [-0.07] | -0.000526957951892477
-0.5571953654289246 | [-0.08] | -0.0005657867539134472
-0.5603336095809937 | [-0.08] | -0.0006020841722099079
-0.5633133053779602 | [-0.08] | -0.0006352358350186564
-0.5661153793334961 | [-0.08] | -0.0006646642741375648
-0.5687217712402344 | [-0.08] | -0.0006898444568578869
-0.5711153745651245 | [-0.08] | -0.0007103127595055134
-0.5732802152633667 | [-0.09] | -0.000725678708407496
-0.5752015709877014 | [-0.09] | -0.0007356346063055297
-0.5768661499023438 | [-0.09] | -0.000739964598771233
-0.5782619118690491 | [-0.09] | -0.0007385458838655824
-0.5793784856796265 | [-0.09] | -0.0007313584684309417
-0.5802069306373596 | [-0.08] | -0.0007184815363147054
-0.5807399749755859 | [-0.08] | -0.0007000962265327818
-0.5809720754623413 | [-0.08] | -0.0006764831920051572
-0.5808993577957153 | [-0.08] | -0.0006480161625346104
-0.5805197358131409 | [-0.08] | -0.0006151566764709509
-0.5798329710960388 | [-0.08] | -0.0005784458570422824
-0.5788404941558838 | [-0.07] | -0.0005384908668231188
-0.577545702457428 | [-0.07] | -0.0004959573837151754
-0.5759536623954773 | [-0.07] | -0.00045155164406925405
-0.5740714073181152 | [-0.06] | -0.00040601041771008267
-0.571907639503479 | [-0.06] | -0.0003600817274674221
-0.5694727897644043 | [-0.06] | -0.00031451059573401
-0.5667791366577148 | [-0.05] | -0.0002700249551088191
-0.5638404488563538 | [-0.05] | -0.00022731656915694377
-0.5606722235679626 | [-0.04] | -0.0001870294688804855
-0.5572913885116577 | [-0.04] | -0.0001497436645784494
-0.5537163019180298 | [-0.03] | -0.00011596363141257694
-0.5499667525291443 | [-0.03] | -8.610801288159222e-05
-0.5460636615753174 | [-0.02] | -6.0499373269497225e-05
-0.542029082775116 | [-0.02] | -3.935854850899146e-05
-0.5378861427307129 | [-0.02] | -2.2800568852726814e-05
-0.5336586833000183 | [-0.01] | -1.0832224450753028e-05
-0.529371440410614 | [-0.01] | -3.354158526332288e-06
-0.5250495672225952 | [-0.] | -1.6366229888126194e-07
-0.5207187533378601 | [0.] | -9.614959786011105e-07
-0.5164048671722412 | [0.01] | -5.360389838428775e-06
-0.5121339559555054 | [0.01] | -1.2896000189144275e-05
-0.5079320073127747 | [0.02] | -2.3039783125509025e-05
-0.5038247108459473 | [0.02] | -3.5213895877671875e-05
-0.4998374879360199 | [0.02] | -4.880653986051259e-05
-0.4959951937198639 | [0.03] | -6.31890559597195e-05
-0.4923219680786133 | [0.03] | -7.773332158097278e-05
-0.48884117603302 | [0.03] | -9.182856029033954e-05
-0.4855751395225525 | [0.03] | -0.00010489897488649596
-0.48254507780075073 | [0.03] | -0.00011641947905866088
-0.4797709584236145 | [0.04] | -0.00012593075633608906
-0.4772713780403137 | [0.04] | -0.00013305260656008668
-0.47506341338157654 | [0.04] | -0.00013749570082697594
-0.47316256165504456 | [0.04] | -0.00013907052912880184
-0.4715825915336609 | [0.04] | -0.0001376946331739185
-0.4703355133533478 | [0.04] | -0.00013339638916851906
-0.46943143010139465 | [0.04] | -0.0001263169821666999
-0.46887847781181335 | [0.03] | -0.00011670890373645992
-0.4686828553676605 | [0.03] | -0.00010493104496930432
-0.46884864568710327 | [0.03] | -9.144253001842586e-05
-0.46937787532806396 | [0.03] | -7.679222435293782e-05
-0.47027039527893066 | [0.02] | -6.160694931696008e-05
-0.4715239405632019 | [0.02] | -4.6576327832343875e-05
-0.4731341004371643 | [0.02] | -3.243628822391237e-05
-0.4750942885875702 | [0.01] | -1.9950847827919778e-05
-0.47739577293395996 | [0.01] | -9.892361199024662e-06
-0.4800277650356293 | [0.01] | -3.020954084097847e-06
-0.48297736048698425 | [0.] | -6.39807850241975e-08
-0.48622965812683105 | [-0.] | -1.6952224768916842e-06
-0.48976781964302063 | [-0.01] | -8.515019283448221e-06
-0.4935731291770935 | [-0.01] | -2.1031543085737428e-05
-0.49762505292892456 | [-0.02] | -3.9643628656920594e-05
-0.5019014477729797 | [-0.03] | -6.462627704134391e-05
-0.5063785910606384 | [-0.03] | -9.61183120498331e-05
-0.5110313296318054 | [-0.04] | -0.0001341133088469567
-0.5158332586288452 | [-0.04] | -0.00017845407145741454
-0.5207567811012268 | [-0.05] | -0.00022882979414477127
-0.5257733464241028 | [-0.05] | -0.0002847780712970339
-0.5308536887168884 | [-0.06] | -0.0003456911076187793
-0.5359678268432617 | [-0.06] | -0.00041082281262631843
-0.5410853624343872 | [-0.07] | -0.00047930251788222324
-0.5461756587028503 | [-0.07] | -0.0005501507057663644
-0.5512080192565918 | [-0.08] | -0.0006222975902472908
-0.5561518669128418 | [-0.08] | -0.0006946041702753634
-0.5609769225120544 | [-0.09] | -0.0007658852325888322
-0.5656535029411316 | [-0.09] | -0.0008349359279783059
-0.5701525807380676 | [-0.09] | -0.000900555269743425
-0.5744460225105286 | [-0.1] | -0.0009615730127146907
-0.5785066485404968 | [-0.1] | -0.0010168730810036662
-0.5823085904121399 | [-0.1] | -0.001065421916690855
-0.5858272910118103 | [-0.11] | -0.0011062886731973227
-0.5890398025512695 | [-0.11] | -0.0011386696483706416
-0.5919246673583984 | [-0.11] | -0.0011619015890503809
-0.5944623947143555 | [-0.11] | -0.0011754852843276495
-0.5966352224349976 | [-0.11] | -0.0011790905273221456
-0.5984275341033936 | [-0.11] | -0.0011725722589654465
-0.5998257994651794 | [-0.11] | -0.001155972666421562
-0.6008185744285583 | [-0.11] | -0.0011295209237027358
-0.6013967990875244 | [-0.1] | -0.0010936358398769034
-0.6015536785125732 | [-0.1] | -0.0010489154420133197
-0.6012848615646362 | [-0.1] | -0.0009961294516310363
-0.6005883812904358 | [-0.1] | -0.0009362030594533855
-0.5994647145271301 | [-0.09] | -0.0008701999841847418
-0.5979169011116028 | [-0.09] | -0.0007993034515311568
-0.5959503650665283 | [-0.09] | -0.0007247888114659249
-0.5935731530189514 | [-0.08] | -0.0006480017090934452
-0.5907957553863525 | [-0.08] | -0.0005703267193007538
-0.5876310467720032 | [-0.07] | -0.0004931574664837091
-0.5840944051742554 | [-0.06] | -0.00041786878916898136
-0.5802034735679626 | [-0.06] | -0.00034578368013289283
-0.5759782791137695 | [-0.05] | -0.0002781462112270133
-0.5714409351348877 | [-0.05] | -0.00021609066837909803
-0.5666157603263855 | [-0.04] | -0.00016061790052987286
-0.5615289211273193 | [-0.03] | -0.00011256985240382079
-0.5562085509300232 | [-0.03] | -7.26120045366123e-05
-0.5506844520568848 | [-0.02] | -4.121637350778052e-05
-0.5449878573417664 | [-0.01] | -1.865042410658042e-05
-0.5391514301300049 | [-0.01] | -4.9719433268523265e-06
-0.5332090258598328 | [-0.] | -2.763119468231993e-08
-0.5271953344345093 | [0.01] | -3.4575203084667858e-06
-0.5211458206176758 | [0.01] | -1.470507660745852e-05
-0.5150965452194214 | [0.02] | -3.30315529822477e-05
-0.5090837478637695 | [0.02] | -5.753590287173856e-05
-0.5031437873840332 | [0.03] | -8.71780917247628e-05
-0.49731287360191345 | [0.03] | -0.00012080630117162084
-0.4916267693042755 | [0.04] | -0.00015718751862579732
-0.4861206114292145 | [0.04] | -0.00019503973304644143
-0.4808287024497986 | [0.05] | -0.00023306533263759712
-0.4757842719554901 | [0.05] | -0.0002699854745568804
-0.47101926803588867 | [0.06] | -0.0003045738521082324
-0.46656420826911926 | [0.06] | -0.00033568873007613643
-0.4624479115009308 | [0.06] | -0.00036230441686842984
-0.4586973786354065 | [0.06] | -0.0003835386148939323
-0.45533764362335205 | [0.06] | -0.00039867677828128614
-0.4523915946483612 | [0.06] | -0.0004071931137260309
-0.44987982511520386 | [0.06] | -0.0004087670736193584
-0.4478205442428589 | [0.06] | -0.0004032943396066316
-0.4462294578552246 | [0.06] | -0.00039089341178593875
-0.4451196789741516 | [0.06] | -0.00037190659669527617
-0.4445015788078308 | [0.06] | -0.0003468965725574578
-0.44438281655311584 | [0.06] | -0.00031663545990718233
-0.44476819038391113 | [0.05] | -0.0002820910031515731
-0.4456596374511719 | [0.05] | -0.0002444059826332062
-0.4470561444759369 | [0.05] | -0.0002048740065438837
-0.4489538073539734 | [0.04] | -0.00016490955674166262
-0.4513457119464874 | [0.04] | -0.00012601608003013086
-0.45422205328941345 | [0.03] | -8.974885263616033e-05
-0.45757001638412476 | [0.02] | -5.7677457369103755e-05
-0.4613739550113678 | [0.02] | -3.134463853516677e-05
-0.46561530232429504 | [0.01] | -1.2226252972543691e-05
-0.4702727496623993 | [0.] | -1.690228410296344e-06
-0.47532227635383606 | [-0.] | -9.577160465335877e-07
-0.48073726892471313 | [-0.01] | -1.1066354697114508e-05
-0.48648861050605774 | [-0.02] | -3.283695999672606e-05
-0.49254488945007324 | [-0.03] | -6.684491029347456e-05
-0.4988725185394287 | [-0.03] | -0.00011339672270210076
-0.5054359436035156 | [-0.04] | -0.00017251306242663662
-0.5121977925300598 | [-0.05] | -0.00024391793548591612
-0.5191192030906677 | [-0.06] | -0.0003270365518122959
-0.5261600017547607 | [-0.06] | -0.0004209995605342295
-0.5332789421081543 | [-0.07] | -0.000524654933284509
-0.540433943271637 | [-0.08] | -0.0006365868151247638
-0.5475823879241943 | [-0.09] | -0.0007551421954920837
-0.5546814799308777 | [-0.09] | -0.0008784648410729347
-0.5616883635520935 | [-0.1] | -0.0010045306651926913
-0.5685605406761169 | [-0.11] | -0.0011311926959538634
-0.5752560496330261 | [-0.11] | -0.0012562251160707317
-0.5817338228225708 | [-0.12] | -0.0013773733360589197
-0.5879538059234619 | [-0.12] | -0.0014924002179207783
-0.593877375125885 | [-0.13] | -0.001599139049421753
-0.5994674563407898 | [-0.13] | -0.0016955388774852983
-0.6046887636184692 | [-0.13] | -0.0017797104734267545
-0.6095079779624939 | [-0.14] | -0.0018499681409420501
-0.613893985748291 | [-0.14] | -0.0019048692398769694
-0.6178180575370789 | [-0.14] | -0.001943247755390243
-0.6212539672851562 | [-0.14] | -0.001964241110481299
-0.6241781115531921 | [-0.14] | -0.0019673114294554944
-0.6265696883201599 | [-0.14] | -0.001952262320577811
-0.628410816192627 | [-0.14] | -0.0019192475433064474
-0.6296865344047546 | [-0.14] | -0.0018687697587982943
-0.6303849816322327 | [-0.13] | -0.001801677598301788
-0.6304975152015686 | [-0.13] | -0.0017191540973212382
-0.6300186514854431 | [-0.13] | -0.001622693519971178
-0.6289462447166443 | [-0.12] | -0.0015140781262848527
-0.6272813677787781 | [-0.12] | -0.0013953408798136674
-0.6250285506248474 | [-0.11] | -0.0012687315567178428
-0.6221956610679626 | [-0.11] | -0.0011366683469291054
-0.6187939047813416 | [-0.1] | -0.0010016885103490884
-0.6148380041122437 | [-0.09] | -0.0008663988391978205
-0.6103459596633911 | [-0.09] | -0.0007334144587844969
-0.6053390502929688 | [-0.08] | -0.0006053022316371962
-0.5998419523239136 | [-0.07] | -0.00048452512810353497
-0.5938823819160461 | [-0.06] | -0.00037338032803331387
-0.5874912738800049 | [-0.05] | -0.0002739485829903521
-0.5807024240493774 | [-0.04] | -0.00018804014851709567
-0.5735524296760559 | [-0.03] | -0.0001171510119257235
-0.5660805106163025 | [-0.02] | -6.242453281384901e-05
-0.5583283305168152 | [-0.02] | -2.4621421166649628e-05
-0.5503396391868591 | [-0.01] | -4.098522053683305e-06
-0.5421602129936218 | [0.] | -7.989206147683039e-07
-0.5338374376296997 | [0.01] | -1.425129334018541e-05
-0.5254199504852295 | [0.02] | -4.35812865826925e-05
-0.5169575214385986 | [0.03] | -8.753260722860558e-05
-0.5085005164146423 | [0.04] | -0.00014449933054832938
-0.5000996589660645 | [0.05] | -0.0002125665889928006
-0.491805762052536 | [0.05] | -0.00028955883104428984
-0.4836692214012146 | [0.06] | -0.00037309710631890704
-0.47573983669281006 | [0.07] | -0.0004606584670080726
-0.46806633472442627 | [0.07] | -0.0005496422972547825
-0.4606962203979492 | [0.08] | -0.0006374343402076729
-0.4536752998828888 | [0.08] | -0.0007214756803722784
-0.44704756140708923 | [0.09] | -0.0007993250398860872
-0.4408548176288605 | [0.09] | -0.0008687220556112011
-0.43513649702072144 | [0.1] | -0.0009276440857627438
-0.4299294054508209 | [0.1] | -0.0009743581234251018
-0.4252675771713257 | [0.1] | -0.0010074649323243423
-0.4211820065975189 | [0.1] | -0.0010259382213524276
-0.4177006185054779 | [0.1] | -0.001029151264464472
-0.4148479998111725 | [0.1] | -0.0010169000699152984
-0.4126453399658203 | [0.1] | -0.000989413261232406
-0.4111103415489197 | [0.1] | -0.0009473536530075591
-0.41025710105895996 | [0.09] | -0.0008918110599997914
-0.4100959897041321 | [0.09] | -0.0008242857317215087
-0.4106335937976837 | [0.09] | -0.0007466612280227548
-0.4118727147579193 | [0.08] | -0.0006611672514605407
-0.41381219029426575 | [0.08] | -0.0005703368878062106
-0.4164469838142395 | [0.07] | -0.0004769510337911753
-0.4197680652141571 | [0.06] | -0.00038397897450136094
-0.42376238107681274 | [0.05] | -0.0002945108182883711
-0.42841291427612305 | [0.05] | -0.00021168355727286614
-0.4336986839771271 | [0.04] | -0.00013860443046878943
-0.43959471583366394 | [0.03] | -7.827204884859867e-05
-0.44607216119766235 | [0.02] | -3.349597144461371e-05
-0.4530983865261078 | [0.01] | -6.818549704307718e-06
-0.46063703298568726 | [-0.] | -4.408228906926416e-07
-0.468648225069046 | [-0.01] | -1.615402391593262e-05
-0.4770887494087219 | [-0.02] | -5.527993080125396e-05
-0.4859122335910797 | [-0.03] | -0.0001186214033390868
-0.4950694441795349 | [-0.05] | -0.00020642548696408756
-0.5045084953308105 | [-0.06] | -0.0003183594819840532
-0.514175295829773 | [-0.07] | -0.00045350376714465787
-0.5240137577056885 | [-0.08] | -0.0006103577398036443
-0.5339663028717041 | [-0.09] | -0.0007868640472231747
-0.5439741611480713 | [-0.1] | -0.000980445404506836
-0.5539778470993042 | [-0.11] | -0.0011880577843713224
-0.5639175176620483 | [-0.12] | -0.0014062536808799573
-0.573733389377594 | [-0.13] | -0.0016312570456803281
-0.5833662748336792 | [-0.14] | -0.0018590502002181842
-0.5927578210830688 | [-0.14] | -0.0020854589495600847
-0.6018509864807129 | [-0.15] | -0.002306247709365957
-0.610590398311615 | [-0.16] | -0.00251721377519514
-0.618922770023346 | [-0.16] | -0.0027142820731155095
-0.6267970204353333 | [-0.17] | -0.002893587769486689
-0.6341647505760193 | [-0.17] | -0.0030515666973854904
-0.6409804224967957 | [-0.18] | -0.003185029536765813
-0.6472014784812927 | [-0.18] | -0.003291226432772372
-0.6527887582778931 | [-0.18] | -0.003367914233052291
-0.6577064394950867 | [-0.18] | -0.0034133973771351663
-0.6619223952293396 | [-0.19] | -0.003426574458285272
-0.6654080748558044 | [-0.18] | -0.0034069566205665426
-0.668138861656189 | [-0.18] | -0.0033546936291915736
-0.6700940132141113 | [-0.18] | -0.0032705728563406883
-0.6712567210197449 | [-0.18] | -0.003156011959879048
-0.6716143488883972 | [-0.17] | -0.003013046685008908
-0.6711583733558655 | [-0.17] | -0.0028442959323052206
-0.669884443283081 | [-0.16] | -0.0026529200373264362
-0.667792558670044 | [-0.16] | -0.002442571480818549
-0.6648870706558228 | [-0.15] | -0.0022173279176045395
-0.6611767411231995 | [-0.14] | -0.0019816168498076703
-0.6566748023033142 | [-0.13] | -0.0017401301498847664
-0.6513989567756653 | [-0.12] | -0.0014977283963838969
-0.6453714966773987 | [-0.11] | -0.0012593407727747351
-0.6386192440986633 | [-0.1] | -0.0010298551802401627
-0.6311735510826111 | [-0.09] | -0.0008140065901524961
-0.6230702996253967 | [-0.08] | -0.0006162652736176971
-0.6143498420715332 | [-0.07] | -0.0004407257947391972
-0.6050567030906677 | [-0.05] | -0.0002909990860863517
-0.5952395796775818 | [-0.04] | -0.00017011873212720722
-0.5849511623382568 | [-0.03] | -8.045633536572089e-05
-0.5742477178573608 | [-0.02] | -2.3650965895203486e-05
-0.5631889700889587 | [-0.] | -5.596820564675526e-07
-0.5518375039100647 | [0.01] | -1.122635052633195e-05
-0.5402586460113525 | [0.02] | -5.487388180202592e-05
-0.5285197496414185 | [0.04] | -0.0001299188848327193
-0.5166898369789124 | [0.05] | -0.000234009456007221
-0.5048391819000244 | [0.06] | -0.00036408302769648743
-0.4930386543273926 | [0.07] | -0.0005164462681004526
-0.48135921359062195 | [0.08] | -0.0006868708948047858
-0.4698714017868042 | [0.09] | -0.0008707037299266748
-0.458644837141037 | [0.1] | -0.0010629862041860423
-0.44774770736694336 | [0.11] | -0.0012585813365421873
-0.43724629282951355 | [0.12] | -0.0014523030875264673
-0.42720451951026917 | [0.13] | -0.0016390451294685537
-0.4176836311817169 | [0.13] | -0.001813903068921134
-0.4087418019771576 | [0.14] | -0.001972292031805468
-0.4004337787628174 | [0.15] | -0.002110055557407584
-0.39281073212623596 | [0.15] | -0.00222355841425155
-0.3859199583530426 | [0.15] | -0.0023097722407647197
-0.37980470061302185 | [0.15] | -0.0023663450840344957
-0.3745039999485016 | [0.15] | -0.0023916573290603924
-0.37005263566970825 | [0.15] | -0.002384860465522557
-0.36648091673851013 | [0.15] | -0.0023459072714153467
-0.36381468176841736 | [0.15] | -0.0022755604621897056
-0.36207517981529236 | [0.15] | -0.002175390713669244
-0.3612790107727051 | [0.14] | -0.0020477579385200883
-0.3614380359649658 | [0.14] | -0.0018957780444630442
-0.36255934834480286 | [0.13] | -0.001723272528703418
-0.3646450936794281 | [0.12] | -0.001534706518171754
-0.3676925003528595 | [0.12] | -0.0013351052355150116
-0.3716937303543091 | [0.11] | -0.001129960047659076
-0.37663576006889343 | [0.1] | -0.0009251185190528767
-0.38250038027763367 | [0.09] | -0.0007266581645122497
-0.3892640471458435 | [0.07] | -0.0005407513570537653
-0.3968978524208069 | [0.06] | -0.0003735182467247886
-0.40536752343177795 | [0.05] | -0.00023087265022245836
-0.4146333932876587 | [0.03] | -0.00011836577594846311
-0.4246504306793213 | [0.02] | -4.1030271053992706e-05
-0.4353683292865753 | [0.01] | -3.2298793635785828e-06
-0.4467317461967468 | [-0.01] | -8.520181378582023e-06
-0.4586803913116455 | [-0.02] | -5.9526319828694655e-05
-0.4711494743824005 | [-0.04] | -0.0001578422825043894
-0.4840698838233948 | [-0.06] | -0.00030395552162508813
-0.49736878275871277 | [-0.07] | -0.0004972033819731997
-0.5109699368476868 | [-0.09] | -0.0007357591165686921
-0.5247944593429565 | [-0.1] | -0.0010166566802139458
-0.5387612581253052 | [-0.12] | -0.0013358438874583327
-0.5527877807617188 | [-0.13] | -0.001688272016085843
-0.5667905211448669 | [-0.14] | -0.002068008106153839
-0.5806859731674194 | [-0.16] | -0.0024683827776995904
-0.5943909883499146 | [-0.17] | -0.002882141320850226
-0.6078237295150757 | [-0.18] | -0.0033016256333812458
-0.6209040284156799 | [-0.19] | -0.0037189459278303624
-0.6335541009902954 | [-0.2] | -0.004126165834155991
-0.6456990838050842 | [-0.21] | -0.004515481020540314
-0.6572674512863159 | [-0.22] | -0.004879385827495644
-0.6681912541389465 | [-0.23] | -0.005210822093490381
-0.6784067153930664 | [-0.23] | -0.00550333190822755
-0.6878542900085449 | [-0.24] | -0.0057511731828933585
-0.6964789628982544 | [-0.24] | -0.005949430574031284
-0.7042302489280701 | [-0.25] | -0.0060940971927281595
-0.7110624313354492 | [-0.25] | -0.006182152639751873
-0.7169345021247864 | [-0.25] | -0.006211611768865745
-0.7218104004859924 | [-0.25] | -0.006181573096358025
-0.7256587147712708 | [-0.25] | -0.0060922260315369355
-0.7284529209136963 | [-0.24] | -0.005944870046898411
-0.7301713824272156 | [-0.24] | -0.005741906804985291
-0.7307972311973572 | [-0.23] | -0.0054868107345302205
-0.7303186058998108 | [-0.23] | -0.005184100402037679
-0.7287285923957825 | [-0.22] | -0.0048392773599408865
-0.726025402545929 | [-0.21] | -0.004458757301083175
-0.7222123146057129 | [-0.2] | -0.004049770584212155
-0.7172980904579163 | [-0.19] | -0.0036202620677490585
-0.7112969160079956 | [-0.18] | -0.0031787488717404835
-0.7042286396026611 | [-0.17] | -0.002734169982364363
-0.6961190104484558 | [-0.15] | -0.002295714448228509
-0.6869997978210449 | [-0.14] | -0.0018726273412258097
-0.6769087910652161 | [-0.12] | -0.0014739990236266372
-0.6658902168273926 | [-0.11] | -0.001108555908735375
-0.6539945006370544 | [-0.09] | -0.000784429246044928
-0.6412783861160278 | [-0.07] | -0.0005089380554659632
-0.6278049349784851 | [-0.05] | -0.0002883789129801252
-0.6136431694030762 | [-0.04] | -0.00012783028524800472
-0.5988678932189941 | [-0.02] | -3.098913374756408e-05
-0.5835592746734619 | [0.] | -4.072849371129783e-08
-0.5678024291992188 | [0.02] | -3.5571295633404864e-05
-0.551686704158783 | [0.04] | -0.00013652834771288452
-0.5353051424026489 | [0.05] | -0.0003002316248867169
-0.5187536478042603 | [0.07] | -0.0005224358813056573
-0.5021300315856934 | [0.09] | -0.0007974453592277001
-0.48553338646888733 | [0.11] | -0.0011182680197388245
-0.4690629839897156 | [0.12] | -0.0014768138390987896
-0.45281749963760376 | [0.14] | -0.001864117961031199
-0.43689408898353577 | [0.15] | -0.0022705872744024436
-0.42138761281967163 | [0.16] | -0.002686253121160826
-0.40638992190361023 | [0.18] | -0.0031010268545546824
-0.39198917150497437 | [0.19] | -0.0035049468402076965
-0.3782691955566406 | [0.2] | -0.003888412886453191
-0.3653092086315155 | [0.21] | -0.004242392039288514
-0.3531833291053772 | [0.21] | -0.004558610099489582
-0.3419603407382965 | [0.22] | -0.004829712537788129
-0.3317035734653473 | [0.22] | -0.005049397813002271
-0.3224707543849945 | [0.23] | -0.005212530945435615
-0.314314067363739 | [0.23] | -0.005315225424964504
-0.3072800934314728 | [0.23] | -0.005354912561271811
-0.30140987038612366 | [0.23] | -0.005330385999707282
-0.2967390716075897 | [0.23] | -0.005241824510380177
-0.2932979464530945 | [0.23] | -0.005090807695958394
-0.29111146926879883 | [0.22] | -0.004880305719803867
-0.29019930958747864 | [0.21] | -0.004614658766735602
-0.29057586193084717 | [0.21] | -0.004299534187681512
-0.2922501266002655 | [0.2] | -0.003941868158290752
-0.29522570967674255 | [0.19] | -0.0035497780788662594
-0.29950061440467834 | [0.18] | -0.0031324571257896647
-0.3050669729709625 | [0.16] | -0.0027000409703963908
-0.3119109272956848 | [0.15] | -0.0022634375696487527
-0.32001230120658875 | [0.14] | -0.0018341331763437468
-0.329344242811203 | [0.12] | -0.001423966026732404
-0.3398730158805847 | [0.1] | -0.0010448654559725055
-0.3515577018260956 | [0.08] | -0.0007085689165507803
-0.364349901676178 | [0.07] | -0.00042631757377888937
-0.37819361686706543 | [0.05] | -0.00020853822261124677
-0.39302510023117065 | [0.03] | -6.452463775242918e-05
-0.40877294540405273 | [0.] | -2.1288508056507837e-06
-0.4253581166267395 | [-0.02] | -2.7478364533774226e-05
-0.4426943361759186 | [-0.04] | -0.00014473151143720034
-0.4606884717941284 | [-0.06] | -0.0003558865531889743
-0.47924113273620605 | [-0.08] | -0.0006606556571803771
-0.4982474148273468 | [-0.1] | -0.0010564126284649783
-0.5175977945327759 | [-0.12] | -0.0015382202075401878
-0.5371792316436768 | [-0.14] | -0.002098939633778442
-0.5568761825561523 | [-0.17] | -0.002729412292337369
-0.5765717625617981 | [-0.18] | -0.0034187075552089084
-0.5961490869522095 | [-0.2] | -0.004154432413998356
-0.6154922842979431 | [-0.22] | -0.0049230676577857405
-0.6344878077507019 | [-0.24] | -0.005710337524051923
-0.6530253291130066 | [-0.25] | -0.006501572829606285
-0.6709988713264465 | [-0.27] | -0.007282078263393917
-0.6883073449134827 | [-0.28] | -0.008037451850641827
-0.7048554420471191 | [-0.3] | -0.00875390004304275
-0.7205539345741272 | [-0.31] | -0.009418487310237061
-0.7353200316429138 | [-0.32] | -0.010019356944195694
-0.7490776777267456 | [-0.32] | -0.01054591371073867
-0.7617573738098145 | [-0.33] | -0.010988947533382303
-0.7732962965965271 | [-0.34] | -0.011340748944874135
-0.7836378812789917 | [-0.34] | -0.011595165053093107
-0.7927318811416626 | [-0.34] | -0.011747671424604034
-0.8005337715148926 | [-0.34] | -0.011795383007296177
-0.8070046305656433 | [-0.34] | -0.011737086950089248
-0.8121108412742615 | [-0.34] | -0.011573254055778196
-0.8158237338066101 | [-0.34] | -0.011306037451199255
-0.8181194067001343 | [-0.33] | -0.010939274166479657
-0.8189787268638611 | [-0.32] | -0.010478486915309542
-0.818386971950531 | [-0.32] | -0.00993084745019604
-0.8163341879844666 | [-0.31] | -0.009305167966974772
-0.8128149509429932 | [-0.29] | -0.0086118290625408
-0.8078289031982422 | [-0.28] | -0.007862725864733846
-0.8013808131217957 | [-0.27] | -0.007071147712307
-0.7934811115264893 | [-0.25] | -0.006251642867835767
-0.7841463685035706 | [-0.23] | -0.005419829927007048
-0.7733997106552124 | [-0.21] | -0.0045921544855955935
-0.7612714767456055 | [-0.19] | -0.0037856040257206215
-0.747799813747406 | [-0.17] | -0.003017365349869887
-0.733031153678894 | [-0.15] | -0.0023044297245658056
-0.7170207500457764 | [-0.13] | -0.0016631623794642462
-0.6998332142829895 | [-0.11] | -0.0011088442839251595
-0.6815425753593445 | [-0.08] | -0.0006551944373328376
-0.6622326374053955 | [-0.06] | -0.00031391171731606435
-0.6419966816902161 | [-0.03] | -9.424221249394469e-05
-0.6209373474121094 | [-0.01] | -2.6121888200073864e-06
-0.5991659760475159 | [0.02] | -4.2339803836209065e-05
-0.5768018364906311 | [0.05] | -0.00021345373913406326
-0.5539710521697998 | [0.07] | -0.0005126318398314581
-0.5308054089546204 | [0.1] | -0.0009332673233824169
-0.5074408054351807 | [0.12] | -0.0014656641336142366
-0.48401573300361633 | [0.14] | -0.0020973474418831337
-0.460669606924057 | [0.17] | -0.0028134747835569275
-0.43754103779792786 | [0.19] | -0.0035973230490772496
-0.41476625204086304 | [0.21] | -0.004430817002273515
-0.39247754216194153 | [0.23] | -0.005295077406423401
-0.3708019256591797 | [0.25] | -0.006170953368813948
-0.34985995292663574 | [0.27] | -0.007039522192868969
-0.32976481318473816 | [0.28] | -0.007882528151374545
-0.3106217384338379 | [0.29] | -0.00868275458877618
-0.29252752661705017 | [0.31] | -0.009424328978983227
-0.2755703628063202 | [0.32] | -0.010092955395188336
-0.25982987880706787 | [0.33] | -0.010676080619799317
-0.24537746608257294 | [0.33] | -0.011163000532444177
-0.2322765737771988 | [0.34] | -0.011544932663208989
-0.2205832153558731 | [0.34] | -0.011815049942738593
-0.2103465497493744 | [0.35] | -0.011968492116601302
-0.20160949230194092 | [0.35] | -0.012002366939550257
-0.19440926611423492 | [0.35] | -0.011915749631453943
-0.18877798318862915 | [0.34] | -0.011709680806876524
-0.18474309146404266 | [0.34] | -0.011387171869445935
-0.18232779204845428 | [0.33] | -0.010953212484585736
-0.18155129253864288 | [0.32] | -0.01041478301600829
-0.1824289858341217 | [0.31] | -0.009780862474335636
-0.18497240543365479 | [0.3] | -0.009062433109325875
-0.1891891360282898 | [0.29] | -0.008272460924207657
-0.19508247077465057 | [0.27] | -0.007425855487659962
-0.2026509791612625 | [0.26] | -0.006539385359208613
-0.21188795566558838 | [0.24] | -0.0056315413840461355
-0.22278065979480743 | [0.22] | -0.004722340243650053
-0.23530952632427216 | [0.2] | -0.0038330477094859817
-0.24944724142551422 | [0.17] | -0.0029858219210122205
-0.2651578187942505 | [0.15] | -0.0022032666206643916
-0.282395601272583 | [0.12] | -0.0015078998735333225
-0.30110442638397217 | [0.1] | -0.0009215428858546199
-0.32121679186820984 | [0.07] | -0.0004646498404013406
-0.34265321493148804 | [0.04] | -0.00015560214496960524
-0.3653218746185303 | [0.01] | -1.0000830309936372e-05
-0.3891185224056244 | [-0.02] | -4.000025898260075e-05
-0.4139266312122345 | [-0.05] | -0.0002537259744250114
-0.4396180808544159 | [-0.08] | -0.0006548211988090915
-0.46605411171913147 | [-0.11] | -0.0012421620180225537
-0.4930867850780487 | [-0.14] | -0.002009771984839093
-0.520560622215271 | [-0.17] | -0.0029469454425036096
-0.5483147501945496 | [-0.2] | -0.004038588324485881
-0.5761851072311401 | [-0.23] | -0.005265744074135034
-0.6040068864822388 | [-0.26] | -0.0066062784033582705
-0.63161700963974 | [-0.28] | -0.008035674104600434
-0.6588562726974487 | [-0.31] | -0.009527864029088763
-0.6855717301368713 | [-0.33] | -0.011056081792438624
-0.7116184234619141 | [-0.35] | -0.012593641184490134
-0.7368608713150024 | [-0.38] | -0.014114623298064899
-0.7611743211746216 | [-0.39] | -0.015594457470963136
-0.7844453454017639 | [-0.41] | -0.017010345338672836
-0.8065723180770874 | [-0.43] | -0.018341577366534228
-0.827465295791626 | [-0.44] | -0.019569703943552258
-0.8470456004142761 | [-0.45] | -0.02067860366231227
-0.8652453422546387 | [-0.47] | -0.021654488028258867
-0.8820063471794128 | [-0.47] | -0.022485807935606044
-0.8972794413566589 | [-0.48] | -0.02316317740691191
-0.9110230803489685 | [-0.49] | -0.023679219436444906
-0.9232023358345032 | [-0.49] | -0.024028457188061014
-0.9337878823280334 | [-0.49] | -0.02420721682172746
-0.9427547454833984 | [-0.49] | -0.02421352525096912
-0.9500814080238342 | [-0.49] | -0.02404706941640419
-0.9557490348815918 | [-0.49] | -0.0237091886164459
-0.9597405195236206 | [-0.48] | -0.023202873960274532
-0.9620400667190552 | [-0.47] | -0.022532840450442924
-0.9626328349113464 | [-0.47] | -0.021705619715829582
-0.9615044593811035 | [-0.46] | -0.0207296501610103
-0.9586411714553833 | [-0.44] | -0.01961542521140342
-0.95402991771698 | [-0.43] | -0.018375629956799516
-0.9476587176322937 | [-0.41] | -0.017025275856655277
-0.939517080783844 | [-0.39] | -0.01558180330423313
-0.9295968413352966 | [-0.38] | -0.014065162916991756
-0.91789311170578 | [-0.35] | -0.012497830387759222
-0.904405415058136 | [-0.33] | -0.010904735591639273
-0.8891389966011047 | [-0.31] | -0.00931308935087062
-0.87210613489151 | [-0.28] | -0.0077520712262430826
-0.8533279299736023 | [-0.25] | -0.006252395498022107
-0.832835853099823 | [-0.22] | -0.0048456997653354575
-0.8106733560562134 | [-0.19] | -0.0035637753537755973
-0.7868974208831787 | [-0.16] | -0.002437652659455836
-0.7615799903869629 | [-0.12] | -0.0014965640072963522
-0.7348090410232544 | [-0.09] | -0.0007668273033763304
-0.7066892385482788 | [-0.05] | -0.0002707150448720955
-0.6773422956466675 | [-0.02] | -2.538981368767424e-05
-0.6469066143035889 | [0.02] | -4.198191865136016e-05
-0.6155363917350769 | [0.06] | -0.0003248997242957939
-0.5833998322486877 | [0.09] | -0.0008714466405418402
-0.5506771206855774 | [0.13] | -0.0016717908655014561
-0.5175576210021973 | [0.16] | -0.0027093064272931734
-0.4842365086078644 | [0.2] | -0.003961277732611738
-0.45091137290000916 | [0.23] | -0.005399897324494113
-0.41777852177619934 | [0.26] | -0.0069934912103526425
-0.3850294053554535 | [0.3] | -0.008707859022758285
-0.35284721851348877 | [0.32] | -0.01050762871407774
-0.3214041590690613 | [0.35] | -0.012357515896283117
-0.2908589839935303 | [0.38] | -0.014223421747046553
-0.2613552212715149 | [0.4] | -0.016073318419416848
-0.23302021622657776 | [0.42] | -0.017877871578285073
-0.205964595079422 | [0.44] | -0.019610844486209297
-0.18028245866298676 | [0.46] | -0.02124926783786292
-0.15605205297470093 | [0.48] | -0.022773433618798453
-0.13333682715892792 | [0.49] | -0.02416675266682345
-0.11218684911727905 | [0.5] | -0.02541551534049958
-0.09264040738344193 | [0.51] | -0.026508601213450025
-0.07472573220729828 | [0.52] | -0.0274371647662061
-0.05846279487013817 | [0.53] | -0.028194332911113895
-0.04386502876877785 | [0.54] | -0.028774929126051313
-0.030941015109419823 | [0.54] | -0.029175237024984292
-0.019696027040481567 | [0.54] | -0.02939281540334064
-0.01013344805687666 | [0.54] | -0.02942636504845851
-0.0022560227662324905 | [0.54] | -0.029275654614588018
0.003933064639568329 | [0.54] | -0.028941499754625677
0.008429286070168018 | [0.53] | -0.028425798759091958
0.011226044036448002 | [0.53] | -0.02773162098421114
0.012314132414758205 | [0.52] | -0.02686334552794393
0.011681374162435532 | [0.51] | -0.025826846254183463
0.009312452748417854 | [0.5] | -0.024629719692754227
0.0051889317110180855 | [0.48] | -0.023281548128664165
-0.0007105220574885607 | [0.47] | -0.021794190200569184
-0.008409706875681877 | [0.45] | -0.020182087047475414
-0.017934229224920273 | [0.43] | -0.01846256783827371
-0.02931061200797558 | [0.41] | -0.016656134889949874
-0.042565155774354935 | [0.38] | -0.014786704962500091
-0.0577225424349308 | [0.36] | -0.01288176987060006
-0.07480417191982269 | [0.33] | -0.010972448617736514
-0.09382624179124832 | [0.3] | -0.00909338280357856
-0.11479759961366653 | [0.27] | -0.007282438309498091
-0.1377173662185669 | [0.24] | -0.005580172949751258
-0.16257244348526 | [0.2] | -0.004029036125938758
-0.1893349587917328 | [0.16] | -0.002672284557358065
-0.2179597020149231 | [0.12] | -0.0015526209213902798
-0.2483818680047989 | [0.08] | -0.0007105856000581838
-0.28051504492759705 | [0.04] | -0.0001827767709233763
-0.3142498731613159 | [0.] | -4.346791199205669e-09
-0.349453330039978 | [-0.04] | -0.00018552196604360583
-0.3859688639640808 | [-0.09] | -0.0007534986593392468
-0.42361775040626526 | [-0.13] | -0.0017078994172994523
-0.462201327085495 | [-0.17] | -0.0030419203656877093
-0.5015044212341309 | [-0.22] | -0.004738081969968416
-0.54129958152771 | [-0.26] | -0.006769000273455172
-0.5813522934913635 | [-0.3] | -0.009098810895152168
-0.621426522731781 | [-0.34] | -0.011685096321638217
-0.6612902879714966 | [-0.38] | -0.014481137226847313
-0.700721263885498 | [-0.42] | -0.017438283907436743
-0.7395118474960327 | [-0.45] | -0.020508228721880874
-0.7774732708930969 | [-0.49] | -0.023644985696178455
-0.8144388198852539 | [-0.52] | -0.026806450568780907
-0.85026615858078 | [-0.55] | -0.029955524003591652
-0.8848382234573364 | [-0.57] | -0.03306071497487881
-0.9180634617805481 | [-0.6] | -0.03609635184298774
-0.9498751759529114 | [-0.62] | -0.03904246330222444
-0.9802299737930298 | [-0.65] | -0.04188436621678028
-1.0091058015823364 | [-0.67] | -0.044612106262749834
-1.0364998579025269 | [-0.69] | -0.04721985473615797
-1.062425971031189 | [-0.71] | -0.049705230905597614
-1.0869121551513672 | [-0.72] | -0.052068680456321195
-1.1099984645843506 | [-0.74] | -0.054312947829039705
-1.1317344903945923 | [-0.75] | -0.05644254705273171
-1.152177333831787 | [-0.76] | -0.05846334993961699
-1.171390175819397 | [-0.78] | -0.06038230038295133
-1.1894400119781494 | [-0.79] | -0.06220704657773135
-1.2000000476837158 | [-0.7] | -0.049000006675720444
-1.198808193206787 | [-0.69] | -0.04792138924261382
-1.1964088678359985 | [-0.68] | -0.04667792136670658
-1.192780613899231 | [-0.67] | -0.04526940279967678
-1.1878962516784668 | [-0.66] | -0.043696402728321995
-1.18172287940979 | [-0.65] | -0.04196053230651325
-1.1742219924926758 | [-0.63] | -0.04006476662586367
-1.1653499603271484 | [-0.62] | -0.038013839098870614
-1.1550581455230713 | [-0.6] | -0.03581461834911936
-1.1432937383651733 | [-0.58] | -0.03347659031875084
-1.130000352859497 | [-0.56] | -0.031012312958453914
-1.1151190996170044 | [-0.53] | -0.02843791536542735
-1.0985894203186035 | [-0.51] | -0.025773532641932474
-1.0803509950637817 | [-0.48] | -0.02304378255989756
-1.060344934463501 | [-0.45] | -0.02027805565940015
-1.0385162830352783 | [-0.42] | -0.017510770947790327
-1.014816164970398 | [-0.38] | -0.01478137642054035
-0.9892045259475708 | [-0.35] | -0.012134116178836933
-0.9616531729698181 | [-0.31] | -0.009617479191415937
-0.9321488738059998 | [-0.27] | -0.007283257808216696
-0.9006968140602112 | [-0.23] | -0.005185203719419929
-0.8673238754272461 | [-0.18] | -0.0033772462738246994
-0.8320818543434143 | [-0.14] | -0.0019113277993794712
-0.7950499653816223 | [-0.09] | -0.0008349335622155355
-0.7563369274139404 | [-0.04] | -0.0001884895438008849
-0.7160819172859192 | [0.01] | -2.830941120776989e-06
-0.6744542121887207 | [0.05] | -0.00029700567802769565
-0.6316515803337097 | [0.1] | -0.0010766759611654467
-0.587897002696991 | [0.15] | -0.002333352600069347
-0.5434340238571167 | [0.2] | -0.0040446131801805466
-0.49852073192596436 | [0.25] | -0.006175346028177375
-0.45342257618904114 | [0.29] | -0.008679931774333528
-0.4084049463272095 | [0.34] | -0.01150512389152776
-0.3637253940105438 | [0.38] | -0.014593332492054994
-0.31962642073631287 | [0.42] | -0.017885959476760114
-0.2763291597366333 | [0.46] | -0.02132645745267772
-0.23402824997901917 | [0.5] | -0.02486286599261163
-0.19288814067840576 | [0.53] | -0.028449684914233078
-0.15304094552993774 | [0.57] | -0.032049032392554314
-0.11458567529916763 | [0.6] | -0.03563114944319931
-0.0775887593626976 | [0.63] | -0.03917436219454994
-0.04208558425307274 | [0.65] | -0.04266465668578384
-0.0080827372148633 | [0.68] | -0.04609499188454889
0.024439245462417603 | [0.7] | -0.049464516015161636
0.05552290752530098 | [0.73] | -0.05277776351821171
0.08523089438676834 | [0.75] | -0.056043915497873964
0.1136431023478508 | [0.77] | -0.05927617713270498
0.14085406064987183 | [0.79] | -0.06249129242049824
0.16697068512439728 | [0.81] | -0.0657092041877535
0.19211037456989288 | [0.83] | -0.06895286787706052
0.21639946103096008 | [0.85] | -0.07224820074441655
0.2399720996618271 | [0.87] | -0.07562418195574021
0.2629695236682892 | [0.89] | -0.07911308480143649
0.28553956747055054 | [0.91] | -0.08275084061139532
0.307836651802063 | [0.93] | -0.08657755284132722
0.3300218880176544 | [0.95] | -0.09063813725584705
0.35226359963417053 | [0.97] | -0.09498314222005799
0.37473800778388977 | [1.] | -0.09966973390648044
0.3976302444934845 | [1.02] | -0.10476289620833541
0.42110002040863037 | [1.05] | -0.11028861175599727
0.44531312584877014 | [1.08] | 99.88368696830334
Total reward: 94.39133216269498
1.0, 5.5, 0.5
parameter ends

state | action | reward
[-0.52] | [-0.02] | -5.5089333415025976e-05
-0.5235072374343872 | [-0.02] | -5.619811221814006e-05
-0.5235796570777893 | [-0.02] | -5.7494027793313e-05
-0.5236881971359253 | [-0.02] | -5.8976407933696424e-05
-0.5238324999809265 | [-0.02] | -6.064410918285016e-05
-0.5240119695663452 | [-0.02] | -6.249508945080054e-05
-0.5242258310317993 | [-0.03] | -6.452655166919802e-05
-0.5244730710983276 | [-0.03] | -6.673448314149806e-05
-0.5247524976730347 | [-0.03] | -6.911379482395077e-05
-0.5250627398490906 | [-0.03] | -7.165816205329488e-05
-0.5254021286964417 | [-0.03] | -7.435922118587823e-05
-0.5257689356803894 | [-0.03] | -7.720770521397166e-05
-0.5261611342430115 | [-0.03] | -8.01919966542372e-05
-0.526576578617096 | [-0.03] | -8.329899119207777e-05
-0.5270130038261414 | [-0.03] | -8.651401580481376e-05
-0.5274679064750671 | [-0.03] | -8.982004623283778e-05
-0.5279387831687927 | [-0.03] | -9.319907671321636e-05
-0.5284228920936584 | [-0.03] | -9.663066174741194e-05
-0.5289174318313599 | [-0.03] | -0.00010009301270809292
-0.5294195413589478 | [-0.03] | -0.00010356304850528446
-0.5299263000488281 | [-0.03] | -0.0001070164749397262
-0.5304346680641174 | [-0.03] | -0.00011042748580057156
-0.5309416055679321 | [-0.03] | -0.00011376967689198824
-0.5314440727233887 | [-0.03] | -0.00011701620318751027
-0.5319390296936035 | [-0.03] | -0.00012013996418468038
-0.5324234366416931 | [-0.04] | -0.00012311378949384557
-0.5328942537307739 | [-0.04] | -0.00012591064171483808
-0.5333486199378967 | [-0.04] | -0.00012850510786155427
-0.5337836146354675 | [-0.04] | -0.00013087190970218168
-0.5341964960098267 | [-0.04] | -0.00013298784714803764
-0.534584641456604 | [-0.04] | -0.00013483157202307382
-0.5349454879760742 | [-0.04] | -0.00013638334427091723
-0.5352766513824463 | [-0.04] | -0.00013762609400400173
-0.5355758666992188 | [-0.04] | -0.00013854513021149952
-0.5358411073684692 | [-0.04] | -0.00013912916150584756
-0.5360705256462097 | [-0.04] | -0.00013936993147469688
-0.5362623929977417 | [-0.04] | -0.00013926183082308986
-0.5364152789115906 | [-0.04] | -0.00013880326876061736
-0.5365279912948608 | [-0.04] | -0.00013799618034934943
-0.5365994572639465 | [-0.04] | -0.00013684507027081846
-0.5366289615631104 | [-0.04] | -0.00013535870406876791
-0.5366159081459045 | [-0.04] | -0.00013354816444094043
-0.5365601181983948 | [-0.04] | -0.00013142888605379636
-0.5364614725112915 | [-0.04] | -0.00012901777223575713
-0.5363202691078186 | [-0.04] | -0.00012633558962854848
-0.5361369848251343 | [-0.04] | -0.00012340491169613512
-0.5359123945236206 | [-0.03] | -0.00012025068321498839
-0.5356475114822388 | [-0.03] | -0.00011689945786845713
-0.5353435277938843 | [-0.03] | -0.00011337866865342513
-0.5350019931793213 | [-0.03] | -0.00010971752324445053
-0.5346246361732483 | [-0.03] | -0.00010594541727577977
-0.5342134237289429 | [-0.03] | -0.00010209202509072972
-0.5337705612182617 | [-0.03] | -9.818698591811132e-05
-0.5332984328269958 | [-0.03] | -9.425922563572734e-05
-0.5327996015548706 | [-0.03] | -9.033672413765529e-05
-0.5322768688201904 | [-0.03] | -8.644665610940493e-05
-0.5317331552505493 | [-0.03] | -8.261446737726187e-05
-0.5311715602874756 | [-0.03] | -7.886411472656971e-05
-0.5305953025817871 | [-0.03] | -7.521761410913199e-05
-0.5300077199935913 | [-0.03] | -7.169501509381541e-05
-0.5294122099876404 | [-0.03] | -6.831408631394331e-05
-0.5288122892379761 | [-0.03] | -6.509070818114334e-05
-0.5282115936279297 | [-0.02] | -6.203894158036852e-05
-0.527613639831543 | [-0.02] | -5.9169973373005436e-05
-0.5270220637321472 | [-0.02] | -5.649356052701965e-05
-0.526440441608429 | [-0.02] | -5.401735016318003e-05
-0.5258724093437195 | [-0.02] | -5.174772766030418e-05
-0.5253214240074158 | [-0.02] | -4.968898877327028e-05
-0.5247909426689148 | [-0.02] | -4.7844509508444236e-05
-0.5242843627929688 | [-0.02] | -4.6216773248077e-05
-0.5238048434257507 | [-0.02] | -4.480692446646636e-05
-0.5233555436134338 | [-0.02] | -4.361614699187433e-05
-0.5229393839836121 | [-0.02] | -4.264493356510632e-05
-0.5225591659545898 | [-0.02] | -4.189390014633169e-05
-0.5222174525260925 | [-0.02] | -4.136355013104434e-05
-0.5219166278839111 | [-0.02] | -4.105476057570015e-05
-0.5216587781906128 | [-0.02] | -4.09684898074546e-05
-0.5214458703994751 | [-0.02] | -4.110665638837556e-05
-0.521279513835907 | [-0.02] | -4.1471259917808396e-05
-0.5211610794067383 | [-0.02] | -4.206492308482329e-05
-0.5210916996002197 | [-0.02] | -4.289088461697577e-05
-0.5210722088813782 | [-0.02] | -4.395269572975314e-05
-0.5211030840873718 | [-0.02] | -4.525385593432751e-05
-0.5211846232414246 | [-0.02] | -4.679841381789185e-05
-0.5213167071342468 | [-0.02] | -4.8589735936693176e-05
-0.52149897813797 | [-0.02] | -5.063103288689092e-05
-0.5217307209968567 | [-0.02] | -5.292454666925932e-05
-0.5220109820365906 | [-0.02] | -5.5471778457546855e-05
-0.5223385095596313 | [-0.02] | -5.827289319936133e-05
-0.5227116942405701 | [-0.02] | -6.132607844240535e-05
-0.5231286883354187 | [-0.03] | -6.462777151099721e-05
-0.5235872864723206 | [-0.03] | -6.817171341531491e-05
-0.5240851640701294 | [-0.03] | -7.194985454609751e-05
-0.5246196389198303 | [-0.03] | -7.595081288656023e-05
-0.5251877903938293 | [-0.03] | -8.01602147819771e-05
-0.5257864594459534 | [-0.03] | -8.456045494726414e-05
-0.5264123678207397 | [-0.03] | -8.913121519083851e-05
-0.527061939239502 | [-0.03] | -9.384827560259332e-05
-0.5277314782142639 | [-0.03] | -9.868449198444855e-05
-0.52841717004776 | [-0.03] | -0.00010360980137617427
-0.5291150212287903 | [-0.03] | -0.00010859088224354306
-0.5298209190368652 | [-0.03] | -0.00011359162718074246
-0.5305306911468506 | [-0.03] | -0.00011857370735426204
-0.5312401652336121 | [-0.04] | -0.00012349721984594651
-0.5319450497627258 | [-0.04] | -0.00012832012908711507
-0.5326410531997681 | [-0.04] | -0.000132999413076282
-0.5333239436149597 | [-0.04] | -0.00013749187321073614
-0.5339895486831665 | [-0.04] | -0.00014175454309248923
-0.5346336960792542 | [-0.04] | -0.00014574464504257196
-0.5352523922920227 | [-0.04] | -0.00014942138206565242
-0.5358416438102722 | [-0.04] | -0.0001527449935010991
-0.5363977551460266 | [-0.04] | -0.00015567950325225794
-0.5369170308113098 | [-0.04] | -0.00015819077182331154
-0.5373961329460144 | [-0.04] | -0.00016024971888433328
-0.5378318428993225 | [-0.04] | -0.00016183074008258396
-0.5382211804389954 | [-0.04] | -0.00016291294753239416
-0.5385614037513733 | [-0.04] | -0.00016348039670822543
-0.5388501286506653 | [-0.04] | -0.0001635232066139581
-0.5390851497650146 | [-0.04] | -0.00016303617681335283
-0.5392646193504333 | [-0.04] | -0.00016202026766877264
-0.539387047290802 | [-0.04] | -0.00016048250613143558
-0.5394511818885803 | [-0.04] | -0.00015843486207510373
-0.5394561886787415 | [-0.04] | -0.00015589547032213857
-0.5394015312194824 | [-0.04] | -0.00015288734276876323
-0.5392870306968689 | [-0.04] | -0.00014943847357131568
-0.53911292552948 | [-0.04] | -0.00014558184017156813
-0.5388796925544739 | [-0.04] | -0.00014135350131790536
-0.538588285446167 | [-0.04] | -0.00013679389865015753
-0.5382400155067444 | [-0.04] | -0.00013194629120268696
-0.5378364324569702 | [-0.04] | -0.00012685527675365837
-0.5373795032501221 | [-0.03] | -0.00012156751007518327
-0.5368715524673462 | [-0.03] | -0.00011613058428579519
-0.5363152027130127 | [-0.03] | -0.00011059198670307699
-0.5357133746147156 | [-0.03] | -0.00010499853180426851
-0.5350693464279175 | [-0.03] | -9.939618395291091e-05
-0.5343865752220154 | [-0.03] | -9.382839321531221e-05
-0.5336688756942749 | [-0.03] | -8.833682353927129e-05
-0.532920241355896 | [-0.03] | -8.295984590676555e-05
-0.5321449041366577 | [-0.03] | -7.773265182392294e-05
-0.5313472747802734 | [-0.03] | -7.268670564296156e-05
-0.5305320024490356 | [-0.03] | -6.784996958513745e-05
-0.5297037959098816 | [-0.03] | -6.324591869944457e-05
-0.5288675427436829 | [-0.02] | -5.889429650344328e-05
-0.5280281901359558 | [-0.02] | -5.4810671742070665e-05
-0.5271907448768616 | [-0.02] | -5.1006741191487444e-05
-0.5263602137565613 | [-0.02] | -4.749042816541728e-05
-0.5255416631698608 | [-0.02] | -4.426658882801005e-05
-0.5247400999069214 | [-0.02] | -4.133697506751943e-05
-0.5239604711532593 | [-0.02] | -3.8700815853067727e-05
-0.5232076644897461 | [-0.02] | -3.6355409882280006e-05
-0.5224863886833191 | [-0.02] | -3.4296283747916525e-05
-0.521801233291626 | [-0.02] | -3.251807978087349e-05
-0.5211566090583801 | [-0.02] | -3.101495881056832e-05
-0.5205566883087158 | [-0.02] | -2.978100367759792e-05
-0.520005464553833 | [-0.02] | -2.8811007701560424e-05
-0.5195066928863525 | [-0.02] | -2.8100785690010534e-05
-0.5190637111663818 | [-0.02] | -2.764703850390624e-05
-0.518679678440094 | [-0.02] | -2.744856220507719e-05
-0.5183573961257935 | [-0.02] | -2.750593560767328e-05
-0.518099308013916 | [-0.02] | -2.7821735765517082e-05
-0.5179075002670288 | [-0.02] | -2.8400650650477587e-05
-0.5177836418151855 | [-0.02] | -2.924928003088448e-05
-0.5177290439605713 | [-0.02] | -3.037623761577292e-05
-0.5177446007728577 | [-0.02] | -3.179173968985437e-05
-0.5178308486938477 | [-0.02] | -3.3507514658154306e-05
-0.5179877877235413 | [-0.02] | -3.553575187493994e-05
-0.5182150602340698 | [-0.02] | -3.788926052071824e-05
-0.518511950969696 | [-0.02] | -4.058093713547297e-05
-0.5188772082328796 | [-0.02] | -4.362243777382444e-05
-0.5193091630935669 | [-0.02] | -4.702395506434799e-05
-0.5198058485984802 | [-0.02] | -5.079405270892705e-05
-0.5203647613525391 | [-0.02] | -5.493791345260249e-05
-0.520983099937439 | [-0.02] | -5.9457692338947955e-05
-0.5216576457023621 | [-0.03] | -6.43512938468744e-05
-0.522384762763977 | [-0.03] | -6.961168963795233e-05
-0.5231605768203735 | [-0.03] | -7.522725519744628e-05
-0.5239807963371277 | [-0.03] | -8.118031945024466e-05
-0.5248408913612366 | [-0.03] | -8.744769891630026e-05
-0.5257360339164734 | [-0.03] | -9.400005117374456e-05
-0.5266611576080322 | [-0.03] | -0.0001008019990267548
-0.5276109576225281 | [-0.03] | -0.00010781202277349163
-0.5285798907279968 | [-0.03] | -0.0001149824520015449
-0.5295623540878296 | [-0.03] | -0.00012226080288776721
-0.5305525064468384 | [-0.04] | -0.00012958882690238162
-0.5315445065498352 | [-0.04] | -0.00013690454869993952
-0.5325324535369873 | [-0.04] | -0.0001441423717502677
-0.5335103273391724 | [-0.04] | -0.00015123317720987155
-0.5344722270965576 | [-0.04] | -0.00015810683724747692
-0.5354122519493103 | [-0.04] | -0.00016469203936774333
-0.5363245606422424 | [-0.04] | -0.00017091754780954233
-0.5372034311294556 | [-0.04] | -0.00017671352477984588
-0.5380433797836304 | [-0.04] | -0.00018201339505133054
-0.5388389825820923 | [-0.04] | -0.00018675316580301604
-0.5395851731300354 | [-0.04] | -0.00019087480721186132
-0.5402770638465881 | [-0.04] | -0.00019432546626861705
-0.540910005569458 | [-0.04] | -0.00019705867177377304
-0.541479766368866 | [-0.04] | -0.00019903655023204185
-0.5419824123382568 | [-0.04] | -0.00020022924677099322
-0.5424143671989441 | [-0.04] | -0.0002006158396167107
-0.5427724719047546 | [-0.04] | -0.0002001851226891494
-0.5430539846420288 | [-0.04] | -0.0001989356945455068
-0.5432565808296204 | [-0.04] | -0.0001968759056701218
-0.5433783531188965 | [-0.04] | -0.00019402365651638982
-0.5434179306030273 | [-0.04] | -0.00019040710043134962
-0.5433744192123413 | [-0.04] | -0.00018606356748184405
-0.543247401714325 | [-0.04] | -0.000181038901697229
-0.5430368781089783 | [-0.04] | -0.0001753861765696887
-0.5427435040473938 | [-0.04] | -0.00016916681973448512
-0.5423682928085327 | [-0.04] | -0.00016244703505938446
-0.541912853717804 | [-0.04] | -0.00015529873120116546
-0.5413792729377747 | [-0.04] | -0.00014779733689193898
-0.5407700538635254 | [-0.04] | -0.0001400201686478889
-0.5400882363319397 | [-0.04] | -0.0001320461746599029
-0.5393372774124146 | [-0.04] | -0.00012395382249339785
-0.5385211706161499 | [-0.03] | -0.00011582080491487326
-0.5376442074775696 | [-0.03] | -0.00010772126096896169
-0.5367111563682556 | [-0.03] | -9.972607840172068e-05
-0.5357271432876587 | [-0.03] | -9.190117805846595e-05
-0.5346977114677429 | [-0.03] | -8.430713584488543e-05
-0.5336285829544067 | [-0.03] | -7.699715251021508e-05
-0.5325258374214172 | [-0.03] | -7.0017775176101e-05
-0.5313958525657654 | [-0.03] | -6.340823684129578e-05
-0.5302451848983765 | [-0.02] | -5.7199743718667e-05
-0.5290805101394653 | [-0.02] | -5.141537092342565e-05
-0.5279087424278259 | [-0.02] | -4.607095974267315e-05
-0.526736855506897 | [-0.02] | -4.1174733084017165e-05
-0.525571882724762 | [-0.02] | -3.6727984290610134e-05
-0.5244208574295044 | [-0.02] | -3.272567396487049e-05
-0.5232908129692078 | [-0.02] | -2.9157365988252693e-05
-0.522188663482666 | [-0.02] | -2.600786865155979e-05
-0.5211213231086731 | [-0.02] | -2.3258779731777273e-05
-0.5200954079627991 | [-0.01] | -2.088871221101325e-05
-0.5191174745559692 | [-0.01] | -1.887530376399895e-05
-0.5181937217712402 | [-0.01] | -1.7195555003311843e-05
-0.5173301696777344 | [-0.01] | -1.5827558510341497e-05
-0.5165325403213501 | [-0.01] | -1.4751290842808524e-05
-0.5158060789108276 | [-0.01] | -1.3949236091502117e-05
-0.5151557922363281 | [-0.01] | -1.3407924792950364e-05
-0.5145862102508545 | [-0.01] | -1.311813359586951e-05
-0.5141013860702515 | [-0.01] | -1.3075537800802792e-05
-0.5137049555778503 | [-0.01] | -1.328130153296604e-05
-0.5133999586105347 | [-0.01] | -1.3741918154343056e-05
-0.5131890177726746 | [-0.01] | -1.4469681486321339e-05
-0.5130742192268372 | [-0.01] | -1.5482258301619973e-05
-0.5130569934844971 | [-0.01] | -1.680203208666111e-05
-0.5131382346153259 | [-0.01] | -1.8455823250002157e-05
-0.5133183002471924 | [-0.01] | -2.0474150790033442e-05
-0.5135969519615173 | [-0.02] | -2.289015539276795e-05
-0.5139732956886292 | [-0.02] | -2.573832478117594e-05
-0.5144459009170532 | [-0.02] | -2.9053630218988562e-05
-0.5150126814842224 | [-0.02] | -3.2869824275882155e-05
-0.5156710743904114 | [-0.02] | -3.721866647028843e-05
-0.5164178609848022 | [-0.02] | -4.2127864642885e-05
-0.5172492861747742 | [-0.02] | -4.7620057229912956e-05
-0.5181610584259033 | [-0.02] | -5.371142205223154e-05
-0.5191483497619629 | [-0.02] | -6.041032352598966e-05
-0.5202059149742126 | [-0.03] | -6.771665715248756e-05
-0.5213279128074646 | [-0.03] | -7.561983185453435e-05
-0.5225082039833069 | [-0.03] | -8.40993692426662e-05
-0.5237401723861694 | [-0.03] | -9.312320323553749e-05
-0.5250168442726135 | [-0.03] | -0.00010264777463314743
-0.5263309478759766 | [-0.03] | -0.00011261808997496677
-0.5276749134063721 | [-0.04] | -0.00012296764219722457
-0.5290409326553345 | [-0.04] | -0.00013361894939211563
-0.5304209589958191 | [-0.04] | -0.0001444839393101157
-0.5318068265914917 | [-0.04] | -0.00015546544039890704
-0.5331903100013733 | [-0.04] | -0.000166458547001346
-0.5345630645751953 | [-0.04] | -0.00017735119074562837
-0.5359167456626892 | [-0.04] | -0.00018802633188303176
-0.537243127822876 | [-0.04] | -0.00019836442663801257
-0.5385339856147766 | [-0.05] | -0.00020824388076954288
-0.5397813320159912 | [-0.05] | -0.00021754481869295223
-0.5409772992134094 | [-0.05] | -0.00022614963881327846
-0.5421143174171448 | [-0.05] | -0.0002339463622813075
-0.5431851148605347 | [-0.05] | -0.0002408302858094393
-0.5441827178001404 | [-0.05] | -0.0002467055035577441
-0.5451005101203918 | [-0.05] | -0.0002514869557803061
-0.545932412147522 | [-0.05] | -0.0002551034884023499
-0.5466727018356323 | [-0.05] | -0.00025749714006962076
-0.5473161935806274 | [-0.05] | -0.0002586258238610325
-0.5478582382202148 | [-0.05] | -0.00025846395001390533
-0.548294723033905 | [-0.05] | -0.00025700276136274313
-0.548622190952301 | [-0.05] | -0.00025425161281814306
-0.5488378405570984 | [-0.05] | -0.00025023770244987544
-0.5489394068717957 | [-0.05] | -0.0002450043101606113
-0.5489253401756287 | [-0.05] | -0.00023861179852696169
-0.5487947463989258 | [-0.05] | -0.00023113587172376028
-0.5485475063323975 | [-0.05] | -0.000222667334101885
-0.5481840968132019 | [-0.05] | -0.000213308690025042
-0.5477057695388794 | [-0.05] | -0.00020317403381443197
-0.547114372253418 | [-0.04] | -0.0001923853444038386
-0.5464125871658325 | [-0.04] | -0.000181072497825989
-0.5456036329269409 | [-0.04] | -0.0001693683320176776
-0.5446915030479431 | [-0.04] | -0.0001574084718747705
-0.5436807870864868 | [-0.04] | -0.00014532749057594366
-0.5425767302513123 | [-0.04] | -0.00013325719008356642
-0.5413851737976074 | [-0.03] | -0.00012132401255254481
-0.5401125550270081 | [-0.03] | -0.00010964706021238948
-0.5387657880783081 | [-0.03] | -9.833554061370121e-05
-0.5373523235321045 | [-0.03] | -8.748768856450074e-05
-0.5358800888061523 | [-0.03] | -7.71891290114393e-05
-0.534357488155365 | [-0.03] | -6.751189266212007e-05
-0.5327931642532349 | [-0.02] | -5.8512549640697713e-05
-0.5311961770057678 | [-0.02] | -5.023301152315443e-05
-0.5295758247375488 | [-0.02] | -4.2699713648316554e-05
-0.5279416441917419 | [-0.02] | -3.592414516683154e-05
-0.5263033509254456 | [-0.02] | -2.99034091558177e-05
-0.5246706604957581 | [-0.02] | -2.4620788767938034e-05
-0.5230534672737122 | [-0.01] | -2.0047885717016264e-05
-0.5214616060256958 | [-0.01] | -1.61455152920441e-05
-0.5199048519134521 | [-0.01] | -1.2865757985468506e-05
-0.51839280128479 | [-0.01] | -1.0153848011553953e-05
-0.5169349312782288 | [-0.01] | -7.950629474833982e-06
-0.5155404210090637 | [-0.01] | -6.194551478276841e-06
-0.5142181515693665 | [-0.01] | -4.824114395250783e-06
-0.5129766464233398 | [-0.01] | -3.780135189237623e-06
-0.5118240118026733 | [-0.01] | -3.007927956325029e-06
-0.5107678771018982 | [-0.] | -2.4593445107739545e-06
-0.5098153948783875 | [-0.] | -2.0946664118897495e-06
-0.5089731216430664 | [-0.] | -1.8841155420188108e-06
-0.5082470178604126 | [-0.] | -1.809193168710446e-06
-0.507642388343811 | [-0.] | -1.8636134810329914e-06
-0.5071638822555542 | [-0.] | -2.0539182203716907e-06
-0.5068153738975525 | [-0.] | -2.3995918307563438e-06
-0.506600022315979 | [-0.01] | -2.9329235497884476e-06
-0.5065202116966248 | [-0.01] | -3.6983552939095414e-06
-0.5065776109695435 | [-0.01] | -4.7515708925715645e-06
-0.5067729353904724 | [-0.01] | -6.157815368649027e-06
-0.5071061849594116 | [-0.01] | -7.990455561016565e-06
-0.5075764656066895 | [-0.01] | -1.0328664144655507e-05
-0.5081821084022522 | [-0.01] | -1.325527818886353e-05
-0.5089206099510193 | [-0.01] | -1.685414837634088e-05
-0.5097886323928833 | [-0.01] | -2.1207393175869773e-05
-0.5107820630073547 | [-0.02] | -2.6392722844605922e-05
-0.5118959546089172 | [-0.02] | -3.248038797259112e-05
-0.5131246447563171 | [-0.02] | -3.95307140032743e-05
-0.5144616961479187 | [-0.02] | -4.759116792002669e-05
-0.5158999562263489 | [-0.02] | -5.6693963526124556e-05
-0.5174316763877869 | [-0.03] | -6.685430134367767e-05
-0.5190484523773193 | [-0.03] | -7.806808464686432e-05
-0.5207412838935852 | [-0.03] | -9.031048871479759e-05
-0.5225005745887756 | [-0.03] | -0.00010353458523087555
-0.5243163704872131 | [-0.03] | -0.00011767195393939256
-0.526178240776062 | [-0.04] | -0.0001326315757795615
-0.5280753970146179 | [-0.04] | -0.0001483006707612474
-0.5299967527389526 | [-0.04] | -0.00016454569918453898
-0.5319309830665588 | [-0.04] | -0.000181213830871659
-0.5338665843009949 | [-0.04] | -0.0001981349084506598
-0.5357919335365295 | [-0.05] | -0.00021512382855116386
-0.5376954674720764 | [-0.05] | -0.00023198449128407862
-0.5395655035972595 | [-0.05] | -0.00024851071371338344
-0.5413906574249268 | [-0.05] | -0.0002644931400311872
-0.543159544467926 | [-0.05] | -0.0002797193978144874
-0.5448611378669739 | [-0.05] | -0.00029398094594348977
-0.5464847087860107 | [-0.06] | -0.00030707577213272215
-0.5480198860168457 | [-0.06] | -0.00031881223909211847
-0.549456775188446 | [-0.06] | -0.00032901355751707245
-0.5507859587669373 | [-0.06] | -0.0003375207011462184
-0.5519986152648926 | [-0.06] | -0.00034419642734640626
-0.553086519241333 | [-0.06] | -0.00034892763310774463
-0.5540421605110168 | [-0.06] | -0.00035162863544892594
-0.5548587441444397 | [-0.06] | -0.00035224264032405534
-0.5555302500724792 | [-0.06] | -0.00035074338758120453
-0.55605149269104 | [-0.06] | -0.0003471362514774108
-0.5564181208610535 | [-0.06] | -0.00034145806043973904
-0.5566266179084778 | [-0.06] | -0.00033377636680390077
-0.5566744804382324 | [-0.06] | -0.0003241902203193061
-0.5565600991249084 | [-0.06] | -0.0003128268298331581
-0.5562828183174133 | [-0.05] | -0.0002998398460908786
-0.555842936038971 | [-0.05] | -0.0002854064429280581
-0.5552417039871216 | [-0.05] | -0.0002697239807947574
-0.5544813871383667 | [-0.05] | -0.0002530069145262925
-0.553565263748169 | [-0.05] | -0.0002354826696368339
-0.5524975061416626 | [-0.05] | -0.00021738617287527136
-0.5512831807136536 | [-0.04] | -0.00019895559107630564
-0.5499283671379089 | [-0.04] | -0.0001804290582404016
-0.5484400391578674 | [-0.04] | -0.00016203911369604197
-0.5468259453773499 | [-0.04] | -0.00014400758242226973
-0.5450946688652039 | [-0.04] | -0.0001265422855368414
-0.5432556867599487 | [-0.03] | -0.0001098338120430606
-0.5413190722465515 | [-0.03] | -9.405021353638939e-05
-0.5392956137657166 | [-0.03] | -7.933538819035251e-05
-0.537196695804596 | [-0.03] | -6.580630294568758e-05
-0.5350342988967896 | [-0.02] | -5.355159866917182e-05
-0.5328208804130554 | [-0.02] | -4.263023898128218e-05
-0.5305692553520203 | [-0.02] | -3.307102909688831e-05
-0.5282926559448242 | [-0.02] | -2.4873581157351135e-05
-0.5260044932365417 | [-0.01] | -1.800882317196733e-05
-0.5237184166908264 | [-0.01] | -1.242131838918784e-05
-0.5214481949806213 | [-0.01] | -8.031542245911487e-06
-0.5192075371742249 | [-0.01] | -4.7387744649110525e-06
-0.5170101523399353 | [-0.] | -2.4249879426202506e-06
-0.5148695707321167 | [-0.] | -9.58660692060603e-07
-0.512799084186554 | [-0.] | -1.9918272679052362e-07
-0.5108116865158081 | [0.] | -1.4166646762419581e-09
-0.5089200139045715 | [0.] | -2.2032664409524233e-07
-0.5071361660957336 | [0.] | -7.156324113811745e-07
-0.5054717063903809 | [0.] | -1.3563408893277035e-06
-0.5039376020431519 | [0.] | -2.0249712225140818e-06
-0.502544105052948 | [0.01] | -2.621477716638807e-06
-0.5013007521629333 | [0.01] | -3.066614541352052e-06
-0.5002161860466003 | [0.01] | -3.304924087985097e-06
-0.49929824471473694 | [0.01] | -3.306796490408597e-06
-0.4985537528991699 | [0.01] | -3.0701564642673942e-06
-0.49798861145973206 | [0.01] | -2.621048637273428e-06
-0.49760767817497253 | [0.] | -2.013682759892805e-06
-0.497414767742157 | [0.] | -1.329544930050565e-06
-0.4974125623703003 | [0.] | -6.757919793215624e-07
-0.497602641582489 | [0.] | -1.8276250091143984e-07
-0.49798548221588135 | [-9.1e-05] | -8.289110520149464e-10
-0.49856036901474 | [-0.] | -2.9659430254012265e-07
-0.4993254542350769 | [-0.] | -1.2484548327042031e-06
-0.5002776980400085 | [-0.01] | -3.0416678863492975e-06
-0.5014129877090454 | [-0.01] | -5.863166236732575e-06
-0.5027260184288025 | [-0.01] | -9.895915950289629e-06
-0.5042104125022888 | [-0.01] | -1.5313379334419582e-05
-0.5058587193489075 | [-0.01] | -2.227389564945523e-05
-0.5076624155044556 | [-0.02] | -3.091512105371705e-05
-0.509611964225769 | [-0.02] | -4.1348890060651787e-05
-0.5116968750953674 | [-0.02] | -5.365655033227004e-05
-0.5139057636260986 | [-0.03] | -6.788486186169647e-05
-0.5162264108657837 | [-0.03] | -8.404260477503174e-05
-0.5186458826065063 | [-0.03] | -0.00010209831759120873
-0.5211504101753235 | [-0.03] | -0.00012197741844496172
-0.523725688457489 | [-0.04] | -0.00014356272161052087
-0.5263568162918091 | [-0.04] | -0.00016669381460044413
-0.5290285348892212 | [-0.04] | -0.00019116952402646568
-0.5317251086235046 | [-0.05] | -0.00021674851365430163
-0.5344305634498596 | [-0.05] | -0.00024315376295024066
-0.537128746509552 | [-0.05] | -0.00027007651658156063
-0.5398034453392029 | [-0.05] | -0.00029718166301165305
-0.5424384474754333 | [-0.06] | -0.00032411316395091925
-0.5450176000595093 | [-0.06] | -0.00035050009067289677
-0.5475250482559204 | [-0.06] | -0.0003759652235133187
-0.5499451756477356 | [-0.06] | -0.0004001305886824902
-0.5522627830505371 | [-0.07] | -0.0004226259340623056
-0.5544632077217102 | [-0.07] | -0.0004430966796353389
-0.5565323233604431 | [-0.07] | -0.0004612100746688935
-0.5584567189216614 | [-0.07] | -0.0004766635212420969
-0.5602236986160278 | [-0.07] | -0.0004891899913546316
-0.561821460723877 | [-0.07] | -0.0004985653837649811
-0.5632390975952148 | [-0.07] | -0.0005046126375707713
-0.564466655254364 | [-0.07] | -0.0005072058454901685
-0.5654953122138977 | [-0.07] | -0.0005062751471134619
-0.5663173198699951 | [-0.07] | -0.0005018071713533979
-0.5669260621070862 | [-0.07] | -0.0004938461402099677
-0.5673161745071411 | [-0.07] | -0.0004824947161764474
-0.5674835443496704 | [-0.07] | -0.0004679119847454074
-0.5674253106117249 | [-0.07] | -0.00045031039182532955
-0.5671399831771851 | [-0.07] | -0.00042995324916728154
-0.5666273832321167 | [-0.06] | -0.0004071487417044593
-0.5658887028694153 | [-0.06] | -0.0003822446944132737
-0.5649264454841614 | [-0.06] | -0.00035562096523330107
-0.5637444853782654 | [-0.06] | -0.0003276827664306495
-0.5623480081558228 | [-0.05] | -0.0002988519591099387
-0.5607435703277588 | [-0.05] | -0.00026955943582352516
-0.5589389801025391 | [-0.05] | -0.00024023528231817862
-0.5569433569908142 | [-0.05] | -0.00021130100249674576
-0.5547670125961304 | [-0.04] | -0.00018316007989541749
-0.5524214506149292 | [-0.04] | -0.00015619017943007768
-0.5499192476272583 | [-0.04] | -0.0001307349896911751
-0.547274112701416 | [-0.03] | -0.00010709822718738256
-0.5445006489753723 | [-0.03] | -8.55363822393261e-05
-0.5416144132614136 | [-0.03] | -6.625483407540246e-05
-0.5386317372322083 | [-0.02] | -4.940355380725519e-05
-0.5355696678161621 | [-0.02] | -3.507497048237331e-05
-0.5324459075927734 | [-0.02] | -2.3303147566194755e-05
-0.5292787551879883 | [-0.01] | -1.4064191325094215e-05
-0.5260867476463318 | [-0.01] | -7.277452079813233e-06
-0.5228888988494873 | [-0.01] | -2.809743123734233e-06
-0.5197043418884277 | [-0.] | -4.792408145554576e-07
-0.5165522694587708 | [0.] | -6.149906910352479e-08
-0.513451874256134 | [0.] | -1.2963105235860898e-06
-0.5104221701622009 | [0.01] | -3.895438113696164e-06
-0.5074818730354309 | [0.01] | -7.551157070329259e-06
-0.5046494007110596 | [0.01] | -1.1945045570037893e-05
-0.5019425749778748 | [0.01] | -1.675753750381052e-05
-0.49937862157821655 | [0.01] | -2.1677119224094304e-05
-0.49697408080101013 | [0.02] | -2.6409357811257807e-05
-0.4947446286678314 | [0.02] | -3.068585065309088e-05
-0.4927050471305847 | [0.02] | -3.427211512798808e-05
-0.49086904525756836 | [0.02] | -3.697513237377762e-05
-0.4892492890357971 | [0.02] | -3.864912388322145e-05
-0.4878571927547455 | [0.02] | -3.9201056807040076e-05
-0.48670294880867004 | [0.02] | -3.859388959514035e-05
-0.48579540848731995 | [0.02] | -3.684900622576219e-05
-0.4851419925689697 | [0.02] | -3.404700494551602e-05
-0.4847486913204193 | [0.02] | -3.032659908481529e-05
-0.48461997509002686 | [0.02] | -2.588230935323469e-05
-0.48475879430770874 | [0.01] | -2.096030092104439e-05
-0.4851665496826172 | [0.01] | -1.5852904872596076e-05
-0.4858430027961731 | [0.01] | -1.0891915479739923e-05
-0.4867863655090332 | [0.01] | -6.440181689842735e-06
-0.4879932403564453 | [0.01] | -2.8825939332856712e-06
-0.4894585907459259 | [0.] | -6.160254274048726e-07
-0.4911758303642273 | [-0.] | -3.8514307287190305e-08
-0.49313679337501526 | [-0.] | -1.5382247027366048e-06
-0.4953317642211914 | [-0.01] | -5.482153167684334e-06
-0.49774959683418274 | [-0.01] | -1.2205146078549873e-05
-0.5003776550292969 | [-0.01] | -2.199912461404354e-05
-0.5032020211219788 | [-0.02] | -3.51035058917031e-05
-0.5062073469161987 | [-0.02] | -5.169560825414589e-05
-0.5093771815299988 | [-0.03] | -7.188378464963327e-05
-0.5126938223838806 | [-0.03] | -9.570018788981465e-05
-0.5161386728286743 | [-0.04] | -0.00012309757834173533
-0.519692063331604 | [-0.04] | -0.00015394489639085002
-0.5233336091041565 | [-0.04] | -0.00018802805426510635
-0.5270422101020813 | [-0.05] | -0.00022505041160046145
-0.5307961106300354 | [-0.05] | -0.00026463530213738975
-0.5345731973648071 | [-0.06] | -0.0003063327858978449
-0.5383510589599609 | [-0.06] | -0.0003496262644013496
-0.5421069860458374 | [-0.06] | -0.00039393966689739044
-0.5458183288574219 | [-0.07] | -0.0004386504635847515
-0.5494624972343445 | [-0.07] | -0.00048309987067702686
-0.5530171394348145 | [-0.07] | -0.0005266062305967037
-0.5564602613449097 | [-0.08] | -0.000568478470204287
-0.559770405292511 | [-0.08] | -0.0006080310065958726
-0.5629267692565918 | [-0.08] | -0.000644597958962268
-0.5659093260765076 | [-0.08] | -0.0006775473280577453
-0.5686988234519958 | [-0.08] | -0.0007062926290597972
-0.5712772011756897 | [-0.09] | -0.0007303109073775997
-0.5736274123191833 | [-0.09] | -0.000749149716344236
-0.5757336020469666 | [-0.09] | -0.0007624389114963275
-0.5775813460350037 | [-0.09] | -0.0007699019886800743
-0.5791576504707336 | [-0.09] | -0.0007713615599821839
-0.5804508924484253 | [-0.09] | -0.0007667419322695604
-0.5814511775970459 | [-0.09] | -0.0007560770557406642
-0.5821501612663269 | [-0.09] | -0.0007395068796161164
-0.582541286945343 | [-0.08] | -0.0007172789614287607
-0.5826196670532227 | [-0.08] | -0.0006897416666873113
-0.5823822617530823 | [-0.08] | -0.0006573405306834159
-0.5818278789520264 | [-0.08] | -0.0006206094354393509
-0.5809571743011475 | [-0.08] | -0.0005801600122538603
-0.5797726511955261 | [-0.07] | -0.0005366694338547745
-0.5782787203788757 | [-0.07] | -0.0004908676896723917
-0.5764815807342529 | [-0.07] | -0.000443521050033741
-0.5743893980979919 | [-0.06] | -0.00039541893047698125
-0.5720120668411255 | [-0.06] | -0.0003473543676378662
-0.5693613290786743 | [-0.05] | -0.00030010930489752
-0.5664505958557129 | [-0.05] | -0.00025443622719110266
-0.5632950663566589 | [-0.05] | -0.00021104388775847026
-0.5599114298820496 | [-0.04] | -0.00017057951549175992
-0.556317925453186 | [-0.04] | -0.00013361633231115077
-0.5525342226028442 | [-0.03] | -0.00010064079732137381
-0.5485813617706299 | [-0.03] | -7.204235301807057e-05
-0.5444815754890442 | [-0.02] | -4.8104724899516104e-05
-0.5402581691741943 | [-0.02] | -2.9000303310468267e-05
-0.5359354019165039 | [-0.01] | -1.4787258006408087e-05
-0.5315383672714233 | [-0.01] | -5.409315335682731e-06
-0.5270928740501404 | [-0.] | -6.982873830163823e-07
-0.5226250886917114 | [0.] | -3.7931463896853497e-07
-0.5181617140769958 | [0.01] | -4.079219829322776e-06
-0.5137295126914978 | [0.01] | -1.1336925979922677e-05
-0.509355366230011 | [0.01] | -2.161617969202511e-05
-0.5050659775733948 | [0.02] | -3.432039704882669e-05
-0.5008876919746399 | [0.02] | -4.8809201268728436e-05
-0.496846467256546 | [0.03] | -6.441538787838597e-05
-0.4929676055908203 | [0.03] | -8.046348457178071e-05
-0.48927560448646545 | [0.03] | -9.6288256428583e-05
-0.4857940375804901 | [0.03] | -0.00011125284609467539
-0.4825453758239746 | [0.04] | -0.0001247666212565692
-0.479550838470459 | [0.04] | -0.0001363019212478224
-0.4768303334712982 | [0.04] | -0.0001454086314786535
-0.4744022488594055 | [0.04] | -0.000151728065764373
-0.47228336334228516 | [0.04] | -0.00015500387374174662
-0.4704887568950653 | [0.04] | -0.00015509053009499937
-0.4690317213535309 | [0.04] | -0.00015195914612882512
-0.467923641204834 | [0.04] | -0.000145700749908049
-0.4671739339828491 | [0.04] | -0.00013652616878856002
-0.46678996086120605 | [0.04] | -0.00012476315728200782
-0.4667770266532898 | [0.03] | -0.00011084992046058654
-0.46713826060295105 | [0.03] | -9.532663894911026e-05
-0.4678746163845062 | [0.03] | -7.882336895446487e-05
-0.46898484230041504 | [0.02] | -6.20456638258135e-05
-0.4704654812812805 | [0.02] | -4.575777778637364e-05
-0.4723108410835266 | [0.02] | -3.076412730780751e-05
-0.4745130240917206 | [0.01] | -1.788889148346043e-05
-0.4770619571208954 | [0.01] | -7.954622352353531e-06
-0.47994542121887207 | [0.] | -1.7602816537593006e-06
-0.48314905166625977 | [-0.] | -5.9136678300119634e-08
-0.48665645718574524 | [-0.01] | -3.5369344302514173e-06
-0.49044927954673767 | [-0.01] | -1.2791276299199305e-05
-0.4945072829723358 | [-0.02] | -2.8312520840730445e-05
-0.49880844354629517 | [-0.02] | -5.046674031605578e-05
-0.5033290386199951 | [-0.03] | -7.948109058196099e-05
-0.5080438852310181 | [-0.03] | -0.00011543302911429872
-0.5129262804985046 | [-0.04] | -0.00015824115182728194
-0.5179483890533447 | [-0.05] | -0.0002076624100450673
-0.5230812430381775 | [-0.05] | -0.0002632907559745275
-0.5282949209213257 | [-0.06] | -0.0003245605496069858
-0.5335588455200195 | [-0.06] | -0.0003907554600797473
-0.5388418436050415 | [-0.07] | -0.0004610186416397631
-0.5441123843193054 | [-0.07] | -0.0005343682970174441
-0.5493388175964355 | [-0.08] | -0.0006097167184649683
-0.5544895529747009 | [-0.08] | -0.000685891543458925
-0.5595331788063049 | [-0.09] | -0.0007616581087802708
-0.5644387006759644 | [-0.09] | -0.0008357456368770687
-0.5691758394241333 | [-0.1] | -0.000906875974694276
-0.5737150311470032 | [-0.1] | -0.0009737875670279811
-0.5780277848243713 | [-0.1] | -0.0010352661074318184
-0.5820868015289307 | [-0.1] | -0.0010901705378694047
-0.5858659744262695 | [-0.11] | -0.0011374548383592147
-0.58934086561203 | [-0.11] | -0.001176198464441004
-0.5924885272979736 | [-0.11] | -0.0012056208314107557
-0.5952879190444946 | [-0.11] | -0.001225105811894412
-0.5977197885513306 | [-0.11] | -0.0012342117325473963
-0.5997669696807861 | [-0.11] | -0.0012326870441563933
-0.6014143824577332 | [-0.11] | -0.0012204759653866924
-0.6026491522789001 | [-0.11] | -0.0011977228704297667
-0.6034607887268066 | [-0.11] | -0.0011647740427552084
-0.6038410663604736 | [-0.11] | -0.0011221688694351948
-0.6037842035293579 | [-0.1] | -0.001070633767629011
-0.6032869219779968 | [-0.1] | -0.001011069496256316
-0.6023485064506531 | [-0.1] | -0.0009445347036949481
-0.6009707450866699 | [-0.09] | -0.000872223665469205
-0.5991579294204712 | [-0.09] | -0.000795442436149332
-0.5969170928001404 | [-0.08] | -0.0007155865550824084
-0.594257652759552 | [-0.08] | -0.0006341055195832162
-0.5911916494369507 | [-0.07] | -0.0005524769586997038
-0.5877336859703064 | [-0.07] | -0.0004721738322020956
-0.5839007496833801 | [-0.06] | -0.0003946301513829602
-0.5797122120857239 | [-0.06] | -0.00032121019815584904
-0.5751898288726807 | [-0.05] | -0.0002531784030548547
-0.5703575611114502 | [-0.04] | -0.00019166916574033392
-0.5652413964271545 | [-0.04] | -0.00013766012751151912
-0.5598694086074829 | [-0.03] | -9.195082020224122e-05
-0.554271399974823 | [-0.02] | -5.514202772934464e-05
-0.548478901386261 | [-0.02] | -2.7622807261888135e-05
-0.5425248742103577 | [-0.01] | -9.560630520379089e-06
-0.5364436507225037 | [-0.] | -8.982060656170669e-07
-0.5302706360816956 | [0.] | -1.3549766799524989e-06
-0.5240420699119568 | [0.01] | -1.0434890339564561e-05
-0.5177948474884033 | [0.02] | -2.743963843814166e-05
-0.5115662813186646 | [0.02] | -5.148697005338899e-05
-0.505393922328949 | [0.03] | -8.153346234654026e-05
-0.49931520223617554 | [0.03] | -0.00011640228277329558
-0.4933672547340393 | [0.04] | -0.00015481381996216372
-0.48758673667907715 | [0.04] | -0.00019541856012838675
-0.4820094704627991 | [0.05] | -0.0002368333769559731
-0.4766703248023987 | [0.05] | -0.0002776768897866436
-0.4716029167175293 | [0.06] | -0.00031660638281133665
-0.4668394923210144 | [0.06] | -0.00035235238646642077
-0.46241068840026855 | [0.06] | -0.0003837526721151577
-0.45834529399871826 | [0.06] | -0.0004097840889300512
-0.45467016100883484 | [0.07] | -0.0004295895928628926
-0.4514099955558777 | [0.07] | -0.00044250295017826934
-0.44858723878860474 | [0.07] | -0.0004480680450193042
-0.4462219178676605 | [0.07] | -0.0004460538969442544
-0.444331556558609 | [0.07] | -0.00043646390953725606
-0.44293102622032166 | [0.06] | -0.00041954046185937267
-0.44203245639801025 | [0.06] | -0.00039576330974965684
-0.44164517521858215 | [0.06] | -0.0003658420058978368
-0.4417756497859955 | [0.06] | -0.0003307028534446964
-0.442427396774292 | [0.05] | -0.00029147088011729805
-0.44360095262527466 | [0.05] | -0.0002494459391913012
-0.4452938139438629 | [0.05] | -0.0002060744214301173
-0.4475004971027374 | [0.04] | -0.00016291553611745983
-0.45021241903305054 | [0.03] | -0.00012160571058663639
-0.45341798663139343 | [0.03] | -8.381804049432693e-05
-0.45710259675979614 | [0.02] | -5.122059238693472e-05
-0.4612486958503723 | [0.02] | -2.543314303970731e-05
-0.4658357799053192 | [0.01] | -7.983938104497244e-06
-0.4708405137062073 | [0.] | -2.668176907012635e-07
-0.47623682022094727 | [-0.01] | -3.5005892435748847e-06
-0.4819960296154022 | [-0.01] | -1.8691570951814928e-05
-0.4880869686603546 | [-0.02] | -4.6600311243062953e-05
-0.4944761097431183 | [-0.03] | -8.771330324921382e-05
-0.5011278390884399 | [-0.04] | -0.00014222159704689952
-0.5080045461654663 | [-0.05] | -0.00021000529982995023
-0.5150668621063232 | [-0.05] | -0.00029062606885385767
-0.5222740769386292 | [-0.06] | -0.00038332963681160276
-0.5295840501785278 | [-0.07] | -0.00048705077831356794
-0.536953866481781 | [-0.08] | -0.0006004346814246619
-0.5443397760391235 | [-0.08] | -0.0007218567460881563
-0.5516976714134216 | [-0.09] | -0.0008494566585945731
-0.558983325958252 | [-0.1] | -0.0009811752409908986
-0.5661526322364807 | [-0.11] | -0.001114796453704283
-0.5731620192527771 | [-0.11] | -0.0012479971731270796
-0.5799686312675476 | [-0.12] | -0.001378395445079679
-0.5865306258201599 | [-0.12] | -0.0015036028134687005
-0.5928073525428772 | [-0.13] | -0.001621274889988651
-0.5987597107887268 | [-0.13] | -0.0017291653616779827
-0.6043503880500793 | [-0.14] | -0.0018251762025838837
-0.6095439791679382 | [-0.14] | -0.0019074019267250114
-0.6143072843551636 | [-0.14] | -0.0019741749115142148
-0.6186093688011169 | [-0.14] | -0.002024100092600244
-0.62242192029953 | [-0.14] | -0.0020560928465724474
-0.6257191896438599 | [-0.14] | -0.002069399268209673
-0.6284782290458679 | [-0.14] | -0.0020636190899537437
-0.6306790709495544 | [-0.14] | -0.0020387200384383935
-0.6323047280311584 | [-0.14] | -0.0019950402527509816
-0.633341372013092 | [-0.14] | -0.001933288846447302
-0.6337782740592957 | [-0.14] | -0.001854532392498747
-0.6336080431938171 | [-0.13] | -0.0017601829240202907
-0.6328266859054565 | [-0.13] | -0.0016519734187699976
-0.6314334869384766 | [-0.12] | -0.0015319219595236332
-0.6294311881065369 | [-0.12] | -0.0014022975648423433
-0.6268260478973389 | [-0.11] | -0.0012655765907811458
-0.623627781867981 | [-0.11] | -0.0011243908884825233
-0.6198495626449585 | [-0.1] | -0.0009814734435450237
-0.6155080795288086 | [-0.09] | -0.0008396016393414394
-0.6106234192848206 | [-0.08] | -0.0007015346018613976
-0.6052190661430359 | [-0.08] | -0.0005699523008088073
-0.5993219017982483 | [-0.07] | -0.0004473945940985539
-0.5929620265960693 | [-0.06] | -0.0003361996490011715
-0.5861726403236389 | [-0.05] | -0.00023844731090475618
-0.5789899826049805 | [-0.04] | -0.00015590831394715103
-0.5714529752731323 | [-0.03] | -8.99975163474666e-05
-0.5636033415794373 | [-0.02] | -4.173946431977624e-05
-0.5554850101470947 | [-0.01] | -1.173805017168489e-05
-0.5471441745758057 | [-0.] | -1.6115575489884187e-07
-0.5386287569999695 | [0.01] | -6.733698535565437e-06
-0.5299883484840393 | [0.02] | -3.074339989466747e-05
-0.5212737321853638 | [0.03] | -7.105754752019611e-05
-0.5125365853309631 | [0.04] | -0.00012615126047238297
-0.5038291215896606 | [0.04] | -0.00019414626140014694
-0.49520373344421387 | [0.05] | -0.00027285904607134923
-0.4867126941680908 | [0.06] | -0.00035985621509962136
-0.47840774059295654 | [0.07] | -0.0004525175151537442
-0.4703398048877716 | [0.07] | -0.0005481019545643736
-0.4625585377216339 | [0.08] | -0.0006438194001322957
-0.45511215925216675 | [0.09] | -0.0007368993243392964
-0.44804707169532776 | [0.09] | -0.0008246618094816147
-0.44140756130218506 | [0.1] | -0.000904585498836741
-0.4352355897426605 | [0.1] | -0.0009743701571595263
-0.4295705556869507 | [0.1] | -0.0010319947392096816
-0.42444902658462524 | [0.1] | -0.0010757700414789706
-0.4199046194553375 | [0.11] | -0.0011043812031477647
-0.41596782207489014 | [0.11] | -0.0011169235086080501
-0.4126657545566559 | [0.11] | -0.0011129308410973632
-0.41002216935157776 | [0.1] | -0.0010923902848765036
-0.4080572724342346 | [0.1] | -0.0010557508281914744
-0.40678754448890686 | [0.1] | -0.0010039224468241438
-0.4062258005142212 | [0.1] | -0.0009382604369410878
-0.4063809812068939 | [0.09] | -0.0008605454207730591
-0.40725812315940857 | [0.09] | -0.0007729498638010342
-0.4088583290576935 | [0.08] | -0.0006779953209277131
-0.41117870807647705 | [0.08] | -0.0005785013147682546
-0.41421225666999817 | [0.07] | -0.00047752659407052534
-0.4179478883743286 | [0.06] | -0.0003783003501913189
-0.42237043380737305 | [0.05] | -0.00028414773927211255
-0.427460640668869 | [0.04] | -0.00019841049784322185
-0.4331951141357422 | [0.04] | -0.00012436453387037333
-0.4395464360713959 | [0.03] | -6.513403326295685e-05
-0.44648319482803345 | [0.02] | -2.3607183811499807e-05
-0.45397013425827026 | [0.] | -2.3539280199547964e-06
-0.46196821331977844 | [-0.01] | -3.5493754675875117e-06
-0.47043484449386597 | [-0.02] | -2.8904230569144157e-05
-0.47932401299476624 | [-0.03] | -7.960522980385992e-05
-0.48858657479286194 | [-0.04] | -0.00015626758800751938
-0.49817055463790894 | [-0.05] | -0.0002589018915462052
-0.508021354675293 | [-0.06] | -0.00038689492010168943
-0.5180822610855103 | [-0.07] | -0.0005390096573158755
-0.5282946825027466 | [-0.08] | -0.0007133988035843645
-0.5385985970497131 | [-0.1] | -0.0009076367829694031
-0.5489329099655151 | [-0.11] | -0.0011187658512991979
-0.5592360496520996 | [-0.12] | -0.0013433611165993818
-0.569446325302124 | [-0.13] | -0.0015776037733218704
-0.5795022249221802 | [-0.13] | -0.0018173618886865941
-0.5893430113792419 | [-0.14] | -0.0020582867936645545
-0.5989090800285339 | [-0.15] | -0.002295909241174911
-0.6081424355506897 | [-0.16] | -0.0025257412755548326
-0.616986870765686 | [-0.17] | -0.0027433703884977107
-0.6253884434700012 | [-0.17] | -0.00294455976027232
-0.6332958340644836 | [-0.18] | -0.0031253429547425473
-0.6406604051589966 | [-0.18] | -0.003282100616116697
-0.6474367380142212 | [-0.18] | -0.0034116488144036584
-0.6535825729370117 | [-0.19] | -0.0035112966609699217
-0.6590591073036194 | [-0.19] | -0.0035789082173366712
-0.6638311743736267 | [-0.19] | -0.0036129502633764662
-0.6678673624992371 | [-0.19] | -0.003612527136300277
-0.6711401343345642 | [-0.19] | -0.0035774050674734405
-0.6736258268356323 | [-0.19] | -0.003508020452874984
-0.6753048896789551 | [-0.18] | -0.0034054858613083447
-0.6761618256568909 | [-0.18] | -0.003271573115203513
-0.6761853694915771 | [-0.18] | -0.003108693255284579
-0.6753685474395752 | [-0.17] | -0.002919859826151321
-0.6737086772918701 | [-0.16] | -0.0027086379893353518
-0.6712075471878052 | [-0.16] | -0.002479087867927107
-0.667871356010437 | [-0.15] | -0.0022356879726948414
-0.6637108325958252 | [-0.14] | -0.001983253638071637
-0.6587414145469666 | [-0.13] | -0.0017268463428521453
-0.6529830694198608 | [-0.12] | -0.0014716636050964298
-0.6464604735374451 | [-0.11] | -0.00122293254794312
-0.6392030119895935 | [-0.1] | -0.0009857925479422366
-0.6312447190284729 | [-0.09] | -0.0007651746409318505
-0.6226242780685425 | [-0.08] | -0.0005656825111477568
-0.6133848428726196 | [-0.06] | -0.00039147482789871904
-0.6035739779472351 | [-0.05] | -0.00024615709113087194
-0.5932434797286987 | [-0.04] | -0.0001326825917283699
-0.5824490785598755 | [-0.02] | -5.326745865441246e-05
-0.5712502002716064 | [-0.01] | -9.324399164386253e-06
-0.5597096085548401 | [0.] | -1.4164452018674982e-06
-0.5478931069374084 | [0.02] | -2.9233408145226183e-05
-0.5358688831329346 | [0.03] | -9.159288869887714e-05
-0.5237072706222534 | [0.04] | -0.00018646539609491614
-0.5114800930023193 | [0.06] | -0.0003110241892723643
-0.4992600977420807 | [0.07] | -0.00046171821935536467
-0.4871205687522888 | [0.08] | -0.0006343626575663066
-0.47513461112976074 | [0.09] | -0.0008242498533340818
-0.46337467432022095 | [0.1] | -0.0010262710010439586
-0.451911985874176 | [0.11] | -0.0012350485702487205
-0.44081613421440125 | [0.12] | -0.0014450707605086074
-0.4301544725894928 | [0.13] | -0.0016508320016570004
-0.41999176144599915 | [0.14] | -0.0018469660568242484
-0.41038981080055237 | [0.14] | -0.0020283733862003646
-0.40140706300735474 | [0.15] | -0.002190343337416531
-0.3930983543395996 | [0.15] | -0.0023286608118951017
-0.3855147063732147 | [0.16] | -0.0024397008888218004
-0.3787030279636383 | [0.16] | -0.002520513756058952
-0.37270602583885193 | [0.16] | -0.0025688892994221663
-0.36756202578544617 | [0.16] | -0.0025834109062679578
-0.3633049428462982 | [0.16] | -0.002563489860635553
-0.3599641025066376 | [0.16] | -0.0025093901975734023
-0.35756421089172363 | [0.16] | -0.002422233322728616
-0.35612526535987854 | [0.15] | -0.0023039896358342015
-0.3556624948978424 | [0.15] | -0.002157453524302917
-0.35618630051612854 | [0.14] | -0.0019862022972011997
-0.35770219564437866 | [0.13] | -0.0017945390408192258
-0.3602106273174286 | [0.13] | -0.0015874221468030272
-0.3637070059776306 | [0.12] | -0.001370372342451266
-0.3681815266609192 | [0.11] | -0.001149369420556976
-0.37361907958984375 | [0.1] | -0.0009307304873190534
-0.37999919056892395 | [0.08] | -0.0007209734508189738
-0.3872959315776825 | [0.07] | -0.0005266690432389244
-0.395477831363678 | [0.06] | -0.00035428296415824807
-0.4045078754425049 | [0.05] | -0.00021001017167752574
-0.4143434762954712 | [0.03] | -9.960767213551636e-05
-0.42493656277656555 | [0.02] | -2.822887668907032e-05
-0.43623366951942444 | [0.] | -2.664419162971138e-07
-0.4481760859489441 | [-0.01] | -1.9208117587556086e-05
-0.4607001543045044 | [-0.03] | -8.751212476410531e-05
-0.47373753786087036 | [-0.05] | -0.00020650740609856646
-0.48721563816070557 | [-0.06] | -0.0003763234198161811
-0.5010581016540527 | [-0.08] | -0.0005958542264917776
-0.5151852965354919 | [-0.09] | -0.0008627570227720892
-0.5295149087905884 | [-0.11] | -0.0011734878241074914
-0.5439625978469849 | [-0.12] | -0.0015233731975139
-0.5584428310394287 | [-0.14] | -0.0019067194135932446
-0.5728693008422852 | [-0.15] | -0.0023169397651234083
-0.5871559381484985 | [-0.17] | -0.002746721730521292
-0.6012173891067505 | [-0.18] | -0.0031881970544508733
-0.6149697303771973 | [-0.19] | -0.003633131075520599
-0.6283313035964966 | [-0.2] | -0.004073123066784275
-0.6412229537963867 | [-0.21] | -0.004499785508095273
-0.6535688042640686 | [-0.22] | -0.004904938218232302
-0.6652966141700745 | [-0.23] | -0.005280778760673371
-0.6763380765914917 | [-0.24] | -0.005620037192383591
-0.6866292953491211 | [-0.24] | -0.005916125634435412
-0.6961107850074768 | [-0.25] | -0.006163249733166613
-0.704727828502655 | [-0.25] | -0.006356521517517058
-0.7124304175376892 | [-0.25] | -0.006492036172750801
-0.7191734910011292 | [-0.26] | -0.006566947145466431
-0.7249168753623962 | [-0.26] | -0.006579511862202542
-0.7296252846717834 | [-0.26] | -0.00652912487508513
-0.7332683205604553 | [-0.25] | -0.006416336464784775
-0.7358204126358032 | [-0.25] | -0.006242853055078455
-0.7372609972953796 | [-0.25] | -0.006011534850273632
-0.7375743985176086 | [-0.24] | -0.005726361519412734
-0.7367498874664307 | [-0.23] | -0.005392389819092023
-0.734781801700592 | [-0.22] | -0.005015695333867141
-0.7316696643829346 | [-0.21] | -0.004603293488316124
-0.7274181842803955 | [-0.2] | -0.004163034086931356
-0.7220376133918762 | [-0.19] | -0.0037034890168926187
-0.715543806552887 | [-0.18] | -0.003233802836522899
-0.7079584002494812 | [-0.17] | -0.002763526753695392
-0.6993090510368347 | [-0.15] | -0.0023024328677766766
-0.6896296739578247 | [-0.14] | -0.001860308891224495
-0.6789605021476746 | [-0.12] | -0.0014467311873518852
-0.6673482656478882 | [-0.1] | -0.001070833129876653
-0.6548462510108948 | [-0.09] | -0.0007410661872716552
-0.641514241695404 | [-0.07] | -0.00046496370023697104
-0.6274185180664062 | [-0.05] | -0.00024891991106044123
-0.6126314997673035 | [-0.03] | -9.798654004693002e-05
-0.5972315669059753 | [-0.01] | -1.5705173505659814e-05
-0.5813027024269104 | [0.01] | -3.976758651297666e-06
-0.564933717250824 | [0.03] | -6.297880493617709e-05
-0.5482178926467896 | [0.04] | -0.00019113634362719623
-0.5312520265579224 | [0.06] | -0.0003851481908825374
-0.5141356587409973 | [0.08] | -0.0006400695020947287
-0.4969702661037445 | [0.1] | -0.0009494451357951184
-0.4798581898212433 | [0.11] | -0.0013054929015324129
-0.46290186047554016 | [0.13] | -0.0016993208724166223
-0.44620269536972046 | [0.15] | -0.0021211790813932124
-0.42986035346984863 | [0.16] | -0.002560723209191194
-0.41397178173065186 | [0.17] | -0.0030072905832793833
-0.3986305296421051 | [0.19] | -0.0034501691955168058
-0.383926123380661 | [0.2] | -0.0038788552396098203
-0.3699434697628021 | [0.21] | -0.00428329370004503
-0.3567624092102051 | [0.22] | -0.004654094330839507
-0.3444574177265167 | [0.22] | -0.004982719107941874
-0.3330973982810974 | [0.23] | -0.0052616408236817475
-0.32274556159973145 | [0.23] | -0.005484475271046027
-0.3134593069553375 | [0.24] | -0.005646090105586142
-0.3052903413772583 | [0.24] | -0.005742681596826761
-0.2982846796512604 | [0.24] | -0.005771837377256612
-0.29248273372650146 | [0.24] | -0.005732577434775302
-0.28791943192481995 | [0.24] | -0.005625376237215145
-0.284624308347702 | [0.23] | -0.0054521696597732445
-0.2826216220855713 | [0.23] | -0.005216344198726392
-0.2819302976131439 | [0.22] | -0.00492271571575334
-0.2825640141963959 | [0.21] | -0.004577481525840982
-0.2845311164855957 | [0.2] | -0.004188158222473548
-0.28783443570137024 | [0.19] | -0.0037634973138530588
-0.2924712002277374 | [0.18] | -0.0033133687769335146
-0.29843276739120483 | [0.17] | -0.0028486201257333695
-0.30570438504219055 | [0.15] | -0.002380900828427898
-0.31426483392715454 | [0.14] | -0.0019224556238032196
-0.32408612966537476 | [0.12] | -0.0014858808650143607
-0.3351331651210785 | [0.1] | -0.0010838495188856935
-0.3473634123802185 | [0.09] | -0.0007288064407084662
-0.36072665452957153 | [0.07] | -0.00043264155004267595
-0.3751647472381592 | [0.05] | -0.00020634971840692237
-0.39061152935028076 | [0.02] | -5.968820203214876e-05
-0.4069928228855133 | [0.] | -8.468583996976836e-07
-0.4242265522480011 | [-0.02] | -3.614609049617003e-05
-0.44222310185432434 | [-0.04] | -0.00016977849568106142
-0.4608857333660126 | [-0.06] | -0.0004036093669226707
-0.4801112413406372 | [-0.09] | -0.0007370491373443174
-0.499790757894516 | [-0.11] | -0.0011670076800969348
-0.5198107361793518 | [-0.13] | -0.0016879358669780438
-0.5400540232658386 | [-0.15] | -0.0022919528296587027
-0.5604010224342346 | [-0.17] | -0.0029690545232028444
-0.5807310342788696 | [-0.19] | -0.003707396095259047
-0.600923478603363 | [-0.21] | -0.004493626592628197
-0.6208591461181641 | [-0.23] | -0.005313263052986464
-0.6404213905334473 | [-0.25] | -0.006151083298443884
-0.6594973206520081 | [-0.26] | -0.006991525854069725
-0.6779786348342896 | [-0.28] | -0.007819062889652745
-0.6957625150680542 | [-0.29] | -0.008618553695367572
-0.7127521634101868 | [-0.31] | -0.009375548707281335
-0.7288573384284973 | [-0.32] | -0.010076557883069307
-0.7439947128295898 | [-0.33] | -0.010709274389990465
-0.7580878138542175 | [-0.34] | -0.011262732053445567
-0.7710671424865723 | [-0.34] | -0.011727444608307921
-0.7828699946403503 | [-0.35] | -0.012095496931946859
-0.7934402227401733 | [-0.35] | -0.012360608781619473
-0.8027279376983643 | [-0.35] | -0.012518177064793147
-0.8106891512870789 | [-0.35] | -0.01256530059242375
-0.8172853589057922 | [-0.35] | -0.012500791237480623
-0.8224834203720093 | [-0.35] | -0.01232519792134435
-0.8262549638748169 | [-0.35] | -0.012040790337525776
-0.828576385974884 | [-0.34] | -0.011651577272006821
-0.829428493976593 | [-0.33] | -0.011163289480095975
-0.8287965655326843 | [-0.33] | -0.010583377953997879
-0.8266703486442566 | [-0.31] | -0.009920988915266823
-0.8230440020561218 | [-0.3] | -0.009186910846444437
-0.8179165720939636 | [-0.29] | -0.008393524893369027
-0.8112921714782715 | [-0.27] | -0.007554696175536552
-0.803180456161499 | [-0.26] | -0.006685638769114633
-0.7935971021652222 | [-0.24] | -0.005802728003451038
-0.7825643420219421 | [-0.22] | -0.004923259464509122
-0.7701117396354675 | [-0.2] | -0.00406516008061921
-0.7562767267227173 | [-0.18] | -0.0032466280126831845
-0.7411051988601685 | [-0.16] | -0.002485721433896019
-0.7246521711349487 | [-0.13] | -0.001799904751225611
-0.7069822549819946 | [-0.11] | -0.0012055551967663951
-0.6881700158119202 | [-0.08] | -0.0007174540509147357
-0.6683000922203064 | [-0.06] | -0.00034828198291130897
-0.6474671959877014 | [-0.03] | -0.00010815011475418524
-0.6257758140563965 | [-0.01] | -4.190395111090904e-06
-0.6033397912979126 | [0.02] | -4.0233922365740324e-05
-0.5802813172340393 | [0.05] | -0.00021660071863241004
-0.5567299723625183 | [0.07] | -0.0005300216869530639
-0.5328212976455688 | [0.1] | -0.0009737012301605718
-0.5086954832077026 | [0.12] | -0.0015375151394632137
-0.4844954013824463 | [0.15] | -0.0022083469620540475
-0.4603649973869324 | [0.17] | -0.002970526813252373
-0.43644750118255615 | [0.2] | -0.0038063537628780456
-0.41288354992866516 | [0.22] | -0.004696674819360418
-0.3898096978664398 | [0.24] | -0.0056214710842310035
-0.36735689640045166 | [0.26] | -0.006560434430889356
-0.34564927220344543 | [0.27] | -0.007493502195075365
-0.3248031735420227 | [0.29] | -0.00840132602200634
-0.30492642521858215 | [0.3] | -0.00926567114845376
-0.2861180007457733 | [0.32] | -0.010069725846344288
-0.2684677839279175 | [0.33] | -0.010798343905287746
-0.25205671787261963 | [0.34] | -0.011438204398706376
-0.23695701360702515 | [0.35] | -0.011977921163766643
-0.22323265671730042 | [0.35] | -0.012408096465955188
-0.2109399437904358 | [0.36] | -0.012721344713494549
-0.20012813806533813 | [0.36] | -0.012912292374482126
-0.19084012508392334 | [0.36] | -0.012977570085578184
-0.18311309814453125 | [0.36] | -0.01291579993369052
-0.1769791543483734 | [0.36] | -0.012727591611497953
-0.17246590554714203 | [0.35] | -0.012415540400749886
-0.16959689557552338 | [0.35] | -0.011984241318583897
-0.16839195787906647 | [0.34] | -0.011440306963896165
-0.16886737942695618 | [0.33] | -0.010792392418390279
-0.1710360199213028 | [0.32] | -0.010051209418392807
-0.1749071627855301 | [0.3] | -0.009229536088407776
-0.180486261844635 | [0.29] | -0.008342199189898671
-0.18777452409267426 | [0.27] | -0.007406021179660426
-0.19676828384399414 | [0.25] | -0.006439720180050352
-0.20745831727981567 | [0.23] | -0.005463741373895245
-0.21982897818088531 | [0.21] | -0.004500015390269286
-0.233857199549675 | [0.19] | -0.0035716294882139343
-0.2495115101337433 | [0.16] | -0.002702398683941988
-0.2667509615421295 | [0.14] | -0.001916343404858001
Total reward: -1.1551602428824737
1.0, 5.5, 0.5
parameter ends

state | action | reward
[-0.43] | [0.07] | -0.0005219693393318181
-0.4283531606197357 | [0.07] | -0.0004670831298456074
-0.4295559227466583 | [0.06] | -0.0004074130391142371
-0.4313589334487915 | [0.06] | -0.00034485649457431503
-0.43375685811042786 | [0.05] | -0.00028147815907870886
-0.436740905046463 | [0.05] | -0.00021946316378038266
-0.44029876589775085 | [0.04] | -0.0001610661137188782
-0.4444146752357483 | [0.03] | -0.00010855548479540692
-0.4490694999694824 | [0.03] | -6.415604390641208e-05
-0.4542406499385834 | [0.02] | -2.999157720701565e-05
-0.45990225672721863 | [0.01] | -8.026227089739956e-06
-0.4660252332687378 | [0.] | -8.900487413109276e-09
-0.47257742285728455 | [-0.01] | -7.420976761325773e-06
-0.4795237183570862 | [-0.02] | -3.142925324445009e-05
-0.48682621121406555 | [-0.03] | -7.284521529106896e-05
-0.4944444000720978 | [-0.04] | -0.00013209226990448276
-0.5023354887962341 | [-0.05] | -0.00020918290565525994
-0.510454535484314 | [-0.06] | -0.0003037046514911311
-0.5187548398971558 | [-0.06] | -0.0004148187190572036
-0.5271880626678467 | [-0.07] | -0.0005412663094303508
-0.5357047319412231 | [-0.08] | -0.0006813904370498678
-0.5442544221878052 | [-0.09] | -0.0008331639669489279
-0.5527862310409546 | [-0.1] | -0.0009942316299313984
-0.5612489581108093 | [-0.11] | -0.001161956035496214
-0.5695916414260864 | [-0.12] | -0.0013334770486391327
-0.5777636766433716 | [-0.12] | -0.001505769467898114
-0.5857152938842773 | [-0.13] | -0.0016757118980465229
-0.5933979153633118 | [-0.14] | -0.0018401564616483776
-0.6007643342018127 | [-0.14] | -0.001995995342888968
-0.6077690720558167 | [-0.15] | -0.002140230635072182
-0.6143686771392822 | [-0.15] | -0.0022700414280676265
-0.6205219030380249 | [-0.15] | -0.002382844061171662
-0.6261899471282959 | [-0.16] | -0.0024763493818703705
-0.6313366889953613 | [-0.16] | -0.002548614696645541
-0.6359288692474365 | [-0.16] | -0.0025980875063170016
-0.6399362087249756 | [-0.16] | -0.0026236402827673803
-0.6433315873146057 | [-0.16] | -0.0026245992750916825
-0.6460911631584167 | [-0.16] | -0.002600763314793997
-0.6481944918632507 | [-0.16] | -0.0025524140723828703
-0.6496245861053467 | [-0.16] | -0.0024803155179998608
-0.6503680944442749 | [-0.15] | -0.0023857082157286357
-0.6504152417182922 | [-0.15] | -0.00227028687930338
-0.6497600674629211 | [-0.15] | -0.0021361783756132483
-0.6484003663063049 | [-0.14] | -0.0019859013067375234
-0.6463377475738525 | [-0.13] | -0.0018223209294800276
-0.6435777544975281 | [-0.13] | -0.0016485975381247263
-0.640129804611206 | [-0.12] | -0.0014681222723737716
-0.6360073089599609 | [-0.11] | -0.0012844512037980408
-0.6312276721000671 | [-0.1] | -0.0011012305181033858
-0.6258121728897095 | [-0.1] | -0.0009221153046225956
-0.6197860836982727 | [-0.09] | -0.000750691054332564
-0.6131784915924072 | [-0.08] | -0.0005903885421334959
-0.6060223579406738 | [-0.07] | -0.0004444044758756165
-0.5983543395996094 | [-0.06] | -0.0003156214330960036
-0.5902146100997925 | [-0.05] | -0.00020653450164169205
-0.581646740436554 | [-0.03] | -0.00011918705178769231
-0.5726975202560425 | [-0.02] | -5.511545604657781e-05
-0.563416600227356 | [-0.01] | -1.5305246888691962e-05
-0.5538563132286072 | [-0.] | -1.624687474725134e-07
-0.5440713167190552 | [0.01] | -9.498951156151296e-06
-0.5341182351112366 | [0.02] | -4.253371455286643e-05
-0.5240553617477417 | [0.03] | -9.79100400045844e-05
-0.5139421224594116 | [0.04] | -0.00017372891881871878
-0.5038387775421143 | [0.05] | -0.00026759651927649603
-0.4938059449195862 | [0.06] | -0.00037668551918756867
-0.4839041829109192 | [0.07] | -0.0004978078282816372
-0.47419360280036926 | [0.08] | -0.000627495660216173
-0.46473339200019836 | [0.09] | -0.0007620913608052829
-0.4555814266204834 | [0.09] | -0.0008978399886648997
-0.44679391384124756 | [0.1] | -0.0010309837626052874
-0.43842506408691406 | [0.11] | -0.0011578547814260556
-0.4305266737937927 | [0.11] | -0.0012749678171851465
-0.42314791679382324 | [0.12] | -0.0013791035965830143
-0.4163350462913513 | [0.12] | -0.0014673879030861136
-0.4101311266422272 | [0.12] | -0.0015373623275012904
-0.4045758843421936 | [0.13] | -0.0015870433780488494
-0.3997054994106293 | [0.13] | -0.001614972909823819
-0.39555245637893677 | [0.13] | -0.0016202568702241823
-0.3921453654766083 | [0.13] | -0.0016025933378140712
-0.3895089328289032 | [0.12] | -0.001562285343340221
-0.3876637816429138 | [0.12] | -0.001500245586202244
-0.38662639260292053 | [0.12] | -0.0014179859164527636
-0.3864090144634247 | [0.11] | -0.0013175952946761094
-0.3870195746421814 | [0.11] | -0.0012017053472933934
-0.3884616196155548 | [0.1] | -0.0010734429523616266
-0.3907342553138733 | [0.1] | -0.0009363708553660269
-0.3938320577144623 | [0.09] | -0.0007944173269652174
-0.3977450132369995 | [0.08] | -0.0006517941587104655
-0.4024584889411926 | [0.07] | -0.0005129044251541504
-0.4079532325267792 | [0.06] | -0.00038224150629315016
-0.41420528292655945 | [0.05] | -0.00026428276903454065
-0.42118602991104126 | [0.04] | -0.00016337681163541235
-0.42886221408843994 | [0.03] | -8.362970575457622e-05
-0.4371960163116455 | [0.02] | -2.879161444175639e-05
-0.4461451470851898 | [0.] | -2.147963924684429e-06
-0.4556630253791809 | [-0.01] | -6.418125038897883e-06
-0.46569889783859253 | [-0.02] | -4.366542336268402e-05
-0.4761981964111328 | [-0.03] | -0.00011522184680274313
-0.4871027171611786 | [-0.05] | -0.00022163001066463628
-0.4983510375022888 | [-0.06] | -0.00036260586091217917
-0.5098788738250732 | [-0.07] | -0.000537023113848477
-0.5216194987297058 | [-0.09] | -0.0007429207154354917
-0.5335042476654053 | [-0.1] | -0.0009775342343315988
-0.5454630255699158 | [-0.11] | -0.0012373502802310737
-0.557424783706665 | [-0.12] | -0.0015181801541147345
-0.5693181157112122 | [-0.13] | -0.0018152543448909286
-0.5810717344284058 | [-0.15] | -0.0021233302580073734
-0.592615008354187 | [-0.16] | -0.002436812089034283
-0.6038784980773926 | [-0.17] | -0.00274988045993433
-0.6147944331169128 | [-0.17] | -0.0030566238620842725
-0.6252971291542053 | [-0.18] | -0.0033511704612259603
-0.6353234648704529 | [-0.19] | -0.003627818932078425
-0.6448131799697876 | [-0.2] | -0.0038811593462624973
-0.6537091732025146 | [-0.2] | -0.00410618587014331
-0.6619579195976257 | [-0.21] | -0.004298405293574134
-0.6695094704627991 | [-0.21] | -0.0044539195507284956
-0.6763178706169128 | [-0.21] | -0.004569512423735148
-0.6823412179946899 | [-0.22] | -0.0046427108963528075
-0.687541663646698 | [-0.22] | -0.004671830269089116
-0.6918857097625732 | [-0.22] | -0.004656019912128388
-0.6953442096710205 | [-0.21] | -0.004595283197935334
-0.697892427444458 | [-0.21] | -0.00449048616980183
-0.6995100975036621 | [-0.21] | -0.004343353201891392
-0.7001814246177673 | [-0.2] | -0.004156445868340297
-0.6998952627182007 | [-0.2] | -0.003933135260428076
-0.6986451148986816 | [-0.19] | -0.0036775516472815394
-0.6964293122291565 | [-0.18] | -0.0033945261053781373
-0.6932509541511536 | [-0.18] | -0.0030895073123749298
-0.6891180872917175 | [-0.17] | -0.002768472306633858
-0.6840437650680542 | [-0.16] | -0.002437817357752066
-0.6780462861061096 | [-0.15] | -0.002104240603461108
-0.6711490154266357 | [-0.13] | -0.0017745982365709211
-0.6633807420730591 | [-0.12] | -0.001455766930366035
-0.6547755599021912 | [-0.11] | -0.0011544836141660448
-0.6453728675842285 | [-0.09] | -0.0008771856159267117
-0.635217547416687 | [-0.08] | -0.0006298542625900053
-0.6243597269058228 | [-0.06] | -0.00041785333212176795
-0.6128545999526978 | [-0.05] | -0.00024578155434608204
-0.6007623672485352 | [-0.03] | -0.0001173416625965873
-0.5881479382514954 | [-0.02] | -3.522641635920337e-05
-0.5750805735588074 | [-0.] | -1.0304962471778752e-06
-0.5616334676742554 | [0.01] | -1.5192241902464037e-05
-0.5478832125663757 | [0.03] | -7.696823468853614e-05
-0.5339093804359436 | [0.04] | -0.00018444200413984121
-0.5197938084602356 | [0.06] | -0.00033456781545204706
-0.505620002746582 | [0.07] | -0.0005232480649393203
-0.4914724826812744 | [0.09] | -0.0007454407990203313
-0.47743603587150574 | [0.1] | -0.0009952955144262787
-0.46359503269195557 | [0.11] | -0.0012663097327265391
-0.4500328600406647 | [0.12] | -0.001551498592817136
-0.43683111667633057 | [0.14] | -0.0018435801757748756
-0.4240691363811493 | [0.15] | -0.002135157184595896
-0.4118233919143677 | [0.16] | -0.002418900748060768
-0.4001670479774475 | [0.16] | -0.0026877240876765286
-0.38916951417922974 | [0.17] | -0.0029349468358815813
-0.3788961172103882 | [0.18] | -0.003154442934735481
-0.3694078326225281 | [0.18] | -0.0033407722008017005
-0.36076098680496216 | [0.19] | -0.0034892967335662197
-0.3530072569847107 | [0.19] | -0.0035962696698114936
-0.3461933732032776 | [0.19] | -0.0036589190161353292
-0.34036117792129517 | [0.19] | -0.003675499857707932
-0.3355475068092346 | [0.19] | -0.003645337770091926
-0.331784188747406 | [0.19] | -0.003568850342004903
-0.32909801602363586 | [0.19] | -0.003447553105147628
-0.3275107145309448 | [0.18] | -0.003284048537489053
-0.32703888416290283 | [0.18] | -0.0030819983063947944
-0.3276939392089844 | [0.17] | -0.0028460766480687574
-0.3294821083545685 | [0.16] | -0.0025819023737489975
-0.332404226064682 | [0.15] | -0.002295957450318067
-0.33645567297935486 | [0.14] | -0.001995478884050507
-0.34162619709968567 | [0.13] | -0.0016883324732342255
-0.34789982438087463 | [0.12] | -0.0013828620813887578
-0.3552546501159668 | [0.1] | -0.001087721288225946
-0.36366260051727295 | [0.09] | -0.0008116858708469015
-0.37308943271636963 | [0.08] | -0.0005634442499234497
-0.3834945261478424 | [0.06] | -0.0003513811796133639
-0.3948308229446411 | [0.04] | -0.00018335116513329734
-0.40704479813575745 | [0.03] | -6.64518764879196e-05
-0.4200765788555145 | [0.01] | -6.804061098393739e-06
-0.4338599741458893 | [-0.01] | -9.348265979500075e-06
-0.4483228027820587 | [-0.03] | -7.766483597413535e-05
-0.46338722109794617 | [-0.05] | -0.00021382811839890114
-0.47897014021873474 | [-0.06] | -0.0004183011574386214
-0.4949837923049927 | [-0.08] | -0.0006898775642291654
-0.5113363862037659 | [-0.1] | -0.0010256751593940572
-0.5279328227043152 | [-0.12] | -0.0014211809745092766
-0.5446755886077881 | [-0.14] | -0.0018703516711192415
-0.5614655017852783 | [-0.15] | -0.002365756138047194
-0.5782027840614319 | [-0.17] | -0.0028987689055860037
-0.5947877168655396 | [-0.19] | -0.0034597829892185385
-0.6111217737197876 | [-0.2] | -0.004038461617609398
-0.6271083950996399 | [-0.22] | -0.004623996185638144
-0.6426536440849304 | [-0.23] | -0.005205360681532373
-0.6576671004295349 | [-0.24] | -0.0057715761556185186
-0.6720622777938843 | [-0.25] | -0.006311942689928939
-0.6857572793960571 | [-0.26] | -0.006816269058112123
-0.6986751556396484 | [-0.27] | -0.007275067558551909
-0.7107440829277039 | [-0.28] | -0.0076797196104679485
-0.7218976616859436 | [-0.28] | -0.008022624913319456
-0.732075035572052 | [-0.29] | -0.008297319958826375
-0.7412208914756775 | [-0.29] | -0.008498571423233394
-0.7492853403091431 | [-0.29] | -0.008622442159665969
-0.7562240362167358 | [-0.29] | -0.00866635576672778
-0.7619978189468384 | [-0.29] | -0.008629117052543342
-0.7665728330612183 | [-0.29] | -0.008510947513322107
-0.769920289516449 | [-0.29] | -0.008313484995665447
-0.7720164060592651 | [-0.28] | -0.008039779806079823
-0.7728424668312073 | [-0.28] | -0.007694282331875333
-0.7723846435546875 | [-0.27] | -0.00728279931171363
-0.7706341743469238 | [-0.26] | -0.006812451080988661
-0.7675874829292297 | [-0.25] | -0.006291601724720321
-0.7632461786270142 | [-0.24] | -0.005729757448686622
-0.7576174736022949 | [-0.23] | -0.005137457824868722
-0.7507143020629883 | [-0.21] | -0.004526119315038137
-0.7425556182861328 | [-0.2] | -0.003907855468328905
-0.7331668734550476 | [-0.18] | -0.0032952698696710084
-0.7225801944732666 | [-0.16] | -0.0027012032898497355
-0.7108347415924072 | [-0.15] | -0.0021384593337583414
-0.6979770660400391 | [-0.13] | -0.0016195052601443488
-0.6840612888336182 | [-0.11] | -0.001156150242740731
-0.6691492795944214 | [-0.09] | -0.0007592179919345619
-0.6533106565475464 | [-0.07] | -0.00043822232597572075
-0.6366229057312012 | [-0.04] | -0.00020106393485703894
-0.6191708445549011 | [-0.02] | -5.3752569043020396e-05
-0.6010465621948242 | [-0.] | -1.857877899969808e-07
-0.5823487043380737 | [0.02] | -4.198247967356775e-05
-0.5631817579269409 | [0.04] | -0.0001783923541133916
-0.543655276298523 | [0.06] | -0.0004062840330484444
-0.5238828659057617 | [0.08] | -0.0007202155498564193
-0.5039809942245483 | [0.11] | -0.0011125871927282276
-0.4840679466724396 | [0.13] | -0.0015738639100494611
-0.4642625153064728 | [0.14] | -0.002092863534875866
-0.444682776927948 | [0.16] | -0.0026570909046534316
-0.4254448711872101 | [0.18] | -0.0032531028256291526
-0.4066619873046875 | [0.2] | -0.0038668821259183503
-0.3884432911872864 | [0.21] | -0.004484212339841466
-0.37089306116104126 | [0.23] | -0.005091033349373195
-0.3541100323200226 | [0.24] | -0.005673762302249322
-0.3381868004798889 | [0.25] | -0.006219583779312978
-0.3232094645500183 | [0.26] | -0.00671669310491483
-0.3092574179172516 | [0.27] | -0.007154497292219781
-0.296403169631958 | [0.27] | -0.007523781236375324
-0.284712553024292 | [0.28] | -0.007816822666675426
-0.2742447257041931 | [0.28] | -0.008027491047020432
-0.26505246758461 | [0.29] | -0.008151308935773907
-0.25718238949775696 | [0.29] | -0.008185498172672388
-0.250675231218338 | [0.29] | -0.008129008120190672
-0.24556615948677063 | [0.28] | -0.007982529262007581
-0.2418850213289261 | [0.28] | -0.007748498339861573
-0.2396565079689026 | [0.27] | -0.0074310949470990754
-0.2389003038406372 | [0.27] | -0.0070362251345865035
-0.23963114619255066 | [0.26] | -0.00657149112238248
-0.2418588101863861 | [0.25] | -0.006046142963942312
-0.24558793008327484 | [0.23] | -0.005471010612420842
-0.25081780552864075 | [0.22] | -0.004858402241921551
-0.25754210352897644 | [0.21] | -0.004221968311245644
-0.26574838161468506 | [0.19] | -0.0035765267507017365
-0.275417685508728 | [0.17] | -0.0029378348335231557
-0.2865239679813385 | [0.15] | -0.002322314396064257
-0.29903358221054077 | [0.13] | -0.0017467205242660572
-0.3129046559333801 | [0.11] | -0.001227763723316833
-0.32808658480644226 | [0.09] | -0.0007816831580054876
-0.34451958537101746 | [0.07] | -0.0004237866947768226
-0.36213433742523193 | [0.04] | -0.0001679725515970073
-0.3808518052101135 | [0.02] | -2.625087564291917e-05
-0.4005831480026245 | [-0.01] | -8.291073779620462e-06
-0.4212299585342407 | [-0.03] | -0.0001210167194883996
-0.44268471002578735 | [-0.06] | -0.0003682772811848639
-0.4648314118385315 | [-0.09] | -0.0007506184816566232
-0.48754653334617615 | [-0.11] | -0.0012651692499054971
-0.5107002258300781 | [-0.14] | -0.0019056600705778652
-0.5341576933860779 | [-0.16] | -0.0026625727715293944
-0.5577807426452637 | [-0.19] | -0.0035234168340311034
-0.5814294815063477 | [-0.21] | -0.004473117264298849
-0.6049638986587524 | [-0.23] | -0.005494483767634186
-0.6282457113265991 | [-0.26] | -0.00656874918529305
-0.6511399745941162 | [-0.28] | -0.007676129571768051
-0.6735163927078247 | [-0.3] | -0.008796372683710547
-0.6952508687973022 | [-0.31] | -0.009909299283997005
-0.7162262797355652 | [-0.33] | -0.010995259056331643
-0.736333429813385 | [-0.35] | -0.012035544075308713
-0.7554715871810913 | [-0.36] | -0.013012719575168372
-0.7735487222671509 | [-0.37] | -0.013910871817211188
-0.790481448173523 | [-0.38] | -0.014715781600267236
-0.806195080280304 | [-0.39] | -0.015415055732130256
-0.8206230998039246 | [-0.4] | -0.015998179085209868
-0.8337067365646362 | [-0.41] | -0.01645654489005465
-0.8453943133354187 | [-0.41] | -0.016783447611080745
-0.8556407690048218 | [-0.41] | -0.01697408252497048
-0.8644067645072937 | [-0.41] | -0.017025505810280225
-0.8716582655906677 | [-0.41] | -0.016936638179848373
-0.87736576795578 | [-0.41] | -0.016708240876941748
-0.8815039396286011 | [-0.4] | -0.01634293395373669
-0.8840510845184326 | [-0.4] | -0.01584520172954008
-0.8849888443946838 | [-0.39] | -0.015221419280779653
-0.884302020072937 | [-0.38] | -0.01447988315620599
-0.8819785714149475 | [-0.37] | -0.013630844010908095
-0.8780097961425781 | [-0.36] | -0.012686531485664933
-0.8723904490470886 | [-0.34] | -0.011661143704843625
-0.8651193380355835 | [-0.33] | -0.010570828935648006
-0.8561996817588806 | [-0.31] | -0.009433594539622538
-0.8456400036811829 | [-0.29] | -0.008269186828214203
-0.833454966545105 | [-0.27] | -0.007098884749450474
-0.8196662068367004 | [-0.24] | -0.005945206748664772
-0.8043033480644226 | [-0.22] | -0.004831534013557237
-0.7874050736427307 | [-0.19] | -0.0037816410995874655
-0.7690200805664062 | [-0.17] | -0.0028191309989434536
-0.7492081522941589 | [-0.14] | -0.0019667957564839427
-0.7280407547950745 | [-0.11] | -0.0012459057999092916
-0.7056018114089966 | [-0.08] | -0.000675481881075074
-0.6819879412651062 | [-0.05] | -0.0002715636381151452
-0.6573085188865662 | [-0.02] | -4.6534336371585606e-05
-0.6316853165626526 | [0.01] | -8.541852447369047e-06
-0.6052517294883728 | [0.04] | -0.00016106494195805045
-0.5781516432762146 | [0.07] | -0.0005026622431890415
-0.5505379438400269 | [0.1] | -0.001026930247975977
-0.5225703716278076 | [0.13] | -0.0017226878506183688
-0.4944136440753937 | [0.16] | -0.0025743668837653697
-0.46623486280441284 | [0.19] | -0.0035625983009515555
-0.43820106983184814 | [0.22] | -0.004664944786808802
-0.41047680377960205 | [0.24] | -0.005856725795559074
-0.38322174549102783 | [0.27] | -0.007111881767064689
-0.3565886318683624 | [0.29] | -0.008403820761810515
-0.33072149753570557 | [0.31] | -0.0097061950422018
-0.30575424432754517 | [0.33] | -0.010993575197017526
-0.28180962800979614 | [0.35] | -0.012242000325380165
-0.25899872183799744 | [0.37] | -0.013429386413343906
-0.2374206781387329 | [0.38] | -0.014535809125631816
-0.21716296672821045 | [0.39] | -0.01554365924479098
-0.19830182194709778 | [0.41] | -0.016437711299066772
-0.18090303242206573 | [0.41] | -0.017205101823872516
-0.1650228351354599 | [0.42] | -0.0178352704233121
-0.15070900321006775 | [0.43] | -0.018319862301807766
-0.138001948595047 | [0.43] | -0.018652627486940528
-0.12693585455417633 | [0.43] | -0.018829323421235278
-0.11753977835178375 | [0.43] | -0.01884763638496889
-0.10983867198228836 | [0.43] | -0.018707131480688196
-0.10385428369045258 | [0.43] | -0.01840923433384435
-0.09960594773292542 | [0.42] | -0.017957245287637986
-0.09711118787527084 | [0.42] | -0.017356389875677822
-0.09638616442680359 | [0.41] | -0.016613895493888562
-0.09744594991207123 | [0.4] | -0.01573909121185199
-0.10030458122491837 | [0.38] | -0.014743523548657376
-0.10497491806745529 | [0.37] | -0.013641073897252928
-0.11146829277276993 | [0.35] | -0.012448063897074469
-0.11979395896196365 | [0.33] | -0.01118333202350219
-0.12995828688144684 | [0.31] | -0.009868262944180462
-0.14196379482746124 | [0.29] | -0.008526744036723558
-0.1558079719543457 | [0.27] | -0.007185028703057109
-0.1714819073677063 | [0.24] | -0.005871483279869044
-0.18896879255771637 | [0.21] | -0.004616196163743814
-0.20824231207370758 | [0.19] | -0.003450429982466141
-0.2292650043964386 | [0.16] | -0.0024059164012070373
-0.25198665261268616 | [0.12] | -0.001513989286054323
-0.2763427793979645 | [0.09] | -0.0008045834268362931
-0.3022533357143402 | [0.06] | -0.0003051306827512702
-0.3296217918395996 | [0.02] | -3.94092412369821e-05
-0.3583345413208008 | [-0.02] | -2.6421641574740034e-05
-0.38826102018356323 | [-0.05] | -0.0002793819366637588
-0.4192541539669037 | [-0.09] | -0.0008049023241479839
-0.4511517286300659 | [-0.13] | -0.0016024609925136006
-0.4837782680988312 | [-0.16] | -0.002664214426049586
-0.5169475674629211 | [-0.2] | -0.003975190426322778
-0.5504658222198486 | [-0.23] | -0.005513867800852225
-0.5841349959373474 | [-0.27] | -0.007253090064245904
-0.6177566647529602 | [-0.3] | -0.009161259166169701
-0.6511355042457581 | [-0.33] | -0.01120368491198236
-0.6840830445289612 | [-0.37] | -0.01334401134211477
-0.7164208889007568 | [-0.39] | -0.015545585887950408
-0.7479832768440247 | [-0.42] | -0.017772666991704347
-0.7786194086074829 | [-0.45] | -0.019991454268208076
-0.8081947565078735 | [-0.47] | -0.022170830969804833
-0.8365919589996338 | [-0.49] | -0.024282867993038863
-0.8637109398841858 | [-0.51] | -0.026303075701411317
-0.8894684910774231 | [-0.53] | -0.02821044122750358
-0.9137974381446838 | [-0.55] | -0.029987307351448986
-0.9366453289985657 | [-0.56] | -0.03161911985360822
-0.9579729437828064 | [-0.58] | -0.03309410890287999
-0.9777525067329407 | [-0.59] | -0.03440292082550452
-0.9959658980369568 | [-0.6] | -0.03553825465388794
-1.0126030445098877 | [-0.6] | -0.03649453686402537
-1.0276597738265991 | [-0.61] | -0.037267567528459195
-1.0411365032196045 | [-0.62] | -0.0378542920375882
-1.0530365705490112 | [-0.62] | -0.03825257221843364
-1.0633647441864014 | [-0.62] | -0.03846101317747415
-1.072126030921936 | [-0.62] | -0.03847885806899743
-1.0793248414993286 | [-0.62] | -0.03830596397537652
-1.0849635601043701 | [-0.62] | -0.037942733206010715
-1.08904230594635 | [-0.61] | -0.037390221540110916
-1.0915579795837402 | [-0.61] | -0.036650187995807236
-1.0925037860870361 | [-0.6] | -0.03572523132524786
-1.0918692350387573 | [-0.59] | -0.03461900951790612
-1.089639663696289 | [-0.58] | -0.03333642676234524
-1.0857963562011719 | [-0.56] | -0.03188391296174763
-1.0803167819976807 | [-0.55] | -0.030269732762323077
-1.0731748342514038 | [-0.53] | -0.02850430233759199
-1.0643413066864014 | [-0.52] | -0.026600532251268072
-1.053784728050232 | [-0.5] | -0.024574192502630904
-1.0414721965789795 | [-0.47] | -0.022444238739565192
-1.0273706912994385 | [-0.45] | -0.020233128456305854
-1.0114483833312988 | [-0.42] | -0.01796704090884284
-0.9936761856079102 | [-0.4] | -0.01567599643166934
-0.974030077457428 | [-0.37] | -0.013393873334837523
-0.952492892742157 | [-0.33] | -0.011158168508965187
-0.9290570020675659 | [-0.3] | -0.00900957874876207
-0.9037267565727234 | [-0.26] | -0.00699127925588712
-0.876521110534668 | [-0.23] | -0.005147911670819751
-0.8474764227867126 | [-0.19] | -0.0035242800952611647
-0.8166488409042358 | [-0.15] | -0.0021637526563762087
-0.7841163873672485 | [-0.11] | -0.0011064492815648919
-0.7499807476997375 | [-0.06] | -0.0003873169210280584
-0.7143681645393372 | [-0.02] | -3.422083836928658e-05
-0.6774293780326843 | [0.03] | -6.622350124705114e-05
-0.6393387913703918 | [0.07] | -0.0004922352107731856
-0.6002922654151917 | [0.11] | -0.001310194543603999
-0.5605039000511169 | [0.16] | -0.002506908283595838
-0.5202018022537231 | [0.2] | -0.004058603333634866
-0.4796229898929596 | [0.24] | -0.005932171646870214
-0.4390076994895935 | [0.28] | -0.00808699472385083
-0.3985934853553772 | [0.32] | -0.010477178008295597
-0.35860946774482727 | [0.36] | -0.013053960460963802
-0.3192709982395172 | [0.4] | -0.015768091566092633
-0.28077515959739685 | [0.43] | -0.01857195327589636
-0.24329723417758942 | [0.46] | -0.021421290168754173
-0.2069881707429886 | [0.49] | -0.02427647977827443
-0.1719733327627182 | [0.52] | -0.02710329771737685
-0.1383521854877472 | [0.55] | -0.029873236461454594
-0.10619892179965973 | [0.57] | -0.03256346072453856
-0.07556388527154922 | [0.59] | -0.03515646047051736
-0.04647548869252205 | [0.61] | -0.037639535723189003
-0.018942568451166153 | [0.63] | -0.04000416936209224
0.007043119985610247 | [0.65] | -0.042245372624185394
0.0315043143928051 | [0.67] | -0.04436104484348653
0.05447572469711304 | [0.68] | -0.04635138185254073
0.07600167393684387 | [0.69] | -0.04821835896951815
0.09613391757011414 | [0.71] | -0.049965283742955086
0.11492970585823059 | [0.72] | -0.05159642727621671
0.13245008885860443 | [0.73] | -0.053116718624101916
0.14875845611095428 | [0.74] | -0.05453150585135746
0.1639193594455719 | [0.75] | -0.055846375067184345
0.17799745500087738 | [0.76] | -0.05706699461675561
0.1910567432641983 | [0.76] | -0.05819901712673804
0.2031598836183548 | [0.77] | -0.05924799176725784
0.21436774730682373 | [0.78] | -0.060219311608520225
0.22473903000354767 | [0.78] | -0.061118172066957716
0.23432999849319458 | [0.79] | -0.06194954624851447
0.2431943118572235 | [0.79] | -0.06271816663701366
0.2513829171657562 | [0.8] | -0.06342851761805395
0.25894400477409363 | [0.8] | -0.06408483291868172
0.26592305302619934 | [0.8] | -0.06469110461605011
0.2723627984523773 | [0.81] | -0.0652510779158261
0.2783033549785614 | [0.81] | -0.06576826764827876
0.2837822437286377 | [0.81] | -0.06624595905962223
0.2888346016407013 | [0.82] | -0.06668723467965455
0.2934931516647339 | [0.82] | -0.06709496392931787
0.2977884113788605 | [0.82] | -0.06747182824764736
0.3017488121986389 | [0.82] | -0.06782033312608059
0.3054007887840271 | [0.83] | -0.06814281433908088
0.3087688982486725 | [0.83] | -0.06844144911505594
0.31187596917152405 | [0.83] | -0.06871827145127239
0.31474319100379944 | [0.83] | -0.06897517954444608
0.3173902630805969 | [0.83] | -0.06921395169267242
0.31983548402786255 | [0.83] | -0.06943625332237152
0.3220958113670349 | [0.83] | -0.06964363967267719
0.3241870403289795 | [0.84] | -0.06983757826516543
0.32612383365631104 | [0.84] | -0.07001944734439129
0.3279198706150055 | [0.84] | -0.07019055450201062
0.3295878469944 | [0.84] | -0.07035213071904127
0.3311396539211273 | [0.84] | -0.07050535484368577
0.332586407661438 | [0.84] | -0.07065135413043336
0.33393850922584534 | [0.84] | -0.07079120931160364
0.3352057635784149 | [0.84] | -0.07092597095719923
0.33639734983444214 | [0.84] | -0.07105665060105433
0.3375220000743866 | [0.84] | -0.07118424733843488
0.33858799934387207 | [0.84] | -0.07130974575540865
0.3396032452583313 | [0.85] | -0.07143412313493806
0.34057530760765076 | [0.85] | -0.07155835764076611
0.3415115177631378 | [0.85] | -0.07168344203935312
0.34241899847984314 | [0.85] | -0.07181038773156155
0.34330466389656067 | [0.85] | -0.07194022420095922
0.3441753685474396 | [0.85] | -0.07207402372537978
0.34503787755966187 | [0.85] | -0.07221289700579235
0.34589898586273193 | [0.85] | -0.07235801388762926
0.34676554799079895 | [0.85] | -0.07251061012338245
0.34764450788497925 | [0.85] | -0.0726719944161046
0.3485429584980011 | [0.85] | -0.07284356096583748
0.3494682312011719 | [0.85] | -0.07302680786807575
0.3504279553890228 | [0.86] | -0.07322335153319562
0.35143008828163147 | [0.86] | -0.07343493681707931
0.35248303413391113 | [0.86] | -0.07366346317607979
0.35359564423561096 | [0.86] | -0.07391099205057121
0.35477736592292786 | [0.86] | -0.07417978011956021
0.35603827238082886 | [0.86] | -0.0744722948833467
0.3573892116546631 | [0.86] | -0.07479125138940314
0.35884180665016174 | [0.87] | -0.07513962607123692
0.3604086935520172 | [0.87] | -0.07552071319161245
0.36210349202156067 | [0.87] | -0.07593813891398939
0.3639410436153412 | [0.87] | -0.07639592358017787
0.3659375011920929 | [0.88] | -0.07689852302680907
0.3681104779243469 | [0.88] | -0.07745088462167321
0.3704792261123657 | [0.88] | -0.07805851313483696
0.373064786195755 | [0.89] | -0.07872753832354325
0.37589025497436523 | [0.89] | -0.07946481075424494
0.37898096442222595 | [0.9] | -0.08027799094944704
0.3823647201061249 | [0.9] | -0.08117565942078614
0.3860720992088318 | [0.91] | -0.08216745074392874
0.39013671875 | [0.91] | -0.08326419692318866
0.3945956528186798 | [0.92] | -0.08447811651907913
0.39948970079421997 | [0.93] | -0.08582299828027473
0.4048639237880707 | [0.93] | -0.08731446160811543
0.41076797246932983 | [0.94] | -0.08897020976163333
0.4172567129135132 | [0.95] | -0.09081037639381871
0.4243907630443573 | [0.96] | -0.09285790217719882
0.4322371482849121 | [0.98] | -0.09513899148547683
0.44086992740631104 | [0.99] | 99.90231637054269
Total reward: 91.14843454931521
1.0, 5.5, 0.5
parameter ends

state | action | reward
[-0.44] | [0.06] | -0.00035017246659805327
-0.4413503110408783 | [0.06] | -0.00031090030820580573
-0.44240298867225647 | [0.05] | -0.00026840002187102156
-0.4439809024333954 | [0.05] | -0.00022411259873427537
-0.446079283952713 | [0.04] | -0.00017960315614786988
-0.448690265417099 | [0.04] | -0.00013652529967553555
-0.45180290937423706 | [0.03] | -9.658100635501058e-05
-0.45540326833724976 | [0.02] | -6.147811994010274e-05
-0.4594743251800537 | [0.02] | -3.28870997053813e-05
-0.46399617195129395 | [0.01] | -1.2395965217306044e-05
-0.4689459502696991 | [0.] | -1.4670921212696235e-06
-0.47429805994033813 | [-0.] | -1.3947153922444555e-06
-0.48002415895462036 | [-0.01] | -1.3265849762615076e-05
-0.4860934317111969 | [-0.02] | -3.7925140193342734e-05
-0.4924725890159607 | [-0.03] | -7.594450740450786e-05
-0.4991261959075928 | [-0.04] | -0.000127599573305528
-0.5060167908668518 | [-0.04] | -0.00019285239979892886
-0.513105034828186 | [-0.05] | -0.00027134124055521407
-0.5203500986099243 | [-0.06] | -0.00036238029803264407
-0.5277098417282104 | [-0.07] | -0.0004649659737278281
-0.5351410508155823 | [-0.08] | -0.000577791549737372
-0.5425997376441956 | [-0.08] | -0.0006992700633423301
-0.5500413775444031 | [-0.09] | -0.0008275636894285029
-0.5574213862419128 | [-0.1] | -0.0009606240205985743
-0.5646951794624329 | [-0.1] | -0.0010962305014748056
-0.5718185901641846 | [-0.11] | -0.0012320397276348266
-0.5787481069564819 | [-0.12] | -0.0013656351444892867
-0.5854411721229553 | [-0.12] | -0.0014945798466153935
-0.5918564796447754 | [-0.13] | -0.0016164710499902589
-0.5979540944099426 | [-0.13] | -0.0017289894854459885
-0.6036959290504456 | [-0.14] | -0.00182995682113858
-0.609045684337616 | [-0.14] | -0.0019173767611548498
-0.6139692664146423 | [-0.14] | -0.001989485395526657
-0.6184349656105042 | [-0.14] | -0.00204479098549344
-0.6224133968353271 | [-0.14] | -0.0020821020149561615
-0.6258779764175415 | [-0.14] | -0.002100564841651485
-0.6288048624992371 | [-0.14] | -0.002099679694752696
-0.6311730742454529 | [-0.14] | -0.0020793154246031087
-0.6329647302627563 | [-0.14] | -0.00203972079705467
-0.6341649889945984 | [-0.14] | -0.001981519843562175
-0.6347622871398926 | [-0.14] | -0.0019057086869495668
-0.6347482800483704 | [-0.13] | -0.001813636510690678
-0.6341180205345154 | [-0.13] | -0.0017069860892575878
-0.6328699588775635 | [-0.13] | -0.0015877422021110912
-0.6310060024261475 | [-0.12] | -0.001458155107223011
-0.6285314559936523 | [-0.11] | -0.0013206949229988122
-0.6254552602767944 | [-0.11] | -0.0011780076793554853
-0.6217897534370422 | [-0.1] | -0.001032855092540448
-0.6175508499145508 | [-0.09] | -0.0008880605583412717
-0.6127579808235168 | [-0.09] | -0.0007464465688820647
-0.6074339747428894 | [-0.08] | -0.0006107702310269211
-0.6016049981117249 | [-0.07] | -0.0004836605227985822
-0.5953006148338318 | [-0.06] | -0.00036755854387155855
-0.5885535478591919 | [-0.05] | -0.00026465637446821083
-0.5813995599746704 | [-0.04] | -0.00017684326672141306
-0.5738773345947266 | [-0.03] | -0.00010565812012863773
-0.5660281777381897 | [-0.02] | -5.224867328827094e-05
-0.5578959584236145 | [-0.01] | -1.7341832777471022e-05
-0.5495267510414124 | [-0.] | -1.222210770788373e-06
-0.5409684777259827 | [0.01] | -3.723277744889357e-06
-0.5322708487510681 | [0.02] | -2.4230076967449883e-05
-0.5234848260879517 | [0.02] | -6.169331871689734e-05
-0.5146624445915222 | [0.03] | -0.00011465494150498246
-0.5058562755584717 | [0.04] | -0.00018128583753996598
-0.4971192479133606 | [0.05] | -0.0002594316655362806
-0.48850420117378235 | [0.06] | -0.00034666849473351095
-0.4800635576248169 | [0.07] | -0.00044036465172094376
-0.4718489646911621 | [0.07] | -0.0005377481291887157
-0.46391093730926514 | [0.08] | -0.000635977670614926
-0.4562985599040985 | [0.09] | -0.0007322142915029263
-0.4490591585636139 | [0.09] | -0.0008236934525367661
-0.4422380328178406 | [0.1] | -0.0009077942670525152
-0.43587812781333923 | [0.1] | -0.0009821064316397879
-0.43001991510391235 | [0.1] | -0.0010444886322288763
-0.424701064825058 | [0.1] | -0.001093124754400361
-0.4199562966823578 | [0.11] | -0.0011265697929551822
-0.41581717133522034 | [0.11] | -0.0011437890621942958
-0.41231197118759155 | [0.11] | -0.0011441869167709204
-0.4094655513763428 | [0.11] | -0.001127627223113668
-0.4072992205619812 | [0.1] | -0.0010944433986227358
-0.40583062171936035 | [0.1] | -0.0010454389773738519
-0.4050736427307129 | [0.1] | -0.000981877342202203
-0.40503835678100586 | [0.1] | -0.0009054610124190677
-0.4057309031486511 | [0.09] | -0.0008183021321266138
-0.407153457403183 | [0.09] | -0.0007228814502767891
-0.4093041718006134 | [0.08] | -0.000621998614409724
-0.41217708587646484 | [0.07] | -0.0005187142019561743
-0.41576215624809265 | [0.06] | -0.0004162816716622025
-0.4200451970100403 | [0.06] | -0.00031807421367005756
-0.4250078499317169 | [0.05] | -0.00022750507821540716
-0.4306276738643646 | [0.04] | -0.00014794281765752177
-0.4368780851364136 | [0.03] | -8.262588966548095e-05
-0.4437284469604492 | [0.02] | -3.4575510653903854e-05
-0.4511442482471466 | [0.01] | -6.5106833038670054e-06
-0.459087073802948 | [-0.] | -7.68756081451303e-07
-0.46751487255096436 | [-0.01] | -1.9231705558169485e-05
-0.47638213634490967 | [-0.03] | -6.326269757569387e-05
-0.4856400787830353 | [-0.04] | -0.00013365389732594124
-0.49523693323135376 | [-0.05] | -0.00023058802049730635
-0.5051182508468628 | [-0.06] | -0.0003536154558497198
-0.5152273178100586 | [-0.07] | -0.0005016487389555933
-0.5255054235458374 | [-0.08] | -0.0006729721890683674
-0.5358922481536865 | [-0.09] | -0.0008652691557153873
-0.5463264584541321 | [-0.1] | -0.0010756692698972285
-0.5567458868026733 | [-0.11] | -0.0013008031627131475
-0.5670881867408752 | [-0.12] | -0.0015368791138422495
-0.5772911906242371 | [-0.13] | -0.001779765178402645
-0.5872933864593506 | [-0.14] | -0.002025082746262619
-0.597034215927124 | [-0.15] | -0.0022683013268130882
-0.6064546704292297 | [-0.16] | -0.002504844851896062
-0.6154974699020386 | [-0.17] | -0.002730187833229688
-0.6241075396537781 | [-0.17] | -0.00293995814897296
-0.6322323679924011 | [-0.18] | -0.0031300336429683864
-0.6398221850395203 | [-0.18] | -0.0032966277283552614
-0.6468302011489868 | [-0.19] | -0.0034363687121623204
-0.6532129645347595 | [-0.19] | -0.003546376723010709
-0.6589304208755493 | [-0.19] | -0.00362432019627954
-0.6639460921287537 | [-0.19] | -0.0036684668800831717
-0.6682273149490356 | [-0.19] | -0.0036777267859791985
-0.6717451810836792 | [-0.19] | -0.003651672961503288
-0.674474835395813 | [-0.19] | -0.003590564562945124
-0.6763953566551208 | [-0.19] | -0.003495342524726091
-0.6774900555610657 | [-0.18] | -0.003367629372605749
-0.6777464151382446 | [-0.18] | -0.0032097030923234934
-0.6771561503410339 | [-0.17] | -0.0030244636548384203
-0.6757153868675232 | [-0.17] | -0.0028153913202270966
-0.6734246611595154 | [-0.16] | -0.0025864860220522197
-0.6702889204025269 | [-0.15] | -0.0023421951903117594
-0.6663177013397217 | [-0.14] | -0.002087336018592187
-0.6615252494812012 | [-0.14] | -0.0018270038928395805
-0.6559303402900696 | [-0.13] | -0.0015664631162337376
-0.649556577205658 | [-0.11] | -0.0013110433394408459
-0.6424322128295898 | [-0.1] | -0.0010660165640269314
-0.634590208530426 | [-0.09] | -0.0008364778752001454
-0.6260682344436646 | [-0.08] | -0.0006272239122523068
-0.616908609867096 | [-0.07] | -0.0004426323178160146
-0.6071580648422241 | [-0.05] | -0.00028654598691532553
-0.5968676209449768 | [-0.04] | -0.00016216997342946235
-0.5860925316810608 | [-0.03] | -7.198173843603556e-05
-0.5748916864395142 | [-0.01] | -1.7654754639823135e-05
-0.5633276104927063 | [0.] | -7.553026679443798e-09
-0.5514658689498901 | [0.01] | -1.8971690874610588e-05
-0.5393747091293335 | [0.03] | -7.358603874938667e-05
-0.5271245837211609 | [0.04] | -0.0001620157721460172
-0.5147876143455505 | [0.05] | -0.00028159643641313513
-0.5024371147155762 | [0.07] | -0.00042890102958843617
-0.4901469945907593 | [0.08] | -0.0005998288739171147
-0.47799116373062134 | [0.09] | -0.0007897135593365126
-0.46604302525520325 | [0.1] | -0.0009934439712563975
-0.45437490940093994 | [0.11] | -0.001205596785107529
-0.4430575668811798 | [0.12] | -0.0014205745484066738
-0.4321596324443817 | [0.13] | -0.0016327473310136426
-0.42174726724624634 | [0.14] | -0.0018365889382829965
-0.4118836522102356 | [0.14] | -0.002026812462310606
-0.4026287794113159 | [0.15] | -0.0021984910017215677
-0.39403897523880005 | [0.15] | -0.0023471757572350762
-0.3861667811870575 | [0.16] | -0.0024689930028548267
-0.37906068563461304 | [0.16] | -0.0025607328143550483
-0.37276491522789 | [0.16] | -0.002619922620928878
-0.36731940507888794 | [0.16] | -0.0026448806543546387
-0.3627595901489258 | [0.16] | -0.002634761078295202
-0.3591163158416748 | [0.16] | -0.0025895804417694363
-0.3564158082008362 | [0.16] | -0.002510226851026322
-0.3546796143054962 | [0.15] | -0.0023984552554265986
-0.3539244830608368 | [0.15] | -0.0022568687230966208
-0.3541623055934906 | [0.14] | -0.0020888816741183964
-0.35540008544921875 | [0.14] | -0.001898665992556747
-0.3576398193836212 | [0.13] | -0.0016910830500501727
-0.3608783781528473 | [0.12] | -0.0014715986701339169
-0.3651075065135956 | [0.11] | -0.0012461782480088829
-0.3703135848045349 | [0.1] | -0.0010211718118527673
-0.3764776289463043 | [0.09] | -0.0008031777032080856
-0.3835751712322235 | [0.08] | -0.0005988961676493219
-0.39157620072364807 | [0.06] | -0.00041497062830490785
-0.4004450738430023 | [0.05] | -0.0002578215288697642
-0.4101405739784241 | [0.04] | -0.0001334749705916614
-0.4206158518791199 | [0.02] | -4.739352109966943e-05
-0.4318186342716217 | [0.01] | -4.311344673394238e-06
-0.4436912536621094 | [-0.01] | -8.083160438546524e-06
-0.4561709463596344 | [-0.02] | -6.154969055653679e-05
-0.4691901206970215 | [-0.04] | -0.00016642751317163954
-0.48267674446105957 | [-0.06] | -0.00032322771193624253
-0.49655479192733765 | [-0.07] | -0.0005312077713881884
-0.5107447504997253 | [-0.09] | -0.0007883592066559345
-0.5251643061637878 | [-0.1] | -0.001091434861047042
-0.5397288203239441 | [-0.12] | -0.0014360088510377183
-0.5543521642684937 | [-0.13] | -0.0018165770650526662
-0.5689473152160645 | [-0.15] | -0.002226683618193099
-0.5834272503852844 | [-0.16] | -0.0026590816870437003
-0.5977054834365845 | [-0.18] | -0.003105903952586579
-0.6116968393325806 | [-0.19] | -0.0035588547505119965
-0.6253181099891663 | [-0.2] | -0.004009405983910609
-0.6384885907173157 | [-0.21] | -0.004448991538925879
-0.651130735874176 | [-0.22] | -0.004869202183351803
-0.663170576095581 | [-0.23] | -0.0052619637933479175
-0.6745380163192749 | [-0.24] | -0.005619698844338623
-0.6851673126220703 | [-0.24] | -0.005935481289968036
-0.6949971914291382 | [-0.25] | -0.006203161255130896
-0.7039710879325867 | [-0.25] | -0.006417476944607682
-0.712037205696106 | [-0.26] | -0.006574143439587942
-0.7191487550735474 | [-0.26] | -0.0066699340041456185
-0.7252637147903442 | [-0.26] | -0.006702720692333722
-0.7303451299667358 | [-0.26] | -0.006671528469970703
-0.734360933303833 | [-0.26] | -0.006576549142476247
-0.7372839450836182 | [-0.25] | -0.006419150124267777
-0.7390918731689453 | [-0.25] | -0.0062018678051904905
-0.7397674322128296 | [-0.24] | -0.005928390997766247
-0.7392982244491577 | [-0.24] | -0.0056035151215244414
-0.7376768589019775 | [-0.23] | -0.005233090304539374
-0.7349011898040771 | [-0.22] | -0.004823954482744625
-0.7309742569923401 | [-0.21] | -0.004383830659073731
-0.7259044647216797 | [-0.2] | -0.003921213451673746
-0.7197058200836182 | [-0.19] | -0.003445234189164686
-0.7123982310295105 | [-0.17] | -0.0029655034164246825
-0.7040074467658997 | [-0.16] | -0.002491917569935933
-0.69456547498703 | [-0.14] | -0.0020344634810762425
-0.684110701084137 | [-0.13] | -0.0016029933307748524
-0.6726879477500916 | [-0.11] | -0.00120698695583222
-0.6603487730026245 | [-0.09] | -0.0008553147819241381
-0.6471512317657471 | [-0.07] | -0.0005559885877283997
-0.6331599354743958 | [-0.06] | -0.00031593243508271123
-0.6184459924697876 | [-0.04] | -0.0001407688709360528
-0.603086531162262 | [-0.02] | -3.463090716556575e-05
-0.5871644616127014 | [0.] | -1.656846913139498e-08
-0.570767879486084 | [0.02] | -3.7687270387830405e-05
-0.553989589214325 | [0.04] | -0.00014661926085268598
-0.53692626953125 | [0.06] | -0.00032401139667646514
-0.5196776390075684 | [0.08] | -0.0005653513447046763
-0.502345621585846 | [0.09] | -0.000864536287345341
-0.48503342270851135 | [0.11] | -0.0012140432350527656
-0.46784454584121704 | [0.13] | -0.0016051432018984318
-0.45088183879852295 | [0.14] | -0.002028147095632846
-0.43424656987190247 | [0.16] | -0.00247267348203928
-0.4180375933647156 | [0.17] | -0.0029279261409036754
-0.4023504853248596 | [0.18] | -0.0033829744475404157
-0.38727691769599915 | [0.2] | -0.0038270192662755334
-0.37290406227111816 | [0.21] | -0.004249643824112171
-0.35931408405303955 | [0.22] | -0.00464104146863224
-0.3465838134288788 | [0.22] | -0.004992214194771251
-0.33478447794914246 | [0.23] | -0.005295144549008506
-0.3239815831184387 | [0.24] | -0.005542936148845602
-0.31423476338386536 | [0.24] | -0.005729932093272031
-0.30559787154197693 | [0.24] | -0.005851800810229832
-0.29811906814575195 | [0.24] | -0.005905600568486904
-0.2918407917022705 | [0.24] | -0.005889833053997191
-0.28679996728897095 | [0.24] | -0.005804466548773975
-0.28302809596061707 | [0.24] | -0.0056509494661951265
-0.28055131435394287 | [0.23] | -0.005432208321083864
-0.27939051389694214 | [0.23] | -0.005152625453739547
-0.27956128120422363 | [0.22] | -0.0048180059331735525
-0.2810738980770111 | [0.21] | -0.004435519833350765
-0.28393325209617615 | [0.2] | -0.004013623971569276
-0.28813865780830383 | [0.19] | -0.003561959770408629
-0.2936836779117584 | [0.18] | -0.0030912198606681887
-0.3005558252334595 | [0.16] | -0.0026129857200853494
-0.30873626470565796 | [0.15] | -0.0021395295530194196
-0.31819948554039 | [0.13] | -0.0016835810341884695
-0.3289129137992859 | [0.11] | -0.0012580602977967923
-0.34083661437034607 | [0.09] | -0.0008757777258794087
-0.3539230227470398 | [0.07] | -0.0005491076432851023
-0.3681165874004364 | [0.05] | -0.00028964645388857973
-0.38335371017456055 | [0.03] | -0.00010786041528290504
-0.39956265687942505 | [0.01] | -1.2742294499558382e-05
-0.41666361689567566 | [-0.01] | -1.1489453295578881e-05
-0.43456897139549255 | [-0.03] | -0.00010922015258073718
-0.45318371057510376 | [-0.06] | -0.000308745116976367
-0.4724059998989105 | [-0.08] | -0.000610407836053214
-0.492127925157547 | [-0.1] | -0.0010120056912768603
-0.5122364163398743 | [-0.12] | -0.0015087987422653035
-0.5326143503189087 | [-0.14] | -0.0020936087227566465
-0.553141713142395 | [-0.17] | -0.0027570049081092236
-0.5736968517303467 | [-0.19] | -0.0034875654808049633
-0.5941578149795532 | [-0.21] | -0.004272204713465632
-0.6144035458564758 | [-0.23] | -0.00509654098117214
-0.6343153119087219 | [-0.24] | -0.00594530212368505
-0.6537775993347168 | [-0.26] | -0.006802719845174499
-0.6726794242858887 | [-0.28] | -0.0076529368996231546
-0.6909149885177612 | [-0.29] | -0.008480364457231993
-0.7083845138549805 | [-0.3] | -0.00927001949621522
-0.7249947786331177 | [-0.32] | -0.010007809734914842
-0.7406593561172485 | [-0.33] | -0.01068076581557751
-0.7552987933158875 | [-0.34] | -0.011277226552844535
-0.7688408493995667 | [-0.34] | -0.011786999504494269
-0.781220018863678 | [-0.35] | -0.012201439823719743
-0.7923777103424072 | [-0.35] | -0.012513550194310491
-0.8022615909576416 | [-0.36] | -0.012718003055498495
-0.810825526714325 | [-0.36] | -0.012811189810901772
-0.8180290460586548 | [-0.36] | -0.012791226985843654
-0.8238369226455688 | [-0.36] | -0.012657961473402882
-0.8282190561294556 | [-0.35] | -0.01241299194196371
-0.8311499953269958 | [-0.35] | -0.012059657088671103
-0.8326088190078735 | [-0.34] | -0.011603042091238094
-0.8325790166854858 | [-0.33] | -0.011049972293733622
-0.8310483694076538 | [-0.32] | -0.010408991540189644
-0.8280090689659119 | [-0.31] | -0.009690334685586867
-0.8234580159187317 | [-0.3] | -0.008905882493427716
-0.8173969388008118 | [-0.28] | -0.008069068914603758
-0.8098328709602356 | [-0.27] | -0.0071947674163247745
-0.8007786870002747 | [-0.25] | -0.006299129676294921
-0.7902535200119019 | [-0.23] | -0.0053993614225121824
-0.7782835960388184 | [-0.21] | -0.004513459668763437
-0.7649027109146118 | [-0.19] | -0.0036598698530021265
-0.7501530051231384 | [-0.17] | -0.0028570985836702313
-0.7340855002403259 | [-0.15] | -0.002123263788220497
-0.7167607545852661 | [-0.12] | -0.0014756096416490426
-0.6982492208480835 | [-0.1] | -0.0009299880444021028
-0.678631603717804 | [-0.07] | -0.0005003393331069042
-0.65799880027771 | [-0.04] | -0.00019818881029477244
-0.6364518404006958 | [-0.02] | -3.2197689886223015e-05
-0.6141015291213989 | [0.01] | -7.788638497943992e-06
-0.5910674929618835 | [0.04] | -0.00012687641793189203
-0.5674774646759033 | [0.06] | -0.0003877270432879457
-0.5434659123420715 | [0.09] | -0.0007849564657190587
-0.5191725492477417 | [0.11] | -0.0013096765698639512
-0.49474069476127625 | [0.14] | -0.0019497797823642103
-0.470315545797348 | [0.16] | -0.002690346014599443
-0.4460422992706299 | [0.19] | -0.0035141471813343013
-0.42206430435180664 | [0.21] | -0.0044022216277351325
-0.398521363735199 | [0.23] | -0.005334473856723826
-0.37554821372032166 | [0.25] | -0.006290274338583763
-0.35327306389808655 | [0.27] | -0.007249029008930448
-0.3318166434764862 | [0.29] | -0.00819068336769752
-0.31129124760627747 | [0.3] | -0.009096163750328302
-0.29180026054382324 | [0.32] | -0.009947727908799279
-0.27343788743019104 | [0.33] | -0.01072923657843011
-0.25628915429115295 | [0.34] | -0.011426347386272228
-0.24043013155460358 | [0.35] | -0.012026639940292037
-0.22592830657958984 | [0.35] | -0.012519688645919083
-0.2128431499004364 | [0.36] | -0.01289709361708458
-0.20122672617435455 | [0.36] | -0.013152486017512066
-0.19112443923950195 | [0.36] | -0.013281513468546622
-0.18257568776607513 | [0.36] | -0.013281828476313071
-0.17561455070972443 | [0.36] | -0.0131530762371899
-0.1702703982591629 | [0.36] | -0.012896891051308389
-0.16656844317913055 | [0.35] | -0.012516902291104437
-0.16453009843826294 | [0.35] | -0.01201875585798428
-0.16417333483695984 | [0.34] | -0.011410133276194554
-0.16551274061203003 | [0.33] | -0.01070078274456062
-0.16855956614017487 | [0.31] | -0.009902533955215004
-0.17332147061824799 | [0.3] | -0.00902930479611197
-0.17980223894119263 | [0.28] | -0.00809707042389044
-0.18800121545791626 | [0.27] | -0.007123796878691133
-0.19791263341903687 | [0.25] | -0.0061293153937334475
-0.20952482521533966 | [0.23] | -0.0051351221434895586
-0.2228192836046219 | [0.2] | -0.004164098186119864
-0.23776958882808685 | [0.18] | -0.003240133816118866
-0.25434038043022156 | [0.15] | -0.0023876490368075092
-0.27248626947402954 | [0.13] | -0.0016310168248284303
-0.2921507954597473 | [0.1] | -0.0009938953726501105
-0.31326547265052795 | [0.07] | -0.0004984886843594668
-0.33574914932250977 | [0.04] | -0.0001647604151116814
-0.35950741171836853 | [0.01] | -9.647554068907636e-06
-0.38443249464035034 | [-0.02] | -4.631333262988258e-05
-0.4104035496711731 | [-0.05] | -0.0002834967601756281
-0.43728721141815186 | [-0.09] | -0.0007250083598987247
-0.4649387300014496 | [-0.12] | -0.0013694172520021285
-0.49320346117019653 | [-0.15] | -0.0022099653949991375
-0.5219188332557678 | [-0.18] | -0.0032347249254112975
-0.5509166121482849 | [-0.21] | -0.0044269958148228225
-0.580025315284729 | [-0.24] | -0.005765915755054152
-0.6090730428695679 | [-0.27] | -0.007227250596737594
-0.6378899812698364 | [-0.3] | -0.00878428760518518
-0.6663109660148621 | [-0.32] | -0.010408782870726984
-0.6941779851913452 | [-0.35] | -0.0120719047936263
-0.7213419079780579 | [-0.37] | -0.01374507759903062
-0.7476643323898315 | [-0.39] | -0.015400741065693536
-0.7730186581611633 | [-0.41] | -0.017012943948531638
-0.7972908020019531 | [-0.43] | -0.018557786212707223
-0.8203794360160828 | [-0.45] | -0.020013703555241305
-0.8421958684921265 | [-0.46] | -0.02136161648970815
-0.8626636862754822 | [-0.48] | -0.022584977931590047
-0.8817177414894104 | [-0.49] | -0.023669689914114413
-0.8993033766746521 | [-0.5] | -0.02460400945211166
-0.9153751134872437 | [-0.5] | -0.025378375247651144
-0.9298954606056213 | [-0.51] | -0.0259852466354365
-0.9428336024284363 | [-0.51] | -0.0264189355175345
-0.9541643261909485 | [-0.52] | -0.026675484755650077
-0.9638664722442627 | [-0.52] | -0.026752517379581425
-0.9719222187995911 | [-0.52] | -0.026649204095412493
-0.9783157706260681 | [-0.51] | -0.0263661945407093
-0.9830327033996582 | [-0.51] | -0.025905647485049983
-0.986059308052063 | [-0.5] | -0.025271284594386108
-0.9873818755149841 | [-0.49] | -0.024468460560908116
-0.9869865775108337 | [-0.48] | -0.023504311386065183
-0.9848591685295105 | [-0.47] | -0.022387892473859854
-0.9809851050376892 | [-0.46] | -0.021130358858356173
-0.9753497242927551 | [-0.44] | -0.01974513975151477
-0.9679387211799622 | [-0.43] | -0.018248115675612256
-0.9587388038635254 | [-0.41] | -0.0166577692060256
-0.9477386474609375 | [-0.39] | -0.01499529848594606
-0.9349297881126404 | [-0.36] | -0.013284642193211472
-0.9203081130981445 | [-0.34] | -0.011552443335754635
-0.9038752317428589 | [-0.31] | -0.009827869686452514
-0.8856401443481445 | [-0.29] | -0.008142296873960175
-0.8656209707260132 | [-0.26] | -0.006528825211070269
-0.8438469171524048 | [-0.22] | -0.005021618645946569
-0.8203599452972412 | [-0.19] | -0.0036550443385834856
-0.7952166199684143 | [-0.16] | -0.0024626533116900167
-0.76848965883255 | [-0.12] | -0.001476013369867829
-0.7402690649032593 | [-0.09] | -0.0007234483594968145
-0.7106630802154541 | [-0.05] | -0.0002287714829684321
-0.6797983050346375 | [-0.01] | -1.0084547884762e-05
-0.6478195190429688 | [0.03] | -7.87574789960513e-05
-0.6148884296417236 | [0.07] | -0.00043867712763662507
-0.5811818242073059 | [0.1] | -0.001085858327454101
-0.5468891859054565 | [0.14] | -0.0020084662063469274
-0.512209415435791 | [0.18] | -0.003187270423478274
-0.4773472547531128 | [0.21] | -0.004596503937373377
-0.4425092935562134 | [0.25] | -0.0062050588049120895
-0.4078998565673828 | [0.28] | -0.007977914720734811
-0.37371715903282166 | [0.31] | -0.009877671841217218
-0.3401496410369873 | [0.34] | -0.011866071522368977
-0.30737289786338806 | [0.37] | -0.013905385144013765
-0.2755471169948578 | [0.4] | -0.015959594846448433
-0.24481548368930817 | [0.42] | -0.0179952859732237
-0.21530303359031677 | [0.45] | -0.019982276870968277
-0.18711644411087036 | [0.47] | -0.021893955032766532
-0.16034433245658875 | [0.49] | -0.023707379196339674
-0.13505816459655762 | [0.5] | -0.02540318642973623
-0.11131355911493301 | [0.52] | -0.026965354708859576
-0.08915192633867264 | [0.53] | -0.0283808757715524
-0.0686023086309433 | [0.54] | -0.02963937886221786
-0.04968329891562462 | [0.55] | -0.030732748783655756
-0.03240501508116722 | [0.56] | -0.03165475165488815
-0.0167709868401289 | [0.57] | -0.032400704646540636
-0.0027799708768725395 | [0.57] | -0.03296718973354847
0.009572387672960758 | [0.58] | -0.0333518215557409
0.020292041823267937 | [0.58] | -0.03355307302186513
0.02938520349562168 | [0.58] | -0.03357015704191009
0.03685716912150383 | [0.58] | -0.03340296501251252
0.04271133244037628 | [0.57] | -0.03305206176476825
0.046948354691267014 | [0.57] | -0.03251873085906128
0.04956550896167755 | [0.56] | -0.03180507222582022
0.05055619031190872 | [0.56] | -0.030914149292524493
0.049909576773643494 | [0.55] | -0.02985018321725127
0.04761046543717384 | [0.53] | -0.028618793174329995
0.04363926127552986 | [0.52] | -0.027227277008013497
0.03797214478254318 | [0.51] | -0.02568492927234599
0.030581437051296234 | [0.49] | -0.024003390320822743
0.021436143666505814 | [0.47] | -0.02219700962578979
0.01050272211432457 | [0.45] | -0.020283214930944433
-0.0022539051715284586 | [0.43] | -0.018282862952645695
-0.01686909794807434 | [0.4] | -0.016220542028010872
-0.033376969397068024 | [0.38] | -0.014124799168964043
-0.05180857330560684 | [0.35] | -0.01202824512748802
-0.0721898153424263 | [0.32] | -0.009967492154984388
-0.0945390909910202 | [0.28] | -0.00798287968925021
-0.11886467784643173 | [0.25] | -0.006117934840304375
-0.145161971449852 | [0.21] | -0.004418525632740852
-0.17341062426567078 | [0.17] | -0.00293168927269224
-0.20357170701026917 | [0.13] | -0.0017041299308251595
-0.2355850785970688 | [0.09] | -0.0007804202629681682
-0.26936712861061096 | [0.04] | -0.0002009877539500025
-0.3048090934753418 | [0.] | -6.76305744878869e-09
-0.3417762815952301 | [-0.05] | -0.0002033634491615564
-0.38010814785957336 | [-0.09] | -0.0008268900380124456
-0.41961967945098877 | [-0.14] | -0.0018750674753015284
-0.4601038694381714 | [-0.18] | -0.003340374498748133
-0.5013355612754822 | [-0.23] | -0.005203407375010289
-0.5430762767791748 | [-0.27] | -0.007433807109436532
-0.5850799679756165 | [-0.32] | -0.009991930269411212
-0.6270992755889893 | [-0.36] | -0.012831120095589899
-0.6688920855522156 | [-0.4] | -0.01590034903946098
-0.7102274894714355 | [-0.44] | -0.019146940400134906
-0.7508915066719055 | [-0.47] | -0.022519170729432686
-0.7906917333602905 | [-0.51] | -0.025968494276790235
-0.8294607400894165 | [-0.54] | -0.029451262566612596
-0.8670583963394165 | [-0.57] | -0.03292988290347194
-0.903373122215271 | [-0.6] | -0.03637344988236484
-0.938321590423584 | [-0.63] | -0.03975785591077292
-0.9718480706214905 | [-0.66] | -0.04306557822672052
-1.003922462463379 | [-0.68] | -0.046285150020047884
-1.0345383882522583 | [-0.7] | -0.04941053511543465
-1.0637105703353882 | [-0.72] | -0.052440411459788866
-1.0914720296859741 | [-0.74] | -0.05537743263403988
-1.1178717613220215 | [-0.76] | -0.058227630724264005
-1.1429721117019653 | [-0.78] | -0.06099983251357734
-1.166846513748169 | [-0.8] | -0.06370520707493303
-1.1895774602890015 | [-0.81] | -0.06635690407650734
-1.2000000476837158 | [-0.7] | -0.049000006675720444
-1.198808193206787 | [-0.69] | -0.04792138924261382
-1.1964088678359985 | [-0.68] | -0.04667792136670658
-1.192780613899231 | [-0.67] | -0.04526940279967678
-1.1878962516784668 | [-0.66] | -0.043696402728321995
-1.18172287940979 | [-0.65] | -0.04196053230651325
-1.1742219924926758 | [-0.63] | -0.04006476662586367
-1.1653499603271484 | [-0.62] | -0.038013839098870614
-1.1550581455230713 | [-0.6] | -0.03581461834911936
-1.1432937383651733 | [-0.58] | -0.03347659031875084
-1.130000352859497 | [-0.56] | -0.031012312958453914
-1.1151190996170044 | [-0.53] | -0.02843791536542735
-1.0985894203186035 | [-0.51] | -0.025773532641932474
-1.0803509950637817 | [-0.48] | -0.02304378255989756
-1.060344934463501 | [-0.45] | -0.02027805565940015
-1.0385162830352783 | [-0.42] | -0.017510770947790327
-1.014816164970398 | [-0.38] | -0.01478137642054035
-0.9892045259475708 | [-0.35] | -0.012134116178836933
-0.9616531729698181 | [-0.31] | -0.009617479191415937
-0.9321488738059998 | [-0.27] | -0.007283257808216696
-0.9006968140602112 | [-0.23] | -0.005185203719419929
-0.8673238754272461 | [-0.18] | -0.0033772462738246994
-0.8320818543434143 | [-0.14] | -0.0019113277993794712
-0.7950499653816223 | [-0.09] | -0.0008349335622155355
-0.7563369274139404 | [-0.04] | -0.0001884895438008849
-0.7160819172859192 | [0.01] | -2.830941120776989e-06
-0.6744542121887207 | [0.05] | -0.00029700567802769565
-0.6316515803337097 | [0.1] | -0.0010766759611654467
-0.587897002696991 | [0.15] | -0.002333352600069347
-0.5434340238571167 | [0.2] | -0.0040446131801805466
-0.49852073192596436 | [0.25] | -0.006175346028177375
-0.45342257618904114 | [0.29] | -0.008679931774333528
-0.4084049463272095 | [0.34] | -0.01150512389152776
-0.3637253940105438 | [0.38] | -0.014593332492054994
-0.31962642073631287 | [0.42] | -0.017885959476760114
-0.2763291597366333 | [0.46] | -0.02132645745267772
-0.23402824997901917 | [0.5] | -0.02486286599261163
-0.19288814067840576 | [0.53] | -0.028449684914233078
-0.15304094552993774 | [0.57] | -0.032049032392554314
-0.11458567529916763 | [0.6] | -0.03563114944319931
-0.0775887593626976 | [0.63] | -0.03917436219454994
-0.04208558425307274 | [0.65] | -0.04266465668578384
-0.0080827372148633 | [0.68] | -0.04609499188454889
0.024439245462417603 | [0.7] | -0.049464516015161636
0.05552290752530098 | [0.73] | -0.05277776351821171
0.08523089438676834 | [0.75] | -0.056043915497873964
0.1136431023478508 | [0.77] | -0.05927617713270498
0.14085406064987183 | [0.79] | -0.06249129242049824
0.16697068512439728 | [0.81] | -0.0657092041877535
0.19211037456989288 | [0.83] | -0.06895286787706052
0.21639946103096008 | [0.85] | -0.07224820074441655
0.2399720996618271 | [0.87] | -0.07562418195574021
0.2629695236682892 | [0.89] | -0.07911308480143649
0.28553956747055054 | [0.91] | -0.08275084061139532
0.307836651802063 | [0.93] | -0.08657755284132722
0.3300218880176544 | [0.95] | -0.09063813725584705
0.35226359963417053 | [0.97] | -0.09498314222005799
0.37473800778388977 | [1.] | -0.09966973390648044
0.3976302444934845 | [1.02] | -0.10476289620833541
0.42110002040863037 | [1.05] | -0.11028861175599727
0.44531312584877014 | [1.08] | 99.88368696830334
Total reward: 94.15946228510573
1.0, 5.5, 0.5
parameter ends

state | action | reward
[-0.44] | [0.06] | -0.00033194552586133245
-0.44290196895599365 | [0.05] | -0.0002943750600086656
-0.4439365863800049 | [0.05] | -0.0002537440727545148
-0.44548743963241577 | [0.05] | -0.00021144239249684676
-0.44754981994628906 | [0.04] | -0.000168979850121112
-0.45011594891548157 | [0.04] | -0.00012795135014625195
-0.4531750977039337 | [0.03] | -8.999741157515315e-05
-0.4567134976387024 | [0.02] | -5.676426089109435e-05
-0.4607144594192505 | [0.02] | -2.9860901460219645e-05
-0.4651583433151245 | [0.01] | -1.0816763309832394e-05
-0.47002267837524414 | [0.] | -1.0390931117115202e-06
-0.4752822816371918 | [-0.] | -1.7724291503240378e-06
-0.4809092879295349 | [-0.01] | -1.4060850198069056e-05
-0.4868733882904053 | [-0.02] | -3.871412147163722e-05
-0.49314188957214355 | [-0.03] | -7.627865288715836e-05
-0.49967992305755615 | [-0.04] | -0.00012701437733224084
-0.5064506530761719 | [-0.04] | -0.00019087841962776836
-0.5134154558181763 | [-0.05] | -0.000267515749292211
-0.5205342173576355 | [-0.06] | -0.0003562584273931332
-0.5277655124664307 | [-0.07] | -0.000456131595822336
-0.5350668430328369 | [-0.08] | -0.000565867364979347
-0.5423949956893921 | [-0.08] | -0.0006839280550404028
-0.5497063398361206 | [-0.09] | -0.0008085359596032828
-0.556956946849823 | [-0.1] | -0.0009377061094992493
-0.5641030073165894 | [-0.1] | -0.001069289337455259
-0.571101188659668 | [-0.11] | -0.0012010196061824152
-0.5779086947441101 | [-0.12] | -0.0013305581430628514
-0.5844836831092834 | [-0.12] | -0.0014555471844577145
-0.5907855033874512 | [-0.13] | -0.0015736611268918383
-0.5967749953269958 | [-0.13] | -0.001682658944290164
-0.6024146676063538 | [-0.13] | -0.001780432608282417
-0.6076688766479492 | [-0.14] | -0.001865052820970767
-0.6125040650367737 | [-0.14] | -0.0019348131252790017
-0.6168889999389648 | [-0.14] | -0.001988270171839218
-0.6207948327064514 | [-0.14] | -0.0020242740722489654
-0.624195396900177 | [-0.14] | -0.0020420001787471312
-0.6270672678947449 | [-0.14] | -0.002040967911597627
-0.6293898224830627 | [-0.14] | -0.00202105324809152
-0.6311454176902771 | [-0.14] | -0.0019824980348185743
-0.6323195099830627 | [-0.14] | -0.0019259105573651751
-0.6329007744789124 | [-0.14] | -0.0018522589193674705
-0.6328810453414917 | [-0.13] | -0.001762852438169889
-0.6322554349899292 | [-0.13] | -0.0016593212345337412
-0.6310225129127502 | [-0.12] | -0.0015435903008565264
-0.6291841268539429 | [-0.12] | -0.0014178377272633463
-0.6267456412315369 | [-0.11] | -0.0012844579827666223
-0.6237158179283142 | [-0.11] | -0.001146010543150417
-0.6201069355010986 | [-0.1] | -0.0010051699213491562
-0.6159347295761108 | [-0.09] | -0.0008646676999265557
-0.611218273639679 | [-0.09] | -0.0007272314844780806
-0.6059801578521729 | [-0.08] | -0.0005955281408866823
-0.6002461910247803 | [-0.07] | -0.0004720983986328373
-0.5940455198287964 | [-0.06] | -0.000359300496584894
-0.5874103307723999 | [-0.05] | -0.0002592506822227709
-0.5803758502006531 | [-0.04] | -0.00017377283282168403
-0.5729801058769226 | [-0.03] | -0.00010435154045561096
-0.5652638077735901 | [-0.02] | -5.2094218661557454e-05
-0.5572700500488281 | [-0.01] | -1.770094576297699e-05
-0.5490441918373108 | [-0.] | -1.4453781200891729e-06
-0.5406333804130554 | [0.01] | -3.1654532524371705e-06
-0.5320863723754883 | [0.01] | -2.2266708466234612e-05
-0.5234533548355103 | [0.02] | -5.773559037227589e-05
-0.5147854089736938 | [0.03] | -0.00010816475832751157
-0.5061342120170593 | [0.04] | -0.0001717889253782395
-0.4975517690181732 | [0.05] | -0.00024652941870281813
-0.4890899956226349 | [0.06] | -0.0003300477643063005
-0.4808003902435303 | [0.06] | -0.0004198055549444158
-0.4727337062358856 | [0.07] | -0.0005131292482583761
-0.46493959426879883 | [0.08] | -0.0006072784925270497
-0.4574662446975708 | [0.08] | -0.0006995165967332776
-0.4503602087497711 | [0.09] | -0.0007871778768750778
-0.4436659514904022 | [0.09] | -0.0008677374286933554
-0.43742573261260986 | [0.1] | -0.0009388724897148924
-0.43167930841445923 | [0.1] | -0.0009985219108848804
-0.42646369338035583 | [0.1] | -0.0010449392218678407
-0.4218129813671112 | [0.1] | -0.0010767374520531021
-0.41775819659233093 | [0.1] | -0.0010929259050632457
-0.41432714462280273 | [0.1] | -0.0010929384966142208
-0.41154420375823975 | [0.1] | -0.0010766546093655272
-0.40943029522895813 | [0.1] | -0.0010444069134755408
-0.40800270438194275 | [0.1] | -0.0009969828262477902
-0.4072750508785248 | [0.1] | -0.0009356131761267862
-0.4072571098804474 | [0.09] | -0.0008619541397042745
-0.4079548716545105 | [0.09] | -0.0007780548381788577
-0.4093703627586365 | [0.08] | -0.0006863202089336729
-0.41150161623954773 | [0.08] | -0.000589461854274349
-0.4143427014350891 | [0.07] | -0.0004904396506804805
-0.4178835451602936 | [0.06] | -0.00039239903273929466
-0.42211008071899414 | [0.05] | -0.0002985966941533645
-0.4270040988922119 | [0.05] | -0.000212325284752418
-0.4325433671474457 | [0.04] | -0.00013683083595395897
-0.4387015998363495 | [0.03] | -7.523003823450456e-05
-0.44544854760169983 | [0.02] | -3.0426375168041144e-05
-0.4527501165866852 | [0.01] | -5.02858105876343e-06
-0.4605684280395508 | [-0.] | -1.2738548309771705e-06
-0.46886199712753296 | [-0.01] | -2.095736223635134e-05
-0.47758597135543823 | [-0.03] | -6.537136489797853e-05
-0.48669230937957764 | [-0.04] | -0.00013525552258385686
-0.4961300194263458 | [-0.05] | -0.0002307602044183954
-0.5058456063270569 | [-0.06] | -0.00035142614113858975
-0.5157831907272339 | [-0.07] | -0.0004961770103549903
-0.5258850455284119 | [-0.08] | -0.0006633317401482785
-0.5360919237136841 | [-0.09] | -0.0008506312355963053
-0.5463434457778931 | [-0.1] | -0.0010552809481775688
-0.5565786361694336 | [-0.11] | -0.001274010317262936
-0.5667361617088318 | [-0.12] | -0.0015031393335999121
-0.5767549872398376 | [-0.13] | -0.001738664430014986
-0.5865746140480042 | [-0.14] | -0.0019763432112435845
-0.5961355566978455 | [-0.15] | -0.0022117904591813253
-0.6053798794746399 | [-0.16] | -0.002440580789634698
-0.6142513155937195 | [-0.16] | -0.002658339074525298
-0.6226957440376282 | [-0.17] | -0.0028608403047083266
-0.6306615471839905 | [-0.17] | -0.003044103628325398
-0.6380998492240906 | [-0.18] | -0.0032044762849650966
-0.6449646949768066 | [-0.18] | -0.00333870961251299
-0.6512133479118347 | [-0.19] | -0.0034440308705261332
-0.656806468963623 | [-0.19] | -0.0035182024447080957
-0.6617082953453064 | [-0.19] | -0.0035595711760962045
-0.6658867001533508 | [-0.19] | -0.0035671032749002743
-0.6693133115768433 | [-0.19] | -0.0035404105961946357
-0.6719638109207153 | [-0.19] | -0.0034797730149744703
-0.6738177537918091 | [-0.18] | -0.0033861310911620784
-0.674858808517456 | [-0.18] | -0.0032610832641482104
-0.6750748157501221 | [-0.18] | -0.0031068642486470344
-0.674457848072052 | [-0.17] | -0.0029263115156582743
-0.6730042695999146 | [-0.17] | -0.002722819836456902
-0.6707148551940918 | [-0.16] | -0.0025002858554744344
-0.6675946712493896 | [-0.15] | -0.002263033331628203
-0.6636534929275513 | [-0.14] | -0.002015744361860185
-0.6589055061340332 | [-0.13] | -0.0017633574143777753
-0.6533695459365845 | [-0.12] | -0.0015109732569887832
-0.6470690965652466 | [-0.11] | -0.001263746130434995
-0.6400322318077087 | [-0.1] | -0.0010267678723895103
-0.6322917938232422 | [-0.09] | -0.0008049549186143444
-0.6238850951194763 | [-0.08] | -0.0006029244713519192
-0.6148540377616882 | [-0.07] | -0.0004248832435453453
-0.6052448153495789 | [-0.05] | -0.000274514947326715
-0.5951079726219177 | [-0.04] | -0.00015488365515080232
-0.5844979286193848 | [-0.03] | -6.83441669871999e-05
-0.5734729170799255 | [-0.01] | -1.6474354103934395e-05
-0.5620944499969482 | [0.] | -2.3714018360120917e-08
-0.5504271984100342 | [0.01] | -1.8886069581202184e-05
-0.5385383367538452 | [0.03] | -7.209427312852466e-05
-0.5264971852302551 | [0.04] | -0.00015784011426149972
-0.5143747329711914 | [0.05] | -0.0002735172040291696
-0.5022429823875427 | [0.06] | -0.0004157882647981559
-0.4901745617389679 | [0.08] | -0.0005806701517119201
-0.47824209928512573 | [0.09] | -0.000763638346996777
-0.46651768684387207 | [0.1] | -0.000959744709257002
-0.4550723433494568 | [0.11] | -0.0011637452604994802
-0.4439755380153656 | [0.12] | -0.0013702333793932937
-0.4332946538925171 | [0.13] | -0.0015737767735545735
-0.42309460043907166 | [0.13] | -0.0017690498167018901
-0.41343745589256287 | [0.14] | -0.0019509610799108845
-0.40438205003738403 | [0.15] | -0.002114775052922405
-0.3959836959838867 | [0.15] | -0.00225622137297941
-0.38829395174980164 | [0.15] | -0.002371591483624475
-0.38136035203933716 | [0.16] | -0.0024578246307065572
-0.37522628903388977 | [0.16] | -0.002512575940820832
-0.36993086338043213 | [0.16] | -0.00253427168322273
-0.3655087649822235 | [0.16] | -0.002522149219249038
-0.36199018359184265 | [0.16] | -0.002476282079763302
-0.3594006896018982 | [0.15] | -0.0023975906917828587
-0.3577612042427063 | [0.15] | -0.0022878354622130185
-0.3570879399776459 | [0.15] | -0.0021495953071893397
-0.3573923110961914 | [0.14] | -0.0019862314996373057
-0.3586808145046234 | [0.13] | -0.0018018361302177027
-0.36095499992370605 | [0.13] | -0.0016011616126311448
-0.36421138048171997 | [0.12] | -0.0013895357262541676
-0.36844131350517273 | [0.11] | -0.0011727611194676038
-0.37363091111183167 | [0.1] | -0.0009569986375266264
-0.3797609508037567 | [0.09] | -0.0007486359572838778
-0.386806845664978 | [0.07] | -0.0005541431821116275
-0.39473846554756165 | [0.06] | -0.000379920503659937
-0.4035201668739319 | [0.05] | -0.00023213533154351355
-0.4131108522415161 | [0.03] | -0.00011655685739266778
-0.4234638810157776 | [0.02] | -3.8394148598079105e-05
-0.43452727794647217 | [0.] | -2.1381025507741107e-06
-0.44624388217926025 | [-0.01] | -1.1417186427881144e-05
-0.45855146646499634 | [-0.03] | -6.887047672800558e-05
-0.4713831841945648 | [-0.04] | -0.00017604411391287968
-0.4846678376197815 | [-0.06] | -0.00033331579797700516
-0.49833041429519653 | [-0.07] | -0.000539852231647993
-0.5122925639152527 | [-0.09] | -0.0007936007898254258
-0.5264731049537659 | [-0.1] | -0.0010913155588383296
-0.5407887697219849 | [-0.12] | -0.001428622384091096
-0.5551548600196838 | [-0.13] | -0.00180011575495083
-0.5694859027862549 | [-0.15] | -0.002199484216289708
-0.5836963057518005 | [-0.16] | -0.002619660239877654
-0.5977011919021606 | [-0.17] | -0.003052994707375082
-0.6114169955253601 | [-0.19] | -0.0034914383805866923
-0.6247620582580566 | [-0.2] | -0.003926729651961374
-0.6376572251319885 | [-0.21] | -0.004350584187240653
-0.6500263810157776 | [-0.22] | -0.0047548790297102725
-0.6617969870567322 | [-0.23] | -0.005131830007106467
-0.672900378704071 | [-0.23] | -0.005474148192675068
-0.6832720041275024 | [-0.24] | -0.005775179231050315
-0.6928518414497375 | [-0.25] | -0.006029036657897589
-0.7015844583511353 | [-0.25] | -0.006230703385033115
-0.7094191312789917 | [-0.25] | -0.006376118958119866
-0.7163099646568298 | [-0.25] | -0.006462252696709117
-0.7222159504890442 | [-0.25] | -0.006487156917665181
-0.7271009683609009 | [-0.25] | -0.006450003675205028
-0.7309337258338928 | [-0.25] | -0.006351102431887784
-0.7336878776550293 | [-0.25] | -0.006191913096324916
-0.7353418469429016 | [-0.24] | -0.005975027920997482
-0.7358790636062622 | [-0.24] | -0.005704158895158413
-0.7352879047393799 | [-0.23] | -0.005384092600280756
-0.7335616946220398 | [-0.22] | -0.005020630276767495
-0.7306989431381226 | [-0.21] | -0.004620519272344796
-0.726703405380249 | [-0.2] | -0.004191354725576347
-0.7215842008590698 | [-0.19] | -0.003741461995528435
-0.7153560519218445 | [-0.18] | -0.003279761662082022
-0.708039402961731 | [-0.17] | -0.0028156065715234223
-0.6996606588363647 | [-0.15] | -0.002358602634362387
-0.6902523636817932 | [-0.14] | -0.0019184077387027797
-0.6798533201217651 | [-0.12] | -0.0015045133663392236
-0.6685088276863098 | [-0.11] | -0.0011260185658245666
-0.6562705636024475 | [-0.09] | -0.0007913912310533182
-0.6431967616081238 | [-0.07] | -0.0005082397070368894
-0.6293520331382751 | [-0.05] | -0.0002830889982830487
-0.6148071885108948 | [-0.03] | -0.00012117853199653528
-0.5996390581130981 | [-0.02] | -2.629000345118484e-05
-0.5839298367500305 | [0.] | -6.104796038582974e-07
-0.5677669048309326 | [0.02] | -4.464431025711126e-05
-0.5512419939041138 | [0.04] | -0.0001571728933555703
-0.5344505310058594 | [0.06] | -0.00033527047948562214
-0.5174908638000488 | [0.08] | -0.0005743740570301137
-0.5004633069038391 | [0.09] | -0.0008684066335791718
-0.4834693372249603 | [0.11] | -0.0012099458143221013
-0.4666106104850769 | [0.13] | -0.0015904336633912352
-0.4499880373477936 | [0.14] | -0.002000416300846976
-0.43370091915130615 | [0.16] | -0.0024298019683867433
-0.41784608364105225 | [0.17] | -0.002868130321119801
-0.4025171101093292 | [0.18] | -0.0033048412643620936
-0.38780373334884644 | [0.19] | -0.0037295289957028134
-0.3737911880016327 | [0.2] | -0.004132185819839772
-0.3605598509311676 | [0.21] | -0.0045034161629165965
-0.3481847941875458 | [0.22] | -0.004834631797861923
-0.33673563599586487 | [0.23] | -0.005118212244705381
-0.32627636194229126 | [0.23] | -0.005347642216607822
-0.3168651759624481 | [0.23] | -0.00551762552969986
-0.30855464935302734 | [0.24] | -0.005624164312584614
-0.3013916611671448 | [0.24] | -0.005664627359699506
-0.2954174876213074 | [0.24] | -0.005637794125799193
-0.29066795110702515 | [0.24] | -0.005543878284512133
-0.28717347979545593 | [0.23] | -0.00538453929396712
-0.28495916724205017 | [0.23] | -0.005162876138320997
-0.2840448021888733 | [0.22] | -0.004883405379197426
-0.2844448983669281 | [0.21] | -0.00455201893138419
-0.28616863489151 | [0.2] | -0.004175924061935013
-0.28921976685523987 | [0.19] | -0.003763559895109682
-0.29359644651412964 | [0.18] | -0.0033244899298776388
-0.2992909848690033 | [0.17] | -0.002869265948463621
-0.3062896132469177 | [0.16] | -0.002409259089658557
-0.31457221508026123 | [0.14] | -0.0019564577499271998
-0.3241119682788849 | [0.12] | -0.0015232343084146081
-0.3348750174045563 | [0.11] | -0.001122078075722734
-0.346820205450058 | [0.09] | -0.0007652985242923516
-0.35989871621131897 | [0.07] | -0.00046470786642090976
-0.374053955078125 | [0.05] | -0.000231285924863125
-0.3892214000225067 | [0.03] | -7.484408855499682e-05
-0.40532857179641724 | [0.01] | -3.699114572484983e-06
-0.42229515314102173 | [-0.02] | -2.437126662589587e-05
-0.44003328680992126 | [-0.04] | -0.00014132314510228875
-0.45844799280166626 | [-0.06] | -0.0003567541046689025
-0.477437824010849 | [-0.08] | -0.0006704643159410905
-0.49689558148384094 | [-0.1] | -0.0010797958765546433
-0.5167092680931091 | [-0.13] | -0.0015796599561791833
-0.5367631316184998 | [-0.15] | -0.0021626482634301927
-0.556938886642456 | [-0.17] | -0.0028192276999431253
-0.577116847038269 | [-0.19] | -0.003538001197680664
-0.5971773266792297 | [-0.21] | -0.004306034718645147
-0.6170017123222351 | [-0.23] | -0.005109213312443132
-0.6364737153053284 | [-0.24] | -0.0059326264111670135
-0.6554806232452393 | [-0.26] | -0.006760965983207447
-0.6739140152931213 | [-0.28] | -0.00757888869328445
-0.691670835018158 | [-0.29] | -0.008371379552063771
-0.7086538672447205 | [-0.3] | -0.00912405354044048
-0.7247722744941711 | [-0.31] | -0.00982342800923351
-0.7399419546127319 | [-0.32] | -0.010457150034839465
-0.7540856599807739 | [-0.33] | -0.011014170219760748
-0.7671329975128174 | [-0.34] | -0.011484879213931246
-0.7790204286575317 | [-0.34] | -0.011861215309081866
-0.7896907925605774 | [-0.35] | -0.012136716231979533
-0.7990933656692505 | [-0.35] | -0.012306588577089585
-0.8071832656860352 | [-0.35] | -0.012367718695284538
-0.8139212131500244 | [-0.35] | -0.012318697730762778
-0.8192732930183411 | [-0.35] | -0.012159838094253994
-0.8232104182243347 | [-0.34] | -0.011893162179371615
-0.8257083296775818 | [-0.34] | -0.011522420333679985
-0.8267472982406616 | [-0.33] | -0.011053077702481302
-0.8263120651245117 | [-0.32] | -0.010492304731190298
-0.824391782283783 | [-0.31] | -0.009848949194344633
-0.8209802508354187 | [-0.3] | -0.009133504046016568
-0.8160759806632996 | [-0.29] | -0.008358032797537855
-0.8096826672554016 | [-0.27] | -0.007536083768398418
-0.8018093705177307 | [-0.26] | -0.006682542235743544
-0.792471170425415 | [-0.24] | -0.005813460237848865
-0.7816897630691528 | [-0.22] | -0.004945825500825816
-0.7694939970970154 | [-0.2] | -0.004097269682673654
-0.75592041015625 | [-0.18] | -0.0032857201039804655
-0.7410139441490173 | [-0.16] | -0.0025290061840064202
-0.7248286008834839 | [-0.14] | -0.0018444156227821378
-0.7074277997016907 | [-0.11] | -0.0012482082251882875
-0.6888846755027771 | [-0.09] | -0.0007551168845576773
-0.6692824363708496 | [-0.06] | -0.00037785694962778763
-0.6487142443656921 | [-0.04] | -0.00012665808470532512
-0.6272829174995422 | [-0.01] | -8.856053507234896e-06
-0.6051005721092224 | [0.02] | -2.8569040775590448e-05
-0.5822876691818237 | [0.04] | -0.00018647953632101345
-0.5589721202850342 | [0.07] | -0.000479743400277781
-0.5352878570556641 | [0.09] | -0.0009020366721857774
-0.5113734602928162 | [0.12] | -0.0014437375349063094
-0.4873705208301544 | [0.14] | -0.0020922371859782825
-0.4634217917919159 | [0.17] | -0.0028323630758587807
-0.43966948986053467 | [0.19] | -0.00364688422442081
-0.41625356674194336 | [0.21] | -0.004517068380794249
-0.3933100998401642 | [0.23] | -0.005423261856393937
-0.3709697723388672 | [0.25] | -0.006345459604442912
-0.3493567407131195 | [0.27] | -0.007263830475527653
-0.32858753204345703 | [0.29] | -0.00815919485443667
-0.30877044796943665 | [0.3] | -0.009013418322654522
-0.29000499844551086 | [0.31] | -0.00980973942020268
-0.2723817825317383 | [0.32] | -0.010533009764560758
-0.25598248839378357 | [0.33] | -0.011169872266236405
-0.24088022112846375 | [0.34] | -0.011708867038188575
-0.22713984549045563 | [0.35] | -0.012140503014316892
-0.21481852233409882 | [0.35] | -0.01245728526007134
-0.20396633446216583 | [0.36] | -0.012653720829017346
-0.19462695717811584 | [0.36] | -0.012726312938568336
-0.186838299036026 | [0.36] | -0.012673550907713034
-0.18063309788703918 | [0.35] | -0.012495907629257362
-0.17603947222232819 | [0.35] | -0.012195839953062462
-0.1730814129114151 | [0.34] | -0.01177779631711813
-0.17177905142307281 | [0.34] | -0.011248238031421713
-0.1721489280462265 | [0.33] | -0.010615654125929642
-0.1742040365934372 | [0.31] | -0.009890578073464723
-0.17795369029045105 | [0.3] | -0.00908559333211182
-0.18340334296226501 | [0.29] | -0.008215308697426349
-0.19055409729480743 | [0.27] | -0.007296307871157862
-0.19940218329429626 | [0.25] | -0.006347042515781366
-0.20993822813034058 | [0.23] | -0.005387668148022971
-0.22214645147323608 | [0.21] | -0.004439800696963264
-0.23600368201732635 | [0.19] | -0.0035261920135399877
-0.251478374004364 | [0.16] | -0.002670308941866645
-0.26852959394454956 | [0.14] | -0.0018958168648693652
-0.2871060073375702 | [0.11] | -0.0012259746486630117
-0.3071449398994446 | [0.08] | -0.0006829535330911582
-0.3285715878009796 | [0.05] | -0.00028710112209280614
-0.3512985408306122 | [0.02] | -5.618434914715677e-05
-0.37522539496421814 | [-0.01] | -4.65554327776542e-06
-0.40023890137672424 | [-0.04] | -0.00014298409580808117
-0.4262133538722992 | [-0.07] | -0.0004771063245525023
-0.4530114531517029 | [-0.1] | -0.0010080377095046666
-0.48048561811447144 | [-0.13] | -0.001731686671468448
-0.508479654788971 | [-0.16] | -0.0026388934588884947
-0.5368306636810303 | [-0.19] | -0.003715694037121223
-0.5653716325759888 | [-0.22] | -0.004943815762044473
-0.593933641910553 | [-0.25] | -0.006301339147831692
-0.6223486065864563 | [-0.28] | -0.007763510536679822
-0.65045166015625 | [-0.31] | -0.009303623276434093
-0.6780836582183838 | [-0.33] | -0.01089392897960373
-0.7050931453704834 | [-0.35] | -0.012506492149080726
-0.7313381433486938 | [-0.38] | -0.014113966347335652
-0.7566875219345093 | [-0.4] | -0.01569024710911704
-0.7810219526290894 | [-0.41] | -0.017210983103331606
-0.8042342662811279 | [-0.43] | -0.018653925050354764
-0.8262296319007874 | [-0.45] | -0.019999153618264695
-0.8469252586364746 | [-0.46] | -0.021229178682263886
-0.8662498593330383 | [-0.47] | -0.02232894320174688
-0.8841426372528076 | [-0.48] | -0.023285735610651295
-0.9005524516105652 | [-0.49] | -0.024089088190368712
-0.9154365062713623 | [-0.5] | -0.024730614920129596
-0.9287592768669128 | [-0.5] | -0.025203877268600707
-0.940491259098053 | [-0.51] | -0.02550424419246681
-0.9506077766418457 | [-0.51] | -0.02562877514043827
-0.9590879082679749 | [-0.51] | -0.025576144425774057
-0.9659134745597839 | [-0.5] | -0.025346595026829007
-0.9710681438446045 | [-0.5] | -0.024941931616523364
-0.9745368957519531 | [-0.49] | -0.024365575734928823
-0.9763052463531494 | [-0.49] | -0.023622617701709394
-0.976358950138092 | [-0.48] | -0.022719932287773963
-0.9746838808059692 | [-0.47] | -0.021666321320793325
-0.9712659120559692 | [-0.45] | -0.02047265640180674
-0.9660912752151489 | [-0.44] | -0.019152056086007778
-0.9591466784477234 | [-0.42] | -0.017720016639074007
-0.9504202604293823 | [-0.4] | -0.01619457711696821
-0.9399020671844482 | [-0.38] | -0.014596382795297692
-0.9275853633880615 | [-0.36] | -0.012948737965108564
-0.9134676456451416 | [-0.34] | -0.011277529487294123
-0.8975521922111511 | [-0.31] | -0.00961106569048163
-0.8798494935035706 | [-0.28] | -0.007979756625560427
-0.8603790402412415 | [-0.25] | -0.006415654046655637
-0.8391709923744202 | [-0.22] | -0.004951808589520321
-0.8162679672241211 | [-0.19] | -0.0036214576284636438
-0.7917267084121704 | [-0.16] | -0.0024570507927403357
-0.7656195759773254 | [-0.12] | -0.0014891403231589934
-0.7380356788635254 | [-0.09] | -0.0007451859311177764
-0.7090816497802734 | [-0.05] | -0.00024834661652313776
-0.6788819432258606 | [-0.01] | -1.6341592909888214e-05
-0.6475784182548523 | [0.02] | -6.047117298063065e-05
-0.6153294444084167 | [0.06] | -0.0003848935395887057
-0.5823081135749817 | [0.1] | -0.0009862330606659646
-0.5486997365951538 | [0.14] | -0.0018535791548227613
-0.5146991014480591 | [0.17] | -0.002968883875819978
-0.4805067181587219 | [0.21] | -0.004307755394772851
-0.44632530212402344 | [0.24] | -0.005840557071511445
-0.4123557507991791 | [0.27] | -0.007533748108059403
-0.3787934184074402 | [0.31] | -0.0093513291532797
-0.34582459926605225 | [0.34] | -0.011256292594241041
-0.31362348794937134 | [0.36] | -0.013211955858303266
-0.2823498845100403 | [0.39] | -0.01518309838745184
-0.25214728713035583 | [0.41] | -0.017136867581225013
-0.22314195334911346 | [0.44] | -0.019043398332430697
-0.19544248282909393 | [0.46] | -0.020876185554479856
-0.16914010047912598 | [0.48] | -0.02261221648271198
-0.14430943131446838 | [0.49] | -0.024231918848767634
-0.1210097223520279 | [0.51] | -0.025718963764986842
-0.09928636997938156 | [0.52] | -0.027059979834138943
-0.07917264848947525 | [0.53] | -0.02824421213503821
-0.060691557824611664 | [0.54] | -0.02926317181396791
-0.04385770857334137 | [0.55] | -0.03011029253476103
-0.02867915853857994 | [0.55] | -0.030780622084595144
-0.01515915710479021 | [0.56] | -0.03127055915142539
-0.003297769697383046 | [0.56] | -0.03157764088686317
0.0069066500291228294 | [0.56] | -0.0317003858815474
0.015456152148544788 | [0.56] | -0.03163819659970001
0.022352058440446854 | [0.56] | -0.031391316922563715
0.027594003826379776 | [0.56] | -0.030960844490799996
0.031179146841168404 | [0.55] | -0.030348798074058044
0.03310156613588333 | [0.54] | -0.029558235628027063
0.03335181251168251 | [0.53] | -0.02859342138866999
0.03191665560007095 | [0.52] | -0.027460040580450804
0.028778983280062675 | [0.51] | -0.02616545409918187
0.02391790598630905 | [0.5] | -0.024718992210247745
0.01730903424322605 | [0.48] | -0.023132275459382647
0.00892497319728136 | [0.46] | -0.02141955373784134
-0.0012639728374779224 | [0.44] | -0.019598048022193143
-0.01328885555267334 | [0.42] | -0.0176882735154294
-0.02718088962137699 | [0.4] | -0.015714320552200088
-0.042969997972249985 | [0.37] | -0.013704056657680798
-0.060683079063892365 | [0.34] | -0.011689218088892318
-0.08034200221300125 | [0.31] | -0.00970533836014767
-0.10196135938167572 | [0.28] | -0.007791477750407461
-0.12554596364498138 | [0.24] | -0.005989702255187093
-0.15108823776245117 | [0.21] | -0.00434427669811361
-0.17856541275978088 | [0.17] | -0.002900552812553067
-0.20793691277503967 | [0.13] | -0.001703543056155648
-0.2391417771577835 | [0.09] | -0.0007962255012984587
-0.27209654450416565 | [0.05] | -0.00021764291272370932
-0.3066936731338501 | [0.] | -9.133577212053906e-07
-0.34280064702033997 | [-0.04] | -0.0001713049602116934
-0.380260169506073 | [-0.09] | -0.0007445543643535033
-0.4188913404941559 | [-0.13] | -0.0017256180213298445
-0.4584920108318329 | [-0.18] | -0.003108017302367117
-0.49884232878685 | [-0.22] | -0.004873897655089951
-0.5397092700004578 | [-0.26] | -0.0069948406502376775
-0.5808521509170532 | [-0.31] | -0.009433383666303977
-0.6220284700393677 | [-0.35] | -0.012145102725680965
-0.6629999876022339 | [-0.39] | -0.01508105929568464
-0.703538715839386 | [-0.43] | -0.018190378804764425
-0.7434322834014893 | [-0.46] | -0.02142271246952632
-0.7824882864952087 | [-0.5] | -0.02473036338636768
-0.8205379843711853 | [-0.53] | -0.028069995080669104
-0.8574384450912476 | [-0.56] | -0.03140378886557512
-0.8930737376213074 | [-0.59] | -0.034700092782331014
-0.9273551106452942 | [-0.62] | -0.0379336291308823
-0.960220217704773 | [-0.64] | -0.041085313691224604
-0.9916313886642456 | [-0.66] | -0.04414179945024053
-1.021573781967163 | [-0.69] | -0.04709489322024619
-1.0500530004501343 | [-0.71] | -0.04994088348084605
-1.0770922899246216 | [-0.73] | -0.05267981494679424
-1.102730393409729 | [-0.74] | -0.05531490405039008
-1.127018690109253 | [-0.76] | -0.05785190904200769
-1.1500192880630493 | [-0.78] | -0.06029869781788575
-1.1718026399612427 | [-0.79] | -0.06266479973816412
-1.192445993423462 | [-0.81] | -0.0649611375825936
-1.2000000476837158 | [-0.7] | -0.049000006675720444
-1.198808193206787 | [-0.69] | -0.04792138924261382
-1.1964088678359985 | [-0.68] | -0.04667792136670658
-1.192780613899231 | [-0.67] | -0.04526940279967678
-1.1878962516784668 | [-0.66] | -0.043696402728321995
-1.18172287940979 | [-0.65] | -0.04196053230651325
-1.1742219924926758 | [-0.63] | -0.04006476662586367
-1.1653499603271484 | [-0.62] | -0.038013839098870614
-1.1550581455230713 | [-0.6] | -0.03581461834911936
-1.1432937383651733 | [-0.58] | -0.03347659031875084
-1.130000352859497 | [-0.56] | -0.031012312958453914
-1.1151190996170044 | [-0.53] | -0.02843791536542735
-1.0985894203186035 | [-0.51] | -0.025773532641932474
-1.0803509950637817 | [-0.48] | -0.02304378255989756
-1.060344934463501 | [-0.45] | -0.02027805565940015
-1.0385162830352783 | [-0.42] | -0.017510770947790327
-1.014816164970398 | [-0.38] | -0.01478137642054035
-0.9892045259475708 | [-0.35] | -0.012134116178836933
-0.9616531729698181 | [-0.31] | -0.009617479191415937
-0.9321488738059998 | [-0.27] | -0.007283257808216696
-0.9006968140602112 | [-0.23] | -0.005185203719419929
-0.8673238754272461 | [-0.18] | -0.0033772462738246994
-0.8320818543434143 | [-0.14] | -0.0019113277993794712
-0.7950499653816223 | [-0.09] | -0.0008349335622155355
-0.7563369274139404 | [-0.04] | -0.0001884895438008849
-0.7160819172859192 | [0.01] | -2.830941120776989e-06
-0.6744542121887207 | [0.05] | -0.00029700567802769565
-0.6316515803337097 | [0.1] | -0.0010766759611654467
-0.587897002696991 | [0.15] | -0.002333352600069347
-0.5434340238571167 | [0.2] | -0.0040446131801805466
-0.49852073192596436 | [0.25] | -0.006175346028177375
-0.45342257618904114 | [0.29] | -0.008679931774333528
-0.4084049463272095 | [0.34] | -0.01150512389152776
-0.3637253940105438 | [0.38] | -0.014593332492054994
-0.31962642073631287 | [0.42] | -0.017885959476760114
-0.2763291597366333 | [0.46] | -0.02132645745267772
-0.23402824997901917 | [0.5] | -0.02486286599261163
-0.19288814067840576 | [0.53] | -0.028449684914233078
-0.15304094552993774 | [0.57] | -0.032049032392554314
-0.11458567529916763 | [0.6] | -0.03563114944319931
-0.0775887593626976 | [0.63] | -0.03917436219454994
-0.04208558425307274 | [0.65] | -0.04266465668578384
-0.0080827372148633 | [0.68] | -0.04609499188454889
0.024439245462417603 | [0.7] | -0.049464516015161636
0.05552290752530098 | [0.73] | -0.05277776351821171
0.08523089438676834 | [0.75] | -0.056043915497873964
0.1136431023478508 | [0.77] | -0.05927617713270498
0.14085406064987183 | [0.79] | -0.06249129242049824
0.16697068512439728 | [0.81] | -0.0657092041877535
0.19211037456989288 | [0.83] | -0.06895286787706052
0.21639946103096008 | [0.85] | -0.07224820074441655
0.2399720996618271 | [0.87] | -0.07562418195574021
0.2629695236682892 | [0.89] | -0.07911308480143649
0.28553956747055054 | [0.91] | -0.08275084061139532
0.307836651802063 | [0.93] | -0.08657755284132722
0.3300218880176544 | [0.95] | -0.09063813725584705
0.35226359963417053 | [0.97] | -0.09498314222005799
0.37473800778388977 | [1.] | -0.09966973390648044
0.3976302444934845 | [1.02] | -0.10476289620833541
0.42110002040863037 | [1.05] | -0.11028861175599727
0.44531312584877014 | [1.08] | 99.88368696830334
Total reward: 94.28468257919388
1.0, 5.5, 0.5
parameter ends

state | action | reward
[-0.5] | [-0.] | -7.279548540850556e-07
-0.5028587579727173 | [-0.] | -1.4007103107901188e-06
-0.5031805038452148 | [-0.] | -2.450450644244458e-06
-0.5036627054214478 | [-0.01] | -3.987885216531394e-06
-0.5043038129806519 | [-0.01] | -6.130967142216111e-06
-0.5051013231277466 | [-0.01] | -9.00151271409094e-06
-0.5060517191886902 | [-0.01] | -1.272142081949549e-05
-0.5071505904197693 | [-0.01] | -1.7409038658838618e-05
-0.5083925724029541 | [-0.02] | -2.3175127392242315e-05
-0.5097714066505432 | [-0.02] | -3.0119062919777218e-05
-0.5112799406051636 | [-0.02] | -3.8324996546402386e-05
-0.5129101872444153 | [-0.02] | -4.785839793146492e-05
-0.5146533846855164 | [-0.02] | -5.876294677457334e-05
-0.5165000557899475 | [-0.03] | -7.105787398133307e-05
-0.5184399485588074 | [-0.03] | -8.47350966819834e-05
-0.520462155342102 | [-0.03] | -9.975771683508027e-05
-0.5225552916526794 | [-0.03] | -0.00011605970253670258
-0.5247073769569397 | [-0.04] | -0.00013354436114171284
-0.5269059538841248 | [-0.04] | -0.00015208483149827058
-0.5291382074356079 | [-0.04] | -0.00017152538896432433
-0.5313910245895386 | [-0.04] | -0.00019168310435897776
-0.5336511135101318 | [-0.05] | -0.0002123506070291414
-0.5359049439430237 | [-0.05] | -0.00023329791592418422
-0.5381389260292053 | [-0.05] | -0.0002542768728693483
-0.5403395295143127 | [-0.05] | -0.0002750257750461075
-0.5424932837486267 | [-0.05] | -0.0002952731503545274
-0.5445869565010071 | [-0.06] | -0.00031474378984130253
-0.5466074347496033 | [-0.06] | -0.00033316170042812886
-0.5485420823097229 | [-0.06] | -0.0003502585641005369
-0.5503786206245422 | [-0.06] | -0.0003657768763359779
-0.5521052479743958 | [-0.06] | -0.00037947562295445153
-0.5537106990814209 | [-0.06] | -0.00039113514122709764
-0.5551844239234924 | [-0.06] | -0.0004005631256798352
-0.5565165877342224 | [-0.06] | -0.0004075980256743533
-0.5576980113983154 | [-0.06] | -0.0004121111251472548
-0.5587204098701477 | [-0.06] | -0.00041401188246733775
-0.5595764517784119 | [-0.06] | -0.00041325026760682194
-0.5602595806121826 | [-0.06] | -0.0004098153439095454
-0.5607643127441406 | [-0.06] | -0.00040373927629302597
-0.5610862374305725 | [-0.06] | -0.00039509661172509533
-0.5612218379974365 | [-0.06] | -0.00038400056659847735
-0.5611688494682312 | [-0.06] | -0.0003706053771118006
-0.5609259605407715 | [-0.06] | -0.0003550995472122547
-0.5604931116104126 | [-0.06] | -0.0003377059135275003
-0.5598713159561157 | [-0.06] | -0.0003186751073895372
-0.559062659740448 | [-0.05] | -0.0002982808258069129
-0.5580704808235168 | [-0.05] | -0.0002768165692564082
-0.5568991303443909 | [-0.05] | -0.00025458730977069506
-0.5555540919303894 | [-0.05] | -0.00023190503178424396
-0.5540420413017273 | [-0.05] | -0.00020908323884896845
-0.552370548248291 | [-0.04] | -0.0001864281332756636
-0.5505483150482178 | [-0.04] | -0.00016423519366861827
-0.5485849380493164 | [-0.04] | -0.00014278154432087326
-0.5464910268783569 | [-0.03] | -0.00012232196860897062
-0.5442780256271362 | [-0.03] | -0.00010308294504715085
-0.541958212852478 | [-0.03] | -8.525890374577895e-05
-0.5395445227622986 | [-0.03] | -6.900806438017562e-05
-0.537050724029541 | [-0.02] | -5.445128436778656e-05
-0.5344910621643066 | [-0.02] | -4.1668675335750106e-05
-0.5318803191184998 | [-0.02] | -3.069974428430841e-05
-0.5292337536811829 | [-0.01] | -2.154363469156766e-05
-0.5265669822692871 | [-0.01] | -1.416013925977089e-05
-0.523895800113678 | [-0.01] | -8.471712625917846e-06
-0.5212361812591553 | [-0.01] | -4.36690276563357e-06
-0.5186042189598083 | [-0.] | -1.7042582167584218e-06
-0.516015887260437 | [-0.] | -3.168437061789234e-07
-0.5134871006011963 | [0.] | -1.7751444250084136e-08
-0.5110334753990173 | [0.] | -6.058403994181521e-07
-0.5086703896522522 | [0.] | -1.8719289251018966e-06
-0.5064127445220947 | [0.01] | -3.605197040458899e-06
-0.5042749047279358 | [0.01] | -5.599671148339565e-06
-0.5022706985473633 | [0.01] | -7.660405025944686e-06
-0.5004132390022278 | [0.01] | -9.609601804182975e-06
-0.498714804649353 | [0.01] | -1.1292320506052587e-05
-0.49718689918518066 | [0.01] | -1.258120454534351e-05
-0.49584004282951355 | [0.01] | -1.338103005998259e-05
-0.49468380212783813 | [0.01] | -1.3631937759147914e-05
-0.4937266409397125 | [0.01] | -1.331214350550786e-05
-0.4929758906364441 | [0.01] | -1.2439357422629573e-05
-0.49243777990341187 | [0.01] | -1.1071024233785285e-05
-0.4921172559261322 | [0.01] | -9.30395945303119e-06
-0.4920180141925812 | [0.01] | -7.272404197632624e-06
-0.4921424686908722 | [0.01] | -5.145165622652015e-06
-0.492491751909256 | [0.01] | -3.1217107851228623e-06
-0.49306562542915344 | [0.] | -1.4274380583068583e-06
-0.493862509727478 | [0.] | -3.0789674004507023e-07
-0.49487948417663574 | [-0.] | -2.2353449277213557e-08
-0.49611228704452515 | [-0.] | -8.367733297088836e-07
-0.49755534529685974 | [-0.01] | -3.0163820610378226e-06
-0.49920177459716797 | [-0.01] | -6.817967749449436e-06
-0.5010433793067932 | [-0.01] | -1.248203438875622e-05
-0.5030707716941833 | [-0.01] | -2.0225296354565796e-05
-0.5052734017372131 | [-0.02] | -3.0233453342468793e-05
-0.507639467716217 | [-0.02] | -4.265392002439068e-05
-0.5101561546325684 | [-0.02] | -5.75902493491024e-05
-0.5128096342086792 | [-0.03] | -7.509676956902351e-05
-0.5155851244926453 | [-0.03] | -9.517431782942842e-05
-0.5184670090675354 | [-0.03] | -0.0001177674791128427
-0.5214388370513916 | [-0.04] | -0.00014276223195039772
-0.5244835615158081 | [-0.04] | -0.00016998657544645157
-0.5275834798812866 | [-0.04] | -0.00019921040172164777
-0.5307204723358154 | [-0.05] | -0.00023014895619595188
-0.5338760018348694 | [-0.05] | -0.00026246572637595426
-0.5370312929153442 | [-0.05] | -0.0002957781651016574
-0.5401674509048462 | [-0.06] | -0.0003296641578496378
-0.5432655215263367 | [-0.06] | -0.0003636689113633057
-0.5463066697120667 | [-0.06] | -0.0003973140052214215
-0.5492721796035767 | [-0.07] | -0.00043010516266783137
-0.5521436929702759 | [-0.07] | -0.0004615434729251845
-0.5549032688140869 | [-0.07] | -0.0004911347635606114
-0.5575335621833801 | [-0.07] | -0.000518400815351628
-0.5600177645683289 | [-0.07] | -0.0005428870038151201
-0.5623399019241333 | [-0.08] | -0.0005641748570405028
-0.5644847750663757 | [-0.08] | -0.0005818888811190005
-0.5664381980895996 | [-0.08] | -0.0005957071265028217
-0.5681869983673096 | [-0.08] | -0.0006053672879777757
-0.5697190761566162 | [-0.08] | -0.0006106725499100352
-0.5710235834121704 | [-0.08] | -0.0006114981984556238
-0.5720909237861633 | [-0.08] | -0.0006077940388057028
-0.5729127526283264 | [-0.08] | -0.000599585429052971
-0.5734822154045105 | [-0.08] | -0.0005869765786904076
-0.573793888092041 | [-0.08] | -0.0005701475903064469
-0.573843777179718 | [-0.07] | -0.0005493510121522893
-0.5736294388771057 | [-0.07] | -0.0005249087640237403
-0.5731499791145325 | [-0.07] | -0.0004972057801632369
-0.572405993938446 | [-0.07] | -0.00046668160128877543
-0.5713997483253479 | [-0.07] | -0.0004338241978480614
-0.5701349973678589 | [-0.06] | -0.0003991577338741454
-0.5686171650886536 | [-0.06] | -0.0003632344623145837
-0.5668531060218811 | [-0.06] | -0.00032662055658208144
-0.5648512840270996 | [-0.05] | -0.00028988705758660786
-0.5626215934753418 | [-0.05] | -0.0002535961788926599
-0.5601754188537598 | [-0.05] | -0.00021829077212648916
-0.5575255751609802 | [-0.04] | -0.00018448267457740487
-0.5546861290931702 | [-0.04] | -0.00015264089966976165
-0.5516725182533264 | [-0.04] | -0.00012318344952775962
-0.548501193523407 | [-0.03] | -9.64664963015255e-05
-0.5451899170875549 | [-0.03] | -7.277988258499394e-05
-0.5417572855949402 | [-0.02] | -5.23387795722334e-05
-0.5382228493690491 | [-0.02] | -3.528126106978925e-05
-0.53460693359375 | [-0.01] | -2.166578910534372e-05
-0.5309305191040039 | [-0.01] | -1.1471092891865741e-05
-0.5272151827812195 | [-0.01] | -4.598105086209156e-06
-0.5234829187393188 | [-0.] | -8.734608190730364e-07
-0.5197559595108032 | [0.] | -5.5109995221112846e-08
-0.5160567164421082 | [0.] | -1.8397377998194033e-06
-0.5124076008796692 | [0.01] | -5.871596898386497e-06
-0.5088309049606323 | [0.01] | -1.1752724083657669e-05
-0.5053486824035645 | [0.01] | -1.90541686544711e-05
-0.5019825100898743 | [0.02] | -2.7328377299311016e-05
-0.4987535774707794 | [0.02] | -3.6121153975943936e-05
-0.4956822991371155 | [0.02] | -4.4985239277655846e-05
-0.4927883446216583 | [0.02] | -5.349252009407696e-05
-0.49009042978286743 | [0.02] | -6.124661356496105e-05
-0.4876062870025635 | [0.03] | -6.789399018740827e-05
-0.485352486371994 | [0.03] | -7.313473779025868e-05
-0.48334434628486633 | [0.03] | -7.673167640004645e-05
-0.48159581422805786 | [0.03] | -7.851810359479161e-05
-0.4801194369792938 | [0.03] | -7.840331763595838e-05
-0.47892624139785767 | [0.03] | -7.637679290798798e-05
-0.4780256152153015 | [0.03] | -7.251035494682534e-05
-0.47742533683776855 | [0.03] | -6.695744791548642e-05
-0.4771314561367035 | [0.02] | -5.9951164708897037e-05
-0.4771482050418854 | [0.02] | -5.1799956547763195e-05
-0.4774780869483948 | [0.02] | -4.288046125072064e-05
-0.47812169790267944 | [0.02] | -3.36297310484991e-05
-0.4790778160095215 | [0.02] | -2.4534427408312182e-05
-0.48034337162971497 | [0.01] | -1.611910362838984e-05
-0.48191338777542114 | [0.01] | -8.933175494608851e-06
-0.48378103971481323 | [0.01] | -3.536475419260397e-06
-0.4859377145767212 | [0.] | -4.842795063745436e-07
-0.48837292194366455 | [-0.] | -3.1209917790631967e-07
-0.49107450246810913 | [-0.01] | -3.5202290438762744e-06
-0.4940285086631775 | [-0.01] | -1.0558806806100096e-05
-0.49721941351890564 | [-0.01] | -2.181368924360032e-05
-0.5006301403045654 | [-0.02] | -3.759351321413878e-05
-0.5042420625686646 | [-0.02] | -5.8117806631585724e-05
-0.5080352425575256 | [-0.03] | -8.350781293040954e-05
-0.5119884610176086 | [-0.03] | -0.00011377875256813992
-0.516079306602478 | [-0.04] | -0.00014883440499441282
-0.5202844142913818 | [-0.04] | -0.00018846537329450598
-0.5245795249938965 | [-0.05] | -0.00023234884788689397
-0.5289395451545715 | [-0.05] | -0.00028005065304429166
-0.5333389043807983 | [-0.06] | -0.0003310329396923939
-0.5377515554428101 | [-0.06] | -0.00038466114975820617
-0.5421510934829712 | [-0.07] | -0.00044021423408462795
-0.5465111136436462 | [-0.07] | -0.0004969002264186097
-0.5508051514625549 | [-0.07] | -0.0005538686063721981
-0.5550069808959961 | [-0.08] | -0.0006102288378167124
-0.559090793132782 | [-0.08] | -0.0006650688376873288
-0.5630312561988831 | [-0.08] | -0.0007174722972466234
-0.5668036937713623 | [-0.09] | -0.0007665384414634595
-0.5703843235969543 | [-0.09] | -0.0008114027896752792
-0.573750376701355 | [-0.09] | -0.0008512557401458777
-0.5768800973892212 | [-0.09] | -0.0008853578975210057
-0.579753041267395 | [-0.1] | -0.0009130598641443714
-0.5823501348495483 | [-0.1] | -0.0009338160591973923
-0.5846537947654724 | [-0.1] | -0.0009471977648521604
-0.5866481065750122 | [-0.1] | -0.0009529051345431408
-0.5883188247680664 | [-0.1] | -0.0009507734561354417
-0.5896534323692322 | [-0.1] | -0.0009407777572394776
-0.5906413197517395 | [-0.1] | -0.0009230372531438587
-0.5912739038467407 | [-0.09] | -0.000897815597379302
-0.591544508934021 | [-0.09] | -0.000865513715798128
-0.5914486050605774 | [-0.09] | -0.000826666735030342
-0.5909837484359741 | [-0.09] | -0.0007819323689028055
-0.5901495814323425 | [-0.09] | -0.0007320780300826192
-0.5889478921890259 | [-0.08] | -0.0006779666993106617
-0.5873827338218689 | [-0.08] | -0.0006205414458460791
-0.5854603052139282 | [-0.07] | -0.0005608040672548763
-0.5831888914108276 | [-0.07] | -0.0004997937124660891
-0.5805789828300476 | [-0.07] | -0.00043856716426882717
-0.577643096446991 | [-0.06] | -0.0003781741383054458
-0.5743958950042725 | [-0.06] | -0.00031963679728895
-0.5708540081977844 | [-0.05] | -0.00026392558585549116
-0.567035973072052 | [-0.05] | -0.0002119380503416628
-0.5629621148109436 | [-0.04] | -0.00016447855542693938
-0.5586545467376709 | [-0.03] | -0.00012224118481466112
-0.5541369915008545 | [-0.03] | -8.579339415091614e-05
-0.5494346618652344 | [-0.02] | -5.556338702418e-05
-0.5445741415023804 | [-0.02] | -3.183074161543199e-05
-0.539583146572113 | [-0.01] | -1.4720247306313206e-05
-0.5344905257225037 | [-0.01] | -4.200433566682095e-06
-0.5293259620666504 | [-0.] | -8.478263811061236e-08
-0.5241197943687439 | [0.] | -2.0376472677837094e-06
-0.5189029574394226 | [0.01] | -9.58362597679055e-06
-0.5137066841125488 | [0.01] | -2.2120440730001578e-05
-0.5085622668266296 | [0.02] | -3.893546569385065e-05
-0.5035009980201721 | [0.02] | -5.922450536651544e-05
-0.4985538423061371 | [0.03] | -8.211367281661673e-05
-0.4937513768672943 | [0.03] | -0.00010668208782288608
-0.48912346363067627 | [0.04] | -0.00013198718967008896
-0.48469915986061096 | [0.04] | -0.00015708932341677864
-0.4805064797401428 | [0.04] | -0.00018107741299616963
-0.47657227516174316 | [0.05] | -0.00020309308379760083
-0.4729219973087311 | [0.05] | -0.00022235474881657352
-0.4695796072483063 | [0.05] | -0.00023817862044673188
-0.46656739711761475 | [0.05] | -0.0002499983671613622
-0.46390581130981445 | [0.05] | -0.0002573820815075635
-0.4616134464740753 | [0.05] | -0.00026004445090659875
-0.4597068130970001 | [0.05] | -0.00025785787703294037
-0.45820027589797974 | [0.05] | -0.0002508581688459067
-0.45710593461990356 | [0.05] | -0.00023924696088868498
-0.45643362402915955 | [0.05] | -0.00022338898440818472
-0.4561907649040222 | [0.05] | -0.00020380690866849693
-0.45638230443000793 | [0.04] | -0.00018117126277673534
-0.4570107161998749 | [0.04] | -0.00015628607608306566
-0.4580759108066559 | [0.04] | -0.00013007174937661222
-0.4595752954483032 | [0.03] | -0.00010354346875552368
-0.46150362491607666 | [0.03] | -7.77882826480387e-05
-0.4638531506061554 | [0.02] | -5.393767625481256e-05
-0.4666135311126709 | [0.02] | -3.3139926262073887e-05
-0.4697719216346741 | [0.01] | -1.6530148494553963e-05
-0.47331297397613525 | [0.01] | -5.20022695688023e-06
-0.4772189259529114 | [0.] | -1.6857651477707533e-07
-0.48146966099739075 | [-0.] | -2.350945608890943e-06
-0.4860427975654602 | [-0.01] | -1.2532791094454961e-05
-0.4909137785434723 | [-0.02] | -3.134402227963638e-05
-0.49605607986450195 | [-0.02] | -5.923723797169828e-05
-0.501441240310669 | [-0.03] | -9.646925296902393e-05
-0.5070390105247498 | [-0.04] | -0.00014308695476438483
-0.5128176808357239 | [-0.04] | -0.00019891946128884654
-0.5187441110610962 | [-0.05] | -0.00026357353551354824
-0.5247839689254761 | [-0.06] | -0.00033643560560231455
-0.5309019088745117 | [-0.06] | -0.0004166785793641208
-0.5370619297027588 | [-0.07] | -0.0005032764195525557
-0.5432274341583252 | [-0.08] | -0.0005950201600477668
-0.5493614673614502 | [-0.08] | -0.000690540265444534
-0.5554271340370178 | [-0.09] | -0.0007883367808118381
-0.5613876581192017 | [-0.09] | -0.0008868070452058282
-0.567206621170044 | [-0.1] | -0.0009842792011227988
-0.5728482604026794 | [-0.1] | -0.001079048903911569
-0.5782777070999146 | [-0.11] | -0.0011694163097320368
-0.5834611058235168 | [-0.11] | -0.001253721347600778
-0.588365912437439 | [-0.12] | -0.0013303820208605559
-0.5929610133171082 | [-0.12] | -0.0013979277914989855
-0.5972169637680054 | [-0.12] | -0.0014550339617834425
-0.6011062264442444 | [-0.12] | -0.0015005535295570807
-0.604603111743927 | [-0.12] | -0.0015335384416927476
-0.6076841950416565 | [-0.12] | -0.0015532690083627288
-0.6103282570838928 | [-0.12] | -0.0015592671760626636
-0.612516462802887 | [-0.12] | -0.0015513112710793444
-0.6142324805259705 | [-0.12] | -0.0015294443378956607
-0.615462601184845 | [-0.12] | -0.001493977329204703
-0.616195797920227 | [-0.12] | -0.001445485595885543
-0.6164237260818481 | [-0.12] | -0.0013847987019179548
-0.6161409616470337 | [-0.11] | -0.0013129908605137072
-0.6153448820114136 | [-0.11] | -0.0012313575428180095
-0.6140358448028564 | [-0.11] | -0.0011413944562884885
-0.6122170686721802 | [-0.1] | -0.001044765173850373
-0.6098947525024414 | [-0.1] | -0.0009432703677905784
-0.6070781350135803 | [-0.09] | -0.0008388117827434608
-0.6037793159484863 | [-0.09] | -0.0007333489947872208
-0.6000133752822876 | [-0.08] | -0.0006288602292637807
-0.5957983136177063 | [-0.07] | -0.0005272983326234604
-0.5911548733711243 | [-0.07] | -0.0004305452822721802
-0.5861066579818726 | [-0.06] | -0.00034037206382572105
-0.5806798934936523 | [-0.05] | -0.00025839533986184767
-0.5749033689498901 | [-0.04] | -0.00018603988000721918
-0.5688082575798035 | [-0.04] | -0.00012450383882179006
-0.5624280571937561 | [-0.03] | -7.473019711470489e-05
-0.5557982921600342 | [-0.02] | -3.738228885887779e-05
-0.5489563941955566 | [-0.01] | -1.2827703345885071e-05
-0.5419414639472961 | [-0.] | -1.128597331844037e-06
-0.5347940921783447 | [0.] | -2.039832050992164e-06
-0.5275560021400452 | [0.01] | -1.5014878285535537e-05
-0.5202698707580566 | [0.02] | -3.9219741698627576e-05
-0.5129789710044861 | [0.03] | -7.355454832637476e-05
-0.5057270526885986 | [0.03] | -0.00011668110375453753
-0.49855783581733704 | [0.04] | -0.00016705845751359774
-0.4915149509906769 | [0.05] | -0.00022298136565503227
-0.48464149236679077 | [0.05] | -0.00028262535136155617
-0.4779798090457916 | [0.06] | -0.0003440932485108063
-0.4715712070465088 | [0.06] | -0.0004054644583361346
-0.46545571088790894 | [0.07] | -0.0004648441783306515
-0.45967182517051697 | [0.07] | -0.0005204120418599872
-0.45425623655319214 | [0.08] | -0.0005704702015511179
-0.4492436945438385 | [0.08] | -0.0006134859734184714
-0.44466671347618103 | [0.08] | -0.0006481334570326131
-0.4405554234981537 | [0.08] | -0.0006733285969580943
-0.43693745136260986 | [0.08] | -0.0006882581862677528
-0.4338377118110657 | [0.08] | -0.0006924046083829815
-0.431278258562088 | [0.08] | -0.0006855631039065798
-0.4292781949043274 | [0.08] | -0.0006678513164335792
-0.4278535544872284 | [0.08] | -0.0006397121524440432
-0.4270171821117401 | [0.08] | -0.0006019094880165797
-0.4267787039279938 | [0.07] | -0.0005555150532488249
-0.4271444082260132 | [0.07] | -0.0005018896121556153
-0.42811721563339233 | [0.07] | -0.0004426556837934915
-0.42969658970832825 | [0.06] | -0.00037966446070507396
-0.4318785071372986 | [0.06] | -0.0003149555949352775
-0.4346555173397064 | [0.05] | -0.0002507104353686902
-0.4380165934562683 | [0.04] | -0.00018920303398102983
-0.44194725155830383 | [0.04] | -0.00013274410816451187
-0.4464295506477356 | [0.03] | -8.362394090257742e-05
-0.45144209265708923 | [0.02] | -4.405365320243554e-05
-0.45696011185646057 | [0.01] | -1.610571967652162e-05
-0.4629555642604828 | [0.] | -1.6560882531297328e-06
-0.4693972170352936 | [-0.] | -2.3293439896463625e-06
-0.4762508273124695 | [-0.01] | -1.9448338348701718e-05
-0.4834792912006378 | [-0.02] | -5.399018812365089e-05
-0.49104276299476624 | [-0.03] | -0.00010654930583220545
-0.498898983001709 | [-0.04] | -0.00017731012152234773
-0.5070034265518188 | [-0.05] | -0.00026602878937360004
-0.5153096914291382 | [-0.06] | -0.0003720272374426779
-0.5237696170806885 | [-0.07] | -0.0004941956342848176
-0.5323336720466614 | [-0.08] | -0.0006310082160304502
-0.5409513711929321 | [-0.09] | -0.0007805510188231557
-0.5495715141296387 | [-0.1] | -0.0009405575509756697
-0.5581425428390503 | [-0.11] | -0.0011084549122494305
-0.5666128993034363 | [-0.11] | -0.001281418275879219
-0.5749313235282898 | [-0.12] | -0.0014564303643854971
-0.5830472707748413 | [-0.13] | -0.001630349221290256
-0.5909112691879272 | [-0.13] | -0.0017999780457230942
-0.5984750986099243 | [-0.14] | -0.001962132211096451
-0.6056921482086182 | [-0.15] | -0.0021137108473729765
-0.6125178337097168 | [-0.15] | -0.0022517693176256656
-0.6189095973968506 | [-0.15] | -0.0023735762836351536
-0.6248273253440857 | [-0.16] | -0.00247667932894376
-0.6302334666252136 | [-0.16] | -0.0025589564114634755
-0.6350933909416199 | [-0.16] | -0.0026186684252802895
-0.6393753290176392 | [-0.16] | -0.0026544916931703372
-0.6430507302284241 | [-0.16] | -0.002665556274022431
-0.6460941433906555 | [-0.16] | -0.002651460517058172
-0.6484836339950562 | [-0.16] | -0.002612294858382368
-0.6502007246017456 | [-0.16] | -0.0025486407918909634
-0.6512303948402405 | [-0.16] | -0.002461563036373278
-0.6515613794326782 | [-0.15] | -0.0023526022278914332
-0.6511861681938171 | [-0.15] | -0.0022237483334852843
-0.6501008868217468 | [-0.14] | -0.002077401828535808
-0.6483056545257568 | [-0.14] | -0.001916340528222282
-0.6458044648170471 | [-0.13] | -0.0017436629877626425
-0.642605185508728 | [-0.13] | -0.001562728292963556
-0.6387197375297546 | [-0.12] | -0.001377093270769075
-0.6341639161109924 | [-0.11] | -0.00119043443198896
-0.6289576888084412 | [-0.1] | -0.0010064764077829715
-0.6231248378753662 | [-0.09] | -0.0008289021404157856
-0.6166931390762329 | [-0.08] | -0.0006612739866415211
-0.609694242477417 | [-0.07] | -0.000506948577151855
-0.6021636128425598 | [-0.06] | -0.0003689956428141964
-0.5941402912139893 | [-0.05] | -0.00025011962220166143
-0.585666835308075 | [-0.04] | -0.00015259129215414136
-0.576789140701294 | [-0.03] | -7.81871991778726e-05
-0.5675562024116516 | [-0.02] | -2.8139790356608576e-05
-0.5580196976661682 | [-0.01] | -3.1011689347129136e-06
-0.5482338070869446 | [0.01] | -3.123103367369735e-06
-0.538254976272583 | [0.02] | -2.7651300802295487e-05
-0.5281413197517395 | [0.03] | -7.553646866886278e-05
-0.5179523229598999 | [0.04] | -0.00014506203954322007
-0.507748544216156 | [0.05] | -0.00023398601138476286
-0.4975910782814026 | [0.06] | -0.0003395982757147384
-0.4875410497188568 | [0.07] | -0.00045879120775294306
-0.47765931487083435 | [0.08] | -0.0005881384600353937
-0.4680060148239136 | [0.09] | -0.0007239826718145681
-0.45864009857177734 | [0.09] | -0.0008625295971548654
-0.44961899518966675 | [0.1] | -0.000999943108175755
-0.4409981966018677 | [0.11] | -0.0011324419774815136
-0.43283095955848694 | [0.11] | -0.0012563926214131944
-0.4251679480075836 | [0.12] | -0.0013683991096765564
-0.41805702447891235 | [0.12] | -0.0014653845207924974
-0.4115429222583771 | [0.12] | -0.0015446671728636342
-0.4056670665740967 | [0.13] | -0.0016040250098516146
-0.4004673957824707 | [0.13] | -0.001641750551182406
-0.3959781527519226 | [0.13] | -0.0016566956978788811
-0.3922297954559326 | [0.13] | -0.0016483028949560987
-0.3892488181591034 | [0.13] | -0.0016166267139876161
-0.38705766201019287 | [0.12] | -0.0015623412397274524
-0.38567468523979187 | [0.12] | -0.0014867338480021683
-0.38511398434638977 | [0.12] | -0.0013916903051427961
-0.38538533449172974 | [0.11] | -0.0012796642963732964
-0.38649415969848633 | [0.11] | -0.0011536337941245546
-0.38844141364097595 | [0.1] | -0.0010170472544182472
-0.3912235200405121 | [0.09] | -0.0008737563132836349
-0.3948323428630829 | [0.09] | -0.0007279365800404648
-0.39925509691238403 | [0.08] | -0.0005839991605228134
-0.40447431802749634 | [0.07] | -0.00044649170760764715
-0.41046783328056335 | [0.06] | -0.00031999197108076863
-0.41720879077911377 | [0.05] | -0.00020899511891614572
-0.4246656000614166 | [0.03] | -0.00011779912527525938
-0.43280208110809326 | [0.02] | -5.0387731166329566e-05
-0.4415774941444397 | [0.01] | -1.0318029160803267e-05
-0.4509466290473938 | [-0.] | -6.135042265710024e-07
-0.46086007356643677 | [-0.02] | -2.3666770757845795e-05
-0.4712643623352051 | [-0.03] | -8.115624517661543e-05
-0.48210227489471436 | [-0.04] | -0.00017397916157008839
-0.49331316351890564 | [-0.05] | -0.0003022044215408756
-0.5048333406448364 | [-0.07] | -0.0004650475055455244
-0.5165964961051941 | [-0.08] | -0.0006608684402980717
-0.5285341143608093 | [-0.09] | -0.0008871931823675683
-0.5405759811401367 | [-0.11] | -0.001140758564475021
-0.5526508092880249 | [-0.12] | -0.0014175824590102646
-0.5646865963935852 | [-0.13] | -0.001713047508637676
-0.576611340045929 | [-0.14] | -0.0020220097482676626
-0.5883534550666809 | [-0.15] | -0.002338913634368663
-0.599842369556427 | [-0.16] | -0.0026579217099230064
-0.6110089421272278 | [-0.17] | -0.00297304580251708
-0.6217861175537109 | [-0.18] | -0.003278287514254097
-0.6321090459823608 | [-0.19] | -0.003567761238473993
-0.6419157981872559 | [-0.2] | -0.0038358330136269297
-0.6511474251747131 | [-0.2] | -0.004077229283367217
-0.6597484946250916 | [-0.21] | -0.004287156577841513
-0.6676672101020813 | [-0.21] | -0.00446139302743991
-0.6748555898666382 | [-0.21] | -0.004596372485226571
-0.681269645690918 | [-0.22] | -0.004689255611314325
-0.6868695616722107 | [-0.22] | -0.004737989377033692
-0.691619873046875 | [-0.22] | -0.004741353092943896
-0.6954892873764038 | [-0.22] | -0.004698976564457365
-0.6984511017799377 | [-0.21] | -0.004611370436971672
-0.700482964515686 | [-0.21] | -0.004479914563490818
-0.7015670537948608 | [-0.21] | -0.004306850639660899
-0.7016901969909668 | [-0.2] | -0.004095257976381968
-0.700843870639801 | [-0.2] | -0.0038490090242098134
-0.6990242004394531 | [-0.19] | -0.0035727102327705834
-0.696232259273529 | [-0.18] | -0.003271639011144248
-0.6924740076065063 | [-0.17] | -0.002951650218688046
-0.6877604126930237 | [-0.16] | -0.002619074557688311
-0.6821075081825256 | [-0.15] | -0.002280600031447128
-0.6755366325378418 | [-0.14] | -0.0019431448171158224
-0.668074369430542 | [-0.13] | -0.0016137087169963906
-0.6597526669502258 | [-0.11] | -0.0012992209781024092
-0.6506089568138123 | [-0.1] | -0.001006381271520587
-0.64068603515625 | [-0.09] | -0.0007414923604878096
-0.6300320625305176 | [-0.07] | -0.0005102994791821034
-0.6187005043029785 | [-0.06] | -0.0003178352917489095
-0.6067498922348022 | [-0.04] | -0.00016827584396774452
-0.594243586063385 | [-0.03] | -6.481627392086502e-05
-0.5812495946884155 | [-0.01] | -9.570229179221932e-06
-0.567840039730072 | [0.01] | -3.495586629953529e-06
-0.5540907979011536 | [0.02] | -4.635394173736418e-05
-0.5400809049606323 | [0.04] | -0.0001367041297956992
-0.5258919596672058 | [0.05] | -0.00027193212262987496
-0.5116076469421387 | [0.07] | -0.00044831369817069215
-0.4973127841949463 | [0.08] | -0.000661114629204032
-0.48309290409088135 | [0.1] | -0.000904714136105993
-0.4690333902835846 | [0.11] | -0.001172757539056203
-0.4552188515663147 | [0.12] | -0.001458324602141148
-0.4417324364185333 | [0.13] | -0.0017541115834361328
-0.428655207157135 | [0.14] | -0.002052618412099825
-0.4160655438899994 | [0.15] | -0.0023463370545282226
-0.4040386974811554 | [0.16] | -0.0026279305884796145
-0.39264628291130066 | [0.17] | -0.0028904067007847934
-0.38195592164993286 | [0.18] | -0.003127274425548392
-0.37203094363212585 | [0.18] | -0.003332684464915095
-0.3629301190376282 | [0.19] | -0.0035015535648177804
-0.3547075092792511 | [0.19] | -0.003629667190053617
-0.3474122881889343 | [0.19] | -0.003713766676834763
-0.34108874201774597 | [0.19] | -0.003751612018385349
-0.33577609062194824 | [0.19] | -0.0037420352910556842
-0.331508606672287 | [0.19] | -0.0036849653023486788
-0.328315407037735 | [0.19] | -0.003581448134988301
-0.3262206017971039 | [0.19] | -0.0034336369445554294
-0.325243204832077 | [0.18] | -0.0032447734714331094
-0.3253970146179199 | [0.17] | -0.0030191521592070614
-0.3266906440258026 | [0.17] | -0.0027620592848330867
-0.32912737131118774 | [0.16] | -0.0024796983955483335
-0.3327050805091858 | [0.15] | -0.0021790911849094083
-0.3374160826206207 | [0.14] | -0.0018679602341848567
-0.3432469666004181 | [0.12] | -0.0015545881762062885
-0.35017845034599304 | [0.11] | -0.0012476546709461267
-0.35818514227867126 | [0.1] | -0.0009560550475903526
-0.3672354817390442 | [0.08] | -0.0006886958758202987
-0.3772915303707123 | [0.07] | -0.0004542796917340061
-0.38830888271331787 | [0.05] | -0.00026107731646594104
-0.4002366364002228 | [0.03] | -0.00011669578259136691
-0.4130173921585083 | [0.02] | -2.7850645407573664e-05
-0.4265873432159424 | [-0.] | -1.4933647841802735e-07
-0.44087648391723633 | [-0.02] | -3.78953262249635e-05
-0.4558088779449463 | [-0.04] | -0.00014392228885515992
-0.4713031053543091 | [-0.06] | -0.0003194668328326947
-0.4872727394104004 | [-0.08] | -0.0005640864030582185
-0.5036269426345825 | [-0.09] | -0.000875628041919008
-0.5202711820602417 | [-0.11] | -0.0012502500492395153
-0.5371081233024597 | [-0.13] | -0.0016825008094289344
-0.5540383458137512 | [-0.15] | -0.0021654440226201175
-0.5709612965583801 | [-0.16] | -0.002690832326655847
-0.5877763032913208 | [-0.18] | -0.0032493216274351875
-0.6043832898139954 | [-0.2] | -0.0038307050144571276
-0.6206839084625244 | [-0.21] | -0.004424180595920303
-0.6365821361541748 | [-0.22] | -0.00501860764307141
-0.6519851684570312 | [-0.24] | -0.0056027776082432255
-0.6668040156364441 | [-0.25] | -0.00616566353863143
-0.6809539794921875 | [-0.26] | -0.006696650505924486
-0.694355309009552 | [-0.27] | -0.00718575744601056
-0.706933319568634 | [-0.28] | -0.007623811580417509
-0.7186188101768494 | [-0.28] | -0.008002614767153339
-0.7293480038642883 | [-0.29] | -0.008315064076664392
-0.7390627264976501 | [-0.29] | -0.00855526280394391
-0.7477104067802429 | [-0.3] | -0.008718602457760575
-0.7552440166473389 | [-0.3] | -0.008801825670899373
-0.7616217732429504 | [-0.3] | -0.008803056052288755
-0.7668073177337646 | [-0.3] | -0.008721844418461867
-0.7707693576812744 | [-0.29] | -0.008559168245282602
-0.7734817266464233 | [-0.29] | -0.00831744199733863
-0.7749232649803162 | [-0.28] | -0.008000502418204767
-0.7750777006149292 | [-0.28] | -0.007613577575891126
-0.7739338278770447 | [-0.27] | -0.007163254463218895
-0.7714855074882507 | [-0.26] | -0.006657414405439885
-0.7677317261695862 | [-0.25] | -0.006105148031594064
-0.7626769542694092 | [-0.23] | -0.005516657332791222
-0.756331205368042 | [-0.22] | -0.004903111844910387
-0.7487105131149292 | [-0.21] | -0.00427649156315137
-0.739837110042572 | [-0.19] | -0.0036493810136733647
-0.7297399044036865 | [-0.17] | -0.003034742016790859
-0.7184545993804932 | [-0.16] | -0.0024456398534743714
-0.7060242891311646 | [-0.14] | -0.001894958893769646
-0.6924995183944702 | [-0.12] | -0.0013950778217540066
-0.67793869972229 | [-0.1] | -0.0009575444877938126
-0.6624080538749695 | [-0.08] | -0.0005927366022392732
-0.6459816098213196 | [-0.06] | -0.00030953956763040563
-0.6287412643432617 | [-0.03] | -0.00011505184038433725
-0.6107762455940247 | [-0.01] | -1.4324595039555757e-05
-0.5921827554702759 | [0.01] | -1.0163523015521096e-05
-0.5730633735656738 | [0.03] | -0.00010299706105500262
-0.5535262227058411 | [0.05] | -0.00029082296777384645
-0.5336840152740479 | [0.08] | -0.0005692396468740889
-0.513653039932251 | [0.1] | -0.0009315597873635426
-0.4935518801212311 | [0.12] | -0.0013690069529874623
-0.47350025177001953 | [0.14] | -0.0018709790131904687
-0.45361778140068054 | [0.16] | -0.0024253663491645102
-0.4340226948261261 | [0.17] | -0.0030189142463688604
-0.41483074426651 | [0.19] | -0.003637599600315861
-0.3961540758609772 | [0.21] | -0.004267016929001079
-0.37810027599334717 | [0.22] | -0.004892750375761624
-0.3607715964317322 | [0.23] | -0.005500719670345316
-0.34426432847976685 | [0.25] | -0.00607748937689081
-0.3286683261394501 | [0.26] | -0.0066105385743632315
-0.31406673789024353 | [0.27] | -0.007088483940776057
-0.30053579807281494 | [0.27] | -0.007501264863591062
-0.28814491629600525 | [0.28] | -0.007840279145639345
-0.276956707239151 | [0.28] | -0.008098493370825579
-0.26702719926834106 | [0.29] | -0.008270518367329697
-0.2584061324596405 | [0.29] | -0.008352660027099125
-0.25113722681999207 | [0.29] | -0.008342954861153454
-0.24525846540927887 | [0.29] | -0.008241191532830676
-0.2408023625612259 | [0.28] | -0.008048921113237881
-0.23779624700546265 | [0.28] | -0.007769455105124933
-0.23626239597797394 | [0.27] | -0.007407858509605247
-0.2362181544303894 | [0.26] | -0.006970928058830478
-0.2376759797334671 | [0.25] | -0.006467154537493943
-0.24064330756664276 | [0.24] | -0.005906669899770877
-0.24512240290641785 | [0.23] | -0.005301163521875041
-0.25111010670661926 | [0.22] | -0.004663767138929666
-0.25859740376472473 | [0.2] | -0.004008903650699319
-0.26756903529167175 | [0.18] | -0.0033520852013922647
-0.27800294756889343 | [0.16] | -0.00270966433794143
-0.2898697257041931 | [0.14] | -0.002098530351509248
-0.30313199758529663 | [0.12] | -0.0015357510989251256
-0.3177439570426941 | [0.1] | -0.0010381631512753444
-0.33365070819854736 | [0.08] | -0.0006219243581565424
-0.3507879078388214 | [0.05] | -0.0003020321657996053
-0.3690814673900604 | [0.03] | -9.183265888763207e-05
-0.3884474039077759 | [0.01] | -2.540125459874268e-06
-0.4087918698787689 | [-0.02] | -4.27927650955038e-05
-0.43001148104667664 | [-0.05] | -0.00021827017470331815
-0.4519939124584198 | [-0.07] | -0.0005314003737692954
-0.4746185839176178 | [-0.1] | -0.0009811759928407397
-0.4977578818798065 | [-0.13] | -0.0015630998060067016
-0.5212783217430115 | [-0.15] | -0.002269263593270151
-0.5450421571731567 | [-0.18] | -0.003088563302412717
-0.5689088702201843 | [-0.2] | -0.004007033128867134
-0.592737078666687 | [-0.22] | -0.005008291417226335
-0.6163861155509949 | [-0.25] | -0.006074050577805843
-0.6397178769111633 | [-0.27] | -0.0071846876737350395
-0.6625983119010925 | [-0.29] | -0.008319812266191842
-0.6848989129066467 | [-0.31] | -0.009458828514658511
-0.7064977288246155 | [-0.33] | -0.01058143754497145
-0.7272805571556091 | [-0.34] | -0.011668101658778303
-0.747141420841217 | [-0.36] | -0.012700404835476126
-0.7659831643104553 | [-0.37] | -0.013661361776160008
-0.7837174534797668 | [-0.38] | -0.014535624132298714
-0.800264835357666 | [-0.39] | -0.015309637036880886
-0.8155542612075806 | [-0.4] | -0.015971710211497632
-0.8295229077339172 | [-0.41] | -0.016512080336325587
-0.8421154618263245 | [-0.41] | -0.016922906278849067
-0.8532835245132446 | [-0.41] | -0.017198257861568346
-0.8629848957061768 | [-0.42] | -0.017334092696916742
-0.871182918548584 | [-0.42] | -0.017328233800597944
-0.877845823764801 | [-0.41] | -0.017180356045861028
-0.882946252822876 | [-0.41] | -0.016891988906735298
-0.8864606022834778 | [-0.41] | -0.016466514012381007
-0.8883687257766724 | [-0.4] | -0.01590919330945709
-0.888653576374054 | [-0.39] | -0.015227192959777938
-0.8873012661933899 | [-0.38] | -0.014429633117779825
-0.8843008875846863 | [-0.37] | -0.01352760383762596
-0.8796448707580566 | [-0.35] | -0.012534197866835572
-0.8733291029930115 | [-0.34] | -0.011464490231468005
-0.8653537034988403 | [-0.32] | -0.01033551712789512
-0.8557233810424805 | [-0.3] | -0.009166164404632879
-0.844448447227478 | [-0.28] | -0.00797702872702581
-0.8315455317497253 | [-0.26] | -0.006790171677213414
-0.8170387148857117 | [-0.24] | -0.00562880913627519
-0.8009604215621948 | [-0.21] | -0.0045168867154235645
-0.7833525538444519 | [-0.19] | -0.0034785719689989086
-0.7642675638198853 | [-0.16] | -0.002537653760472891
-0.7437692880630493 | [-0.13] | -0.001716855772734508
-0.7219337821006775 | [-0.1] | -0.0010371063248606539
-0.6988497376441956 | [-0.07] | -0.0005167810196115779
-0.6746188402175903 | [-0.04] | -0.00017097420591392215
-0.6493557095527649 | [-0.01] | -1.0833455014153462e-05
-0.6231871843338013 | [0.02] | -4.301289633321876e-05
-0.5962517261505127 | [0.05] | -0.00026929139473885755
-0.5686978101730347 | [0.08] | -0.0006863889614596581
-0.5406824350357056 | [0.11] | -0.0012860045008242888
-0.5123688578605652 | [0.14] | -0.002055084903261298
-0.4839244782924652 | [0.17] | -0.0029763008534553635
-0.4555181860923767 | [0.2] | -0.004028709811229915
-0.42731788754463196 | [0.23] | -0.005188547146911044
-0.39948800206184387 | [0.25] | -0.006430095886883425
-0.37218722701072693 | [0.28] | -0.007726566158440537
-0.34556645154953003 | [0.3] | -0.009050943770044282
-0.3197670578956604 | [0.32] | -0.010376749703551711
-0.2949196994304657 | [0.34] | -0.011678676233667333
-0.2711434066295624 | [0.36] | -0.012933096223141727
-0.24854521453380585 | [0.38] | -0.01411842016815808
-0.22722004354000092 | [0.39] | -0.015215335428036193
-0.20725108683109283 | [0.4] | -0.016206917879253904
-0.18871040642261505 | [0.41] | -0.01707865678016063
-0.17165979743003845 | [0.42] | -0.01781841065624846
-0.15615175664424896 | [0.43] | -0.01841632399789316
-0.14223067462444305 | [0.43] | -0.018864714129799547
-0.1299339383840561 | [0.44] | -0.019157964080277645
-0.11929311603307724 | [0.44] | -0.01929242333047146
-0.11033505201339722 | [0.44] | -0.019266332879311704
-0.10308287292718887 | [0.44] | -0.019079782111397867
-0.09755689650774002 | [0.43] | -0.018734698021472658
-0.09377536177635193 | [0.43] | -0.018234872770761162
-0.09175501018762589 | [0.42] | -0.017586023469978153
-0.09151150286197662 | [0.41] | -0.016795880557439292
-0.09305963665246964 | [0.4] | -0.015874298881200566
-0.09641333669424057 | [0.39] | -0.014833383695631856
-0.10158547759056091 | [0.37] | -0.013687614175549125
-0.10858746618032455 | [0.35] | -0.012453954048119
-0.11742861568927765 | [0.33] | -0.011151929075738656
-0.12811531126499176 | [0.31] | -0.00980365114618339
-0.1406499594449997 | [0.29] | -0.008433765754768547
-0.15502972900867462 | [0.27] | -0.007069300335257054
-0.17124512791633606 | [0.24] | -0.0057393875139382135
-0.18927845358848572 | [0.21] | -0.004474842475082072
-0.20910213887691498 | [0.18] | -0.0033075813580631386
-0.2306770533323288 | [0.15] | -0.0022698708873458784
-0.2539508640766144 | [0.12] | -0.0013934201270468863
-0.278856486082077 | [0.08] | -0.0007083329970707411
-0.3053109049797058 | [0.05] | -0.00024196325232600245
-0.3332141637802124 | [0.01] | -1.7736543744385855e-05
-0.36244896054267883 | [-0.02] | -5.401140066718319e-05
-0.39288070797920227 | [-0.06] | -0.0003630704687917424
-0.4243582785129547 | [-0.1] | -0.000950332091926021
-0.4567154347896576 | [-0.13] | -0.0018138663552601968
-0.48977288603782654 | [-0.17] | -0.0029442746619551576
-0.5233410000801086 | [-0.21] | -0.004324966805533232
-0.5572229623794556 | [-0.24] | -0.005932822404347199
-0.5912185311317444 | [-0.28] | -0.0077392047251051595
-0.6251277327537537 | [-0.31] | -0.009711222333498882
-0.6587546467781067 | [-0.34] | -0.011813145763272932
-0.691910982131958 | [-0.37] | -0.01400786209536015
-0.724419355392456 | [-0.4] | -0.01625825828956698
-0.7561158537864685 | [-0.43] | -0.0185284253468171
-0.7868521809577942 | [-0.46] | -0.020784651298151553
-0.8164969086647034 | [-0.48] | -0.022996124633451156
-0.8449361324310303 | [-0.5] | -0.02513538139467697
-0.8720737099647522 | [-0.52] | -0.02717852649683294
-0.8978304266929626 | [-0.54] | -0.029105197166866492
-0.9221432209014893 | [-0.56] | -0.030898418157091396
-0.9449636936187744 | [-0.57] | -0.032544302619020464
-0.9662564992904663 | [-0.58] | -0.03403170831571858
-0.98599773645401 | [-0.59] | -0.035351873844362315
-1.0041728019714355 | [-0.6] | -0.03649800841564669
-1.0207748413085938 | [-0.61] | -0.037464970567709865
-1.035802960395813 | [-0.62] | -0.038248951156090887
-1.049260139465332 | [-0.62] | -0.038847153830314916
-1.0611523389816284 | [-0.63] | -0.039257659244803796
-1.0714865922927856 | [-0.63] | -0.0394791984874282
-1.0802699327468872 | [-0.63] | -0.03951106214289741
-1.0875084400177002 | [-0.63] | -0.03935305745770705
-1.0932061672210693 | [-0.62] | -0.03900548269793763
-1.0973645448684692 | [-0.62] | -0.0384691861353006
-1.099981427192688 | [-0.61] | -0.03774561240942239
-1.1010512113571167 | [-0.61] | -0.036837007781918625
-1.1005640029907227 | [-0.6] | -0.035746534044960636
-1.0985054969787598 | [-0.59] | -0.03447849710443844
-1.0948573350906372 | [-0.57] | -0.03303865370342411
-1.0895968675613403 | [-0.56] | -0.03143446626246079
-1.0826976299285889 | [-0.54] | -0.029675453465382497
-1.0741297006607056 | [-0.53] | -0.027773531058877195
-1.0638604164123535 | [-0.51] | -0.025743381309567322
-1.0518553256988525 | [-0.49] | -0.023602818646386973
-1.0380792617797852 | [-0.46] | -0.02137311598493874
-1.022497534751892 | [-0.44] | -0.019079262725987062
-1.005077838897705 | [-0.41] | -0.01675017512315896
-0.9857920408248901 | [-0.38] | -0.01441873389369203
-0.9646180868148804 | [-0.35] | -0.012121640410550862
-0.9415427446365356 | [-0.31] | -0.009899093567642119
-0.916563868522644 | [-0.28] | -0.00779414716593347
-0.8896933197975159 | [-0.24] | -0.005851810069716082
-0.860959529876709 | [-0.2] | -0.004117802621843674
-0.8304103016853333 | [-0.16] | -0.002637033158345487
-0.7981149554252625 | [-0.12] | -0.0014518002503973741
-0.7641664743423462 | [-0.08] | -0.0005998466395810035
-0.7286825180053711 | [-0.03] | -0.00011236329853798883
-0.691805899143219 | [0.01] | -1.2133998737951305e-05
-0.6537041068077087 | [0.06] | -0.00031198832349430553
-0.6145672798156738 | [0.1] | -0.0010137502691721816
-0.5746056437492371 | [0.15] | -0.0021078248103084704
-0.5340451598167419 | [0.19] | -0.003573520807698266
-0.49312275648117065 | [0.23] | -0.0053800978739504905
-0.45208069682121277 | [0.27] | -0.007488467922927991
-0.4111604392528534 | [0.31] | -0.009853383645889733
-0.370596706867218 | [0.35] | -0.01242589151085767
-0.3306118845939636 | [0.39] | -0.015155816490941693
-0.29141098260879517 | [0.42] | -0.017994056599955933
-0.2531777322292328 | [0.46] | -0.020894503853061738
-0.2160717397928238 | [0.49] | -0.02381549894823424
-0.1802266240119934 | [0.52] | -0.026720780801240684
-0.1457495242357254 | [0.54] | -0.029579945386282204
-0.11272142082452774 | [0.57] | -0.03236849268215719
-0.0811983272433281 | [0.59] | -0.035067557360746536
-0.05121316388249397 | [0.61] | -0.037663412755227686
-0.022777993232011795 | [0.63] | -0.04014685325805539
0.0041134352795779705 | [0.65] | -0.042512524849493
0.02948307991027832 | [0.67] | -0.04475825725904201
0.05336602032184601 | [0.68] | -0.04688444810190512
0.07580801844596863 | [0.7] | -0.048893516183517775
0.09686324745416641 | [0.71] | -0.05078942482633721
0.11659228801727295 | [0.73] | -0.052577292652208785
0.1350603550672531 | [0.74] | -0.05426307465559524
0.15233580768108368 | [0.75] | -0.05585331526117909
0.16848883032798767 | [0.76] | -0.05735494644488262
0.18359048664569855 | [0.77] | -0.05877515722338011
0.19771181046962738 | [0.78] | -0.06012127434806907
0.2109232246875763 | [0.78] | -0.06140070158918366
0.22329403460025787 | [0.79] | -0.06262086991096978
0.2348921149969101 | [0.8] | -0.06378921725021479
0.24578365683555603 | [0.81] | -0.06491317708975412
0.2560330927371979 | [0.81] | -0.06600019346775125
0.2657030522823334 | [0.82] | -0.06705773700432445
0.2748544216156006 | [0.83] | -0.06809334058725384
0.2835463583469391 | [0.83] | -0.06911462332796865
0.29183655977249146 | [0.84] | -0.0701293601472272
0.2997814118862152 | [0.84] | -0.0711455285386802
0.30743616819381714 | [0.85] | -0.07217136932288683
0.31485527753829956 | [0.86] | -0.07321546884586115
0.3220926523208618 | [0.86] | -0.07428684246927962
0.32920193672180176 | [0.87] | -0.07539502126109389
0.33623695373535156 | [0.87] | -0.07655017979068174
0.3432520031929016 | [0.88] | -0.07776324804286734
0.35030221939086914 | [0.89] | -0.07904604756281243
0.3574441075325012 | [0.9] | -0.08041147232459062
0.364735871553421 | [0.9] | -0.08187365518186945
0.37223803997039795 | [0.91] | -0.08344820760631802
0.3800138533115387 | [0.92] | -0.0851524449375907
0.38812994956970215 | [0.93] | -0.08700569971734073
0.39665693044662476 | [0.94] | -0.08902965165166392
0.40567001700401306 | [0.96] | -0.09124872261795842
0.4152498245239258 | [0.97] | -0.09369055437448293
0.42548316717147827 | [0.98] | -0.09638655419862291
0.436463862657547 | [1.] | -0.09937253416988308
0.4482937455177307 | [1.01] | 99.8973105213294
Total reward: 94.1297451853864
1.0, 5.5, 0.5
parameter ends

state | action | reward
[-0.57] | [-0.07] | -0.0005512980289527292
-0.5739824175834656 | [-0.07] | -0.0005258231776325154
-0.5734477043151855 | [-0.07] | -0.0004971204634823287
-0.5726462602615356 | [-0.07] | -0.0004656478481266978
-0.5715806484222412 | [-0.07] | -0.0004319096482183687
-0.5702549815177917 | [-0.06] | -0.00039644565711262776
-0.5686749815940857 | [-0.06] | -0.00035982113561708556
-0.5668479204177856 | [-0.06] | -0.0003226146483948351
-0.5647826194763184 | [-0.05] | -0.0002854064211604823
-0.5624893307685852 | [-0.05] | -0.0002487653527099057
-0.5599798560142517 | [-0.05] | -0.00021323882602213124
-0.5572673678398132 | [-0.04] | -0.00017933977095138215
-0.5543662905693054 | [-0.04] | -0.00014753553971118489
-0.5512924194335938 | [-0.03] | -0.00011823977975682217
-0.5480626225471497 | [-0.03] | -9.180202992394157e-05
-0.5446949601173401 | [-0.03] | -6.850219675203741e-05
-0.5412084460258484 | [-0.02] | -4.854398903986757e-05
-0.5376229882240295 | [-0.02] | -3.205156582858441e-05
-0.5339592099189758 | [-0.01] | -1.906759009971827e-05
-0.5302384495735168 | [-0.01] | -9.553901216205844e-06
-0.5264825820922852 | [-0.01] | -3.3934217773055507e-06
-0.522713840007782 | [-0.] | -3.9428860787737874e-07
-0.5189546942710876 | [0.] | -2.9604321275379617e-07
-0.5152277946472168 | [0.01] | -2.777419169652882e-06
-0.5115557909011841 | [0.01] | -7.46554502641763e-06
-0.507961094379425 | [0.01] | -1.3946790996305004e-05
-0.5044659376144409 | [0.01] | -2.1778150502568084e-05
-0.5010920763015747 | [0.02] | -3.0499951084724676e-05
-0.4978606700897217 | [0.02] | -3.9648876582132826e-05
-0.49479225277900696 | [0.02] | -4.877063440542076e-05
-0.4919064939022064 | [0.02] | -5.743325492474467e-05
-0.48922210931777954 | [0.03] | -6.523935418878075e-05
-0.4867567718029022 | [0.03] | -7.18375585694094e-05
-0.48452699184417725 | [0.03] | -7.693295331172545e-05
-0.48254796862602234 | [0.03] | -8.029639976719114e-05
-0.4808335602283478 | [0.03] | -8.17716111721763e-05
-0.47939610481262207 | [0.03] | -8.128130456919988e-05
-0.47824645042419434 | [0.03] | -7.883019780881252e-05
-0.47739377617836 | [0.03] | -7.450719504613176e-05
-0.47684556245803833 | [0.03] | -6.848455281541506e-05
-0.4766075909137726 | [0.02] | -6.1014784597727156e-05
-0.4766838550567627 | [0.02] | -5.242597486941758e-05
-0.4770764708518982 | [0.02] | -4.311496642377793e-05
-0.47778573632240295 | [0.02] | -3.353792107316634e-05
-0.47881004214286804 | [0.02] | -2.4199837554187795e-05
-0.4801459014415741 | [0.01] | -1.5641995173149127e-05
-0.4817879796028137 | [0.01] | -8.428232512427937e-06
-0.4837290644645691 | [0.01] | -3.1304234678005243e-06
-0.48596006631851196 | [0.] | -3.13101808134196e-07
-0.4884701073169708 | [-0.] | -5.176871330677335e-07
-0.4912465214729309 | [-0.01] | -4.2469157540215105e-06
-0.49427497386932373 | [-0.01] | -1.1949745047646635e-05
-0.4975394606590271 | [-0.02] | -2.400704553030759e-05
-0.501022458076477 | [-0.02] | -4.071873468022364e-05
-0.5047048926353455 | [-0.02] | -6.229195193240197e-05
-0.5085663795471191 | [-0.03] | -8.88320429839887e-05
-0.5125852823257446 | [-0.03] | -0.00012033526063417018
-0.5167388319969177 | [-0.04] | -0.00015668403859146786
-0.5210031867027283 | [-0.04] | -0.00019764430029909838
-0.525353729724884 | [-0.05] | -0.00024286746919400994
-0.5297650098800659 | [-0.05] | -0.0002918921934225986
-0.5342110991477966 | [-0.06] | -0.0003441525720098573
-0.5386655926704407 | [-0.06] | -0.0003989856337636995
-0.5431018471717834 | [-0.07] | -0.0004556436662285358
-0.5474931597709656 | [-0.07] | -0.0005133083094813985
-0.5518128871917725 | [-0.08] | -0.0005711057911050887
-0.5560346245765686 | [-0.08] | -0.0006281244158267712
-0.5601323843002319 | [-0.08] | -0.0006834335468984006
-0.5640807151794434 | [-0.09] | -0.0007361022568000614
-0.5678548216819763 | [-0.09] | -0.0007852184171614628
-0.5714309215545654 | [-0.09] | -0.0008299119189481897
-0.5747861862182617 | [-0.09] | -0.0008693702324817206
-0.5778989195823669 | [-0.1] | -0.00090285717558827
-0.5807486772537231 | [-0.1] | -0.0009297293203598784
-0.5833165645599365 | [-0.1] | -0.0009494542831735231
-0.5855851173400879 | [-0.1] | -0.0009616190024189925
-0.5875385403633118 | [-0.1] | -0.0009659427185367
-0.5891627669334412 | [-0.1] | -0.0009622839085746866
-0.5904455780982971 | [-0.1] | -0.0009506457573970935
-0.5913766622543335 | [-0.1] | -0.0009311776576602777
-0.591947615146637 | [-0.1] | -0.0009041726305291147
-0.5921521782875061 | [-0.09] | -0.0008700665291287278
-0.5919861197471619 | [-0.09] | -0.0008294273271244098
-0.5914473533630371 | [-0.09] | -0.0007829463570961789
-0.5905359983444214 | [-0.09] | -0.0007314256779610895
-0.5892542600631714 | [-0.08] | -0.0006757599253439682
-0.5876065492630005 | [-0.08] | -0.0006169204638032788
-0.5855995416641235 | [-0.07] | -0.0005559364089304939
-0.5832420587539673 | [-0.07] | -0.0004938713306240647
-0.5805450677871704 | [-0.07] | -0.0004318012631381597
-0.5775216221809387 | [-0.06] | -0.00037079132129631636
-0.5741868615150452 | [-0.06] | -0.00031187322973455435
-0.5705578923225403 | [-0.05] | -0.00025602195065681335
-0.5666537880897522 | [-0.05] | -0.00020413484202848965
-0.5624954700469971 | [-0.04] | -0.00015701109895842623
-0.5581055283546448 | [-0.03] | -0.00011533317878438385
-0.5535081624984741 | [-0.03] | -7.965200132648377e-05
-0.5487291216850281 | [-0.02] | -5.0374993147183195e-05
-0.5437954664230347 | [-0.02] | -2.775635817797856e-05
-0.5387353897094727 | [-0.01] | -1.1891916026430177e-05
-0.5335782170295715 | [-0.01] | -2.718192723194881e-06
-0.5283539891242981 | [0.] | -1.4377540666896984e-08
-0.5230935215950012 | [0.01] | -3.4092977402413726e-06
-0.517828106880188 | [0.01] | -1.2391393910620667e-05
-0.5125892758369446 | [0.02] | -2.6322799434709908e-05
-0.5074086785316467 | [0.02] | -4.445642015240659e-05
-0.5023178458213806 | [0.03] | -6.595596216728684e-05
-0.49734795093536377 | [0.03] | -8.991855209220472e-05
-0.4925297498703003 | [0.03] | -0.00011539802137725897
-0.487893283367157 | [0.04] | -0.00014143061484451526
-0.483467698097229 | [0.04] | -0.00016706078143557073
-0.4792810380458832 | [0.04] | -0.0001913670565975253
-0.4753601849079132 | [0.05] | -0.0002134860286297516
-0.4717305600643158 | [0.05] | -0.00023263699324973242
-0.4684160053730011 | [0.05] | -0.00024814335084821884
-0.46543872356414795 | [0.05] | -0.0002594509736917589
-0.46281903982162476 | [0.05] | -0.00026614549658500594
-0.46057528257369995 | [0.05] | -0.0002679653080101249
-0.4587237536907196 | [0.05] | -0.0002648100854400344
-0.4572785198688507 | [0.05] | -0.0002567473795481033
-0.4562514126300812 | [0.05] | -0.00024401313334333383
-0.4556518793106079 | [0.05] | -0.0002270096827933386
-0.4554869532585144 | [0.05] | -0.00020629850341720709
-0.455761194229126 | [0.04] | -0.00018258929046466072
-0.456476628780365 | [0.04] | -0.00015672522025971108
-0.4576326906681061 | [0.04] | -0.0001296645568121241
-0.45922625064849854 | [0.03] | -0.000102458278949764
-0.4612516164779663 | [0.03] | -7.622525409892129e-05
-0.46370044350624084 | [0.02] | -5.212553282236623e-05
-0.46656185388565063 | [0.02] | -3.133052677230579e-05
-0.46982240676879883 | [0.01] | -1.4993019179814133e-05
-0.473466157913208 | [0.01] | -4.216165335645898e-06
-0.47747474908828735 | [0.] | -2.2847857616818158e-08
-0.48182743787765503 | [-0.01] | -3.32617549667833e-06
-0.4865012466907501 | [-0.01] | -1.490169893744143e-05
-0.4914710223674774 | [-0.02] | -3.5362248198111136e-05
-0.4967096149921417 | [-0.03] | -6.513625446019156e-05
-0.5021879076957703 | [-0.03] | -0.00010444936960635675
-0.5078751444816589 | [-0.04] | -0.0001533120689614951
-0.5137390494346619 | [-0.05] | -0.0002115114880561292
-0.5197458267211914 | [-0.05] | -0.00027860693538157513
-0.5258607268333435 | [-0.06] | -0.00035393600812094994
-0.5320478677749634 | [-0.07] | -0.0004366192544064981
-0.5382707715034485 | [-0.07] | -0.0005255775002644406
-0.5444924235343933 | [-0.08] | -0.0006195492486794769
-0.5506755113601685 | [-0.08] | -0.0007171144377659368
-0.5567827820777893 | [-0.09] | -0.0008167247463882776
-0.5627771615982056 | [-0.1] | -0.0009167334871675254
-0.5686219930648804 | [-0.1] | -0.0010154300307067753
-0.5742813348770142 | [-0.11] | -0.0011110775550039658
-0.579720139503479 | [-0.11] | -0.0012019498346808551
-0.5849044322967529 | [-0.11] | -0.001286367854390823
-0.5898016691207886 | [-0.12] | -0.0013627403216031877
-0.5943807363510132 | [-0.12] | -0.0014295947027592024
-0.5986122488975525 | [-0.12] | -0.0014856130371728768
-0.602468729019165 | [-0.12] | -0.0015296621013269236
-0.6059247255325317 | [-0.12] | -0.001560819135648152
-0.6089569330215454 | [-0.13] | -0.001578393315176521
-0.6115443706512451 | [-0.13] | -0.001581944494074481
-0.6136685013771057 | [-0.13] | -0.0015712957983929053
-0.6153133511543274 | [-0.12] | -0.0015465411500561938
-0.6164655089378357 | [-0.12] | -0.0015080444964428001
-0.6171143651008606 | [-0.12] | -0.0014564398785939878
-0.6172520518302917 | [-0.12] | -0.0013926184957349804
-0.616873562335968 | [-0.11] | -0.0013177151101184373
-0.6159767508506775 | [-0.11] | -0.0012330864186389956
-0.6145625114440918 | [-0.11] | -0.001140288680225881
-0.6126346588134766 | [-0.1] | -0.001041043968217924
-0.6101999878883362 | [-0.1] | -0.0009372067414168388
-0.6072683334350586 | [-0.09] | -0.0008307267645954218
-0.6038524508476257 | [-0.09] | -0.000723605933352519
-0.5999680757522583 | [-0.08] | -0.0006178567866939332
-0.5956338047981262 | [-0.07] | -0.000515456976567816
-0.5908711552619934 | [-0.06] | -0.00041830656650615613
-0.5857043862342834 | [-0.06] | -0.0003281829166544973
-0.5801604390144348 | [-0.05] | -0.00024669961549113285
-0.5742688179016113 | [-0.04] | -0.00017526802944429904
-0.5680614709854126 | [-0.03] | -0.00011506319088042466
-0.5615724921226501 | [-0.03] | -6.699391441156235e-05
-0.5548381805419922 | [-0.02] | -3.168178290131607e-05
-0.5478966236114502 | [-0.01] | -9.44380615089348e-06
-0.5407875180244446 | [-0.] | -2.847971906552087e-07
-0.5335521101951599 | [0.01] | -3.897020928709042e-06
-0.5262327194213867 | [0.01] | -1.9667312221172134e-05
-0.5188724994659424 | [0.02] | -4.669310474536698e-05
-0.5115153193473816 | [0.03] | -8.380496258116282e-05
-0.5042053461074829 | [0.04] | -0.00012959679870943268
-0.4969867467880249 | [0.04] | -0.00018246245116655056
-0.48990345001220703 | [0.05] | -0.00024063678816390634
-0.4829988479614258 | [0.05] | -0.00030224134901731697
-0.47631552815437317 | [0.06] | -0.00036533258719074015
-0.46989497542381287 | [0.07] | -0.00042795218349029826
-0.4637773334980011 | [0.07] | -0.00048817727825436726
-0.45800113677978516 | [0.07] | -0.0005441702555332733
-0.4526031017303467 | [0.08] | -0.0005942258324660903
-0.44761788845062256 | [0.08] | -0.0006368157863133233
-0.4430779218673706 | [0.08] | -0.0006706286553406094
-0.43901315331459045 | [0.08] | -0.0006946058973022889
-0.4354509711265564 | [0.08] | -0.0007079699505912415
-0.43241602182388306 | [0.08] | -0.0007102477343647891
-0.42993003129959106 | [0.08] | -0.0007012875220088948
-0.4280117452144623 | [0.08] | -0.0006812668633471457
-0.42667675018310547 | [0.08] | -0.0006506952793448118
-0.4259374737739563 | [0.08] | -0.0006104065322331541
-0.4258030354976654 | [0.07] | -0.0005615460373398885
-0.4262791872024536 | [0.07] | -0.0005055494249041424
-0.42736825346946716 | [0.07] | -0.0004441140188741472
-0.4290691018104553 | [0.06] | -0.0003791631755180559
-0.4313770830631256 | [0.06] | -0.0003128048264590205
-0.4342840611934662 | [0.05] | -0.0002472833571712465
-0.4377783238887787 | [0.04] | -0.00018492818660636892
-0.441844642162323 | [0.04] | -0.00012809686732541682
-0.44646430015563965 | [0.03] | -7.911612384554797e-05
-0.4516151249408722 | [0.02] | -4.0221661199013604e-05
-0.457271546125412 | [0.01] | -1.3497962792895793e-05
-0.46340471506118774 | [0.] | -8.195474034133898e-07
-0.4699826240539551 | [-0.01] | -3.79585277524922e-06
-0.4769701361656189 | [-0.02] | -2.3720719333815732e-05
-0.48432934284210205 | [-0.02] | -6.152863758195461e-05
-0.4920195937156677 | [-0.03] | -0.000117758639019616
-0.4999977946281433 | [-0.04] | -0.0001925277269565984
-0.5082187056541443 | [-0.05] | -0.0002855151089249001
-0.5166350603103638 | [-0.06] | -0.0003959555709951595
-0.5251980423927307 | [-0.07] | -0.000522647253912107
-0.5338574647903442 | [-0.08] | -0.0006639679169921369
-0.5425621867179871 | [-0.09] | -0.0008179048254970643
-0.5512604117393494 | [-0.1] | -0.0009820931596259306
-0.5599000453948975 | [-0.11] | -0.0011538646481981667
-0.5684291124343872 | [-0.12] | -0.0013303059304369431
-0.5767959356307983 | [-0.12] | -0.0015083174425613065
-0.5849497318267822 | [-0.13] | -0.0016846872686488625
-0.5928406715393066 | [-0.14] | -0.0018561553910982705
-0.600420355796814 | [-0.14] | -0.0020194892411037214
-0.6076421737670898 | [-0.15] | -0.0021715569908512945
-0.614461362361908 | [-0.15] | -0.0023093904333893454
-0.6208354234695435 | [-0.16] | -0.002430254529698316
-0.626724362373352 | [-0.16] | -0.0025317081664804346
-0.6320908069610596 | [-0.16] | -0.0026116550947526693
-0.6369002461433411 | [-0.16] | -0.002668392536744662
-0.6411212086677551 | [-0.16] | -0.002700650543189992
-0.6447254419326782 | [-0.16] | -0.002707623566249876
-0.6476879119873047 | [-0.16] | -0.0026889879375350105
-0.649986982345581 | [-0.16] | -0.002644916365385708
-0.6516046524047852 | [-0.16] | -0.002576085491879341
-0.6525264382362366 | [-0.16] | -0.0024836623442347056
-0.6527416110038757 | [-0.15] | -0.002369293203755224
-0.6522431373596191 | [-0.15] | -0.0022350735446094133
-0.6510278582572937 | [-0.14] | -0.002083516332389376
-0.6490964889526367 | [-0.14] | -0.0019175055601603722
-0.6464536786079407 | [-0.13] | -0.0017402432423418584
-0.643108069896698 | [-0.12] | -0.0015551882910983528
-0.6390722990036011 | [-0.12] | -0.0013659866379550185
-0.6343629956245422 | [-0.11] | -0.0011763955146659386
-0.6290008425712585 | [-0.1] | -0.0009902045313574946
-0.6230105757713318 | [-0.09] | -0.0008111517320832729
-0.6164208054542542 | [-0.08] | -0.0006428351669072845
-0.609264075756073 | [-0.07] | -0.000488630584923206
-0.6015767455101013 | [-0.06] | -0.00035160813937131337
-0.5933988690376282 | [-0.05] | -0.00023445490150894298
-0.5847739577293396 | [-0.04] | -0.0001394039851798038
-0.5757488012313843 | [-0.03] | -6.817518928469193e-05
-0.5663732886314392 | [-0.01] | -2.1927246662165254e-05
-0.5567000508308411 | [-0.] | -1.2230170685098444e-06
-0.5467842221260071 | [0.01] | -6.010892435399777e-06
-0.5366829633712769 | [0.02] | -3.562219106116613e-05
-0.526455283164978 | [0.03] | -8.878501570880639e-05
-0.5161615014076233 | [0.04] | -0.0001636546103175777
-0.505862832069397 | [0.05] | -0.00025785982961700355
-0.4956209361553192 | [0.06] | -0.0003685639232954178
-0.4854975640773773 | [0.07] | -0.0004925367407904478
-0.47555404901504517 | [0.08] | -0.0006262382607339891
-0.46585091948509216 | [0.09] | -0.0007659088976244852
-0.4564474821090698 | [0.1] | -0.0009076651936017491
-0.44740137457847595 | [0.1] | -0.0010475986777544397
-0.4387682378292084 | [0.11] | -0.0011818726879898088
-0.43060141801834106 | [0.11] | -0.0013068163963662648
-0.4229516088962555 | [0.12] | -0.001419015049621345
-0.41586652398109436 | [0.12] | -0.0015153945734223398
-0.40939080715179443 | [0.13] | -0.0015932920732931591
-0.4035656452178955 | [0.13] | -0.001650524828959713
-0.39842867851257324 | [0.13] | -0.001685441877211947
-0.3940138518810272 | [0.13] | -0.0016969666916304225
-0.39035120606422424 | [0.13] | -0.0016846295029056754
-0.3874668478965759 | [0.13] | -0.0016485837715406926
-0.3853827118873596 | [0.13] | -0.0015896156144457184
-0.38411664962768555 | [0.12] | -0.0015091323146371927
-0.38368216156959534 | [0.12] | -0.0014091476869496952
-0.3840884268283844 | [0.11] | -0.0012922467852655257
-0.38534024357795715 | [0.11] | -0.001161540630640027
-0.3874378502368927 | [0.1] | -0.0010206109754990898
-0.3903769552707672 | [0.09] | -0.0008734380353942452
-0.39414864778518677 | [0.09] | -0.000724319749934494
-0.3987393379211426 | [0.08] | -0.0005777796036067332
-0.4041307270526886 | [0.07] | -0.0004384647536977397
-0.41029974818229675 | [0.06] | -0.00031103720802775004
-0.41721856594085693 | [0.04] | -0.0002000583940381136
-0.42485466599464417 | [0.03] | -0.00010987050256173596
-0.4331708550453186 | [0.02] | -4.447927523921881e-05
-0.4421253204345703 | [0.01] | -7.439189847079281e-06
-0.451671838760376 | [-0.] | -1.7453218391319743e-06
-0.46175989508628845 | [-0.02] | -2.9736383851719007e-05
-0.47233495116233826 | [-0.03] | -9.301164637971629e-05
-0.48333871364593506 | [-0.04] | -0.00019236547983326192
-0.49470949172973633 | [-0.06] | -0.0003277425321766393
-0.5063825249671936 | [-0.07] | -0.000498214774146645
-0.5182905197143555 | [-0.08] | -0.0007019842619262967
-0.5303639769554138 | [-0.1] | -0.0009364071991035981
-0.5425318479537964 | [-0.11] | -0.001198046209288965
-0.554722011089325 | [-0.12] | -0.0014827421005301372
-0.5668617486953735 | [-0.13] | -0.0017857044865859277
-0.5788783431053162 | [-0.14] | -0.0021016215240484922
-0.5906997323036194 | [-0.16] | -0.0024247861935013954
-0.6022548079490662 | [-0.17] | -0.0027492204734986918
-0.6134741306304932 | [-0.18] | -0.003068818519638583
-0.6242902874946594 | [-0.18] | -0.0033774806189477203
-0.6346383690834045 | [-0.19] | -0.003669249378959133
-0.6444563269615173 | [-0.2] | -0.003938437808612372
-0.6536852717399597 | [-0.2] | -0.004179747767133698
-0.6622697710990906 | [-0.21] | -0.004388379314838635
-0.6701582074165344 | [-0.21] | -0.0045601325500196355
-0.6773028373718262 | [-0.22] | -0.004691485665864221
-0.6836600303649902 | [-0.22] | -0.004779668079575642
-0.6891902685165405 | [-0.22] | -0.004822710549889566
-0.6938584446907043 | [-0.22] | -0.004819495456803626
-0.6976338028907776 | [-0.22] | -0.0047697782152920625
-0.7004899978637695 | [-0.22] | -0.004674200473900647
-0.7024052143096924 | [-0.21] | -0.004534292289748089
-0.7033621668815613 | [-0.21] | -0.004352454868560158
-0.7033482193946838 | [-0.2] | -0.004131934089880718
-0.7023554444313049 | [-0.2] | -0.003876776166182132
-0.7003806829452515 | [-0.19] | -0.0035917678700232263
-0.6974256634712219 | [-0.18] | -0.0032823631343433936
-0.6934969425201416 | [-0.17] | -0.00295458715803722
-0.688606321811676 | [-0.16] | -0.0026149419319674914
-0.6827706098556519 | [-0.15] | -0.0022702726659240492
-0.6760119795799255 | [-0.14] | -0.0019276414654735106
-0.6683579087257385 | [-0.13] | -0.0015941746475021585
-0.6598413586616516 | [-0.11] | -0.0012769078800896685
-0.6505007147789001 | [-0.1] | -0.000982618737136966
-0.640379786491394 | [-0.08] | -0.0007176602329769521
-0.6295279264450073 | [-0.07] | -0.0004877987900944906
-0.6179996728897095 | [-0.05] | -0.000298052012607045
-0.6058546900749207 | [-0.04] | -0.00015254778818186155
-0.5931576490402222 | [-0.02] | -5.440008604991125e-05
-0.5799776911735535 | [-0.01] | -5.606661146249762e-06
-0.5663881301879883 | [0.01] | -6.979897635185639e-06
-0.5524659752845764 | [0.02] | -5.810932907133193e-05
-0.5382914543151855 | [0.04] | -0.00015735942113704086
-0.5239472389221191 | [0.05] | -0.00030190530129616346
-0.509518027305603 | [0.07] | -0.00048780167814046484
-0.495089590549469 | [0.08] | -0.0007100890359140301
-0.48074832558631897 | [0.1] | -0.0009629237409027993
-0.4665803611278534 | [0.11] | -0.0012397372652739396
-0.4526709318161011 | [0.12] | -0.0015334102881481432
-0.4391036927700043 | [0.14] | -0.0018364598492938485
-0.42596015334129333 | [0.15] | -0.0021412285983180793
-0.4133189618587494 | [0.16] | -0.0024400795575501913
-0.4012555480003357 | [0.17] | -0.0027255750326138648
-0.38984161615371704 | [0.17] | -0.0029906512023836
-0.3791447579860687 | [0.18] | -0.003228776550553435
-0.36922818422317505 | [0.19] | -0.003434091068519173
-0.36015045642852783 | [0.19] | -0.003601529819356519
-0.35196539759635925 | [0.19] | -0.003726922928830879
-0.34472188353538513 | [0.2] | -0.003807081487614539
-0.33846381306648254 | [0.2] | -0.003839861026849828
-0.33323001861572266 | [0.2] | -0.003824209481369336
-0.3290542960166931 | [0.19] | -0.0037601932884506976
-0.32596534490585327 | [0.19] | -0.0036490106020095818
-0.32398679852485657 | [0.19] | -0.0034929838342977835
-0.323137104511261 | [0.18] | -0.003295539984271434
-0.32342955470085144 | [0.17] | -0.0030611666880685645
-0.324872225522995 | [0.17] | -0.0027953523374797964
-0.32746782898902893 | [0.16] | -0.0025045084685992518
-0.3312135934829712 | [0.15] | -0.0021958689907764424
-0.3361012041568756 | [0.14] | -0.0018773652291723467
-0.3421165347099304 | [0.12] | -0.001557484313528519
-0.3492395281791687 | [0.11] | -0.00124510045008619
-0.35744401812553406 | [0.1] | -0.0009492868695315411
-0.3666975498199463 | [0.08] | -0.000679108948013775
-0.37696123123168945 | [0.07] | -0.0004434020214760859
-0.3881897032260895 | [0.05] | -0.0002505377066469597
-0.40033096075057983 | [0.03] | -0.00010818944422692628
-0.4133264422416687 | [0.02] | -2.3098978466640568e-05
-0.4271111786365509 | [-0.] | -8.56860852057554e-07
-0.4416138827800751 | [-0.02] | -4.570546939564602e-05
-0.4567573666572571 | [-0.04] | -0.00016037285059822696
-0.4724588990211487 | [-0.06] | -0.00034594707273982766
-0.4886306822299957 | [-0.08] | -0.0006017964577174394
-0.5051805973052979 | [-0.1] | -0.0009255448763274181
-0.5220128893852234 | [-0.11] | -0.001313100286408687
-0.5390290021896362 | [-0.13] | -0.0017587398503983638
-0.5561283230781555 | [-0.15] | -0.002255242225517186
-0.5732093453407288 | [-0.17] | -0.002794075585633721
-0.5901703834533691 | [-0.18] | -0.0033656126809021416
-0.6069106459617615 | [-0.2] | -0.003959382719784542
-0.6233310103416443 | [-0.21] | -0.004564332886046005
-0.6393349766731262 | [-0.23] | -0.005169105473947335
-0.6548292636871338 | [-0.24] | -0.005762298378995976
-0.6697246432304382 | [-0.25] | -0.006332729665078489
-0.6839362978935242 | [-0.26] | -0.0068696640395890535
-0.6973844170570374 | [-0.27] | -0.007363032190277555
-0.7099944353103638 | [-0.28] | -0.007803610872347285
-0.721697211265564 | [-0.29] | -0.008183175948607652
-0.7324292659759521 | [-0.29] | -0.008494637433961956
-0.7421327233314514 | [-0.3] | -0.008732135633530716
-0.7507553696632385 | [-0.3] | -0.008891125820355401
-0.7582504153251648 | [-0.3] | -0.008968427560800962
-0.7645766139030457 | [-0.3] | -0.008962279665778922
-0.769697904586792 | [-0.3] | -0.008872352360123948
-0.7735834121704102 | [-0.29] | -0.008699767232437693
-0.7762073278427124 | [-0.29] | -0.008447096566673161
-0.7775488495826721 | [-0.28] | -0.008118351364630972
-0.777592122554779 | [-0.28] | -0.007718952900512602
-0.7763262391090393 | [-0.27] | -0.0072556891999893515
-0.7737454175949097 | [-0.26] | -0.006736659552368768
-0.7698490023612976 | [-0.25] | -0.006171183937965731
-0.7646418213844299 | [-0.24] | -0.0055697031395158724
-0.7581343054771423 | [-0.22] | -0.0049436340746031445
-0.750342845916748 | [-0.21] | -0.004305203746635455
-0.7412902116775513 | [-0.19] | -0.0036672487811399593
-0.7310057282447815 | [-0.17] | -0.0030429693829327233
-0.7195258140563965 | [-0.16] | -0.002445665924046973
-0.7068941593170166 | [-0.14] | -0.0018884307604727893
-0.693162202835083 | [-0.12] | -0.0013838306016918977
-0.6783890724182129 | [-0.1] | -0.0009435593501754792
-0.6626420021057129 | [-0.08] | -0.0005781048656104356
-0.6459961533546448 | [-0.05] | -0.0002964147527046102
-0.6285344958305359 | [-0.03] | -0.00010559443590643647
-0.6103475093841553 | [-0.01] | -1.0648053315368347e-05
-0.5915327072143555 | [0.01] | -1.4277521677094012e-05
-0.57219398021698 | [0.03] | -0.00011675260099965924
-0.5524408221244812 | [0.06] | -0.0003158618534462879
-0.5323873162269592 | [0.08] | -0.0006069501768929523
-0.5121510624885559 | [0.1] | -0.0009830420391545058
-0.49185189604759216 | [0.12] | -0.0014350479921515363
-0.47161078453063965 | [0.14] | -0.0019520370242571937
-0.45154842734336853 | [0.16] | -0.0025215695279644764
-0.431784063577652 | [0.18] | -0.0031300664155423878
-0.41243425011634827 | [0.19] | -0.0037632001062855138
-0.3936118185520172 | [0.21] | -0.004406285234247052
-0.37542489171028137 | [0.22] | -0.005044656789579969
-0.35797613859176636 | [0.24] | -0.005664019375853458
-0.3413620889186859 | [0.25] | -0.006250760773994749
-0.3256727159023285 | [0.26] | -0.006792219353471418
-0.3109911382198334 | [0.27] | -0.007276909393955114
-0.2973935604095459 | [0.28] | -0.007694695587129994
-0.2849491834640503 | [0.28] | -0.008036936993218986
-0.273720383644104 | [0.29] | -0.00829658717383818
-0.2637629508972168 | [0.29] | -0.00846826600912884
-0.25512635707855225 | [0.29] | -0.008548310833512087
-0.24785399436950684 | [0.29] | -0.008534811854225624
-0.2419835776090622 | [0.29] | -0.008427627048734955
-0.237547367811203 | [0.29] | -0.00822839427675775
-0.23457247018814087 | [0.28] | -0.00794052905742558
-0.23308099806308746 | [0.28] | -0.007569216985628802
-0.23309016227722168 | [0.27] | -0.007121394491867272
-0.23461231589317322 | [0.26] | -0.006605712548230232
-0.23765486478805542 | [0.25] | -0.006032482421952781
-0.24222005903720856 | [0.23] | -0.005413596285682818
-0.24830473959445953 | [0.22] | -0.004762411664958055
-0.25589993596076965 | [0.2] | -0.004093598955578039
-0.2649904191493988 | [0.19] | -0.0034229400395846933
-0.2755541503429413 | [0.17] | -0.0027670763065828427
-0.28756171464920044 | [0.15] | -0.0021432006400144035
-0.3009756803512573 | [0.13] | -0.0015686948597044685
-0.3157500624656677 | [0.1] | -0.0010607122831374674
-0.3318297564983368 | [0.08] | -0.0006357191510465329
-0.34915006160736084 | [0.06] | -0.00030900489876395246
-0.36763644218444824 | [0.03] | -9.417806044995405e-05
-0.38720428943634033 | [0.01] | -2.675485659721366e-06
-0.40775904059410095 | [-0.02] | -4.330624043162069e-05
-0.42919641733169556 | [-0.05] | -0.000221859836942847
-0.45140305161476135 | [-0.07] | -0.0005408054928105092
-0.474257230758667 | [-0.1] | -0.000999104316763979
-0.4976300597190857 | [-0.13] | -0.001592153827026767
-0.5213867425918579 | [-0.15] | -0.0023118708479272568
-0.5453880429267883 | [-0.18] | -0.0031469098743120553
-0.5694921612739563 | [-0.2] | -0.004083017590232924
-0.59355628490448 | [-0.23] | -0.00510347909796657
-0.6174383759498596 | [-0.25] | -0.006189648430783046
-0.6409991383552551 | [-0.27] | -0.007321535596362544
-0.6641033887863159 | [-0.29] | -0.008478384949025725
-0.6866215467453003 | [-0.31] | -0.009639244260331411
-0.7084308862686157 | [-0.33] | -0.010783490451018451
-0.7294164896011353 | [-0.34] | -0.011891285372527885
-0.7494719624519348 | [-0.36] | -0.012943956464143647
-0.7684997320175171 | [-0.37] | -0.013924286889593199
-0.7864113450050354 | [-0.38] | -0.014816739858828976
-0.8031272292137146 | [-0.4] | -0.015607594309804879
-0.818576455116272 | [-0.4] | -0.016285029106504256
-0.8326963186264038 | [-0.41] | -0.016839165009382828
-0.8454316854476929 | [-0.42] | -0.017262058589556803
-0.8567344546318054 | [-0.42] | -0.017547696767128893
-0.8665627241134644 | [-0.42] | -0.017691957202252764
-0.8748800754547119 | [-0.42] | -0.017692583076592435
-0.8816550374031067 | [-0.42] | -0.017549175998573734
-0.8868603706359863 | [-0.42] | -0.017263181069928992
-0.8904726505279541 | [-0.41] | -0.016837905045613923
-0.8924717307090759 | [-0.4] | -0.016278527664357573
-0.8928405046463013 | [-0.39] | -0.01559213956641953
-0.8915649056434631 | [-0.38] | -0.014787792235070511
-0.888633668422699 | [-0.37] | -0.013876515729546984
-0.8840387463569641 | [-0.36] | -0.01287136410247749
-0.8777755498886108 | [-0.34] | -0.011787411561580098
-0.8698433637619019 | [-0.33] | -0.01064171473125573
-0.8602461218833923 | [-0.31] | -0.009453240170534815
-0.8489930629730225 | [-0.29] | -0.008242710082724912
-0.8360997438430786 | [-0.27] | -0.007032385201732917
-0.8215889930725098 | [-0.24] | -0.005845749512499561
-0.8054919838905334 | [-0.22] | -0.004707099293587844
-0.7878493666648865 | [-0.19] | -0.0036410361329544533
-0.7687122821807861 | [-0.16] | -0.0026718578027437184
-0.7481432557106018 | [-0.14] | -0.0018228683217795917
-0.7262172102928162 | [-0.11] | -0.001115638640444261
-0.7030218243598938 | [-0.08] | -0.0005692260152742019
-0.6786579489707947 | [-0.04] | -0.00019942195646233823
-0.6532396078109741 | [-0.01] | -1.8060032854372387e-05
-0.6268934607505798 | [0.02] | -3.243744831014231e-05
-0.5997579097747803 | [0.05] | -0.0002449019522088773
-0.5719819068908691 | [0.08] | -0.0006526402023555714
-0.5437231063842773 | [0.11] | -0.0012476942484464409
-0.5151458978652954 | [0.14] | -0.0020172121888822414
-0.48641905188560486 | [0.17] | -0.0029439191713612764
-0.45771312713623047 | [0.2] | -0.004006782461435429
-0.42919787764549255 | [0.23] | -0.005181815534450332
-0.4010397493839264 | [0.25] | -0.00644296413899782
-0.3733994960784912 | [0.28] | -0.007763015012696287
-0.34643006324768066 | [0.3] | -0.00911446763737169
-0.32027485966682434 | [0.32] | -0.010470318742183961
-0.2950664162635803 | [0.34] | -0.011804726702789509
-0.2709254324436188 | [0.36] | -0.01309354069883375
-0.2479603886604309 | [0.38] | -0.014314672662871905
-0.22626744210720062 | [0.39] | -0.015448342452797284
-0.20593073964118958 | [0.41] | -0.016477196716295234
-0.18702305853366852 | [0.42] | -0.017386333754581575
-0.16960662603378296 | [0.43] | -0.01816325561502624
-0.1537342220544815 | [0.43] | -0.0187977724183373
-0.13945026695728302 | [0.44] | -0.01928188792110275
-0.1267920434474945 | [0.44] | -0.019609677496937174
-0.11579089611768723 | [0.44] | -0.01977717996237447
-0.10647334903478622 | [0.44] | -0.01978231501167619
-0.0988621860742569 | [0.44] | -0.019624828436134806
-0.092977374792099 | [0.44] | -0.01930627610002879
-0.08883685618638992 | [0.43] | -0.0188300446527623
-0.08645717054605484 | [0.43] | -0.01820140816885928
-0.08585391938686371 | [0.42] | -0.01742761582228143
-0.08704200387001038 | [0.41] | -0.016518007132113165
-0.09003570675849915 | [0.39] | -0.01548414078449975
-0.09484851360321045 | [0.38] | -0.01433993250448157
-0.10149277746677399 | [0.36] | -0.013101778099225407
-0.10997910052537918 | [0.34] | -0.011788655290551113
-0.1203155592083931 | [0.32] | -0.010422172540469843
-0.13250668346881866 | [0.3] | -0.009026549380834617
-0.1465522050857544 | [0.28] | -0.007628503794730693
-0.16244566440582275 | [0.25] | -0.006257016410331226
-0.1801728755235672 | [0.22] | -0.004942950550552495
-0.1997102051973343 | [0.19] | -0.003718515309678218
-0.2210228443145752 | [0.16] | -0.0026165540901798186
-0.2440631091594696 | [0.13] | -0.0016696625786336038
-0.268768846988678 | [0.1] | -0.0009091558932652574
-0.29506197571754456 | [0.06] | -0.00036392078171522966
-0.32284748554229736 | [0.02] | -5.9205945527302314e-05
-0.3520127534866333 | [-0.01] | -1.54297270073267e-05
-0.382427453994751 | [-0.05] | -0.0002470913726912747
-0.4139441251754761 | [-0.09] | -0.0007618817368470785
-0.44639939069747925 | [-0.12] | -0.0015600841989826895
-0.47961583733558655 | [-0.16] | -0.0026343339672775944
-0.5134046673774719 | [-0.2] | -0.003969785757539516
-0.5475687980651855 | [-0.24] | -0.005544684489571225
-0.5819064974784851 | [-0.27] | -0.0073313125926416384
-0.6162152886390686 | [-0.3] | -0.009297231537682558
-0.6502957344055176 | [-0.34] | -0.011406705468449477
-0.6839552521705627 | [-0.37] | -0.013622202603029272
-0.717011570930481 | [-0.4] | -0.015905853027977552
-0.7492955923080444 | [-0.43] | -0.01822074520123931
-0.7806535959243774 | [-0.45] | -0.02053199749853089
-0.8109488487243652 | [-0.48] | -0.022807562330435533
-0.8400624990463257 | [-0.5] | -0.02501875905050126
-0.8678937554359436 | [-0.52] | -0.02714053314531752
-0.8943595290184021 | [-0.54] | -0.029151498155343094
-0.9193934202194214 | [-0.56] | -0.031033783657211263
-0.9429444074630737 | [-0.57] | -0.032772759182869864
-0.9649754166603088 | [-0.59] | -0.0343567058888893
-0.9854612946510315 | [-0.6] | -0.03577639297226214
-1.0043871402740479 | [-0.61] | -0.037024707275441306
-1.021746277809143 | [-0.62] | -0.03809625614540397
-1.0375385284423828 | [-0.62] | -0.03898704148979676
-1.05176842212677 | [-0.63] | -0.03969415504596968
-1.064443588256836 | [-0.63] | -0.04021553630164909
-1.0755733251571655 | [-0.64] | -0.04054978608351381
-1.0851672887802124 | [-0.64] | -0.040696028058458344
-1.0932344198226929 | [-0.64] | -0.040653833059912145
-1.0997817516326904 | [-0.64] | -0.04042315613949693
-1.104813814163208 | [-0.63] | -0.04000438000693976
-1.1083319187164307 | [-0.63] | -0.03939836862572135
-1.1103334426879883 | [-0.62] | -0.03860655037780597
-1.110811710357666 | [-0.61] | -0.03763110126133967
-1.109755516052246 | [-0.6] | -0.036475110325061025
-1.1071491241455078 | [-0.59] | -0.03514282936388604
-1.1029722690582275 | [-0.58] | -0.03363994520871338
-1.0972002744674683 | [-0.57] | -0.0319738862696669
-1.0898045301437378 | [-0.55] | -0.030154181677754244
-1.080752968788147 | [-0.53] | -0.028192823913319526
-1.0700104236602783 | [-0.51] | -0.026104610534613583
-1.0575401782989502 | [-0.49] | -0.0239075821664013
-1.0433045625686646 | [-0.47] | -0.021623306880372086
-1.0272666215896606 | [-0.44] | -0.019277192510538096
-1.0093917846679688 | [-0.41] | -0.01689867304046863
-0.9896495938301086 | [-0.38] | -0.014521244983610472
-0.9680161476135254 | [-0.35] | -0.012182353640739165
-0.9444764852523804 | [-0.32] | -0.009923020406334132
-0.9190270900726318 | [-0.28] | -0.00778719255248781
-0.8916788101196289 | [-0.24] | -0.005820800023641274
-0.862459659576416 | [-0.2] | -0.004070474830838496
-0.8314173221588135 | [-0.16] | -0.0025819504314600096
-0.7986217737197876 | [-0.12] | -0.0013982196748753284
-0.7641671299934387 | [-0.07] | -0.0005575093467938289
-0.7281728386878967 | [-0.03] | -9.122884767207712e-05
-0.6907840371131897 | [0.01] | -2.206511366681513e-05
-0.6521709561347961 | [0.06] | -0.0003624139370846047
-0.612527072429657 | [0.11] | -0.0011133295227816619
-0.5720658302307129 | [0.15] | -0.002264155323195877
-0.5310166478157043 | [0.19] | -0.0037929080180523784
-0.4896197021007538 | [0.24] | -0.005667423946935937
-0.4481200575828552 | [0.28] | -0.00784716892494688
-0.40676149725914 | [0.32] | -0.010285531845041457
-0.3657802939414978 | [0.36] | -0.01293238564977453
-0.32539957761764526 | [0.4] | -0.01573663682048898
-0.2858242690563202 | [0.43] | -0.01864857234417914
-0.24723707139492035 | [0.46] | -0.02162180015876937
-0.20979568362236023 | [0.5] | -0.02461469516054622
-0.17363105714321136 | [0.53] | -0.027591316168096236
-0.1388469636440277 | [0.55] | -0.030521820724043965
-0.10552040487527847 | [0.58] | -0.03338247466167771
-0.07370296120643616 | [0.6] | -0.03615532712011588
-0.04342271015048027 | [0.62] | -0.038827686495455364
-0.014686600305140018 | [0.64] | -0.04139146613995117
0.012516978196799755 | [0.66] | -0.043842495645963236
0.038215525448322296 | [0.68] | -0.046179843686432964
0.06244982033967972 | [0.7] | -0.048405198001352734
0.08527147024869919 | [0.71] | -0.050522319850359404
0.10674066096544266 | [0.72] | -0.052536580118275014
0.12692417204380035 | [0.74] | -0.054454582529527173
0.1458936333656311 | [0.75] | -0.05628386029951259
0.16372409462928772 | [0.76] | -0.05803265055528254
0.18049278855323792 | [0.77] | -0.059709718109718736
0.19627819955348969 | [0.78] | -0.06132424150421058
0.21115928888320923 | [0.79] | -0.06288573500478514
0.22521494328975677 | [0.8] | -0.06440400730254406
0.23852363228797913 | [0.81] | -0.06588916083635919
0.2511630952358246 | [0.82] | -0.06735159366061964
0.26321032643318176 | [0.83] | -0.06880205670291463
0.2747415006160736 | [0.84] | -0.07025170078203406
0.28583207726478577 | [0.85] | -0.07171215744427817
0.29655706882476807 | [0.86] | -0.07319565174633107
0.30699121952056885 | [0.86] | -0.07471511215117375
0.3172093331813812 | [0.87] | -0.07628431189895768
0.32728666067123413 | [0.88] | -0.07791803624053817
0.3372993469238281 | [0.89] | -0.07963227675180515
0.3473249673843384 | [0.9] | -0.08144446736599818
0.3574430048465729 | [0.91] | -0.08337373107521746
0.36773547530174255 | [0.92] | -0.0854411927504204
0.3782876133918762 | [0.94] | -0.0876703398408922
0.38918861746788025 | [0.95] | -0.0900874442702908
0.4005323350429535 | [0.96] | -0.09272203723105271
0.41241827607154846 | [0.98] | -0.09560751152316735
0.4249524176120758 | [0.99] | -0.09878177727836139
0.43824830651283264 | [1.01] | 99.8977119233702
Total reward: 94.60450914736666
1.0, 5.5, 0.5
parameter ends

state | action | reward
[-0.45] | [0.05] | -0.00024459107075083255
-0.4510132074356079 | [0.05] | -0.00021534571612858976
-0.45195305347442627 | [0.04] | -0.00018385063672879994
-0.4533618092536926 | [0.04] | -0.0001512440667803519
-0.455235093832016 | [0.03] | -0.00011876146889860209
-0.4575658440589905 | [0.03] | -8.770524866872899e-05
-0.4603441655635834 | [0.02] | -5.941404792596676e-05
-0.46355751156806946 | [0.02] | -3.5228000913240446e-05
-0.46719056367874146 | [0.01] | -1.6454695448383948e-05
-0.47122544050216675 | [0.01] | -4.333310037725555e-06
-0.4756416082382202 | [6.94e-05] | -4.817079713034192e-10
-0.48041611909866333 | [-0.01] | -4.45682993258402e-06
-0.48552361130714417 | [-0.01] | -1.8536342100731868e-05
-0.4909364581108093 | [-0.02] | -4.287872853050144e-05
-0.4966249465942383 | [-0.03] | -7.790612724512348e-05
-0.5025573968887329 | [-0.04] | -0.00012380438922366297
-0.5087003111839294 | [-0.04] | -0.0001805096469553963
-0.5150187015533447 | [-0.05] | -0.00024770217673196894
-0.5214760899543762 | [-0.06] | -0.0003248038459311583
-0.5280348658561707 | [-0.06] | -0.00041098461896810917
-0.5346565246582031 | [-0.07] | -0.0005051747748482605
-0.5413019061088562 | [-0.08] | -0.0006060833559648649
-0.5479313135147095 | [-0.08] | -0.0007122199709087876
-0.5545049905776978 | [-0.09] | -0.0008219275408202801
-0.5609831809997559 | [-0.1] | -0.0009334129743249799
-0.5673264861106873 | [-0.1] | -0.0010447863236793806
-0.5734961032867432 | [-0.11] | -0.0011541007167646335
-0.5794540643692017 | [-0.11] | -0.001259394456628294
-0.5851633548736572 | [-0.12] | -0.001358730804277032
-0.590588390827179 | [-0.12] | -0.0014502464398590932
-0.5956950187683105 | [-0.12] | -0.0015321875746080469
-0.6004508137702942 | [-0.13] | -0.001602951465623158
-0.6048252582550049 | [-0.13] | -0.001661122505552286
-0.6087898015975952 | [-0.13] | -0.0017055015225020847
-0.6123182773590088 | [-0.13] | -0.001735140621570334
-0.6153867244720459 | [-0.13] | -0.0017493577850129255
-0.6179738640785217 | [-0.13] | -0.0017477637614789574
-0.620060920715332 | [-0.13] | -0.0017302660388105998
-0.6216318607330322 | [-0.13] | -0.0016970783666228222
-0.622673511505127 | [-0.13] | -0.0016487210677618117
-0.6231755614280701 | [-0.13] | -0.0015860122868067263
-0.6231307983398438 | [-0.12] | -0.0015100594205492118
-0.6225348711013794 | [-0.12] | -0.0014222324550022586
-0.621386706829071 | [-0.12] | -0.0013241482493199
-0.6196882128715515 | [-0.11] | -0.001217631613705323
-0.6174444556236267 | [-0.11] | -0.0011046835096596066
-0.6146637797355652 | [-0.1] | -0.0009874428633722878
-0.6113576292991638 | [-0.09] | -0.0008681382177935101
-0.6075406670570374 | [-0.09] | -0.0007490431890700058
-0.6032305955886841 | [-0.08] | -0.0006324241948056752
-0.5984482169151306 | [-0.07] | -0.0005204922607546722
-0.5932173728942871 | [-0.06] | -0.0004153524858011822
-0.5875648856163025 | [-0.06] | -0.0003189551961811704
-0.5815203189849854 | [-0.05] | -0.00023304795991063856
-0.5751159191131592 | [-0.04] | -0.00015913439973069756
-0.5683864951133728 | [-0.03] | -9.843720569070597e-05
-0.5613692402839661 | [-0.02] | -5.186710875170172e-05
-0.5541034936904907 | [-0.01] | -1.9999029976017307e-05
-0.5466305017471313 | [-0.01] | -3.0568820988206373e-06
-0.5389931797981262 | [0.] | -9.072768862733677e-07
-0.531235933303833 | [0.01] | -1.3062190674626666e-05
-0.5234042406082153 | [0.02] | -3.869081973494114e-05
-0.5155445337295532 | [0.03] | -7.664005993545441e-05
-0.5077036619186401 | [0.04] | -0.00012546472312417742
-0.49992886185646057 | [0.04] | -0.00018346313993177423
-0.4922671914100647 | [0.05] | -0.0002487223653270731
-0.48476535081863403 | [0.06] | -0.00031916659681788256
-0.4774693548679352 | [0.06] | -0.0003926106549327453
-0.47042423486709595 | [0.07] | -0.00046681601460930253
-0.46367374062538147 | [0.07] | -0.0005395481949279557
-0.4572601020336151 | [0.08] | -0.0006086334608698097
-0.4512237012386322 | [0.08] | -0.0006720154204447626
-0.4456028938293457 | [0.09] | -0.0007278067466995694
-0.4404337704181671 | [0.09] | -0.0007743380952839108
-0.43574991822242737 | [0.09] | -0.0008102021604798024
-0.43158233165740967 | [0.09] | -0.0008342894803703691
-0.4279591143131256 | [0.09] | -0.0008458216372787082
-0.4249054491519928 | [0.09] | -0.0008443724076022869
-0.4224433898925781 | [0.09] | -0.00082988472486122
-0.4205917418003082 | [0.09] | -0.0008026781305110223
-0.4193660318851471 | [0.09] | -0.0007634463465841191
-0.41877833008766174 | [0.08] | -0.000713249374783018
-0.41883718967437744 | [0.08] | -0.0006534951284179397
-0.4195476472377777 | [0.08] | -0.0005859119490912674
-0.42091104388237 | [0.07] | -0.0005125162462831188
-0.42292508482933044 | [0.07] | -0.0004355687474063797
-0.42558377981185913 | [0.06] | -0.0003575259606934727
-0.4288773238658905 | [0.05] | -0.00028098607656333444
-0.4327922463417053 | [0.05] | -0.00020862628340088387
-0.4373113214969635 | [0.04] | -0.00014313937853585034
-0.4424135982990265 | [0.03] | -8.716594483084706e-05
-0.44807448983192444 | [0.02] | -4.3225241686423865e-05
-0.4542657732963562 | [0.01] | -1.3647214339812319e-05
-0.46095579862594604 | [0.] | -5.05832623697803e-07
-0.46810951828956604 | [-0.01] | -5.557602454567403e-06
-0.4756886661052704 | [-0.02] | -3.0185443752303935e-05
-0.4836519658565521 | [-0.03] | -7.535073793678747e-05
-0.49195531010627747 | [-0.04] | -0.0001415547303352926
-0.5005520582199097 | [-0.05] | -0.0002288114462272374
-0.5093932747840881 | [-0.06] | -0.0003366321196645164
-0.5184280276298523 | [-0.07] | -0.00046402287637252286
-0.5276037454605103 | [-0.08] | -0.0006094957517057506
-0.5368665456771851 | [-0.09] | -0.0007710927217784883
-0.5461615920066833 | [-0.1] | -0.0009464221213412146
-0.555433452129364 | [-0.11] | -0.0011327063433103606
-0.5646265745162964 | [-0.12] | -0.0013268425162823235
-0.5736855268478394 | [-0.12] | -0.0015254665765071743
-0.5825555324554443 | [-0.13] | -0.0017250308583618952
-0.5911826491355896 | [-0.14] | -0.0019218776282034994
-0.5995143055915833 | [-0.15] | -0.0021123249238620165
-0.6074994802474976 | [-0.15] | -0.0022927440900262206
-0.6150891780853271 | [-0.16] | -0.0024596439742228223
-0.6222365498542786 | [-0.16] | -0.002609742984135615
-0.6288971900939941 | [-0.17] | -0.002740041472491778
-0.6350294351577759 | [-0.17] | -0.0028478891574668713
-0.6405946016311646 | [-0.17] | -0.0029310443294048674
-0.6455569863319397 | [-0.17] | -0.002987717110656648
-0.6498842239379883 | [-0.17] | -0.003016616923467302
-0.6535473465919495 | [-0.17] | -0.0030169805374917254
-0.6565209031105042 | [-0.17] | -0.002988593268163541
-0.6587830781936646 | [-0.17] | -0.00293180028768472
-0.660315752029419 | [-0.17] | -0.0028475057945990014
-0.661104679107666 | [-0.17] | -0.002737166360653602
-0.6611394882202148 | [-0.16] | -0.0026027675035503865
-0.6604137420654297 | [-0.16] | -0.0024467922581012796
-0.6589251160621643 | [-0.15] | -0.002272183217662931
-0.6566752791404724 | [-0.14] | -0.0020822850111732274
-0.6536701321601868 | [-0.14] | -0.0018807885095167573
-0.6499197483062744 | [-0.13] | -0.0016716567798310948
-0.6454383730888367 | [-0.12] | -0.0014590452426170364
-0.6402446031570435 | [-0.11] | -0.0012472195418881619
-0.6343612670898438 | [-0.1] | -0.0010404604309728431
-0.6278154253959656 | [-0.09] | -0.0008429683688471369
-0.620638370513916 | [-0.08] | -0.0006587671407809866
-0.6128655076026917 | [-0.07] | -0.0004916061835621649
-0.6045362949371338 | [-0.06] | -0.00034486810156220344
-0.5956940650939941 | [-0.05] | -0.0002214809734403531
-0.5863859057426453 | [-0.04] | -0.00012384110675279036
-0.5766624212265015 | [-0.02] | -5.374619517273258e-05
-0.5665774345397949 | [-0.01] | -1.2342897182063295e-05
-0.556187629699707 | [0.] | -9.144156313414896e-08
-0.5455523729324341 | [0.01] | -1.6748357171189458e-05
-0.5347331762313843 | [0.02] | -6.136738568953227e-05
-0.5237933397293091 | [0.04] | -0.0001323203071085834
-0.512797474861145 | [0.05] | -0.00022733679532996808
-0.5018110871315002 | [0.06] | -0.0003435614722636962
-0.49090006947517395 | [0.07] | -0.0004776274942026767
-0.48013022541999817 | [0.08] | -0.0006257434528611052
-0.46956682205200195 | [0.09] | -0.000783790757656017
-0.4592740833759308 | [0.1] | -0.0009474299854699214
-0.44931477308273315 | [0.11] | -0.0011122105318935442
-0.4397498071193695 | [0.11] | -0.0012736815431940841
-0.43063780665397644 | [0.12] | -0.0014275031952877383
-0.4220348000526428 | [0.13] | -0.0015695514722445056
-0.41399386525154114 | [0.13] | -0.0016960181286352794
-0.4065648913383484 | [0.13] | -0.0018035005442792722
-0.3997943103313446 | [0.14] | -0.0018890828621096704
-0.39372488856315613 | [0.14] | -0.0019504054844748941
-0.3883955776691437 | [0.14] | -0.001985721180279004
-0.383841335773468 | [0.14] | -0.0019939403766047873
-0.3800930380821228 | [0.14] | -0.001974661240834842
-0.37717729806900024 | [0.14] | -0.0019281892797962498
-0.3751164674758911 | [0.14] | -0.0018555387029973822
-0.3739284574985504 | [0.13] | -0.0017584252436761252
-0.373626708984375 | [0.13] | -0.0016392409341330115
-0.3742201626300812 | [0.12] | -0.0015010151544048243
-0.375713050365448 | [0.12] | -0.0013473662566980068
-0.37810492515563965 | [0.11] | -0.0011824330038724688
-0.3813905715942383 | [0.1] | -0.0010107955946921413
-0.38555991649627686 | [0.09] | -0.0008373837369072794
-0.390597939491272 | [0.08] | -0.0006673722499396438
-0.3964846730232239 | [0.07] | -0.0005060646464167131
-0.4031951427459717 | [0.06] | -0.0003587692610459983
-0.4106992781162262 | [0.05] | -0.00023066905442810232
-0.4189620018005371 | [0.04] | -0.0001266858185532162
-0.42794328927993774 | [0.02] | -5.1345649148094955e-05
-0.43759819865226746 | [0.01] | -8.64854188704653e-06
-0.44787704944610596 | [-0.] | -1.945403161293332e-06
-0.45872554183006287 | [-0.02] | -3.382759884452977e-05
-0.47008511424064636 | [-0.03] | -0.00010603325007847306
-0.4818931519985199 | [-0.05] | -0.00021937416193539092
-0.494083434343338 | [-0.06] | -0.00037368715824490095
-0.506586492061615 | [-0.08] | -0.0005678112762868472
-0.5193300843238831 | [-0.09] | -0.0007995929171049744
-0.5322398543357849 | [-0.1] | -0.0010659225002566102
-0.5452396869659424 | [-0.12] | -0.0013627926432728237
-0.5582524538040161 | [-0.13] | -0.0016853884783728915
-0.5712004899978638 | [-0.14] | -0.0020281945120177365
-0.5840063691139221 | [-0.15] | -0.002385127856371959
-0.5965933203697205 | [-0.17] | -0.0027496758320395146
-0.6088858842849731 | [-0.18] | -0.003115049810031735
-0.6208105087280273 | [-0.19] | -0.00347434361710523
-0.6322959065437317 | [-0.2] | -0.0038206836691694955
-0.643273651599884 | [-0.2] | -0.004147385850783374
-0.6536784768104553 | [-0.21] | -0.004448093851356999
-0.6634486317634583 | [-0.22] | -0.0047169122342079
-0.6725261807441711 | [-0.22] | -0.004948525165621562
-0.680857241153717 | [-0.23] | -0.005138300469631797
-0.688392162322998 | [-0.23] | -0.005282379272062476
-0.6950856447219849 | [-0.23] | -0.005377747232307119
-0.7008967995643616 | [-0.23] | -0.005422291022974407
-0.70578932762146 | [-0.23] | -0.0054148451650635546
-0.7097315192222595 | [-0.23] | -0.005355217658597671
-0.7126962542533875 | [-0.23] | -0.005244200155721113
-0.7146611213684082 | [-0.23] | -0.005083570728194926
-0.7156083583831787 | [-0.22] | -0.004876072229783127
-0.7155250906944275 | [-0.22] | -0.004625389612760547
-0.7144032120704651 | [-0.21] | -0.004336094122893422
-0.7122395038604736 | [-0.2] | -0.004013581850916749
-0.7090358734130859 | [-0.19] | -0.003663999071277923
-0.7047991752624512 | [-0.18] | -0.003294132367552098
-0.6995416879653931 | [-0.17] | -0.002911306829273566
-0.6932809948921204 | [-0.16] | -0.0025232426729920317
-0.6860402226448059 | [-0.15] | -0.0021379090457592266
-0.6778481006622314 | [-0.13] | -0.0017633566537969486
-0.6687391400337219 | [-0.12] | -0.0014075422861063447
-0.6587536931037903 | [-0.1] | -0.0010781411546204446
-0.6479378342628479 | [-0.09] | -0.0007823528644917369
-0.6363435983657837 | [-0.07] | -0.0005267178022866821
-0.6240286827087402 | [-0.06] | -0.0003169307803974411
-0.6110563278198242 | [-0.04] | -0.00015767534918835515
-0.5974950790405273 | [-0.02] | -5.2479128303444065e-05
-0.5834185481071472 | [-0.01] | -3.5969636601724956e-06
-0.5689047574996948 | [0.01] | -1.192722390418533e-05
-0.5540358424186707 | [0.03] | -7.696917260431264e-05
-0.5388973355293274 | [0.04] | -0.00019682082693374265
-0.5235775709152222 | [0.06] | -0.0003682196971385183
-0.5081669688224792 | [0.08] | -0.0005866251036864765
-0.4927571415901184 | [0.09] | -0.0008463416036665061
-0.47744032740592957 | [0.11] | -0.00114067125039849
-0.4623083770275116 | [0.12] | -0.0014620999350312598
-0.4474521577358246 | [0.13] | -0.001802497016604358
-0.4329606890678406 | [0.15] | -0.0021533330117124816
-0.4189205467700958 | [0.16] | -0.0025058966297420676
-0.40541520714759827 | [0.17] | -0.0028515118634127607
-0.39252448081970215 | [0.18] | -0.003181745627473362
-0.380324125289917 | [0.19] | -0.0034885975046885635
-0.3688853681087494 | [0.19] | -0.003764677782014794
-0.3582746982574463 | [0.2] | -0.004003357887605636
-0.3485536277294159 | [0.2] | -0.004198902807222455
-0.33977851271629333 | [0.21] | -0.004346582603729795
-0.3320004940032959 | [0.21] | -0.0044427594985845835
-0.32526546716690063 | [0.21] | -0.00448495546262153
-0.319614052772522 | [0.21] | -0.004471901791098037
-0.3150815963745117 | [0.21] | -0.004403570144005053
-0.31169822812080383 | [0.21] | -0.0042811839322726844
-0.30948886275291443 | [0.2] | -0.0041072145281734395
-0.3084731698036194 | [0.2] | -0.0038853609450745564
-0.30866554379463196 | [0.19] | -0.00362051011690058
-0.3100751042366028 | [0.18] | -0.003318675524419767
-0.31270554661750793 | [0.17] | -0.002986919576154328
-0.3165550231933594 | [0.16] | -0.002633250461357185
-0.32161596417427063 | [0.15] | -0.00226649578346826
-0.32787492871284485 | [0.14] | -0.0018961487645013317
-0.3353123664855957 | [0.12] | -0.001532190739061203
-0.3439023792743683 | [0.11] | -0.0011848876610692461
-0.3536125123500824 | [0.09] | -0.0008645619282515997
-0.36440351605415344 | [0.08] | -0.0005813448523455772
-0.3762292265892029 | [0.06] | -0.0003449129945100501
-0.38903647661209106 | [0.04] | -0.00016421681441972547
-0.4027649760246277 | [0.02] | -4.721204789224882e-05
-0.41734740138053894 | [0.] | -5.998694802800695e-07
-0.43270960450172424 | [-0.02] | -2.9590187171565075e-05
-0.4487708806991577 | [-0.04] | -0.0001376994705842436
-0.46544432640075684 | [-0.06] | -0.0003265923309050154
-0.4826374351978302 | [-0.08] | -0.0005959772730484287
-0.5002527832984924 | [-0.1] | -0.0009435639187072052
-0.5181887745857239 | [-0.12] | -0.0013650844636708351
-0.536340594291687 | [-0.14] | -0.0018543822664920332
-0.5546011328697205 | [-0.16] | -0.002403560874575052
-0.5728620886802673 | [-0.17] | -0.00300319202954075
-0.5910148620605469 | [-0.19] | -0.0036425612603414818
-0.6089516878128052 | [-0.21] | -0.004309956287548904
-0.6265667676925659 | [-0.22] | -0.004992976699406892
-0.6437569856643677 | [-0.24] | -0.005678840286464581
-0.6604228615760803 | [-0.25] | -0.006354693235209191
-0.6764692664146423 | [-0.26] | -0.007007903008843504
-0.6918060183525085 | [-0.28] | -0.007626323832408074
-0.7063482999801636 | [-0.29] | -0.008198531691698388
-0.7200170755386353 | [-0.3] | -0.00871403105821866
-0.732739269733429 | [-0.3] | -0.009163424396867726
-0.7444478869438171 | [-0.31] | -0.009538548706669812
-0.7550819516181946 | [-0.31] | -0.009832580044425058
-0.7645865082740784 | [-0.32] | -0.010040119279177006
-0.772912323474884 | [-0.32] | -0.010157240923105472
-0.7800158858299255 | [-0.32] | -0.01018154561444788
-0.7858590483665466 | [-0.32] | -0.010112176990418317
-0.7904090285301208 | [-0.32] | -0.009949847835563637
-0.7936379909515381 | [-0.31] | -0.00969682869935326
-0.7955231070518494 | [-0.31] | -0.009356954462301724
-0.7960464358329773 | [-0.3] | -0.00893560434202218
-0.7951948642730713 | [-0.29] | -0.008439668471445694
-0.7929601073265076 | [-0.28] | -0.007877497784103493
-0.7893388867378235 | [-0.27] | -0.007258839520696753
-0.7843332886695862 | [-0.26] | -0.006594751969755084
-0.7779507637023926 | [-0.24] | -0.005897465512603811
-0.7702047228813171 | [-0.23] | -0.00518023709421269
-0.7611146569252014 | [-0.21] | -0.004457139097454427
-0.7507068514823914 | [-0.19] | -0.0037428340471049567
-0.7390146851539612 | [-0.17] | -0.0030522855134310113
-0.7260791063308716 | [-0.15] | -0.002400438772285172
-0.7119489908218384 | [-0.13] | -0.0018018637739887434
-0.6966816186904907 | [-0.11] | -0.001270377419745579
-0.6803427338600159 | [-0.09] | -0.0008186425426516486
-0.6630068421363831 | [-0.07] | -0.00045777939588592805
-0.644757091999054 | [-0.04] | -0.00019698893476791113
-0.6256850957870483 | [-0.02] | -4.321886477338675e-05
-0.6058905720710754 | [0.] | -8.876827742873052e-07
-0.5854806303977966 | [0.03] | -7.16851335154368e-05
-0.5645690560340881 | [0.05] | -0.0002544650733483236
-0.5432752966880798 | [0.07] | -0.000545237898263381
-0.5217233300209045 | [0.1] | -0.0009372671456285433
-0.5000401735305786 | [0.12] | -0.0014212705961359736
-0.4783547520637512 | [0.14] | -0.001985704716518888
-0.456796258687973 | [0.16] | -0.0026171307745144674
-0.43549275398254395 | [0.18] | -0.0033006328829610133
-0.4145698845386505 | [0.2] | -0.004020263132602799
-0.39414945244789124 | [0.22] | -0.004759503908080311
-0.3743484318256378 | [0.23] | -0.005501706182688446
-0.3552779257297516 | [0.25] | -0.006230507599546902
-0.3370424509048462 | [0.26] | -0.0069301984905135745
-0.31973934173583984 | [0.28] | -0.00758604163994403
-0.3034585118293762 | [0.29] | -0.008184525883261752
-0.2882821559906006 | [0.3] | -0.008713580466691483
-0.2742849290370941 | [0.3] | -0.009162720535625148
-0.2615339756011963 | [0.31] | -0.009523166629065442
-0.25008928775787354 | [0.31] | -0.009787914824082922
-0.24000409245491028 | [0.32] | -0.009951783922143444
-0.2313251942396164 | [0.32] | -0.010011449451017113
-0.2240934520959854 | [0.32] | -0.009965456109182346
-0.21834419667720795 | [0.31] | -0.009814227980741446
-0.21410760283470154 | [0.31] | -0.009560072775940611
-0.21140898764133453 | [0.3] | -0.009207184208069454
-0.2102690488100052 | [0.3] | -0.008761638478736358
-0.2107039839029312 | [0.29] | -0.008231383872938503
-0.21272552013397217 | [0.28] | -0.007626216950144391
-0.2163407802581787 | [0.26] | -0.006957741730485186
-0.2215520590543747 | [0.25] | -0.006239299578042812
-0.2283564805984497 | [0.23] | -0.005485862927557528
-0.23674550652503967 | [0.22] | -0.00471388429023831
-0.24670438468456268 | [0.2] | -0.003941089725974944
-0.2582114636898041 | [0.18] | -0.003186211149340274
-0.27123749256134033 | [0.16] | -0.0024686505814865353
-0.285744845867157 | [0.13] | -0.0018080759868626284
-0.3016868233680725 | [0.11] | -0.0012239499086416142
-0.31900694966316223 | [0.09] | -0.0007350033303088508
-0.33763837814331055 | [0.06] | -0.00035866654261488493
-0.3575034439563751 | [0.03] | -0.0001104810102565989
-0.3785134553909302 | [0.01] | -3.5182475383033207e-06
-0.4005686640739441 | [-0.02] | -4.784007136787762e-05
-0.42355862259864807 | [-0.05] | -0.000250033228830899
-0.44736266136169434 | [-0.08] | -0.0006128521584632063
-0.4718509316444397 | [-0.11] | -0.0011350001854283144
-0.4968855381011963 | [-0.13] | -0.0018110687817509742
-0.5223221778869629 | [-0.16] | -0.002631649121185524
-0.5480117201805115 | [-0.19] | -0.003583605404516175
-0.5738022923469543 | [-0.22] | -0.004650506335076492
-0.599541187286377 | [-0.24] | -0.005813174790485212
-0.6250771284103394 | [-0.27] | -0.007050338377115166
-0.6502619385719299 | [-0.29] | -0.008339302027538182
-0.6749526858329773 | [-0.31] | -0.009656658306816533
-0.6990129947662354 | [-0.33] | -0.010978926544140755
-0.7223145961761475 | [-0.35] | -0.012283158532009703
-0.7447382807731628 | [-0.37] | -0.013547434901686042
-0.7661744952201843 | [-0.38] | -0.014751263479721822
-0.7865238785743713 | [-0.4] | -0.015875887960261875
-0.8056972026824951 | [-0.41] | -0.0169044797360584
-0.8236151933670044 | [-0.42] | -0.017822256290188323
-0.8402080535888672 | [-0.43] | -0.01861652327010101
-0.8554148077964783 | [-0.44] | -0.019276663800483772
-0.8691826462745667 | [-0.44] | -0.019794108783759687
-0.8814659714698792 | [-0.45] | -0.02016226573067498
-0.8922255039215088 | [-0.45] | -0.020376457038890742
-0.9014275074005127 | [-0.45] | -0.020433871832964728
-0.9090428352355957 | [-0.45] | -0.020333516397302874
-0.915046215057373 | [-0.45] | -0.020076198832382458
-0.9194155931472778 | [-0.44] | -0.01966453585806395
-0.9221315979957581 | [-0.44] | -0.019102981090732926
-0.9231771230697632 | [-0.43] | -0.01839787470558481
-0.922537088394165 | [-0.42] | -0.017557510393083963
-0.920198380947113 | [-0.41] | -0.016592213463654745
-0.916149914264679 | [-0.39] | -0.01551441439037461
-0.9103829860687256 | [-0.38] | -0.01433871948960758
-0.9028916954994202 | [-0.36] | -0.013081946303610202
-0.8936735987663269 | [-0.34] | -0.011763121396588808
-0.8827304840087891 | [-0.32] | -0.01040341582894936
-0.8700693249702454 | [-0.3] | -0.009026004377929622
-0.855703592300415 | [-0.28] | -0.007655844932694828
-0.8396542072296143 | [-0.25] | -0.006319317531977942
-0.8219510316848755 | [-0.22] | -0.00504377413899762
-0.8026341199874878 | [-0.2] | -0.003856943418815423
-0.7817550301551819 | [-0.17] | -0.002786226082367814
-0.7593779563903809 | [-0.14] | -0.0018578797025606657
-0.7355808019638062 | [-0.1] | -0.0010961355771263463
-0.7104558348655701 | [-0.07] | -0.0005222751706045477
-0.6841101050376892 | [-0.04] | -0.0001537316820373738
-0.6566653251647949 | [-0.01] | -3.2708777361958874e-06
-0.6282574534416199 | [0.03] | -7.832101655090999e-05
-0.5990355014801025 | [0.06] | -0.0003805078242667348
-0.5691600441932678 | [0.1] | -0.0009054464584718012
-0.5388011932373047 | [0.13] | -0.0016428160167644094
-0.5081361532211304 | [0.16] | -0.002576722605279991
-0.4773462414741516 | [0.19] | -0.0036863364423630344
-0.4466140866279602 | [0.22] | -0.004946740159026547
-0.41612058877944946 | [0.25] | -0.0063299348947270795
-0.38604190945625305 | [0.28] | -0.0078059268458702535
-0.3565467894077301 | [0.31] | -0.009343808754285232
-0.32779425382614136 | [0.33] | -0.010912766282765626
-0.29993170499801636 | [0.35] | -0.012482956195456864
-0.2730936110019684 | [0.37] | -0.014026211778829362
-0.24740062654018402 | [0.39] | -0.0155165733115119
-0.2229592204093933 | [0.41] | -0.016930631215365168
-0.19986191391944885 | [0.43] | -0.018247701287156245
-0.1781877726316452 | [0.44] | -0.01944986623984059
-0.1580033302307129 | [0.45] | -0.020521908726346166
-0.13936372101306915 | [0.46] | -0.02145117098848798
-0.12231405079364777 | [0.47] | -0.0222273706704762
-0.10689076781272888 | [0.48] | -0.022842406160992798
-0.09312313795089722 | [0.48] | -0.02329016370237053
-0.08103468269109726 | [0.49] | -0.023566347571633405
-0.07064453512430191 | [0.49] | -0.023668348206141745
-0.06196870282292366 | [0.49] | -0.023595148365451016
-0.055021170526742935 | [0.48] | -0.023347282208350653
-0.049814872443675995 | [0.48] | -0.022926836682992155
-0.04636247828602791 | [0.47] | -0.022337503397873618
-0.0446770042181015 | [0.46] | -0.021584674971482132
-0.04477221891283989 | [0.45] | -0.020675581810734537
-0.04666285961866379 | [0.44] | -0.01961946145830387
-0.05036463588476181 | [0.43] | -0.018427753066640167
-0.05589401721954346 | [0.41] | -0.017114304242482614
-0.0632677897810936 | [0.4] | -0.015695577414852117
-0.07250240445137024 | [0.38] | -0.014190832572916657
-0.08361305296421051 | [0.36] | -0.012622272380864698
-0.09661254286766052 | [0.33] | -0.011015113625055977
-0.11150992661714554 | [0.31] | -0.009397564177900539
-0.12830889225006104 | [0.28] | -0.007800670640790948
-0.14700597524642944 | [0.25] | -0.006258005975862436
-0.16758860647678375 | [0.22] | -0.0048051661071803935
-0.19003306329250336 | [0.19] | -0.00347906109156173
-0.21430236101150513 | [0.15] | -0.002316986957680334
-0.24034422636032104 | [0.12] | -0.0013554907518030625
-0.26808926463127136 | [0.08] | -0.00062905607905355
-0.29744940996170044 | [0.04] | -0.00016867209780052075
-0.32831692695617676 | [0.] | -3.6546707953772144e-07
-0.36056384444236755 | [-0.04] | -0.0001438066679984043
-0.3940422236919403 | [-0.08] | -0.0006111069531682698
-0.4285852611064911 | [-0.12] | -0.0014059311331338087
-0.4640091359615326 | [-0.16] | -0.002523030734117027
-0.5001158118247986 | [-0.2] | -0.003948272762980093
-0.5366965532302856 | [-0.24] | -0.005659190355713712
-0.5735359191894531 | [-0.28] | -0.00762601204152103
-0.6104163527488708 | [-0.31] | -0.0098131100694768
-0.6471229195594788 | [-0.35] | -0.01218072221095641
-0.6834475994110107 | [-0.38] | -0.014686780751444837
-0.719193696975708 | [-0.42] | -0.017288730537682706
-0.7541792392730713 | [-0.45] | -0.01994514397147801
-0.7882400155067444 | [-0.48] | -0.02261708613790231
-0.8212313652038574 | [-0.5] | -0.02526910324570443
-0.8530294895172119 | [-0.53] | -0.027869880490734175
-0.8835318088531494 | [-0.55] | -0.030392564114230986
-0.9126564264297485 | [-0.57] | -0.03281476017125961
-0.9403411746025085 | [-0.59] | -0.03511833874889962
-0.9665421843528748 | [-0.61] | -0.03728907099464388
-0.9912319779396057 | [-0.63] | -0.039316157438532034
-1.0143975019454956 | [-0.64] | -0.04119172678857356
-1.036037802696228 | [-0.66] | -0.04291029993488188
-1.0561621189117432 | [-0.67] | -0.044468331648281456
-1.0747876167297363 | [-0.68] | -0.045863741458679164
-1.09193754196167 | [-0.69] | -0.04709553465010074
-1.1076393127441406 | [-0.69] | -0.048163455626843286
-1.1219230890274048 | [-0.7] | -0.049067734191690526
-1.1348201036453247 | [-0.71] | -0.04980883059222821
-1.1463615894317627 | [-0.71] | -0.05038728211731297
-1.156577706336975 | [-0.71] | -0.05080357518852474
-1.1654963493347168 | [-0.71] | -0.051058011022988486
-1.1731425523757935 | [-0.72] | -0.051150672609659775
-1.1795378923416138 | [-0.71] | -0.051081402769947604
-1.1846997737884521 | [-0.71] | -0.050849781394330565
-1.18864107131958 | [-0.71] | -0.0504551643341892
-1.1913695335388184 | [-0.71] | -0.04989670500277043
-1.192887783050537 | [-0.7] | -0.049173477633090656
-1.1931928396224976 | [-0.69] | -0.0482845516945028
-1.1922762393951416 | [-0.69] | -0.047229172775899476
-1.1901235580444336 | [-0.68] | -0.04600688495701386
-1.1867146492004395 | [-0.67] | -0.04461777904155112
-1.1820234060287476 | [-0.66] | -0.04306270495966894
-1.176018238067627 | [-0.64] | -0.04134361054710832
-1.1686619520187378 | [-0.63] | -0.039463830589476605
-1.159912109375 | [-0.61] | -0.03742846703043457
-1.1497215032577515 | [-0.59] | -0.035244806951287413
-1.1380387544631958 | [-0.57] | -0.03292277257079637
-1.12480890750885 | [-0.55] | -0.030475369361345248
-1.1099746227264404 | [-0.53] | -0.027919189499244643
-1.0934771299362183 | [-0.5] | -0.02527484528316102
-1.0752577781677246 | [-0.48] | -0.022567393463910103
-1.0552599430084229 | [-0.45] | -0.019826674637849248
-1.0334306955337524 | [-0.41] | -0.01708745946022298
-1.0097236633300781 | [-0.38] | -0.014389489186271434
-0.9841013550758362 | [-0.34] | -0.011777169089795984
-0.9565384984016418 | [-0.3] | -0.009299009066043792
-0.9270249605178833 | [-0.26] | -0.007006631787796579
-0.8955691456794739 | [-0.22] | -0.004953398983632007
-0.862201452255249 | [-0.18] | -0.0031926183253615324
-0.8269769549369812 | [-0.13] | -0.001775353278721803
-0.7899783849716187 | [-0.09] | -0.0007479871467105603
-0.7513176798820496 | [-0.04] | -0.00014964254322942551
-0.7111368775367737 | [0.01] | -9.717261920055843e-06
-0.6696077585220337 | [0.06] | -0.0003457709734214502
-0.6269300580024719 | [0.11] | -0.0011620243526069833
-0.5833280682563782 | [0.16] | -0.002448693516362691
-0.5390457510948181 | [0.2] | -0.0041823110306054906
-0.4943408668041229 | [0.25] | -0.006327036799099475
-0.44947782158851624 | [0.3] | -0.008836879065450666
-0.4047202169895172 | [0.34] | -0.011658578632297268
-0.3603232502937317 | [0.38] | -0.014734855067878729
-0.3165266811847687 | [0.42] | -0.01800767157028317
-0.2735486328601837 | [0.46] | -0.021421217580782446
-0.2315807193517685 | [0.5] | -0.024924339874693585
-0.1907844841480255 | [0.53] | -0.028472342069605857
-0.1512894332408905 | [0.57] | -0.0320280576152717
-0.1131923720240593 | [0.6] | -0.03556231424829866
-0.07655803859233856 | [0.62] | -0.03905384988919498
-0.04142066091299057 | [0.65] | -0.04248887581383644
-0.007786254398524761 | [0.68] | -0.04586038711214471
0.024364637210965157 | [0.7] | -0.04916737772333538
0.055073995143175125 | [0.72] | -0.052414047214146435
0.08440335839986801 | [0.75] | -0.055609067748199584
0.11243101209402084 | [0.77] | -0.0587649676275821
0.13924941420555115 | [0.79] | -0.06189764827473008
0.16496291756629944 | [0.81] | -0.06502603433927427
0.18968595564365387 | [0.83] | -0.06817188195719322
0.21354146301746368 | [0.84] | -0.07135970776728284
0.23665978014469147 | [0.86] | -0.07461686573656189
0.2591778635978699 | [0.88] | -0.0779737397180548
0.2812388837337494 | [0.9] | -0.08146407550736617
0.302992045879364 | [0.92] | -0.0851254267785649
0.3245927691459656 | [0.94] | -0.08899974417913675
0.34620314836502075 | [0.97] | -0.09313411960632678
0.3679925501346588 | [0.99] | -0.09758166868869633
0.3901385962963104 | [1.01] | -0.10240263496241882
0.41281023621559143 | [1.04] | -0.10764149531991124
0.4361661672592163 | [1.06] | 99.88665762118396
Total reward: 94.57126470284283
