3.0, 0.0, 1.0, -1.0, 5.0, 4.0, 6.0, -1.0, -3.0, -2.0, 6.0, -3.0, 0.5, 1.5, -0.5, -3.0, 1.0, 1.0
parameter ends

state | action | reward
[4.86] | 1 | -0.5
5.454391227039051 | 1 | -0.5
1.8918174436294484 | 1 | -0.5
1.582181852867932 | 1 | -0.5
1.4415316523316155 | 1 | -0.5
1.3208274257188002 | 0 | 5.0
1.2790125737205251 | 0 | 5.0
1.2661397038981221 | 0 | 5.0
1.2505463434059858 | 0 | 5.0
1.2423309761013583 | 0 | 5.0
1.1785325207028237 | 0 | 5.0
1.1267093078936141 | 0 | 5.0
1.1150717608870735 | 0 | 5.0
1.067700817842953 | 0 | 5.0
1.0309313637105137 | 1 | -0.5
1.0056458869228562 | 0 | 5.0
1.024077202877098 | 0 | 5.0
1.0567149277548347 | 0 | 5.0
1.0557516669052858 | 0 | 5.0
1.0845683123906245 | 1 | -0.5
1.133847844267103 | 1 | -0.5
1.2457605431766348 | 1 | -0.5
1.454297078063557 | 1 | -0.5
5.609384760586838 | 1 | -0.5
4.956115825996819 | 1 | -0.5
4.4468732071616905 | 1 | -0.5
4.32570338875326 | 1 | -0.5
4.386877453085773 | 1 | -0.5
4.626894037611115 | 1 | -0.5
3.1507407253388773 | 1 | -0.5
2.328147921747048 | 1 | -0.5
1.9545582368811165 | 1 | -0.5
1.7432143045472992 | 1 | -0.5
1.6442871408632034 | 0 | 5.0
1.5667422066391128 | 0 | 5.0
1.5362108368177605 | 0 | 5.0
1.5085603226855424 | 0 | 5.0
1.491406200399149 | 0 | 5.0
1.443125654809471 | 0 | 5.0
1.431021221904146 | 0 | 5.0
1.360291934298633 | 0 | 5.0
1.3821049148715823 | 0 | 5.0
1.3055291432863088 | 0 | 5.0
1.30897276053457 | 0 | 5.0
1.2876280830219102 | 1 | -0.5
1.2550881385673214 | 0 | 5.0
1.31255210052476 | 0 | 5.0
1.3436646533387917 | 0 | 5.0
1.3689673010495884 | 1 | -0.5
1.5144945833563315 | 1 | -0.5
1.6427069740768585 | 1 | -0.5
1.930274561114916 | 0 | 5.0
2.1382743160608637 | 0 | 5.0
2.3709078529305634 | 0 | 5.0
2.4745491066138054 | 0 | 5.0
2.696364214303991 | 0 | 5.0
2.901515138125081 | 0 | 5.0
3.1145833916875425 | 0 | 5.0
3.3529541593062584 | 0 | 5.0
3.3454249976453365 | 0 | 5.0
3.5459329314922674 | 0 | -200.0
Total reward: -32.0
3.0, 0.0, 1.0, -1.0, 5.0, 4.0, 6.0, -1.0, -3.0, -2.0, 6.0, -3.0, 0.5, 1.5, -0.5, -3.0, 1.0, 1.0
parameter ends

state | action | reward
[3.99] | 1 | -0.5
2.7411566765113817 | 1 | -0.5
2.0588423758732812 | 1 | -0.5
1.7056522811102661 | 1 | -0.5
1.5509753641026154 | 1 | -0.5
1.4633811448640486 | 1 | -0.5
1.361402132198389 | 1 | -0.5
1.3989212135699534 | 1 | -0.5
1.4821687710636886 | 1 | -0.5
1.6806885585493307 | 1 | -0.5
1.9979886038171484 | 1 | -0.5
2.6694642069431063 | 1 | -0.5
2.6330550606138523 | 0 | 5.0
2.51391978657243 | 0 | 5.0
2.4532098472888224 | 0 | 5.0
2.3574200015105475 | 0 | 5.0
2.234931861974413 | 0 | 5.0
2.174066884696537 | 0 | 5.0
2.0736376164011783 | 0 | 5.0
1.9773043876593395 | 0 | 5.0
1.9061192618465708 | 1 | -0.5
1.8265956750784111 | 0 | 5.0
1.7880128903108403 | 0 | 5.0
1.7473082988637982 | 0 | 5.0
1.7394697704919706 | 0 | 5.0
1.6937324816655221 | 0 | 5.0
1.6205028966413206 | 0 | 5.0
1.5826863423884994 | 0 | 5.0
1.5405528381853126 | 0 | 5.0
1.4705146663338284 | 0 | 5.0
1.3738421560869638 | 0 | 5.0
1.3827084640219438 | 0 | 5.0
1.2946200617227563 | 0 | 5.0
1.2097358728846639 | 0 | 5.0
1.1706864882897987 | 0 | 5.0
1.121614459335086 | 1 | -0.5
1.0040295892578497 | 0 | 5.0
0.9864071717594546 | 0 | 5.0
0.9813231474753638 | 0 | 5.0
1.0059201991564939 | 0 | 5.0
0.9685621205447538 | 1 | -0.5
0.9960661638482555 | 0 | 5.0
0.9860485162906915 | 1 | -0.5
1.043885930314161 | 1 | -0.5
1.1599933129594373 | 1 | -0.5
1.4294775413421925 | 1 | -0.5
5.386305045102 | 1 | -0.5
4.812412208178956 | 1 | -0.5
4.479171055806664 | 1 | -0.5
4.379181895866297 | 1 | -0.5
4.471066624562087 | 1 | -0.5
4.540985993599983 | 1 | -0.5
2.944310374199575 | 1 | -0.5
2.377596199204066 | 1 | -0.5
1.9718551531887745 | 1 | -0.5
1.7698691262508146 | 0 | 5.0
1.691444605803454 | 0 | 5.0
1.6410366788867847 | 0 | 5.0
1.5670227873618916 | 0 | 5.0
1.506717086322651 | 0 | 5.0
1.442047783458458 | 0 | 5.0
1.3125774314320697 | 0 | 5.0
1.2973968610062554 | 0 | 5.0
1.2032011474222022 | 1 | -0.5
1.150721034726624 | 0 | 5.0
1.0956839956818079 | 0 | 5.0
1.1279315865547777 | 0 | 5.0
1.1230869865334423 | 0 | 5.0
1.066727204260478 | 1 | -0.5
1.0995161755748173 | 1 | -0.5
1.1729675832915032 | 1 | -0.5
1.3198334971828445 | 1 | -0.5
1.570316031222966 | 1 | -0.5
5.478833206039755 | 1 | -0.5
4.782116884754885 | 1 | -0.5
4.485730942671944 | 1 | -0.5
4.3642038113841135 | 1 | -0.5
4.4511224009690835 | 1 | -0.5
4.469614134806643 | 1 | -0.5
2.9519714602427056 | 1 | -0.5
2.2434123516592828 | 1 | -0.5
1.8562836717730757 | 1 | -0.5
1.6271505118194158 | 1 | -0.5
1.4944584234719593 | 0 | 5.0
1.467845731092678 | 0 | 5.0
1.4108424160019815 | 0 | 5.0
1.4379835100766236 | 0 | 5.0
1.3720895717831125 | 0 | 5.0
1.344212052027702 | 0 | 5.0
1.3321039124251512 | 0 | 5.0
1.2870346099676395 | 0 | 5.0
1.294272935341194 | 0 | 5.0
1.2340666923852845 | 0 | 5.0
1.2644540268800297 | 0 | 5.0
1.2260055657334026 | 0 | 5.0
1.205022782631711 | 1 | -0.5
1.1993509438892564 | 1 | -0.5
1.3593370739728494 | 1 | -0.5
1.5273660112149317 | 1 | -0.5
1.9205882792399604 | 1 | -0.5
5.031092156073219 | 1 | -0.5
4.646637564450364 | 1 | -0.5
4.43790524129759 | 1 | -0.5
4.451193682506387 | 1 | -0.5
4.703919450688382 | 1 | -0.5
3.0975698247051437 | 1 | -0.5
2.320207670883941 | 1 | -0.5
1.8858967777119586 | 1 | -0.5
1.601198311949293 | 1 | -0.5
1.4847088420499264 | 0 | 5.0
1.4344604377260848 | 0 | 5.0
1.4689033327681875 | 0 | 5.0
1.366338858497576 | 0 | 5.0
1.3520017314641157 | 0 | 5.0
1.2650321694813182 | 0 | 5.0
1.2555573046986759 | 0 | 5.0
1.1775588289274563 | 0 | 5.0
1.1709313008652844 | 1 | -0.5
1.092444429293946 | 0 | 5.0
1.0736660474538826 | 0 | 5.0
1.0891558172215823 | 1 | -0.5
1.0501094799688246 | 0 | 5.0
1.0756498927168887 | 1 | -0.5
1.1436969672667299 | 1 | -0.5
1.2293495219710988 | 1 | -0.5
1.3660499351264304 | 1 | -0.5
1.621710921835495 | 1 | -0.5
5.311279648636014 | 1 | -0.5
4.874923150946281 | 1 | -0.5
4.654881976958291 | 1 | -0.5
4.575530663087712 | 1 | -0.5
4.703523861722226 | 1 | -0.5
3.6301757430915362 | 1 | -0.5
2.6438850452453875 | 1 | -0.5
1.9968256845762906 | 1 | -0.5
1.7526299436274142 | 1 | -0.5
1.541424940240742 | 0 | 5.0
1.5441320043613356 | 0 | 5.0
1.437821837819016 | 0 | 5.0
1.401200185486536 | 0 | 5.0
1.3350540700052351 | 0 | 5.0
1.2917905772128575 | 0 | 5.0
1.219372783309476 | 1 | -0.5
1.1400916244365549 | 0 | 5.0
1.1026178268125717 | 0 | 5.0
1.1055527371037401 | 0 | 5.0
1.1188713489260045 | 0 | 5.0
1.103042250965863 | 0 | 5.0
1.0703488380494937 | 1 | -0.5
1.0851177963544256 | 1 | -0.5
1.128111592762311 | 1 | -0.5
1.2938348244843259 | 1 | -0.5
1.5380283846772167 | 1 | -0.5
5.439643593763973 | 1 | -0.5
4.902260970778779 | 1 | -0.5
4.5724906426954215 | 1 | -0.5
4.445226019675494 | 1 | -0.5
4.525778027808239 | 1 | -0.5
4.328742953519139 | 1 | -0.5
2.964774991161364 | 1 | -0.5
2.2640631550018733 | 1 | -0.5
1.8865959491823754 | 1 | -0.5
1.6573803498272515 | 1 | -0.5
1.582145371968382 | 0 | 5.0
1.5151120569371475 | 0 | 5.0
1.476661422802733 | 0 | 5.0
1.4709717007816705 | 0 | 5.0
1.3833361245017897 | 0 | 5.0
1.308912724256485 | 0 | 5.0
1.2608518014048833 | 0 | 5.0
1.2333756821538266 | 0 | 5.0
1.2102904102545406 | 0 | 5.0
1.1945207631559343 | 1 | -0.5
1.1661488935287059 | 0 | 5.0
1.1843382201605408 | 0 | 5.0
1.1007012832721723 | 1 | -0.5
1.1267691817639551 | 0 | 5.0
1.1982174612377419 | 0 | 5.0
1.205901554311481 | 1 | -0.5
1.2310824032339527 | 1 | -0.5
1.4049719502710312 | 1 | -0.5
1.5966293012773245 | 1 | -0.5
5.4515759709328355 | 1 | -0.5
4.756799873018454 | 1 | -0.5
4.393749329763223 | 1 | -0.5
4.230287793703544 | 1 | -0.5
4.24103210131992 | 1 | -0.5
4.414553674716777 | 1 | -0.5
3.1703367593995297 | 1 | -0.5
2.2819635809836156 | 1 | -0.5
1.8036947214875962 | 1 | -0.5
1.564771404461566 | 1 | -0.5
1.446294143659767 | 0 | 5.0
1.4147231040482156 | 0 | 5.0
1.345958765192626 | 0 | 5.0
1.294168548262159 | 0 | 5.0
1.216430827509142 | 1 | -0.5
1.1677985222980023 | 0 | 5.0
1.156473171491931 | 0 | 5.0
1.1324847563417626 | 0 | 5.0
1.0845697373962762 | 0 | 5.0
1.0389457428309363 | 0 | 5.0
1.0501397129480685 | 0 | 5.0
0.9677733173015786 | 1 | -0.5
0.9439060462281683 | 0 | 5.0
0.9588041607041436 | 0 | 5.0
0.9727502638987514 | 1 | -0.5
1.021632859985098 | 0 | 5.0
1.018574216082789 | 1 | -0.5
1.105638630748062 | 1 | -0.5
1.2710805404111647 | 1 | -0.5
1.5091379483276746 | 1 | -0.5
4.939525900786237 | 1 | -0.5
4.5394322975799 | 1 | -0.5
4.350190137735734 | 1 | -0.5
4.3430711427101105 | 1 | -0.5
4.442874692282809 | 1 | -0.5
4.137900997605652 | 1 | -0.5
2.912656378718517 | 1 | -0.5
2.2296849788586997 | 1 | -0.5
1.8844529087553348 | 1 | -0.5
1.6990572354898321 | 0 | 5.0
1.646397687982415 | 0 | 5.0
1.537455392521218 | 0 | 5.0
1.4796924798528133 | 0 | 5.0
1.4625248766027092 | 0 | 5.0
1.3994493827134797 | 0 | 5.0
1.2739828855327302 | 0 | 5.0
1.2116220247270746 | 0 | 5.0
1.175336176387897 | 1 | -0.5
1.0962056299934368 | 0 | 5.0
1.0844148369580184 | 0 | 5.0
1.0985401646719866 | 0 | 5.0
1.0498568694240447 | 1 | -0.5
1.0239753592971164 | 0 | 5.0
1.0848325838171744 | 0 | 5.0
1.1144052479004336 | 1 | -0.5
1.1326621524458416 | 1 | -0.5
1.3091281466092433 | 1 | -0.5
1.5555784333288876 | 1 | -0.5
5.265892704519003 | 1 | -0.5
4.72824441552082 | 1 | -0.5
4.408048141759366 | 1 | -0.5
4.309689016179124 | 1 | -0.5
4.329235013897596 | 1 | -0.5
4.486024056280445 | 1 | -0.5
3.0835581829482974 | 1 | -0.5
2.3313810753592996 | 1 | -0.5
1.8566142576481937 | 1 | -0.5
1.6404236519538455 | 1 | -0.5
1.502278140139133 | 0 | 5.0
1.4800526616963212 | 0 | 5.0
1.3867294175372602 | 0 | 5.0
1.3379114361763964 | 0 | 5.0
1.2910286083854958 | 0 | 5.0
1.2710592507914669 | 0 | 5.0
1.2139220784660112 | 0 | 5.0
1.1424232385009772 | 0 | 5.0
1.0789119695811222 | 1 | -0.5
1.0048496139940606 | 0 | 5.0
1.0188819449620279 | 0 | 5.0
0.9677577857295767 | 0 | 5.0
0.9619187623605661 | 1 | -0.5
1.000304414282064 | 0 | 5.0
1.0020821402252196 | 1 | -0.5
1.0648957857572088 | 1 | -0.5
1.1925338549214652 | 1 | -0.5
1.3717315446994043 | 1 | -0.5
5.370172937808132 | 1 | -0.5
4.884565290883368 | 1 | -0.5
4.5284263668100575 | 1 | -0.5
4.3832327707681715 | 1 | -0.5
4.439823947516948 | 1 | -0.5
4.687724819144206 | 1 | -0.5
3.4046469540517568 | 1 | -0.5
2.602805533201647 | 1 | -0.5
2.1787999363796913 | 1 | -0.5
1.8407996176613892 | 1 | -0.5
1.668236780341225 | 0 | 5.0
1.6502172374130675 | 0 | 5.0
1.5859061903537435 | 0 | 5.0
1.5664232915310226 | 0 | 5.0
1.521167307913873 | 0 | 5.0
1.445932777680911 | 0 | 5.0
1.4100901890135267 | 0 | 5.0
1.3456914426988253 | 0 | 5.0
1.3210309884485103 | 0 | 5.0
1.264998847391879 | 0 | 5.0
1.226755344326686 | 1 | -0.5
1.1854064615585134 | 0 | 5.0
1.1912950167200582 | 0 | 5.0
1.20776632019342 | 1 | -0.5
1.1743252406721356 | 1 | -0.5
1.2040810295173097 | 1 | -0.5
1.330572253984004 | 1 | -0.5
1.5403585505446642 | 1 | -0.5
1.9103973402757417 | 1 | -0.5
5.04730579282249 | 1 | -0.5
4.633367780301972 | 1 | -0.5
4.476903898261095 | 1 | -0.5
4.466166415534749 | 1 | -0.5
4.631209238706584 | 1 | -0.5
3.2558954322419247 | 1 | -0.5
2.400373138983367 | 1 | -0.5
1.8957477164093495 | 1 | -0.5
1.649386314022778 | 1 | -0.5
1.5580803066358742 | 0 | 5.0
1.4670774437555856 | 0 | 5.0
1.4379518375520755 | 0 | 5.0
1.373978980390845 | 0 | 5.0
1.3429459046825802 | 0 | 5.0
1.2556467886950609 | 0 | 5.0
1.2109107216776875 | 0 | 5.0
1.2182385855668532 | 0 | 5.0
1.1358990596650809 | 1 | -0.5
1.0720586875917224 | 0 | 5.0
1.0824476462755819 | 0 | 5.0
1.0896591991855469 | 1 | -0.5
1.065018818579812 | 0 | 5.0
1.0883718662042408 | 0 | 5.0
1.1115262364097882 | 1 | -0.5
1.1877400779360592 | 1 | -0.5
1.2947620348115156 | 1 | -0.5
1.463337869599594 | 1 | -0.5
5.769103855431995 | 1 | -0.5
5.091416924865193 | 1 | -0.5
4.6156169945779615 | 1 | -0.5
4.322994364181267 | 1 | -0.5
4.278187001416101 | 1 | -0.5
4.398186402673018 | 1 | -0.5
3.7834108370602855 | 1 | -0.5
2.6557725982798175 | 1 | -0.5
2.1034029252631625 | 1 | -0.5
1.754368507178622 | 1 | -0.5
1.6113343279344214 | 1 | -0.5
1.5178555832525527 | 0 | 5.0
1.4609607534974263 | 0 | 5.0
1.3746664155622612 | 0 | 5.0
1.353783731768258 | 0 | 5.0
1.3092168767578987 | 0 | 5.0
1.2593801950200831 | 0 | 5.0
1.2599819949252595 | 0 | 5.0
1.2549390627460706 | 0 | 5.0
1.2019025586340086 | 0 | 5.0
1.1612876369940635 | 0 | 5.0
1.1636447195349904 | 1 | -0.5
1.0997553706705798 | 0 | 5.0
1.0826623862766591 | 1 | -0.5
1.1208297120616248 | 0 | 5.0
1.1339531788202286 | 0 | 5.0
1.0837457347562822 | 1 | -0.5
1.222057755703946 | 1 | -0.5
1.332925081389219 | 1 | -0.5
1.553993019472718 | 1 | -0.5
5.498357651444767 | 1 | -0.5
4.804522549223131 | 1 | -0.5
4.437953328306655 | 1 | -0.5
4.280694498606098 | 1 | -0.5
4.419036618035126 | 1 | -0.5
3.7320780038165493 | 1 | -0.5
2.529954413723188 | 1 | -0.5
1.9685510233579075 | 1 | -0.5
1.7199865308495077 | 1 | -0.5
1.5509033956606426 | 0 | 5.0
1.4893923875386017 | 0 | 5.0
1.4086976219680492 | 0 | 5.0
1.3496227896594875 | 0 | 5.0
1.3307758612175495 | 0 | 5.0
1.2905504941443737 | 0 | 5.0
1.2333195045020644 | 0 | 5.0
1.207234312966073 | 0 | 5.0
1.1603412722418776 | 0 | 5.0
1.1568499355113722 | 0 | 5.0
1.1091239165283238 | 0 | 5.0
1.0875538765879604 | 0 | 5.0
1.1050618409979318 | 1 | -0.5
1.078604294783896 | 1 | -0.5
1.1338556544755662 | 1 | -0.5
1.3122177075377726 | 1 | -0.5
1.5204013340562228 | 1 | -0.5
1.9192847410014917 | 1 | -0.5
4.928163592786192 | 1 | -0.5
4.585850888256736 | 1 | -0.5
4.509281107270253 | 1 | -0.5
4.487424643708005 | 1 | -0.5
4.671773011859273 | 1 | -0.5
3.1399885640452148 | 1 | -0.5
2.2630997301384075 | 1 | -0.5
1.8385556391127353 | 1 | -0.5
1.6310648367257903 | 1 | -0.5
1.5477696142634563 | 0 | 5.0
1.456732412114431 | 0 | 5.0
1.4179897212801873 | 0 | 5.0
1.370371135262183 | 0 | 5.0
1.2976951079489556 | 0 | 5.0
1.2925989659042214 | 0 | 5.0
1.225768924778394 | 0 | 5.0
1.1451344364728864 | 0 | 5.0
1.109238673178984 | 1 | -0.5
1.0640363124126448 | 0 | 5.0
1.0631984111328532 | 0 | 5.0
1.0987671686352383 | 1 | -0.5
1.1183429704369494 | 0 | 5.0
1.1507095789951256 | 1 | -0.5
1.1920577821190503 | 1 | -0.5
1.368072643101764 | 1 | -0.5
1.6865819454063395 | 1 | -0.5
5.169854931094805 | 1 | -0.5
4.719831218193222 | 1 | -0.5
4.491907104981676 | 1 | -0.5
4.433997307345284 | 1 | -0.5
4.563826041018793 | 1 | -0.5
4.093543164758887 | 1 | -0.5
2.7575835064306653 | 1 | -0.5
2.192046729613345 | 1 | -0.5
1.8585895197773539 | 1 | -0.5
1.5806504562245636 | 0 | 5.0
1.55305816133989 | 0 | 5.0
1.5160026283186478 | 1 | -0.5
1.418530669531054 | 0 | 5.0
1.3513538125571827 | 0 | 5.0
1.3556780714122951 | 0 | 5.0
1.2953519971407719 | 0 | 5.0
1.2759097790727956 | 0 | 5.0
1.208413252292807 | 0 | 5.0
1.1768304935664688 | 0 | 5.0
1.2080537417250266 | 0 | 5.0
1.0948042253247843 | 1 | -0.5
1.0496753418563105 | 0 | 5.0
1.0830706112921002 | 0 | 5.0
1.1326297906228604 | 1 | -0.5
1.1697899544878005 | 1 | -0.5
1.2331309222993314 | 1 | -0.5
1.4549018687028819 | 1 | -0.5
1.6959790483302148 | 1 | -0.5
5.146282586713454 | 1 | -0.5
4.667951018555174 | 1 | -0.5
4.430770059318564 | 1 | -0.5
4.423400195001847 | 1 | -0.5
4.572088203065203 | 1 | -0.5
3.70381375159668 | 1 | -0.5
2.471930235308149 | 1 | -0.5
1.9861840835959432 | 1 | -0.5
1.6972724876638958 | 1 | -0.5
1.5695355368927595 | 0 | 5.0
1.5077854190811515 | 0 | 5.0
1.4413480708513005 | 0 | 5.0
1.4233615298153737 | 0 | 5.0
1.3478785626491858 | 0 | 5.0
1.313379678748034 | 0 | 5.0
1.24805035088673 | 0 | 5.0
1.2297846262468417 | 0 | 5.0
1.1641227127167204 | 0 | 5.0
1.1172003240421067 | 0 | 5.0
1.0675523248784367 | 1 | -0.5
1.0733586804916015 | 0 | 5.0
1.0584049045147697 | 0 | 5.0
1.0322578089123169 | 1 | -0.5
1.0932311306439437 | 1 | -0.5
1.1212743887244614 | 1 | -0.5
1.3360000823376406 | 1 | -0.5
1.6136146552431005 | 1 | -0.5
5.28642838221439 | 1 | -0.5
4.724327093218789 | 1 | -0.5
4.497109800223162 | 1 | -0.5
4.504117329444402 | 1 | -0.5
4.75770149815081 | 1 | -0.5
3.1637698897227513 | 1 | -0.5
2.309845753550265 | 1 | -0.5
1.9025973802939171 | 1 | -0.5
1.6481008873539438 | 1 | -0.5
1.552763805379167 | 0 | 5.0
1.4954222307991334 | 0 | 5.0
1.4913749261488818 | 0 | 5.0
1.425362147179434 | 0 | 5.0
1.3830290268783918 | 0 | 5.0
1.3570791452947872 | 0 | 5.0
1.299584617311491 | 0 | 5.0
1.2765116838988577 | 0 | 5.0
1.2475731938818806 | 0 | 5.0
1.1821601110425721 | 1 | -0.5
1.143280060471841 | 0 | 5.0
1.119082488827101 | 0 | 5.0
1.1449887090227668 | 1 | -0.5
1.1781331030436666 | 1 | -0.5
1.2778196948351854 | 1 | -0.5
1.4230829885078187 | 1 | -0.5
1.774809255550594 | 1 | -0.5
5.2345018087589725 | 1 | -0.5
4.749259826215022 | 1 | -0.5
4.488656527857811 | 1 | -0.5
4.3994241261136295 | 1 | -0.5
4.505530493831062 | 1 | -0.5
4.048901354867825 | 1 | -0.5
2.7482578220322673 | 1 | -0.5
2.0764155956631045 | 1 | -0.5
1.7366081478358841 | 1 | -0.5
1.5230716628033325 | 0 | 5.0
1.4537175001934264 | 0 | 5.0
1.3699712255095493 | 0 | 5.0
1.3136435013462688 | 0 | 5.0
1.2310215308583907 | 1 | -0.5
1.1371349110592677 | 0 | 5.0
1.1202384618971488 | 0 | 5.0
1.082590438185349 | 0 | 5.0
1.0326553318322282 | 0 | 5.0
1.062096471779323 | 0 | 5.0
1.0309684832674184 | 1 | -0.5
1.022833744095003 | 0 | 5.0
1.014193805797463 | 0 | 5.0
0.968021835833697 | 1 | -0.5
1.0292291605915254 | 0 | 5.0
1.0888148943761053 | 1 | -0.5
1.1739216116476119 | 1 | -0.5
1.2489045006036001 | 1 | -0.5
1.4975162466738277 | 1 | -0.5
5.497761348048525 | 1 | -0.5
4.825836817876765 | 1 | -0.5
4.489177959170017 | 1 | -0.5
4.333995344314697 | 1 | -0.5
4.368346628450511 | 1 | -0.5
4.581082947212578 | 1 | -0.5
3.269195003052578 | 1 | -0.5
2.587065932069493 | 1 | -0.5
1.985296387431425 | 1 | -0.5
1.7289699029387338 | 1 | -0.5
1.6085505896158345 | 0 | 5.0
1.56648236739515 | 0 | 5.0
1.5141791845434414 | 0 | 5.0
1.4196570037442593 | 0 | 5.0
1.3718042779049 | 0 | 5.0
1.3378886774215863 | 0 | 5.0
1.2952987845598396 | 0 | 5.0
1.2409091905730945 | 0 | 5.0
1.223344095256799 | 0 | 5.0
1.1135449962236097 | 1 | -0.5
1.107309374088412 | 0 | 5.0
1.122714299823661 | 0 | 5.0
1.1090642786942662 | 0 | 5.0
1.1003983318972155 | 1 | -0.5
1.1386876300730133 | 1 | -0.5
1.2525654913442585 | 1 | -0.5
1.4074476295886762 | 1 | -0.5
1.7847357317094013 | 1 | -0.5
5.044688642301632 | 1 | -0.5
4.5231410899603866 | 1 | -0.5
4.34884337525647 | 1 | -0.5
4.358456987180124 | 1 | -0.5
4.578991859655327 | 1 | -0.5
3.2357488673341686 | 1 | -0.5
2.2946677800904025 | 1 | -0.5
1.8951126389669788 | 1 | -0.5
1.6623885664449622 | 1 | -0.5
1.5111383313637983 | 0 | 5.0
1.4811009345673127 | 0 | 5.0
1.428204643614739 | 0 | 5.0
1.3631400926432284 | 0 | 5.0
1.2828357341796124 | 0 | 5.0
1.221521619207896 | 0 | 5.0
1.1895778657276233 | 0 | 5.0
1.1411615507656965 | 1 | -0.5
1.1002569361645964 | 0 | 5.0
1.0690204815258515 | 0 | 5.0
1.0308787373112054 | 1 | -0.5
1.0192539663196243 | 0 | 5.0
1.019848342021693 | 0 | 5.0
1.060279493813626 | 0 | 5.0
1.0772722205428371 | 1 | -0.5
1.098593217488196 | 1 | -0.5
1.1975234698056967 | 1 | -0.5
1.3626502881490394 | 1 | -0.5
1.6470443010797473 | 1 | -0.5
5.104888975788691 | 1 | -0.5
4.557701708228449 | 1 | -0.5
4.363114747818015 | 1 | -0.5
4.37606537397319 | 1 | -0.5
4.4799354517226195 | 1 | -0.5
3.5561784244008385 | 1 | -0.5
2.519410735499237 | 1 | -0.5
2.01638478111715 | 1 | -0.5
1.7359531353035056 | 1 | -0.5
1.6068422916539935 | 0 | 5.0
1.5088668283141922 | 0 | 5.0
1.4934564212215162 | 0 | 5.0
1.3869274791386828 | 0 | 5.0
1.3453071306377753 | 0 | 5.0
1.3136972241064147 | 0 | 5.0
1.2640427830678531 | 0 | 5.0
1.170209525245907 | 1 | -0.5
1.1324657639953426 | 0 | 5.0
1.1103045639195412 | 0 | 5.0
1.099182219165283 | 0 | 5.0
1.0784113024437012 | 1 | -0.5
1.0471226612462285 | 0 | 5.0
1.0711569886685677 | 1 | -0.5
1.1070369617827707 | 0 | 5.0
1.125517289252075 | 1 | -0.5
1.2522416370232397 | 1 | -0.5
1.412479838525561 | 1 | -0.5
1.7536244546376802 | 1 | -0.5
4.965699882484586 | 1 | -0.5
4.531971217857407 | 1 | -0.5
4.3404769388141435 | 1 | -0.5
4.290245091937652 | 1 | -0.5
4.457227624491485 | 1 | -0.5
3.0989747775925474 | 1 | -0.5
2.3718658621311257 | 1 | -0.5
2.006517797557533 | 1 | -0.5
1.799013851893022 | 1 | -0.5
1.6365370309897098 | 0 | 5.0
1.5270935154076535 | 0 | 5.0
1.5237691941707954 | 0 | 5.0
1.4516310587014523 | 0 | 5.0
1.4257435677616468 | 0 | 5.0
1.3082600388866736 | 0 | 5.0
1.2911413304899126 | 0 | 5.0
1.2234786048968205 | 0 | 5.0
1.1951754977176874 | 0 | 5.0
1.1496829655472567 | 1 | -0.5
1.1045864630260287 | 0 | 5.0
1.1258435979254324 | 0 | 5.0
1.1131361732717053 | 0 | 5.0
1.0760740878838986 | 1 | -0.5
1.1061502442700388 | 0 | 5.0
1.0766866422099604 | 1 | -0.5
1.1693979709017375 | 1 | -0.5
1.2987038818139964 | 1 | -0.5
1.5031734489335054 | 1 | -0.5
5.664352392071436 | 1 | -0.5
4.922097896669884 | 1 | -0.5
4.525093402654 | 1 | -0.5
4.306857692018939 | 1 | -0.5
4.2366062953841395 | 1 | -0.5
4.311889699727309 | 1 | -0.5
4.01758637250893 | 1 | -0.5
2.8712296394582992 | 1 | -0.5
2.1341821470334197 | 1 | -0.5
1.8134125584843712 | 1 | -0.5
1.5896125543687953 | 1 | -0.5
1.491592496863187 | 0 | 5.0
1.4752112494819347 | 0 | 5.0
1.446683730118879 | 0 | 5.0
1.3845803325046908 | 0 | 5.0
1.3686645285359607 | 0 | 5.0
1.2925251776760913 | 0 | 5.0
1.339131548458729 | 0 | 5.0
1.2392002546122547 | 0 | 5.0
1.253913860160991 | 0 | 5.0
1.2150750737733713 | 0 | 5.0
1.1738794252578681 | 1 | -0.5
1.1467072347379352 | 0 | 5.0
1.1359444917386754 | 0 | 5.0
1.1662038288070133 | 1 | -0.5
1.1441307297790297 | 1 | -0.5
1.230906757450399 | 1 | -0.5
1.4580613582020503 | 1 | -0.5
1.7446630947207744 | 1 | -0.5
5.21283598251643 | 1 | -0.5
4.722524983492239 | 1 | -0.5
4.497761990193105 | 1 | -0.5
4.492240734597786 | 1 | -0.5
4.729419981997541 | 1 | -0.5
3.058232212394714 | 1 | -0.5
2.420483236008835 | 1 | -0.5
1.9945051117599064 | 1 | -0.5
1.7334604060351975 | 1 | -0.5
1.5895686536238192 | 0 | 5.0
1.5261060711485137 | 0 | 5.0
1.4463536908370926 | 0 | 5.0
1.4089978736133204 | 0 | 5.0
1.3574789760898178 | 0 | 5.0
1.274352386019955 | 0 | 5.0
1.233214847908743 | 1 | -0.5
1.1231661569352238 | 0 | 5.0
1.083897870448241 | 0 | 5.0
1.0912898649642406 | 1 | -0.5
1.0037917816848958 | 0 | 5.0
1.057765845383695 | 0 | 5.0
1.038379642217123 | 0 | 5.0
1.0415502199672313 | 1 | -0.5
1.0605168483607486 | 0 | 5.0
1.0642057496452024 | 1 | -0.5
1.162275039346334 | 1 | -0.5
1.3334207498229835 | 1 | -0.5
1.5634209623621234 | 1 | -0.5
5.146381905835452 | 1 | -0.5
4.59549073177993 | 1 | -0.5
4.3702007437605666 | 1 | -0.5
4.364042402121382 | 1 | -0.5
4.5922905209488984 | 1 | -0.5
3.0821738154993725 | 1 | -0.5
2.4317526099070497 | 1 | -0.5
1.9693795273280303 | 1 | -0.5
1.7138294457302654 | 1 | -0.5
1.6069377463111842 | 0 | 5.0
1.53966552333825 | 0 | 5.0
1.5005576927993969 | 0 | 5.0
1.4702058881269364 | 0 | 5.0
1.4091111867201611 | 0 | 5.0
1.371250838372171 | 0 | 5.0
1.342544148940301 | 0 | 5.0
1.2695833681714566 | 0 | 5.0
1.2202961034877642 | 0 | 5.0
1.2351062009268614 | 0 | 5.0
1.1431893312225738 | 1 | -0.5
1.1642629635566342 | 0 | 5.0
1.1559587661006396 | 0 | 5.0
1.1392838875342852 | 1 | -0.5
1.1844480592070779 | 1 | -0.5
1.3081423085432509 | 1 | -0.5
1.4650955464275273 | 1 | -0.5
1.7809973692545746 | 1 | -0.5
5.228702529718521 | 1 | -0.5
4.803577503722491 | 1 | -0.5
4.532926050681478 | 1 | -0.5
4.46367389331518 | 1 | -0.5
4.542293857676638 | 1 | -0.5
4.0129215880711655 | 1 | -0.5
2.603631246587765 | 1 | -0.5
2.121250555277138 | 1 | -0.5
1.7795542629577028 | 1 | -0.5
1.5387954748937633 | 1 | -0.5
1.5145554292567018 | 0 | 5.0
1.4320773313051545 | 0 | 5.0
1.4268132786734735 | 0 | 5.0
1.3915931792210874 | 0 | 5.0
1.349251855452558 | 0 | 5.0
1.2728944277148984 | 0 | 5.0
1.23884908303002 | 0 | 5.0
1.1773713677519755 | 0 | 5.0
1.1495666047518192 | 1 | -0.5
1.0974742584429462 | 0 | 5.0
1.122652875194023 | 0 | 5.0
1.114404856915513 | 0 | 5.0
1.1110814912185323 | 1 | -0.5
1.0972718144115863 | 1 | -0.5
1.2309901038111952 | 1 | -0.5
1.442762773760081 | 1 | -0.5
1.7764883476146802 | 1 | -0.5
5.142033954670039 | 1 | -0.5
4.720231840073745 | 1 | -0.5
4.500505837142199 | 1 | -0.5
4.5261200360958735 | 1 | -0.5
4.687108337350942 | 1 | -0.5
3.623410196940313 | 1 | -0.5
2.55170787483271 | 1 | -0.5
2.0957835251089647 | 1 | -0.5
1.71485823055747 | 1 | -0.5
1.6212631791415124 | 0 | 5.0
1.5629624501936836 | 0 | 5.0
1.4849793874033368 | 0 | 5.0
1.4520331040475012 | 0 | 5.0
1.366650850305036 | 0 | 5.0
1.2570357909069383 | 0 | 5.0
1.2361282142862937 | 0 | 5.0
1.1440814633985408 | 0 | 5.0
1.1203524988630802 | 1 | -0.5
1.052516383694727 | 0 | 5.0
1.0286047363054076 | 0 | 5.0
1.0749486902849945 | 0 | 5.0
1.079656225106465 | 1 | -0.5
1.032244140792466 | 1 | -0.5
1.1020882374802259 | 1 | -0.5
1.173249078833879 | 1 | -0.5
1.4053627619651483 | 1 | -0.5
5.51205741410584 | 1 | -0.5
4.838561100501644 | 1 | -0.5
4.460583012102879 | 1 | -0.5
4.308308650906533 | 1 | -0.5
4.409935653409873 | 1 | -0.5
4.6454412533615335 | 1 | -0.5
3.2281533140073035 | 1 | -0.5
2.3837086943744623 | 1 | -0.5
1.962905525364448 | 1 | -0.5
1.7798927500692476 | 1 | -0.5
1.5984716307674682 | 0 | 5.0
1.5398308804600958 | 0 | 5.0
1.5444137764819361 | 0 | 5.0
1.4810733080598082 | 0 | 5.0
1.48084781221296 | 0 | 5.0
1.4377329917927382 | 0 | 5.0
1.4019883549080514 | 0 | 5.0
1.3531791708562904 | 0 | 5.0
1.3583483561714036 | 0 | 5.0
1.313810271306857 | 0 | 5.0
1.3348590072195707 | 0 | 5.0
1.2480754162991647 | 1 | -0.5
1.2139445592735107 | 0 | 5.0
1.2511843327150645 | 0 | 5.0
1.2575737676364702 | 1 | -0.5
1.3433008451118655 | 1 | -0.5
1.4297103966793852 | 1 | -0.5
1.6727057069924312 | 1 | -0.5
5.4630817463991646 | 1 | -0.5
4.866434345962902 | 1 | -0.5
4.41149569865462 | 1 | -0.5
4.235702318596833 | 1 | -0.5
4.161747380768554 | 1 | -0.5
4.391517040501103 | 1 | -0.5
2.9684039537783113 | 1 | -0.5
2.2434760636221736 | 1 | -0.5
1.7955325396043558 | 1 | -0.5
1.5328960835580832 | 1 | -0.5
1.4301771001246992 | 1 | -0.5
1.316336931916808 | 0 | 5.0
1.2784444793018896 | 0 | 5.0
1.2972366014139816 | 0 | 5.0
1.1850478868579055 | 0 | 5.0
1.1675026233274743 | 0 | 5.0
1.114623228771763 | 0 | 5.0
1.1028919454124868 | 0 | 5.0
1.0680628540235642 | 0 | 5.0
1.067582370202382 | 0 | 5.0
0.9907644191255353 | 1 | -0.5
0.9633817677973531 | 0 | 5.0
0.9143570050967562 | 0 | 5.0
0.9326269213906754 | 0 | 5.0
0.9490909569669936 | 1 | -0.5
0.9622504627557319 | 0 | 5.0
0.9946184839813957 | 1 | -0.5
1.0706598057005041 | 1 | -0.5
1.182503713820617 | 1 | -0.5
1.4576007825258428 | 1 | -0.5
5.429666523214169 | 1 | -0.5
4.811464880538222 | 1 | -0.5
4.519743689782436 | 1 | -0.5
4.434108409601333 | 1 | -0.5
4.499252858415302 | 1 | -0.5
4.6396675326138075 | 1 | -0.5
3.1967523309706514 | 1 | -0.5
2.2771944884195285 | 1 | -0.5
1.8736199403657943 | 1 | -0.5
1.647451081237086 | 0 | 5.0
1.5987574232187474 | 0 | 5.0
1.5047253748948608 | 0 | 5.0
1.4142322166969956 | 0 | 5.0
1.3226141552252224 | 0 | 5.0
1.2962823350224293 | 0 | 5.0
1.2374102462058416 | 1 | -0.5
1.162866231509512 | 0 | 5.0
1.1213534511349805 | 0 | 5.0
1.1028609771099265 | 0 | 5.0
1.0867489805115218 | 0 | 5.0
1.070290596525153 | 1 | -0.5
1.0514158798364988 | 0 | 5.0
1.046334547044113 | 0 | 5.0
1.041919552966685 | 1 | -0.5
1.081040748805243 | 1 | -0.5
1.1598250086231383 | 1 | -0.5
1.339503396968979 | 1 | -0.5
1.6891859836590934 | 1 | -0.5
5.172744835299981 | 1 | -0.5
4.688353953426715 | 1 | -0.5
4.482969655484198 | 1 | -0.5
4.434281484737426 | 1 | -0.5
4.575057604894109 | 1 | -0.5
4.1022557864999545 | 1 | -0.5
2.7564513503255457 | 1 | -0.5
2.1765190225845683 | 1 | -0.5
1.872753135186521 | 1 | -0.5
1.7195190272683476 | 0 | 5.0
1.6213431542998904 | 0 | 5.0
1.537088256346987 | 0 | 5.0
1.5061060652642935 | 0 | 5.0
1.3768661745116821 | 0 | 5.0
1.3748171842439318 | 0 | 5.0
1.314197190334546 | 0 | 5.0
1.2447498868557847 | 1 | -0.5
1.1912841242348429 | 0 | 5.0
1.1752697174644178 | 0 | 5.0
1.1680369090324545 | 0 | 5.0
1.1506937265594115 | 0 | 5.0
1.1092541295827147 | 0 | 5.0
1.0986734957253972 | 1 | -0.5
1.136273977968791 | 0 | 5.0
1.1648726243556498 | 1 | -0.5
1.20740257095366 | 1 | -0.5
1.3712928743754944 | 1 | -0.5
1.5796371069096773 | 1 | -0.5
5.436054469655768 | 1 | -0.5
4.820236830069612 | 1 | -0.5
4.483135350073749 | 1 | -0.5
4.337308713383412 | 1 | -0.5
4.3288656618646275 | 1 | -0.5
4.5597302334872065 | 1 | -0.5
3.3246557648442883 | 1 | -0.5
2.350479610974933 | 1 | -0.5
1.932044738688155 | 1 | -0.5
1.6413614279671884 | 1 | -0.5
1.5225762293178249 | 0 | 5.0
1.44427997151237 | 1 | -0.5
1.415702737450939 | 0 | 5.0
1.3655208855407153 | 0 | 5.0
1.3334803994453974 | 0 | 5.0
1.3315030120143097 | 0 | 5.0
1.2534604212004619 | 0 | 5.0
1.2250879301045294 | 0 | 5.0
1.1820657992744077 | 0 | 5.0
1.1515820359499838 | 0 | 5.0
1.1252477122542894 | 0 | 5.0
1.0963366637000076 | 1 | -0.5
1.082267739573303 | 0 | 5.0
1.0565503298669658 | 0 | 5.0
1.076808955722789 | 1 | -0.5
1.1396062815370398 | 1 | -0.5
1.1976062240067442 | 1 | -0.5
1.3724781382748856 | 1 | -0.5
1.7097262441674814 | 1 | -0.5
5.020284441407945 | 1 | -0.5
4.631972830354334 | 1 | -0.5
4.477386450058502 | 1 | -0.5
4.526548356111741 | 1 | -0.5
4.516818738978482 | 1 | -0.5
2.909378012765961 | 1 | -0.5
2.253342933250652 | 1 | -0.5
1.9129606832816988 | 1 | -0.5
1.7555642034510457 | 1 | -0.5
1.6437775858169488 | 0 | 5.0
1.647277763744252 | 0 | 5.0
1.5826419238427893 | 0 | 5.0
1.533939092256722 | 0 | 5.0
1.535897892952217 | 0 | 5.0
1.4695594058371884 | 0 | 5.0
1.4055421409254099 | 0 | 5.0
1.3680495644697417 | 0 | 5.0
1.3374171907114258 | 0 | 5.0
1.3012775526108846 | 0 | 5.0
1.2465045698636594 | 1 | -0.5
1.179393145646195 | 0 | 5.0
1.2058266873944725 | 0 | 5.0
1.1676256714090727 | 1 | -0.5
1.1768109673698115 | 0 | 5.0
1.2024932168983469 | 1 | -0.5
1.2555962879886835 | 1 | -0.5
1.4513332103503014 | 1 | -0.5
1.7118258073274875 | 1 | -0.5
5.0774517835912505 | 1 | -0.5
4.568003141506407 | 1 | -0.5
4.354577152964122 | 1 | -0.5
4.267318306456437 | 1 | -0.5
4.424674417111905 | 1 | -0.5
3.4220921053973434 | 1 | -0.5
2.5096805189690263 | 1 | -0.5
2.0246587317416482 | 1 | -0.5
1.7825987845756042 | 1 | -0.5
1.5606856663526443 | 0 | 5.0
1.5717605525623912 | 0 | 5.0
1.487567957883451 | 0 | 5.0
1.4411542477601735 | 0 | 5.0
1.3240969101521671 | 0 | 5.0
1.3046474819652025 | 0 | 5.0
1.2232171722124852 | 0 | 5.0
1.2042959545958418 | 0 | 5.0
1.1192745409062987 | 1 | -0.5
1.0709124254690994 | 0 | 5.0
1.0990434047545237 | 0 | 5.0
1.0509376270749369 | 1 | -0.5
1.0020384014592914 | 0 | 5.0
0.997801877949772 | 0 | 5.0
1.0703844709228363 | 1 | -0.5
1.0829112875012734 | 1 | -0.5
1.1379551565167676 | 1 | -0.5
1.3435763192259333 | 1 | -0.5
1.5612183794473864 | 1 | -0.5
5.30831982667569 | 1 | -0.5
4.913676006561977 | 1 | -0.5
4.604704295409477 | 1 | -0.5
4.499997956908651 | 1 | -0.5
4.70554973245408 | 1 | -0.5
4.045135787909354 | 1 | -0.5
2.752612195623984 | 1 | -0.5
2.3524567228924105 | 1 | -0.5
1.9189514507048604 | 1 | -0.5
1.7182624586170228 | 0 | 5.0
1.6518714828591718 | 0 | 5.0
1.5276653234460718 | 0 | 5.0
1.5011424685024046 | 0 | 5.0
1.3679960058742269 | 0 | 5.0
1.3377540162458958 | 0 | 5.0
1.3037392564586416 | 0 | 5.0
1.2207029339775075 | 1 | -0.5
1.147890618279579 | 0 | 5.0
1.1606558034564738 | 0 | 5.0
1.1143677555299907 | 0 | 5.0
1.0679684332295258 | 1 | -0.5
1.0813124274158439 | 0 | 5.0
1.140956811814127 | 0 | 5.0
1.140918775370562 | 1 | -0.5
1.2039375692398993 | 1 | -0.5
1.2954938150366855 | 1 | -0.5
1.513676551934335 | 1 | -0.5
1.8008304372142503 | 1 | -0.5
5.078532965190225 | 1 | -0.5
4.661942078186177 | 1 | -0.5
4.425256985136322 | 1 | -0.5
4.430613466971545 | 1 | -0.5
4.6668111133051005 | 1 | -0.5
3.0667787318176405 | 1 | -0.5
2.327772918881759 | 1 | -0.5
1.9589876882152233 | 1 | -0.5
Total reward: 1909.0
3.0, 0.0, 1.0, -1.0, 5.0, 4.0, 6.0, -1.0, -3.0, -2.0, 6.0, -3.0, 0.5, 1.5, -0.5, -3.0, 1.0, 1.0
parameter ends

state | action | reward
[3.28] | 0 | 5.0
2.5722065954594915 | 0 | 5.0
1.8188382204724145 | 0 | 5.0
1.6940136114917734 | 0 | 5.0
1.7089320482987238 | 0 | 5.0
1.7904011807783196 | 0 | 5.0
1.7908989988239603 | 0 | 5.0
1.8429873220843522 | 0 | 5.0
1.8392644524147086 | 0 | 5.0
1.9265033427251226 | 0 | 5.0
1.9113297330999415 | 0 | 5.0
1.9623205367223973 | 0 | 5.0
1.9709323228125168 | 0 | 5.0
1.9946122949359768 | 0 | 5.0
2.018919869911422 | 0 | 5.0
2.0451350753640045 | 0 | 5.0
2.0582732626180222 | 0 | 5.0
2.097203294473011 | 0 | 5.0
2.1250047863511816 | 1 | -0.5
2.2070756374614833 | 1 | -0.5
2.4599683532203267 | 1 | -0.5
2.8819714413203865 | 1 | -0.5
6.844252822373404 | 1 | -0.5
6.01161768703787 | 1 | -0.5
5.549946002215055 | 1 | -0.5
5.447290835544064 | 1 | -0.5
2.3651191774423808 | 1 | -0.5
1.4293578916067715 | 1 | -0.5
1.0560957027213607 | 1 | -0.5
0.7945739400401899 | 1 | -0.5
0.6438613924582824 | 1 | -0.5
0.5862376369003096 | 1 | -0.5
0.5021535786833087 | 1 | -0.5
0.4944897365315456 | 0 | 5.0
0.5484713342049877 | 0 | 5.0
0.5355818236201086 | 0 | 5.0
0.6122919684137164 | 0 | 5.0
0.594507635741092 | 0 | 5.0
0.6838470132764547 | 0 | 5.0
0.68006140426784 | 1 | -0.5
0.7539811333393828 | 0 | 5.0
0.8409520173863244 | 1 | -0.5
0.9567250141980191 | 1 | -0.5
1.134016773016323 | 1 | -0.5
1.469766870670175 | 0 | 5.0
1.7839158542326905 | 0 | 5.0
2.0791693849293362 | 0 | 5.0
2.3587113174235075 | 0 | 5.0
2.603247642492895 | 0 | 5.0
2.810099703129984 | 0 | 5.0
3.031814706830458 | 0 | 5.0
3.3410077852089697 | 0 | 5.0
3.758151250737701 | 0 | 5.0
4.103132075530781 | 0 | 5.0
4.032445773071879 | 0 | -200.0
Total reward: -34.5
3.0, 0.0, 1.0, -1.0, 5.0, 4.0, 6.0, -1.0, -3.0, -2.0, 6.0, -3.0, 0.5, 1.5, -0.5, -3.0, 1.0, 1.0
parameter ends

state | action | reward
[2.05] | 1 | -0.5
1.7088058780431978 | 1 | -0.5
1.572025374410174 | 1 | -0.5
1.4248855471066435 | 0 | 5.0
1.4391983439107219 | 0 | 5.0
1.4056234190924022 | 0 | 5.0
1.3790660539167165 | 0 | 5.0
1.328057119558617 | 0 | 5.0
1.3353552667037452 | 0 | 5.0
1.273280899282921 | 0 | 5.0
1.2380786451370138 | 0 | 5.0
1.193205144465034 | 0 | 5.0
1.1999449369867805 | 0 | 5.0
1.1818854930434077 | 0 | 5.0
1.156837835948992 | 0 | 5.0
1.0909443578019755 | 0 | 5.0
1.078190649683174 | 0 | 5.0
1.018929156260433 | 0 | 5.0
1.0019186424684952 | 0 | 5.0
0.9822518428301241 | 1 | -0.5
0.9542429789069716 | 0 | 5.0
0.9403210265316683 | 0 | 5.0
0.9744954731576296 | 0 | 5.0
0.9815931779699001 | 0 | 5.0
0.9711158475522852 | 0 | 5.0
0.9755107862354907 | 1 | -0.5
1.0595238418261426 | 0 | 5.0
1.139256637255039 | 1 | -0.5
1.1970409699697089 | 1 | -0.5
1.378125041016498 | 1 | -0.5
1.6152694595967474 | 0 | 5.0
1.9298346298058415 | 0 | 5.0
2.1007604864973435 | 0 | 5.0
2.2469796243208924 | 0 | 5.0
2.4549779305107355 | 0 | 5.0
2.691517304446524 | 0 | 5.0
2.8684499517167463 | 0 | 5.0
2.9905935395772434 | 0 | 5.0
3.0647609875699175 | 0 | 5.0
3.4373598056576107 | 0 | 5.0
3.6702942112500447 | 0 | 5.0
3.7538003194956695 | 1 | -0.5
3.4954573759437366 | 0 | -200.0
Total reward: -39.5
3.0, 0.0, 1.0, -1.0, 5.0, 4.0, 6.0, -1.0, -3.0, -2.0, 6.0, -3.0, 0.5, 1.5, -0.5, -3.0, 1.0, 1.0
parameter ends

state | action | reward
[5.71] | 1 | -0.5
8.271323706741805 | 1 | -0.5
1.4551846179908343 | 0 | 5.0
1.4185201751298187 | 0 | 5.0
1.4000203065035701 | 0 | 5.0
1.3301924495441297 | 0 | 5.0
1.3209888856500114 | 0 | 5.0
1.2544420615147578 | 0 | 5.0
1.2336980520040275 | 1 | -0.5
1.1755485571496431 | 0 | 5.0
1.1872875245570356 | 0 | 5.0
1.1880924882851769 | 0 | 5.0
1.1753415096252273 | 0 | 5.0
1.1661971314406128 | 0 | 5.0
1.171972936613093 | 0 | 5.0
1.170445199777063 | 0 | 5.0
1.1542639677470827 | 0 | 5.0
1.1596256757925274 | 0 | 5.0
1.084658012164737 | 0 | 5.0
1.0843251718896387 | 0 | 5.0
1.0887533661794606 | 0 | 5.0
1.0809029461404767 | 0 | 5.0
1.0466810039681869 | 0 | 5.0
0.9804434823842575 | 0 | 5.0
0.9975170154830447 | 0 | 5.0
0.9765961925198604 | 0 | 5.0
0.9673094113009489 | 0 | 5.0
0.922184716250162 | 0 | 5.0
0.9364113745756746 | 0 | 5.0
0.9023747037344632 | 0 | 5.0
0.8316463544744889 | 0 | 5.0
0.856439648736627 | 0 | 5.0
0.8443687408807244 | 0 | 5.0
0.8556834432829763 | 0 | 5.0
0.8066236463911818 | 0 | 5.0
0.805979240398315 | 0 | 5.0
0.7754260743328147 | 0 | 5.0
0.7586941954808663 | 1 | -0.5
0.7327092734096762 | 0 | 5.0
0.7398984126873565 | 0 | 5.0
0.7455982902038999 | 0 | 5.0
0.7116476211049233 | 0 | 5.0
0.7275056902381781 | 0 | 5.0
0.7837353842572912 | 0 | 5.0
0.7995378318592641 | 0 | 5.0
0.761936168227879 | 0 | 5.0
0.8469323777989921 | 0 | 5.0
0.857416586197076 | 0 | 5.0
0.8978667685861603 | 0 | 5.0
0.9297292598963522 | 0 | 5.0
0.9149041846155106 | 0 | 5.0
0.9367036748568511 | 0 | 5.0
0.965353143723279 | 0 | 5.0
0.981492473281219 | 0 | 5.0
1.02771856075901 | 0 | 5.0
1.045216547585298 | 0 | 5.0
1.0375734739051448 | 0 | 5.0
1.0566189511059543 | 0 | 5.0
1.0666457782047027 | 0 | 5.0
1.097429264321456 | 0 | 5.0
1.092173230247813 | 0 | 5.0
1.1448292893331502 | 0 | 5.0
1.1423359474385602 | 0 | 5.0
1.1715309243010894 | 0 | 5.0
1.2247789563720324 | 1 | -0.5
1.255570262984594 | 1 | -0.5
1.4057445503994552 | 1 | -0.5
1.6628709166938695 | 1 | -0.5
5.526783024020359 | 1 | -0.5
4.954787108018328 | 1 | -0.5
4.634361346464806 | 1 | -0.5
4.451302003984877 | 1 | -0.5
4.492177735555688 | 1 | -0.5
4.077682575961694 | 1 | -0.5
2.7643095897439665 | 1 | -0.5
2.1509834375039625 | 1 | -0.5
1.7548859550521667 | 1 | -0.5
1.5819962894768202 | 1 | -0.5
1.4148974326492283 | 0 | 5.0
1.3820281861776667 | 0 | 5.0
1.3307937343432708 | 0 | 5.0
1.3260447323274784 | 0 | 5.0
1.2280870715717773 | 0 | 5.0
1.2096541346403882 | 0 | 5.0
1.2083563508155843 | 0 | 5.0
1.1680715089812579 | 0 | 5.0
1.1619717650119887 | 0 | 5.0
1.096079245970682 | 0 | 5.0
1.1137519888755012 | 0 | 5.0
1.0552744904428872 | 0 | 5.0
1.049255800218014 | 0 | 5.0
1.056914982916651 | 0 | 5.0
1.0552100700335998 | 0 | 5.0
1.0025607086245238 | 0 | 5.0
0.9982808205335906 | 0 | 5.0
1.0054702614793123 | 0 | 5.0
0.9562321946931464 | 0 | 5.0
1.0087715867519278 | 0 | 5.0
0.9720627115982255 | 0 | 5.0
0.9653080169531217 | 0 | 5.0
0.9262555618334904 | 0 | 5.0
0.9603833086951056 | 0 | 5.0
0.9204503185398536 | 0 | 5.0
0.9380500707476647 | 0 | 5.0
0.9360390319865819 | 0 | 5.0
0.9355259865759168 | 0 | 5.0
0.9703423094954298 | 0 | 5.0
0.9282638538306227 | 0 | 5.0
0.9364853453198193 | 0 | 5.0
0.8769710629091568 | 0 | 5.0
0.9213144718442708 | 0 | 5.0
0.8797620952217078 | 0 | 5.0
0.8652808440241792 | 0 | 5.0
0.8449548318864761 | 0 | 5.0
0.8337014289154127 | 0 | 5.0
0.8332493998484042 | 0 | 5.0
0.8478633686528382 | 0 | 5.0
0.8451531739608831 | 0 | 5.0
0.8664550224285824 | 0 | 5.0
0.819034146230761 | 0 | 5.0
0.813958446962197 | 0 | 5.0
0.7987940336956094 | 0 | 5.0
0.7297798691533458 | 0 | 5.0
0.6973885066627497 | 1 | -0.5
0.7290919478561833 | 0 | 5.0
0.7358193055317909 | 0 | 5.0
0.7002996626316254 | 0 | 5.0
0.8192887129317923 | 0 | 5.0
0.7865216462355309 | 0 | 5.0
0.7791242565387008 | 0 | 5.0
0.809534117145829 | 0 | 5.0
0.8814517618191346 | 0 | 5.0
0.8656199567693259 | 0 | 5.0
0.9046623695177076 | 1 | -0.5
0.9317786097670363 | 0 | 5.0
0.9943479642022005 | 1 | -0.5
1.1165368476076478 | 1 | -0.5
1.3834784033696705 | 1 | -0.5
1.6530067509456394 | 0 | 5.0
1.8655917875111676 | 0 | 5.0
2.032282377035861 | 0 | 5.0
2.2765638236882992 | 0 | 5.0
2.4074171340141115 | 0 | 5.0
2.5661207965957415 | 0 | 5.0
2.8812995368641157 | 0 | 5.0
3.0918592174991892 | 0 | 5.0
3.2491688991471084 | 0 | 5.0
3.412370509438255 | 0 | 5.0
3.637502609309718 | 0 | 5.0
3.9650015940460275 | 0 | -200.0
Total reward: 418.5
3.0, 0.0, 1.0, -1.0, 5.0, 4.0, 6.0, -1.0, -3.0, -2.0, 6.0, -3.0, 0.5, 1.5, -0.5, -3.0, 1.0, 1.0
parameter ends

state | action | reward
[1.81] | 1 | -0.5
1.6478593494347613 | 1 | -0.5
1.4835559020746376 | 0 | 5.0
1.4830983784423097 | 0 | 5.0
1.45585516591879 | 1 | -0.5
1.3778970573998162 | 0 | 5.0
1.3226551752152265 | 0 | 5.0
1.3423761590328922 | 0 | 5.0
1.3012994196032004 | 0 | 5.0
1.3018778009042695 | 0 | 5.0
1.2406674867917513 | 1 | -0.5
1.2279687549938278 | 0 | 5.0
1.2555024474634693 | 0 | 5.0
1.2762399468630716 | 0 | 5.0
1.2809923694757699 | 0 | 5.0
1.3221149190724555 | 0 | 5.0
1.3355379129889342 | 1 | -0.5
1.3840262367618243 | 1 | -0.5
1.5734686693349418 | 1 | -0.5
1.818848077233219 | 0 | 5.0
2.0027695865552118 | 0 | 5.0
2.113063883029407 | 0 | 5.0
2.324975940995876 | 0 | 5.0
2.5903735393122824 | 0 | 5.0
2.8554540162389177 | 0 | 5.0
3.025857528431225 | 0 | 5.0
3.204704442440801 | 0 | 5.0
3.3924577042912216 | 0 | 5.0
3.7119370111595313 | 1 | -0.5
3.5303036245517214 | 0 | 5.0
3.43622776820072 | 0 | -200.0
Total reward: -94.0
3.0, 0.0, 1.0, -1.0, 5.0, 4.0, 6.0, -1.0, -3.0, -2.0, 6.0, -3.0, 0.5, 1.5, -0.5, -3.0, 1.0, 1.0
parameter ends

state | action | reward
[5.39] | 1 | -0.5
4.820898432677452 | 1 | -0.5
4.683671065498995 | 1 | -0.5
4.704131732301385 | 1 | -0.5
4.091577182452194 | 1 | -0.5
2.474948078069789 | 1 | -0.5
1.8960048873930975 | 1 | -0.5
1.592941811078186 | 1 | -0.5
1.3452624566445799 | 1 | -0.5
1.2579020850691593 | 0 | 5.0
1.1938144929381667 | 1 | -0.5
1.1592081288518812 | 0 | 5.0
1.177522251616013 | 0 | 5.0
1.1573621529124698 | 0 | 5.0
1.138926222068975 | 0 | 5.0
1.1453769181615137 | 0 | 5.0
1.1484331634629488 | 0 | 5.0
1.071006393550633 | 1 | -0.5
1.131973001309778 | 0 | 5.0
1.0975508671767955 | 0 | 5.0
1.0538975852461485 | 0 | 5.0
1.1682415983267955 | 0 | 5.0
1.1647190696979488 | 1 | -0.5
1.2189985702427495 | 1 | -0.5
1.3323983822127268 | 1 | -0.5
1.5653601149818583 | 1 | -0.5
1.9563893313528924 | 0 | 5.0
2.204670789365901 | 0 | 5.0
2.5752651672773994 | 0 | 5.0
2.807572286540917 | 0 | 5.0
3.098324071402413 | 0 | 5.0
3.2503804041709725 | 0 | 5.0
3.3398818439131897 | 0 | 5.0
3.656577064169243 | 0 | 5.0
3.8892471010411396 | 0 | -200.0
Total reward: -112.5
3.0, 0.0, 1.0, -1.0, 5.0, 4.0, 6.0, -1.0, -3.0, -2.0, 6.0, -3.0, 0.5, 1.5, -0.5, -3.0, 1.0, 1.0
parameter ends

state | action | reward
[1.77] | 1 | -0.5
1.5356152187388359 | 1 | -0.5
1.5007164946634928 | 0 | 5.0
1.4628302863244096 | 0 | 5.0
1.4112337738448457 | 0 | 5.0
1.3952716571813222 | 0 | 5.0
1.3378956761745724 | 0 | 5.0
1.3423048348570437 | 0 | 5.0
1.28768223006819 | 0 | 5.0
1.2369787521827027 | 0 | 5.0
1.1772899657265299 | 0 | 5.0
1.157671467439214 | 0 | 5.0
1.08728350320277 | 0 | 5.0
1.073045512483461 | 0 | 5.0
1.01411112862041 | 0 | 5.0
1.0016556713150413 | 0 | 5.0
1.0064947287462305 | 0 | 5.0
0.958049887197986 | 1 | -0.5
0.9767163133626025 | 0 | 5.0
1.020775816930639 | 0 | 5.0
1.0100247976145704 | 0 | 5.0
1.0282701699430605 | 1 | -0.5
1.0980303136549439 | 1 | -0.5
1.2157829501711126 | 1 | -0.5
1.4449196280328265 | 1 | -0.5
1.9015463119076939 | 1 | -0.5
2.7992286991415924 | 1 | -0.5
4.570406367180635 | 1 | -0.5
4.434403070620022 | 1 | -0.5
4.512756796218842 | 1 | -0.5
4.787040262534134 | 1 | -0.5
5.365893354728654 | 1 | -0.5
6.392132029208289 | 1 | -0.5
1.8758956608476072 | 1 | -0.5
1.6739065783656768 | 0 | 5.0
1.635916629711742 | 0 | 5.0
1.5366077377451424 | 0 | 5.0
1.4623659079211162 | 0 | 5.0
1.4282416496636294 | 0 | 5.0
1.351481137534909 | 0 | 5.0
1.2721574922255008 | 0 | 5.0
1.2122033750543992 | 1 | -0.5
1.1662068145690558 | 0 | 5.0
1.1080335000344919 | 0 | 5.0
1.0968468023990976 | 0 | 5.0
1.0488651587624724 | 1 | -0.5
1.0667922337567315 | 0 | 5.0
1.054507668550089 | 0 | 5.0
1.1025254615965574 | 1 | -0.5
1.0911024317529299 | 1 | -0.5
1.2216655607239064 | 1 | -0.5
1.449543401360624 | 1 | -0.5
1.7626380319825057 | 1 | -0.5
5.214726933326737 | 1 | -0.5
4.722215214768384 | 1 | -0.5
4.421138987990909 | 1 | -0.5
4.453976172505483 | 1 | -0.5
4.685414088445097 | 1 | -0.5
3.1386819103990757 | 1 | -0.5
2.387306469208307 | 1 | -0.5
1.9330951853617282 | 1 | -0.5
1.6821633011093275 | 1 | -0.5
1.5220059534982788 | 0 | 5.0
1.4754082056038442 | 0 | 5.0
1.3609491607026492 | 0 | 5.0
1.3500796789775091 | 0 | 5.0
1.2809677208686605 | 0 | 5.0
1.2787550686502596 | 1 | -0.5
1.228467215637996 | 0 | 5.0
1.2384972806970176 | 0 | 5.0
1.224246924120268 | 0 | 5.0
1.1981336296554106 | 0 | 5.0
1.2061698216090995 | 0 | 5.0
1.1969421261122393 | 1 | -0.5
1.214826885141766 | 0 | 5.0
1.2080126251982093 | 0 | 5.0
1.2589326380818 | 1 | -0.5
1.3429656447730791 | 1 | -0.5
1.5603599722139583 | 1 | -0.5
1.8358569429389267 | 0 | 5.0
2.0715906894980516 | 0 | 5.0
2.2703915015949807 | 0 | 5.0
2.554847403219608 | 0 | 5.0
2.761324381914391 | 0 | 5.0
3.091192521256233 | 0 | 5.0
3.202720122736405 | 0 | 5.0
3.4810739561204898 | 0 | 5.0
3.6423182224245667 | 0 | 5.0
3.9382648467641865 | 0 | -200.0
Total reward: 36.5
3.0, 0.0, 1.0, -1.0, 5.0, 4.0, 6.0, -1.0, -3.0, -2.0, 6.0, -3.0, 0.5, 1.5, -0.5, -3.0, 1.0, 1.0
parameter ends

state | action | reward
[4.98] | 1 | -0.5
4.684688434483045 | 1 | -0.5
4.605105403786651 | 1 | -0.5
4.764500028755964 | 1 | -0.5
3.135599727407566 | 1 | -0.5
2.140232435335655 | 1 | -0.5
1.6493125113998426 | 1 | -0.5
1.389455583022761 | 1 | -0.5
1.2586694309661388 | 1 | -0.5
1.1830978444101423 | 0 | 5.0
1.1223670739923637 | 0 | 5.0
1.0873875335225063 | 0 | 5.0
1.04683379559152 | 1 | -0.5
0.9912821467966494 | 0 | 5.0
1.0297045469729533 | 0 | 5.0
1.0243249788571833 | 0 | 5.0
1.0178462360965521 | 0 | 5.0
0.968233664545834 | 0 | 5.0
0.9907081592702687 | 1 | -0.5
1.038450740338848 | 0 | 5.0
1.0631205993794932 | 0 | 5.0
1.1257809596950958 | 0 | 5.0
1.1557215272487873 | 1 | -0.5
1.263436392648986 | 1 | -0.5
1.4023224723894434 | 1 | -0.5
1.660192956239865 | 0 | 5.0
1.8250402825180156 | 0 | 5.0
1.9928425408111272 | 0 | 5.0
2.1375874574775415 | 0 | 5.0
2.3904482421582425 | 0 | 5.0
2.5132441160545187 | 0 | 5.0
2.7807219151183027 | 0 | 5.0
2.9220384663124226 | 0 | 5.0
3.1290159070088204 | 0 | 5.0
3.3467879977765596 | 0 | 5.0
3.676138246259103 | 1 | -0.5
3.4398055652916066 | 0 | 5.0
3.282975731642274 | 0 | -200.0
Total reward: -97.5
3.0, 0.0, 1.0, -1.0, 5.0, 4.0, 6.0, -1.0, -3.0, -2.0, 6.0, -3.0, 0.5, 1.5, -0.5, -3.0, 1.0, 1.0
parameter ends

state | action | reward
[4.05] | 1 | -0.5
3.636821585545311 | 1 | -0.5
3.414048962109637 | 1 | -0.5
3.3168499884109965 | 1 | -0.5
3.392761457310129 | 1 | -0.5
2.8668505435438085 | 1 | -0.5
1.8412662154991957 | 1 | -0.5
1.433623768172064 | 1 | -0.5
1.24044560656843 | 1 | -0.5
1.0730612746275763 | 1 | -0.5
1.0613664860454766 | 0 | 5.0
1.040729194329205 | 0 | 5.0
1.0276933554623584 | 0 | 5.0
1.0055234786107334 | 0 | 5.0
0.9777870069497273 | 0 | 5.0
0.9368204124440893 | 0 | 5.0
0.9718104512900411 | 0 | 5.0
0.9404491507368608 | 0 | 5.0
0.9609663541590826 | 0 | 5.0
0.9061781634195514 | 0 | 5.0
0.9083960378207949 | 0 | 5.0
0.8843358499030874 | 0 | 5.0
0.8846599447492361 | 0 | 5.0
0.884345789823794 | 1 | -0.5
0.8953763768094806 | 0 | 5.0
0.9385178125894741 | 0 | 5.0
0.9713008607048295 | 0 | 5.0
0.9897491028008248 | 0 | 5.0
1.0401484891638284 | 1 | -0.5
1.130578265900162 | 1 | -0.5
1.2360481423420393 | 1 | -0.5
1.4220311271695776 | 1 | -0.5
1.8000778324384228 | 0 | 5.0
1.9924368860917365 | 0 | 5.0
2.2296078507741766 | 0 | 5.0
2.416619958277688 | 0 | 5.0
2.5885767801554618 | 0 | 5.0
2.8072112704229006 | 0 | 5.0
3.0114844751343464 | 0 | 5.0
3.1345812781414257 | 0 | 5.0
3.397987502483335 | 0 | 5.0
3.6863426918290014 | 0 | 5.0
3.873372297884377 | 0 | -200.0
Total reward: -72.5
3.0, 0.0, 1.0, -1.0, 5.0, 4.0, 6.0, -1.0, -3.0, -2.0, 6.0, -3.0, 0.5, 1.5, -0.5, -3.0, 1.0, 1.0
parameter ends

state | action | reward
[1.83] | 1 | -0.5
2.2440242230753156 | 0 | 5.0
2.458366264110976 | 0 | 5.0
2.609337258292788 | 0 | 5.0
2.8334621477237167 | 0 | 5.0
3.0530352047803757 | 0 | 5.0
3.3819477825139566 | 0 | 5.0
3.7303460563904824 | 1 | -0.5
4.003879794597573 | 1 | -0.5
3.646340248585536 | 1 | -0.5
3.4967565689802482 | 1 | -0.5
3.5242409768761904 | 1 | -0.5
3.7138923415121714 | 1 | -0.5
4.194661030431277 | 1 | -200.0
Total reward: -173.5
3.0, 0.0, 1.0, -1.0, 5.0, 4.0, 6.0, -1.0, -3.0, -2.0, 6.0, -3.0, 0.5, 1.5, -0.5, -3.0, 1.0, 1.0
parameter ends

state | action | reward
[1.83] | 1 | -0.5
1.6337294557019022 | 1 | -0.5
1.500201199445625 | 0 | 5.0
1.4948794314918836 | 0 | 5.0
1.3990342781840865 | 0 | 5.0
1.3583840891876096 | 1 | -0.5
1.2955714626357493 | 0 | 5.0
1.2993501942492032 | 0 | 5.0
1.2687361421664731 | 0 | 5.0
1.2649290376235995 | 0 | 5.0
1.2507523649559025 | 0 | 5.0
1.2314733904413808 | 0 | 5.0
1.229191670359999 | 0 | 5.0
1.1920077518813357 | 0 | 5.0
1.1900247477411354 | 0 | 5.0
1.1660226853177464 | 0 | 5.0
1.1512216880053683 | 0 | 5.0
1.0978153234826913 | 0 | 5.0
1.0937608712816125 | 0 | 5.0
1.0516361818498892 | 0 | 5.0
1.0387175722835909 | 0 | 5.0
1.0103912242398687 | 0 | 5.0
1.0048148324933688 | 0 | 5.0
1.0006555503635115 | 0 | 5.0
0.9511392820182072 | 0 | 5.0
0.936299847078835 | 0 | 5.0
0.9179084729623799 | 1 | -0.5
0.8629337271922912 | 0 | 5.0
0.8586828353072551 | 0 | 5.0
0.9190660948913941 | 1 | -0.5
0.947498515302699 | 0 | 5.0
0.9434686785060021 | 1 | -0.5
1.0655750496609344 | 1 | -0.5
1.2134423824965332 | 1 | -0.5
1.4726170581185785 | 1 | -0.5
5.283599578107582 | 1 | -0.5
4.832156771729486 | 1 | -0.5
4.513144865542158 | 1 | -0.5
4.432430984579976 | 1 | -0.5
4.500814141754897 | 1 | -0.5
4.647061603300276 | 1 | -0.5
2.9324784411279645 | 1 | -0.5
2.30225818677153 | 1 | -0.5
1.9224923015689073 | 1 | -0.5
1.7122723265472148 | 0 | 5.0
1.718880573092371 | 0 | 5.0
1.6092578434639275 | 0 | 5.0
1.5902467478874909 | 0 | 5.0
1.5117220727918648 | 0 | 5.0
1.4685703130260224 | 0 | 5.0
1.3502089498800989 | 0 | 5.0
1.3204095527611237 | 0 | 5.0
1.2726383874579843 | 0 | 5.0
1.2718703759492127 | 1 | -0.5
1.2067573653286814 | 0 | 5.0
1.1943086259947628 | 0 | 5.0
1.1728552145877527 | 1 | -0.5
1.1326318558155786 | 0 | 5.0
1.1241961842133779 | 0 | 5.0
1.1911254506450226 | 1 | -0.5
1.189123243977942 | 1 | -0.5
1.3521745279743111 | 1 | -0.5
1.607976305881893 | 1 | -0.5
5.503327558345206 | 1 | -0.5
4.876095258107188 | 1 | -0.5
4.522303629067518 | 1 | -0.5
4.327713118185162 | 1 | -0.5
4.355421833298126 | 1 | -0.5
4.561223982415303 | 1 | -0.5
3.315424433893636 | 1 | -0.5
2.3320067271268954 | 1 | -0.5
1.8472842379334253 | 1 | -0.5
1.6316711263203243 | 1 | -0.5
1.5253822301892923 | 0 | 5.0
1.4602708025750266 | 0 | 5.0
1.432866870456358 | 0 | 5.0
1.3541972810714786 | 0 | 5.0
1.2594147581815949 | 0 | 5.0
1.248506991520818 | 0 | 5.0
1.1802593106844845 | 0 | 5.0
1.136979968849682 | 0 | 5.0
1.0933733393989615 | 1 | -0.5
1.0185114411410938 | 0 | 5.0
1.0454181698062455 | 0 | 5.0
0.9862692679850681 | 0 | 5.0
1.0390581422244725 | 1 | -0.5
1.0302468980505888 | 0 | 5.0
1.0647966790049141 | 0 | 5.0
1.0852112395401206 | 1 | -0.5
1.114070792923879 | 1 | -0.5
1.3609725891142563 | 1 | -0.5
1.554013858421381 | 1 | -0.5
5.155643605518683 | 1 | -0.5
4.54554114729717 | 1 | -0.5
4.284638203844857 | 1 | -0.5
4.221142991548096 | 1 | -0.5
4.323951154529723 | 1 | -0.5
3.9491118165466323 | 1 | -0.5
2.724938184396325 | 1 | -0.5
2.1441566323899877 | 1 | -0.5
1.8518164549079588 | 1 | -0.5
1.652059779838923 | 0 | 5.0
1.5767155344690165 | 0 | 5.0
1.5194524814138188 | 0 | 5.0
1.4566341201330435 | 0 | 5.0
1.3820643633986072 | 0 | 5.0
1.2760820984996977 | 0 | 5.0
1.3047446204599271 | 0 | 5.0
1.2428280738465132 | 0 | 5.0
1.179862963218043 | 1 | -0.5
1.0694229549563627 | 0 | 5.0
1.0554914713617187 | 0 | 5.0
1.0107982795312316 | 1 | -0.5
0.9768908300644243 | 0 | 5.0
1.0149890921729046 | 0 | 5.0
1.0323776686589328 | 0 | 5.0
0.9876247265987783 | 1 | -0.5
1.0511791828154495 | 1 | -0.5
1.169915999446612 | 1 | -0.5
1.2837853895878513 | 1 | -0.5
1.5549789611494795 | 1 | -0.5
5.191023381174521 | 1 | -0.5
4.706203966289794 | 1 | -0.5
4.413195389077827 | 1 | -0.5
4.4170281786462535 | 1 | -0.5
4.569397555788255 | 1 | -0.5
4.559355881579494 | 1 | -0.5
3.1322534237474673 | 1 | -0.5
2.373570519346592 | 1 | -0.5
2.012527824846881 | 1 | -0.5
1.753632054747118 | 1 | -0.5
1.629528487373263 | 0 | 5.0
1.5620823885497512 | 0 | 5.0
1.522668350705636 | 0 | 5.0
1.5083455592730517 | 0 | 5.0
1.4493345466767442 | 0 | 5.0
1.4075815956343902 | 0 | 5.0
1.3456044997289482 | 0 | 5.0
1.3091156951425011 | 0 | 5.0
1.3246404284511373 | 0 | 5.0
1.229123433338684 | 1 | -0.5
1.2064459016759455 | 0 | 5.0
1.1800036001715695 | 0 | 5.0
1.1729198497350237 | 1 | -0.5
1.1678109797538065 | 0 | 5.0
1.2310584751341789 | 1 | -0.5
1.2942513206791142 | 1 | -0.5
1.407460901531716 | 1 | -0.5
1.6594518537553478 | 1 | -0.5
5.174812228518249 | 1 | -0.5
4.506829421407211 | 1 | -0.5
4.225438786057835 | 1 | -0.5
4.13606740487133 | 1 | -0.5
4.279943536795842 | 1 | -0.5
3.5278800088722737 | 1 | -0.5
2.359543533470259 | 1 | -0.5
1.8545406445841088 | 1 | -0.5
1.56520207871872 | 1 | -0.5
1.4335714936160424 | 0 | 5.0
1.4086525709561357 | 0 | 5.0
1.3488481737915683 | 0 | 5.0
1.269460776596282 | 0 | 5.0
1.2316952972278363 | 0 | 5.0
1.1739606967167586 | 0 | 5.0
1.1007220338533386 | 1 | -0.5
1.0276959707060909 | 0 | 5.0
1.023876232266893 | 0 | 5.0
0.9538561846378785 | 0 | 5.0
0.9343699832353418 | 0 | 5.0
0.9586564518054325 | 1 | -0.5
0.918458780886055 | 0 | 5.0
0.9411072508333312 | 0 | 5.0
0.9391619539071591 | 1 | -0.5
0.9822413826949574 | 0 | 5.0
1.0371129890352588 | 1 | -0.5
1.1116892775204772 | 1 | -0.5
1.2564567220712881 | 1 | -0.5
1.5223558374875925 | 1 | -0.5
5.232748418235169 | 1 | -0.5
4.672374329293079 | 1 | -0.5
4.516448266392361 | 1 | -0.5
4.442457540158129 | 1 | -0.5
4.545274578533611 | 1 | -0.5
3.790419643721743 | 1 | -0.5
2.7645480727714293 | 1 | -0.5
2.1591802591872296 | 1 | -0.5
1.7862641897615052 | 1 | -0.5
1.6362219441686827 | 0 | 5.0
1.5966354795730948 | 0 | 5.0
1.5509780056962106 | 0 | 5.0
1.481797967848461 | 0 | 5.0
1.41180244341558 | 0 | 5.0
1.3028039997496557 | 0 | 5.0
1.2197377494670347 | 1 | -0.5
1.1337997984577124 | 0 | 5.0
1.0753297588832187 | 0 | 5.0
1.0616127174380294 | 0 | 5.0
1.0589316084409017 | 1 | -0.5
0.9993289410179473 | 0 | 5.0
1.023606736098014 | 0 | 5.0
1.0818127147589889 | 0 | 5.0
1.0822589965879577 | 1 | -0.5
1.1102144398889908 | 1 | -0.5
1.2139808008343256 | 1 | -0.5
1.3977051147933552 | 1 | -0.5
1.665373246149499 | 1 | -0.5
5.253979176211892 | 1 | -0.5
4.734363738231048 | 1 | -0.5
4.4015532680234895 | 1 | -0.5
4.3170195703695535 | 1 | -0.5
4.432685397490743 | 1 | -0.5
4.184620078864331 | 1 | -0.5
2.827146618003573 | 1 | -0.5
2.2677255739806377 | 1 | -0.5
1.8174591322932596 | 1 | -0.5
1.6519028155413784 | 1 | -0.5
1.5331798458158679 | 0 | 5.0
1.5572754477985062 | 0 | 5.0
1.459028908490761 | 0 | 5.0
1.3658684395293113 | 0 | 5.0
1.4028323645052574 | 0 | 5.0
1.3290123837754613 | 0 | 5.0
1.3000656826817245 | 0 | 5.0
1.2456936900217144 | 0 | 5.0
1.1968348803848867 | 0 | 5.0
1.2099997653709504 | 0 | 5.0
1.101809701340353 | 1 | -0.5
1.1091072822414039 | 0 | 5.0
1.1280909109682165 | 0 | 5.0
1.1697943364889332 | 0 | 5.0
1.160652163357633 | 1 | -0.5
1.2054296402773792 | 1 | -0.5
1.313877462362851 | 1 | -0.5
1.479682922064407 | 1 | -0.5
1.7757529227656914 | 1 | -0.5
4.9250854008823035 | 1 | -0.5
4.532026669355112 | 1 | -0.5
4.3913735012517465 | 1 | -0.5
4.339760561874839 | 1 | -0.5
4.483534076392524 | 1 | -0.5
3.6829095130620035 | 1 | -0.5
2.4928101183257927 | 1 | -0.5
2.015234271927629 | 1 | -0.5
1.7635280738650578 | 1 | -0.5
1.6093770138765744 | 1 | -0.5
1.5202786836065232 | 0 | 5.0
1.4784342119405485 | 0 | 5.0
1.4328132268860063 | 0 | 5.0
1.4205285153845375 | 0 | 5.0
1.3955282781663645 | 0 | 5.0
1.351152629509643 | 0 | 5.0
1.2697140003165344 | 0 | 5.0
1.2735767229880184 | 0 | 5.0
1.2528126288791048 | 0 | 5.0
1.1908596885378053 | 0 | 5.0
1.2162508951048734 | 0 | 5.0
1.2019712676424505 | 0 | 5.0
1.1785861352285123 | 1 | -0.5
1.1656310182329712 | 1 | -0.5
1.1828890957402185 | 1 | -0.5
1.3528298473313427 | 1 | -0.5
1.5775476431166353 | 1 | -0.5
5.574994646771166 | 1 | -0.5
4.8733205193274785 | 1 | -0.5
4.533270178311124 | 1 | -0.5
4.389342243099349 | 1 | -0.5
4.49760994858613 | 1 | -0.5
4.690284789152159 | 1 | -0.5
3.250063987865293 | 1 | -0.5
2.401455261849656 | 1 | -0.5
1.9709525046941736 | 1 | -0.5
1.6804937810725082 | 1 | -0.5
1.571638654282715 | 0 | 5.0
1.5308989632529098 | 0 | 5.0
1.501991812066357 | 0 | 5.0
1.4265162363239745 | 0 | 5.0
1.4096232646966724 | 0 | 5.0
1.3035727045686374 | 0 | 5.0
1.2165918246446752 | 1 | -0.5
1.1663051286155925 | 0 | 5.0
1.1750726720229934 | 0 | 5.0
1.1349522410104187 | 0 | 5.0
1.0718052878829958 | 0 | 5.0
1.0320444733646772 | 1 | -0.5
1.023480567112556 | 0 | 5.0
1.0571623015223537 | 0 | 5.0
1.0954606684626764 | 1 | -0.5
1.117489973198585 | 1 | -0.5
1.1836969658010723 | 1 | -0.5
1.34088799201263 | 1 | -0.5
1.7101430899871752 | 1 | -0.5
5.097610562868186 | 1 | -0.5
4.6293079865271185 | 1 | -0.5
4.4463400273636156 | 1 | -0.5
4.439623247727347 | 1 | -0.5
4.630037242000154 | 1 | -0.5
3.435674999667651 | 1 | -0.5
2.4516791218212606 | 1 | -0.5
1.9695251315984184 | 1 | -0.5
1.66973719138354 | 1 | -0.5
1.5938323186378085 | 0 | 5.0
1.5218099524269224 | 0 | 5.0
1.5244135275403163 | 0 | 5.0
1.4451272946523763 | 0 | 5.0
1.4218541862868492 | 0 | 5.0
1.379276227313946 | 0 | 5.0
1.3226877385324092 | 0 | 5.0
1.2309257438707508 | 0 | 5.0
1.2163189157969725 | 0 | 5.0
1.1920125249636178 | 1 | -0.5
1.1778259732994316 | 0 | 5.0
1.1761765013085235 | 0 | 5.0
1.1581796379634244 | 0 | 5.0
1.1326205668327705 | 1 | -0.5
1.1740537994218565 | 1 | -0.5
1.242185511018246 | 1 | -0.5
1.4106129770875255 | 1 | -0.5
1.6393185667404686 | 1 | -0.5
5.362905244736726 | 1 | -0.5
4.801506842220099 | 1 | -0.5
4.5503236691500275 | 1 | -0.5
4.439822145700326 | 1 | -0.5
4.531345449252938 | 1 | -0.5
4.381176516741062 | 1 | -0.5
2.9696974601473634 | 1 | -0.5
2.2588249338132482 | 1 | -0.5
1.8530219844806146 | 1 | -0.5
1.7250344196216192 | 0 | 5.0
1.6462079170321886 | 0 | 5.0
1.4925730347704778 | 0 | 5.0
1.470081637328153 | 0 | 5.0
1.3861614144669614 | 0 | 5.0
1.3147472061953047 | 0 | 5.0
1.2069780236960148 | 0 | 5.0
1.1890359723251955 | 0 | 5.0
1.1161162138971883 | 0 | 5.0
1.0658292931065911 | 1 | -0.5
1.036170047754078 | 0 | 5.0
1.012777497626812 | 0 | 5.0
1.040255763668781 | 0 | 5.0
1.0347953719175185 | 1 | -0.5
1.1110432196736755 | 1 | -0.5
1.1735907148750757 | 1 | -0.5
1.3619321241575377 | 1 | -0.5
1.723622941424361 | 1 | -0.5
5.172240756625587 | 1 | -0.5
4.678187072202804 | 1 | -0.5
4.462111212210703 | 1 | -0.5
4.506680551677273 | 1 | -0.5
4.7017636291452245 | 1 | -0.5
3.2217552945257073 | 1 | -0.5
2.278030066460172 | 1 | -0.5
1.8956392302953036 | 1 | -0.5
1.633740594150847 | 0 | 5.0
1.5579602080240522 | 0 | 5.0
1.4715376237932274 | 0 | 5.0
1.4059147312985736 | 0 | 5.0
1.3758143345454585 | 0 | 5.0
1.2097165631688707 | 1 | -0.5
1.1548132312844277 | 0 | 5.0
1.140397484540878 | 0 | 5.0
1.0679926136525142 | 0 | 5.0
1.0912885060107773 | 0 | 5.0
1.0567936992046556 | 0 | 5.0
1.051642461307734 | 1 | -0.5
0.9902838042060467 | 0 | 5.0
1.0252488874987722 | 1 | -0.5
1.0611638408121251 | 1 | -0.5
1.1770577511266267 | 1 | -0.5
1.3763764605582078 | 1 | -0.5
1.6625846952494867 | 1 | -0.5
5.183263601750507 | 1 | -0.5
4.658874100302295 | 1 | -0.5
4.407361578754856 | 1 | -0.5
4.4291791716831135 | 1 | -0.5
4.555072841628867 | 1 | -0.5
3.732258557547031 | 1 | -0.5
2.6743384271605453 | 1 | -0.5
2.065065512821731 | 1 | -0.5
1.7707214280385648 | 1 | -0.5
1.6293796128153877 | 0 | 5.0
1.5118461010774658 | 0 | 5.0
1.50288496179079 | 0 | 5.0
1.4267500956277064 | 0 | 5.0
1.4174062038071704 | 0 | 5.0
1.3406013540369774 | 1 | -0.5
1.291332041083346 | 0 | 5.0
1.2140634770774499 | 0 | 5.0
1.1961709097925972 | 0 | 5.0
1.1273413164638943 | 0 | 5.0
1.1696561517497654 | 1 | -0.5
1.1116462686825896 | 0 | 5.0
1.108892353034947 | 0 | 5.0
1.0957238368413296 | 1 | -0.5
1.1155097091703812 | 0 | 5.0
1.1566793422915396 | 1 | -0.5
1.2342512212305785 | 1 | -0.5
1.4307726104245937 | 1 | -0.5
1.7678363917871476 | 1 | -0.5
5.260264783442514 | 1 | -0.5
4.785059035542458 | 1 | -0.5
4.4733086990332325 | 1 | -0.5
4.384551870119433 | 1 | -0.5
4.515485993845312 | 1 | -0.5
4.160553331862364 | 1 | -0.5
2.733062955333492 | 1 | -0.5
2.0950002518174564 | 1 | -0.5
1.737616271458206 | 1 | -0.5
1.6013134266548514 | 0 | 5.0
1.5279980676609821 | 0 | 5.0
1.4515979664438927 | 0 | 5.0
1.4439816371522856 | 0 | 5.0
1.3533604568108373 | 0 | 5.0
1.2835538801061137 | 0 | 5.0
1.2494172033110027 | 1 | -0.5
1.183510792953878 | 0 | 5.0
1.1093425792422515 | 0 | 5.0
1.0923904779205715 | 0 | 5.0
1.1007863913792513 | 0 | 5.0
1.0207720346561433 | 1 | -0.5
1.0252208635291913 | 0 | 5.0
1.0052541193318842 | 0 | 5.0
1.0442020573940491 | 1 | -0.5
1.0391687097006022 | 1 | -0.5
1.1758885837116435 | 1 | -0.5
1.313727579655707 | 1 | -0.5
1.5721807205321474 | 1 | -0.5
5.280191303509125 | 1 | -0.5
4.800944839150394 | 1 | -0.5
4.603657008801155 | 1 | -0.5
4.624325703341366 | 1 | -0.5
4.83566782278708 | 1 | -0.5
3.5192026670658985 | 1 | -0.5
2.4938997387909487 | 1 | -0.5
2.0917325304490504 | 1 | -0.5
1.7862222701374424 | 1 | -0.5
1.6386782560490516 | 0 | 5.0
1.5951036097995757 | 0 | 5.0
1.5976647603949523 | 0 | 5.0
1.523052499850722 | 0 | 5.0
1.4856854637926684 | 0 | 5.0
1.396826425589349 | 0 | 5.0
1.3766439119233596 | 0 | 5.0
1.3178137301813684 | 0 | 5.0
1.279812138010443 | 1 | -0.5
1.2117748312538068 | 0 | 5.0
1.2229594455206627 | 0 | 5.0
1.2047391696487717 | 1 | -0.5
1.2334897360701014 | 1 | -0.5
1.3608909467360117 | 1 | -0.5
1.554977895588476 | 1 | -0.5
1.9282240904584993 | 1 | -0.5
5.248285879651677 | 1 | -0.5
4.753448141331611 | 1 | -0.5
4.406219712336923 | 1 | -0.5
4.387539857176163 | 1 | -0.5
4.487599583179499 | 1 | -0.5
3.074577848212513 | 1 | -0.5
2.140994840671637 | 1 | -0.5
1.7726612111859383 | 1 | -0.5
1.4655950843100316 | 1 | -0.5
1.3529392433492642 | 0 | 5.0
1.2743851562424466 | 1 | -0.5
1.2745310254275597 | 0 | 5.0
1.1992586127798879 | 0 | 5.0
1.1693685495844366 | 0 | 5.0
1.125639350834597 | 0 | 5.0
1.0927801756128643 | 0 | 5.0
1.1072561205239124 | 0 | 5.0
1.0718790612353437 | 0 | 5.0
1.0462852755795897 | 0 | 5.0
0.982991606189287 | 1 | -0.5
1.0248939682817944 | 0 | 5.0
0.999512334792686 | 0 | 5.0
1.0361617086769073 | 0 | 5.0
1.1110766611044633 | 1 | -0.5
1.1553960773792917 | 1 | -0.5
1.2960925596692274 | 1 | -0.5
1.5585731175397133 | 1 | -0.5
5.151447276076967 | 1 | -0.5
4.629830514322234 | 1 | -0.5
4.325880280321904 | 1 | -0.5
4.25212342239822 | 1 | -0.5
4.369533502756359 | 1 | -0.5
4.567879592491741 | 1 | -0.5
3.095896017427793 | 1 | -0.5
2.2869836736569154 | 1 | -0.5
1.8409123826049845 | 1 | -0.5
1.6032489571921194 | 1 | -0.5
1.5138124585177601 | 0 | 5.0
1.4759252586681113 | 0 | 5.0
1.4087719449241813 | 0 | 5.0
1.3842011546484796 | 0 | 5.0
1.3789412229154632 | 0 | 5.0
1.2881335488381616 | 0 | 5.0
1.2438213852831024 | 0 | 5.0
1.18706679525671 | 0 | 5.0
1.1953313712788405 | 0 | 5.0
1.1011818752526406 | 0 | 5.0
1.0801174458540597 | 1 | -0.5
1.068175490160614 | 0 | 5.0
1.1075996873738816 | 0 | 5.0
1.137395335756741 | 0 | 5.0
1.129898502719761 | 1 | -0.5
1.2048077985369574 | 1 | -0.5
1.337277705263698 | 1 | -0.5
1.58924919558087 | 1 | -0.5
5.077185004266297 | 1 | -0.5
4.540708134539794 | 1 | -0.5
4.231842261602695 | 1 | -0.5
4.2048047525932395 | 1 | -0.5
4.288405628894074 | 1 | -0.5
3.5953030764507163 | 1 | -0.5
2.4128674980780613 | 1 | -0.5
1.873877404258106 | 1 | -0.5
1.5938548383668634 | 1 | -0.5
1.4791620355753492 | 1 | -0.5
1.4023176242388602 | 0 | 5.0
1.3607051937967998 | 0 | 5.0
1.3174299538659877 | 0 | 5.0
1.2854699639044356 | 0 | 5.0
1.2689964481157845 | 0 | 5.0
1.265716998422411 | 0 | 5.0
1.176568389653512 | 0 | 5.0
1.1767854142758345 | 0 | 5.0
1.172711827395872 | 0 | 5.0
1.1282184078065312 | 0 | 5.0
1.0910740990660446 | 0 | 5.0
1.0864060035786303 | 0 | 5.0
1.0306592934165455 | 1 | -0.5
1.019121334559749 | 0 | 5.0
1.0287397040541018 | 1 | -0.5
1.04510521556045 | 1 | -0.5
1.1944403145577454 | 1 | -0.5
1.3575931569141677 | 1 | -0.5
1.70845959275708 | 1 | -0.5
4.945052119805344 | 1 | -0.5
4.58389116381655 | 1 | -0.5
4.461442447323545 | 1 | -0.5
4.518743932916962 | 1 | -0.5
4.602565693306167 | 1 | -0.5
3.3384829061107806 | 1 | -0.5
2.5209248563528623 | 1 | -0.5
2.1307257917973015 | 1 | -0.5
1.839168020440715 | 1 | -0.5
1.6958284454896773 | 0 | 5.0
1.6439072258723721 | 0 | 5.0
1.595899297326269 | 0 | 5.0
1.597507453039745 | 0 | 5.0
1.5364933339101183 | 0 | 5.0
1.4950720591160211 | 0 | 5.0
1.4172710660459604 | 0 | 5.0
1.4256785814963315 | 0 | 5.0
1.3435828127848863 | 0 | 5.0
1.3129541505757667 | 0 | 5.0
1.2826935237393369 | 1 | -0.5
1.2847282755579783 | 0 | 5.0
1.2910334425691412 | 0 | 5.0
1.2895862812065217 | 1 | -0.5
1.3759960859575489 | 1 | -0.5
1.478698719763197 | 1 | -0.5
1.7504511884076712 | 1 | -0.5
5.478880147140257 | 1 | -0.5
4.861870189226633 | 1 | -0.5
4.473599350439113 | 1 | -0.5
4.318890939670553 | 1 | -0.5
4.290094710488423 | 1 | -0.5
4.474010448055271 | 1 | -0.5
2.716573876180296 | 1 | -0.5
2.108342122574226 | 1 | -0.5
1.6694886146405874 | 1 | -0.5
1.4258516932481462 | 1 | -0.5
1.2516952503762617 | 0 | 5.0
1.2560904916197224 | 0 | 5.0
1.2022391576011335 | 0 | 5.0
1.1481673636367746 | 0 | 5.0
1.0880227820242823 | 0 | 5.0
1.052042963852953 | 0 | 5.0
0.979178946142171 | 0 | 5.0
1.003827729631925 | 0 | 5.0
0.9349858140531893 | 1 | -0.5
0.9004960489825165 | 0 | 5.0
0.9291153492942231 | 0 | 5.0
0.8403295782711727 | 1 | -0.5
0.8569986895033507 | 0 | 5.0
0.8570277471547004 | 1 | -0.5
0.8877924695868354 | 0 | 5.0
0.9828026178832749 | 1 | -0.5
1.082381448122545 | 1 | -0.5
1.2390189395013007 | 1 | -0.5
1.590031326199673 | 1 | -0.5
5.097493453230333 | 1 | -0.5
4.6905130122378464 | 1 | -0.5
4.453728500910237 | 1 | -0.5
4.465963631118152 | 1 | -0.5
4.653153939464524 | 1 | -0.5
3.74822145762465 | 1 | -0.5
2.6908456156228393 | 1 | -0.5
2.1628578301079355 | 1 | -0.5
1.8761908023682137 | 1 | -0.5
1.7860843355239455 | 0 | 5.0
1.7017647958348192 | 0 | 5.0
1.682502438952691 | 0 | 5.0
1.5980137095881426 | 0 | 5.0
1.5680975602046638 | 0 | 5.0
1.5111498452581513 | 0 | 5.0
1.4363564237054962 | 0 | 5.0
1.4161139763312776 | 0 | 5.0
1.3875579905271709 | 0 | 5.0
1.3238856487507933 | 1 | -0.5
1.1913291996485358 | 0 | 5.0
1.2303943650430138 | 0 | 5.0
1.1803991695650076 | 1 | -0.5
1.1468437897184287 | 0 | 5.0
1.1901726011634213 | 1 | -0.5
1.2252577085385454 | 1 | -0.5
1.3642701918124431 | 1 | -0.5
1.5568988613842438 | 1 | -0.5
5.775822619361401 | 1 | -0.5
5.014459908918302 | 1 | -0.5
4.68395450538799 | 1 | -0.5
4.444915159548337 | 1 | -0.5
4.3892462996096775 | 1 | -0.5
4.521890088656153 | 1 | -0.5
3.6266358426871004 | 1 | -0.5
2.453431563645742 | 1 | -0.5
1.95143310607366 | 1 | -0.5
1.597647498324386 | 1 | -0.5
1.5045700506536663 | 0 | 5.0
1.4307392548890425 | 0 | 5.0
1.4322037422822964 | 0 | 5.0
1.3381632312003537 | 0 | 5.0
1.2697770442982907 | 0 | 5.0
1.2504593681039191 | 0 | 5.0
1.2053509994664307 | 0 | 5.0
1.1389567251427484 | 1 | -0.5
1.096843743468684 | 0 | 5.0
1.0616572048322765 | 0 | 5.0
1.046369908154603 | 0 | 5.0
1.043338935601707 | 1 | -0.5
1.0564459835110827 | 0 | 5.0
1.0807720967560488 | 0 | 5.0
1.1127750781711494 | 0 | 5.0
1.0925897922689762 | 1 | -0.5
1.189655497306012 | 1 | -0.5
1.3109107519844596 | 1 | -0.5
1.4979525250375587 | 1 | -0.5
5.372400145618362 | 1 | -0.5
4.742513496081239 | 1 | -0.5
4.410835828847813 | 1 | -0.5
4.233926002187365 | 1 | -0.5
4.310978524004546 | 1 | -0.5
4.472723528328916 | 1 | -0.5
3.1364056186362586 | 1 | -0.5
2.3423749510005516 | 1 | -0.5
1.9472990842915183 | 1 | -0.5
1.6116273219874742 | 1 | -0.5
1.4915812606717573 | 0 | 5.0
1.4578727044744515 | 0 | 5.0
1.412626195707033 | 0 | 5.0
1.3447097019111776 | 0 | 5.0
1.294785144336066 | 0 | 5.0
1.259566828228052 | 0 | 5.0
1.1671428830427988 | 0 | 5.0
1.1921101329602593 | 0 | 5.0
1.1505420368466501 | 0 | 5.0
1.1329871862557324 | 0 | 5.0
1.089006066497731 | 1 | -0.5
1.0694638735151774 | 0 | 5.0
1.0568124316496303 | 0 | 5.0
1.0718641457404612 | 1 | -0.5
1.1242468563178216 | 1 | -0.5
1.2550896635904962 | 1 | -0.5
1.442992885567848 | 1 | -0.5
1.8939174250230546 | 1 | -0.5
5.017727254814783 | 1 | -0.5
4.659039148558988 | 1 | -0.5
4.5391154743308455 | 1 | -0.5
4.5379978336656706 | 1 | -0.5
4.813059407697081 | 1 | -0.5
3.176701428958007 | 1 | -0.5
2.34716166254541 | 1 | -0.5
1.9409510543415576 | 1 | -0.5
1.6974677026619585 | 1 | -0.5
1.5678979733087115 | 0 | 5.0
1.5197400685657145 | 0 | 5.0
1.4454101768895231 | 0 | 5.0
1.4367004178959595 | 0 | 5.0
1.3855740730616946 | 0 | 5.0
1.299389195680947 | 0 | 5.0
1.3123994905746947 | 0 | 5.0
1.2570369310626248 | 1 | -0.5
1.197223129081562 | 0 | 5.0
1.1534881387433764 | 0 | 5.0
1.1381917531465595 | 1 | -0.5
1.1782310044618556 | 0 | 5.0
1.1456547994540884 | 0 | 5.0
1.1421304461304036 | 1 | -0.5
1.1807248523379246 | 1 | -0.5
1.3230384630389667 | 1 | -0.5
1.4753122383629673 | 1 | -0.5
5.853410225403789 | 1 | -0.5
5.056127141648011 | 1 | -0.5
4.639833871028236 | 1 | -0.5
4.403222190861863 | 1 | -0.5
4.360693679783983 | 1 | -0.5
4.554432690232893 | 1 | -0.5
3.9338114332423033 | 1 | -0.5
2.684079771573009 | 1 | -0.5
2.1359820362391133 | 1 | -0.5
1.8472285681735634 | 1 | -0.5
1.705233685269272 | 0 | 5.0
1.6284308974958681 | 0 | 5.0
1.581440031477822 | 0 | 5.0
1.5149387693787222 | 0 | 5.0
1.4281599311172495 | 0 | 5.0
1.4482363561923006 | 0 | 5.0
1.3264288672771196 | 0 | 5.0
1.2690887490581795 | 0 | 5.0
1.2222108158961664 | 1 | -0.5
1.1270014878555241 | 0 | 5.0
1.1434056405771789 | 0 | 5.0
1.110607808224278 | 0 | 5.0
1.0749306095171192 | 1 | -0.5
1.0596963404281716 | 0 | 5.0
1.062307726950856 | 0 | 5.0
1.129424357363162 | 1 | -0.5
1.1694613982200648 | 1 | -0.5
1.3174529588012722 | 1 | -0.5
1.6172982019758104 | 1 | -0.5
5.146785036367829 | 1 | -0.5
4.565935975892108 | 1 | -0.5
4.333279124453609 | 1 | -0.5
4.217646516931424 | 1 | -0.5
4.294879958688882 | 1 | -0.5
4.317763458866248 | 1 | -0.5
2.8422086780564766 | 1 | -0.5
2.113403683685136 | 1 | -0.5
1.7464453923790912 | 1 | -0.5
1.5701348151058507 | 1 | -0.5
1.4213112938042007 | 0 | 5.0
1.3593241242646767 | 0 | 5.0
1.3021565905336734 | 0 | 5.0
1.2633025621673584 | 0 | 5.0
1.2402398944529494 | 0 | 5.0
1.2035196235386594 | 0 | 5.0
1.160688046310216 | 0 | 5.0
1.0960554937185774 | 0 | 5.0
1.066687063543035 | 1 | -0.5
1.03570695402231 | 0 | 5.0
0.9974218018206902 | 0 | 5.0
1.0325200501288154 | 0 | 5.0
0.9951433106458042 | 0 | 5.0
0.9904562800708498 | 0 | 5.0
1.0139386376324844 | 1 | -0.5
1.061605248524997 | 1 | -0.5
1.1210839092190203 | 1 | -0.5
1.3610343829673561 | 1 | -0.5
1.5527943352700526 | 1 | -0.5
5.176913941124087 | 1 | -0.5
4.682589114829741 | 1 | -0.5
4.405865122555504 | 1 | -0.5
4.298755455393753 | 1 | -0.5
4.439648182068433 | 1 | -0.5
4.57310773597341 | 1 | -0.5
3.0806711472412265 | 1 | -0.5
2.349184579021885 | 1 | -0.5
2.0221066087483974 | 1 | -0.5
1.8009230937861795 | 1 | -0.5
1.6771513164968241 | 0 | 5.0
1.564266662467975 | 0 | 5.0
1.5834017559154105 | 0 | 5.0
1.5084211271273786 | 0 | 5.0
1.5012401643330064 | 0 | 5.0
1.4328205995076921 | 0 | 5.0
1.3957564521282682 | 0 | 5.0
1.3734275848489506 | 0 | 5.0
1.3454500581829572 | 0 | 5.0
1.3178167020533642 | 0 | 5.0
1.3136320483998973 | 0 | 5.0
1.2080318050891596 | 1 | -0.5
1.1938562757795093 | 0 | 5.0
1.2284356006241555 | 0 | 5.0
1.259424700892417 | 1 | -0.5
1.2566668116491928 | 1 | -0.5
1.3930879839455772 | 1 | -0.5
1.5522100843573334 | 1 | -0.5
5.997631409989097 | 1 | -0.5
5.16385038049195 | 1 | -0.5
4.589081205475373 | 1 | -0.5
4.372480138372998 | 1 | -0.5
4.241263205426416 | 1 | -0.5
4.331631191097396 | 1 | -0.5
3.72472805035963 | 1 | -0.5
2.5755021580036215 | 1 | -0.5
2.0349331150580436 | 1 | -0.5
1.6054683983923825 | 1 | -0.5
1.4952083400653637 | 1 | -0.5
1.3785056797829807 | 0 | 5.0
1.3810834247583474 | 0 | 5.0
1.3546563407267502 | 0 | 5.0
1.2546969609736003 | 0 | 5.0
1.289195826297065 | 0 | 5.0
1.2507516039357225 | 0 | 5.0
1.2041406966625712 | 0 | 5.0
1.2210871592696104 | 0 | 5.0
1.18397389959361 | 0 | 5.0
1.1265674633296208 | 0 | 5.0
1.1318737067844273 | 0 | 5.0
1.0830582763353505 | 1 | -0.5
1.1162977911424559 | 0 | 5.0
1.0710866935840575 | 1 | -0.5
1.129878143643632 | 1 | -0.5
1.2258235183661659 | 1 | -0.5
1.4238212657928437 | 1 | -0.5
1.8138777323475348 | 1 | -0.5
5.089797758455259 | 1 | -0.5
4.607076401790144 | 1 | -0.5
4.43820259841115 | 1 | -0.5
4.475069906285 | 1 | -0.5
3.9164553850657713 | 1 | -0.5
2.6961842428865808 | 1 | -0.5
1.9718138140199117 | 1 | -0.5
1.6924132765675317 | 1 | -0.5
1.4662847630160867 | 1 | -0.5
1.3704418565844185 | 0 | 5.0
1.3145817489434555 | 0 | 5.0
1.2859892046057189 | 0 | 5.0
1.282808576018544 | 0 | 5.0
1.2526303728538697 | 0 | 5.0
1.1898764531095305 | 0 | 5.0
1.1778462012387512 | 0 | 5.0
1.134191565302711 | 0 | 5.0
1.061716208496795 | 0 | 5.0
1.0580985880800442 | 0 | 5.0
1.0417670509443928 | 1 | -0.5
1.0332349493031796 | 0 | 5.0
1.0923544562615672 | 0 | 5.0
1.0811069275102712 | 1 | -0.5
1.1198603439203185 | 1 | -0.5
1.1827755322215419 | 1 | -0.5
1.4198794493011202 | 1 | -0.5
1.7505681077994721 | 1 | -0.5
4.926992519956448 | 1 | -0.5
4.557302477383391 | 1 | -0.5
4.40463289693289 | 1 | -0.5
4.398142821286233 | 1 | -0.5
4.5464369996897025 | 1 | -0.5
4.081491734989643 | 1 | -0.5
2.78663623416066 | 1 | -0.5
2.199011632620138 | 1 | -0.5
1.8614078923885666 | 1 | -0.5
1.675744336031932 | 0 | 5.0
1.6192093428871788 | 0 | 5.0
1.6009056002154958 | 0 | 5.0
1.5250119253925924 | 0 | 5.0
1.4728091950189435 | 0 | 5.0
1.4231553928387235 | 0 | 5.0
1.3247893226966707 | 0 | 5.0
1.2357476476149658 | 0 | 5.0
1.2204610666238993 | 1 | -0.5
1.1500396173003222 | 0 | 5.0
1.1571899502229062 | 0 | 5.0
1.1106965095485266 | 0 | 5.0
1.0917173706831973 | 1 | -0.5
1.1330487402829106 | 0 | 5.0
1.1520346738678136 | 0 | 5.0
1.1959615045520942 | 1 | -0.5
1.239488418940022 | 1 | -0.5
1.3836874010465454 | 1 | -0.5
1.6536437588565296 | 1 | -0.5
5.1614153131658425 | 1 | -0.5
4.646587050912123 | 1 | -0.5
4.3456641627538755 | 1 | -0.5
4.174583678566792 | 1 | -0.5
4.249932296237025 | 1 | -0.5
4.496702128037061 | 1 | -0.5
2.9164331169544386 | 1 | -0.5
2.186071592817434 | 1 | -0.5
1.8117807708652895 | 1 | -0.5
1.6087493315074555 | 1 | -0.5
1.4927231980916569 | 0 | 5.0
1.4246012470204654 | 0 | 5.0
1.4241950984627725 | 0 | 5.0
1.369482824779355 | 0 | 5.0
1.3469851549822365 | 0 | 5.0
1.3076854480240274 | 0 | 5.0
1.2811650653963462 | 0 | 5.0
1.2221664447864287 | 0 | 5.0
1.203291376135922 | 0 | 5.0
1.1485674875490437 | 0 | 5.0
1.1016613605396706 | 0 | 5.0
1.097046050424807 | 1 | -0.5
1.1034497912637384 | 0 | 5.0
1.096236293875328 | 0 | 5.0
1.1250626725761332 | 1 | -0.5
1.1453150251466708 | 1 | -0.5
1.2605422971488738 | 1 | -0.5
1.441921225024058 | 1 | -0.5
1.7639811303776416 | 1 | -0.5
5.195369008411189 | 1 | -0.5
4.659612165426628 | 1 | -0.5
4.365081155432411 | 1 | -0.5
4.232085926573487 | 1 | -0.5
4.345029381964962 | 1 | -0.5
4.087508787710773 | 1 | -0.5
2.76561678419628 | 1 | -0.5
2.1281456673133103 | 1 | -0.5
1.7420359705534814 | 1 | -0.5
1.511447010113863 | 1 | -0.5
1.4317414794683894 | 0 | 5.0
1.4030936008826234 | 0 | 5.0
1.3944461220818911 | 0 | 5.0
1.3463377787492683 | 0 | 5.0
1.2821943084708243 | 0 | 5.0
1.2694242927754253 | 0 | 5.0
1.2380169538079393 | 0 | 5.0
1.2906122613032607 | 0 | 5.0
1.2385141468135625 | 0 | 5.0
1.1886538098959918 | 0 | 5.0
1.185435585721985 | 0 | 5.0
1.1659882142429596 | 0 | 5.0
1.1734901185893334 | 1 | -0.5
1.1316691213740921 | 0 | 5.0
1.1173531619085573 | 1 | -0.5
1.2149017355173564 | 1 | -0.5
1.3800597024184653 | 1 | -0.5
1.6087410607944341 | 1 | -0.5
5.256887195019078 | 1 | -0.5
4.688955368381702 | 1 | -0.5
4.349898817426625 | 1 | -0.5
4.280968002572834 | 1 | -0.5
4.380218970488225 | 1 | -0.5
3.893078536253101 | 1 | -0.5
2.83889783858065 | 1 | -0.5
2.1623258854510117 | 1 | -0.5
1.7781639683113526 | 1 | -0.5
1.536407400967555 | 0 | 5.0
1.4821245655962756 | 0 | 5.0
1.4211293339944504 | 1 | -0.5
1.296377720835004 | 0 | 5.0
1.3102519786625986 | 0 | 5.0
1.2548228846416971 | 0 | 5.0
1.2032201804062232 | 0 | 5.0
1.1672262918384186 | 0 | 5.0
1.1530627704802956 | 0 | 5.0
1.0930664495486535 | 1 | -0.5
1.0761452765468582 | 0 | 5.0
1.0300465755073813 | 0 | 5.0
1.039681974777488 | 0 | 5.0
1.0325647511433578 | 1 | -0.5
1.0938045435539592 | 0 | 5.0
1.1285681824777694 | 1 | -0.5
1.2133216162536136 | 1 | -0.5
1.4151936379157206 | 1 | -0.5
5.717868131336526 | 1 | -0.5
4.927267209664963 | 1 | -0.5
4.486805791313674 | 1 | -0.5
4.278226557139376 | 1 | -0.5
4.252838170461962 | 1 | -0.5
4.472664950169893 | 1 | -0.5
3.626590218191984 | 1 | -0.5
2.5104051568982904 | 1 | -0.5
1.9948024867773715 | 1 | -0.5
1.7558137676363612 | 1 | -0.5
1.604135944079053 | 0 | 5.0
1.516298185462986 | 0 | 5.0
1.473875363613306 | 1 | -0.5
1.351840174899712 | 0 | 5.0
1.3768453044638371 | 0 | 5.0
1.2980749877997744 | 0 | 5.0
1.2947144845698606 | 0 | 5.0
1.273349021898695 | 0 | 5.0
1.2104923873069762 | 0 | 5.0
1.122930146194993 | 0 | 5.0
1.1180746062289002 | 0 | 5.0
1.1104545894985938 | 0 | 5.0
1.0657846885815738 | 1 | -0.5
1.0339787338586697 | 0 | 5.0
1.0879578599551998 | 1 | -0.5
1.0867601704492673 | 1 | -0.5
1.2079962916709506 | 1 | -0.5
1.3708356427417887 | 1 | -0.5
1.828867743961904 | 1 | -0.5
4.995951258601131 | 1 | -0.5
4.62895472638045 | 1 | -0.5
4.346373109657845 | 1 | -0.5
4.405634717611884 | 1 | -0.5
4.601495981670318 | 1 | -0.5
3.0298554661104142 | 1 | -0.5
2.195034566866698 | 1 | -0.5
1.7592606009092442 | 1 | -0.5
1.5183265388194513 | 1 | -0.5
1.4246247864209114 | 0 | 5.0
1.3676375756804722 | 0 | 5.0
1.3622235234106963 | 0 | 5.0
1.298295827669584 | 0 | 5.0
1.3086262374617494 | 0 | 5.0
1.2502804824334224 | 0 | 5.0
1.2658717252415925 | 0 | 5.0
Total reward: 1980.5
3.0, 0.0, 1.0, -1.0, 5.0, 4.0, 6.0, -1.0, -3.0, -2.0, 6.0, -3.0, 0.5, 1.5, -0.5, -3.0, 1.0, 1.0
parameter ends

state | action | reward
[10.15] | 0 | 5.0
10.101486067420764 | 0 | 5.0
1.4291835366734804 | 0 | 5.0
1.411424684394615 | 0 | 5.0
1.3692070604359468 | 0 | 5.0
1.3727177083904467 | 0 | 5.0
1.3229643341574344 | 0 | 5.0
1.2781220466966368 | 0 | 5.0
1.2451244101023056 | 0 | 5.0
1.199434112949237 | 0 | 5.0
1.152484200279641 | 0 | 5.0
1.1663660682624104 | 0 | 5.0
1.1077658449395904 | 0 | 5.0
1.1033907797430784 | 0 | 5.0
1.0879449635466594 | 0 | 5.0
1.0481620977770099 | 0 | 5.0
1.0449635238733936 | 0 | 5.0
1.0301370352147128 | 0 | 5.0
1.026340624470864 | 0 | 5.0
0.9890707841819277 | 0 | 5.0
0.9707174382786384 | 0 | 5.0
0.9546236300266712 | 0 | 5.0
0.9144152263855091 | 0 | 5.0
0.9398639938955334 | 0 | 5.0
0.9218019561750872 | 0 | 5.0
0.9228134226275423 | 0 | 5.0
0.8969699905936268 | 0 | 5.0
0.8655337474719413 | 0 | 5.0
0.8534625647862735 | 0 | 5.0
0.8464782887426266 | 0 | 5.0
0.8723102608925851 | 0 | 5.0
0.8008917895077018 | 0 | 5.0
0.7896587860175135 | 0 | 5.0
0.7675097146576082 | 0 | 5.0
0.7547592131839748 | 1 | -0.5
0.7167680706264415 | 0 | 5.0
0.7560707387514141 | 0 | 5.0
0.8068514308065667 | 0 | 5.0
0.7885871907903282 | 0 | 5.0
0.767814102234719 | 0 | 5.0
0.8477675726697331 | 0 | 5.0
0.8500599776461627 | 0 | 5.0
0.9159390973434998 | 0 | 5.0
0.9812006010679329 | 0 | 5.0
0.9634922298327381 | 0 | 5.0
1.0378907085730025 | 0 | 5.0
1.0514437239708647 | 0 | 5.0
1.1001708139617925 | 0 | 5.0
1.1694992692492536 | 0 | 5.0
1.190678541490745 | 0 | 5.0
1.2561663987536702 | 0 | 5.0
1.3285583608338623 | 0 | 5.0
1.3833424771364955 | 0 | 5.0
1.4267223946479926 | 0 | 5.0
1.43437554396139 | 0 | 5.0
1.5372891308605308 | 0 | 5.0
1.5605294276350876 | 0 | 5.0
1.613183107125172 | 0 | 5.0
1.692812017052337 | 1 | -0.5
1.8374426147303538 | 1 | -0.5
2.140938855872478 | 1 | -0.5
2.7679726818552424 | 1 | -0.5
6.1246485198982565 | 1 | -0.5
5.594637649362931 | 1 | -0.5
5.397302797138983 | 1 | -0.5
5.472375978046375 | 1 | -0.5
3.329703078958326 | 1 | -0.5
2.0058698281328424 | 1 | -0.5
1.362286606640356 | 1 | -0.5
1.0772059838267298 | 1 | -0.5
0.9667469648319191 | 1 | -0.5
0.8667654177342451 | 1 | -0.5
0.7865543898971895 | 0 | 5.0
0.8432704323255027 | 0 | 5.0
0.819631083844828 | 0 | 5.0
0.8116468832093229 | 0 | 5.0
0.8036287138467707 | 0 | 5.0
0.7793211460560105 | 0 | 5.0
0.7332956684855655 | 0 | 5.0
0.7289391493775927 | 0 | 5.0
0.7567990194264991 | 0 | 5.0
0.7149832854581827 | 0 | 5.0
0.6592611840341429 | 1 | -0.5
0.6321780368022245 | 0 | 5.0
0.6901188829077756 | 0 | 5.0
0.6739883448416852 | 0 | 5.0
0.7014847876776816 | 0 | 5.0
0.6558646805226346 | 0 | 5.0
0.6864811840946603 | 0 | 5.0
0.6994729087561602 | 0 | 5.0
0.6869900626143892 | 0 | 5.0
0.6905485319540373 | 0 | 5.0
0.6688405729935497 | 0 | 5.0
0.6553465401252082 | 0 | 5.0
0.6626031822607018 | 0 | 5.0
0.651437757289927 | 0 | 5.0
0.6418213938818734 | 0 | 5.0
0.6161454567950589 | 0 | 5.0
0.5912031464788899 | 0 | 5.0
0.6327830536581067 | 0 | 5.0
0.580432595072901 | 0 | 5.0
0.5462448778356355 | 0 | 5.0
0.5231634050893805 | 0 | 5.0
0.540466763475544 | 0 | 5.0
0.519173851441637 | 0 | 5.0
0.5348684270436757 | 0 | 5.0
0.4869224975982023 | 0 | 5.0
0.49772882623524817 | 0 | 5.0
0.4865052372221583 | 1 | -0.5
0.5086359169233413 | 0 | 5.0
0.5149272971568856 | 0 | 5.0
0.46474236311318423 | 0 | 5.0
0.5081436083246955 | 0 | 5.0
0.5473812025182193 | 0 | 5.0
0.5856062221365348 | 0 | 5.0
0.5845599652213982 | 0 | 5.0
0.6328422374783083 | 0 | 5.0
0.637787449781061 | 0 | 5.0
0.681727895832102 | 0 | 5.0
0.6741516775150702 | 0 | 5.0
0.711288567389764 | 0 | 5.0
0.6999201900903806 | 1 | -0.5
0.7086465426924891 | 0 | 5.0
0.7867308868341574 | 1 | -0.5
0.8436949652896572 | 1 | -0.5
0.9649845814470464 | 1 | -0.5
1.1733511727673551 | 1 | -0.5
1.522680363103246 | 1 | -0.5
2.174596730492645 | 1 | -0.5
4.312541807523514 | 1 | -0.5
4.418208471442627 | 1 | -0.5
4.499356781933943 | 1 | -0.5
4.777312937592705 | 1 | -0.5
5.292951200283034 | 1 | -0.5
6.272407904211282 | 1 | -0.5
2.2386019094455674 | 1 | -0.5
1.9853000755965649 | 0 | 5.0
1.8760374065021188 | 1 | -0.5
1.7856888908869653 | 0 | 5.0
1.6809416400629906 | 0 | 5.0
1.6865527323249858 | 0 | 5.0
1.6331207511315746 | 0 | 5.0
1.6477032785961712 | 0 | 5.0
1.6155886096583312 | 0 | 5.0
1.5697240883766665 | 0 | 5.0
1.5368222990232088 | 0 | 5.0
1.5332449779986723 | 0 | 5.0
1.4760259850618633 | 0 | 5.0
1.4530643371746552 | 0 | 5.0
1.453970394240232 | 0 | 5.0
1.4514604502439068 | 0 | 5.0
1.3851728460012223 | 0 | 5.0
1.392351824651155 | 0 | 5.0
1.360528017080524 | 0 | 5.0
1.3594941719666025 | 0 | 5.0
1.3248712927020883 | 0 | 5.0
1.3006302120615991 | 0 | 5.0
1.2659138623608872 | 0 | 5.0
1.2819789666590615 | 0 | 5.0
1.2669363934661206 | 0 | 5.0
1.2466483610788286 | 0 | 5.0
1.2154612941304153 | 0 | 5.0
1.2464791332414715 | 0 | 5.0
1.2164659941863623 | 0 | 5.0
1.198208584159405 | 0 | 5.0
1.2163667885135523 | 0 | 5.0
1.1726787475072347 | 0 | 5.0
1.1624641466733105 | 0 | 5.0
1.141527576690455 | 0 | 5.0
1.0898741587042573 | 0 | 5.0
1.0538873915267244 | 0 | 5.0
0.9894478619623974 | 0 | 5.0
1.0147183717885533 | 0 | 5.0
0.9294835560468198 | 0 | 5.0
0.9403671592231787 | 0 | 5.0
0.9121343802251202 | 0 | 5.0
0.9343139834654781 | 0 | 5.0
0.8597930728758829 | 0 | 5.0
0.8996159839628801 | 0 | 5.0
0.855286302563089 | 0 | 5.0
0.858929563844113 | 0 | 5.0
0.817444292983106 | 0 | 5.0
0.8222605746199689 | 0 | 5.0
0.8190412787398913 | 0 | 5.0
0.7868990412402784 | 0 | 5.0
0.8044860428939294 | 0 | 5.0
0.7846675985707338 | 0 | 5.0
0.7672968824751283 | 0 | 5.0
0.8252292204971236 | 0 | 5.0
0.7693253236548014 | 0 | 5.0
0.7680175921597739 | 1 | -0.5
0.7507096949664321 | 0 | 5.0
0.796428451038289 | 0 | 5.0
0.8346278037523486 | 1 | -0.5
0.8785923725063582 | 1 | -0.5
0.9642369603906374 | 1 | -0.5
1.1655899277712376 | 1 | -0.5
1.5491129383109281 | 1 | -0.5
4.881530119423682 | 1 | -0.5
4.482160068173668 | 1 | -0.5
4.404220919145168 | 1 | -0.5
4.447448350267345 | 1 | -0.5
4.734345432383464 | 1 | -0.5
3.319251697886904 | 1 | -0.5
2.572392870539674 | 1 | -0.5
2.16925092696818 | 1 | -0.5
1.978706638532551 | 1 | -0.5
1.7943695301809877 | 0 | 5.0
1.784903529690849 | 0 | 5.0
1.7944052185849335 | 0 | 5.0
1.7279801735375264 | 0 | 5.0
1.7228897964378775 | 0 | 5.0
1.6249612759135708 | 0 | 5.0
1.6467831533717352 | 0 | 5.0
1.59725561545662 | 0 | 5.0
1.5670421400737131 | 0 | 5.0
1.5546438944279677 | 0 | 5.0
1.5113376620345584 | 0 | 5.0
1.5062567241798068 | 0 | 5.0
1.4804071271310482 | 0 | 5.0
1.4914769081403858 | 0 | 5.0
1.4429112257449295 | 0 | 5.0
1.4261037827820642 | 0 | 5.0
1.4319486493525408 | 0 | 5.0
1.3934858479448924 | 0 | 5.0
1.3607427683847595 | 0 | 5.0
1.3312745104364783 | 0 | 5.0
1.3175724935900979 | 0 | 5.0
1.27520213461375 | 0 | 5.0
1.2684574790744032 | 0 | 5.0
1.310859029478444 | 0 | 5.0
1.2561120018084366 | 0 | 5.0
1.2068984568805905 | 0 | 5.0
1.207962415776782 | 0 | 5.0
1.179514115430322 | 0 | 5.0
1.1882010731077435 | 0 | 5.0
1.1557577814194513 | 0 | 5.0
1.108116237411238 | 0 | 5.0
1.105049491694047 | 0 | 5.0
1.0661382345322779 | 0 | 5.0
1.0014302361792218 | 0 | 5.0
1.0568012964188256 | 0 | 5.0
1.0111397478751847 | 0 | 5.0
0.9275326522726373 | 0 | 5.0
1.0056404781822152 | 0 | 5.0
0.9457857980978692 | 0 | 5.0
0.9552074265231936 | 0 | 5.0
0.8998139527431864 | 0 | 5.0
0.8482712568664225 | 0 | 5.0
0.8201510170837526 | 0 | 5.0
0.7772658875497577 | 1 | -0.5
0.8242950583100953 | 0 | 5.0
0.7837304559453466 | 0 | 5.0
0.8213986304250517 | 0 | 5.0
0.8418623815341623 | 0 | 5.0
0.7761273492875974 | 0 | 5.0
0.8198490112027902 | 0 | 5.0
0.8127207815531762 | 0 | 5.0
0.8109940144558695 | 0 | 5.0
0.7842825457689266 | 0 | 5.0
0.808353887680597 | 1 | -0.5
0.793985371402652 | 0 | 5.0
0.8307779295902468 | 0 | 5.0
0.9125179043763382 | 0 | 5.0
0.920112979436372 | 1 | -0.5
0.9748308385580455 | 1 | -0.5
1.1350468851051696 | 1 | -0.5
1.3224706187869566 | 1 | -0.5
1.702885219586698 | 0 | 5.0
2.071029127831605 | 0 | 5.0
2.2819460405324974 | 0 | 5.0
2.492896610666882 | 0 | 5.0
2.7809182813749125 | 0 | 5.0
2.9423117942469488 | 0 | 5.0
3.140737159447328 | 0 | 5.0
3.457763321482453 | 0 | 5.0
3.8029585871290026 | 0 | 5.0
4.023038491087389 | 0 | 5.0
3.873026489712102 | 0 | -200.0
Total reward: 898.5
3.0, 0.0, 1.0, -1.0, 5.0, 4.0, 6.0, -1.0, -3.0, -2.0, 6.0, -3.0, 0.5, 1.5, -0.5, -3.0, 1.0, 1.0
parameter ends

state | action | reward
[1.69] | 1 | -0.5
1.8945266375332017 | 1 | -0.5
2.4025341835549834 | 0 | 5.0
2.6780914515573584 | 0 | 5.0
2.8881738089791744 | 0 | 5.0
3.1807331480809875 | 0 | 5.0
3.5001373648719785 | 0 | 5.0
3.7720961835814575 | 0 | 5.0
3.6820311028569552 | 0 | 5.0
3.5114740872548227 | 0 | 5.0
3.381142486113076 | 1 | -0.5
2.8957538734811514 | 0 | 5.0
2.7937210749147456 | 0 | 5.0
2.695973633132365 | 0 | 5.0
2.588790638635841 | 0 | 5.0
2.5118838823410563 | 0 | 5.0
2.3741116477613824 | 0 | 5.0
2.2605959841100156 | 0 | 5.0
2.1890968293145945 | 0 | 5.0
2.1541254459057013 | 0 | 5.0
2.0289901077224823 | 0 | 5.0
1.9272698636127248 | 0 | 5.0
1.9383943286884895 | 0 | 5.0
1.8162421866038418 | 0 | 5.0
1.7420951573349819 | 0 | 5.0
1.6445598716362866 | 0 | 5.0
1.566977192704624 | 0 | 5.0
1.4647394662336066 | 0 | 5.0
1.3938143808593313 | 1 | -0.5
1.315663657125994 | 0 | 5.0
1.2711338787746893 | 0 | 5.0
1.2393525999535915 | 0 | 5.0
1.1799555361311174 | 1 | -0.5
1.221099345304376 | 0 | 5.0
1.2059813124605834 | 0 | 5.0
1.2181662357762197 | 1 | -0.5
1.3062220615355278 | 1 | -0.5
1.4214213908606201 | 1 | -0.5
1.6259292775959329 | 1 | -0.5
5.777371067092463 | 1 | -0.5
5.032526557150626 | 1 | -0.5
4.480616496974145 | 1 | -0.5
4.228097871206625 | 1 | -0.5
4.2232259885948125 | 1 | -0.5
4.404416594534996 | 1 | -0.5
3.0818065034598656 | 1 | -0.5
2.164199960492014 | 1 | -0.5
1.76107487976312 | 1 | -0.5
1.5685138164075296 | 1 | -0.5
1.4159010847444073 | 0 | 5.0
1.3464239981752422 | 0 | 5.0
1.3454672418131417 | 0 | 5.0
1.2786664027028034 | 0 | 5.0
1.2188201939165404 | 0 | 5.0
1.1502026247134691 | 0 | 5.0
1.10592892026319 | 1 | -0.5
1.0568854423902576 | 0 | 5.0
1.021961586549304 | 0 | 5.0
1.0097016938078955 | 0 | 5.0
0.9885364084735494 | 0 | 5.0
0.964295075435759 | 1 | -0.5
0.9523221396186047 | 0 | 5.0
0.9357564717085346 | 0 | 5.0
0.9885366249303539 | 0 | 5.0
1.030159596808935 | 1 | -0.5
1.0809993341505268 | 1 | -0.5
1.1614060443661496 | 1 | -0.5
1.3499442013646068 | 1 | -0.5
1.7041559431871156 | 1 | -0.5
4.984643126377319 | 1 | -0.5
4.606821004626223 | 1 | -0.5
4.413614276372106 | 1 | -0.5
4.437495179216296 | 1 | -0.5
4.613895019209947 | 1 | -0.5
3.502960373642101 | 1 | -0.5
2.6185226640823243 | 1 | -0.5
2.1085137953662483 | 1 | -0.5
1.77675280945588 | 1 | -0.5
1.6421073544592477 | 0 | 5.0
1.549212925575042 | 0 | 5.0
1.4719996038027547 | 0 | 5.0
1.452184990821266 | 0 | 5.0
1.4029085088252389 | 0 | 5.0
1.3348368700504307 | 0 | 5.0
1.3194583335447194 | 0 | 5.0
1.263990888057611 | 0 | 5.0
1.2450560221550089 | 0 | 5.0
1.2222433004961304 | 1 | -0.5
1.1984748975243953 | 0 | 5.0
1.2190036875853056 | 0 | 5.0
1.1971421978057017 | 1 | -0.5
1.2474691511522142 | 1 | -0.5
1.316859266247377 | 1 | -0.5
1.5272158958245639 | 1 | -0.5
5.828602674702934 | 1 | -0.5
5.107888733469437 | 1 | -0.5
4.626856715106463 | 1 | -0.5
4.436022088401099 | 1 | -0.5
4.459265705064529 | 1 | -0.5
4.64710929636038 | 1 | -0.5
3.097844231273787 | 1 | -0.5
2.2265717193279984 | 1 | -0.5
1.802592600063346 | 1 | -0.5
1.5465150491506703 | 1 | -0.5
1.3970280430638402 | 0 | 5.0
1.3304231084091342 | 0 | 5.0
1.2793076696100631 | 0 | 5.0
1.207019889691039 | 0 | 5.0
1.2261502648668448 | 0 | 5.0
1.158259360624999 | 0 | 5.0
1.1204407847302837 | 1 | -0.5
1.0436804584149055 | 0 | 5.0
0.9908356567335868 | 0 | 5.0
0.9513662609409534 | 1 | -0.5
0.9697384589247101 | 0 | 5.0
0.9987840910303999 | 0 | 5.0
1.0067557454136662 | 0 | 5.0
1.00440406206128 | 1 | -0.5
1.0275103844844784 | 1 | -0.5
1.0851710697649755 | 1 | -0.5
1.2613054477368035 | 1 | -0.5
1.5258654191650347 | 1 | -0.5
5.150575174366849 | 1 | -0.5
4.699293247684241 | 1 | -0.5
4.431046649525549 | 1 | -0.5
4.3881748354547785 | 1 | -0.5
4.528868292849187 | 1 | -0.5
4.028952848997195 | 1 | -0.5
2.791095421279327 | 1 | -0.5
2.188389462560505 | 1 | -0.5
1.8556684035960072 | 1 | -0.5
1.6302208317755802 | 1 | -0.5
1.5250986640769466 | 0 | 5.0
1.5326310564169916 | 0 | 5.0
1.4357700959012274 | 0 | 5.0
1.4313039927685476 | 0 | 5.0
1.4084048648185405 | 0 | 5.0
1.3606318473776817 | 0 | 5.0
1.354223105567109 | 0 | 5.0
1.2794409414883645 | 0 | 5.0
1.2859306440939595 | 0 | 5.0
1.2568416280377532 | 0 | 5.0
1.200540144379935 | 1 | -0.5
1.2205896392985398 | 0 | 5.0
1.1916713061644069 | 0 | 5.0
1.1958663401577307 | 1 | -0.5
1.2300710094227543 | 1 | -0.5
1.3205029219128561 | 1 | -0.5
1.4885761097420054 | 1 | -0.5
1.7026104046175106 | 1 | -0.5
5.212276870690624 | 1 | -0.5
4.6600838056539535 | 1 | -0.5
4.421598410288457 | 1 | -0.5
4.320747847177522 | 1 | -0.5
4.470521457466439 | 1 | -0.5
3.803453630326867 | 1 | -0.5
2.4912071309565214 | 1 | -0.5
1.9357179149800663 | 1 | -0.5
1.6477069210816535 | 1 | -0.5
1.4660415261153998 | 1 | -0.5
1.4278999137775898 | 0 | 5.0
1.3359976538519818 | 0 | 5.0
1.310902943125313 | 0 | 5.0
1.2310642572300805 | 0 | 5.0
1.2605465848194504 | 0 | 5.0
1.2776136023164986 | 0 | 5.0
1.2616233560571481 | 0 | 5.0
1.2429995412614223 | 0 | 5.0
1.218186815534946 | 0 | 5.0
1.1793274037572312 | 0 | 5.0
1.2185735702227036 | 0 | 5.0
1.1971208453083053 | 0 | 5.0
1.1647514236394358 | 1 | -0.5
1.1669820142889096 | 1 | -0.5
1.2545443619662786 | 1 | -0.5
1.464725772768843 | 1 | -0.5
1.8655955964199944 | 1 | -0.5
5.165630115006176 | 1 | -0.5
4.685987340817097 | 1 | -0.5
4.397288491109827 | 1 | -0.5
4.395080925841223 | 1 | -0.5
4.460265168793429 | 1 | -0.5
2.868668425335689 | 1 | -0.5
2.0940307970478647 | 1 | -0.5
1.6958720223105639 | 1 | -0.5
1.531451192241266 | 1 | -0.5
1.4282456216514379 | 0 | 5.0
1.3748513622515366 | 0 | 5.0
1.333165068599352 | 0 | 5.0
1.3139826975019486 | 0 | 5.0
1.2879191444425873 | 0 | 5.0
1.2628099372690165 | 0 | 5.0
1.2449822204619023 | 0 | 5.0
1.2114865117922438 | 0 | 5.0
1.1398869882343723 | 0 | 5.0
1.1483697233680636 | 1 | -0.5
1.0861487768122824 | 0 | 5.0
1.0909932283693689 | 0 | 5.0
1.0633297769783676 | 1 | -0.5
1.1278843172218627 | 1 | -0.5
1.258308676804743 | 1 | -0.5
1.4032240233368614 | 1 | -0.5
1.8360713836293163 | 1 | -0.5
5.018196216737281 | 1 | -0.5
4.69392093085893 | 1 | -0.5
4.521682034595119 | 1 | -0.5
4.468617931997559 | 1 | -0.5
4.7414291814100045 | 1 | -0.5
3.2012243763920902 | 1 | -0.5
2.3844604258262088 | 1 | -0.5
1.8660602008661162 | 1 | -0.5
1.639370512617253 | 1 | -0.5
1.5480458631702414 | 0 | 5.0
1.4776814858685223 | 0 | 5.0
1.4593273318043087 | 0 | 5.0
1.4112754437365926 | 0 | 5.0
1.368401260870232 | 0 | 5.0
1.3250616034263805 | 0 | 5.0
1.3003788333190716 | 0 | 5.0
1.2934758405922113 | 0 | 5.0
1.2566119012403179 | 0 | 5.0
1.2360609344282047 | 0 | 5.0
1.2153478149370924 | 0 | 5.0
1.1609531395971524 | 1 | -0.5
1.1378270566828932 | 0 | 5.0
1.1861198867070863 | 1 | -0.5
1.2139415863521077 | 1 | -0.5
1.3287916054778959 | 1 | -0.5
1.5717333208327238 | 1 | -0.5
5.5887801849284475 | 1 | -0.5
4.809911564955729 | 1 | -0.5
4.409254981036109 | 1 | -0.5
4.243279136838557 | 1 | -0.5
4.2908371309999636 | 1 | -0.5
4.5116209374253415 | 1 | -0.5
2.7611451599447263 | 1 | -0.5
2.127061258582937 | 1 | -0.5
1.829970057678071 | 1 | -0.5
1.589886809161489 | 1 | -0.5
1.4866774699348062 | 0 | 5.0
1.3788323942187488 | 0 | 5.0
1.4027945950489094 | 0 | 5.0
1.3621335208353318 | 0 | 5.0
1.3276160106969888 | 0 | 5.0
1.3255854197056423 | 0 | 5.0
1.2890498543441846 | 0 | 5.0
1.2928134048813393 | 0 | 5.0
1.2312313700577915 | 0 | 5.0
1.222726609134589 | 0 | 5.0
1.1903157960637647 | 0 | 5.0
1.1322350408104003 | 1 | -0.5
1.1717684360393612 | 0 | 5.0
1.18385040731732 | 0 | 5.0
1.1857057170786496 | 1 | -0.5
1.2084906380655485 | 1 | -0.5
1.293841436444947 | 1 | -0.5
1.4285727726563764 | 1 | -0.5
1.6632927370123203 | 1 | -0.5
5.286099936155495 | 1 | -0.5
4.732576434985893 | 1 | -0.5
4.440403946991581 | 1 | -0.5
4.372093385800805 | 1 | -0.5
4.481196556068253 | 1 | -0.5
3.8311602233663273 | 1 | -0.5
2.7261003192989297 | 1 | -0.5
2.002946158780625 | 1 | -0.5
1.658895232908849 | 1 | -0.5
1.4937131410421063 | 0 | 5.0
1.4419976204343232 | 0 | 5.0
1.3434729653190387 | 0 | 5.0
1.2944720987532317 | 1 | -0.5
1.2371433882407736 | 0 | 5.0
1.2110483148887803 | 0 | 5.0
1.1692753059717769 | 0 | 5.0
1.1757761152841029 | 0 | 5.0
1.1230158531126213 | 0 | 5.0
1.0685027955442565 | 0 | 5.0
1.0357132465323848 | 1 | -0.5
1.0170427645369629 | 0 | 5.0
1.0253958378664116 | 0 | 5.0
1.0067931518559075 | 1 | -0.5
1.0394121714401061 | 0 | 5.0
1.1228207103143217 | 1 | -0.5
1.2289266863697936 | 1 | -0.5
1.396067789696833 | 1 | -0.5
1.7012557585826171 | 1 | -0.5
5.150799676937037 | 1 | -0.5
4.679368147281238 | 1 | -0.5
4.399653321440466 | 1 | -0.5
4.382609390323208 | 1 | -0.5
4.58179238991394 | 1 | -0.5
3.587014453046319 | 1 | -0.5
2.6067291394204894 | 1 | -0.5
2.1188110281082184 | 1 | -0.5
1.8206078970545663 | 1 | -0.5
1.6638421420156313 | 0 | 5.0
1.5982517849338007 | 0 | 5.0
1.5761098492499057 | 0 | 5.0
1.4631269852036306 | 0 | 5.0
1.422847951360749 | 0 | 5.0
1.4105224851878735 | 0 | 5.0
1.3623241506314832 | 0 | 5.0
1.308369086581424 | 0 | 5.0
1.2527054450287667 | 0 | 5.0
1.2078822627125676 | 0 | 5.0
1.1416338891870335 | 1 | -0.5
1.1259156646491237 | 0 | 5.0
1.1047251660813786 | 0 | 5.0
1.1343094591033858 | 0 | 5.0
1.1516772224966971 | 1 | -0.5
1.1640687998637216 | 1 | -0.5
1.2534815827965937 | 1 | -0.5
1.408355756509072 | 1 | -0.5
1.697693750873732 | 1 | -0.5
5.101372697881627 | 1 | -0.5
4.675359497110859 | 1 | -0.5
4.414031605736171 | 1 | -0.5
4.32481148004653 | 1 | -0.5
4.372515792600776 | 1 | -0.5
4.01574068346153 | 1 | -0.5
2.6914634275713802 | 1 | -0.5
2.1054569151144813 | 1 | -0.5
1.7392471498461315 | 1 | -0.5
1.5879057754650885 | 0 | 5.0
1.487970118644814 | 0 | 5.0
1.428882094607716 | 0 | 5.0
1.379935251011736 | 0 | 5.0
1.3374296529903476 | 0 | 5.0
1.245940831753605 | 0 | 5.0
1.2182587807953422 | 0 | 5.0
1.1558785289918032 | 0 | 5.0
1.1388447898570406 | 1 | -0.5
1.1149540032605307 | 0 | 5.0
1.0456767605670547 | 0 | 5.0
1.032762822314934 | 0 | 5.0
1.031074494030533 | 1 | -0.5
1.0174968319495423 | 0 | 5.0
1.050828259748271 | 0 | 5.0
1.0627712393970916 | 1 | -0.5
1.1393295125350602 | 1 | -0.5
1.3121929222571578 | 1 | -0.5
1.4727596930999012 | 1 | -0.5
5.526059529219822 | 1 | -0.5
4.838826374818562 | 1 | -0.5
4.542475854803122 | 1 | -0.5
4.376120863108359 | 1 | -0.5
4.377233942093076 | 1 | -0.5
4.557856352109627 | 1 | -0.5
3.397136817024753 | 1 | -0.5
2.5716962111473296 | 1 | -0.5
2.02616780610463 | 1 | -0.5
1.7841049499388086 | 1 | -0.5
1.654257428641856 | 0 | 5.0
1.5941750844136517 | 0 | 5.0
1.5259515587684833 | 0 | 5.0
1.4400915253526396 | 0 | 5.0
1.4346262420563547 | 0 | 5.0
1.3792580692136092 | 0 | 5.0
1.3164993299669012 | 0 | 5.0
1.2911112626935797 | 0 | 5.0
1.2646697957421846 | 0 | 5.0
1.1875172261575697 | 1 | -0.5
1.2009856687299525 | 0 | 5.0
1.1997145457118537 | 0 | 5.0
1.1600199681856442 | 0 | 5.0
1.1615647077059599 | 1 | -0.5
1.2200355526790778 | 1 | -0.5
1.256398551085124 | 1 | -0.5
1.38409430323796 | 1 | -0.5
1.5960954535864662 | 1 | -0.5
5.458916051798164 | 1 | -0.5
4.801503888126829 | 1 | -0.5
4.496745103055228 | 1 | -0.5
4.4461022430640655 | 1 | -0.5
4.525530660040421 | 1 | -0.5
3.6053423171920116 | 1 | -0.5
2.556068367409626 | 1 | -0.5
2.049818665696334 | 1 | -0.5
1.745392200497363 | 1 | -0.5
1.5066123154818358 | 1 | -0.5
1.4232116441364315 | 0 | 5.0
1.3709121424566002 | 0 | 5.0
1.3481995379520977 | 0 | 5.0
1.281631494688569 | 0 | 5.0
1.263108481938766 | 0 | 5.0
1.2694383034199894 | 0 | 5.0
1.2398310215322546 | 0 | 5.0
1.2123880805730243 | 0 | 5.0
1.1733557995654333 | 0 | 5.0
1.157661939303916 | 1 | -0.5
1.1158506649990083 | 0 | 5.0
1.1631248107712502 | 0 | 5.0
1.1788452978661803 | 1 | -0.5
1.177509168920779 | 1 | -0.5
1.297086237406591 | 1 | -0.5
1.4013654728721705 | 1 | -0.5
1.7244020480355653 | 1 | -0.5
5.247221286037448 | 1 | -0.5
4.7560846548060765 | 1 | -0.5
4.471252424256878 | 1 | -0.5
4.3727792464464335 | 1 | -0.5
4.546685856529655 | 1 | -0.5
3.425620396368622 | 1 | -0.5
2.4843346058068714 | 1 | -0.5
1.949111392603849 | 1 | -0.5
1.6618562102383663 | 1 | -0.5
1.5311746465945877 | 1 | -0.5
1.4070423927393962 | 0 | 5.0
1.383818082115857 | 0 | 5.0
1.32871054567995 | 0 | 5.0
1.3748449053273077 | 0 | 5.0
1.3223352572783464 | 0 | 5.0
1.2402963819723056 | 0 | 5.0
1.2208492494133745 | 0 | 5.0
1.212339091319901 | 0 | 5.0
1.189106736136872 | 0 | 5.0
1.1129059620020259 | 1 | -0.5
1.1071898789325205 | 0 | 5.0
1.1153597699942066 | 0 | 5.0
1.1123202919971034 | 0 | 5.0
1.10343673706432 | 1 | -0.5
1.1604936678409514 | 1 | -0.5
1.2166028767990105 | 1 | -0.5
1.441305645778838 | 1 | -0.5
5.567914756170955 | 1 | -0.5
4.825502383220159 | 1 | -0.5
4.4627915361462955 | 1 | -0.5
4.332249805083313 | 1 | -0.5
4.40972297877045 | 1 | -0.5
4.430132665417866 | 1 | -0.5
3.0683177033694915 | 1 | -0.5
2.336355262982103 | 1 | -0.5
1.9062389752458084 | 1 | -0.5
1.6349926492870597 | 1 | -0.5
1.5432790208175158 | 0 | 5.0
1.5643795862776089 | 0 | 5.0
1.476102944186024 | 0 | 5.0
1.4061468586455554 | 0 | 5.0
1.4167544401079468 | 0 | 5.0
1.3420872871247151 | 0 | 5.0
1.2741290662408522 | 0 | 5.0
1.2623693667829483 | 0 | 5.0
1.2262414473880823 | 0 | 5.0
1.1354439957541578 | 1 | -0.5
1.1356501108423487 | 0 | 5.0
1.1203859263795715 | 0 | 5.0
1.1269296457679379 | 1 | -0.5
1.1800589806180533 | 0 | 5.0
1.1718610269892755 | 1 | -0.5
1.279078973875574 | 1 | -0.5
1.3603099494406174 | 1 | -0.5
1.5499301415333668 | 1 | -0.5
5.677996539736164 | 1 | -0.5
4.991636911941341 | 1 | -0.5
4.59979445199109 | 1 | -0.5
4.426531848971282 | 1 | -0.5
4.441877869152778 | 1 | -0.5
4.5485128380619155 | 1 | -0.5
3.4489047743069285 | 1 | -0.5
2.4948433611690355 | 1 | -0.5
1.9760305208218278 | 1 | -0.5
1.649169280160426 | 1 | -0.5
1.537038605934568 | 0 | 5.0
1.4855483794736541 | 0 | 5.0
1.4585833834012512 | 0 | 5.0
1.4248862681755017 | 0 | 5.0
1.3729923350736783 | 0 | 5.0
1.3286922940405295 | 0 | 5.0
1.2818301637986425 | 0 | 5.0
1.2499489638869938 | 0 | 5.0
1.2171947052812397 | 0 | 5.0
1.2221681427724163 | 0 | 5.0
1.1837576801205156 | 1 | -0.5
1.1218831782617793 | 0 | 5.0
1.1222540340501774 | 0 | 5.0
1.1542143775254543 | 1 | -0.5
1.147378391702258 | 1 | -0.5
1.2505840642850725 | 1 | -0.5
1.4183747881951803 | 1 | -0.5
1.6698939426980912 | 1 | -0.5
5.433268430462357 | 1 | -0.5
4.883467369014056 | 1 | -0.5
4.54852007160231 | 1 | -0.5
4.418245695230716 | 1 | -0.5
4.520282924182066 | 1 | -0.5
3.9933337856253313 | 1 | -0.5
2.738649978219781 | 1 | -0.5
2.042657648625921 | 1 | -0.5
1.7230601614951533 | 1 | -0.5
1.5251000444352738 | 1 | -0.5
1.4366296151088649 | 0 | 5.0
1.402447130045813 | 0 | 5.0
1.3598694115614118 | 0 | 5.0
1.3677973317282555 | 0 | 5.0
1.3265637094797273 | 0 | 5.0
1.3085494981974422 | 0 | 5.0
1.2324018569451027 | 0 | 5.0
1.2310272628657517 | 0 | 5.0
1.2017715461110268 | 0 | 5.0
1.1442635079703662 | 1 | -0.5
1.1281312774447105 | 0 | 5.0
1.1515086220347277 | 0 | 5.0
1.1209312401389424 | 1 | -0.5
1.1011826251819201 | 0 | 5.0
1.1603266523767621 | 1 | -0.5
1.2285151910823786 | 1 | -0.5
1.4676532976481345 | 1 | -0.5
1.812234971741571 | 1 | -0.5
5.15211925308544 | 1 | -0.5
4.668888157667159 | 1 | -0.5
4.467485185052598 | 1 | -0.5
4.456708851827483 | 1 | -0.5
4.651653704152838 | 1 | -0.5
3.2635642633972957 | 1 | -0.5
2.186252242550033 | 1 | -0.5
1.8038939449249 | 1 | -0.5
1.575501439281772 | 1 | -0.5
1.455644466782191 | 0 | 5.0
1.412714457412263 | 0 | 5.0
1.3565307141733467 | 0 | 5.0
1.2853910381560327 | 0 | 5.0
1.2322886782665539 | 0 | 5.0
1.1690349639613022 | 0 | 5.0
1.1531004277872947 | 1 | -0.5
1.1331721207266263 | 0 | 5.0
1.134818865267836 | 0 | 5.0
1.0494143872132724 | 0 | 5.0
1.056842056778849 | 0 | 5.0
1.00592738456175 | 1 | -0.5
1.0216840776989968 | 0 | 5.0
1.0544111881661375 | 0 | 5.0
1.0743446607403146 | 1 | -0.5
1.1164509726564207 | 1 | -0.5
1.2075583306854196 | 1 | -0.5
1.3858590706080105 | 1 | -0.5
5.584886717704666 | 1 | -0.5
4.876302962002349 | 1 | -0.5
4.540397002197586 | 1 | -0.5
4.392590367258489 | 1 | -0.5
4.414949929242461 | 1 | -0.5
4.635283665090917 | 1 | -0.5
3.1257345016233504 | 1 | -0.5
2.2854774571571284 | 1 | -0.5
1.9179418724509392 | 1 | -0.5
1.6673199002162347 | 1 | -0.5
1.583239641169747 | 0 | 5.0
1.4910125773156684 | 0 | 5.0
1.4335284041656822 | 0 | 5.0
1.3895029973495001 | 0 | 5.0
1.396249782814702 | 0 | 5.0
1.3439488069590915 | 0 | 5.0
1.2932370048958206 | 0 | 5.0
1.2356413261294132 | 0 | 5.0
1.2036072390622428 | 0 | 5.0
1.1477912069517855 | 1 | -0.5
1.1233529003315115 | 0 | 5.0
1.103516629322224 | 1 | -0.5
1.1089711786841558 | 0 | 5.0
1.1068344641526102 | 1 | -0.5
1.2438456786717134 | 1 | -0.5
1.363292786362991 | 1 | -0.5
1.6547685877637721 | 1 | -0.5
5.233541506428518 | 1 | -0.5
4.720684506424289 | 1 | -0.5
4.461513759681553 | 1 | -0.5
4.386291819686193 | 1 | -0.5
4.515561138800651 | 1 | -0.5
4.289020811576096 | 1 | -0.5
2.8776736041265374 | 1 | -0.5
2.1172370768482516 | 1 | -0.5
1.706155498868681 | 1 | -0.5
1.5213666456696195 | 0 | 5.0
1.4328716251189246 | 0 | 5.0
1.3569089685535414 | 0 | 5.0
1.339248878143672 | 0 | 5.0
1.234973348568495 | 0 | 5.0
1.2217056838118165 | 0 | 5.0
1.1325332767452458 | 1 | -0.5
1.0626591586584442 | 0 | 5.0
1.081628056265324 | 0 | 5.0
1.0205986528436515 | 0 | 5.0
1.045956835694768 | 0 | 5.0
1.0213918581223176 | 1 | -0.5
1.0220318072021712 | 0 | 5.0
1.0109757781006827 | 1 | -0.5
1.0926446264429612 | 1 | -0.5
1.2637491644151562 | 1 | -0.5
1.508361414322088 | 1 | -0.5
5.476374106806337 | 1 | -0.5
4.91279200550383 | 1 | -0.5
4.5820149457110135 | 1 | -0.5
4.508655085083434 | 1 | -0.5
4.632218184992794 | 1 | -0.5
4.2708483492620495 | 1 | -0.5
2.854337414511703 | 1 | -0.5
2.173249622014046 | 1 | -0.5
1.798476667876988 | 1 | -0.5
1.6481398180403692 | 1 | -0.5
1.5114540296243133 | 0 | 5.0
1.5227557140935335 | 0 | 5.0
1.459434086920728 | 0 | 5.0
1.3996902592549771 | 0 | 5.0
1.3659254121361128 | 0 | 5.0
1.3581614487151341 | 0 | 5.0
1.2763870531920967 | 0 | 5.0
1.2797661536127063 | 0 | 5.0
1.266982257072375 | 0 | 5.0
1.2060515874873055 | 0 | 5.0
1.1965593077899852 | 1 | -0.5
1.1489829480134777 | 0 | 5.0
1.1868765480183423 | 0 | 5.0
1.231216826649041 | 1 | -0.5
1.2477662568779058 | 1 | -0.5
1.3461770655075607 | 1 | -0.5
1.6489702163223807 | 1 | -0.5
5.420795986377938 | 1 | -0.5
4.815559839281127 | 1 | -0.5
4.493602726729201 | 1 | -0.5
4.294629896728803 | 1 | -0.5
4.306083763591518 | 1 | -0.5
4.48927523809367 | 1 | -0.5
3.194429850631913 | 1 | -0.5
2.366507797285655 | 1 | -0.5
1.838195065517015 | 1 | -0.5
1.5670935615740254 | 1 | -0.5
1.4314635132267373 | 0 | 5.0
1.3507966607219208 | 0 | 5.0
1.2615731632695328 | 0 | 5.0
1.2642201067841108 | 0 | 5.0
1.2226861452191924 | 0 | 5.0
1.1244568638253591 | 0 | 5.0
1.1190451928807577 | 0 | 5.0
1.0040159597332765 | 1 | -0.5
1.0196153119713909 | 0 | 5.0
0.9537927992575109 | 0 | 5.0
0.9444541681251303 | 0 | 5.0
0.9326201243247064 | 0 | 5.0
0.9435271921383591 | 1 | -0.5
0.9102310873682914 | 0 | 5.0
0.9459303540752001 | 0 | 5.0
0.9939395389147695 | 1 | -0.5
1.0822387952442591 | 1 | -0.5
1.2057739496321074 | 1 | -0.5
1.5385633872278304 | 1 | -0.5
5.108678710837969 | 1 | -0.5
4.6013278043775925 | 1 | -0.5
4.384098107731432 | 1 | -0.5
4.295773421156869 | 1 | -0.5
4.447459961832948 | 1 | -0.5
3.776958310570469 | 1 | -0.5
2.604129553752176 | 1 | -0.5
2.0863262096905757 | 1 | -0.5
1.759983129403044 | 1 | -0.5
1.6097027032807807 | 0 | 5.0
1.5113839392285282 | 0 | 5.0
1.492026881434555 | 0 | 5.0
1.4197403498933172 | 0 | 5.0
1.3167636004528196 | 0 | 5.0
1.2616161907671906 | 0 | 5.0
1.2226201142926891 | 0 | 5.0
1.1763639560654666 | 0 | 5.0
1.0703255287254176 | 1 | -0.5
1.001026033534702 | 0 | 5.0
1.0249327270064448 | 0 | 5.0
1.0471783769330703 | 0 | 5.0
1.0331172571306146 | 1 | -0.5
1.0662815683535718 | 0 | 5.0
1.1146112365800045 | 1 | -0.5
1.2042599752554903 | 1 | -0.5
1.3522077392589544 | 1 | -0.5
1.6114699229245277 | 1 | -0.5
5.072856803245193 | 1 | -0.5
4.608288777481098 | 1 | -0.5
4.375265611765886 | 1 | -0.5
4.377469978299995 | 1 | -0.5
4.555064633080326 | 1 | -0.5
3.1926678366748176 | 1 | -0.5
2.341224854741539 | 1 | -0.5
1.897904749725866 | 1 | -0.5
1.6602681483886257 | 1 | -0.5
1.5503746175487887 | 0 | 5.0
1.470646134065548 | 0 | 5.0
1.4134838002166241 | 0 | 5.0
1.3818565218056262 | 0 | 5.0
1.3684851697374014 | 0 | 5.0
1.3087803345260671 | 0 | 5.0
1.2808806921288647 | 0 | 5.0
1.2230099161914245 | 0 | 5.0
1.208631012917977 | 0 | 5.0
1.1312382659220341 | 0 | 5.0
1.1268480725612122 | 1 | -0.5
1.1610458991481256 | 0 | 5.0
1.1335835702569996 | 0 | 5.0
1.1454216610337706 | 1 | -0.5
1.1510967677086963 | 1 | -0.5
1.2244641850369022 | 1 | -0.5
1.4605260088033172 | 1 | -0.5
5.721749092798328 | 1 | -0.5
5.039901697042569 | 1 | -0.5
4.6248979202523435 | 1 | -0.5
4.449653711663182 | 1 | -0.5
4.461029697800518 | 1 | -0.5
4.644633475506503 | 1 | -0.5
3.3102423456592245 | 1 | -0.5
2.409397522826223 | 1 | -0.5
1.9453696900547437 | 1 | -0.5
1.691161270096774 | 1 | -0.5
1.512594156929246 | 0 | 5.0
1.4209074992638038 | 0 | 5.0
1.3634905110825444 | 0 | 5.0
1.329030496086179 | 1 | -0.5
1.249939927239845 | 0 | 5.0
1.25459068915898 | 0 | 5.0
1.1628454728497424 | 0 | 5.0
1.1382936325823345 | 0 | 5.0
1.1107768851396826 | 0 | 5.0
1.0895339786011389 | 1 | -0.5
1.0745162810534812 | 0 | 5.0
1.0878243108415677 | 0 | 5.0
1.0626433637261916 | 0 | 5.0
1.0712861885012062 | 1 | -0.5
1.0925326268635496 | 1 | -0.5
1.2077301316083917 | 1 | -0.5
1.3595470809731867 | 1 | -0.5
1.6147776046574454 | 1 | -0.5
5.373134503582118 | 1 | -0.5
4.76248244181307 | 1 | -0.5
4.477670005709464 | 1 | -0.5
4.440420438634426 | 1 | -0.5
4.550142940396892 | 1 | -0.5
4.31756426698396 | 1 | -0.5
2.8628690507872077 | 1 | -0.5
2.1936292203129177 | 1 | -0.5
1.857303355496019 | 1 | -0.5
1.6921675135912608 | 1 | -0.5
1.6509106698434388 | 0 | 5.0
1.5943634368929238 | 0 | 5.0
1.5515348808356568 | 0 | 5.0
1.4899704790811112 | 0 | 5.0
1.440394592817674 | 0 | 5.0
1.4310868926909517 | 0 | 5.0
1.352787145852622 | 0 | 5.0
1.3091816503505476 | 0 | 5.0
1.2501163740388523 | 0 | 5.0
1.2144301254923364 | 0 | 5.0
1.1822342898461669 | 1 | -0.5
1.1804302824830002 | 0 | 5.0
1.194595228144926 | 0 | 5.0
1.2048501679935657 | 0 | 5.0
1.1793058680397244 | 1 | -0.5
1.283578456623637 | 1 | -0.5
1.324681917544697 | 1 | -0.5
1.6115894821795544 | 1 | -0.5
5.653442654925665 | 1 | -0.5
4.93180527847596 | 1 | -0.5
4.535379501347055 | 1 | -0.5
4.345980228579549 | 1 | -0.5
4.282199383053316 | 1 | -0.5
4.408597703802806 | 1 | -0.5
3.553990210237375 | 1 | -0.5
2.338037277838113 | 1 | -0.5
1.8773062837009031 | 1 | -0.5
1.62074883771518 | 1 | -0.5
1.467435611035444 | 0 | 5.0
1.4386164783420077 | 0 | 5.0
1.3356803039962386 | 0 | 5.0
1.2988899299766785 | 0 | 5.0
1.245254544410396 | 0 | 5.0
1.204686769429958 | 0 | 5.0
1.1603316519960352 | 0 | 5.0
1.080876871314978 | 0 | 5.0
1.0276133625859258 | 0 | 5.0
1.0036988405621303 | 1 | -0.5
0.9534856252804532 | 0 | 5.0
0.9425217294604711 | 0 | 5.0
0.9684363757902074 | 0 | 5.0
0.945859731273368 | 1 | -0.5
1.0077127960569343 | 0 | 5.0
1.022590513803719 | 0 | 5.0
1.0890697648708147 | 1 | -0.5
1.1293602308624497 | 1 | -0.5
1.3037805048115019 | 1 | -0.5
1.5921586169108786 | 1 | -0.5
5.0579376188101675 | 1 | -0.5
4.533118200251086 | 1 | -0.5
4.279072241801595 | 1 | -0.5
4.242866865836759 | 1 | -0.5
4.338922542778046 | 1 | -0.5
3.866701231420919 | 1 | -0.5
2.692064996106776 | 1 | -0.5
2.196383367447762 | 1 | -0.5
1.8195705609708324 | 1 | -0.5
1.6797538937573355 | 0 | 5.0
1.6361902364240672 | 0 | 5.0
1.572572550842534 | 0 | 5.0
1.514671651505848 | 0 | 5.0
1.512907599478808 | 0 | 5.0
1.4105250599687245 | 1 | -0.5
1.3567466043305105 | 0 | 5.0
1.3477361488619326 | 0 | 5.0
1.265412131237134 | 0 | 5.0
1.2413588842795573 | 0 | 5.0
1.2074316698402863 | 0 | 5.0
1.1759016744007253 | 0 | 5.0
1.1422744813835919 | 1 | -0.5
1.1240869006244467 | 0 | 5.0
1.095718430541761 | 0 | 5.0
1.1070259549455166 | 1 | -0.5
1.1511620151332833 | 1 | -0.5
1.2976174224868324 | 1 | -0.5
1.4746830015556602 | 1 | -0.5
1.810427887625249 | 1 | -0.5
5.190188351737675 | 1 | -0.5
4.77669992169521 | 1 | -0.5
4.591351211083191 | 1 | -0.5
4.647353064201886 | 1 | -0.5
4.518022039274374 | 1 | -0.5
2.8623864414128684 | 1 | -0.5
2.2441003063941483 | 1 | -0.5
1.7765492136561623 | 1 | -0.5
1.6028547379898042 | 0 | 5.0
1.4799904254431364 | 0 | 5.0
1.4132239283198955 | 0 | 5.0
1.377387130376869 | 0 | 5.0
1.3385303157047004 | 0 | 5.0
1.270969479759421 | 0 | 5.0
1.1944317482259124 | 0 | 5.0
1.10722683234094 | 1 | -0.5
1.1025909303089774 | 0 | 5.0
1.0628715765786931 | 0 | 5.0
1.0322247587069702 | 1 | -0.5
1.0226138856379674 | 0 | 5.0
1.0468586538501472 | 0 | 5.0
1.0416748391886712 | 1 | -0.5
1.0762994879714762 | 1 | -0.5
1.1681757452987136 | 1 | -0.5
1.372478210851288 | 1 | -0.5
1.7343968292963206 | 1 | -0.5
4.95401706639795 | 1 | -0.5
4.527893552137907 | 1 | -0.5
4.4078293045248 | 1 | -0.5
4.441158032900949 | 1 | -0.5
4.669838109131575 | 1 | -0.5
3.450491970133708 | 1 | -0.5
2.595475921628373 | 1 | -0.5
2.0679649793737003 | 1 | -0.5
1.7849823992989364 | 1 | -0.5
1.6136122117159395 | 0 | 5.0
1.542713509585557 | 0 | 5.0
1.4825163865743016 | 0 | 5.0
1.379316109625852 | 0 | 5.0
1.3753201841622185 | 0 | 5.0
1.335225997251495 | 0 | 5.0
1.340164897823284 | 0 | 5.0
1.2937152715151157 | 0 | 5.0
1.212652301663013 | 0 | 5.0
1.2338773580444444 | 1 | -0.5
1.1231748420549987 | 0 | 5.0
1.1755687922479314 | 0 | 5.0
1.1672366901625764 | 1 | -0.5
1.1416715265957544 | 0 | 5.0
1.1840928867577525 | 1 | -0.5
1.2986205961113575 | 1 | -0.5
1.385402442883559 | 1 | -0.5
1.6760594387856391 | 1 | -0.5
5.494529866602535 | 1 | -0.5
4.742916402209601 | 1 | -0.5
4.459152270476135 | 1 | -0.5
4.3648024463198976 | 1 | -0.5
4.427994441843347 | 1 | -0.5
4.653865725184113 | 1 | -0.5
3.078185058015864 | 1 | -0.5
2.3324276856766843 | 1 | -0.5
1.8953658898034795 | 1 | -0.5
1.672163399849973 | 1 | -0.5
1.5405358649991165 | 0 | 5.0
1.4752654127030307 | 0 | 5.0
1.4576867186484939 | 0 | 5.0
1.3881947864171145 | 0 | 5.0
1.3385553521310947 | 0 | 5.0
1.294587594880396 | 0 | 5.0
1.2316337786167617 | 1 | -0.5
1.1628995042609958 | 0 | 5.0
1.1664187901260017 | 0 | 5.0
1.110927278065353 | 0 | 5.0
1.0664423975485604 | 0 | 5.0
1.005362886454589 | 1 | -0.5
1.0696987114744336 | 0 | 5.0
1.0879354930799496 | 0 | 5.0
1.0880576803388493 | 1 | -0.5
1.1413626966138808 | 1 | -0.5
1.2871409586861637 | 1 | -0.5
1.463746777602009 | 1 | -0.5
1.8083048837782874 | 1 | -0.5
5.104862222245389 | 1 | -0.5
4.630964532196264 | 1 | -0.5
4.474029905190105 | 1 | -0.5
4.42158734956684 | 1 | -0.5
4.5532969713255325 | 1 | -0.5
3.7154063029904782 | 1 | -0.5
2.66784772842418 | 1 | -0.5
2.172611476774407 | 1 | -0.5
1.8055008639960848 | 1 | -0.5
1.6273156822398986 | 1 | -0.5
1.5314474247099135 | 0 | 5.0
1.5047876743827142 | 0 | 5.0
1.4907772917626825 | 0 | 5.0
1.4284694991132176 | 0 | 5.0
1.3935573342367868 | 0 | 5.0
1.3492988576065337 | 0 | 5.0
1.2904591990358438 | 0 | 5.0
1.3169605343608959 | 0 | 5.0
1.3049480770191157 | 0 | 5.0
1.2710730354783832 | 0 | 5.0
1.2282993501885004 | 0 | 5.0
1.1939047647352417 | 1 | -0.5
1.1934801437500853 | 0 | 5.0
1.2552517402086358 | 1 | -0.5
1.3197742253536064 | 1 | -0.5
1.4407197136161451 | 1 | -0.5
1.6671746064037987 | 1 | -0.5
5.6503620192316015 | 1 | -0.5
4.90461041609359 | 1 | -0.5
4.477526598893688 | 1 | -0.5
4.339992942517113 | 1 | -0.5
4.359069095248399 | 1 | -0.5
4.499276291964319 | 1 | -0.5
2.8495687042731244 | 1 | -0.5
2.1073439163367533 | 1 | -0.5
1.74608171940522 | 1 | -0.5
1.5498892042812815 | 1 | -0.5
1.4190766796926066 | 0 | 5.0
1.3619043056734048 | 0 | 5.0
1.3266171304038012 | 0 | 5.0
1.3188963662449067 | 0 | 5.0
1.249404772995076 | 0 | 5.0
1.2573510145257933 | 0 | 5.0
1.1573846108604633 | 0 | 5.0
1.127240583164621 | 0 | 5.0
1.1070942524023504 | 0 | 5.0
1.0341604237956268 | 0 | 5.0
1.0466816715732432 | 1 | -0.5
1.025459691558493 | 0 | 5.0
0.9901564101140914 | 1 | -0.5
1.0338076829650473 | 0 | 5.0
1.0451638672754313 | 1 | -0.5
1.1778125213464807 | 1 | -0.5
1.3010285184592627 | 1 | -0.5
1.5082995770654009 | 1 | -0.5
5.426038835937353 | 1 | -0.5
4.743703356352159 | 1 | -0.5
4.465927250940067 | 1 | -0.5
4.419294259813425 | 1 | -0.5
4.618533879160368 | 1 | -0.5
3.481057399397316 | 1 | -0.5
2.524815278443183 | 1 | -0.5
1.9911450491405303 | 1 | -0.5
1.7823583908709932 | 1 | -0.5
1.5794298912779126 | 0 | 5.0
1.5889688148888608 | 0 | 5.0
1.5034749308874578 | 0 | 5.0
1.5103125957617718 | 0 | 5.0
1.4953404311581726 | 0 | 5.0
1.4445095033130848 | 0 | 5.0
1.4306608598868682 | 0 | 5.0
1.3932611464031281 | 0 | 5.0
1.356440415463887 | 0 | 5.0
1.319098414889328 | 0 | 5.0
1.3258561383583853 | 0 | 5.0
1.2771222316607815 | 1 | -0.5
1.2788744303419297 | 0 | 5.0
1.2833541935237467 | 0 | 5.0
1.303639610241946 | 1 | -0.5
1.3280790409550434 | 1 | -0.5
1.4087768242574854 | 1 | -0.5
1.5633586982766015 | 1 | -0.5
5.733714531601136 | 1 | -0.5
4.880856231443366 | 1 | -0.5
4.358640399466576 | 1 | -0.5
4.110220262621098 | 1 | -0.5
4.0181031930982485 | 1 | -0.5
4.20370568562885 | 1 | -0.5
3.2414552132982366 | 1 | -0.5
2.2997189309821704 | 1 | -0.5
1.9421670563607503 | 1 | -0.5
1.5865666030603545 | 1 | -0.5
1.4407037950047423 | 1 | -0.5
1.3173346690540537 | 0 | 5.0
1.2488336126825157 | 0 | 5.0
1.232258160038174 | 0 | 5.0
1.204961300890069 | 0 | 5.0
1.157606137456168 | 0 | 5.0
1.1385729678598344 | 0 | 5.0
1.0865717056107689 | 0 | 5.0
1.0545887489452153 | 0 | 5.0
1.082714399886517 | 0 | 5.0
1.0450917605875234 | 0 | 5.0
0.9770029204674878 | 1 | -0.5
0.9727717559831351 | 0 | 5.0
0.9634115451891173 | 0 | 5.0
Total reward: 1986.0
3.0, 0.0, 1.0, -1.0, 5.0, 4.0, 6.0, -1.0, -3.0, -2.0, 6.0, -3.0, 0.5, 1.5, -0.5, -3.0, 1.0, 1.0
parameter ends

state | action | reward
[1.82] | 1 | -0.5
1.5860218649806646 | 1 | -0.5
1.4632751553514036 | 0 | 5.0
1.4401069102129156 | 1 | -0.5
1.3633898332971008 | 0 | 5.0
1.3893361132312525 | 0 | 5.0
1.3587493845063925 | 0 | 5.0
1.3271537714566797 | 0 | 5.0
1.3231723444290635 | 0 | 5.0
1.2792885005647658 | 0 | 5.0
1.259500818895486 | 0 | 5.0
1.2554554862853284 | 0 | 5.0
1.2435703294317222 | 0 | 5.0
1.2553914527348946 | 0 | 5.0
1.2064208726772565 | 0 | 5.0
1.2145634587635845 | 0 | 5.0
1.2100001674314325 | 0 | 5.0
1.1817631367746113 | 0 | 5.0
1.1431214797915088 | 0 | 5.0
1.1158478243674506 | 0 | 5.0
1.0995866621201997 | 0 | 5.0
1.0555015862618615 | 0 | 5.0
1.0634272415114494 | 0 | 5.0
1.0468016012564578 | 0 | 5.0
1.0007474989836103 | 0 | 5.0
0.9642367088505913 | 0 | 5.0
0.9544575994363416 | 0 | 5.0
0.93414308501921 | 0 | 5.0
0.9156358612572848 | 0 | 5.0
0.8910822363029711 | 0 | 5.0
0.8643679072261649 | 0 | 5.0
0.840438468199348 | 0 | 5.0
0.7974561547245776 | 0 | 5.0
0.8106581784090106 | 0 | 5.0
0.8423328790309554 | 0 | 5.0
0.7847082102687345 | 0 | 5.0
0.7051915855964246 | 0 | 5.0
0.7661059415865078 | 0 | 5.0
0.6942178671180217 | 0 | 5.0
0.6647222218455198 | 0 | 5.0
0.6253455901636079 | 0 | 5.0
0.6219516744180847 | 0 | 5.0
0.6103184193936282 | 0 | 5.0
0.6453633802349904 | 0 | 5.0
0.6443568027221847 | 1 | -0.5
0.5738687543111207 | 0 | 5.0
0.6070417851556297 | 0 | 5.0
0.6256553968287341 | 0 | 5.0
0.659716484056203 | 0 | 5.0
0.7172525143284589 | 0 | 5.0
0.7328728777858755 | 1 | -0.5
0.7564120720859138 | 0 | 5.0
0.7921752817310036 | 1 | -0.5
0.8851988846930592 | 1 | -0.5
1.1637293502312882 | 1 | -0.5
1.3765073447753935 | 1 | -0.5
4.790363374005472 | 1 | -0.5
4.472471829313966 | 1 | -0.5
4.347795416364125 | 1 | -0.5
4.419421810025333 | 1 | -0.5
4.697074218076154 | 1 | -0.5
3.8186834069263074 | 1 | -0.5
2.762693053276635 | 1 | -0.5
2.3221751043403156 | 1 | -0.5
1.9947089847094694 | 0 | 5.0
1.934016119234951 | 1 | -0.5
1.8017969523134163 | 0 | 5.0
1.7722152403953118 | 0 | 5.0
1.723555810991316 | 0 | 5.0
1.6902771626527358 | 0 | 5.0
1.6520289435514972 | 0 | 5.0
1.6169716254527557 | 0 | 5.0
1.6298908806695547 | 0 | 5.0
1.592229207948785 | 0 | 5.0
1.544224231070671 | 0 | 5.0
1.5491264725875409 | 0 | 5.0
1.5116742254899669 | 0 | 5.0
1.456386651323649 | 0 | 5.0
1.4823291398524328 | 0 | 5.0
1.4348181517058423 | 0 | 5.0
1.3673752771124001 | 0 | 5.0
1.3656333993957948 | 0 | 5.0
1.2967650024590691 | 0 | 5.0
1.2653076810100685 | 0 | 5.0
1.2668692053259936 | 1 | -0.5
1.1933945614721644 | 0 | 5.0
1.1616276643677494 | 0 | 5.0
1.1935550462973794 | 0 | 5.0
1.1851497388804293 | 0 | 5.0
1.1546100325981559 | 0 | 5.0
1.1413339099510686 | 0 | 5.0
1.120853892010211 | 0 | 5.0
1.0881496679428622 | 0 | 5.0
1.1172111698651088 | 0 | 5.0
1.0919283911868283 | 0 | 5.0
1.0482798452407258 | 0 | 5.0
1.0375996481336933 | 0 | 5.0
1.0064029714928806 | 0 | 5.0
1.0006588749719927 | 0 | 5.0
1.0287204097468636 | 0 | 5.0
1.0008658752309594 | 0 | 5.0
0.9596020898888419 | 0 | 5.0
0.954235319719496 | 0 | 5.0
0.9581547578359702 | 0 | 5.0
0.9570500449744391 | 0 | 5.0
0.9458471220983911 | 0 | 5.0
0.9423511825860424 | 0 | 5.0
0.911466612541572 | 0 | 5.0
0.9045468037892694 | 0 | 5.0
0.8950148129984032 | 0 | 5.0
0.8814499012762539 | 0 | 5.0
0.8724975110280256 | 0 | 5.0
0.8439259005900355 | 0 | 5.0
0.8235918236829206 | 0 | 5.0
0.779984484100399 | 0 | 5.0
0.8017238175974336 | 0 | 5.0
0.8433066076468323 | 0 | 5.0
0.7241461304672491 | 1 | -0.5
0.763794854893004 | 0 | 5.0
0.8268431916197571 | 0 | 5.0
0.8616546656442217 | 0 | 5.0
0.8863306136157558 | 1 | -0.5
0.9164632140682801 | 1 | -0.5
1.095647202916587 | 1 | -0.5
1.2610733369853868 | 1 | -0.5
1.7446209689313115 | 1 | -0.5
3.09381462312672 | 1 | -0.5
4.434711574122458 | 1 | -0.5
4.427813303106573 | 1 | -0.5
4.582162051149539 | 1 | -0.5
5.015537649945051 | 1 | -0.5
5.833549543757049 | 1 | -0.5
2.2360168564829577 | 1 | -0.5
2.00062482222262 | 1 | -0.5
1.846927092678591 | 0 | 5.0
1.7746213678324607 | 0 | 5.0
1.6907405463367244 | 0 | 5.0
1.6223348955236483 | 0 | 5.0
1.5945874332457226 | 0 | 5.0
1.58422470479264 | 0 | 5.0
1.4911704443861824 | 0 | 5.0
1.4432860913982921 | 0 | 5.0
1.3852687481438826 | 0 | 5.0
1.3419281448735245 | 0 | 5.0
1.3200646478532132 | 0 | 5.0
1.2784346372194058 | 0 | 5.0
1.2269265565016778 | 0 | 5.0
1.2396036010385123 | 1 | -0.5
1.1689340045280296 | 0 | 5.0
1.1426978772304823 | 0 | 5.0
1.1192059289352654 | 0 | 5.0
1.1343348277206815 | 0 | 5.0
1.079743579432109 | 0 | 5.0
1.1204359596502265 | 0 | 5.0
1.1345336476965913 | 0 | 5.0
1.0743529648582575 | 0 | 5.0
1.1136515198741712 | 0 | 5.0
1.1046225453516643 | 0 | 5.0
1.0779726973727053 | 0 | 5.0
1.038590766399291 | 0 | 5.0
0.9719904364014309 | 0 | 5.0
1.0026304071552603 | 0 | 5.0
0.9586819699406447 | 0 | 5.0
0.9527481929445056 | 0 | 5.0
0.9408603649730755 | 0 | 5.0
0.9421668443493209 | 0 | 5.0
0.9505342645849598 | 0 | 5.0
0.9133632229651598 | 0 | 5.0
0.8820078863102776 | 0 | 5.0
0.8742504012127843 | 0 | 5.0
0.8780591496431667 | 0 | 5.0
0.8738749453056105 | 0 | 5.0
0.8663349044788667 | 0 | 5.0
0.8995189505368084 | 0 | 5.0
0.8913888036492595 | 0 | 5.0
0.8936985371868148 | 0 | 5.0
0.8933310727016148 | 0 | 5.0
0.8868844168361127 | 0 | 5.0
0.8921144562015293 | 0 | 5.0
0.9305858549154217 | 0 | 5.0
0.8887403443063746 | 0 | 5.0
0.944862743561381 | 0 | 5.0
0.9214233829805425 | 0 | 5.0
0.9229924796101291 | 0 | 5.0
0.9714387189060758 | 0 | 5.0
0.950669484916564 | 0 | 5.0
0.9769476341229265 | 0 | 5.0
1.0542306003059678 | 0 | 5.0
1.0213789008115126 | 0 | 5.0
1.0354202855034893 | 0 | 5.0
1.0569095899923633 | 0 | 5.0
1.0939380757935862 | 1 | -0.5
1.1568557802022568 | 1 | -0.5
1.241689308469085 | 1 | -0.5
1.4688362367776062 | 1 | -0.5
1.8115669205830172 | 1 | -0.5
4.9845002885729 | 1 | -0.5
4.6580458845393675 | 1 | -0.5
4.416498845574239 | 1 | -0.5
4.390097192081868 | 1 | -0.5
4.484089171788145 | 1 | -0.5
3.771015789358404 | 1 | -0.5
2.6011761015576016 | 1 | -0.5
2.0324396151429243 | 1 | -0.5
1.7679620506260245 | 1 | -0.5
1.614184970648849 | 1 | -0.5
1.498412528322384 | 0 | 5.0
1.4823949227831648 | 0 | 5.0
1.444808314975055 | 0 | 5.0
1.4279203761973076 | 0 | 5.0
1.3910139378465027 | 0 | 5.0
1.3527378077191277 | 0 | 5.0
1.3210346796747054 | 0 | 5.0
1.2925514928961914 | 0 | 5.0
1.2448302814332233 | 0 | 5.0
1.23472219615642 | 0 | 5.0
1.1950848328537234 | 0 | 5.0
1.2179484647859264 | 0 | 5.0
1.1997992013873673 | 0 | 5.0
1.2083695236194723 | 0 | 5.0
1.1990616689393645 | 0 | 5.0
1.2006402475056765 | 0 | 5.0
1.1621079496670268 | 0 | 5.0
1.180032963547762 | 0 | 5.0
1.150637797592018 | 0 | 5.0
1.0883832624192435 | 0 | 5.0
1.0978724060062701 | 0 | 5.0
1.083267639283656 | 0 | 5.0
1.0850696705052305 | 0 | 5.0
1.068335870040523 | 0 | 5.0
1.0504923126102401 | 0 | 5.0
1.0993948409474208 | 0 | 5.0
1.0651693294507902 | 0 | 5.0
1.065835810038087 | 0 | 5.0
1.0891493200633464 | 0 | 5.0
1.1211872892047383 | 0 | 5.0
1.1058263362474323 | 0 | 5.0
1.1235733587297227 | 0 | 5.0
1.1011834659511912 | 0 | 5.0
1.0934823781668623 | 0 | 5.0
1.1472111639860192 | 0 | 5.0
1.1324758621073858 | 0 | 5.0
1.1599055643179927 | 0 | 5.0
1.1563780703825308 | 0 | 5.0
1.1869998606171928 | 0 | 5.0
1.1776388842173393 | 0 | 5.0
1.1278215003882053 | 0 | 5.0
1.1221560458280087 | 0 | 5.0
1.1886070071875365 | 0 | 5.0
1.1652717518814661 | 0 | 5.0
1.1453051407180694 | 0 | 5.0
1.1577730062932212 | 0 | 5.0
1.1335473241153806 | 0 | 5.0
1.1658564608126125 | 0 | 5.0
1.152640223233836 | 0 | 5.0
1.1168126235047866 | 0 | 5.0
1.090664338172499 | 0 | 5.0
1.0508490209328876 | 0 | 5.0
1.0595339026306312 | 1 | -0.5
1.0583496178449536 | 0 | 5.0
1.1275452552442435 | 0 | 5.0
1.1660457944872242 | 1 | -0.5
1.1715057813272658 | 1 | -0.5
1.3158105276309324 | 1 | -0.5
1.4795980774878437 | 1 | -0.5
1.921921409658879 | 0 | 5.0
2.1139915186094185 | 0 | 5.0
2.4016010646798946 | 0 | 5.0
2.858833906751113 | 1 | -0.5
4.152176841695615 | 1 | -0.5
4.075935672252522 | 1 | -0.5
3.882517765838333 | 1 | -0.5
3.965372821136891 | 1 | -0.5
4.221686699039195 | 1 | -0.5
4.615734971594708 | 1 | -0.5
5.264518230444554 | 1 | -0.5
1.2027716187182964 | 1 | -0.5
1.021960656333844 | 1 | -0.5
0.917916462171247 | 1 | -0.5
0.8787168024573577 | 0 | 5.0
0.9154658925885545 | 0 | 5.0
0.9021438493729066 | 0 | 5.0
0.8373345838100951 | 0 | 5.0
0.8695949144699177 | 0 | 5.0
0.8174038243478761 | 0 | 5.0
0.8503983287814987 | 0 | 5.0
0.8532217741486302 | 0 | 5.0
0.8255458793697313 | 0 | 5.0
0.8206032221996185 | 0 | 5.0
0.8160794532674538 | 0 | 5.0
0.7842336877136441 | 0 | 5.0
0.8156455006416451 | 0 | 5.0
0.8057102769621777 | 0 | 5.0
0.793860165176093 | 0 | 5.0
0.8488288170591468 | 0 | 5.0
0.830262816935724 | 0 | 5.0
0.842079637712943 | 0 | 5.0
0.8217039422648276 | 0 | 5.0
0.8063349208156583 | 0 | 5.0
0.8014329906909338 | 0 | 5.0
0.8419992793467511 | 0 | 5.0
0.7753028896916906 | 0 | 5.0
0.7875932435142509 | 0 | 5.0
0.7983032928491924 | 0 | 5.0
0.7453584190284619 | 1 | -0.5
0.7576088161033142 | 0 | 5.0
0.7545774243024413 | 0 | 5.0
0.7666811011805648 | 0 | 5.0
0.7459749888142787 | 0 | 5.0
0.7983162696205741 | 0 | 5.0
0.78878761324559 | 0 | 5.0
0.8028956614324191 | 0 | 5.0
0.8100028408642224 | 0 | 5.0
0.8602912084881534 | 0 | 5.0
0.8426265588933128 | 0 | 5.0
0.8294348316279231 | 0 | 5.0
0.8588728405121929 | 0 | 5.0
0.8508317448144228 | 0 | 5.0
0.8673469212191773 | 0 | 5.0
0.8861168515863664 | 0 | 5.0
0.8850102887879134 | 0 | 5.0
0.8808568482997904 | 0 | 5.0
0.9123589033745011 | 0 | 5.0
0.9244843614918636 | 0 | 5.0
0.9057021061740078 | 0 | 5.0
0.9430066627907921 | 0 | 5.0
0.960978674691037 | 0 | 5.0
0.9657831204680962 | 0 | 5.0
0.9826239615198453 | 0 | 5.0
0.9922689311240617 | 0 | 5.0
1.0177543984142448 | 0 | 5.0
1.0076926936795134 | 0 | 5.0
1.0623287083079744 | 0 | 5.0
1.0435151524775237 | 0 | 5.0
1.0323900113795066 | 0 | 5.0
1.0740810282194044 | 0 | 5.0
1.0470706050336436 | 1 | -0.5
1.12403313688801 | 0 | 5.0
1.139692326411711 | 1 | -0.5
1.228364888528311 | 1 | -0.5
1.3763912703017254 | 1 | -0.5
1.7298294464355448 | 1 | -0.5
5.000910048999743 | 1 | -0.5
4.5820311602791595 | 1 | -0.5
4.3218179701611845 | 1 | -0.5
4.299728734193773 | 1 | -0.5
4.441833999448731 | 1 | -0.5
3.736303480072315 | 1 | -0.5
2.6833499965541137 | 1 | -0.5
2.133117883010066 | 1 | -0.5
1.7999526733412063 | 1 | -0.5
1.5984607644752664 | 1 | -0.5
1.546655444730091 | 0 | 5.0
1.5189036746975413 | 0 | 5.0
1.5330462830140008 | 0 | 5.0
1.4870046688173872 | 0 | 5.0
1.4831917572640114 | 0 | 5.0
1.4639549830849095 | 0 | 5.0
1.4551926541699587 | 0 | 5.0
1.425211018202626 | 0 | 5.0
1.423616715644848 | 0 | 5.0
1.442177754899192 | 0 | 5.0
1.3910758162934769 | 0 | 5.0
1.381735089693785 | 0 | 5.0
1.3466691836166576 | 0 | 5.0
1.3473827924086699 | 0 | 5.0
1.3651659639962492 | 0 | 5.0
1.3229623434784514 | 0 | 5.0
1.304840879054438 | 0 | 5.0
1.3146005220928163 | 0 | 5.0
1.2818015631099096 | 0 | 5.0
1.2571649753692944 | 0 | 5.0
1.2829201448768868 | 0 | 5.0
1.2805965739419685 | 0 | 5.0
1.1934626247155369 | 0 | 5.0
1.2540435546380295 | 0 | 5.0
1.2364731293959885 | 0 | 5.0
1.19769153874443 | 0 | 5.0
1.2121635076661603 | 0 | 5.0
1.2191465395064314 | 0 | 5.0
1.1918910814992432 | 0 | 5.0
1.1651519842435698 | 0 | 5.0
1.203475909651641 | 0 | 5.0
1.1994750784150043 | 0 | 5.0
1.1559256035259968 | 0 | 5.0
1.1911394449172683 | 0 | 5.0
1.2097178306611522 | 0 | 5.0
1.2289303985431628 | 0 | 5.0
1.235600786509355 | 0 | 5.0
1.2227533685653915 | 0 | 5.0
1.224095103222303 | 0 | 5.0
1.2513946838694257 | 0 | 5.0
1.2767971221591559 | 0 | 5.0
1.259997002658639 | 0 | 5.0
1.2972194105941732 | 0 | 5.0
1.3112699282294944 | 0 | 5.0
1.3650602250839985 | 0 | 5.0
1.3682349557309583 | 0 | 5.0
1.389203017512217 | 0 | 5.0
1.4085525150608111 | 0 | 5.0
1.4195000683800139 | 0 | 5.0
1.4377604028165256 | 0 | 5.0
1.462443718400071 | 0 | 5.0
1.4388326867473507 | 0 | 5.0
1.472354619623549 | 0 | 5.0
1.4628079486998764 | 0 | 5.0
1.4684032886881297 | 0 | 5.0
1.4680390618870358 | 0 | 5.0
1.5154901591314047 | 0 | 5.0
1.4852118825514258 | 0 | 5.0
1.525317587306923 | 1 | -0.5
1.5925298331285729 | 1 | -0.5
1.8023711899394002 | 1 | -0.5
2.1246427552217497 | 0 | 5.0
2.274478064165557 | 0 | 5.0
2.4361741533152306 | 0 | 5.0
2.545049907430664 | 0 | 5.0
2.713385621582345 | 0 | 5.0
2.844980098695793 | 0 | 5.0
3.015522334349578 | 0 | 5.0
3.1639066594072314 | 0 | 5.0
3.308405070208532 | 1 | -0.5
3.7388641818906527 | 0 | 5.0
3.618818364700045 | 0 | 5.0
3.5645931085232565 | 1 | -200.0
Total reward: 1452.5
3.0, 0.0, 1.0, -1.0, 5.0, 4.0, 6.0, -1.0, -3.0, -2.0, 6.0, -3.0, 0.5, 1.5, -0.5, -3.0, 1.0, 1.0
parameter ends

state | action | reward
[1.58] | 1 | -0.5
1.5263506596520895 | 0 | 5.0
1.4710923032746865 | 0 | 5.0
1.4293005171912656 | 1 | -0.5
1.450806174403665 | 0 | 5.0
1.4470388555210116 | 0 | 5.0
1.4828529873595437 | 0 | 5.0
1.4993333626464056 | 1 | -0.5
1.527502204026611 | 1 | -0.5
1.6146051222001967 | 1 | -0.5
1.8118626833975466 | 1 | -0.5
2.2016679364227207 | 0 | 5.0
2.4154799562775446 | 0 | 5.0
2.631656157966914 | 0 | 5.0
2.861133620986939 | 0 | 5.0
3.0449174823724534 | 0 | 5.0
3.237146809399027 | 0 | 5.0
3.4984623779167374 | 0 | 5.0
3.829118574769215 | 0 | -200.0
Total reward: -143.0
3.0, 0.0, 1.0, -1.0, 5.0, 4.0, 6.0, -1.0, -3.0, -2.0, 6.0, -3.0, 0.5, 1.5, -0.5, -3.0, 1.0, 1.0
parameter ends

state | action | reward
[1.7] | 1 | -0.5
1.5280860202471542 | 1 | -0.5
1.4710940365200778 | 0 | 5.0
1.42397622751074 | 1 | -0.5
1.4465248939742823 | 0 | 5.0
1.4414033724948343 | 0 | 5.0
1.5053558740874933 | 1 | -0.5
1.5574607395550888 | 1 | -0.5
1.7370680599866315 | 1 | -0.5
1.973424602413855 | 0 | 5.0
2.2907859756382027 | 0 | 5.0
2.4728032132364324 | 0 | 5.0
2.620246233881488 | 0 | 5.0
2.812720618327982 | 0 | 5.0
2.899332432459742 | 0 | 5.0
3.0165268198621136 | 0 | 5.0
3.209887474269232 | 0 | 5.0
3.4234603241351764 | 1 | -0.5
3.713846196322314 | 0 | -200.0
Total reward: -148.5
3.0, 0.0, 1.0, -1.0, 5.0, 4.0, 6.0, -1.0, -3.0, -2.0, 6.0, -3.0, 0.5, 1.5, -0.5, -3.0, 1.0, 1.0
parameter ends

state | action | reward
[1.65] | 1 | -0.5
1.8874823541264205 | 1 | -0.5
2.3904973662482676 | 1 | -0.5
3.250044939385835 | 1 | -0.5
4.834163700549027 | 1 | -0.5
10.943468654951806 | 0 | 5.0
13.847860468822597 | 0 | 5.0
17.282661951647725 | 0 | 5.0
17.244074144686792 | 0 | 5.0
17.2028786614539 | 0 | -200.0
Total reward: -182.5
3.0, 0.0, 1.0, -1.0, 5.0, 4.0, 6.0, -1.0, -3.0, -2.0, 6.0, -3.0, 0.5, 1.5, -0.5, -3.0, 1.0, 1.0
parameter ends

state | action | reward
[1.52] | 0 | 5.0
1.5124169287527904 | 0 | 5.0
1.522746258629078 | 0 | 5.0
1.481575354402283 | 0 | 5.0
1.4497136501257029 | 0 | 5.0
1.4647856819275231 | 0 | 5.0
1.4314618284047342 | 0 | 5.0
1.4400045051546868 | 0 | 5.0
1.40887676145298 | 0 | 5.0
1.3921847812029564 | 0 | 5.0
1.397289954531877 | 0 | 5.0
1.381439908321735 | 0 | 5.0
1.3467099353566976 | 0 | 5.0
1.315195270493653 | 0 | 5.0
1.3513861210797355 | 1 | -0.5
1.3418417699892367 | 0 | 5.0
1.3263124714300487 | 0 | 5.0
1.3303707408480467 | 0 | 5.0
1.3389716602573116 | 1 | -0.5
1.441510080905581 | 1 | -0.5
1.4999259883359504 | 1 | -0.5
1.7662737128511927 | 1 | -0.5
2.1676263128137556 | 0 | 5.0
2.2455074854257733 | 0 | 5.0
2.50683254411686 | 0 | 5.0
2.619643448945241 | 0 | 5.0
2.839909121048777 | 0 | 5.0
2.9874054334699904 | 0 | 5.0
3.204800700862642 | 0 | 5.0
3.373087535275305 | 0 | 5.0
3.636587839809921 | 0 | -200.0
Total reward: -77.5
3.0, 0.0, 1.0, -1.0, 5.0, 4.0, 6.0, -1.0, -3.0, -2.0, 6.0, -3.0, 0.5, 1.5, -0.5, -3.0, 1.0, 1.0
parameter ends

state | action | reward
[2.93] | 1 | -0.5
8.45680514811481 | 1 | -0.5
17.620091264922106 | 0 | 5.0
13.164323520612884 | 0 | 5.0
16.258395272763067 | 0 | 5.0
18.594928509907398 | 0 | 5.0
18.605973207588463 | 0 | 5.0
12.984497971608482 | 0 | 5.0
18.596439209081012 | 0 | 5.0
17.262467807562228 | 0 | 5.0
11.54283149272138 | 0 | -200.0
Total reward: -161.0
