1.0, -2.0, 3.0, -2.0, -2.0, 4.0, 5.0, -1.0, 2.0, -1.0, 7.0, -3.0, -2.0, -1.0, -1.0, 7.0, -3.0, -3.0
parameter ends

state | action | reward
[2.01] | 2 | -0.5
1.7682207125531368 | 2 | -0.5
1.6371575007536066 | 2 | -0.5
1.5773619109473256 | 0 | 5.0
1.5877524474091358 | 0 | 5.0
1.6642713276992103 | 0 | 5.0
1.6560240577576815 | 0 | 5.0
1.657210157927657 | 0 | 5.0
1.728077472271655 | 0 | 5.0
1.742485070074673 | 0 | 5.0
1.7926736153343883 | 0 | 5.0
1.8595636350100508 | 0 | 5.0
1.9149766612535943 | 0 | 5.0
1.9329606266323365 | 0 | 5.0
1.9896359309550802 | 0 | 5.0
2.0389652732890653 | 0 | 5.0
2.069317414947559 | 2 | -0.5
2.0048703483716306 | 0 | 5.0
2.0597586476541236 | 0 | 5.0
2.0230765682762697 | 0 | 5.0
2.062720098060732 | 0 | 5.0
2.0342698867596445 | 1 | -0.5
2.034511003740672 | 2 | -0.5
2.0414304080402066 | 1 | -0.5
2.070688943264792 | 2 | -0.5
2.057669602015793 | 1 | -0.5
2.081960251750387 | 1 | -0.5
2.260264191109256 | 2 | -0.5
2.129271713687355 | 1 | -0.5
2.2650225580776255 | 2 | -0.5
2.1605960616015905 | 1 | -0.5
2.2858307844401518 | 2 | -0.5
2.1738106219274185 | 1 | -0.5
2.3592392485062557 | 2 | -0.5
2.1560103381455273 | 1 | -0.5
2.4060230780183063 | 2 | -0.5
2.2026223975563024 | 1 | -0.5
2.4074827688327516 | 1 | -0.5
2.740939731398509 | 2 | -0.5
2.4246540704320667 | 1 | -0.5
2.832342155998135 | 1 | -0.5
3.409323455836506 | 2 | -0.5
2.900746256340484 | 1 | -0.5
3.515228757777924 | 2 | -0.5
2.9483097190287486 | 1 | -0.5
3.6277235550496605 | 2 | -0.5
3.0127442839305036 | 1 | -0.5
3.7179507620662324 | 0 | 5.0
3.7007036810552 | 0 | 5.0
3.663995073767502 | 1 | -0.5
2.9883388632833934 | 0 | 5.0
2.9367677697340713 | 0 | 5.0
2.812557372418754 | 0 | 5.0
2.6914580189214843 | 0 | 5.0
2.5922371741539973 | 0 | 5.0
2.450561481786581 | 0 | 5.0
2.310814058166905 | 0 | 5.0
2.2199400164083265 | 1 | -0.5
1.9512110222679 | 0 | 5.0
1.8270339938331137 | 0 | 5.0
1.7577096073485532 | 0 | 5.0
1.71851567512406 | 0 | 5.0
1.7044961912381575 | 0 | 5.0
1.61264549256204 | 0 | 5.0
1.5735185556555258 | 0 | 5.0
1.455374669217969 | 0 | 5.0
1.3616679578730533 | 0 | 5.0
1.2763263030389338 | 0 | 5.0
1.224742462123559 | 0 | 5.0
1.1429126109519487 | 0 | 5.0
1.0436674564760446 | 0 | 5.0
0.9631134221816977 | 0 | 5.0
0.8943783099314245 | 1 | -0.5
0.8428410871566206 | 0 | 5.0
0.7972372106359211 | 0 | 5.0
0.7395290915902418 | 0 | 5.0
0.7089493329737281 | 0 | 5.0
0.6938437718319854 | 0 | 5.0
0.6327153340328022 | 1 | -0.5
0.7018792629766215 | 0 | 5.0
0.6496422245953198 | 2 | -0.5
0.609944644085098 | 1 | -0.5
0.632562778243626 | 2 | -0.5
0.6390792925576443 | 1 | -0.5
0.6248819861366923 | 2 | -0.5
0.6086099982142441 | 1 | -0.5
0.5953084402832 | 2 | -0.5
0.6178239204386011 | 2 | -0.5
0.6475187733303571 | 0 | 5.0
0.5568680598308152 | 2 | -0.5
0.5786240144130863 | 2 | -0.5
0.7269673988702242 | 0 | 5.0
0.4558010566171856 | 0 | 5.0
0.4004890004139331 | 0 | 5.0
0.49825160066327984 | 0 | 5.0
0.6827870244410187 | 0 | 5.0
0.7668621173066628 | 2 | -0.5
0.7353206108421346 | 0 | 5.0
0.79744456842297 | 0 | 5.0
0.8928778966239149 | 0 | 5.0
0.9689945534267085 | 0 | 5.0
1.0229916185003898 | 0 | 5.0
1.1500215425830198 | 0 | 5.0
1.2089959462076463 | 0 | 5.0
1.2718034322139924 | 0 | 5.0
1.3481097436440233 | 0 | 5.0
1.4261609842075982 | 0 | 5.0
1.5045568518883587 | 0 | 5.0
1.5588316931976305 | 0 | 5.0
1.669943827606826 | 0 | 5.0
1.7156308130118583 | 0 | 5.0
1.8041165292051073 | 2 | -0.5
1.7421344612155834 | 0 | 5.0
1.7743106960545352 | 0 | 5.0
1.8361653739545303 | 0 | 5.0
1.88973338013428 | 0 | 5.0
1.9247611559423878 | 2 | -0.5
1.8815940844005359 | 0 | 5.0
1.8553704291231994 | 0 | 5.0
1.907642054138379 | 0 | 5.0
1.9089932217455183 | 0 | 5.0
1.9555263565777297 | 0 | 5.0
1.9191078798825194 | 1 | -0.5
2.0288313120768695 | 2 | -0.5
1.9523087368657004 | 1 | -0.5
2.0294290716873062 | 2 | -0.5
1.9665079345206886 | 1 | -0.5
2.008075030670251 | 2 | -0.5
1.9838611260256689 | 1 | -0.5
2.049571501726987 | 1 | -0.5
2.1992901079244107 | 2 | -0.5
2.0710638313903 | 1 | -0.5
2.1736285373539155 | 2 | -0.5
2.0684826356074626 | 1 | -0.5
2.2097830087294437 | 1 | -0.5
2.493410319254371 | 2 | -0.5
2.322844650668162 | 1 | -0.5
2.5505561405380486 | 2 | -0.5
2.285351835970758 | 1 | -0.5
2.5583221596223282 | 1 | -0.5
3.0060217814213113 | 2 | -0.5
2.556284092188776 | 1 | -0.5
3.0067357403083763 | 2 | -0.5
2.5291548974938753 | 1 | -0.5
2.960753525218525 | 2 | -0.5
2.600710336024919 | 1 | -0.5
3.149963913955027 | 2 | -0.5
2.70067300996796 | 1 | -0.5
3.225159032601019 | 1 | -0.5
3.520507106578447 | 0 | 5.0
3.3638001210926967 | 0 | 5.0
3.1744040971329914 | 0 | 5.0
2.9405478307728967 | 0 | 5.0
2.8216037231775184 | 0 | 5.0
2.7079096401551905 | 0 | 5.0
2.5781060943405048 | 0 | 5.0
2.5679451345490483 | 0 | 5.0
2.437510181977503 | 0 | 5.0
2.3790296095825023 | 0 | 5.0
2.2792562587239353 | 0 | 5.0
2.2096108826094873 | 0 | 5.0
2.087885802493786 | 1 | -0.5
1.8686657271115243 | 0 | 5.0
1.8197027597643873 | 0 | 5.0
1.7646365065436578 | 0 | 5.0
1.648721422067307 | 0 | 5.0
1.6010742568174279 | 0 | 5.0
1.5161175495444488 | 1 | -0.5
1.4334434256783646 | 0 | 5.0
1.3936745724611608 | 0 | 5.0
1.4090258338920816 | 0 | 5.0
1.3108861365239668 | 0 | 5.0
1.3664687008407148 | 0 | 5.0
1.2762287407260957 | 1 | -0.5
1.2511882622930113 | 0 | 5.0
1.3346254813734097 | 0 | 5.0
1.287901869010451 | 0 | 5.0
1.3183432317007207 | 1 | -0.5
1.3402786786928595 | 0 | 5.0
1.3930594503062301 | 0 | 5.0
1.4214026533931832 | 0 | 5.0
1.4682094395272784 | 1 | -0.5
1.6200586295776147 | 2 | -0.5
1.5589672561522472 | 1 | -0.5
1.655566855099381 | 2 | -0.5
1.5768017445576297 | 1 | -0.5
1.6561324810437448 | 2 | -0.5
1.6484770934937114 | 1 | -0.5
1.8030353030981645 | 2 | -0.5
1.650102280705175 | 1 | -0.5
1.758853580947665 | 1 | -0.5
2.006737485973308 | 2 | -0.5
1.8238851905773925 | 1 | -0.5
2.0235662851416087 | 2 | -0.5
1.807937653933814 | 1 | -0.5
2.0579463754624254 | 2 | -0.5
1.7846365269117184 | 1 | -0.5
2.0747343793795854 | 1 | -0.5
2.4912735885356816 | 0 | 5.0
2.650400730323237 | 0 | 5.0
2.930117276174715 | 0 | 5.0
3.2787581441502893 | 0 | 5.0
3.5039146318623176 | 0 | 5.0
3.3614652155105267 | 1 | -0.5
2.8413581538953325 | 0 | 5.0
2.7354113349093243 | 0 | 5.0
2.615223426806868 | 0 | 5.0
2.5859104854818336 | 0 | 5.0
2.3802087266133674 | 0 | 5.0
2.314454406798066 | 0 | 5.0
2.24275771356378 | 1 | -0.5
2.0294704994656336 | 0 | 5.0
1.95577055698498 | 0 | 5.0
1.9131302260465337 | 0 | 5.0
1.8155305629993534 | 0 | 5.0
1.7467983164932734 | 0 | 5.0
1.715788647861204 | 1 | -0.5
1.508510831938356 | 0 | 5.0
1.4717242167520697 | 0 | 5.0
1.474836922333918 | 0 | 5.0
1.3982575997987803 | 0 | 5.0
1.3532964972692019 | 1 | -0.5
1.2703681365009165 | 0 | 5.0
1.2326540477535306 | 0 | 5.0
1.1910167290744769 | 0 | 5.0
1.143120284082378 | 0 | 5.0
1.108766604073079 | 0 | 5.0
1.0565113670564112 | 0 | 5.0
1.0264964542498733 | 0 | 5.0
1.0575012081881654 | 0 | 5.0
0.9750956434852607 | 0 | 5.0
0.9154940956619355 | 0 | 5.0
0.8553091677908328 | 0 | 5.0
0.8489249839421028 | 0 | 5.0
0.7591772439422999 | 0 | 5.0
0.7500189995323429 | 0 | 5.0
0.7287042020085222 | 1 | -0.5
0.7047036601100684 | 0 | 5.0
0.67416792878814 | 0 | 5.0
0.7246892774720821 | 0 | 5.0
0.7688317173992768 | 0 | 5.0
0.7660970822796809 | 0 | 5.0
0.8012180619211147 | 0 | 5.0
0.7679041567184804 | 0 | 5.0
0.7685271355259078 | 0 | 5.0
0.8378734757714484 | 0 | 5.0
0.8184520094278536 | 0 | 5.0
0.8537273778530737 | 0 | 5.0
0.8548949429642541 | 0 | 5.0
0.8876242739045858 | 0 | 5.0
0.8893020490149726 | 0 | 5.0
0.9093543248671521 | 0 | 5.0
0.9417131555437165 | 0 | 5.0
0.9785307013273321 | 0 | 5.0
0.9921490777640557 | 0 | 5.0
1.0074867921555084 | 0 | 5.0
1.0151563433421962 | 0 | 5.0
1.0379466384546079 | 0 | 5.0
1.0232785587506892 | 0 | 5.0
1.0151921746574237 | 0 | 5.0
1.0749924092156151 | 0 | 5.0
1.031512205862605 | 0 | 5.0
1.0437354520058437 | 0 | 5.0
1.0561187558336187 | 0 | 5.0
1.0524158515988098 | 0 | 5.0
1.0300844281266353 | 0 | 5.0
1.0685552280826158 | 0 | 5.0
1.0810941767905646 | 0 | 5.0
1.0374304977807471 | 0 | 5.0
1.0902285710266633 | 0 | 5.0
1.0801000197914725 | 0 | 5.0
1.0755155235405 | 0 | 5.0
1.0889332551013673 | 0 | 5.0
1.0917468736604776 | 1 | -0.5
1.0915144055687562 | 0 | 5.0
1.1754682539917203 | 0 | 5.0
1.234492679791582 | 0 | 5.0
1.251946854617921 | 0 | 5.0
1.2879853056700716 | 1 | -0.5
1.4108705113759294 | 2 | -0.5
1.3246233868527852 | 1 | -0.5
1.4053067884002979 | 2 | -0.5
1.381469073076078 | 1 | -0.5
1.4795080059098173 | 2 | -0.5
1.430126627663137 | 1 | -0.5
1.5115801990229343 | 2 | -0.5
1.4524611031709 | 1 | -0.5
1.5623011385188055 | 2 | -0.5
1.514040954784066 | 1 | -0.5
1.5668920023740827 | 2 | -0.5
1.512760316486671 | 1 | -0.5
1.6383504627782386 | 1 | -0.5
1.9088458967201907 | 2 | -0.5
1.685714212690524 | 1 | -0.5
1.9558762433488734 | 2 | -0.5
1.7414516886632372 | 1 | -0.5
1.9808436014557624 | 0 | 5.0
2.1469698732716287 | 1 | -0.5
2.600831792066295 | 0 | 5.0
2.841858594893652 | 0 | 5.0
3.0877458075338082 | 0 | 5.0
3.3443031848276665 | 0 | 5.0
3.2428719448351866 | 0 | 5.0
3.0267748949749094 | 0 | 5.0
2.837649556602303 | 0 | 5.0
2.7785498003289812 | 1 | -0.5
2.472438128730802 | 0 | 5.0
2.3175257188878424 | 0 | 5.0
2.2074676482812556 | 0 | 5.0
2.1343735536240405 | 0 | 5.0
1.9832496636717458 | 0 | 5.0
1.9753913351568886 | 0 | 5.0
1.8437430631777074 | 0 | 5.0
1.7186700739404102 | 0 | 5.0
1.6791421742636086 | 0 | 5.0
1.5913866639617047 | 1 | -0.5
1.447756120405855 | 0 | 5.0
1.3854149661837776 | 0 | 5.0
1.3409737932849009 | 0 | 5.0
1.3396959140494016 | 0 | 5.0
1.2637460786931725 | 0 | 5.0
1.2286246023179062 | 0 | 5.0
1.1313855466413503 | 0 | 5.0
1.0920995462501302 | 0 | 5.0
1.03171075384127 | 1 | -0.5
1.0133692583241478 | 0 | 5.0
0.9433018563817673 | 0 | 5.0
0.9999703731528296 | 0 | 5.0
0.936296815312795 | 0 | 5.0
0.9620498292781111 | 0 | 5.0
0.9267954240881284 | 0 | 5.0
0.8619929566227932 | 0 | 5.0
0.9031216642264466 | 0 | 5.0
0.8728638692734614 | 0 | 5.0
0.8288048653991396 | 0 | 5.0
0.7959738064936622 | 0 | 5.0
0.7663414751651633 | 0 | 5.0
0.7382217979747927 | 0 | 5.0
0.7090855023287508 | 0 | 5.0
0.6764441105714329 | 0 | 5.0
0.6697629800291027 | 0 | 5.0
0.6339394366199845 | 0 | 5.0
0.608380963025352 | 0 | 5.0
0.5665286150073845 | 0 | 5.0
0.5482398081720404 | 0 | 5.0
0.5597201283471781 | 0 | 5.0
0.5050785825971553 | 0 | 5.0
0.5063322226765828 | 0 | 5.0
0.539142036393088 | 0 | 5.0
0.4370810066827597 | 0 | 5.0
0.4599991961882664 | 0 | 5.0
0.4408579321052369 | 0 | 5.0
0.45397081092799585 | 0 | 5.0
0.468545185922794 | 0 | 5.0
0.41970125006579817 | 0 | 5.0
0.4300309301092482 | 0 | -200.0
Total reward: 898.5
1.0, -2.0, 3.0, -2.0, -2.0, 4.0, 5.0, -1.0, 2.0, -1.0, 7.0, -3.0, -2.0, -1.0, -1.0, 7.0, -3.0, -3.0
parameter ends

state | action | reward
[3.26] | 2 | -0.5
2.513784759436044 | 2 | -0.5
2.3016489753029656 | 2 | -0.5
3.339111044656149 | 2 | -0.5
5.799663157388042 | 2 | -0.5
10.120914216966652 | 0 | 5.0
10.090594327815012 | 0 | 5.0
10.073475149041322 | 0 | 5.0
10.10609250554978 | 0 | 5.0
10.127044875892526 | 0 | 5.0
10.113721438361065 | 0 | 5.0
10.136347154329536 | 0 | 5.0
1.6358603751978003 | 0 | 5.0
1.6242236838213642 | 0 | 5.0
1.6387253419173728 | 0 | 5.0
1.6496765976229886 | 0 | 5.0
1.6054423225148602 | 0 | 5.0
1.6475292011826257 | 0 | 5.0
1.6000022243796195 | 0 | 5.0
1.595731895725688 | 0 | 5.0
1.6113211112240635 | 0 | 5.0
1.5737649228876527 | 0 | 5.0
1.5809121513569446 | 0 | 5.0
1.5371621814542642 | 0 | 5.0
1.5306979179267457 | 0 | 5.0
1.6222569387016252 | 0 | 5.0
1.5865430113527557 | 0 | 5.0
1.5699904762201562 | 0 | 5.0
1.5941576272737452 | 0 | 5.0
1.5678466495963599 | 0 | 5.0
1.6158713891175407 | 0 | 5.0
1.5898496923815635 | 0 | 5.0
1.5351731242322644 | 0 | 5.0
1.5824657819410388 | 1 | -0.5
1.5924706972530562 | 0 | 5.0
1.6564244499285135 | 0 | 5.0
1.6891148180404443 | 1 | -0.5
1.7664492917762922 | 2 | -0.5
1.6731694746166041 | 1 | -0.5
1.7830845551942873 | 2 | -0.5
1.692685370257593 | 1 | -0.5
1.7875106010601063 | 2 | -0.5
1.6998093402245054 | 1 | -0.5
1.7822425920428036 | 1 | -0.5
1.937075709304388 | 2 | -0.5
1.7801658722371283 | 1 | -0.5
1.970061033261699 | 2 | -0.5
1.8258448030131382 | 1 | -0.5
1.9794021530078083 | 2 | -0.5
1.8096125397009948 | 1 | -0.5
2.0002828287435017 | 1 | -0.5
2.2805337185986443 | 2 | -0.5
2.0803301416944766 | 1 | -0.5
2.440527743541757 | 2 | -0.5
2.1197340208897435 | 1 | -0.5
2.525369816340377 | 2 | -0.5
2.2836751382656493 | 1 | -0.5
2.639396542452765 | 2 | -0.5
2.2628759795252438 | 1 | -0.5
2.6728021295808553 | 2 | -0.5
2.3474315989007075 | 1 | -0.5
2.8006700440501358 | 2 | -0.5
2.3799859744932665 | 1 | -0.5
2.8770087622863283 | 2 | -0.5
2.4487804387481806 | 1 | -0.5
2.94012922096928 | 1 | -0.5
3.4807313973229372 | 0 | 5.0
3.410670493282284 | 0 | 5.0
3.2619924625527155 | 0 | 5.0
3.086382747959003 | 0 | 5.0
2.963210289742137 | 0 | 5.0
2.781378155890585 | 0 | 5.0
2.6320819813118566 | 0 | 5.0
2.5284588933552556 | 0 | 5.0
2.3416694399568074 | 0 | 5.0
2.237885087003857 | 0 | 5.0
2.1241193191122267 | 0 | 5.0
1.9642116642991247 | 0 | 5.0
1.8863492203748473 | 1 | -0.5
1.7020565976508644 | 0 | 5.0
1.6821954631837701 | 0 | 5.0
1.6050632085846095 | 0 | 5.0
1.5530934670500085 | 0 | 5.0
1.512403633155051 | 0 | 5.0
1.487321470795235 | 0 | 5.0
1.3980352354800984 | 0 | 5.0
1.3769249785965598 | 0 | 5.0
1.3035228793524096 | 0 | 5.0
1.305868843240778 | 0 | 5.0
1.23799613601101 | 0 | 5.0
1.1698217711418835 | 0 | 5.0
1.1612111649756949 | 0 | 5.0
1.0947904622276992 | 0 | 5.0
1.065301652881906 | 0 | 5.0
0.9851811721890564 | 0 | 5.0
0.9683724049379672 | 0 | 5.0
0.9463169406296079 | 0 | 5.0
0.9228912286162566 | 0 | 5.0
0.8388616663579773 | 0 | 5.0
0.7968822507762965 | 2 | -0.5
0.8890913537220496 | 0 | 5.0
0.7884741364614509 | 2 | -0.5
0.8051835523383791 | 2 | -0.5
0.9428237533073278 | 0 | 5.0
0.734256533012554 | 2 | -0.5
0.8543311164464844 | 0 | 5.0
0.58761661310057 | 0 | 5.0
0.4507495338118455 | 0 | 5.0
0.5896333844697579 | 0 | 5.0
0.7782934103654608 | 2 | -0.5
0.6621809548928886 | 0 | 5.0
0.7848854292144051 | 0 | 5.0
0.9129246268841842 | 0 | 5.0
1.018470448863658 | 0 | 5.0
1.149109834940946 | 2 | -0.5
1.0674669687473501 | 0 | 5.0
1.1482733765020343 | 0 | 5.0
1.195801930949437 | 0 | 5.0
1.2155260540885413 | 0 | 5.0
1.292373711294946 | 0 | 5.0
1.3386886586176507 | 0 | 5.0
1.4031946510263225 | 0 | 5.0
1.4421675787416153 | 0 | 5.0
1.4797076578132147 | 0 | 5.0
1.5652877290271885 | 0 | 5.0
1.574468613251358 | 0 | 5.0
1.630741074398798 | 2 | -0.5
1.634883701186906 | 0 | 5.0
1.6668642087956096 | 0 | 5.0
1.6514056149600902 | 0 | 5.0
1.7399561909469754 | 2 | -0.5
1.6981606796351398 | 0 | 5.0
1.6925476423551864 | 0 | 5.0
1.675713050347405 | 0 | 5.0
1.661032267356117 | 2 | -0.5
1.681418712282241 | 0 | 5.0
1.650410971184944 | 0 | 5.0
1.6188190036161414 | 2 | -0.5
1.694059391469995 | 0 | 5.0
1.616524787951398 | 0 | 5.0
1.521992141477452 | 2 | -0.5
1.6677671146067 | 0 | 5.0
1.5692928351019777 | 0 | 5.0
1.3931389895445692 | 2 | -0.5
1.579796580234807 | 0 | 5.0
1.4118205893719826 | 2 | -0.5
1.7084913450443662 | 0 | 5.0
1.3594583124629378 | 0 | 5.0
1.0219916662452724 | 0 | 5.0
0.7931067614628061 | 0 | 5.0
0.7139918469010726 | 2 | -0.5
0.6635302878841807 | 0 | 5.0
0.7204916702789147 | 0 | 5.0
0.8320111344906246 | 0 | 5.0
0.9186808349035304 | 0 | 5.0
0.9940041864076448 | 0 | 5.0
1.0640221993198313 | 0 | 5.0
1.1375754262004472 | 0 | 5.0
1.2823301000309826 | 2 | -0.5
1.2090561914399258 | 0 | 5.0
1.29868638339074 | 0 | 5.0
1.321273046035138 | 0 | 5.0
1.3620216111980081 | 0 | 5.0
1.489281903990423 | 0 | 5.0
1.5452060063339614 | 0 | 5.0
1.5349063888366459 | 0 | 5.0
1.600121601779464 | 0 | 5.0
1.6624205516632802 | 0 | 5.0
1.7855206011533966 | 0 | 5.0
1.797955593694864 | 0 | 5.0
1.8642084251550461 | 2 | -0.5
1.7663018762469276 | 0 | 5.0
1.809158892428668 | 0 | 5.0
1.7992160383606375 | 0 | 5.0
1.8080605419945428 | 0 | 5.0
1.8017409264636943 | 0 | 5.0
1.8059198023766905 | 0 | 5.0
1.8317742054544002 | 0 | 5.0
1.8126036455555816 | 0 | 5.0
1.8155621864862161 | 0 | 5.0
1.8160921502044076 | 0 | 5.0
1.860395328412328 | 0 | 5.0
1.8695263964995918 | 0 | 5.0
1.8220180883959773 | 0 | 5.0
1.8115411264803865 | 0 | 5.0
1.7851517571803734 | 0 | 5.0
1.7877234595169595 | 0 | 5.0
1.713390614285923 | 0 | 5.0
1.7321517403231514 | 0 | 5.0
1.6946999908507763 | 0 | 5.0
1.6213737521235005 | 0 | 5.0
1.6128423714116629 | 0 | 5.0
1.5673808151461521 | 0 | 5.0
1.5399778658819834 | 0 | 5.0
1.5103529786871819 | 0 | 5.0
1.4728188190657137 | 0 | 5.0
1.4390985591305996 | 0 | 5.0
1.4179749570262477 | 0 | 5.0
1.3654366127428208 | 0 | 5.0
1.3848055601972367 | 0 | 5.0
1.3177166736528474 | 0 | 5.0
1.2871781025904374 | 0 | 5.0
1.2333509035418198 | 0 | 5.0
1.2148830276699742 | 0 | 5.0
1.2032939746547064 | 0 | 5.0
1.1402137953800122 | 0 | 5.0
1.130257486960876 | 0 | 5.0
1.1041054850172096 | 0 | 5.0
1.0841054372380845 | 0 | 5.0
1.0412445834666544 | 0 | 5.0
1.0232719736025642 | 0 | 5.0
0.9891111398257134 | 0 | 5.0
0.9651909519964329 | 0 | 5.0
0.9773359372506479 | 0 | 5.0
0.8542536297408918 | 0 | 5.0
0.8429134251144085 | 0 | 5.0
0.7999621700469116 | 0 | 5.0
0.7817209727907254 | 0 | 5.0
0.7953393740174574 | 0 | 5.0
0.7618073385062182 | 0 | 5.0
0.6531928140623722 | 0 | 5.0
0.6624319264724426 | 0 | 5.0
0.6548884401060642 | 0 | 5.0
0.6185121047405969 | 0 | 5.0
0.61197327890382 | 0 | 5.0
0.5479701848383347 | 2 | -0.5
0.595422962330781 | 1 | -0.5
0.5422031806439396 | 2 | -0.5
0.5770986081551589 | 1 | -0.5
0.5676758005662664 | 2 | -0.5
0.584210712874237 | 2 | -0.5
0.591366346465827 | 0 | 5.0
0.4707368203637481 | 2 | -0.5
0.5320367444457121 | 2 | -0.5
0.581054189477378 | 0 | 5.0
0.4046324381361558 | 0 | -200.0
Total reward: 639.5
1.0, -2.0, 3.0, -2.0, -2.0, 4.0, 5.0, -1.0, 2.0, -1.0, 7.0, -3.0, -2.0, -1.0, -1.0, 7.0, -3.0, -3.0
parameter ends

state | action | reward
[6.8] | 1 | -0.5
2.787104676469542 | 1 | -0.5
2.116510684396135 | 1 | -0.5
1.7207248536133692 | 1 | -0.5
1.5381020334466349 | 0 | 5.0
1.5011379159024216 | 0 | 5.0
1.4165920599863546 | 0 | 5.0
1.262408278873239 | 0 | 5.0
1.1626957580488226 | 0 | 5.0
1.0620885552289778 | 0 | 5.0
0.9705982073829529 | 0 | 5.0
0.8845200846126416 | 0 | 5.0
0.8305657253234215 | 0 | 5.0
0.6630859525767542 | 0 | 5.0
0.5714360005508734 | 0 | 5.0
0.4908542826992921 | 2 | -0.5
0.5336708126302645 | 2 | -0.5
0.5934045103781493 | 0 | -200.0
Total reward: -148.0
1.0, -2.0, 3.0, -2.0, -2.0, 4.0, 5.0, -1.0, 2.0, -1.0, 7.0, -3.0, -2.0, -1.0, -1.0, 7.0, -3.0, -3.0
parameter ends

state | action | reward
[18.51] | 2 | -0.5
3.241750829361557 | 2 | -0.5
1.9721118974820744 | 2 | -0.5
1.777066399748539 | 2 | -0.5
2.0886111372004583 | 2 | -0.5
2.617213421861121 | 2 | -0.5
3.6608312954957487 | 0 | 5.0
3.2398719388337827 | 0 | 5.0
2.8368092345284257 | 0 | 5.0
2.4775865067028895 | 0 | 5.0
2.128951091081505 | 0 | 5.0
1.519995209096311 | 0 | 5.0
1.3993844443349592 | 0 | 5.0
1.4218066178239983 | 0 | 5.0
1.5874578106847792 | 0 | 5.0
1.640823406410032 | 2 | -0.5
1.5868173174001845 | 0 | 5.0
1.6218639440839049 | 0 | 5.0
1.6144457252513371 | 0 | 5.0
1.6624106031923385 | 0 | 5.0
1.7122592170951207 | 0 | 5.0
1.7271808129285684 | 0 | 5.0
1.761211717565119 | 0 | 5.0
1.8034022721578726 | 0 | 5.0
1.8445614349043558 | 0 | 5.0
1.92371357659899 | 0 | 5.0
1.9162248975975362 | 0 | 5.0
1.9312701232167262 | 0 | 5.0
1.9561562292852777 | 0 | 5.0
2.0059064051171505 | 0 | 5.0
1.9891672117554728 | 0 | 5.0
2.0420474679520657 | 0 | 5.0
2.0533752843566884 | 0 | 5.0
2.08093165034951 | 0 | 5.0
2.178330683618193 | 2 | -0.5
2.0994910011302133 | 0 | 5.0
2.1101865639791204 | 0 | 5.0
2.1431721161577206 | 0 | 5.0
2.1537662875141237 | 0 | 5.0
2.159793065356003 | 0 | 5.0
2.141167280664608 | 0 | 5.0
2.1577770950110735 | 0 | 5.0
2.1697484768150472 | 0 | 5.0
2.1700318031788544 | 0 | 5.0
2.1936158436304534 | 0 | 5.0
2.174770496456371 | 0 | 5.0
2.2009560927608143 | 0 | 5.0
2.16516408807067 | 0 | 5.0
2.1352200788661166 | 0 | 5.0
2.1307252164145964 | 0 | 5.0
2.1323895270941295 | 0 | 5.0
2.0914164963910022 | 0 | 5.0
2.059918998603703 | 0 | 5.0
2.091940763357838 | 0 | 5.0
2.094168647768235 | 0 | 5.0
2.0252832457178807 | 0 | 5.0
2.0583016443926874 | 0 | 5.0
2.0447985226540553 | 0 | 5.0
2.0641471945702103 | 0 | 5.0
2.090471321523002 | 0 | 5.0
2.0744836237567688 | 0 | 5.0
2.0594440688526565 | 0 | 5.0
2.0258774251320606 | 0 | 5.0
2.0177528584492506 | 0 | 5.0
2.023184509238468 | 0 | 5.0
2.008898954386269 | 0 | 5.0
1.9907940299876503 | 0 | 5.0
2.0530229567357945 | 0 | 5.0
2.0387468114195646 | 0 | 5.0
2.0157302489320603 | 0 | 5.0
2.0332756287979867 | 0 | 5.0
2.015123679716184 | 0 | 5.0
2.0154832509356235 | 0 | 5.0
1.984624172924014 | 0 | 5.0
1.980031560348957 | 0 | 5.0
2.0132581363864857 | 0 | 5.0
1.9836108854895789 | 0 | 5.0
1.9793862558880098 | 2 | -0.5
2.0369547375437387 | 0 | 5.0
2.0114694523139636 | 0 | 5.0
1.9267566330275296 | 0 | 5.0
1.8526137317455547 | 2 | -0.5
1.954540782806833 | 0 | 5.0
1.860516495189421 | 0 | 5.0
1.7784115999990564 | 0 | 5.0
1.7704651289568847 | 2 | -0.5
1.9082476954605367 | 0 | 5.0
1.8011735546190772 | 0 | 5.0
1.7217472037205863 | 2 | -0.5
1.9520179220655332 | 0 | 5.0
1.7561503144500623 | 0 | 5.0
1.5254121713161153 | 2 | -0.5
1.852632957933964 | 0 | 5.0
1.569205192861092 | 0 | 5.0
1.2869391815801097 | 0 | 5.0
1.0133105877436537 | 0 | 5.0
0.7127143648171579 | 0 | 5.0
0.8423997862111253 | 2 | -0.5
0.7438118862184259 | 0 | 5.0
0.8252281653706197 | 0 | 5.0
0.912888623397543 | 0 | 5.0
0.9693523674916137 | 0 | 5.0
1.0266331644899669 | 0 | 5.0
1.0990035355041528 | 0 | 5.0
1.1713152722498363 | 0 | 5.0
1.255471829459403 | 0 | 5.0
1.3268739112131294 | 0 | 5.0
1.370071861677289 | 0 | 5.0
1.4266956771263481 | 0 | 5.0
1.4507560802705295 | 0 | 5.0
1.5896812046421822 | 0 | 5.0
1.6163432204483885 | 0 | 5.0
1.705020660667323 | 0 | 5.0
1.7396664059456801 | 0 | 5.0
1.8406446850622045 | 2 | -0.5
1.7339907260698755 | 0 | 5.0
1.7823549935005596 | 0 | 5.0
1.789645287690887 | 0 | 5.0
1.8138503273395294 | 0 | 5.0
1.8381275576756013 | 0 | 5.0
1.8362249904275387 | 0 | 5.0
1.8905823931699208 | 0 | 5.0
1.8475882123220386 | 0 | 5.0
1.8820430976349272 | 0 | 5.0
1.9040612069850318 | 0 | 5.0
1.9242244489388263 | 0 | 5.0
1.8990071389244536 | 0 | 5.0
1.8799810797850578 | 0 | 5.0
1.9028318003539133 | 0 | 5.0
1.8746063048239283 | 0 | 5.0
1.8837117766259033 | 0 | 5.0
1.927203521545787 | 0 | 5.0
1.900316768722488 | 0 | 5.0
1.8850484976694737 | 0 | 5.0
1.9023679839949528 | 0 | 5.0
1.9060786081719974 | 0 | 5.0
1.879499623981006 | 0 | 5.0
1.858728439059246 | 0 | 5.0
1.8822794663370914 | 0 | 5.0
1.8820342185671461 | 0 | 5.0
1.8816060480356844 | 0 | 5.0
1.862480823613656 | 0 | 5.0
1.8426405445223204 | 0 | 5.0
1.8410822202031394 | 0 | 5.0
1.8812567504462943 | 0 | 5.0
1.84725453280256 | 0 | 5.0
1.9048696238677651 | 0 | 5.0
1.880994564832769 | 0 | 5.0
1.8881503116736154 | 0 | 5.0
1.8907022157708686 | 0 | 5.0
1.888439777016359 | 0 | 5.0
1.8987058563946977 | 0 | 5.0
1.9009975990158865 | 0 | 5.0
1.9270849182282588 | 0 | 5.0
1.9383766407764798 | 0 | 5.0
1.8755662726617004 | 0 | 5.0
1.9227143439372099 | 0 | 5.0
1.8992206102932283 | 0 | 5.0
1.9125794673919492 | 0 | 5.0
1.9149820868828449 | 0 | 5.0
1.9334209892381857 | 2 | -0.5
1.9389454070926102 | 0 | 5.0
1.9632073742243326 | 0 | 5.0
1.9150839422529253 | 0 | 5.0
1.87902338466252 | 0 | 5.0
1.8555076746125976 | 0 | 5.0
1.7923277661546004 | 2 | -0.5
1.9016017421420763 | 0 | 5.0
1.778192290901571 | 0 | 5.0
1.7319474696820307 | 2 | -0.5
1.8615732081619183 | 0 | 5.0
1.723561383839823 | 0 | 5.0
1.6970728850105203 | 2 | -0.5
1.8536928398053283 | 0 | 5.0
1.78457777682459 | 0 | 5.0
1.687515202233335 | 0 | 5.0
1.481738418340153 | 2 | -0.5
1.819811513126893 | 0 | 5.0
1.568341896077211 | 0 | 5.0
1.2693024037999536 | 0 | 5.0
0.9381130665137022 | 0 | 5.0
0.6439169375974327 | 2 | -0.5
0.8218283160352297 | 0 | 5.0
0.7363592376517176 | 0 | 5.0
0.8335750564910819 | 0 | 5.0
0.9461615140089642 | 0 | 5.0
1.0376901787347548 | 0 | 5.0
1.1310863983062605 | 0 | 5.0
1.2218120136141928 | 0 | 5.0
1.3527857481035506 | 2 | -0.5
1.2245202207013988 | 0 | 5.0
1.2643979414162685 | 0 | 5.0
1.3674989819151142 | 0 | 5.0
1.4254436601362355 | 0 | 5.0
1.4828896441489272 | 0 | 5.0
1.556999467692322 | 0 | 5.0
1.6018600733728694 | 0 | 5.0
1.7044579209920039 | 0 | 5.0
1.735230131360738 | 2 | -0.5
1.7107170332724013 | 0 | 5.0
1.7214065313238558 | 0 | 5.0
1.7367023166150175 | 0 | 5.0
1.801479248142835 | 2 | -0.5
1.7687366552592674 | 0 | 5.0
1.7463578785910048 | 0 | 5.0
1.80433329914241 | 0 | 5.0
1.7772524436021326 | 0 | 5.0
1.7398426221424599 | 2 | -0.5
1.8663889986398081 | 0 | 5.0
1.7735664301718534 | 0 | 5.0
1.7373885781193492 | 0 | 5.0
1.6665967028164084 | 0 | 5.0
1.5681759488836917 | 2 | -0.5
1.7077121269909354 | 0 | 5.0
1.6023060583443736 | 0 | 5.0
1.5292231499873987 | 2 | -0.5
1.6902546749575749 | 0 | 5.0
1.5444697673318022 | 0 | 5.0
1.3586897811768304 | 2 | -0.5
1.5436539283230184 | 0 | 5.0
1.3181365691674427 | 0 | 5.0
1.0851234548262654 | 0 | 5.0
0.8608204584446907 | 2 | -0.5
0.997080446448167 | 0 | 5.0
0.6983995215976085 | 0 | 5.0
0.7335831963421936 | 0 | 5.0
0.8984606196145709 | 0 | 5.0
0.9751891325310572 | 0 | 5.0
1.1427254595504344 | 2 | -0.5
1.0471015558955863 | 0 | 5.0
1.1323497083887364 | 0 | 5.0
1.1906745807497046 | 0 | 5.0
1.2403600496022 | 0 | 5.0
1.3773209449398003 | 0 | 5.0
1.3842493924983816 | 0 | 5.0
1.4871447522854462 | 0 | 5.0
1.5436969232358564 | 0 | 5.0
1.6023738501893188 | 0 | 5.0
1.6221162468836887 | 0 | 5.0
1.683364482678236 | 0 | 5.0
1.783589672826761 | 0 | 5.0
1.8327165399181549 | 0 | 5.0
1.9286118400302932 | 2 | -0.5
1.806909305305914 | 0 | 5.0
1.8725280047177906 | 0 | 5.0
1.9234990731137616 | 0 | 5.0
1.9517022366564085 | 0 | 5.0
2.012304703369561 | 0 | 5.0
1.996923658738643 | 0 | 5.0
2.0078597271580687 | 0 | 5.0
2.035805818773514 | 2 | -0.5
2.066549946664409 | 1 | -0.5
2.058595671207554 | 2 | -0.5
2.072206948631422 | 1 | -0.5
2.090539707668 | 2 | -0.5
2.061911944658738 | 1 | -0.5
2.0460139810415567 | 2 | -0.5
2.064005501318595 | 1 | -0.5
2.0538448768212088 | 2 | -0.5
2.055141274490788 | 1 | -0.5
2.0361245536802928 | 1 | -0.5
2.141402253159196 | 2 | -0.5
2.090087238549888 | 1 | -0.5
2.1111491484047447 | 1 | -0.5
2.3418082942392853 | 2 | -0.5
2.1788751830455415 | 1 | -0.5
2.2925067392716323 | 2 | -0.5
2.2005284194421937 | 1 | -0.5
2.347411167640796 | 2 | -0.5
2.2130972202072607 | 1 | -0.5
2.441547340059135 | 2 | -0.5
2.2771187896236245 | 1 | -0.5
2.4704393054017255 | 1 | -0.5
2.8539283303018035 | 2 | -0.5
2.58157271169532 | 1 | -0.5
2.942599603325919 | 2 | -0.5
2.582301897970291 | 1 | -0.5
3.118745609348952 | 1 | -0.5
3.6361999452687224 | 0 | 5.0
3.4785645214786527 | 0 | 5.0
3.3754829734607803 | 0 | 5.0
3.3157230414557866 | 0 | 5.0
3.1046006917140474 | 0 | 5.0
3.055709477201944 | 0 | 5.0
2.906118711280608 | 0 | 5.0
2.749419871123705 | 0 | 5.0
2.5223776365242325 | 0 | 5.0
2.2896052867505436 | 0 | 5.0
2.2076572488926014 | 1 | -0.5
1.9797219679410443 | 0 | 5.0
1.9510578661022333 | 0 | 5.0
1.882913285587844 | 0 | 5.0
1.7447412333622243 | 0 | 5.0
1.6718966372079547 | 0 | 5.0
1.5563823064030888 | 0 | 5.0
1.502866530712225 | 0 | 5.0
1.4969262403344485 | 0 | 5.0
1.418006892336149 | 0 | 5.0
1.3469903534754188 | 0 | 5.0
1.277547575396485 | 0 | 5.0
1.2812626929206714 | 0 | 5.0
1.2206951192884947 | 0 | 5.0
1.1368154181037173 | 0 | 5.0
1.0546351534356382 | 0 | 5.0
0.9475856008010181 | 1 | -0.5
0.8726423224748338 | 0 | 5.0
0.857793054211961 | 0 | 5.0
0.8550850157937829 | 0 | 5.0
0.8088967486327129 | 0 | 5.0
0.7831085013066811 | 0 | 5.0
0.7441223234922932 | 0 | 5.0
0.6979012679673201 | 0 | 5.0
0.6586899594265757 | 2 | -0.5
0.7371272504557249 | 2 | -0.5
0.7474366364209818 | 0 | 5.0
0.6600035017191339 | 2 | -0.5
0.7599017849333864 | 0 | 5.0
0.5236720438250833 | 2 | -0.5
0.6733314609942966 | 0 | -200.0
Total reward: 1032.5
1.0, -2.0, 3.0, -2.0, -2.0, 4.0, 5.0, -1.0, 2.0, -1.0, 7.0, -3.0, -2.0, -1.0, -1.0, 7.0, -3.0, -3.0
parameter ends

state | action | reward
[3.95] | 1 | -0.5
2.618580341783701 | 1 | -0.5
2.0013560346913684 | 1 | -0.5
1.6326374428598713 | 1 | -0.5
1.4677020020909197 | 0 | 5.0
1.3956352470593736 | 0 | 5.0
1.290942921632072 | 0 | 5.0
1.2232189738706518 | 1 | -0.5
1.2213308548750037 | 0 | 5.0
1.2092105541478142 | 0 | 5.0
1.1368672723231539 | 0 | 5.0
1.1218353958016196 | 0 | 5.0
1.1302683109475395 | 0 | 5.0
1.0550680388061962 | 0 | 5.0
1.0129952160845468 | 0 | 5.0
0.9504647867676695 | 0 | 5.0
0.8817273735793555 | 0 | 5.0
0.8751806047393382 | 0 | 5.0
0.8555224768398156 | 0 | 5.0
0.8295603740521049 | 0 | 5.0
0.8070871142686059 | 0 | 5.0
0.7057664905141193 | 0 | 5.0
0.7302471484549081 | 0 | 5.0
0.6954778461302821 | 1 | -0.5
0.7107150008171867 | 0 | 5.0
0.6749133711811921 | 0 | 5.0
0.7261279102465142 | 0 | 5.0
0.756190649206149 | 0 | 5.0
0.74491915925457 | 0 | 5.0
0.767294684994547 | 0 | 5.0
0.8206111980475379 | 0 | 5.0
0.8122263854528409 | 0 | 5.0
0.8415544225486923 | 0 | 5.0
0.8431819376167415 | 0 | 5.0
0.8925139140260478 | 0 | 5.0
0.8814164920974098 | 0 | 5.0
0.9011229163827387 | 0 | 5.0
0.921797759270093 | 0 | 5.0
0.9447775014065778 | 0 | 5.0
0.9610371059429046 | 0 | 5.0
0.9809202744233338 | 0 | 5.0
0.9751744498902526 | 0 | 5.0
0.9541076192752969 | 0 | 5.0
1.0044158143448538 | 0 | 5.0
0.9728221224872468 | 2 | -0.5
1.0159491988564673 | 0 | 5.0
1.0163714185500452 | 0 | 5.0
0.9676499578422729 | 2 | -0.5
0.9930003813309569 | 0 | 5.0
0.9397265398537277 | 0 | 5.0
0.8890199005544132 | 2 | -0.5
0.901985346779223 | 0 | 5.0
0.8251957739315189 | 2 | -0.5
0.8952182136018859 | 2 | -0.5
0.9905019282526267 | 0 | 5.0
0.7899945638967284 | 0 | 5.0
0.5155088228381803 | 0 | 5.0
0.549648725511557 | 2 | -0.5
0.47855701217831176 | 0 | 5.0
0.5805658219733492 | 0 | 5.0
0.7003266428107363 | 0 | 5.0
0.8350262454119247 | 0 | 5.0
0.9714799073320562 | 2 | -0.5
0.9003518593899651 | 0 | 5.0
0.957890341615341 | 0 | 5.0
1.0295498406450911 | 0 | 5.0
1.130136825395884 | 0 | 5.0
1.2334667953924308 | 0 | 5.0
1.3119448247878156 | 0 | 5.0
1.3859244164792104 | 0 | 5.0
1.480574587185416 | 2 | -0.5
1.4214052037329012 | 0 | 5.0
1.48625427447023 | 0 | 5.0
1.5241082133212975 | 0 | 5.0
1.6006809724536024 | 0 | 5.0
1.611887219236132 | 0 | 5.0
1.6614498153336887 | 0 | 5.0
1.7163397471823998 | 2 | -0.5
1.6808904016254644 | 0 | 5.0
1.6918718524867216 | 0 | 5.0
1.7036745964355593 | 0 | 5.0
1.6738022896949913 | 2 | -0.5
1.7424818840409895 | 0 | 5.0
1.6980112346024185 | 0 | 5.0
1.6223689057255062 | 0 | 5.0
1.6168563667870677 | 0 | 5.0
1.5168144874111793 | 2 | -0.5
1.6412596843803156 | 0 | 5.0
1.592934839893366 | 0 | 5.0
1.461289654325352 | 2 | -0.5
1.6581890191436595 | 0 | 5.0
1.5302970643069125 | 0 | 5.0
1.3489941835560089 | 2 | -0.5
1.4946491291028234 | 0 | 5.0
1.208091998954323 | 2 | -0.5
1.5552591242041909 | 0 | 5.0
1.1491651911888698 | 0 | 5.0
0.8539916752692858 | 0 | 5.0
0.6194429852588244 | 0 | 5.0
0.7079179812380302 | 0 | 5.0
0.8467901688135506 | 0 | 5.0
0.9748801496853698 | 2 | -0.5
0.9135632831603394 | 0 | 5.0
0.967206279237878 | 0 | 5.0
1.0803057393917608 | 0 | 5.0
1.1946112832884022 | 0 | 5.0
1.2722564100715892 | 0 | 5.0
1.3549431068848747 | 2 | -0.5
1.3275506016848386 | 0 | 5.0
1.3526651242531502 | 0 | 5.0
1.3896209838484965 | 0 | 5.0
1.4511442458390804 | 0 | 5.0
1.4859777570971988 | 0 | 5.0
1.5660768886701177 | 0 | 5.0
1.5946873430565798 | 0 | 5.0
1.6750537233748743 | 0 | 5.0
1.7005271299643216 | 0 | 5.0
1.7389964017120414 | 0 | 5.0
1.8083796867630328 | 0 | 5.0
1.8728837930578037 | 0 | 5.0
1.903598145299662 | 0 | 5.0
1.9716474717917882 | 0 | 5.0
2.0036370115470663 | 2 | -0.5
1.985371496471775 | 0 | 5.0
1.9480995827181178 | 0 | 5.0
1.9569090179817763 | 0 | 5.0
1.9648060658254916 | 1 | -0.5
2.062685628623998 | 2 | -0.5
1.9711137958402873 | 1 | -0.5
2.05070604841742 | 2 | -0.5
2.002619361610355 | 1 | -0.5
2.051978120795724 | 2 | -0.5
2.055819879972434 | 1 | -0.5
2.0526256364549074 | 1 | -0.5
2.2097410419950734 | 2 | -0.5
2.1166895723606105 | 1 | -0.5
2.213982238117708 | 2 | -0.5
2.1031255443310095 | 1 | -0.5
2.3003115122970272 | 2 | -0.5
2.1498159542729542 | 1 | -0.5
2.318218751965927 | 1 | -0.5
2.576548972840158 | 2 | -0.5
2.327124718142575 | 1 | -0.5
2.568417542594358 | 2 | -0.5
2.3806424934365245 | 1 | -0.5
2.6104105450483304 | 1 | -0.5
3.122342327371029 | 2 | -0.5
2.709497075954949 | 1 | -0.5
3.2081264723283587 | 2 | -0.5
2.7823776300414704 | 1 | -0.5
3.3078542867271747 | 1 | -0.5
3.5948352936851187 | 0 | 5.0
3.417679057166478 | 0 | 5.0
3.281380577242414 | 0 | 5.0
3.1057335080011055 | 0 | 5.0
2.98279405779541 | 0 | 5.0
2.8376806724023487 | 0 | 5.0
2.628303240097326 | 0 | 5.0
2.519648621141425 | 0 | 5.0
2.413288143158022 | 0 | 5.0
2.3864520557325073 | 1 | -0.5
2.1116081681722405 | 0 | 5.0
2.0175796325834554 | 0 | 5.0
1.9282126695709223 | 0 | 5.0
1.8552854728983932 | 0 | 5.0
1.789785159897335 | 0 | 5.0
1.6994476143119788 | 0 | 5.0
1.6057361074961243 | 0 | 5.0
1.4886729213984458 | 0 | 5.0
1.5000420739088238 | 0 | 5.0
1.4061067147933717 | 0 | 5.0
1.3008664954667053 | 0 | 5.0
1.2445207185154203 | 0 | 5.0
1.1306662661706801 | 0 | 5.0
1.1229542250296591 | 0 | 5.0
1.0201514139545416 | 0 | 5.0
0.9243195742011135 | 1 | -0.5
0.890137256297361 | 0 | 5.0
0.8489491914502943 | 0 | 5.0
0.8326255956612909 | 0 | 5.0
0.8184106130390388 | 0 | 5.0
0.8115536910866483 | 0 | 5.0
0.7686167350455786 | 0 | 5.0
0.7106115069692813 | 0 | 5.0
0.6529434011459503 | 2 | -0.5
0.7514766128883638 | 0 | 5.0
0.6012886940652618 | 2 | -0.5
0.6762831938490944 | 0 | 5.0
0.5966421602985874 | 2 | -0.5
0.6703008264471785 | 0 | -200.0
Total reward: 453.5
1.0, -2.0, 3.0, -2.0, -2.0, 4.0, 5.0, -1.0, 2.0, -1.0, 7.0, -3.0, -2.0, -1.0, -1.0, 7.0, -3.0, -3.0
parameter ends

state | action | reward
[1.51] | 0 | 5.0
1.5023834907059288 | 0 | 5.0
1.4997140557672681 | 0 | 5.0
1.4928223783521593 | 0 | 5.0
1.494671537317177 | 1 | -0.5
1.5265637755861523 | 0 | 5.0
1.5957410542778396 | 0 | 5.0
1.5710097121694984 | 0 | 5.0
1.6118521752299442 | 1 | -0.5
1.6912691146440908 | 2 | -0.5
1.6161135737205345 | 1 | -0.5
1.7224134261086448 | 2 | -0.5
1.6472500490784392 | 1 | -0.5
1.7561866781232152 | 2 | -0.5
1.7158058421701614 | 1 | -0.5
1.7898371550502317 | 1 | -0.5
1.9751612536357939 | 2 | -0.5
1.8199747399603123 | 1 | -0.5
2.035791373956843 | 2 | -0.5
1.848125726446872 | 1 | -0.5
2.08218794454239 | 2 | -0.5
1.8568746869432606 | 1 | -0.5
2.061281539712123 | 2 | -0.5
1.9098502417700174 | 1 | -0.5
2.104115741466696 | 1 | -0.5
2.4999039491898865 | 2 | -0.5
2.169943012744333 | 1 | -0.5
2.6898980041361367 | 2 | -0.5
2.3414373468944873 | 1 | -0.5
2.7021123466968113 | 2 | -0.5
2.4000905535893313 | 1 | -0.5
2.8784622598571947 | 2 | -0.5
2.4456951395948554 | 1 | -0.5
3.0101937622274653 | 2 | -0.5
2.5397258250392687 | 1 | -0.5
3.0839236290138348 | 0 | 5.0
3.267894618127446 | 1 | -0.5
3.222713865479431 | 0 | 5.0
3.1434753872881274 | 0 | 5.0
3.1039178206688947 | 0 | 5.0
2.9730598638139503 | 0 | 5.0
2.863940577952004 | 1 | -0.5
2.468312024933244 | 0 | 5.0
2.363142781034811 | 0 | 5.0
2.2473785103323025 | 0 | 5.0
2.171349706397118 | 0 | 5.0
2.085503124389626 | 0 | 5.0
1.9845976027666485 | 1 | -0.5
1.8124879392581537 | 0 | 5.0
1.7120000498913264 | 0 | 5.0
1.6119816935977134 | 0 | 5.0
1.5988911264887 | 0 | 5.0
1.5808674859165917 | 0 | 5.0
1.4951207182777677 | 0 | 5.0
1.4702625406433278 | 0 | 5.0
1.3986321507482091 | 0 | 5.0
1.3304730833898744 | 0 | 5.0
1.2566365012763767 | 1 | -0.5
1.15783399560139 | 0 | 5.0
1.1063834872021232 | 0 | 5.0
1.0988556282646342 | 0 | 5.0
1.0200567186472218 | 0 | 5.0
1.0300393666932683 | 0 | 5.0
0.9849689861521475 | 0 | 5.0
0.9912962274150066 | 0 | 5.0
0.9463925926838641 | 0 | 5.0
0.9427280948850997 | 0 | 5.0
0.9269962792139073 | 0 | 5.0
0.9047605493544382 | 0 | 5.0
0.8576109420169654 | 0 | 5.0
0.8460014513431781 | 0 | 5.0
0.8193962123731299 | 0 | 5.0
0.837401270985658 | 0 | 5.0
0.7908569162550056 | 0 | 5.0
0.7904237147131672 | 0 | 5.0
0.7946214535802065 | 0 | 5.0
0.7128631442199457 | 0 | 5.0
0.7436937959416475 | 0 | 5.0
0.6789814095514174 | 0 | 5.0
0.6401586439454436 | 0 | 5.0
0.6750621744573692 | 0 | 5.0
0.6256601666956532 | 0 | 5.0
0.6288256289706745 | 0 | 5.0
0.5929550587479133 | 0 | 5.0
0.6305117707336481 | 0 | 5.0
0.5845033596445948 | 0 | 5.0
0.5265425605279735 | 0 | 5.0
0.5306565536854675 | 1 | -0.5
0.4988013587648168 | 0 | 5.0
0.4823158553244147 | 0 | 5.0
0.5192237948153603 | 0 | 5.0
0.5377210620454763 | 0 | 5.0
0.5259375290892652 | 0 | 5.0
0.5412958366321824 | 0 | 5.0
0.5058834149089988 | 0 | 5.0
0.49730420651162477 | 0 | 5.0
0.5202690481959837 | 0 | 5.0
0.5142742419358193 | 0 | 5.0
0.47385107788447084 | 0 | 5.0
0.45418821324345615 | 0 | 5.0
0.5038372515705285 | 0 | 5.0
0.47871046377508375 | 1 | -0.5
0.44648725405094347 | 0 | 5.0
0.48785225205147265 | 0 | 5.0
0.5135914483217965 | 0 | 5.0
0.5476255507841071 | 0 | 5.0
0.5576248420282116 | 0 | 5.0
0.6087378281769349 | 0 | 5.0
0.6251934656830985 | 1 | -0.5
0.6391502120429484 | 0 | 5.0
0.7395148074289536 | 0 | 5.0
0.8672075875756118 | 0 | 5.0
0.9097118339424408 | 0 | 5.0
0.9843788842103317 | 0 | 5.0
1.104065258059393 | 1 | -0.5
1.284429752770014 | 0 | 5.0
1.3431034131640076 | 0 | 5.0
1.4735154139863516 | 1 | -0.5
1.7195335554464868 | 0 | 5.0
1.9786170017099503 | 0 | 5.0
2.145176296415964 | 1 | -0.5
2.9712995166772087 | 0 | 5.0
3.2488116489503813 | 0 | 5.0
3.2147129170596878 | 0 | 5.0
3.056358249895488 | 0 | 5.0
2.9726987396391316 | 0 | 5.0
2.885840421042229 | 0 | 5.0
2.6971365321667102 | 0 | 5.0
2.5942604926397124 | 0 | 5.0
2.4524907653680033 | 0 | 5.0
2.305604651875512 | 0 | 5.0
2.1925880181784345 | 0 | 5.0
2.1163909604062265 | 0 | 5.0
2.0101382087288355 | 1 | -0.5
1.799053848574172 | 0 | 5.0
1.7085198706439824 | 0 | 5.0
1.6949706438322678 | 0 | 5.0
1.6128923179615409 | 0 | 5.0
1.5466189765535323 | 0 | 5.0
1.4751515985453938 | 0 | 5.0
1.3699376585741863 | 0 | 5.0
1.2683651693591584 | 1 | -0.5
1.2394811121380545 | 0 | 5.0
1.2474476483245194 | 0 | 5.0
1.1931655846578313 | 0 | 5.0
1.1772950540813045 | 0 | 5.0
1.161921493523802 | 0 | 5.0
1.1275914978084363 | 1 | -0.5
1.111086378586599 | 0 | 5.0
1.1063570548104606 | 0 | 5.0
1.1647776123641722 | 0 | 5.0
1.1895748109164217 | 0 | 5.0
1.19571023058392 | 0 | 5.0
1.2442791560218387 | 0 | 5.0
1.2716968237141033 | 1 | -0.5
1.3576246458825043 | 0 | 5.0
1.3964105961736324 | 0 | 5.0
1.4133555010887715 | 1 | -0.5
1.5907093098377696 | 2 | -0.5
1.5115847171524557 | 1 | -0.5
1.6412243767490002 | 2 | -0.5
1.5644492072879719 | 1 | -0.5
1.7519041240084805 | 2 | -0.5
1.6124006220057467 | 1 | -0.5
1.7506309125076398 | 2 | -0.5
1.591993725624717 | 1 | -0.5
1.7159453549036285 | 2 | -0.5
1.6140376901216917 | 1 | -0.5
1.7734573234664264 | 1 | -0.5
1.982306635903929 | 2 | -0.5
1.808683150978428 | 1 | -0.5
2.126964215584036 | 2 | -0.5
1.8581706273174696 | 1 | -0.5
2.116568211062465 | 2 | -0.5
1.925386390476283 | 1 | -0.5
2.2068446949890803 | 1 | -0.5
2.6849857644902704 | 0 | 5.0
3.0906330283056422 | 0 | 5.0
3.331806572446367 | 0 | 5.0
3.406804509667978 | 0 | 5.0
3.1635158986237473 | 0 | 5.0
2.982654715331163 | 0 | 5.0
2.7184998918981593 | 0 | 5.0
2.5291296836111696 | 0 | 5.0
2.4077902742915094 | 1 | -0.5
2.1373631230801573 | 0 | 5.0
2.0563347749343994 | 0 | 5.0
1.9824195796491146 | 0 | 5.0
1.9137413796339315 | 0 | 5.0
1.783976381570474 | 0 | 5.0
1.7521530656756694 | 0 | 5.0
1.6180203775114854 | 0 | 5.0
1.580142598980951 | 0 | 5.0
1.4964733878083105 | 1 | -0.5
1.37247129504753 | 0 | 5.0
1.3147782094088982 | 0 | 5.0
1.312958641463594 | 0 | 5.0
1.2977088678889985 | 0 | 5.0
1.2149132469430326 | 0 | 5.0
1.159632950798386 | 0 | 5.0
1.1270706099566108 | 0 | 5.0
1.1193353421380188 | 0 | 5.0
1.0437614421279335 | 0 | 5.0
1.0202663482318448 | 0 | 5.0
0.9870005290865941 | 0 | 5.0
0.9852760271748872 | 0 | 5.0
0.9118887037224837 | 0 | 5.0
0.868629039077979 | 0 | 5.0
0.8339583414181467 | 0 | 5.0
0.8057929991745539 | 0 | 5.0
0.7461575960557291 | 1 | -0.5
0.7440639611013534 | 2 | -0.5
0.7368148513376804 | 0 | 5.0
0.6968219642106682 | 2 | -0.5
0.7492563433637386 | 0 | 5.0
0.6790018780383962 | 2 | -0.5
0.701257482767849 | 2 | -0.5
0.7959660140652497 | 0 | 5.0
0.6258204937045031 | 2 | -0.5
0.6786334090385671 | 0 | 5.0
0.49124165473883186 | 0 | 5.0
0.42321505072514876 | 0 | 5.0
0.5499933961998922 | 0 | 5.0
0.7504724754591428 | 2 | -0.5
0.6801342748950927 | 0 | 5.0
0.8092724511633534 | 0 | 5.0
0.9267198528314736 | 0 | 5.0
1.0861013733743026 | 2 | -0.5
0.9936639166186201 | 0 | 5.0
1.0938463954272903 | 0 | 5.0
1.1089044747340413 | 0 | 5.0
1.1708854068790144 | 0 | 5.0
1.2251796183388854 | 0 | 5.0
1.2995692564588535 | 0 | 5.0
1.35398136899328 | 0 | 5.0
1.4331648358662807 | 0 | 5.0
1.4063527802575946 | 0 | 5.0
1.5232258557000846 | 0 | 5.0
1.523625248102989 | 0 | 5.0
1.620973367772817 | 0 | 5.0
1.6600561859564527 | 0 | 5.0
1.7213836701473275 | 0 | 5.0
1.806571909764401 | 0 | 5.0
1.7798285969373109 | 0 | 5.0
1.8547603806084372 | 0 | 5.0
1.8967287797728059 | 2 | -0.5
1.829210558504846 | 0 | 5.0
1.918004415634161 | 0 | 5.0
1.9114027983451842 | 0 | 5.0
1.901713123473634 | 1 | -0.5
1.9567622924739583 | 2 | -0.5
1.8988118281957622 | 1 | -0.5
1.9563785919873098 | 2 | -0.5
1.9210974919876262 | 1 | -0.5
1.9608733934103562 | 1 | -0.5
2.1326049235858915 | 2 | -0.5
1.9795833272487917 | 1 | -0.5
2.1470866754945193 | 2 | -0.5
2.0086306356743915 | 1 | -0.5
2.1620065734990215 | 2 | -0.5
2.074255249210534 | 1 | -0.5
2.2292995921566425 | 1 | -0.5
2.514030240854036 | 2 | -0.5
2.298745411299233 | 1 | -0.5
2.600981614453313 | 2 | -0.5
2.3238720783141797 | 1 | -0.5
2.634851716513407 | 2 | -0.5
2.368566457727139 | 1 | -0.5
2.6525224328963253 | 1 | -0.5
3.159609340762384 | 2 | -0.5
2.613570684976391 | 1 | -0.5
3.1668056977213035 | 2 | -0.5
2.718932500790359 | 1 | -0.5
3.3861057123404703 | 2 | -0.5
2.8046050295590397 | 1 | -0.5
3.396259380314312 | 0 | 5.0
3.522831767178269 | 1 | -0.5
3.264132006527779 | 0 | 5.0
3.228874594852674 | 0 | 5.0
3.0835948967112037 | 0 | 5.0
2.9111527818764755 | 0 | 5.0
2.792876674958193 | 0 | 5.0
2.65732807384938 | 1 | -0.5
2.2854064110207313 | 0 | 5.0
2.211254005942886 | 0 | 5.0
2.1346528368884172 | 0 | 5.0
2.028518165522414 | 0 | 5.0
1.9182422121628453 | 0 | 5.0
1.7781041114835563 | 1 | -0.5
1.5942752638708355 | 0 | 5.0
1.5462135581541776 | 0 | 5.0
1.466483580714866 | 0 | 5.0
1.4750430903422305 | 0 | 5.0
1.397409473090594 | 0 | 5.0
1.336542661153898 | 0 | 5.0
1.2968273459185065 | 1 | -0.5
1.231417877443257 | 0 | 5.0
1.219803656066404 | 0 | 5.0
1.2346036365974158 | 0 | 5.0
1.1904766924314836 | 0 | 5.0
1.1930084561463163 | 1 | -0.5
1.16444009229748 | 0 | 5.0
1.1836842660861069 | 0 | 5.0
1.1810026395218123 | 0 | 5.0
1.2021107845186059 | 1 | -0.5
1.2584561235080014 | 0 | 5.0
1.3041271891313602 | 0 | 5.0
1.3544325814294267 | 0 | 5.0
1.4056015820378205 | 0 | 5.0
1.462700661638041 | 1 | -0.5
1.585782969333305 | 2 | -0.5
1.525643700396875 | 1 | -0.5
1.667924421295106 | 2 | -0.5
1.5200283278727447 | 1 | -0.5
1.6755200754824304 | 2 | -0.5
1.5900418675009076 | 1 | -0.5
1.7351307015761286 | 2 | -0.5
1.6135128332880697 | 1 | -0.5
1.773536026199462 | 1 | -0.5
2.0442617743876523 | 2 | -0.5
1.8702224709571842 | 1 | -0.5
2.2055961290443626 | 2 | -0.5
1.8838794019476959 | 1 | -0.5
2.2369123105014017 | 2 | -0.5
1.9379815939662484 | 1 | -0.5
2.269210870611547 | 2 | -0.5
2.0277645969120575 | 1 | -0.5
2.3951073770677516 | 0 | 5.0
2.5965523173516196 | 1 | -0.5
3.07476645707017 | 0 | 5.0
3.379613660152043 | 0 | 5.0
3.396565150811504 | 0 | 5.0
3.286219259269465 | 1 | -0.5
2.806104603358522 | 0 | 5.0
2.748120043542271 | 0 | 5.0
2.6492810986710356 | 0 | 5.0
2.532884412844768 | 0 | 5.0
2.4539460574757466 | 0 | 5.0
2.3022878026739257 | 0 | 5.0
2.2158231081375916 | 0 | 5.0
2.1276016731667577 | 0 | 5.0
1.9805678705935297 | 1 | -0.5
1.8048216915292323 | 0 | 5.0
1.7497803388457214 | 0 | 5.0
1.676432259646376 | 0 | 5.0
1.623972893566215 | 0 | 5.0
1.5476372797855895 | 0 | 5.0
1.45241519520839 | 0 | 5.0
1.359684078537094 | 0 | 5.0
1.2910105741913096 | 0 | 5.0
1.2610710724603056 | 0 | 5.0
1.1699049419044532 | 0 | 5.0
1.1240042492718947 | 1 | -0.5
1.0760339925019393 | 0 | 5.0
1.0958860386414475 | 0 | 5.0
1.025621437487771 | 0 | 5.0
1.0531430798034844 | 0 | 5.0
0.9888680341910664 | 0 | 5.0
0.9711680613983517 | 0 | 5.0
0.9404137088698401 | 0 | 5.0
0.8761038062235355 | 0 | 5.0
0.8520242432658718 | 0 | 5.0
0.8308485309954535 | 0 | 5.0
0.8115772451858735 | 0 | 5.0
0.7455420869488922 | 1 | -0.5
0.7636718368546542 | 0 | 5.0
0.7259145859536785 | 0 | 5.0
0.7093648361264981 | 0 | 5.0
0.6918980583430678 | 0 | 5.0
0.7197740890758076 | 0 | 5.0
0.7110907921108656 | 0 | 5.0
0.6991691728282236 | 0 | 5.0
0.7133860223757752 | 0 | 5.0
0.6644443887731694 | 0 | 5.0
0.6554965258620944 | 0 | 5.0
0.6546870913222055 | 0 | 5.0
0.6252294088460231 | 0 | 5.0
0.6229995858229719 | 0 | 5.0
0.6050639394707823 | 0 | 5.0
0.6496407670770348 | 0 | 5.0
0.6205466102663372 | 0 | 5.0
0.6152024543402002 | 0 | 5.0
0.6193651858552314 | 0 | 5.0
0.5586880533935815 | 0 | 5.0
0.5915963352167034 | 0 | 5.0
0.620684062243793 | 0 | 5.0
0.6238536980353279 | 0 | 5.0
0.624934648502639 | 0 | 5.0
0.6124323404647255 | 0 | 5.0
0.6117834136178033 | 0 | 5.0
0.6310409803556957 | 0 | 5.0
0.6378967767453094 | 0 | 5.0
0.6158526287347069 | 0 | 5.0
0.6719587042804667 | 0 | 5.0
0.6476675221646689 | 0 | 5.0
0.6612530473509033 | 0 | 5.0
0.6433338764557629 | 0 | 5.0
0.6687876361901836 | 0 | 5.0
0.6511745030035128 | 0 | 5.0
0.6581569466574787 | 1 | -0.5
0.6652234286546213 | 0 | 5.0
0.7501033024172318 | 0 | 5.0
0.7870246820276682 | 0 | 5.0
0.7661113797239205 | 0 | 5.0
0.8074265651572798 | 1 | -0.5
0.9077211678495186 | 0 | 5.0
1.0152767921226176 | 0 | 5.0
1.064211883065503 | 0 | 5.0
1.197936101753509 | 1 | -0.5
1.326597798083147 | 2 | -0.5
1.2458293511582321 | 1 | -0.5
1.3532167610445482 | 2 | -0.5
1.2913309973382867 | 1 | -0.5
1.4584582551227159 | 0 | 5.0
1.6498804123245838 | 0 | 5.0
1.7792467704147459 | 1 | -0.5
2.1801452895585647 | 0 | 5.0
2.418231051218917 | 0 | 5.0
2.6851746970172203 | 0 | 5.0
2.8029671662735964 | 1 | -0.5
3.101333134203408 | 0 | 5.0
3.043623450050117 | 0 | 5.0
2.933630864603047 | 0 | 5.0
2.8130788265606568 | 0 | 5.0
2.7499017530879994 | 0 | 5.0
2.56185688563586 | 0 | 5.0
2.42845241003994 | 0 | 5.0
2.285470451167362 | 0 | 5.0
2.1408618371985733 | 0 | 5.0
2.035143677485744 | 1 | -0.5
1.8588492914311188 | 0 | 5.0
1.7952661084295884 | 0 | 5.0
1.722938500621517 | 0 | 5.0
1.676919842893337 | 0 | 5.0
1.5997351341950283 | 0 | 5.0
1.521470880831083 | 0 | 5.0
1.4372887533220569 | 0 | 5.0
1.3644614153767645 | 0 | 5.0
1.2566933620928769 | 0 | 5.0
1.2379048155179662 | 0 | 5.0
1.182450757115646 | 0 | 5.0
1.135382911541985 | 0 | 5.0
1.0636348561546451 | 0 | 5.0
1.031025381552385 | 1 | -0.5
1.0228942283431135 | 0 | 5.0
0.9591598407350952 | 0 | 5.0
0.9522757868978886 | 0 | 5.0
0.9396400243065988 | 0 | 5.0
0.8501042510220237 | 0 | 5.0
0.8793039603121143 | 0 | 5.0
0.8043442883383782 | 0 | 5.0
0.8291938348579649 | 0 | 5.0
0.8414227711832613 | 0 | 5.0
0.7683695066428017 | 0 | 5.0
0.7430997400216509 | 0 | 5.0
0.7275832998024016 | 0 | 5.0
0.737455557384874 | 0 | 5.0
0.6437660426442654 | 1 | -0.5
0.6598067560732382 | 0 | 5.0
0.657461995684522 | 0 | 5.0
0.6721144798896744 | 0 | 5.0
0.6982912602441618 | 0 | 5.0
0.664828124452579 | 0 | 5.0
0.6999472319141776 | 0 | 5.0
0.6908479957731659 | 0 | 5.0
0.7337724336190427 | 0 | 5.0
0.7187524983576117 | 0 | 5.0
0.7012177308257952 | 0 | 5.0
0.7118025151599651 | 0 | 5.0
0.6833336577761833 | 0 | 5.0
0.7056270674692587 | 0 | 5.0
0.6810449954366293 | 0 | 5.0
0.6587198967802055 | 0 | 5.0
0.6610531343144195 | 0 | 5.0
0.6223270972811408 | 0 | 5.0
0.6822436253341324 | 0 | 5.0
0.6657130890828697 | 0 | 5.0
0.6586961157766932 | 0 | 5.0
0.6326176640078313 | 0 | 5.0
0.6993711722526635 | 0 | 5.0
0.6626687011401243 | 0 | 5.0
0.6957501600870964 | 0 | 5.0
0.6114518796445021 | 0 | 5.0
0.6713757661910956 | 0 | 5.0
0.67735464474082 | 0 | 5.0
0.6991916341275707 | 0 | 5.0
0.757780533411695 | 0 | 5.0
0.7737142120844378 | 0 | 5.0
0.7299267447154933 | 0 | 5.0
0.7678747362473062 | 0 | 5.0
0.7884572962155711 | 0 | 5.0
0.779814177309449 | 1 | -0.5
0.8133503705519826 | 0 | 5.0
0.9320315192169089 | 0 | 5.0
0.9722394881522741 | 0 | 5.0
1.03450451583246 | 0 | 5.0
1.068296194031407 | 0 | 5.0
1.1497092701753366 | 1 | -0.5
1.2563987038937667 | 2 | -0.5
1.1470000952861745 | 1 | -0.5
1.3022062122109073 | 2 | -0.5
1.2115120313175816 | 1 | -0.5
1.3031583066384176 | 2 | -0.5
1.2158667650213237 | 1 | -0.5
1.3774027390002614 | 2 | -0.5
1.3197690070807735 | 1 | -0.5
1.4129693324550998 | 1 | -0.5
1.6459272606350306 | 0 | 5.0
1.7814063149706632 | 0 | 5.0
1.9279548992791262 | 0 | 5.0
2.132220796360476 | 1 | -0.5
2.545126035686199 | 0 | 5.0
2.9254774609684757 | 0 | 5.0
3.0160361548839574 | 0 | 5.0
3.2762739973006356 | 0 | 5.0
3.152605276305937 | 0 | 5.0
2.966714456590923 | 1 | -0.5
2.593242616807309 | 0 | 5.0
2.4526341950143595 | 0 | 5.0
2.372508989681253 | 0 | 5.0
2.253817627039405 | 0 | 5.0
2.1615718586010564 | 0 | 5.0
2.0610726818045326 | 0 | 5.0
1.9809867264602319 | 0 | 5.0
1.866404072562256 | 0 | 5.0
1.7848588842161235 | 0 | 5.0
1.627377593685873 | 0 | 5.0
1.580018285361464 | 0 | 5.0
1.4800337921349187 | 1 | -0.5
1.4152095905932724 | 0 | 5.0
1.3421137274243016 | 0 | 5.0
1.3349213094614407 | 0 | 5.0
1.2590882694457204 | 0 | 5.0
1.219808452585439 | 0 | 5.0
1.2013198840087493 | 1 | -0.5
1.1084224157395854 | 0 | 5.0
1.0694017565939578 | 0 | 5.0
1.0824900910646917 | 0 | 5.0
1.0955088359465248 | 0 | 5.0
1.0864285386809271 | 1 | -0.5
1.0930748186901256 | 0 | 5.0
1.0593456544883275 | 0 | 5.0
1.1734060193852873 | 0 | 5.0
1.1482791163327275 | 0 | 5.0
1.1979425635275405 | 0 | 5.0
1.2356990018731286 | 0 | 5.0
1.266473958757038 | 1 | -0.5
1.380611810535996 | 0 | 5.0
1.463487277744816 | 1 | -0.5
1.6987094363981832 | 2 | -0.5
1.5268373398938297 | 2 | -0.5
1.460602962041849 | 1 | -0.5
1.5297827904022276 | 1 | -0.5
1.7914561761093024 | 2 | -0.5
1.610264232735516 | 1 | -0.5
1.8989426597307029 | 2 | -0.5
1.6407120733369103 | 1 | -0.5
2.0018007471051575 | 2 | -0.5
1.819457988253334 | 1 | -0.5
2.070704871371379 | 0 | 5.0
2.309333914514963 | 2 | -0.5
2.1002382795129035 | 1 | -0.5
2.540220635660675 | 0 | 5.0
2.7739261511294453 | 1 | -0.5
3.4731624743687366 | 0 | 5.0
3.2285612114559297 | 0 | 5.0
2.996696610661029 | 0 | 5.0
2.913002505931234 | 0 | 5.0
2.7765936712672614 | 0 | 5.0
2.713849272726689 | 0 | 5.0
2.6279568377212574 | 0 | 5.0
2.468348571738394 | 0 | 5.0
2.310784416149545 | 0 | 5.0
2.2024223933934084 | 0 | 5.0
2.1460444765182953 | 0 | 5.0
2.048030106499322 | 0 | 5.0
1.8662725971677856 | 0 | 5.0
1.8491446463989851 | 1 | -0.5
1.6747630058484175 | 0 | 5.0
1.6412768649603575 | 0 | 5.0
1.544567033302079 | 0 | 5.0
1.492229694079872 | 0 | 5.0
1.464132060111217 | 0 | 5.0
1.3546072553202249 | 0 | 5.0
1.301608463972799 | 0 | 5.0
1.2172048841902359 | 0 | 5.0
1.1560732263356734 | 0 | 5.0
1.113995931033596 | 0 | 5.0
1.0436580116725183 | 0 | 5.0
0.930717544023508 | 0 | 5.0
0.8879655440130734 | 0 | 5.0
0.8313313696169368 | 0 | 5.0
0.7875865826452395 | 0 | 5.0
0.7276398118837948 | 1 | -0.5
0.692547298482562 | 0 | 5.0
0.6525381700943658 | 0 | 5.0
0.6360919547972261 | 0 | 5.0
0.6095389887008066 | 0 | 5.0
0.5876389284888975 | 1 | -0.5
0.6073874157976846 | 2 | -0.5
0.6291377498142137 | 2 | -0.5
0.6250104957405961 | 0 | 5.0
0.5819065803735273 | 2 | -0.5
0.6008345391499117 | 0 | 5.0
0.4761089807049476 | 2 | -0.5
0.5477303238998987 | 2 | -0.5
0.7159436832688754 | 0 | 5.0
0.41356293280512024 | 0 | -200.0
Total reward: 1856.0
1.0, -2.0, 3.0, -2.0, -2.0, 4.0, 5.0, -1.0, 2.0, -1.0, 7.0, -3.0, -2.0, -1.0, -1.0, 7.0, -3.0, -3.0
parameter ends

state | action | reward
[2.23] | 1 | -0.5
1.7994958698185402 | 1 | -0.5
1.5435634357979378 | 1 | -0.5
1.4444387976292743 | 0 | 5.0
1.4307078176536618 | 0 | 5.0
1.397661136832308 | 0 | 5.0
1.3206263430522431 | 0 | 5.0
1.30856507478768 | 0 | 5.0
1.2228609779239779 | 0 | 5.0
1.2346790439215494 | 0 | 5.0
1.1360290724267637 | 0 | 5.0
1.0588849665416384 | 0 | 5.0
1.0530022305735194 | 1 | -0.5
1.0224376230597563 | 0 | 5.0
0.9960990766512375 | 0 | 5.0
0.9753743358516817 | 0 | 5.0
0.9373062553733505 | 0 | 5.0
0.9174787153837113 | 0 | 5.0
0.9007546852325451 | 0 | 5.0
0.8794597552035888 | 0 | 5.0
0.8454400028901085 | 0 | 5.0
0.8214241817907267 | 0 | 5.0
0.7416381161353611 | 0 | 5.0
0.7161020591135294 | 0 | 5.0
0.6643956167010241 | 0 | 5.0
0.6829253016741228 | 0 | 5.0
0.6385224045542537 | 1 | -0.5
0.6051847817268947 | 0 | 5.0
0.5723584898298567 | 0 | 5.0
0.584362064567249 | 0 | 5.0
0.5177007938334115 | 2 | -0.5
0.6030240464350995 | 2 | -0.5
0.623833530367836 | 0 | 5.0
0.5245105472120315 | 2 | -0.5
0.5441018201112082 | 2 | -0.5
0.55954522913917 | 0 | 5.0
0.4202471371959732 | 2 | -0.5
0.4512741374072242 | 0 | -200.0
Total reward: -70.0
1.0, -2.0, 3.0, -2.0, -2.0, 4.0, 5.0, -1.0, 2.0, -1.0, 7.0, -3.0, -2.0, -1.0, -1.0, 7.0, -3.0, -3.0
parameter ends

state | action | reward
[3.02] | 2 | -0.5
4.5526508386604405 | 0 | 5.0
4.178103843162748 | 0 | 5.0
3.176849413671112 | 0 | 5.0
2.7732443322447913 | 0 | 5.0
2.1033029827641916 | 0 | 5.0
1.8573413576005344 | 0 | 5.0
1.5301620517618233 | 0 | 5.0
1.6141204811681584 | 0 | 5.0
1.6020489652867131 | 0 | 5.0
1.6626699359350083 | 0 | 5.0
1.700550681493065 | 0 | 5.0
1.7099371449641239 | 0 | 5.0
1.7687966068356502 | 0 | 5.0
1.7552502192160317 | 0 | 5.0
1.821729869097466 | 0 | 5.0
1.8688179328854826 | 0 | 5.0
1.9443959812821152 | 0 | 5.0
1.9209734129102873 | 0 | 5.0
1.9572510312878344 | 0 | 5.0
1.9421086929990927 | 0 | 5.0
2.02131179482753 | 0 | 5.0
2.0467057228197802 | 0 | 5.0
2.058029533172401 | 0 | 5.0
2.121925199346772 | 0 | 5.0
2.164858213174299 | 2 | -0.5
2.1393597347189384 | 0 | 5.0
2.13979514477597 | 0 | 5.0
2.125211568332161 | 0 | 5.0
2.145866974899037 | 0 | 5.0
2.1213739597705112 | 0 | 5.0
2.0868318742332064 | 0 | 5.0
2.110599834676193 | 0 | 5.0
2.0468244900946604 | 0 | 5.0
2.0484460240346984 | 0 | 5.0
2.0317730409421615 | 0 | 5.0
2.0037681235071405 | 0 | 5.0
1.9927670861926077 | 0 | 5.0
1.961186291967521 | 0 | 5.0
1.9301987136572494 | 0 | 5.0
1.98852672146451 | 0 | 5.0
1.9708540707974869 | 0 | 5.0
1.9602820559940282 | 0 | 5.0
1.9701210130338818 | 0 | 5.0
1.9413360945371614 | 0 | 5.0
1.9358687816096383 | 0 | 5.0
1.9410923205872215 | 0 | 5.0
1.9534938754397666 | 0 | 5.0
1.9597485069525826 | 0 | 5.0
1.9141360710978714 | 0 | 5.0
1.8756257009181878 | 0 | 5.0
1.9066658596744905 | 0 | 5.0
1.9184059689007167 | 0 | 5.0
1.8740074633384713 | 0 | 5.0
1.82946274923953 | 0 | 5.0
1.7749637768751947 | 0 | 5.0
1.7678321504126653 | 0 | 5.0
1.7969453286904364 | 0 | 5.0
1.72429379933418 | 0 | 5.0
1.7821956330487847 | 0 | 5.0
1.739981167316592 | 0 | 5.0
1.6861105980743967 | 0 | 5.0
1.6896969608511652 | 0 | 5.0
1.5828160270078135 | 0 | 5.0
1.5394989930951442 | 0 | 5.0
1.5059071938658248 | 0 | 5.0
1.4739371802694012 | 0 | 5.0
1.456513803836456 | 0 | 5.0
1.3936419561315962 | 0 | 5.0
1.356743771830643 | 0 | 5.0
1.3518532994240358 | 0 | 5.0
1.319258461291966 | 0 | 5.0
1.3190234583264835 | 0 | 5.0
1.2807483620770048 | 0 | 5.0
1.2756214329518398 | 0 | 5.0
1.180398860796214 | 0 | 5.0
1.1880345033009492 | 0 | 5.0
1.1356931739083436 | 0 | 5.0
1.1068839408353879 | 2 | -0.5
1.1318849377131046 | 0 | 5.0
1.0774692560240515 | 0 | 5.0
1.0237649873608794 | 2 | -0.5
1.0288549123750008 | 0 | 5.0
0.9669987723624817 | 2 | -0.5
1.0450383866650819 | 2 | -0.5
1.233143906369266 | 0 | 5.0
1.0051156602085494 | 0 | 5.0
0.7688286659878529 | 0 | 5.0
0.5087600270436714 | 2 | -0.5
0.5830817588953797 | 0 | 5.0
0.6078771667994989 | 0 | 5.0
0.7602806151243202 | 0 | 5.0
0.8693638448069804 | 0 | 5.0
1.058821491777469 | 0 | 5.0
1.1353356889320756 | 2 | -0.5
1.0380757618489773 | 0 | 5.0
1.0950796830183183 | 0 | 5.0
1.1540548703381879 | 0 | 5.0
1.2799037894710947 | 0 | 5.0
1.3386927625677512 | 0 | 5.0
1.3727569754255966 | 0 | 5.0
1.4490119575533622 | 0 | 5.0
1.4827798869396682 | 0 | 5.0
1.5787197729914495 | 0 | 5.0
1.6271593073403439 | 0 | 5.0
1.7108204975773857 | 0 | 5.0
1.7395710340947095 | 0 | 5.0
1.8159579342393317 | 0 | 5.0
1.88432413734908 | 2 | -0.5
1.8090746575602281 | 0 | 5.0
1.8621187432357733 | 0 | 5.0
1.8372719939978854 | 0 | 5.0
1.816074995883887 | 0 | 5.0
1.9290011634198592 | 0 | 5.0
1.9263100942503226 | 0 | 5.0
1.9789971031747198 | 0 | 5.0
2.006040038186464 | 0 | 5.0
2.0413408491698135 | 0 | 5.0
2.0510871647300193 | 0 | 5.0
2.0565506158158926 | 0 | 5.0
2.090419032231908 | 0 | 5.0
2.1431269791205954 | 0 | 5.0
2.1930956637660213 | 0 | 5.0
2.223040665864012 | 2 | -0.5
2.1843210662988155 | 0 | 5.0
2.217102378172563 | 0 | 5.0
2.131574156040575 | 0 | 5.0
2.1517310636173916 | 0 | 5.0
2.1678865084858296 | 0 | 5.0
2.166704819163496 | 0 | 5.0
2.163100116875497 | 0 | 5.0
2.1152910787929673 | 0 | 5.0
2.145284620560259 | 0 | 5.0
2.1474869373840133 | 0 | 5.0
2.1599465442244035 | 0 | 5.0
2.1139628635648444 | 0 | 5.0
2.0837241888462588 | 0 | 5.0
2.1069887115043144 | 0 | 5.0
2.0969566522130685 | 0 | 5.0
2.146532723505518 | 0 | 5.0
2.187427714121507 | 0 | 5.0
2.163469454252582 | 0 | 5.0
2.1717244323976166 | 0 | 5.0
2.206107833472188 | 0 | 5.0
2.188119456349258 | 0 | 5.0
2.201918091306438 | 0 | 5.0
2.208395824514549 | 0 | 5.0
2.236509617099923 | 0 | 5.0
2.2588366600762915 | 0 | 5.0
2.25029476124357 | 0 | 5.0
2.260645010086729 | 0 | 5.0
2.322759103902887 | 2 | -0.5
2.348735689489656 | 0 | 5.0
2.2609068216074584 | 0 | 5.0
2.207635393416581 | 0 | 5.0
2.2245958597754205 | 0 | 5.0
2.139062750179966 | 2 | -0.5
2.205811629568666 | 0 | 5.0
2.1807523847819237 | 0 | 5.0
2.1527512280621908 | 0 | 5.0
2.1002395713624895 | 2 | -0.5
2.2503364866064706 | 0 | 5.0
2.1341536259525298 | 0 | 5.0
2.00948687186524 | 2 | -0.5
2.306928715302307 | 0 | 5.0
2.0701434456884407 | 0 | 5.0
1.9417373894786367 | 0 | 5.0
1.809726963433694 | 2 | -0.5
2.1828566155260973 | 0 | 5.0
2.0540284666999113 | 0 | 5.0
1.7122778705990795 | 0 | 5.0
1.3775772192825724 | 0 | 5.0
1.112634160391607 | 0 | 5.0
0.7970728874215098 | 0 | 5.0
0.8754960018921933 | 0 | 5.0
0.9684084121721231 | 0 | 5.0
1.0861936821706304 | 2 | -0.5
1.0764935871600685 | 0 | 5.0
1.1322576865037237 | 0 | 5.0
1.1882493246315613 | 0 | 5.0
1.3636117358618 | 0 | 5.0
1.4371119373183452 | 2 | -0.5
1.3745191281971576 | 0 | 5.0
1.4122824000042007 | 0 | 5.0
1.4402959843079777 | 0 | 5.0
1.5222831840589297 | 0 | 5.0
1.5517168123326934 | 0 | 5.0
1.6164348868673775 | 0 | 5.0
1.6352602430651455 | 0 | 5.0
1.6789213725759515 | 0 | 5.0
1.7218028123062017 | 0 | 5.0
1.8129953518135211 | 0 | 5.0
1.813979938363338 | 0 | 5.0
1.8199037200858934 | 2 | -0.5
1.8276616238421586 | 0 | 5.0
1.8180517916001886 | 0 | 5.0
1.766368929248135 | 0 | 5.0
1.790039429002869 | 0 | 5.0
1.7166778454535798 | 0 | 5.0
1.7841848040265462 | 2 | -0.5
1.8207845363068893 | 0 | 5.0
1.707385561968504 | 0 | 5.0
1.6685175768137104 | 0 | 5.0
1.621076848559685 | 2 | -0.5
1.7400692231560086 | 0 | 5.0
1.6070545859105276 | 0 | 5.0
1.5265297231240353 | 2 | -0.5
1.74573325458115 | 0 | 5.0
1.5940257179196688 | 0 | 5.0
1.3748235359552878 | 2 | -0.5
1.6821383427480237 | 0 | 5.0
1.363949962556854 | 0 | 5.0
1.0933805850323381 | 0 | 5.0
0.8557418675615155 | 2 | -0.5
1.0613355088068352 | 0 | 5.0
0.6312717701561783 | 0 | 5.0
0.7630305499327763 | 0 | 5.0
0.8518637135974252 | 0 | 5.0
0.9494367075695983 | 0 | 5.0
1.017208071508811 | 0 | 5.0
1.1873648727025001 | 0 | 5.0
1.2382353364605405 | 0 | 5.0
1.3397611775665839 | 2 | -0.5
1.2452400848388812 | 0 | 5.0
1.3214159501875857 | 0 | 5.0
1.3779765544826426 | 0 | 5.0
1.4260811611540343 | 0 | 5.0
1.4723650948386031 | 0 | 5.0
1.5457786835933731 | 0 | 5.0
1.601073329425989 | 0 | 5.0
1.657430395206214 | 0 | 5.0
1.7177308841968641 | 0 | 5.0
1.740155951104355 | 0 | 5.0
1.8301590852653131 | 0 | 5.0
1.854100817615869 | 0 | 5.0
1.9102388614915837 | 0 | 5.0
1.92754250527321 | 0 | 5.0
1.947089500168946 | 0 | 5.0
2.0581261182886115 | 2 | -0.5
1.980698867569841 | 0 | 5.0
1.970676874415341 | 0 | 5.0
1.9978509289307544 | 0 | 5.0
2.0285368374775996 | 0 | 5.0
2.063359190262907 | 1 | -0.5
2.1292215519028392 | 2 | -0.5
2.0321559716676205 | 1 | -0.5
2.159320734924027 | 2 | -0.5
2.049299977678609 | 1 | -0.5
2.115665143720418 | 1 | -0.5
2.319514130771973 | 2 | -0.5
2.144710144122282 | 2 | -0.5
2.0923345967009297 | 1 | -0.5
2.239188753209266 | 1 | -0.5
2.475372216496602 | 2 | -0.5
2.233585107991796 | 1 | -0.5
2.4491292344601483 | 2 | -0.5
2.227690071927084 | 1 | -0.5
2.5418006266921944 | 1 | -0.5
2.8906802983077116 | 2 | -0.5
2.541356197012378 | 1 | -0.5
2.90481684066423 | 2 | -0.5
2.58179061465504 | 1 | -0.5
2.923125859847908 | 1 | -0.5
3.531722341201202 | 2 | -0.5
3.017478529088498 | 1 | -0.5
3.6427509462932517 | 2 | -0.5
3.012614146678188 | 1 | -0.5
3.6521526648923697 | 2 | -0.5
3.004229323054673 | 1 | -0.5
3.660609811979354 | 2 | -0.5
3.141508034752094 | 1 | -0.5
3.78358631127157 | 0 | 5.0
3.6385834054419313 | 0 | 5.0
3.479118645099914 | 1 | -0.5
3.02490440700424 | 0 | 5.0
2.898924112467958 | 0 | 5.0
2.8083197927898675 | 0 | 5.0
2.5744492093270384 | 0 | 5.0
2.4985244145497987 | 0 | 5.0
2.407839986802397 | 1 | -0.5
2.1580527905175138 | 0 | 5.0
2.0146052694167182 | 0 | 5.0
1.9692054411794813 | 0 | 5.0
1.8397330824014972 | 0 | 5.0
1.8083648710818132 | 0 | 5.0
1.7362174056282529 | 0 | 5.0
1.6789469280069027 | 0 | 5.0
1.6093029468510867 | 0 | 5.0
1.5809272894995503 | 0 | 5.0
1.5092873737974606 | 0 | 5.0
1.4852258434708223 | 0 | 5.0
1.421726360189438 | 0 | 5.0
1.3689299009781632 | 0 | 5.0
1.3144860901269775 | 0 | 5.0
1.3211451742000881 | 0 | 5.0
1.2482045964957311 | 0 | 5.0
1.1722655153010024 | 0 | 5.0
1.1777585405261752 | 0 | 5.0
1.1664512506136517 | 0 | 5.0
1.1084993976404647 | 0 | 5.0
1.0593951873135394 | 0 | 5.0
1.0303665669893058 | 2 | -0.5
1.1112907233941913 | 0 | 5.0
0.9872971209793804 | 2 | -0.5
1.093037925003126 | 0 | 5.0
0.9795555595743627 | 2 | -0.5
1.0969312216767588 | 0 | 5.0
0.8630038954824469 | 0 | 5.0
0.6455165744152163 | 2 | -0.5
0.7791844624258384 | 0 | 5.0
0.48860290072960094 | 0 | 5.0
0.5493252570702497 | 0 | 5.0
0.6988674509474423 | 0 | 5.0
0.8294155899129025 | 0 | 5.0
0.9762231282018059 | 2 | -0.5
0.9373160619286413 | 0 | 5.0
1.0040437929226413 | 0 | 5.0
1.0877796226380538 | 0 | 5.0
1.1509698731415363 | 0 | 5.0
1.2691051644888887 | 0 | 5.0
1.3014889954895996 | 0 | 5.0
1.4278282011621692 | 2 | -0.5
1.332634847461159 | 0 | 5.0
1.3925492075509216 | 0 | 5.0
1.4401624898338943 | 0 | 5.0
1.4665370396737487 | 0 | 5.0
1.5061924906876096 | 0 | 5.0
1.5507349070916943 | 0 | 5.0
1.609762826711076 | 0 | 5.0
1.658162499227765 | 0 | 5.0
1.6515540833113576 | 2 | -0.5
1.6584451178371131 | 0 | 5.0
1.6422714029177379 | 0 | 5.0
1.6178152676908728 | 0 | 5.0
1.5976383226301767 | 0 | 5.0
1.6148182764504992 | 0 | 5.0
1.5742939179875395 | 2 | -0.5
1.6079656600375118 | 0 | 5.0
1.5928525347073406 | 0 | 5.0
1.558598843619806 | 0 | 5.0
1.5066664578280193 | 2 | -0.5
1.6709156456406489 | 0 | 5.0
1.5569080283287786 | 0 | 5.0
1.428395090644128 | 0 | 5.0
1.3445149734331823 | 2 | -0.5
1.4959509495813839 | 0 | 5.0
1.2989624470193926 | 2 | -0.5
1.5526493416956013 | 0 | 5.0
1.2398621177780123 | 0 | 5.0
1.0119242304620886 | 0 | 5.0
0.620599300776034 | 0 | 5.0
0.708118110170013 | 2 | -0.5
0.6357346673510536 | 0 | 5.0
0.7421190102984152 | 0 | 5.0
0.8139432602157786 | 0 | 5.0
0.931559515992857 | 0 | 5.0
1.024879467680085 | 0 | 5.0
1.1885195692291284 | 0 | 5.0
1.226079797595046 | 0 | 5.0
1.3098738181969265 | 0 | 5.0
1.4041265367404956 | 0 | 5.0
1.507032115847924 | 2 | -0.5
1.4111331592888654 | 0 | 5.0
1.4676963292544036 | 0 | 5.0
1.4837528035321361 | 0 | 5.0
1.5402764622845637 | 0 | 5.0
1.581839712632246 | 0 | 5.0
1.6345030993316323 | 0 | 5.0
1.7149573691401834 | 0 | 5.0
1.7139617988290674 | 0 | 5.0
1.7622827464968702 | 0 | 5.0
1.8703880518490776 | 0 | 5.0
1.9135078219994153 | 2 | -0.5
1.857117528775528 | 0 | 5.0
1.8658148141459936 | 0 | 5.0
1.886297292567943 | 0 | 5.0
1.8872598724260292 | 0 | 5.0
1.866414550637103 | 0 | 5.0
1.8762205628823538 | 0 | 5.0
1.918980668222786 | 0 | 5.0
1.8891200496818952 | 0 | 5.0
1.9048285236869544 | 0 | 5.0
1.9117480712011576 | 0 | 5.0
1.9133661107873385 | 0 | 5.0
1.879569905496128 | 0 | 5.0
1.9022617953533627 | 0 | 5.0
1.9382263200701182 | 0 | 5.0
1.8684044655509822 | 0 | 5.0
1.8379368882640585 | 0 | 5.0
1.8607489995140918 | 0 | 5.0
1.8219928627177193 | 0 | 5.0
1.854680361099585 | 0 | 5.0
1.783520425360486 | 0 | 5.0
1.8332160526613228 | 0 | 5.0
1.7794764307578186 | 0 | 5.0
1.7599725242157027 | 0 | 5.0
1.7477898409439057 | 0 | 5.0
1.7590334913042485 | 0 | 5.0
1.7249649608748943 | 0 | 5.0
1.71174669275644 | 0 | 5.0
1.6682027967782485 | 0 | 5.0
1.6686633166007343 | 0 | 5.0
1.6668445538761159 | 0 | 5.0
1.6787767056950957 | 0 | 5.0
1.6039070117661591 | 0 | 5.0
1.6503110862954316 | 0 | 5.0
1.5743923614320905 | 0 | 5.0
1.57421451271584 | 0 | 5.0
1.5631274149562915 | 0 | 5.0
1.534943302480483 | 0 | 5.0
1.5332950120774647 | 0 | 5.0
1.5132661671916887 | 0 | 5.0
1.4956068737026045 | 0 | 5.0
1.4958448691916193 | 0 | 5.0
1.495419744871521 | 0 | 5.0
1.5062752350499844 | 0 | 5.0
1.4699609781762615 | 0 | 5.0
1.3982110242510937 | 0 | 5.0
1.3958579764113663 | 0 | 5.0
1.3607883775468161 | 0 | 5.0
1.3624493786298308 | 2 | -0.5
1.3854358355296998 | 0 | 5.0
1.3509408365383602 | 0 | 5.0
1.3247758796522016 | 2 | -0.5
1.3691503511313678 | 0 | 5.0
1.2911892762327155 | 0 | 5.0
1.2033656802391877 | 2 | -0.5
1.3605552949349973 | 0 | 5.0
1.170542514210335 | 2 | -0.5
1.3640075829709444 | 0 | 5.0
1.144257421059813 | 2 | -0.5
1.4073473631208948 | 0 | 5.0
1.080190354161057 | 0 | 5.0
0.8023737888801108 | 0 | 5.0
0.4793356697149186 | 0 | 5.0
0.6327651998595234 | 0 | 5.0
0.7385553626458558 | 0 | 5.0
0.8225134442842632 | 0 | 5.0
0.9594268146641142 | 2 | -0.5
0.8572841919199259 | 0 | 5.0
0.9458099247937606 | 0 | 5.0
1.0697050997221427 | 0 | 5.0
1.1316540315135089 | 0 | 5.0
1.1961375334055224 | 0 | 5.0
1.2839247025000116 | 0 | 5.0
1.381038974140077 | 0 | 5.0
1.4612192396859227 | 0 | 5.0
1.5252496372757032 | 0 | 5.0
1.6027622514379893 | 2 | -0.5
1.5210450833060942 | 0 | 5.0
1.5844396771323133 | 0 | 5.0
1.5938418187472962 | 0 | 5.0
1.6169722837433391 | 0 | 5.0
1.6499918757075822 | 0 | 5.0
1.6577554203684162 | 0 | 5.0
1.6960735370555104 | 0 | 5.0
1.7360868132472629 | 0 | 5.0
1.7400545349939494 | 0 | 5.0
1.760002529255085 | 0 | 5.0
1.8022700390649027 | 0 | 5.0
1.8315728025693616 | 0 | 5.0
1.8808547430792768 | 0 | 5.0
1.9202162353490966 | 0 | 5.0
1.98941732492255 | 0 | 5.0
2.014069037010488 | 2 | -0.5
1.9821848700848725 | 0 | 5.0
1.9680890188541882 | 0 | 5.0
2.0039342271239784 | 0 | 5.0
1.9980789633953473 | 0 | 5.0
1.9836868183936591 | 0 | 5.0
2.0160937677975324 | 0 | 5.0
2.0171313132355233 | 0 | 5.0
1.9823385698414253 | 0 | 5.0
1.9909986776402226 | 0 | 5.0
1.9967185992392895 | 0 | 5.0
1.9831477787954712 | 0 | 5.0
1.9747496417332981 | 0 | 5.0
1.9590139328561003 | 0 | 5.0
1.93368162181223 | 0 | 5.0
1.944740931962566 | 0 | 5.0
1.8945258984632178 | 0 | 5.0
1.9129838794503276 | 0 | 5.0
1.895820675558179 | 0 | 5.0
1.903093163856621 | 0 | 5.0
1.8610048650800237 | 0 | 5.0
1.8289362738396773 | 0 | 5.0
1.8283515065472322 | 0 | 5.0
1.8358339009862077 | 0 | 5.0
1.7840787166923235 | 0 | 5.0
1.7325506370937072 | 0 | 5.0
1.794526124309744 | 0 | 5.0
1.7181730656746217 | 0 | 5.0
1.7727842444832858 | 0 | 5.0
1.7416743949858917 | 0 | 5.0
1.7016319289641635 | 0 | 5.0
1.689833934940659 | 0 | 5.0
1.7198605884288887 | 0 | 5.0
1.664871507401132 | 0 | 5.0
1.6921276619838117 | 0 | 5.0
1.6167835446144112 | 0 | 5.0
1.6497782881124652 | 0 | 5.0
1.6052828856913486 | 0 | 5.0
1.605082802958471 | 0 | 5.0
1.5917310477448396 | 2 | -0.5
1.6386011104308909 | 0 | 5.0
1.5689506723548607 | 0 | 5.0
1.5524429903068393 | 2 | -0.5
1.6633096460491674 | 0 | 5.0
1.5555564197874092 | 0 | 5.0
1.4965415850936112 | 2 | -0.5
1.6419664270418024 | 0 | 5.0
1.4607789031110472 | 0 | 5.0
1.2883709904870682 | 2 | -0.5
1.5347820893973763 | 0 | 5.0
1.3886180283402663 | 0 | 5.0
1.0935288032100752 | 2 | -0.5
1.4445498986939669 | 0 | 5.0
1.0714851233882525 | 0 | 5.0
0.6735813557227444 | 0 | 5.0
0.6177361839794914 | 0 | 5.0
0.7229522700932071 | 0 | 5.0
0.8545672457038415 | 0 | 5.0
0.9279073433757665 | 0 | 5.0
1.042451335483979 | 2 | -0.5
1.0109140060005577 | 0 | 5.0
1.082238614045237 | 0 | 5.0
1.1621439409730483 | 0 | 5.0
1.2352237617708808 | 0 | 5.0
1.34314053739028 | 0 | 5.0
1.3489306484937456 | 0 | 5.0
1.4654500825494376 | 0 | 5.0
1.5305847723235089 | 2 | -0.5
1.4815909423564115 | 0 | 5.0
1.529984825316227 | 0 | 5.0
1.5806081662408704 | 0 | 5.0
1.6081291531845863 | 0 | 5.0
1.6746774535233115 | 0 | 5.0
1.7011007982871666 | 2 | -0.5
1.6550442834819055 | 0 | 5.0
1.6704582942607316 | 0 | 5.0
1.6757928982028159 | 0 | 5.0
1.6963479910301784 | 0 | 5.0
1.6720744937304715 | 0 | 5.0
1.7141025775196115 | 2 | -0.5
1.7413362000878028 | 0 | 5.0
1.685309426807417 | 0 | 5.0
1.6486669569380228 | 0 | 5.0
1.6108390039991023 | 2 | -0.5
1.6551033804001043 | 0 | 5.0
1.635733975036842 | 0 | 5.0
1.5171076353920914 | 2 | -0.5
1.6529116295244275 | 0 | 5.0
1.4596180512726897 | 2 | -0.5
1.6961701500180844 | 0 | 5.0
1.4434054207139826 | 0 | 5.0
1.297535826186631 | 2 | -0.5
1.492614631515335 | 0 | 5.0
1.2316581319591713 | 0 | 5.0
1.0078963087182415 | 0 | 5.0
0.7088847957873796 | 0 | 5.0
0.7083738730849624 | 2 | -0.5
0.654379109395404 | 0 | 5.0
0.7676940666191074 | 0 | 5.0
0.8886838237306612 | 0 | 5.0
1.01148060746517 | 0 | 5.0
1.1120840907162346 | 0 | 5.0
1.2858898009161075 | 2 | -0.5
1.1844619855676592 | 0 | 5.0
1.2095297198193453 | 0 | 5.0
1.3440104984981345 | 0 | 5.0
1.4371961083382991 | 0 | 5.0
1.4844996263460473 | 0 | 5.0
1.5080808899356566 | 0 | 5.0
1.6195974947579626 | 0 | 5.0
1.7513194415691162 | 2 | -0.5
1.6084244421544784 | 0 | 5.0
1.7119263725723652 | 0 | 5.0
1.7156074433244166 | 0 | 5.0
1.7655071970512215 | 0 | 5.0
1.7624159037963267 | 0 | 5.0
1.8036662953872478 | 0 | 5.0
1.8251933932105826 | 0 | 5.0
1.8871395829086544 | 0 | 5.0
1.8770709729206803 | 0 | 5.0
1.9255447648549247 | 0 | 5.0
1.900938783556836 | 0 | 5.0
1.9113610625809965 | 0 | 5.0
1.963468851323134 | 0 | 5.0
2.0109558826789633 | 1 | -0.5
2.0334914076039325 | 2 | -0.5
1.9701504702226025 | 1 | -0.5
2.06361851465293 | 2 | -0.5
2.0190142697541105 | 1 | -0.5
2.0999869619029896 | 2 | -0.5
2.047629641820956 | 1 | -0.5
2.105435081035663 | 1 | -0.5
2.2545297138634885 | 2 | -0.5
2.132955323741018 | 1 | -0.5
2.358871959893751 | 2 | -0.5
2.1853047607179756 | 1 | -0.5
2.3627617764809523 | 2 | -0.5
2.2380422852023707 | 1 | -0.5
2.4806989218896254 | 1 | -0.5
2.9374990338179905 | 2 | -0.5
2.555408360486199 | 1 | -0.5
3.0229448786143562 | 2 | -0.5
2.625117273748812 | 1 | -0.5
3.0884537782211297 | 2 | -0.5
2.5722123822772036 | 1 | -0.5
2.973486158909747 | 1 | -0.5
3.6704918283153942 | 2 | -0.5
3.056213803302255 | 1 | -0.5
3.69197864265752 | 0 | 5.0
3.572879030104972 | 0 | 5.0
3.408287116965846 | 0 | 5.0
3.213713158003823 | 0 | 5.0
3.0831459743535934 | 1 | -0.5
2.6913601769957873 | 0 | 5.0
2.5874279922369774 | 0 | 5.0
2.421958711526595 | 0 | 5.0
2.332993809554757 | 0 | 5.0
2.2344476891810126 | 0 | 5.0
2.1324510948946505 | 0 | 5.0
2.0186755234297435 | 0 | 5.0
1.925078195666264 | 1 | -0.5
1.7039247276760485 | 0 | 5.0
1.696252252618208 | 0 | 5.0
1.6258679147518882 | 0 | 5.0
1.6160003908412741 | 0 | 5.0
1.4771018643041782 | 0 | 5.0
1.4600876078809981 | 0 | 5.0
1.3501493924439694 | 0 | 5.0
1.3368330215109874 | 0 | 5.0
1.2715586949805662 | 0 | 5.0
1.2432334061256252 | 0 | 5.0
1.1705411181692094 | 0 | 5.0
1.134037474499245 | 0 | 5.0
1.1092865156475806 | 0 | 5.0
1.0184211041851565 | 0 | 5.0
1.0153644137227387 | 0 | 5.0
0.963883267835256 | 0 | 5.0
0.8983759399936353 | 0 | 5.0
0.8549439535916165 | 0 | 5.0
0.817123869625996 | 1 | -0.5
0.7844544006675896 | 2 | -0.5
0.7933872620047393 | 1 | -0.5
0.764270741790831 | 2 | -0.5
0.7768473399300064 | 2 | -0.5
0.8101648861109519 | 0 | 5.0
0.787288696814272 | 0 | 5.0
0.6595621470647579 | 2 | -0.5
0.7468847205370649 | 2 | -0.5
0.8584906121853192 | 0 | 5.0
0.6977248788304722 | 0 | 5.0
0.5091337059588059 | 0 | -200.0
Total reward: 2377.0
1.0, -2.0, 3.0, -2.0, -2.0, 4.0, 5.0, -1.0, 2.0, -1.0, 7.0, -3.0, -2.0, -1.0, -1.0, 7.0, -3.0, -3.0
parameter ends

state | action | reward
[2.6] | 0 | 5.0
2.553372905483333 | 0 | 5.0
2.452863905138936 | 0 | 5.0
2.3792714302304647 | 0 | 5.0
2.2982002037105738 | 0 | 5.0
2.24593849021686 | 0 | 5.0
2.2031876995346464 | 0 | 5.0
2.096123147502525 | 0 | 5.0
1.9670075004388592 | 0 | 5.0
1.9228266462194534 | 0 | 5.0
1.8313383983774048 | 0 | 5.0
1.7596638023554134 | 0 | 5.0
1.6756579806283391 | 0 | 5.0
1.5785317439463191 | 0 | 5.0
1.5213445884817907 | 0 | 5.0
1.461439027216883 | 0 | 5.0
1.3875307765326386 | 0 | 5.0
1.2982727356234878 | 1 | -0.5
1.1765479722365235 | 0 | 5.0
1.1872860209764822 | 0 | 5.0
1.1475502861366291 | 0 | 5.0
1.1331608122937031 | 0 | 5.0
1.0850211757537995 | 0 | 5.0
1.08211548752245 | 0 | 5.0
1.0608539046954462 | 0 | 5.0
0.9916600631339592 | 0 | 5.0
0.9903245227420432 | 0 | 5.0
0.9291974007760282 | 0 | 5.0
0.8359607087293006 | 0 | 5.0
0.810432002663729 | 0 | 5.0
0.7908871198978353 | 0 | 5.0
0.7067649423334165 | 0 | 5.0
0.720596170484297 | 1 | -0.5
0.6371220043629421 | 0 | 5.0
0.6469438695910695 | 0 | 5.0
0.6517090555795815 | 0 | 5.0
0.6539473498056264 | 2 | -0.5
0.6643171142326688 | 1 | -0.5
0.6385045110431741 | 2 | -0.5
0.6846896678686305 | 1 | -0.5
0.6456475220308463 | 2 | -0.5
0.5828028092684184 | 2 | -0.5
0.6683141691323314 | 0 | 5.0
0.5904034458825561 | 2 | -0.5
0.6560688572809595 | 2 | -0.5
0.6948800848913897 | 0 | 5.0
0.4424542305999088 | 2 | -0.5
0.6342523066016932 | 0 | -200.0
Total reward: -25.5
1.0, -2.0, 3.0, -2.0, -2.0, 4.0, 5.0, -1.0, 2.0, -1.0, 7.0, -3.0, -2.0, -1.0, -1.0, 7.0, -3.0, -3.0
parameter ends

state | action | reward
[1.61] | 2 | -0.5
1.559099647893094 | 0 | 5.0
1.6170294242380248 | 0 | 5.0
1.5952563986623178 | 0 | 5.0
1.6992796594704547 | 0 | 5.0
1.811000115764369 | 0 | 5.0
1.788593037898933 | 0 | 5.0
1.9167025935020432 | 0 | 5.0
2.006753661143729 | 2 | -0.5
1.9147525648126673 | 0 | 5.0
1.9421963227050507 | 0 | 5.0
1.9437153946111712 | 0 | 5.0
1.997817650349205 | 0 | 5.0
2.0486325169371775 | 0 | 5.0
2.0581098174120607 | 0 | 5.0
2.1559076722987136 | 2 | -0.5
2.0657538980612715 | 0 | 5.0
2.0950712799598703 | 0 | 5.0
2.093508179465113 | 0 | 5.0
2.101195198424676 | 0 | 5.0
2.0989405988365366 | 0 | 5.0
2.140557667911779 | 1 | -0.5
2.1893271817118056 | 2 | -0.5
2.1931298908737418 | 1 | -0.5
2.2052264341724808 | 2 | -0.5
2.1646211339036814 | 1 | -0.5
2.267750721437071 | 2 | -0.5
2.21984951512623 | 1 | -0.5
2.2816166873535892 | 2 | -0.5
2.196908059194016 | 1 | -0.5
2.327617218515035 | 1 | -0.5
2.5401301338915476 | 2 | -0.5
2.330239307551341 | 1 | -0.5
2.6109667060039783 | 2 | -0.5
2.3994677421621478 | 1 | -0.5
2.6798036575807953 | 2 | -0.5
2.451334358215168 | 1 | -0.5
2.835392383661028 | 2 | -0.5
2.5271614277382284 | 1 | -0.5
2.8627659925870477 | 1 | -0.5
3.2978103118201707 | 2 | -0.5
2.8614156693277795 | 1 | -0.5
3.2597932528368307 | 2 | -0.5
2.730627919687317 | 1 | -0.5
3.2068051466003245 | 1 | -0.5
3.7316860150212525 | 2 | -0.5
3.455330723404606 | 1 | -0.5
3.380284806909498 | 0 | 5.0
3.3385798477678987 | 0 | -200.0
Total reward: -119.5
1.0, -2.0, 3.0, -2.0, -2.0, 4.0, 5.0, -1.0, 2.0, -1.0, 7.0, -3.0, -2.0, -1.0, -1.0, 7.0, -3.0, -3.0
parameter ends

state | action | reward
[4.45] | 0 | 5.0
3.927585331644266 | 0 | 5.0
3.194283914767613 | 0 | 5.0
2.6604748557657145 | 0 | 5.0
1.8040064368685715 | 2 | -0.5
5.026350393939538 | 0 | 5.0
2.210517216165808 | 0 | 5.0
1.7660785651276976 | 0 | 5.0
1.7898420756641558 | 0 | 5.0
1.8001561582729548 | 0 | 5.0
1.778131988675416 | 0 | 5.0
1.8145885805934592 | 0 | 5.0
1.8225450906650693 | 0 | 5.0
1.8446571067939612 | 0 | 5.0
1.8070351122264832 | 0 | 5.0
1.8470225285604371 | 0 | 5.0
1.8286072470777501 | 0 | 5.0
1.8789777035790978 | 0 | 5.0
1.879153905466875 | 0 | 5.0
1.857310270832004 | 0 | 5.0
1.9043264151612471 | 0 | 5.0
1.906965623941781 | 0 | 5.0
1.921140338073753 | 0 | 5.0
1.9220772378957565 | 0 | 5.0
1.8911524841055494 | 0 | 5.0
1.8997304640926065 | 0 | 5.0
1.8817736921527612 | 0 | 5.0
1.8839998062145027 | 0 | 5.0
1.888907241989471 | 0 | 5.0
1.9063860472578507 | 0 | 5.0
1.870156495861987 | 0 | 5.0
1.8414517899489535 | 0 | 5.0
1.7756738986482696 | 0 | 5.0
1.8116757911652952 | 0 | 5.0
1.777901252164772 | 0 | 5.0
1.7466547448028271 | 0 | 5.0
1.7300803658592825 | 0 | 5.0
1.741999223445633 | 0 | 5.0
1.749005571137557 | 0 | 5.0
1.700350663208509 | 0 | 5.0
1.7363609303870988 | 0 | 5.0
1.647800079314316 | 0 | 5.0
1.6521801803027303 | 0 | 5.0
1.638133917190172 | 0 | 5.0
1.6504367018707293 | 0 | 5.0
1.5538934329890317 | 0 | 5.0
1.6033237065373855 | 0 | 5.0
1.5737980116563621 | 0 | 5.0
1.58486863118543 | 0 | 5.0
1.5437440608245692 | 0 | 5.0
1.5353707567763082 | 0 | 5.0
1.4980168989200047 | 0 | 5.0
1.4550010087431289 | 0 | 5.0
1.4707371937684364 | 0 | 5.0
1.4505147292483425 | 0 | 5.0
1.452434000113792 | 0 | 5.0
1.4315268882371193 | 0 | 5.0
1.4507178143742179 | 0 | 5.0
1.4146621743122467 | 0 | 5.0
1.4162685426165438 | 0 | 5.0
1.3900356208510523 | 0 | 5.0
1.3675280760864283 | 0 | 5.0
1.371577963057616 | 0 | 5.0
1.416878603541191 | 0 | 5.0
1.3904078467394043 | 0 | 5.0
1.3882278664259942 | 0 | 5.0
1.4245673214352208 | 0 | 5.0
1.4562116278750652 | 0 | 5.0
1.4741270159881226 | 2 | -0.5
1.4903743637260651 | 0 | 5.0
1.463677098211246 | 0 | 5.0
1.4349338623405956 | 0 | 5.0
1.4108424274000286 | 2 | -0.5
1.4548115996330728 | 0 | 5.0
1.4261377179060533 | 0 | 5.0
1.376188370024508 | 0 | 5.0
1.326035796251931 | 2 | -0.5
1.4153484181917249 | 0 | 5.0
1.336731603662825 | 2 | -0.5
1.4603164083946045 | 0 | 5.0
1.297015894390251 | 0 | 5.0
1.1726626860959757 | 2 | -0.5
1.3013315272363823 | 0 | 5.0
1.1376199816513821 | 2 | -0.5
1.461540230806434 | 0 | 5.0
1.1578796653893804 | 0 | 5.0
0.8494491228211188 | 0 | 5.0
0.5427672969402416 | 0 | 5.0
0.6754008972949674 | 0 | 5.0
0.8149886293915011 | 0 | 5.0
0.8870709436053803 | 0 | 5.0
1.0308585116363251 | 0 | 5.0
1.1428418270331384 | 2 | -0.5
1.0452063741836146 | 0 | 5.0
1.1346176624912063 | 0 | 5.0
1.2111681266187528 | 0 | 5.0
1.2322450611958382 | 0 | 5.0
1.3022644006791029 | 0 | 5.0
1.3818563890645106 | 0 | 5.0
1.3798292745997944 | 0 | 5.0
1.498632588227937 | 0 | 5.0
1.528238757567137 | 0 | 5.0
1.5874082165955232 | 0 | 5.0
1.6778958972033058 | 2 | -0.5
1.5732144625945406 | 0 | 5.0
1.625882325242076 | 0 | 5.0
1.5989000347909805 | 0 | 5.0
1.6787559469648354 | 0 | 5.0
1.6655625576175395 | 0 | 5.0
1.7107620512622284 | 2 | -0.5
1.7199811685076711 | 0 | 5.0
1.685023854234401 | 0 | 5.0
1.679032353292506 | 0 | 5.0
1.669284265823095 | 2 | -0.5
1.7064237289942434 | 0 | 5.0
1.668592405047182 | 0 | 5.0
1.5905404864206016 | 2 | -0.5
1.6887763254945425 | 0 | 5.0
1.6209889231795842 | 0 | 5.0
1.4793481829178514 | 2 | -0.5
1.7060160631602572 | 0 | 5.0
1.5257951305535609 | 0 | 5.0
1.3952998458318087 | 2 | -0.5
1.5748581208711003 | 0 | 5.0
1.337011825485642 | 2 | -0.5
1.7021287110433752 | 0 | 5.0
1.4257937858245706 | 0 | 5.0
1.1655755775541468 | 0 | 5.0
0.7906356614835308 | 0 | 5.0
0.658324795286057 | 0 | 5.0
0.7160743414023523 | 0 | 5.0
0.8536139386777565 | 0 | 5.0
0.9410137295175934 | 0 | 5.0
1.0075409820934496 | 0 | 5.0
1.1503471115171062 | 2 | -0.5
1.092572844710414 | 0 | 5.0
1.105584833579919 | 0 | 5.0
1.2206290415633068 | 0 | 5.0
1.2573480648393578 | 0 | 5.0
1.302106178057868 | 0 | 5.0
1.3618003427408585 | 0 | 5.0
1.465767310264848 | 0 | 5.0
1.562422555709513 | 0 | 5.0
1.6016591514289316 | 0 | 5.0
1.6379219852997589 | 0 | 5.0
1.7293087296559444 | 0 | 5.0
1.7874369003091588 | 0 | 5.0
1.8582711004023884 | 0 | 5.0
1.91434894262583 | 0 | 5.0
2.026739429793883 | 2 | -0.5
1.9085016662003575 | 0 | 5.0
1.9233070103629797 | 0 | 5.0
1.9477328816637813 | 0 | 5.0
1.9670873373460231 | 0 | 5.0
1.9919085570221386 | 0 | 5.0
1.9760525318330722 | 0 | 5.0
2.0271261433218606 | 0 | 5.0
2.008501658209392 | 1 | -0.5
2.0875855754890185 | 2 | -0.5
2.0786234311310317 | 1 | -0.5
2.128073490140716 | 2 | -0.5
2.068720529235129 | 1 | -0.5
2.1851304160126253 | 2 | -0.5
2.0780223889564615 | 1 | -0.5
2.127426523901477 | 2 | -0.5
2.1352626106087556 | 1 | -0.5
2.1562160055276003 | 1 | -0.5
2.3263528574105554 | 2 | -0.5
2.1323060087238352 | 1 | -0.5
2.4266509974094057 | 2 | -0.5
2.2167488245959603 | 1 | -0.5
2.477485583467449 | 2 | -0.5
2.2980015576177735 | 1 | -0.5
2.5107371379729906 | 1 | -0.5
2.8838845649203413 | 2 | -0.5
2.554686994142146 | 1 | -0.5
2.929315014739972 | 2 | -0.5
2.6893657597516456 | 1 | -0.5
3.0625602174119386 | 1 | -0.5
3.696035941843391 | 2 | -0.5
3.130400935438352 | 1 | -0.5
3.7442000040675 | 2 | -0.5
3.045391563189482 | 1 | -0.5
3.757560322727881 | 2 | -0.5
3.2115179569040406 | 1 | -0.5
3.6976942341702173 | 0 | 5.0
3.4419719882255326 | 0 | 5.0
3.356621114460491 | 0 | 5.0
3.1884342605725506 | 0 | 5.0
3.046881507893192 | 0 | 5.0
2.930761708715907 | 1 | -0.5
2.4940426993366174 | 0 | 5.0
2.4191846976508415 | 0 | 5.0
2.3160477821373076 | 0 | 5.0
2.2314231509115534 | 0 | 5.0
2.1352443101609135 | 0 | 5.0
2.0070564371201955 | 0 | 5.0
1.8564117945011855 | 0 | 5.0
1.8639193771776037 | 0 | 5.0
1.7233192119985123 | 1 | -0.5
1.600174450825062 | 0 | 5.0
1.5740327967499976 | 0 | 5.0
1.4940305358497739 | 0 | 5.0
1.4301363367022553 | 0 | 5.0
1.3924407182286531 | 0 | 5.0
1.2885070482948398 | 0 | 5.0
1.2275491736786615 | 0 | 5.0
1.1693788203394921 | 0 | 5.0
1.0864384060360501 | 0 | 5.0
0.9519143266002524 | 0 | 5.0
0.8855083439773529 | 0 | 5.0
0.8625389449608585 | 0 | 5.0
0.7567822938509589 | 0 | 5.0
0.7025877529185639 | 1 | -0.5
0.6873453969961968 | 0 | 5.0
0.6492324056693649 | 0 | 5.0
0.6443868789673991 | 0 | 5.0
0.6140695996799186 | 1 | -0.5
0.6241230362649256 | 2 | -0.5
0.6238015862713489 | 2 | -0.5
0.6672763326351706 | 1 | -0.5
0.5732682724671053 | 2 | -0.5
0.5452683399462632 | 2 | -0.5
0.6759787076990306 | 0 | 5.0
0.5812202740959435 | 0 | 5.0
0.425663150456858 | 2 | -0.5
0.5235943948631263 | 2 | -0.5
0.586277490450193 | 0 | -200.0
Total reward: 627.0
1.0, -2.0, 3.0, -2.0, -2.0, 4.0, 5.0, -1.0, 2.0, -1.0, 7.0, -3.0, -2.0, -1.0, -1.0, 7.0, -3.0, -3.0
parameter ends

state | action | reward
[1.99] | 1 | -0.5
1.681836687051326 | 1 | -0.5
1.5353827649851584 | 0 | 5.0
1.461555631445554 | 0 | 5.0
1.4036719954236065 | 0 | 5.0
1.3871396116975017 | 0 | 5.0
1.2742912718902544 | 0 | 5.0
1.1911881933659412 | 0 | 5.0
1.1409922885970294 | 0 | 5.0
1.0891403122675738 | 1 | -0.5
1.0717082976092183 | 0 | 5.0
1.0236400533973777 | 0 | 5.0
0.9918728046267019 | 0 | 5.0
0.9861605051238244 | 0 | 5.0
0.9878287323586384 | 0 | 5.0
0.9563504562364067 | 0 | 5.0
0.9267945554618097 | 0 | 5.0
0.898882723830974 | 0 | 5.0
0.8882664375121435 | 0 | 5.0
0.8392498577770153 | 0 | 5.0
0.8272324938403098 | 0 | 5.0
0.7951922421477843 | 0 | 5.0
0.7636019978741879 | 0 | 5.0
0.7347264620967775 | 0 | 5.0
0.6818086184370862 | 0 | 5.0
0.6438576536668025 | 0 | 5.0
0.6596464855173336 | 0 | 5.0
0.6430958364555743 | 0 | 5.0
0.6098742224373745 | 1 | -0.5
0.559099024329272 | 0 | 5.0
0.6178221338758187 | 0 | 5.0
0.5498240797822338 | 0 | 5.0
0.5822329720511746 | 0 | 5.0
0.5575312727673352 | 0 | 5.0
0.5334008319097213 | 0 | 5.0
0.5656874055802094 | 0 | 5.0
0.5685190023070489 | 0 | 5.0
0.5588077942728468 | 0 | 5.0
0.5498958306827852 | 0 | 5.0
0.5975082454560912 | 0 | 5.0
0.5701503731946836 | 0 | 5.0
0.5688522953918624 | 0 | 5.0
0.5876687245094945 | 0 | 5.0
0.5881525342093492 | 0 | 5.0
0.5978329798526102 | 0 | 5.0
0.5973735480020919 | 0 | 5.0
0.5840492016793722 | 0 | 5.0
0.6210163542944644 | 0 | 5.0
0.5866557199357889 | 0 | 5.0
0.6242530568040481 | 0 | 5.0
0.6190341180520847 | 0 | 5.0
0.6341764062694312 | 1 | -0.5
0.6362942534381074 | 0 | 5.0
0.7018132035707493 | 0 | 5.0
0.7364095909070011 | 0 | 5.0
0.7892119165305815 | 0 | 5.0
0.8707443474841373 | 0 | 5.0
0.896786467710435 | 1 | -0.5
0.994392093671393 | 0 | 5.0
1.0781192289114436 | 0 | 5.0
1.1843273522344684 | 1 | -0.5
1.350387329547492 | 0 | 5.0
1.5234017197840088 | 0 | 5.0
1.756955153062129 | 0 | 5.0
1.9089524428451816 | 0 | 5.0
2.164547352064803 | 1 | -0.5
2.5416433989921146 | 0 | 5.0
2.916652382235238 | 0 | 5.0
3.04158601348618 | 0 | 5.0
3.254103565465503 | 0 | 5.0
3.0790113087894935 | 0 | 5.0
2.9310434595071455 | 0 | 5.0
2.7928774046826685 | 0 | 5.0
2.632813390658498 | 1 | -0.5
2.3141447094545047 | 0 | 5.0
2.203887169923332 | 0 | 5.0
2.1863046144177645 | 0 | 5.0
2.024327292363791 | 0 | 5.0
1.9935737675087057 | 0 | 5.0
1.7920198577569095 | 0 | 5.0
1.789477390982417 | 0 | 5.0
1.669360476989407 | 0 | 5.0
1.5750464274164395 | 0 | 5.0
1.462163060962175 | 1 | -0.5
1.3709416689560907 | 0 | 5.0
1.3264280505208048 | 0 | 5.0
1.281584218913153 | 0 | 5.0
1.2232574172274788 | 0 | 5.0
1.1968602566445636 | 0 | 5.0
1.1080594884506507 | 0 | 5.0
1.0910897110079938 | 0 | 5.0
1.0912888637820122 | 0 | 5.0
1.0347849558215583 | 0 | 5.0
0.9881010651381357 | 0 | 5.0
0.9951990208110727 | 0 | 5.0
0.9876457352668565 | 0 | 5.0
0.8898068939612663 | 0 | 5.0
0.9560627087772291 | 0 | 5.0
0.9143128531584347 | 0 | 5.0
0.828981730551804 | 0 | 5.0
0.8707140050961498 | 0 | 5.0
0.8483778810627184 | 0 | 5.0
0.8144217013142596 | 0 | 5.0
0.7789039983764766 | 0 | 5.0
0.8241647516802666 | 0 | 5.0
0.8226674227625956 | 0 | 5.0
0.8339672356014247 | 0 | 5.0
0.7963748257265794 | 0 | 5.0
0.7828765826875332 | 0 | 5.0
0.7743484085565945 | 0 | 5.0
0.8022672595964109 | 0 | 5.0
0.7660981792084806 | 0 | 5.0
0.7545600665300009 | 0 | 5.0
0.7046640720319685 | 0 | 5.0
0.7240152362032652 | 0 | 5.0
0.726496375307378 | 0 | 5.0
0.6967982362547233 | 0 | 5.0
0.6642768793072742 | 0 | 5.0
0.7030163456728747 | 0 | 5.0
0.6827988424047923 | 0 | 5.0
0.6356088316426013 | 0 | 5.0
0.675931144428259 | 0 | 5.0
0.6371590200191488 | 0 | 5.0
0.6269992775357299 | 0 | 5.0
0.5892709593484721 | 0 | 5.0
0.6215707159841488 | 0 | 5.0
0.5791393306291264 | 0 | 5.0
0.5510435160068353 | 0 | 5.0
0.5173861422479297 | 0 | 5.0
0.522856558428068 | 0 | 5.0
0.5219923457685988 | 0 | 5.0
0.46335304719644116 | 1 | -0.5
0.4826659957545467 | 0 | 5.0
0.44968836098978543 | 0 | 5.0
0.5032093753924917 | 0 | 5.0
0.499177313649004 | 0 | 5.0
0.5000031317909911 | 0 | 5.0
0.515995933813399 | 1 | -0.5
0.5515744496177928 | 0 | 5.0
0.6021101732597955 | 0 | 5.0
0.6472305874592775 | 0 | 5.0
0.6979862479844056 | 1 | -0.5
0.7395832127165769 | 0 | 5.0
0.8469144272399292 | 0 | 5.0
0.9231289864230329 | 0 | 5.0
0.9601282916381196 | 1 | -0.5
1.1549185348564552 | 0 | 5.0
1.2785083416089111 | 0 | 5.0
1.465825906806101 | 0 | 5.0
1.5827129128286361 | 0 | 5.0
1.6850226269605244 | 1 | -0.5
2.096829025632193 | 0 | 5.0
2.3429965914004276 | 1 | -0.5
3.0433524380805035 | 0 | 5.0
3.2476809652208622 | 0 | 5.0
3.1611306366440752 | 0 | 5.0
3.071096066647493 | 0 | 5.0
2.8900884737665176 | 0 | 5.0
2.8162202047295817 | 0 | 5.0
2.7197626271553097 | 0 | 5.0
2.511402462352107 | 0 | 5.0
2.492173401276764 | 1 | -0.5
2.1828792860775392 | 0 | 5.0
2.093104975291962 | 0 | 5.0
2.033747071249507 | 0 | 5.0
1.959536318410032 | 0 | 5.0
1.8816676914125263 | 0 | 5.0
1.8146388105444105 | 0 | 5.0
1.7699182624267364 | 0 | 5.0
1.6593389386155666 | 0 | 5.0
1.5826497694241843 | 0 | 5.0
1.5417613013186353 | 0 | 5.0
1.4405895051119282 | 0 | 5.0
1.3695879067976706 | 0 | 5.0
1.335611425363069 | 1 | -0.5
1.2678864516512423 | 0 | 5.0
1.2464518592243414 | 0 | 5.0
1.1920246633694105 | 0 | 5.0
1.1583047223297904 | 0 | 5.0
1.1367347160586958 | 1 | -0.5
1.0695801255813107 | 0 | 5.0
1.0946389402041397 | 0 | 5.0
1.1299749794754237 | 0 | 5.0
1.124314114045107 | 0 | 5.0
1.1078326752034602 | 1 | -0.5
1.1400455711004627 | 0 | 5.0
1.206222874952736 | 0 | 5.0
1.2340266540495184 | 1 | -0.5
1.310969384581859 | 0 | 5.0
1.3312325836462564 | 0 | 5.0
1.4288616248366117 | 1 | -0.5
1.5174203481145945 | 2 | -0.5
1.4190967984906009 | 1 | -0.5
1.5239671287511947 | 2 | -0.5
1.4286632600035565 | 1 | -0.5
1.5992639452315218 | 2 | -0.5
1.4454941403313468 | 1 | -0.5
1.6601776718715873 | 2 | -0.5
1.531197195897742 | 1 | -0.5
1.6734520566746032 | 2 | -0.5
1.559172132442788 | 1 | -0.5
1.7562449481185 | 2 | -0.5
1.5696912114225732 | 1 | -0.5
1.7844359272335888 | 1 | -0.5
1.9906571513545832 | 2 | -0.5
1.773219343422942 | 1 | -0.5
2.1077198096015772 | 2 | -0.5
1.8928479063257377 | 1 | -0.5
2.133229081976662 | 2 | -0.5
1.8320504402881452 | 1 | -0.5
2.1539849851285653 | 0 | 5.0
2.3645248699740904 | 1 | -0.5
2.7491832138425605 | 0 | 5.0
3.1619182302258024 | 0 | 5.0
3.381135538333619 | 0 | 5.0
3.312622497457047 | 0 | 5.0
3.0838111844513456 | 0 | 5.0
2.95674732952178 | 1 | -0.5
2.575165151179589 | 0 | 5.0
2.421675089477649 | 0 | 5.0
2.283068121864849 | 0 | 5.0
2.168229512618901 | 0 | 5.0
2.0758382420225416 | 0 | 5.0
1.9592107938495948 | 0 | 5.0
1.8648721868897846 | 0 | 5.0
1.8370208795501286 | 0 | 5.0
1.7703581957639063 | 1 | -0.5
1.6558935098514456 | 0 | 5.0
1.5536360170776238 | 0 | 5.0
1.456821760544016 | 0 | 5.0
1.4786386724714657 | 0 | 5.0
1.4074481000483643 | 0 | 5.0
1.3798204445414641 | 0 | 5.0
1.285692556002451 | 0 | 5.0
1.2379745493535 | 0 | 5.0
1.2041652966521017 | 0 | 5.0
1.2003509221498332 | 0 | 5.0
1.101262528458435 | 0 | 5.0
1.0342746869249633 | 0 | 5.0
1.030217341847821 | 0 | 5.0
0.9426740709459541 | 0 | 5.0
0.8288120238592025 | 0 | 5.0
0.7666753203979276 | 0 | 5.0
0.767829064689956 | 1 | -0.5
0.7186791864469618 | 0 | 5.0
0.6694205270824031 | 0 | 5.0
0.620979361050153 | 0 | 5.0
0.6529479736999675 | 0 | 5.0
0.569295467603669 | 2 | -0.5
0.645674387619925 | 0 | 5.0
0.544290332265188 | 2 | -0.5
0.622207813938032 | 2 | -0.5
0.6381225570893913 | 0 | 5.0
0.49479965209051513 | 2 | -0.5
0.56241608206511 | 0 | -200.0
Total reward: 800.5
1.0, -2.0, 3.0, -2.0, -2.0, 4.0, 5.0, -1.0, 2.0, -1.0, 7.0, -3.0, -2.0, -1.0, -1.0, 7.0, -3.0, -3.0
parameter ends

state | action | reward
[6.18] | 2 | -0.5
10.056899399368794 | 2 | -0.5
1.581119670770556 | 2 | -0.5
1.5542823604273435 | 2 | -0.5
1.5883969406963556 | 2 | -0.5
1.7305875146194722 | 2 | -0.5
1.9953946058769536 | 2 | -0.5
2.5249343309036343 | 0 | 5.0
2.2341796917835737 | 0 | 5.0
2.004442952949682 | 0 | 5.0
1.6019757759533633 | 2 | -0.5
2.1684907414321843 | 0 | 5.0
1.8650527149231035 | 0 | 5.0
1.4205889372736968 | 0 | 5.0
0.9251416022842086 | 0 | 5.0
0.8459284675690609 | 0 | 5.0
0.9241514518354738 | 0 | 5.0
1.0751129842772817 | 0 | 5.0
1.1593563963087372 | 0 | 5.0
1.3022580052229293 | 2 | -0.5
1.1889783701203154 | 0 | 5.0
1.2861374405351582 | 0 | 5.0
1.3560003042335 | 0 | 5.0
1.3926719080060697 | 0 | 5.0
1.5162498382261884 | 0 | 5.0
1.5780420193445475 | 0 | 5.0
1.6267149565933396 | 0 | 5.0
1.689348891005476 | 2 | -0.5
1.65543321090027 | 0 | 5.0
1.6288969806079587 | 0 | 5.0
1.721621266171341 | 0 | 5.0
1.7765097645620176 | 0 | 5.0
1.8345019975864045 | 0 | 5.0
1.9034466647713228 | 2 | -0.5
1.8045572055533812 | 0 | 5.0
1.8195510995176984 | 0 | 5.0
1.876222056472563 | 2 | -0.5
1.836012493560426 | 0 | 5.0
1.8562871638008882 | 0 | 5.0
1.8280183018937588 | 0 | 5.0
1.805889526277683 | 0 | 5.0
1.8102245397454604 | 2 | -0.5
1.811961203936689 | 0 | 5.0
1.7822977508957727 | 0 | 5.0
1.7449231220543122 | 0 | 5.0
1.6712327950495804 | 2 | -0.5
1.7548389977863685 | 0 | 5.0
1.6823623730734643 | 0 | 5.0
1.6040619022227391 | 2 | -0.5
1.726686936979345 | 0 | 5.0
1.5299019977922768 | 0 | 5.0
1.4298294042614217 | 2 | -0.5
1.6816705650829227 | 0 | 5.0
1.4346699495208874 | 2 | -0.5
1.7672622762755488 | 0 | 5.0
1.5103840490547857 | 0 | 5.0
1.2639955087806136 | 0 | 5.0
0.9032257419855149 | 0 | 5.0
0.6213453596590048 | 0 | 5.0
0.7904442213666774 | 0 | 5.0
0.9294768893900642 | 2 | -0.5
0.8617882572741302 | 0 | 5.0
0.9709703477542192 | 0 | 5.0
1.0643446886017052 | 0 | 5.0
1.1526016428219454 | 0 | 5.0
1.2724782990985517 | 0 | 5.0
1.3737753428137653 | 2 | -0.5
1.250539735043327 | 0 | 5.0
1.3341324752865957 | 0 | 5.0
1.435379324644872 | 0 | 5.0
1.4975558154112363 | 0 | 5.0
1.5918312600118663 | 0 | 5.0
1.659406371999488 | 2 | -0.5
1.628181296659889 | 0 | 5.0
1.5908427133753815 | 0 | 5.0
1.684693183638851 | 0 | 5.0
1.6626062673941522 | 0 | 5.0
1.7102494376071875 | 0 | 5.0
1.7378572851560574 | 0 | 5.0
1.7379770109221555 | 0 | 5.0
1.81672858000804 | 0 | 5.0
1.8783053852279044 | 0 | 5.0
1.8764812543732228 | 0 | 5.0
1.9076677247647136 | 0 | 5.0
1.9348113514517218 | 0 | 5.0
1.9889514661991985 | 0 | 5.0
2.068321909888529 | 0 | 5.0
2.021433653303372 | 0 | 5.0
2.0724096015640687 | 0 | 5.0
2.094512400568073 | 0 | 5.0
2.1500440955769426 | 0 | 5.0
2.1923486878655107 | 0 | 5.0
2.2235628768738147 | 0 | 5.0
2.232081903740391 | 0 | 5.0
2.2584206691131725 | 0 | 5.0
2.2892689063218663 | 2 | -0.5
2.288159507602582 | 0 | 5.0
2.2640909882452216 | 0 | 5.0
2.273020381930796 | 0 | 5.0
2.257175914093477 | 0 | 5.0
2.2431683755232457 | 0 | 5.0
2.1916640835321943 | 0 | 5.0
2.1441065567152355 | 0 | 5.0
2.119449845068215 | 0 | 5.0
2.144160938311736 | 0 | 5.0
2.1436418493605482 | 0 | 5.0
2.1369769062550557 | 0 | 5.0
2.1221929937096857 | 0 | 5.0
2.1238706568580503 | 0 | 5.0
2.096120553972425 | 0 | 5.0
2.1408705267526074 | 0 | 5.0
2.1352987354749753 | 0 | 5.0
2.1657284460443984 | 0 | 5.0
2.189540630184007 | 0 | 5.0
2.166505097807596 | 0 | 5.0
2.179758897220629 | 0 | 5.0
2.2421086905510843 | 0 | 5.0
2.239043796486874 | 0 | 5.0
2.244425822374375 | 0 | 5.0
2.255095214227944 | 0 | 5.0
2.274707095154938 | 0 | 5.0
2.3099396484896246 | 2 | -0.5
2.2753838095409002 | 0 | 5.0
2.2679975473219547 | 0 | 5.0
2.231790006379203 | 0 | 5.0
2.2126720315467683 | 2 | -0.5
2.319864735583559 | 0 | 5.0
2.2843597508533695 | 0 | 5.0
2.1691754338995275 | 0 | 5.0
2.107256468271634 | 0 | 5.0
2.0934626864800077 | 2 | -0.5
2.214608669920106 | 0 | 5.0
2.0807763668538444 | 0 | 5.0
1.9772208510698583 | 2 | -0.5
2.1323639405160546 | 0 | 5.0
2.025374056755536 | 0 | 5.0
1.8424639551597985 | 2 | -0.5
2.172067549139801 | 0 | 5.0
1.9582047056891487 | 0 | 5.0
1.8158143497823847 | 2 | -0.5
2.192982492654113 | 0 | 5.0
1.7603923270262096 | 0 | 5.0
1.4621427973289933 | 0 | 5.0
1.1868003088823256 | 0 | 5.0
0.9131763777039431 | 0 | 5.0
0.902548671443078 | 0 | 5.0
1.015167793428047 | 2 | -0.5
0.9075210744977302 | 0 | 5.0
1.040657920858225 | 0 | 5.0
1.0834718001995955 | 0 | 5.0
1.1434525347822273 | 0 | 5.0
1.2275245556990495 | 0 | 5.0
1.3241795273494723 | 0 | 5.0
1.396654469444538 | 0 | 5.0
1.510441304774406 | 2 | -0.5
1.4141548380118645 | 0 | 5.0
1.5159458269870834 | 0 | 5.0
1.5599314020223982 | 0 | 5.0
1.6470089501464928 | 0 | 5.0
1.6870409786526634 | 0 | 5.0
1.6956583329330865 | 0 | 5.0
1.7663460538379192 | 0 | 5.0
1.804576590152336 | 0 | 5.0
1.8759615627790327 | 0 | 5.0
1.9145178417632687 | 2 | -0.5
1.83905046929808 | 0 | 5.0
1.8810694468693003 | 0 | 5.0
1.8898198960180455 | 0 | 5.0
1.913410488621989 | 0 | 5.0
1.9132988552347294 | 0 | 5.0
1.9302572315084863 | 0 | 5.0
1.940721143788019 | 0 | 5.0
1.984592336148568 | 0 | 5.0
1.986016521109051 | 0 | 5.0
2.008777819316967 | 0 | 5.0
2.024404780657864 | 0 | 5.0
2.0436624997830894 | 0 | 5.0
2.0463492277567026 | 0 | 5.0
2.0477075725912233 | 0 | 5.0
2.057154279956499 | 0 | 5.0
2.070398123245394 | 0 | 5.0
2.043014261249606 | 0 | 5.0
2.0534985246342443 | 0 | 5.0
2.065052384537835 | 0 | 5.0
2.1100756145268367 | 0 | 5.0
2.064276478024014 | 0 | 5.0
2.071134252125975 | 0 | 5.0
2.1001367681842096 | 0 | 5.0
2.121773572885415 | 0 | 5.0
2.0872653209252903 | 0 | 5.0
2.1440840487908077 | 0 | 5.0
2.1439069759839815 | 0 | 5.0
2.1636104786674677 | 0 | 5.0
2.1330919583128605 | 0 | 5.0
2.1489911332473297 | 0 | 5.0
2.2094005360002584 | 0 | 5.0
2.1515308053870377 | 0 | 5.0
2.188807412748679 | 0 | 5.0
2.194950445628516 | 0 | 5.0
2.1973534210552303 | 0 | 5.0
2.194813783581692 | 0 | 5.0
2.197563539372551 | 0 | 5.0
2.227366226346288 | 0 | 5.0
2.240257349212277 | 0 | 5.0
2.276749486216146 | 0 | 5.0
2.2879599125099475 | 0 | 5.0
2.3109330206440037 | 0 | 5.0
2.319023139631451 | 2 | -0.5
2.3239130178332568 | 0 | 5.0
2.3130797571068693 | 0 | 5.0
2.254861862033556 | 0 | 5.0
2.2312355669522086 | 0 | 5.0
2.2579969591026257 | 2 | -0.5
2.3337947418960385 | 0 | 5.0
2.2535039251902327 | 0 | 5.0
2.217335245112561 | 0 | 5.0
2.1699145086481666 | 0 | 5.0
2.105118443020204 | 0 | 5.0
2.002287197475721 | 2 | -0.5
2.233798439598014 | 0 | 5.0
2.148808549074648 | 0 | 5.0
1.9523615399632275 | 0 | 5.0
1.8826783495797605 | 2 | -0.5
2.0504061167954015 | 0 | 5.0
1.9587097200499894 | 0 | 5.0
1.7855175827857488 | 2 | -0.5
2.127976270633251 | 0 | 5.0
1.8164290956477653 | 0 | 5.0
1.617548065792953 | 0 | 5.0
1.4198696637209065 | 0 | 5.0
1.1822227112986383 | 0 | 5.0
0.9678309915065499 | 0 | 5.0
0.8338695670702356 | 2 | -0.5
0.8429735381551766 | 0 | 5.0
0.84261000846847 | 0 | 5.0
0.9376045049521351 | 0 | 5.0
1.0095612016177429 | 0 | 5.0
1.1076959376238977 | 0 | 5.0
1.153587232574912 | 0 | 5.0
1.2492328332051914 | 0 | 5.0
1.2963685444496926 | 0 | 5.0
1.4044940365342506 | 0 | 5.0
1.4611385966822648 | 0 | 5.0
1.5175065405429151 | 0 | 5.0
1.621485076566392 | 0 | 5.0
1.7269167579215927 | 2 | -0.5
1.619638383795422 | 0 | 5.0
1.657987157164685 | 0 | 5.0
1.6961022894505868 | 0 | 5.0
1.6711652030138926 | 0 | 5.0
1.694583186942794 | 0 | 5.0
1.7885242951310194 | 0 | 5.0
1.7813536748373378 | 2 | -0.5
1.8230996782725903 | 0 | 5.0
1.8022103672204524 | 0 | 5.0
1.7719475087754284 | 2 | -0.5
1.8291632798525443 | 0 | 5.0
1.7654395329160795 | 0 | 5.0
1.7324466073011278 | 0 | 5.0
1.7146090196025265 | 0 | 5.0
1.6728159308237305 | 2 | -0.5
1.7645618615610634 | 0 | 5.0
1.684487130361128 | 0 | 5.0
1.5213407261711445 | 2 | -0.5
1.7337415728617644 | 0 | 5.0
1.561358088707359 | 0 | 5.0
1.46613308307566 | 0 | 5.0
1.3459400779355613 | 2 | -0.5
1.5709417074174883 | 0 | 5.0
1.3472621727893828 | 0 | 5.0
1.041671068987603 | 0 | 5.0
0.8614376521723289 | 2 | -0.5
1.0414944863210918 | 0 | 5.0
0.728911403440615 | 0 | 5.0
0.7142244074986912 | 0 | 5.0
0.8502796509967397 | 0 | 5.0
0.9553717664305674 | 0 | 5.0
1.1115150949474555 | 2 | -0.5
1.061151041538532 | 0 | 5.0
1.0865069989664045 | 0 | 5.0
1.180000850786785 | 0 | 5.0
1.3181708133600816 | 0 | 5.0
1.4073786924979685 | 2 | -0.5
1.3232772546646052 | 0 | 5.0
1.332368223881759 | 0 | 5.0
1.4236737534202244 | 0 | 5.0
1.419736992210468 | 0 | 5.0
1.4906770730184806 | 0 | 5.0
1.5811218164553706 | 0 | 5.0
1.615468822491774 | 0 | 5.0
1.6960463704688682 | 0 | 5.0
1.7681543125135892 | 0 | 5.0
1.8025383897894665 | 0 | 5.0
1.9032456068691008 | 0 | 5.0
1.9009369931620286 | 0 | 5.0
1.95604254053165 | 0 | 5.0
2.0542956653642492 | 2 | -0.5
1.923677180632353 | 0 | 5.0
1.984283155468112 | 0 | 5.0
2.003403190144323 | 0 | 5.0
2.057247201493297 | 0 | 5.0
2.068293486105081 | 0 | 5.0
2.0529154164417585 | 1 | -0.5
2.1807011516247337 | 2 | -0.5
2.0439293777495036 | 1 | -0.5
2.1779358183951145 | 2 | -0.5
2.108224984523402 | 1 | -0.5
2.2372012653063114 | 2 | -0.5
2.12766720040002 | 1 | -0.5
2.2198016010328607 | 2 | -0.5
2.1464550259838475 | 1 | -0.5
2.178772519097471 | 1 | -0.5
2.393220945114616 | 2 | -0.5
2.2599778896806013 | 1 | -0.5
2.442626276337406 | 2 | -0.5
2.239814724352794 | 1 | -0.5
2.460308078986785 | 1 | -0.5
2.772508005439279 | 2 | -0.5
2.454539042940431 | 1 | -0.5
2.818624747446405 | 1 | -0.5
3.4186218092098084 | 2 | -0.5
2.852598057396288 | 1 | -0.5
3.3850155049431314 | 2 | -0.5
2.89387514510023 | 1 | -0.5
3.471107147119155 | 0 | 5.0
3.7692843363111974 | 0 | 5.0
3.5911612110111464 | 1 | -0.5
3.0128436244761225 | 0 | 5.0
2.890217182851285 | 0 | 5.0
2.8049074970365657 | 0 | 5.0
2.6446426993902015 | 0 | 5.0
2.49093714230544 | 0 | 5.0
2.4176506763740075 | 0 | 5.0
2.252816090503963 | 0 | 5.0
2.143052171054989 | 0 | 5.0
2.036591096969632 | 1 | -0.5
1.929644200460036 | 0 | 5.0
1.835148907274268 | 0 | 5.0
1.7282510786535932 | 0 | 5.0
1.6953288067577 | 0 | 5.0
1.6158949054296712 | 0 | 5.0
1.5243312766530484 | 0 | 5.0
1.42514053633441 | 0 | 5.0
1.3726373248383852 | 0 | 5.0
1.3254818486553432 | 0 | 5.0
1.2925355421083826 | 0 | 5.0
1.2143030329929667 | 0 | 5.0
1.1353884121015598 | 0 | 5.0
1.0362325200334663 | 0 | 5.0
0.9543992564822973 | 0 | 5.0
0.8320879841638944 | 1 | -0.5
0.7934135813997598 | 0 | 5.0
0.7986229509371779 | 0 | 5.0
0.7462958567911682 | 0 | 5.0
0.750411733758183 | 0 | 5.0
0.689671213193432 | 0 | 5.0
0.6363988674834171 | 1 | -0.5
0.6272324034344461 | 2 | -0.5
0.6225391688052958 | 1 | -0.5
0.5995415619301101 | 2 | -0.5
0.630818504640942 | 1 | -0.5
0.6333952313789782 | 2 | -0.5
0.6024064244090462 | 1 | -0.5
0.5827782801424605 | 2 | -0.5
0.6405975174913212 | 1 | -0.5
0.6019061721455861 | 2 | -0.5
0.6224029873107405 | 1 | -0.5
0.5624933755357355 | 2 | -0.5
0.5771940635807835 | 2 | -0.5
0.672143461904704 | 0 | 5.0
0.5116679500836736 | 2 | -0.5
0.5547874636646926 | 2 | -0.5
0.6656163835887734 | 0 | 5.0
0.5061093209407886 | 0 | -200.0
Total reward: 1192.0
1.0, -2.0, 3.0, -2.0, -2.0, 4.0, 5.0, -1.0, 2.0, -1.0, 7.0, -3.0, -2.0, -1.0, -1.0, 7.0, -3.0, -3.0
parameter ends

state | action | reward
[13.97] | 2 | -0.5
7.540304998868566 | 2 | -0.5
3.6985179609522563 | 2 | -0.5
2.596577501464351 | 2 | -0.5
2.1941338430015196 | 2 | -0.5
2.009207737696331 | 2 | -0.5
1.8281191940507047 | 2 | -0.5
1.702245871957521 | 0 | 5.0
1.7541801388771656 | 0 | 5.0
1.7948089695471345 | 0 | 5.0
1.846768795881278 | 0 | 5.0
1.849221858605393 | 0 | 5.0
1.915774439383613 | 0 | 5.0
1.9506448657388396 | 2 | -0.5
1.8927685489883654 | 0 | 5.0
1.9301185711050841 | 0 | 5.0
1.9446266903074365 | 0 | 5.0
1.9459594991612947 | 0 | 5.0
1.95196941529316 | 0 | 5.0
2.00120840213981 | 0 | 5.0
2.0081265248735884 | 0 | 5.0
1.979741524069877 | 0 | 5.0
1.9985908571795254 | 0 | 5.0
2.0646053257173977 | 0 | 5.0
2.0389286854939246 | 0 | 5.0
2.1121360265620113 | 0 | 5.0
2.1593856030588428 | 0 | 5.0
2.152158667546604 | 0 | 5.0
2.105854082439527 | 0 | 5.0
2.145809364473551 | 0 | 5.0
2.1488526703398363 | 0 | 5.0
2.211383779649611 | 0 | 5.0
2.187468943878562 | 0 | 5.0
2.1855054018551012 | 0 | 5.0
2.209480273678372 | 0 | 5.0
2.2310807978521225 | 0 | 5.0
2.2348050066212073 | 0 | 5.0
2.2291223461859504 | 0 | 5.0
2.265550575302084 | 0 | 5.0
2.229430825444679 | 0 | 5.0
2.26168855039667 | 0 | 5.0
2.2519603163879927 | 0 | 5.0
2.294958934868992 | 0 | 5.0
2.2869839768105815 | 0 | 5.0
2.2783060445716723 | 0 | 5.0
2.317482801863966 | 0 | 5.0
2.357670276916418 | 0 | 5.0
2.3284997372109197 | 0 | 5.0
2.38113440739798 | 0 | 5.0
2.3722545253983953 | 0 | 5.0
2.3889578323862564 | 2 | -0.5
2.3925002644902116 | 0 | 5.0
2.3429667896049517 | 0 | 5.0
2.3585352626507525 | 0 | 5.0
2.302427536297357 | 0 | 5.0
2.293885542321683 | 2 | -0.5
2.3662088918247317 | 0 | 5.0
2.287407381273241 | 0 | 5.0
2.2283297864554066 | 0 | 5.0
2.141366462955832 | 2 | -0.5
2.2745266233530876 | 0 | 5.0
2.1552074664888003 | 0 | 5.0
2.071190497275314 | 2 | -0.5
2.2015916566544322 | 0 | 5.0
2.0219797840640297 | 0 | 5.0
1.9729793334441599 | 2 | -0.5
2.302857518578258 | 0 | 5.0
2.0591417864210295 | 0 | 5.0
1.8860830065419523 | 2 | -0.5
2.2333392817122233 | 0 | 5.0
1.838262581798736 | 0 | 5.0
1.488141343278127 | 0 | 5.0
1.1911156485732108 | 2 | -0.5
1.573896188490735 | 0 | 5.0
1.264467264903731 | 0 | 5.0
0.925627124230514 | 0 | 5.0
0.8264698042117047 | 0 | 5.0
0.9060004005334752 | 0 | 5.0
1.0100732624732542 | 0 | 5.0
1.0648768792807906 | 0 | 5.0
1.1852119708230644 | 0 | 5.0
1.2788818647119966 | 2 | -0.5
1.1896057942903584 | 0 | 5.0
1.2634936979755649 | 0 | 5.0
1.319186001486016 | 0 | 5.0
1.3682129425289313 | 0 | 5.0
1.391461998037176 | 0 | 5.0
1.4431701305299531 | 0 | 5.0
1.5478829400811236 | 0 | 5.0
1.5717859268731382 | 0 | 5.0
1.6062153751085864 | 0 | 5.0
1.680195536034726 | 0 | 5.0
1.7834006405957292 | 2 | -0.5
1.7112733386309773 | 0 | 5.0
1.7430483485310975 | 0 | 5.0
1.7237094289245458 | 0 | 5.0
1.7273183040210476 | 0 | 5.0
1.7904694377790213 | 2 | -0.5
1.811400971504084 | 0 | 5.0
1.7789316734991272 | 0 | 5.0
1.7531048748946267 | 0 | 5.0
1.6899793510046148 | 0 | 5.0
1.706193449121757 | 2 | -0.5
1.7554257052897293 | 0 | 5.0
1.6743778732500691 | 2 | -0.5
1.7822139525685812 | 0 | 5.0
1.6888938121400394 | 0 | 5.0
1.5988593516291247 | 0 | 5.0
1.491156848516574 | 2 | -0.5
1.6817035754846104 | 0 | 5.0
1.4838247654027232 | 2 | -0.5
1.7464715054203006 | 0 | 5.0
1.5982841119181395 | 0 | 5.0
1.3729222237835692 | 2 | -0.5
1.6765233057065978 | 0 | 5.0
1.328743276349773 | 0 | 5.0
1.0434502171854896 | 0 | 5.0
0.7451060331780702 | 0 | 5.0
0.7120233234727109 | 0 | 5.0
0.8791387893497304 | 2 | -0.5
0.7975690354387529 | 0 | 5.0
0.9219756773540195 | 0 | 5.0
1.0260357203295642 | 0 | 5.0
1.1164580882960449 | 0 | 5.0
1.2138067393657592 | 0 | 5.0
1.3082113785034815 | 2 | -0.5
1.2117064473479262 | 0 | 5.0
1.2686407895305483 | 0 | 5.0
1.3811664968065616 | 0 | 5.0
1.4496812510762116 | 0 | 5.0
1.5247915175354494 | 2 | -0.5
1.430580691819632 | 0 | 5.0
1.511951215225944 | 0 | 5.0
1.4854754623972517 | 0 | 5.0
1.5606066842960054 | 0 | 5.0
1.5477290705657447 | 0 | 5.0
1.6064575166694695 | 0 | 5.0
1.6009188887476644 | 0 | 5.0
1.6261180466568304 | 0 | 5.0
1.5940221728147057 | 0 | 5.0
1.6391714587791903 | 0 | 5.0
1.6980604142835891 | 0 | 5.0
1.6507511143196978 | 0 | 5.0
1.6991527031500608 | 0 | 5.0
1.7099841409818535 | 0 | 5.0
1.6729599429577529 | 1 | -0.5
1.727849665217735 | 0 | 5.0
1.815830823357899 | 0 | 5.0
1.8053033936293674 | 1 | -0.5
1.9133629580687004 | 2 | -0.5
1.808084518765869 | 1 | -0.5
1.9250817725590277 | 2 | -0.5
1.8540047112180533 | 1 | -0.5
1.9368580063849317 | 1 | -0.5
2.126674826139842 | 2 | -0.5
2.001673860093128 | 1 | -0.5
2.1840682364346864 | 2 | -0.5
2.03165501118737 | 1 | -0.5
2.2294979831639408 | 1 | -0.5
2.5672695423637584 | 2 | -0.5
2.2582944205704063 | 1 | -0.5
2.6196816063750576 | 2 | -0.5
2.382779077893742 | 1 | -0.5
2.629488600584837 | 1 | -0.5
3.3540573174144144 | 2 | -0.5
2.7754452262617035 | 1 | -0.5
3.5201648805369588 | 2 | -0.5
2.86832837865998 | 1 | -0.5
3.5908906014405106 | 2 | -0.5
2.9881120150052793 | 1 | -0.5
3.506924096745032 | 0 | 5.0
3.392687626982497 | 0 | 5.0
3.2645395051386963 | 0 | 5.0
3.1122148125813998 | 0 | 5.0
2.9849690723543643 | 1 | -0.5
2.505720471416789 | 0 | 5.0
2.41066551030214 | 0 | 5.0
2.2838962091499493 | 0 | 5.0
2.2431464363763736 | 0 | 5.0
2.0852280223928212 | 0 | 5.0
2.024510019939927 | 0 | 5.0
1.9540238521725726 | 0 | 5.0
1.9058228794885064 | 0 | 5.0
1.8298406137136887 | 0 | 5.0
1.7218094373323156 | 0 | 5.0
1.56986044428417 | 0 | 5.0
1.577615075307549 | 0 | 5.0
1.4435451242455586 | 0 | 5.0
1.393246172365634 | 0 | 5.0
1.3346762317596539 | 0 | 5.0
1.240269495087495 | 0 | 5.0
1.185177944550815 | 0 | 5.0
1.0765745533655544 | 0 | 5.0
1.0268108603898911 | 0 | 5.0
0.9484593259735941 | 0 | 5.0
0.9251634119269547 | 1 | -0.5
0.8101455952360328 | 0 | 5.0
0.8227162348962791 | 0 | 5.0
0.7182838169572939 | 0 | 5.0
0.7297894721011834 | 0 | 5.0
0.7089468900429828 | 0 | 5.0
0.6873812799502825 | 1 | -0.5
0.6456889782218366 | 0 | 5.0
0.632747543910414 | 2 | -0.5
0.6293332970871086 | 1 | -0.5
0.6336422147734909 | 2 | -0.5
0.614867203867892 | 1 | -0.5
0.6099657332027081 | 2 | -0.5
0.616959742584375 | 2 | -0.5
0.6364367249341263 | 0 | 5.0
0.5563235619447373 | 2 | -0.5
0.6301074249087416 | 0 | 5.0
0.4794582523134543 | 2 | -0.5
0.5566372699115903 | 0 | -200.0
Total reward: 535.0
1.0, -2.0, 3.0, -2.0, -2.0, 4.0, 5.0, -1.0, 2.0, -1.0, 7.0, -3.0, -2.0, -1.0, -1.0, 7.0, -3.0, -3.0
parameter ends

state | action | reward
[1.52] | 0 | 5.0
1.4949631151136038 | 0 | 5.0
1.477168196643538 | 0 | 5.0
1.4605013698457667 | 0 | 5.0
1.353200336383148 | 0 | 5.0
1.3776677028476259 | 0 | 5.0
1.3559663169633025 | 0 | 5.0
1.3312277128149752 | 0 | 5.0
1.280191696253393 | 0 | 5.0
1.248078261349792 | 0 | 5.0
1.1764909097862786 | 0 | 5.0
1.2029737199734971 | 0 | 5.0
1.184845449289035 | 0 | 5.0
1.1023741522239507 | 0 | 5.0
1.0913963197588044 | 0 | 5.0
1.03305295803116 | 0 | 5.0
0.9783617688623646 | 0 | 5.0
0.9464821971441228 | 0 | 5.0
0.9304461183030879 | 0 | 5.0
0.9029986941490258 | 0 | 5.0
0.8901729582037131 | 0 | 5.0
0.8350616533828782 | 0 | 5.0
0.8297880290783495 | 0 | 5.0
0.7626646927080215 | 1 | -0.5
0.7461151915224942 | 2 | -0.5
0.768285141205856 | 2 | -0.5
0.787421212060415 | 0 | 5.0
0.7245336729800935 | 0 | 5.0
0.5662573816466829 | 2 | -0.5
0.6654955608341694 | 2 | -0.5
0.7605888980670596 | 0 | 5.0
0.5033307824188453 | 0 | -200.0
Total reward: -72.5
1.0, -2.0, 3.0, -2.0, -2.0, 4.0, 5.0, -1.0, 2.0, -1.0, 7.0, -3.0, -2.0, -1.0, -1.0, 7.0, -3.0, -3.0
parameter ends

state | action | reward
[2.43] | 1 | -0.5
2.314803279149255 | 1 | -0.5
1.8189888603455693 | 1 | -0.5
1.5411185503359108 | 1 | -0.5
1.3965120085556315 | 0 | 5.0
1.3672559545729732 | 0 | 5.0
1.3689311598078415 | 0 | 5.0
1.3558615794877613 | 0 | 5.0
1.2200351275489805 | 0 | 5.0
1.1727646115281154 | 0 | 5.0
1.1842108662185218 | 0 | 5.0
1.0929040600851694 | 0 | 5.0
1.0572975632358323 | 0 | 5.0
1.0712764433534476 | 1 | -0.5
0.9731605703444202 | 0 | 5.0
0.9732685123580348 | 0 | 5.0
0.9368116199050871 | 0 | 5.0
0.9289519871985714 | 0 | 5.0
0.9773970578317782 | 0 | 5.0
0.8971041589559631 | 0 | 5.0
0.924102487077128 | 0 | 5.0
0.9303647379824743 | 0 | 5.0
0.9039826765178167 | 0 | 5.0
0.9326471692508872 | 0 | 5.0
0.9449550921725698 | 0 | 5.0
0.9575290735915967 | 0 | 5.0
0.9478053519728679 | 0 | 5.0
0.9378133534893273 | 0 | 5.0
0.9659172184374848 | 0 | 5.0
0.986657686387504 | 0 | 5.0
0.9249637148494146 | 0 | 5.0
0.944411685889054 | 0 | 5.0
0.9421598389848134 | 0 | 5.0
0.9461592647652451 | 0 | 5.0
0.9432678411139997 | 0 | 5.0
0.8924470750991856 | 0 | 5.0
0.916143372035312 | 0 | 5.0
0.9376634504733561 | 0 | 5.0
0.9161286381324768 | 0 | 5.0
0.9310618870776001 | 0 | 5.0
0.9151749119685825 | 0 | 5.0
0.8884928472218353 | 0 | 5.0
0.8828373598277731 | 0 | 5.0
0.8557830279855038 | 0 | 5.0
0.8160734371418645 | 0 | 5.0
0.8416584803363117 | 0 | 5.0
0.8048852265709298 | 0 | 5.0
0.8136131659849055 | 0 | 5.0
0.7532859180860647 | 0 | 5.0
0.7460755253787706 | 0 | 5.0
0.7262423590236123 | 0 | 5.0
0.6938948298434259 | 0 | 5.0
0.6974042785149119 | 0 | 5.0
0.666202546014766 | 0 | 5.0
0.6512996162405638 | 0 | 5.0
0.6457077835167296 | 0 | 5.0
0.6202595359097518 | 0 | 5.0
0.5917282035948254 | 0 | 5.0
0.6075900882112896 | 0 | 5.0
0.5878369438270031 | 0 | 5.0
0.5429038842619289 | 0 | 5.0
0.5387629967848562 | 0 | 5.0
0.49956541917039204 | 0 | 5.0
0.4531326089250765 | 0 | 5.0
0.5111820133459786 | 0 | 5.0
0.4777415858944266 | 0 | 5.0
0.4666403011918098 | 1 | -0.5
0.4681314957375507 | 0 | 5.0
0.5094204780297722 | 0 | 5.0
0.5405357987680087 | 0 | 5.0
0.5891986507668294 | 0 | 5.0
0.630406785992564 | 0 | 5.0
0.6680109725659478 | 1 | -0.5
0.6635117187437607 | 0 | 5.0
0.7608909535652247 | 0 | 5.0
0.8363348527982765 | 0 | 5.0
0.9185893899818073 | 0 | 5.0
1.0051831566804146 | 1 | -0.5
1.1196641314853424 | 2 | -0.5
1.0268117225236173 | 1 | -0.5
1.0968339932101514 | 0 | 5.0
1.2297346678442487 | 2 | -0.5
1.1483128947829782 | 1 | -0.5
1.2260899034821755 | 1 | -0.5
1.458423356591869 | 0 | 5.0
1.6828394495554975 | 0 | 5.0
1.8895431478841327 | 0 | 5.0
2.0366197152978693 | 1 | -0.5
2.699032211744598 | 0 | 5.0
3.0005992840702267 | 0 | 5.0
3.2170340188214244 | 0 | 5.0
3.1972552495977773 | 0 | 5.0
3.0297408782500477 | 0 | 5.0
2.925136516831569 | 0 | 5.0
2.8260478812645085 | 0 | 5.0
2.6642387694548577 | 0 | 5.0
2.5613452443140816 | 1 | -0.5
2.2209449129901744 | 0 | 5.0
2.1614265853338224 | 0 | 5.0
2.0809591813913877 | 0 | 5.0
1.9893747526331684 | 0 | 5.0
1.8772252537351826 | 0 | 5.0
1.7735510296948398 | 0 | 5.0
1.7374442244665438 | 1 | -0.5
1.567737777865862 | 0 | 5.0
1.5472578313011478 | 0 | 5.0
1.4726870918479364 | 0 | 5.0
1.419064924475971 | 0 | 5.0
1.3506393483980257 | 0 | 5.0
1.3030431214071247 | 0 | 5.0
1.2560817051815645 | 0 | 5.0
1.188680904729916 | 0 | 5.0
1.1309516386352656 | 0 | 5.0
1.1209371786623765 | 0 | 5.0
1.0000767438634655 | 0 | 5.0
1.0190026899286544 | 0 | 5.0
0.961734173328573 | 1 | -0.5
0.9424809389699457 | 0 | 5.0
0.8876728631507413 | 0 | 5.0
0.8875214417835824 | 0 | 5.0
0.8630737595965964 | 0 | 5.0
0.8096512253422774 | 0 | 5.0
0.8074668995039195 | 0 | 5.0
0.7694425540093209 | 0 | 5.0
0.7717646615753705 | 0 | 5.0
0.7694651878164318 | 0 | 5.0
0.7133502234758756 | 0 | 5.0
0.7130473488320536 | 0 | 5.0
0.6995284527600312 | 0 | 5.0
0.7158334857941928 | 0 | 5.0
0.6576357029653448 | 0 | 5.0
0.6427319797107544 | 0 | 5.0
0.6197592196084393 | 0 | 5.0
0.5968041663011273 | 0 | 5.0
0.5636140770021648 | 0 | 5.0
0.5564796387122437 | 0 | 5.0
0.5660761720903162 | 0 | 5.0
0.5560723593369894 | 0 | 5.0
0.5236231288632787 | 0 | 5.0
0.4936536948568688 | 0 | 5.0
0.4654542836546629 | 0 | 5.0
0.44139207858376167 | 0 | 5.0
0.44478147449051 | 0 | 5.0
0.4422855353655011 | 0 | 5.0
0.45209160303071627 | 1 | -200.0
Total reward: 426.5
1.0, -2.0, 3.0, -2.0, -2.0, 4.0, 5.0, -1.0, 2.0, -1.0, 7.0, -3.0, -2.0, -1.0, -1.0, 7.0, -3.0, -3.0
parameter ends

state | action | reward
[1.79] | 2 | -0.5
1.6513975833687244 | 2 | -0.5
1.5669006014239055 | 0 | 5.0
1.6245987302139169 | 0 | 5.0
1.627837109819527 | 0 | 5.0
1.6725707891853998 | 0 | 5.0
1.7475569719937585 | 2 | -0.5
1.6651057685472606 | 0 | 5.0
1.6918540508801019 | 0 | 5.0
1.7027522753727282 | 0 | 5.0
1.7148499596094653 | 0 | 5.0
1.751024192347823 | 0 | 5.0
1.7085377884382866 | 0 | 5.0
1.7660207949804487 | 0 | 5.0
1.7430590942087931 | 0 | 5.0
1.7883042206818016 | 0 | 5.0
1.7821216719777557 | 0 | 5.0
1.8045262604332668 | 0 | 5.0
1.8372582469966916 | 0 | 5.0
1.8355395136480819 | 0 | 5.0
1.8401205370337814 | 0 | 5.0
1.8250330522987228 | 0 | 5.0
1.8953217845521393 | 2 | -0.5
1.9289913063354505 | 0 | 5.0
1.9012219271852255 | 0 | 5.0
1.8544483339548554 | 0 | 5.0
1.864994091318492 | 0 | 5.0
1.8721959887681507 | 2 | -0.5
1.9302023209195764 | 0 | 5.0
1.8228851494511251 | 0 | 5.0
1.8102961330742389 | 0 | 5.0
1.7791206032452351 | 2 | -0.5
1.8958789984264142 | 0 | 5.0
1.7259885986212198 | 0 | 5.0
1.6556190627094414 | 2 | -0.5
1.8135874914416734 | 0 | 5.0
1.7017549472839053 | 0 | 5.0
1.5639699053635074 | 2 | -0.5
1.8975879535086748 | 0 | 5.0
1.7322730380802653 | 0 | 5.0
1.4396026488444398 | 0 | 5.0
1.2653866783328969 | 0 | 5.0
1.0298587474662682 | 0 | 5.0
0.8219317871124021 | 0 | 5.0
0.7173770980267562 | 2 | -0.5
0.6745647136873829 | 0 | 5.0
0.7893557156482556 | 0 | 5.0
0.8950291759435358 | 0 | 5.0
1.0274293175875924 | 0 | 5.0
1.086782918477559 | 0 | 5.0
1.1683876189961817 | 0 | 5.0
1.2152946566954812 | 0 | 5.0
1.345490414096816 | 0 | 5.0
1.4558317945030175 | 2 | -0.5
1.3099080121068263 | 0 | 5.0
1.3618467210647638 | 0 | 5.0
1.4245467451916054 | 0 | 5.0
1.467946465088385 | 0 | 5.0
1.4983257053186347 | 0 | 5.0
1.5936065663652839 | 0 | 5.0
1.6151913031815672 | 0 | 5.0
1.6644847588376488 | 0 | 5.0
1.7092750287639713 | 0 | 5.0
1.7709268193087717 | 0 | 5.0
1.8056950620974437 | 0 | 5.0
1.847157172740748 | 0 | 5.0
1.833013041298981 | 0 | 5.0
1.9113989895875476 | 0 | 5.0
1.9386467087156356 | 0 | 5.0
1.9925449979815495 | 2 | -0.5
1.9933015036306196 | 0 | 5.0
1.9248896203697428 | 1 | -0.5
1.9592658485225942 | 2 | -0.5
1.9686292875270923 | 1 | -0.5
2.0208253962731284 | 2 | -0.5
1.9720304351286582 | 1 | -0.5
2.0552361253332325 | 2 | -0.5
1.9777127170758448 | 1 | -0.5
2.0724034762383523 | 2 | -0.5
2.0068387274548445 | 1 | -0.5
2.0900459722264166 | 2 | -0.5
2.0143799842024532 | 1 | -0.5
2.0829892358518967 | 2 | -0.5
2.036700367145701 | 1 | -0.5
2.0863250798181037 | 1 | -0.5
2.2412473500962107 | 2 | -0.5
2.1348032415720026 | 1 | -0.5
2.2656521092983617 | 2 | -0.5
2.1686209854336753 | 1 | -0.5
2.2967775829000874 | 1 | -0.5
2.617287242119482 | 2 | -0.5
2.3149034371112958 | 1 | -0.5
2.6673405432059782 | 2 | -0.5
2.386233062087152 | 1 | -0.5
2.719705950646638 | 1 | -0.5
3.2892030123801095 | 2 | -0.5
2.782526875644797 | 1 | -0.5
3.2544610827156126 | 2 | -0.5
2.7186128239474705 | 1 | -0.5
3.188328331055046 | 1 | -0.5
3.6868592163288114 | 2 | -0.5
3.280361707532536 | 1 | -0.5
3.6081544014711757 | 0 | 5.0
3.332954459176751 | 0 | 5.0
3.1797811926799806 | 0 | 5.0
3.0156386284241643 | 0 | 5.0
2.92901788923444 | 0 | 5.0
2.8464674663415903 | 0 | 5.0
2.754261225409279 | 0 | 5.0
2.649281676228502 | 1 | -0.5
2.3145465702222023 | 0 | 5.0
2.2199318408171775 | 0 | 5.0
2.141927734372916 | 0 | 5.0
2.0550746771133115 | 0 | 5.0
1.9850924435532444 | 0 | 5.0
1.8868046519470163 | 0 | 5.0
1.7961587112923576 | 0 | 5.0
1.700603619598331 | 0 | 5.0
1.6239906961536248 | 0 | 5.0
1.5087997966708422 | 1 | -0.5
1.4369886261762737 | 0 | 5.0
1.4064327802537755 | 0 | 5.0
1.408952431057703 | 0 | 5.0
1.3708193882794677 | 0 | 5.0
1.2740849125773819 | 1 | -0.5
1.3009815667855373 | 0 | 5.0
1.2603255898776082 | 0 | 5.0
1.2869010425899567 | 0 | 5.0
1.27837206669237 | 0 | 5.0
1.3314899106733955 | 0 | 5.0
1.327478692579686 | 0 | 5.0
1.3598619856984853 | 1 | -0.5
1.3864422058743455 | 0 | 5.0
1.5139894153729687 | 0 | 5.0
1.5037022445705472 | 1 | -0.5
1.6604784433775726 | 2 | -0.5
1.5701784139434158 | 1 | -0.5
1.7238272812605526 | 2 | -0.5
1.6136740737432478 | 1 | -0.5
1.6982201694704424 | 2 | -0.5
1.605705272651447 | 1 | -0.5
1.8030055478369977 | 2 | -0.5
1.6580319527786598 | 1 | -0.5
1.8059235051487135 | 1 | -0.5
2.0397383438391774 | 2 | -0.5
1.8409567362143007 | 1 | -0.5
2.0548731621747574 | 2 | -0.5
1.82195453167058 | 1 | -0.5
2.0482968881387813 | 2 | -0.5
1.9097234145776931 | 1 | -0.5
2.262194324809883 | 2 | -0.5
1.9811796225315506 | 1 | -0.5
2.2461922401719505 | 1 | -0.5
2.6598718557674106 | 0 | 5.0
2.854064376149822 | 2 | -0.5
2.4906151085341115 | 1 | -0.5
3.0579710021509476 | 0 | 5.0
3.3258644089118863 | 0 | 5.0
3.4384300498701337 | 0 | 5.0
3.3007816043196634 | 1 | -0.5
2.789620868990678 | 0 | 5.0
2.759716593709843 | 0 | 5.0
2.6516721478958654 | 0 | 5.0
2.533481321029862 | 0 | 5.0
2.4754870317486914 | 0 | 5.0
2.37181712737328 | 1 | -0.5
2.11286425566851 | 0 | 5.0
2.019971432660496 | 0 | 5.0
2.003583403429497 | 0 | 5.0
1.904194341155538 | 0 | 5.0
1.8093791784121367 | 0 | 5.0
1.749841967643726 | 1 | -0.5
1.6104095128653009 | 0 | 5.0
1.5228368330208593 | 0 | 5.0
1.4620327764901895 | 0 | 5.0
1.409650768704787 | 0 | 5.0
1.3403279323913855 | 0 | 5.0
1.2567706470438342 | 1 | -0.5
1.1752630417399093 | 0 | 5.0
1.136319433502146 | 0 | 5.0
1.1496460609059937 | 0 | 5.0
1.086575878757018 | 0 | 5.0
1.050536948219455 | 0 | 5.0
1.0281827978410814 | 0 | 5.0
1.0164209020737616 | 0 | 5.0
0.9322034897800977 | 0 | 5.0
0.8861563176154973 | 0 | 5.0
0.8694184800753145 | 0 | 5.0
0.8211967663726384 | 0 | 5.0
0.7390254670265379 | 0 | 5.0
0.6899012018522445 | 0 | 5.0
0.6754069328944957 | 0 | 5.0
0.6746273756969056 | 1 | -0.5
0.654371822476516 | 0 | 5.0
0.6511893383921946 | 0 | 5.0
0.6861152802128735 | 0 | 5.0
0.6762081267317528 | 0 | 5.0
0.6842262892723122 | 0 | 5.0
0.7047345428105032 | 0 | 5.0
0.6860313569889916 | 0 | 5.0
0.6628041631348368 | 0 | 5.0
0.6950416805841795 | 0 | 5.0
0.7088669624359407 | 0 | 5.0
0.6975507288031714 | 0 | 5.0
0.6669405511295387 | 0 | 5.0
0.6750026355162279 | 0 | 5.0
0.6504313616111804 | 0 | 5.0
0.6513341655280502 | 0 | 5.0
0.6914404845176377 | 0 | 5.0
0.6383428368917915 | 0 | 5.0
0.6596646280374562 | 0 | 5.0
0.6880473212252242 | 0 | 5.0
0.6565323706075413 | 0 | 5.0
0.6342606125526393 | 0 | 5.0
0.6544648461382686 | 0 | 5.0
0.6603941978227543 | 0 | 5.0
0.6525736216422522 | 0 | 5.0
0.6657052799017055 | 0 | 5.0
0.6734768339364912 | 0 | 5.0
0.7348294352049145 | 0 | 5.0
0.7063118656238208 | 0 | 5.0
0.7232870868248331 | 0 | 5.0
0.7816428735095244 | 0 | 5.0
0.75329962721867 | 0 | 5.0
0.8049102972203996 | 0 | 5.0
0.8156798060783854 | 0 | 5.0
0.8070547856996658 | 0 | 5.0
0.805037170675158 | 0 | 5.0
0.7825022513342929 | 1 | -0.5
0.8362520142882699 | 0 | 5.0
0.8173431362537502 | 0 | 5.0
0.9346272255304554 | 0 | 5.0
0.9687789527141616 | 1 | -0.5
1.0353071254483701 | 0 | 5.0
1.0393175697364074 | 0 | 5.0
1.0895710542036292 | 1 | -0.5
1.1817033064933207 | 0 | 5.0
1.3214031662694397 | 2 | -0.5
1.2178849392163762 | 1 | -0.5
1.3407604421777526 | 2 | -0.5
1.258638232998719 | 1 | -0.5
1.4065570719466451 | 2 | -0.5
1.3141733244421372 | 1 | -0.5
1.4194207869386046 | 2 | -0.5
1.3064063839373041 | 1 | -0.5
1.4488207126742607 | 2 | -0.5
1.416586602612411 | 1 | -0.5
1.486050586004343 | 1 | -0.5
1.720833676280256 | 0 | 5.0
1.8707993115382477 | 0 | 5.0
2.0867961588234567 | 1 | -0.5
2.5863954603017234 | 0 | 5.0
2.9000927924343034 | 0 | 5.0
2.9727064201492444 | 0 | 5.0
3.0790006039683386 | 1 | -0.5
3.0859681190469908 | 0 | 5.0
2.919292889365975 | 0 | 5.0
2.795059312228479 | 0 | 5.0
2.6971438867975754 | 0 | 5.0
2.606672282154595 | 0 | 5.0
2.463510716719065 | 0 | 5.0
2.262994606056031 | 0 | 5.0
2.209476029084011 | 1 | -0.5
1.9876177814765577 | 0 | 5.0
1.9239949614062701 | 0 | 5.0
1.8393715369843098 | 0 | 5.0
1.7108200628903214 | 0 | 5.0
1.681248369807123 | 0 | 5.0
1.6623648305047272 | 0 | 5.0
1.587804650369068 | 0 | 5.0
1.4901679348421841 | 0 | 5.0
1.4557388581294366 | 0 | 5.0
1.3494626716848674 | 0 | 5.0
1.2813680585253664 | 0 | 5.0
1.266390925986102 | 0 | 5.0
1.1468172017823246 | 0 | 5.0
1.0653057545841473 | 0 | 5.0
1.062043219329163 | 0 | 5.0
0.9437956733987044 | 1 | -0.5
0.9348021356242405 | 0 | 5.0
0.9091201214678089 | 0 | 5.0
0.8532258750284246 | 0 | 5.0
0.8550002345803108 | 0 | 5.0
0.8503143912444502 | 0 | 5.0
0.8764787052728054 | 0 | 5.0
0.8649049578831832 | 0 | 5.0
0.7970495902858825 | 0 | 5.0
0.7873401008276485 | 0 | 5.0
0.7991640185215169 | 0 | 5.0
0.7875954205173259 | 0 | 5.0
0.7693246877775636 | 0 | 5.0
0.7641458560335396 | 0 | 5.0
0.7780339312705933 | 0 | 5.0
0.7577450996349503 | 0 | 5.0
0.704637208191137 | 0 | 5.0
0.6865975309269235 | 0 | 5.0
0.6404253357439358 | 0 | 5.0
0.6846323814140916 | 0 | 5.0
0.6330507201577236 | 0 | 5.0
0.613085932327262 | 0 | 5.0
0.5978237773731451 | 0 | 5.0
0.5777462016282877 | 0 | 5.0
0.5977554163443252 | 0 | 5.0
0.5583194696549003 | 0 | 5.0
0.5512176523918442 | 0 | 5.0
0.5678346132098067 | 0 | 5.0
0.5292666552170533 | 0 | 5.0
0.556320065228092 | 0 | 5.0
0.50633996229856 | 0 | 5.0
0.5103558002223271 | 0 | 5.0
0.5053627966726083 | 0 | 5.0
0.48299568230578177 | 0 | 5.0
0.48591545930984004 | 0 | 5.0
0.45324979809830146 | 0 | 5.0
0.4445428140576912 | 1 | -0.5
0.4458699709372986 | 0 | 5.0
0.4687021854859463 | 0 | 5.0
0.41297728947159257 | 0 | 5.0
0.45399511990137636 | 0 | 5.0
0.5070074288988535 | 0 | 5.0
0.4967715056690131 | 0 | 5.0
0.5184963800610732 | 0 | 5.0
0.5658060904174813 | 0 | 5.0
0.5402781183097942 | 0 | 5.0
0.6256389183386846 | 0 | 5.0
0.6173289250922167 | 1 | -0.5
0.6752702497150297 | 0 | 5.0
0.7670360317936253 | 0 | 5.0
0.8316907549743086 | 0 | 5.0
0.8691320165956037 | 0 | 5.0
0.9225777888934554 | 1 | -0.5
0.9871439363191166 | 0 | 5.0
1.1381802216276198 | 0 | 5.0
1.295427974949118 | 2 | -0.5
1.1701896572941324 | 1 | -0.5
1.3351689009576817 | 0 | 5.0
1.4766945761895371 | 1 | -0.5
1.7814046178308687 | 0 | 5.0
1.9139063866221844 | 0 | 5.0
2.2191063824420687 | 0 | 5.0
2.3966022669174016 | 1 | -0.5
2.920035766038661 | 0 | 5.0
3.1740650279483273 | 0 | 5.0
3.2819877663107913 | 0 | 5.0
3.2540271181100193 | 0 | 5.0
3.1708528697323013 | 1 | -0.5
2.7338743883547694 | 0 | 5.0
2.7021825586064443 | 0 | 5.0
2.6471887594996977 | 0 | 5.0
2.5034080166706163 | 0 | 5.0
2.3615286779938036 | 1 | -0.5
2.100792037653678 | 0 | 5.0
2.0455285880015306 | 0 | 5.0
1.9607739050608646 | 0 | 5.0
1.8678195670628277 | 0 | 5.0
1.820419358158454 | 0 | 5.0
1.7350020614159345 | 0 | 5.0
1.6461229257023218 | 0 | 5.0
1.6196986170271728 | 0 | 5.0
1.5118576107845996 | 0 | 5.0
1.4119184927257176 | 1 | -0.5
1.370803959189286 | 0 | 5.0
1.3052769803357758 | 0 | 5.0
1.261381701654142 | 0 | 5.0
1.2015242272228803 | 0 | 5.0
1.1725665624896278 | 1 | -0.5
1.186725573018277 | 0 | 5.0
1.1308613270220198 | 0 | 5.0
1.1087752620436993 | 0 | 5.0
1.1272476137822776 | 0 | 5.0
1.094359001974839 | 0 | 5.0
1.1248072585647364 | 1 | -0.5
1.1340154273970735 | 0 | 5.0
1.1335255052894913 | 0 | 5.0
1.2183555406411188 | 0 | 5.0
1.2015733114555012 | 0 | 5.0
1.266093083019558 | 1 | -0.5
1.3594484205813653 | 0 | 5.0
1.446829131235863 | 0 | 5.0
1.5458936114231252 | 2 | -0.5
1.462985062744637 | 1 | -0.5
1.5943277603711306 | 1 | -0.5
1.8071488338267716 | 2 | -0.5
1.6977469146576856 | 1 | -0.5
1.936273164138828 | 2 | -0.5
1.7337811279444693 | 1 | -0.5
1.953096248133525 | 2 | -0.5
1.7272091054727357 | 1 | -0.5
1.923385969255577 | 2 | -0.5
1.745147886891122 | 1 | -0.5
1.9872858430982685 | 1 | -0.5
2.3771884993778043 | 0 | 5.0
2.5355538298292353 | 0 | 5.0
2.7924155147200844 | 0 | 5.0
3.0593596293480156 | 0 | 5.0
3.218967336417276 | 1 | -0.5
3.059879151345097 | 0 | 5.0
3.024295568175001 | 0 | 5.0
2.8473275806784644 | 0 | 5.0
2.7021250951634066 | 0 | 5.0
2.573913417535785 | 0 | 5.0
2.4725378523430193 | 0 | 5.0
2.356537728250275 | 1 | -0.5
2.1363627125451954 | 0 | 5.0
2.048926190520058 | 0 | 5.0
1.9820951072936002 | 0 | 5.0
1.896415468844786 | 0 | 5.0
1.7959576803869128 | 0 | 5.0
1.673843606101142 | 1 | -0.5
1.5416957699512566 | 0 | 5.0
1.4912593912601675 | 0 | 5.0
1.4427425489338868 | 0 | 5.0
1.3532491775728113 | 0 | 5.0
1.3407340828247964 | 0 | 5.0
1.2774077916721476 | 0 | 5.0
1.2156957724866764 | 0 | 5.0
1.148549722848185 | 0 | 5.0
1.0666989716030932 | 0 | 5.0
0.9979739537317224 | 0 | 5.0
0.9349097864621793 | 0 | 5.0
0.9040257284029003 | 0 | 5.0
0.8352975891505815 | 1 | -0.5
0.7652570377347584 | 0 | 5.0
0.7350673432484252 | 0 | 5.0
0.7034520215852214 | 0 | 5.0
0.6923213069218471 | 0 | 5.0
0.6734875456617695 | 0 | 5.0
0.6338205618072802 | 0 | 5.0
0.5653446704135675 | 1 | -0.5
0.5431974128552971 | 0 | 5.0
0.5890039186792358 | 2 | -0.5
0.5648853752899552 | 1 | -0.5
0.5516771897921898 | 2 | -0.5
0.5404365489773717 | 2 | -0.5
0.5555654506192956 | 2 | -0.5
0.6288192206092001 | 0 | 5.0
0.47533148415557885 | 2 | -0.5
0.5467107680999216 | 2 | -200.0
Total reward: 1292.0
1.0, -2.0, 3.0, -2.0, -2.0, 4.0, 5.0, -1.0, 2.0, -1.0, 7.0, -3.0, -2.0, -1.0, -1.0, 7.0, -3.0, -3.0
parameter ends

state | action | reward
[1.51] | 0 | 5.0
1.507932829300957 | 0 | 5.0
1.4872783947257262 | 1 | -0.5
1.5127234692308664 | 0 | 5.0
1.506589463129661 | 0 | 5.0
1.5211984871899316 | 1 | -0.5
1.5622304592042648 | 0 | 5.0
1.6430457212233718 | 0 | 5.0
1.738375158944951 | 2 | -0.5
1.623374817905469 | 1 | -0.5
1.7762183837550343 | 1 | -0.5
1.8807486515981158 | 2 | -0.5
1.7850504498092283 | 1 | -0.5
1.9563167810647668 | 2 | -0.5
1.8199596479400217 | 1 | -0.5
2.002809992726506 | 2 | -0.5
1.8022552047584597 | 1 | -0.5
2.00964312379385 | 2 | -0.5
1.8396535759364352 | 1 | -0.5
2.0995758054848963 | 2 | -0.5
1.899932510815127 | 1 | -0.5
2.112213091425474 | 2 | -0.5
1.9583748290160863 | 1 | -0.5
2.20791269098349 | 2 | -0.5
1.9947989455013029 | 1 | -0.5
2.2308154911237925 | 1 | -0.5
2.6015084998268385 | 2 | -0.5
2.2228357797964176 | 1 | -0.5
2.5611485195679533 | 2 | -0.5
2.2345877293325067 | 1 | -0.5
2.590613731812866 | 2 | -0.5
2.3038886627130015 | 1 | -0.5
2.597877015320459 | 1 | -0.5
3.1894835952910277 | 0 | 5.0
3.3780583035409486 | 0 | 5.0
3.5797649590359804 | 0 | 5.0
3.4689121830678586 | 1 | -0.5
2.969229118534095 | 0 | 5.0
2.9123788214914326 | 0 | 5.0
2.7164847692437033 | 0 | 5.0
2.580819334994891 | 0 | 5.0
2.4375295822735614 | 0 | 5.0
2.3025259478158833 | 0 | 5.0
2.2691910475753163 | 0 | 5.0
2.171832069867458 | 0 | 5.0
2.134063700651004 | 0 | 5.0
2.0223994990490692 | 1 | -0.5
1.8458998150202879 | 0 | 5.0
1.778436273280998 | 0 | 5.0
1.7123022469329194 | 0 | 5.0
1.6317345423955076 | 0 | 5.0
1.5908046431081837 | 0 | 5.0
1.524181675755588 | 0 | 5.0
1.4540479020001689 | 0 | 5.0
1.3141179358879962 | 0 | 5.0
1.2830625197306584 | 1 | -0.5
1.210143264222 | 0 | 5.0
1.1491978070387874 | 0 | 5.0
1.1504177411427114 | 0 | 5.0
1.0988437936298414 | 0 | 5.0
1.0432342479960324 | 0 | 5.0
0.9553984482982683 | 0 | 5.0
0.9547214268769226 | 0 | 5.0
0.8980058860722882 | 1 | -0.5
0.8724019928572452 | 0 | 5.0
0.8527313159717861 | 0 | 5.0
0.8507338909896272 | 0 | 5.0
0.8867167115507402 | 0 | 5.0
0.842862287948177 | 0 | 5.0
0.8048400658443082 | 0 | 5.0
0.8163048219580703 | 0 | 5.0
0.7889817657878808 | 0 | 5.0
0.7653290786418628 | 0 | 5.0
0.768449621430217 | 0 | 5.0
0.7576316690279598 | 0 | 5.0
0.7236053756959286 | 0 | 5.0
0.6869346326229365 | 0 | 5.0
0.6437913695432915 | 0 | 5.0
0.6086312328045215 | 0 | 5.0
0.6116797510331432 | 0 | 5.0
0.5719733107262064 | 0 | 5.0
0.5477189189791454 | 0 | 5.0
0.49903646852721983 | 1 | -0.5
0.5034469395878332 | 0 | 5.0
0.5432087170301126 | 0 | 5.0
0.5161674004142439 | 0 | 5.0
0.5654920598646228 | 0 | 5.0
0.4962585737559528 | 0 | 5.0
0.5514423675801186 | 0 | 5.0
0.5422409938098353 | 0 | 5.0
0.5467220045479628 | 0 | 5.0
0.5657391500021146 | 0 | 5.0
0.5325408014553125 | 0 | 5.0
0.558984781449437 | 0 | 5.0
0.5680337965992828 | 0 | 5.0
0.6169389173628526 | 0 | 5.0
0.6028694978053653 | 0 | 5.0
0.6333263772811646 | 0 | 5.0
0.6614516046993603 | 0 | 5.0
0.7048309865375532 | 0 | 5.0
0.7245794561675467 | 0 | 5.0
0.6749160857458715 | 0 | 5.0
0.7398106651881597 | 0 | 5.0
0.7476661370250484 | 0 | 5.0
0.7345103949646974 | 1 | -0.5
0.8047861050598828 | 0 | 5.0
0.8133087952767849 | 0 | 5.0
0.8691042707850537 | 0 | 5.0
0.9275299047210466 | 0 | 5.0
0.9290456242381419 | 0 | 5.0
1.0151014854604907 | 1 | -0.5
1.1238862883964642 | 0 | 5.0
1.193825858671071 | 0 | 5.0
1.2953219767873552 | 1 | -0.5
1.4791453182040064 | 0 | 5.0
1.640391412227036 | 0 | 5.0
1.8037860700269488 | 0 | 5.0
1.903804902746382 | 1 | -0.5
2.3807820591446016 | 0 | 5.0
2.5202099797481807 | 0 | 5.0
2.609308232519317 | 1 | -0.5
3.248694567593491 | 0 | 5.0
3.2166211569572596 | 0 | 5.0
3.1554820626933244 | 0 | 5.0
3.039954680762095 | 0 | 5.0
2.822080217706919 | 1 | -0.5
2.433912436980431 | 0 | 5.0
2.3677299586897296 | 0 | 5.0
2.278286180039418 | 0 | 5.0
2.154908887963952 | 0 | 5.0
2.0484761964114955 | 0 | 5.0
1.9577885612056236 | 0 | 5.0
1.9086851347077858 | 0 | 5.0
1.8135661623229489 | 1 | -0.5
1.6275888381413304 | 0 | 5.0
1.630747093054284 | 0 | 5.0
1.5368771275486601 | 0 | 5.0
1.5009584159513512 | 0 | 5.0
1.4371829161740726 | 0 | 5.0
1.3444373737729962 | 0 | 5.0
1.3228735540266854 | 0 | 5.0
1.224816661178113 | 0 | 5.0
1.1927638026927818 | 1 | -0.5
1.1477889793913267 | 0 | 5.0
1.124109152969734 | 0 | 5.0
1.1408964768949028 | 0 | 5.0
1.1263493803747182 | 0 | 5.0
1.1174942269947246 | 0 | 5.0
1.1162021240416786 | 1 | -0.5
1.1240474234259523 | 0 | 5.0
1.1310711007509413 | 0 | 5.0
1.1771757185894502 | 0 | 5.0
1.1924077118671812 | 0 | 5.0
1.2473879487973896 | 1 | -0.5
1.2864999910357937 | 0 | 5.0
1.3222785975878237 | 0 | 5.0
1.4142028272145015 | 1 | -0.5
1.5434147524824275 | 2 | -0.5
1.433220618800375 | 1 | -0.5
1.5915925004469442 | 2 | -0.5
1.4881622105628844 | 1 | -0.5
1.5854092219775728 | 2 | -0.5
1.544316968140864 | 1 | -0.5
1.7389392413151823 | 2 | -0.5
1.593119262076147 | 1 | -0.5
1.8096246376985714 | 2 | -0.5
1.6642805212655467 | 1 | -0.5
1.8791078705939286 | 2 | -0.5
1.6488950560035016 | 1 | -0.5
1.8918582895383407 | 1 | -0.5
2.29442769438084 | 0 | 5.0
2.54609182260391 | 0 | 5.0
2.7483743112779218 | 0 | 5.0
2.992844814973071 | 1 | -0.5
3.2578461306314934 | 0 | 5.0
3.089885561398393 | 0 | 5.0
3.0086847826917795 | 0 | 5.0
2.8704629184541672 | 0 | 5.0
2.7677887203921356 | 0 | 5.0
2.658313832801944 | 0 | 5.0
2.5230060939014245 | 0 | 5.0
2.524691210704488 | 1 | -0.5
2.223611428588681 | 0 | 5.0
2.0840612403074483 | 0 | 5.0
2.0059637410976827 | 0 | 5.0
1.957396448633726 | 0 | 5.0
1.8496617792440695 | 0 | 5.0
1.7695937151173238 | 1 | -0.5
1.6447541579086828 | 0 | 5.0
1.579033477563023 | 0 | 5.0
1.52939048527774 | 0 | 5.0
1.489677753296288 | 0 | 5.0
1.4013745759246694 | 0 | 5.0
1.3047103505030782 | 1 | -0.5
1.2300044028130594 | 0 | 5.0
1.2011256118525822 | 0 | 5.0
1.1621039871961714 | 0 | 5.0
1.1264249961518598 | 0 | 5.0
1.0666657564663657 | 0 | 5.0
1.0595129248379604 | 0 | 5.0
0.9653774771930231 | 0 | 5.0
1.0094086956739663 | 0 | 5.0
0.9265887763908541 | 0 | 5.0
0.8826615293174893 | 0 | 5.0
0.8823375172549127 | 0 | 5.0
0.8077599471832737 | 0 | 5.0
0.7932046268822193 | 0 | 5.0
0.7415817614448896 | 0 | 5.0
0.6978006486774267 | 1 | -0.5
0.7175183051813493 | 2 | -0.5
0.7358588576747747 | 1 | -0.5
0.7012959758019376 | 2 | -0.5
0.7251641457271231 | 1 | -0.5
0.7012022807425572 | 2 | -0.5
0.6761021265112601 | 2 | -0.5
0.7213553905211759 | 0 | 5.0
0.6804859598483886 | 2 | -0.5
0.692629745146278 | 2 | -0.5
0.749108568400936 | 0 | 5.0
0.5849752067080425 | 2 | -0.5
0.6830458942171174 | 0 | 5.0
0.4211155189242404 | 0 | 5.0
0.46060586375707024 | 0 | 5.0
0.6307411306860259 | 2 | -0.5
0.5609510251805946 | 0 | 5.0
0.6850581103154173 | 0 | 5.0
0.8523513650881234 | 0 | 5.0
0.9491936931753514 | 0 | 5.0
1.0885540550131767 | 0 | 5.0
1.1882927503023426 | 2 | -0.5
1.1632837794455848 | 0 | 5.0
1.2239099026990479 | 0 | 5.0
1.2997338000287755 | 0 | 5.0
1.3808137820990138 | 0 | 5.0
1.4537511260062463 | 0 | 5.0
1.5229650846886353 | 0 | 5.0
1.5327144155551113 | 0 | 5.0
1.6348075757413179 | 0 | 5.0
1.6845265564205711 | 0 | 5.0
1.7797983324728317 | 0 | 5.0
1.7917371023215096 | 0 | 5.0
1.854427447221313 | 0 | 5.0
1.920494796237473 | 0 | 5.0
1.9696213706508714 | 2 | -0.5
1.907724752720112 | 0 | 5.0
1.947334560523373 | 0 | 5.0
1.9535649179652324 | 0 | 5.0
1.9311898372982659 | 0 | 5.0
2.020946345542903 | 0 | 5.0
2.0433996944594663 | 0 | 5.0
2.012675841262136 | 0 | 5.0
2.0630998347292824 | 1 | -0.5
2.1619591103319755 | 2 | -0.5
2.079298642052763 | 1 | -0.5
2.2066652942905343 | 2 | -0.5
2.071478623497319 | 1 | -0.5
2.1257600883555967 | 1 | -0.5
2.2878611089839547 | 2 | -0.5
2.160404422779569 | 1 | -0.5
2.280809515715172 | 1 | -0.5
2.4942159655827747 | 2 | -0.5
2.274719774897329 | 1 | -0.5
2.4865447683074353 | 2 | -0.5
2.332948919097192 | 1 | -0.5
2.479257462187783 | 1 | -0.5
2.853373957888382 | 2 | -0.5
2.5434956811670877 | 1 | -0.5
2.920870410889244 | 2 | -0.5
2.595301156215639 | 1 | -0.5
3.0037488953780134 | 1 | -0.5
3.6609424369613937 | 2 | -0.5
3.0236085917246953 | 1 | -0.5
3.7278374509729115 | 2 | -0.5
3.2030995857861067 | 1 | -0.5
3.6923390259846127 | 0 | 5.0
3.489695327280695 | 0 | 5.0
3.4567980191992875 | 0 | 5.0
3.289257555150016 | 1 | -0.5
2.8034153412684564 | 0 | 5.0
2.7257447726667294 | 0 | 5.0
2.5536349057478214 | 0 | 5.0
2.4478726992641175 | 0 | 5.0
2.340287385472275 | 0 | 5.0
2.199480308885643 | 0 | 5.0
2.111888057476314 | 0 | 5.0
2.0019751933751073 | 0 | 5.0
1.9065103444911171 | 0 | 5.0
1.862256970346122 | 0 | 5.0
1.7723294764177886 | 1 | -0.5
1.6308254211040611 | 0 | 5.0
1.5892840180800587 | 0 | 5.0
1.5487476562424718 | 0 | 5.0
1.4889059351803247 | 0 | 5.0
1.4296660453539962 | 0 | 5.0
1.3849127456688768 | 0 | 5.0
1.36366797481574 | 1 | -0.5
1.2966906400811495 | 0 | 5.0
1.2868883618318563 | 0 | 5.0
1.3007135495943232 | 0 | 5.0
1.2742713456704842 | 1 | -0.5
1.311170379909796 | 0 | 5.0
1.3578500845894943 | 0 | 5.0
1.4038775913069652 | 0 | 5.0
1.3986001139021684 | 1 | -0.5
1.4767754455804063 | 0 | 5.0
1.529552031039764 | 0 | 5.0
1.5678298579983763 | 1 | -0.5
1.7084409697175689 | 2 | -0.5
1.6733214813727912 | 1 | -0.5
1.8082593069707202 | 2 | -0.5
1.6464208399111873 | 1 | -0.5
1.8556257249044101 | 2 | -0.5
1.7071739460595678 | 1 | -0.5
1.9124272326893546 | 2 | -0.5
1.782507587580973 | 1 | -0.5
2.019498366477659 | 1 | -0.5
2.3615071733913156 | 2 | -0.5
2.056500591200632 | 1 | -0.5
2.406159470584425 | 2 | -0.5
2.1562100208810535 | 1 | -0.5
2.511543658949341 | 0 | 5.0
2.7744888563884222 | 0 | 5.0
2.9704820193552037 | 1 | -0.5
3.369694041904068 | 0 | 5.0
3.234047133783415 | 0 | 5.0
3.169747192428555 | 0 | 5.0
3.0939447098796355 | 0 | 5.0
2.8191150186658587 | 0 | 5.0
2.7524747921555415 | 0 | 5.0
2.595672144820625 | 0 | 5.0
2.445954975084249 | 0 | 5.0
2.330245256171924 | 1 | -0.5
2.111087150477858 | 0 | 5.0
2.015157614303928 | 0 | 5.0
1.9268584921832732 | 0 | 5.0
1.8737399701024615 | 0 | 5.0
1.8229060328596127 | 0 | 5.0
1.6734002298215411 | 0 | 5.0
1.6335202433116667 | 0 | 5.0
1.544436602755344 | 0 | 5.0
1.4288769609892447 | 1 | -0.5
1.3060332947569517 | 0 | 5.0
1.2960161295474601 | 0 | 5.0
1.2445751879186484 | 0 | 5.0
1.2061682093316306 | 0 | 5.0
1.1742604797414093 | 0 | 5.0
1.1298532423178866 | 0 | 5.0
1.089907673536535 | 0 | 5.0
1.008514191502224 | 0 | 5.0
0.9586545895410696 | 0 | 5.0
0.9316101832222913 | 0 | 5.0
0.9060384440948676 | 1 | -0.5
0.8183520289986606 | 0 | 5.0
0.820398221608134 | 0 | 5.0
0.802993087899763 | 0 | 5.0
0.8222893299305234 | 0 | 5.0
0.8072299759805343 | 0 | 5.0
0.7790717749870516 | 0 | 5.0
0.7560254695870547 | 0 | 5.0
0.7656824596659021 | 0 | 5.0
0.769841265836355 | 0 | 5.0
0.7864170582729153 | 0 | 5.0
0.7656123467481845 | 0 | 5.0
0.7652216476663749 | 0 | 5.0
0.746786878969927 | 0 | 5.0
0.712615916550323 | 0 | 5.0
0.6651418305721238 | 0 | 5.0
0.6766993534780007 | 0 | 5.0
0.6347854531242162 | 0 | 5.0
0.6003559024860056 | 0 | 5.0
0.6288832428604036 | 0 | 5.0
0.6368326162162987 | 0 | 5.0
0.6010085268552168 | 0 | 5.0
0.5814689181803921 | 0 | 5.0
0.5747258477687276 | 0 | 5.0
0.5766625053813647 | 0 | 5.0
0.560834120185828 | 0 | 5.0
0.5305110415326987 | 0 | 5.0
0.5399868385346268 | 0 | 5.0
0.5090249441819372 | 0 | 5.0
0.5315476309672695 | 0 | 5.0
0.5049685254970037 | 0 | 5.0
0.5074423741340881 | 0 | 5.0
0.47599217693989593 | 1 | -0.5
0.4858213918692937 | 0 | 5.0
0.4826207849038841 | 0 | 5.0
0.49768757424728016 | 0 | 5.0
0.5055425306679744 | 0 | 5.0
0.5339119783741741 | 0 | 5.0
0.5424493813126882 | 0 | 5.0
0.6289664012862046 | 0 | 5.0
0.6579000963451993 | 0 | 5.0
0.6852224911953807 | 0 | 5.0
0.7132337218602864 | 0 | 5.0
0.7578864970935911 | 0 | 5.0
0.8229345437660989 | 0 | 5.0
0.8197170625945026 | 0 | 5.0
0.8572791328386733 | 1 | -0.5
0.967084290120829 | 0 | 5.0
1.0078766449216394 | 0 | 5.0
1.146627431463423 | 0 | 5.0
1.2366840395243917 | 1 | -0.5
1.4134203549742383 | 0 | 5.0
1.541134124767611 | 2 | -0.5
1.4029537430156942 | 1 | -0.5
1.5587924597427152 | 0 | 5.0
1.692891557194907 | 1 | -0.5
2.1065103762833584 | 0 | 5.0
2.2141891997744407 | 0 | 5.0
2.3989243123119146 | 1 | -0.5
3.1385119416378764 | 0 | 5.0
3.262907025436018 | 0 | 5.0
3.1297490323773625 | 0 | 5.0
2.9033519727504595 | 0 | 5.0
2.763520341987398 | 0 | 5.0
2.6401636729033133 | 0 | 5.0
2.519975873515886 | 0 | 5.0
2.423074689923552 | 0 | 5.0
2.255018792928324 | 0 | 5.0
2.129071123691661 | 0 | 5.0
2.0233310433126657 | 0 | 5.0
1.9147807914919808 | 0 | 5.0
1.7920458681049969 | 1 | -0.5
1.6305445789660202 | 0 | 5.0
1.61154772880619 | 0 | 5.0
1.5621443171623466 | 0 | 5.0
1.5450300169650015 | 0 | 5.0
1.421264705374142 | 0 | 5.0
1.3951287517046749 | 0 | 5.0
1.3280212104834797 | 0 | 5.0
1.278191400100417 | 0 | 5.0
1.200135632027527 | 1 | -0.5
1.1473994386688067 | 0 | 5.0
1.123333522231687 | 0 | 5.0
1.101545064520718 | 0 | 5.0
1.1024196283625594 | 0 | 5.0
1.0210130364356733 | 0 | 5.0
0.9745675381636154 | 0 | 5.0
0.9579994184288897 | 0 | 5.0
0.9080721805427175 | 0 | 5.0
0.8899256836867443 | 0 | 5.0
0.9012117476878669 | 0 | 5.0
0.806003795941466 | 0 | 5.0
0.8131236556722143 | 0 | 5.0
0.7339009279095629 | 0 | 5.0
0.7307716767699649 | 1 | -0.5
0.701095194384634 | 0 | 5.0
0.7321905097775093 | 0 | 5.0
0.6989475660146253 | 0 | 5.0
0.7093102572890136 | 0 | 5.0
0.6980972091830052 | 0 | 5.0
0.6690734846465981 | 0 | 5.0
0.6849698647537492 | 0 | 5.0
0.6806983182292419 | 0 | 5.0
0.6546898250542088 | 0 | 5.0
0.6351145855165392 | 0 | 5.0
0.6406310259524399 | 0 | 5.0
0.6138950306407949 | 0 | 5.0
0.584823323309121 | 0 | 5.0
0.5744192056742963 | 0 | 5.0
0.5906809145935326 | 0 | 5.0
0.5762873327736505 | 0 | 5.0
0.5749487031371464 | 0 | 5.0
0.5010426315250243 | 0 | 5.0
0.5229409597543262 | 0 | 5.0
0.502976521872883 | 0 | 5.0
0.41136725146956127 | 0 | 5.0
0.4312723723280196 | 0 | 5.0
0.42057620800148465 | 1 | -0.5
0.40828782048666107 | 0 | 5.0
0.45035164649690873 | 0 | 5.0
0.4572321464852373 | 0 | 5.0
0.4539157800019676 | 0 | 5.0
0.4749082198978634 | 0 | 5.0
0.48153006215327304 | 0 | 5.0
0.47011011448472967 | 0 | 5.0
0.4839824070493554 | 0 | 5.0
0.4575128537554425 | 0 | 5.0
0.46046554832557096 | 0 | 5.0
0.5217086164619228 | 1 | -0.5
0.5070434772698466 | 0 | 5.0
0.5302512652633234 | 0 | 5.0
0.581340732535045 | 0 | 5.0
0.6278518240226291 | 0 | 5.0
0.6199172267862427 | 1 | -0.5
0.6844000101877558 | 0 | 5.0
0.7699373003109098 | 0 | 5.0
0.8647932828128376 | 0 | 5.0
0.9491826625604988 | 0 | 5.0
0.977488097279556 | 1 | -0.5
1.1065838900551166 | 0 | 5.0
1.2320815212932583 | 2 | -0.5
1.1760336556976956 | 1 | -0.5
1.2370086382943957 | 1 | -0.5
1.5518075790267374 | 0 | 5.0
1.7555935082326324 | 0 | 5.0
1.9490417276821168 | 0 | 5.0
2.1374807808971346 | 1 | -0.5
2.7095710780797346 | 0 | 5.0
2.9366765212020343 | 0 | 5.0
3.292400464031672 | 0 | 5.0
3.17069134891732 | 0 | 5.0
3.047052291501201 | 0 | 5.0
2.924769051348771 | 0 | 5.0
2.708186999959778 | 1 | -0.5
2.3922073829802932 | 0 | 5.0
2.2809422287412393 | 0 | 5.0
2.2114516947382734 | 0 | 5.0
2.0746899760604975 | 0 | 5.0
1.9947585215493404 | 0 | 5.0
1.9550385446233778 | 0 | 5.0
1.8073261671978873 | 0 | 5.0
1.7627606180707651 | 0 | 5.0
1.6878860656243926 | 0 | 5.0
1.581420609440859 | 0 | 5.0
1.5410980831567316 | 0 | 5.0
1.501829983758316 | 0 | 5.0
1.3993825503986357 | 0 | 5.0
1.3784824043737267 | 0 | 5.0
1.2937847409028647 | 1 | -0.5
1.203554903707711 | 0 | 5.0
1.2031838502439363 | 0 | 5.0
1.168065920324464 | 0 | 5.0
1.1260128339838424 | 0 | 5.0
1.1551569174645997 | 0 | 5.0
1.1264274015582916 | 0 | 5.0
1.0756108756820635 | 0 | 5.0
1.1231184563133396 | 1 | -0.5
1.113513487743346 | 0 | 5.0
1.0810440154454233 | 0 | 5.0
1.1377041928947078 | 1 | -0.5
1.1975553488067707 | 0 | 5.0
1.2647061386453966 | 0 | 5.0
1.2706987900309905 | 0 | 5.0
1.3365027439030772 | 1 | -0.5
1.4535223720844788 | 2 | -0.5
1.3815863810257967 | 1 | -0.5
1.4571660331860186 | 2 | -0.5
1.3991622597853315 | 1 | -0.5
1.4708116667020534 | 2 | -0.5
1.432191028796747 | 1 | -0.5
1.5055630447152746 | 1 | -0.5
1.67294978163565 | 2 | -0.5
1.5594118112075466 | 1 | -0.5
1.6822156155417467 | 2 | -0.5
1.6353159463373304 | 1 | -0.5
1.8147201823748162 | 2 | -0.5
1.615247755701131 | 1 | -0.5
1.811195011116257 | 2 | -0.5
1.6745808131990199 | 1 | -0.5
1.8289708149396613 | 1 | -0.5
2.2544315660038734 | 0 | 5.0
2.382876556097909 | 0 | 5.0
2.5176088230037705 | 1 | -0.5
3.1620879750175592 | 0 | 5.0
3.38828682645181 | 0 | 5.0
3.4529502893020227 | 0 | 5.0
3.1443469967059086 | 0 | 5.0
3.0008985113000657 | 0 | 5.0
2.9111259779631866 | 0 | 5.0
2.771643531554053 | 0 | 5.0
2.5957959654752294 | 1 | -0.5
2.317356531766486 | 0 | 5.0
2.2101149902045893 | 0 | 5.0
2.073688099725668 | 0 | 5.0
2.0458646315171447 | 0 | 5.0
1.9376038117078602 | 0 | 5.0
1.847859951125773 | 0 | 5.0
1.8018933096228822 | 0 | 5.0
1.7471423419716536 | 0 | 5.0
1.6191051777000842 | 0 | 5.0
1.565104449044577 | 0 | 5.0
1.5004604434033133 | 1 | -0.5
1.3513988440525375 | 0 | 5.0
1.2886022508427903 | 0 | 5.0
1.2492953145345096 | 0 | 5.0
1.2480382116560003 | 0 | 5.0
1.1926171673886579 | 0 | 5.0
1.181770639864276 | 0 | 5.0
1.1604615611756754 | 0 | 5.0
1.1134624590544229 | 0 | 5.0
1.0955737049698642 | 0 | 5.0
1.0707993444938584 | 0 | 5.0
1.0369861953171178 | 0 | 5.0
1.009517486248835 | 0 | 5.0
0.9642440366347127 | 0 | 5.0
0.964630818651375 | 0 | 5.0
0.8958845981822837 | 0 | 5.0
0.882980810964906 | 2 | -0.5
0.9904351145051868 | 0 | 5.0
0.8369004036440865 | 0 | 5.0
0.7814671094438953 | 2 | -0.5
0.8213597352560021 | 2 | -0.5
0.8959578683674422 | 0 | 5.0
0.7606097970625993 | 2 | -0.5
0.9228762339290523 | 0 | 5.0
0.5933272191526071 | 0 | -200.0
Total reward: 1872.5
1.0, -2.0, 3.0, -2.0, -2.0, 4.0, 5.0, -1.0, 2.0, -1.0, 7.0, -3.0, -2.0, -1.0, -1.0, 7.0, -3.0, -3.0
parameter ends

state | action | reward
[1.53] | 0 | 5.0
1.503012401340802 | 0 | 5.0
1.5697582611733518 | 0 | 5.0
1.5747522080050305 | 0 | 5.0
1.5957896425779199 | 0 | 5.0
1.6106121253727692 | 0 | 5.0
1.6658597335475942 | 0 | 5.0
1.6784811741802208 | 0 | 5.0
1.690952833859132 | 0 | 5.0
1.6748059333621355 | 0 | 5.0
1.7597062892227577 | 0 | 5.0
1.7079151437453395 | 0 | 5.0
1.7743982956349837 | 0 | 5.0
1.8483585453781972 | 0 | 5.0
1.879205678485477 | 0 | 5.0
1.8974617914127192 | 0 | 5.0
1.9229138283030895 | 2 | -0.5
1.918646853129019 | 1 | -0.5
1.915713839747579 | 1 | -0.5
2.0309164396130748 | 2 | -0.5
2.0175485597924916 | 1 | -0.5
2.1050951863044003 | 2 | -0.5
1.9533778821576686 | 1 | -0.5
2.1139818370913637 | 1 | -0.5
2.3184481176607847 | 2 | -0.5
2.1389727382227632 | 1 | -0.5
2.3502868441528837 | 2 | -0.5
2.1270235629758516 | 1 | -0.5
2.3506623865346996 | 2 | -0.5
2.1674119210688514 | 1 | -0.5
2.384763040805329 | 1 | -0.5
2.777145653356466 | 2 | -0.5
2.4158241958587925 | 1 | -0.5
2.8464739557851804 | 2 | -0.5
2.4718573477036876 | 1 | -0.5
2.9101359738825887 | 1 | -0.5
3.6380483510205 | 2 | -0.5
3.009932062660319 | 1 | -0.5
3.69937957094215 | 2 | -0.5
3.114597896983602 | 1 | -0.5
3.505578398686488 | 0 | 5.0
3.4380168206907724 | 0 | 5.0
3.2212956966840793 | 0 | 5.0
3.0920640393576173 | 0 | 5.0
2.9675714078466853 | 0 | 5.0
2.791390701818028 | 0 | 5.0
2.661276565272624 | 0 | 5.0
2.5277543405684852 | 1 | -0.5
2.172852555227263 | 0 | 5.0
2.1695619389988714 | 0 | 5.0
2.0967329535468773 | 0 | 5.0
2.0135846022466404 | 0 | 5.0
1.9130533400934358 | 0 | 5.0
1.8253203079575238 | 0 | 5.0
1.715529383252109 | 1 | -0.5
1.6218616400538957 | 0 | 5.0
1.5696596488785675 | 0 | 5.0
1.516132247357232 | 0 | 5.0
1.4693132267068636 | 0 | 5.0
1.3538684433348378 | 0 | 5.0
1.3586648176193563 | 0 | 5.0
1.3144352564317143 | 0 | 5.0
1.28398943649375 | 0 | 5.0
1.2409723350600461 | 0 | 5.0
1.1283413611395232 | 0 | 5.0
1.1108772885693121 | 0 | 5.0
1.0381564977049582 | 0 | 5.0
1.0065385553796293 | 0 | 5.0
0.9401970816498119 | 0 | 5.0
0.8790794633507439 | 1 | -0.5
0.8286544539964131 | 0 | 5.0
0.7928319416355378 | 0 | 5.0
0.786448975037158 | 0 | 5.0
0.7214396141794553 | 1 | -0.5
0.655583011388379 | 2 | -0.5
0.7373025169762746 | 1 | -0.5
0.7160477518193086 | 2 | -0.5
0.7240959920444052 | 1 | -0.5
0.6746183885948316 | 2 | -0.5
0.6872147011349897 | 2 | -0.5
0.7615138418077165 | 0 | 5.0
0.6560063802218896 | 2 | -0.5
0.7035849915494076 | 0 | 5.0
0.5597638455927673 | 2 | -0.5
0.6498295792972881 | 2 | -0.5
0.7953151906559821 | 0 | 5.0
0.4660216257975846 | 0 | 5.0
0.4062307356564713 | 0 | 5.0
0.5384129865913949 | 0 | 5.0
0.6391915511242264 | 0 | 5.0
0.854630027051675 | 2 | -0.5
0.7564444529394353 | 0 | 5.0
0.8821856797791806 | 0 | 5.0
0.9846674445126214 | 0 | 5.0
1.1299790121505513 | 2 | -0.5
1.0193228688572336 | 0 | 5.0
1.1017921360819563 | 0 | 5.0
1.0984562825016486 | 0 | 5.0
1.2026358098331364 | 0 | 5.0
1.2739612891508267 | 0 | 5.0
1.332433886205475 | 0 | 5.0
1.4127071080797515 | 0 | 5.0
1.4793684949441264 | 0 | 5.0
1.5446861079759662 | 0 | 5.0
1.6168224087966636 | 0 | 5.0
1.6858959089414547 | 0 | 5.0
1.7327343883839494 | 0 | 5.0
1.8024955384155081 | 0 | 5.0
1.8937546770014655 | 2 | -0.5
1.7733779051290077 | 0 | 5.0
1.8367488420220672 | 0 | 5.0
1.8058796605977292 | 0 | 5.0
1.8573755682715172 | 0 | 5.0
1.8924058345568213 | 0 | 5.0
1.92104441118626 | 0 | 5.0
1.9008109439864935 | 1 | -0.5
2.0191962755445485 | 2 | -0.5
1.9356630899578553 | 1 | -0.5
2.024175064802005 | 2 | -0.5
1.9751911861083427 | 1 | -0.5
2.0637237259169936 | 2 | -0.5
1.9293513998744147 | 1 | -0.5
2.0423417956702123 | 1 | -0.5
2.3916543496541447 | 2 | -0.5
2.133349756267829 | 1 | -0.5
2.3825647516984647 | 2 | -0.5
2.130042280243105 | 1 | -0.5
2.374146972138022 | 2 | -0.5
2.161488601564759 | 1 | -0.5
2.311592330883734 | 1 | -0.5
2.718843192536832 | 2 | -0.5
2.384139755990197 | 1 | -0.5
2.804844504621029 | 2 | -0.5
2.433922658647873 | 1 | -0.5
2.8320708478062846 | 2 | -0.5
2.4690087837688712 | 1 | -0.5
2.92317518819665 | 2 | -0.5
2.4820887774816858 | 1 | -0.5
2.916335961892785 | 1 | -0.5
3.574280686870414 | 2 | -0.5
2.95623157518957 | 1 | -0.5
3.6189080015308144 | 0 | 5.0
3.5223398160820745 | 0 | 5.0
3.4176540277289753 | 0 | 5.0
3.16844425178328 | 0 | 5.0
3.120636892133037 | 1 | -0.5
2.6164417080727835 | 0 | 5.0
2.4660738371175617 | 0 | 5.0
2.341854057050851 | 0 | 5.0
2.2365935060819244 | 0 | 5.0
2.163151674416785 | 0 | 5.0
2.066144726863187 | 0 | 5.0
1.933482368698117 | 1 | -0.5
1.7670227981298938 | 0 | 5.0
1.706421121310812 | 0 | 5.0
1.6259138994389948 | 0 | 5.0
1.579892228557937 | 0 | 5.0
1.5009986112804385 | 1 | -0.5
1.4033586396101523 | 0 | 5.0
1.3859537401328585 | 0 | 5.0
1.3355801556397218 | 0 | 5.0
1.2944577923657 | 0 | 5.0
1.2268478878864073 | 0 | 5.0
1.1373715744961526 | 1 | -0.5
1.1655953663573575 | 0 | 5.0
1.1494710935264727 | 0 | 5.0
1.1521473388178418 | 0 | 5.0
1.185896878192499 | 0 | 5.0
1.1594170370025594 | 1 | -0.5
1.1923130806818596 | 0 | 5.0
1.2367610616860163 | 0 | 5.0
1.2491466513214957 | 0 | 5.0
1.2854296687887516 | 1 | -0.5
1.3950882761731098 | 0 | 5.0
1.46709747459051 | 0 | 5.0
1.5186123873367963 | 1 | -0.5
1.7283765311380268 | 2 | -0.5
1.6045373276232873 | 1 | -0.5
1.8261051251631717 | 2 | -0.5
1.643962566686558 | 1 | -0.5
1.8783116647158455 | 2 | -0.5
1.7664469924100201 | 1 | -0.5
2.000191009337976 | 1 | -0.5
2.4166223274362504 | 0 | 5.0
2.680290619842323 | 0 | 5.0
2.8587610319272065 | 0 | 5.0
3.1908534575036316 | 0 | 5.0
3.424068756862665 | 0 | 5.0
3.2278236997784697 | 0 | 5.0
3.105151356338822 | 0 | 5.0
2.8966688417057904 | 0 | 5.0
2.801740459467952 | 1 | -0.5
2.4405850858269273 | 0 | 5.0
2.3292339862973885 | 0 | 5.0
2.208024110184701 | 0 | 5.0
2.1133846745800753 | 0 | 5.0
2.023004426676679 | 0 | 5.0
1.9118470758177653 | 0 | 5.0
1.8799242674307852 | 0 | 5.0
1.799244722210715 | 0 | 5.0
1.6943428293059384 | 0 | 5.0
1.6036787216914825 | 0 | 5.0
1.5010351530879824 | 1 | -0.5
1.3599317916138096 | 0 | 5.0
1.3245739578207214 | 0 | 5.0
1.2719018558678308 | 0 | 5.0
1.238562956539643 | 0 | 5.0
1.197972261243287 | 0 | 5.0
1.1378361162643786 | 0 | 5.0
1.0914462448551276 | 0 | 5.0
1.1039799115717828 | 0 | 5.0
1.0510861541787109 | 0 | 5.0
0.9953135658348776 | 0 | 5.0
0.9816436993418887 | 0 | 5.0
0.9335977316970147 | 0 | 5.0
0.8870557775661418 | 0 | 5.0
0.8299381959490465 | 0 | 5.0
0.7722469962130301 | 0 | 5.0
0.723875887598032 | 0 | 5.0
0.6877768353526503 | 0 | 5.0
0.7108701096926254 | 1 | -0.5
0.6861616137349805 | 0 | 5.0
0.6437563996021467 | 0 | 5.0
0.6784895556477369 | 0 | 5.0
0.6515301575485392 | 0 | 5.0
0.6996806192287803 | 0 | 5.0
0.6959731073909448 | 0 | 5.0
0.652655432013622 | 0 | 5.0
0.657794935803228 | 0 | 5.0
0.671605124259975 | 0 | 5.0
0.6146513197861987 | 0 | 5.0
0.669508392669905 | 0 | 5.0
0.6630286732546715 | 0 | 5.0
0.6399292758101969 | 0 | 5.0
0.6275824582326945 | 0 | 5.0
0.6193148889325341 | 0 | 5.0
0.6238332813883702 | 0 | 5.0
0.6596390526900092 | 0 | 5.0
0.5993617224010074 | 0 | 5.0
0.5957463214223567 | 0 | 5.0
0.6189516197953703 | 0 | 5.0
0.580038753640983 | 0 | 5.0
0.5831510760198663 | 0 | 5.0
0.56818593081432 | 0 | 5.0
0.6291828043154997 | 0 | 5.0
0.6098418459543721 | 0 | 5.0
0.5972336911092011 | 0 | 5.0
0.5827193355181886 | 0 | 5.0
0.5553669124544474 | 0 | 5.0
0.6054201097484502 | 0 | 5.0
0.6001515795823945 | 0 | 5.0
0.5806765165556895 | 0 | 5.0
0.5991045237522208 | 0 | 5.0
0.6018723797842223 | 0 | 5.0
0.6237041972443749 | 1 | -0.5
0.6554693740902369 | 0 | 5.0
0.692761828391565 | 0 | 5.0
0.7125980923722425 | 0 | 5.0
0.7725532313441481 | 0 | 5.0
0.8587362757344141 | 0 | 5.0
0.8917840925209269 | 1 | -0.5
0.9509904302777974 | 0 | 5.0
1.1290433224457237 | 0 | 5.0
1.2145103249520472 | 2 | -0.5
1.1447874159383338 | 1 | -0.5
1.2794896016399506 | 2 | -0.5
1.1635787922333864 | 1 | -0.5
1.300057287000053 | 1 | -0.5
1.4469718806087517 | 0 | 5.0
1.601231348451332 | 0 | 5.0
1.7459357060987384 | 1 | -0.5
2.171009731435536 | 0 | 5.0
2.3880784543093285 | 0 | 5.0
2.591209532845215 | 0 | 5.0
2.7271074751411186 | 1 | -0.5
3.1887630934150004 | 0 | 5.0
3.0597091851898215 | 0 | 5.0
2.938670570144244 | 0 | 5.0
2.9086383698358915 | 0 | 5.0
2.738908950486386 | 0 | 5.0
2.682318193398059 | 0 | 5.0
2.524226923935173 | 0 | 5.0
2.3868839238939565 | 0 | 5.0
2.2307072132155557 | 0 | 5.0
2.1507977708748403 | 0 | 5.0
2.01438997377962 | 1 | -0.5
1.781789850958635 | 0 | 5.0
1.7532021597937906 | 0 | 5.0
1.6346179080543786 | 0 | 5.0
1.5946503902456375 | 0 | 5.0
1.5103475275886469 | 0 | 5.0
1.442821527882191 | 0 | 5.0
1.4443261758856354 | 0 | 5.0
1.341036107779426 | 0 | 5.0
1.2873682806406392 | 0 | 5.0
1.2548401033432417 | 0 | 5.0
1.2097994818987428 | 0 | 5.0
1.1655808630287159 | 0 | 5.0
1.0849498768460508 | 0 | 5.0
1.0042778315995813 | 1 | -0.5
0.9583817525177715 | 0 | 5.0
0.9386219678166197 | 0 | 5.0
0.9692195172728694 | 0 | 5.0
0.9591379411653956 | 0 | 5.0
0.9058246160355284 | 0 | 5.0
0.8770159588850267 | 0 | 5.0
0.9125515815585925 | 0 | 5.0
0.8915990253577145 | 0 | 5.0
0.8841204963755913 | 0 | 5.0
0.8837195843575179 | 0 | 5.0
0.8822466377980789 | 0 | 5.0
0.839241379964294 | 0 | 5.0
0.796286097611594 | 0 | 5.0
0.786826084147915 | 0 | 5.0
0.7781861248342421 | 0 | 5.0
0.7615771133876501 | 0 | 5.0
0.7378861606981638 | 0 | 5.0
0.7130024139700748 | 0 | 5.0
0.6827492721022727 | 0 | 5.0
0.6263031800820463 | 0 | 5.0
0.659486856200879 | 0 | 5.0
0.607890001527954 | 0 | 5.0
0.6215926015348378 | 0 | 5.0
0.5607492720611658 | 0 | 5.0
0.5587773741588041 | 0 | 5.0
0.5749422214053251 | 0 | 5.0
0.48926363463609757 | 0 | 5.0
0.49869844336360036 | 0 | 5.0
0.45500107838663495 | 1 | -0.5
0.46362966165609465 | 0 | 5.0
0.45829702365186076 | 0 | 5.0
0.506703971452191 | 0 | 5.0
0.5443127840475758 | 0 | 5.0
0.562215154083574 | 0 | 5.0
0.5543622455727274 | 0 | 5.0
0.5609179227590944 | 0 | 5.0
0.6256561768459551 | 0 | 5.0
0.6214638869473389 | 0 | 5.0
0.667541250825287 | 0 | 5.0
0.6777885496431797 | 0 | 5.0
0.7035914370602814 | 0 | 5.0
0.7093985190893471 | 0 | 5.0
0.7745447176196054 | 0 | 5.0
0.7995385467752383 | 0 | 5.0
0.8461586615403957 | 0 | 5.0
0.8393638983246251 | 0 | 5.0
0.8639817155658451 | 0 | 5.0
0.8819704552250794 | 1 | -0.5
0.8796456980390079 | 0 | 5.0
0.943982578794885 | 0 | 5.0
0.9819414926593915 | 1 | -0.5
1.0578484184548875 | 0 | 5.0
1.1851983358964324 | 0 | 5.0
1.21821670201757 | 1 | -0.5
1.4175611041550393 | 2 | -0.5
1.3214308246078281 | 0 | 5.0
1.4297122072464479 | 1 | -0.5
1.6004753410392105 | 0 | 5.0
1.7636042867113584 | 0 | 5.0
1.93671043164832 | 1 | -0.5
2.437667239373404 | 0 | 5.0
2.5499842960331467 | 0 | 5.0
2.765469251188598 | 0 | 5.0
3.013364369972959 | 0 | 5.0
3.259981424513346 | 1 | -0.5
3.036608722582655 | 0 | 5.0
2.8499761061279494 | 0 | 5.0
2.74678533121237 | 0 | 5.0
2.6937981969480775 | 0 | 5.0
2.6092580166749815 | 0 | 5.0
2.5020024819229114 | 0 | 5.0
2.363115665261792 | 1 | -0.5
2.1055004695373127 | 0 | 5.0
2.0442695271171383 | 0 | 5.0
1.9329950955059836 | 0 | 5.0
1.8608479369148192 | 0 | 5.0
1.817436859121092 | 0 | 5.0
1.7120768886297575 | 0 | 5.0
1.5981354310968952 | 0 | 5.0
1.5420395828033409 | 0 | 5.0
1.4751894130211696 | 0 | 5.0
1.4266511285041674 | 1 | -0.5
1.3551392320166449 | 0 | 5.0
1.264058188262142 | 0 | 5.0
1.247233720108808 | 0 | 5.0
1.255220836958843 | 0 | 5.0
1.2009873261229382 | 0 | 5.0
1.1986592015940218 | 0 | 5.0
1.1433323092901122 | 0 | 5.0
1.165246987022063 | 1 | -0.5
1.1303621496561094 | 0 | 5.0
1.1329899473724334 | 0 | 5.0
1.1475234204633902 | 0 | 5.0
1.1763990150423311 | 1 | -0.5
1.193707443133641 | 0 | 5.0
1.2334697768352054 | 0 | 5.0
1.2783923776067652 | 1 | -0.5
1.3267649429319757 | 0 | 5.0
1.4357786170840514 | 0 | 5.0
1.5254594433989455 | 1 | -0.5
1.6810949207755979 | 2 | -0.5
1.571318887978559 | 1 | -0.5
1.6931404339869105 | 2 | -0.5
1.5784314470656124 | 1 | -0.5
1.7617180817300202 | 2 | -0.5
1.6434833376165094 | 1 | -0.5
1.7703565788405757 | 1 | -0.5
2.062981396201197 | 0 | 5.0
2.1818850679893824 | 2 | -0.5
1.9848368598790447 | 1 | -0.5
2.3351191459698493 | 0 | 5.0
2.590405687546055 | 1 | -0.5
3.167218931629723 | 0 | 5.0
3.4143458245488074 | 0 | 5.0
3.329782718779872 | 0 | 5.0
3.3265070189970327 | 0 | 5.0
3.1653759959182217 | 0 | 5.0
2.954090169448027 | 1 | -0.5
2.606413629851412 | 0 | 5.0
2.4550344055026634 | 0 | 5.0
2.425347358349816 | 0 | 5.0
2.3087799949079857 | 0 | 5.0
2.292827905868369 | 0 | 5.0
2.136252492551717 | 0 | 5.0
2.0785508592015263 | 1 | -0.5
1.8025862387167413 | 0 | 5.0
1.7816368820580375 | 0 | 5.0
1.7068559414925724 | 0 | 5.0
1.6634364151848544 | 0 | 5.0
1.5881152406012877 | 0 | 5.0
1.518484578369765 | 0 | 5.0
1.4504742505615822 | 1 | -0.5
1.3798529609835473 | 0 | 5.0
1.327273786227122 | 0 | 5.0
1.2776484983360763 | 0 | 5.0
1.2511201198624124 | 0 | 5.0
1.1938160359269718 | 0 | 5.0
1.1465517324268693 | 0 | 5.0
1.1294113671807477 | 0 | 5.0
1.1104636511077683 | 0 | 5.0
1.070218010856817 | 0 | 5.0
1.0031873644985048 | 0 | 5.0
0.9977410604788124 | 0 | 5.0
0.910608417042645 | 0 | 5.0
0.9159869490133461 | 0 | 5.0
0.8725264178598764 | 0 | 5.0
0.8126058255131563 | 0 | 5.0
0.7908705512678363 | 0 | 5.0
0.7788282221935665 | 2 | -0.5
0.7930829613163605 | 0 | 5.0
0.7094347551023304 | 2 | -0.5
0.7440882751803937 | 0 | 5.0
0.5985610574348926 | 2 | -0.5
0.7314057503151955 | 0 | 5.0
0.5256942969511019 | 2 | -0.5
0.5741264983067083 | 0 | -200.0
Total reward: 1387.5
1.0, -2.0, 3.0, -2.0, -2.0, 4.0, 5.0, -1.0, 2.0, -1.0, 7.0, -3.0, -2.0, -1.0, -1.0, 7.0, -3.0, -3.0
parameter ends

state | action | reward
[2.48] | 1 | -0.5
1.889868724832173 | 1 | -0.5
1.613392664671795 | 1 | -0.5
1.4766036404250882 | 0 | 5.0
1.3652686240296061 | 1 | -0.5
1.2993463853852436 | 0 | 5.0
1.3133298767614896 | 0 | 5.0
1.3026069665568567 | 0 | 5.0
1.262726728816547 | 0 | 5.0
1.3301235970854444 | 0 | 5.0
1.3094755770007889 | 1 | -0.5
1.306828826091039 | 0 | 5.0
1.3190059824912344 | 0 | 5.0
1.4123676275650072 | 0 | 5.0
1.4667152203755218 | 0 | 5.0
1.5196954511898282 | 1 | -0.5
1.633102053562653 | 2 | -0.5
1.538479567992924 | 1 | -0.5
1.6645372861765888 | 2 | -0.5
1.5318292886039238 | 1 | -0.5
1.6485958231746136 | 2 | -0.5
1.5709904497950655 | 1 | -0.5
1.7178139953863718 | 2 | -0.5
1.583421518950107 | 1 | -0.5
1.7355864728907453 | 2 | -0.5
1.6553462242644728 | 1 | -0.5
1.8090316065525902 | 2 | -0.5
1.7462246243901633 | 1 | -0.5
1.867607564660861 | 1 | -0.5
2.212415225680297 | 2 | -0.5
1.9468301549484914 | 1 | -0.5
2.150715514053854 | 1 | -0.5
2.5970355202450004 | 0 | 5.0
2.793228761097611 | 0 | 5.0
3.1396597641745108 | 0 | 5.0
3.4740988300105937 | 0 | 5.0
3.472096110208267 | 0 | 5.0
3.290437530043077 | 1 | -0.5
2.819848788994294 | 0 | 5.0
2.7035759120720053 | 0 | 5.0
2.609205224025857 | 0 | 5.0
2.510414838129462 | 0 | 5.0
2.3368415995478946 | 0 | 5.0
2.327407102534224 | 0 | 5.0
2.206094688472194 | 0 | 5.0
2.121884173639532 | 0 | 5.0
2.0630832494445275 | 0 | 5.0
1.905792917684886 | 0 | 5.0
1.790581632183338 | 0 | 5.0
1.7661744325010629 | 0 | 5.0
1.649424623468981 | 0 | 5.0
1.5310545977634071 | 1 | -0.5
1.4723889428401313 | 0 | 5.0
1.4425245417797594 | 0 | 5.0
1.3435728321132052 | 0 | 5.0
1.332052071079536 | 0 | 5.0
1.2514898027459205 | 0 | 5.0
1.2570011080120314 | 0 | 5.0
1.2384859894558122 | 0 | 5.0
1.1933202027268213 | 1 | -0.5
1.1447454273700322 | 0 | 5.0
1.2019777357742858 | 0 | 5.0
1.1742315212315855 | 0 | 5.0
1.2038313390777489 | 0 | 5.0
1.1821782215127952 | 1 | -0.5
1.2184772076420467 | 0 | 5.0
1.2436094744176887 | 0 | 5.0
1.2699255561767377 | 1 | -0.5
1.3705939696516536 | 0 | 5.0
1.441423046975696 | 0 | 5.0
1.5020194425829336 | 2 | -0.5
1.4615140674394658 | 1 | -0.5
1.5880204357162335 | 2 | -0.5
1.454172719926429 | 1 | -0.5
1.5768692921099223 | 1 | -0.5
1.768723567691044 | 2 | -0.5
1.6134165072969842 | 1 | -0.5
1.831707595927752 | 2 | -0.5
1.658984923508689 | 1 | -0.5
1.7790672562261436 | 2 | -0.5
1.6988986464408777 | 1 | -0.5
1.8944697179859435 | 2 | -0.5
1.7316686254373586 | 1 | -0.5
1.9689217644873112 | 1 | -0.5
2.344772852845808 | 0 | 5.0
2.5866685716242523 | 0 | 5.0
2.726582684611479 | 1 | -0.5
3.4801911359468027 | 0 | 5.0
3.3695872643168276 | 0 | 5.0
3.2689952390375123 | 0 | 5.0
3.1289206953261886 | 0 | 5.0
3.044355587062683 | 0 | 5.0
2.9461178175743337 | 0 | 5.0
2.7219817370080213 | 1 | -0.5
2.417957286003487 | 0 | 5.0
2.3762484965201756 | 0 | 5.0
2.2821437837825416 | 0 | 5.0
2.180537493900959 | 0 | 5.0
2.111640546249204 | 1 | -0.5
1.907506484428978 | 0 | 5.0
1.8496466496266804 | 0 | 5.0
1.7665110125431276 | 0 | 5.0
1.6677175224442433 | 0 | 5.0
1.6236128502198366 | 0 | 5.0
1.5410441649780284 | 0 | 5.0
1.449891673599016 | 0 | 5.0
1.4111651955848057 | 1 | -0.5
1.3043033346330355 | 0 | 5.0
1.2876692043442999 | 0 | 5.0
1.2191616782678878 | 0 | 5.0
1.1678853884952598 | 0 | 5.0
1.16978940191565 | 0 | 5.0
1.1521284445655848 | 0 | 5.0
1.0739159703609262 | 0 | 5.0
1.0349434474491446 | 0 | 5.0
0.9661957427607784 | 0 | 5.0
0.9863690861202338 | 0 | 5.0
0.992046829234098 | 0 | 5.0
0.9762231837449175 | 0 | 5.0
0.9015629094816604 | 0 | 5.0
0.9121214800010273 | 0 | 5.0
0.9273630372776092 | 0 | 5.0
0.9219367331891468 | 0 | 5.0
0.8886360091971444 | 0 | 5.0
0.9449046679398536 | 0 | 5.0
0.9022934880298947 | 0 | 5.0
0.9234065812976621 | 0 | 5.0
0.9527450501902596 | 0 | 5.0
0.906874695685635 | 0 | 5.0
0.9472537852443289 | 0 | 5.0
0.9769821751564403 | 0 | 5.0
0.9461957856277488 | 0 | 5.0
1.011428224122442 | 0 | 5.0
1.0274837532945815 | 0 | 5.0
1.0472102041226534 | 0 | 5.0
1.070469107662838 | 0 | 5.0
1.0513470847227222 | 0 | 5.0
1.0087596109422727 | 0 | 5.0
1.066932893226107 | 0 | 5.0
1.0190023735759541 | 0 | 5.0
1.063906778798624 | 0 | 5.0
1.0339120276036904 | 0 | 5.0
1.0828920500832118 | 0 | 5.0
1.0636699711098725 | 0 | 5.0
1.0287062521181476 | 0 | 5.0
1.0549897987707408 | 0 | 5.0
1.0766477582114802 | 0 | 5.0
1.0121511597051807 | 0 | 5.0
1.0164849858389255 | 0 | 5.0
0.981248844320931 | 0 | 5.0
1.0024405083217671 | 0 | 5.0
0.9779574911911431 | 0 | 5.0
0.9709035434154273 | 0 | 5.0
0.98665966719181 | 0 | 5.0
0.9930087000640658 | 0 | 5.0
0.9636027852703923 | 0 | 5.0
0.9802620315893747 | 0 | 5.0
1.0136094589693871 | 1 | -0.5
0.991392339122396 | 0 | 5.0
1.0612920931251202 | 0 | 5.0
1.065137651121225 | 0 | 5.0
1.1140722989871774 | 1 | -0.5
1.1903573509376972 | 0 | 5.0
1.2812797113259855 | 0 | 5.0
1.3572364197181566 | 1 | -0.5
1.4732528720664497 | 2 | -0.5
1.3540118586356784 | 1 | -0.5
1.5171150089034762 | 2 | -0.5
1.402994308943111 | 1 | -0.5
1.59413981024771 | 2 | -0.5
1.4936291662815546 | 1 | -0.5
1.654331290690759 | 2 | -0.5
1.545994947095374 | 1 | -0.5
1.6796294618050238 | 2 | -0.5
1.531603915089883 | 1 | -0.5
1.7878107674838029 | 1 | -0.5
2.106499855812701 | 0 | 5.0
2.2240035937418345 | 0 | 5.0
2.413508424155606 | 1 | -0.5
3.0025292609259226 | 0 | 5.0
3.3125545846322546 | 0 | 5.0
3.3252542355362666 | 0 | 5.0
3.3174822544883606 | 0 | 5.0
3.1615867244045748 | 1 | -0.5
2.7160247919361513 | 0 | 5.0
2.583599959651796 | 0 | 5.0
2.4357227658035785 | 0 | 5.0
2.3787197478630295 | 0 | 5.0
2.2815659287413292 | 0 | 5.0
2.2183036209580522 | 0 | 5.0
2.105815246771011 | 0 | 5.0
1.9526104233152022 | 0 | 5.0
1.7741784855634604 | 0 | 5.0
1.6950414309802315 | 1 | -0.5
1.6095152823703205 | 0 | 5.0
1.4999645087550655 | 0 | 5.0
1.4787107694269133 | 0 | 5.0
1.4419997050785618 | 0 | 5.0
1.385625589901142 | 0 | 5.0
1.329531500124503 | 0 | 5.0
1.2549098990267533 | 0 | 5.0
1.2231988864007437 | 0 | 5.0
1.1564891955612182 | 0 | 5.0
1.1077742904774757 | 1 | -0.5
1.06379570400877 | 0 | 5.0
1.0351391463901216 | 0 | 5.0
1.0170546093990225 | 0 | 5.0
0.9886825127500027 | 0 | 5.0
0.9645247443421757 | 0 | 5.0
0.9290101981217385 | 0 | 5.0
0.9218158407793575 | 0 | 5.0
0.9304419542640745 | 0 | 5.0
0.8866970673732736 | 0 | 5.0
0.8739928783641521 | 0 | 5.0
0.8833833474706315 | 0 | 5.0
0.8502070557684521 | 0 | 5.0
0.8183056425399182 | 0 | 5.0
0.7990671522208987 | 0 | 5.0
0.7582000173494057 | 0 | 5.0
0.738715298801698 | 1 | -0.5
0.694575512345309 | 0 | 5.0
0.7354991098180026 | 0 | 5.0
0.7255085004037122 | 0 | 5.0
0.6890565022167277 | 0 | 5.0
0.6886479589419832 | 0 | 5.0
0.7153422633661964 | 0 | 5.0
0.7152940547360045 | 0 | 5.0
0.703493494846429 | 0 | 5.0
0.7446097334030014 | 0 | 5.0
0.7622560490704926 | 0 | 5.0
0.7912336997576053 | 0 | 5.0
0.7582410953761981 | 0 | 5.0
0.8033093419556633 | 0 | 5.0
0.8280032523987829 | 0 | 5.0
0.822801315908221 | 0 | 5.0
0.8546452909714157 | 0 | 5.0
0.898326086774642 | 0 | 5.0
0.8852311716910518 | 0 | 5.0
1.0002374969163665 | 0 | 5.0
1.0074072665745117 | 0 | 5.0
1.010849474994733 | 0 | 5.0
1.0371387298989097 | 0 | 5.0
1.1014226681501118 | 0 | 5.0
1.1279408314759167 | 0 | 5.0
1.1263274991977428 | 0 | 5.0
1.1431067050559034 | 0 | 5.0
1.1891131249023108 | 0 | 5.0
1.2142316583644128 | 0 | 5.0
1.2380191016745026 | 0 | 5.0
1.2623928446176749 | 0 | 5.0
1.3212559262041943 | 0 | 5.0
1.3354082999978978 | 0 | 5.0
1.366193590986461 | 0 | 5.0
1.3628047560529175 | 0 | 5.0
1.4313201010629333 | 0 | 5.0
1.4636254187209898 | 1 | -0.5
1.5966902334105786 | 2 | -0.5
1.5147407266222828 | 1 | -0.5
1.6026738017972173 | 2 | -0.5
1.5646415936467362 | 0 | 5.0
1.6016146902548498 | 1 | -0.5
1.7660465604941535 | 2 | -0.5
1.5910702467956839 | 1 | -0.5
1.6695461626718548 | 2 | -0.5
1.5336172934042527 | 1 | -0.5
1.6819936556370967 | 1 | -0.5
1.8416968970137684 | 2 | -0.5
1.7431937672211397 | 1 | -0.5
1.8538738060492723 | 2 | -0.5
1.664864611757905 | 1 | -0.5
1.9663938129513587 | 2 | -0.5
1.721654280969713 | 1 | -0.5
1.9506577658971032 | 1 | -0.5
2.2988937301609345 | 2 | -0.5
2.017359951681512 | 1 | -0.5
2.4153739543187753 | 2 | -0.5
2.1225182790016963 | 1 | -0.5
2.663961472189236 | 0 | 5.0
2.8862762517573057 | 0 | 5.0
3.3142124513269375 | 0 | 5.0
3.4827770503267756 | 0 | 5.0
3.380049178846723 | 0 | 5.0
3.222710646393123 | 0 | 5.0
3.106987857641174 | 1 | -0.5
2.68990072810494 | 0 | 5.0
2.5882851258083903 | 0 | 5.0
2.4987822841806113 | 0 | 5.0
2.43250391288661 | 0 | 5.0
2.296761657096168 | 1 | -0.5
2.064587560641776 | 0 | 5.0
2.0172688038163615 | 0 | 5.0
1.9146965433589491 | 0 | 5.0
1.8657234562963239 | 0 | 5.0
1.7278299936430128 | 0 | 5.0
1.652631517345036 | 0 | 5.0
1.549586584905295 | 0 | 5.0
1.4878415419228097 | 0 | 5.0
1.3752926136680184 | 1 | -0.5
1.3766761663091998 | 0 | 5.0
1.2719455419535652 | 0 | 5.0
1.2303496762979003 | 0 | 5.0
1.231560681410543 | 0 | 5.0
1.1903289557425882 | 0 | 5.0
1.174523925772888 | 0 | 5.0
1.151779279801726 | 0 | 5.0
1.131743285614944 | 1 | -0.5
1.1569458221304938 | 0 | 5.0
1.1294827784094337 | 0 | 5.0
1.1809288758283936 | 0 | 5.0
1.163499951048382 | 0 | 5.0
1.1984354528221923 | 1 | -0.5
1.2658568528786571 | 0 | 5.0
1.3131431473140174 | 0 | 5.0
1.3980691922231474 | 0 | 5.0
1.5143688025647584 | 1 | -0.5
1.6560803951768732 | 2 | -0.5
1.5425239039074599 | 1 | -0.5
1.744187840229744 | 2 | -0.5
1.6308988543631415 | 1 | -0.5
1.790831103222015 | 2 | -0.5
1.6065336794571008 | 1 | -0.5
1.781746013660268 | 2 | -0.5
1.7072867009709252 | 1 | -0.5
1.861649095157375 | 1 | -0.5
2.1594362392419395 | 0 | 5.0
2.433910462897994 | 0 | 5.0
2.5771204534019674 | 1 | -0.5
3.2582374415892463 | 0 | 5.0
3.4073935411431524 | 0 | 5.0
3.217328372218686 | 0 | 5.0
3.0443119043038496 | 0 | 5.0
2.837301777501078 | 0 | 5.0
2.794190380835759 | 0 | 5.0
2.746755682043695 | 1 | -0.5
2.4461403671105932 | 0 | 5.0
2.2983888576205267 | 0 | 5.0
2.251970568010884 | 0 | 5.0
2.1216536251041958 | 0 | 5.0
2.023574726786931 | 0 | 5.0
1.936369322369919 | 0 | 5.0
1.8446753793517783 | 0 | 5.0
1.7477463392033254 | 1 | -0.5
1.613658171806729 | 0 | 5.0
1.5758749302310127 | 0 | 5.0
1.5025807401645734 | 0 | 5.0
1.458168010451995 | 0 | 5.0
1.3908882488179355 | 0 | 5.0
1.3219784245394244 | 0 | 5.0
1.2626838384609538 | 0 | 5.0
1.22233485333037 | 0 | 5.0
1.1689939571588992 | 0 | 5.0
1.116184356702662 | 0 | 5.0
1.047333894692864 | 0 | 5.0
1.033326816799677 | 0 | 5.0
0.9951275195666853 | 0 | 5.0
0.9413580784177714 | 0 | 5.0
0.9063739625588602 | 0 | 5.0
0.8533931827780206 | 0 | 5.0
0.8153569576736177 | 1 | -0.5
0.7468883357945879 | 0 | 5.0
0.7214565715943295 | 0 | 5.0
0.6999377303149464 | 2 | -0.5
0.7402746284943222 | 1 | -0.5
0.6672852768549179 | 2 | -0.5
0.724252326467765 | 1 | -0.5
0.6637206765443264 | 2 | -0.5
0.6885780051704413 | 0 | 5.0
0.6105372410118335 | 2 | -0.5
0.7108604322841625 | 2 | -0.5
0.7406585092465853 | 0 | 5.0
0.6301052118264598 | 2 | -0.5
0.704161197233248 | 0 | 5.0
0.45486815037299416 | 0 | -200.0
Total reward: 1044.0
