0.1, 5.8, 0.2
parameter ends

state | action | reward
[-0.44] | [0.16] | -0.002430990667541565
-0.4412170350551605 | [0.15] | -0.0023614925931626104
-0.4419786036014557 | [0.15] | -0.00229174293274778
-0.4431191384792328 | [0.15] | -0.0022222738009730274
-0.444633811712265 | [0.15] | -0.002153598667001505
-0.4465150833129883 | [0.14] | -0.0020862080979572287
-0.4487527012825012 | [0.14] | -0.0020205662706865558
-0.4513337314128876 | [0.14] | -0.0019571081581912994
-0.45424267649650574 | [0.14] | -0.0018962370998505383
-0.45746147632598877 | [0.14] | -0.0018383238317159394
-0.4609696865081787 | [0.13] | -0.0017837054284705275
-0.464744508266449 | [0.13] | -0.0017326857282908806
-0.46876099705696106 | [0.13] | -0.0016855358135839462
-0.4729921817779541 | [0.13] | -0.0016424953644494488
-0.4774092137813568 | [0.13] | -0.0016037746025870986
-0.4819816052913666 | [0.13] | -0.0015695562210310543
-0.4866774082183838 | [0.12] | -0.0015399980084530949
-0.49146339297294617 | [0.12] | -0.0015152354531863508
-0.496305376291275 | [0.12] | -0.0014953841927499304
-0.501168429851532 | [0.12] | -0.0014805425929942688
-0.5060170292854309 | [0.12] | -0.0014707940654810226
-0.5108155608177185 | [0.12] | -0.0014662085489400027
-0.5155282616615295 | [0.12] | -0.0014668444103233154
-0.520119845867157 | [0.12] | -0.0014727484053226663
-0.524555504322052 | [0.12] | -0.0014839565376676422
-0.5288012623786926 | [0.12] | -0.0015004929987499902
-0.5328242182731628 | [0.12] | -0.001522368989102146
-0.536592960357666 | [0.12] | -0.0015495803930452078
-0.5400775074958801 | [0.13] | -0.0015821057870777388
-0.5432498455047607 | [0.13] | -0.0016199024257453508
-0.5460839867591858 | [0.13] | -0.0016629029805941857
-0.5485562086105347 | [0.13] | -0.0017110113937152237
-0.5506451725959778 | [0.13] | -0.0017640987940156447
-0.5523322820663452 | [0.13] | -0.0018219985400353277
-0.5536016821861267 | [0.14] | -0.0018845025472817353
-0.5544404983520508 | [0.14] | -0.0019513569743996265
-0.5548387765884399 | [0.14] | -0.002022259325377891
-0.5547897815704346 | [0.14] | -0.0020968548640446475
-0.5542899966239929 | [0.15] | -0.0021747348569852356
-0.5533391237258911 | [0.15] | -0.002255435675304433
-0.5519402623176575 | [0.15] | -0.002338438284984268
-0.5500996708869934 | [0.16] | -0.0024231704063266833
-0.5478270649909973 | [0.16] | -0.0025090079518415506
-0.5451353192329407 | [0.16] | -0.0025952799894115464
-0.5420404672622681 | [0.16] | -0.0026812739305596914
-0.5385617613792419 | [0.17] | -0.0027662417179120454
-0.5347214341163635 | [0.17] | -0.002849408664701953
-0.5305444598197937 | [0.17] | -0.00292998312345567
-0.5260586738586426 | [0.17] | -0.00300716605399132
-0.5212942957878113 | [0.18] | -0.0030801636370080287
-0.5162839293479919 | [0.18] | -0.003148198228952297
-0.5110622644424438 | [0.18] | -0.0032105213937365347
-0.5056658387184143 | [0.18] | -0.0032664262542856115
-0.5001327395439148 | [0.18] | -0.003315259837407894
-0.49450239539146423 | [0.18] | -0.003356434230393019
-0.48881518840789795 | [0.18] | -0.0033894379565683787
-0.48311224579811096 | [0.18] | -0.003413844651711591
-0.47743505239486694 | [0.19] | -0.0034293214046557125
-0.47182518243789673 | [0.19] | -0.0034356346974758756
-0.4663240313529968 | [0.19] | -0.0034326546285993196
-0.4609724283218384 | [0.18] | -0.0034203573604572124
-0.4558103382587433 | [0.18] | -0.003398825560208206
-0.4508766233921051 | [0.18] | -0.003368246136293439
-0.4462087154388428 | [0.18] | -0.003328907059427626
-0.44184237718582153 | [0.18] | -0.0032811915907419026
-0.43781134486198425 | [0.18] | -0.003225571792191879
-0.43414726853370667 | [0.18] | -0.0031625996016843533
-0.43087929487228394 | [0.18] | -0.003092897881809842
-0.4280339777469635 | [0.17] | -0.0030171498341201117
-0.42563506960868835 | [0.17] | -0.002936088065418013
-0.4237033426761627 | [0.17] | -0.0028504834501377886
-0.4222564101219177 | [0.17] | -0.00276113381285885
-0.42130863666534424 | [0.16] | -0.002668852548319615
-0.42087098956108093 | [0.16] | -0.0025744577742927662
-0.4209510087966919 | [0.16] | -0.002478761664106355
-0.4215525984764099 | [0.15] | -0.002382561154955912
-0.42267611622810364 | [0.15] | -0.0022866283843369227
-0.42431822419166565 | [0.15] | -0.0021917030736245528
-0.42647188901901245 | [0.14] | -0.0020984853713461537
-0.42912647128105164 | [0.14] | -0.0020076296598135527
-0.43226760625839233 | [0.14] | -0.0019197404065782128
-0.43587735295295715 | [0.14] | -0.0018353682884949944
-0.43993422389030457 | [0.13] | -0.0017550083693470605
-0.44441330432891846 | [0.13] | -0.0016790989782554944
-0.4492863416671753 | [0.13] | -0.0016080226509469172
-0.45452189445495605 | [0.12] | -0.0015421076234031802
-0.46008554100990295 | [0.12] | -0.0014816308109324011
-0.46594008803367615 | [0.12] | -0.0014268218447444179
-0.47204574942588806 | [0.12] | -0.0013778681707187232
-0.47836044430732727 | [0.12] | -0.0013349205147323508
-0.48484006524086 | [0.11] | -0.0012980991504600754
-0.4914388358592987 | [0.11] | -0.0012674999020755497
-0.4981095492839813 | [0.11] | -0.0012432007513237756
-0.5048040151596069 | [0.11] | -0.0012252675569924057
-0.5114732980728149 | [0.11] | -0.0012137595559921094
-0.518068253993988 | [0.11] | -0.0012087332032263045
-0.5245397686958313 | [0.11] | -0.0012102460570542007
-0.530839204788208 | [0.11] | -0.0012183583656601143
-0.5369187593460083 | [0.11] | -0.0012331336484931394
-0.5427318811416626 | [0.11] | -0.0012546376358510275
-0.5482335686683655 | [0.11] | -0.001282935974771798
-0.5533807873725891 | [0.11] | -0.001318090014553022
-0.5581327080726624 | [0.12] | -0.0013601515440999966
-0.562451183795929 | [0.12] | -0.0014091558630565275
-0.5663008093833923 | [0.12] | -0.0014651146845663567
-0.5696495175361633 | [0.12] | -0.0015280069296808754
-0.5724685192108154 | [0.13] | -0.001597770521729755
-0.5747327208518982 | [0.13] | -0.0016742926195325377
-0.576420783996582 | [0.13] | -0.0017574008968677082
-0.5775155425071716 | [0.14] | -0.0018468540310908764
-0.5780038237571716 | [0.14] | -0.0019423346528130395
-0.5778768062591553 | [0.14] | -0.0020434414675024417
-0.5771300792694092 | [0.15] | -0.002149683688589379
-0.5757636427879333 | [0.15] | -0.0022604771365551937
-0.5737820863723755 | [0.15] | -0.0023751416014009294
-0.5711944103240967 | [0.16] | -0.0024929014902361677
-0.5680141448974609 | [0.16] | -0.0026128877713884353
-0.5642592310905457 | [0.17] | -0.0027341431838335158
-0.5599521398544312 | [0.17] | -0.0028556291560564297
-0.5551194548606873 | [0.17] | -0.0029762375589054237
-0.5497919321060181 | [0.18] | -0.0030948028333462095
-0.5440042614936829 | [0.18] | -0.003210118042618396
-0.5377948880195618 | [0.18] | -0.0033209524928332077
-0.5312057137489319 | [0.19] | -0.0034260718923186557
-0.5242818593978882 | [0.19] | -0.0035242594154762555
-0.5170713067054749 | [0.19] | -0.0036143383057974455
-0.5096245408058167 | [0.19] | -0.003695194021620773
-0.5019941926002502 | [0.19] | -0.0037657964132514544
-0.49423468112945557 | [0.2] | -0.003825220181240589
-0.4864017367362976 | [0.2] | -0.003872664706505709
-0.4785520136356354 | [0.2] | -0.003907469748728679
-0.4707426130771637 | [0.2] | -0.0039291299008180755
-0.4630306363105774 | [0.2] | -0.003937304543260744
-0.45547276735305786 | [0.2] | -0.003931824178405933
-0.44812488555908203 | [0.2] | -0.003912692981129061
-0.4410415291786194 | [0.2] | -0.0038800879971396477
-0.4342755675315857 | [0.2] | -0.003834354140987409
-0.427877813577652 | [0.19] | -0.003775995661156822
-0.42189666628837585 | [0.19] | -0.0037056647922887494
-0.4163777530193329 | [0.19] | -0.0036241483980854906
-0.4113636314868927 | [0.19] | -0.0035323515492321753
-0.4068935513496399 | [0.19] | -0.003431279980326932
-0.40300312638282776 | [0.18] | -0.0033220222642763838
-0.39972415566444397 | [0.18] | -0.0032057303093198566
-0.39708444476127625 | [0.18] | -0.003083600322532012
-0.39510756731033325 | [0.17] | -0.0029568543437773825
-0.39381277561187744 | [0.17] | -0.0028267218886472503
-0.39321476221084595 | [0.16] | -0.0026944230233870315
-0.3933236598968506 | [0.16] | -0.002561151741979021
-0.3941448926925659 | [0.16] | -0.0024280613718134763
-0.3956790566444397 | [0.15] | -0.0022962512064619595
-0.39792194962501526 | [0.15] | -0.002166754324278874
-0.40086445212364197 | [0.14] | -0.0020405275763793985
-0.4044925272464752 | [0.14] | -0.0019184431839258716
-0.40878725051879883 | [0.13] | -0.0018012820750065853
-0.413724809885025 | [0.13] | -0.0016897296566978572
-0.419276624917984 | [0.13] | -0.0015843733709956856
-0.42540931701660156 | [0.12] | -0.0014857029809528875
-0.4320850074291229 | [0.12] | -0.0013941126161507974
-0.4392613470554352 | [0.11] | -0.0013099057580006899
-0.44689181447029114 | [0.11] | -0.0012333020201917924
-0.45492592453956604 | [0.11] | -0.0011644462289277355
-0.4633095860481262 | [0.11] | -0.0011034194085466282
-0.471985399723053 | [0.1] | -0.0010502512715318188
-0.4808930456638336 | [0.1] | -0.0010049335898214924
-0.48996973037719727 | [0.1] | -0.0009674341136559246
-0.49915066361427307 | [0.1] | -0.0009377107639442294
-0.5083695650100708 | [0.1] | -0.0009157247326317189
-0.5175591111183167 | [0.09] | -0.000901452372476398
-0.5266515016555786 | [0.09] | -0.0008948954623935158
-0.5355790853500366 | [0.09] | -0.0008960886707396473
-0.5442748665809631 | [0.1] | -0.0009051043327009926
-0.5526729822158813 | [0.1] | -0.0009220548102602908
-0.5607092976570129 | [0.1] | -0.0009470907282416298
-0.5683218836784363 | [0.1] | -0.000980396522633312
-0.5754514932632446 | [0.1] | -0.0010221830048979812
-0.5820420980453491 | [0.1] | -0.0010726767603755187
-0.5880413055419922 | [0.11] | -0.001132107237665765
-0.5934005975723267 | [0.11] | -0.0012006922389072184
-0.598075807094574 | [0.11] | -0.0012786211433353154
-0.6020274758338928 | [0.12] | -0.0013660371028680729
-0.6052210330963135 | [0.12] | -0.0014630191054090637
-0.6076270937919617 | [0.13] | -0.0015695635904152652
-0.6092216372489929 | [0.13] | -0.0016855664642907925
-0.6099863052368164 | [0.13] | -0.0018108058532551258
-0.6099084615707397 | [0.14] | -0.0019449267029899933
-0.6089813113212585 | [0.14] | -0.002087427119309111
-0.6072040796279907 | [0.15] | -0.002237646865918917
-0.6045819520950317 | [0.15] | -0.002394759551436475
-0.6011263132095337 | [0.16] | -0.002557767269678498
-0.5968545079231262 | [0.17] | -0.0027255008278887632
-0.5917900800704956 | [0.17] | -0.0028966228739448472
-0.5859624743461609 | [0.18] | -0.0030696374705271616
-0.5794070959091187 | [0.18] | -0.0032429037620391394
-0.5721649527549744 | [0.18] | -0.0034146565955963334
-0.5642826557159424 | [0.19] | -0.0035830302207425038
-0.5558120608329773 | [0.19] | -0.0037460893574029538
-0.5468099117279053 | [0.2] | -0.003901863399507209
-0.5373375415802002 | [0.2] | -0.004048384497676592
-0.5274603366851807 | [0.2] | -0.004183728964978673
-0.5172473788261414 | [0.21] | -0.004306058242117561
-0.5067707896232605 | [0.21] | -0.004413661934500421
-0.49610522389411926 | [0.21] | -0.004504996929949872
-0.48532724380493164 | [0.21] | -0.004578724290955939
-0.4745146930217743 | [0.22] | -0.004633741023764323
-0.4637460708618164 | [0.22] | -0.00466920550539452
-0.4530998170375824 | [0.22] | -0.004684556865837847
-0.44265371561050415 | [0.22] | -0.004679525230809754
-0.4324842691421509 | [0.22] | -0.004654135016717977
-0.42266610264778137 | [0.21] | -0.004608700512916958
-0.41327139735221863 | [0.21] | -0.004543813715297234
-0.4043693542480469 | [0.21] | -0.004460326684648051
-0.39602580666542053 | [0.21] | -0.004359326890956278
-0.38830268383026123 | [0.21] | -0.004242111062308658
-0.38125771284103394 | [0.2] | -0.004110153430497337
-0.3749440312385559 | [0.2] | -0.003965073825115904
-0.36940997838974 | [0.2] | -0.003808604706922301
-0.3646988272666931 | [0.19] | -0.0036425583239529605
-0.3608485162258148 | [0.19] | -0.003468795494992986
-0.3578915297985077 | [0.18] | -0.00328919532585239
-0.35585474967956543 | [0.18] | -0.003105627072436966
-0.3547592759132385 | [0.17] | -0.0029199243761444736
-0.3546203076839447 | [0.17] | -0.0027338614104757833
-0.35544708371162415 | [0.16] | -0.0025491311218750717
-0.3572427034378052 | [0.15] | -0.002367326098974242
-0.3600040376186371 | [0.15] | -0.0021899211833720507
-0.36372169852256775 | [0.14] | -0.0020182580451017177
-0.3683798909187317 | [0.14] | -0.0018535325727853645
-0.3739563822746277 | [0.13] | -0.0016967842512486794
-0.3804224729537964 | [0.12] | -0.0015488882829142708
-0.3877429962158203 | [0.12] | -0.0014105511201098796
-0.39587631821632385 | [0.11] | -0.0012823092675775538
-0.40477442741394043 | [0.11] | -0.001164532164823947
-0.4143831133842468 | [0.1] | -0.0010574293876178008
-0.42464208602905273 | [0.1] | -0.000961062356392782
-0.4354853332042694 | [0.09] | -0.0008753603177654604
-0.44684141874313354 | [0.09] | -0.0008001411739452359
-0.4586339294910431 | [0.09] | -0.0007351358972507253
-0.47078198194503784 | [0.08] | -0.0006800160679469116
-0.4832008183002472 | [0.08] | -0.000634423482634539
-0.4958024024963379 | [0.08] | -0.0005980005579072633
-0.5084962248802185 | [0.08] | -0.0005704199072062511
-0.5211899876594543 | [0.07] | -0.0005514118726308407
-0.5337904691696167 | [0.07] | -0.0005407884063155787
-0.5462042093276978 | [0.07] | -0.0005384623546411406
-0.558338463306427 | [0.07] | -0.0005444603452347178
-0.5701019763946533 | [0.07] | -0.0005589296730236448
-0.5814056992530823 | [0.08] | -0.0005821383086164386
-0.5921635627746582 | [0.08] | -0.0006144679843522469
-0.6022932529449463 | [0.08] | -0.0006564012890724673
-0.611716628074646 | [0.08] | -0.0007085030125476468
-0.6203605532646179 | [0.09] | -0.0007713962710882587
-0.6281571984291077 | [0.09] | -0.0008457356962741442
-0.6350444555282593 | [0.1] | -0.0009321771217143306
-0.640966534614563 | [0.1] | -0.0010313451253731512
-0.6458741426467896 | [0.11] | -0.0011438000643853674
-0.6497246623039246 | [0.11] | -0.0012700045652457817
-0.6524826288223267 | [0.12] | -0.0014102897065018762
-0.6541197299957275 | [0.13] | -0.0015648227958996103
-0.6546151041984558 | [0.13] | -0.001733575992614365
-0.6539554595947266 | [0.14] | -0.0019162970830665076
-0.6521352529525757 | [0.15] | -0.0021124828098410876
-0.6491566896438599 | [0.15] | -0.002321356082949223
-0.6450300216674805 | [0.16] | -0.002541846581818441
-0.6397734880447388 | [0.17] | -0.0027725780886437954
-0.6334133744239807 | [0.17] | -0.0030118619385584317
-0.6259841918945312 | [0.18] | -0.003257697920992228
-0.6175283789634705 | [0.19] | -0.0035077864552843768
-0.6080964207649231 | [0.19] | -0.003759548773268933
-0.5977466702461243 | [0.2] | -0.004010159721775242
-0.5865449905395508 | [0.21] | -0.004256592387256712
-0.5745645761489868 | [0.21] | -0.004495672313426724
-0.5618853569030762 | [0.22] | -0.0047241445789060615
-0.5485935807228088 | [0.22] | -0.00493874668929835
-0.5347811579704285 | [0.23] | -0.005136289450277717
-0.5205449461936951 | [0.23] | -0.005313740130904382
-0.5059858560562134 | [0.23] | -0.005468304765709339
-0.4912080466747284 | [0.24] | -0.0055975057281877315
-0.4763179123401642 | [0.24] | -0.005699251553590636
-0.4614230990409851 | [0.24] | -0.005771894133053908
-0.446631520986557 | [0.24] | -0.005814271007657692
-0.4320503771305084 | [0.24] | -0.005825731474142584
-0.4177851974964142 | [0.24] | -0.005806145225668998
-0.4039389193058014 | [0.24] | -0.005755893878437633
-0.39061108231544495 | [0.24] | -0.0056758465184902785
-0.3778970539569855 | [0.24] | -0.005567321856206176
-0.3658873736858368 | [0.23] | -0.005432039410580701
-0.3546673059463501 | [0.23] | -0.005272062182446253
-0.3443162441253662 | [0.23] | -0.005089737170670898
-0.33490750193595886 | [0.22] | -0.004887632478829958
-0.32650795578956604 | [0.22] | -0.004668476823461533
-0.31917786598205566 | [0.21] | -0.004435101748131588
-0.31297072768211365 | [0.2] | -0.004190389453003953
-0.30793318152427673 | [0.2] | -0.003937225468162531
-0.3041049838066101 | [0.19] | -0.003678457288958409
-0.30151888728141785 | [0.18] | -0.003416858658022478
-0.30020061135292053 | [0.18] | -0.0031550986527773307
-0.3001687228679657 | [0.17] | -0.002895714869294792
-0.30143463611602783 | [0.16] | -0.0026410890346276403
-0.3040023446083069 | [0.15] | -0.002393425738619259
-0.3078683912754059 | [0.15] | -0.0021547313534289072
-0.31302163004875183 | [0.14] | -0.001926794844879383
-0.319443017244339 | [0.13] | -0.0017111691266955447
-0.32710540294647217 | [0.12] | -0.0015091535068663168
-0.3359733521938324 | [0.11] | -0.001321778325458528
-0.34600287675857544 | [0.11] | -0.0011497927369698462
-0.3571414053440094 | [0.1] | -0.0009936568838770376
-0.3693276047706604 | [0.09] | -0.0008535409034011164
-0.3824913799762726 | [0.09] | -0.0007293312044634511
-0.39655405282974243 | [0.08] | -0.0006206466440704624
-0.4114284813404083 | [0.07] | -0.0005268649947617387
-0.42701950669288635 | [0.07] | -0.00044715997434833485
-0.4432244896888733 | [0.06] | -0.00038054868304080586
-0.45993393659591675 | [0.06] | -0.0003259482659124197
-0.477032333612442 | [0.05] | -0.00028223855573386526
-0.49439913034439087 | [0.05] | -0.00024832870556951554
-0.5119099020957947 | [0.05] | -0.00022322318777443404
-0.5294374823570251 | [0.05] | -0.00020608355564570615
-0.5468531847000122 | [0.04] | -0.00019628249926555348
-0.5640281438827515 | [0.04] | -0.00019344582275097508
-0.5808346271514893 | [0.04] | -0.0001974811202629294
-0.5971472859382629 | [0.05] | -0.00020859080547167702
-0.6128442883491516 | [0.05] | -0.00022727005459367706
-0.6278084516525269 | [0.05] | -0.0002542897812158502
-0.6419280171394348 | [0.05] | -0.0002906670982528517
-0.6550977826118469 | [0.06] | -0.00033762511266127867
-0.6672195196151733 | [0.06] | -0.0003965453789244131
-0.6782026886940002 | [0.07] | -0.0004689151226779261
-0.6879647374153137 | [0.07] | -0.0005562720709569693
-0.6964315176010132 | [0.08] | -0.000660148501418917
-0.7035374641418457 | [0.09] | -0.0007820157714910451
-0.7092258334159851 | [0.1] | -0.0009232300064361741
-0.713448703289032 | [0.1] | -0.0010849796713324337
-0.7161672115325928 | [0.11] | -0.0012682337885492167
-0.7173515558242798 | [0.12] | -0.0014736917172669488
-0.7169811129570007 | [0.13] | -0.001701733155177067
-0.7150446176528931 | [0.14] | -0.0019523688587486784
-0.7115403413772583 | [0.15] | -0.002225192454973547
-0.7064762711524963 | [0.16] | -0.0025193343898216314
-0.6998702883720398 | [0.17] | -0.0028334202193975107
-0.6917505264282227 | [0.18] | -0.003165534335839372
-0.6821555495262146 | [0.19] | -0.0035131945216115633
-0.6711345911026001 | [0.2] | -0.0038733391980768947
-0.658747673034668 | [0.21] | -0.004242332727161738
-0.6450657248497009 | [0.21] | -0.004615991746120693
-0.6301705241203308 | [0.22] | -0.004989636577074354
-0.614154577255249 | [0.23] | -0.00535816923337978
-0.5971205234527588 | [0.24] | -0.005716180538591651
-0.579180896282196 | [0.25] | -0.0060580805445818245
-0.560457170009613 | [0.25] | -0.006378253079857646
-0.5410786867141724 | [0.26] | -0.0066712257841531125
-0.5211817622184753 | [0.26] | -0.00693184515180518
-0.5009080171585083 | [0.27] | -0.007155452687622851
-0.4804030954837799 | [0.27] | -0.007338041893362183
-0.4598149061203003 | [0.27] | -0.007476396320080203
-0.4392920434474945 | [0.28] | -0.00756818980602415
-0.4189820885658264 | [0.28] | -0.007612050862573354
-0.3990301191806793 | [0.28] | -0.0076075843255631
-0.37957707047462463 | [0.27] | -0.007555347964648166
-0.36075860261917114 | [0.27] | -0.007456794477966553
-0.34270381927490234 | [0.27] | -0.0073141781169160066
-0.325534462928772 | [0.27] | -0.007130441406389161
-0.3093641698360443 | [0.26] | -0.0069090836706094845
-0.294297993183136 | [0.26] | -0.0066540284725781305
-0.28043216466903687 | [0.25] | -0.006369491124468548
-0.2678540349006653 | [0.25] | -0.006059858998347666
-0.25664201378822327 | [0.24] | -0.005729586043655518
-0.24686585366725922 | [0.23] | -0.005383104428247204
-0.23858682811260223 | [0.22] | -0.005024755559481792
-0.2318580448627472 | [0.22] | -0.004658738651666122
-0.22672471404075623 | [0.21] | -0.004289074979176259
-0.22322440147399902 | [0.2] | -0.003919584753702462
-0.22138717770576477 | [0.19] | -0.003553873431542378
-0.22123576700687408 | [0.18] | -0.003195322426334541
-0.22278550267219543 | [0.17] | -0.0028470822015989636
-0.22604423761367798 | [0.16] | -0.002512063206521571
-0.23101209104061127 | [0.15] | -0.0021929228209070875
-0.2376810908317566 | [0.14] | -0.0018920458348210554
-0.24603471159934998 | [0.13] | -0.001611517540633115
-0.2560472786426544 | [0.12] | -0.0013530905649696873
-0.26768335700035095 | [0.11] | -0.0011181450381439627
-0.2808971107006073 | [0.1] | -0.0009076465323267936
-0.29563161730766296 | [0.08] | -0.000722105146853061
-0.3118182122707367 | [0.07] | -0.0005615403017993223
-0.3293760120868683 | [0.07] | -0.00042545739270569843
-0.3482116162776947 | [0.06] | -0.00031284259940076803
-0.36821886897087097 | [0.05] | -0.00022218079907253914
-0.38927900791168213 | [0.04] | -0.00015150177193602065
-0.4112611413002014 | [0.03] | -9.845530186544721e-05
-0.4340228736400604 | [0.02] | -6.0416099686889154e-05
-0.4574114978313446 | [0.02] | -3.4614009787272234e-05
-0.4812653660774231 | [0.01] | -1.8281877070315534e-05
-0.5054156184196472 | [0.01] | -8.811772551018626e-06
-0.5296880602836609 | [0.01] | -3.9074445125070404e-06
-0.5539054870605469 | [0.] | -1.7209740406522967e-06
-0.5778896808624268 | [0.] | -9.626527927173513e-07
-0.6014638543128967 | [0.] | -9.756018443019335e-07
-0.6244546175003052 | [0.] | -1.7707022626207947e-06
-0.6466941833496094 | [0.01] | -4.021105302651804e-06
-0.6680218577384949 | [0.01] | -9.02004015659319e-06
-0.6882856488227844 | [0.01] | -1.860855346438076e-05
-0.7073434591293335 | [0.02] | -3.508196973601581e-05
-0.7250638604164124 | [0.02] | -6.108464544771902e-05
-0.7413265109062195 | [0.03] | -9.95017655290611e-05
-0.756022572517395 | [0.04] | -0.0001533554833663707
-0.7690545916557312 | [0.05] | -0.0002257103796407571
-0.780336320400238 | [0.06] | -0.00031959074384983456
-0.789792537689209 | [0.07] | -0.0004379096210329645
-0.7973585724830627 | [0.08] | -0.0005834084056034202
-0.8029800057411194 | [0.09] | -0.0007586028640507092
-0.8066122531890869 | [0.1] | -0.0009657322571868057
-0.8082205057144165 | [0.11] | -0.0012067065009850695
-0.8077793717384338 | [0.12] | -0.001483048453546005
-0.8052732348442078 | [0.13] | -0.0017958260718971939
-0.800696074962616 | [0.15] | -0.002145575488347267
-0.7940521836280823 | [0.16] | -0.0025322107491618424
-0.7853565812110901 | [0.17] | -0.002954925063871267
-0.7746355533599854 | [0.18] | -0.0034120867637885814
-0.7619276642799377 | [0.2] | -0.0039011345037480148
-0.7472845315933228 | [0.21] | -0.004418482971364625
-0.730771541595459 | [0.22] | -0.004959450692075314
-0.7124688029289246 | [0.23] | -0.005518219446715877
-0.6924718022346497 | [0.25] | -0.0060878433333036615
-0.6708916425704956 | [0.26] | -0.006660317689237425
-0.6478552222251892 | [0.27] | -0.007226718995516904
-0.6235051155090332 | [0.28] | -0.007777417456175261
-0.5979985594749451 | [0.29] | -0.008302366672072582
-0.5715063810348511 | [0.3] | -0.008791455608279824
-0.5442113876342773 | [0.3] | -0.009234900480044647
-0.5163060426712036 | [0.31] | -0.009623660057657094
-0.4879900813102722 | [0.32] | -0.009949832204035457
-0.4594675302505493 | [0.32] | -0.01020700538091569
-0.4309437870979309 | [0.32] | -0.01039052651997509
-0.4026225209236145 | [0.32] | -0.010497672843666081
-0.3747027814388275 | [0.32] | -0.010527702413411728
-0.34737628698349 | [0.32] | -0.010481793090954847
-0.32082512974739075 | [0.32] | -0.010362875846985687
-0.2952198386192322 | [0.32] | -0.01017538419603373
-0.2707180082798004 | [0.32] | -0.009924948907999451
-0.24746344983577728 | [0.31] | -0.009618066849845298
-0.22558583319187164 | [0.3] | -0.00926177120534672
-0.20520074665546417 | [0.3] | -0.008863331049273258
-0.18641014397144318 | [0.29] | -0.008429990519921727
-0.16930319368839264 | [0.28] | -0.00796876580354607
-0.15395721793174744 | [0.27] | -0.00748629688191179
-0.14043886959552765 | [0.26] | -0.006988755191665374
-0.12880535423755646 | [0.25] | -0.00648180275671546
-0.11910561472177505 | [0.24] | -0.005970591506029147
-0.11138144880533218 | [0.23] | -0.005459794091604804
-0.10566851496696472 | [0.22] | -0.004953658195603205
-0.10199716687202454 | [0.21] | -0.004456072685197768
-0.10039304941892624 | [0.2] | -0.003970637782064028
-0.10087750107049942 | [0.19] | -0.0035007320250505904
-0.10346768796443939 | [0.17] | -0.003049569067586284
-0.10817645490169525 | [0.16] | -0.0026202384543331553
-0.11501191556453705 | [0.15] | -0.0022157253863212658
-0.12397675961256027 | [0.14] | -0.001838905508432598
-0.13506725430488586 | [0.12] | -0.0014925111347783634
-0.1482720524072647 | [0.11] | -0.001179068657872753
-0.16357070207595825 | [0.09] | -0.0009008050638421509
-0.18093198537826538 | [0.08] | -0.0006595288227775756
-0.20031212270259857 | [0.07] | -0.00045648972929443547
-0.22165292501449585 | [0.05] | -0.00029222732119483054
-0.24487999081611633 | [0.04] | -0.00016642309528230425
-0.2699010372161865 | [0.03] | -7.777266856545347e-05
-0.29660454392433167 | [0.02] | -2.3898606973785446e-05
-0.32485875487327576 | [0.] | -1.324718750888059e-06
-0.3545113205909729 | [-0.01] | -5.529332863258924e-06
-0.385389506816864 | [-0.02] | -3.108999487867812e-05
-0.4173012375831604 | [-0.03] | -7.19218459557433e-05
-0.45003700256347656 | [-0.03] | -0.0001215994698690026
-0.4833723306655884 | [-0.04] | -0.0001737393261530551
-0.5170711278915405 | [-0.05] | -0.00022240825694306733
-0.5508896112442017 | [-0.05] | -0.00026251534161855316
-0.5845805406570435 | [-0.05] | -0.00029014675068114916
-0.6178974509239197 | [-0.06] | -0.00030280424611697743
-0.6505990028381348 | [-0.05] | -0.00029952692021108414
-0.6824530363082886 | [-0.05] | -0.0002808871125030529
-0.7132397890090942 | [-0.05] | -0.0002488712102389611
-0.7427545189857483 | [-0.05] | -0.00020666999924511564
-0.7708096504211426 | [-0.04] | -0.00015841073585673275
-0.7972357869148254 | [-0.03] | -0.00010886755634229049
-0.8218820095062256 | [-0.03] | -6.318255709973067e-05
-0.844615638256073 | [-0.02] | -2.662289602718541e-05
-0.8653213977813721 | [-0.01] | -4.38967016356262e-06
-0.8839001059532166 | [0.] | -1.4850572526593723e-06
-0.9002670645713806 | [0.02] | -2.2635295139944605e-05
-0.9143503904342651 | [0.03] | -7.226201674025551e-05
-0.926089346408844 | [0.04] | -0.00015448967600265907
-0.9354325532913208 | [0.05] | -0.00027317617449320317
-0.9423365592956543 | [0.07] | -0.000431952815391357
-0.9467646479606628 | [0.08] | -0.0006342612157503582
-0.948685884475708 | [0.09] | -0.0008833757229490324
-0.9480745792388916 | [0.11] | -0.0011824011386714602
-0.9449098706245422 | [0.12] | -0.0015342381861932156
-0.9391761422157288 | [0.14] | -0.0019415079678589066
-0.9308635592460632 | [0.16] | -0.0024064313449851955
-0.9199689626693726 | [0.17] | -0.0029306594127417565
-0.9064974784851074 | [0.19] | -0.003515053440300477
-0.890464186668396 | [0.2] | -0.004159419290335294
-0.8718963265419006 | [0.22] | -0.004862205181903027
-0.8508355021476746 | [0.24] | -0.005620179480437895
-0.8273404836654663 | [0.25] | -0.006428110593745671
-0.8014894723892212 | [0.27] | -0.007278489960326515
-0.7733827829360962 | [0.29] | -0.00816133166046168
-0.743144690990448 | [0.3] | -0.009064107440272858
-0.7109248638153076 | [0.32] | -0.009971852617131356
-0.676899254322052 | [0.33] | -0.010867489862194605
-0.6412695050239563 | [0.34] | -0.011732387233244242
-0.6042616367340088 | [0.35] | -0.012547146524724495
-0.566123366355896 | [0.36] | -0.013292567821494806
-0.5271201133728027 | [0.37] | -0.013950732303114291
-0.4875302016735077 | [0.38] | -0.014506078967943203
-0.44763898849487305 | [0.39] | -0.014946359923439593
-0.40773263573646545 | [0.39] | -0.015263367845927729
-0.3680918514728546 | [0.39] | -0.015453338231462888
-0.32898586988449097 | [0.39] | -0.015516993278760969
-0.2906670868396759 | [0.39] | -0.015459228531869068
-0.25336676836013794 | [0.39] | -0.015288506013341266
-0.21729186177253723 | [0.39] | -0.015016036934250515
-0.18262305855751038 | [0.38] | -0.014654866621775545
-0.1495141237974167 | [0.38] | -0.014218965131907535
-0.11809226870536804 | [0.37] | -0.013722398161356073
-0.08845949918031693 | [0.36] | -0.013178651470079412
-0.060694675892591476 | [0.35] | -0.012600122910187753
-0.034856073558330536 | [0.35] | -0.011997792462307559
-0.010984246619045734 | [0.34] | -0.011381053958040914
0.010894975624978542 | [0.33] | -0.010757677531635763
0.030767517164349556 | [0.32] | -0.0101338755784261
0.04862820729613304 | [0.31] | -0.009514437147200279
0.06447813659906387 | [0.3] | -0.008902906209527363
0.07832225412130356 | [0.29] | -0.008301780606709941
0.09016726166009903 | [0.28] | -0.007712715071240378
0.10001975297927856 | [0.27] | -0.007136720659097387
0.10788466781377792 | [0.26] | -0.00657435017774894
0.11376398801803589 | [0.25] | -0.006025869044369198
0.11765571683645248 | [0.23] | -0.00549141064281826
0.11955307424068451 | [0.22] | -0.004971114893181447
0.11944395303726196 | [0.21] | -0.004465253769233241
0.11731059104204178 | [0.2] | -0.003974342792761485
0.11312948912382126 | [0.19] | -0.0034992402546604436
0.1068715825676918 | [0.17] | -0.003041233219036622
0.09850265830755234 | [0.16] | -0.0026021086033468084
0.08798407018184662 | [0.15] | -0.002184205544335602
0.07527375221252441 | [0.13] | -0.0017904451015392253
0.06032761558890343 | [0.12] | -0.00142432706868327
0.04310132935643196 | [0.1] | -0.0010898874083405976
0.023552509024739265 | [0.09] | -0.0007916033329002664
0.0016433848068118095 | [0.07] | -0.0005342356177323868
-0.022656070068478584 | [0.06] | -0.00032259616081667906
-0.04936455562710762 | [0.04] | -0.0001612369205369977
-0.07848544418811798 | [0.02] | -5.405760373501135e-05
-0.11000248044729233 | [0.01] | -3.8451677372247155e-06
-0.14387531578540802 | [-0.01] | -1.177219909101267e-05
-0.18003514409065247 | [-0.03] | -7.689816606870533e-05
-0.21838070452213287 | [-0.04] | -0.00019573829634675027
-0.2587750256061554 | [-0.06] | -0.0003619780063171485
-0.3010433316230774 | [-0.08] | -0.0005664147325778315
-0.3449724316596985 | [-0.09] | -0.0007971982395678216
-0.39031195640563965 | [-0.1] | -0.0010404071959143125
-0.43677768111228943 | [-0.11] | -0.0012809494241917444
-0.4840570092201233 | [-0.12] | -0.001503708249468467
-0.5318161249160767 | [-0.13] | -0.0016948022254335002
-0.5797089338302612 | [-0.14] | -0.0018427800188089071
-0.6273865103721619 | [-0.14] | -0.0019395723492979392
-0.6745070815086365 | [-0.14] | -0.0019810574421273474
-0.7207452654838562 | [-0.14] | -0.0019671695254589996
-0.7657999396324158 | [-0.14] | -0.00190155695854858
-0.8094006180763245 | [-0.13] | -0.001790882741689332
-0.8513116240501404 | [-0.13] | -0.0016439113172358915
-0.8913343548774719 | [-0.12] | -0.00147052824685711
-0.9293073415756226 | [-0.11] | -0.0012808381851287078
-0.9651048183441162 | [-0.1] | -0.0010844288149686758
-0.9986339211463928 | [-0.09] | -0.0008898586220752254
-1.029831051826477 | [-0.08] | -0.0007043629452576815
-1.0586574077606201 | [-0.07] | -0.0005337588206919166
-1.0850948095321655 | [-0.06] | -0.0003825017334482869
-1.109141230583191 | [-0.05] | -0.00025384508258501
-1.1308062076568604 | [-0.04] | -0.00015005954714773946
-1.150107502937317 | [-0.03] | -7.267555119266308e-05
-1.1670674085617065 | [-0.02] | -2.272401030760605e-05
-1.181709885597229 | [-0.] | -9.593777571433906e-07
-1.194057822227478 | [0.01] | -8.057229082310067e-06
-1.2000000476837158 | [0.08] | -0.0006399999237060572
-1.1976381540298462 | [0.09] | -0.000882381828466837
-1.1928856372833252 | [0.11] | -0.0011723649695135423
-1.1857057809829712 | [0.12] | -0.0015146905238122522
-1.1760540008544922 | [0.14] | -0.001914758389672369
-1.163879156112671 | [0.15] | -0.0023785707466881753
-1.1491246223449707 | [0.17] | -0.0029126221542368877
-1.131730079650879 | [0.19] | -0.003523717042119545
-1.1116338968276978 | [0.21] | -0.004218695959703953
-1.0887761116027832 | [0.22] | -0.005004046997478417
-1.0631022453308105 | [0.24] | -0.005885387084249753
-1.0345673561096191 | [0.26] | -0.006866798154745519
-1.003141164779663 | [0.28] | -0.007950018498204493
-0.9688138365745544 | [0.3] | -0.00913351614604614
-0.9316020011901855 | [0.32] | -0.01041149533570943
-0.8915549516677856 | [0.34] | -0.011772942611817744
-0.8487608432769775 | [0.36] | -0.013200839321654593
-0.8033518195152283 | [0.38] | -0.014671741311741971
-0.7555078864097595 | [0.4] | -0.016155903266217166
-0.7054586410522461 | [0.42] | -0.017618132015189365
-0.6534825563430786 | [0.44] | -0.019019471181044665
-0.5999026298522949 | [0.45] | -0.02031966750017385
-0.545079231262207 | [0.46] | -0.021480239115902806
-0.48939964175224304 | [0.47] | -0.02246775894094205
-0.4332650899887085 | [0.48] | -0.02325688156061194
-0.3770763874053955 | [0.49] | -0.02383263237920459
-0.3212192952632904 | [0.49] | -0.02419157041220628
-0.2660507261753082 | [0.49] | -0.024341659279174983
-0.2118871659040451 | [0.49] | -0.024300947422406835
-0.1589958667755127 | [0.49] | -0.02409533061125669
-0.10758921504020691 | [0.49] | -0.023755840610295842
-0.057822369039058685 | [0.48] | -0.023315906202440728
-0.009793705306947231 | [0.48] | -0.02280892219437983
0.03645241633057594 | [0.47] | -0.022266389458246865
0.08092128485441208 | [0.47] | -0.021716675943672187
0.12366247177124023 | [0.46] | -0.021184401097535933
0.1647641360759735 | [0.45] | -0.020690313852145814
0.20434734225273132 | [0.45] | -0.02025155778989885
0.24256081879138947 | [0.45] | -0.019882165917195244
0.2795763313770294 | [0.44] | -0.01959369414731171
0.31558480858802795 | [0.44] | -0.019395885895513817
0.35079309344291687 | [0.44] | -0.019297336699287196
0.3854215443134308 | [0.44] | -0.019306106571653207
0.4197021722793579 | [0.44] | 99.980569726617
Total reward: 97.54013099900156
0.1, 5.8, 0.2
parameter ends

state | action | reward
[-0.4] | [0.16] | -0.0025445201417661862
-0.4054774343967438 | [0.16] | -0.002426828946787566
-0.4067439138889313 | [0.15] | -0.002309794416879188
-0.40864098072052 | [0.15] | -0.0021943353298968017
-0.41116103529930115 | [0.14] | -0.0020813116690420073
-0.4142920672893524 | [0.14] | -0.0019715171794235826
-0.4180176854133606 | [0.14] | -0.0018656733700563915
-0.4223170876502991 | [0.13] | -0.0017644254477239337
-0.4271652400493622 | [0.13] | -0.0016683396190535684
-0.4325328469276428 | [0.13] | -0.0015779027937881393
-0.43838655948638916 | [0.12] | -0.0014935235975726908
-0.4446891248226166 | [0.12] | -0.0014155355557229814
-0.4513995349407196 | [0.12] | -0.0013442022231130604
-0.4584732949733734 | [0.11] | -0.0012797235695523018
-0.4658627212047577 | [0.11] | -0.0012222439458953183
-0.47351714968681335 | [0.11] | -0.0011718614845716109
-0.48138341307640076 | [0.11] | -0.0011286376243554504
-0.4894060790538788 | [0.1] | -0.0010926080125172604
-0.49752795696258545 | [0.1] | -0.0010637926277347169
-0.5056904554367065 | [0.1] | -0.0010422055443164294
-0.5138340592384338 | [0.1] | -0.0010278643151309067
-0.5218988060951233 | [0.1] | -0.0010207970431713148
-0.5298247933387756 | [0.1] | -0.0010210487458951467
-0.5375524759292603 | [0.1] | -0.0010286850567445768
-0.5450234413146973 | [0.1] | -0.0010437935136271277
-0.5521805286407471 | [0.1] | -0.0010664833615245807
-0.5589686632156372 | [0.1] | -0.001096881425586629
-0.5653349161148071 | [0.11] | -0.001135127341074091
-0.5712291598320007 | [0.11] | -0.0011813653594816296
-0.5766043066978455 | [0.11] | -0.0012357346870549052
-0.5814168453216553 | [0.11] | -0.0012983579345939391
-0.585627019405365 | [0.12] | -0.0013693285502817427
-0.5891991257667542 | [0.12] | -0.0014486973700348791
-0.5921018719673157 | [0.12] | -0.0015364581301550162
-0.5943084955215454 | [0.13] | -0.0016325336268171186
-0.5957971215248108 | [0.13] | -0.001736761238057481
-0.5965508222579956 | [0.14] | -0.001848880273982154
-0.5965577363967896 | [0.14] | -0.001968520021768797
-0.5958113670349121 | [0.14] | -0.0020951888717110124
-0.5943105220794678 | [0.15] | -0.002228266633422591
-0.5920594334602356 | [0.15] | -0.002366998557968566
-0.5890676975250244 | [0.16] | -0.0025104928932691882
-0.5853503942489624 | [0.16] | -0.00265772085909836
-0.5809280872344971 | [0.17] | -0.00280752093325647
-0.5758265852928162 | [0.17] | -0.0029586072885404227
-0.5700769424438477 | [0.18] | -0.003109581916884484
-0.5637153387069702 | [0.18] | -0.003258950700933091
-0.5567828416824341 | [0.18] | -0.003405144103405667
-0.5493250489234924 | [0.19] | -0.003546541741213507
-0.5413920283317566 | [0.19] | -0.003681499209561248
-0.5330377817153931 | [0.2] | -0.0038083789759006757
-0.5243200659751892 | [0.2] | -0.003925581767935241
-0.5152997374534607 | [0.2] | -0.004031580435450922
-0.5060404539108276 | [0.2] | -0.004124951744650222
-0.4966081380844116 | [0.21] | -0.00420440823191688
-0.4870704710483551 | [0.21] | -0.00426882706502941
-0.47749629616737366 | [0.21] | -0.004317275117282642
-0.4679551124572754 | [0.21] | -0.004349029681689758
-0.45851650834083557 | [0.21] | -0.004363594629984802
-0.44924959540367126 | [0.21] | -0.004360709289409034
-0.44022247195243835 | [0.21] | -0.0043403534661759875
-0.4315016567707062 | [0.21] | -0.004302744493085864
-0.4231516718864441 | [0.21] | -0.0042483299297799365
-0.4152345061302185 | [0.2] | -0.004177775243387725
-0.4078092575073242 | [0.2] | -0.004091945849908546
-0.40093162655830383 | [0.2] | -0.003991887127517914
-0.39465367794036865 | [0.2] | -0.0038788006533529013
-0.38902345299720764 | [0.19] | -0.0037540189379668236
-0.3840847313404083 | [0.19] | -0.0036189789793273776
-0.3798767328262329 | [0.19] | -0.0034751960611296034
-0.3764339089393616 | [0.18] | -0.003324237305305033
-0.3737858533859253 | [0.18] | -0.0031676958923841274
-0.3719569742679596 | [0.17] | -0.0030071674897473467
-0.37096646428108215 | [0.17] | -0.002844227187327176
-0.37082812190055847 | [0.16] | -0.0026804085768664925
-0.3715502917766571 | [0.16] | -0.0025171843959369954
-0.3731357157230377 | [0.15] | -0.0023559493275698757
-0.37558144330978394 | [0.15] | -0.002198004523480977
-0.37887877225875854 | [0.14] | -0.0020445441786422183
-0.3830132484436035 | [0.14] | -0.0018966440268917903
-0.38796454668045044 | [0.13] | -0.001755252642735703
-0.3937065303325653 | [0.13] | -0.0016211848665191487
-0.4002072513103485 | [0.12] | -0.0014951181243805897
-0.4074290096759796 | [0.12] | -0.0013775918142955317
-0.4153284728527069 | [0.11] | -0.0012690097099139056
-0.4238567650318146 | [0.11] | -0.0011696461486583804
-0.43295979499816895 | [0.1] | -0.001079655303245985
-0.44257840514183044 | [0.1] | -0.0009990841906906704
-0.452648788690567 | [0.1] | -0.000927888660841382
-0.463102787733078 | [0.09] | -0.0008659521197667123
-0.4738684296607971 | [0.09] | -0.0008131065878673465
-0.48487040400505066 | [0.09] | -0.000769154794384647
-0.49603062868118286 | [0.09] | -0.0007338929634480781
-0.5072689056396484 | [0.08] | -0.0007071327243676261
-0.5185034275054932 | [0.08] | -0.0006887216872697232
-0.5296517014503479 | [0.08] | -0.0006785607306238188
-0.5406310558319092 | [0.08] | -0.000676618309691467
-0.5513592958450317 | [0.08] | -0.0006829403104940408
-0.5617555975914001 | [0.08] | -0.0006976547248252972
-0.5717411041259766 | [0.08] | -0.0007209716407076453
-0.5812394022941589 | [0.09] | -0.0007531784588460384
-0.5901773571968079 | [0.09] | -0.0007946293561323235
-0.5984855890274048 | [0.09] | -0.0008457312528593387
-0.6060989499092102 | [0.1] | -0.0009069255512421993
-0.6129570007324219 | [0.1] | -0.0009786667854889814
-0.619004487991333 | [0.1] | -0.0010613986491028302
-0.6241916418075562 | [0.11] | -0.0011555286075904728
-0.6284744739532471 | [0.11] | -0.0012614011862485802
-0.6318151950836182 | [0.12] | -0.0013792707618025678
-0.6341822743415833 | [0.12] | -0.0015092750570079945
-0.635550856590271 | [0.13] | -0.0016514086245598665
-0.6359027028083801 | [0.13] | -0.0018054987528014412
-0.6352266073226929 | [0.14] | -0.00197118206062529
-0.6335182785987854 | [0.15] | -0.0021478851928020816
-0.6307805776596069 | [0.15] | -0.002334807688126804
-0.6270235776901245 | [0.16] | -0.002530909411043268
-0.6222646236419678 | [0.17] | -0.0027349031260381572
-0.6165283918380737 | [0.17] | -0.00294525254277209
-0.6098467707633972 | [0.18] | -0.003160177821903285
-0.6022588014602661 | [0.18] | -0.003377668429531923
-0.5938106775283813 | [0.19] | -0.0035955031915411457
-0.5845553874969482 | [0.2] | -0.00381128060102876
-0.5745526552200317 | [0.2] | -0.004022455559236817
-0.5638684034347534 | [0.21] | -0.004226386695132873
-0.5525745153427124 | [0.21] | -0.004420388369062395
-0.5407481789588928 | [0.21] | -0.004601790423680932
-0.5284715294837952 | [0.22] | -0.004767998855978774
-0.5158308148384094 | [0.22] | -0.004916562089939777
-0.5029157400131226 | [0.22] | -0.005045231610278901
-0.4898187518119812 | [0.23] | -0.00515202159210073
-0.4766342043876648 | [0.23] | -0.005235260765223946
-0.46345752477645874 | [0.23] | -0.00529363487591512
-0.45038434863090515 | [0.23] | -0.005326219413387703
-0.437509685754776 | [0.23] | -0.005332499774894814
-0.42492714524269104 | [0.23] | -0.005312377574072557
-0.4127281606197357 | [0.23] | -0.005266165720317775
-0.4010012447834015 | [0.23] | -0.005194571207346229
-0.3898313343524933 | [0.23] | -0.005098668286368114
-0.3792992830276489 | [0.22] | -0.004979861801132004
-0.36948123574256897 | [0.22] | -0.004839845854377229
-0.36044833064079285 | [0.22] | -0.004680557549416756
-0.3522662818431854 | [0.21] | -0.004504128641692006
-0.34499502182006836 | [0.21] | -0.00431283849993401
-0.33868861198425293 | [0.2] | -0.004109067007417068
-0.3333949148654938 | [0.2] | -0.0038952514545672057
-0.3291555345058441 | [0.19] | -0.0036738457588901445
-0.3260056674480438 | [0.19] | -0.003447284359475863
-0.32397398352622986 | [0.18] | -0.003217949290571591
-0.32308247685432434 | [0.17] | -0.0029881411852614183
-0.32334649562835693 | [0.17] | -0.002760052789369892
-0.32477447390556335 | [0.16] | -0.002535746159823048
-0.327367901802063 | [0.15] | -0.002317131091459438
-0.33112120628356934 | [0.15] | -0.002105945900207432
-0.3360215127468109 | [0.14] | -0.001903740294212912
-0.3420485854148865 | [0.13] | -0.0017118595265510764
-0.34917470812797546 | [0.12] | -0.0015314309640993013
-0.3573645055294037 | [0.12] | -0.0013633540144186444
-0.36657488346099854 | [0.11] | -0.0012082931795253785
-0.3767549693584442 | [0.1] | -0.0010666759403669002
-0.3878461718559265 | [0.1] | -0.0009386960418447358
-0.39978229999542236 | [0.09] | -0.0008243238254335282
-0.412489652633667 | [0.09] | -0.0007233234977105074
-0.42588740587234497 | [0.08] | -0.0006352780833165216
-0.43988797068595886 | [0.07] | -0.00055962178621459
-0.454397588968277 | [0.07] | -0.0004956790335516062
-0.46931689977645874 | [0.07] | -0.0004427090975987939
-0.48454171419143677 | [0.06] | -0.00039995419608587215
-0.4999639093875885 | [0.06] | -0.00036668859230857577
-0.515472412109375 | [0.06] | -0.0003422664219768227
-0.5309540629386902 | [0.06] | -0.0003261654288599645
-0.5462949275970459 | [0.06] | -0.000318023814974904
-0.5613811016082764 | [0.06] | -0.0003176689606725873
-0.5760999917984009 | [0.06] | -0.00032513494138659816
-0.5903412103652954 | [0.06] | -0.0003406699161285354
-0.6039976477622986 | [0.06] | -0.0003647316521435885
-0.6169663071632385 | [0.06] | -0.0003979731399984879
-0.6291491985321045 | [0.07] | -0.00044121810928782006
-0.6404539942741394 | [0.07] | -0.0004954295738412059
-0.6507946252822876 | [0.07] | -0.0005616720108370081
-0.6600918769836426 | [0.08] | -0.0006410690900212633
-0.6682736873626709 | [0.09] | -0.0007347592437087129
-0.6752756237983704 | [0.09] | -0.0008438494122933733
-0.6810410022735596 | [0.1] | -0.0009693689178643541
-0.6855213046073914 | [0.11] | -0.0011122231137286654
-0.6886762380599976 | [0.11] | -0.0012731484702796015
-0.6904737949371338 | [0.12] | -0.0014526686423424818
-0.6908906698226929 | [0.13] | -0.001651050803426309
-0.6899120807647705 | [0.14] | -0.0018682651918395271
-0.6875322461128235 | [0.15] | -0.0021039448445462363
-0.6837543249130249 | [0.15] | -0.0023573499026186013
-0.6785905957221985 | [0.16] | -0.002627335542355841
-0.6720627546310425 | [0.17] | -0.002912325265269637
-0.6642018556594849 | [0.18] | -0.003210293541744588
-0.655048668384552 | [0.19] | -0.0035187575746696135
-0.6446536183357239 | [0.2] | -0.003834782810235859
-0.6330767273902893 | [0.2] | -0.004155004600007278
-0.6203876733779907 | [0.21] | -0.004475666843682464
-0.6066655516624451 | [0.22] | -0.004792679209347803
-0.5919984579086304 | [0.23] | -0.005101695685155236
-0.5764831304550171 | [0.23] | -0.005398210029797067
-0.5602243542671204 | [0.24] | -0.005677666876726862
-0.5433340072631836 | [0.24] | -0.005935588031711997
-0.5259302854537964 | [0.25] | -0.006167700623538069
-0.5081365704536438 | [0.25] | -0.006370070017823553
-0.49008017778396606 | [0.26] | -0.006539223197154415
-0.4718911647796631 | [0.26] | -0.0066722560457463526
-0.4537009596824646 | [0.26] | -0.006766924324540913
-0.43564096093177795 | [0.26] | -0.0068217061734833235
-0.41784122586250305 | [0.26] | -0.006835836103296868
-0.40042924880981445 | [0.26] | -0.006809308088003566
-0.3835287392139435 | [0.26] | -0.006742851768443183
-0.36725860834121704 | [0.26] | -0.006637881017251203
-0.3517320454120636 | [0.25] | -0.006496422273344127
-0.3370558023452759 | [0.25] | -0.006321028630589812
-0.3233296275138855 | [0.25] | -0.006114683562862099
-0.31064581871032715 | [0.24] | -0.00588070212566436
-0.2990889549255371 | [0.24] | -0.005622636137606364
-0.2887357771396637 | [0.23] | -0.005344183534205196
-0.2796551287174225 | [0.22] | -0.005049109539096232
-0.2719080150127411 | [0.22] | -0.00474117885952904
-0.26554763317108154 | [0.21] | -0.0044240994147575294
-0.26061952114105225 | [0.2] | -0.004101477640025003
-0.2571616470813751 | [0.19] | -0.0037767839991400976
-0.2552044689655304 | [0.19] | -0.0034533258865510966
-0.2547709345817566 | [0.18] | -0.0031342264867555564
-0.25587648153305054 | [0.17] | -0.0028224065993600923
-0.2585289180278778 | [0.16] | -0.0025205674568720506
-0.2627282440662384 | [0.15] | -0.0022311727360710422
-0.26846635341644287 | [0.14] | -0.0019564284685560924
-0.27572670578956604 | [0.13] | -0.0016982599164576465
-0.28448396921157837 | [0.12] | -0.0014582857381137924
-0.29470354318618774 | [0.11] | -0.0012377910265974116
-0.3063412010669708 | [0.1] | -0.0010376996767075752
-0.3193425238132477 | [0.09] | -0.0008585506978425494
-0.33364272117614746 | [0.08] | -0.0007004796815991084
-0.3491661548614502 | [0.08] | -0.0005632113705789451
-0.3658263683319092 | [0.07] | -0.0004460647873833445
-0.3835259974002838 | [0.06] | -0.00034797582834744076
-0.4021570682525635 | [0.05] | -0.00026753885058001327
-0.4216013252735138 | [0.05] | -0.00020306840569135482
-0.4417310953140259 | [0.04] | -0.00015267941551955016
-0.4624101221561432 | [0.03] | -0.0001143840270918301
-0.48349475860595703 | [0.03] | -8.619918402589021e-05
-0.5048354268074036 | [0.03] | -6.625858914286042e-05
-0.5262780785560608 | [0.02] | -5.2921391941653974e-05
-0.5476661324501038 | [0.02] | -4.486997350572012e-05
-0.5688421130180359 | [0.02] | -4.1189684165396714e-05
-0.5896493196487427 | [0.02] | -4.1425030529201086e-05
-0.6099338531494141 | [0.02] | -4.560868829686301e-05
-0.6295461058616638 | [0.02] | -5.426335688775903e-05
-0.6483420729637146 | [0.03] | -6.837735833759481e-05
-0.6661849617958069 | [0.03] | -8.935815855938583e-05
-0.6829459071159363 | [0.03] | -0.00011896892626889513
-0.6985050439834595 | [0.04] | -0.00015925392305033307
-0.7127518653869629 | [0.05] | -0.00021245826533580005
-0.7255858182907104 | [0.05] | -0.00028094698021879997
-0.7369164228439331 | [0.06] | -0.0003671271554218856
-0.7466632127761841 | [0.07] | -0.00047337523718726316
-0.7547559142112732 | [0.08] | -0.0006019697234276632
-0.7611342072486877 | [0.09] | -0.0007550295511306549
-0.7657476663589478 | [0.1] | -0.0009344561177318608
-0.7685555815696716 | [0.11] | -0.0011418768718976847
-0.7695269584655762 | [0.12] | -0.0013785880938402596
-0.7686405777931213 | [0.13] | -0.0016454950987580545
-0.7658851146697998 | [0.14] | -0.0019430483868476578
-0.7612592577934265 | [0.15] | -0.002271175612432308
-0.7547720670700073 | [0.16] | -0.0026292096472216413
-0.7464435696601868 | [0.17] | -0.0030158147935522533
-0.7363049983978271 | [0.19] | -0.003428917100396195
-0.7243994474411011 | [0.2] | -0.0038656417523897724
-0.7107824087142944 | [0.21] | -0.004322266844326537
-0.6955222487449646 | [0.22] | -0.0047941999918272435
-0.6787006855010986 | [0.23] | -0.005275987163482743
-0.6604127883911133 | [0.24] | -0.005761363547665669
-0.6407673358917236 | [0.25] | -0.00624334739692646
-0.6198862791061401 | [0.26] | -0.006714389092520482
-0.5979043841362 | [0.27] | -0.007166565797165261
-0.5749682784080505 | [0.28] | -0.007591824132762024
-0.5512351393699646 | [0.28] | -0.00798225414352883
-0.5268711447715759 | [0.29] | -0.0083303838422882
-0.5020496845245361 | [0.29] | -0.008629468249925621
-0.4769490659236908 | [0.3] | -0.008873762138750489
-0.45175036787986755 | [0.3] | -0.009058743496929065
-0.42663490772247314 | [0.3] | -0.009181278982011378
-0.40178194642066956 | [0.3] | -0.009239716105777347
-0.37736645340919495 | [0.3] | -0.009233893682873551
-0.3535570502281189 | [0.3] | -0.009165080780618309
-0.33051425218582153 | [0.3] | -0.009035843173547574
-0.3083890676498413 | [0.3] | -0.00884986381841229
-0.28732189536094666 | [0.29] | -0.008611724499037214
-0.26744189858436584 | [0.29] | -0.008326672829992566
-0.24886666238307953 | [0.28] | -0.008000396101111366
-0.23170214891433716 | [0.28] | -0.007638807721399247
-0.21604302525520325 | [0.27] | -0.0072478650865775
-0.2019731104373932 | [0.26] | -0.006833423306431792
-0.18956603109836578 | [0.25] | -0.0064011247090585005
-0.17888595163822174 | [0.24] | -0.005956325503854814
-0.16998834908008575 | [0.23] | -0.005504057148056289
-0.162920743227005 | [0.22] | -0.005049012237262113
-0.15772336721420288 | [0.21] | -0.004595554133815095
-0.15442974865436554 | [0.2] | -0.004147738760495823
-0.15306711196899414 | [0.19] | -0.0037093438293998543
-0.15365660190582275 | [0.18] | -0.0032838989187275597
-0.15621331334114075 | [0.17] | -0.002874710139013651
-0.16074617207050323 | [0.16] | -0.002484874277373698
-0.16725747287273407 | [0.15] | -0.002117278962316001
-0.17574234306812286 | [0.13] | -0.0017745853040328865
-0.18618789315223694 | [0.12] | -0.0014591910953374709
-0.1985722929239273 | [0.11] | -0.0011731754714980186
-0.21286359429359436 | [0.1] | -0.0009182257762926247
-0.22901849448680878 | [0.08] | -0.0006955509463136204
-0.24698109924793243 | [0.07] | -0.0005057885828615053
-0.26668161153793335 | [0.06] | -0.0003489138773015402
-0.28803518414497375 | [0.05] | -0.0002241614896072715
-0.31094104051589966 | [0.04] | -0.00012997369106360345
-0.33528175950050354 | [0.03] | -6.398722944367941e-05
-0.3609229624271393 | [0.02] | -2.3069709310461013e-05
-0.38771358132362366 | [0.01] | -3.4140249822520864e-06
-0.415486603975296 | [-0.] | -6.928206062239983e-07
-0.4440602660179138 | [-0.01] | -1.0268330787231442e-05
-0.4732400178909302 | [-0.02] | -2.7445207196860867e-05
-0.5028209090232849 | [-0.02] | -4.7747045845212353e-05
-0.5325902700424194 | [-0.03] | -6.719182384368334e-05
-0.5623310804367065 | [-0.03] | -8.254074735217227e-05
-0.5918251872062683 | [-0.03] | -9.14953454457629e-05
-0.620856523513794 | [-0.03] | -9.282573752165107e-05
-0.6492144465446472 | [-0.03] | -8.641974952158828e-05
-0.6766964793205261 | [-0.03] | -7.32532087940242e-05
-0.7031108140945435 | [-0.02] | -5.529161476190251e-05
-0.7282782196998596 | [-0.02] | -3.533918910877614e-05
-0.7520333528518677 | [-0.01] | -1.685655704722319e-05
-0.7742257118225098 | [-0.01] | -3.767881563371933e-06
-0.7947197556495667 | [0.] | -2.7641757194065234e-07
-0.8133947849273682 | [0.01] | -1.0702451349176024e-05
-0.830144464969635 | [0.02] | -3.935202343454066e-05
-0.8448759317398071 | [0.03] | -9.041939866651049e-05
-0.8575088381767273 | [0.04] | -0.00016792119431064062
-0.8679742813110352 | [0.05] | -0.0002756566888074676
-0.8762137293815613 | [0.06] | -0.00041718633583933415
-0.882178008556366 | [0.08] | -0.0005958190367219577
-0.8858266472816467 | [0.09] | -0.0008145990330214518
-0.8871272206306458 | [0.1] | -0.001076283458173594
-0.8860549330711365 | [0.12] | -0.0013833028867746328
-0.8825926780700684 | [0.13] | -0.0017376977090791971
-0.8767313957214355 | [0.15] | -0.0021410256797032012
-0.8684704303741455 | [0.16] | -0.0025942393692896643
-0.8578187227249146 | [0.18] | -0.0030975305399258716
-0.8447957634925842 | [0.19] | -0.0036501489693461773
-0.8294330835342407 | [0.21] | -0.004250199811785356
-0.8117759823799133 | [0.22] | -0.0048944343682735866
-0.7918850183486938 | [0.24] | -0.005578051641146109
-0.7698379755020142 | [0.25] | -0.0062945332154523
-0.7457312345504761 | [0.27] | -0.007035540383275134
-0.7196812629699707 | [0.28] | -0.007790901279501792
-0.6918253302574158 | [0.29] | -0.008548718709636522
-0.6623219847679138 | [0.3] | -0.009295615529284157
-0.6313506960868835 | [0.32] | -0.01001713222655677
-0.59911048412323 | [0.33] | -0.0106982696575302
-0.5658181309700012 | [0.34] | -0.011324145948219537
-0.5317052602767944 | [0.34] | -0.011880724959752141
-0.4970145523548126 | [0.35] | -0.012355554985157557
-0.4619957506656647 | [0.36] | -0.012738437315239543
-0.4269009828567505 | [0.36] | -0.013021961843914801
-0.39198002219200134 | [0.36] | -0.013201851819348492
-0.35747572779655457 | [0.36] | -0.01327707790693525
-0.32361987233161926 | [0.36] | -0.013249746887280346
-0.29062947630882263 | [0.36] | -0.013124774474080593
-0.25870412588119507 | [0.36] | -0.012909407659232021
-0.2280239313840866 | [0.36] | -0.012612635451063031
-0.19874854385852814 | [0.35] | -0.01224456964278016
-0.1710168868303299 | [0.34] | -0.011815848671424017
-0.14494775235652924 | [0.34] | -0.011337107556692708
-0.12064089626073837 | [0.33] | -0.010818552174060227
-0.09817871451377869 | [0.32] | -0.01026964089319188
-0.07762818038463593 | [0.31] | -0.00969888327031241
-0.05904300883412361 | [0.3] | -0.009113738740956315
-0.04246588796377182 | [0.29] | -0.008520603212003477
-0.02793065458536148 | [0.28] | -0.007924860838939
-0.015464382246136665 | [0.27] | -0.007330986280024002
-0.005089282989501953 | [0.26] | -0.006742676776651912
0.0031756076496094465 | [0.25] | -0.006163001267916241
0.009312992915511131 | [0.24] | -0.00559455574560674
0.013306145556271076 | [0.22] | -0.005039616533798193
0.01513802632689476 | [0.21] | -0.0045002833321099766
0.014790693297982216 | [0.2] | -0.003978610115124929
0.012245017103850842 | [0.19] | -0.0034767175900576952
0.00748071726411581 | [0.17] | -0.0029968849154486618
0.00047671966603957117 | [0.16] | -0.0025416166972877714
-0.008788138628005981 | [0.15] | -0.0021136800314974597
-0.020334050059318542 | [0.13] | -0.0017161079462277495
-0.03417881205677986 | [0.12] | -0.0013521619622301872
-0.050336018204689026 | [0.1] | -0.0010252492344042887
-0.06881289184093475 | [0.09] | -0.0007387889487375601
-0.08960775285959244 | [0.07] | -0.0004960245336772895
-0.11270718276500702 | [0.05] | -0.00029978447394717875
-0.13808293640613556 | [0.04] | -0.00015219631438710655
-0.16568872332572937 | [0.02] | -5.4371028059871855e-05
-0.19545699656009674 | [0.01] | -6.0814231446210785e-06
-0.22729595005512238 | [-0.01] | -5.469411370374877e-06
-0.26108697056770325 | [-0.02] | -4.882585302292254e-05
-0.2966826558113098 | [-0.04] | -0.00013048947117025094
-0.333905965089798 | [-0.05] | -0.00024290955173012055
-0.372550368309021 | [-0.06] | -0.00037690377149051177
-0.4123813211917877 | [-0.07] | -0.0005221178628420434
-0.45313942432403564 | [-0.08] | -0.000667666722063496
-0.4945445954799652 | [-0.09] | -0.0008028965607672587
-0.5363017916679382 | [-0.1] | -0.0009181860492435981
-0.578107476234436 | [-0.1] | -0.0010056841452187732
-0.6196566224098206 | [-0.1] | -0.00105988309061101
-0.6606496572494507 | [-0.1] | -0.0010779563310834642
-0.700799286365509 | [-0.1] | -0.0010598240445464822
-0.7398360371589661 | [-0.1] | -0.0010079522096202568
-0.7775129675865173 | [-0.1] | -0.0009269384827625337
-0.8136088848114014 | [-0.09] | -0.0008229607977056739
-0.8479300141334534 | [-0.08] | -0.0007031742643185978
-0.8803104758262634 | [-0.08] | -0.0005751363871190021
-0.9106115102767944 | [-0.07] | -0.0004463214168732419
-0.9387197494506836 | [-0.06] | -0.0003237574327238713
-0.9645445346832275 | [-0.05] | -0.00021379768574098402
-0.9880151748657227 | [-0.03] | -0.00012201803009411773
-1.0090774297714233 | [-0.02] | -5.3218547550564606e-05
-1.0276906490325928 | [-0.01] | -1.1504467048886643e-05
-1.043824315071106 | [0.] | -4.172247290859057e-07
-1.0574549436569214 | [0.02] | -2.309358476003494e-05
-1.0685640573501587 | [0.03] | -8.243221141363696e-05
-1.0771352052688599 | [0.04] | -0.00018125371800152638
-1.0831525325775146 | [0.06] | -0.0003224436444621778
-1.0865992307662964 | [0.07] | -0.0005090708785989884
-1.0874563455581665 | [0.09] | -0.0007444764255282577
-1.0857023000717163 | [0.1] | -0.0010323268711335545
-1.0813124179840088 | [0.12] | -0.0013766280424781059
-1.074259638786316 | [0.13] | -0.0017816901432682426
-1.0645148754119873 | [0.15] | -0.0022520391529997296
-1.0520484447479248 | [0.17] | -0.0027922619286538325
-1.0368316173553467 | [0.18] | -0.0034067764720519937
-1.0188391208648682 | [0.2] | -0.004099514936316766
-0.9980519413948059 | [0.22] | -0.004873514147624075
-0.974460780620575 | [0.24] | -0.005730412248069475
-0.9480698108673096 | [0.26] | -0.006669857671231346
-0.9189012050628662 | [0.28] | -0.007688860411305522
-0.8869995474815369 | [0.3] | -0.00878112925463559
-0.8524366021156311 | [0.32] | -0.009936459994896445
-0.8153155446052551 | [0.33] | -0.011140281389587033
-0.7757747173309326 | [0.35] | -0.012373457814805899
-0.7339902520179749 | [0.37] | -0.013612471525284227
-0.6901771426200867 | [0.39] | -0.014830074953888503
-0.6445884108543396 | [0.4] | -0.01599647136118361
-0.5975121259689331 | [0.41] | -0.01708097560028109
-0.5492660403251648 | [0.42] | -0.018054048848975653
-0.5001903176307678 | [0.43] | -0.018889472092338218
-0.450638085603714 | [0.44] | -0.019566395052570938
-0.4009651839733124 | [0.45] | -0.020070965474869175
-0.3515194058418274 | [0.45] | -0.020397282533013775
-0.302630215883255 | [0.45] | -0.02054756848477307
-0.25459960103034973 | [0.45] | -0.020531550616466984
-0.2076948583126068 | [0.45] | -0.020365187257978465
-0.16214339435100555 | [0.45] | -0.02006897613151673
-0.11812998354434967 | [0.44] | -0.019666103409928904
-0.07579601556062698 | [0.44] | -0.019180667645664708
-0.03524076193571091 | [0.43] | -0.01863617773100327
0.0034759948030114174 | [0.42] | -0.01805440747549827
0.04033024236559868 | [0.42] | -0.017454653344497344
0.07532944530248642 | [0.41] | -0.016853352054662884
0.10850801318883896 | [0.4] | -0.01626399970975605
0.13992279767990112 | [0.4] | -0.01569728959512509
0.1696489304304123 | [0.39] | -0.015161400469587881
0.1977759748697281 | [0.38] | -0.014662348830143185
0.22440467774868011 | [0.38] | -0.01420437852005902
0.24964416027069092 | [0.37] | -0.013790335857572915
0.27360963821411133 | [0.37] | -0.013422016505672272
0.2964206039905548 | [0.36] | -0.013100470909266339
0.3181995451450348 | [0.36] | -0.012826265456034056
0.3390708565711975 | [0.35] | -0.012599703912795947
0.35916024446487427 | [0.35] | -0.012421007385552536
0.37859442830085754 | [0.35] | -0.01229046770791858
0.3975009024143219 | [0.35] | -0.012208572915808291
0.4160081446170807 | [0.35] | -0.012176114387404619
0.4342458248138428 | [0.35] | 99.98780571832037
Total reward: 98.06672222621053
0.1, 5.8, 0.2
parameter ends

state | action | reward
[-0.55] | [0.14] | -0.0020918791212113813
-0.5532248616218567 | [0.15] | -0.0021680211929366064
-0.5523399114608765 | [0.15] | -0.0022469577510560697
-0.5510148406028748 | [0.15] | -0.0023281838268984253
-0.5492554903030396 | [0.16] | -0.002411142568803532
-0.5470710396766663 | [0.16] | -0.0024952270120479477
-0.5444737076759338 | [0.16] | -0.002579784830400073
-0.5414789915084839 | [0.16] | -0.0026641222970013034
-0.5381054282188416 | [0.17] | -0.002747511511305277
-0.534374475479126 | [0.17] | -0.00282919823159152
-0.5303103923797607 | [0.17] | -0.0029084108061993665
-0.5259401798248291 | [0.17] | -0.002984370123090198
-0.5212932825088501 | [0.17] | -0.0030563007769428864
-0.5164014101028442 | [0.18] | -0.003123442816993472
-0.511298418045044 | [0.18] | -0.003185063360568233
-0.5060199499130249 | [0.18] | -0.003240469037429856
-0.5006032586097717 | [0.18] | -0.0032890175158891547
-0.4950868487358093 | [0.18] | -0.003330129230628698
-0.48951029777526855 | [0.18] | -0.003363297296817726
-0.4839138686656952 | [0.18] | -0.0033880970661223538
-0.4783382713794708 | [0.18] | -0.003404193819701496
-0.4728243350982666 | [0.18] | -0.0034113487848446674
-0.46741268038749695 | [0.18] | -0.003409423899079169
-0.4621434807777405 | [0.18] | -0.0033983837894222936
-0.45705604553222656 | [0.18] | -0.0033782966936077665
-0.4521886706352234 | [0.18] | -0.003349332659365815
-0.4475782811641693 | [0.18] | -0.0033117604142580644
-0.443260133266449 | [0.18] | -0.003265942580175523
-0.439267635345459 | [0.18] | -0.0032123286365959972
-0.43563205003738403 | [0.18] | -0.003151447332154743
-0.4323823153972626 | [0.18] | -0.0030838976375151365
-0.4295447766780853 | [0.17] | -0.0030103388869726975
-0.42714306712150574 | [0.17] | -0.002931480085287803
-0.42519789934158325 | [0.17] | -0.0028480692251009413
-0.4237269163131714 | [0.17] | -0.0027608822191673666
-0.4227445721626282 | [0.16] | -0.002670711856211619
-0.4222620129585266 | [0.16] | -0.0025783571869219548
-0.4222869575023651 | [0.16] | -0.0024846133814128853
-0.4228236675262451 | [0.15] | -0.00239026192909715
-0.42387282848358154 | [0.15] | -0.002296062025503641
-0.4254315197467804 | [0.15] | -0.0022027425045910098
-0.42749324440956116 | [0.15] | -0.0021109946952122607
-0.4300478994846344 | [0.14] | -0.0020214667382003585
-0.433081716299057 | [0.14] | -0.0019347589422930083
-0.4365774691104889 | [0.14] | -0.0018514198781204297
-0.44051438570022583 | [0.13] | -0.0017719445456869248
-0.4448683261871338 | [0.13] | -0.0016967731436925732
-0.4496119022369385 | [0.13] | -0.0016262914038516008
-0.4547145366668701 | [0.12] | -0.0015608323812662445
-0.46014273166656494 | [0.12] | -0.0015006787984424511
-0.4658602178096771 | [0.12] | -0.0014460668753291388
-0.4718282222747803 | [0.12] | -0.0013971909067089618
-0.47800561785697937 | [0.12] | -0.0013542088386761504
-0.4843493402004242 | [0.11] | -0.0013172475673379584
-0.49081459641456604 | [0.11] | -0.0012864092792064365
-0.49735522270202637 | [0.11] | -0.0012617773118593855
-0.5039239525794983 | [0.11] | -0.0012434219995387677
-0.5104728937149048 | [0.11] | -0.0012314054354682627
-0.5169538259506226 | [0.11] | -0.0012257859018375027
-0.5233185291290283 | [0.11] | -0.0012266211674489848
-0.5295192003250122 | [0.11] | -0.001233970440881618
-0.5355088114738464 | [0.11] | -0.0012478949283604539
-0.5412415862083435 | [0.11] | -0.0012684567611475385
-0.5466731786727905 | [0.11] | -0.001295717225373633
-0.5517610907554626 | [0.12] | -0.0013297326888419346
-0.5564650893211365 | [0.12] | -0.0013705495470601509
-0.5607473254203796 | [0.12] | -0.0014181982857079604
-0.5645729303359985 | [0.12] | -0.0014726855248679846
-0.5679099559783936 | [0.12] | -0.0015339868955394484
-0.5707298517227173 | [0.13] | -0.0016020377942191138
-0.5730075836181641 | [0.13] | -0.0016767248013129094
-0.5747218728065491 | [0.13] | -0.0017578769041096684
-0.5758553743362427 | [0.14] | -0.001845256973545405
-0.57639479637146 | [0.14] | -0.0019385540377116015
-0.5763310194015503 | [0.14] | -0.002037376504407649
-0.5756593346595764 | [0.15] | -0.0021412460922574884
-0.5743792653083801 | [0.15] | -0.002249594694562478
-0.5724948048591614 | [0.15] | -0.0023617614574795473
-0.5700144171714783 | [0.16] | -0.0024769927700732525
-0.5669509768486023 | [0.16] | -0.002594444716422277
-0.5633217096328735 | [0.16] | -0.00271318776805791
-0.5591481328010559 | [0.17] | -0.0028322139948044694
-0.5544559955596924 | [0.17] | -0.0029504469328540898
-0.5492751598358154 | [0.18] | -0.003066753740337493
-0.5436392426490784 | [0.18] | -0.0031799613119251912
-0.5375856161117554 | [0.18] | -0.0032888722150063035
-0.5311551094055176 | [0.18] | -0.0033922842178836596
-0.5243916511535645 | [0.19] | -0.0034890109623739265
-0.5173420310020447 | [0.19] | -0.0035779030952108274
-0.5100556015968323 | [0.19] | -0.003657869861981548
-0.5025838613510132 | [0.19] | -0.003727900418144048
-0.49498000741004944 | [0.19] | -0.0037870846504395373
-0.4872986376285553 | [0.2] | -0.0038346310666212283
-0.47959524393081665 | [0.2] | -0.003869883585480069
-0.4719258248806 | [0.2] | -0.003892334598997086
-0.4643464684486389 | [0.2] | -0.003901635580075334
-0.4569128751754761 | [0.2] | -0.0038976034935868445
-0.449679970741272 | [0.2] | -0.0038802239467896587
-0.44270145893096924 | [0.2] | -0.0038496505275670955
-0.43602943420410156 | [0.2] | -0.0038062005223529656
-0.42971399426460266 | [0.19] | -0.003750347155366421
-0.4238029420375824 | [0.19] | -0.0036827090457364495
-0.41834136843681335 | [0.19] | -0.0036040372147787218
-0.41337141394615173 | [0.19] | -0.0035151999455839238
-0.4089319407939911 | [0.18] | -0.0034171661364053325
-0.4050583243370056 | [0.18] | -0.003310987181995356
-0.40178218483924866 | [0.18] | -0.003197779102057396
-0.39913123846054077 | [0.18] | -0.003078703731913577
-0.3971290588378906 | [0.17] | -0.00295495071408781
-0.39579495787620544 | [0.17] | -0.002827719657303082
-0.3951438367366791 | [0.16] | -0.002698203240426308
-0.39518606662750244 | [0.16] | -0.0025675714110320533
-0.39592739939689636 | [0.16] | -0.002436956661390254
-0.397368848323822 | [0.15] | -0.0023074408907094585
-0.39950671792030334 | [0.15] | -0.0021800432936233223
-0.40233245491981506 | [0.14] | -0.002055710600521538
-0.4058326780796051 | [0.14] | -0.0019353084387412805
-0.40998923778533936 | [0.13] | -0.0018196147010762676
-0.4147791266441345 | [0.13] | -0.001709315382260778
-0.42017462849617004 | [0.13] | -0.0016050017641917208
-0.4261433780193329 | [0.12] | -0.0015071704136221822
-0.43264853954315186 | [0.12] | -0.0014162250103762666
-0.4396488666534424 | [0.12] | -0.0013324809295599148
-0.44709905982017517 | [0.11] | -0.0012561713286236658
-0.45494985580444336 | [0.11] | -0.0011874560526942551
-0.46314841508865356 | [0.11] | -0.0011264316050836696
-0.47163867950439453 | [0.1] | -0.001073142980863023
-0.480361670255661 | [0.1] | -0.0010275967891006559
-0.48925599455833435 | [0.1] | -0.000989774180607948
-0.49825820326805115 | [0.1] | -0.0009596444663430156
-0.5073033571243286 | [0.1] | -0.0009371777125638071
-0.5163254141807556 | [0.1] | -0.0009223564933449856
-0.5252580046653748 | [0.1] | -0.0009151851492327187
-0.5340346097946167 | [0.1] | -0.000915698103314087
-0.5425894260406494 | [0.1] | -0.000923963923099439
-0.5508577227592468 | [0.1] | -0.0009400878655635444
-0.5587763786315918 | [0.1] | -0.0009642108592880446
-0.5662843585014343 | [0.1] | -0.0009965054354343387
-0.5733233690261841 | [0.1] | -0.0010371680524226177
-0.5798380374908447 | [0.1] | -0.0010864103116589837
-0.5857765674591064 | [0.11] | -0.0011444460014608012
-0.5910910367965698 | [0.11] | -0.0012114772690532186
-0.595737636089325 | [0.11] | -0.0012876790545030014
-0.5996772050857544 | [0.12] | -0.001373181642697543
-0.6028753519058228 | [0.12] | -0.0014680536353750035
-0.6053027510643005 | [0.13] | -0.001572284196814434
-0.6069353818893433 | [0.13] | -0.0016857655631314834
-0.6077547669410706 | [0.13] | -0.0018082765598945241
-0.6077479720115662 | [0.14] | -0.0019394679243880022
-0.6069077849388123 | [0.14] | -0.0020788488547143955
-0.6052330136299133 | [0.15] | -0.002225775467461857
-0.6027283072471619 | [0.15] | -0.00237944370391027
-0.5994043350219727 | [0.16] | -0.0025388841522725487
-0.5952776670455933 | [0.16] | -0.0027029618819923054
-0.5903709530830383 | [0.17] | -0.0028703792907243553
-0.5847126245498657 | [0.17] | -0.003039685751234678
-0.5783370137214661 | [0.18] | -0.0032092898403942786
-0.5712839961051941 | [0.18] | -0.0033774793284184266
-0.5635988712310791 | [0.19] | -0.0035424445443499168
-0.5553321242332458 | [0.19] | -0.0037023068862528
-0.5465391278266907 | [0.2] | -0.0038551520954285025
-0.5372797250747681 | [0.2] | -0.003999067129947308
-0.5276177525520325 | [0.2] | -0.004132179386844131
-0.5176207423210144 | [0.21] | -0.004252696314028355
-0.5073592066764832 | [0.21] | -0.004358946856717841
-0.49690625071525574 | [0.21] | -0.0044494190193280735
-0.486336886882782 | [0.21] | -0.004522795867047754
-0.4757274091243744 | [0.21] | -0.004577986826461954
-0.465154767036438 | [0.21] | -0.004614152655314866
-0.45469599962234497 | [0.22] | -0.004630723732740032
-0.4444275498390198 | [0.22] | -0.00462741189309314
-0.43442466855049133 | [0.21] | -0.004604213890723435
-0.42476075887680054 | [0.21] | -0.004561408447850594
-0.4155069589614868 | [0.21] | -0.0044995441499853794
-0.4067315459251404 | [0.21] | -0.004419424286734076
-0.398499459028244 | [0.21] | -0.004322083725810644
-0.39087188243865967 | [0.21] | -0.004208763112108401
-0.38390594720840454 | [0.2] | -0.004080879348987386
-0.3776542842388153 | [0.2] | -0.003939995195853976
-0.3721648156642914 | [0.19] | -0.0037877867428246295
-0.3674805164337158 | [0.19] | -0.003626012125168764
-0.36363911628723145 | [0.19] | -0.0034564808731840932
-0.36067304015159607 | [0.18] | -0.003281023962115741
-0.3586091101169586 | [0.18] | -0.003101466860165871
-0.35746854543685913 | [0.17] | -0.0029196033541451245
-0.35726669430732727 | [0.17] | -0.00273717258564933
-0.3580130338668823 | [0.16] | -0.0025558372563281077
-0.35971102118492126 | [0.15] | -0.0023771645277272757
-0.3623579740524292 | [0.15] | -0.002202608933611641
-0.3659450113773346 | [0.14] | -0.0020334971945966365
-0.3704569339752197 | [0.14] | -0.001871015586975083
-0.37587228417396545 | [0.13] | -0.0017161991328846335
-0.3821631669998169 | [0.13] | -0.001569924424373193
-0.3892953097820282 | [0.12] | -0.0014329047058563417
-0.3972281515598297 | [0.11] | -0.001305688424556162
-0.405914843082428 | [0.11] | -0.0011886623165848543
-0.4153023958206177 | [0.1] | -0.0010820576015860533
-0.4253319203853607 | [0.1] | -0.0009859612543347517
-0.43593886494636536 | [0.09] | -0.0009003314517840033
-0.44705337285995483 | [0.09] | -0.0008250170028368013
-0.4586006999015808 | [0.09] | -0.000759780708936998
-0.47050169110298157 | [0.08] | -0.0007043256059683114
-0.4826733469963074 | [0.08] | -0.000658323145255827
-0.4950294494628906 | [0.08] | -0.0006214423071407298
-0.5074813365936279 | [0.08] | -0.0005933776934652506
-0.5199384689331055 | [0.08] | -0.0005738764616553098
-0.5323094725608826 | [0.08] | -0.0005627606934167136
-0.5445026159286499 | [0.07] | -0.0005599467225156389
-0.5564268231391907 | [0.08] | -0.0005654574530843676
-0.5679924488067627 | [0.08] | -0.0005794295001086167
-0.5791118741035461 | [0.08] | -0.0006021137543006202
-0.5897005200386047 | [0.08] | -0.0006338688761836813
-0.5996772050857544 | [0.08] | -0.0006751496415027212
-0.6089649796485901 | [0.09] | -0.0007264889841808835
-0.6174916625022888 | [0.09] | -0.0007884758923453266
-0.6251901984214783 | [0.09] | -0.0008617294292274239
-0.6319993138313293 | [0.1] | -0.0009468694177609755
-0.6378636956214905 | [0.1] | -0.0010444859871400513
-0.6427344679832458 | [0.11] | -0.0011551070962182333
-0.6465694308280945 | [0.11] | -0.0012791660929534394
-0.6493332386016846 | [0.12] | -0.0014169694899107735
-0.6509976983070374 | [0.13] | -0.0015686652510397598
-0.6515418887138367 | [0.13] | -0.0017342126104192065
-0.6509523391723633 | [0.14] | -0.0019133537797119847
-0.649223268032074 | [0.15] | -0.002105587944713176
-0.646356463432312 | [0.15] | -0.002310149743917664
-0.6423616409301758 | [0.16] | -0.002525990417099677
-0.6372564435005188 | [0.17] | -0.0027517655937714784
-0.6310664415359497 | [0.17] | -0.002985829214281481
-0.6238251328468323 | [0.18] | -0.003226235648522917
-0.6155739426612854 | [0.19] | -0.0034707498932234748
-0.6063622236251831 | [0.19] | -0.0037168681025720055
-0.5962469577789307 | [0.2] | -0.0039618495689156845
-0.5852925777435303 | [0.21] | -0.004202758873180007
-0.5735706090927124 | [0.21] | -0.004436518608548885
-0.5611593127250671 | [0.22] | -0.0046599730182926655
-0.5481430888175964 | [0.22] | -0.004869958392251445
-0.5346119403839111 | [0.23] | -0.0050633804230931475
-0.5206606388092041 | [0.23] | -0.005237294049321791
-0.5063881278038025 | [0.23] | -0.005388981515216347
-0.4918964207172394 | [0.23] | -0.00551602883287276
-0.4772898256778717 | [0.24] | -0.00561639108999841
-0.46267396211624146 | [0.24] | -0.005688448623099802
-0.4481547176837921 | [0.24] | -0.005731049400061756
-0.4338373839855194 | [0.24] | -0.005743533894744873
-0.4198256731033325 | [0.24] | -0.0057257450482398045
-0.40622082352638245 | [0.24] | -0.005678021359118763
-0.39312079548835754 | [0.24] | -0.005601174830636141
-0.3806195557117462 | [0.23] | -0.005496454801431356
-0.3688064217567444 | [0.23] | -0.005365503097484868
-0.3577654957771301 | [0.23] | -0.005210300245109498
-0.34757524728775024 | [0.22] | -0.0050331073288747115
-0.3383081555366516 | [0.22] | -0.004836406597736844
-0.3300303816795349 | [0.22] | -0.004622842448735477
-0.3228016495704651 | [0.21] | -0.004395165843563686
-0.31667497754096985 | [0.2] | -0.004156183083786747
-0.3116966784000397 | [0.2] | -0.003908709051580673
-0.3079061806201935 | [0.19] | -0.003655526659525537
-0.30533602833747864 | [0.18] | -0.0033993509515440295
-0.3040117919445038 | [0.18] | -0.003142798063243476
-0.3039519786834717 | [0.17] | -0.0028883581499246098
-0.30516794323921204 | [0.16] | -0.0026383711149175065
-0.3076637387275696 | [0.15] | -0.0023950047803115338
-0.3114359974861145 | [0.15] | -0.0021602342432615372
-0.31647372245788574 | [0.14] | -0.0019358226692201678
-0.32275813817977905 | [0.13] | -0.0017233030349479766
-0.3302624225616455 | [0.12] | -0.0015239612962719491
-0.33895161747932434 | [0.12] | -0.0013388214844704618
-0.34878236055374146 | [0.11] | -0.0011686346280258143
-0.35970279574394226 | [0.1] | -0.0010138714841241663
-0.3716524839401245 | [0.09] | -0.0008747219458976545
-0.3845624327659607 | [0.09] | -0.0007511017943048646
-0.3983551561832428 | [0.08] | -0.0006426687562093328
-0.412945032119751 | [0.07] | -0.0005488479917055538
-0.42823851108551025 | [0.07] | -0.0004688680990712905
-0.44413477182388306 | [0.06] | -0.0004018066604444891
-0.4605262875556946 | [0.06] | -0.000346644403972576
-0.4772997200489044 | [0.05] | -0.00030232498369109665
-0.4943368136882782 | [0.05] | -0.00026781864043351277
-0.5115154385566711 | [0.05] | -0.00024218517577876154
-0.5287108421325684 | [0.05] | -0.00022463251731003942
-0.5457968711853027 | [0.05] | -0.00021456829584039748
-0.5626470446586609 | [0.05] | -0.00021164045821682478
-0.5791360139846802 | [0.05] | -0.00021576445034542508
-0.5951406955718994 | [0.05] | -0.00022713621369655575
-0.6105414032936096 | [0.05] | -0.00024623040836793756
-0.6252229809761047 | [0.05] | -0.000273784567191736
-0.6390756368637085 | [0.06] | -0.0003107714129915733
-0.651995837688446 | [0.06] | -0.0003583604993549903
-0.6638869047164917 | [0.06] | -0.00041787302688806033
-0.6746596097946167 | [0.07] | -0.0004907309732754669
-0.6842327117919922 | [0.08] | -0.0005784036916827519
-0.6925330758094788 | [0.08] | -0.0006823540916589685
-0.6994960308074951 | [0.09] | -0.0008039842496503701
-0.7050656676292419 | [0.1] | -0.0009445823945993062
-0.7091947197914124 | [0.11] | -0.001105271722661172
-0.7118449211120605 | [0.11] | -0.0012869593205664383
-0.7129870057106018 | [0.12] | -0.0014902869956003066
-0.7126007676124573 | [0.13] | -0.0017155827097901514
-0.7106752395629883 | [0.14] | -0.0019628126519271585
-0.7072089910507202 | [0.15] | -0.002231534381099939
-0.7022101879119873 | [0.16] | -0.00252085339128502
-0.6956968307495117 | [0.17] | -0.002829383284300893
-0.6876970529556274 | [0.18] | -0.0031552123228828707
-0.678249180316925 | [0.19] | -0.0034958810766810462
-0.6674021482467651 | [0.2] | -0.0038483709474052166
-0.6552154421806335 | [0.21] | -0.004209113116858248
-0.6417593359947205 | [0.21] | -0.004574014389768722
-0.6271146535873413 | [0.22] | -0.004938510654650572
-0.611372709274292 | [0.23] | -0.00529764251704939
-0.5946347713470459 | [0.24] | -0.005646161040105293
-0.5770116448402405 | [0.24] | -0.005978652345364796
-0.5586228966712952 | [0.25] | -0.0062896874508098334
-0.5395957827568054 | [0.26] | -0.006573985465321491
-0.520064115524292 | [0.26] | -0.0068265817045678485
-0.5001670122146606 | [0.27] | -0.007042991302942704
-0.48004743456840515 | [0.27] | -0.007219362850496115
-0.459850549697876 | [0.27] | -0.007352606381345366
-0.43972212076187134 | [0.27] | -0.007440490906240488
-0.41980698704719543 | [0.27] | -0.007481702630478044
-0.4002474844455719 | [0.27] | -0.007475866735767527
-0.3811820149421692 | [0.27] | -0.0074235251331546325
-0.3627437949180603 | [0.27] | -0.007326080886764283
-0.34505969285964966 | [0.27] | -0.007185712338817019
-0.32824942469596863 | [0.26] | -0.007005262210934685
-0.31242483854293823 | [0.26] | -0.006788115758782826
-0.29768940806388855 | [0.26] | -0.0065380731498370275
-0.2841379940509796 | [0.25] | -0.006259223493893651
-0.27185672521591187 | [0.24] | -0.0059558305117043036
-0.26092302799224854 | [0.24] | -0.005632229893946506
-0.2514057457447052 | [0.23] | -0.005292745077721168
-0.24336539208889008 | [0.22] | -0.0049416183839095466
-0.23685437440872192 | [0.21] | -0.004582960541067003
-0.23191721737384796 | [0.21] | -0.004220714602637778
-0.22859083116054535 | [0.2] | -0.0038586308981325766
-0.22690461575984955 | [0.19] | -0.0035002515612279263
-0.22688058018684387 | [0.18] | -0.0031488993127896264
-0.2285332828760147 | [0.17] | -0.0028076684703792626
-0.23186974227428436 | [0.16] | -0.002479414029831363
-0.23688916862010956 | [0.15] | -0.0021667370414092868
-0.243582621216774 | [0.14] | -0.0018719644162281752
-0.2519325315952301 | [0.13] | -0.0015971221716552448
-0.26191219687461853 | [0.12] | -0.0013439024840617758
-0.27348512411117554 | [0.11] | -0.0011136264061832972
-0.28660449385643005 | [0.1] | -0.0009072044674148746
-0.3012124300003052 | [0.09] | -0.000725099065751868
-0.31723952293395996 | [0.08] | -0.0005672936379072672
-0.3346043527126312 | [0.07] | -0.00043327414217636485
-0.3532131612300873 | [0.06] | -0.0003220283348150024
-0.37295982241630554 | [0.05] | -0.00023206737770726995
-0.3937259614467621 | [0.04] | -0.0001614741921003169
-0.41538140177726746 | [0.03] | -0.00010797989941905419
-0.43778499960899353 | [0.03] | -6.906710828121018e-05
-0.4607856869697571 | [0.02] | -4.209633167820974e-05
-0.4842239320278168 | [0.02] | -2.4447947615618574e-05
-0.5079333186149597 | [0.01] | -1.3670536835168639e-05
-0.5317426323890686 | [0.01] | -7.6242502193451625e-06
-0.5554777979850769 | [0.01] | -4.6081937090241634e-06
-0.5789640545845032 | [0.01] | -3.4614690926582496e-06
-0.6020281314849854 | [0.01] | -3.6307012086550923e-06
-0.6245003938674927 | [0.01] | -5.199868899016041e-06
-0.6462165713310242 | [0.01] | -8.882349252624055e-06
-0.6670195460319519 | [0.01] | -1.5978744071255783e-05
-0.6867607831954956 | [0.02] | -2.8306844714476884e-05
-0.7053013443946838 | [0.02] | -4.811205073476596e-05
-0.7225127816200256 | [0.03] | -7.796686857592343e-05
-0.7382774353027344 | [0.03] | -0.00012066790884381961
-0.752488911151886 | [0.04] | -0.00017913679018913557
-0.7650519609451294 | [0.05] | -0.00025632930752475774
-0.7758824229240417 | [0.06] | -0.0003551553390650325
-0.7849069237709045 | [0.07] | -0.000478409445851269
-0.792062520980835 | [0.08] | -0.0006287105590213409
-0.797296404838562 | [0.09] | -0.0008084472134569277
-0.8005657196044922 | [0.1] | -0.0010197249084780086
-0.8018372058868408 | [0.11] | -0.0012643121358244668
-0.8010872602462769 | [0.12] | -0.0015435801303646287
-0.7983019948005676 | [0.14] | -0.001858434779646252
-0.7934773564338684 | [0.15] | -0.0022092388748135316
-0.7866196632385254 | [0.16] | -0.0025957238610793514
-0.7777460813522339 | [0.17] | -0.0030168942539132533
-0.7668852806091309 | [0.19] | -0.003470928813800814
-0.7540780901908875 | [0.2] | -0.003955084775927392
-0.7393784523010254 | [0.21] | -0.004465613348555262
-0.7228541970252991 | [0.22] | -0.004997699331689391
-0.7045875787734985 | [0.24] | -0.005545436696394416
-0.6846760511398315 | [0.25] | -0.006101850174590286
-0.6632323861122131 | [0.26] | -0.006658980092191159
-0.6403847336769104 | [0.27] | -0.007208031315257321
-0.6162763237953186 | [0.28] | -0.007739594316348165
-0.591064453125 | [0.29] | -0.008243934965430242
-0.5649193525314331 | [0.3] | -0.008711338497568227
-0.5380223989486694 | [0.3] | -0.009132490799008443
-0.5105639696121216 | [0.31] | -0.00949886769205231
-0.48274099826812744 | [0.31] | -0.0098031060926699
-0.4547540545463562 | [0.32] | -0.010039323262051487
-0.4268045127391815 | [0.32] | -0.01020335802371517
-0.3990916311740875 | [0.32] | -0.010292908896304099
-0.3718097507953644 | [0.32] | -0.010307567524409748
-0.3451457619667053 | [0.32] | -0.01024874371657456
-0.31927692890167236 | [0.32] | -0.01011949168063964
-0.2943691909313202 | [0.32] | -0.009924266394379114
-0.27057579159736633 | [0.31] | -0.009668629663132701
-0.24803657829761505 | [0.31] | -0.009358935213657864
-0.22687770426273346 | [0.3] | -0.009002020107304623
-0.2072117179632187 | [0.29] | -0.00860492515414129
-0.1891380399465561 | [0.29] | -0.008174653960281372
-0.17274372279644012 | [0.28] | -0.007717986004396295
-0.15810443460941315 | [0.27] | -0.007241342867618392
-0.14528551697731018 | [0.26] | -0.006750704348250498
-0.13434313237667084 | [0.25] | -0.006251574080813967
-0.12532539665699005 | [0.24] | -0.005748980218254698
-0.11827338486909866 | [0.23] | -0.005247505479820239
-0.11322203278541565 | [0.22] | -0.00475133814681066
-0.11020088195800781 | [0.21] | -0.004264331994698608
-0.10923459380865097 | [0.19] | -0.0037900696520175394
-0.11034324020147324 | [0.18] | -0.0033319210693227887
-0.1135423555970192 | [0.17] | -0.002893090893651225
-0.1188426986336708 | [0.16] | -0.002476649165628873
-0.1262497752904892 | [0.14] | -0.0020855408702907647
-0.1357630491256714 | [0.13] | -0.0017225706564650434
-0.1473749428987503 | [0.12] | -0.001390359990333372
-0.1610695719718933 | [0.1] | -0.0010912762222569045
-0.1768212765455246 | [0.09] | -0.0008273351253537328
-0.19459298253059387 | [0.08] | -0.0006000799676259045
-0.21433445811271667 | [0.06] | -0.0004104455972198693
-0.2359805703163147 | [0.05] | -0.0002586176079258763
-0.25944966077804565 | [0.04] | -0.0001439011817831253
-0.2846420407295227 | [0.03] | -6.46178200848023e-05
-0.3114388585090637 | [0.01] | -1.8048827925333523e-05
-0.33970144391059875 | [0.] | -4.438951284591667e-07
-0.3692711889743805 | [-0.01] | -7.109237541870313e-06
-0.3999701142311096 | [-0.02] | -3.258333133612617e-05
-0.43160223960876465 | [-0.03] | -7.089709249674863e-05
-0.4639555513858795 | [-0.03] | -0.0001159042975708289
-0.4968048632144928 | [-0.04] | -0.00016165622343475487
-0.5299152135848999 | [-0.05] | -0.00020278447031724063
-0.5630457401275635 | [-0.05] | -0.00023485335729354708
-0.5959538221359253 | [-0.05] | -0.00025464285653313843
-0.6283991932868958 | [-0.05] | -0.00026033384426294023
-0.6601479649543762 | [-0.05] | -0.0002515785574753073
-0.6909762620925903 | [-0.05] | -0.0002294569335809279
-0.720673143863678 | [-0.04] | -0.00019633144459609955
-0.7490430474281311 | [-0.04] | -0.0001556288380090729
-0.7759072780609131 | [-0.03] | -0.00011157846400888718
-0.8011049032211304 | [-0.03] | -6.894162829467245e-05
-0.824492871761322 | [-0.02] | -3.275865957589774e-05
-0.8459454774856567 | [-0.01] | -8.135506318938274e-06
-0.8653535842895508 | [0.] | -8.055896928550545e-08
-0.8826232552528381 | [0.01] | -1.3395132181460115e-05
-0.8976740837097168 | [0.02] | -5.261368492629282e-05
-0.9104378819465637 | [0.03] | -0.00012198491335962491
-0.9208567142486572 | [0.05] | -0.00022548209872389464
-0.9288817644119263 | [0.06] | -0.00036682957121342324
-0.934471845626831 | [0.07] | -0.0005495333586913242
-0.9375923275947571 | [0.09] | -0.000776903671656445
-0.9382144808769226 | [0.1] | -0.0010520590442147336
-0.9363152384757996 | [0.12] | -0.0013779026212900084
-0.9318769574165344 | [0.13] | -0.0017570641544572497
-0.9248879551887512 | [0.15] | -0.0021918000213436055
-0.9153433442115784 | [0.16] | -0.00268384830810949
-0.9032460451126099 | [0.18] | -0.003234237520987986
-0.8886085152626038 | [0.2] | -0.0038430501077975215
-0.8714545369148254 | [0.21] | -0.004509148908720026
-0.8518215417861938 | [0.23] | -0.0052298777996473925
-0.8297627568244934 | [0.24] | -0.00600076189242427
-0.8053498268127441 | [0.26] | -0.006815230698275086
-0.7786749601364136 | [0.28] | -0.0076644094359085415
-0.7498530745506287 | [0.29] | -0.008537010429148669
-0.7190233469009399 | [0.31] | -0.009419382721617756
-0.6863501071929932 | [0.32] | -0.010295745704967177
-0.6520228385925293 | [0.33] | -0.011148645468987526
-0.6162552237510681 | [0.35] | -0.011959617210687931
-0.579282820224762 | [0.36] | -0.012710050097231022
-0.5413599610328674 | [0.37] | -0.013382172805325755
-0.5027552247047424 | [0.37] | -0.013960075201066452
-0.4637462794780731 | [0.38] | -0.014430671196954032
-0.4246140122413635 | [0.38] | -0.014784468743664805
-0.38563650846481323 | [0.39] | -0.015016081684947395
-0.347083181142807 | [0.39] | -0.015124402293696807
-0.30920934677124023 | [0.39] | -0.01511244668943812
-0.2722517251968384 | [0.39] | -0.014986888789098447
-0.23642487823963165 | [0.38] | -0.014757366671402684
-0.20191890001296997 | [0.38] | -0.014435653531445
-0.16889818012714386 | [0.37] | -0.014034788844047609
-0.13750140368938446 | [0.37] | -0.013568257926140019
-0.10784240067005157 | [0.36] | -0.013049287634864508
-0.08001183718442917 | [0.35] | -0.01249029135097169
-0.05407947674393654 | [0.34] | -0.011902482258758604
-0.030096787959337234 | [0.34] | -0.011295643174090169
-0.008099780417978764 | [0.33] | -0.010678037151719316
0.011888123117387295 | [0.32] | -0.010056423996438137
0.029853293672204018 | [0.31] | -0.009436159453559675
0.04578926041722298 | [0.3] | -0.008821347475547093
0.05969429016113281 | [0.29] | -0.008215021964702725
0.07156922668218613 | [0.28] | -0.0076193425038473435
0.08141561597585678 | [0.27] | -0.007035789114559822
0.08923408389091492 | [0.25] | -0.006465349301495601
0.0950230062007904 | [0.24] | -0.005908692789602003
0.09877743571996689 | [0.23] | -0.005366331509817933
0.10048831254243851 | [0.22] | -0.004838764032977798
0.10014189034700394 | [0.21] | -0.004326605280210219
0.09771944582462311 | [0.2] | -0.003830701511032576
0.09319724887609482 | [0.18] | -0.00335223029593742
0.08654676377773285 | [0.17] | -0.0028927843730897473
0.07773520052433014 | [0.16] | -0.0024544372475282794
0.06672630459070206 | [0.14] | -0.0020397852394238845
0.0534815639257431 | [0.13] | -0.001651961935620833
0.03796172887086868 | [0.11] | -0.0012946142987522759
0.020128758624196053 | [0.1] | -0.000971834140751492
-5.178240826353431e-05 | [0.08] | -0.0006880319083063763
-0.022607900202274323 | [0.07] | -0.0004477446153142677
-0.047557901591062546 | [0.05] | -0.0002553706642016919
-0.07490669935941696 | [0.03] | -0.0001148282263693814
-0.10464181005954742 | [0.02] | -2.9145996298823233e-05
-0.1367291361093521 | [0.] | -4.8671819601896284e-09
-0.17110873758792877 | [-0.02] | -2.726654284158775e-05
-0.20769089460372925 | [-0.03] | -0.0001085415416759014
-0.24635270237922668 | [-0.05] | -0.00023886439606244007
-0.28693556785583496 | [-0.06] | -0.00041055084071362397
-0.32924410700798035 | [-0.08] | -0.0006133086387960737
-0.3730466067790985 | [-0.09] | -0.000834648020547067
-0.4180772602558136 | [-0.1] | -0.0010606029896086742
-0.4640406668186188 | [-0.11] | -0.00127671475767038
-0.5106178522109985 | [-0.12] | -0.001469175950330661
-0.5574741959571838 | [-0.13] | -0.0016259885620173793
-0.6042681932449341 | [-0.13] | -0.0017379671474557692
-0.6506608128547668 | [-0.13] | -0.0017994400843420165
-0.6963245868682861 | [-0.13] | -0.0018085496102809363
-0.7409518361091614 | [-0.13] | -0.0017671243427664685
-0.7842614054679871 | [-0.13] | -0.001680179829637649
-0.8260036706924438 | [-0.12] | -0.0015551500792496563
-0.8659635186195374 | [-0.12] | -0.0014009941681672106
-0.9039614200592041 | [-0.11] | -0.0012273107237237475
-0.939852774143219 | [-0.1] | -0.001043569288273454
-0.973525881767273 | [-0.09] | -0.0008585263836771528
-1.0048987865447998 | [-0.08] | -0.0006798466337126361
-1.0339155197143555 | [-0.07] | -0.0005139228113231212
-1.0605417490005493 | [-0.06] | -0.00036585839151636083
-1.0847606658935547 | [-0.05] | -0.0002395707805541281
-1.1065689325332642 | [-0.04] | -0.00013797206618618168
-1.1259723901748657 | [-0.03] | -6.318932928413152e-05
-1.142983078956604 | [-0.01] | -1.6796888938076794e-05
-1.1576156616210938 | [-0.] | -3.97969337539994e-08
-1.1698851585388184 | [0.01] | -1.403851425159225e-05
-1.1798043251037598 | [0.02] | -5.996849784455191e-05
-1.1873819828033447 | [0.04] | -0.0001392141418390916
-1.1926214694976807 | [0.05] | -0.00025349802277888284
-1.1955196857452393 | [0.06] | -0.00040498755361081354
-1.1960657835006714 | [0.08] | -0.0005963815391097255
-1.1942412853240967 | [0.09] | -0.0008309758815581919
-1.1900193691253662 | [0.11] | -0.0011127095224979764
-1.1833652257919312 | [0.12] | -0.0014461852821702472
-1.1742364168167114 | [0.14] | -0.0018366607065543755
-1.1625837087631226 | [0.15] | -0.0022899983823705694
-1.1483522653579712 | [0.17] | -0.0028125639449138313
-1.131483554840088 | [0.18] | -0.003411053705058606
-1.11191725730896 | [0.2] | -0.00409223506862124
-1.0895944833755493 | [0.22] | -0.00486257674352519
-1.0644611120224 | [0.24] | -0.005727750069781771
-1.036472201347351 | [0.26] | -0.0066919882351077825
-1.0055965185165405 | [0.28] | -0.007757307144134487
-0.9718225002288818 | [0.3] | -0.008922596987208929
-0.9351640343666077 | [0.32] | -0.010182649086266262
-0.895666778087616 | [0.34] | -0.011527196804702482
-0.8534141778945923 | [0.36] | -0.012940114504935497
-0.8085326552391052 | [0.38] | -0.014398944735219854
-0.7611958384513855 | [0.4] | -0.015874947757912195
-0.7116265296936035 | [0.42] | -0.017333844422120492
-0.6600961089134216 | [0.43] | -0.01873736921971417
-0.6069210171699524 | [0.45] | -0.020045621208187238
-0.5524559020996094 | [0.46] | -0.02122002366952327
-0.4970836639404297 | [0.47] | -0.02222656619441519
-0.44120290875434875 | [0.48] | -0.023038856577754823
-0.38521385192871094 | [0.49] | -0.02364050825958888
-0.3295038044452667 | [0.49] | -0.02402645017035663
-0.27443334460258484 | [0.49] | -0.024202984598813093
-0.22032445669174194 | [0.49] | -0.02418663589054122
-0.16745135188102722 | [0.49] | -0.024002045949931168
-0.11603450775146484 | [0.49] | -0.023679344463675582
-0.06623779237270355 | [0.48] | -0.023251411071699448
-0.018168585374951363 | [0.48] | -0.022751426366019456
0.02811981365084648 | [0.47] | -0.022210925423200956
0.07262402772903442 | [0.47] | -0.021658491496515626
0.11538542062044144 | [0.46] | -0.02111904693871347
0.1564844399690628 | [0.45] | -0.020613666316461596
0.19603495299816132 | [0.45] | -0.02015978308524464
0.23417897522449493 | [0.44] | -0.019771649177921943
0.27108195424079895 | [0.44] | -0.01946093861725947
0.306928813457489 | [0.44] | -0.019237399512580897
0.3419205844402313 | [0.44] | -0.019109516537698403
0.37627196311950684 | [0.44] | -0.01908511399154054
0.4102092981338501 | [0.44] | -0.01917191854926721
0.4439693093299866 | [0.44] | 99.98062195616106
Total reward: 97.62091574486301
0.1, 5.8, 0.2
parameter ends

state | action | reward
[-0.5] | [0.15] | -0.002244766123568699
-0.5016846656799316 | [0.15] | -0.0022555559487417213
-0.5015626549720764 | [0.15] | -0.002266569939896756
-0.5013799667358398 | [0.15] | -0.0022777302263226403
-0.5011374354362488 | [0.15] | -0.002288956516660882
-0.5008363127708435 | [0.15] | -0.002300166859958199
-0.5004782676696777 | [0.15] | -0.00231127818603724
-0.5000654458999634 | [0.15] | -0.0023222066766952583
-0.4996003806591034 | [0.15] | -0.0023328687087302807
-0.49908605217933655 | [0.15] | -0.0023431812668459786
-0.49852579832077026 | [0.15] | -0.002353062860115504
-0.4979233145713806 | [0.15] | -0.002362434165127777
-0.49728265404701233 | [0.15] | -0.0023712185862791134
-0.496608167886734 | [0.15] | -0.00237934310049329
-0.49590450525283813 | [0.15] | -0.002386738793750928
-0.4951765835285187 | [0.15] | -0.002393341536324485
-0.4944295287132263 | [0.15] | -0.00239909271075014
-0.4936686158180237 | [0.16] | -0.002403939844034448
-0.4928992986679077 | [0.16] | -0.002407836893061956
-0.4921271502971649 | [0.16] | -0.002410744816761382
-0.49135780334472656 | [0.16] | -0.0024126320925813753
-0.4905968904495239 | [0.16] | -0.0024134751315251016
-0.4898500442504883 | [0.16] | -0.0024132583717525876
-0.4891228675842285 | [0.16] | -0.0024119744626427547
-0.48842084407806396 | [0.16] | -0.00240962462002336
-0.487749308347702 | [0.16] | -0.002406218550264673
-0.48711344599723816 | [0.15] | -0.00240177430875126
-0.4865182340145111 | [0.15] | -0.0023963182974452183
-0.48596835136413574 | [0.15] | -0.002389885194390203
-0.48546820878982544 | [0.15] | -0.0023825174504824077
-0.4850218892097473 | [0.15] | -0.0023742650498970066
-0.48463311791419983 | [0.15] | -0.002365185063568936
-0.4843052327632904 | [0.15] | -0.0023553411912767747
-0.48404115438461304 | [0.15] | -0.002344803213379029
-0.4838433861732483 | [0.15] | -0.0023336463463514124
-0.48371392488479614 | [0.15] | -0.002321950845512227
-0.48365432024002075 | [0.15] | -0.002309801048613466
-0.4836656153202057 | [0.15] | -0.0022972848704803277
-0.48374834656715393 | [0.15] | -0.002284493047036942
-0.4839025139808655 | [0.15] | -0.0022715184874080767
-0.48412764072418213 | [0.15] | -0.002258455335876676
-0.4844226837158203 | [0.15] | -0.0022453985855684887
-0.48478609323501587 | [0.15] | -0.0022324431462491293
-0.48521581292152405 | [0.15] | -0.0022196832007444467
-0.4857093095779419 | [0.15] | -0.0022072114801472108
-0.4862635135650635 | [0.15] | -0.0021951188966968546
-0.48687490820884705 | [0.15] | -0.002183493640331502
-0.48753949999809265 | [0.15] | -0.002172420819391694
-0.4882529377937317 | [0.15] | -0.0021619815716299516
-0.48901042342185974 | [0.15] | -0.002152253032577154
-0.48980680108070374 | [0.15] | -0.0021433076140424142
-0.49063658714294434 | [0.15] | -0.002135212611627657
-0.49149399995803833 | [0.15] | -0.0021280298196970937
-0.492372989654541 | [0.15] | -0.002121815227236416
-0.49326732754707336 | [0.15] | -0.0021166185265599122
-0.4941706359386444 | [0.15] | -0.0021124829147466297
-0.49507632851600647 | [0.15] | -0.0021094451684727437
-0.49597781896591187 | [0.15] | -0.002107534830684985
-0.4968684911727905 | [0.15] | -0.002106774340809438
-0.49774169921875 | [0.15] | -0.002107179009368567
-0.498590886592865 | [0.15] | -0.0021087565951448273
-0.49940964579582214 | [0.15] | -0.002111507197433785
-0.5001916885375977 | [0.15] | -0.002115423411590332
-0.5009309649467468 | [0.15] | -0.002120490016051513
-0.5016217231750488 | [0.15] | -0.002126683914697751
-0.5022584199905396 | [0.15] | -0.0021339745991524523
-0.5028359293937683 | [0.15] | -0.0021423235553875504
-0.5033495426177979 | [0.15] | -0.0021516845462759278
-0.5037949085235596 | [0.15] | -0.0021620040452079614
-0.5041681528091431 | [0.15] | -0.0021732210768219927
-0.5044658780097961 | [0.15] | -0.0021852675108500513
-0.5046852827072144 | [0.15] | -0.002198068048444412
-0.5048241019248962 | [0.15] | -0.002211540874822012
-0.5048805475234985 | [0.15] | -0.0022255982619644966
-0.5048535466194153 | [0.15] | -0.0022401462296681575
-0.5047425627708435 | [0.15] | -0.0022550857858428907
-0.504547655582428 | [0.15] | -0.0022703132646152016
-0.504269540309906 | [0.15] | -0.0022857207800705986
-0.5039095282554626 | [0.15] | -0.002301197154586188
-0.5034695863723755 | [0.15] | -0.0023166284801245745
-0.5029522180557251 | [0.15] | -0.0023318993212641886
-0.5023605227470398 | [0.15] | -0.0023468932893205142
-0.5016981959342957 | [0.15] | -0.002361493925946612
-0.5009695291519165 | [0.15] | -0.0023755856387610106
-0.5001792311668396 | [0.15] | -0.0023890552026123116
-0.49933260679244995 | [0.15] | -0.0024017920126936723
-0.4984353482723236 | [0.16] | -0.0024136897686510743
-0.49749359488487244 | [0.16] | -0.002424647083643568
-0.49651387333869934 | [0.16] | -0.002434568591859935
-0.4955030083656311 | [0.16] | -0.00244336605416338
-0.49446815252304077 | [0.16] | -0.002450958944821712
-0.4934166669845581 | [0.16] | -0.002457275664613167
-0.4923560917377472 | [0.16] | -0.002462254122278644
-0.49129411578178406 | [0.16] | -0.002465842419119263
-0.4902385175228119 | [0.16] | -0.0024679994493657684
-0.4891970455646515 | [0.16] | -0.0024686956312216196
-0.48817744851112366 | [0.16] | -0.0024679129380215776
-0.48718735575675964 | [0.16] | -0.002465645437550974
-0.48623427748680115 | [0.16] | -0.0024618991974256193
-0.48532548546791077 | [0.16] | -0.002456692526984842
-0.484468013048172 | [0.16] | -0.002450055658687342
-0.48366856575012207 | [0.16] | -0.0024420306845925684
-0.4829334616661072 | [0.16] | -0.0024326711647629255
-0.48226863145828247 | [0.16] | -0.0024220415001726093
-0.4816795587539673 | [0.16] | -0.0024102163959464525
-0.4811711609363556 | [0.15] | -0.002397280481701956
-0.48074787855148315 | [0.15] | -0.002383327013058722
-0.4804135262966156 | [0.15] | -0.002368457502454669
-0.4801712930202484 | [0.15] | -0.0023527806412836695
-0.4800237715244293 | [0.15] | -0.0023364111330720825
-0.47997286915779114 | [0.15] | -0.0023194689771126606
-0.48001977801322937 | [0.15] | -0.0023020784397064864
-0.4801650047302246 | [0.15] | -0.002284366851575297
-0.48040834069252014 | [0.15] | -0.002266463656667434
-0.48074889183044434 | [0.15] | -0.0022484992821417693
-0.4811849892139435 | [0.15] | -0.002230604446870722
-0.48171430826187134 | [0.15] | -0.002212908784470255
-0.48233380913734436 | [0.15] | -0.002195540195925948
-0.4830397367477417 | [0.15] | -0.0021786239976782683
-0.48382771015167236 | [0.15] | -0.0021622818656355947
-0.48469269275665283 | [0.15] | -0.0021466312846312274
-0.48562902212142944 | [0.15] | -0.002131784802891536
-0.48663049936294556 | [0.15] | -0.0021178492298682874
-0.48769038915634155 | [0.15] | -0.0021049251854675165
-0.4888014495372772 | [0.14] | -0.002093106660345355
-0.48995599150657654 | [0.14] | -0.002082480394077976
-0.4911459684371948 | [0.14] | -0.0020731254637501684
-0.49236297607421875 | [0.14] | -0.0020651129944513715
-0.4935983717441559 | [0.14] | -0.002058505691173988
-0.4948432445526123 | [0.14] | -0.002053357816924085
-0.49608856439590454 | [0.14] | -0.0020497146643003966
-0.49732524156570435 | [0.14] | -0.0020476123404396013
-0.4985441267490387 | [0.14] | -0.002047077788390989
-0.49973613023757935 | [0.14] | -0.0020481284104007075
-0.5008922815322876 | [0.14] | -0.002050771915642341
-0.5020037889480591 | [0.14] | -0.002055006256389819
-0.5030621290206909 | [0.14] | -0.0020608193528643933
-0.5040590167045593 | [0.14] | -0.0020681893441939995
-0.5049867033958435 | [0.14] | -0.0020770836771724704
-0.5058376789093018 | [0.14] | -0.0020874603327797
-0.5066050887107849 | [0.14] | -0.002099266493925995
-0.507282555103302 | [0.15] | -0.0021124394272236903
-0.5078643560409546 | [0.15] | -0.0021269060828818702
-0.508345365524292 | [0.15] | -0.0021425836043386325
-0.5087211728096008 | [0.15] | -0.002159379207474035
-0.508988082408905 | [0.15] | -0.0021771905925923193
-0.5091432332992554 | [0.15] | -0.0021959059858822267
-0.5091844797134399 | [0.15] | -0.002215405109033944
-0.5091105103492737 | [0.15] | -0.0022355593157865035
-0.5089209079742432 | [0.15] | -0.002256232117787549
-0.508616030216217 | [0.15] | -0.002277280386828107
-0.5081971287727356 | [0.15] | -0.002298554784533883
-0.507666289806366 | [0.15] | -0.0023199009422786203
-0.5070264339447021 | [0.15] | -0.0023411605000981483
-0.506281316280365 | [0.15] | -0.002362172230132099
-0.5054354667663574 | [0.15] | -0.0023827734300819435
-0.5044942498207092 | [0.16] | -0.0024028009756684636
-0.5034636855125427 | [0.16] | -0.002422093259927589
-0.5023506283760071 | [0.16] | -0.00244049090974928
-0.5011624693870544 | [0.16] | -0.0024578392446327943
-0.49990731477737427 | [0.16] | -0.002473988894189995
-0.4985937476158142 | [0.16] | -0.002488798115953623
-0.4972309172153473 | [0.16] | -0.0025021336365631947
-0.4958283603191376 | [0.16] | -0.0025138726440282187
-0.49439603090286255 | [0.16] | -0.0025239037142045684
-0.4929441213607788 | [0.16] | -0.002532128570355448
-0.4914831221103668 | [0.16] | -0.002538462688630037
-0.4900236129760742 | [0.16] | -0.0025428368579626486
-0.4885762929916382 | [0.16] | -0.002545197663907306
-0.4871518611907959 | [0.16] | -0.0025455083322618297
-0.4857609272003174 | [0.16] | -0.0025437492904995702
-0.48441392183303833 | [0.16] | -0.0025399185131724845
-0.4831210672855377 | [0.16] | -0.0025340314787823635
-0.48189228773117065 | [0.16] | -0.0025261211176397912
-0.4807370603084564 | [0.16] | -0.0025162378366721696
-0.47966447472572327 | [0.16] | -0.002504448558048901
-0.47868308424949646 | [0.16] | -0.002490836321348336
-0.47780078649520874 | [0.16] | -0.002475499696233322
-0.4770248830318451 | [0.16] | -0.0024585512837536124
-0.4763619601726532 | [0.16] | -0.0024401168666657765
-0.47581782937049866 | [0.16] | -0.00242033417971144
-0.4753974676132202 | [0.15] | -0.0023993515487265903
-0.4751049876213074 | [0.15] | -0.0023773264184330056
-0.4749436676502228 | [0.15] | -0.002354423641706866
-0.4749158024787903 | [0.15] | -0.002330814385948751
-0.4750227630138397 | [0.15] | -0.002306674267824466
-0.47526493668556213 | [0.15] | -0.002282181982951198
-0.47564172744750977 | [0.15] | -0.002257517747120238
-0.47615158557891846 | [0.15] | -0.0022328617468934573
-0.47679194808006287 | [0.15] | -0.002208392950639287
-0.47755929827690125 | [0.15] | -0.0021842876371192354
-0.47844916582107544 | [0.15] | -0.002160718210417644
-0.4794561266899109 | [0.15] | -0.0021378521586965303
-0.4805738925933838 | [0.15] | -0.0021158508461517657
-0.4817952513694763 | [0.14] | -0.0020948688863469123
-0.4831122159957886 | [0.14] | -0.002075052954093286
-0.4845159947872162 | [0.14] | -0.002056541390262576
-0.48599711060523987 | [0.14] | -0.0020394633280343155
-0.4875454306602478 | [0.14] | -0.002023938365577468
-0.4891502261161804 | [0.14] | -0.002010076052157591
-0.49080026149749756 | [0.14] | -0.001997975537625774
-0.49248385429382324 | [0.14] | -0.0019877253018963804
-0.49418899416923523 | [0.14] | -0.001979402729698547
-0.4959034025669098 | [0.14] | -0.001973074056182427
-0.4976145625114441 | [0.14] | -0.0019687943105523797
-0.4993099570274353 | [0.14] | -0.0019666066108315577
-0.5009769797325134 | [0.14] | -0.0019665426600965507
-0.5026031732559204 | [0.14] | -0.0019686220025218536
-0.5041763186454773 | [0.14] | -0.0019728519175266036
-0.5056843161582947 | [0.14] | -0.0019792279055812394
-0.5071156024932861 | [0.14] | -0.0019877323489940917
-0.5084589719772339 | [0.14] | -0.001998335250397038
-0.5097038149833679 | [0.14] | -0.002010993449085752
-0.510840117931366 | [0.14] | -0.002025650739055093
-0.5118585824966431 | [0.14] | -0.0020422375141963918
-0.5127507448196411 | [0.14] | -0.0020606704908320596
-0.5135089159011841 | [0.14] | -0.0020808530336448483
-0.5141263604164124 | [0.15] | -0.0021026747110876884
-0.5145973563194275 | [0.15] | -0.0021260113586477913
-0.5149171352386475 | [0.15] | -0.002150725620418114
-0.515082061290741 | [0.15] | -0.002176666733489581
-0.5150895118713379 | [0.15] | -0.002203671492513888
-0.5149381160736084 | [0.15] | -0.002231564093641467
-0.5146275758743286 | [0.15] | -0.002260157621064928
-0.5141588449478149 | [0.15] | -0.002289254381076846
-0.5135339498519897 | [0.15] | -0.002318647675392018
-0.5127561092376709 | [0.15] | -0.002348122648696485
-0.5118297338485718 | [0.15] | -0.00237745773873446
-0.5107603073120117 | [0.16] | -0.002406426767358503
-0.5095544457435608 | [0.16] | -0.002434800437658875
-0.508219838142395 | [0.16] | -0.0024623484267728498
-0.5067651867866516 | [0.16] | -0.0024888416381937716
-0.5052000880241394 | [0.16] | -0.0025140546501243224
-0.5035350322723389 | [0.16] | -0.0025377677851810615
-0.5017814040184021 | [0.16] | -0.0025597691999244294
-0.4999513328075409 | [0.16] | -0.002579857666736214
-0.4980575144290924 | [0.16] | -0.0025978451556727617
-0.49611330032348633 | [0.16] | -0.002613558413388624
-0.49413251876831055 | [0.16] | -0.002626841470493203
-0.4921293258666992 | [0.16] | -0.0026375578390504264
-0.49011820554733276 | [0.16] | -0.0026455917154178435
-0.48811376094818115 | [0.16] | -0.002650850154454042
-0.4861307442188263 | [0.16] | -0.0026532636900040286
-0.48418381810188293 | [0.16] | -0.00265278783991684
-0.4822874963283539 | [0.16] | -0.0026494036315714096
-0.48045605421066284 | [0.16] | -0.002643117881090309
-0.47870343923568726 | [0.16] | -0.002633963190521572
-0.4770430624485016 | [0.16] | -0.0026219980051677408
-0.4754878282546997 | [0.16] | -0.0026073054866318657
-0.47404998540878296 | [0.16] | -0.0025899928968044043
-0.4727409780025482 | [0.16] | -0.0025701904851776385
-0.4715714454650879 | [0.16] | -0.002548049706478438
-0.47055110335350037 | [0.16] | -0.0025237416783628532
-0.46968865394592285 | [0.16] | -0.002497455335380222
-0.4689916968345642 | [0.16] | -0.0024693953622077092
-0.46846675872802734 | [0.16] | -0.002439779672190386
-0.46811914443969727 | [0.16] | -0.002408837502587687
-0.4679529070854187 | [0.15] | -0.0023768069830504123
-0.4679708182811737 | [0.15] | -0.0023439327093507886
-0.4681743383407593 | [0.15] | -0.0023104634254963933
-0.46856364607810974 | [0.15] | -0.0022766495832198183
-0.4691375195980072 | [0.15] | -0.0022427415605332716
-0.4698933959007263 | [0.15] | -0.0022089873292781468
-0.4708273708820343 | [0.15] | -0.0021756305489992254
-0.4719342291355133 | [0.15] | -0.002142908786818541
-0.4732074439525604 | [0.15] | -0.0021110520262414756
-0.4746392071247101 | [0.14] | -0.0020802812585047226
-0.4762205183506012 | [0.14] | -0.0020508071582029243
-0.4779411554336548 | [0.14] | -0.0020228293361601577
-0.4797898232936859 | [0.14] | -0.0019965352061578905
-0.4817541539669037 | [0.14] | -0.001972099570128624
-0.4838208556175232 | [0.14] | -0.001949683924936999
-0.4859757423400879 | [0.14] | -0.0019294362594297232
-0.48820382356643677 | [0.14] | -0.0019114908917367798
-0.49048948287963867 | [0.14] | -0.0018959680630514669
-0.4928165376186371 | [0.14] | -0.0018829740892418352
-0.4951682984828949 | [0.14] | -0.001872601450684201
-0.49752774834632874 | [0.14] | -0.0018649286813149327
-0.4998776912689209 | [0.14] | -0.0018600201723040764
-0.5022008419036865 | [0.14] | -0.001857926378543495
-0.5044798851013184 | [0.14] | -0.0018586839103134228
-0.5066977143287659 | [0.14] | -0.001862314957787714
-0.5088375806808472 | [0.14] | -0.0018688271666415287
-0.5108830332756042 | [0.14] | -0.0018782138031562209
-0.5128182768821716 | [0.14] | -0.0018904526445250765
-0.5146281123161316 | [0.14] | -0.001905506213486759
-0.5162981748580933 | [0.14] | -0.0019233207484656443
-0.5178149342536926 | [0.14] | -0.001943826068868329
-0.5191659331321716 | [0.14] | -0.0019669345278969202
-0.520339846611023 | [0.14] | -0.0019925406297281083
-0.52132648229599 | [0.14] | -0.0020205208273628757
-0.5221168994903564 | [0.14] | -0.0020507328773695594
-0.5227036476135254 | [0.14] | -0.002083014966482624
-0.523080587387085 | [0.15] | -0.002117186428388725
-0.5232431888580322 | [0.15] | -0.0021530468884541644
-0.5231883525848389 | [0.15] | -0.002190377321781408
-0.5229145884513855 | [0.15] | -0.0022289400174617608
-0.5224220156669617 | [0.15] | -0.0022684794971551295
-0.5217123627662659 | [0.15] | -0.002308723686871786
-0.5207889080047607 | [0.15] | -0.002349385568924175
-0.5196565985679626 | [0.15] | -0.002390164506776882
-0.5183219909667969 | [0.16] | -0.0024307486060625386
-0.5167930722236633 | [0.16] | -0.002470817692467074
-0.5150794386863708 | [0.16] | -0.002510045246920879
-0.5131920576095581 | [0.16] | -0.0025481022339903106
-0.5111432671546936 | [0.16] | -0.002584660175179777
-0.5089467167854309 | [0.16] | -0.002619394578507301
-0.5066172480583191 | [0.16] | -0.0026519888074084015
-0.5041707754135132 | [0.16] | -0.0026821379204985916
-0.5016242861747742 | [0.16] | -0.002709551990666637
-0.4989955723285675 | [0.17] | -0.002733960516275497
-0.4963032007217407 | [0.17] | -0.0027551156644888167
-0.4935663342475891 | [0.17] | -0.0027727957733617668
-0.49080464243888855 | [0.17] | -0.00278680831991717
-0.4880380928516388 | [0.17] | -0.0027969929496853645
-0.4852868914604187 | [0.17] | -0.0028032234913877127
-0.48257124423980713 | [0.17] | -0.002805410233701818
-0.47991129755973816 | [0.17] | -0.002803500919112908
-0.477326899766922 | [0.17] | -0.002797482077219394
-0.4748375415802002 | [0.17] | -0.00278737889600869
-0.47246217727661133 | [0.17] | -0.0027732552110561245
-0.47021904587745667 | [0.17] | -0.0027552128983698468
-0.4681255519390106 | [0.17] | -0.0027333903515556674
-0.466198205947876 | [0.16] | -0.0027079605878235625
-0.4644523859024048 | [0.16] | -0.0026791293961862493
-0.46290233731269836 | [0.16] | -0.0026471322346364756
-0.4615609347820282 | [0.16] | -0.0026122318034640397
-0.4604397118091583 | [0.16] | -0.002574714177059878
-0.4595486521720886 | [0.16] | -0.00253488591764899
-0.4588961899280548 | [0.16] | -0.00249307000943382
-0.4584891200065613 | [0.16] | -0.002449602300832286
-0.45833250880241394 | [0.16] | -0.002404827907853956
-0.4584296643733978 | [0.15] | -0.0023590974384789963
-0.4587820768356323 | [0.15] | -0.0023127635186515716
-0.45938944816589355 | [0.15] | -0.002266177217890082
-0.4602496027946472 | [0.15] | -0.0022196851353230296
-0.46135854721069336 | [0.15] | -0.002173626299705709
-0.462710440158844 | [0.15] | -0.0021283296283280627
-0.4642976224422455 | [0.14] | -0.002084111670517542
-0.4661106765270233 | [0.14] | -0.002041274522563539
-0.4681384563446045 | [0.14] | -0.0020001042950849217
-0.4703681468963623 | [0.14] | -0.001960869883906093
-0.4727853238582611 | [0.14] | -0.001923822061640405
-0.4753740727901459 | [0.14] | -0.0018891927876735167
-0.47811707854270935 | [0.14] | -0.0018571949802693903
-0.48099571466445923 | [0.14] | -0.001828022534227365
-0.4839901924133301 | [0.13] | -0.001801850418692351
-0.4870796799659729 | [0.13] | -0.0017788351404667954
-0.49024245142936707 | [0.13] | -0.0017591152249332117
-0.49345603585243225 | [0.13] | -0.0017428118289154833
-0.4966973662376404 | [0.13] | -0.0017300293002056864
-0.49994292855262756 | [0.13] | -0.0017208558945835475
-0.5031690001487732 | [0.13] | -0.0017153639187603748
-0.5063517093658447 | [0.13] | -0.0017136105450835347
-0.509467363357544 | [0.13] | -0.0017156374327907693
-0.5124925374984741 | [0.13] | -0.0017214710095823486
-0.5154041647911072 | [0.13] | -0.0017311224779133713
-0.5181798934936523 | [0.13] | -0.0017445866869924707
-0.5207981467247009 | [0.13] | -0.0017618417441606434
-0.5232383012771606 | [0.13] | -0.0017828480785716362
-0.5254808664321899 | [0.13] | -0.0018075471553451645
-0.5275076627731323 | [0.14] | -0.001835860060251407
-0.5293018817901611 | [0.14] | -0.0018676863379440485
-0.5308483242988586 | [0.14] | -0.0019029021851114205
-0.5321335196495056 | [0.14] | -0.0019413590002226738
-0.5331456661224365 | [0.14] | -0.0019828824685949203
-0.533875048160553 | [0.14] | -0.0020272703342753304
-0.5343137979507446 | [0.14] | -0.0020742924502815275
-0.5344561338424683 | [0.15] | -0.002123689487075274
-0.5342984795570374 | [0.15] | -0.0021751724386807262
-0.5338393449783325 | [0.15] | -0.0022284233390592913
-0.5330795049667358 | [0.15] | -0.002283095361949252
-0.5320219397544861 | [0.15] | -0.002338814362534475
-0.5306717753410339 | [0.15] | -0.002395180861692764
-0.5290364027023315 | [0.16] | -0.0024517720078259435
-0.5271254181861877 | [0.16] | -0.0025081448145328096
-0.5249504446983337 | [0.16] | -0.0025638404107840036
-0.5225251317024231 | [0.16] | -0.0026183880635375473
-0.5198651552200317 | [0.16] | -0.002671309765655579
-0.5169879794120789 | [0.16] | -0.002722126094713416
-0.5139129161834717 | [0.17] | -0.002770361395504806
-0.5106608271598816 | [0.17] | -0.002815550527336847
-0.5072540640830994 | [0.17] | -0.0028572447635577727
-0.5037162899971008 | [0.17] | -0.0028950180899824356
-0.5000723004341125 | [0.17] | -0.002928473550057653
-0.49634793400764465 | [0.17] | -0.002957248761988801
-0.49256977438926697 | [0.17] | -0.0029810219754230357
-0.48876500129699707 | [0.17] | -0.00299951702440704
-0.48496124148368835 | [0.17] | -0.0030125074361354934
-0.48118624091148376 | [0.17] | -0.0030198207449084555
-0.4774678349494934 | [0.17] | -0.0030213405351351714
-0.4738335609436035 | [0.17] | -0.003017009270379998
-0.47031059861183167 | [0.17] | -0.0030068286430651034
-0.4669255018234253 | [0.17] | -0.002990859895658592
-0.463703989982605 | [0.17] | -0.0029692231293665296
-0.4606707990169525 | [0.17] | -0.0029420951500570983
-0.45784950256347656 | [0.17] | -0.0029097069453803
-0.4552622437477112 | [0.17] | -0.002872340528085979
-0.45292970538139343 | [0.17] | -0.002830324280135327
-0.4508708715438843 | [0.17] | -0.002784028499131092
-0.44910290837287903 | [0.17] | -0.0027338600894468283
-0.4476410150527954 | [0.16] | -0.002680257047420795
-0.446498304605484 | [0.16] | -0.0026236825736588704
-0.4456857442855835 | [0.16] | -0.0025646188519472136
-0.4452120065689087 | [0.16] | -0.0025035613617675517
-0.4450834393501282 | [0.16] | -0.002441012709494938
-0.44530394673347473 | [0.15] | -0.0023774771543056705
-0.44587498903274536 | [0.15] | -0.0023134549669686258
-0.4467955529689789 | [0.15] | -0.00224943739852596
-0.44806206226348877 | [0.15] | -0.0021859023325724765
-0.4496684968471527 | [0.15] | -0.002123309752414985
-0.45160630345344543 | [0.14] | -0.002062098642624734
-0.4538644552230835 | [0.14] | -0.0020026839050020805
-0.45642954111099243 | [0.14] | -0.0019454540093659873
-0.45928576588630676 | [0.14] | -0.001890769512360005
-0.46241509914398193 | [0.14] | -0.0018389618116181291
-0.4657973349094391 | [0.13] | -0.0017903329708090412
-0.4694102108478546 | [0.13] | -0.0017451558162607475
-0.4732295572757721 | [0.13] | -0.0017036745592765954
-0.47722944617271423 | [0.13] | -0.0016661060250204376
-0.4813823699951172 | [0.13] | -0.0016326411102448816
-0.4856593906879425 | [0.13] | -0.0016034467050674026
-0.4900304079055786 | [0.13] | -0.0015786673472724501
-0.49446430802345276 | [0.12] | -0.0015584275177863347
-0.4989291727542877 | [0.12] | -0.0015428336197141877
-0.5033925771713257 | [0.12] | -0.001531975537177926
-0.507821798324585 | [0.12] | -0.0015259282855965787
-0.5121839642524719 | [0.12] | -0.0015247534850933364
-0.5164465308189392 | [0.12] | -0.0015284992049742774
-0.5205773115158081 | [0.12] | -0.0015372010846462598
-0.5245447754859924 | [0.12] | -0.001550881583074536
-0.5283182859420776 | [0.13] | -0.001569549048849323
-0.5318685173988342 | [0.13] | -0.0015931958921061263
-0.535167396068573 | [0.13] | -0.001621797239310436
-0.5381885170936584 | [0.13] | -0.0016553078553103373
-0.5409072637557983 | [0.13] | -0.0016936595374033182
-0.5433010458946228 | [0.13] | -0.0017367576719794183
-0.5453494191169739 | [0.13] | -0.0017844779715254725
-0.5470344424247742 | [0.14] | -0.001836662387752596
-0.5483405590057373 | [0.14] | -0.001893116566487752
-0.5492548942565918 | [0.14] | -0.0019536060079351296
-0.5497673153877258 | [0.14] | -0.0020178533707145107
-0.5498706102371216 | [0.14] | -0.0020855358350984786
-0.5495604276657104 | [0.15] | -0.0021562838671937558
-0.5488354563713074 | [0.15] | -0.0022296798515412677
-0.5476974248886108 | [0.15] | -0.0023052582685103686
-0.5461511015892029 | [0.15] | -0.0023825067210988607
-0.5442042350769043 | [0.16] | -0.002460868324156429
-0.5418676137924194 | [0.16] | -0.002539744574963627
-0.5391549468040466 | [0.16] | -0.002618500246822397
-0.536082923412323 | [0.16] | -0.002696468495418763
-0.5326710343360901 | [0.17] | -0.002772958156580868
-0.52894127368927 | [0.17] | -0.002847262324652496
-0.5249183773994446 | [0.17] | -0.0029186656937593486
-0.5206292867660522 | [0.17] | -0.0029864559891434627
-0.5161032676696777 | [0.17] | -0.003049932697361194
-0.5113714933395386 | [0.18] | -0.003108418919587356
-0.5064669251441956 | [0.18] | -0.003161271520975239
-0.5014241337776184 | [0.18] | -0.003207891498941751
-0.49627885222435 | [0.18] | -0.003247735239937748
-0.49106791615486145 | [0.18] | -0.0032803228584359616
-0.4858289062976837 | [0.18] | -0.0033052470960248897
-0.48059985041618347 | [0.18] | -0.0033221807535897467
-0.47541898488998413 | [0.18] | -0.003330882576095852
-0.47032445669174194 | [0.18] | -0.003331201391773233
-0.4653540253639221 | [0.18] | -0.0033230789758166186
-0.46054476499557495 | [0.18] | -0.0033065510818582056
-0.4559328258037567 | [0.18] | -0.0032817466922781917
-0.4515531659126282 | [0.18] | -0.003248885337883157
-0.4474392831325531 | [0.18] | -0.0032082735079006688
-0.44362297654151917 | [0.18] | -0.003160298902189654
-0.44013407826423645 | [0.18] | -0.0031054242172295745
-0.4370003342628479 | [0.17] | -0.0030441788037183677
-0.43424707651138306 | [0.17] | -0.002977150682585359
-0.4318971335887909 | [0.17] | -0.002904976879532092
-0.4299706518650055 | [0.17] | -0.002828333780270495
-0.4284849166870117 | [0.17] | -0.002747927447424544
-0.42745423316955566 | [0.16] | -0.002664483557612266
-0.4268898367881775 | [0.16] | -0.002578737604726741
-0.4267997443675995 | [0.16] | -0.00249142571876775
-0.4271887242794037 | [0.16] | -0.0024032755291133055
-0.4280582070350647 | [0.15] | -0.002314998003099771
-0.4294062554836273 | [0.15] | -0.0022272798890578234
-0.43122750520706177 | [0.15] | -0.0021407771501396663
-0.43351325392723083 | [0.14] | -0.002056108920520487
-0.43625134229660034 | [0.14] | -0.0019738533059435164
-0.43942633271217346 | [0.14] | -0.001894543270419773
-0.44301947951316833 | [0.13] | -0.0018186645323353947
-0.44700878858566284 | [0.13] | -0.0017466541047433009
-0.4513692557811737 | [0.13] | -0.001678899909063382
-0.4560728669166565 | [0.13] | -0.001615741891317424
-0.46108877658843994 | [0.12] | -0.0015574737867471145
-0.46638357639312744 | [0.12] | -0.0015043460262535665
-0.4719214141368866 | [0.12] | -0.0014565693075106374
-0.4776642322540283 | [0.12] | -0.001414319146190865
-0.4835720956325531 | [0.12] | -0.0013777401783694396
-0.4896033704280853 | [0.12] | -0.0013469518075042088
-0.49571508169174194 | [0.11] | -0.0013220526946510032
-0.5018631815910339 | [0.11] | -0.0013031260321449542
-0.5080029964447021 | [0.11] | -0.0012902433554434149
-0.5140893459320068 | [0.11] | -0.0012834691575343594
-0.5200770497322083 | [0.11] | -0.001282863134305208
-0.5259212851524353 | [0.11] | -0.0012884820892650913
-0.5315778255462646 | [0.11] | -0.0013003809728397867
-0.5370034575462341 | [0.11] | -0.0013186121217702176
-0.5421563386917114 | [0.12] | -0.0013432235871406047
-0.5469962954521179 | [0.12] | -0.0013742561670251072
-0.5514850616455078 | [0.12] | -0.0014117394371310358
-0.5555866956710815 | [0.12] | -0.0014556862483802464
-0.5592678189277649 | [0.12] | -0.0015060866525600201
-0.5624978542327881 | [0.13] | -0.0015629012837642443
-0.5652492642402649 | [0.13] | -0.0016260539704161118
-0.5674978494644165 | [0.13] | -0.001695423916520299
-0.5692228078842163 | [0.13] | -0.0017708385288714877
-0.5704070329666138 | [0.14] | -0.0018520657695317725
-0.571037232875824 | [0.14] | -0.0019388074345391118
-0.5711039900779724 | [0.14] | -0.0020306934360259546
-0.5706019401550293 | [0.15] | -0.0021272766725312585
-0.5695297122001648 | [0.15] | -0.002228029951181135
-0.5678902268409729 | [0.15] | -0.0023323431757221115
-0.5656904578208923 | [0.16] | -0.002439524251293207
-0.5629415512084961 | [0.16] | -0.0025488004844705908
-0.5596587657928467 | [0.16] | -0.0026593227903833976
-0.5558614134788513 | [0.17] | -0.002770171923157476
-0.551572859287262 | [0.17] | -0.002880366970646822
-0.5468201637268066 | [0.17] | -0.0029888768677087466
-0.5416340827941895 | [0.18] | -0.0030946332232437202
-0.536048948764801 | [0.18] | -0.0031965445188272337
-0.5301023125648499 | [0.18] | -0.0032935140175924037
-0.5238346457481384 | [0.18] | -0.0033844572188596912
-0.5172892808914185 | [0.19] | -0.003468320298903556
-0.5105118751525879 | [0.19] | -0.003544099959248231
-0.5035502314567566 | [0.19] | -0.0036108617029779033
-0.49645379185676575 | [0.19] | -0.003667758537705018
-0.48927345871925354 | [0.19] | -0.0037140471212397936
-0.4820610284805298 | [0.19] | -0.003749103335299375
-0.47486889362335205 | [0.19] | -0.003772434309350792
-0.46774956583976746 | [0.19] | -0.0037836886955853813
-0.4607553780078888 | [0.19] | -0.0037826627253513476
-0.45393800735473633 | [0.19] | -0.0037693046216258582
-0.44734808802604675 | [0.19] | -0.0037437144494546176
-0.44103482365608215 | [0.19] | -0.0037061415289675833
-0.4350457191467285 | [0.19] | -0.003656978187389277
-0.4294261336326599 | [0.19] | -0.0035967518770043307
-0.424219012260437 | [0.19] | -0.0035261136549034353
-0.4194645583629608 | [0.19] | -0.0034458257498001807
-0.41520002484321594 | [0.18] | -0.0033567467860514816
-0.41145941615104675 | [0.18] | -0.0032598164743625107
-0.40827324986457825 | [0.18] | -0.003156039261010984
-0.40566837787628174 | [0.17] | -0.0030464678450562513
-0.4036678373813629 | [0.17] | -0.002932186343763713
-0.4022906422615051 | [0.17] | -0.002814294445839669
-0.4015516936779022 | [0.16] | -0.0026938916717721365
-0.40146157145500183 | [0.16] | -0.0025720628902263162
-0.40202656388282776 | [0.16] | -0.0024498641646936337
-0.40324848890304565 | [0.15] | -0.0023283106244794648
-0.4051246643066406 | [0.15] | -0.002208365167130904
-0.40764790773391724 | [0.14] | -0.0020909285848490417
-0.41080644726753235 | [0.14] | -0.0019768317140914783
-0.4145839810371399 | [0.14] | -0.001866828770964029
-0.41895967721939087 | [0.13] | -0.0017615928445676604
-0.4239082634449005 | [0.13] | -0.001661713045176031
-0.4294000566005707 | [0.13] | -0.001567693957555762
-0.43540117144584656 | [0.12] | -0.001479956432174362
-0.44187358021736145 | [0.12] | -0.0013988411952553285
-0.44877541065216064 | [0.12] | -0.0013246138406890328
-0.45606106519699097 | [0.11] | -0.0012574718253195484
-0.4636816084384918 | [0.11] | -0.0011975528649808736
-0.4715849459171295 | [0.11] | -0.0011449450435657951
-0.47971630096435547 | [0.1] | -0.0010996973722554595
-0.48801854252815247 | [0.1] | -0.001061831186062698
-0.4964325428009033 | [0.1] | -0.0010313516476627722
-0.5048977136611938 | [0.1] | -0.0010082584925108745
-0.5133524537086487 | [0.1] | -0.0009925562343854409
-0.5217345952987671 | [0.1] | -0.0009842626325085554
-0.5299819111824036 | [0.1] | -0.0009834156828072685
-0.538032591342926 | [0.1] | -0.0009900778449806978
-0.5458258390426636 | [0.1] | -0.0010043382823582215
-0.5533021688461304 | [0.1] | -0.001026312686152827
-0.5604040622711182 | [0.1] | -0.0010561398140813574
-0.5670763254165649 | [0.1] | -0.001093975910231143
-0.5732665061950684 | [0.11] | -0.0011399867733219047
-0.5789254307746887 | [0.11] | -0.0011943371256464008
-0.5840073823928833 | [0.11] | -0.001257179056688911
-0.5884705781936646 | [0.12] | -0.001328638183364413
-0.5922773480415344 | [0.12] | -0.001408799364599663
-0.5953946709632874 | [0.12] | -0.0014976907500658776
-0.5977941155433655 | [0.13] | -0.0015952692643379813
-0.5994521975517273 | [0.13] | -0.0017014050478394334
-0.6003506183624268 | [0.13] | -0.0018158668966409407
-0.6004763245582581 | [0.14] | -0.0019383093083003957
-0.5998217463493347 | [0.14] | -0.002068260521744643
-0.5983847379684448 | [0.15] | -0.002205113559133722
-0.5961687564849854 | [0.15] | -0.0023481188696840172
-0.5931829214096069 | [0.16] | -0.0024963804015030178
-0.5894420146942139 | [0.16] | -0.002648855156507323
-0.5849663615226746 | [0.17] | -0.002804357062459316
-0.5797818303108215 | [0.17] | -0.002961564185484386
-0.5739198327064514 | [0.18] | -0.0031190302617615235
-0.5674169063568115 | [0.18] | -0.0032752025392633285
-0.5603148341178894 | [0.19] | -0.0034284411931921124
-0.5526602268218994 | [0.19] | -0.0035770452192915776
-0.5445042252540588 | [0.19] | -0.0037192816502018278
-0.5359022617340088 | [0.2] | -0.003853416538428864
-0.526913583278656 | [0.2] | -0.003977750096021428
-0.5176008939743042 | [0.2] | -0.004090651450320273
-0.5080298185348511 | [0.2] | -0.004190594129059823
-0.49826836585998535 | [0.21] | -0.004276190504686614
-0.4883865416049957 | [0.21] | -0.0043462225451143385
-0.4784556031227112 | [0.21] | -0.004399670271554085
-0.4685475826263428 | [0.21] | -0.004435734783956803
-0.4587346315383911 | [0.21] | -0.004453855884734203
-0.44908854365348816 | [0.21] | -0.004453723192364714
-0.4396800696849823 | [0.21] | -0.004435281145472907
-0.43057847023010254 | [0.21] | -0.004398727491816727
-0.42185091972351074 | [0.21] | -0.0043445060595405155
-0.41356202960014343 | [0.21] | -0.004273292719663574
-0.405773401260376 | [0.2] | -0.0041859779338006015
-0.3985432982444763 | [0.2] | -0.004083644440481829
-0.3919261395931244 | [0.2] | -0.00396754246848511
-0.385972261428833 | [0.2] | -0.0038390627878278905
-0.3807275891304016 | [0.19] | -0.003699708558038395
-0.37623342871665955 | [0.19] | -0.003551066890275001
-0.3725261986255646 | [0.18] | -0.0033947810452442
-0.36963725090026855 | [0.18] | -0.0032325235207975134
-0.3675926923751831 | [0.18] | -0.0030659703801360575
-0.36641329526901245 | [0.17] | -0.0028967770676060767
-0.3661142885684967 | [0.17] | -0.0027265564905790862
-0.3667052686214447 | [0.16] | -0.0025568585742157778
-0.36819013953208923 | [0.15] | -0.0023891517562364263
-0.3705669343471527 | [0.15] | -0.002224806926672767
-0.37382784485816956 | [0.14] | -0.002065082701516409
-0.37795907258987427 | [0.14] | -0.0019111135707299842
-0.38294079899787903 | [0.13] | -0.0017639000471169647
-0.3887472152709961 | [0.13] | -0.0016243011105285907
-0.3953464925289154 | [0.12] | -0.001493029951394465
-0.402700811624527 | [0.12] | -0.001370652789865164
-0.41076651215553284 | [0.11] | -0.0012575905569684473
-0.4194941520690918 | [0.11] | -0.0011541249692852546
-0.42882880568504333 | [0.1] | -0.0010604076357482817
-0.4387102425098419 | [0.1] | -0.0009764733039002364
-0.44907325506210327 | [0.09] | -0.0009022568485024754
-0.4598480761051178 | [0.09] | -0.0008376127693068817
-0.4709608554840088 | [0.09] | -0.0007823378490399218
-0.48233410716056824 | [0.09] | -0.0007361950699657762
-0.493887335062027 | [0.08] | -0.0006989383668145981
-0.5055376887321472 | [0.08] | -0.000670336894128621
-0.5172006487846375 | [0.08] | -0.0006501977815401997
-0.5287906527519226 | [0.08] | -0.0006383860262100167
-0.5402218699455261 | [0.08] | -0.0006348408254599655
-0.5514089465141296 | [0.08] | -0.000639587034464787
-0.5622677206993103 | [0.08] | -0.00065274157891679
-0.5727159380912781 | [0.08] | -0.0006745144116400318
-0.5826739072799683 | [0.08] | -0.0007052040088345245
-0.592065155506134 | [0.09] | -0.0007451873364340862
-0.6008170247077942 | [0.09] | -0.0007949051988849513
-0.6088612079620361 | [0.09] | -0.0008548433790870171
-0.6161341667175293 | [0.1] | -0.0009255100068616389
-0.6225776672363281 | [0.1] | -0.0010074104468256536
-0.6281391382217407 | [0.1] | -0.0011010199496994473
-0.6327719688415527 | [0.11] | -0.0012067555505438355
-0.6364357471466064 | [0.12] | -0.001324947128439748
-0.6390966773033142 | [0.12] | -0.0014558083172426326
-0.6407276391983032 | [0.13] | -0.0015994086563550997
-0.6413083672523499 | [0.13] | -0.0017556468831265528
-0.6408257484436035 | [0.14] | -0.001924225499970636
-0.6392738819122314 | [0.15] | -0.0021046286258811684
-0.6366541385650635 | [0.15] | -0.0022961029755000028
-0.6329753994941711 | [0.16] | -0.0024976423951807284
-0.6282538771629333 | [0.16] | -0.0027079785886950196
-0.622513473033905 | [0.17] | -0.002925575844072245
-0.6157854795455933 | [0.18] | -0.0031486352274592284
-0.6081086993217468 | [0.18] | -0.003375104675928246
-0.5995292663574219 | [0.19] | -0.0036026986876333492
-0.5901005864143372 | [0.2] | -0.0038289269827338998
-0.5798829197883606 | [0.2] | -0.004051133244108122
-0.568943202495575 | [0.21] | -0.004266541106953267
-0.5573546290397644 | [0.21] | -0.004472310147404581
-0.5451960563659668 | [0.22] | -0.004665598238432575
-0.532551646232605 | [0.22] | -0.004843627377344814
-0.5195099711418152 | [0.22] | -0.005003753508724803
-0.5061634182929993 | [0.23] | -0.0051435346744224415
-0.49260738492012024 | [0.23] | -0.005260795407042974
-0.478939414024353 | [0.23] | -0.005353685350278266
-0.46525830030441284 | [0.23] | -0.005420727793946051
-0.4516632854938507 | [0.23] | -0.00546085708677576
-0.4382530748844147 | [0.23] | -0.005473442126015787
-0.4251250624656677 | [0.23] | -0.005458296595934473
-0.41237446665763855 | [0.23] | -0.005415675845334722
-0.40009358525276184 | [0.23] | -0.005346258945316218
-0.3883711099624634 | [0.23] | -0.005251121248472964
-0.3772915303707123 | [0.23] | -0.005131695906427173
-0.36693453788757324 | [0.22] | -0.004989729618691623
-0.3573746979236603 | [0.22] | -0.004827232345185292
-0.34868094325065613 | [0.22] | -0.004646426635037575
-0.34091633558273315 | [0.21] | -0.004449695570060198
-0.334137886762619 | [0.21] | -0.004239532569545363
-0.3283962607383728 | [0.2] | -0.004018495145288351
-0.32373571395874023 | [0.19] | -0.0037891613804720975
-0.32019391655921936 | [0.19] | -0.0035540916249103835
-0.31780195236206055 | [0.18] | -0.003315793489178237
-0.31658411026000977 | [0.18] | -0.003076691884776533
-0.3165578842163086 | [0.17] | -0.0028391014669079486
-0.3177337944507599 | [0.16] | -0.0026052028556628167
-0.32011526823043823 | [0.15] | -0.0023770206350893805
-0.32369858026504517 | [0.15] | -0.0021564030213963403
-0.3284726142883301 | [0.14] | -0.0019450038615445365
-0.33441874384880066 | [0.13] | -0.001744265582196521
-0.3415106534957886 | [0.12] | -0.0015554045410752376
-0.3497142493724823 | [0.12] | -0.0013793984456714143
-0.3589874505996704 | [0.11] | -0.001216977637924808
-0.3692801892757416 | [0.1] | -0.001068620722948655
-0.3805343508720398 | [0.1] | -0.0009345558268569365
-0.39268383383750916 | [0.09] | -0.0008147687144066228
-0.40565475821495056 | [0.08] | -0.0007090183539839749
-0.41936561465263367 | [0.08] | -0.0006168614949215834
-0.4337277114391327 | [0.07] | -0.0005376850905556313
-0.4486457109451294 | [0.07] | -0.0004707463303448522
-0.46401822566986084 | [0.06] | -0.00041522004820046255
-0.4797385632991791 | [0.06] | -0.0003702499039456595
-0.4956956207752228 | [0.06] | -0.00033500270436102045
-0.5117748975753784 | [0.06] | -0.000308721056328892
-0.5278595089912415 | [0.05] | -0.00029077307501768204
-0.5438312888145447 | [0.05] | -0.00028069510736612773
-0.5595719218254089 | [0.05] | -0.0002782258114213645
-0.574964165687561 | [0.05] | -0.0002833282286202115
-0.5898928642272949 | [0.05] | -0.0002962011470665076
-0.6042459607124329 | [0.06] | -0.00031727724637153426
-0.6179156303405762 | [0.06] | -0.00034720940322838126
-0.6307989358901978 | [0.06] | -0.00038684727374044465
-0.6427987217903137 | [0.07] | -0.0004372042661139473
-0.6538242697715759 | [0.07] | -0.0004994180147977613
-0.6637917757034302 | [0.08] | -0.0005747063711732584
-0.6726248264312744 | [0.08] | -0.0006643198324439948
-0.6802548170089722 | [0.09] | -0.0007694928770207466
-0.6866210699081421 | [0.09] | -0.0008913951680789989
-0.6916711926460266 | [0.1] | -0.0010310827962343029
-0.6953611969947815 | [0.11] | -0.0011894506201051219
-0.6976556181907654 | [0.12] | -0.0013671856498087462
-0.6985277533531189 | [0.13] | -0.0015647213090229331
-0.6979596614837646 | [0.13] | -0.0017821934356753843
-0.6959424614906311 | [0.14] | -0.0020193971682269784
-0.6924763321876526 | [0.15] | -0.0022757471353136837
-0.6875708699226379 | [0.16] | -0.002550239876641496
-0.6812450289726257 | [0.17] | -0.002841423088630158
-0.6735275983810425 | [0.18] | -0.003147370003981464
-0.6644571423530579 | [0.19] | -0.003465666091105327
-0.654082179069519 | [0.19] | -0.003793407116101641
-0.6424612402915955 | [0.2] | -0.004127213707716232
-0.6296628713607788 | [0.21] | -0.004463263694740587
-0.6157654523849487 | [0.22] | -0.0047973460599447255
-0.6008570194244385 | [0.23] | -0.00512493525292116
-0.5850347280502319 | [0.23] | -0.005441288097663802
-0.5684043765068054 | [0.24] | -0.005741558461395894
-0.5510795712471008 | [0.25] | -0.006020928585025708
-0.533180832862854 | [0.25] | -0.006274750100082934
-0.5148345232009888 | [0.25] | -0.006498686194853571
-0.4961715340614319 | [0.26] | -0.006688852058964436
-0.47732609510421753 | [0.26] | -0.006841940000429362
-0.45843422412872314 | [0.26] | -0.006955323464316624
-0.439632385969162 | [0.27] | -0.007027136459950116
-0.42105603218078613 | [0.27] | -0.0070563188102646685
-0.40283820033073425 | [0.27] | -0.007042631165336583
-0.3851083219051361 | [0.26] | -0.00698663414316137
-0.36799103021621704 | [0.26] | -0.0068896402817012455
-0.3516051471233368 | [0.26] | -0.006753640442826819
-0.3360629081726074 | [0.26] | -0.006581210485353119
-0.32146933674812317 | [0.25] | -0.006375409739195358
-0.30792179703712463 | [0.25] | -0.006139671472680026
-0.2955096364021301 | [0.24] | -0.005877698082096892
-0.2843140661716461 | [0.24] | -0.005593361949378348
-0.27440816164016724 | [0.23] | -0.0052906163125424795
-0.26585689187049866 | [0.22] | -0.004973420498979987
-0.25871720910072327 | [0.22] | -0.004645678149665234
-0.2530382573604584 | [0.21] | -0.004311188573567155
-0.24886147677898407 | [0.2] | -0.003973609779369119
-0.24622072279453278 | [0.19] | -0.0036364313278977943
-0.2451423555612564 | [0.18] | -0.0033029538534268808
-0.24564523994922638 | [0.17] | -0.0029762724319597755
-0.24774067103862762 | [0.16] | -0.002659261782634736
-0.2514322102069855 | [0.15] | -0.0023545604569581466
-0.25671547651290894 | [0.14] | -0.002064552281594824
-0.26357772946357727 | [0.13] | -0.0017913443080638108
-0.2719975411891937 | [0.12] | -0.0015367406333084326
-0.28194427490234375 | [0.11] | -0.0013022131613822593
-0.2933776080608368 | [0.1] | -0.0010888703384472956
-0.3062470257282257 | [0.09] | -0.000897427254037522
-0.32049140334129333 | [0.09] | -0.0007281800096740872
-0.3360385596752167 | [0.08] | -0.0005809889612856159
-0.3528050184249878 | [0.07] | -0.0004552742808468116
-0.37069591879844666 | [0.06] | -0.000350029152048615
-0.3896050453186035 | [0.05] | -0.00026385280953156734
-0.40941521525382996 | [0.04] | -0.00019500579463764846
-0.42999887466430664 | [0.04] | -0.0001414878170236535
-0.45121893286705017 | [0.03] | -0.00010113552687923134
-0.47292986512184143 | [0.03] | -7.173586788055706e-05
-0.4949791729450226 | [0.02] | -5.114844378810772e-05
-0.5172089338302612 | [0.02] | -3.742826299478987e-05
-0.5394576191902161 | [0.02] | -2.8940421764113435e-05
-0.5615618824958801 | [0.02] | -2.4458029060704745e-05
-0.5833585858345032 | [0.02] | -2.323576967154353e-05
-0.6046866178512573 | [0.02] | -2.505490642598675e-05
-0.6253887414932251 | [0.02] | -3.023729232445325e-05
-0.6453131437301636 | [0.02] | -3.9629214597840626e-05
-0.6643149852752686 | [0.02] | -5.4558676964813804e-05
-0.6822574734687805 | [0.03] | -7.677179637560796e-05
-0.6990128755569458 | [0.03] | -0.00010835439707107829
-0.7144632339477539 | [0.04] | -0.00015164594089116603
-0.7285006046295166 | [0.05] | -0.00020915162302152313
-0.7410275936126709 | [0.05] | -0.0002834570894003956
-0.7519572377204895 | [0.06] | -0.0003771494130586308
-0.7612128853797913 | [0.07] | -0.0004927453144952582
-0.7687283158302307 | [0.08] | -0.0006326259710444588
-0.7744472026824951 | [0.09] | -0.000798978034548163
-0.7783232927322388 | [0.1] | -0.000993736860342763
-0.7803199887275696 | [0.11] | -0.0012185309954765235
-0.7804104685783386 | [0.12] | -0.0014746234666811043
-0.7785776853561401 | [0.13] | -0.0017628488815112004
-0.7748145461082458 | [0.14] | -0.0020835443592761584
-0.7691240906715393 | [0.16] | -0.0024364748780321735
-0.7615201473236084 | [0.17] | -0.002820752655006196
-0.7520275712013245 | [0.18] | -0.0032347572331892513
-0.7406829595565796 | [0.19] | -0.003676057642120057
-0.7275353074073792 | [0.2] | -0.0041413452431771774
-0.712646484375 | [0.22] | -0.00462638735933428
-0.6960920095443726 | [0.23] | -0.005126007164352601
-0.6779611706733704 | [0.24] | -0.005634105893476749
-0.6583575010299683 | [0.25] | -0.006143729072689497
-0.6373986601829529 | [0.26] | -0.006647187991557591
-0.615216076374054 | [0.27] | -0.007136239628324656
-0.5919542908668518 | [0.28] | -0.007602319792558879
-0.5677698254585266 | [0.28] | -0.008036825226451761
-0.5428298115730286 | [0.29] | -0.008431425151741502
-0.5173100829124451 | [0.3] | -0.008778387654969624
-0.4913930892944336 | [0.3] | -0.00907089495806252
-0.4652654826641083 | [0.31] | -0.00930332450480746
-0.43911564350128174 | [0.31] | -0.009471471377426054
-0.4131310284137726 | [0.31] | -0.009572694164111523
-0.3874957263469696 | [0.31] | -0.009605978191707361
-0.36238816380500793 | [0.31] | -0.009571906011947125
-0.3379790186882019 | [0.31] | -0.009472549678424057
-0.31442952156066895 | [0.31] | -0.009311291442319984
-0.29189014434814453 | [0.3] | -0.009092601325495291
-0.27049964666366577 | [0.3] | -0.008821782532836699
-0.250384658575058 | [0.29] | -0.008504713012554607
-0.23165948688983917 | [0.29] | -0.00814760019778124
-0.21442632377147675 | [0.28] | -0.0077567642577453695
-0.1987757384777069 | [0.27] | -0.007338455746361829
-0.184787318110466 | [0.26] | -0.006898718807883323
-0.17253050208091736 | [0.25] | -0.00644329517547916
-0.16206546127796173 | [0.24] | -0.005977567926630251
-0.15344397723674774 | [0.23] | -0.0055065398812973974
-0.14671027660369873 | [0.22] | -0.005034838966872733
-0.14190173149108887 | [0.21] | -0.004566742402966065
-0.13904951512813568 | [0.2] | -0.00410621352154004
-0.1381789594888687 | [0.19] | -0.0036569429888915574
-0.1393098086118698 | [0.18] | -0.003222387126226467
-0.14245621860027313 | [0.17] | -0.0028057985310405986
-0.14762651920318604 | [0.16] | -0.002410243301425384
-0.15482275187969208 | [0.14] | -0.002038600557700958
-0.1640399694442749 | [0.13] | -0.0016935420865100475
-0.17526531219482422 | [0.12] | -0.0013774890821792389
-0.18847692012786865 | [0.1] | -0.0010925475244647793
-0.20364263653755188 | [0.09] | -0.0008404232794277803
-0.2207186222076416 | [0.08] | -0.000622322006161883
-0.23964795470237732 | [0.07] | -0.00043884101022342853
-0.26035916805267334 | [0.05] | -0.00028986393588234527
-0.2827650308609009 | [0.04] | -0.00017446977342585625
-0.30676138401031494 | [0.03] | -9.087224801424676e-05
-0.3322265148162842 | [0.02] | -3.640332220899113e-05
-0.35902073979377747 | [0.01] | -7.5539862665830144e-06
-0.38698673248291016 | [-0.] | -8.125580919727693e-08
-0.415950208902359 | [-0.01] | -9.18390744301685e-06
-0.44572147727012634 | [-0.02] | -2.974077898021304e-05
-0.4760974049568176 | [-0.02] | -5.65967290804078e-05
-0.506864070892334 | [-0.03] | -8.487332215049144e-05
-0.5377998948097229 | [-0.03] | -0.0001102752998909226
-0.5686790347099304 | [-0.04] | -0.00012936236296212468
-0.5992750525474548 | [-0.04] | -0.0001397598861297577
-0.6293644309043884 | [-0.04] | -0.00014028729494549168
-0.6587300300598145 | [-0.04] | -0.000130996003731596
-0.6871639490127563 | [-0.03] | -0.00011311870857186088
-0.7144702076911926 | [-0.03] | -8.894343479778574e-05
-0.7404666543006897 | [-0.02] | -6.163271443724712e-05
-0.7649861574172974 | [-0.02] | -3.5012776958321874e-05
-0.7878774404525757 | [-0.01] | -1.335700384245356e-05
-0.8090052008628845 | [-0.] | -1.1844280669542199e-06
-0.8282496929168701 | [0.01] | -3.0879510832859672e-06
-0.8455060720443726 | [0.02] | -2.3600746010309453e-05
-0.860683262348175 | [0.03] | -6.710243372837507e-05
-0.8737028241157532 | [0.04] | -0.00013776171081118804
-0.8844977617263794 | [0.05] | -0.0002395081460957947
-0.893011212348938 | [0.06] | -0.0003760237241281565
-0.8991954326629639 | [0.07] | -0.0005507433848846851
-0.9030107259750366 | [0.09] | -0.0007668549245657308
-0.9044249057769775 | [0.1] | -0.00102728724052137
-0.9034128785133362 | [0.12] | -0.0013346793746220507
-0.8999565839767456 | [0.13] | -0.0016913225319726802
-0.8940451741218567 | [0.14] | -0.00209907008090267
-0.8856757283210754 | [0.16] | -0.0025592111921071345
-0.8748540878295898 | [0.18] | -0.0030723085285322194
-0.8615962862968445 | [0.19] | -0.003638001295804054
-0.8459300398826599 | [0.21] | -0.004254781835128659
-0.8278964161872864 | [0.22] | -0.004919758640036265
-0.807551920413971 | [0.24] | -0.005628421650093975
-0.7849702835083008 | [0.25] | -0.006374436573340191
-0.7602444291114807 | [0.27] | -0.007149499501129388
-0.7334880232810974 | [0.28] | -0.007943281374239823
-0.7048366665840149 | [0.3] | -0.008743500370490221
-0.6744484901428223 | [0.31] | -0.009536149368618274
-0.6425039768218994 | [0.32] | -0.010305890462499613
-0.609204888343811 | [0.33] | -0.011036621907238704
-0.5747724771499634 | [0.34] | -0.011712184791295138
-0.5394444465637207 | [0.35] | -0.01231716716033781
-0.5034711956977844 | [0.36] | -0.01283773910965421
-0.4671113193035126 | [0.36] | -0.013262420612200378
-0.43062683939933777 | [0.37] | -0.01358271756765845
-0.39427781105041504 | [0.37] | -0.013793543815010923
-0.35831743478775024 | [0.37] | -0.013893391157780547
-0.3229874074459076 | [0.37] | -0.013884231401853471
-0.28851383924484253 | [0.37] | -0.01377117623950034
-0.2551041841506958 | [0.37] | -0.013561950641774956
-0.22294504940509796 | [0.36] | -0.013266236741513211
-0.1922009438276291 | [0.36] | -0.012894976569738904
-0.1630139797925949 | [0.35] | -0.012459697076614972
-0.13550449907779694 | [0.35] | -0.011971911805329437
-0.10977227985858917 | [0.34] | -0.011442635170383847
-0.08589831739664078 | [0.33] | -0.010882026108834682
-0.06394698470830917 | [0.32] | -0.01029915919042064
-0.043968405574560165 | [0.31] | -0.009701911661902665
-0.026000890880823135 | [0.3] | -0.00909694946011505
-0.01007335726171732 | [0.29] | -0.008489784859564841
0.003792375326156616 | [0.28] | -0.00788489132423837
0.015579470433294773 | [0.27] | -0.007285847919277
0.025274179875850677 | [0.26] | -0.00669550467457368
0.03286420553922653 | [0.25] | -0.0061161533842936
0.038337334990501404 | [0.24] | -0.005549694466906903
0.04168035089969635 | [0.22] | -0.004997796502183234
0.04287822172045708 | [0.21] | -0.004462042217243793
0.04191359877586365 | [0.2] | -0.00394405904118776
0.03876660764217377 | [0.19] | -0.0034456314033927357
0.033414941281080246 | [0.17] | -0.0029687922218737325
0.025834279134869576 | [0.16] | -0.0025158905443803826
0.015999045222997665 | [0.14] | -0.0020896306409426742
0.0038835236337035894 | [0.13] | -0.0016930779410562376
-0.010536650195717812 | [0.12] | -0.001329624052866933
-0.027282610535621643 | [0.1] | -0.001002905486903043
-0.04636998474597931 | [0.08] | -0.0007166677464958641
-0.06780622154474258 | [0.07] | -0.00047457209961474574
-0.09158758074045181 | [0.05] | -0.0002799400226494233
-0.11769580096006393 | [0.04] | -0.00013544426602932666
-0.14609459042549133 | [0.02] | -4.275620194349434e-05
-0.1767260581254959 | [0.] | -2.176071649628878e-06
-0.20950733125209808 | [-0.01] | -1.2281284405822257e-05
-0.24432747066020966 | [-0.03] | -6.964075061296965e-05
-0.281045138835907 | [-0.04] | -0.00016865011596704175
-0.31948721408843994 | [-0.05] | -0.00030154180961772497
-0.3594486117362976 | [-0.07] | -0.0004586135296266389
-0.4006935656070709 | [-0.08] | -0.0006286918215402804
-0.4429585039615631 | [-0.09] | -0.0007998166913082065
-0.4859565198421478 | [-0.1] | -0.0009600879790694354
-0.5293832421302795 | [-0.1] | -0.0010985803507534903
-0.5729237794876099 | [-0.11] | -0.0012062078574786605
-0.6162604689598083 | [-0.11] | -0.0012764219606148154
-0.6590805649757385 | [-0.11] | -0.0013056421624201425
-0.7010837197303772 | [-0.11] | -0.0012933735708879736
-0.7419883012771606 | [-0.11] | -0.0012420106767515723
-0.7815368175506592 | [-0.11] | -0.0011563820482460908
-0.8194994926452637 | [-0.1] | -0.00104312402212253
-0.8556762933731079 | [-0.1] | -0.0009099850849768054
-0.8898976445198059 | [-0.09] | -0.0007651608209740446
-0.9220234155654907 | [-0.08] | -0.0006167249144309897
-0.951941192150116 | [-0.07] | -0.0004722061246862836
-0.9795634150505066 | [-0.06] | -0.00033832095654622865
-1.004824161529541 | [-0.05] | -0.00022085233881986578
-1.0276756286621094 | [-0.04] | -0.00012465088196775718
-1.0480842590332031 | [-0.02] | -5.372575556309664e-05
-1.0660277605056763 | [-0.01] | -1.1395304865490197e-05
-1.081491231918335 | [0.] | -4.6775724426073454e-07
-1.094464659690857 | [0.02] | -2.3432175824587205e-05
-1.1049401760101318 | [0.03] | -8.264278545865806e-05
-1.1129100322723389 | [0.04] | -0.00018048703422674092
-1.1183645725250244 | [0.06] | -0.0003195310122151213
-1.121291160583496 | [0.07] | -0.000502638173729475
-1.1216728687286377 | [0.09] | -0.0007330591165388757
-1.11948823928833 | [0.1] | -0.0010144882618327233
-1.1147111654281616 | [0.12] | -0.001351083931581489
-1.1073107719421387 | [0.13] | -0.0017474468272447843
-1.097252607345581 | [0.15] | -0.0022085454919576804
-1.084499716758728 | [0.17] | -0.0027395809005955844
-1.0690141916275024 | [0.18] | -0.003345776655188478
-1.0507596731185913 | [0.2] | -0.004032080147948697
-1.0297040939331055 | [0.22] | -0.004802763869423404
-1.0058232545852661 | [0.24] | -0.00566091785510037
-0.9791046977043152 | [0.26] | -0.006607835025385824
-0.9495525360107422 | [0.28] | -0.0076423065114875266
-0.9171922206878662 | [0.3] | -0.008759862567164031
-0.8820756673812866 | [0.32] | -0.009952027001328344
-0.8442864418029785 | [0.33] | -0.01120568020657089
Total reward: -2.693384286937458
0.1, 5.8, 0.2
parameter ends

state | action | reward
[-0.56] | [0.14] | -0.0020851208683898793
-0.5555459856987 | [0.15] | -0.0021641098448663093
-0.5546268224716187 | [0.15] | -0.002246056149980961
-0.5532504916191101 | [0.15] | -0.0023304385995542424
-0.5514230728149414 | [0.16] | -0.0024166802634064195
-0.5491540431976318 | [0.16] | -0.0025041506482481432
-0.5464561581611633 | [0.16] | -0.002592169876457419
-0.5433454513549805 | [0.16] | -0.0026800138145720064
-0.5398411750793457 | [0.17] | -0.0027669207725866305
-0.535965621471405 | [0.17] | -0.002852100217185474
-0.5317440032958984 | [0.17] | -0.0029347420298789315
-0.5272043347358704 | [0.17] | -0.003014027291471096
-0.5223772525787354 | [0.18] | -0.003089139892157157
-0.5172956585884094 | [0.18] | -0.0031592795363419544
-0.5119947195053101 | [0.18] | -0.0032236736675454285
-0.5065115094184875 | [0.18] | -0.0032815907039900126
-0.5008846521377563 | [0.18] | -0.003332353408914234
-0.4951542019844055 | [0.18] | -0.0033753499726554854
-0.4893612265586853 | [0.18] | -0.0034100456401759053
-0.4835475981235504 | [0.19] | -0.003435992520380897
-0.4777555763721466 | [0.19] | -0.0034528380711458077
-0.47202757000923157 | [0.19] | -0.0034603313273044375
-0.4664057791233063 | [0.19] | -0.0034583279187516192
-0.4609318971633911 | [0.19] | -0.0034467922005322555
-0.4556467533111572 | [0.19] | -0.003425798278664171
-0.4505901038646698 | [0.18] | -0.0033955277379925926
-0.445800244808197 | [0.18] | -0.003356266628884494
-0.44131380319595337 | [0.18] | -0.0033083994674910815
-0.43716540932655334 | [0.18] | -0.0032524027633184004
-0.43338748812675476 | [0.18] | -0.003188835865894485
-0.4300100803375244 | [0.18] | -0.0031183315669980737
-0.4270605146884918 | [0.17] | -0.0030415856656208955
-0.42456331849098206 | [0.17] | -0.002959345446687384
-0.42253994941711426 | [0.17] | -0.0028723984258042334
-0.42100873589515686 | [0.17] | -0.002781560288805675
-0.41998469829559326 | [0.16] | -0.0026876634069646238
-0.4194793999195099 | [0.16] | -0.0025915456800685802
-0.4195008873939514 | [0.16] | -0.0024940395567602633
-0.4200536012649536 | [0.15] | -0.002395961968849605
-0.42113828659057617 | [0.15] | -0.002298105072861279
-0.4227519929409027 | [0.15] | -0.0022012277618846106
-0.424888014793396 | [0.15] | -0.0021060484740125095
-0.42753589153289795 | [0.14] | -0.002013238942012497
-0.4306814968585968 | [0.14] | -0.0019234191975964134
-0.43430694937705994 | [0.14] | -0.00183715427477126
-0.4383907914161682 | [0.13] | -0.0017549515860541401
-0.44290804862976074 | [0.13] | -0.0016772600841445683
-0.44783031940460205 | [0.13] | -0.0016044709045123545
-0.4531259834766388 | [0.12] | -0.0015369189144109057
-0.4587603211402893 | [0.12] | -0.0014748858795272462
-0.4646957218647003 | [0.12] | -0.0014186046294150324
-0.47089192271232605 | [0.12] | -0.001368263963715944
-0.4773063361644745 | [0.12] | -0.0013240145965670589
-0.4838942289352417 | [0.11] | -0.0012859755310750413
-0.4906090795993805 | [0.11] | -0.0012542408769886271
-0.49740296602249146 | [0.11] | -0.0012288860985877291
-0.5042268633842468 | [0.11] | -0.0012099744494118087
-0.5110309720039368 | [0.11] | -0.0011975628161968043
-0.5177651643753052 | [0.11] | -0.0011917060987698981
-0.524379312992096 | [0.11] | -0.001192461079556108
-0.530823826789856 | [0.11] | -0.0011998881814032497
-0.5370498299598694 | [0.11] | -0.0012140528461333743
-0.5430096983909607 | [0.11] | -0.001235024185668078
-0.5486574172973633 | [0.11] | -0.0012628727870215132
-0.5539487600326538 | [0.11] | -0.0012976669962776106
-0.5588419437408447 | [0.12] | -0.0013394667076831025
-0.563297688961029 | [0.12] | -0.0013883173442602451
-0.5672796368598938 | [0.12] | -0.0014442415369744438
-0.5707546472549438 | [0.12] | -0.001507230585596095
-0.573693037033081 | [0.13] | -0.0015772350611410295
-0.5760687589645386 | [0.13] | -0.001654155344932641
-0.57785964012146 | [0.13] | -0.0017378319535931103
-0.5790476202964783 | [0.14] | -0.0018280361593067463
-0.5796188712120056 | [0.14] | -0.0019244614863632105
-0.5795638561248779 | [0.14] | -0.0020267163678361396
-0.5788775086402893 | [0.15] | -0.002134317620900669
-0.5775593519210815 | [0.15] | -0.0022466857162911215
-0.5756133794784546 | [0.15] | -0.00236314264010069
-0.5730482935905457 | [0.16] | -0.0024829107647868654
-0.5698773860931396 | [0.16] | -0.0026051151896930845
-0.5661183595657349 | [0.17] | -0.0027287889804913446
-0.5617935061454773 | [0.17] | -0.0028528796530564804
-0.5569294691085815 | [0.17] | -0.002976260126611346
-0.5515571236610413 | [0.18] | -0.0030977416313028843
-0.5457112789154053 | [0.18] | -0.003216090122558775
-0.5394307374954224 | [0.18] | -0.0033300432549960035
-0.5327577590942383 | [0.19] | -0.00343833212594427
-0.525738000869751 | [0.19] | -0.003539702172001018
-0.5184199810028076 | [0.19] | -0.0036329368955002484
-0.5108548998832703 | [0.19] | -0.003716880502399442
-0.5030961632728577 | [0.19] | -0.003790461254978417
-0.495199054479599 | [0.2] | -0.003852713116702742
-0.48722025752067566 | [0.2] | -0.0039027955342915027
-0.47921743988990784 | [0.2] | -0.0039400116264181086
-0.4712487459182739 | [0.2] | -0.00396382246212543
-0.46337243914604187 | [0.2] | -0.003973857780669397
-0.4556463658809662 | [0.2] | -0.0039699235256794
-0.44812753796577454 | [0.2] | -0.003952004818459142
-0.4408717155456543 | [0.2] | -0.003920264980195725
-0.43393298983573914 | [0.2] | -0.0038750408528324004
-0.42736342549324036 | [0.2] | -0.00381683442267476
-0.4212125837802887 | [0.19] | -0.0037463018783750004
-0.4155272841453552 | [0.19] | -0.0036642385708797174
-0.4103512763977051 | [0.19] | -0.003571563196727679
-0.4057248830795288 | [0.19] | -0.0034693000432470737
-0.40168485045433044 | [0.18] | -0.0033585593189479784
-0.3982640206813812 | [0.18] | -0.003240518170859342
-0.39549118280410767 | [0.18] | -0.0031164007278545527
-0.3933908939361572 | [0.17] | -0.002987458755833631
-0.3919832408428192 | [0.17] | -0.002854953233257776
-0.3912838101387024 | [0.16] | -0.0027201360907652215
-0.39130347967147827 | [0.16] | -0.002584233815380005
-0.3920483887195587 | [0.16] | -0.002448431815081386
-0.3935198187828064 | [0.15] | -0.002313860611253985
-0.39571407437324524 | [0.15] | -0.00218158363071209
-0.3986225724220276 | [0.14] | -0.002052586038050359
-0.4022316634654999 | [0.14] | -0.0019277664285514027
-0.4065227806568146 | [0.13] | -0.0018079295082685277
-0.4114723205566406 | [0.13] | -0.0016937817073306588
-0.4170518219470978 | [0.13] | -0.001585928292298463
-0.423227995634079 | [0.12] | -0.001484873352476857
-0.4299628436565399 | [0.12] | -0.0013910218416214358
-0.43721383810043335 | [0.11] | -0.0013046842441282517
-0.4449341595172882 | [0.11] | -0.0012260835638545635
-0.4530729353427887 | [0.11] | -0.001155364484159907
-0.4615754783153534 | [0.1] | -0.0010926047454810496
-0.47038373351097107 | [0.1] | -0.001037827673752423
-0.47943657636642456 | [0.1] | -0.0009910164788178323
-0.48867034912109375 | [0.1] | -0.0009521286094255235
-0.4980192482471466 | [0.1] | -0.0009211105313922556
-0.5074158310890198 | [0.09] | -0.0008979117224966013
-0.516791582107544 | [0.09] | -0.0008824976382769503
-0.5260775089263916 | [0.09] | -0.0008748599649475735
-0.5352045297622681 | [0.09] | -0.0008750258307785157
-0.5441042184829712 | [0.09] | -0.0008830627021596373
-0.5527092218399048 | [0.09] | -0.0008990811709149262
-0.5609539747238159 | [0.1] | -0.0009232336180945837
-0.5687749981880188 | [0.1] | -0.0009557102543602293
-0.5761116147041321 | [0.1] | -0.0009967315516676955
-0.5829062461853027 | [0.1] | -0.0010465377786838185
-0.589104950428009 | [0.11] | -0.001105375897306277
-0.594657838344574 | [0.11] | -0.0011734841114327864
-0.5995193123817444 | [0.11] | -0.0012510754525656598
-0.6036485433578491 | [0.12] | -0.0013383188806344992
-0.6070095896720886 | [0.12] | -0.0014353210381938273
-0.6095718741416931 | [0.12] | -0.0015421065200723109
-0.6113101840019226 | [0.13] | -0.0016585997055554758
-0.6122050881385803 | [0.13] | -0.0017846062484449623
-0.6122428178787231 | [0.14] | -0.0019197973368812284
-0.611415684223175 | [0.14] | -0.0020636941546783674
-0.6097220778465271 | [0.15] | -0.0022156560564748386
-0.6071664094924927 | [0.15] | -0.0023748717669932837
-0.6037593483924866 | [0.16] | -0.002540353064495628
-0.599517822265625 | [0.16] | -0.00271093338120019
-0.5944648385047913 | [0.17] | -0.002885271535331052
-0.5886295437812805 | [0.17] | -0.003061859284980644
-0.582047164440155 | [0.18] | -0.0032390352671604404
-0.5747587084770203 | [0.18] | -0.0034150045332424148
-0.5668108463287354 | [0.19] | -0.003587863488509268
-0.558255672454834 | [0.19] | -0.003755629591712956
-0.5491503477096558 | [0.2] | -0.0039162775504652135
-0.5395567417144775 | [0.2] | -0.004067778006232265
-0.5295409560203552 | [0.21] | -0.004208139359262367
-0.5191729068756104 | [0.21] | -0.004335451480293673
-0.5085257291793823 | [0.21] | -0.004447929943779135
-0.49767518043518066 | [0.21] | -0.0045439572960604205
-0.4866991341114044 | [0.21] | -0.004622121774654577
-0.4756767749786377 | [0.22] | -0.004681251741194505
-0.4646880626678467 | [0.22] | -0.004720442583233809
-0.45381298661231995 | [0.22] | -0.004739077258729825
-0.4431309401988983 | [0.22] | -0.004736839169477902
-0.4327200949192047 | [0.22] | -0.004713715633450144
-0.42265674471855164 | [0.22] | -0.004669994589913064
-0.41301479935646057 | [0.21] | -0.004606252071220645
-0.40386515855789185 | [0.21] | -0.004523335066396864
-0.3952753245830536 | [0.21] | -0.004422336261891084
-0.38730886578559875 | [0.21] | -0.004304566990339131
-0.38002514839172363 | [0.2] | -0.004171524502619535
-0.37347885966300964 | [0.2] | -0.00402485935022258
-0.3677198886871338 | [0.2] | -0.0038663404529933605
-0.3627929091453552 | [0.19] | -0.0036978220872406413
-0.3587372899055481 | [0.19] | -0.003521210779860616
-0.35558685660362244 | [0.18] | -0.0033384342756340234
-0.3533697724342346 | [0.18] | -0.0031514123845153043
-0.35210832953453064 | [0.17] | -0.0029620304319431705
-0.35181891918182373 | [0.17] | -0.002772114423451093
-0.35251185297966003 | [0.16] | -0.0025834090212792423
-0.35419124364852905 | [0.15] | -0.0023975574657839234
-0.3568549156188965 | [0.15] | -0.0022160835770751505
-0.36049437522888184 | [0.14] | -0.0020403758043171802
-0.3650946319103241 | [0.14] | -0.0018716739278079907
-0.37063413858413696 | [0.13] | -0.0017110578411958883
-0.3770848214626312 | [0.12] | -0.0015594388092731888
-0.38441202044487 | [0.12] | -0.0014175544384128012
-0.3925744593143463 | [0.11] | -0.0012859667377698464
-0.4015243649482727 | [0.11] | -0.0011650643931851502
-0.4112075865268707 | [0.1] | -0.001055069202551226
-0.4215637743473053 | [0.1] | -0.000956047243513904
-0.43252667784690857 | [0.09] | -0.0008679253926164245
-0.4440244138240814 | [0.09] | -0.0007905116550579657
-0.45597994327545166 | [0.09] | -0.0007235202625703692
-0.4683115482330322 | [0.08] | -0.000666599891002415
-0.48093342781066895 | [0.08] | -0.0006193644740542603
-0.49375638365745544 | [0.08] | -0.0005814249027992
-0.5066884756088257 | [0.07] | -0.0005524203649611801
-0.5196358561515808 | [0.07] | -0.000532047570225757
-0.5325035452842712 | [0.07] | -0.0005200866347320137
-0.5451962947845459 | [0.07] | -0.0005164217216044653
-0.5576193928718567 | [0.07] | -0.00052105610460086
-0.5696794986724854 | [0.07] | -0.0005341203690429247
-0.5812854766845703 | [0.07] | -0.0005558731143495255
-0.592349112033844 | [0.08] | -0.000586695441360512
-0.6027858853340149 | [0.08] | -0.0006270776460900022
-0.6125155091285706 | [0.08] | -0.0006776012634148528
-0.6214627027511597 | [0.09] | -0.0007389145970649811
-0.6295574307441711 | [0.09] | -0.000811705682902945
-0.6367356777191162 | [0.09] | -0.0008966703285302421
-0.642939567565918 | [0.1] | -0.0009944800899561281
-0.6481177806854248 | [0.11] | -0.001105747442660136
-0.6522259712219238 | [0.11] | -0.0012309908581440011
-0.6552267670631409 | [0.12] | -0.0013706009019374902
-0.6570901870727539 | [0.12] | -0.0015248056641678925
-0.6577937602996826 | [0.13] | -0.0016936384590640738
-0.6573226451873779 | [0.14] | -0.0018769072309060748
-0.6556697487831116 | [0.14] | -0.002074166388284564
-0.6528360247612 | [0.15] | -0.002284691390493629
-0.6488304138183594 | [0.16] | -0.002507458619488874
-0.6436699628829956 | [0.17] | -0.002741129946119757
-0.6373800039291382 | [0.17] | -0.002984043980948394
-0.6299940347671509 | [0.18] | -0.0032342155866760362
-0.6215538382530212 | [0.19] | -0.0034893448045375934
-0.6121093034744263 | [0.19] | -0.0037468360717274525
-0.6017183661460876 | [0.2] | -0.00400382944909785
-0.5904467105865479 | [0.21] | -0.004257243756091717
-0.5783675312995911 | [0.21] | -0.004503831509439244
-0.5655611157417297 | [0.22] | -0.004740244857695565
-0.5521142482757568 | [0.22] | -0.004963112394983454
-0.5381196141242981 | [0.23] | -0.005169120685532393
-0.5236750841140747 | [0.23] | -0.005355101245803386
-0.5088828206062317 | [0.23] | -0.005518117567593415
-0.4938485622406006 | [0.24] | -0.005655545955645737
-0.47868040204048157 | [0.24] | -0.005765151539803082
-0.4634879529476166 | [0.24] | -0.005845149332867338
-0.448381245136261 | [0.24] | -0.005894252325915161
-0.4334697127342224 | [0.24] | -0.005911700856576033
-0.4188612401485443 | [0.24] | -0.005897274401453948
-0.4046611785888672 | [0.24] | -0.00585128543111721
-0.39097148180007935 | [0.24] | -0.005774555842653253
-0.3778899908065796 | [0.24] | -0.005668379033228018
-0.3655097186565399 | [0.24] | -0.005534469688871157
-0.35391828417778015 | [0.23] | -0.00537490611220639
-0.34319746494293213 | [0.23] | -0.005192066963210882
-0.3334227502346039 | [0.22] | -0.004988566922919643
-0.3246632218360901 | [0.22] | -0.00476719174120506
-0.3169811964035034 | [0.21] | -0.004530839618697136
-0.31043216586112976 | [0.21] | -0.004282465287640148
-0.30506470799446106 | [0.2] | -0.004025031078922796
-0.30092039704322815 | [0.19] | -0.003761463851209119
-0.29803377389907837 | [0.19] | -0.003494617926217863
-0.2964323163032532 | [0.18] | -0.003227243408144634
-0.2961362600326538 | [0.17] | -0.0029619589505441336
-0.29715868830680847 | [0.16] | -0.0027012267472668865
-0.29950523376464844 | [0.16] | -0.002447331234482059
-0.30317404866218567 | [0.15] | -0.0022023579109376004
-0.3081555664539337 | [0.14] | -0.0019681735205765148
-0.314432293176651 | [0.13] | -0.0017464070827618316
-0.3219785988330841 | [0.12] | -0.0015384311749734793
-0.33076047897338867 | [0.12] | -0.001345345407870859
-0.3407353460788727 | [0.11] | -0.0011679625746137997
-0.35185179114341736 | [0.1] | -0.001006798902943011
-0.36404961347579956 | [0.09] | -0.0008620703704789082
-0.37725961208343506 | [0.09] | -0.000733697132015271
-0.3914037346839905 | [0.08] | -0.0006213173859290111
-0.4063953161239624 | [0.07] | -0.0005243117104074315
-0.4221392869949341 | [0.07] | -0.0004418392010676207
-0.4385327994823456 | [0.06] | -0.0003728846634455746
-0.45546582341194153 | [0.06] | -0.0003163151368908547
-0.4728219211101532 | [0.05] | -0.0002709453264935858
-0.4904792904853821 | [0.05] | -0.00023560601258855245
-0.5083118677139282 | [0.05] | -0.00020921451608199083
-0.5261904001235962 | [0.04] | -0.0001908406306426933
-0.5439839959144592 | [0.04] | -0.00017976535624427846
-0.5615612268447876 | [0.04] | -0.00017552831926748413
-0.5787914991378784 | [0.04] | -0.00017796052746759143
-0.5955464243888855 | [0.04] | -0.0001872017082251315
-0.6117010116577148 | [0.05] | -0.00020370102069676085
-0.6271347999572754 | [0.05] | -0.00022820216309267779
-0.6417328715324402 | [0.05] | -0.0002617146525824719
-0.6553866267204285 | [0.06] | -0.0003054738287562045
-0.6679946184158325 | [0.06] | -0.00036089234386837586
-0.6794630885124207 | [0.07] | -0.00042950618304967483
-0.6897063851356506 | [0.07] | -0.0005129177096503394
-0.6986473798751831 | [0.08] | -0.0006127378520602841
-0.7062175869941711 | [0.09] | -0.0007305289446742604
-0.7123574614524841 | [0.09] | -0.0008677490131213334
-0.717016339302063 | [0.1] | -0.0010256977963844648
-0.720152735710144 | [0.11] | -0.001205463880816528
-0.7217342257499695 | [0.12] | -0.0014078732622643643
-0.7217376828193665 | [0.13] | -0.0016334379974253463
-0.7201493978500366 | [0.14] | -0.0018823054495560876
-0.7169651389122009 | [0.15] | -0.0021542083876076204
-0.7121904492378235 | [0.16] | -0.0024484160396453375
-0.7058408856391907 | [0.17] | -0.0027636885742070884
-0.6979421973228455 | [0.18] | -0.003098237042894891
-0.6885307431221008 | [0.19] | -0.0034496917153993448
-0.6776535511016846 | [0.2] | -0.003815084487363326
-0.6653686761856079 | [0.2] | -0.004190845974517357
-0.6517452001571655 | [0.21] | -0.004572826126509481
-0.6368633508682251 | [0.22] | -0.004956338354940108
-0.620814323425293 | [0.23] | -0.005336232225515983
-0.6036999821662903 | [0.24] | -0.005706996229257013
-0.58563232421875 | [0.25] | -0.0060628869414866005
-0.5667327046394348 | [0.25] | -0.006398085525023617
-0.5471311211585999 | [0.26] | -0.006706869543620601
-0.5269647240638733 | [0.26] | -0.006983798913437924
-0.5063766241073608 | [0.27] | -0.007223900319558399
-0.48551449179649353 | [0.27] | -0.007422837772078913
-0.4645287096500397 | [0.28] | -0.0075770642011810975
-0.44357073307037354 | [0.28] | -0.0076839373442616574
-0.42279142141342163 | [0.28] | -0.007741797320506415
-0.4023393392562866 | [0.28] | -0.0077499975977481025
-0.38235917687416077 | [0.28] | -0.007708894460529449
-0.36299043893814087 | [0.28] | -0.007619789264620185
-0.3443661332130432 | [0.27] | -0.007484840788453229
-0.32661184668540955 | [0.27] | -0.007306947823633513
-0.3098450005054474 | [0.27] | -0.007089613034273758
-0.2941742539405823 | [0.26] | -0.00683680459855557
-0.27969932556152344 | [0.26] | -0.00655281559087122
-0.2665107548236847 | [0.25] | -0.006242135295889728
-0.254690021276474 | [0.24] | -0.005909335438965192
-0.24430972337722778 | [0.24] | -0.005558975315075447
-0.23543380200862885 | [0.23] | -0.005195526190012842
-0.228117898106575 | [0.22] | -0.004823315634690544
-0.22240962088108063 | [0.21] | -0.004446489392723826
-0.2183489054441452 | [0.2] | -0.004068986782890746
-0.21596816182136536 | [0.19] | -0.003694527197278405
-0.21529246866703033 | [0.18] | -0.003326602477153258
-0.2163396179676056 | [0.17] | -0.0029684720451256096
-0.21912002563476562 | [0.16] | -0.0026231569241040534
-0.22363650798797607 | [0.15] | -0.0022934294686546433
-0.22988396883010864 | [0.14] | -0.001981796602863587
-0.2378489375114441 | [0.13] | -0.0016904752378431869
-0.24750898778438568 | [0.12] | -0.0014213593722961575
-0.2588321268558502 | [0.11] | -0.0011759803852741618
-0.271776020526886 | [0.1] | -0.0009554627877867679
-0.2862873673439026 | [0.09] | -0.0007604785158234241
-0.30230116844177246 | [0.08] | -0.0005912053646651985
-0.31974008679389954 | [0.07] | -0.0004472962604887224
-0.3385140895843506 | [0.06] | -0.00032786347718235
-0.3585200905799866 | [0.05] | -0.00023148713099852038
-0.3796420395374298 | [0.04] | -0.0001562504249393113
-0.4017511010169983 | [0.03] | -9.980700635630154e-05
-0.42470642924308777 | [0.02] | -5.9479613055267905e-05
-0.448356032371521 | [0.02] | -3.238803834473068e-05
-0.47253817319869995 | [0.01] | -1.559926326291368e-05
-0.49708303809165955 | [0.01] | -6.290734376925012e-06
-0.5218147039413452 | [0.] | -1.9140885119279127e-06
-0.5465531349182129 | [0.] | -3.4657273145446417e-07
-0.5711168050765991 | [0.] | -1.75733190168619e-08
-0.5953246355056763 | [6.21e-05] | -3.8575474382872154e-10
-0.6189985871315002 | [0.] | -6.261688000197728e-08
-0.6419655680656433 | [0.] | -6.733841164955628e-07
-0.6640594601631165 | [0.01] | -2.9697890006676037e-06
-0.6851226091384888 | [0.01] | -8.689029952890858e-06
-0.7050071954727173 | [0.01] | -2.0075087256776847e-05
-0.7235761284828186 | [0.02] | -3.977028781403029e-05
-0.7407037019729614 | [0.03] | -7.070140589490528e-05
-0.7562758326530457 | [0.03] | -0.00011596903249417182
-0.7701900601387024 | [0.04] | -0.00017874611904394912
-0.7823556065559387 | [0.05] | -0.00026218905552466025
-0.7926927804946899 | [0.06] | -0.00036936242216410373
-0.8011327385902405 | [0.07] | -0.0005031759124849436
-0.8076170682907104 | [0.08] | -0.0006663297601598215
-0.8120973706245422 | [0.09] | -0.000861265190026715
-0.8145349621772766 | [0.1] | -0.0010901146670896566
-0.8149005770683289 | [0.12] | -0.0013546477358477344
-0.8131744861602783 | [0.13] | -0.0016562076689636029
-0.809346616268158 | [0.14] | -0.0019956369090967665
-0.8034167289733887 | [0.15] | -0.0023731902270547178
-0.7953950762748718 | [0.17] | -0.002788434844979988
-0.7853029370307922 | [0.18] | -0.003240142268610081
-0.7731735706329346 | [0.19] | -0.003726175594760617
-0.7590528726577759 | [0.21] | -0.004243382597736473
-0.7430005073547363 | [0.22] | -0.0047875030957085845
-0.7250906825065613 | [0.23] | -0.005353107250071361
-0.7054129838943481 | [0.24] | -0.005933574685267371
-0.6840729117393494 | [0.26] | -0.006521132618337077
-0.6611921787261963 | [0.27] | -0.007106964947659758
-0.6369087100028992 | [0.28] | -0.007681398852436539
-0.6113759279251099 | [0.29] | -0.008234172488206428
-0.5847619771957397 | [0.3] | -0.008754775267848581
-0.557248055934906 | [0.3] | -0.009232845714858098
-0.5290263891220093 | [0.31] | -0.009658604386247603
-0.5002978444099426 | [0.32] | -0.010023284363405705
-0.47126904129981995 | [0.32] | -0.010319527118797921
-0.44214922189712524 | [0.32] | -0.010541708702913469
-0.4131472110748291 | [0.33] | -0.010686163872049818
-0.3844681680202484 | [0.33] | -0.010751295835862248
-0.35631072521209717 | [0.33] | -0.01073755700458895
-0.3288643956184387 | [0.33] | -0.010647313046361203
-0.30230745673179626 | [0.32] | -0.010484610212317268
-0.27680525183677673 | [0.32] | -0.010254869547979922
-0.25250911712646484 | [0.32] | -0.009964542583934886
-0.22955583035945892 | [0.31] | -0.009620758782725102
-0.20806752145290375 | [0.3] | -0.009230991082442418
-0.18815204501152039 | [0.3] | -0.008802766125646035
-0.1699037253856659 | [0.29] | -0.008343425392204977
-0.1534043401479721 | [0.28] | -0.007859947482487563
-0.13872431218624115 | [0.27] | -0.007358832857258937
-0.1259239912033081 | [0.26] | -0.00684604412687591
-0.11505492031574249 | [0.25] | -0.006326992430111433
-0.10616109520196915 | [0.24] | -0.005806561892498383
-0.09928009659051895 | [0.23] | -0.005289162515321405
-0.09444405138492584 | [0.22] | -0.004778798781986139
-0.09168042242527008 | [0.21] | -0.004279146786716293
-0.09101253747940063 | [0.19] | -0.0037936312370625003
-0.09245988726615906 | [0.18] | -0.0033254944635757407
-0.09603814035654068 | [0.17] | -0.002877851973543751
-0.10175888240337372 | [0.16] | -0.002453728424193901
-0.1096290647983551 | [0.14] | -0.0020560697670489562
-0.11965017020702362 | [0.13] | -0.0016877274858578919
-0.1318170726299286 | [0.12] | -0.0013514122644133731
-0.14611665904521942 | [0.1] | -0.001049615488266135
-0.1625262051820755 | [0.09] | -0.0007845005117388195
-0.18101155757904053 | [0.07] | -0.0005577663578504849
-0.2015252560377121 | [0.06] | -0.00037049188951364967
-0.22400450706481934 | [0.05] | -0.00022297183266911799
-0.24836935102939606 | [0.03] | -0.00011456166402611284
-0.27452096343040466 | [0.02] | -4.3549645135399874e-05
-0.3023402988910675 | [0.01] | -7.0792078101913906e-06
-0.33168724179267883 | [-0.] | -1.1431625094339176e-06
-0.3624003827571869 | [-0.01] | -2.0667921782902e-05
-0.3942975103855133 | [-0.02] | -5.9697700547243216e-05
-0.42717692255973816 | [-0.03] | -0.00011167787415127271
-0.4608195722103119 | [-0.04] | -0.00016982102637685956
-0.49499210715293884 | [-0.05] | -0.00022752796754274652
-0.5294504761695862 | [-0.05] | -0.0002788218896540117
-0.5639441609382629 | [-0.06] | -0.0003187484237598581
-0.598220705986023 | [-0.06] | -0.00034369964129273364
-0.632030189037323 | [-0.06] | -0.00035162398724428265
-0.6651296019554138 | [-0.06] | -0.00034210457509276234
-0.6972869038581848 | [-0.06] | -0.0003163052309854452
-0.7282840609550476 | [-0.05] | -0.00027680104271838034
-0.7579196691513062 | [-0.05] | -0.00022732347126510366
-0.7860105633735657 | [-0.04] | -0.0001724605719721684
-0.8123927712440491 | [-0.03] | -0.00011734747660070431
-0.8369213938713074 | [-0.03] | -6.738199751982339e-05
-0.8594700694084167 | [-0.02] | -2.7987357002842658e-05
-0.8799299597740173 | [-0.01] | -4.435996490966805e-06
-0.8982080221176147 | [0.] | -1.7358200332680263e-06
-0.9142254590988159 | [0.02] | -2.4574835102973114e-05
-0.9279156923294067 | [0.03] | -7.731301743355325e-05
-0.9392225742340088 | [0.04] | -0.00016400810348395913
-0.9480987191200256 | [0.05] | -0.00028846068783779485
-0.9545039534568787 | [0.07] | -0.0004542651012677387
-0.9584041237831116 | [0.08] | -0.0006648529592075614
-0.9597702026367188 | [0.1] | -0.0009235186750323207
-0.958577573299408 | [0.11] | -0.0012334173152769316
-0.9548062086105347 | [0.13] | -0.0015975252563477866
-0.948440670967102 | [0.14] | -0.0020185587450732736
-0.9394709467887878 | [0.16] | -0.0024988429408348218
-0.9278935194015503 | [0.17] | -0.0030401286111663593
-0.9137129783630371 | [0.19] | -0.003643355955986545
-0.8969439268112183 | [0.21] | -0.004308369297742321
-0.8776132464408875 | [0.22] | -0.00503359226982324
-0.8557626605033875 | [0.24] | -0.00581568250284863
-0.831451416015625 | [0.26] | -0.006649189701621392
-0.8047589659690857 | [0.27] | -0.007526257806829165
-0.7757875919342041 | [0.29] | -0.008436416637976512
-0.7446644902229309 | [0.31] | -0.009366512374352097
-0.7115432024002075 | [0.32] | -0.010300832858982511
-0.6766044497489929 | [0.33] | -0.011221459624591382
-0.6400555372238159 | [0.35] | -0.012108883028068939
-0.6021288633346558 | [0.36] | -0.01294284909971033
-0.5630789995193481 | [0.37] | -0.013703410642357966
-0.5231784582138062 | [0.38] | -0.014372074183778212
-0.48271241784095764 | [0.39] | -0.014932948006374971
-0.44197261333465576 | [0.39] | -0.015373736104010988
-0.40125077962875366 | [0.4] | -0.01568647915844734
-0.36083197593688965 | [0.4] | -0.01586793583663455
-0.3209884762763977 | [0.4] | -0.01591957389809623
-0.2819742262363434 | [0.4] | -0.0158471900048069
-0.24402043223381042 | [0.4] | -0.01566021686159971
-0.2073325514793396 | [0.39] | -0.015370827945979649
-0.1720883697271347 | [0.39] | -0.014992956719447281
-0.13843755424022675 | [0.38] | -0.014541331203688663
-0.1065022200345993 | [0.37] | -0.014030623434466939
-0.07637849450111389 | [0.37] | -0.013474754127483751
-0.0481388084590435 | [0.36] | -0.012886398266801406
-0.021834632381796837 | [0.35] | -0.012276667558355776
0.0025004763156175613 | [0.34] | -0.011654964343064551
0.024847745895385742 | [0.33] | -0.01102897047218148
0.045200105756521225 | [0.32] | -0.010404733911920943
0.06355926394462585 | [0.31] | -0.009786825386034656
0.07993298768997192 | [0.3] | -0.009178530480323901
0.09433268755674362 | [0.29] | -0.00858206009124008
0.10677126049995422 | [0.28] | -0.00799876296418965
0.11726122349500656 | [0.27] | -0.0074293261374652605
0.12581314146518707 | [0.26] | -0.006873962249416928
0.13243430852890015 | [0.25] | -0.006332579085473022
0.13712766766548157 | [0.24] | -0.005804931530969257
0.13989101350307465 | [0.23] | -0.005290757743617368
0.1407163292169571 | [0.22] | -0.004789901014975256
0.13958939909934998 | [0.21] | -0.0043024196078164595
0.1364896297454834 | [0.2] | -0.003828686077147979
0.1313900351524353 | [0.18] | -0.003369476505452502
0.12425749003887177 | [0.17] | -0.002926049476760944
0.11505322903394699 | [0.16] | -0.002500212530596457
0.103733591735363 | [0.14] | -0.0020943727615566183
0.09025111794471741 | [0.13] | -0.0017115644955397144
0.07455596327781677 | [0.12] | -0.0013554475233796646
0.056597717106342316 | [0.1] | -0.0010302642425623254
0.03632767125964165 | [0.09] | -0.000740744449102065
0.01370155904442072 | [0.07] | -0.0004919437189222723
-0.011317234486341476 | [0.05] | -0.0002890060129629876
-0.038753949105739594 | [0.04] | -0.00013683837307897266
-0.0686182975769043 | [0.02] | -3.97003597018329e-05
-0.10089997202157974 | [0.] | -7.16241796582476e-07
-0.13556396961212158 | [-0.01] | -2.1338211194656122e-05
-0.17254596948623657 | [-0.03] | -0.00010080749599126545
-0.21174806356430054 | [-0.05] | -0.0002356810745140089
-0.253035306930542 | [-0.06] | -0.00041950908001231685
-0.29623332619667053 | [-0.08] | -0.0006427528093095014
-0.3411276638507843 | [-0.09] | -0.0008930231699565485
-0.3874649405479431 | [-0.11] | -0.0011556839561530994
-0.4349563419818878 | [-0.12] | -0.0014148084140198957
-0.4832831621170044 | [-0.13] | -0.001654410626260192
-0.5321045517921448 | [-0.14] | -0.0018598008421954002
-0.5810667276382446 | [-0.14] | -0.00201887803184253
-0.6298131346702576 | [-0.15] | -0.002123156119687197
-0.6779949069023132 | [-0.15] | -0.002168369812539006
-0.7252805829048157 | [-0.15] | -0.0021545804718568536
-0.7713644504547119 | [-0.14] | -0.0020857923666290786
-0.8159731030464172 | [-0.14] | -0.00196918483956128
-0.8588700294494629 | [-0.13] | -0.0018141156692698238
-0.8998574614524841 | [-0.13] | -0.0016310605618810833
-0.9387767910957336 | [-0.12] | -0.0014306460762828115
-0.975506603717804 | [-0.11] | -0.00122287076309295
-1.0099598169326782 | [-0.1] | -0.0010165669017987876
-1.0420799255371094 | [-0.09] | -0.0008191067131484766
-1.0718361139297485 | [-0.08] | -0.0006363130690830535
-1.099218726158142 | [-0.07] | -0.0004725335743725824
-1.1242347955703735 | [-0.06] | -0.0003308199794003686
-1.14690363407135 | [-0.05] | -0.00021316464016862824
-1.167252779006958 | [-0.03] | -0.00012075763785269277
-1.185314416885376 | [-0.02] | -5.423788163394589e-05
-1.2000000476837158 | [0.08] | -0.0006399999237060572
-1.1976381540298462 | [0.09] | -0.000882381828466837
-1.1928856372833252 | [0.11] | -0.0011723649695135423
-1.1857057809829712 | [0.12] | -0.0015146905238122522
-1.1760540008544922 | [0.14] | -0.001914758389672369
-1.163879156112671 | [0.15] | -0.0023785707466881753
-1.1491246223449707 | [0.17] | -0.0029126221542368877
-1.131730079650879 | [0.19] | -0.003523717042119545
-1.1116338968276978 | [0.21] | -0.004218695959703953
-1.0887761116027832 | [0.22] | -0.005004046997478417
-1.0631022453308105 | [0.24] | -0.005885387084249753
-1.0345673561096191 | [0.26] | -0.006866798154745519
-1.003141164779663 | [0.28] | -0.007950018498204493
-0.9688138365745544 | [0.3] | -0.00913351614604614
-0.9316020011901855 | [0.32] | -0.01041149533570943
-0.8915549516677856 | [0.34] | -0.011772942611817744
-0.8487608432769775 | [0.36] | -0.013200839321654593
-0.8033518195152283 | [0.38] | -0.014671741311741971
-0.7555078864097595 | [0.4] | -0.016155903266217166
-0.7054586410522461 | [0.42] | -0.017618132015189365
-0.6534825563430786 | [0.44] | -0.019019471181044665
-0.5999026298522949 | [0.45] | -0.02031966750017385
-0.545079231262207 | [0.46] | -0.021480239115902806
-0.48939964175224304 | [0.47] | -0.02246775894094205
-0.4332650899887085 | [0.48] | -0.02325688156061194
-0.3770763874053955 | [0.49] | -0.02383263237920459
-0.3212192952632904 | [0.49] | -0.02419157041220628
-0.2660507261753082 | [0.49] | -0.024341659279174983
-0.2118871659040451 | [0.49] | -0.024300947422406835
-0.1589958667755127 | [0.49] | -0.02409533061125669
-0.10758921504020691 | [0.49] | -0.023755840610295842
-0.057822369039058685 | [0.48] | -0.023315906202440728
-0.009793705306947231 | [0.48] | -0.02280892219437983
0.03645241633057594 | [0.47] | -0.022266389458246865
0.08092128485441208 | [0.47] | -0.021716675943672187
0.12366247177124023 | [0.46] | -0.021184401097535933
0.1647641360759735 | [0.45] | -0.020690313852145814
0.20434734225273132 | [0.45] | -0.02025155778989885
0.24256081879138947 | [0.45] | -0.019882165917195244
0.2795763313770294 | [0.44] | -0.01959369414731171
0.31558480858802795 | [0.44] | -0.019395885895513817
0.35079309344291687 | [0.44] | -0.019297336699287196
0.3854215443134308 | [0.44] | -0.019306106571653207
0.4197021722793579 | [0.44] | 99.980569726617
Total reward: 97.57314623300964
0.1, 5.8, 0.2
parameter ends

state | action | reward
[-0.55] | [0.14] | -0.0020964019745842717
-0.5516735911369324 | [0.15] | -0.0021706361720179894
-0.5508115887641907 | [0.15] | -0.002247558046775969
-0.5495207905769348 | [0.15] | -0.002326674128581181
-0.547806978225708 | [0.16] | -0.00240744070275329
-0.5456790328025818 | [0.16] | -0.002489266891894987
-0.543148934841156 | [0.16] | -0.0025715182389986734
-0.5402317643165588 | [0.16] | -0.0026535214404201533
-0.5369455814361572 | [0.17] | -0.002734570919588345
-0.5333112478256226 | [0.17] | -0.0028139365916331105
-0.5293524861335754 | [0.17] | -0.0028908718060940857
-0.525095522403717 | [0.17] | -0.002964623890515983
-0.5205690860748291 | [0.17] | -0.0030344440520070487
-0.5158040523529053 | [0.18] | -0.0030995989624998214
-0.5108333826065063 | [0.18] | -0.003159381838818703
-0.5056918263435364 | [0.18] | -0.003213124089524977
-0.5004156231880188 | [0.18] | -0.003260206772133817
-0.4950423240661621 | [0.18] | -0.0033000710972803334
-0.4896104335784912 | [0.18] | -0.0033322287210048847
-0.4841592013835907 | [0.18] | -0.003356270031035777
-0.4787282645702362 | [0.18] | -0.0033718720901622125
-0.4733574092388153 | [0.18] | -0.0033788042053411044
-0.46808621287345886 | [0.18] | -0.003376932443465223
-0.4629538059234619 | [0.18] | -0.0033662216248946998
-0.45799851417541504 | [0.18] | -0.0033467363061989706
-0.45325765013694763 | [0.18] | -0.003318638958715198
-0.44876715540885925 | [0.18] | -0.00328218725799264
-0.4445614516735077 | [0.18] | -0.003237729139657265
-0.4406730830669403 | [0.18] | -0.0031856966584130684
-0.4371325373649597 | [0.18] | -0.0031265984985191448
-0.4339680075645447 | [0.17] | -0.0030610114203518933
-0.43120521306991577 | [0.17] | -0.0029895706844113323
-0.4288671612739563 | [0.17] | -0.0029129602459667075
-0.4269740581512451 | [0.17] | -0.0028319020416482125
-0.4255431294441223 | [0.17] | -0.002747145604357395
-0.4245884120464325 | [0.16] | -0.002659457749162942
-0.42412078380584717 | [0.16] | -0.002569611797536609
-0.4241477847099304 | [0.16] | -0.002478378089495241
-0.42467349767684937 | [0.15] | -0.002386514848677174
-0.42569857835769653 | [0.15] | -0.002294759281609416
-0.4272201955318451 | [0.15] | -0.0022038200155278065
-0.4292319416999817 | [0.15] | -0.0021143705646248213
-0.4317238926887512 | [0.14] | -0.0020270432954151304
-0.4346826672554016 | [0.14] | -0.0019424248577141216
-0.43809136748313904 | [0.14] | -0.001861052974745426
-0.44192972779273987 | [0.13] | -0.0017834139869250185
-0.44617417454719543 | [0.13] | -0.0017099419360320602
-0.4507979452610016 | [0.13] | -0.0016410188250952499
-0.45577123761177063 | [0.13] | -0.0015769757953299148
-0.46106138825416565 | [0.12] | -0.0015180957411261601
-0.46663299202919006 | [0.12] | -0.0014646169186417395
-0.4724482297897339 | [0.12] | -0.001416736771444397
-0.47846704721450806 | [0.12] | -0.0013746173331447922
-0.4846474528312683 | [0.12] | -0.0013383903330885854
-0.49094581604003906 | [0.11] | -0.0013081629095275636
-0.4973171055316925 | [0.11] | -0.0012840232176858928
-0.5037153363227844 | [0.11] | -0.0012660456807623477
-0.5100938081741333 | [0.11] | -0.0012542957234954388
-0.5164055824279785 | [0.11] | -0.0012488335463521618
-0.5226036906242371 | [0.11] | -0.0012497175239763823
-0.5286415219306946 | [0.11] | -0.0012570059115994345
-0.5344733595848083 | [0.11] | -0.001270756915782447
-0.5400545597076416 | [0.11] | -0.0012910283087856987
-0.545341968536377 | [0.11] | -0.0013178751971349894
-0.5502942204475403 | [0.12] | -0.001351346445684733
-0.5548720955848694 | [0.12] | -0.0013914798443632017
-0.5590388178825378 | [0.12] | -0.0014382961620862452
-0.5627603530883789 | [0.12] | -0.0014917924038847562
-0.5660056471824646 | [0.12] | -0.0015519340681309326
-0.5687469244003296 | [0.13] | -0.001618647078751866
-0.570959746837616 | [0.13] | -0.001691809868769558
-0.5726234912872314 | [0.13] | -0.0017712442498772196
-0.5737212300300598 | [0.14] | -0.0018567084148795208
-0.5742400288581848 | [0.14] | -0.00194788915220305
-0.5741711854934692 | [0.14] | -0.0020443951035021423
-0.5735099911689758 | [0.15] | -0.0021457527403998286
-0.5722561478614807 | [0.15] | -0.0022514015026543184
-0.5704135894775391 | [0.15] | -0.0023606926993770534
-0.5679906010627747 | [0.16] | -0.002472889269123197
-0.5649997591972351 | [0.16] | -0.002587168227966036
-0.5614579319953918 | [0.16] | -0.002702625252011913
-0.5573862195014954 | [0.17] | -0.0028182817683292897
-0.5528097152709961 | [0.17] | -0.002933094999570339
-0.5477575063705444 | [0.17] | -0.0030459696901734726
-0.5422624945640564 | [0.18] | -0.0031557723946567537
-0.5363610982894897 | [0.18] | -0.003261348389230818
-0.5300931334495544 | [0.18] | -0.003361539256940226
-0.5235013961791992 | [0.19] | -0.0034552033087201285
-0.5166316032409668 | [0.19] | -0.0035412347447378216
-0.5095317959785461 | [0.19] | -0.0036185854892148584
-0.5022521018981934 | [0.19] | -0.0036862848766255184
-0.4948444068431854 | [0.19] | -0.003743458730339952
-0.487361878156662 | [0.19] | -0.0037893475304011416
-0.4798586070537567 | [0.2] | -0.003823321361083534
-0.4723891317844391 | [0.2] | -0.003844893406357787
-0.46500810980796814 | [0.2] | -0.0038537287240987235
-0.4577697813510895 | [0.2] | -0.0038496517591700276
-0.4507276713848114 | [0.2] | -0.0038326483531606077
-0.4439340829849243 | [0.2] | -0.0038028656225433614
-0.43743979930877686 | [0.19] | -0.003760607772136964
-0.43129366636276245 | [0.19] | -0.0037063290242492068
-0.4255422055721283 | [0.19] | -0.0036406238886924967
-0.42022940516471863 | [0.19] | -0.0035642139336283934
-0.4153963327407837 | [0.19] | -0.003477934278334228
-0.41108086705207825 | [0.18] | -0.0033827174111554035
-0.40731745958328247 | [0.18] | -0.0032795762612797055
-0.40413692593574524 | [0.18] | -0.003169586453920183
-0.4015662670135498 | [0.17] | -0.0030538687674901005
-0.3996284008026123 | [0.17] | -0.0029335718676894175
-0.3983421325683594 | [0.17] | -0.002809854809750356
-0.39772188663482666 | [0.16] | -0.002683871250635926
-0.3977777063846588 | [0.16] | -0.0025567536842868808
-0.39851507544517517 | [0.16] | -0.002429599641127729
-0.39993491768836975 | [0.15] | -0.0023034585401903638
-0.4020334482192993 | [0.15] | -0.0021793206764853454
-0.40480220317840576 | [0.14] | -0.002058107040871788
-0.40822798013687134 | [0.14] | -0.001940661449611644
-0.4122929275035858 | [0.14] | -0.0018277439278831034
-0.41697442531585693 | [0.13] | -0.0017200267897842726
-0.4222453236579895 | [0.13] | -0.0016180918252673062
-0.428073912858963 | [0.12] | -0.001522430294524724
-0.43442410230636597 | [0.12] | -0.0014334449455855073
-0.4412555396556854 | [0.12] | -0.0013514537870966466
-0.4485239088535309 | [0.11] | -0.0012766963695288872
-0.4561811089515686 | [0.11] | -0.0012093417289827692
-0.4641755521297455 | [0.11] | -0.0011494981763641744
-0.4724524915218353 | [0.1] | -0.001097224535463069
-0.4809544086456299 | [0.1] | -0.0010525418326980825
-0.4896214008331299 | [0.1] | -0.0010154462674182708
-0.49839162826538086 | [0.1] | -0.0009859212384322495
-0.5072017908096313 | [0.1] | -0.0009639496504237938
-0.5159875750541687 | [0.1] | -0.0009495246105615283
-0.5246843099594116 | [0.1] | -0.0009426581147477135
-0.533227264881134 | [0.1] | -0.0009433886144349876
-0.5415523052215576 | [0.1] | -0.0009517853481917954
-0.5495964288711548 | [0.1] | -0.0009679499086215557
-0.5572981834411621 | [0.1] | -0.0009920153493759509
-0.5645982027053833 | [0.1] | -0.0010241422603597282
-0.5714397430419922 | [0.1] | -0.0010645117947771742
-0.5777689218521118 | [0.11] | -0.0011133168934177316
-0.583535373210907 | [0.11] | -0.0011707499994434564
-0.5886923670768738 | [0.11] | -0.0012369903198663438
-0.5931974649429321 | [0.11] | -0.0013121881292954642
-0.5970125198364258 | [0.12] | -0.0013964493803321513
-0.6001041531562805 | [0.12] | -0.0014898187180891163
-0.6024439334869385 | [0.13] | -0.0015922629237794521
-0.6040086150169373 | [0.13] | -0.0017036544136772255
-0.6047802567481995 | [0.14] | -0.0018237560231758512
-0.6047464609146118 | [0.14] | -0.0019522064948394261
-0.6039004921913147 | [0.14] | -0.0020885081563772356
-0.6022412776947021 | [0.15] | -0.002232017145077783
-0.5997735857963562 | [0.15] | -0.0023819358255188564
-0.5965080261230469 | [0.16] | -0.002537308894940563
-0.592461109161377 | [0.16] | -0.0026970231204094895
-0.5876550078392029 | [0.17] | -0.002859812004355188
-0.5821177959442139 | [0.17] | -0.003024263248709386
-0.5758830904960632 | [0.18] | -0.003188833324690776
-0.5689899921417236 | [0.18] | -0.0033518650931035933
-0.5614829063415527 | [0.19] | -0.003511611068069352
-0.5534111857414246 | [0.19] | -0.0036662612016361007
-0.5448289513587952 | [0.2] | -0.0038139746226379155
-0.5357946753501892 | [0.2] | -0.003952914233517359
-0.5263707041740417 | [0.2] | -0.004081284710352097
-0.5166229009628296 | [0.2] | -0.004197370182298127
-0.5066201090812683 | [0.21] | -0.004299572543328516
-0.4964335858821869 | [0.21] | -0.0043864479740421776
-0.48613640666007996 | [0.21] | -0.004456740651508961
-0.4758029580116272 | [0.21] | -0.004509411725194058
-0.46550822257995605 | [0.21] | -0.004543663252143251
-0.45532721281051636 | [0.21] | -0.004558956018151105
-0.44533440470695496 | [0.21] | -0.004555019047905816
-0.4356030523777008 | [0.21] | -0.004531854703718012
-0.42620471119880676 | [0.21] | -0.004489734214909435
-0.41720864176750183 | [0.21] | -0.004429187951980053
-0.40868133306503296 | [0.21] | -0.004350989989227952
-0.4006860554218292 | [0.21] | -0.0042561364679461495
-0.393282413482666 | [0.2] | -0.004145821557381592
-0.3865260183811188 | [0.2] | -0.004021409349507408
-0.38046813011169434 | [0.2] | -0.003884404453397729
-0.37515541911125183 | [0.19] | -0.0037364217402404824
-0.3706296384334564 | [0.19] | -0.0035791560119067256
-0.36692750453948975 | [0.18] | -0.003414352420679721
-0.36408042907714844 | [0.18] | -0.0032437783847932993
-0.36211445927619934 | [0.18] | -0.003069196620449248
-0.361050009727478 | [0.17] | -0.0028923408100224226
-0.3609018325805664 | [0.16] | -0.002714892430294845
-0.3616788387298584 | [0.16] | -0.0025384602592222606
-0.36338406801223755 | [0.15] | -0.00236456138949591
-0.3660145103931427 | [0.15] | -0.002194604877246882
-0.3695610761642456 | [0.14] | -0.002029877063402799
-0.37400853633880615 | [0.14] | -0.0018715291252394872
-0.3793354332447052 | [0.13] | -0.0017205673994772743
-0.38551411032676697 | [0.13] | -0.0015778460014438033
-0.39251062273979187 | [0.12] | -0.0014440627743244419
-0.40028488636016846 | [0.11] | -0.0013197581125469443
-0.4087907373905182 | [0.11] | -0.0012053178491555974
-0.417976051568985 | [0.1] | -0.0011009798894111448
-0.42778295278549194 | [0.1] | -0.0010068453360794814
-0.4381481111049652 | [0.1] | -0.0009228928790340186
-0.44900304079055786 | [0.09] | -0.0008489979017529065
-0.4602745771408081 | [0.09] | -0.0007849545085094934
-0.4718852937221527 | [0.09] | -0.0007305005560284787
-0.48375409841537476 | [0.08] | -0.0006853440125000159
-0.4957968592643738 | [0.08] | -0.0006491902676107279
-0.5079270005226135 | [0.08] | -0.000621768985230477
-0.5200563669204712 | [0.08] | -0.0006028580730585677
-0.5320958495140076 | [0.08] | -0.000592305705934098
-0.5439561605453491 | [0.08] | -0.0005900469736751408
-0.5555486679077148 | [0.08] | -0.0005961159775271435
-0.5667861104011536 | [0.08] | -0.0006106517821370179
-0.5775833129882812 | [0.08] | -0.0006338984912682494
-0.5878580212593079 | [0.08] | -0.0006661990831111012
-0.5975313186645508 | [0.08] | -0.0007079840217994815
-0.6065284609794617 | [0.09] | -0.0007597540044931219
-0.6147792339324951 | [0.09] | -0.0008220588019494609
-0.622218668460846 | [0.09] | -0.0008954722205709513
-0.6287872791290283 | [0.1] | -0.0009805646135901673
-0.6344314217567444 | [0.1] | -0.0010778735140367305
-0.6391038298606873 | [0.11] | -0.0011878724381576462
-0.6427637338638306 | [0.11] | -0.0013109402915599312
-0.6453770399093628 | [0.12] | -0.0014473305554449035
-0.6469167470932007 | [0.13] | -0.001597140758582461
-0.6473629474639893 | [0.13] | -0.0017602842461008725
-0.6467030644416809 | [0.14] | -0.0019364632659388576
-0.6449320316314697 | [0.15] | -0.0021251448282411847
-0.6420522928237915 | [0.15] | -0.0023255404789788553
-0.6380739808082581 | [0.16] | -0.0025365896632820566
-0.633014976978302 | [0.17] | -0.0027569490806371453
-0.6269009709358215 | [0.17] | -0.002984987917504813
-0.6197654008865356 | [0.18] | -0.0032187912662579817
-0.6116493940353394 | [0.19] | -0.003456171928840836
-0.6026018261909485 | [0.19] | -0.0036946910657065083
-0.5926789045333862 | [0.2] | -0.003931690526221928
-0.5819441676139832 | [0.2] | -0.00416433330396351
-0.570468008518219 | [0.21] | -0.004389656135029013
-0.5583271980285645 | [0.21] | -0.0046046303463542345
-0.5456045269966125 | [0.22] | -0.004806228648112382
-0.5323880910873413 | [0.22] | -0.004991499172238088
-0.5187705755233765 | [0.23] | -0.005157640744418078
-0.5048486590385437 | [0.23] | -0.005302076334313031
-0.4907218813896179 | [0.23] | -0.005422524123938576
-0.4764919877052307 | [0.23] | -0.005517059286237227
-0.4622618854045868 | [0.24] | -0.005584165196898753
-0.44813475012779236 | [0.24] | -0.005622772288318936
-0.4342131018638611 | [0.24] | -0.005632281490012067
-0.4205978512763977 | [0.24] | -0.005612572478425248
-0.40738749504089355 | [0.24] | -0.005563996242214114
-0.39467737078666687 | [0.23] | -0.005487354103047792
-0.3825588524341583 | [0.23] | -0.005383863936449214
-0.37111881375312805 | [0.23] | -0.0052551171995574505
-0.3604390323162079 | [0.23] | -0.0051030280989887815
-0.3505958318710327 | [0.22] | -0.004929778939254193
-0.34165963530540466 | [0.22] | -0.004737764196008529
-0.333694726228714 | [0.21] | -0.004529534573379459
-0.3267590403556824 | [0.21] | -0.004307743711895732
-0.320904016494751 | [0.2] | -0.004075099341716009
-0.3161744177341461 | [0.2] | -0.0038343191922562015
-0.3126083016395569 | [0.19] | -0.0035880906031908384
-0.31023693084716797 | [0.18] | -0.003339036132229513
-0.30908462405204773 | [0.18] | -0.0030896833791857984
-0.3091687262058258 | [0.17] | -0.002842437665780601
-0.31049951910972595 | [0.16] | -0.0025995580879286007
-0.3130800426006317 | [0.15] | -0.002363135943435491
-0.3169059753417969 | [0.15] | -0.002135074459772507
-0.3219654858112335 | [0.14] | -0.0019170697514591826
-0.32823899388313293 | [0.13] | -0.001710593709021513
-0.33569908142089844 | [0.12] | -0.0015168778468709534
-0.3443102240562439 | [0.12] | -0.0013369000377501307
-0.3540286719799042 | [0.11] | -0.0011713748057557696
-0.36480242013931274 | [0.1] | -0.001020747534371916
-0.37657105922698975 | [0.09] | -0.0008851959411393166
-0.38926586508750916 | [0.09] | -0.0007646380157790903
-0.4028099477291107 | [0.08] | -0.0006587488102596816
-0.41711848974227905 | [0.08] | -0.0005669868880091837
-0.43209919333457947 | [0.07] | -0.0004886294866628875
-0.4476526975631714 | [0.07] | -0.00042281726364786724
-0.46367335319519043 | [0.06] | -0.00036860568612408657
-0.4800499677658081 | [0.06] | -0.0003250221549241212
-0.49666672945022583 | [0.05] | -0.00029112547343418025
-0.5134043097496033 | [0.05] | -0.0002660643965739384
-0.5301409959793091 | [0.05] | -0.0002491320653522187
-0.5467537641525269 | [0.05] | -0.0002398126070713943
-0.5631195306777954 | [0.05] | -0.00023781782203956443
-0.5791164636611938 | [0.05] | -0.00024311084556064371
-0.594624936580658 | [0.05] | -0.00025591721284715677
-0.6095288991928101 | [0.05] | -0.00027672117874318763
-0.6237165927886963 | [0.06] | -0.00030625023090197077
-0.6370816230773926 | [0.06] | -0.0003454473594576248
-0.6495236754417419 | [0.06] | -0.0003954347036083575
-0.6609492897987366 | [0.07] | -0.0004574694988455268
-0.6712722182273865 | [0.07] | -0.0005328961934127834
-0.6804139614105225 | [0.08] | -0.0006230952081453054
-0.6883041262626648 | [0.09] | -0.0007294308343798661
-0.6948805451393127 | [0.09] | -0.000853199466413654
-0.7000895738601685 | [0.1] | -0.0009955785268845542
-0.7038862109184265 | [0.11] | -0.0011575764024464993
-0.7062342762947083 | [0.12] | -0.0013399833856308802
-0.7071064710617065 | [0.12] | -0.0015433240202555858
-0.7064844965934753 | [0.13] | -0.0017678102744823222
-0.704359233379364 | [0.14] | -0.0020132957868430595
-0.7007309198379517 | [0.15] | -0.0022792321420794484
-0.6956092715263367 | [0.16] | -0.002564628360012102
-0.6890138387680054 | [0.17] | -0.002868014719580203
-0.6809740662574768 | [0.18] | -0.0031874147260869596
-0.6715295314788818 | [0.19] | -0.0035203265344307395
-0.6607301235198975 | [0.2] | -0.003863718609206799
-0.6486361622810364 | [0.21] | -0.004214041415810795
-0.6353183388710022 | [0.21] | -0.0045672604667081635
-0.6208576560020447 | [0.22] | -0.004918911151814559
-0.6053451895713806 | [0.23] | -0.005264177711919175
-0.5888815522193909 | [0.24] | -0.005597996969551541
-0.5715765357017517 | [0.24] | -0.005915182139761286
-0.5535480976104736 | [0.25] | -0.0062105667938537855
-0.5349215269088745 | [0.25] | -0.00647915860667924
-0.5158282518386841 | [0.26] | -0.006716297399210272
-0.4964044988155365 | [0.26] | -0.006917808097056544
-0.4767899513244629 | [0.27] | -0.007080140087168327
-0.4571262001991272 | [0.27] | -0.007200482462667052
-0.437555193901062 | [0.27] | -0.007276848812183906
-0.4182177186012268 | [0.27] | -0.0073081287564445915
-0.3992519974708557 | [0.27] | -0.007294099564216467
-0.3807922899723053 | [0.27] | -0.007235402880928052
-0.36296769976615906 | [0.27] | -0.007133487607309858
-0.34590113162994385 | [0.26] | -0.006990528101382056
-0.329708456993103 | [0.26] | -0.006809317439623214
-0.3144979178905487 | [0.26] | -0.006593154067255031
-0.30036962032318115 | [0.25] | -0.006345721376031139
-0.2874153256416321 | [0.25] | -0.006070972264556249
-0.2757182717323303 | [0.24] | -0.005773021010207806
-0.2653532326221466 | [0.23] | -0.0054560493061260205
-0.2563866376876831 | [0.23] | -0.0051242264812589805
-0.24887673556804657 | [0.22] | -0.0047816459842589774
-0.24287378787994385 | [0.21] | -0.004432277003869756
-0.2384202778339386 | [0.2] | -0.004079929219793323
-0.23555108904838562 | [0.19] | -0.0037282277851333925
-0.2342936247587204 | [0.18] | -0.0033805960049556986
-0.2346678078174591 | [0.17] | -0.0030402426047302583
-0.2366860955953598 | [0.16] | -0.002710149508868027
-0.24035325646400452 | [0.15] | -0.0023930588000028595
-0.24566614627838135 | [0.14] | -0.002091455669282628
-0.2526133358478546 | [0.13] | -0.0018075465831276936
-0.26117464900016785 | [0.12] | -0.0015432321990394777
-0.2713207006454468 | [0.11] | -0.001300074729986032
-0.2830122709274292 | [0.1] | -0.0010792634649946981
-0.2961997985839844 | [0.09] | -0.0008815788402911609
-0.3108227252960205 | [0.08] | -0.0007073609399913611
-0.3268091380596161 | [0.07] | -0.0005564853574556659
-0.3440753221511841 | [0.07] | -0.0004283526319639528
-0.3625255823135376 | [0.06] | -0.00032189562667540026
-0.38205233216285706 | [0.05] | -0.00023560934335719078
-0.4025362432003021 | [0.04] | -0.000167605304602257
-0.42384690046310425 | [0.03] | -0.00011569202393508539
-0.44584354758262634 | [0.03] | -7.747899380877166e-05
-0.4683763384819031 | [0.02] | -5.049983405826648e-05
-0.4912877082824707 | [0.02] | -3.234723953902441e-05
-0.5144140720367432 | [0.01] | -2.0810500603192402e-05
-0.5375876426696777 | [0.01] | -1.4005549570317877e-05
-0.5606386065483093 | [0.01] | -1.0487193845400202e-05
-0.5833969712257385 | [0.01] | -9.335181257491788e-06
-0.6056947708129883 | [0.01] | -1.0207964861247769e-05
-0.6273678541183472 | [0.01] | -1.3361564523347022e-05
-0.648257851600647 | [0.01] | -1.9634136292259503e-05
-0.6682135462760925 | [0.02] | -3.040025978170217e-05
-0.6870921850204468 | [0.02] | -4.750107614435455e-05
-0.7047604918479919 | [0.03] | -7.315801744858578e-05
-0.7210954427719116 | [0.03] | -0.00010987784209535168
-0.7359845638275146 | [0.04] | -0.0001603562929677093
-0.7493263483047485 | [0.05] | -0.00022738555232015373
-0.7610301375389099 | [0.06] | -0.0003137695721913424
-0.7710159420967102 | [0.06] | -0.00042224887650367597
-0.7792144417762756 | [0.07] | -0.0005554336291763767
-0.7855664491653442 | [0.08] | -0.0007157446969774336
-0.7900229096412659 | [0.1] | -0.0009053581207121863
-0.7925444841384888 | [0.11] | -0.0011261511334613378
-0.7931016683578491 | [0.12] | -0.0013796449003976095
-0.7916744947433472 | [0.13] | -0.001666942649034025
-0.7882529497146606 | [0.14] | -0.001988658967303359
-0.7828370332717896 | [0.15] | -0.002344841897334301
-0.7754372358322144 | [0.17] | -0.002734886883338044
-0.7660752534866333 | [0.18] | -0.0031574454281129353
-0.754784345626831 | [0.19] | -0.0036103357919901958
-0.7416102290153503 | [0.2] | -0.004090458997998502
-0.7266117334365845 | [0.21] | -0.004593732505138678
-0.7098615765571594 | [0.23] | -0.005115050981803119
-0.6914467811584473 | [0.24] | -0.005648285112846596
-0.6714691519737244 | [0.25] | -0.006186330228698328
-0.6500454545021057 | [0.26] | -0.0067212150122831415
-0.6273070573806763 | [0.27] | -0.007244272219264079
-0.6033996343612671 | [0.28] | -0.007746374848334087
-0.578481912612915 | [0.29] | -0.008218230476686416
-0.5527244210243225 | [0.29] | -0.008650717435569057
-0.5263075828552246 | [0.3] | -0.00903524928070767
-0.49941954016685486 | [0.31] | -0.009364130070850588
-0.472253680229187 | [0.31] | -0.009630883759044617
-0.445005863904953 | [0.31] | -0.009830524510688585
-0.41787174344062805 | [0.32] | -0.009959745756306324
-0.3910439610481262 | [0.32] | -0.010017013968299161
-0.36470961570739746 | [0.32] | -0.010002561418873566
-0.339047908782959 | [0.31] | -0.009918283610430127
-0.3142282962799072 | [0.31] | -0.009767555075126819
-0.2904089391231537 | [0.31] | -0.009554984375982557
-0.26773563027381897 | [0.3] | -0.009286134553289463
-0.24634124338626862 | [0.3] | -0.008967231650572338
-0.2263454794883728 | [0.29] | -0.008604885442476685
-0.20785515010356903 | [0.29] | -0.008205839373921654
-0.19096463918685913 | [0.28] | -0.007776762790577498
-0.17575666308403015 | [0.27] | -0.007324090145539978
-0.16230320930480957 | [0.26] | -0.0068539097158858715
-0.1506665050983429 | [0.25] | -0.006371898719243355
-0.14090010523796082 | [0.24] | -0.0058832978119773074
-0.1330498307943344 | [0.23] | -0.005392918775003697
-0.12715469300746918 | [0.22] | -0.004905174674448388
-0.1232476457953453 | [0.21] | -0.004424127090159294
-0.12135615199804306 | [0.2] | -0.003953538496488277
-0.12150254100561142 | [0.19] | -0.0034969256511172605
-0.12370418012142181 | [0.17] | -0.003057604964777472
-0.12797333300113678 | [0.16] | -0.002638725638262656
-0.1343168318271637 | [0.15] | -0.0022432846735785145
-0.14273543655872345 | [0.14] | -0.0018741202338490347
-0.1532229781150818 | [0.12] | -0.0015338810203746344
-0.16576524078845978 | [0.11] | -0.0012249691714943608
-0.18033868074417114 | [0.1] | -0.0009494589766669289
-0.19690892100334167 | [0.08] | -0.0007089925068666682
-0.21542920172214508 | [0.07] | -0.0005046602157045585
-0.23583874106407166 | [0.06] | -0.00033687367070005334
-0.25806117057800293 | [0.05] | -0.0002052438442286562
-0.28200310468673706 | [0.03] | -0.00010848068982055638
-0.30755308270454407 | [0.02] | -4.433049577259933e-05
-0.33458074927330017 | [0.01] | -9.56784190777397e-06
-0.3629366159439087 | [-0.] | -5.739933130050057e-08
-0.3924524486064911 | [-0.01] | -1.0893364757516669e-05
-0.4229423701763153 | [-0.02] | -3.661765036027749e-05
-0.4542044997215271 | [-0.03] | -7.150669893288164e-05
-0.4860234260559082 | [-0.03] | -0.00010990656170792171
-0.5181732773780823 | [-0.04] | -0.0001465866669243495
-0.5504212975502014 | [-0.04] | -0.00017707717389563727
-0.5825314521789551 | [-0.04] | -0.00019795494976953957
-0.6142686605453491 | [-0.05] | -0.0002070495360223093
-0.6454024314880371 | [-0.05] | -0.00020354774454371552
-0.6757105588912964 | [-0.04] | -0.0001879938679710721
-0.7049821019172668 | [-0.04] | -0.00016219178237837124
-0.7330198287963867 | [-0.04] | -0.00012902944713526654
-0.7596420645713806 | [-0.03] | -9.225290396612388e-05
-0.7846838235855103 | [-0.02] | -5.62191311687466e-05
-0.8079971671104431 | [-0.02] | -2.5654882393505047e-05
-0.8294510841369629 | [-0.01] | -5.443185548357866e-06
-0.8489307761192322 | [0.] | -4.5146633228128375e-07
-0.8663366436958313 | [0.01] | -1.5406876927009955e-05
-0.8815829157829285 | [0.02] | -5.481820129757541e-05
-0.8945963382720947 | [0.04] | -0.0001229376221790514
-0.9053146243095398 | [0.05] | -0.0002237530609451976
-0.9136850237846375 | [0.06] | -0.0003609992493535472
-0.9196631908416748 | [0.07] | -0.0005381758358122765
-0.9232120513916016 | [0.09] | -0.0007585610516812363
-0.9243012070655823 | [0.1] | -0.0010252106539986533
-0.9229065179824829 | [0.12] | -0.0013409330363074222
-0.9190099239349365 | [0.13] | -0.0017082332173986054
-0.9125998616218567 | [0.15] | -0.002129219194175372
-0.9036719799041748 | [0.16] | -0.002605467037995191
-0.8922301530838013 | [0.18] | -0.0031378436632169106
-0.8782879710197449 | [0.19] | -0.003726288868903223
-0.8618703484535217 | [0.21] | -0.0043695646106327425
-0.843015730381012 | [0.23] | -0.005064982403696488
-0.8217780590057373 | [0.24] | -0.005808130040976508
-0.7982290983200073 | [0.26] | -0.0065926243033948275
-0.7724605202674866 | [0.27] | -0.007409924527549618
-0.7445857524871826 | [0.29] | -0.008249243269651211
-0.7147415280342102 | [0.3] | -0.009097596322595885
-0.6830886006355286 | [0.32] | -0.009940027860060978
-0.6498116850852966 | [0.33] | -0.01076002773156573
-0.6151186227798462 | [0.34] | -0.011540148606645293
-0.5792381763458252 | [0.35] | -0.01226279433182538
-0.5424171090126038 | [0.36] | -0.012911123813745429
-0.5049160122871399 | [0.37] | -0.013469992905529868
-0.4670044183731079 | [0.37] | -0.013926838983190973
-0.42895546555519104 | [0.38] | -0.014272405990314341
-0.3910401463508606 | [0.38] | -0.014501227432464356
-0.35352182388305664 | [0.38] | -0.0146118187735341
-0.3166510760784149 | [0.38] | -0.014606558280058753
-0.28066134452819824 | [0.38] | -0.014491292918121705
-0.2457655668258667 | [0.38] | -0.014274717832163497
-0.21215377748012543 | [0.37] | -0.013967635563080638
-0.17999190092086792 | [0.37] | -0.013582152194378564
-0.14942151308059692 | [0.36] | -0.013130918909969752
-0.12056057900190353 | [0.36] | -0.012626464691619141
-0.093504898250103 | [0.35] | -0.0120806628952142
-0.06833013892173767 | [0.34] | -0.011504348010536264
-0.045094262808561325 | [0.33] | -0.010907077218257968
-0.02384015917778015 | [0.32] | -0.010297025420767852
-0.004598329775035381 | [0.31] | -0.009680983138814785
0.012610452249646187 | [0.3] | -0.009064434097665022
0.027772631496191025 | [0.29] | -0.008451690213728177
0.04087956249713898 | [0.28] | -0.00784605730364428
0.051925431936979294 | [0.27] | -0.007250018319608551
0.06090546026825905 | [0.26] | -0.006665418106340202
0.06781436502933502 | [0.25] | -0.006093644913841811
0.07264510542154312 | [0.24] | -0.005535800840989908
0.07538791000843048 | [0.22] | -0.004992858453476959
0.07602954655885696 | [0.21] | -0.004465802888564255
0.07455292344093323 | [0.2] | -0.0039557577694887425
0.0709369033575058 | [0.19] | -0.003464094346458268
0.06515645980834961 | [0.17] | -0.0029925224186463373
0.05718310922384262 | [0.16] | -0.002543160211409415
0.04698566719889641 | [0.15] | -0.0021185791545198294
0.034531351178884506 | [0.13] | -0.0017218187510259213
0.019787263125181198 | [0.12] | -0.001356363400288784
0.002722273115068674 | [0.1] | -0.0010260734267293317
-0.01669069193303585 | [0.09] | -0.0007350616466647326
-0.03847191855311394 | [0.07] | -0.0004875067409257281
-0.06263177841901779 | [0.05] | -0.00028739906413033535
-0.08916722983121872 | [0.04] | -0.00013821799223631386
-0.11805799603462219 | [0.02] | -4.255043347907366e-05
-0.14926265180110931 | [0.] | -1.6701285024796523e-06
-0.18271470069885254 | [-0.01] | -1.511260133860494e-05
-0.21831892430782318 | [-0.03] | -8.02948513101141e-05
-0.25594833493232727 | [-0.04] | -0.00019224185319303606
-0.29544204473495483 | [-0.06] | -0.00034348574014399024
-0.3366042971611023 | [-0.07] | -0.0005241988817556741
-0.37920522689819336 | [-0.09] | -0.0007225994592858911
-0.4229830503463745 | [-0.1] | -0.000925630688222574
-0.4676484167575836 | [-0.11] | -0.001119869367011721
-0.5128901600837708 | [-0.11] | -0.0012925677339781416
-0.5583827495574951 | [-0.12] | -0.001432695821017327
-0.6037944555282593 | [-0.12] | -0.0015318375889659995
-0.6487961411476135 | [-0.13] | -0.001584814413268869
-0.693069577217102 | [-0.13] | -0.0015899459724232111
-0.7363151907920837 | [-0.12] | -0.0015489336817542223
-0.778258204460144 | [-0.12] | -0.0014664103012092618
-0.818653404712677 | [-0.12] | -0.0013492540158229873
-0.8572877645492554 | [-0.11] | -0.001205782504670773
-0.8939817547798157 | [-0.1] | -0.0010449575987726424
-0.9285885095596313 | [-0.09] | -0.0008756871714375157
-0.9609922766685486 | [-0.08] | -0.0007062884447794148
-0.9911051988601685 | [-0.07] | -0.000544136667099877
-1.0188641548156738 | [-0.06] | -0.0003954911856295477
-1.0442264080047607 | [-0.05] | -0.0002654701525799736
-1.0671660900115967 | [-0.04] | -0.0001581381822380797
-1.087669849395752 | [-0.03] | -7.666780306174966e-05
-1.1057336330413818 | [-0.02] | -2.354068372085122e-05
-1.121358871459961 | [-0.] | -7.628583715968912e-07
-1.134549856185913 | [0.01] | -1.0075124623964374e-05
-1.1453111171722412 | [0.02] | -5.314707868738282e-05
-1.1536452770233154 | [0.04] | -0.0001317487462471089
-1.1595513820648193 | [0.05] | -0.00024789734487590086
-1.1630234718322754 | [0.06] | -0.00040397899245357054
-1.1640496253967285 | [0.08] | -0.0006028450086016136
-1.1626113653182983 | [0.09] | -0.0008478828020708627
-1.1586834192276 | [0.11] | -0.0011430591114637916
-1.152233600616455 | [0.12] | -0.0014929323166364417
-1.1432236433029175 | [0.14] | -0.0019026251755944947
-1.1316097974777222 | [0.15] | -0.0023777512112417524
-1.1173443794250488 | [0.17] | -0.002924278124230166
-1.1003775596618652 | [0.19] | -0.0035483164767129006
-1.0806599855422974 | [0.21] | -0.004255811826410417
-1.058145523071289 | [0.22] | -0.0050521290571927235
-1.0327951908111572 | [0.24] | -0.005941509948564545
-1.0045815706253052 | [0.26] | -0.006926402944904021
-0.9734936356544495 | [0.28] | -0.008006677137502973
-0.9395421147346497 | [0.3] | -0.009178756792057598
-0.9027653932571411 | [0.32] | -0.010434736247750317
-0.8632351756095886 | [0.34] | -0.01176159288980303
-0.8210616707801819 | [0.36] | -0.013140631968156425
-0.7763980031013489 | [0.38] | -0.014547321846852958
-0.729442834854126 | [0.4] | -0.01595170053626976
-0.6804409623146057 | [0.42] | -0.01731946320008228
-0.6296814680099487 | [0.43] | -0.018613776015081462
-0.5774925947189331 | [0.44] | -0.01979772412578335
-0.5242338180541992 | [0.46] | -0.020837164996358945
-0.470285564661026 | [0.47] | -0.02170360200804178
-0.4160366654396057 | [0.47] | -0.022376681373506957
-0.36187100410461426 | [0.48] | -0.022845897428711837
-0.30815428495407104 | [0.48] | -0.023111238921110847
-0.2552221119403839 | [0.48] | -0.023182717840126783
-0.20337001979351044 | [0.48] | -0.023078907054601173
-0.1528462916612625 | [0.48] | -0.02282479439221513
-0.1038476824760437 | [0.47] | -0.022449322963060514
-0.05651801824569702 | [0.47] | -0.021982993469719537
-0.010949213989078999 | [0.46] | -0.021455808336469075
0.03281574696302414 | [0.46] | -0.020895717933960462
0.0747784897685051 | [0.45] | -0.02032763241493317
0.11498016864061356 | [0.44] | -0.019772941173402888
0.15349611639976501 | [0.44] | -0.019249459997750823
0.19043058156967163 | [0.43] | -0.01877167891652734
0.2259119302034378 | [0.43] | -0.018351202613477363
0.26008838415145874 | [0.42] | -0.017997294669394037
0.29312434792518616 | [0.42] | -0.017717454539660872
0.32519760727882385 | [0.42] | -0.017517967275581817
0.35649698972702026 | [0.42] | -0.01740442924172868
0.38722074031829834 | [0.42] | -0.017382210649729484
0.41757532954216003 | [0.42] | -0.01745686462632835
0.4477747976779938 | [0.42] | 99.98236550857865
Total reward: 97.66676127337247
0.1, 5.8, 0.2
parameter ends

state | action | reward
[-0.51] | [0.15] | -0.0022221639408199724
-0.5091911554336548 | [0.15] | -0.002242695260660094
-0.508958101272583 | [0.15] | -0.002263699581276554
-0.5086091160774231 | [0.15] | -0.002285030109006113
-0.5081457495689392 | [0.15] | -0.0023065343191234346
-0.5075704455375671 | [0.15] | -0.0023280547726552843
-0.5068864226341248 | [0.15] | -0.002349430637577102
-0.5060977935791016 | [0.15] | -0.0023704983703386833
-0.5052094459533691 | [0.15] | -0.002391093451396401
-0.5042269825935364 | [0.16] | -0.002411051825560088
-0.5031567811965942 | [0.16] | -0.002430210970336425
-0.5020059943199158 | [0.16] | -0.0024484113595957266
-0.500782310962677 | [0.16] | -0.0024654987151968132
-0.49949410557746887 | [0.16] | -0.00248132469775019
-0.4981502294540405 | [0.16] | -0.002495749162314949
-0.4967600703239441 | [0.16] | -0.0025086410857565124
-0.49533340334892273 | [0.16] | -0.002519880432293188
-0.49388036131858826 | [0.16] | -0.0025293592933725104
-0.492411345243454 | [0.16] | -0.0025369832547072904
-0.4909369945526123 | [0.16] | -0.002542672341336418
-0.4894680082798004 | [0.16] | -0.00254636240574718
-0.48801520466804504 | [0.16] | -0.0025480053893665554
-0.48658934235572815 | [0.16] | -0.0025475703973183795
-0.48520106077194214 | [0.16] | -0.0025450440506600783
-0.4838608205318451 | [0.16] | -0.002540430662165801
-0.482578843832016 | [0.16] | -0.002533752190210886
-0.4813649654388428 | [0.16] | -0.0025250484057159827
-0.48022863268852234 | [0.16] | -0.002514376234867997
-0.4791788160800934 | [0.16] | -0.0025018092804172097
-0.47822389006614685 | [0.16] | -0.00248743725137485
-0.4773716628551483 | [0.16] | -0.002471364757368737
-0.47662922739982605 | [0.16] | -0.002453710549554168
-0.47600293159484863 | [0.16] | -0.0024346062362794125
-0.47549834847450256 | [0.16] | -0.0024141948588547097
-0.4751201868057251 | [0.15] | -0.0023926296921802487
-0.47487232089042664 | [0.15] | -0.002370072462381908
-0.47475767135620117 | [0.15] | -0.0023466921789139948
-0.4747782349586487 | [0.15] | -0.0023226633362481053
-0.47493505477905273 | [0.15] | -0.0022981644086760046
-0.4752281606197357 | [0.15] | -0.0022733764632600693
-0.4756565988063812 | [0.15] | -0.002248481501361888
-0.47621843218803406 | [0.15] | -0.0022236610038639617
-0.4769107699394226 | [0.15] | -0.002199094515073575
-0.4777296781539917 | [0.15] | -0.0021749586594306974
-0.47867029905319214 | [0.15] | -0.002151425588940437
-0.4797268509864807 | [0.15] | -0.00212866199800129
-0.4808926284313202 | [0.15] | -0.0021068282113260325
-0.48216012120246887 | [0.14] | -0.002086077048984176
-0.4835209548473358 | [0.14] | -0.0020665534336599756
-0.4849660098552704 | [0.14] | -0.002048393421981202
-0.48648548126220703 | [0.14] | -0.002031723673143749
-0.48806890845298767 | [0.14] | -0.0020166610693738954
-0.48970529437065125 | [0.14] | -0.0020033121302470915
-0.4913831353187561 | [0.14] | -0.0019917728260277663
-0.49309054017066956 | [0.14] | -0.001982128182017317
-0.49481523036956787 | [0.14] | -0.001974452281880428
-0.4965447783470154 | [0.14] | -0.0019688075651778125
-0.4982665181159973 | [0.14] | -0.001965245259633542
-0.4999677836894989 | [0.14] | -0.0019638046683346853
-0.5016359686851501 | [0.14] | -0.001964513139006107
-0.503258466720581 | [0.14] | -0.0019673863819739917
-0.5048230290412903 | [0.14] | -0.0019724273797638867
-0.506317675113678 | [0.14] | -0.0019796267974842964
-0.5077308416366577 | [0.14] | -0.001988962631847302
-0.5090514421463013 | [0.14] | -0.00200040000218321
-0.5102689266204834 | [0.14] | -0.00201389106914541
-0.5113735198974609 | [0.14] | -0.0020293742595364926
-0.5123561024665833 | [0.14] | -0.0020467748103628106
-0.5132083892822266 | [0.14] | -0.0020660042210057443
-0.5139229893684387 | [0.14] | -0.002086960186418322
-0.5144934058189392 | [0.15] | -0.0021095267862494688
-0.5149142742156982 | [0.15] | -0.00213357396832229
-0.5151811838150024 | [0.15] | -0.002158958564227454
-0.5152907967567444 | [0.15] | -0.002185524271363599
-0.5152409672737122 | [0.15] | -0.002213101840851104
-0.5150306820869446 | [0.15] | -0.0022415100540268454
-0.5146600604057312 | [0.15] | -0.0022705565688044063
-0.5141304135322571 | [0.15] | -0.002300038735185091
-0.5134443044662476 | [0.15] | -0.00232974462475188
-0.5126053690910339 | [0.15] | -0.0023594550357476894
-0.5116184949874878 | [0.15] | -0.002388944358402841
-0.5104895830154419 | [0.16] | -0.0024179831446352277
-0.5092257261276245 | [0.16] | -0.002446339209755719
-0.5078350305557251 | [0.16] | -0.002473780313589264
-0.5063266158103943 | [0.16] | -0.0025000761309527855
-0.5047104954719543 | [0.16] | -0.0025250008068901653
-0.5029975771903992 | [0.16] | -0.0025483350530612382
-0.5011996626853943 | [0.16] | -0.0025698683433226024
-0.4993291199207306 | [0.16] | -0.0025894021983992217
-0.49739906191825867 | [0.16] | -0.0026067515159942933
-0.4954231381416321 | [0.16] | -0.002621747311846662
-0.49341538548469543 | [0.16] | -0.0026342389658782495
-0.49139025807380676 | [0.16] | -0.002644095722339748
-0.4893623888492584 | [0.16] | -0.002651208843001631
-0.4873466193675995 | [0.16] | -0.0026554926052598255
-0.48535776138305664 | [0.16] | -0.00265688599710745
-0.4834105968475342 | [0.16] | -0.0026553532227399216
-0.4815196692943573 | [0.16] | -0.0026508845478828437
-0.4796992838382721 | [0.16] | -0.0026434962268954195
-0.47796329855918884 | [0.16] | -0.002633230779180894
-0.476325124502182 | [0.16] | -0.002620156191969026
-0.47479748725891113 | [0.16] | -0.002604365663374853
-0.4733924865722656 | [0.16] | -0.002585976003496374
-0.4721214175224304 | [0.16] | -0.0025651266475444656
-0.47099465131759644 | [0.16] | -0.002541978157432844
-0.4700216054916382 | [0.16] | -0.002516710201296608
-0.4692107141017914 | [0.16] | -0.0024895194489984083
-0.46856924891471863 | [0.16] | -0.0024606177947156444
-0.4681033492088318 | [0.16] | -0.0024302297564203143
-0.46781790256500244 | [0.15] | -0.002398590384224434
-0.4677165448665619 | [0.15] | -0.0023659426846375444
-0.46780163049697876 | [0.15] | -0.002332535249877598
-0.46807414293289185 | [0.15] | -0.0022986201330494407
-0.4685337543487549 | [0.15] | -0.0022644502827605744
-0.4691787660121918 | [0.15] | -0.0022302775839376536
-0.4700060784816742 | [0.15] | -0.0021963509007976094
-0.47101131081581116 | [0.15] | -0.0021629138064789668
-0.47218871116638184 | [0.15] | -0.0021302032690554804
-0.47353124618530273 | [0.14] | -0.0020984479487305067
-0.4750305712223053 | [0.14] | -0.002067867015840775
-0.47667717933654785 | [0.14] | -0.002038668725313544
-0.4784603714942932 | [0.14] | -0.0020110497411813632
-0.48036834597587585 | [0.14] | -0.001985194287202468
-0.48238828778266907 | [0.14] | -0.0019612735062902935
-0.4845064580440521 | [0.14] | -0.0019394450534683987
-0.48670825362205505 | [0.14] | -0.001919852892914748
-0.4889783263206482 | [0.14] | -0.0019026269946255216
-0.49130067229270935 | [0.14] | -0.0018878833664282156
-0.49365878105163574 | [0.14] | -0.0018757238882297024
-0.49603569507598877 | [0.14] | -0.0018662364689575517
-0.49841418862342834 | [0.14] | -0.0018594948756662216
-0.5007768273353577 | [0.14] | -0.0018555590366622925
-0.5031061768531799 | [0.14] | -0.0018544746103744904
-0.5053848624229431 | [0.14] | -0.0018562732327949026
-0.5075957179069519 | [0.14] | -0.0018609721823585454
-0.5097219347953796 | [0.14] | -0.0018685741336584728
-0.5117471218109131 | [0.14] | -0.0018790670167155713
-0.5136556029319763 | [0.14] | -0.0018924230112823352
-0.5154322981834412 | [0.14] | -0.0019085989425794534
-0.5170629620552063 | [0.14] | -0.001927535217522737
-0.5185344219207764 | [0.14] | -0.0019491548847137222
-0.5198344588279724 | [0.14] | -0.0019733638158726035
-0.5209519863128662 | [0.14] | -0.002000049782354863
-0.5218772292137146 | [0.14] | -0.002029081701483152
-0.5226017236709595 | [0.14] | -0.002060309468566513
-0.5231183767318726 | [0.14] | -0.0020935636804920044
-0.523421585559845 | [0.15] | -0.002128655351637572
-0.523507297039032 | [0.15] | -0.0021653759510997343
-0.5233729481697083 | [0.15] | -0.0022034981016392586
-0.5230176448822021 | [0.15] | -0.002242775650796666
-0.5224420428276062 | [0.15] | -0.002282945090510101
-0.5216484665870667 | [0.15] | -0.0023237264031420986
-0.5206409096717834 | [0.15] | -0.0023648246588806447
-0.5194248557090759 | [0.16] | -0.0024059325797631923
-0.5180074572563171 | [0.16] | -0.0024467319864600657
-0.5163973569869995 | [0.16] | -0.002486897049514756
-0.5146046876907349 | [0.16] | -0.0025260969212287463
-0.5126410722732544 | [0.16] | -0.0025639988791506317
-0.5105194449424744 | [0.16] | -0.0026002720692426123
-0.5082539916038513 | [0.16] | -0.002634591195690077
-0.5058600902557373 | [0.16] | -0.0026666400088117184
-0.5033542513847351 | [0.16] | -0.0026961151305405825
-0.5007538199424744 | [0.17] | -0.0027227305653051764
-0.4980770945549011 | [0.17] | -0.0027462204437048183
-0.49534302949905396 | [0.17] | -0.0027663433395338833
-0.4925711452960968 | [0.17] | -0.002782885479765739
-0.4897814095020294 | [0.17] | -0.002795663565083079
-0.48699405789375305 | [0.17] | -0.0028045277022889976
-0.4842294752597809 | [0.17] | -0.0028093634200229453
-0.4815080761909485 | [0.17] | -0.002810093421134583
-0.4788500666618347 | [0.17] | -0.002806678989071035
-0.47627535462379456 | [0.17] | -0.002799120623257961
-0.47380343079566956 | [0.17] | -0.0027874579468970626
-0.47145316004753113 | [0.17] | -0.0027717694915266517
-0.469242662191391 | [0.17] | -0.0027521717649989386
-0.46718916296958923 | [0.17] | -0.002728817658926739
-0.46530893445014954 | [0.16] | -0.002701894278600939
-0.46361708641052246 | [0.16] | -0.002671620816564664
-0.4621275067329407 | [0.16] | -0.0026382455919342824
-0.460852712392807 | [0.16] | -0.0026020430259307004
-0.4598037898540497 | [0.16] | -0.002563310088505623
-0.4589902460575104 | [0.16] | -0.002522363005497972
-0.4584200084209442 | [0.16] | -0.0024795331911539
-0.4580993056297302 | [0.16] | -0.0024351637149857964
-0.45803263783454895 | [0.15] | -0.002389605445098149
-0.4582226574420929 | [0.15] | -0.0023432136376565797
-0.4586702585220337 | [0.15] | -0.0022963439286590582
-0.45937442779541016 | [0.15] | -0.002249349466754358
-0.46033233404159546 | [0.15] | -0.002202577416603959
-0.46153929829597473 | [0.15] | -0.002156366271581479
-0.4629887640476227 | [0.15] | -0.002111043456002494
-0.46467235684394836 | [0.14] | -0.002066923016448357
-0.46657994389533997 | [0.14] | -0.002024303697997156
-0.4686996638774872 | [0.14] | -0.0019834675637510936
-0.4710180163383484 | [0.14] | -0.0019446787200027345
-0.4735199213027954 | [0.14] | -0.0019081827670619782
-0.4761888086795807 | [0.14] | -0.0018742061216923817
-0.47900670766830444 | [0.14] | -0.0018429559879678552
-0.481954425573349 | [0.13] | -0.0018146202752455335
-0.48501160740852356 | [0.13] | -0.0017893680273005502
-0.48815688490867615 | [0.13] | -0.001767349936433277
-0.49136805534362793 | [0.13] | -0.001748698672031631
-0.49462223052978516 | [0.13] | -0.0017335296816276065
-0.4978959560394287 | [0.13] | -0.0017219418407043573
-0.5011654496192932 | [0.13] | -0.001714017881534805
-0.5044066905975342 | [0.13] | -0.0017098249887010177
-0.5075955986976624 | [0.13] | -0.0017094151919044812
-0.5107083916664124 | [0.13] | -0.001712824815471963
-0.5137215256690979 | [0.13] | -0.0017200752453805628
-0.5166119933128357 | [0.13] | -0.0017311721176403673
-0.5193575024604797 | [0.13] | -0.0017461046947770697
-0.5219365954399109 | [0.13] | -0.0017648451769694833
-0.524328887462616 | [0.13] | -0.0017873474630309594
-0.5265151858329773 | [0.13] | -0.0018135460264593383
-0.5284776091575623 | [0.14] | -0.0018433545743077638
-0.5301997661590576 | [0.14] | -0.0018766644048209043
-0.5316669344902039 | [0.14] | -0.0019133427819978503
-0.5328661203384399 | [0.14] | -0.0019532315923780296
-0.5337861776351929 | [0.14] | -0.0019961459414964194
-0.5344179272651672 | [0.14] | -0.0020418728619591704
-0.53475421667099 | [0.14] | -0.002090170424911496
-0.5347899794578552 | [0.15] | -0.0021407671774980224
-0.5345223546028137 | [0.15] | -0.0021933617252466275
-0.533950686454773 | [0.15] | -0.002247623191642736
-0.5330764651298523 | [0.15] | -0.0023031923393666775
-0.5319035649299622 | [0.15] | -0.002359682166168225
-0.5304379463195801 | [0.16] | -0.0024166811226780816
-0.5286878347396851 | [0.16] | -0.0024737549175462455
-0.5266636610031128 | [0.16] | -0.002530450082064724
-0.5243778824806213 | [0.16] | -0.0025862984216670185
-0.5218450427055359 | [0.16] | -0.0026408210629900774
-0.5190815925598145 | [0.16] | -0.0026935339426745926
-0.5161058306694031 | [0.17] | -0.002743953191288635
-0.5129377841949463 | [0.17] | -0.0027916011997617205
-0.5095990896224976 | [0.17] | -0.0028360127236019828
-0.5061127543449402 | [0.17] | -0.002876741646842252
-0.5025030374526978 | [0.17] | -0.00291336705621874
-0.49879541993141174 | [0.17] | -0.0029454989579977865
-0.4950162470340729 | [0.17] | -0.0029727849644237865
-0.4911925494670868 | [0.17] | -0.002994915661552494
-0.4873519241809845 | [0.17] | -0.0030116292628149586
-0.48352229595184326 | [0.17] | -0.0030227159322405504
-0.4797317385673523 | [0.17] | -0.0030280211237449454
-0.47600820660591125 | [0.17] | -0.003027448476081067
-0.4723794162273407 | [0.17] | -0.0030209611445918454
-0.4688725471496582 | [0.17] | -0.003008582720729736
-0.46551409363746643 | [0.17] | -0.0029903968178766733
-0.4623296856880188 | [0.17] | -0.002966545809139959
-0.4593438506126404 | [0.17] | -0.002937228795338034
-0.45657986402511597 | [0.17] | -0.0029026985157485268
-0.4540596008300781 | [0.17] | -0.0028632574785428244
-0.4518032670021057 | [0.17] | -0.0028192539677488466
-0.4498293995857239 | [0.17] | -0.0027710762859833866
-0.44815459847450256 | [0.16] | -0.002719147990663794
-0.44679346680641174 | [0.16] | -0.0026639217197293973
-0.4457584619522095 | [0.16] | -0.0026058732895332
-0.4450598359107971 | [0.16] | -0.0025454955368860908
-0.4447054862976074 | [0.16] | -0.0024832924126109435
-0.4447009563446045 | [0.16] | -0.0024197728068054807
-0.44504931569099426 | [0.15] | -0.0023554450903633924
-0.4457511305809021 | [0.15] | -0.002290811671337923
-0.4468044936656952 | [0.15] | -0.002226363845927886
-0.448204904794693 | [0.15] | -0.0021625777550515696
-0.4499453902244568 | [0.14] | -0.0020999099871415404
-0.4520164132118225 | [0.14] | -0.002038794668219963
-0.4544060230255127 | [0.14] | -0.001979640366321739
-0.4570997953414917 | [0.14] | -0.001922828368845737
-0.4600810110569 | [0.14] | -0.0018687109959579667
-0.4633306860923767 | [0.13] | -0.0018176109556289944
-0.4668276906013489 | [0.13] | -0.001769821110131766
-0.4705488681793213 | [0.13] | -0.0017256050164929353
-0.4744691848754883 | [0.13] | -0.0016851976713377272
-0.4785619378089905 | [0.13] | -0.0016488067865160052
-0.48279881477355957 | [0.13] | -0.001616614786113736
-0.4871502220630646 | [0.13] | -0.0015887803105679946
-0.491585373878479 | [0.13] | -0.0015654405291169512
-0.49607259035110474 | [0.12] | -0.0015467131595029134
-0.5005794763565063 | [0.12] | -0.001532698404613641
-0.5050731301307678 | [0.12] | -0.0015234808923621373
-0.5095205307006836 | [0.12] | -0.0015191305169472895
-0.5138885974884033 | [0.12] | -0.0015197042532529637
-0.5181445479393005 | [0.12] | -0.0015252462355876022
-0.5222561955451965 | [0.12] | -0.0015357877871201128
-0.5261920094490051 | [0.12] | -0.0015513471360541627
-0.5299215316772461 | [0.13] | -0.0015719279387092179
-0.5334155559539795 | [0.13] | -0.0015975177038981378
-0.5366464257240295 | [0.13] | -0.0016280853147347134
-0.5395880341529846 | [0.13] | -0.0016635789550115201
-0.5422163009643555 | [0.13] | -0.001703922097604976
-0.54450923204422 | [0.13] | -0.0017490105959894126
-0.5464470386505127 | [0.13] | -0.001798709301425812
-0.5480124354362488 | [0.14] | -0.0018528479954312794
-0.5491907596588135 | [0.14] | -0.0019112180563608011
-0.5499699115753174 | [0.14] | -0.0019735698188840093
-0.5503407716751099 | [0.14] | -0.0020396087558142194
-0.5502970814704895 | [0.15] | -0.0021089940299117973
-0.5498355031013489 | [0.15] | -0.002181336961682142
-0.5489558577537537 | [0.15] | -0.002256199762609276
-0.5476608872413635 | [0.15] | -0.0023330967843230156
-0.5459564924240112 | [0.16] | -0.002411495056175583
-0.5438516139984131 | [0.16] | -0.002490817300068574
-0.5413581728935242 | [0.16] | -0.0025704457236633126
-0.5384911298751831 | [0.16] | -0.002649726548250123
-0.535268247127533 | [0.17] | -0.002727976848416013
-0.5317100882530212 | [0.17] | -0.0028044914309480473
-0.5278398990631104 | [0.17] | -0.002878551319022867
-0.5236834287643433 | [0.17] | -0.002949433184461236
-0.5192687511444092 | [0.17] | -0.003016419351538916
-0.5146260261535645 | [0.18] | -0.003078808651514377
-0.509787380695343 | [0.18] | -0.003135927052559634
-0.5047866702079773 | [0.18] | -0.0031871382980407496
-0.49965915083885193 | [0.18] | -0.0032318552122044576
-0.4944413900375366 | [0.18] | -0.003269548948394559
-0.48917078971862793 | [0.18] | -0.003299759350882836
-0.4838854670524597 | [0.18] | -0.0033221022001866767
-0.4786238968372345 | [0.18] | -0.003336276854133699
-0.47342461347579956 | [0.18] | -0.00334207129427105
-0.46832600235939026 | [0.18] | -0.0033393660036203643
-0.46336594223976135 | [0.18] | -0.0033281360805938252
-0.45858150720596313 | [0.18] | -0.0033084519574629887
-0.4540087878704071 | [0.18] | -0.003280477409780726
-0.4496825337409973 | [0.18] | -0.0032444668626459513
-0.44563594460487366 | [0.18] | -0.003200760857659242
-0.441900372505188 | [0.18] | -0.0031497802011199562
-0.43850523233413696 | [0.18] | -0.003092018103024674
-0.435477614402771 | [0.17] | -0.003028032837554105
-0.4328422248363495 | [0.17] | -0.0029584381350598824
-0.43062111735343933 | [0.17] | -0.002883893963014962
-0.42883360385894775 | [0.17] | -0.0028050963465771294
-0.427496075630188 | [0.17] | -0.00272276746427001
-0.42662185430526733 | [0.16] | -0.002637645731563592
-0.4262211322784424 | [0.16] | -0.0025504757784412567
-0.42630085349082947 | [0.16] | -0.002461999272111922
-0.4268646240234375 | [0.15] | -0.002372946127262694
-0.4279126822948456 | [0.15] | -0.002284026277956858
-0.4294418692588806 | [0.15] | -0.0021959223869732715
-0.4314455986022949 | [0.15] | -0.002109283444784183
-0.43391385674476624 | [0.14] | -0.0020247194280923605
-0.4368332326412201 | [0.14] | -0.001942796894507024
-0.4401869475841522 | [0.14] | -0.0018640358013647365
-0.4439549446105957 | [0.13] | -0.0017889072948462925
-0.44811397790908813 | [0.13] | -0.0017178329214769302
-0.4526377320289612 | [0.13] | -0.0016511846151209823
-0.4574969410896301 | [0.13] | -0.0015892863639102106
-0.4626595675945282 | [0.12] | -0.001532416251363894
-0.4680910110473633 | [0.12] | -0.0014808096914182205
-0.47375431656837463 | [0.12] | -0.001434663502148013
-0.4796103835105896 | [0.12] | -0.0013941406394225042
-0.4856182932853699 | [0.12] | -0.0013593749789337051
-0.4917355477809906 | [0.12] | -0.0013304765560515368
-0.49791839718818665 | [0.11] | -0.0013075367130869397
-0.5041221380233765 | [0.11] | -0.0012906330037633276
-0.5103014707565308 | [0.11] | -0.0012798333020180132
-0.5164108276367188 | [0.11] | -0.0012751994884326783
-0.522404670715332 | [0.11] | -0.0012767901763227542
-0.5282379984855652 | [0.11] | -0.0012846617670715294
-0.5338665246963501 | [0.11] | -0.0012988694134441325
-0.5392470955848694 | [0.11] | -0.0013194655768126954
-0.544338047504425 | [0.12] | -0.001346498015865856
-0.5490995049476624 | [0.12] | -0.0013800062968706553
-0.5534936785697937 | [0.12] | -0.0014200171804042278
-0.5574851632118225 | [0.12] | -0.0014665389982992695
-0.5610412955284119 | [0.12] | -0.0015195548627245066
-0.5641323328018188 | [0.13] | -0.001579015925738372
-0.5667316317558289 | [0.13] | -0.001644833704411436
-0.5688159465789795 | [0.13] | -0.0017168722321964777
-0.5703656077384949 | [0.13] | -0.0017949402859822824
-0.57136470079422 | [0.14] | -0.001878784158486524
-0.5718011856079102 | [0.14] | -0.0019680810263263053
-0.571666955947876 | [0.14] | -0.002062433391575256
-0.5709580779075623 | [0.15] | -0.002161364067490884
-0.5696746706962585 | [0.15] | -0.0022643137229713096
-0.5678210854530334 | [0.15] | -0.0023706389910501968
-0.5654058456420898 | [0.16] | -0.002479613342451044
-0.5624416470527649 | [0.16] | -0.0025904295461397966
-0.55894535779953 | [0.16] | -0.002702204527697034
-0.5549378991127014 | [0.17] | -0.0028139866721203213
-0.5504441261291504 | [0.17] | -0.002924765473670837
-0.5454927086830139 | [0.17] | -0.003033483360416117
-0.5401159524917603 | [0.18] | -0.0031390494625860494
-0.5343496203422546 | [0.18] | -0.0032403555157696977
-0.5282326340675354 | [0.18] | -0.0033362936984986193
-0.5218068957328796 | [0.19] | -0.0034257746181450945
-0.5151169896125793 | [0.19] | -0.0035077468078661515
-0.508209764957428 | [0.19] | -0.0035812165063972556
-0.5011340379714966 | [0.19] | -0.003645266493195236
-0.4939402937889099 | [0.19] | -0.0036990737544654543
-0.48668017983436584 | [0.19] | -0.0037419265627597394
-0.4794062376022339 | [0.19] | -0.0037732382351704885
-0.4721713960170746 | [0.19] | -0.003792559332770392
-0.4650286138057709 | [0.19] | -0.003799586406022526
-0.45803046226501465 | [0.19] | -0.0037941675401138215
-0.4512287378311157 | [0.19] | -0.0037763052595019136
-0.4446740448474884 | [0.19] | -0.003746155277231221
-0.43841543793678284 | [0.19] | -0.003704022764316958
-0.43250009417533875 | [0.19] | -0.0036503551000084977
-0.4269729256629944 | [0.19] | -0.003585732666730162
-0.42187631130218506 | [0.19] | -0.00351085660611814
-0.41724976897239685 | [0.19] | -0.003426535325955776
-0.4131297171115875 | [0.18] | -0.003333669375611112
-0.40954920649528503 | [0.18] | -0.0032332352578487034
-0.4065377712249756 | [0.18] | -0.0031262686962469873
-0.40412113070487976 | [0.17] | -0.003013848087302153
-0.40232110023498535 | [0.17] | -0.002897077585690797
-0.40115541219711304 | [0.17] | -0.0027770709631407295
-0.40063756704330444 | [0.16] | -0.0026549361992090677
-0.400776743888855 | [0.16] | -0.0025317608437939528
-0.4015777111053467 | [0.16] | -0.002408598542481039
-0.40304073691368103 | [0.15] | -0.0022864569217173115
-0.4051615595817566 | [0.15] | -0.002166286718570875
-0.40793129801750183 | [0.14] | -0.002048972640964998
-0.4113365411758423 | [0.14] | -0.0019353255175467042
-0.415359228849411 | [0.14] | -0.0018260766849317327
-0.4199768304824829 | [0.13] | -0.0017218736758951858
-0.42516231536865234 | [0.13] | -0.0016232784530666713
-0.4308842718601227 | [0.12] | -0.001530767253090224
-0.4371070861816406 | [0.12] | -0.001444732352863313
-0.4437910318374634 | [0.12] | -0.0013654863910655
-0.45089253783226013 | [0.11] | -0.001293268053032334
-0.45836445689201355 | [0.11] | -0.0012282497401664202
-0.4661562740802765 | [0.11] | -0.001170547095302179
-0.47421449422836304 | [0.11] | -0.0011202290549445027
-0.4824829697608948 | [0.1] | -0.0010773292981052288
-0.4909033477306366 | [0.1] | -0.0010418578984609515
-0.49941545724868774 | [0.1] | -0.0010138129425041134
-0.5079577565193176 | [0.1] | -0.0009931913452377156
-0.516467809677124 | [0.1] | -0.0009799985931014754
-0.5248828530311584 | [0.1] | -0.0009742569997846355
-0.5331401824951172 | [0.1] | -0.0009760117865509396
-0.5411778092384338 | [0.1] | -0.0009853350308801725
-0.5489347577095032 | [0.1] | -0.0010023269483873702
-0.5563516616821289 | [0.1] | -0.0010271144631462642
-0.5633713006973267 | [0.1] | -0.0010598469095524795
-0.5699389576911926 | [0.1] | -0.001100689671976561
-0.5760027766227722 | [0.11] | -0.0011498152265019697
-0.5815143585205078 | [0.11] | -0.001207391552477268
-0.5864289402961731 | [0.11] | -0.001273569817181838
-0.5907058119773865 | [0.12] | -0.0013484699459032964
-0.5943085551261902 | [0.12] | -0.0014321654869781392
-0.5972054600715637 | [0.12] | -0.0015246678626299813
-0.5993695855140686 | [0.13] | -0.0016259109992445568
-0.6007790565490723 | [0.13] | -0.00173573601532124
-0.6014171838760376 | [0.14] | -0.0018538768816658835
-0.601272702217102 | [0.14] | -0.001979947255017442
-0.6003398895263672 | [0.15] | -0.002113429275137306
-0.5986185073852539 | [0.15] | -0.0022536651856593665
-0.5961140394210815 | [0.15] | -0.002399850590442433
-0.5928376317024231 | [0.16] | -0.0025510318737260672
-0.5888060331344604 | [0.16] | -0.002706107192328701
-0.5840417742729187 | [0.17] | -0.002863830338023217
-0.5785728096961975 | [0.17] | -0.003022821217987423
-0.5724326372146606 | [0.18] | -0.0031815782230136974
-0.5656599402427673 | [0.18] | -0.003338497560487935
-0.5582985877990723 | [0.19] | -0.0034918949994707047
-0.5503971576690674 | [0.19] | -0.003640033752311096
-0.5420087575912476 | [0.19] | -0.003781154091151169
-0.5331906676292419 | [0.2] | -0.003913507318745252
-0.5240039229393005 | [0.2] | -0.004035390469316952
-0.5145127773284912 | [0.2] | -0.0041451832783621885
-0.5047844052314758 | [0.21] | -0.004241382561986598
-0.4948881268501282 | [0.21] | -0.00432263778660619
-0.4848950505256653 | [0.21] | -0.00438778042427051
-0.47487741708755493 | [0.21] | -0.0044358517592884205
-0.4649079442024231 | [0.21] | -0.004466124494750609
-0.4550594091415405 | [0.21] | -0.004478117598638281
-0.4454038739204407 | [0.21] | -0.004471606913267506
-0.43601223826408386 | [0.21] | -0.0044466265531345325
-0.42695367336273193 | [0.21] | -0.004403465672831855
-0.4182950556278229 | [0.21] | -0.004342658427525228
-0.4101005494594574 | [0.21] | -0.004264968870583787
-0.4024311602115631 | [0.2] | -0.004171370425105999
-0.3953442871570587 | [0.2] | -0.004063023059351811
-0.3888934254646301 | [0.2] | -0.003941246582660616
-0.38312777876853943 | [0.2] | -0.0038074928993714107
-0.37809205055236816 | [0.19] | -0.003663317154125523
-0.37382620573043823 | [0.19] | -0.0035103489454564075
-0.3703652024269104 | [0.18] | -0.003350264884028432
-0.36773884296417236 | [0.18] | -0.0031847611034769192
-0.3659716248512268 | [0.17] | -0.003015528127717216
-0.3650825619697571 | [0.17] | -0.0028442273145506632
-0.36508509516716003 | [0.16] | -0.0026724689559367003
-0.3659869432449341 | [0.16] | -0.0025017925672132096
-0.3677900731563568 | [0.15] | -0.0023336487927979525
-0.37049052119255066 | [0.15] | -0.002169383913425219
-0.3740783929824829 | [0.14] | -0.002010225861887353
-0.37853777408599854 | [0.14] | -0.001857272791716884
-0.3838466703891754 | [0.13] | -0.0017114841003056714
-0.38997703790664673 | [0.13] | -0.0015736737504382374
-0.39689478278160095 | [0.12] | -0.0014445069279817996
-0.40455979108810425 | [0.12] | -0.0013244998855114908
-0.4129261076450348 | [0.11] | -0.0012140229581166174
-0.4219420254230499 | [0.11] | -0.0011133079589623288
-0.43155035376548767 | [0.1] | -0.0010224587716732717
-0.4416886270046234 | [0.1] | -0.0009414661678500017
-0.45228952169418335 | [0.09] | -0.0008702259482941968
-0.4632812440395355 | [0.09] | -0.0008085601439966584
-0.47458797693252563 | [0.09] | -0.0007562404524497287
-0.4861305356025696 | [0.08] | -0.0007130131527212353
-0.49782684445381165 | [0.08] | -0.0006786244414071704
-0.5095927119255066 | [0.08] | -0.0006528447843937999
-0.521342396736145 | [0.08] | -0.0006354912851021145
-0.5329893827438354 | [0.08] | -0.0006264469608419178
-0.5444472432136536 | [0.08] | -0.0006256754177987809
-0.5556302070617676 | [0.08] | -0.0006332313068433339
-0.5664539337158203 | [0.08] | -0.0006492651645394294
-0.5768362879753113 | [0.08] | -0.0006740220537112784
-0.5866978764533997 | [0.08] | -0.000707835246214331
-0.5959628820419312 | [0.09] | -0.0007511142340169362
-0.6045593619346619 | [0.09] | -0.0008043286651934729
-0.6124200820922852 | [0.09] | -0.0008679869061612779
-0.6194827556610107 | [0.1] | -0.0009426129365157065
-0.6256905198097229 | [0.1] | -0.0010287196704324697
-0.6309924125671387 | [0.11] | -0.00112678051960458
-0.6353434920310974 | [0.11] | -0.0012372009623392946
-0.6387052536010742 | [0.12] | -0.001360288708920843
-0.6410458087921143 | [0.12] | -0.0014962246944127647
-0.6423401236534119 | [0.13] | -0.0016450348199209292
-0.6425701975822449 | [0.13] | -0.0018065632612387604
-0.6417252421379089 | [0.14] | -0.001980447715243014
-0.6398016214370728 | [0.15] | -0.002166098147294209
-0.6368032693862915 | [0.15] | -0.00236267745310194
-0.6327415704727173 | [0.16] | -0.0025690883325655764
-0.6276354193687439 | [0.17] | -0.002783964829512382
-0.6215113401412964 | [0.17] | -0.003005669714220763
-0.6144033670425415 | [0.18] | -0.0032323002557846977
-0.6063530445098877 | [0.19] | -0.0034617015689941567
-0.5974093675613403 | [0.19] | -0.0036914894550217365
-0.5876284241676331 | [0.2] | -0.003919082479986502
-0.5770732164382935 | [0.2] | -0.004141743865735396
-0.565813422203064 | [0.21] | -0.004356631946562872
-0.5539247989654541 | [0.21] | -0.004560858686045635
-0.5414887070655823 | [0.22] | -0.004751555495252684
-0.528591513633728 | [0.22] | -0.004925941397248843
-0.5153239369392395 | [0.23] | -0.005081393750424286
-0.5017802715301514 | [0.23] | -0.005215517267495515
-0.48805758357048035 | [0.23] | -0.00532620727379552
-0.4742547869682312 | [0.23] | -0.0054117077014745815
-0.4604717791080475 | [0.23] | -0.0054706558774830945
-0.4468085467815399 | [0.23] | -0.005502116060647037
-0.43336430191993713 | [0.23] | -0.00550559959516431
-0.42023661732673645 | [0.23] | -0.005481069668564958
-0.4075206220149994 | [0.23] | -0.005428933366035529
-0.3953082263469696 | [0.23] | -0.005350019851343976
-0.38368746638298035 | [0.23] | -0.005245547954166554
-0.3727419674396515 | [0.23] | -0.005117084418119018
-0.3625503480434418 | [0.22] | -0.004966496579486411
-0.35318586230278015 | [0.22] | -0.004795901065700346
-0.34471601247787476 | [0.21] | -0.00460761091420936
-0.3372023403644562 | [0.21] | -0.004404082910305344
-0.3307001292705536 | [0.2] | -0.004187868689737009
-0.3252582848072052 | [0.2] | -0.003961567968374662
-0.3209191858768463 | [0.19] | -0.0037277869468871415
-0.31771862506866455 | [0.19] | -0.0034891001247916416
-0.3156856596469879 | [0.18] | -0.003248017522826269
-0.31484255194664 | [0.17] | -0.0030069550229820715
-0.3152046501636505 | [0.17] | -0.002768208376931288
-0.31678029894828796 | [0.16] | -0.0025339296664377998
-0.3195706903934479 | [0.15] | -0.0023061061405816423
-0.32356971502304077 | [0.14] | -0.00208654056190631
-0.328763872385025 | [0.14] | -0.0018768329823545832
-0.33513200283050537 | [0.13] | -0.0016783647132982173
-0.34264516830444336 | [0.12] | -0.0014922838237652757
-0.3512665629386902 | [0.11] | -0.0013194932053938397
-0.36095133423805237 | [0.11] | -0.0011606430407666822
-0.371646523475647 | [0.1] | -0.0010161278890386313
-0.383291095495224 | [0.09] | -0.0008860897495420316
-0.39581596851348877 | [0.09] | -0.0007704285366214917
-0.40914425253868103 | [0.08] | -0.0006688206738205243
-0.42319151759147644 | [0.08] | -0.0005807463614762805
-0.4378661811351776 | [0.07] | -0.0005055250486977401
-0.45307013392448425 | [0.07] | -0.0004423590293938484
-0.4686993360519409 | [0.06] | -0.0003903830379664091
-0.48464471101760864 | [0.06] | -0.0003487179248515318
-0.5007929801940918 | [0.06] | -0.00031652575788508413
-0.5170277953147888 | [0.05] | -0.0002930633432182369
-0.5332306623458862 | [0.05] | -0.00027773107587403554
-0.5492822527885437 | [0.05] | -0.0002701136985854058
-0.5650634765625 | [0.05] | -0.0002700114924643496
-0.580456554889679 | [0.05] | -0.0002774599073939062
-0.5953462719917297 | [0.05] | -0.0002927361265353716
-0.6096208691596985 | [0.06] | -0.0003163535991702434
-0.6231730580329895 | [0.06] | -0.00034904462501274155
-0.6359008550643921 | [0.06] | -0.0003917328102155903
-0.6477083563804626 | [0.07] | -0.00044549725970910486
-0.6585062742233276 | [0.07] | -0.0005115306089744202
-0.6682125329971313 | [0.08] | -0.000591092708582835
-0.6767525672912598 | [0.08] | -0.0006854620607841935
-0.684059739112854 | [0.09] | -0.0007958863846131417
-0.6900755763053894 | [0.1] | -0.0009235326907834246
-0.6947499513626099 | [0.1] | -0.0010694386593443845
-0.6980412006378174 | [0.11] | -0.0012344648440341071
-0.699916422367096 | [0.12] | -0.0014192473521081996
-0.700351357460022 | [0.13] | -0.0016241528246522413
-0.699330747127533 | [0.14] | -0.001849233396385763
-0.6968483924865723 | [0.14] | -0.0020941841809012977
-0.6929072737693787 | [0.15] | -0.002358303238902411
-0.687519907951355 | [0.16] | -0.002640454636374988
-0.6807083487510681 | [0.17] | -0.0029390385618793275
-0.6725044250488281 | [0.18] | -0.003251968537603414
-0.6629500389099121 | [0.19] | -0.0035766594369530907
-0.6520969867706299 | [0.2] | -0.003910030957450703
-0.6400073170661926 | [0.21] | -0.004248525876455474
-0.626753032207489 | [0.21] | -0.004588149537005557
-0.6124160885810852 | [0.22] | -0.004924530244323876
-0.5970879793167114 | [0.23] | -0.005253001753323512
-0.5808693766593933 | [0.24] | -0.005568706850539739
-0.5638693571090698 | [0.24] | -0.005866720774204325
-0.5462047457695007 | [0.25] | -0.006142187417144265
-0.5279989242553711 | [0.25] | -0.006390465997041888
-0.5093809366226196 | [0.26] | -0.0066072755618162065
-0.49048399925231934 | [0.26] | -0.00678883469205733
-0.47144415974617004 | [0.26] | -0.0069319833288992135
-0.45239895582199097 | [0.27] | -0.0070342832963083
-0.43348586559295654 | [0.27] | -0.007094087502958407
-0.4148409068584442 | [0.27] | -0.007110577388023099
-0.3965972661972046 | [0.27] | -0.007083766684573158
-0.3788840174674988 | [0.26] | -0.007014470236200003
-0.3618250787258148 | [0.26] | -0.006904246341355558
-0.3455382287502289 | [0.26] | -0.0067553142900734515
-0.3301343619823456 | [0.26] | -0.006570455165552474
-0.3157168924808502 | [0.25] | -0.006352904243606414
-0.30238133668899536 | [0.25] | -0.006106241077541101
-0.2902151048183441 | [0.24] | -0.0058342820732199185
-0.279297411441803 | [0.24] | -0.005540983867808768
-0.26969918608665466 | [0.23] | -0.005230357100112562
-0.2614833116531372 | [0.22] | -0.004906394057897208
-0.25470462441444397 | [0.21] | -0.004573011251458862
-0.24941013753414154 | [0.21] | -0.004234004690623512
-0.24563923478126526 | [0.2] | -0.0038930160107515156
-0.243423730134964 | [0.19] | -0.003553508414412452
-0.24278795719146729 | [0.18] | -0.00321874830335534
-0.2437487244606018 | [0.17] | -0.0028917902984260235
-0.24631527066230774 | [0.16] | -0.002575462659761756
-0.2504890561103821 | [0.15] | -0.0022723513434660734
-0.2562634348869324 | [0.14] | -0.001984781031106332
-0.26362335681915283 | [0.13] | -0.0017147911243612917
-0.2725449502468109 | [0.12] | -0.0014641084584358312
-0.2829948961734772 | [0.11] | -0.001234116637816563
-0.2949300706386566 | [0.1] | -0.0010258238965379076
-0.30829694867134094 | [0.09] | -0.0008398326826534977
-0.3230311870574951 | [0.08] | -0.0006763151980778742
-0.33905717730522156 | [0.07] | -0.000534998359452461
-0.3562878668308258 | [0.06] | -0.00041516293298750817
-0.37462472915649414 | [0.06] | -0.0003156615877565378
-0.39395779371261597 | [0.05] | -0.00023495811829126988
-0.414166122674942 | [0.04] | -0.00017118963304246817
-0.4351184666156769 | [0.03] | -0.0001222518083449673
-0.4566742181777954 | [0.03] | -8.590341251918516e-05
-0.47868457436561584 | [0.02] | -5.988563430989794e-05
-0.5009940266609192 | [0.02] | -4.204810084230796e-05
-0.5234421491622925 | [0.02] | -3.0473511006485002e-05
-0.5458652377128601 | [0.02] | -2.359115182053511e-05
-0.5680984258651733 | [0.01] | -2.027089834357013e-05
-0.589977502822876 | [0.01] | -1.9890979943348978e-05
-0.6113408803939819 | [0.01] | -2.23751721697136e-05
-0.6320313215255737 | [0.02] | -2.8198092544480824e-05
-0.6518976092338562 | [0.02] | -3.836040936666436e-05
-0.6707958579063416 | [0.02] | -5.4338427371588186e-05
-0.6885907053947449 | [0.03] | -7.801358036946219e-05
-0.7051560878753662 | [0.03] | -0.0001115895466631557
-0.7203760743141174 | [0.04] | -0.00015750292893700193
-0.734144926071167 | [0.05] | -0.00021833432829761992
-0.7463675141334534 | [0.05] | -0.0002967231755496943
-0.7569592595100403 | [0.06] | -0.00039528971485568637
-0.7658459544181824 | [0.07] | -0.0005165648271341277
-0.7729637622833252 | [0.08] | -0.0006629266187416076
-0.7782588601112366 | [0.09] | -0.00083654226247759
-0.7816872596740723 | [0.1] | -0.001039312655350179
-0.7832147479057312 | [0.11] | -0.0012728159124563486
-0.7828168272972107 | [0.12] | -0.0015382481139387112
-0.780478835105896 | [0.14] | -0.0018363583368894059
-0.7761961221694946 | [0.15] | -0.002167377251376911
-0.7699742913246155 | [0.16] | -0.0025309398659460886
-0.7618297338485718 | [0.17] | -0.002926002767478511
-0.7517901062965393 | [0.18] | -0.0033507617925971097
-0.7398950457572937 | [0.2] | -0.0038025734905351577
-0.7261967062950134 | [0.21] | -0.004277889975343763
-0.7107604742050171 | [0.22] | -0.004772214603880015
-0.6936654448509216 | [0.23] | -0.0052800904731294404
-0.6750048995018005 | [0.24] | -0.005795129857014844
-0.6548863649368286 | [0.25] | -0.006310093439733697
-0.633431613445282 | [0.26] | -0.006817028430481431
-0.6107763051986694 | [0.27] | -0.007307462690067163
-0.5870690941810608 | [0.28] | -0.007772657422298948
-0.562470555305481 | [0.29] | -0.008203901411698853
-0.5371515154838562 | [0.29] | -0.008592837437678118
-0.5112911462783813 | [0.3] | -0.008931796497755506
-0.4850747585296631 | [0.3] | -0.009214113568724234
-0.4586913287639618 | [0.31] | -0.009434402653630675
-0.4323309063911438 | [0.31] | -0.009588767336850452
-0.4061819911003113 | [0.31] | -0.009674932246921399
-0.3804290294647217 | [0.31] | -0.009692279719113961
-0.35525014996528625 | [0.31] | -0.009641802415156123
-0.3308151066303253 | [0.31] | -0.009525969074620099
-0.3072837293148041 | [0.31] | -0.009348530642204202
-0.2848045825958252 | [0.3] | -0.009114277332663264
-0.2635142505168915 | [0.3] | -0.008828777451454698
-0.24353685975074768 | [0.29] | -0.008498111933964663
-0.22498410940170288 | [0.29] | -0.008128631614335845
-0.20795553922653198 | [0.28] | -0.007726741201674709
-0.19253908097743988 | [0.27] | -0.007298727755493409
-0.17881178855895996 | [0.26] | -0.0068506310022229885
-0.16684073209762573 | [0.25] | -0.006388157620471312
-0.15668389201164246 | [0.24] | -0.00591663429227853
-0.14839103817939758 | [0.23] | -0.005440995263223897
-0.14200463891029358 | [0.22] | -0.004965794769976301
-0.13756053149700165 | [0.21] | -0.00449523805156195
-0.13508851826190948 | [0.2] | -0.004033222018014795
-0.13461275398731232 | [0.19] | -0.0035833790795040572
-0.13615193963050842 | [0.18] | -0.003149116967505851
-0.13971927762031555 | [0.17] | -0.0027336489267924206
-0.14532218873500824 | [0.15] | -0.002340009109386445
-0.15296180546283722 | [0.14] | -0.001971049321738457
-0.16263219714164734 | [0.13] | -0.001629414587180857
-0.17431941628456116 | [0.11] | -0.0013174951771193007
-0.18800032138824463 | [0.1] | -0.0010373564408727434
-0.20364126563072205 | [0.09] | -0.0007906485137380552
-0.22119662165641785 | [0.08] | -0.0005785009705067125
-0.240607351064682 | [0.06] | -0.00040141083227954736
-0.26179957389831543 | [0.05] | -0.0002591342013595014
-0.2846831977367401 | [0.04] | -0.00015059595281973392
-0.30915093421936035 | [0.03] | -7.383165494078363e-05
-0.3350776135921478 | [0.02] | -2.5977514374586858e-05
-0.36231982707977295 | [0.01] | -3.32134857864659e-06
-0.3907163441181183 | [-0.] | -1.422419757333196e-06
-0.4200889468193054 | [-0.01] | -1.5301853215680214e-05
-0.4502440392971039 | [-0.02] | -3.969599532007346e-05
-0.4809747338294983 | [-0.03] | -6.935586482546794e-05
-0.51206374168396 | [-0.03] | -9.936755542811675e-05
-0.5432865023612976 | [-0.04] | -0.00012546340227304712
-0.574414849281311 | [-0.04] | -0.00014429275550235322
-0.6052205562591553 | [-0.04] | -0.00015362467114929133
-0.6354789733886719 | [-0.04] | -0.0001524641022257933
-0.6649725437164307 | [-0.04] | -0.00014107377812127108
-0.6934936046600342 | [-0.03] | -0.00012090656945860954
-0.7208470702171326 | [-0.03] | -9.446343535767165e-05
-0.7468521595001221 | [-0.03] | -6.509928198528664e-05
-0.771343469619751 | [-0.02] | -3.680295739686869e-05
-0.794171929359436 | [-0.01] | -1.39761730931163e-05
-0.8152044415473938 | [-0.] | -1.231204793534016e-06
-0.8343236446380615 | [0.01] | -3.2221249568982466e-06
-0.8514270186424255 | [0.02] | -2.4516481294473494e-05
-0.8664258122444153 | [0.03] | -6.950798614936408e-05
-0.879243791103363 | [0.04] | -0.00014236603972767013
-0.8898158669471741 | [0.05] | -0.0002470138929687457
-0.8980869054794312 | [0.06] | -0.0003871254333881089
-0.9040105938911438 | [0.08] | -0.0005661299866689354
-0.9075485467910767 | [0.09] | -0.0007872138493322776
-0.9086695909500122 | [0.1] | -0.0010533098386963358
-0.9073495268821716 | [0.12] | -0.0013670648830030976
-0.9035708904266357 | [0.13] | -0.001730780060384486
-0.8973233699798584 | [0.15] | -0.002146316087044117
-0.8886045813560486 | [0.16] | -0.0026149616157047587
-0.8774209022521973 | [0.18] | -0.003137264135946561
-0.8637888431549072 | [0.19] | -0.003712826086037635
-0.8477367758750916 | [0.21] | -0.004340073085837334
-0.8293066024780273 | [0.22] | -0.005016009094383045
-0.8085558414459229 | [0.24] | -0.005735975159282473
-0.7855595946311951 | [0.25] | -0.006493439584485804
-0.7604125142097473 | [0.27] | -0.007279849131285438
-0.7332302927970886 | [0.28] | -0.008084581477224849
-0.704150915145874 | [0.3] | -0.0088950238961282
-0.6733353137969971 | [0.31] | -0.00969681654063131
-0.6409669518470764 | [0.32] | -0.010474270882839441
-0.6072509288787842 | [0.33] | -0.011210961031367685
-0.572411835193634 | [0.34] | -0.011890457732254951
-0.5366907119750977 | [0.35] | -0.012497166305499654
-0.5003411769866943 | [0.36] | -0.013017172251134579
-0.4636247456073761 | [0.37] | -0.013439031697165739
-0.4268057942390442 | [0.37] | -0.013754403419561634
-0.3901463449001312 | [0.37] | -0.013958460881439773
-0.35390084981918335 | [0.37] | -0.01405004160861109
-0.31831157207489014 | [0.37] | -0.0140315225885825
-0.28360456228256226 | [0.37] | -0.013908442543114304
-0.24998655915260315 | [0.37] | -0.013688944827087546
-0.2176428735256195 | [0.37] | -0.01338309225663193
-0.18673621118068695 | [0.36] | -0.013002154141430133
-0.1574065387248993 | [0.35] | -0.012557913731671415
-0.12977170944213867 | [0.35] | -0.012062065862454195
-0.10392884165048599 | [0.34] | -0.01152573562717122
-0.07995619624853134 | [0.33] | -0.01095912568787496
-0.05791540816426277 | [0.32] | -0.010371300139428885
-0.0378539115190506 | [0.31] | -0.009770080419750178
-0.01980745606124401 | [0.3] | -0.009162044671593704
-0.0038025551475584507 | [0.29] | -0.008552593359008294
0.010141180828213692 | [0.28] | -0.007946072583713736
0.022008905187249184 | [0.27] | -0.007345926501941999
0.03178862854838371 | [0.26] | -0.006754866409161124
0.03946956247091293 | [0.25] | -0.0061750450077633565
0.04504074901342392 | [0.24] | -0.005608226593387407
0.048489946871995926 | [0.22] | -0.005055947523628797
0.049802832305431366 | [0.21] | -0.004519663998531643
0.048962462693452835 | [0.2] | -0.004000883798499526
0.045949045568704605 | [0.19] | -0.003501280459696249
0.04074002057313919 | [0.17] | -0.003022787298622838
0.033310435712337494 | [0.16] | -0.002567668177810956
0.02363368310034275 | [0.15] | -0.00213856104837401
0.011682568117976189 | [0.13] | -0.0017384894503544473
-0.002569233998656273 | [0.12] | -0.001370834091851673
-0.019145337864756584 | [0.1] | -0.0010392592142048653
-0.03806440159678459 | [0.09] | -0.0007475846805206059
-0.05933748930692673 | [0.07] | -0.0004995991992939977
-0.08296504616737366 | [0.05] | -0.00029881139738267024
-0.10893357545137405 | [0.04] | -0.00014814172396457662
-0.13721205294132233 | [0.02] | -4.9566852886029826e-05
-0.16774830222129822 | [0.01] | -3.7392030717336503e-06
-0.20046544075012207 | [-0.01] | -9.6156183452645e-06
-0.23525865375995636 | [-0.03] | -6.414305500027765e-05
-0.27199262380599976 | [-0.04] | -0.00016205687756830475
-0.3104998767375946 | [-0.05] | -0.0002958490911060972
-0.35058027505874634 | [-0.07] | -0.00045595478629054104
-0.392002135515213 | [-0.08] | -0.0006311816176686813
-0.4345046877861023 | [-0.09] | -0.0008093754044698544
-0.47780245542526245 | [-0.1] | -0.0009782670664397492
-0.5215910077095032 | [-0.11] | -0.0011264132517101973
-0.5655537843704224 | [-0.11] | -0.0012441080383601146
-0.6093700528144836 | [-0.12] | -0.0013241423384304117
-0.6527227163314819 | [-0.12] | -0.0013623036256940558
-0.6953060626983643 | [-0.12] | -0.0013575530842395494
-0.7368326187133789 | [-0.11] | -0.0013118750461676171
-0.77703857421875 | [-0.11] | -0.001229843580989788
-0.8156879544258118 | [-0.11] | -0.0011179964639370964
-0.8525750637054443 | [-0.1] | -0.000984119652234106
-0.8875251412391663 | [-0.09] | -0.0008365477703070992
-0.9203938245773315 | [-0.08] | -0.0006835581071485742
-0.9510652422904968 | [-0.07] | -0.0005329085397973055
-0.9794493913650513 | [-0.06] | -0.0003915372688698972
-1.005478858947754 | [-0.05] | -0.0002654178742381621
-1.0291051864624023 | [-0.04] | -0.00015954416958312116
-1.050295114517212 | [-0.03] | -7.801315376195903e-05
-1.0690269470214844 | [-0.02] | -2.417293374105125e-05
-1.0852875709533691 | [-0.] | -8.065894226754619e-07
-1.0990687608718872 | [0.01] | -1.0327757065229518e-05
-1.1103649139404297 | [0.02] | -5.497217110781935e-05
-1.1191705465316772 | [0.04] | -0.0001369738962117873
-1.125478744506836 | [0.05] | -0.00025871934088398714
-1.1292792558670044 | [0.07] | -0.0004228760015629869
-1.130557656288147 | [0.08] | -0.000632493016503778
-1.129294514656067 | [0.09] | -0.0008910716533132049
-1.1254652738571167 | [0.11] | -0.001202601867132658
-1.1190401315689087 | [0.13] | -0.0015715608991735735
-1.1099847555160522 | [0.14] | -0.0020028651724913267
-1.0982613563537598 | [0.16] | -0.002501766543514538
-1.0838299989700317 | [0.18] | -0.003073680190652033
-1.0666507482528687 | [0.19] | -0.003723930084691832
-1.0466862916946411 | [0.21] | -0.004457398120858138
-1.0239051580429077 | [0.23] | -0.005278064876363614
-0.9982854723930359 | [0.25] | -0.0061884381435443545
-0.9698194861412048 | [0.27] | -0.007188873660191344
-0.9385184049606323 | [0.29] | -0.008276817228087329
-0.9044174551963806 | [0.31] | -0.00944601754431148
-0.8675813674926758 | [0.33] | -0.010685789479150132
-0.8281092047691345 | [0.35] | -0.011980443632629692
-0.786138653755188 | [0.36] | -0.013309020960684467
-0.7418491840362549 | [0.38] | -0.014645465258996168
-0.6954632997512817 | [0.4] | -0.015959378368749475
-0.6472455263137817 | [0.41] | -0.017217396849134477
-0.5974991321563721 | [0.43] | -0.018385165322650134
-0.5465598106384277 | [0.44] | -0.019429756584751802
-0.4947872459888458 | [0.45] | -0.020322255929635692
-0.4425542950630188 | [0.46] | -0.021040171240799724
-0.39023515582084656 | [0.46] | -0.021569283513789922
-0.3381931483745575 | [0.47] | -0.021904681237824058
-0.2867690324783325 | [0.47] | -0.02205081241436309
-0.23627106845378876 | [0.47] | -0.02202060059799823
-0.18696704506874084 | [0.47] | -0.021833812475638384
-0.13907906413078308 | [0.46] | -0.02151497963806219
-0.09278084337711334 | [0.46] | -0.02109120284593843
-0.04819752648472786 | [0.45] | -0.020590130061643598
-0.005407475866377354 | [0.45] | -0.020038295854111144
0.035554368048906326 | [0.44] | -0.019459931722047887
0.07469212263822556 | [0.43] | -0.018876258837546275
0.1120440736413002 | [0.43] | -0.018305198133375177
0.1476777046918869 | [0.42] | -0.01776140594326093
0.18168486654758453 | [0.42] | -0.01725654712663556
0.21417738497257233 | [0.41] | -0.016799701441018416
0.24528327584266663 | [0.4] | -0.01639783977094343
0.27514341473579407 | [0.4] | -0.016056305534808777
0.3039090037345886 | [0.4] | -0.01577927703582417
0.33173948526382446 | [0.39] | -0.015570191287599296
0.35880106687545776 | [0.39] | -0.015432112858531188
0.38526564836502075 | [0.39] | -0.015368063151989417
0.4113103151321411 | [0.39] | -0.015381301424986282
0.43711692094802856 | [0.39] | 99.9845244269316
Total reward: 97.0557137704392
0.1, 5.8, 0.2
parameter ends

state | action | reward
[-0.44] | [0.16] | -0.0024400694263607796
-0.4383290112018585 | [0.15] | -0.0023666840529114235
-0.4391320049762726 | [0.15] | -0.002293089564565931
-0.44033458828926086 | [0.15] | -0.0022198490176904002
-0.44193169474601746 | [0.15] | -0.0021475041615556635
-0.44391536712646484 | [0.14] | -0.002076571199519004
-0.44627484679222107 | [0.14] | -0.002007536741334989
-0.44899654388427734 | [0.14] | -0.0019408551295204725
-0.4520641267299652 | [0.14] | -0.0018769460992872121
-0.4554585814476013 | [0.13] | -0.0018161935351777708
-0.45915839076042175 | [0.13] | -0.001758944709488439
-0.4631395637989044 | [0.13] | -0.0017055107539229127
-0.46737581491470337 | [0.13] | -0.0016561676740647166
-0.47183871269226074 | [0.13] | -0.0016111578235115734
-0.4764978289604187 | [0.13] | -0.0015706921854153591
-0.4813210368156433 | [0.12] | -0.001534952607950154
-0.4862746596336365 | [0.12] | -0.0015040951455097097
-0.49132364988327026 | [0.12] | -0.0014782530972259162
-0.49643194675445557 | [0.12] | -0.0014575395448712986
-0.5015627145767212 | [0.12] | -0.0014420507043819129
-0.5066784620285034 | [0.12] | -0.0014318686294117738
-0.511741578578949 | [0.12] | -0.0014270627339828946
-0.5167143940925598 | [0.12] | -0.0014276920580324865
-0.5215596556663513 | [0.12] | -0.001433805619197098
-0.5262405872344971 | [0.12] | -0.0014454430873849788
-0.5307213664054871 | [0.12] | -0.0014626336726659738
-0.534967303276062 | [0.12] | -0.0014853949943472587
-0.538945198059082 | [0.12] | -0.0015137304936484646
-0.5426234602928162 | [0.12] | -0.001547626963642955
-0.5459725260734558 | [0.13] | -0.001587050337839035
-0.5489649176597595 | [0.13] | -0.0016319419779792157
-0.5515756607055664 | [0.13] | -0.0016822135545388748
-0.5537822842597961 | [0.13] | -0.0017377427531643183
-0.5555650591850281 | [0.13] | -0.001798368083393617
-0.5569072961807251 | [0.14] | -0.001863883651692835
-0.5577954053878784 | [0.14] | -0.0019340349116330356
-0.5582188367843628 | [0.14] | -0.0020085151172065815
-0.55817049741745 | [0.14] | -0.00208696086747314
-0.5576466917991638 | [0.15] | -0.0021689501292275117
-0.5566470623016357 | [0.15] | -0.002254001146436074
-0.5551747679710388 | [0.15] | -0.0023415716510556753
-0.5532364249229431 | [0.16] | -0.002431060224320521
-0.5508422255516052 | [0.16] | -0.0025218083816023226
-0.5480057597160339 | [0.16] | -0.002613105327082434
-0.5447438955307007 | [0.16] | -0.00270419370747226
-0.5410768985748291 | [0.17] | -0.002794276307395925
-0.5370281338691711 | [0.17] | -0.002882525400417597
-0.5326240062713623 | [0.17] | -0.0029680926970653363
-0.5278937816619873 | [0.17] | -0.003050120934545196
-0.522869348526001 | [0.18] | -0.0031277565456372123
-0.5175850987434387 | [0.18] | -0.0032001622838347937
-0.5120776295661926 | [0.18] | -0.0032665314688010943
-0.5063854455947876 | [0.18] | -0.003326101655428723
-0.500548779964447 | [0.18] | -0.003378167554415119
-0.49460911750793457 | [0.18] | -0.0034220949423772514
-0.4886091351509094 | [0.19] | -0.0034573309846361827
-0.4825921952724457 | [0.19] | -0.0034834154391472105
-0.47660204768180847 | [0.19] | -0.003499989414813111
-0.4706825911998749 | [0.19] | -0.0035068014969838615
-0.4648774564266205 | [0.19] | -0.0035037129783346585
-0.4592296779155731 | [0.19] | -0.003490700071758241
-0.4537814259529114 | [0.19] | -0.0034678539613405474
-0.44857364892959595 | [0.19] | -0.0034353791413154057
-0.44364580512046814 | [0.18] | -0.0033935888165618367
-0.4390355348587036 | [0.18] | -0.0033428993212944675
-0.43477845191955566 | [0.18] | -0.0032838218250848556
-0.43090784549713135 | [0.18] | -0.003216953416588589
-0.42745447158813477 | [0.18] | -0.003142966596536464
-0.4244462847709656 | [0.18] | -0.003062598037386726
-0.42190831899642944 | [0.17] | -0.002976636380116169
-0.4198624789714813 | [0.17] | -0.0028859100040181155
-0.41832733154296875 | [0.17] | -0.002791274940498239
-0.41731804609298706 | [0.16] | -0.0026936022358448465
-0.41684624552726746 | [0.16] | -0.00259376627066253
-0.41691991686820984 | [0.16] | -0.002492633494665376
-0.4175432622432709 | [0.15] | -0.002391052079474331
-0.4187167286872864 | [0.15] | -0.002289841908847907
-0.42043691873550415 | [0.15] | -0.0021897861549581843
-0.4226965606212616 | [0.14] | -0.00209162372115702
-0.4254845082759857 | [0.14] | -0.0019960430200899404
-0.4287858307361603 | [0.14] | -0.001903676743658386
-0.43258172273635864 | [0.13] | -0.0018150987688468297
-0.4368497133255005 | [0.13] | -0.0017308214798614316
-0.4415636658668518 | [0.13] | -0.0016512954465973757
-0.44669392704963684 | [0.13] | -0.0015769099770137744
-0.4522075057029724 | [0.12] | -0.0015079953180141626
-0.45806825160980225 | [0.12] | -0.001444826088063558
-0.4642370045185089 | [0.12] | -0.001387626061385272
-0.4706719219684601 | [0.12] | -0.001336573649275058
-0.47732871770858765 | [0.11] | -0.0012918084305116751
-0.4841609299182892 | [0.11] | -0.0012534383885663151
-0.491120308637619 | [0.11] | -0.0012215467256482104
-0.4981571137905121 | [0.11] | -0.0011961993714144194
-0.5052204728126526 | [0.11] | -0.0011774518081363859
-0.5122588276863098 | [0.11] | -0.0011653549010729835
-0.5192202925682068 | [0.11] | -0.0011599601194556962
-0.5260530710220337 | [0.11] | -0.001161323276589921
-0.5327057838439941 | [0.11] | -0.0011695071111405874
-0.5391280055046082 | [0.11] | -0.0011845816180930916
-0.5452705025672913 | [0.11] | -0.0012066233803545105
-0.5510858297348022 | [0.11] | -0.0012357123145016772
-0.5565285086631775 | [0.11] | -0.0012719277897181762
-0.5615554451942444 | [0.11] | -0.0013153424564103576
-0.56612628698349 | [0.12] | -0.001366014775495934
-0.5702037215232849 | [0.12] | -0.0014239804187211194
-0.5737537145614624 | [0.12] | -0.0014892430096229454
-0.5767459273338318 | [0.12] | -0.0015617636062058029
-0.5791537761688232 | [0.13] | -0.0016414508408888855
-0.5809547305107117 | [0.13] | -0.001728150255363012
-0.5821304321289062 | [0.13] | -0.001821634575748031
-0.5826669335365295 | [0.14] | -0.001921594166903433
-0.582554817199707 | [0.14] | -0.0020276289053288744
-0.5817892551422119 | [0.15] | -0.002139241586878538
-0.5803700685501099 | [0.15] | -0.0022558329483803735
-0.5783018469810486 | [0.15] | -0.0023766985275690366
-0.5755939483642578 | [0.16] | -0.0025010281993356584
-0.5722604393959045 | [0.16] | -0.0026279083845291316
-0.568320095539093 | [0.17] | -0.0027563269847846175
-0.56379634141922 | [0.17] | -0.002885181057841472
-0.5587170124053955 | [0.17] | -0.003013288629987274
-0.5531144142150879 | [0.18] | -0.003139401509029861
-0.5470249652862549 | [0.18] | -0.0032622232886400093
-0.5404890775680542 | [0.18] | -0.003380428207946612
-0.5335507392883301 | [0.19] | -0.0034926838260898154
-0.5262574553489685 | [0.19] | -0.003597673017396553
-0.5186597108840942 | [0.19] | -0.0036941197724601003
-0.5108107328414917 | [0.19] | -0.0037808132517131578
-0.502765953540802 | [0.2] | -0.0038566331623700063
-0.49458274245262146 | [0.2] | -0.003920571836691508
-0.4863198697566986 | [0.2] | -0.003971756371432829
-0.4780370593070984 | [0.2] | -0.004009466788914132
-0.46979454159736633 | [0.2] | -0.004033151322296353
-0.46165257692337036 | [0.2] | -0.0040424372449429
-0.4536709487438202 | [0.2] | -0.004037138886576753
-0.4459085464477539 | [0.2] | -0.004017259672719617
-0.43842291831970215 | [0.2] | -0.003982991307681936
-0.4312698245048523 | [0.2] | -0.003934707647428966
-0.42450281977653503 | [0.2] | -0.0038729557942363013
-0.4181729555130005 | [0.19] | -0.0037984428007215225
-0.4123283326625824 | [0.19] | -0.0037120207665988234
-0.40701380372047424 | [0.19] | -0.0036146689754779577
-0.40227076411247253 | [0.19] | -0.00350747426365831
-0.39813679456710815 | [0.18] | -0.003391611137425852
-0.39464548230171204 | [0.18] | -0.003268320869827976
-0.39182621240615845 | [0.18] | -0.0031388905161612614
-0.3897039294242859 | [0.17] | -0.00300463301312095
-0.3882990777492523 | [0.17] | -0.002866866961228812
-0.38762736320495605 | [0.17] | -0.00272689862083491
-0.387699693441391 | [0.16] | -0.002586004206280799
-0.38852202892303467 | [0.16] | -0.00244541412235291
-0.39009538292884827 | [0.15] | -0.0023062982439274364
-0.3924156725406647 | [0.15] | -0.002169753490804239
-0.3954736590385437 | [0.14] | -0.00203679284820717
-0.39925503730773926 | [0.14] | -0.0019083359525190772
-0.4037402868270874 | [0.13] | -0.0017852024939173446
-0.4089048206806183 | [0.13] | -0.0016681071261755783
-0.41471895575523376 | [0.12] | -0.001557657188196641
-0.42114803194999695 | [0.12] | -0.0014543526442117555
-0.42815256118774414 | [0.12] | -0.0013585886116616061
-0.4356883466243744 | [0.11] | -0.0012706606118536308
-0.443706750869751 | [0.11] | -0.0011907722203566642
-0.4521549642086029 | [0.11] | -0.0011190451633836345
-0.4609762132167816 | [0.1] | -0.0010555316424499823
-0.4701102674007416 | [0.1] | -0.0010002282205780664
-0.47949376702308655 | [0.1] | -0.0009530909975215204
-0.489060640335083 | [0.1] | -0.000914051973271067
-0.4987426698207855 | [0.09] | -0.0008830344621736349
-0.5084699988365173 | [0.09] | -0.000859968397037552
-0.5181716680526733 | [0.09] | -0.0008448041364543731
-0.5277761816978455 | [0.09] | -0.0008375243037556792
-0.537212073802948 | [0.09] | -0.0008381524632749684
-0.5464085340499878 | [0.09] | -0.0008467593149692083
-0.5552960634231567 | [0.09] | -0.0008634645554636266
-0.5638068318367004 | [0.09] | -0.0008884362788435716
-0.5718753933906555 | [0.1] | -0.0009218859116062474
-0.579439103603363 | [0.1] | -0.000964059836511268
-0.5864387154579163 | [0.1] | -0.0010152279381053463
-0.5928186774253845 | [0.1] | -0.0010756697238779541
-0.5985276103019714 | [0.11] | -0.0011456575392070688
-0.6035187244415283 | [0.11] | -0.0012254382466174237
-0.6077501177787781 | [0.11] | -0.0013152136914347367
-0.6111850738525391 | [0.12] | -0.0014151204463595955
-0.6137922406196594 | [0.12] | -0.0015252095239998336
-0.615545928478241 | [0.13] | -0.001645426152013527
-0.6164262890815735 | [0.13] | -0.0017755905312491303
-0.6164195537567139 | [0.14] | -0.001915379939071993
-0.6155180335044861 | [0.14] | -0.00206431333753616
-0.6137202978134155 | [0.15] | -0.0022217379323270776
-0.6110312342643738 | [0.15] | -0.0023868191633152104
-0.6074622273445129 | [0.16] | -0.0025585340387820838
-0.6030309200286865 | [0.17] | -0.0027356699947022767
-0.5977613925933838 | [0.17] | -0.002916827444575985
-0.5916840434074402 | [0.18] | -0.0031004281299459547
-0.5848354697227478 | [0.18] | -0.003284729957208087
-0.5772583484649658 | [0.19] | -0.0034678470517924623
-0.5690011382102966 | [0.19] | -0.0036477765602279683
-0.5601180195808411 | [0.2] | -0.0038224305762710967
-0.5506682991981506 | [0.2] | -0.003989674437987662
-0.5407161712646484 | [0.2] | -0.004147368595073443
-0.530330240726471 | [0.21] | -0.004293413153711356
-0.519582986831665 | [0.21] | -0.004425795261027885
-0.5085502862930298 | [0.21] | -0.00454263563032613
-0.49731072783470154 | [0.22] | -0.0046422337857540364
-0.485944926738739 | [0.22] | -0.004723109407568727
-0.47453492879867554 | [0.22] | -0.0047840383521868144
-0.46316349506378174 | [0.22] | -0.004824081244890935
-0.45191338658332825 | [0.22] | -0.00484260580645629
-0.44086670875549316 | [0.22] | -0.004839298926202331
-0.43010419607162476 | [0.22] | -0.004814170041620209
-0.4197046160697937 | [0.22] | -0.004767546420470142
-0.40974417328834534 | [0.22] | -0.0047000594424474774
-0.4002959430217743 | [0.21] | -0.004612624837347508
-0.3914293646812439 | [0.21] | -0.004506415543145819
-0.38320985436439514 | [0.21] | -0.0043828308047814644
-0.37569838762283325 | [0.21] | -0.004243462180304464
-0.36895114183425903 | [0.2] | -0.004090057837276353
-0.3630192279815674 | [0.2] | -0.003924486146378154
-0.3579484522342682 | [0.19] | -0.003748699432475058
-0.353779137134552 | [0.19] | -0.0035647000551313843
-0.35054588317871094 | [0.18] | -0.003374507713939923
-0.3482774496078491 | [0.18] | -0.0031801295673627057
-0.34699663519859314 | [0.17] | -0.00298353221224123
-0.3467201590538025 | [0.17] | -0.0027866166209143443
-0.34745848178863525 | [0.16] | -0.002591195494143062
-0.3492157757282257 | [0.15] | -0.0023989724059516934
-0.35198974609375 | [0.15] | -0.002211523684493961
-0.35577163100242615 | [0.14] | -0.0020302817917313837
-0.36054596304893494 | [0.14] | -0.0018565217921699799
-0.3662906289100647 | [0.13] | -0.0016913490923279578
-0.37297672033309937 | [0.12] | -0.00153569107009808
-0.3805685341358185 | [0.12] | -0.0013902908842792225
-0.3890236020088196 | [0.11] | -0.0012557056580030181
-0.3982926905155182 | [0.11] | -0.0011323086099756326
-0.40831997990608215 | [0.1] | -0.0010202957703005313
-0.4190432131290436 | [0.1] | -0.000919698035413921
-0.4303939640522003 | [0.09] | -0.0008303984258174176
-0.4422979950904846 | [0.09] | -0.0007521539514766399
-0.45467567443847656 | [0.08] | -0.0006846228792642846
-0.46744248270988464 | [0.08] | -0.0006273951614199161
-0.4805096685886383 | [0.08] | -0.0005800256411308205
-0.4937848746776581 | [0.07] | -0.0005420688130544275
-0.5071729421615601 | [0.07] | -0.0005131126514161002
-0.5205767154693604 | [0.07] | -0.0004928105268596753
-0.533897876739502 | [0.07] | -0.0004809094286985804
-0.5470377802848816 | [0.07] | -0.0004772724188219163
-0.5598983764648438 | [0.07] | -0.0004818947536366161
-0.5723831653594971 | [0.07] | -0.0004949124738323346
-0.5843978524208069 | [0.07] | -0.000516603621539849
-0.5958512425422668 | [0.07] | -0.0005473815745205847
-0.606656014919281 | [0.08] | -0.0005877808122458813
-0.6167292594909668 | [0.08] | -0.0006384371302811943
-0.6259932518005371 | [0.08] | -0.0007000616501967612
-0.6343757510185242 | [0.09] | -0.0007734111922157949
-0.6418107151985168 | [0.09] | -0.0008592548637435447
-0.6482385396957397 | [0.1] | -0.0009583388509714925
-0.6536063551902771 | [0.1] | -0.0010713503114975398
-0.6578683853149414 | [0.11] | -0.0011988802332436573
-0.6609861850738525 | [0.12] | -0.0013413869124011737
-0.6629287600517273 | [0.12] | -0.0014991601565967714
-0.6636728644371033 | [0.13] | -0.0016722865083533354
-0.6632030606269836 | [0.14] | -0.0018606166895682277
-0.6615119576454163 | [0.14] | -0.0020637350229624376
-0.6586003303527832 | [0.15] | -0.0022809324048714357
-0.654477059841156 | [0.16] | -0.0025111840909891603
-0.6491595506668091 | [0.17] | -0.002753131308237601
-0.6426735520362854 | [0.17] | -0.003005071504081715
-0.6350533366203308 | [0.18] | -0.0032649558657205113
-0.6263416409492493 | [0.19] | -0.0035303972659219487
-0.6165897250175476 | [0.19] | -0.00379868925671113
-0.6058570146560669 | [0.2] | -0.00406683785890422
-0.5942111015319824 | [0.21] | -0.004331606380377374
-0.5817273855209351 | [0.21] | -0.004589573113006218
-0.5684885382652283 | [0.22] | -0.0048372020413659745
-0.5545841455459595 | [0.23] | -0.005070922803700863
-0.5401099324226379 | [0.23] | -0.005287220452339299
-0.5251669883728027 | [0.23] | -0.005482728995837186
-0.5098610520362854 | [0.24] | -0.005654323638884365
-0.4943014681339264 | [0.24] | -0.005799210987679426
-0.47860008478164673 | [0.24] | -0.005915010701373582
-0.46287035942077637 | [0.24] | -0.005999821367845987
-0.4472261667251587 | [0.25] | -0.006052273042997317
-0.43178075551986694 | [0.25] | -0.0060715581843585895
-0.41664570569992065 | [0.25] | -0.006057445544667779
-0.40192991495132446 | [0.25] | -0.006010271808749753
-0.38773879408836365 | [0.24] | -0.005930914874990529
-0.3741733431816101 | [0.24] | -0.005820752469500894
-0.3613295257091522 | [0.24] | -0.0056816079487412244
-0.3492976725101471 | [0.23] | -0.00551568546312778
-0.33816203474998474 | [0.23] | -0.005325502410207429
-0.32800036668777466 | [0.23] | -0.005113819227317899
-0.3188837468624115 | [0.22] | -0.004883570989131399
-0.3108762800693512 | [0.22] | -0.004637803607489211
-0.30403509736061096 | [0.21] | -0.004379615515045784
-0.29841020703315735 | [0.2] | -0.004112106675181196
-0.29404449462890625 | [0.2] | -0.0038383342241551342
-0.2909736633300781 | [0.19] | -0.003561274829592318
-0.2892262637615204 | [0.18] | -0.003283792553196542
-0.28882351517677307 | [0.17] | -0.0030086121627481404
-0.289779394865036 | [0.17] | -0.0027382945081308664
-0.2921003997325897 | [0.16] | -0.002475215295177129
-0.29578539729118347 | [0.15] | -0.0022215443302110523
-0.30082547664642334 | [0.14] | -0.0019792252556389387
-0.3072037100791931 | [0.13] | -0.0017499556319038757
-0.3148948550224304 | [0.12] | -0.0015351672330005638
-0.32386514544487 | [0.12] | -0.0013360078642764438
-0.3340720236301422 | [0.11] | -0.0011533248626664288
-0.34546390175819397 | [0.1] | -0.0009876537584566172
-0.35798001289367676 | [0.09] | -0.0008392118281737916
-0.37155038118362427 | [0.08] | -0.0007079006364648714
-0.3860957622528076 | [0.08] | -0.0005933184973682074
-0.40152788162231445 | [0.07] | -0.0004947844195432898
-0.41774970293045044 | [0.06] | -0.00041137483794764784
-0.43465590476989746 | [0.06] | -0.00034197290743517074
-0.45213356614112854 | [0.05] | -0.0002853287754057996
-0.4700630009174347 | [0.05] | -0.0002401291873026431
-0.48831871151924133 | [0.05] | -0.0002050724063714464
-0.5067706108093262 | [0.04] | -0.00017894499505805765
-0.5252852439880371 | [0.04] | -0.0001606947013102919
-0.5437270998954773 | [0.04] | -0.00014949572470569512
-0.5619600415229797 | [0.04] | -0.00014480167729130652
-0.5798488259315491 | [0.04] | -0.0001463829696166576
-0.5972603559494019 | [0.04] | -0.00015434695223188655
-0.6140649914741516 | [0.04] | -0.00016913984456508408
-0.6301377415657043 | [0.04] | -0.00019153127392225943
-0.6453593373298645 | [0.05] | -0.00022258407014826817
-0.6596171259880066 | [0.05] | -0.00026361113886834913
-0.6728058457374573 | [0.06] | -0.00031612333393345887
-0.6848281621932983 | [0.06] | -0.00038177191693919784
-0.6955952048301697 | [0.07] | -0.00046228752740379715
-0.7050267457962036 | [0.07] | -0.0005594193176715358
-0.7130516171455383 | [0.08] | -0.0006748745152057086
-0.7196075916290283 | [0.09] | -0.0008102605781134958
-0.724641740322113 | [0.1] | -0.0009670288649020955
-0.7281103730201721 | [0.11] | -0.0011464203321379276
-0.7299789786338806 | [0.12] | -0.0013494124587432176
-0.7302225232124329 | [0.13] | -0.0015766657860379456
-0.7288253903388977 | [0.14] | -0.0018284712019613373
-0.7257816195487976 | [0.15] | -0.002104696515208592
-0.7210951447486877 | [0.16] | -0.0024047336555410317
-0.7147799730300903 | [0.17] | -0.002727448280723437
-0.7068605422973633 | [0.18] | -0.003071133701583601
-0.6973720192909241 | [0.19] | -0.003433472343844543
-0.6863604784011841 | [0.2] | -0.0038115106472262333
-0.673883318901062 | [0.2] | -0.004201649622279703
-0.6600093245506287 | [0.21] | -0.004599657507212167
-0.644818902015686 | [0.22] | -0.005000709063488245
-0.6284037828445435 | [0.23] | -0.005399455806679099
-0.6108669638633728 | [0.24] | -0.0057901277524555796
-0.5923221707344055 | [0.25] | -0.0061666658267639195
-0.5728930830955505 | [0.26] | -0.00652288645548852
-0.5527125597000122 | [0.26] | -0.006852664369179504
-0.5319212675094604 | [0.27] | -0.0071501346611292545
-0.5106664896011353 | [0.27] | -0.0074098927466973025
-0.4891003370285034 | [0.28] | -0.0076271867725721185
-0.4673781991004944 | [0.28] | -0.007798086233605954
-0.44565683603286743 | [0.28] | -0.007919616713588026
-0.4240926206111908 | [0.28] | -0.00798985019320828
-0.40283966064453125 | [0.28] | -0.008007948023959434
-0.38204824924468994 | [0.28] | -0.007974151662265732
-0.36186325550079346 | [0.28] | -0.00788972852922809
-0.3424229025840759 | [0.28] | -0.007756875647303126
-0.32385769486427307 | [0.28] | -0.007578593682334766
-0.30628955364227295 | [0.27] | -0.0073585403417932935
-0.2898313105106354 | [0.27] | -0.007100876612334356
-0.27458637952804565 | [0.26] | -0.006810112856286674
-0.2606486678123474 | [0.25] | -0.006490968180165423
-0.24810266494750977 | [0.25] | -0.006148244271178254
-0.23702362179756165 | [0.24] | -0.005786722891832676
-0.22747790813446045 | [0.23] | -0.005411084084396556
-0.2195233702659607 | [0.22] | -0.005025847259081406
-0.21320971846580505 | [0.22] | -0.004635331164610409
-0.2085789144039154 | [0.21] | -0.0042436317000697985
-0.2056654393672943 | [0.2] | -0.0038546102116361323
-0.20449651777744293 | [0.19] | -0.003471890598723503
-0.20509220659732819 | [0.18] | -0.0030988590538532004
-0.20746538043022156 | [0.17] | -0.0027386628244068017
-0.21162152290344238 | [0.15] | -0.002394204779135313
-0.21755845844745636 | [0.14] | -0.0020681302382683266
-0.22526583075523376 | [0.13] | -0.0017628049654986326
-0.23472456634044647 | [0.12] | -0.0014802828952052054
-0.24590617418289185 | [0.11] | -0.0012222648926759902
-0.25877195596694946 | [0.1] | -0.0009900503817657715
-0.27327224612236023 | [0.09] | -0.0007844850863465375
-0.28934556245803833 | [0.08] | -0.0006059104865771396
-0.3069179356098175 | [0.07] | -0.00045412094167830296
-0.3259022533893585 | [0.06] | -0.0003283365168442012
-0.3461979329586029 | [0.05] | -0.00022719692677277694
-0.36769071221351624 | [0.04] | -0.00014878624353073001
-0.3902527689933777 | [0.03] | -9.069001535785877e-05
-0.4137432873249054 | [0.02] | -5.008936797927982e-05
-0.4380093216896057 | [0.02] | -2.388907218736465e-05
-0.4628870487213135 | [0.01] | -8.874439450552496e-06
-0.4882034659385681 | [0.] | -1.887344576029372e-06
-0.5137783288955688 | [0.] | -8.286610264099701e-09
-0.5394264459609985 | [-0.] | -7.298493047769801e-07
-0.5649599432945251 | [-0.] | -2.106976743155064e-06
-0.5901908874511719 | [-0.01] | -2.8714680416099755e-06
-0.6149337291717529 | [-0.01] | -2.5019849304863673e-06
-0.6390076279640198 | [-0.] | -1.2456340962230727e-06
-0.6622384190559387 | [-0.] | -9.265007227156127e-08
-0.6844605803489685 | [0.] | -7.103873320594285e-07
-0.7055186033248901 | [0.01] | -5.346132604266568e-06
-0.7252679467201233 | [0.01] | -1.6710432983396696e-05
-0.7435759902000427 | [0.02] | -3.7852363899000854e-05
-0.7603222131729126 | [0.03] | -7.203716141074476e-05
-0.7753982543945312 | [0.04] | -0.00012263375794864157
-0.7887078523635864 | [0.04] | -0.00019301702761257073
-0.8001663088798523 | [0.05] | -0.00028648639591172964
-0.8097001314163208 | [0.06] | -0.0004061997255026202
-0.8172464966773987 | [0.07] | -0.0005551189466683982
-0.8227527737617493 | [0.09] | -0.0007359633228661781
-0.8261759877204895 | [0.1] | -0.0009511646374524806
-0.8274826407432556 | [0.11] | -0.0012028185112432945
-0.8266485333442688 | [0.12] | -0.0014926275164639444
-0.8236587047576904 | [0.13] | -0.0018218319236405875
-0.8185077905654907 | [0.15] | -0.0021911249890864005
-0.8112004995346069 | [0.16] | -0.0026005527705845965
-0.8017521500587463 | [0.17] | -0.003049400426728622
-0.7901895046234131 | [0.19] | -0.003536068563624744
-0.7765517830848694 | [0.2] | -0.004057948094455142
-0.7608916759490967 | [0.21] | -0.004611301909571083
-0.7432762980461121 | [0.23] | -0.00519117133918128
-0.723788321018219 | [0.24] | -0.005791316500070204
-0.7025265693664551 | [0.25] | -0.006404214862825042
-0.6796067953109741 | [0.26] | -0.00702112603218094
-0.6551617383956909 | [0.28] | -0.007632243059920188
-0.6293410062789917 | [0.29] | -0.008226931219619487
-0.6023101806640625 | [0.3] | -0.008794058018862927
-0.5742496848106384 | [0.31] | -0.009322396914537595
-0.5453527569770813 | [0.31] | -0.00980108739390168
-0.5158231854438782 | [0.32] | -0.01022011546320602
-0.48587238788604736 | [0.33] | -0.010570777565834523
-0.45571625232696533 | [0.33] | -0.01084608507587079
-0.4255717396736145 | [0.33] | -0.011041072001286314
-0.39565345644950867 | [0.33] | -0.011152980490364273
-0.36617040634155273 | [0.33] | -0.011181305080060901
-0.3373230993747711 | [0.33] | -0.011127700494655855
-0.30930089950561523 | [0.33] | -0.010995768464000634
-0.2822800874710083 | [0.33] | -0.010790746884077886
-0.2564224302768707 | [0.32] | -0.010519140470675346
-0.23187431693077087 | [0.32] | -0.010188330771948459
-0.20876654982566833 | [0.31] | -0.009806191680696609
-0.18721456825733185 | [0.31] | -0.009380747385332358
-0.16731911897659302 | [0.3] | -0.008919882032768889
-0.1491672843694687 | [0.29] | -0.008431122037849249
-0.13283371925354004 | [0.28] | -0.00792148192630224
-0.11838208884000778 | [0.27] | -0.007397379018461732
-0.10586647689342499 | [0.26] | -0.006864603879302614
-0.09533283114433289 | [0.25] | -0.006328337324648573
-0.08682028949260712 | [0.24] | -0.005793200874564195
-0.08036239445209503 | [0.23] | -0.005263333198266358
-0.07598806917667389 | [0.22] | -0.00474247716785974
-0.07372240722179413 | [0.21] | -0.004234072284540903
-0.07358719408512115 | [0.19] | -0.003741342913925322
-0.07560116797685623 | [0.18] | -0.0032673750438488216
-0.0797799825668335 | [0.17] | -0.0028151766803296997
-0.0861358568072319 | [0.15] | -0.002387715721429318
-0.09467694163322449 | [0.14] | -0.001987931194038365
-0.10540636628866196 | [0.13] | -0.0016187136699756452
-0.118320994079113 | [0.11] | -0.0012828516955482282
-0.13340987265110016 | [0.1] | -0.000982943054008565
-0.1506524682044983 | [0.08] | -0.0007212712217306121
-0.17001666128635406 | [0.07] | -0.0004996514102018155
-0.1914566308259964 | [0.06] | -0.000319253892503241
-0.21491067111492157 | [0.04] | -0.00018041652801086523
-0.24029915034770966 | [0.03] | -8.246587951871664e-05
-0.2675226032733917 | [0.02] | -2.356767414380158e-05
-0.29646018147468567 | [0.] | -6.330561421186405e-07
-0.3269686996936798 | [-0.01] | -9.305209268777408e-06
-0.3588823676109314 | [-0.02] | -4.404774184753737e-05
-0.39201322197914124 | [-0.03] | -9.834710725338925e-05
-0.4261525869369507 | [-0.04] | -0.00016502748822597703
-0.4610733687877655 | [-0.05] | -0.00023666154125238207
-0.4965333044528961 | [-0.06] | -0.00030604178793524614
-0.5322790145874023 | [-0.06] | -0.00036666604099542274
-0.5680504441261292 | [-0.06] | -0.00041318357805463467
-0.6035858988761902 | [-0.07] | -0.00044174906567839855
-0.6386268734931946 | [-0.07] | -0.0004502464344185064
-0.6729228496551514 | [-0.07] | -0.0004383601734905116
-0.7062352895736694 | [-0.06] | -0.0004074974793093712
-0.738341212272644 | [-0.06] | -0.00036058087157988465
-0.7690357565879822 | [-0.05] | -0.0003017506546749915
-0.7981337904930115 | [-0.05] | -0.000236020521368173
-0.8254706859588623 | [-0.04] | -0.00016892990981251402
-0.8509021997451782 | [-0.03] | -0.00010623127997387589
-0.8743036985397339 | [-0.02] | -5.363501989430475e-05
-0.8955687880516052 | [-0.01] | -1.6626466329777714e-05
-0.9146074652671814 | [-0.] | -3.552853753632214e-07
-0.9313441514968872 | [0.01] | -9.590240971565621e-06
-0.945715606212616 | [0.02] | -4.872625194030154e-05
-0.9576689004898071 | [0.03] | -0.00012182841563156543
-0.9671595096588135 | [0.05] | -0.00023269684825102818
-0.9741494655609131 | [0.06] | -0.00038493772450072
-0.9786061644554138 | [0.08] | -0.0005820266803673627
-0.980501115322113 | [0.09] | -0.000827354003353546
-0.9798095226287842 | [0.11] | -0.001124240594919601
-0.9765098094940186 | [0.12] | -0.001475917485638543
-0.9705838561058044 | [0.14] | -0.0018854601907994678
-0.9620177149772644 | [0.15] | -0.002355671716802759
-0.9508025050163269 | [0.17] | -0.0028889098881178027
-0.9369361400604248 | [0.19] | -0.0034868541093192075
-0.9204252362251282 | [0.2] | -0.00415021532045973
-0.9012873768806458 | [0.22] | -0.004878393561030123
-0.8795539140701294 | [0.24] | -0.005669097212425431
-0.8552728891372681 | [0.26] | -0.006517949013583136
-0.8285119533538818 | [0.27] | -0.0074181138454712334
-0.7993614673614502 | [0.29] | -0.008359997137579038
-0.7679370641708374 | [0.31] | -0.009331067564260885
-0.7343816757202148 | [0.32] | -0.010315865765021229
-0.6988669037818909 | [0.34] | -0.01129625870669513
-0.6615931987762451 | [0.35] | -0.012251973432798227
-0.6227887868881226 | [0.36] | -0.01316141501112389
-0.5827072262763977 | [0.37] | -0.014002744765160302
-0.5416233539581299 | [0.38] | -0.014755134267728766
-0.49982818961143494 | [0.39] | -0.015400067628251635
-0.4576224982738495 | [0.4] | -0.015922554737080066
-0.4153098464012146 | [0.4] | -0.016312093761799578
-0.3731893301010132 | [0.41] | -0.016563273530987497
-0.3315485417842865 | [0.41] | -0.016675934571581934
-0.2906571924686432 | [0.41] | -0.016654892670275426
-0.2507619857788086 | [0.41] | -0.016509267447906463
-0.2120826244354248 | [0.4] | -0.016251540146997676
-0.17480939626693726 | [0.4] | -0.015896468994766
-0.13910214602947235 | [0.39] | -0.015459983749713031
-0.10509056597948074 | [0.39] | -0.014958183386549917
-0.07287562638521194 | [0.38] | -0.014406508412850122
-0.04253184422850609 | [0.37] | -0.013819119479358214
-0.014110125601291656 | [0.36] | -0.013208496686308836
0.012358984909951687 | [0.35] | -0.01258523480221572
0.03686194866895676 | [0.35] | -0.011957998458445512
0.05939888954162598 | [0.34] | -0.011333601402952257
0.07998039573431015 | [0.33] | -0.010717163879237232
0.0986245796084404 | [0.32] | -0.010112319561051353
0.11535439640283585 | [0.31] | -0.009521443664675996
0.1301952749490738 | [0.3] | -0.008945879315898572
0.14317308366298676 | [0.29] | -0.008386155661691576
0.1543123573064804 | [0.28] | -0.00784218634020863
0.16363483667373657 | [0.27] | -0.007313445434547142
0.17115819454193115 | [0.26] | -0.006799123366548911
0.17689506709575653 | [0.25] | -0.006298262132721447
0.1808522343635559 | [0.24] | -0.005809874237395897
0.18302997946739197 | [0.23] | -0.005333047831683127
0.18342162668704987 | [0.22] | -0.004867041274607383
0.18201322853565216 | [0.21] | -0.00441137016016556
0.17878341674804688 | [0.2] | -0.003965889016043583
0.1737033724784851 | [0.19] | -0.0035308686962952115
0.16673702001571655 | [0.18] | -0.0031070701631720522
0.15784136950969696 | [0.16] | -0.002695813483944159
0.1469670832157135 | [0.15] | -0.002299039117379949
0.13405930995941162 | [0.14] | -0.0019193572027522714
0.11905882507562637 | [0.12] | -0.001560077694079175
0.10190347582101822 | [0.11] | -0.001225212598387163
0.08253007382154465 | [0.1] | -0.0009194373801121044
0.060876742005348206 | [0.08] | -0.0006479984299045472
0.036885734647512436 | [0.06] | -0.0004165505930817385
0.010506829246878624 | [0.05] | -0.00023090938460478355
-0.01829875446856022 | [0.03] | -9.670693711359433e-05
-0.04955392703413963 | [0.01] | -1.8946468720120908e-05
-0.08326087892055511 | [-0.] | -1.4641239207746627e-06
-0.11939597874879837 | [-0.02] | -4.632480730408241e-05
-0.1579046994447708 | [-0.04] | -0.0001532021793624317
-0.19869683682918549 | [-0.06] | -0.0003188189948122157
-0.24164250493049622 | [-0.07] | -0.0005365437549022117
-0.28656941652297974 | [-0.09] | -0.0007962537300712126
-0.3332618176937103 | [-0.1] | -0.001084559227623909
-0.38146165013313293 | [-0.12] | -0.0013854512497295359
-0.4308720529079437 | [-0.13] | -0.001681367689212367
-0.48116347193717957 | [-0.14] | -0.0019545885171472536
-0.5319820046424866 | [-0.15] | -0.0021887940021912736
-0.5829595923423767 | [-0.15] | -0.0023705525922801617
-0.6337252855300903 | [-0.16] | -0.0024905095802191775
-0.6839166879653931 | [-0.16] | -0.002544081824253412
-0.7331907749176025 | [-0.16] | -0.00253156113261448
-0.7812331318855286 | [-0.16] | -0.0024576527768801638
-0.8277651071548462 | [-0.15] | -0.002330567625304468
-0.8725484609603882 | [-0.15] | -0.002160854413040505
-0.9153876900672913 | [-0.14] | -0.0019601799732035753
-0.9561298489570618 | [-0.13] | -0.0017402268413888426
-0.9946626424789429 | [-0.12] | -0.0015118276757067626
-1.030910849571228 | [-0.11] | -0.0012843839512768707
-1.064832091331482 | [-0.1] | -0.0010655620626621955
-1.0964115858078003 | [-0.09] | -0.0008612281323517346
-1.125657558441162 | [-0.08] | -0.0006755542194586267
-1.1525957584381104 | [-0.07] | -0.0005112367622351683
-1.1772650480270386 | [-0.06] | -0.0003697689834601495
-1.1997134685516357 | [-0.05] | -0.000251727425514262
-1.2000000476837158 | [0.08] | -0.0006399999237060572
-1.1976381540298462 | [0.09] | -0.000882381828466837
-1.1928856372833252 | [0.11] | -0.0011723649695135423
-1.1857057809829712 | [0.12] | -0.0015146905238122522
-1.1760540008544922 | [0.14] | -0.001914758389672369
-1.163879156112671 | [0.15] | -0.0023785707466881753
-1.1491246223449707 | [0.17] | -0.0029126221542368877
-1.131730079650879 | [0.19] | -0.003523717042119545
-1.1116338968276978 | [0.21] | -0.004218695959703953
-1.0887761116027832 | [0.22] | -0.005004046997478417
-1.0631022453308105 | [0.24] | -0.005885387084249753
-1.0345673561096191 | [0.26] | -0.006866798154745519
-1.003141164779663 | [0.28] | -0.007950018498204493
-0.9688138365745544 | [0.3] | -0.00913351614604614
-0.9316020011901855 | [0.32] | -0.01041149533570943
-0.8915549516677856 | [0.34] | -0.011772942611817744
-0.8487608432769775 | [0.36] | -0.013200839321654593
-0.8033518195152283 | [0.38] | -0.014671741311741971
-0.7555078864097595 | [0.4] | -0.016155903266217166
-0.7054586410522461 | [0.42] | -0.017618132015189365
-0.6534825563430786 | [0.44] | -0.019019471181044665
-0.5999026298522949 | [0.45] | -0.02031966750017385
-0.545079231262207 | [0.46] | -0.021480239115902806
-0.48939964175224304 | [0.47] | -0.02246775894094205
-0.4332650899887085 | [0.48] | -0.02325688156061194
-0.3770763874053955 | [0.49] | -0.02383263237920459
-0.3212192952632904 | [0.49] | -0.02419157041220628
-0.2660507261753082 | [0.49] | -0.024341659279174983
-0.2118871659040451 | [0.49] | -0.024300947422406835
-0.1589958667755127 | [0.49] | -0.02409533061125669
-0.10758921504020691 | [0.49] | -0.023755840610295842
-0.057822369039058685 | [0.48] | -0.023315906202440728
-0.009793705306947231 | [0.48] | -0.02280892219437983
0.03645241633057594 | [0.47] | -0.022266389458246865
0.08092128485441208 | [0.47] | -0.021716675943672187
0.12366247177124023 | [0.46] | -0.021184401097535933
0.1647641360759735 | [0.45] | -0.020690313852145814
0.20434734225273132 | [0.45] | -0.02025155778989885
0.24256081879138947 | [0.45] | -0.019882165917195244
0.2795763313770294 | [0.44] | -0.01959369414731171
0.31558480858802795 | [0.44] | -0.019395885895513817
0.35079309344291687 | [0.44] | -0.019297336699287196
0.3854215443134308 | [0.44] | -0.019306106571653207
0.4197021722793579 | [0.44] | 99.980569726617
Total reward: 97.44395247814083
0.1, 5.8, 0.2
parameter ends

state | action | reward
[-0.49] | [0.15] | -0.002265724828325625
-0.49475768208503723 | [0.15] | -0.0022674693895581672
-0.49473804235458374 | [0.15] | -0.002269246520656089
-0.4947086274623871 | [0.15] | -0.0022710436272988486
-0.4946695566177368 | [0.15] | -0.0022728477680836337
-0.49462103843688965 | [0.15] | -0.002274645753601355
-0.49456334114074707 | [0.15] | -0.0022764243535599096
-0.49449682235717773 | [0.15] | -0.0022781702829696602
-0.49442189931869507 | [0.15] | -0.0022798704100978205
-0.4943390190601349 | [0.15] | -0.0022815119270154865
-0.49424874782562256 | [0.15] | -0.0022830821255204014
-0.49415168166160583 | [0.15] | -0.0022845688244319115
-0.49404844641685486 | [0.15] | -0.00228596041852027
-0.49393975734710693 | [0.15] | -0.0022872457422774685
-0.49382635951042175 | [0.15] | -0.0022884143772249274
-0.4937090575695038 | [0.15] | -0.0022894566112739503
-0.4935886561870575 | [0.15] | -0.002290363704343382
-0.49346601963043213 | [0.15] | -0.002291127721710314
-0.49334201216697693 | [0.15] | -0.0022917418006999715
-0.4932175576686859 | [0.15] | -0.002292199986033474
-0.4930935502052307 | [0.15] | -0.0022924975861971526
-0.49297088384628296 | [0.15] | -0.0022926310547439492
-0.49285048246383667 | [0.15] | -0.0022925979182645867
-0.4927332401275635 | [0.15] | -0.0022923969988085727
-0.492620050907135 | [0.15] | -0.0022920282997512032
-0.4925117790699005 | [0.15] | -0.0022914931059942623
-0.49240925908088684 | [0.15] | -0.002290793953624729
-0.49231329560279846 | [0.15] | -0.002289934597651227
-0.49222463369369507 | [0.15] | -0.002288920076980655
-0.49214398860931396 | [0.15] | -0.002287756548608095
-0.4920720160007477 | [0.15] | -0.0022864513477110315
-0.49200934171676636 | [0.15] | -0.002285012826153812
-0.491956502199173 | [0.15] | -0.0022834504968249547
-0.49191394448280334 | [0.15] | -0.002281774923992637
-0.4918820858001709 | [0.15] | -0.0022799974311017448
-0.4918612539768219 | [0.15] | -0.0022781302425735604
-0.49185168743133545 | [0.15] | -0.0022761863725174122
-0.4918535649776459 | [0.15] | -0.0022741794204552772
-0.49186694622039795 | [0.15] | -0.0022721236752389403
-0.49189186096191406 | [0.15] | -0.0022700336932866597
-0.49192821979522705 | [0.15] | -0.0022679245292403795
-0.4919758439064026 | [0.15] | -0.002265811494100182
-0.4920344948768616 | [0.15] | -0.0022637099498235276
-0.49210384488105774 | [0.15] | -0.0022616353224008414
-0.49218347668647766 | [0.15] | -0.002259602986811308
-0.49227291345596313 | [0.15] | -0.0022576280619930537
-0.4923715591430664 | [0.15] | -0.0022557255134470575
-0.49247878789901733 | [0.15] | -0.002253909730073575
-0.4925938844680786 | [0.15] | -0.002252194663696286
-0.4927160441875458 | [0.15] | -0.002250593712511416
-0.49284449219703674 | [0.15] | -0.0022491192487677975
-0.4929783046245575 | [0.15] | -0.002247783184101178
-0.493116557598114 | [0.15] | -0.0022465963373483355
-0.4932582676410675 | [0.15] | -0.0022455686056354006
-0.4934024512767792 | [0.15] | -0.0022447086993684228
-0.49354806542396545 | [0.15] | -0.002244024325369623
-0.4936940371990204 | [0.15] | -0.0022435220054650706
-0.4938393235206604 | [0.15] | -0.002243206858496249
-0.49398285150527954 | [0.15] | -0.0022430828045302722
-0.49412354826927185 | [0.15] | -0.0022431524296458705
-0.49426037073135376 | [0.15] | -0.0022434168827868656
-0.4943922758102417 | [0.15] | -0.0022438759982972155
-0.4945182502269745 | [0.15] | -0.0022445281859097533
-0.4946373403072357 | [0.15] | -0.002245370371597647
-0.494748592376709 | [0.15] | -0.0022463982357937384
-0.49485114216804504 | [0.15] | -0.0022476059321578385
-0.49494412541389465 | [0.15] | -0.0022489864528112955
-0.4950268268585205 | [0.15] | -0.002250531168014581
-0.4950985312461853 | [0.15] | -0.0022522304449798538
-0.4951586127281189 | [0.15] | -0.0022540733704266274
-0.4952065348625183 | [0.15] | -0.002256047843407886
-0.49524182081222534 | [0.15] | -0.0022581407703606577
-0.4952641427516937 | [0.15] | -0.0022603378558340398
-0.4952732026576996 | [0.15] | -0.002262624141481885
-0.4952687919139862 | [0.15] | -0.00226498385422073
-0.4952508509159088 | [0.15] | -0.0022674003322577254
-0.4952194094657898 | [0.15] | -0.0022698563875056164
-0.4951745569705963 | [0.15] | -0.0022723345044626106
-0.49511653184890747 | [0.15] | -0.0022748166452097296
-0.49504560232162476 | [0.15] | -0.0022772847972806847
-0.494962215423584 | [0.15] | -0.0022797205642523274
-0.49486684799194336 | [0.15] | -0.002282105847434302
-0.49476009607315063 | [0.15] | -0.002284422620283549
-0.4946426749229431 | [0.15] | -0.002286653087418101
-0.4945153295993805 | [0.15] | -0.0022887801197342696
-0.4943788945674896 | [0.15] | -0.002290787122663327
-0.4942342936992645 | [0.15] | -0.0022926581616394075
-0.494082510471344 | [0.15] | -0.002294378187420507
-0.493924617767334 | [0.15] | -0.0022959330328441714
-0.49376168847084045 | [0.15] | -0.002297309818275141
-0.4935948848724365 | [0.15] | -0.0022984966951165235
-0.4934253990650177 | [0.15] | -0.0022994831658998973
-0.4932544529438019 | [0.15] | -0.002300260131363581
-0.49308326840400696 | [0.15] | -0.002300820047784717
-0.4929130971431732 | [0.15] | -0.0023011568438549702
-0.49274522066116333 | [0.15] | -0.0023012659833140533
-0.4925808608531952 | [0.15] | -0.002301144787595464
-0.4924212396144867 | [0.15] | -0.002300792197650912
-0.49226757884025574 | [0.15] | -0.0023002087794004545
-0.4921210706233978 | [0.15] | -0.0022993968362868093
-0.4919828474521637 | [0.15] | -0.0022983604693054315
-0.4918539822101593 | [0.15] | -0.0022971055069740424
-0.4917354881763458 | [0.15] | -0.00229563944314437
-0.49162834882736206 | [0.15] | -0.002293971270764074
-0.49153342843055725 | [0.15] | -0.002292111725838721
-0.49145153164863586 | [0.15] | -0.0022900729525030163
-0.4913833737373352 | [0.15] | -0.0022878685255181075
-0.491329550743103 | [0.15] | -0.0022855134224380835
-0.4912905991077423 | [0.15] | -0.0022830236953437135
-0.4912669360637665 | [0.15] | -0.002280416572038819
-0.4912588894367218 | [0.15] | -0.0022777102141690975
-0.4912666082382202 | [0.15] | -0.0022749238718204156
-0.49129021167755127 | [0.15] | -0.00227207720341116
-0.4913296401500702 | [0.15] | -0.002269190685851362
-0.49138474464416504 | [0.15] | -0.002266285113857416
-0.4914552867412567 | [0.15] | -0.0022633814864151565
-0.4915408492088318 | [0.15] | -0.0022605011590097696
-0.49164095520973206 | [0.15] | -0.0022576652569545937
-0.49175500869750977 | [0.15] | -0.0022548947747096535
-0.4918822646141052 | [0.15] | -0.002252210515429234
-0.49202191829681396 | [0.15] | -0.0022496326329500852
-0.49217307567596436 | [0.15] | -0.002247180639897583
-0.4923347234725952 | [0.15] | -0.002244873386114893
-0.4925057590007782 | [0.15] | -0.0022427288175252014
-0.4926850199699402 | [0.15] | -0.0022407637689772874
-0.4928712546825409 | [0.15] | -0.0022389939766193786
-0.49306318163871765 | [0.15] | -0.0022374337823542188
-0.4932594299316406 | [0.15] | -0.0022360962709117925
-0.4934585988521576 | [0.15] | -0.0022349929740504825
-0.49365925788879395 | [0.15] | -0.0022341338233572506
-0.4938599765300751 | [0.15] | -0.0022335270206233974
-0.4940592646598816 | [0.15] | -0.0022331792021168416
-0.4942556321620941 | [0.15] | -0.002233095174563269
-0.49444764852523804 | [0.15] | -0.0022332777254289
-0.49463385343551636 | [0.15] | -0.002233727947524228
-0.49481284618377686 | [0.15] | -0.0022344449240456134
-0.4949832260608673 | [0.15] | -0.002235425955654347
-0.49514371156692505 | [0.15] | -0.0022366661931962676
-0.4952930212020874 | [0.15] | -0.002238159120374912
-0.4954299330711365 | [0.15] | -0.0022398963514562247
-0.4955533742904663 | [0.15] | -0.0022418674187786526
-0.4956623315811157 | [0.15] | -0.002244060209108826
-0.4957558512687683 | [0.15] | -0.0022464610119144425
-0.4958331286907196 | [0.15] | -0.002249054306436128
-0.4958934485912323 | [0.15] | -0.0022518231054335608
-0.49593624472618103 | [0.15] | -0.0022547488714492704
-0.4959610104560852 | [0.15] | -0.0022578119524410945
-0.49596744775772095 | [0.15] | -0.0022609911939410247
-0.49595531821250916 | [0.15] | -0.0022642646356746923
-0.49592459201812744 | [0.15] | -0.0022676091267426006
-0.4958752989768982 | [0.15] | -0.0022710010293433436
-0.4958076477050781 | [0.15] | -0.0022744159298680746
-0.4957219660282135 | [0.15] | -0.002277829042687938
-0.4956187307834625 | [0.15] | -0.0022812152705919213
-0.49549853801727295 | [0.15] | -0.0022845494913828193
-0.49536213278770447 | [0.15] | -0.002287806624675728
-0.49521034955978394 | [0.15] | -0.0022909620144111326
-0.49504420161247253 | [0.15] | -0.0022939912873889343
-0.4948647618293762 | [0.15] | -0.002296870957257833
-0.4946732223033905 | [0.15] | -0.0022995783422161994
-0.49447089433670044 | [0.15] | -0.002302091736938797
-0.49425914883613586 | [0.15] | -0.0023043907793299395
-0.49403947591781616 | [0.15] | -0.0023064563590331336
-0.4938133955001831 | [0.15] | -0.0023082710783579245
-0.49358251690864563 | [0.15] | -0.002309819137781386
-0.49334847927093506 | [0.15] | -0.002311086654717295
-0.4931129813194275 | [0.15] | -0.0023120616431399803
-0.492877721786499 | [0.15] | -0.0023127342996806543
-0.49264442920684814 | [0.15] | -0.002313096936801972
-0.49241483211517334 | [0.15] | -0.002313144136418263
-0.4921906292438507 | [0.15] | -0.002312872865547859
-0.49197351932525635 | [0.15] | -0.0023122823673248074
-0.4917651414871216 | [0.15] | -0.002311374362676254
-0.49156710505485535 | [0.15] | -0.002310152895515926
-0.4913809597492218 | [0.15] | -0.0023086244030763063
-0.49120816588401794 | [0.15] | -0.0023067977351126237
-0.4910500943660736 | [0.15] | -0.002304684049592471
-0.49090802669525146 | [0.15] | -0.0023022967040425566
-0.490783154964447 | [0.15] | -0.002299651145429795
-0.49067652225494385 | [0.15] | -0.0022967649757340007
-0.49058908224105835 | [0.15] | -0.0022936575782416054
-0.490521639585495 | [0.15] | -0.0022903501806070636
-0.4904748499393463 | [0.15] | -0.0022868656640926905
-0.4904492497444153 | [0.15] | -0.0022832282750911274
-0.49044519662857056 | [0.15] | -0.002279463649343796
-0.49046292901039124 | [0.15] | -0.002275598397493864
-0.4905025064945221 | [0.15] | -0.002271660127587114
-0.4905638098716736 | [0.15] | -0.0022676772118930756
-0.4906465709209442 | [0.15] | -0.0022636784662737127
-0.49075040221214294 | [0.15] | -0.0022596928653868904
-0.490874707698822 | [0.15] | -0.0022557496589533667
-0.49101877212524414 | [0.15] | -0.0022518778348392153
-0.49118170142173767 | [0.15] | -0.0022481061462841473
-0.49136245250701904 | [0.15] | -0.0022444627970917962
-0.4915598928928375 | [0.15] | -0.002240975073746305
-0.49177271127700806 | [0.15] | -0.002237669501077875
-0.49199947714805603 | [0.15] | -0.0022345714420272467
-0.4922386407852173 | [0.15] | -0.0022317049463304447
-0.4924885928630829 | [0.15] | -0.002229092419952071
-0.49274757504463196 | [0.15] | -0.0022267548313093925
-0.49301376938819885 | [0.15] | -0.002224711237252654
-0.49328529834747314 | [0.15] | -0.0022229787224243938
-0.49356022477149963 | [0.15] | -0.002221572309979259
-0.49383655190467834 | [0.15] | -0.0022205048860827314
-0.4941122829914093 | [0.15] | -0.0022197869349947926
-0.49438539147377014 | [0.15] | -0.002219426618991171
-0.4946538507938385 | [0.15] | -0.002219429637758668
-0.4949156641960144 | [0.15] | -0.0022197991302153673
-0.49516886472702026 | [0.15] | -0.0022205356770717464
-0.4954114854335785 | [0.15] | -0.0022216374141327457
-0.49564170837402344 | [0.15] | -0.0022230995564745024
-0.49585768580436707 | [0.15] | -0.002224915092748003
-0.49605774879455566 | [0.15] | -0.0022270740974278972
-0.4962402880191803 | [0.15] | -0.002229564266743556
-0.4964038133621216 | [0.15] | -0.002232370793127695
-0.4965469539165497 | [0.15] | -0.002235476473232845
-0.4966684877872467 | [0.15] | -0.002238861730318857
-0.4967673420906067 | [0.15] | -0.0022425047712661354
-0.4968425929546356 | [0.15] | -0.002246381738266775
-0.4968934655189514 | [0.15] | -0.0022504668620831505
-0.4969193935394287 | [0.15] | -0.002254732440982198
-0.4969199597835541 | [0.15] | -0.0022591492567856277
-0.4968949556350708 | [0.15] | -0.002263686559519627
-0.4968443214893341 | [0.15] | -0.00226831249223627
-0.4967682361602783 | [0.15] | -0.002272993995396156
-0.4966669976711273 | [0.15] | -0.0022776974612453054
-0.4965411424636841 | [0.15] | -0.002282388521959446
-0.4963913857936859 | [0.15] | -0.002287032528931529
-0.49621862173080444 | [0.15] | -0.002291594799349412
-0.49602392315864563 | [0.15] | -0.0022960408483035334
-0.49580851197242737 | [0.15] | -0.002300336733050364
-0.4955737590789795 | [0.15] | -0.002304449263578372
-0.49532124400138855 | [0.15] | -0.002308346050513928
-0.49505266547203064 | [0.15] | -0.0023119960619707464
-0.4947698414325714 | [0.15] | -0.0023153698351133342
-0.49447470903396606 | [0.15] | -0.00231843965067524
-0.49416935443878174 | [0.15] | -0.002321179650870022
-0.49385589361190796 | [0.15] | -0.002323566437330976
-0.4935365617275238 | [0.15] | -0.002325578879084115
-0.4932136535644531 | [0.15] | -0.002327198491368512
-0.4928894639015198 | [0.15] | -0.00232840974615755
-0.49256640672683716 | [0.15] | -0.0023291997365965894
-0.4922468066215515 | [0.15] | -0.002329559024107039
-0.49193307757377625 | [0.15] | -0.002329480995602059
-0.4916275441646576 | [0.15] | -0.0023289625760718313
-0.4913325011730194 | [0.15] | -0.0023280039462946728
-0.49105021357536316 | [0.15] | -0.0023266085307639887
-0.49078285694122314 | [0.15] | -0.002324783157835002
-0.4905325174331665 | [0.15] | -0.0023225379665005627
-0.4903011620044708 | [0.15] | -0.002319886386976921
-0.49009066820144653 | [0.15] | -0.0023168448946886875
-0.4899027347564697 | [0.15] | -0.002313433180632325
-0.48973894119262695 | [0.15] | -0.0023096737236812308
-0.48960068821907043 | [0.15] | -0.002305591818993372
-0.48948922753334045 | [0.15] | -0.0023012152483762203
-0.4894056022167206 | [0.15] | -0.00229657425392138
-0.48935064673423767 | [0.15] | -0.002291701261465345
-0.48932501673698425 | [0.15] | -0.0022866305068019663
-0.48932918906211853 | [0.15] | -0.002281397793937443
-0.48936334252357483 | [0.15] | -0.0022760406133409076
-0.48942750692367554 | [0.15] | -0.0022705972987048404
-0.48952150344848633 | [0.15] | -0.002265107005747099
-0.4896448850631714 | [0.15] | -0.002259609620885382
-0.4897969961166382 | [0.15] | -0.0022541452289653228
-0.4899769723415375 | [0.15] | -0.002248753850731838
-0.4901837408542633 | [0.15] | -0.0022434751731200664
-0.490416020154953 | [0.15] | -0.002238348292614147
-0.49067234992980957 | [0.15] | -0.002233411357114663
-0.4909510612487793 | [0.15] | -0.0022287014468092502
-0.49125030636787415 | [0.15] | -0.002224254220456185
-0.49156808853149414 | [0.15] | -0.002220103619018741
-0.491902232170105 | [0.15] | -0.0022162817778261686
-0.4922504127025604 | [0.15] | -0.0022128187077130653
-0.49261024594306946 | [0.15] | -0.002209741866079171
-0.49297916889190674 | [0.15] | -0.00220707644929247
-0.49335455894470215 | [0.15] | -0.002204844799169416
-0.4937337636947632 | [0.15] | -0.0022030662550110995
-0.4941140115261078 | [0.15] | -0.0022017573815892423
-0.4944925308227539 | [0.15] | -0.0022009314537671815
-0.4948665201663971 | [0.15] | -0.0022005985397015016
-0.4952332377433777 | [0.15] | -0.0022007651750100984
-0.4955899119377136 | [0.15] | -0.00220143467701847
-0.4959338307380676 | [0.15] | -0.002202606827322112
-0.49626240134239197 | [0.15] | -0.002204277721543943
-0.4965730607509613 | [0.15] | -0.002206440145300157
-0.49686336517333984 | [0.15] | -0.0022090833132255533
-0.49713101983070374 | [0.15] | -0.0022121928640590287
-0.49737387895584106 | [0.15] | -0.0022157509992057445
-0.49758994579315186 | [0.15] | -0.0022197366145190467
-0.49777740240097046 | [0.15] | -0.0022241253347438697
-0.49793460965156555 | [0.15] | -0.0022288896817245283
-0.4980601668357849 | [0.15] | -0.002233999060542015
-0.49815288186073303 | [0.15] | -0.0022394200873869794
-0.4982118010520935 | [0.15] | -0.002245116713415385
-0.49823617935180664 | [0.15] | -0.0022510505583031573
-0.49822553992271423 | [0.15] | -0.002257180952087746
-0.4981796443462372 | [0.15] | -0.0022634653235662767
-0.49809855222702026 | [0.15] | -0.0022698592910742675
-0.49798253178596497 | [0.15] | -0.0022763172866807043
-0.49783211946487427 | [0.15] | -0.0022827926266988747
-0.497648149728775 | [0.15] | -0.002289237760039652
-0.4974316358566284 | [0.15] | -0.00229560501302738
-0.4971839189529419 | [0.15] | -0.0023018463855337366
-0.4969065189361572 | [0.15] | -0.002307914436594601
-0.4966012239456177 | [0.15] | -0.002313762288133416
-0.4962700307369232 | [0.15] | -0.0023193441894630287
-0.49591514468193054 | [0.15] | -0.0023246158458779063
-0.4955389201641083 | [0.15] | -0.002329534910924773
-0.49514397978782654 | [0.15] | -0.002334060890755437
-0.4947330057621002 | [0.15] | -0.0023381561959326578
-0.4943088889122009 | [0.15] | -0.0023417858354036424
-0.4938746392726898 | [0.15] | -0.0023449180290203895
-0.4934333264827728 | [0.15] | -0.0023475246203526266
-0.49298810958862305 | [0.15] | -0.002349581145835139
-0.49254223704338074 | [0.15] | -0.0023510670011174296
-0.49209895730018616 | [0.15] | -0.00235196590758514
-0.49166151881217957 | [0.15] | -0.0023522659744753182
-0.4912331998348236 | [0.15] | -0.0023519596518685013
-0.49081718921661377 | [0.15] | -0.002351044189889809
-0.49041664600372314 | [0.15] | -0.002349521365042086
-0.49003463983535767 | [0.15] | -0.0023473976620138125
-0.4896741211414337 | [0.15] | -0.0023446842622559124
-0.4893379211425781 | [0.15] | -0.0023413969122528908
-0.4890286922454834 | [0.15] | -0.0023375559355347346
-0.4887489378452301 | [0.15] | -0.002333185917499962
-0.4885009527206421 | [0.15] | -0.0023283156785772322
-0.4882868230342865 | [0.15] | -0.0023229779878871297
-0.48810842633247375 | [0.15] | -0.002317209258417637
-0.4879673719406128 | [0.15] | -0.0023110494398441215
-0.48786500096321106 | [0.15] | -0.0023045416440267514
-0.4878024160861969 | [0.15] | -0.002297731670337111
-0.4877804219722748 | [0.15] | -0.0022906678517559736
-0.4877995252609253 | [0.15] | -0.0022834006405864525
-0.48785993456840515 | [0.15] | -0.0022759821979295293
-0.4879615902900696 | [0.15] | -0.002268465898394694
-0.48810407519340515 | [0.15] | -0.002260906238336397
-0.48828673362731934 | [0.15] | -0.0022533580050394814
-0.48850858211517334 | [0.15] | -0.0022458762323115822
-0.4887683093547821 | [0.15] | -0.0022385157856975187
-0.48906436562538147 | [0.15] | -0.002231330683928945
-0.4893949031829834 | [0.15] | -0.0022243739801324682
-0.48975780606269836 | [0.15] | -0.0022176973189876738
-0.49015071988105774 | [0.15] | -0.0022113505214822566
-0.490570992231369 | [0.15] | -0.002205381501663059
-0.49101582169532776 | [0.15] | -0.0021998354694149655
-0.4914821684360504 | [0.15] | -0.002194755033815113
-0.49196678400039673 | [0.15] | -0.00219017985457555
-0.4924663007259369 | [0.15] | -0.002186146144773284
-0.49297717213630676 | [0.15] | -0.002182686710005447
-0.49349579215049744 | [0.15] | -0.0021798304214011677
-0.49401840567588806 | [0.15] | -0.0021776024064207706
-0.4945412278175354 | [0.15] | -0.0021760235177909273
-0.49506044387817383 | [0.15] | -0.0021751102971324337
-0.49557220935821533 | [0.15] | -0.0021748749295138147
-0.4960727095603943 | [0.15] | -0.0021753250221790347
-0.49655818939208984 | [0.15] | -0.0021764635001000096
-0.4970249533653259 | [0.15] | -0.0021782886624621364
-0.497469425201416 | [0.15] | -0.002180794016563056
-0.49788814783096313 | [0.15] | -0.0021839683604008785
-0.49827784299850464 | [0.15] | -0.002187795682803129
-0.4986353814601898 | [0.15] | -0.0021922553969435077
-0.49895790219306946 | [0.15] | -0.0021973220735914214
-0.4992426931858063 | [0.15] | -0.0022029660368965507
-0.49948737025260925 | [0.15] | -0.0022091529260212478
-0.4996897578239441 | [0.15] | -0.0022158443408415852
-0.49984803795814514 | [0.15] | -0.0022229975763812557
-0.49996066093444824 | [0.15] | -0.0022305662249114833
-0.5000264048576355 | [0.15] | -0.0022385002470667937
-0.5000443458557129 | [0.15] | -0.002246746383055109
-0.5000139474868774 | [0.15] | -0.0022552481852400664
-0.4999350309371948 | [0.15] | -0.0022639465291069733
-0.499807745218277 | [0.15] | -0.0022727801040526093
-0.4996326267719269 | [0.15] | -0.0022816856104750753
-0.4994105100631714 | [0.15] | -0.002290598506272664
-0.4991426169872284 | [0.15] | -0.0022994531073272733
-0.49883052706718445 | [0.15] | -0.0023081831883737178
-0.49847614765167236 | [0.15] | -0.0023167225590359003
-0.49808168411254883 | [0.15] | -0.0023250056295320318
-0.4976496994495392 | [0.15] | -0.002332967671154971
-0.49718302488327026 | [0.15] | -0.002340545627889169
-0.4966847896575928 | [0.15] | -0.002347678473225092
-0.49615833163261414 | [0.15] | -0.002354307971522546
-0.49560731649398804 | [0.15] | -0.002360378693314862
-0.4950355291366577 | [0.15] | -0.0023658391958137617
-0.4944469928741455 | [0.15] | -0.0023706419514329434
-0.4938458502292633 | [0.15] | -0.002374744131931001
-0.49323639273643494 | [0.15] | -0.0023781078067761185
-0.4926230311393738 | [0.15] | -0.002380700339531266
-0.4920102059841156 | [0.15] | -0.002382494949891392
-0.49140241742134094 | [0.15] | -0.0023834707413032045
-0.49080413579940796 | [0.15] | -0.002383613156797141
-0.4902198314666748 | [0.15] | -0.00238291391733452
-0.48965391516685486 | [0.15] | -0.002381371273106127
-0.48911067843437195 | [0.15] | -0.002378990145016675
-0.48859426379203796 | [0.15] | -0.0023757821264050716
-0.48810869455337524 | [0.15] | -0.0023717651548155663
-0.4876578152179718 | [0.15] | -0.002366963579850768
-0.4872451722621918 | [0.15] | -0.0023614082589337765
-0.48687416315078735 | [0.15] | -0.0023551356853478487
-0.4865478277206421 | [0.15] | -0.0023481883824860994
-0.48626893758773804 | [0.15] | -0.0023406141240888165
-0.4860399663448334 | [0.15] | -0.002332465604496349
-0.48586300015449524 | [0.15] | -0.0023238002565600293
-0.4857397675514221 | [0.15] | -0.0023146795938435902
-0.48567166924476624 | [0.15] | -0.002305168587752121
-0.485659658908844 | [0.15] | -0.002295335535436409
-0.48570433259010315 | [0.15] | -0.0022852511511324224
-0.48580583930015564 | [0.15] | -0.002274988322768961
-0.48596394062042236 | [0.15] | -0.0022646213136584075
-0.4861779808998108 | [0.15] | -0.002254225316646393
-0.48644688725471497 | [0.15] | -0.0022438759069193827
-0.4867691397666931 | [0.15] | -0.002233648580943177
-0.4871428906917572 | [0.15] | -0.0022236178415629445
-0.4875658452510834 | [0.15] | -0.0022138571647411895
-0.48803532123565674 | [0.15] | -0.0022044382681022383
-0.48854830861091614 | [0.15] | -0.002195430508702186
-0.48910143971443176 | [0.15] | -0.0021869005986816996
-0.48969101905822754 | [0.15] | -0.00217891213292713
-0.4903130531311035 | [0.15] | -0.0021715251594962987
-0.49096325039863586 | [0.15] | -0.002164795887205675
-0.49163714051246643 | [0.15] | -0.002158776033506343
-0.49232998490333557 | [0.15] | -0.002153512918573052
-0.4930368661880493 | [0.15] | -0.0021490489617404765
-0.49375274777412415 | [0.15] | -0.002145421321599697
-0.494472473859787 | [0.15] | -0.0021426618016080297
-0.4951907992362976 | [0.15] | -0.002140796656247347
-0.4959024488925934 | [0.15] | -0.0021398463152030654
-0.4966021776199341 | [0.15] | -0.002139825169407071
-0.49728474020957947 | [0.15] | -0.0021407416779967
-0.49794498085975647 | [0.15] | -0.0021425980460769182
-0.49857786297798157 | [0.15] | -0.0021453902225699816
-0.49917852878570557 | [0.15] | -0.002149107748579475
-0.4997422695159912 | [0.15] | -0.0021537339739644253
-0.5002646446228027 | [0.15] | -0.002159245776417023
-0.5007414817810059 | [0.15] | -0.0021656137386634224
-0.5011688470840454 | [0.15] | -0.0021728024168823933
-0.5015432238578796 | [0.15] | -0.002180769950559593
-0.5018613934516907 | [0.15] | -0.0021894687323378527
-0.5021204948425293 | [0.15] | -0.002198845455954259
-0.5023181438446045 | [0.15] | -0.002208841004734696
-0.5024523735046387 | [0.15] | -0.0022193910600902785
-0.5025216341018677 | [0.15] | -0.0022304264611127324
-0.5025248527526855 | [0.15] | -0.0022418733948025393
-0.5024614334106445 | [0.15] | -0.0022536538654792672
-0.5023312568664551 | [0.15] | -0.002265686185513875
-0.5021346807479858 | [0.15] | -0.0022778854862179516
-0.5018725991249084 | [0.15] | -0.0022901640878492872
-0.501546323299408 | [0.15] | -0.002302432507418997
-0.5011577010154724 | [0.15] | -0.002314599635125975
-0.500709056854248 | [0.15] | -0.0023265736302219065
-0.5002031922340393 | [0.15] | -0.0023382625964694106
-0.4996432662010193 | [0.15] | -0.002349575662746402
-0.4990329146385193 | [0.15] | -0.002360423185126399
-0.49837619066238403 | [0.15] | -0.0023707177124793425
-0.4976775050163269 | [0.15] | -0.0023803748708420692
-0.49694159626960754 | [0.15] | -0.0023893141107454315
-0.49617356061935425 | [0.15] | -0.002397459250310028
-0.495378702878952 | [0.16] | -0.0024047396097063686
-0.49456265568733215 | [0.16] | -0.002411090151064126
-0.49373117089271545 | [0.16] | -0.0024164527460242857
-0.49289023876190186 | [0.16] | -0.0024207761782386802
-0.49204590916633606 | [0.16] | -0.0024240172262016105
-0.49120432138442993 | [0.16] | -0.00242614080817735
-0.4903716742992401 | [0.16] | -0.002427120374652196
-0.48955413699150085 | [0.16] | -0.0024269383885582494
-0.48875781893730164 | [0.16] | -0.0024255864978357604
-0.4879887104034424 | [0.16] | -0.0024230657082056645
-0.48725268244743347 | [0.16] | -0.002419386297728575
-0.4865553677082062 | [0.16] | -0.0024145680296788737
-0.48590224981307983 | [0.16] | -0.0024086395813584104
-0.4852984547615051 | [0.15] | -0.0024016389026680486
-0.48474881052970886 | [0.15] | -0.0023936125569882045
-0.4842578172683716 | [0.15] | -0.0023846152661443514
-0.4838295578956604 | [0.15] | -0.002374709699224761
-0.483467698097229 | [0.15] | -0.00236396576668315
-0.48317548632621765 | [0.15] | -0.002352459943721217
-0.4829556345939636 | [0.15] | -0.0023402749510133786
-0.482810378074646 | [0.15] | -0.0023274987142814824
-0.48274144530296326 | [0.15] | -0.002314223704318733
-0.48274996876716614 | [0.15] | -0.0023005464075669334
-0.4828365743160248 | [0.15] | -0.0022865661671690896
-0.48300132155418396 | [0.15] | -0.0022723846049165367
-0.4832436740398407 | [0.15] | -0.002258104900392606
-0.48356255888938904 | [0.15] | -0.002243830786551715
-0.48395630717277527 | [0.15] | -0.002229666014656133
-0.4844226837158203 | [0.15] | -0.0022157134963647733
-0.4849589169025421 | [0.15] | -0.002202074508456714
-0.485561728477478 | [0.15] | -0.0021888480067451125
-0.48622727394104004 | [0.15] | -0.0021761302104728437
-0.48695123195648193 | [0.15] | -0.002164013728988906
-0.4877288341522217 | [0.15] | -0.002152587022755829
-0.48855486512184143 | [0.15] | -0.0021419339679949237
-0.4894237220287323 | [0.15] | -0.0021321332578523844
-0.49032941460609436 | [0.15] | -0.002123258112959422
-0.4912656545639038 | [0.15] | -0.0021153756808312517
-0.4922258257865906 | [0.15] | -0.0021085469240235753
-0.49320313334465027 | [0.15] | -0.0021028258953000997
-0.4941905736923218 | [0.14] | -0.002098259797163122
-0.49518102407455444 | [0.14] | -0.0020948885100645132
-0.49616724252700806 | [0.14] | -0.0020927445520900136
-0.49714195728302 | [0.14] | -0.002091852750015026
-0.4980979561805725 | [0.14] | -0.002092229915589602
-0.4990280568599701 | [0.14] | -0.002093885023642415
-0.4999252259731293 | [0.14] | -0.0020968188107362497
-0.5007826089859009 | [0.14] | -0.0021010237754632423
-0.5015935301780701 | [0.15] | -0.002106484261790044
-0.5023516416549683 | [0.15] | -0.0021131760588284395
-0.5030509829521179 | [0.15] | -0.002121066414615958
-0.5036858320236206 | [0.15] | -0.0021301146714142604
-0.5042510628700256 | [0.15] | -0.002140271276707454
-0.5047418475151062 | [0.15] | -0.0021514790533311593
-0.5051539540290833 | [0.15] | -0.002163672401997335
-0.5054836869239807 | [0.15] | -0.0021767778855760565
-0.5057279467582703 | [0.15] | -0.002190714398010829
-0.5058841109275818 | [0.15] | -0.0022053939496807103
-0.5059503316879272 | [0.15] | -0.002220721093056799
-0.5059253573417664 | [0.15] | -0.002236594147917745
-0.5058085322380066 | [0.15] | -0.0022529057206925733
-0.5055999159812927 | [0.15] | -0.0022695429084286906
-0.5053002238273621 | [0.15] | -0.0022863882341897304
-0.5049108862876892 | [0.15] | -0.002303320196641579
-0.5044339895248413 | [0.15] | -0.002320214327956791
-0.503872275352478 | [0.15] | -0.002336944043517392
-0.5032291412353516 | [0.15] | -0.0023533815607936406
-0.5025085806846619 | [0.15] | -0.0023693990536546674
-0.5017151832580566 | [0.15] | -0.0023848696134622024
-0.5008541345596313 | [0.15] | -0.0023996682341523995
-0.4999311864376068 | [0.16] | -0.002413673003359625
-0.4989525377750397 | [0.16] | -0.002426766472540689
-0.49792492389678955 | [0.16] | -0.0024388363759174983
-0.49685540795326233 | [0.16] | -0.0024497773172881838
-0.4957514703273773 | [0.16] | -0.002459491286646489
-0.4946209192276001 | [0.16] | -0.0024678889239837464
-0.49347177147865295 | [0.16] | -0.002474890680572411
-0.4923122823238373 | [0.16] | -0.002480427367104523
-0.4911508858203888 | [0.16] | -0.0024844409758936845
-0.4899960160255432 | [0.16] | -0.0024868858236239523
-0.4888561964035034 | [0.16] | -0.0024877284659160013
-0.4877398908138275 | [0.16] | -0.002486948527234758
-0.48665544390678406 | [0.16] | -0.002484538983064104
-0.48561108112335205 | [0.16] | -0.0024805060697213224
-0.484614759683609 | [0.16] | -0.002474869627335706
-0.48367416858673096 | [0.16] | -0.002467662744795549
-0.48279666900634766 | [0.16] | -0.0024589314946537673
-0.48198920488357544 | [0.16] | -0.002448734677165909
-0.4812582731246948 | [0.16] | -0.0024371431601972185
-0.4806098937988281 | [0.16] | -0.002424239158845319
-0.4800494611263275 | [0.16] | -0.0024101158326536812
-0.4795818626880646 | [0.15] | -0.00239487579772481
-0.47921130061149597 | [0.15] | -0.0023786307278529043
-0.47894132137298584 | [0.15] | -0.00236150006194589
-0.478774756193161 | [0.15] | -0.002343610026808892
-0.4787137508392334 | [0.15] | -0.0023250923303051035
-0.47875961661338806 | [0.15] | -0.0023060834672022925
-0.47891297936439514 | [0.15] | -0.0022867229463039295
-0.4791736602783203 | [0.15] | -0.0022671525795748683
-0.47954070568084717 | [0.15] | -0.002247515206416297
-0.48001232743263245 | [0.15] | -0.0022279537813486108
-0.4805860221385956 | [0.15] | -0.0022086099087626817
-0.4812585115432739 | [0.15] | -0.002189623122883627
-0.48202574253082275 | [0.15] | -0.0021711299743402703
-0.48288291692733765 | [0.15] | -0.00215326309437816
-0.48382461071014404 | [0.15] | -0.002136150072134079
-0.4848446547985077 | [0.15] | -0.002119913249014205
-0.48593631386756897 | [0.15] | -0.002104668506523011
-0.4870922267436981 | [0.14] | -0.0020905250963387176
-0.4883045256137848 | [0.14] | -0.002077584750651971
-0.48956480622291565 | [0.14] | -0.0020659415360374453
-0.4908643066883087 | [0.14] | -0.002055681002213656
-0.4921938478946686 | [0.14] | -0.0020468802340036425
-0.49354398250579834 | [0.14] | -0.002039607194149438
-0.4949049949645996 | [0.14] | -0.002033920701910584
-0.49626702070236206 | [0.14] | -0.0020298699944012225
-0.4976201057434082 | [0.14] | -0.0020274945645467595
-0.49895423650741577 | [0.14] | -0.002026824024735345
-0.500259518623352 | [0.14] | -0.0020278776710042226
-0.5015260577201843 | [0.14] | -0.0020306648601545315
-0.5027442574501038 | [0.14] | -0.0020351841198772676
-0.5039048194885254 | [0.14] | -0.002041423275514668
-0.5049986839294434 | [0.14] | -0.0020493597830453752
-0.5060172080993652 | [0.14] | -0.0020589601307194833
-0.5069522857666016 | [0.14] | -0.0020701796630825738
-0.5077963471412659 | [0.14] | -0.0020829627195334726
-0.5085424184799194 | [0.14] | -0.002097242634606878
-0.5091841220855713 | [0.15] | -0.0021129419356076436
-0.5097158551216125 | [0.15] | -0.0021299719511259736
-0.5101327896118164 | [0.15] | -0.002148233196627326
-0.5104308128356934 | [0.15] | -0.002167615933449074
-0.5106067657470703 | [0.15] | -0.002187999773569209
-0.5106582641601562 | [0.15] | -0.002209254877568816
-0.5105838179588318 | [0.15] | -0.0022312420951508074
-0.510382890701294 | [0.15] | -0.0022538134926718815
-0.5100558996200562 | [0.15] | -0.00227681321390627
-0.5096040964126587 | [0.15] | -0.0023000788013029195
-0.509029746055603 | [0.15] | -0.0023234415665677505
-0.5083359479904175 | [0.15] | -0.002346728361754914
-0.5075268149375916 | [0.15] | -0.0023697621889748974
-0.5066072344779968 | [0.15] | -0.002392364373030304
-0.5055830478668213 | [0.16] | -0.002414355286479071
-0.504460871219635 | [0.16] | -0.002435556511581147
-0.5032480359077454 | [0.16] | -0.002455792498301336
-0.5019526481628418 | [0.16] | -0.002474891838030521
-0.5005835294723511 | [0.16] | -0.00249268907383765
-0.4991500675678253 | [0.16] | -0.002509026802730803
-0.497662216424942 | [0.16] | -0.0025237570225495644
-0.4961303770542145 | [0.16] | -0.0025367430604851028
-0.4945654273033142 | [0.16] | -0.002547860703789196
-0.4929785132408142 | [0.16] | -0.0025570001955224665
-0.49138107895851135 | [0.16] | -0.0025640671309933513
-0.48978471755981445 | [0.16] | -0.002568983867379186
-0.4882010817527771 | [0.16] | -0.0025716905645524145
-0.48664188385009766 | [0.16] | -0.0025721456160280186
-0.4851187467575073 | [0.16] | -0.002570326549027592
-0.4836430847644806 | [0.16] | -0.0025662305095302297
-0.48222607374191284 | [0.16] | -0.002559874113855654
-0.4808785617351532 | [0.16] | -0.002551293425241123
-0.47961097955703735 | [0.16] | -0.00254054369232027
-0.4784332811832428 | [0.16] | -0.0025276987163862976
-0.4773547947406769 | [0.16] | -0.0025128503646203795
-0.4763842523097992 | [0.16] | -0.0024961072574201846
-0.47552964091300964 | [0.16] | -0.002477593900651086
-0.47479820251464844 | [0.16] | -0.00245744920465312
-0.47419631481170654 | [0.16] | -0.002435825288983883
-0.4737294912338257 | [0.16] | -0.0024128857028763756
-0.4734022915363312 | [0.15] | -0.002388804013047734
-0.47321829199790955 | [0.15] | -0.0023637620234173624
-0.4731801152229309 | [0.15] | -0.0023379478727786683
-0.47328928112983704 | [0.15] | -0.0023115547419125903
-0.47354626655578613 | [0.15] | -0.002284778815014267
-0.47395050525665283 | [0.15] | -0.0022578175821602064
-0.4745003283023834 | [0.15] | -0.0022308684294543094
-0.4751930236816406 | [0.15] | -0.0022041268970137595
-0.4760248064994812 | [0.15] | -0.002177785372423657
-0.47699081897735596 | [0.15] | -0.0021520318305055515
-0.4780852198600769 | [0.15] | -0.0021270483411548824
-0.4793011248111725 | [0.15] | -0.00210301034221301
-0.4806307554244995 | [0.14] | -0.002080085239361832
-0.48206543922424316 | [0.14] | -0.0020584317577557517
-0.483595609664917 | [0.14] | -0.002038199428613479
-0.48521092534065247 | [0.14] | -0.002019527673471974
-0.48690035939216614 | [0.14] | -0.0020025453160062903
-0.48865219950675964 | [0.14] | -0.0019873703712256414
-0.49045419692993164 | [0.14] | -0.0019741094900496393
-0.4922936260700226 | [0.14] | -0.0019628577508371617
-0.4941573441028595 | [0.14] | -0.0019536985726106245
-0.49603191018104553 | [0.14] | -0.0019467034266895283
-0.4979037046432495 | [0.14] | -0.001941931549278616
-0.4997589886188507 | [0.14] | -0.0019394300050934112
-0.5015840530395508 | [0.14] | -0.0019392333277788302
-0.5033652186393738 | [0.14] | -0.0019413636879374021
-0.5050890445709229 | [0.14] | -0.0019458302984664234
-0.5067423582077026 | [0.14] | -0.0019526294861843452
-0.508312463760376 | [0.14] | -0.0019617440908936837
-0.5097870826721191 | [0.14] | -0.001973143705646842
-0.5111545324325562 | [0.14] | -0.0019867841060063284
-0.5124038457870483 | [0.14] | -0.0020026068788195485
-0.5135248303413391 | [0.14] | -0.002020539269662733
-0.5145081877708435 | [0.14] | -0.00204049385770961
-0.5153453946113586 | [0.14] | -0.0020623689313132897
-0.5160291194915771 | [0.14] | -0.002086047192850044
-0.5165529251098633 | [0.15] | -0.0021113970169919136
-0.5169116258621216 | [0.15] | -0.0021382714079874157
-0.5171011686325073 | [0.15] | -0.0021665088845522797
-0.5171186327934265 | [0.15] | -0.0021959339260933463
-0.5169624090194702 | [0.15] | -0.002226356991164409
-0.5166321396827698 | [0.15] | -0.00225757560115033
-0.5161287188529968 | [0.15] | -0.0022893753280956923
-0.5154544115066528 | [0.15] | -0.0023215305959507597
-0.51461261510849 | [0.15] | -0.002353806910579973
-0.5136080384254456 | [0.15] | -0.002385961734985436
-0.5124467015266418 | [0.16] | -0.002417746309156273
-0.5111357569694519 | [0.16] | -0.002448908268415163
-0.5096835494041443 | [0.16] | -0.0024791934746999705
-0.5080994963645935 | [0.16] | -0.002508348680696338
-0.50639408826828 | [0.16] | -0.002536123842760677
-0.5045787692070007 | [0.16] | -0.0025622749240942462
-0.5026658773422241 | [0.16] | -0.0025865665371721017
-0.5006686449050903 | [0.16] | -0.0026087743443978005
-0.4986009895801544 | [0.16] | -0.00262868815764517
-0.4964774549007416 | [0.16] | -0.002646114383526189
-0.4943130910396576 | [0.16] | -0.002660878554269689
-0.49212339520454407 | [0.16] | -0.0026728273257372016
-0.48992419242858887 | [0.16] | -0.002681830603877078
-0.4877314865589142 | [0.16] | -0.002687783565912997
-0.485561341047287 | [0.16] | -0.0026906079094304
-0.48342981934547424 | [0.16] | -0.002690252958235081
-0.4813528060913086 | [0.16] | -0.0026866965746952416
-0.4793459177017212 | [0.16] | -0.0026799455353189693
-0.47742438316345215 | [0.16] | -0.002670035510104934
-0.4756029546260834 | [0.16] | -0.0026570306716901357
-0.47389572858810425 | [0.16] | -0.002641023284173113
-0.4723161458969116 | [0.16] | -0.0026221321443359847
-0.4708767831325531 | [0.16] | -0.0026005017282079886
-0.4695892930030823 | [0.16] | -0.002576300196444399
-0.46846434473991394 | [0.16] | -0.002549717433377223
-0.46751150488853455 | [0.16] | -0.0025209629248872656
-0.46673914790153503 | [0.16] | -0.0024902634806347173
-0.4661544859409332 | [0.16] | -0.0024578603224033073
-0.4657633602619171 | [0.16] | -0.0024240070655190053
-0.46557027101516724 | [0.15] | -0.0023889666960877696
-0.4655783772468567 | [0.15] | -0.002353008794314628
-0.4657893478870392 | [0.15] | -0.002316407319414256
-0.4662034213542938 | [0.15] | -0.0022794377184108187
-0.4668193757534027 | [0.15] | -0.0022423745680256596
-0.46763449907302856 | [0.15] | -0.0022054893478451743
-0.4686446189880371 | [0.15] | -0.002169048248535683
-0.46984410285949707 | [0.15] | -0.002133310284039343
-0.47122591733932495 | [0.14] | -0.0020985254460307292
-0.47278162837028503 | [0.14] | -0.0020649333560245147
-0.47450143098831177 | [0.14] | -0.0020327620717559974
-0.4763742685317993 | [0.14] | -0.002002226794319723
-0.47838786244392395 | [0.14] | -0.001973529184457768
-0.4805287718772888 | [0.14] | -0.0019468567581895442
-0.4827825129032135 | [0.14] | -0.0019223824592491446
-0.48513364791870117 | [0.14] | -0.0019002643198294208
-0.4875658452510834 | [0.14] | -0.0018806455036556925
-0.49006205797195435 | [0.14] | -0.0018636540307506904
-0.4926046133041382 | [0.14] | -0.0018494030297925791
-0.495175302028656 | [0.14] | -0.0018379908846045652
-0.4977555274963379 | [0.14] | -0.0018295012544442336
-0.5003265142440796 | [0.14] | -0.0018240030352186275
-0.5028693079948425 | [0.13] | -0.0018215507979042014
-0.5053650140762329 | [0.13] | -0.0018221844604017238
-0.5077949166297913 | [0.14] | -0.0018259292058912828
-0.5101406574249268 | [0.14] | -0.0018327952516539571
-0.5123842358589172 | [0.14] | -0.0018427778468084674
-0.5145082473754883 | [0.14] | -0.0018558566252613953
-0.5164961218833923 | [0.14] | -0.0018719945557879398
-0.5183320045471191 | [0.14] | -0.0018911382732564623
-0.5200011134147644 | [0.14] | -0.0019132164954132837
-0.5214897394180298 | [0.14] | -0.0019381397519606675
-0.5227853655815125 | [0.14] | -0.001965799484651375
-0.5238767862319946 | [0.14] | -0.001996067332589574
-0.5247541666030884 | [0.14] | -0.0020287945141051773
-0.5254092216491699 | [0.14] | -0.0020638110226708028
-0.5258352160453796 | [0.14] | -0.002100925504601799
-0.5260270237922668 | [0.15] | -0.0021399250942261312
-0.5259811878204346 | [0.15] | -0.0021805754819812
-0.5256959795951843 | [0.15] | -0.0022226212458014696
-0.5251713991165161 | [0.15] | -0.00226578669339789
-0.5244092345237732 | [0.15] | -0.0023097768069053884
-0.5234130620956421 | [0.15] | -0.0023542787903922733
-0.522188127040863 | [0.15] | -0.002398964382108789
-0.5207414031028748 | [0.16] | -0.0024434917831015774
-0.5190816521644592 | [0.16] | -0.0024875080818253935
-0.5172191858291626 | [0.16] | -0.0025306531237382548
-0.5151659846305847 | [0.16] | -0.0025725622543001274
-0.5129354000091553 | [0.16] | -0.0026128709181290157
-0.5105423331260681 | [0.16] | -0.0026512176625604097
-0.5080029368400574 | [0.16] | -0.0026872492182911135
-0.5053345561027527 | [0.16] | -0.0027206244947882673
-0.5025556683540344 | [0.17] | -0.0027510188149198946
-0.49968570470809937 | [0.17] | -0.002778128352107816
-0.49674493074417114 | [0.17] | -0.0028016742502514525
-0.4937542676925659 | [0.17] | -0.0028214067533124105
-0.49073517322540283 | [0.17] | -0.0028371085635420967
-0.48770952224731445 | [0.17] | -0.002848598058253852
-0.4846993386745453 | [0.17] | -0.002855732315211259
-0.4817267656326294 | [0.17] | -0.002858408906579962
-0.4788137972354889 | [0.17] | -0.0028565678916571023
-0.4759821891784668 | [0.17] | -0.0028501925691439647
-0.4732532501220703 | [0.17] | -0.0028393099756876842
-0.4706477224826813 | [0.17] | -0.002823990600203238
-0.46818557381629944 | [0.17] | -0.002804347556627493
-0.4658859372138977 | [0.17] | -0.002780534839038418
-0.46376684308052063 | [0.17] | -0.002752745614166886
-0.4618452191352844 | [0.16] | -0.002721209218237813
-0.46013665199279785 | [0.16] | -0.002686188484598685
-0.45865535736083984 | [0.16] | -0.0026479759690966696
-0.4574139714241028 | [0.16] | -0.0026068905711589246
-0.4564235210418701 | [0.16] | -0.002563273282839493
-0.4556933343410492 | [0.16] | -0.002517483011284982
-0.4552309215068817 | [0.16] | -0.002469892518421309
-0.45504194498062134 | [0.16] | -0.002420884034111577
-0.45513013005256653 | [0.15] | -0.0023708452296587103
-0.45549726486206055 | [0.15] | -0.0023201650320981626
-0.4561431407928467 | [0.15] | -0.002269229919406687
-0.45706552267074585 | [0.15] | -0.0022184204054250443
-0.458260178565979 | [0.15] | -0.0021681076373485484
-0.4597208797931671 | [0.15] | -0.0021186505951035924
-0.4614394009113312 | [0.14] | -0.0020703935899090936
-0.463405579328537 | [0.14] | -0.002023664088812104
-0.4656073749065399 | [0.14] | -0.0019787710024786777
-0.4680309295654297 | [0.14] | -0.0019360033836000878
-0.47066059708595276 | [0.14] | -0.0018956297704828152
-0.47347912192344666 | [0.14] | -0.0018578973578418586
-0.47646766901016235 | [0.14] | -0.0018230320984086526
-0.4796059727668762 | [0.13] | -0.0017912387541422624
-0.48287251591682434 | [0.13] | -0.0017627012647706336
-0.4862445890903473 | [0.13] | -0.0017375836343838033
-0.48969852924346924 | [0.13] | -0.0017160304528942303
-0.4932097792625427 | [0.13] | -0.001698168057108017
-0.49675315618515015 | [0.13] | -0.001684105176687079
-0.5003030300140381 | [0.13] | -0.0016739337985282696
-0.5038333535194397 | [0.13] | -0.0016677302747679689
-0.5073181390762329 | [0.13] | -0.0016655550237933158
-0.5107313990592957 | [0.13] | -0.001667453688049565
-0.5140474438667297 | [0.13] | -0.001673456755194835
-0.5172410607337952 | [0.13] | -0.0016835794354519947
-0.5202877521514893 | [0.13] | -0.001697820894460895
-0.5231637954711914 | [0.13] | -0.0017161639170280023
-0.5258466005325317 | [0.13] | -0.0017385730082698373
-0.5283147692680359 | [0.13] | -0.001764993537359429
-0.5305482745170593 | [0.13] | -0.0017953499446193755
-0.5325286984443665 | [0.14] | -0.0018295437165953003
-0.5342392921447754 | [0.14] | -0.001867451798716086
-0.5356650948524475 | [0.14] | -0.0019089246742107144
-0.5367931723594666 | [0.14] | -0.0019537841150544977
-0.5376126766204834 | [0.14] | -0.002001821767047904
-0.5381148457527161 | [0.14] | -0.0020527979270539725
-0.5382933020591736 | [0.15] | -0.002106439731646261
-0.5381438732147217 | [0.15] | -0.002162441375467226
-0.5376647710800171 | [0.15] | -0.002220463443530145
-0.5368567109107971 | [0.15] | -0.002280133123366877
-0.5357227325439453 | [0.15] | -0.002341046032801987
-0.534268319606781 | [0.16] | -0.002402767560201005
-0.5325013995170593 | [0.16] | -0.0024648354389577437
-0.5304322242736816 | [0.16] | -0.002526763354782384
-0.5280733704566956 | [0.16] | -0.0025880448732094447
-0.5254396200180054 | [0.16] | -0.0026481584230346844
-0.5225480198860168 | [0.16] | -0.0027065722887357935
-0.5194175243377686 | [0.17] | -0.0027627516078247236
-0.5160690546035767 | [0.17] | -0.002816164291812656
-0.5125253200531006 | [0.17] | -0.002866288076110024
-0.5088106393814087 | [0.17] | -0.0029126178850216243
-0.5049508810043335 | [0.17] | -0.002954672712467966
-0.5009730458259583 | [0.17] | -0.0029920037035215865
-0.4969053268432617 | [0.17] | -0.0030242001329130828
-0.4927767217159271 | [0.17] | -0.0030508966796739916
-0.4886169731616974 | [0.18] | -0.0030717785528115867
-0.48445621132850647 | [0.18] | -0.0030865874540746616
-0.48032480478286743 | [0.18] | -0.0030951256172046956
-0.4762531518936157 | [0.18] | -0.0030972588995666316
-0.4722714126110077 | [0.18] | -0.003092919524835928
-0.46840929985046387 | [0.18] | -0.0030821070562621986
-0.46469587087631226 | [0.18] | -0.0030648884469027114
-0.4611593186855316 | [0.17] | -0.003041396974109314
-0.45782673358917236 | [0.17] | -0.0030118303693830537
-0.45472392439842224 | [0.17] | -0.0029764474470143384
-0.451875239610672 | [0.17] | -0.002935564117928551
-0.4493033289909363 | [0.17] | -0.0028895488304537084
-0.4470290541648865 | [0.17] | -0.0028388166321036625
-0.445071280002594 | [0.17] | -0.0027838233908668592
-0.4434467554092407 | [0.17] | -0.002725059067610399
-0.44216999411582947 | [0.16] | -0.00266304110597417
-0.44125309586524963 | [0.16] | -0.002598307671499026
-0.4407057464122772 | [0.16] | -0.0025314103934005127
-0.4405350387096405 | [0.16] | -0.002462907947920159
-0.44074547290802 | [0.15] | -0.0023933592846217943
-0.4413388967514038 | [0.15] | -0.002323317504406516
-0.44231438636779785 | [0.15] | -0.0022533244141838857
-0.44366830587387085 | [0.15] | -0.002183905036154989
-0.4453943073749542 | [0.15] | -0.0021155630292428937
-0.4474833011627197 | [0.14] | -0.002048776957418481
-0.4499235153198242 | [0.14] | -0.0019839969496498844
-0.45270052552223206 | [0.14] | -0.0019216423539818801
-0.45579734444618225 | [0.14] | -0.0018620999544453475
-0.45919448137283325 | [0.13] | -0.0018057230307470832
-0.4628700911998749 | [0.13] | -0.0017528310728112811
-0.4668000340461731 | [0.13] | -0.001703710399227465
-0.4709581434726715 | [0.13] | -0.0016586147648948385
-0.47531622648239136 | [0.13] | -0.0016177677315152546
-0.4798443615436554 | [0.13] | -0.0015813640141522627
-0.4845111072063446 | [0.12] | -0.0015495721108006164
-0.48928362131118774 | [0.12] | -0.0015225371378303658
-0.49412795901298523 | [0.12] | -0.001500383107855524
-0.49900928139686584 | [0.12] | -0.001483215813703739
-0.503892183303833 | [0.12] | -0.0014711248187773771
-0.5087408423423767 | [0.12] | -0.001464185981412413
-0.5135194063186646 | [0.12] | -0.0014624626210392308
-0.5181921720504761 | [0.12] | -0.0014660068195715512
-0.5227238535881042 | [0.12] | -0.0014748598430189433
-0.5270799398422241 | [0.12] | -0.001489051559591975
-0.5312268733978271 | [0.12] | -0.0015085997409907967
-0.5351323485374451 | [0.12] | -0.0015335080439533091
-0.5387656092643738 | [0.13] | -0.0015637637306975577
-0.5420975685119629 | [0.13] | -0.001599334867214667
-0.5451011657714844 | [0.13] | -0.0016401663678073108
-0.5477514863014221 | [0.13] | -0.0016861763485009826
-0.5500260591506958 | [0.13] | -0.001737251562312473
-0.5519049167633057 | [0.13] | -0.0017932433999216285
-0.5533708930015564 | [0.14] | -0.0018539630928313588
-0.5544096231460571 | [0.14] | -0.0019191780211017312
-0.5550097823143005 | [0.14] | -0.001988607585137578
-0.5551632046699524 | [0.14] | -0.0020619199538782843
-0.5548648238182068 | [0.15] | -0.0021387300660524115
-0.55411297082901 | [0.15] | -0.002218597262387339
-0.5529091358184814 | [0.15] | -0.002301025759555262
-0.5512582063674927 | [0.15] | -0.0023854644699907355
-0.5491684079170227 | [0.16] | -0.0024713092843083252
-0.5466512441635132 | [0.16] | -0.0025579064904861326
-0.5437213778495789 | [0.16] | -0.0026445578354539583
-0.5403967499732971 | [0.17] | -0.0027305259506678905
-0.5366983413696289 | [0.17] | -0.002815042699889469
-0.5326500535011292 | [0.17] | -0.0028973179143640983
-0.5282785892486572 | [0.17] | -0.0029765495265426144
-0.5236132144927979 | [0.17] | -0.0030519349920743403
-0.5186856985092163 | [0.18] | -0.003122682473399325
-0.5135299563407898 | [0.18] | -0.003188023982873359
-0.5081818699836731 | [0.18] | -0.0032472275865840666
-0.5026790499687195 | [0.18] | -0.0032996099929857394
-0.4970605671405792 | [0.18] | -0.00334454830811474
-0.49136659502983093 | [0.18] | -0.0033814918949214637
-0.48563817143440247 | [0.18] | -0.00340997175414042
-0.47991684079170227 | [0.19] | -0.003429609632928913
-0.4742443859577179 | [0.19] | -0.003440124913518475
-0.4686625301837921 | [0.19] | -0.003441339643432858
-0.4632125794887543 | [0.19] | -0.003433181996431735
-0.4579351246356964 | [0.18] | -0.003415687142812845
-0.4528697431087494 | [0.18] | -0.003388996820315598
-0.448054701089859 | [0.18] | -0.00335335612158634
-0.4435267448425293 | [0.18] | -0.003309108735614929
-0.4393206834793091 | [0.18] | -0.0032566911349204176
-0.43546929955482483 | [0.18] | -0.0031966240362066543
-0.4320030212402344 | [0.18] | -0.0031295038121929397
-0.4289497435092926 | [0.17] | -0.0030559923274077467
-0.4263346195220947 | [0.17] | -0.0029768061044679107
-0.42417988181114197 | [0.17] | -0.0028927052396151816
-0.4225046634674072 | [0.17] | -0.0028044818835578356
-0.42132487893104553 | [0.16] | -0.002712948856238171
-0.4206531047821045 | [0.16] | -0.0026189283873886172
-0.42049846053123474 | [0.16] | -0.0025232414415010847
-0.4208665192127228 | [0.16] | -0.0024266975308771385
-0.4217592477798462 | [0.15] | -0.0023300852760061485
-0.42317497730255127 | [0.15] | -0.0022341637854991084
-0.4251083433628082 | [0.15] | -0.0021396552728624664
-0.4275502860546112 | [0.14] | -0.0020472385163948946
-0.43048804998397827 | [0.14] | -0.0019575436367072962
-0.4339052140712738 | [0.14] | -0.001871148114205346
-0.43778181076049805 | [0.13] | -0.0017885738065657074
-0.4420943260192871 | [0.13] | -0.001710285927824648
-0.4468159079551697 | [0.13] | -0.0016366926867772205
-0.451916366815567 | [0.13] | -0.0015681468306259693
-0.45736247301101685 | [0.12] | -0.0015049478300893523
-0.4631180763244629 | [0.12] | -0.0014473457204790745
-0.469144344329834 | [0.12] | -0.001395545684950418
-0.47540000081062317 | [0.12] | -0.0013497133742256659
-0.4818416237831116 | [0.11] | -0.001309980907799403
-0.4884239435195923 | [0.11] | -0.001276453225802659
-0.49510011076927185 | [0.11] | -0.001249214682518026
-0.5018221139907837 | [0.11] | -0.0012283349911710619
-0.5085410475730896 | [0.11] | -0.0012138749662389625
-0.5152076482772827 | [0.11] | -0.0012058912105812
-0.5217724442481995 | [0.11] | -0.0012044403056705047
-0.5281863212585449 | [0.11] | -0.001209581205506162
-0.5344008207321167 | [0.11] | -0.0012213763999038302
-0.5403685569763184 | [0.11] | -0.001239891601883537
-0.5460435152053833 | [0.11] | -0.0012651941670342804
-0.551381528377533 | [0.11] | -0.0012973492729513852
-0.5563405752182007 | [0.12] | -0.0013364152470311218
-0.5608810782432556 | [0.12] | -0.0013824376083739042
-0.5649661421775818 | [0.12] | -0.0014354417681553308
-0.5685620307922363 | [0.12] | -0.0014954243839615964
-0.571638286113739 | [0.12] | -0.0015623449374744666
-0.5741680264472961 | [0.13] | -0.0016361162904593924
-0.5761280655860901 | [0.13] | -0.0017165956119355994
-0.577499270439148 | [0.13] | -0.001803574797476359
-0.5782665014266968 | [0.14] | -0.0018967725887720688
-0.5784189701080322 | [0.14] | -0.0019958262170191123
-0.5779502391815186 | [0.14] | -0.0021002853093559214
-0.5768582820892334 | [0.15] | -0.002209606981250064
-0.5751456022262573 | [0.15] | -0.0023231524967218926
-0.5728192329406738 | [0.16] | -0.002440186249096837
-0.5698907375335693 | [0.16] | -0.002559877049313073
-0.5663762092590332 | [0.16] | -0.0026813017954884985
-0.5622960925102234 | [0.17] | -0.002803452457075667
-0.5576752424240112 | [0.17] | -0.002925244453341381
-0.5525426864624023 | [0.17] | -0.0030455294410368775
-0.5469315648078918 | [0.18] | -0.0031631091814519627
-0.5408788323402405 | [0.18] | -0.003276753301509912
-0.5344250202178955 | [0.18] | -0.003385218390871326
-0.5276140570640564 | [0.19] | -0.0034872684376207243
-0.5204928517341614 | [0.19] | -0.0035816975359176176
-0.5131110548973083 | [0.19] | -0.0036673519067377466
-0.5055206418037415 | [0.19] | -0.0037431528526514074
-0.4977755546569824 | [0.2] | -0.003808118018980855
-0.48993122577667236 | [0.2] | -0.0038613820338434753
-0.4820442199707031 | [0.2] | -0.003902214376598999
-0.4741717576980591 | [0.2] | -0.003930033955164776
-0.4663712680339813 | [0.2] | -0.003944422075242606
-0.4586999714374542 | [0.2] | -0.003945129642476455
-0.45121440291404724 | [0.2] | -0.003932082359181589
-0.4439700245857239 | [0.2] | -0.0039053806463486378
-0.43702077865600586 | [0.2] | -0.003865296803716875
-0.4304186701774597 | [0.2] | -0.0038122680719843514
-0.4242134690284729 | [0.19] | -0.003746886079830663
-0.41845232248306274 | [0.19] | -0.003669884283848695
-0.4131793975830078 | [0.19] | -0.003582122911336949
-0.4084356725215912 | [0.19] | -0.003484571522573268
-0.4042585790157318 | [0.18] | -0.003378291116617008
-0.40068182349205017 | [0.18] | -0.0032644150889501408
-0.3977351784706116 | [0.18] | -0.0031441298967484453
-0.39544427394866943 | [0.17] | -0.003018656146481835
-0.39383041858673096 | [0.17] | -0.0028892300762771556
-0.3929104506969452 | [0.17] | -0.0027570856576821963
-0.39269667863845825 | [0.16] | -0.0026234376511527395
-0.3931966722011566 | [0.16] | -0.0024894664370266307
-0.3944132328033447 | [0.15] | -0.0023563035429603404
-0.3963443636894226 | [0.15] | -0.0022250188493288295
Total reward: -2.30196795321844
0.1, 5.8, 0.2
parameter ends

state | action | reward
[-0.49] | [0.15] | -0.0022740728575182385
-0.4920075237751007 | [0.15] | -0.002272212369257935
-0.49202844500541687 | [0.15] | -0.0022703185975157087
-0.4920597970485687 | [0.15] | -0.0022684050204759615
-0.49210140109062195 | [0.15] | -0.0022664856240930003
-0.4921530783176422 | [0.15] | -0.0022645742602951974
-0.49221450090408325 | [0.15] | -0.0022626850932978455
-0.4922853410243988 | [0.15] | -0.0022608319611966423
-0.49236515164375305 | [0.15] | -0.002259028732002166
-0.492453396320343 | [0.15] | -0.002257289062479536
-0.4925495386123657 | [0.15] | -0.0022556260125160205
-0.49265292286872864 | [0.15] | -0.0022540524011274597
-0.49276286363601685 | [0.15] | -0.0022525803837767293
-0.49287861585617065 | [0.15] | -0.0022512215011894036
-0.492999404668808 | [0.15] | -0.0022499865126648943
-0.4931243658065796 | [0.15] | -0.0022488855320252185
-0.49325260519981384 | [0.15] | -0.0022479277286662487
-0.4933832287788391 | [0.15] | -0.0022471211979239844
-0.4935153126716614 | [0.15] | -0.0022464730428433887
-0.49364790320396423 | [0.15] | -0.0022459893345353056
-0.4937800168991089 | [0.15] | -0.0022456750594756895
-0.49391067028045654 | [0.15] | -0.0022455339921732954
-0.4940389394760132 | [0.15] | -0.002245568500703163
-0.49416384100914 | [0.15] | -0.002245779973445617
-0.49428442120552063 | [0.15] | -0.0022461684655813658
-0.494399756193161 | [0.15] | -0.0022467327253515856
-0.4945089817047119 | [0.15] | -0.0022474701301910495
-0.4946112334728241 | [0.15] | -0.002248376926843146
-0.4947056770324707 | [0.15] | -0.0022494481332356936
-0.49479159712791443 | [0.15] | -0.0022506772924107874
-0.4948682487010956 | [0.15] | -0.00225205705877708
-0.494935005903244 | [0.15] | -0.002253578700064734
-0.4949913024902344 | [0.15] | -0.002255232412681203
-0.49503663182258606 | [0.15] | -0.0022570073891760713
-0.49507057666778564 | [0.15] | -0.0022588917884683378
-0.4950927793979645 | [0.15] | -0.002260872931782837
-0.49510297179222107 | [0.15] | -0.002262937276300958
-0.4951009750366211 | [0.15] | -0.0022650705211342734
-0.4950866997241974 | [0.15] | -0.0022672577136678847
-0.49506014585494995 | [0.15] | -0.0022694833574995964
-0.49502140283584595 | [0.15] | -0.002271731521916251
-0.4949706196784973 | [0.15] | -0.0022739860433479394
-0.49490809440612793 | [0.15] | -0.002276230330861033
-0.49483418464660645 | [0.15] | -0.002278447826785171
-0.4947493076324463 | [0.15] | -0.002280622087249691
-0.4946540296077728 | [0.15] | -0.002282736592730857
-0.4945489168167114 | [0.15] | -0.0022847753923175844
-0.4944346845149994 | [0.15] | -0.0022867226670129043
-0.4943120777606964 | [0.15] | -0.0022885632864668433
-0.49418190121650696 | [0.15] | -0.0022902827720895514
-0.49404507875442505 | [0.15] | -0.0022918672007287374
-0.4939025342464447 | [0.15] | -0.002293303738090435
-0.4937552511692047 | [0.15] | -0.002294580469088548
-0.49360427260398865 | [0.15] | -0.0022956864901956405
-0.49345067143440247 | [0.15] | -0.002296612092024856
-0.4932955503463745 | [0.15] | -0.002297348815587544
-0.4931400418281555 | [0.15] | -0.0022978895029477724
-0.4929852783679962 | [0.15] | -0.0022982284453031496
-0.49283239245414734 | [0.15] | -0.0022983613939347425
-0.4926825165748596 | [0.15] | -0.0022982855805081842
-0.4925367832183838 | [0.15] | -0.0022979997261971677
-0.4923962950706482 | [0.15] | -0.002297504147845831
-0.4922621250152588 | [0.15] | -0.0022968007317728536
-0.49213531613349915 | [0.15] | -0.0022958929014242468
-0.49201682209968567 | [0.15] | -0.0022947857761348145
-0.49190762639045715 | [0.15] | -0.0022934856988504073
-0.49180859327316284 | [0.15] | -0.0022920007317766364
-0.4917205274105072 | [0.15] | -0.0022903403336396537
-0.4916441738605499 | [0.15] | -0.0022885152835770113
-0.49158018827438354 | [0.15] | -0.002286537699868751
-0.4915291666984558 | [0.15] | -0.002284420836531412
-0.4914915859699249 | [0.15] | -0.0022821791904639346
-0.49146783351898193 | [0.15] | -0.0022798282588026124
-0.4914582073688507 | [0.15] | -0.002277384424370872
-0.4914628863334656 | [0.15] | -0.002274864931409699
-0.4914819896221161 | [0.15] | -0.0022722875522363305
-0.49151545763015747 | [0.15] | -0.00226967087040204
-0.49156320095062256 | [0.15] | -0.0022670336005464523
-0.49162501096725464 | [0.15] | -0.002264394820128596
-0.49170053005218506 | [0.15] | -0.002261773903620957
-0.4917893409729004 | [0.15] | -0.002259190066237304
-0.49189087748527527 | [0.15] | -0.0022566625515717093
-0.49200454354286194 | [0.15] | -0.00225421008465188
-0.4921295940876007 | [0.15] | -0.002251851190658342
-0.4922652244567871 | [0.15] | -0.002249603733116066
-0.4924105405807495 | [0.15] | -0.0022474849317495505
-0.4925645589828491 | [0.15] | -0.0022455112383344307
-0.49272620677948 | [0.15] | -0.002243698230951675
-0.49289438128471375 | [0.15] | -0.002242060313791794
-0.4930679202079773 | [0.15] | -0.002240610763612527
-0.49324560165405273 | [0.15] | -0.0022393616538591123
-0.4934261441230774 | [0.15] | -0.0022383237735159943
-0.4936082363128662 | [0.15] | -0.002237506448818165
-0.4937905967235565 | [0.15] | -0.0022369173308285236
-0.49397188425064087 | [0.15] | -0.0022365626834353796
-0.49415072798728943 | [0.15] | -0.0022364472125931865
-0.4943258464336395 | [0.15] | -0.002236573657368284
-0.4944958984851837 | [0.15] | -0.0022369433358724994
-0.4946596026420593 | [0.15] | -0.0022375557007449733
-0.4948156774044037 | [0.15] | -0.00223840857700118
-0.4949629604816437 | [0.15] | -0.0022394977851943852
-0.4951002597808838 | [0.15] | -0.0022408177248098068
-0.49522650241851807 | [0.15] | -0.0022423608650864444
-0.4953406751155853 | [0.15] | -0.0022441180596921894
-0.49544182419776917 | [0.15] | -0.0022460786000789612
-0.49552908539772034 | [0.15] | -0.0022482301837690997
-0.49560171365737915 | [0.15] | -0.0022505589172643592
-0.4956590235233307 | [0.15] | -0.002253049624154326
-0.49570050835609436 | [0.15] | -0.0022556855496036537
-0.49572569131851196 | [0.15] | -0.0022584490141328837
-0.49573424458503723 | [0.15] | -0.0022613210796472764
-0.49572598934173584 | [0.15] | -0.0022642817241352773
-0.49570080637931824 | [0.15] | -0.0022673102898042963
-0.4956587553024292 | [0.15] | -0.0022703851905882533
-0.49560001492500305 | [0.15] | -0.002273484313668818
-0.4955248236656189 | [0.15] | -0.002276585346888593
-0.49543362855911255 | [0.15] | -0.002279665406777209
-0.4953269362449646 | [0.15] | -0.0022827017551522288
-0.4952054023742676 | [0.15] | -0.0022856716122129023
-0.4950697720050812 | [0.15] | -0.0022885525351283107
-0.494920939207077 | [0.15] | -0.002291322361557837
-0.49475985765457153 | [0.15] | -0.002293959689660365
-0.49458763003349304 | [0.15] | -0.002296443697103046
-0.4944053888320923 | [0.15] | -0.002298754715529485
-0.49421438574790955 | [0.15] | -0.0023008740104204944
-0.49401596188545227 | [0.15] | -0.002302784055480655
-0.4938114881515503 | [0.15] | -0.0023044688469431363
-0.4936024248600006 | [0.15] | -0.002305913789525394
-0.4933902323246002 | [0.15] | -0.002307106103460472
-0.4931764602661133 | [0.15] | -0.0023080345751668205
-0.49296265840530396 | [0.15] | -0.002308689978153905
-0.4927504062652588 | [0.15] | -0.002309064992234788
-0.49254125356674194 | [0.15] | -0.0023091544569953147
-0.4923367500305176 | [0.15] | -0.0023089552569749163
-0.49213844537734985 | [0.15] | -0.0023084663468620945
-0.49194782972335815 | [0.15] | -0.0023076889405199744
-0.4917663633823395 | [0.15] | -0.0023066263673200255
-0.49159547686576843 | [0.15] | -0.0023052840428030557
-0.4914364814758301 | [0.15] | -0.002303669714051839
-0.4912906885147095 | [0.15] | -0.002301792954430577
-0.49115923047065735 | [0.15] | -0.0022996657102006047
-0.49104321002960205 | [0.15] | -0.002297301622653822
-0.49094364047050476 | [0.15] | -0.0022947161773171987
-0.49086135625839233 | [0.15] | -0.002291926856338808
-0.49079713225364685 | [0.15] | -0.00228895254968296
-0.49075156450271606 | [0.15] | -0.0022858138402098768
-0.49072518944740295 | [0.15] | -0.002282532406978814
-0.4907183349132538 | [0.15] | -0.002279131399292084
-0.49073123931884766 | [0.15] | -0.002275634805286058
-0.49076396226882935 | [0.15] | -0.0022720676041166187
-0.4908164441585541 | [0.15] | -0.0022684553535084837
-0.49088847637176514 | [0.15] | -0.0022648241254723425
-0.49097970128059387 | [0.15] | -0.0022612003126211903
-0.4910896420478821 | [0.15] | -0.0022576103469137587
-0.49121761322021484 | [0.15] | -0.002254080814704225
-0.49136286973953247 | [0.15] | -0.0022506377435208566
-0.49152448773384094 | [0.15] | -0.002247306883196868
-0.4917014241218567 | [0.15] | -0.0022441133022540567
-0.4918925166130066 | [0.15] | -0.0022410812327852965
-0.492096483707428 | [0.15] | -0.002238233924657846
-0.492311954498291 | [0.15] | -0.002235593404466036
-0.4925374686717987 | [0.15] | -0.002233180360315778
-0.4927714467048645 | [0.15] | -0.0022310141213045943
-0.4930122494697571 | [0.15] | -0.0022291123272114234
-0.49325817823410034 | [0.15] | -0.0022274908445802702
-0.4935074746608734 | [0.15] | -0.0022261636922212328
-0.49375835061073303 | [0.15] | -0.0022251428692166126
-0.49400895833969116 | [0.15] | -0.0022244384047675997
-0.49425747990608215 | [0.15] | -0.0022240579977631423
-0.49450209736824036 | [0.15] | -0.002224007128291414
-0.49474096298217773 | [0.15] | -0.002224289138996476
-0.494972288608551 | [0.15] | -0.0022249049080256757
-0.49519428610801697 | [0.15] | -0.0022258530820897008
-0.49540528655052185 | [0.15] | -0.002227129700314734
-0.49560362100601196 | [0.15] | -0.0022287286652004834
-0.49578773975372314 | [0.15] | -0.002230641371173136
-0.4959561824798584 | [0.15] | -0.002232856908813458
-0.4961075484752655 | [0.15] | -0.0022353622345398926
-0.49624061584472656 | [0.15] | -0.0022381418627815696
-0.49635422229766846 | [0.15] | -0.0022411784107018457
-0.4964473843574524 | [0.15] | -0.0022444522915958946
-0.4965192377567291 | [0.15] | -0.0022479420865592977
-0.49656906723976135 | [0.15] | -0.002251624573678936
-0.4965963065624237 | [0.15] | -0.0022554748950205927
-0.49660056829452515 | [0.15] | -0.0022594666278570354
-0.4965816140174866 | [0.15] | -0.0022635720812938308
-0.4965393841266632 | [0.15] | -0.0022677623777416426
-0.4964739978313446 | [0.15] | -0.0022720076665354518
-0.49638572335243225 | [0.15] | -0.0022762774327118244
-0.49627500772476196 | [0.15] | -0.0022805405929617315
-0.4961424767971039 | [0.15] | -0.002284765724729921
-0.4959889054298401 | [0.15] | -0.002288921385735099
-0.495815247297287 | [0.15] | -0.0022929762313113494
-0.49562257528305054 | [0.15] | -0.002296899434865224
-0.495412141084671 | [0.15] | -0.0023006606829108814
-0.49518534541130066 | [0.15] | -0.0023042305187723033
-0.49494367837905884 | [0.15] | -0.0023075807362674472
-0.49468880891799927 | [0.15] | -0.002310684269190459
-0.49442246556282043 | [0.15] | -0.0023135157977454603
-0.49414652585983276 | [0.15] | -0.0023160516094136267
-0.49386292695999146 | [0.15] | -0.0023182700909287323
-0.4935736358165741 | [0.15] | -0.0023201519313573267
-0.4932807683944702 | [0.15] | -0.002321679849580577
-0.49298641085624695 | [0.15] | -0.00232283935659652
-0.4926927089691162 | [0.15] | -0.002323618493271017
-0.4924018085002899 | [0.15] | -0.0023240081017279683
-0.49211588501930237 | [0.15] | -0.002324001800779142
-0.4918370544910431 | [0.15] | -0.002323596290643697
-0.4915674328804016 | [0.15] | -0.0023227911534768413
-0.4913090765476227 | [0.15] | -0.002321589034241289
-0.4910639524459839 | [0.15] | -0.0023199956754239703
-0.49083396792411804 | [0.15] | -0.0023180197432759713
-0.4906209707260132 | [0.15] | -0.0023156727415807057
-0.490426629781723 | [0.15] | -0.0023129693106585985
-0.4902525544166565 | [0.15] | -0.0023099266409423755
-0.4901001751422882 | [0.15] | -0.002306564756335502
-0.4899708032608032 | [0.15] | -0.002302906097650629
-0.48986557126045227 | [0.15] | -0.0022989755469279755
-0.48978549242019653 | [0.15] | -0.0022948000085840146
-0.4897313416004181 | [0.15] | -0.002290408609279186
-0.4897037446498871 | [0.15] | -0.0022858321089525104
-0.48970314860343933 | [0.15] | -0.002281102792770595
-0.48972976207733154 | [0.15] | -0.0022762544105081437
-0.4897836446762085 | [0.15] | -0.0022713215930837095
-0.48986464738845825 | [0.15] | -0.0022663398339192236
-0.48997241258621216 | [0.15] | -0.0022613452162461383
-0.49010637402534485 | [0.15] | -0.0022563741408098558
-0.49026578664779663 | [0.15] | -0.0022514629697659378
-0.4904497265815735 | [0.15] | -0.002246647797438513
-0.4906570315361023 | [0.15] | -0.002241964405263029
-0.490886390209198 | [0.15] | -0.002237447689553906
-0.4911363422870636 | [0.15] | -0.002233131482494146
-0.4914052188396454 | [0.15] | -0.002229048546932427
-0.4916912317276001 | [0.15] | -0.0022252300455892974
-0.49199241399765015 | [0.15] | -0.0022217055870999637
-0.4923067092895508 | [0.15] | -0.0022185027308540017
-0.4926319420337677 | [0.15] | -0.002215646972357388
-0.49296581745147705 | [0.15] | -0.002213161609446403
-0.4933059513568878 | [0.15] | -0.00221106748423374
-0.4936499297618866 | [0.15] | -0.002209382705795067
-0.4939952492713928 | [0.15] | -0.0022081227955333435
-0.4943394362926483 | [0.15] | -0.0022073001975816803
-0.49467992782592773 | [0.15] | -0.0022069246650164433
-0.4950141906738281 | [0.15] | -0.0022070027778253233
-0.4953397512435913 | [0.15] | -0.0022075378826212876
-0.4956541061401367 | [0.15] | -0.0022085303815645887
-0.4959549009799957 | [0.15] | -0.002209977158935701
-0.4962397813796997 | [0.15] | -0.002211872167367621
-0.49650654196739197 | [0.15] | -0.0022142059325746806
-0.496753066778183 | [0.15] | -0.0022169658992180897
-0.49697738885879517 | [0.15] | -0.0022201362923910902
-0.4971776604652405 | [0.15] | -0.002223698364456001
-0.4973521828651428 | [0.15] | -0.002227630398612906
-0.4974994957447052 | [0.15] | -0.002231907576977958
-0.49761825799942017 | [0.15] | -0.002236502583210322
-0.497707337141037 | [0.15] | -0.0022413854412495038
-0.49776583909988403 | [0.15] | -0.002246523637456667
-0.4977930784225464 | [0.15] | -0.0022518824669453927
-0.49778857827186584 | [0.15] | -0.002257425258362019
-0.4977520704269409 | [0.15] | -0.0022631136035122313
-0.497683584690094 | [0.15] | -0.002268907325530113
-0.4975832998752594 | [0.15] | -0.0022747652838348547
-0.4974517226219177 | [0.15] | -0.0022806450124421883
-0.4972895085811615 | [0.15] | -0.0022865036694576474
-0.49709758162498474 | [0.15] | -0.0022922978706526593
-0.49687710404396057 | [0.15] | -0.0022979841407643905
-0.4966294467449188 | [0.15] | -0.002303519317143594
-0.49635615944862366 | [0.15] | -0.002308860946036583
-0.4960590600967407 | [0.15] | -0.0023139672735747
-0.4957400858402252 | [0.15] | -0.0023187980763432034
-0.49540141224861145 | [0.15] | -0.002323314519778046
-0.49504533410072327 | [0.15] | -0.002327479873551084
-0.49467429518699646 | [0.15] | -0.0023312596220329794
-0.49429088830947876 | [0.15] | -0.002334621743610111
-0.49389782547950745 | [0.15] | -0.002337537029847044
-0.4934978783130646 | [0.15] | -0.0023399795003957113
-0.49309393763542175 | [0.15] | -0.0023419263585248615
-0.4926888942718506 | [0.15] | -0.002343358578191786
-0.49228572845458984 | [0.15] | -0.0023442606680007163
-0.4918873906135559 | [0.15] | -0.002344621218407157
-0.49149686098098755 | [0.15] | -0.0023444327356062825
-0.49111706018447876 | [0.15] | -0.0023436919717739
-0.49075084924697876 | [0.15] | -0.002342399912629051
-0.4904009997844696 | [0.15] | -0.0023405617871078963
-0.49007025361061096 | [0.15] | -0.002338186817133565
-0.4897611737251282 | [0.15] | -0.0023352886350250447
-0.4894762337207794 | [0.15] | -0.0023318847789476006
-0.48921769857406616 | [0.15] | -0.0023279969546583464
-0.48898768424987793 | [0.15] | -0.00232365056239186
-0.4887881577014923 | [0.15] | -0.0023188745030011753
-0.4886208176612854 | [0.15] | -0.0023137013259118475
-0.4884871542453766 | [0.15] | -0.0023081666832329146
-0.48838844895362854 | [0.15] | -0.0023023090366273216
-0.48832574486732483 | [0.15] | -0.002296169452988832
-0.48829978704452515 | [0.15] | -0.002289791458267109
-0.48831111192703247 | [0.15] | -0.0022832203549864654
-0.4883599281311035 | [0.15] | -0.0022765032957592786
-0.4884462356567383 | [0.15] | -0.002269688483593334
-0.4885697066783905 | [0.15] | -0.002262825245367253
-0.4887297749519348 | [0.15] | -0.0022559633391480223
-0.488925576210022 | [0.15] | -0.0022491528130663893
-0.48915600776672363 | [0.15] | -0.00224244345127217
-0.4894196689128876 | [0.15] | -0.002235884652566864
-0.48971495032310486 | [0.15] | -0.002229524781242742
-0.4900399446487427 | [0.15] | -0.0022234112005704
-0.4903925359249115 | [0.15] | -0.0022175896301537606
-0.4907703995704651 | [0.15] | -0.0022121039042955508
-0.4911709725856781 | [0.15] | -0.0022069958267681806
-0.49159151315689087 | [0.15] | -0.0022023047038174106
-0.4920291602611542 | [0.15] | -0.0021980669768823175
-0.4924808144569397 | [0.15] | -0.002194316442418946
-0.49294331669807434 | [0.15] | -0.0021910834425075093
-0.49341338872909546 | [0.15] | -0.0021883949870290273
-0.49388763308525085 | [0.15] | -0.0021862746154149215
-0.49436262249946594 | [0.15] | -0.0021847419797775694
-0.49483489990234375 | [0.15] | -0.0021838128168038262
-0.4953009784221649 | [0.15] | -0.002183498897352601
-0.4957573711872101 | [0.15] | -0.002183807874917417
-0.49620068073272705 | [0.15] | -0.0021847430089403544
-0.496627539396286 | [0.15] | -0.0021863034037846534
-0.4970346689224243 | [0.15] | -0.0021884838257965607
-0.49741891026496887 | [0.15] | -0.002191274673458829
-0.4977772533893585 | [0.15] | -0.0021946619829094553
-0.49810683727264404 | [0.15] | -0.0021986275278053982
-0.49840500950813293 | [0.15] | -0.002203148759526182
-0.4986693263053894 | [0.15] | -0.0022081989920175026
-0.498897522687912 | [0.15] | -0.002213747660232278
-0.4990876317024231 | [0.15] | -0.002219760096469522
-0.49923792481422424 | [0.15] | -0.002226198006256642
-0.4993469715118408 | [0.15] | -0.0022330194953616234
-0.4994135797023773 | [0.15] | -0.0022401795507339317
-0.4994369149208069 | [0.15] | -0.0022476299030304704
-0.49941641092300415 | [0.15] | -0.0022553196822923593
-0.4993518590927124 | [0.15] | -0.002263195429954243
-0.4992433488368988 | [0.15] | -0.0022712016854096045
-0.4990912675857544 | [0.15] | -0.0022792813328995297
-0.49889639019966125 | [0.15] | -0.0022873756853746085
-0.49865972995758057 | [0.15] | -0.0022954254302145665
-0.49838268756866455 | [0.15] | -0.0023033704837439497
-0.4980669319629669 | [0.15] | -0.0023111508830713184
-0.49771443009376526 | [0.15] | -0.0023187070684981565
-0.4973274767398834 | [0.15] | -0.0023259802296720796
-0.496908575296402 | [0.15] | -0.0023329131602840814
-0.49646052718162537 | [0.15] | -0.00233945032730991
-0.49598637223243713 | [0.15] | -0.0023455385303541116
-0.49548932909965515 | [0.15] | -0.002351127475602054
-0.4949728548526764 | [0.15] | -0.002356169947289994
-0.49444058537483215 | [0.15] | -0.0023606223873398053
-0.4938962459564209 | [0.15] | -0.002364445510556461
-0.4933437407016754 | [0.15] | -0.002367604248710248
-0.49278703331947327 | [0.15] | -0.0023700684711129953
-0.4922301471233368 | [0.15] | -0.002371813145753558
-0.4916771650314331 | [0.15] | -0.0023728184915942844
-0.4911321699619293 | [0.15] | -0.002373070356483819
-0.49059921503067017 | [0.15] | -0.0023725603464379574
-0.490082323551178 | [0.15] | -0.002371285850636469
-0.48958539962768555 | [0.15] | -0.0023692503391149317
-0.4891122281551361 | [0.15] | -0.0023664632206781685
-0.48866650462150574 | [0.15] | -0.002362939622080458
-0.4882517158985138 | [0.15] | -0.002358700628537381
-0.4878711700439453 | [0.15] | -0.002353772923804826
-0.4875279366970062 | [0.15] | -0.002348188725713296
-0.48722484707832336 | [0.15] | -0.002341985420672147
-0.48696446418762207 | [0.15] | -0.0023352053293202437
-0.4867490530014038 | [0.15] | -0.002327895394518076
-0.48658061027526855 | [0.15] | -0.002320106643650827
-0.48646074533462524 | [0.15] | -0.002311894159445163
-0.48639076948165894 | [0.15] | -0.002303316249347865
-0.48637160658836365 | [0.15] | -0.002294434276976737
-0.4864038825035095 | [0.15] | -0.002285311842124309
-0.4864877760410309 | [0.15] | -0.0022760148033141767
-0.4866231381893158 | [0.15] | -0.0022666103050061996
-0.4868094027042389 | [0.15] | -0.0022571666004817573
-0.48704567551612854 | [0.15] | -0.0022477522253693677
-0.4873306453227997 | [0.15] | -0.002238435839798048
-0.487662672996521 | [0.15] | -0.0022292854379660507
-0.4880397617816925 | [0.15] | -0.002220368027624868
-0.4884594976902008 | [0.15] | -0.0022117493724449163
-0.4889192283153534 | [0.15] | -0.0022034929771626607
-0.4894159138202667 | [0.15] | -0.002195660262528822
-0.48994624614715576 | [0.15] | -0.002188309768074523
-0.490506649017334 | [0.15] | -0.002181496891240325
-0.49109330773353577 | [0.15] | -0.002175273485813968
-0.491702139377594 | [0.15] | -0.0021696877263822243
-0.4923288822174072 | [0.15] | -0.0021647835834992042
-0.4929690957069397 | [0.15] | -0.00216060062257151
-0.4936182200908661 | [0.15] | -0.0021571736535667733
-0.4942716062068939 | [0.15] | -0.0021545325515318846
-0.49492448568344116 | [0.15] | -0.0021527022524843553
-0.4955720603466034 | [0.15] | -0.0021517023380003266
-0.4962095618247986 | [0.15] | -0.0021515468225662584
-0.4968322217464447 | [0.15] | -0.0021522442762962985
-0.4974353611469269 | [0.15] | -0.0021537975211431705
-0.4980143904685974 | [0.15] | -0.002156203660332566
-0.49856486916542053 | [0.15] | -0.002159453963786483
-0.49908247590065 | [0.15] | -0.0021635340672452384
-0.49956315755844116 | [0.15] | -0.0021684235338531466
-0.5000030994415283 | [0.15] | -0.0021740961873033104
-0.5003986358642578 | [0.15] | -0.0021805205383655553
-0.5007465481758118 | [0.15] | -0.0021876589365948883
-0.5010438561439514 | [0.15] | -0.002195468594501571
-0.5012879371643066 | [0.15] | -0.0022039014000787586
-0.5014765858650208 | [0.15] | -0.002212904014986535
-0.5016078948974609 | [0.15] | -0.0022224186151617634
-0.5016803741455078 | [0.15] | -0.0022323827663513368
-0.5016930103302002 | [0.15] | -0.0022427296424395965
-0.5016451478004456 | [0.15] | -0.002253388868053082
-0.5015366673469543 | [0.15] | -0.002264286335489756
-0.5013678073883057 | [0.15] | -0.0022753453466295057
-0.5011393427848816 | [0.15] | -0.002286486470722477
-0.5008523464202881 | [0.15] | -0.0022976289217603446
-0.5005084276199341 | [0.15] | -0.0023086902155346443
-0.5001096725463867 | [0.15] | -0.0023195870476307346
-0.499658465385437 | [0.15] | -0.002330236517490638
-0.49915769696235657 | [0.15] | -0.0023405559367981727
-0.49861058592796326 | [0.15] | -0.002350464120424943
-0.498020738363266 | [0.15] | -0.002359881775260085
-0.49739211797714233 | [0.15] | -0.0023687322190755287
-0.4967289865016937 | [0.15] | -0.0023769421640964304
-0.4960358738899231 | [0.15] | -0.002384442404491727
-0.49531763792037964 | [0.15] | -0.0023911681401555555
-0.4945793151855469 | [0.15] | -0.0023970600511253634
-0.49382612109184265 | [0.15] | -0.002402064702928291
-0.49306344985961914 | [0.16] | -0.002406134986772498
-0.4922967851161957 | [0.16] | -0.0024092307748210546
-0.49153172969818115 | [0.16] | -0.002411319108631919
-0.49077385663986206 | [0.16] | -0.002412374978054275
-0.4900287985801697 | [0.16] | -0.0024123810989806886
-0.4893021285533905 | [0.16] | -0.002411328484336565
-0.4885993003845215 | [0.16] | -0.002409216606803645
-0.48792564868927 | [0.16] | -0.0024060533301809442
-0.48728635907173157 | [0.15] | -0.002401854824255936
-0.4866864085197449 | [0.15] | -0.002396645589203104
-0.4861305356025696 | [0.15] | -0.0023904582275410765
-0.48562315106391907 | [0.15] | -0.002383333388891197
-0.4851683974266052 | [0.15] | -0.0023753190571350787
-0.4847700595855713 | [0.15] | -0.00236647040827353
-0.48443153500556946 | [0.15] | -0.002356849340713934
-0.4841558039188385 | [0.15] | -0.0023465239352480054
-0.48394542932510376 | [0.15] | -0.002335567802389541
-0.48380252718925476 | [0.15] | -0.0023240595176760347
-0.48372870683670044 | [0.15] | -0.002312082102789757
-0.48372510075569153 | [0.15] | -0.002299722165211896
-0.48379236459732056 | [0.15] | -0.0022870691850528724
-0.4839306175708771 | [0.15] | -0.0022742149938726206
-0.48413947224617004 | [0.15] | -0.002261252921910147
-0.48441803455352783 | [0.15] | -0.0022482771039019373
-0.48476484417915344 | [0.15] | -0.0022353819620418913
-0.48517799377441406 | [0.15] | -0.0022226611433315844
-0.4856550395488739 | [0.15] | -0.0022102072153898926
-0.4861930310726166 | [0.15] | -0.002198110939016878
-0.4867886006832123 | [0.15] | -0.0021864604240136518
-0.4874378740787506 | [0.15] | -0.0021753409395555293
-0.4881365895271301 | [0.15] | -0.0021648340266569553
-0.48888006806373596 | [0.15] | -0.002155017199967042
-0.4896632730960846 | [0.15] | -0.0021459633984980703
-0.49048081040382385 | [0.15] | -0.0021377406257967425
-0.4913270175457001 | [0.15] | -0.0021304114062213448
-0.4921959340572357 | [0.15] | -0.0021240326526412168
-0.4930814206600189 | [0.15] | -0.002118655046878286
-0.4939771294593811 | [0.15] | -0.002114323044136756
-0.49487659335136414 | [0.15] | -0.002111074417400703
-0.4957732856273651 | [0.15] | -0.002108940017787028
-0.49666059017181396 | [0.15] | -0.002107943809953886
-0.497531920671463 | [0.15] | -0.002108102446891437
-0.49838078022003174 | [0.15] | -0.0021094250949111656
-0.4992007315158844 | [0.15] | -0.00211191359248997
-0.4999855160713196 | [0.15] | -0.0021155620728909026
-0.5007290840148926 | [0.15] | -0.0021203569972824674
-0.5014256238937378 | [0.15] | -0.002126277163245101
-0.5020695924758911 | [0.15] | -0.002133293719986528
-0.5026558637619019 | [0.15] | -0.0021413698540310314
-0.5031795501708984 | [0.15] | -0.0021504616134602732
-0.503636360168457 | [0.15] | -0.002160516889713746
-0.5040223002433777 | [0.15] | -0.002171476771994798
-0.5043339133262634 | [0.15] | -0.002183274944400508
-0.504568338394165 | [0.15] | -0.002195837904046476
-0.5047231316566467 | [0.15] | -0.0022090859871133463
-0.5047964453697205 | [0.15] | -0.0022229330979361725
-0.5047870874404907 | [0.15] | -0.002237287059308668
-0.5046943426132202 | [0.15] | -0.002252050768913288
-0.5045182108879089 | [0.15] | -0.002267121921925072
-0.5042592883110046 | [0.15] | -0.0022823941413556387
-0.5039187073707581 | [0.15] | -0.0022977578372004592
-0.5034982562065125 | [0.15] | -0.002313100475238246
-0.5030003190040588 | [0.15] | -0.0023283076053816436
-0.502427875995636 | [0.15] | -0.0023432636978545306
-0.5017845034599304 | [0.15] | -0.0023578529811542764
-0.5010743141174316 | [0.15] | -0.002371960556558308
-0.5003018975257874 | [0.15] | -0.00238547348207869
-0.49947240948677063 | [0.15] | -0.002398281311617952
-0.4985913932323456 | [0.16] | -0.002410277668175349
-0.4976648986339569 | [0.16] | -0.0024213606704437413
-0.4966993033885956 | [0.16] | -0.0024314344457887042
-0.4957013428211212 | [0.16] | -0.0024404098081622656
-0.4946780204772949 | [0.16] | -0.0024482052975765565
-0.4936366379261017 | [0.16] | -0.0024547478101651526
-0.4925846457481384 | [0.16] | -0.0024599737107238485
-0.4915296733379364 | [0.16] | -0.002463829259425805
-0.49047940969467163 | [0.16] | -0.002466271466779274
-0.48944154381752014 | [0.16] | -0.002467268579769335
-0.48842379450798035 | [0.16] | -0.0024668002262432337
-0.4874337911605835 | [0.16] | -0.0024648578780057146
-0.4864789843559265 | [0.16] | -0.002461445174108392
-0.4855666756629944 | [0.16] | -0.0024565776416746506
-0.4847038984298706 | [0.16] | -0.0024502828474603344
-0.4838973581790924 | [0.16] | -0.002442600177577007
-0.48315343260765076 | [0.16] | -0.002433580334257576
-0.4824781119823456 | [0.16] | -0.0024232849275153943
-0.4818769097328186 | [0.16] | -0.0024117861140562974
-0.48135486245155334 | [0.15] | -0.0023991657294467725
-0.48091647028923035 | [0.15] | -0.0023855146440655947
-0.4805656373500824 | [0.15] | -0.0023709320164245606
-0.48030567169189453 | [0.15] | -0.0023555242491455452
-0.48013928532600403 | [0.15] | -0.00233940398378978
-0.48006850481033325 | [0.15] | -0.0023226893553940447
-0.48009467124938965 | [0.15] | -0.002305502891046565
-0.48021841049194336 | [0.15] | -0.002287970516877332
-0.4804397225379944 | [0.15] | -0.0022702202002328246
-0.48075780272483826 | [0.15] | -0.002252381557835107
-0.481171190738678 | [0.15] | -0.00223458429026898
-0.48167768120765686 | [0.15] | -0.002216957566600858
-0.4822744131088257 | [0.15] | -0.0021996288160946115
-0.4829578399658203 | [0.15] | -0.0021827230178108467
-0.4837237000465393 | [0.15] | -0.002166362042596467
-0.48456713557243347 | [0.15] | -0.002150663507077468
-0.48548266291618347 | [0.15] | -0.0021357402921298274
-0.4864642322063446 | [0.15] | -0.002121699814146676
-0.4875052273273468 | [0.15] | -0.0021086435511298634
-0.4885985851287842 | [0.14] | -0.0020966662152695366
-0.48973676562309265 | [0.14] | -0.002085855569932907
-0.4909118413925171 | [0.14] | -0.002076291882915324
-0.4921155273914337 | [0.14] | -0.0020680475659907455
-0.49333927035331726 | [0.14] | -0.0020611868100534727
-0.49457430839538574 | [0.14] | -0.0020557652102659394
-0.49581167101860046 | [0.14] | -0.0020518297464118622
-0.49704232811927795 | [0.14] | -0.0020494182774890993
-0.49825721979141235 | [0.14] | -0.0020485594475737113
-0.4994472861289978 | [0.14] | -0.002049272575230825
-0.5006036162376404 | [0.14] | -0.002051567257252582
-0.5017174482345581 | [0.14] | -0.002055443450328946
-0.5027801990509033 | [0.14] | -0.0020608914205962766
-0.503783643245697 | [0.14] | -0.002067891256994051
-0.5047199130058289 | [0.14] | -0.0020764129767628283
-0.5055815577507019 | [0.14] | -0.0020864165354141564
-0.5063616037368774 | [0.14] | -0.002097851752725277
-0.5070536136627197 | [0.15] | -0.002110658288168841
-0.5076517462730408 | [0.15] | -0.0021247656949479016
-0.5081507563591003 | [0.15] | -0.0021400936891998196
-0.5085461735725403 | [0.15] | -0.0021565518314995767
-0.508834183216095 | [0.15] | -0.0021740403902067336
-0.5090116858482361 | [0.15] | -0.0021924504913658593
-0.5090764760971069 | [0.15] | -0.002211664043498779
-0.5090270638465881 | [0.15] | -0.0022315549764493755
-0.5088628530502319 | [0.15] | -0.002251989260891091
-0.5085840225219727 | [0.15] | -0.002272826101182095
-0.5081915855407715 | [0.15] | -0.002293918518722499
-0.507687509059906 | [0.15] | -0.0023151139106202248
-0.5070744752883911 | [0.15] | -0.002336255944571313
-0.5063560605049133 | [0.15] | -0.002357184959784793
-0.5055366158485413 | [0.15] | -0.002377739592524915
-0.5046212673187256 | [0.15] | -0.002397758015344163
-0.5036159157752991 | [0.16] | -0.002417079189643739
-0.502527117729187 | [0.16] | -0.0024355446543739773
-0.501362144947052 | [0.16] | -0.002452999625699641
-0.5001289248466492 | [0.16] | -0.0024692946123379654
-0.49883586168289185 | [0.16] | -0.002484287323871858
-0.4974919259548187 | [0.16] | -0.0024978436924412463
-0.49610650539398193 | [0.16] | -0.0025098395707976034
-0.494689404964447 | [0.16] | -0.0025201619181790596
-0.4932507276535034 | [0.16] | -0.0025287103048434196
-0.49180081486701965 | [0.16] | -0.0025353980272680822
-0.4903501868247986 | [0.16] | -0.002540153049498303
-0.48890945315361023 | [0.16] | -0.0025429190254505226
-0.4874892234802246 | [0.16] | -0.002543656060054839
-0.48610004782676697 | [0.16] | -0.0025423411470870405
-0.484752357006073 | [0.16] | -0.002538968479620908
-0.4834563434123993 | [0.16] | -0.0025335497758251168
-0.48222190141677856 | [0.16] | -0.002526114173177293
-0.48105859756469727 | [0.16] | -0.0025167078524996962
-0.47997552156448364 | [0.16] | -0.0025053938903033023
-0.47898125648498535 | [0.16] | -0.002492251437159162
-0.4780838191509247 | [0.16] | -0.0024773749843457937
-0.4772905707359314 | [0.16] | -0.002460873471192222
-0.4766082167625427 | [0.16] | -0.0024428689681546063
-0.4760426878929138 | [0.16] | -0.0024234957650371815
-0.47559911012649536 | [0.16] | -0.0024028989105248817
-0.4752817749977112 | [0.15] | -0.0023812327944774947
-0.4750940799713135 | [0.15] | -0.002358659728043091
-0.4750384986400604 | [0.15] | -0.002335348433240075
-0.4751166105270386 | [0.15] | -0.002311472327257221
-0.4753290116786957 | [0.15] | -0.002287208278470141
-0.4756753146648407 | [0.15] | -0.002262735037333948
-0.4761541783809662 | [0.15] | -0.002238231655103876
-0.4767632484436035 | [0.15] | -0.0022138763064012616
-0.47749924659729004 | [0.15] | -0.0021898446832290205
-0.4783579409122467 | [0.15] | -0.002166308931280903
-0.47933411598205566 | [0.15] | -0.002143436674967901
-0.48042169213294983 | [0.15] | -0.002121389629553216
-0.48161372542381287 | [0.14] | -0.002100322816680663
-0.4829024076461792 | [0.14] | -0.0020803838824020645
-0.48427921533584595 | [0.14] | -0.0020617119827136847
-0.48573485016822815 | [0.14] | -0.0020444376100430604
-0.4872593879699707 | [0.14] | -0.0020286816503127317
-0.48884227871894836 | [0.14] | -0.002014555257541874
-0.4904724657535553 | [0.14] | -0.0020021592327896507
-0.49213844537734985 | [0.14] | -0.001991583786263157
-0.49382832646369934 | [0.14] | -0.0019829083158614614
-0.49552997946739197 | [0.14] | -0.001976200988424974
-0.49723103642463684 | [0.14] | -0.0019715188140198995
-0.4989190399646759 | [0.14] | -0.0019689072788174546
-0.5005815029144287 | [0.14] | -0.001968400211976856
-0.5022059679031372 | [0.14] | -0.00197001973457844
-0.5037802457809448 | [0.14] | -0.001973775608252378
-0.5052923560142517 | [0.14] | -0.0019796655418470766
-0.5067306160926819 | [0.14] | -0.001987674991732783
-0.5080838799476624 | [0.14] | -0.00199777641529235
-0.5093414187431335 | [0.14] | -0.0020099297713748496
-0.5104932188987732 | [0.14] | -0.002024081616832018
-0.5115298628807068 | [0.14] | -0.0020401655491065667
-0.5124427676200867 | [0.14] | -0.002058101531528711
-0.5132241249084473 | [0.14] | -0.0020777961915696185
-0.5138670802116394 | [0.14] | -0.002099142402490096
-0.5143656730651855 | [0.15] | -0.0021220197209305546
-0.5147150158882141 | [0.15] | -0.0021462940991870383
-0.5149112343788147 | [0.15] | -0.002171818486757232
-0.5149515271186829 | [0.15] | -0.002198433141582645
-0.5148342847824097 | [0.15] | -0.0022259658754494585
-0.5145589709281921 | [0.15] | -0.0022542332775835824
-0.5141262412071228 | [0.15] | -0.002283041210138434
-0.5135378837585449 | [0.15] | -0.002312186118778953
-0.5127968788146973 | [0.15] | -0.0023414560917067316
-0.5119073390960693 | [0.15] | -0.0023706324744864056
-0.5108745098114014 | [0.15] | -0.002399491453400728
-0.5097047686576843 | [0.16] | -0.002427805800319042
-0.5084054470062256 | [0.16] | -0.002455347314370534
-0.5069850087165833 | [0.16] | -0.0024818880752514936
-0.5054528117179871 | [0.16] | -0.002507203422784928
-0.5038191080093384 | [0.16] | -0.0025310739534098728
-0.5020950436592102 | [0.16] | -0.0025532876681209566
-0.5002924799919128 | [0.16] | -0.002573642718812044
-0.49842390418052673 | [0.16] | -0.0025919497057086778
-0.49650245904922485 | [0.16] | -0.00260803347618826
-0.49454179406166077 | [0.16] | -0.002621735572236473
-0.4925558865070343 | [0.16] | -0.0026329164357705797
-0.49055907130241394 | [0.16] | -0.00264145678428112
-0.4885658621788025 | [0.16] | -0.0026472595030849026
-0.4865908622741699 | [0.16] | -0.002650250760221544
-0.4846486449241638 | [0.16] | -0.002650381236065513
-0.4827536940574646 | [0.16] | -0.0026476266121904825
-0.4809202551841736 | [0.16] | -0.0026419882324935
-0.47916221618652344 | [0.16] | -0.002633493189812581
-0.4774930477142334 | [0.16] | -0.0026221939379561035
-0.47592565417289734 | [0.16] | -0.0026081679608299835
-0.4744723439216614 | [0.16] | -0.0025915166119477038
-0.47314468026161194 | [0.16] | -0.0025723642823481715
-0.471953421831131 | [0.16] | -0.0025508568027434084
-0.47090837359428406 | [0.16] | -0.002527160113204011
-0.4700184166431427 | [0.16] | -0.0025014579344596983
-0.4692913293838501 | [0.16] | -0.002473950204202123
-0.4687338173389435 | [0.16] | -0.0024448505474852587
-0.4683513939380646 | [0.16] | -0.0024143842661549617
-0.4681483507156372 | [0.15] | -0.002382785948548802
-0.4681277275085449 | [0.15] | -0.0023502970998523936
-0.4682912826538086 | [0.15] | -0.002317163835609068
-0.46863940358161926 | [0.15] | -0.002283634833853488
-0.4691711664199829 | [0.15] | -0.002249958845392865
-0.46988433599472046 | [0.15] | -0.002216382660761794
-0.470775306224823 | [0.15] | -0.002183149364642526
-0.47183915972709656 | [0.15] | -0.002150496408736043
-0.4730696976184845 | [0.15] | -0.002118653958334895
-0.4744594097137451 | [0.14] | -0.002087843690401635
-0.4759995937347412 | [0.14] | -0.0020582772816706125
-0.47768035531044006 | [0.14] | -0.0020301555294931473
-0.4794906973838806 | [0.14] | -0.002003667401211521
-0.48141855001449585 | [0.14] | -0.001978989450632774
-0.48345088958740234 | [0.14] | -0.001956285169118669
-0.48557382822036743 | [0.14] | -0.001935704637972564
-0.4877726435661316 | [0.14] | -0.0019173843555964033
-0.4900319278240204 | [0.14] | -0.0019014470616890147
-0.492335706949234 | [0.14] | -0.001888001505894425
-0.49466750025749207 | [0.14] | -0.0018771426865992248
-0.4970104992389679 | [0.14] | -0.001868951562027043
-0.49934762716293335 | [0.14] | -0.0018634952627634795
-0.5016617178916931 | [0.14] | -0.0018608269673086816
-0.5039355754852295 | [0.14] | -0.0018609859176139496
-0.5061522126197815 | [0.14] | -0.001863997031287654
-0.5082948207855225 | [0.14] | -0.0018698711651307038
-0.5103470683097839 | [0.14] | -0.001878604281908241
-0.5122931003570557 | [0.14] | -0.0018901775017133996
-0.5141176581382751 | [0.14] | -0.0019045566654334548
-0.5158063173294067 | [0.14] | -0.0019216914715407985
-0.5173454880714417 | [0.14] | -0.001941515264106966
-0.5187225341796875 | [0.14] | -0.0019639444814261724
-0.5199259519577026 | [0.14] | -0.0019888777655144084
-0.5209453701972961 | [0.14] | -0.0020161958335208736
-0.5217717289924622 | [0.14] | -0.0020457606812320887
-0.5223972201347351 | [0.14] | -0.002077415651236619
-0.5228155255317688 | [0.15] | -0.0021109846929600615
-0.5230217576026917 | [0.15] | -0.002146272740517483
-0.5230125784873962 | [0.15] | -0.0021830656807009315
-0.5227861404418945 | [0.15] | -0.0022211311373608257
-0.5223422646522522 | [0.15] | -0.0022602186834060974
-0.5216823220252991 | [0.15] | -0.0023000614033702933
-0.5208092331886292 | [0.15] | -0.0023403772269662217
-0.5197275876998901 | [0.15] | -0.0023808702057866614
-0.5184435248374939 | [0.16] | -0.002421232978312896
-0.5169647336006165 | [0.16] | -0.0024611490733802907
-0.5153003931045532 | [0.16] | -0.0025002956109510042
-0.5134610533714294 | [0.16] | -0.002538346599923998
-0.5114587545394897 | [0.16] | -0.0025749754729649573
-0.509306788444519 | [0.16] | -0.0026098592956361306
-0.5070196986198425 | [0.16] | -0.002642681937374503
-0.5046130418777466 | [0.16] | -0.0026731384170198768
-0.5021034479141235 | [0.16] | -0.002700937947251819
-0.49950844049453735 | [0.17] | -0.0027258079717781057
-0.4968462884426117 | [0.17] | -0.002747497864794701
-0.49413594603538513 | [0.17] | -0.0027657820298307356
-0.49139681458473206 | [0.17] | -0.002780463498957386
-0.4886487126350403 | [0.17] | -0.0027913762491193015
-0.48591163754463196 | [0.17] | -0.0027983880200145284
-0.4832057058811188 | [0.17] | -0.0028014020335502317
-0.4805509150028229 | [0.17] | -0.0028003587259878204
-0.4779670536518097 | [0.17] | -0.002795236595813443
-0.4754735827445984 | [0.17] | -0.00278605243106716
-0.47308942675590515 | [0.17] | -0.002772861559184716
-0.470832884311676 | [0.17] | -0.002755756925907393
-0.4687214195728302 | [0.17] | -0.002734868305789669
-0.46677160263061523 | [0.16] | -0.002710360165211752
-0.4649989902973175 | [0.16] | -0.0026824296902196025
-0.4634179472923279 | [0.16] | -0.0026513044706389928
-0.46204155683517456 | [0.16] | -0.002617239463230621
-0.4608815610408783 | [0.16] | -0.002580513750939794
-0.45994821190834045 | [0.16] | -0.0025414272823907607
-0.45925024151802063 | [0.16] | -0.0025002971807826582
-0.4587946832180023 | [0.16] | -0.002457454446112284
-0.4585869610309601 | [0.16] | -0.002413239681128841
-0.4586307406425476 | [0.15] | -0.00236799988625626
-0.45892786979675293 | [0.15] | -0.002322084929025456
-0.4594784080982208 | [0.15] | -0.002275843927844874
-0.4602805972099304 | [0.15] | -0.002229622133558451
-0.4613308608531952 | [0.15] | -0.0021837579713991054
-0.4626237452030182 | [0.15] | -0.002138580608735279
-0.4641520380973816 | [0.14] | -0.0020944072048595572
-0.4659067392349243 | [0.14] | -0.0020515412030834078
-0.4678771197795868 | [0.14] | -0.0020102705290590424
-0.4700508117675781 | [0.14] | -0.001970866187977918
-0.4724138081073761 | [0.14] | -0.0019335815688786267
-0.4749506115913391 | [0.14] | -0.0018986514285396828
-0.47764429450035095 | [0.14] | -0.0018662917233120838
-0.48047661781311035 | [0.14] | -0.0018366995447015922
-0.48342815041542053 | [0.13] | -0.0018100531615698212
-0.48647844791412354 | [0.13] | -0.0017865122023731639
-0.4896060824394226 | [0.13] | -0.0017662185684944405
-0.4927888512611389 | [0.13] | -0.0017492967210137834
-0.49600398540496826 | [0.13] | -0.0017358540485009689
-0.49922820925712585 | [0.13] | -0.0017259818756682592
-0.5024380087852478 | [0.13] | -0.001719755560489332
-0.5056096911430359 | [0.13] | -0.001717235184115187
-0.5087196826934814 | [0.13] | -0.0017184654232640405
-0.5117445588111877 | [0.13] | -0.0017234759991417812
-0.514661431312561 | [0.13] | -0.001732280675632091
-0.5174478888511658 | [0.13] | -0.0017448777509554772
-0.5200822949409485 | [0.13] | -0.0017612487613583344
-0.5225440263748169 | [0.13] | -0.0017813574912446777
-0.5248134732246399 | [0.13] | -0.00180514933796259
-0.5268722772598267 | [0.14] | -0.0018325497368665983
-0.5287034511566162 | [0.14] | -0.0018634628429073192
-0.5302916169166565 | [0.14] | -0.0018977698032132278
-0.5316229462623596 | [0.14] | -0.0019353278334654702
-0.532685399055481 | [0.14] | -0.0019759683890982135
-0.5334689021110535 | [0.14] | -0.002019495743088012
-0.5339651703834534 | [0.14] | -0.002065686758252357
-0.5341681241989136 | [0.15] | -0.0021142890108772888
-0.5340737104415894 | [0.15] | -0.002165021259056326
-0.5336800813674927 | [0.15] | -0.0022175730459769827
-0.5329874753952026 | [0.15] | -0.002271605762704025
-0.5319983959197998 | [0.15] | -0.0023267531721473072
-0.5307174921035767 | [0.15] | -0.00238262352048072
-0.5291516780853271 | [0.16] | -0.0024388014363803164
-0.5273099541664124 | [0.16] | -0.002494851390180832
-0.5252034664154053 | [0.16] | -0.0025503208607776558
-0.5228453874588013 | [0.16] | -0.0026047448005489613
-0.5202509164810181 | [0.16] | -0.0026576500085545005
-0.5174369812011719 | [0.16] | -0.0027085611454667957
-0.5144224166870117 | [0.17] | -0.002757005302438567
-0.5112276077270508 | [0.17] | -0.002802518781535871
-0.5078744292259216 | [0.17] | -0.0028446529440890006
-0.5043861269950867 | [0.17] | -0.002882980365867151
-0.5007871985435486 | [0.17] | -0.002917100825544956
-0.4971030056476593 | [0.17] | -0.0029466479859329695
-0.49335983395576477 | [0.17] | -0.0029712940849577606
-0.4895845949649811 | [0.17] | -0.002990755589986819
-0.48580458760261536 | [0.17] | -0.003004797702591109
-0.482047438621521 | [0.17] | -0.003013237710050912
-0.4783407151699066 | [0.17] | -0.0030159487709842496
-0.47471189498901367 | [0.17] | -0.003012861229181405
-0.4711880385875702 | [0.17] | -0.0030039644797948944
-0.4677956700325012 | [0.17] | -0.002989306806909529
-0.46456053853034973 | [0.17] | -0.002968994885926471
-0.4615074098110199 | [0.17] | -0.002943192395249222
-0.45865994691848755 | [0.17] | -0.002912117052765154
-0.45604047179222107 | [0.17] | -0.002876037912494145
-0.45366984605789185 | [0.17] | -0.002835271047270834
-0.45156726241111755 | [0.17] | -0.0027901751517751486
-0.4497501850128174 | [0.17] | -0.0027411462027224784
-0.44823411107063293 | [0.16] | -0.002688612416395359
-0.44703251123428345 | [0.16] | -0.0026330281568618975
-0.44615671038627625 | [0.16] | -0.0025748681279273693
-0.44561582803726196 | [0.16] | -0.0025146212771005177
-0.4454166293144226 | [0.16] | -0.0024527851992681687
-0.44556352496147156 | [0.15] | -0.0023898601646718883
-0.446058452129364 | [0.15] | -0.0023263439134291177
-0.4469009041786194 | [0.15] | -0.0022627263373809674
-0.4480879008769989 | [0.15] | -0.002199484861316075
-0.44961392879486084 | [0.15] | -0.002137080470815609
-0.4514710307121277 | [0.14] | -0.0020759538337868336
-0.45364874601364136 | [0.14] | -0.0020165226112377767
-0.45613425970077515 | [0.14] | -0.00195917858889921
-0.45891234278678894 | [0.14] | -0.0019042864324640846
-0.46196553111076355 | [0.14] | -0.0018521821599892605
-0.46527421474456787 | [0.13] | -0.0018031725542489209
-0.4688166677951813 | [0.13] | -0.0017575356002733752
-0.4725692868232727 | [0.13] | -0.0017155206360643816
-0.47650668025016785 | [0.13] | -0.0016773495718159417
-0.48060181736946106 | [0.13] | -0.0016432183081846194
-0.4848262369632721 | [0.13] | -0.0016132984475322875
-0.4891502857208252 | [0.13] | -0.001587738929168296
-0.49354323744773865 | [0.13] | -0.0015666683703481098
-0.4979735314846039 | [0.12] | -0.0015501967705449594
-0.5024091005325317 | [0.12] | -0.0015384173062488124
-0.5068174004554749 | [0.12] | -0.001531408160403967
-0.5111659169197083 | [0.12] | -0.0015292332156526367
-0.5154221653938293 | [0.12] | -0.0015319434131813843
-0.5195540189743042 | [0.12] | -0.0015395767630357624
-0.523530125617981 | [0.12] | -0.0015521577438759628
-0.5273198485374451 | [0.13] | -0.001569697237596365
-0.5308937430381775 | [0.13] | -0.0015921905929258463
-0.5342236757278442 | [0.13] | -0.0016196159003695546
-0.5372830033302307 | [0.13] | -0.0016519318511413303
-0.5400469303131104 | [0.13] | -0.0016890743727488806
-0.5424926280975342 | [0.13] | -0.0017309538257939895
-0.5445993542671204 | [0.13] | -0.0017774518240239593
-0.5463486909866333 | [0.14] | -0.0018284175461376834
-0.547724723815918 | [0.14] | -0.0018836641815517061
-0.5487141013145447 | [0.14] | -0.0019429660337437005
-0.5493062138557434 | [0.14] | -0.0020060553733800496
-0.5494932532310486 | [0.14] | -0.002072620125635115
-0.5492703318595886 | [0.15] | -0.0021423019390844553
-0.5486354827880859 | [0.15] | -0.002214695318817105
-0.5475898385047913 | [0.15] | -0.002289347011927019
-0.5461374521255493 | [0.15] | -0.0023657575475965285
-0.5442854166030884 | [0.16] | -0.002443382606358539
-0.5420438647270203 | [0.16] | -0.002521636088764802
-0.5394258499145508 | [0.16] | -0.0025998945822208928
-0.536447286605835 | [0.16] | -0.002677502747587714
-0.533126950263977 | [0.17] | -0.0027537795638319295
-0.5294862389564514 | [0.17] | -0.002828026502149721
-0.5255491733551025 | [0.17] | -0.0028995355094994096
-0.5213420391082764 | [0.17] | -0.0029675994374765606
-0.5168934464454651 | [0.17] | -0.003031520999538134
-0.5122339725494385 | [0.18] | -0.0030906237683496762
-0.5073959827423096 | [0.18] | -0.0031442630433488393
-0.5024135112762451 | [0.18] | -0.003191835631071235
-0.49732181429862976 | [0.18] | -0.0032327910340460616
-0.4921572804450989 | [0.18] | -0.0032666399808300127
-0.4869571030139923 | [0.18] | -0.0032929636441220095
-0.4817590117454529 | [0.18] | -0.0033114209525967444
-0.47660091519355774 | [0.18] | -0.0033217549372376812
-0.4715207517147064 | [0.18] | -0.003323796889174283
-0.4665561318397522 | [0.18] | -0.0033174698378243615
-0.4617440402507782 | [0.18] | -0.0033027896134519793
-0.4571205973625183 | [0.18] | -0.003279864640429219
-0.4527207911014557 | [0.18] | -0.003248893808496372
-0.4485781788825989 | [0.18] | -0.0032101630524623095
-0.4447247385978699 | [0.18] | -0.0031640397817025746
-0.44119054079055786 | [0.18] | -0.0031109671743917685
-0.4380035400390625 | [0.17] | -0.003051456561951346
-0.43518945574760437 | [0.17] | -0.0029860787164007023
-0.4327715039253235 | [0.17] | -0.002915455364945798
-0.43077021837234497 | [0.17] | -0.0028402494564112816
-0.4292033910751343 | [0.17] | -0.0027611553098765423
-0.4280858635902405 | [0.16] | -0.0026788888767434607
-0.4274294078350067 | [0.16] | -0.0025941781935682135
-0.4272426664829254 | [0.16] | -0.0025077537826827447
-0.42753103375434875 | [0.16] | -0.002420339846535739
-0.42829659581184387 | [0.15] | -0.0023326459128865844
-0.42953813076019287 | [0.15] | -0.002245359058749923
-0.43125104904174805 | [0.15] | -0.0021591372565342853
-0.4334273338317871 | [0.14] | -0.0020746036442752277
-0.43605563044548035 | [0.14] | -0.0019923414162502594
-0.4391212463378906 | [0.14] | -0.0019128901150669145
-0.44260624051094055 | [0.14] | -0.0018367427504298443
-0.4464894235134125 | [0.13] | -0.0017643446022531008
-0.4507465362548828 | [0.13] | -0.00169609237668945
-0.4553503394126892 | [0.13] | -0.0016323349552933239
-0.46027079224586487 | [0.13] | -0.0015733750678895856
-0.4654752016067505 | [0.12] | -0.0015194718683531603
-0.470928430557251 | [0.12] | -0.0014708444246197177
-0.47659313678741455 | [0.12] | -0.0014276757822553952
-0.48242998123168945 | [0.12] | -0.0013901176380211621
-0.4883979558944702 | [0.12] | -0.0013582951225391518
-0.49445462226867676 | [0.12] | -0.0013323117771947487
-0.500556468963623 | [0.11] | -0.0013122544383372828
-0.5066591501235962 | [0.11] | -0.001298197728010429
-0.5127179026603699 | [0.11] | -0.001290207760180453
-0.518687903881073 | [0.11] | -0.0012883450621563822
-0.524524450302124 | [0.11] | -0.0012926670246168161
-0.5301834940910339 | [0.11] | -0.0013032283939534628
-0.5356219410896301 | [0.11] | -0.0013200811296190398
-0.5407978892326355 | [0.12] | -0.0013432733189456597
-0.5456710457801819 | [0.12] | -0.0013728459529868506
-0.5502030253410339 | [0.12] | -0.0014088293833643935
-0.554357647895813 | [0.12] | -0.0014512382770230873
-0.558101236820221 | [0.12] | -0.0015000657487363109
-0.5614027976989746 | [0.12] | -0.0015552770032580283
-0.5642343759536743 | [0.13] | -0.0016168018490879525
-0.5665711760520935 | [0.13] | -0.001684527607334765
-0.5683919191360474 | [0.13] | -0.001758291164095218
-0.569678783416748 | [0.14] | -0.001837872406906246
-0.5704178214073181 | [0.14] | -0.0019229866489428962
-0.570598840713501 | [0.14] | -0.0020132793499827487
-0.5702157020568848 | [0.15] | -0.0021083204947818504
-0.5692662596702576 | [0.15] | -0.0022076013321850173
-0.5677525401115417 | [0.15] | -0.0023105317641119788
-0.5656806230545044 | [0.16] | -0.002416440416760867
-0.5630607604980469 | [0.16] | -0.0025245757182964196
-0.5599073171615601 | [0.16] | -0.0026341096664190254
-0.55623859167099 | [0.17] | -0.0027441440728702537
-0.5520769953727722 | [0.17] | -0.002853717673882554
-0.5474486947059631 | [0.17] | -0.0029618174192294596
-0.5423834919929504 | [0.18] | -0.0030673909644661525
-0.5369147658348083 | [0.18] | -0.003169360410695743
-0.5310791730880737 | [0.18] | -0.0032666391358343962
-0.524916410446167 | [0.18] | -0.003358149005354512
-0.5184688568115234 | [0.19] | -0.0034428394696545683
-0.5117814540863037 | [0.19] | -0.00351970521540617
-0.5049012303352356 | [0.19] | -0.003587806032678945
-0.4978770613670349 | [0.19] | -0.0036462841091682583
-0.4907591938972473 | [0.19] | -0.0036943818024462375
-0.483598917722702 | [0.19] | -0.0037314559832639506
-0.4764481484889984 | [0.19] | -0.0037569915190336423
-0.4693590998649597 | [0.19] | -0.0037706108190730734
-0.46238377690315247 | [0.19] | -0.0037720818744165253
-0.4555736780166626 | [0.19] | -0.0037613220616865093
-0.44897931814193726 | [0.19] | -0.0037383995189097874
-0.4426499009132385 | [0.19] | -0.0037035304849721592
-0.43663299083709717 | [0.19] | -0.00365707449680181
-0.4309740960597992 | [0.19] | -0.0035995265540335907
-0.4257164001464844 | [0.19] | -0.0035315065728099304
-0.4209004342556 | [0.19] | -0.003453747370524174
-0.41656380891799927 | [0.18] | -0.0033670804869071697
-0.4127409756183624 | [0.18] | -0.0032724209768494475
-0.40946298837661743 | [0.18] | -0.0031707516763112877
-0.40675729513168335 | [0.18] | -0.0030631066910078476
-0.404647558927536 | [0.17] | -0.002950555006142582
-0.4031534790992737 | [0.17] | -0.00283418456429935
-0.4022906720638275 | [0.16] | -0.0027150864563718277
-0.402070552110672 | [0.16] | -0.0025943402641546275
-0.4025002419948578 | [0.16] | -0.0024730001738868866
-0.40358245372772217 | [0.15] | -0.0023520824935342396
-0.4053153991699219 | [0.15] | -0.0022325543123907065
-0.4076928496360779 | [0.15] | -0.002115323256485699
-0.41070401668548584 | [0.14] | -0.002001229376706518
-0.41433361172676086 | [0.14] | -0.0018910382582065053
-0.41856181621551514 | [0.13] | -0.0017854362160942463
-0.42336440086364746 | [0.13] | -0.001685026878110612
-0.42871275544166565 | [0.13] | -0.0015903304089118515
-0.4345740079879761 | [0.12] | -0.0015017839909092176
-0.4409112334251404 | [0.12] | -0.0014197444853954163
-0.44768354296684265 | [0.12] | -0.0013444935637931229
-0.4548463821411133 | [0.11] | -0.0012762438276897154
-0.4623517394065857 | [0.11] | -0.0012151469785173254
-0.4701485335826874 | [0.11] | -0.0011613031898843873
-0.4781828224658966 | [0.11] | -0.0011147719463826802
-0.486398309469223 | [0.1] | -0.0010755825458811825
-0.4947366714477539 | [0.1] | -0.0010437457680532816
-0.5031379461288452 | [0.1] | -0.0010192646866130455
-0.5115411877632141 | [0.1] | -0.001002144471880301
-0.5198846459388733 | [0.1] | -0.0009924017793784094
-0.5281065702438354 | [0.1] | -0.0009900707873169577
-0.5361453890800476 | [0.1] | -0.0009952091797462183
-0.543940544128418 | [0.1] | -0.0010078999240762166
-0.5514326095581055 | [0.1] | -0.0010282519644761127
-0.5585640668869019 | [0.1] | -0.0010563971788071728
-0.5652796030044556 | [0.1] | -0.0010924854786396384
-0.5715265274047852 | [0.11] | -0.0011366774217971172
-0.5772553086280823 | [0.11] | -0.0011891341991491385
-0.5824198722839355 | [0.11] | -0.0012500062550600895
-0.5869778394699097 | [0.11] | -0.0013194205625078725
-0.5908910036087036 | [0.12] | -0.0013974658199997867
-0.5941255688667297 | [0.12] | -0.001484177837850203
-0.5966523885726929 | [0.13] | -0.0015795242667653712
-0.5984472036361694 | [0.13] | -0.0016833896558415364
-0.5994907021522522 | [0.13] | -0.0017955613376284638
-0.5997689366340637 | [0.14] | -0.0019157154491079042
-0.5992732644081116 | [0.14] | -0.0020434057217343974
-0.5980004668235779 | [0.15] | -0.0021780536519350386
-0.5959528684616089 | [0.15] | -0.002318941074779639
Total reward: -2.2656949182228683
0.1, 5.8, 0.2
parameter ends

state | action | reward
[-0.43] | [0.16] | -0.0024693720997844408
-0.4290437400341034 | [0.15] | -0.002383474287152635
-0.42997920513153076 | [0.15] | -0.002297541920687561
-0.4313802421092987 | [0.15] | -0.0022122378757534846
-0.4332410395145416 | [0.15] | -0.0021281945925587954
-0.4355524182319641 | [0.14] | -0.002046009118781005
-0.4383019208908081 | [0.14] | -0.001966238493184141
-0.4414738714694977 | [0.14] | -0.001889396381464398
-0.44504937529563904 | [0.13] | -0.001815950978541421
-0.44900640845298767 | [0.13] | -0.001746323872165432
-0.4533199965953827 | [0.13] | -0.0016808896130657666
-0.457962304353714 | [0.13] | -0.0016199769302398977
-0.46290281414985657 | [0.13] | -0.0015638706275289415
-0.4681084454059601 | [0.12] | -0.0015128143558575582
-0.47354382276535034 | [0.12] | -0.0014670140011521888
-0.4791715443134308 | [0.12] | -0.0014266418096485214
-0.48495230078697205 | [0.12] | -0.0013918410866501079
-0.49084529280662537 | [0.12] | -0.0013627305879808393
-0.4968084394931793 | [0.12] | -0.0013394094109209845
-0.5027987360954285 | [0.11] | -0.0013219613086182759
-0.5087724328041077 | [0.11] | -0.0013104591746048366
-0.5146855711936951 | [0.11] | -0.0013049675298890924
-0.5204942226409912 | [0.11] | -0.0013055456756419477
-0.5261547565460205 | [0.11] | -0.0013122491509634732
-0.5316243171691895 | [0.12] | -0.0013251299030384712
-0.536861002445221 | [0.12] | -0.001344235953271387
-0.5418243408203125 | [0.12] | -0.0013696090619933934
-0.5464754700660706 | [0.12] | -0.0014012821887396656
-0.5507776141166687 | [0.12] | -0.0014392747174247168
-0.5546962022781372 | [0.12] | -0.00148358794942143
-0.5581991672515869 | [0.12] | -0.0015341990213562512
-0.5612573027610779 | [0.13] | -0.0015910541757808113
-0.5638443827629089 | [0.13] | -0.0016540620523471706
-0.5659374594688416 | [0.13] | -0.0017230862373784463
-0.5675169825553894 | [0.13] | -0.001797938503920028
-0.5685669183731079 | [0.14] | -0.0018783720570633242
-0.5690750479698181 | [0.14] | -0.0019640748543580298
-0.5690329074859619 | [0.14] | -0.0020546648393209967
-0.5684360861778259 | [0.15] | -0.002149684996384273
-0.5672840476036072 | [0.15] | -0.002248601267334562
-0.5655803680419922 | [0.15] | -0.0023508005106302665
-0.5633326768875122 | [0.16] | -0.002455591211226887
-0.5605526566505432 | [0.16] | -0.0025622058038901486
-0.5572559237480164 | [0.16] | -0.0026698054221402086
-0.5534620881080627 | [0.17] | -0.002777486063645066
-0.5491946339607239 | [0.17] | -0.002884287435903206
-0.5444806218147278 | [0.17] | -0.002989204652167637
-0.5393507480621338 | [0.18] | -0.003091200088626269
-0.5338390469551086 | [0.18] | -0.003189218604686194
-0.5279827117919922 | [0.18] | -0.0032822036075547535
-0.5218217372894287 | [0.18] | -0.003369114918359766
-0.5153987407684326 | [0.19] | -0.0034489462076904977
-0.5087586641311646 | [0.19] | -0.0035207431716526997
-0.5019484162330627 | [0.19] | -0.0035836217866292404
-0.495016485452652 | [0.19] | -0.003636785427657944
-0.4880126118659973 | [0.19] | -0.0036795402900165865
-0.4809873700141907 | [0.19] | -0.0037113092936754927
-0.47399190068244934 | [0.19] | -0.0037316432182428385
-0.4670773446559906 | [0.19] | -0.003740230182963189
-0.46029457449913025 | [0.19] | -0.0037369010525356867
-0.45369377732276917 | [0.19] | -0.003721632544311448
-0.4473240375518799 | [0.19] | -0.0036945469744331136
-0.4412330687046051 | [0.19] | -0.0036559089097080756
-0.4354667663574219 | [0.19] | -0.0036061197526126654
-0.4300689399242401 | [0.19] | -0.003545708719840929
-0.42508095502853394 | [0.19] | -0.0034753223818182986
-0.42054152488708496 | [0.18] | -0.003395711889624217
-0.41648635268211365 | [0.18] | -0.0033077194833668875
-0.41294795274734497 | [0.18] | -0.003212263047123417
-0.4099554419517517 | [0.18] | -0.0031103205483626033
-0.40753430128097534 | [0.17] | -0.00300291433062742
-0.4057062268257141 | [0.17] | -0.0028910952610359743
-0.4044889807701111 | [0.17] | -0.002775927124674192
-0.4038962423801422 | [0.16] | -0.002658471938239324
-0.40393754839897156 | [0.16] | -0.0025397756751574744
-0.40461811423301697 | [0.16] | -0.0024208555788639463
-0.4059388041496277 | [0.15] | -0.0023026881275108723
-0.40789610147476196 | [0.15] | -0.002186198353358479
-0.4104820787906647 | [0.14] | -0.0020722508040433235
-0.41368430852890015 | [0.14] | -0.001961642170455491
-0.41748595237731934 | [0.14] | -0.0018550951718899048
-0.4218657612800598 | [0.13] | -0.0017532544040380579
-0.42679816484451294 | [0.13] | -0.0016566840762084877
-0.43225333094596863 | [0.13] | -0.001565867577399759
-0.4381973445415497 | [0.12] | -0.0014812087350319423
-0.44459232687950134 | [0.12] | -0.0014030355008746494
-0.4513966739177704 | [0.12] | -0.0013316049253652043
-0.45856520533561707 | [0.11] | -0.0012671100695072584
-0.46604955196380615 | [0.11] | -0.001209688197757056
-0.47379839420318604 | [0.11] | -0.0011594303139114922
-0.48175784945487976 | [0.11] | -0.001116391371301216
-0.4898717999458313 | [0.1] | -0.001080601023204706
-0.49808233976364136 | [0.1] | -0.0010520741829418638
-0.5063301920890808 | [0.1] | -0.0010308212380035155
-0.5145552158355713 | [0.1] | -0.0010168569361942788
-0.5226967930793762 | [0.1] | -0.001010208401990256
-0.5306943655014038 | [0.1] | -0.001010920902358961
-0.5384879112243652 | [0.1] | -0.001019061612002008
-0.5460184216499329 | [0.1] | -0.0010347211884080278
-0.5532283186912537 | [0.1] | -0.0010580128537690792
-0.5600619912147522 | [0.1] | -0.0010890686426025579
-0.566466212272644 | [0.11] | -0.0011280338330425356
-0.5723904967308044 | [0.11] | -0.0011750587051692681
-0.5777875185012817 | [0.11] | -0.001230288554331635
-0.5826135873794556 | [0.11] | -0.0012938516145658604
-0.5868287086486816 | [0.12] | -0.0013658467099687437
-0.5903971195220947 | [0.12] | -0.0014463286594480708
-0.5932875275611877 | [0.12] | -0.001535293848992639
-0.5954731702804565 | [0.13] | -0.001632666194266478
-0.5969322919845581 | [0.13] | -0.0017382821808707616
-0.5976480841636658 | [0.14] | -0.0018518781560086309
-0.5976089239120483 | [0.14] | -0.001973077887779402
-0.5968085527420044 | [0.14] | -0.0021013818983522145
-0.5952460169792175 | [0.15] | -0.0022361595993064605
-0.5929259657859802 | [0.15] | -0.002376642776651113
-0.5898584723472595 | [0.16] | -0.0025219234843887554
-0.5860590934753418 | [0.16] | -0.0026709545189488775
-0.5815488696098328 | [0.17] | -0.00282255358124682
-0.5763541460037231 | [0.17] | -0.0029754122688366337
-0.5705066919326782 | [0.18] | -0.0031281075102413468
-0.5640432834625244 | [0.18] | -0.0032791195896353835
-0.5570056438446045 | [0.19] | -0.00342685286646015
-0.5494402050971985 | [0.19] | -0.003569660169724504
-0.541397750377655 | [0.19] | -0.0037058715164121764
-0.5329331159591675 | [0.2] | -0.0038338249812897695
-0.5241047739982605 | [0.2] | -0.003951899772343032
-0.5149744749069214 | [0.2] | -0.0040585489378616125
-0.5056066513061523 | [0.2] | -0.004152333786835447
-0.4960680305957794 | [0.21] | -0.004231955405429827
-0.48642709851264954 | [0.21] | -0.004296283328650467
-0.47675344347953796 | [0.21] | -0.0043443822351426535
-0.4671173393726349 | [0.21] | -0.0043755315656131815
-0.4575890600681305 | [0.21] | -0.004389242219872923
-0.448238343000412 | [0.21] | -0.004385265693994125
-0.4391339123249054 | [0.21] | -0.0043635970968285654
-0.4303428828716278 | [0.21] | -0.004324473408271538
-0.4219302535057068 | [0.21] | -0.004268365295838649
-0.41395846009254456 | [0.2] | -0.004195962895257795
-0.40648695826530457 | [0.2] | -0.00410815899283345
-0.39957180619239807 | [0.2] | -0.004006026975677221
-0.39326533675193787 | [0.2] | -0.0038907969740592145
-0.38761577010154724 | [0.19] | -0.003763830028071489
-0.38266700506210327 | [0.19] | -0.0036265910854409453
-0.3784583806991577 | [0.19] | -0.0034806219660168214
-0.37502437829971313 | [0.18] | -0.0033275148564110876
-0.37239453196525574 | [0.18] | -0.00316888634830408
-0.37059319019317627 | [0.17] | -0.003006353226434622
-0.36963945627212524 | [0.17] | -0.0028415092579644335
-0.36954694986343384 | [0.16] | -0.002675904543512001
-0.3703237473964691 | [0.16] | -0.00251102585276341
-0.37197232246398926 | [0.15] | -0.0023482790615219477
-0.374489426612854 | [0.15] | -0.002188973810060189
-0.3778659999370575 | [0.14] | -0.0020343100763604415
-0.3820871412754059 | [0.14] | -0.001885366830552568
-0.38713204860687256 | [0.13] | -0.0017430930396203613
-0.3929740786552429 | [0.13] | -0.0016083012561867672
-0.3995806872844696 | [0.12] | -0.0014816641012059938
-0.40691351890563965 | [0.12] | -0.001363713736490563
-0.4149285852909088 | [0.11] | -0.0012548443984881155
-0.4235762655735016 | [0.11] | -0.0011553192727774752
-0.4328016936779022 | [0.1] | -0.001065279650788126
-0.4425448775291443 | [0.1] | -0.0009847585760177169
-0.4527411460876465 | [0.1] | -0.0009136973396395214
-0.4633214771747589 | [0.09] | -0.0008519649638245197
-0.47421297430992126 | [0.09] | -0.0007993795826408081
-0.4853394031524658 | [0.09] | -0.000755731255178941
-0.4966217577457428 | [0.08] | -0.0007208053131158502
-0.5079788565635681 | [0.08] | -0.0006944048462078781
-0.5193280577659607 | [0.08] | -0.0006763713706908895
-0.5305859446525574 | [0.08] | -0.0006666027287570817
-0.5416689515113831 | [0.08] | -0.0006650676718401688
-0.5524941682815552 | [0.08] | -0.0006718150721035843
-0.5629799962043762 | [0.08] | -0.0006869792139772295
-0.5730468034744263 | [0.08] | -0.0007107792334689494
-0.5826176404953003 | [0.09] | -0.0007435134258932483
-0.5916188359260559 | [0.09] | -0.0007855491371416286
-0.5999804735183716 | [0.09] | -0.0008373077076624587
-0.6076369881629944 | [0.09] | -0.0008992455688927952
-0.6145276427268982 | [0.1] | -0.0009718324128633187
-0.6205968856811523 | [0.1] | -0.0010555267032882109
-0.6257947087287903 | [0.11] | -0.0011507495692598532
-0.6300771236419678 | [0.11] | -0.0012578572478942956
-0.6334062218666077 | [0.12] | -0.0013771141136101738
-0.6357505917549133 | [0.12] | -0.0015086648065871892
-0.6370853185653687 | [0.13] | -0.0016525083051197405
-0.6373924612998962 | [0.13] | -0.001808471972420009
-0.6366608738899231 | [0.14] | -0.0019761894848992624
-0.634886622428894 | [0.15] | -0.002155079477488615
-0.632072925567627 | [0.15] | -0.0023443291372587313
-0.6282303333282471 | [0.16] | -0.0025428811323318142
-0.6233766078948975 | [0.17] | -0.0027494264928168955
-0.6175369620323181 | [0.17] | -0.0029624021109716666
-0.6107438802719116 | [0.18] | -0.003179996938990749
-0.6030371189117432 | [0.18] | -0.0034001643128042875
-0.5944636464118958 | [0.19] | -0.0036206434213703394
-0.5850772261619568 | [0.2] | -0.00383899020170023
-0.5749384164810181 | [0.2] | -0.004052615594390155
-0.5641141533851624 | [0.21] | -0.004258832134794199
-0.5526772141456604 | [0.21] | -0.004454909671318259
-0.5407058596611023 | [0.22] | -0.004638134739075822
-0.5282832384109497 | [0.22] | -0.004805874427527844
-0.5154966115951538 | [0.22] | -0.004955642085906646
-0.5024368166923523 | [0.23] | -0.005085160992378993
-0.48919740319252014 | [0.23] | -0.005192423859271556
-0.475873738527298 | [0.23] | -0.005275746386099086
-0.46256223320961 | [0.23] | -0.005333809949894544
-0.4493595361709595 | [0.23] | -0.005365694561595124
-0.4363615810871124 | [0.23] | -0.005370897836874836
-0.42366284132003784 | [0.23] | -0.005349341933022458
-0.41135549545288086 | [0.23] | -0.005301367717040094
-0.3995288014411926 | [0.23] | -0.00522771538905201
-0.3882683217525482 | [0.23] | -0.005129496738223882
-0.3776554465293884 | [0.22] | -0.005008157785847699
-0.3677668273448944 | [0.22] | -0.004865435618971511
-0.35867395997047424 | [0.22] | -0.004703310670038368
-0.35044288635253906 | [0.21] | -0.004523958057268119
-0.343133807182312 | [0.21] | -0.004329698725219111
-0.3368009328842163 | [0.2] | -0.004122952391840652
-0.33149227499961853 | [0.2] | -0.00390619324714336
-0.32724952697753906 | [0.19] | -0.0036819091652530913
-0.3241078853607178 | [0.19] | -0.0034525655036840848
-0.32209596037864685 | [0.18] | -0.0032205720375267873
-0.3212357461452484 | [0.17] | -0.0029882534833405136
-0.3215424418449402 | [0.17] | -0.002757823848470593
-0.32302433252334595 | [0.16] | -0.0025313630065509313
-0.32568272948265076 | [0.15] | -0.0023107953105729446
-0.3295117914676666 | [0.14] | -0.0020978704434598265
-0.3344983756542206 | [0.14] | -0.0018941459269339101
-0.3406219184398651 | [0.13] | -0.0017009713513712347
-0.34785425662994385 | [0.12] | -0.0015194749128827501
-0.3561595678329468 | [0.12] | -0.0013505526785994194
-0.3654941916465759 | [0.11] | -0.0011948617139628992
-0.37580668926239014 | [0.1] | -0.0010528180139712246
-0.3870377540588379 | [0.1] | -0.0009245998181650399
-0.39912036061286926 | [0.09] | -0.000810158262084958
-0.411980003118515 | [0.08] | -0.0007092346977716216
-0.4255349040031433 | [0.08] | -0.0006213866049420104
-0.4396964907646179 | [0.07] | -0.0005460206857565811
-0.4543698728084564 | [0.07] | -0.0004824332230363251
-0.4694545567035675 | [0.07] | -0.00042985550838084896
-0.48484519124031067 | [0.06] | -0.00038750343075870196
-0.5004324316978455 | [0.06] | -0.000354627847883256
-0.516103982925415 | [0.06] | -0.00033056345257521106
-0.5317454934120178 | [0.06] | -0.0003147737433886508
-0.547241747379303 | [0.06] | -0.0003068886401578349
-0.562477707862854 | [0.06] | -0.0003067332267273209
-0.5773397088050842 | [0.06] | -0.00031434565812246364
-0.5917162895202637 | [0.06] | -0.00032998445144752966
-0.6054993867874146 | [0.06] | -0.00035412329156222084
-0.6185851097106934 | [0.06] | -0.00038743584457570624
-0.6308746337890625 | [0.07] | -0.0004307707689900451
-0.6422749757766724 | [0.07] | -0.00048511872576499415
-0.6526994705200195 | [0.07] | -0.0005515738177792326
-0.6620683073997498 | [0.08] | -0.0006312904923206834
-0.6703090667724609 | [0.09] | -0.0007254378663507479
-0.6773569583892822 | [0.09] | -0.0008351527498975319
-0.6831550002098083 | [0.1] | -0.0009614931047087517
-0.6876544952392578 | [0.11] | -0.0011053906592214061
-0.6908149123191833 | [0.11] | -0.0012676057873913756
-0.6926043033599854 | [0.12] | -0.001448682176623097
-0.6929991841316223 | [0.13] | -0.0016489038790697885
-0.6919849514961243 | [0.14] | -0.0018682525486872882
-0.689555823802948 | [0.15] | -0.002106368030660042
-0.6857151389122009 | [0.15] | -0.002362510788002303
-0.6804753541946411 | [0.16] | -0.002635529608555543
-0.6738584637641907 | [0.17] | -0.002923833493946223
-0.6658958792686462 | [0.18] | -0.0032253741589634566
-0.6566288471221924 | [0.19] | -0.0035376365359057736
-0.6461082100868225 | [0.2] | -0.003857644994973947
-0.6343947052955627 | [0.2] | -0.0041819835643066156
-0.621558666229248 | [0.21] | -0.004506835824482135
-0.6076800227165222 | [0.22] | -0.004828043454160537
-0.5928478240966797 | [0.23] | -0.005141185218350948
-0.5771598815917969 | [0.23] | -0.005441675027646831
-0.5607220530509949 | [0.24] | -0.005724876725779496
-0.5436474680900574 | [0.24] | -0.005986231255719625
-0.526055634021759 | [0.25] | -0.006221390306600554
-0.50807124376297 | [0.25] | -0.006426350714718704
-0.48982298374176025 | [0.26] | -0.006597581503636521
-0.4714423418045044 | [0.26] | -0.006732134139594743
-0.4530620574951172 | [0.26] | -0.006827735951941726
-0.4348149299621582 | [0.26] | -0.006882851413846399
-0.41683229804039 | [0.26] | -0.00689671763446028
-0.3992428779602051 | [0.26] | -0.006869347025621535
-0.38217148184776306 | [0.26] | -0.006801501493743723
-0.36573806405067444 | [0.26] | -0.006694638512197608
-0.3500567376613617 | [0.26] | -0.006550838138179337
-0.335235059261322 | [0.25] | -0.006372711978683371
-0.32137343287467957 | [0.25] | -0.006163306411907401
-0.30856478214263916 | [0.24] | -0.00592600011821609
-0.2968941628932953 | [0.24] | -0.00566440706139129
-0.2864387631416321 | [0.23] | -0.0053822843284622775
-0.2772677540779114 | [0.23] | -0.005083452537733744
-0.2694424092769623 | [0.22] | -0.004771726724256966
-0.2630161643028259 | [0.21] | -0.004450860276677997
-0.25803476572036743 | [0.2] | -0.004124500033203426
-0.25453636050224304 | [0.19] | -0.0037961524755627044
-0.2525515556335449 | [0.19] | -0.003469157207141058
-0.2521034777164459 | [0.18] | -0.0031466664575412525
-0.2532077431678772 | [0.17] | -0.002831627470979224
-0.25587233901023865 | [0.16] | -0.0025267660195235713
-0.2600974142551422 | [0.15] | -0.002234568863786589
-0.26587504148483276 | [0.14] | -0.0019572634969568514
-0.27318882942199707 | [0.13] | -0.0016967949536487296
-0.28201359510421753 | [0.12] | -0.001454799635490988
-0.2923147976398468 | [0.11] | -0.0012325772777097956
-0.30404824018478394 | [0.1] | -0.0010310623751947224
-0.317159503698349 | [0.09] | -0.0008507993655951124
-0.33158358931541443 | [0.08] | -0.0006919227801266294
-0.3472446799278259 | [0.07] | -0.000554148356794886
-0.36405593156814575 | [0.07] | -0.0004367776822685369
-0.3819194436073303 | [0.06] | -0.00033871971411069985
-0.4007265567779541 | [0.05] | -0.00025853257566637943
-0.42035821080207825 | [0.04] | -0.00019448606956203396
-0.4406856894493103 | [0.04] | -0.00014464322695267482
-0.4615715742111206 | [0.03] | -0.00010695931725258311
-0.4828709363937378 | [0.03] | -7.939205000519e-05
-0.504432737827301 | [0.02] | -6.0016667884672646e-05
-0.5261014699935913 | [0.02] | -4.713802377782712e-05
-0.5477188229560852 | [0.02] | -3.9391565357474096e-05
-0.5691257119178772 | [0.02] | -3.5825413525936506e-05
-0.5901637673377991 | [0.02] | -3.595854999846732e-05
-0.6106774806976318 | [0.02] | -3.9811081365215274e-05
-0.6305155754089355 | [0.02] | -4.790618827549506e-05
-0.6495326161384583 | [0.02] | -6.124506402944554e-05
-0.6675903797149658 | [0.03] | -8.125919279514724e-05
-0.6845586895942688 | [0.03] | -0.00010974521203040993
-0.7003164887428284 | [0.04] | -0.0001487880282273829
-0.7147522568702698 | [0.04] | -0.0002006790125957061
-0.7277644872665405 | [0.05] | -0.0002678329802141969
-0.7392618060112 | [0.06] | -0.0003527092216921734
-0.7491630911827087 | [0.07] | -0.0004577374429758454
-0.7573973536491394 | [0.08] | -0.0005852501681820898
-0.7639036178588867 | [0.09] | -0.0007374207949677377
-0.7686309218406677 | [0.1] | -0.0009162053763709086
-0.7715379595756531 | [0.11] | -0.0011232866090543738
-0.7725933194160461 | [0.12] | -0.0013600162103092573
-0.7717751264572144 | [0.13] | -0.0016273558645344714
-0.7690715193748474 | [0.14] | -0.0019258120396481856
-0.7644806504249573 | [0.15] | -0.0022553674196612128
-0.7580111026763916 | [0.16] | -0.0026154070572502867
-0.7496822476387024 | [0.17] | -0.0030046434934456307
-0.7395248413085938 | [0.18] | -0.0034210432367788772
-0.7275814414024353 | [0.2] | -0.003861761712832765
-0.7139071226119995 | [0.21] | -0.004323092257902214
-0.6985698938369751 | [0.22] | -0.004800439649267374
-0.6816511750221252 | [0.23] | -0.005288325367652357
-0.6632460355758667 | [0.24] | -0.005780433645294961
-0.6434632539749146 | [0.25] | -0.0062697064438848125
-0.6224251389503479 | [0.26] | -0.006748487427552884
-0.6002669930458069 | [0.27] | -0.007208722600780638
-0.5771361589431763 | [0.28] | -0.00764220264155833
-0.5531908273696899 | [0.28] | -0.008040844544942694
-0.5285984873771667 | [0.29] | -0.008396991967831514
-0.5035340189933777 | [0.3] | -0.008703716147931495
-0.47817739844322205 | [0.3] | -0.008955095711936317
-0.4527115225791931 | [0.3] | -0.009146451180352316
-0.42731964588165283 | [0.3] | -0.009274517869144608
-0.40218305587768555 | [0.31] | -0.009337543821289004
-0.3774787187576294 | [0.31] | -0.009335304476331265
-0.35337722301483154 | [0.3] | -0.009269042883394878
-0.33004093170166016 | [0.3] | -0.009141334997672277
-0.3076225817203522 | [0.3] | -0.00895590250766711
-0.28626418113708496 | [0.3] | -0.008717392376680127
-0.266096293926239 | [0.29] | -0.00843113577531767
-0.2472376823425293 | [0.28] | -0.008102914021513372
-0.22979536652565002 | [0.28] | -0.0077387386213754366
-0.21386486291885376 | [0.27] | -0.0073446649821367685
-0.1995307058095932 | [0.26] | -0.006926637699650302
-0.18686708807945251 | [0.25] | -0.0064903805258207095
-0.1759386658668518 | [0.25] | -0.006041319633219403
-0.1668013334274292 | [0.24] | -0.005584543845406189
-0.1595029979944229 | [0.23] | -0.005124792387373407
-0.15408429503440857 | [0.22] | -0.004666465049121203
-0.15057918429374695 | [0.21] | -0.0042136463986956404
-0.1490153968334198 | [0.19] | -0.0037701375911559096
-0.14941467344760895 | [0.18] | -0.003339489567481965
-0.15179286897182465 | [0.17] | -0.0029250305678273267
-0.15615975856781006 | [0.16] | -0.00252988376641148
-0.1625186949968338 | [0.15] | -0.002156970032434254
-0.17086604237556458 | [0.13] | -0.0018089927893433324
-0.18119032680988312 | [0.12] | -0.0014884036602460004
-0.1934712678194046 | [0.11] | -0.0011973476736837167
-0.2076786756515503 | [0.1] | -0.0009375894906092201
-0.2237711101770401 | [0.08] | -0.0007104259383695522
-0.2416946291923523 | [0.07] | -0.0005165891655067532
-0.26138144731521606 | [0.06] | -0.00035615019925105333
-0.2827487289905548 | [0.05] | -0.0002284351833585996
-0.30569756031036377 | [0.04] | -0.0001319649410583
-0.3301122486591339 | [0.03] | -6.4433011044836e-05
-0.3558598756790161 | [0.02] | -2.273402979088133e-05
-0.3827905058860779 | [0.01] | -3.0507494979642138e-06
-0.4107377827167511 | [-0.] | -1.0035779679424851e-06
-0.4395201802253723 | [-0.01] | -1.185902001207504e-05
-0.4689428210258484 | [-0.02] | -3.078506890538284e-05
-0.4987998902797699 | [-0.02] | -5.313451839561667e-05
-0.528877317905426 | [-0.03] | -7.473095606139733e-05
-0.5589562058448792 | [-0.03] | -9.213090650224286e-05
-0.5888159275054932 | [-0.03] | -0.0001028353851750646
-0.6182377338409424 | [-0.03] | -0.00010543171434852616
-0.647007942199707 | [-0.03] | -9.965422049202406e-05
-0.674920916557312 | [-0.03] | -8.636248139812371e-05
-0.701781690120697 | [-0.03] | -6.744671005001435e-05
-0.7274077534675598 | [-0.02] | -4.567617843842715e-05
-0.7516307830810547 | [-0.02] | -2.4513204445595592e-05
-0.7742973566055298 | [-0.01] | -7.913809244701152e-06
-0.7952693700790405 | [-0.] | -1.3562529681833154e-07
-0.8144237995147705 | [0.01] | -5.568119533656593e-06
-0.8316522240638733 | [0.02] | -2.8594596310421127e-05
-0.8468599915504456 | [0.03] | -7.348948459426778e-05
-0.8599652051925659 | [0.04] | -0.0001443493700963435
-0.8708975315093994 | [0.05] | -0.000245052320931204
-0.8795971870422363 | [0.06] | -0.0003792370459181035
-0.8860138654708862 | [0.07] | -0.000550293187381499
-0.8901059031486511 | [0.09] | -0.0007613521219924993
-0.8918396234512329 | [0.1] | -0.0010152698853689423
-0.8911888003349304 | [0.11] | -0.001314593517521234
-0.8881348967552185 | [0.13] | -0.001661502840140812
-0.8826668858528137 | [0.14] | -0.0020577250104218793
-0.874782145023346 | [0.16] | -0.0025044147522396286
-0.8644870519638062 | [0.17] | -0.0030020037913207967
-0.8517982959747314 | [0.19] | -0.0035500183107025755
-0.8367443084716797 | [0.2] | -0.004146874298143959
-0.8193668127059937 | [0.22] | -0.0047896606989082675
-0.7997226119041443 | [0.23] | -0.00547392775358396
-0.777885377407074 | [0.25] | -0.006193504767530946
-0.7539473176002502 | [0.26] | -0.006940372319166822
-0.7280207276344299 | [0.28] | -0.007704620196316014
-0.7002389430999756 | [0.29] | -0.008474525355709606
-0.6707568168640137 | [0.3] | -0.00923676632887757
-0.6397506594657898 | [0.32] | -0.009976796194936308
-0.607417106628418 | [0.33] | -0.01067936532286659
-0.5739713311195374 | [0.34] | -0.011329178552583885
-0.5396443009376526 | [0.35] | -0.011911633553839358
-0.504679262638092 | [0.35] | -0.01241358718294825
-0.46932756900787354 | [0.36] | -0.012824068630478185
-0.4338439404964447 | [0.36] | -0.013134869717794788
-0.3984817564487457 | [0.37] | -0.013340943014069876
-0.36348816752433777 | [0.37] | -0.013440577674159593
-0.3290998637676239 | [0.37] | -0.013435321387446126
-0.29553911089897156 | [0.37] | -0.013329692957514945
-0.26301079988479614 | [0.36] | -0.01313070648758919
-0.23170027136802673 | [0.36] | -0.012847282467748392
-0.2017720639705658 | [0.35] | -0.012489607345698287
-0.17336955666542053 | [0.35] | -0.012068509075338707
-0.14661537110805511 | [0.34] | -0.011594895493371471
-0.12161245197057724 | [0.33] | -0.011079290756959737
-0.09844570606946945 | [0.32] | -0.010531489611765367
-0.07718393206596375 | [0.32] | -0.009960328754481444
-0.05788203701376915 | [0.31] | -0.0093735645896668
-0.040583301335573196 | [0.3] | -0.008777847624476176
-0.02532164938747883 | [0.29] | -0.008178765528111845
-0.01212381012737751 | [0.28] | -0.0075809409965811175
-0.0010113148018717766 | [0.26] | -0.006988163170407473
0.007997718639671803 | [0.25] | -0.00640353986286828
0.014887049794197083 | [0.24] | -0.005829656962885561
0.01964104361832142 | [0.23] | -0.005268735888949377
0.022243682295084 | [0.22] | -0.004722784066624035
0.022677864879369736 | [0.2] | -0.0041937324560297005
0.0209250096231699 | [0.19] | -0.003683556766445528
0.016964968293905258 | [0.18] | -0.0031943788927598507
0.010776256211102009 | [0.17] | -0.0027285455052458033
0.0023366250097751617 | [0.15] | -0.0022886788606361398
-0.008376019075512886 | [0.14] | -0.0018776963941614156
-0.021382329985499382 | [0.12] | -0.0014987920712732734
-0.03669986128807068 | [0.11] | -0.001155374158413492
-0.05434102192521095 | [0.09] | -0.0008509537662551748
-0.07431066781282425 | [0.08] | -0.0005889794698665274
-0.09660332649946213 | [0.06] | -0.00037261545959274626
-0.12120016664266586 | [0.05] | -0.00020446946279226993
-0.1480657309293747 | [0.03] | -8.627802745331449e-05
-0.1771446317434311 | [0.01] | -1.8571998831788772e-05
-0.2083582878112793 | [-0.] | -3.515873946931078e-07
-0.2416020631790161 | [-0.02] | -2.8811945444991362e-05
-0.2767428755760193 | [-0.03] | -9.916789645114046e-05
-0.31361767649650574 | [-0.05] | -0.0002046262637226447
-0.3520330786705017 | [-0.06] | -0.00033654689619459625
-0.39176619052886963 | [-0.07] | -0.00048481453662017936
-0.43256691098213196 | [-0.08] | -0.0006384145530367371
-0.4741617739200592 | [-0.09] | -0.0007861715878860131
-0.5162590742111206 | [-0.1] | -0.0009175738709091658
-0.5585550665855408 | [-0.1] | -0.001023583542923362
-0.6007411479949951 | [-0.1] | -0.001097325397561577
-0.6425109505653381 | [-0.11] | -0.001134561997938432
-0.683567464351654 | [-0.11] | -0.0011338949760182839
-0.7236294746398926 | [-0.1] | -0.0010966806343654842
-0.7624367475509644 | [-0.1] | -0.0010266942562241037
-0.7997541427612305 | [-0.1] | -0.0009296079159443413
-0.8353738784790039 | [-0.09] | -0.0008123774657144086
-0.8691168427467346 | [-0.08] | -0.0006826220031778355
-0.9008321166038513 | [-0.07] | -0.0005480704216765077
-0.9303956031799316 | [-0.06] | -0.00041612470288177365
-0.9577077627182007 | [-0.05] | -0.00029356111010401723
-0.9826907515525818 | [-0.04] | -0.00018636815353369456
-1.0052851438522339 | [-0.03] | -9.970479027726666e-05
-1.0254466533660889 | [-0.02] | -3.795249035016156e-05
-1.0431426763534546 | [-0.01] | -4.832129753152179e-06
-1.058349370956421 | [0.01] | -3.559827104206159e-06
-1.0710484981536865 | [0.02] | -3.701895162193334e-05
-1.0812251567840576 | [0.03] | -0.00010793149494964378
-1.0888655185699463 | [0.05] | -0.00021901677645386775
-1.093955159187317 | [0.06] | -0.00037312888734359424
-1.096477746963501 | [0.08] | -0.0005733674565166436
-1.0964140892028809 | [0.09] | -0.0008231569310654216
-1.093741536140442 | [0.11] | -0.0011262901689634995
-1.088434100151062 | [0.12] | -0.001486930027174316
-1.0804628133773804 | [0.14] | -0.0019095628582602945
-1.0697966814041138 | [0.15] | -0.0023988937981130063
-1.0564039945602417 | [0.17] | -0.002959675373059488
-1.0402542352676392 | [0.19] | -0.003596455634877785
-1.0213205814361572 | [0.21] | -0.0043132373927789935
-0.9995828866958618 | [0.23] | -0.005113038899157856
-0.9750314950942993 | [0.24] | -0.005997355975302793
-0.947671115398407 | [0.26] | -0.006965542061271865
-0.9175254702568054 | [0.28] | -0.008014123968767037
-0.8846419453620911 | [0.3] | -0.009136119333287453
-0.8490964770317078 | [0.32] | -0.010320417660043978
-0.8109977841377258 | [0.34] | -0.011551342636001619
-0.7704910635948181 | [0.36] | -0.012808503732021796
-0.7277605533599854 | [0.38] | -0.01406706168982528
-0.6830301880836487 | [0.39] | -0.015298500034171315
-0.6365624666213989 | [0.41] | -0.01647194591366479
-0.5886548757553101 | [0.42] | -0.01755597941657149
-0.5396339297294617 | [0.43] | -0.018520795887096007
-0.48984724283218384 | [0.44] | -0.01934046847990929
-0.439653605222702 | [0.45] | -0.019995004230692996
-0.38941219449043274 | [0.45] | -0.020471915212090196
-0.3394715189933777 | [0.46] | -0.020767044000885984
-0.29015907645225525 | [0.46] | -0.02088455610769097
-0.24177229404449463 | [0.46] | -0.020836128853898572
-0.19457153975963593 | [0.45] | -0.020639505094027174
-0.1487753838300705 | [0.45] | -0.020316673620934807
-0.10455820709466934 | [0.45] | -0.019891939349990003
-0.06205004081130028 | [0.44] | -0.019390139432953903
-0.021338170394301414 | [0.43] | -0.018835167788460765
0.017529811710119247 | [0.43] | -0.01824889607223761
0.05454202741384506 | [0.42] | -0.017650506084977383
0.0897178202867508 | [0.41] | -0.017056189837224366
0.12310311198234558 | [0.41] | -0.01647913454872061
0.15476587414741516 | [0.4] | -0.015929727695540064
0.18479198217391968 | [0.39] | -0.0154158799024713
0.21328146755695343 | [0.39] | -0.014943414566187505
0.2403453290462494 | [0.38] | -0.014516474810346415
0.2661028802394867 | [0.38] | -0.014137912064033229
0.2906796634197235 | [0.37] | -0.01380963950625664
0.31420567631721497 | [0.37] | -0.0135329437903218
0.3368143141269684 | [0.36] | -0.013308749235027796
0.35864147543907166 | [0.36] | -0.013137842476534212
0.37982502579689026 | [0.36] | -0.01302106023308551
0.4005046486854553 | [0.36] | -0.012959449439531635
0.4208219051361084 | [0.36] | -0.012954405392517458
0.4409203827381134 | [0.36] | 99.98699220813025
Total reward: 97.87339267261537
0.1, 5.8, 0.2
parameter ends

state | action | reward
[-0.4] | [0.16] | -0.002559324633324495
-0.4008755087852478 | [0.16] | -0.00243542979044542
-0.4022056460380554 | [0.15] | -0.002312366069505967
-0.40419813990592957 | [0.15] | -0.0021911022948706755
-0.4068450629711151 | [0.14] | -0.002072542341242579
-0.41013389825820923 | [0.14] | -0.0019575169793218388
-0.4140475392341614 | [0.14] | -0.0018467776804199925
-0.4185642600059509 | [0.13] | -0.0017409924211566948
-0.4236578345298767 | [0.13] | -0.0016407428352288812
-0.42929765582084656 | [0.12] | -0.0015465237670784782
-0.4354487955570221 | [0.12] | -0.0014587451081278676
-0.44207221269607544 | [0.12] | -0.001377735184818395
-0.44912493228912354 | [0.11] | -0.0013037465097031674
-0.45656031370162964 | [0.11] | -0.001236962920571255
-0.46432825922966003 | [0.11] | -0.0011775090704485803
-0.47237563133239746 | [0.11] | -0.001125460358848822
-0.4806465208530426 | [0.1] | -0.0010808543545716479
-0.4890827238559723 | [0.1] | -0.0010437024307086466
-0.49762409925460815 | [0.1] | -0.0010140019006895555
-0.5062090158462524 | [0.1] | -0.0009917467985445687
-0.5147749185562134 | [0.1] | -0.0009769382368488963
-0.5232587456703186 | [0.1] | -0.0009695930750755039
-0.5315974354743958 | [0.1] | -0.000969750796426171
-0.5397284030914307 | [0.1] | -0.0009774778065754378
-0.5475901365280151 | [0.1] | -0.000992869029778949
-0.5551226735115051 | [0.1] | -0.0010160473638962792
-0.5622678995132446 | [0.1] | -0.0010471602989338905
-0.568970263004303 | [0.1] | -0.0010863732457387643
-0.5751770734786987 | [0.11] | -0.0011338610854293748
-0.5808388590812683 | [0.11] | -0.0011897977235264885
-0.5859098434448242 | [0.11] | -0.0012543429297501231
-0.5903481841087341 | [0.12] | -0.0013276286248702284
-0.5941163897514343 | [0.12] | -0.0014097434672316418
-0.5971815586090088 | [0.12] | -0.0015007171736841432
-0.5995156168937683 | [0.13] | -0.0016005047519846377
-0.60109543800354 | [0.13] | -0.001708971275637384
-0.6019031405448914 | [0.14] | -0.0018258767284769252
-0.6019262671470642 | [0.14] | -0.001950862481617974
-0.6011577844619751 | [0.14] | -0.002083439955929137
-0.599596381187439 | [0.15] | -0.0022229804223815597
-0.5972462296485901 | [0.15] | -0.0023687091562188197
-0.5941173434257507 | [0.16] | -0.0025197005866935403
-0.5902253985404968 | [0.16] | -0.0026748788612821744
-0.5855917930603027 | [0.17] | -0.002833021489394029
-0.5802434086799622 | [0.17] | -0.0029927679403634923
-0.5742127299308777 | [0.18] | -0.0031526317051076636
-0.5675376057624817 | [0.18] | -0.0033110179314105553
-0.5602609515190125 | [0.19] | -0.0034662459808813906
-0.5524306297302246 | [0.19] | -0.0036165750625325697
-0.5440990328788757 | [0.19] | -0.003760234240236579
-0.535322904586792 | [0.2] | -0.003895455831319806
-0.52616286277771 | [0.2] | -0.004020510307252787
-0.5166828036308289 | [0.2] | -0.00413374367227392
-0.5069496035575867 | [0.21] | -0.004233612774584491
-0.49703261256217957 | [0.21] | -0.004318719780040163
-0.4870029389858246 | [0.21] | -0.004387845621723824
-0.47693297266960144 | [0.21] | -0.004439976986654203
-0.46689578890800476 | [0.21] | -0.004474329459117543
-0.45696452260017395 | [0.21] | -0.004490364905223158
-0.4472118616104126 | [0.21] | -0.0044878017273323415
-0.43770933151245117 | [0.21] | -0.004466619986829648
-0.4285268485546112 | [0.21] | -0.004427057909023094
-0.41973215341567993 | [0.21] | -0.004369603359636271
-0.41139036417007446 | [0.21] | -0.004294979351916785
-0.4035634696483612 | [0.21] | -0.004204124784314114
-0.3963099420070648 | [0.2] | -0.004098171447873411
-0.38968440890312195 | [0.2] | -0.00397841772025008
-0.3837372362613678 | [0.2] | -0.0038463012783759155
-0.3785143196582794 | [0.19] | -0.0037033693706775388
-0.3740568459033966 | [0.19] | -0.003551250140236823
-0.3704010248184204 | [0.18] | -0.0033916244144470593
-0.3675779104232788 | [0.18] | -0.0032261982043182897
-0.36561328172683716 | [0.17] | -0.0030566766192453697
-0.3645274341106415 | [0.17] | -0.0028847401059807006
-0.3643350601196289 | [0.16] | -0.0027120219464665564
-0.3650452196598053 | [0.16] | -0.00254008761885702
-0.3666611313819885 | [0.15] | -0.0023704168937674092
-0.3691801428794861 | [0.15] | -0.0022043872202587955
-0.37259358167648315 | [0.14] | -0.0020432596426212344
-0.3768868148326874 | [0.14] | -0.0018881663706358021
-0.3820390999317169 | [0.13] | -0.0017401014229404068
-0.38802358508110046 | [0.13] | -0.0015999134973701844
-0.3948073387145996 | [0.12] | -0.0014683015903661138
-0.40235140919685364 | [0.12] | -0.0013458140511486152
-0.4106109142303467 | [0.11] | -0.0012328512159369054
-0.4195351302623749 | [0.11] | -0.0011296716427921097
-0.42906779050827026 | [0.1] | -0.001036402186684715
-0.4391472637653351 | [0.1] | -0.0009530521161831885
-0.44970691204071045 | [0.09] | -0.0008795305367002518
-0.46067556738853455 | [0.09] | -0.00081566730847213
-0.4719778597354889 | [0.09] | -0.0007612366223795778
-0.48353490233421326 | [0.08] | -0.0007159814943801337
-0.49526476860046387 | [0.08] | -0.0006796398412371382
-0.5070832371711731 | [0.08] | -0.0006519691589913346
-0.5189043879508972 | [0.08] | -0.0006327699446532613
-0.5306414365768433 | [0.08] | -0.0006219055825297352
-0.5422073602676392 | [0.08] | -0.0006193189500129405
-0.5535157322883606 | [0.08] | -0.0006250435562842542
-0.5644814968109131 | [0.08] | -0.000639209494463758
-0.5750214457511902 | [0.08] | -0.0006620441831258906
-0.5850552320480347 | [0.08] | -0.0006938661711328481
-0.5945057272911072 | [0.09] | -0.0007350750355757293
-0.6032997965812683 | [0.09] | -0.000786135132239762
-0.6113688349723816 | [0.09] | -0.0008475557498563984
-0.6186490654945374 | [0.1] | -0.0009198679304643935
-0.6250821948051453 | [0.1] | -0.0010035978392808622
-0.6306155920028687 | [0.1] | -0.0010992390570875215
-0.6352028250694275 | [0.11] | -0.0012072229553096643
-0.6388037800788879 | [0.12] | -0.0013278894181615148
-0.6413849592208862 | [0.12] | -0.0014614572487630408
-0.642919659614563 | [0.13] | -0.0016079954965590587
-0.6433882117271423 | [0.13] | -0.0017673959274871276
-0.6427781581878662 | [0.14] | -0.001939347579554883
-0.6410843133926392 | [0.15] | -0.0021233141873686005
-0.6383088827133179 | [0.15] | -0.0023185147562323786
-0.6344615817070007 | [0.16] | -0.002523908346011292
-0.6295597553253174 | [0.17] | -0.002738183741064858
-0.6236283183097839 | [0.17] | -0.002959756266499476
-0.6166998147964478 | [0.18] | -0.003186770693614307
-0.6088143587112427 | [0.18] | -0.0034171134658659476
-0.6000193953514099 | [0.19] | -0.003648433253464398
-0.5903698205947876 | [0.2] | -0.0038781703823247446
-0.579927384853363 | [0.2] | -0.004103598442137223
-0.5687606334686279 | [0.21] | -0.0043218716232836405
-0.5569443702697754 | [0.21] | -0.004530083696865478
-0.5445591807365417 | [0.22] | -0.004725331359311643
-0.5316908359527588 | [0.22] | -0.004904784150803
-0.5184295773506165 | [0.23] | -0.005065755677266807
-0.5048694610595703 | [0.23] | -0.005205772746504866
-0.4911075234413147 | [0.23] | -0.005322642537877649
-0.4772428274154663 | [0.23] | -0.005414511536416832
-0.46337562799453735 | [0.23] | -0.005479914510181818
-0.4496065080165863 | [0.23] | -0.005517810737020884
-0.4360354542732239 | [0.24] | -0.0055276076039582345
-0.422760933637619 | [0.23] | -0.005509169292030152
-0.4098791182041168 | [0.23] | -0.005462810656834838
-0.3974831700325012 | [0.23] | -0.0053892776079989034
-0.3856624662876129 | [0.23] | -0.005289717411894648
-0.3745020031929016 | [0.23] | -0.005165638231739952
-0.3640819489955902 | [0.22] | -0.005018861282350991
-0.35447707772254944 | [0.22] | -0.004851470319392366
-0.34575650095939636 | [0.22] | -0.00466575799750335
-0.3379833698272705 | [0.21] | -0.004464172777981823
-0.33121457695961 | [0.21] | -0.004249268578333487
-0.3255006670951843 | [0.2] | -0.004023656810136882
-0.32088568806648254 | [0.19] | -0.003789963369718899
-0.3174070417881012 | [0.19] | -0.00355078998495526
-0.3150954246520996 | [0.18] | -0.003308679605730272
-0.3139747381210327 | [0.18] | -0.0030660862557432104
-0.3140619993209839 | [0.17] | -0.002825348187286452
-0.3153671622276306 | [0.16] | -0.002588664065289665
-0.3178931176662445 | [0.15] | -0.0023580708282758527
-0.3216354548931122 | [0.15] | -0.0021354239918815686
-0.3265823423862457 | [0.14] | -0.001922379158741898
-0.332714319229126 | [0.13] | -0.001720375163464696
-0.34000420570373535 | [0.12] | -0.0015306187012807304
-0.34841692447662354 | [0.12] | -0.0013540720945300533
-0.35790929198265076 | [0.11] | -0.0011914444397764146
-0.3684300482273102 | [0.1] | -0.001043187033824533
-0.37991979718208313 | [0.1] | -0.000909495039280759
-0.3923110365867615 | [0.09] | -0.000790316188754848
-0.40552830696105957 | [0.08] | -0.0006853675929702917
-0.4194885492324829 | [0.08] | -0.0005941606284767247
-0.4341013431549072 | [0.07] | -0.000516035674943402
-0.4492695927619934 | [0.07] | -0.0004502039107834865
-0.4648900628089905 | [0.06] | -0.0003957962910546179
-0.48085418343544006 | [0.06] | -0.00035191729118133424
-0.4970490336418152 | [0.06] | -0.0003177006893202446
-0.5133582353591919 | [0.05] | -0.0002923641601308983
-0.5296631455421448 | [0.05] | -0.000275260128178326
-0.5458438992500305 | [0.05] | -0.0002659196806640421
-0.561780571937561 | [0.05] | -0.00026408618854833506
-0.5773544311523438 | [0.05] | -0.000269737901644146
-0.5924489498138428 | [0.05] | -0.00028309784636622694
-0.6069509387016296 | [0.06] | -0.0003046308752328406
-0.6207515001296997 | [0.06] | -0.00033502857682054426
-0.633746862411499 | [0.06] | -0.00037518381712375604
-0.6458391547203064 | [0.07] | -0.00042615609780894043
-0.6569371819496155 | [0.07] | -0.0004891301843181359
-0.6669567227363586 | [0.08] | -0.0005653703835349548
-0.6758211255073547 | [0.08] | -0.000656171894397809
-0.683461606502533 | [0.09] | -0.0007628107222254368
-0.6898175477981567 | [0.09] | -0.0008864937397040911
-0.6948366165161133 | [0.1] | -0.0010283094482146816
-0.6984750628471375 | [0.11] | -0.0011891791889007226
-0.7006977200508118 | [0.12] | -0.0013698101570227615
-0.7014781832695007 | [0.13] | -0.0015706489175702134
-0.7007989883422852 | [0.13] | -0.0017918362018403409
-0.6986517310142517 | [0.14] | -0.0020331633825617676
-0.6950371861457825 | [0.15] | -0.0022940313279535807
-0.6899656057357788 | [0.16] | -0.0025734119556428555
-0.6834568381309509 | [0.17] | -0.0028698161373951242
-0.6755404472351074 | [0.18] | -0.0031812683240826506
-0.6662560105323792 | [0.19] | -0.0035052913967011344
-0.655653178691864 | [0.2] | -0.0038389053648645033
-0.6437917351722717 | [0.2] | -0.004178642212210373
-0.6307415962219238 | [0.21] | -0.00452057969340765
-0.6165827512741089 | [0.22] | -0.0048603964697342674
-0.6014048457145691 | [0.23] | -0.005193450746612231
-0.5853068232536316 | [0.23] | -0.0055148794532616325
-0.5683963894844055 | [0.24] | -0.00581971867558669
-0.5507891178131104 | [0.25] | -0.006103038491996517
-0.5326075553894043 | [0.25] | -0.006360089952772931
-0.5139801502227783 | [0.26] | -0.0065864519582582715
-0.4950399398803711 | [0.26] | -0.006778174760413838
-0.4759231209754944 | [0.26] | -0.006931910493470596
-0.456767737865448 | [0.27] | -0.007045017213938909
-0.4377121031284332 | [0.27] | -0.007115639347593206
-0.41889336705207825 | [0.27] | -0.007142753350470818
-0.40044617652893066 | [0.27] | -0.007126178064643971
-0.3825013339519501 | [0.27] | -0.007066551825545989
-0.3651846647262573 | [0.26] | -0.006965280141840765
-0.34861600399017334 | [0.26] | -0.006824455525309557
-0.33290842175483704 | [0.26] | -0.006646762918143347
-0.3181675374507904 | [0.25] | -0.006435369440260814
-0.30449119210243225 | [0.25] | -0.006193813737995417
-0.29196903109550476 | [0.24] | -0.0059258974619425114
-0.2806824743747711 | [0.24] | -0.00563558254677049
-0.2707046568393707 | [0.23] | -0.0053269029411715275
-0.26210054755210876 | [0.22] | -0.005003888022987941
-0.2549270689487457 | [0.22] | -0.00467050116398624
-0.24923326075077057 | [0.21] | -0.004330592242934968
-0.24506044387817383 | [0.2] | -0.003987861717780789
-0.24244235455989838 | [0.19] | -0.003645834942493197
-0.24140523374080658 | [0.18] | -0.003307842678638552
-0.24196785688400269 | [0.17] | -0.0029770059899511757
-0.24414141476154327 | [0.16] | -0.0026562225314890344
-0.2479293942451477 | [0.15] | -0.002348151185476439
-0.25332728028297424 | [0.14] | -0.002055193942630583
-0.2603222727775574 | [0.13] | -0.001779473292415716
-0.26889273524284363 | [0.12] | -0.0015228059174458512
-0.27900785207748413 | [0.11] | -0.001286671607139454
-0.29062700271606445 | [0.1] | -0.0010721811974782926
-0.3036993145942688 | [0.09] | -0.0008800443917277982
-0.31816309690475464 | [0.08] | -0.0007105430404855916
-0.33394551277160645 | [0.08] | -0.0005635123295889875
-0.35096222162246704 | [0.07] | -0.0004383354894159697
-0.36911728978157043 | [0.06] | -0.000333956414357463
-0.3883032500743866 | [0.05] | -0.00024891288553719056
-0.4084014594554901 | [0.04] | -0.00018139349545802453
-0.42928266525268555 | [0.04] | -0.0001293179472589348
-0.4508078992366791 | [0.03] | -9.04380384357235e-05
-0.4728296101093292 | [0.02] | -6.245542553871884e-05
-0.49519312381744385 | [0.02] | -4.314851937081795e-05
-0.5177382826805115 | [0.02] | -3.0500079414419572e-05
-0.5403012037277222 | [0.02] | -2.281610967021406e-05
-0.5627162456512451 | [0.01] | -1.8827036040806076e-05
-0.5848180055618286 | [0.01] | -1.776373855723442e-05
-0.6064431667327881 | [0.01] | -1.9403368061616826e-05
-0.6274325251579285 | [0.02] | -2.4082689190857433e-05
-0.647632360458374 | [0.02] | -3.268031506940133e-05
-0.6668961644172668 | [0.02] | -4.657139672969022e-05
-0.685085654258728 | [0.03] | -6.756056427481798e-05
-0.7020718455314636 | [0.03] | -9.780027622118074e-05
-0.7177355885505676 | [0.04] | -0.00013970144145457076
-0.7319681644439697 | [0.04] | -0.000195842849473106
-0.7446714043617249 | [0.05] | -0.0002688837650022383
-0.755757749080658 | [0.06] | -0.0003614836063578944
-0.7651500701904297 | [0.07] | -0.0004762293685493629
-0.7727817296981812 | [0.08] | -0.0006155704276260008
-0.7785961031913757 | [0.09] | -0.0007817596298515532
-0.7825465202331543 | [0.1] | -0.0009767974040581764
-0.7845960855484009 | [0.11] | -0.0012023761245332169
-0.7847176790237427 | [0.12] | -0.0014598216914811111
-0.7828938961029053 | [0.13] | -0.001750030440249962
-0.779117226600647 | [0.14] | -0.0020733991327295197
-0.7733904123306274 | [0.16] | -0.0024297480021103894
-0.7657268047332764 | [0.17] | -0.0028182386008112383
-0.7561509609222412 | [0.18] | -0.003237289212002146
-0.7446991801261902 | [0.19] | -0.0036844937320465836
-0.7314201593399048 | [0.2] | -0.004156549692961394
-0.7163757085800171 | [0.22] | -0.004649206613409057
-0.6996412873268127 | [0.23] | -0.005157242179014822
-0.6813064217567444 | [0.24] | -0.005674478169034317
-0.6614750623703003 | [0.25] | -0.006193846688130013
-0.6402655243873596 | [0.26] | -0.006707510353642799
-0.6178103089332581 | [0.27] | -0.007207042753343426
-0.5942551493644714 | [0.28] | -0.0076836693333092055
-0.5697582364082336 | [0.29] | -0.00812855429302841
-0.5444886088371277 | [0.29] | -0.00853312367125873
-0.5186241865158081 | [0.3] | -0.008889405980388992
-0.49234986305236816 | [0.3] | -0.009190357547116319
-0.46585485339164734 | [0.31] | -0.00943015941735667
-0.439330130815506 | [0.31] | -0.009604448248218824
-0.4129658341407776 | [0.31] | -0.00971047349388648
-0.38694870471954346 | [0.31] | -0.009747161045615951
-0.3614596724510193 | [0.31] | -0.009715087072296118
-0.33667176961898804 | [0.31] | -0.00961636527062827
-0.31274834275245667 | [0.31] | -0.009454462413129514
-0.2898416817188263 | [0.3] | -0.00923396384535707
-0.26809218525886536 | [0.3] | -0.008960310971938073
-0.24762777984142303 | [0.29] | -0.008639531227502563
-0.22856377065181732 | [0.29] | -0.008277982514039627
-0.2110031545162201 | [0.28] | -0.007882128107650438
-0.19503703713417053 | [0.27] | -0.007458349415419963
-0.18074539303779602 | [0.26] | -0.007012803588973254
-0.16819791495800018 | [0.26] | -0.006551325133740041
-0.1574549376964569 | [0.25] | -0.006079370547524034
-0.14856834709644318 | [0.24] | -0.005601997164716052
-0.14158250391483307 | [0.23] | -0.0051238704989738666
-0.13653497397899628 | [0.22] | -0.004649292987046176
-0.13345719873905182 | [0.2] | -0.004182243742563392
-0.13237495720386505 | [0.19] | -0.003726424221967988
-0.13330860435962677 | [0.18] | -0.00328530119910824
-0.1362730860710144 | [0.17] | -0.0028621417968866915
-0.14127779006958008 | [0.16] | -0.0024600345527835705
-0.14832602441310883 | [0.14] | -0.0020818932717429454
-0.15741437673568726 | [0.13] | -0.0017304389912766328
-0.16853177547454834 | [0.12] | -0.0014081593012912502
-0.18165840208530426 | [0.11] | -0.001117244109529602
-0.19676432013511658 | [0.09] | -0.000859500178967013
-0.2138081192970276 | [0.08] | -0.0006362477898679546
-0.23273538053035736 | [0.07] | -0.00044820782453399956
-0.25347721576690674 | [0.05] | -0.00029538838958281934
-0.2759488821029663 | [0.04] | -0.00017698438281899288
-0.3000485897064209 | [0.03] | -9.130565811276743e-05
-0.3256567120552063 | [0.02] | -3.574825282778596e-05
-0.35263532400131226 | [0.01] | -6.823687672188605e-06
-0.38082829117774963 | [-0.] | -2.5663550572187224e-07
-0.4100619852542877 | [-0.01] | -1.115485897006604e-05
-0.44014668464660645 | [-0.02] | -3.4246885803740705e-05
-0.4708785116672516 | [-0.03] | -6.417334632708705e-05
-0.5020421147346497 | [-0.03] | -9.580876164119167e-05
-0.5334137082099915 | [-0.04] | -0.00012458432613015536
-0.5647646188735962 | [-0.04] | -0.00014677930192741884
-0.5958650708198547 | [-0.04] | -0.00015975191322987803
-0.626487672328949 | [-0.04] | -0.0001620863832931821
-0.6564112305641174 | [-0.04] | -0.00015364542901457614
-0.6854236125946045 | [-0.04] | -0.00013552852217239893
-0.7133246660232544 | [-0.03] | -0.00010994847467309423
-0.7399280667304993 | [-0.03] | -8.004752446789542e-05
-0.7650629878044128 | [-0.02] | -4.9679050718083565e-05
-0.7885746359825134 | [-0.02] | -2.318006683775798e-05
-0.8103246092796326 | [-0.01] | -5.1583502818009e-06
-0.8301904201507568 | [0.] | -3.0946738313364757e-07
-0.8480649590492249 | [0.01] | -1.3273954514247956e-05
-0.8638551831245422 | [0.02] | -4.853696504115451e-05
-0.8774811029434204 | [0.03] | -0.00011036738538407714
-0.8888742923736572 | [0.05] | -0.0002027890920150482
-0.8979766368865967 | [0.06] | -0.0003295747089059188
-0.904739260673523 | [0.07] | -0.0004942508646219173
-0.9091212749481201 | [0.08] | -0.0007001043466744473
-0.9110891819000244 | [0.1] | -0.0009501782645500447
-0.9106164574623108 | [0.11] | -0.0012472494946255176
-0.9076831340789795 | [0.13] | -0.001593780275958346
-0.9022762179374695 | [0.14] | -0.0019918360428173047
-0.8943901658058167 | [0.16] | -0.002442966953602624
-0.8840278387069702 | [0.17] | -0.0029480505652317527
-0.8712015151977539 | [0.19] | -0.0035070976302724343
-0.855934739112854 | [0.2] | -0.004119026043381042
-0.8382639288902283 | [0.22] | -0.0047814140314314385
-0.8182403445243835 | [0.23] | -0.0054902512659019895
-0.7959321737289429 | [0.25] | -0.006239708040998184
-0.7714266180992126 | [0.26] | -0.007021955896426846
-0.744831383228302 | [0.28] | -0.007827074007404098
-0.7162764072418213 | [0.29] | -0.008643074850513171
-0.6859145164489746 | [0.31] | -0.009456083188764517
-0.6539215445518494 | [0.32] | -0.010250693307639475
-0.620495617389679 | [0.33] | -0.011010503946015859
-0.5858554244041443 | [0.34] | -0.011718815509645228
-0.5502375364303589 | [0.35] | -0.012359446159703545
-0.5138927102088928 | [0.36] | -0.01291760198214284
-0.4770815670490265 | [0.37] | -0.01338070759218241
-0.4400694668292999 | [0.37] | -0.01373912014426103
-0.40312132239341736 | [0.37] | -0.013986638739436003
-0.3664962351322174 | [0.38] | -0.014120756266074331
-0.3304426074028015 | [0.38] | -0.014142623933862258
-0.2951938211917877 | [0.37] | -0.01405676730671527
-0.2609647512435913 | [0.37] | -0.013870569188476796
-0.22794921696186066 | [0.37] | -0.013593611771215212
-0.19631850719451904 | [0.36] | -0.013236953605923127
-0.16622085869312286 | [0.36] | -0.012812408111743195
-0.13778185844421387 | [0.35] | -0.0123318982767492
-0.11110556125640869 | [0.34] | -0.011806919167726375
-0.08627624809741974 | [0.34] | -0.011248134129007159
-0.06336058676242828 | [0.33] | -0.0106651077959972
-0.04241003841161728 | [0.32] | -0.010066164089560346
-0.023463372141122818 | [0.31] | -0.009458351316507135
-0.006549198646098375 | [0.3] | -0.008847488979732181
0.008311628364026546 | [0.29] | -0.00823827548746694
0.021103769540786743 | [0.28] | -0.007634433718561883
0.03181537613272667 | [0.27] | -0.007038878899059179
0.04043632373213768 | [0.25] | -0.00645389300336106
0.046956710517406464 | [0.24] | -0.005881300392058758
0.05136563628911972 | [0.23] | -0.0053226329979176035
0.05365024507045746 | [0.22] | -0.0047792851478305216
0.053795091807842255 | [0.21] | -0.004252652801967993
0.051781751215457916 | [0.19] | -0.0037442562092081
0.0475887693464756 | [0.18] | -0.0032558438887755033
0.04119187965989113 | [0.17] | -0.002789475437658546
0.03256458044052124 | [0.15] | -0.0023475793084398564
0.021679028868675232 | [0.14] | -0.0019329814653233715
0.008507310412824154 | [0.12] | -0.0015488988281635134
-0.006976911798119545 | [0.11] | -0.001198889661747294
-0.024796346202492714 | [0.09] | -0.0008867545521990423
-0.044967614114284515 | [0.08] | -0.0006163800299297288
-0.06749840825796127 | [0.06] | -0.00039152019663897915
-0.09238426387310028 | [0.05] | -0.00021551536685676805
-0.11960507929325104 | [0.03] | -9.095522668640821e-05
-0.14912143349647522 | [0.01] | -1.930149117571885e-05
-0.1808709353208542 | [-0.] | -4.991474927606987e-07
-0.21476468443870544 | [-0.02] | -3.261720858745813e-05
-0.25068435072898865 | [-0.03] | -0.0001115721202894271
-0.28847983479499817 | [-0.05] | -0.00023099295293901577
-0.32796815037727356 | [-0.06] | -0.000382284154429332
-0.36893367767333984 | [-0.07] | -0.0005549257653369898
-0.41112974286079407 | [-0.09] | -0.0007370248662521213
-0.4542821943759918 | [-0.1] | -0.0009160862559005608
-0.4980943500995636 | [-0.1] | -0.0010799344575419586
-0.5422534942626953 | [-0.11] | -0.0012176742355827445
-0.5864382982254028 | [-0.11] | -0.0013205626384929004
-0.6303269863128662 | [-0.12] | -0.001382670838215454
-0.67360520362854 | [-0.12] | -0.0014012426217213882
-0.7159734964370728 | [-0.12] | -0.001376715828539333
-0.7571537494659424 | [-0.11] | -0.0013124206439772846
-0.7968940138816833 | [-0.11] | -0.0012140317256131678
-0.8349719047546387 | [-0.1] | -0.001088871395793509
-0.8711961507797241 | [-0.1] | -0.0009451758654252992
-0.905406653881073 | [-0.09] | -0.0007914186382747047
-0.9374734163284302 | [-0.08] | -0.0006357593777567858
-0.9672939777374268 | [-0.07] | -0.0004856525051956463
-0.9947905540466309 | [-0.06] | -0.00034762023155426316
-1.0199064016342163 | [-0.05] | -0.00022717326486003275
-1.0426021814346313 | [-0.04] | -0.0001288487933629784
-1.0628520250320435 | [-0.02] | -5.6331062280854505e-05
-1.080640196800232 | [-0.01] | -1.2623554228623664e-05
-1.0959577560424805 | [0.] | -2.440223613584588e-07
-1.108799695968628 | [0.01] | -2.1423181580107824e-05
-1.1191623210906982 | [0.03] | -7.829267619504873e-05
-1.127040982246399 | [0.04] | -0.00017305417382626714
-1.1324286460876465 | [0.06] | -0.000308124350721896
-1.1353142261505127 | [0.07] | -0.0004862537650701406
-1.1356821060180664 | [0.08] | -0.0007106167075180071
-1.1335110664367676 | [0.1] | -0.0009848716290077873
-1.1287745237350464 | [0.11] | -0.0013131863688179216
-1.1214406490325928 | [0.13] | -0.0017002240733808066
-1.1114728450775146 | [0.15] | -0.002151081574495035
-1.0988314151763916 | [0.16] | -0.002671167260774672
-1.0834747552871704 | [0.18] | -0.003266008590852444
-1.0653618574142456 | [0.2] | -0.003940971187892221
-1.04445481300354 | [0.22] | -0.0047008780906422735
-1.0207226276397705 | [0.24] | -0.005549515614273495
-0.9941450357437134 | [0.25] | -0.00648902449902057
-0.964716911315918 | [0.27] | -0.007519188494487319
-0.9324536323547363 | [0.29] | -0.008636646509120811
-0.8973962068557739 | [0.31] | -0.009834094499207535
-0.8596165776252747 | [0.33] | -0.011099562700130794
-0.8192227482795715 | [0.35] | -0.012415894872945664
-0.7763625979423523 | [0.37] | -0.013760572825878349
-0.7312268614768982 | [0.39] | -0.015106026067984862
-0.684049665927887 | [0.41] | -0.0164205543907621
-0.635107159614563 | [0.42] | -0.01766989251342892
-0.584713339805603 | [0.43] | -0.018819358233362622
-0.5332130193710327 | [0.45] | -0.019836393641452316
-0.4809724986553192 | [0.45] | -0.02069319027801658
-0.428368479013443 | [0.46] | -0.021369032556022474
-0.37577560544013977 | [0.47] | -0.021851990599266846
-0.32355421781539917 | [0.47] | -0.022139714763510236
-0.27203893661499023 | [0.47] | -0.02223922255914311
-0.22152890264987946 | [0.47] | -0.02216576165025467
-0.17228059470653534 | [0.47] | -0.021940992034662987
-0.12450312823057175 | [0.46] | -0.021590797953185747
-0.0783563032746315 | [0.46] | -0.02114307119364077
-0.03395099937915802 | [0.45] | -0.02062573659223564
0.008648494258522987 | [0.45] | -0.02006519666745585
0.04942074418067932 | [0.44] | -0.019485259914626765
0.0883825495839119 | [0.43] | -0.01890655854677621
0.1255839467048645 | [0.43] | -0.01834635888649676
0.16110317409038544 | [0.42] | -0.017818682639359564
0.19504192471504211 | [0.42] | -0.017334644491401166
0.22752109169960022 | [0.41] | -0.016902892748711575
0.25867706537246704 | [0.41] | -0.01653010525528562
0.28865864872932434 | [0.4] | -0.01622148336173469
0.31762462854385376 | [0.4] | -0.015981215450423244
0.3457418978214264 | [0.4] | -0.015812896615612165
0.37318411469459534 | [0.4] | -0.01571989999950275
0.40013083815574646 | [0.4] | -0.01570569665517461
0.4267670512199402 | [0.4] | 99.98422585970903
Total reward: 98.00790971747391
0.1, 5.8, 0.2
parameter ends

state | action | reward
[-0.42] | [0.16] | -0.002510876411296441
-0.4159849286079407 | [0.16] | -0.002407360368589716
-0.4171048104763031 | [0.15] | -0.0023041501721675454
-0.41878217458724976 | [0.15] | -0.0022020501627583976
-0.42101019620895386 | [0.14] | -0.0021018194032273174
-0.42377805709838867 | [0.14] | -0.002004165506158894
-0.42707109451293945 | [0.14] | -0.0019097389064114273
-0.4308707118034363 | [0.13] | -0.0018191295128287136
-0.4351545572280884 | [0.13] | -0.0017328639954925032
-0.43989652395248413 | [0.13] | -0.0016514051137018527
-0.445066899061203 | [0.13] | -0.0015751524539970635
-0.45063257217407227 | [0.12] | -0.0015044440860584305
-0.45655715465545654 | [0.12] | -0.0014395605272135856
-0.4628011882305145 | [0.12] | -0.001380729227421886
-0.46932244300842285 | [0.12] | -0.0013281304646872967
-0.4760760962963104 | [0.11] | -0.0012819041035539431
-0.48301512002944946 | [0.11] | -0.0012421567367826767
-0.49009060859680176 | [0.11] | -0.0012089692525194661
-0.49725204706192017 | [0.11] | -0.0011824047461792388
-0.5044477581977844 | [0.11] | -0.0011625152326962002
-0.5116252899169922 | [0.11] | -0.0011493484120910292
-0.5187318325042725 | [0.11] | -0.0011429531261734427
-0.5257145166397095 | [0.11] | -0.0011433836873764724
-0.5325208902359009 | [0.11] | -0.0011507024741650726
-0.5390994548797607 | [0.11] | -0.0011649805807730199
-0.5453999042510986 | [0.11] | -0.0011862975426001033
-0.5513736009597778 | [0.11] | -0.0012147384135755477
-0.556973934173584 | [0.11] | -0.0012503895133969792
-0.562156617641449 | [0.11] | -0.0012933326706369439
-0.5668801665306091 | [0.12] | -0.0013436371768653767
-0.5711061358451843 | [0.12] | -0.001401351331488232
-0.5747994780540466 | [0.12] | -0.0014664926163052796
-0.5779286623001099 | [0.12] | -0.0015390375682694717
-0.580466091632843 | [0.13] | -0.0016189105083702577
-0.5823882222175598 | [0.13] | -0.0017059730720775847
-0.5836758017539978 | [0.13] | -0.0018000135083757207
-0.5843139886856079 | [0.14] | -0.0019007370508430932
-0.5842925310134888 | [0.14] | -0.0020077570255051464
-0.5836058259010315 | [0.15] | -0.0021205876667480597
-0.5822530388832092 | [0.15] | -0.002238638400853058
-0.5802381634712219 | [0.15] | -0.002361210337664147
-0.5775700807571411 | [0.16] | -0.0024874950897165447
-0.5742623805999756 | [0.16] | -0.0026165770324995145
-0.5703335404396057 | [0.17] | -0.002747436968426162
-0.5658066868782043 | [0.17] | -0.002878960411203268
-0.5607095956802368 | [0.17] | -0.0030099480356000647
-0.5550745129585266 | [0.18] | -0.0031391298176246837
-0.548937976360321 | [0.18] | -0.0032651818392841515
-0.5423405170440674 | [0.18] | -0.003386746623600584
-0.5353265404701233 | [0.19] | -0.003502454660354036
-0.5279439091682434 | [0.19] | -0.0036109488411773445
-0.5202436447143555 | [0.19] | -0.003710909879015472
-0.5122795701026917 | [0.19] | -0.0038010815900699846
-0.5041079521179199 | [0.2] | -0.0038802964520420185
-0.4957869350910187 | [0.2] | -0.003947500746142198
-0.48737624287605286 | [0.2] | -0.0040017756033052425
-0.4789366126060486 | [0.2] | -0.004042357589195023
-0.47052937746047974 | [0.2] | -0.004068654864255944
-0.4622159004211426 | [0.2] | -0.004080258866418903
-0.4540572166442871 | [0.2] | -0.004076952792181006
-0.4461134374141693 | [0.2] | -0.004058714985703822
-0.4384433925151825 | [0.2] | -0.00402571794440195
-0.4311041235923767 | [0.2] | -0.003978322696464874
-0.4241505265235901 | [0.2] | -0.003917069791928864
-0.41763487458229065 | [0.2] | -0.0038426667089948236
-0.4116066098213196 | [0.19] | -0.0037559713445338896
-0.40611186623573303 | [0.19] | -0.0036579747330432125
-0.4011932611465454 | [0.19] | -0.0035497805494720904
-0.3968895971775055 | [0.19] | -0.0034325846944048798
-0.39323562383651733 | [0.18] | -0.003307653733411384
-0.39026182889938354 | [0.18] | -0.0031763033844013143
-0.38799425959587097 | [0.17] | -0.003039877458606923
-0.38645437359809875 | [0.17] | -0.002899727649708661
-0.385658860206604 | [0.17] | -0.0027571943962726637
-0.38561955094337463 | [0.16] | -0.0026135888057472667
-0.3863433003425598 | [0.16] | -0.0024701761786155418
-0.3878318667411804 | [0.15] | -0.0023281611221585056
-0.39008188247680664 | [0.15] | -0.0021886741072845626
-0.3930847942829132 | [0.14] | -0.0020527600467310572
-0.396826833486557 | [0.14] | -0.0019213686679009055
-0.4012889862060547 | [0.13] | -0.0017953472042641907
-0.40644705295562744 | [0.13] | -0.001675434891327957
-0.4122716188430786 | [0.12] | -0.0015622604613735815
-0.41872820258140564 | [0.12] | -0.0014563414392282717
-0.4257773756980896 | [0.12] | -0.0013580867084830714
-0.43337494134902954 | [0.11] | -0.001267801153756922
-0.44147205352783203 | [0.11] | -0.0011856937500225432
-0.4500155746936798 | [0.11] | -0.0011118874476761134
-0.4589483141899109 | [0.1] | -0.0010464317577785819
-0.46820947527885437 | [0.1] | -0.00098931677790462
-0.47773492336273193 | [0.1] | -0.0009404895127576607
-0.487457811832428 | [0.09] | -0.0008998699722974983
-0.4973089396953583 | [0.09] | -0.0008673682605609357
-0.5072173476219177 | [0.09] | -0.0008429002008361763
-0.5171108245849609 | [0.09] | -0.0008264025620555907
-0.5269166231155396 | [0.09] | -0.0008178450742448457
-0.5365618467330933 | [0.09] | -0.0008172408149841082
-0.5459743142127991 | [0.09] | -0.0008246523414233303
-0.5550828576087952 | [0.09] | -0.000840195402245441
-0.563818097114563 | [0.09] | -0.0008640378018645678
-0.572113037109375 | [0.09] | -0.000896394946437566
-0.5799033641815186 | [0.1] | -0.0009375222271322198
-0.5871281623840332 | [0.1] | -0.0009877031226532514
-0.5937303304672241 | [0.1] | -0.0010472349911574243
-0.599656879901886 | [0.11] | -0.0011164124316118947
-0.6048594117164612 | [0.11] | -0.0011955084007771923
-0.6092945337295532 | [0.11] | -0.001284753712560662
-0.6129239201545715 | [0.12] | -0.001384316820557615
-0.6157149076461792 | [0.12] | -0.0014942817315137039
-0.6176404356956482 | [0.13] | -0.0016146277418772584
-0.6186793446540833 | [0.13] | -0.0017452091374022345
-0.618816614151001 | [0.14] | -0.0018857361502851921
-0.6180434226989746 | [0.14] | -0.0020357584141188993
-0.6163573265075684 | [0.15] | -0.0021946504296807764
-0.6137622594833374 | [0.15] | -0.0023616006683179415
-0.6102687120437622 | [0.16] | -0.0025356036935362037
-0.6058935523033142 | [0.16] | -0.002715457846413173
-0.6006602644920349 | [0.17] | -0.002899766316719799
-0.5945987105369568 | [0.18] | -0.003086945339885551
-0.5877451300621033 | [0.18] | -0.003275237411584655
-0.5801419615745544 | [0.19] | -0.0034627312392960137
-0.5718376040458679 | [0.19] | -0.0036473884763581904
-0.5628862977027893 | [0.2] | -0.003827075042885472
-0.5533475279808044 | [0.2] | -0.003999600800401553
-0.5432859659194946 | [0.2] | -0.004162760504577474
-0.5327708125114441 | [0.21] | -0.004314381812169622
-0.5218753218650818 | [0.21] | -0.004452372819126743
-0.5106762051582336 | [0.21] | -0.004574771916158726
-0.49925315380096436 | [0.22] | -0.004679793167852928
-0.4876880645751953 | [0.22] | -0.004765871926426338
-0.4760643243789673 | [0.22] | -0.00483170235763751
-0.4644661545753479 | [0.22] | -0.004876269310138879
-0.4529779255390167 | [0.22] | -0.004898871594416302
-0.4416833817958832 | [0.22] | -0.004899136421569792
-0.4306650459766388 | [0.22] | -0.004877024348168804
-0.4200034439563751 | [0.22] | -0.00483282525331551
-0.40977662801742554 | [0.22] | -0.004767145362610039
-0.40005946159362793 | [0.22] | -0.0046808874473037885
-0.39092326164245605 | [0.21] | -0.004575222767990682
-0.3824352025985718 | [0.21] | -0.004451560792942374
-0.3746580183506012 | [0.21] | -0.004311512690369837
-0.367649644613266 | [0.2] | -0.0041568548990203215
-0.36146286129951477 | [0.2] | -0.003989491894774721
-0.35614508390426636 | [0.2] | -0.003811418430820448
-0.35173821449279785 | [0.19] | -0.0036246838072871313
-0.34827837347984314 | [0.19] | -0.0034313587737993764
-0.34579578042030334 | [0.18] | -0.0032335040749915905
-0.3443146347999573 | [0.17] | -0.0030331417075069363
-0.3438529968261719 | [0.17] | -0.0028322289656622004
-0.3444226086139679 | [0.16] | -0.0026326351275938473
-0.3460288643836975 | [0.16] | -0.0024361198544724954
-0.34867069125175476 | [0.15] | -0.002244314295863429
-0.35234037041664124 | [0.14] | -0.0020587043449567656
-0.3570234775543213 | [0.14] | -0.0018806157543174694
-0.36269885301589966 | [0.13] | -0.0017112016012826735
-0.3693384528160095 | [0.12] | -0.0015514326448098862
-0.3769073188304901 | [0.12] | -0.0014020908717597219
-0.3853635787963867 | [0.11] | -0.0012637663127616384
-0.39465850591659546 | [0.11] | -0.0011368581522174157
-0.40473660826683044 | [0.1] | -0.0010215811351676459
-0.4155358076095581 | [0.1] | -0.0009179764978404651
-0.4269876480102539 | [0.09] | -0.0008259289108527408
-0.4390176236629486 | [0.09] | -0.0007451885327226985
-0.45154568552970886 | [0.08] | -0.0006753978361230405
-0.464486688375473 | [0.08] | -0.0006161232691204206
-0.4777509570121765 | [0.08] | -0.0005668895079195575
-0.4912450909614563 | [0.07] | -0.0005272153289417951
-0.5048725605010986 | [0.07] | -0.0004966496923092678
-0.5185347199440002 | [0.07] | -0.0004748052914796013
-0.5321314930915833 | [0.07] | -0.000461389284902595
-0.5455623865127563 | [0.07] | -0.0004562278247414155
-0.5587273240089417 | [0.07] | -0.00045928421997585526
-0.5715276598930359 | [0.07] | -0.00047066934039147375
-0.5838668346405029 | [0.07] | -0.0004906445194603003
-0.595651388168335 | [0.07] | -0.0005196156354567169
-0.606791615486145 | [0.07] | -0.0005581198211042587
-0.6172022819519043 | [0.08] | -0.0006068057718193142
-0.6268032789230347 | [0.08] | -0.0006664076950881519
-0.6355201005935669 | [0.09] | -0.0007377151059564672
-0.6432843804359436 | [0.09] | -0.000821538734886614
-0.6500341892242432 | [0.1] | -0.0009186748116576688
-0.6557145714759827 | [0.1] | -0.0010298670122656326
-0.6602776050567627 | [0.11] | -0.0011557691435944214
-0.663682758808136 | [0.11] | -0.0012969068358612526
-0.6658971309661865 | [0.12] | -0.00145364050610202
-0.6668955087661743 | [0.13] | -0.0016261295384268123
-0.6666606664657593 | [0.13] | -0.0018142977412696553
-0.6651834845542908 | [0.14] | -0.0020178013379235716
-0.6624630093574524 | [0.15] | -0.0022360002815716967
-0.6585065722465515 | [0.16] | -0.002467933314968352
-0.6533300876617432 | [0.16] | -0.0027122976537630097
-0.6469579935073853 | [0.17] | -0.0029674363561684267
-0.6394232511520386 | [0.18] | -0.0032313339686505637
-0.6307675838470459 | [0.19] | -0.003501620604539569
-0.6210412383079529 | [0.19] | -0.0037755892626920584
-0.6103029847145081 | [0.2] | -0.004050224756217606
-0.5986198782920837 | [0.21] | -0.004322247164553755
-0.5860669612884521 | [0.21] | -0.004588168672008572
-0.5727269649505615 | [0.22] | -0.004844362985265118
-0.5586897134780884 | [0.23] | -0.005087148123105057
-0.544051468372345 | [0.23] | -0.005312877186579914
-0.5289141535758972 | [0.23] | -0.005518035125126684
-0.5133846402168274 | [0.24] | -0.005699335747953658
-0.4975736141204834 | [0.24] | -0.005853817852517942
-0.48159465193748474 | [0.24] | -0.005978930968973468
-0.4655631184577942 | [0.25] | -0.006072609242878281
-0.44959500432014465 | [0.25] | -0.006133327182373032
-0.4338058829307556 | [0.25] | -0.006160139507141181
-0.4183098077774048 | [0.25] | -0.006152695539385019
-0.40321826934814453 | [0.25] | -0.006111236115899824
-0.38863927125930786 | [0.25] | -0.006036568885643501
-0.37467649579048157 | [0.24] | -0.00593002684071662
-0.36142855882644653 | [0.24] | -0.0057934129952685225
-0.34898844361305237 | [0.24] | -0.005628934874949247
-0.33744296431541443 | [0.23] | -0.005439133755976169
-0.3268723785877228 | [0.23] | -0.005226811398022273
-0.3173501193523407 | [0.22] | -0.004994959209213068
-0.30894267559051514 | [0.22] | -0.0047466897974130715
-0.3017093539237976 | [0.21] | -0.004485177028825328
-0.2957023084163666 | [0.21] | -0.004213601729061523
-0.2909665107727051 | [0.2] | -0.0039351051324746636
-0.28753966093063354 | [0.19] | -0.0036527502479352224
-0.285452276468277 | [0.18] | -0.003369488362889146
-0.2847275137901306 | [0.18] | -0.0030881317595564325
-0.2853812575340271 | [0.17] | -0.0028113290770905366
-0.2874218821525574 | [0.16] | -0.002541543951155835
-0.2908501625061035 | [0.15] | -0.002281034120940938
-0.2956590950489044 | [0.14] | -0.0020318312095168184
-0.3018335998058319 | [0.13] | -0.0017957204284460033
-0.3093503415584564 | [0.13] | -0.001574220108182601
-0.31817737221717834 | [0.12] | -0.001368562264830646
-0.3282738924026489 | [0.11] | -0.0011796745992132295
-0.33959001302719116 | [0.1] | -0.0010081661531537573
-0.3520665466785431 | [0.09] | -0.0008543188277629401
-0.3656349182128906 | [0.08] | -0.0007180867921085567
-0.380217045545578 | [0.08] | -0.0005991057081006757
-0.3957255780696869 | [0.07] | -0.000496713736866348
-0.4120641052722931 | [0.06] | -0.00040998632991360966
-0.42912757396698 | [0.06] | -0.0003377836362052206
-0.44680294394493103 | [0.05] | -0.0002788109173510215
-0.4649699926376343 | [0.05] | -0.00023168902262499545
-0.4835022985935211 | [0.04] | -0.00019503171848221364
-0.502268373966217 | [0.04] | -0.00016752658715536592
-0.5211328864097595 | [0.04] | -0.00014801262963040287
-0.5399581789970398 | [0.04] | -0.00013555152761220176
-0.5586056113243103 | [0.04] | -0.0001294865106593637
-0.5769370198249817 | [0.04] | -0.0001294859851771609
-0.5948160886764526 | [0.04] | -0.00013556859300130203
-0.612109899520874 | [0.04] | -0.00014810972252223033
-0.6286898851394653 | [0.04] | -0.000167829489794197
-0.6444332599639893 | [0.04] | -0.0001957635567835255
-0.659223735332489 | [0.05] | -0.00023322132277476824
-0.67295241355896 | [0.05] | -0.00028173295147585403
-0.6855183839797974 | [0.06] | -0.00034299033260750506
-0.6968293190002441 | [0.06] | -0.0004187843961683366
-0.7068016529083252 | [0.07] | -0.0005109420652605589
-0.7153608798980713 | [0.08] | -0.0006212638563055117
-0.7224417328834534 | [0.09] | -0.0007514641749994204
-0.727988064289093 | [0.1] | -0.0009031138797196804
-0.7319532036781311 | [0.1] | -0.0010775842952631485
-0.7342997789382935 | [0.11] | -0.001275993300836463
-0.7349998354911804 | [0.12] | -0.0014991514012849235
-0.7340348958969116 | [0.13] | -0.001747507610564084
-0.7313961386680603 | [0.14] | -0.0020210946300208157
-0.7270846366882324 | [0.15] | -0.002319473818864205
-0.7211115956306458 | [0.16] | -0.002641681449193574
-0.713498592376709 | [0.17] | -0.002986178571023457
-0.7042779326438904 | [0.18] | -0.003350807058440192
-0.6934929490089417 | [0.19] | -0.003732757236997096
-0.6811984181404114 | [0.2] | -0.004128549492391728
-0.6674606800079346 | [0.21] | -0.004534039672577304
-0.6523577570915222 | [0.22] | -0.0049444490726211895
-0.635979413986206 | [0.23] | -0.005354425143413586
-0.618427038192749 | [0.24] | -0.005758135936893916
-0.5998130440711975 | [0.25] | -0.006149400099246288
-0.5802604556083679 | [0.26] | -0.006521845016076679
-0.5599018931388855 | [0.26] | -0.006869096547970906
-0.5388784408569336 | [0.27] | -0.007184983792869583
-0.5173383355140686 | [0.27] | -0.0074637507061085
-0.4954354166984558 | [0.28] | -0.00770026220544077
-0.4733272194862366 | [0.28] | -0.007890190096025977
-0.4511732757091522 | [0.28] | -0.008030165740169019
-0.42913320660591125 | [0.28] | -0.00811788760706454
-0.4073648154735565 | [0.29] | -0.008152180804183293
-0.38602232933044434 | [0.29] | -0.008133002034203292
-0.36525484919548035 | [0.28] | -0.008061393501724476
-0.3452048897743225 | [0.28] | -0.007939391862083884
-0.32600727677345276 | [0.28] | -0.007769903154739199
-0.3077881932258606 | [0.27] | -0.007556551382451557
-0.2906646430492401 | [0.27] | -0.0073035177705571795
-0.2747439444065094 | [0.26] | -0.0070153782284859455
-0.26012375950813293 | [0.26] | -0.006696951353029642
-0.2468920350074768 | [0.25] | -0.006353163511399958
-0.235127255320549 | [0.24] | -0.005988934509039663
-0.2248988002538681 | [0.24] | -0.0056090890151110784
-0.21626733243465424 | [0.23] | -0.005218289822992991
-0.20928522944450378 | [0.22] | -0.004820995059437689
-0.20399700105190277 | [0.21] | -0.004421432091010309
-0.20043963193893433 | [0.2] | -0.004023586097420768
-0.19864284992218018 | [0.19] | -0.003631198108142822
-0.19862930476665497 | [0.18] | -0.003247767246773097
-0.20041456818580627 | [0.17] | -0.002876553210055574
-0.20400699973106384 | [0.16] | -0.002520574802538364
-0.2094075083732605 | [0.15] | -0.0021826010063311493
-0.21660910546779633 | [0.14] | -0.001865132852253455
-0.22559630870819092 | [0.13] | -0.0015703742489353058
-0.23634451627731323 | [0.11] | -0.0013001920940031012
-0.24881915748119354 | [0.1] | -0.0010560675862220559
-0.26297488808631897 | [0.09] | -0.0008390413084914065
-0.27875474095344543 | [0.08] | -0.000649657015039045
-0.2960892915725708 | [0.07] | -0.0004879106547852614
-0.31489595770835876 | [0.06] | -0.00035321215227145705
-0.33507847785949707 | [0.05] | -0.00024436722797696733
-0.35652658343315125 | [0.04] | -0.00015958724688229812
-0.3791159987449646 | [0.03] | -9.653346177435502e-05
-0.4027087986469269 | [0.02] | -5.239899464241963e-05
-0.42715421319007874 | [0.02] | -2.4028875013962255e-05
-0.4522896409034729 | [0.01] | -8.073961930535943e-06
-0.4779423475265503 | [0.] | -1.1697004938651669e-06
-0.5039312839508057 | [-0.] | -1.2744279418842624e-07
-0.5300693511962891 | [-0.] | -2.122973721305831e-06
-0.5561657547950745 | [-0.01] | -4.866242731198687e-06
-0.5820288062095642 | [-0.01] | -6.737828330673213e-06
-0.6074681878089905 | [-0.01] | -6.880818642838743e-06
-0.6322975754737854 | [-0.01] | -5.24208958427645e-06
-0.6563369631767273 | [-0.01] | -2.5624983820280587e-06
-0.6794145107269287 | [-0.] | -3.2083775714509306e-07
-0.7013682126998901 | [0.] | -6.409377681866559e-07
-0.7220471501350403 | [0.01] | -6.173863804983549e-06
-0.7413123250007629 | [0.01] | -1.9967818822440397e-05
-0.7590370774269104 | [0.02] | -4.5337613301039175e-05
-0.7751073241233826 | [0.03] | -8.574272287109747e-05
-0.7894212603569031 | [0.04] | -0.00014468051958571647
-0.801889181137085 | [0.05] | -0.00022559712537050284
-0.8124328255653381 | [0.06] | -0.00033181599549087187
-0.8209848999977112 | [0.07] | -0.0004664809880675771
-0.8274884819984436 | [0.08] | -0.000632509620336121
-0.8318964242935181 | [0.09] | -0.0008325510519584032
-0.8341711163520813 | [0.1] | -0.001068942142687164
-0.8342841267585754 | [0.12] | -0.0013436566208741337
-0.8322161436080933 | [0.13] | -0.0016582423932950908
-0.8279571533203125 | [0.14] | -0.002013743057073273
-0.8215068578720093 | [0.16] | -0.0024106023658985332
-0.8128751516342163 | [0.17] | -0.0028485521489277476
-0.8020829558372498 | [0.18] | -0.003326485882880928
-0.7891631722450256 | [0.2] | -0.0038423255727670427
-0.774161696434021 | [0.21] | -0.00439288975137274
-0.7571386694908142 | [0.22] | -0.004973775773148984
-0.7381693720817566 | [0.24] | -0.005579273500149998
-0.7173453569412231 | [0.25] | -0.006202325627281327
-0.6947751641273499 | [0.26] | -0.006834552713169174
-0.6705846786499023 | [0.27] | -0.007466361977852224
-0.6449173092842102 | [0.28] | -0.008087147742102445
-0.6179333925247192 | [0.29] | -0.008685587962756276
-0.5898093581199646 | [0.3] | -0.00925003036948192
-0.5607357621192932 | [0.31] | -0.009768953294908084
-0.530915379524231 | [0.32] | -0.010231465220970461
-0.5005603432655334 | [0.33] | -0.010627809187660816
-0.46988895535469055 | [0.33] | -0.01094982497727436
-0.4391222894191742 | [0.33] | -0.011191330164287252
-0.4084806442260742 | [0.34] | -0.011348379092695865
-0.37817999720573425 | [0.34] | -0.011419379993594946
-0.3484288454055786 | [0.34] | -0.011405063712892238
-0.3194252550601959 | [0.34] | -0.011308310857189011
-0.29135456681251526 | [0.33] | -0.01113386737823037
-0.26438766717910767 | [0.33] | -0.010887973522652146
-0.23867979645729065 | [0.33] | -0.010577955639342768
-0.21437008678913116 | [0.32] | -0.01021181233252088
-0.1915816366672516 | [0.31] | -0.009797831475722451
-0.17042198777198792 | [0.31] | -0.009344257067648685
-0.15098412334918976 | [0.3] | -0.008859027829057248
-0.13334769010543823 | [0.29] | -0.008349586547652242
-0.11758043617010117 | [0.28] | -0.007822762515924078
-0.10373971611261368 | [0.27] | -0.007284719136634893
-0.09187404811382294 | [0.26] | -0.006740953852698172
-0.08202456682920456 | [0.25] | -0.006196341594174833
-0.07422639429569244 | [0.24] | -0.0056552060841469675
-0.0685097798705101 | [0.23] | -0.005121411903033371
-0.06490109115839005 | [0.21] | -0.004598463021695482
-0.0634235069155693 | [0.2] | -0.004089601699122616
-0.06409746408462524 | [0.19] | -0.003597899607644415
-0.06694082170724869 | [0.18] | -0.003126334842705728
-0.07196871191263199 | [0.16] | -0.0026778492121480924
-0.0791931003332138 | [0.15] | -0.002255380569779556
-0.08862199634313583 | [0.14] | -0.0018618660985648965
-0.10025838017463684 | [0.12] | -0.001500212119201556
-0.11409880220890045 | [0.11] | -0.001173228128604806
-0.13013172149658203 | [0.09] | -0.0008835230492358943
-0.1483355462551117 | [0.08] | -0.0006333658161378814
-0.16867651045322418 | [0.07] | -0.00042451423083382565
-0.19110643863677979 | [0.05] | -0.0002580213813900615
-0.2155604362487793 | [0.04] | -0.00013403508696192333
-0.2419547289609909 | [0.02] | -5.160901934798186e-05
-0.2701847553253174 | [0.01] | -8.551308144639537e-06
-0.3001236617565155 | [-0.] | -1.3381056717721776e-06
-0.33162134885787964 | [-0.02] | -2.5118261285153133e-05
-0.3645043671131134 | [-0.03] | -7.383109416356385e-05
-0.398576557636261 | [-0.04] | -0.00014044743796953993
-0.43362078070640564 | [-0.05] | -0.00021732972875363604
-0.46940159797668457 | [-0.05] | -0.0002966870478574184
-0.5056688189506531 | [-0.06] | -0.0003710854713104624
-0.5421618223190308 | [-0.07] | -0.0004339600601776202
-0.5786144733428955 | [-0.07] | -0.00048006818439415977
-0.6147603392601013 | [-0.07] | -0.0005058340737786049
-0.6503376364707947 | [-0.07] | -0.0005095420919425434
-0.6850942373275757 | [-0.07] | -0.0004913679677812768
-0.7187916040420532 | [-0.07] | -0.0004532494170509697
-0.7512082457542419 | [-0.06] | -0.0003986319067080865
-0.7821421027183533 | [-0.06] | -0.00033212900536646136
-0.81141197681427 | [-0.05] | -0.000259148162604621
-0.8388580083847046 | [-0.04] | -0.0001855274023556035
-0.8643412590026855 | [-0.03] | -0.00011721818604661262
-0.8877426981925964 | [-0.02] | -6.003830105578596e-05
-0.9089615345001221 | [-0.01] | -1.9503281156957666e-05
-0.927913248538971 | [-0.] | -7.350554772246532e-07
-0.9445273876190186 | [0.01] | -8.436870312314512e-06
-0.9587454199790955 | [0.02] | -4.691972809193349e-05
-0.9705184698104858 | [0.03] | -0.00012016340520176195
-0.9798053503036499 | [0.05] | -0.00023189546553718834
-0.9865708947181702 | [0.06] | -0.00038567311223277516
-0.9907845258712769 | [0.08] | -0.000584954887957694
-0.9924191832542419 | [0.09] | -0.0008331511926818667
-0.9914506077766418 | [0.11] | -0.0011336442448541641
-0.9878572225570679 | [0.12] | -0.0014897685546534332
-0.9816202521324158 | [0.14] | -0.0019047451034189717
-0.9727244973182678 | [0.15] | -0.0023815616181334085
-0.961159348487854 | [0.17] | -0.0029227945858940974
-0.9469205737113953 | [0.19] | -0.003530367734760521
-0.9300122261047363 | [0.21] | -0.004205249182182326
-0.910449206829071 | [0.22] | -0.004947091454659806
-0.888260006904602 | [0.24] | -0.005753828435531556
-0.8634898662567139 | [0.26] | -0.006621254858604691
-0.8362038731575012 | [0.27] | -0.007542621793508671
-0.8064902424812317 | [0.29] | -0.008508301902280002
-0.7744630575180054 | [0.31] | -0.009505581910391872
-0.7402645945549011 | [0.32] | -0.010518646285523833
-0.7040666937828064 | [0.34] | -0.011528824002470746
-0.6660711169242859 | [0.35] | -0.012515124062608641
-0.6265085935592651 | [0.37] | -0.013455089498170234
-0.5856361985206604 | [0.38] | -0.014325929659362888
-0.5437334775924683 | [0.39] | -0.015105843692450473
-0.5010968446731567 | [0.4] | -0.015775411437304356
-0.45803308486938477 | [0.4] | -0.01631889318093096
-0.41485196352005005 | [0.41] | -0.01672526757357234
-0.3718585968017578 | [0.41] | -0.01698887985140918
-0.3293461203575134 | [0.41] | -0.017109622508369032
-0.28758901357650757 | [0.41] | -0.017092633514126467
-0.2468375861644745 | [0.41] | -0.01694758751449404
-0.20731395483016968 | [0.41] | -0.01668768440574093
-0.16920945048332214 | [0.4] | -0.016328486775143872
-0.13268356025218964 | [0.4] | -0.015886745712277044
-0.09786434471607208 | [0.39] | -0.015379339949025447
-0.06484990566968918 | [0.38] | -0.014822404204612775
-0.03371080383658409 | [0.38] | -0.014230677293576535
-0.004493076354265213 | [0.37] | -0.013617097186294067
0.022778399288654327 | [0.36] | -0.01299259316981607
0.04809638857841492 | [0.35] | -0.012366051935596837
0.07146783918142319 | [0.34] | -0.011744410330544316
0.09291058033704758 | [0.33] | -0.011132829941037363
0.11245029419660568 | [0.32] | -0.010534918471011106
0.13011778891086578 | [0.32] | -0.009952967309959978
0.14594657719135284 | [0.31] | -0.009388193222968997
0.15997079014778137 | [0.3] | -0.00884095844791206
0.17222341895103455 | [0.29] | -0.00831097277159556
0.18273480236530304 | [0.28] | -0.007797470966626705
0.19153138995170593 | [0.27] | -0.007299364910228772
0.19863471388816833 | [0.26] | -0.006815374404066122
0.20406052470207214 | [0.25] | -0.00634413919713109
0.2078181505203247 | [0.24] | -0.0058843155854216515
0.20990997552871704 | [0.23] | -0.0054346619246435504
0.2103310227394104 | [0.22] | -0.004994115976324875
0.2090686857700348 | [0.21] | -0.004561867142420249
0.20610255002975464 | [0.2] | -0.004137425983316046
0.2014043629169464 | [0.19] | -0.0037206929411450484
0.19493813812732697 | [0.18] | -0.0033120265371408236
0.18666036427021027 | [0.17] | -0.0029123116826840247
0.17652040719985962 | [0.16] | -0.002523024793181368
0.164461150765419 | [0.15] | -0.0021462950259623155
0.15041980147361755 | [0.13] | -0.001784953706490344
0.13432911038398743 | [0.12] | -0.00144256680806418
0.11611884832382202 | [0.11] | -0.0011234379123437265
0.09571773558855057 | [0.09] | -0.0008325708366111481
0.07305585592985153 | [0.08] | -0.0005755753676294507
0.04806758090853691 | [0.06] | -0.00035849859466868935
0.020695064216852188 | [0.04] | -0.00018756616515996883
-0.009107672609388828 | [0.03] | -6.881894155362895e-05
-0.041370123624801636 | [0.01] | -7.640099632331424e-06
-0.07610023766756058 | [-0.01] | -8.18059397832215e-06
-0.11327904462814331 | [-0.03] | -7.271104071083224e-05
-0.15285532176494598 | [-0.04] | -0.00020095441660870954
-0.19474056363105774 | [-0.06] | -0.0003894813081160554
-0.23880477249622345 | [-0.08] | -0.0006312758084197003
-0.2848735749721527 | [-0.1] | -0.0009155885279251595
-0.3327271640300751 | [-0.11] | -0.0012281855453072131
-0.38210156559944153 | [-0.12] | -0.001552060178604717
-0.4326924979686737 | [-0.14] | -0.001868595846080995
-0.4841618537902832 | [-0.15] | -0.002159088878783927
-0.5361467003822327 | [-0.16] | -0.0024064304550312355
-0.5882701277732849 | [-0.16] | -0.0025967059381966713
-0.6401532888412476 | [-0.16] | -0.002720442557422211
-0.6914274096488953 | [-0.17] | -0.002773309914537175
-0.741745114326477 | [-0.17] | -0.0027561710218581073
-0.7907900810241699 | [-0.16] | -0.0026745228670944903
-0.8382841944694519 | [-0.16] | -0.0025374687472742847
-0.8839923739433289 | [-0.15] | -0.002356434673065213
-0.9277245402336121 | [-0.15] | -0.0021438554289597176
-0.9693351984024048 | [-0.14] | -0.0019120098759820528
-1.0087212324142456 | [-0.13] | -0.0016721293244060268
-1.0458178520202637 | [-0.12] | -0.0014338148016102004
-1.0805940628051758 | [-0.11] | -0.0012047590232114732
-1.113047480583191 | [-0.1] | -0.000990711795448862
-1.143198847770691 | [-0.09] | -0.0007956213487187452
-1.1710869073867798 | [-0.08] | -0.0006218844804853881
-1.1967639923095703 | [-0.07] | -0.0004706434637958841
-1.2000000476837158 | [0.08] | -0.0006399999237060572
-1.1976381540298462 | [0.09] | -0.000882381828466837
-1.1928856372833252 | [0.11] | -0.0011723649695135423
-1.1857057809829712 | [0.12] | -0.0015146905238122522
-1.1760540008544922 | [0.14] | -0.001914758389672369
-1.163879156112671 | [0.15] | -0.0023785707466881753
-1.1491246223449707 | [0.17] | -0.0029126221542368877
-1.131730079650879 | [0.19] | -0.003523717042119545
-1.1116338968276978 | [0.21] | -0.004218695959703953
-1.0887761116027832 | [0.22] | -0.005004046997478417
-1.0631022453308105 | [0.24] | -0.005885387084249753
-1.0345673561096191 | [0.26] | -0.006866798154745519
-1.003141164779663 | [0.28] | -0.007950018498204493
-0.9688138365745544 | [0.3] | -0.00913351614604614
-0.9316020011901855 | [0.32] | -0.01041149533570943
-0.8915549516677856 | [0.34] | -0.011772942611817744
-0.8487608432769775 | [0.36] | -0.013200839321654593
-0.8033518195152283 | [0.38] | -0.014671741311741971
-0.7555078864097595 | [0.4] | -0.016155903266217166
-0.7054586410522461 | [0.42] | -0.017618132015189365
-0.6534825563430786 | [0.44] | -0.019019471181044665
-0.5999026298522949 | [0.45] | -0.02031966750017385
-0.545079231262207 | [0.46] | -0.021480239115902806
-0.48939964175224304 | [0.47] | -0.02246775894094205
-0.4332650899887085 | [0.48] | -0.02325688156061194
-0.3770763874053955 | [0.49] | -0.02383263237920459
-0.3212192952632904 | [0.49] | -0.02419157041220628
-0.2660507261753082 | [0.49] | -0.024341659279174983
-0.2118871659040451 | [0.49] | -0.024300947422406835
-0.1589958667755127 | [0.49] | -0.02409533061125669
-0.10758921504020691 | [0.49] | -0.023755840610295842
-0.057822369039058685 | [0.48] | -0.023315906202440728
-0.009793705306947231 | [0.48] | -0.02280892219437983
0.03645241633057594 | [0.47] | -0.022266389458246865
0.08092128485441208 | [0.47] | -0.021716675943672187
0.12366247177124023 | [0.46] | -0.021184401097535933
0.1647641360759735 | [0.45] | -0.020690313852145814
0.20434734225273132 | [0.45] | -0.02025155778989885
0.24256081879138947 | [0.45] | -0.019882165917195244
0.2795763313770294 | [0.44] | -0.01959369414731171
0.31558480858802795 | [0.44] | -0.019395885895513817
0.35079309344291687 | [0.44] | -0.019297336699287196
0.3854215443134308 | [0.44] | -0.019306106571653207
0.4197021722793579 | [0.44] | 99.980569726617
Total reward: 97.57984948527854
0.1, 5.8, 0.2
parameter ends

state | action | reward
[-0.52] | [0.15] | -0.0021967753905703133
-0.5176685452461243 | [0.15] | -0.002228226712722754
-0.5173099040985107 | [0.15] | -0.002260483457909756
-0.5167729258537292 | [0.15] | -0.0022933233766445366
-0.5160599946975708 | [0.15] | -0.0023265132573147998
-0.5151748061180115 | [0.15] | -0.0023598100864799416
-0.5141223669052124 | [0.15] | -0.0023929627149209213
-0.512908935546875 | [0.16] | -0.002425713901471477
-0.511542022228241 | [0.16] | -0.00245780236751229
-0.5100303888320923 | [0.16] | -0.002488964970170977
-0.5083838105201721 | [0.16] | -0.002518939929047674
-0.5066132545471191 | [0.16] | -0.0025474685578734087
-0.5047306418418884 | [0.16] | -0.0025742986854963464
-0.5027487874031067 | [0.16] | -0.0025991873560808447
-0.5006813406944275 | [0.16] | -0.0026219034790600894
-0.49854278564453125 | [0.16] | -0.0026422304413820687
-0.49634814262390137 | [0.16] | -0.002659969351498214
-0.4941129982471466 | [0.16] | -0.002674941222295978
-0.49185338616371155 | [0.16] | -0.0026869892441251132
-0.48958563804626465 | [0.16] | -0.0026959810610944247
-0.4873262345790863 | [0.16] | -0.0027018107006397986
-0.48509180545806885 | [0.16] | -0.002704399679196434
-0.48289886116981506 | [0.16] | -0.0027036986750375368
-0.4807637631893158 | [0.16] | -0.002699687907087168
-0.478702574968338 | [0.16] | -0.0026923776925215966
-0.47673097252845764 | [0.16] | -0.002681808278611172
-0.47486406564712524 | [0.16] | -0.00266804974827723
-0.47311636805534363 | [0.16] | -0.0026512008476354135
-0.47150158882141113 | [0.16] | -0.00263138819913515
-0.47003263235092163 | [0.16] | -0.0026087644321891043
-0.4687214195728302 | [0.16] | -0.002583506674479352
-0.46757882833480835 | [0.16] | -0.0025558143306062793
-0.46661460399627686 | [0.16] | -0.002525906766990919
-0.465837299823761 | [0.16] | -0.0024940207793891257
-0.46525415778160095 | [0.16] | -0.0024604081113574
-0.4648710787296295 | [0.16] | -0.002425332553976924
-0.4646925628185272 | [0.15] | -0.0023890672343713677
-0.4647217094898224 | [0.15] | -0.0023518916604632627
-0.46496009826660156 | [0.15] | -0.0023140893171306335
-0.4654078483581543 | [0.15] | -0.0022759447031916328
-0.4660634994506836 | [0.15] | -0.0022377411722901623
-0.46692416071891785 | [0.15] | -0.002199758030196114
-0.4679853618144989 | [0.15] | -0.0021622689493867478
-0.4692411422729492 | [0.15] | -0.0021255396619253076
-0.47068411111831665 | [0.14] | -0.0020898261911159754
-0.47230544686317444 | [0.14] | -0.0020553734553435034
-0.4740949273109436 | [0.14] | -0.002022414100151565
-0.4760409891605377 | [0.14] | -0.0019911673929929176
-0.47813087701797485 | [0.14] | -0.001961838228937317
-0.4803506135940552 | [0.14] | -0.0019346169140816443
-0.4826851487159729 | [0.14] | -0.0019096785453957335
-0.48511847853660583 | [0.14] | -0.0018871827890225672
-0.48763370513916016 | [0.14] | -0.0018672739162613192
-0.49021318554878235 | [0.14] | -0.0018500808228909182
-0.49283862113952637 | [0.14] | -0.0018357171519868432
-0.4954912066459656 | [0.14] | -0.0018242814745547523
-0.4981517493724823 | [0.13] | -0.0018158573913181792
-0.5008007884025574 | [0.13] | -0.0018105138294298873
-0.5034188628196716 | [0.13] | -0.0018083046891669632
-0.5059865117073059 | [0.13] | -0.0018092693277969142
-0.508484423160553 | [0.13] | -0.0018134323632244152
-0.5108936429023743 | [0.13] | -0.001820803346578408
-0.5131957530975342 | [0.14] | -0.0018313762031932287
-0.5153728723526001 | [0.14] | -0.0018451292805325053
-0.5174078941345215 | [0.14] | -0.001862024339632345
-0.5192846655845642 | [0.14] | -0.0018820057625184507
-0.5209880471229553 | [0.14] | -0.0019050000253921795
-0.5225039720535278 | [0.14] | -0.0019309150451607554
-0.523819625377655 | [0.14] | -0.001959639071117125
-0.5249236822128296 | [0.14] | -0.001991039469727675
-0.5258061289787292 | [0.14] | -0.002024962957449598
-0.5264585614204407 | [0.14] | -0.0020612341869014105
-0.5268741846084595 | [0.14] | -0.0020996556328593276
-0.5270479321479797 | [0.15] | -0.0021400072093662116
-0.5269763469696045 | [0.15] | -0.0021820469070693324
-0.5266578793525696 | [0.15] | -0.0022255102758065334
-0.5260926485061646 | [0.15] | -0.002270112135099537
-0.5252827405929565 | [0.15] | -0.0023155467157005977
-0.5242319703102112 | [0.15] | -0.0023614901329695594
-0.5229459404945374 | [0.16] | -0.0024076020513998397
-0.5214320421218872 | [0.16] | -0.0024535280663739775
-0.5196994543075562 | [0.16] | -0.002498902395632257
-0.5177589654922485 | [0.16] | -0.0025433516559678904
-0.5156230926513672 | [0.16] | -0.002586497849480797
-0.5133057832717896 | [0.16] | -0.002627963055905915
-0.5108224749565125 | [0.16] | -0.0026673731446309698
-0.5081899762153625 | [0.16] | -0.0027043623106594835
-0.5054263472557068 | [0.17] | -0.0027385776208670065
-0.5025507211685181 | [0.17] | -0.002769683791067191
-0.4995831847190857 | [0.17] | -0.002797367576545956
-0.496544748544693 | [0.17] | -0.0028213417284922108
-0.49345701932907104 | [0.17] | -0.0028413498821834456
-0.49034222960472107 | [0.17] | -0.0028571694802440274
-0.4872228801250458 | [0.17] | -0.002868615884383992
-0.48412176966667175 | [0.17] | -0.002875544464641798
-0.4810616672039032 | [0.17] | -0.0028778534444469494
-0.47806528210639954 | [0.17] | -0.0028754850601893766
-0.47515496611595154 | [0.17] | -0.0028684270577544937
-0.47235265374183655 | [0.17] | -0.002856712422473915
-0.46967965364456177 | [0.17] | -0.002840419473871089
-0.46715646982192993 | [0.17] | -0.0028196706708280665
-0.46480271220207214 | [0.17] | -0.0027946308612212707
-0.46263688802719116 | [0.17] | -0.002765505206313135
-0.46067628264427185 | [0.17] | -0.002732536345195125
-0.4589368402957916 | [0.16] | -0.0026960010406299386
-0.4574330449104309 | [0.16] | -0.0026562065666379414
-0.4561777710914612 | [0.16] | -0.002613486883988545
-0.4551822245121002 | [0.16] | -0.002568198176088659
-0.45445582270622253 | [0.16] | -0.0025207146905089186
-0.4540061354637146 | [0.16] | -0.0024714241537675007
-0.4538387954235077 | [0.16] | -0.0024207234700506517
-0.4539574682712555 | [0.15] | -0.0023690142574029427
-0.45436376333236694 | [0.15] | -0.0023166988440845152
-0.455057293176651 | [0.15] | -0.0022641760039809867
-0.4560355544090271 | [0.15] | -0.002211837669587409
-0.4572939872741699 | [0.15] | -0.0021600653243249914
-0.4588259756565094 | [0.15] | -0.0021092271495023736
-0.4606228768825531 | [0.14] | -0.0020596754224297487
-0.46267402172088623 | [0.14] | -0.0020117445810640304
-0.4649668037891388 | [0.14] | -0.001965749275803975
-0.46748676896095276 | [0.14] | -0.0019219832411007083
-0.47021761536598206 | [0.14] | -0.0018807186014598697
-0.4731414020061493 | [0.14] | -0.0018422051837588957
-0.47623857855796814 | [0.13] | -0.0018066706882417837
-0.47948816418647766 | [0.13] | -0.001774320852401307
-0.4828678071498871 | [0.13] | -0.0017453402605050704
-0.4863539934158325 | [0.13] | -0.0017198928457537476
-0.4899222254753113 | [0.13] | -0.0016981228371220573
-0.49354714155197144 | [0.13] | -0.001680155869284412
-0.49720269441604614 | [0.13] | -0.0016661000215884578
-0.5008624196052551 | [0.13] | -0.0016560464787886715
-0.5044994950294495 | [0.13] | -0.0016500707027191188
-0.5080870389938354 | [0.13] | -0.0016482327732590962
-0.5115982890129089 | [0.13] | -0.001650577756373596
-0.5150068402290344 | [0.13] | -0.001657135617964527
-0.5182867050170898 | [0.13] | -0.0016679214699735043
-0.5214126706123352 | [0.13] | -0.0016829343510508467
-0.5243604779243469 | [0.13] | -0.0017021564261071127
-0.5271068811416626 | [0.13] | -0.0017255521008919237
-0.5296299457550049 | [0.13] | -0.0017530660191035219
-0.531909167766571 | [0.13] | -0.0017846215399647146
-0.5339256525039673 | [0.13] | -0.0018201186941281034
-0.5356623530387878 | [0.14] | -0.001859431813331372
-0.537104070186615 | [0.14] | -0.0019024079213304094
-0.5382376313209534 | [0.14] | -0.0019488645702810563
-0.5390520095825195 | [0.14] | -0.00199858790551388
-0.5395384430885315 | [0.14] | -0.002051331045471444
-0.5396905541419983 | [0.15] | -0.0021068127755770427
-0.5395042896270752 | [0.15] | -0.002164717225412952
-0.538978099822998 | [0.15] | -0.0022246932352785426
-0.5381128787994385 | [0.15] | -0.0022863551274100355
-0.5369120240211487 | [0.15] | -0.0023492836823007074
-0.5353814363479614 | [0.16] | -0.002413028070729629
-0.53352952003479 | [0.16] | -0.002477108516531941
-0.5313670039176941 | [0.16] | -0.0025410202586556834
-0.5289071202278137 | [0.16] | -0.0026042369939628645
-0.5261653661727905 | [0.16] | -0.0026662167465904014
-0.5231594443321228 | [0.17] | -0.0027264073380441575
-0.519909143447876 | [0.17] | -0.002784253008992029
-0.5164362192153931 | [0.17] | -0.0028392013009932836
-0.5127642750740051 | [0.17] | -0.0028907102245714655
-0.5089185237884521 | [0.17] | -0.002938256287125188
-0.5049257278442383 | [0.17] | -0.0029813416117432136
-0.500813901424408 | [0.17] | -0.003019501928205534
-0.49661219120025635 | [0.17] | -0.0030523135580917612
-0.49235060811042786 | [0.18] | -0.003079400421405541
-0.4880598187446594 | [0.18] | -0.003100440402788798
-0.4837709367275238 | [0.18] | -0.003115170155837004
-0.47951531410217285 | [0.18] | -0.0031233900348588595
-0.47532424330711365 | [0.18] | -0.003124967479559731
-0.47122880816459656 | [0.18] | -0.003119838977477926
-0.46725958585739136 | [0.18] | -0.0031080116083242303
-0.4634464681148529 | [0.18] | -0.0030895625756042584
-0.45981836318969727 | [0.18] | -0.003064638565979154
-0.45640310645103455 | [0.17] | -0.003033452662723856
-0.453227162361145 | [0.17] | -0.0029962814235946593
-0.4503154456615448 | [0.17] | -0.0029534603702080844
-0.4476911723613739 | [0.17] | -0.0029053787664577698
-0.44537562131881714 | [0.17] | -0.0028524739124477314
-0.4433880150318146 | [0.17] | -0.002795224536283768
-0.44174543023109436 | [0.17] | -0.002734143679702162
-0.44046255946159363 | [0.16] | -0.0026697720657436175
-0.4395516812801361 | [0.16] | -0.002602670471813054
-0.4390225112438202 | [0.16] | -0.002533412719597291
-0.43888211250305176 | [0.16] | -0.0024625785977684988
-0.4391348958015442 | [0.15] | -0.0023907468211761622
-0.4397824704647064 | [0.15] | -0.002318489019313265
-0.44082367420196533 | [0.15] | -0.0022463635701367142
-0.4422544836997986 | [0.15] | -0.002174910456364883
-0.44406813383102417 | [0.15] | -0.002104646263192654
-0.44625502824783325 | [0.14] | -0.002036060502624864
-0.44880276918411255 | [0.14] | -0.001969612425251556
-0.4516962468624115 | [0.14] | -0.0019057284844999846
-0.4549177587032318 | [0.14] | -0.0018448004814945907
-0.45844700932502747 | [0.13] | -0.0017871850719157454
-0.46226125955581665 | [0.13] | -0.0017332035906305013
-0.4663354754447937 | [0.13] | -0.0016831425568953028
-0.47064244747161865 | [0.13] | -0.0016372551525892212
-0.47515299916267395 | [0.13] | -0.0015957628086598506
-0.4798361361026764 | [0.12] | -0.0015588578061839875
-0.48465925455093384 | [0.12] | -0.001526705784094904
-0.4895884394645691 | [0.12] | -0.0014994484952275127
-0.49458855390548706 | [0.12] | -0.001477207075968616
-0.49962368607521057 | [0.12] | -0.0014600841812902594
-0.5046572089195251 | [0.12] | -0.001448167413211113
-0.5096521973609924 | [0.12] | -0.001441530927002656
-0.5145716667175293 | [0.12] | -0.0014402371621915452
-0.5193788409233093 | [0.12] | -0.00144433811710211
-0.5240373611450195 | [0.12] | -0.0014538759001675673
-0.5285117626190186 | [0.12] | -0.0014688817749188496
-0.5327674746513367 | [0.12] | -0.0014893758599194705
-0.5367714166641235 | [0.12] | -0.0015153641932451564
-0.5404919385910034 | [0.12] | -0.0015468371985983098
-0.5438992381095886 | [0.13] | -0.001583765714552669
-0.5469655990600586 | [0.13] | -0.0016260972145254488
-0.5496655702590942 | [0.13] | -0.0016737516992854783
-0.551976203918457 | [0.13] | -0.0017266168180539044
-0.5538771748542786 | [0.13] | -0.0017845435742092457
-0.5553509593009949 | [0.14] | -0.0018473413688304089
-0.5563830733299255 | [0.14] | -0.0019147733265608615
-0.5569621324539185 | [0.14] | -0.00198655249300372
-0.5570799708366394 | [0.14] | -0.0020623382847336134
-0.5567317008972168 | [0.15] | -0.002141733916505767
-0.5559158325195312 | [0.15] | -0.0022242844913875986
-0.5546342730522156 | [0.15] | -0.0023094765701185903
-0.5528923273086548 | [0.15] | -0.002396738878615998
-0.5506987571716309 | [0.16] | -0.0024854441546031795
-0.5480656623840332 | [0.16] | -0.0025749130210120097
-0.5450085401535034 | [0.16] | -0.00266441862633973
-0.541546106338501 | [0.17] | -0.0027531936182898214
-0.5377002358436584 | [0.17] | -0.002840438043940841
-0.5334958434104919 | [0.17] | -0.0029253287360565816
-0.528960645198822 | [0.17] | -0.0030070304969099116
-0.5241251587867737 | [0.18] | -0.0030847071216526167
-0.5190222859382629 | [0.18] | -0.0031575349282866056
-0.5136871933937073 | [0.18] | -0.003224715191125116
-0.5081570744514465 | [0.18] | -0.0032854877454031005
-0.5024707913398743 | [0.18] | -0.003339144243893418
-0.4966687858104706 | [0.18] | -0.003385040044866692
-0.49079254269599915 | [0.19] | -0.003422607066816727
-0.48488444089889526 | [0.19] | -0.0034513636165260037
-0.4789873957633972 | [0.19] | -0.0034709235009453207
-0.4731444716453552 | [0.19] | -0.00348100356951634
-0.46739864349365234 | [0.19] | -0.0034814285393938126
-0.4617924690246582 | [0.19] | -0.0034721343645407934
-0.4563676714897156 | [0.19] | -0.003453169368316543
-0.45116496086120605 | [0.19] | -0.0034246927960504
-0.446223646402359 | [0.18] | -0.003386971675804085
-0.4415813982486725 | [0.18] | -0.0033403756323798182
-0.43727391958236694 | [0.18] | -0.0032853701495224904
-0.4333347976207733 | [0.18] | -0.0032225075542507853
-0.42979514598846436 | [0.18] | -0.0031524180522471954
-0.4266834259033203 | [0.18] | -0.00307579861468274
-0.4240253269672394 | [0.17] | -0.0029934013195333144
-0.42184343934059143 | [0.17] | -0.0029060221866033923
-0.42015722393989563 | [0.17] | -0.002814488547548015
-0.41898277401924133 | [0.16] | -0.0027196474641103673
-0.4183327555656433 | [0.16] | -0.0026223537825301943
-0.4182162582874298 | [0.16] | -0.0025234591124017563
-0.41863876581192017 | [0.16] | -0.0024238010840618345
-0.41960200667381287 | [0.15] | -0.0023241938919820165
-0.42110395431518555 | [0.15] | -0.0022254192833526657
-0.4231387674808502 | [0.15] | -0.002128218921193975
-0.42569684982299805 | [0.14] | -0.0020332875304902194
-0.42876479029655457 | [0.14] | -0.0019412679085057565
-0.43232545256614685 | [0.14] | -0.0018527466877458214
-0.4363579750061035 | [0.13] | -0.0017682518643572483
-0.44083788990974426 | [0.13] | -0.0016882514734869452
-0.44573724269866943 | [0.13] | -0.0016131536630340907
-0.45102474093437195 | [0.12] | -0.001543308376087994
-0.45666593313217163 | [0.12] | -0.0014790100415832967
-0.46262332797050476 | [0.12] | -0.001420501947142017
-0.46885672211647034 | [0.12] | -0.0013679809406569492
-0.4753233790397644 | [0.11] | -0.0013216036011582221
-0.4819783866405487 | [0.11] | -0.001281492679937474
-0.48877495527267456 | [0.11] | -0.0012477439061196961
-0.49566465616226196 | [0.11] | -0.001220433187501319
-0.5025979280471802 | [0.11] | -0.00119962283681564
-0.5095242857933044 | [0.11] | -0.0011853681893323337
-0.5163928866386414 | [0.11] | -0.0011777221443190977
-0.5231527090072632 | [0.11] | -0.0011767399079724596
-0.5297532081604004 | [0.11] | -0.0011824810851596111
-0.5361444354057312 | [0.11] | -0.001195011500850906
-0.5422775745391846 | [0.11] | -0.0012144024624783794
-0.5481054186820984 | [0.11] | -0.0012407284118246765
-0.5535825490951538 | [0.11] | -0.0012740636768872695
-0.5586658120155334 | [0.11] | -0.0013144770423458344
-0.5633145570755005 | [0.12] | -0.0013620252261218365
-0.5674910545349121 | [0.12] | -0.0014167445688059927
-0.5711607933044434 | [0.12] | -0.0014786424430504647
-0.5742926001548767 | [0.12] | -0.001547688062981776
-0.5768590569496155 | [0.13] | -0.0016238019961103808
-0.5788366198539734 | [0.13] | -0.001706846566613903
-0.5802058577537537 | [0.13] | -0.0017966158971927468
-0.5809515118598938 | [0.14] | -0.0018928271533362176
-0.5810627937316895 | [0.14] | -0.001995111783636325
-0.5805333256721497 | [0.15] | -0.002103009150324901
-0.5793613791465759 | [0.15] | -0.002215960677263004
-0.5775498747825623 | [0.15] | -0.002333306618223403
-0.5751063823699951 | [0.16] | -0.00245428497843766
-0.5720431208610535 | [0.16] | -0.0025780327467091646
-0.5683769583702087 | [0.16] | -0.002703589727032367
-0.5641293525695801 | [0.17] | -0.0028299054102874453
-0.559326171875 | [0.17] | -0.0029558489453016816
-0.5539976358413696 | [0.18] | -0.003080221642697585
-0.5481781959533691 | [0.18] | -0.003201772140076259
-0.5419061779975891 | [0.18] | -0.003319215214449735
-0.535223662853241 | [0.19] | -0.0034312518810541864
-0.5281760692596436 | [0.19] | -0.0035365917417236876
-0.5208120942115784 | [0.19] | -0.0036339755636937013
-0.513183057308197 | [0.19] | -0.003722200689129069
-0.5053427219390869 | [0.19] | -0.0038001436074667876
-0.4973468482494354 | [0.2] | -0.0038667835465405437
-0.4892526865005493 | [0.2] | -0.0039212239083514025
-0.48111864924430847 | [0.2] | -0.003962710441220444
-0.4730037450790405 | [0.2] | -0.003990647610924518
-0.46496719121932983 | [0.2] | -0.004004610465532953
-0.45706793665885925 | [0.2] | -0.004004353686542243
-0.44936421513557434 | [0.2] | -0.00398981518494865
-0.44191303849220276 | [0.2] | -0.003961116648343795
-0.4347698390483856 | [0.2] | -0.003918559348756381
-0.42798808217048645 | [0.2] | -0.003862616261976317
-0.42161881923675537 | [0.19] | -0.0037939214630487365
-0.41571035981178284 | [0.19] | -0.0037132556280857656
-0.41030794382095337 | [0.19] | -0.0036215299500639824
-0.40545350313186646 | [0.19] | -0.0035197677495061013
-0.4011853039264679 | [0.18] | -0.003409085194467828
-0.3975377380847931 | [0.18] | -0.003290671599454362
-0.3945411443710327 | [0.18] | -0.0031657685792762826
-0.392221599817276 | [0.17] | -0.00303565058006776
-0.3906007409095764 | [0.17] | -0.0029016052396804233
-0.38969558477401733 | [0.17] | -0.0027649152038253227
-0.38951849937438965 | [0.16] | -0.0026268402702021823
-0.39007699489593506 | [0.16] | -0.0024886017258800683
-0.3913736939430237 | [0.15] | -0.002351367463014614
-0.3934062719345093 | [0.15] | -0.0022162388818269276
-0.3961673676967621 | [0.14] | -0.002084239713870747
-0.39964452385902405 | [0.14] | -0.001956306573753623
-0.4038202464580536 | [0.14] | -0.0018332811037208158
-0.4086720049381256 | [0.13] | -0.0017159047187483398
-0.4141722619533539 | [0.13] | -0.0016048152282037047
-0.4202885329723358 | [0.12] | -0.00150054624813556
-0.4269835352897644 | [0.12] | -0.0014035286410938913
-0.43421533703804016 | [0.11] | -0.001314094589501235
-0.44193756580352783 | [0.11] | -0.0012324842181867764
-0.4500996172428131 | [0.11] | -0.0011588546811583129
-0.4586469829082489 | [0.1] | -0.001093291167880484
-0.4675215780735016 | [0.1] | -0.001035819594427849
-0.4766620993614197 | [0.1] | -0.0009864213105842275
-0.486004501581192 | [0.1] | -0.0009450478921992083
-0.4954824447631836 | [0.1] | -0.0009116364071712359
-0.5050277709960938 | [0.09] | -0.0008861244767615118
-0.5145711302757263 | [0.09] | -0.0008684636614391364
-0.5240424275398254 | [0.09] | -0.0008586316474407627
-0.5333713889122009 | [0.09] | -0.0008566417763871217
-0.5424882173538208 | [0.09] | -0.0008625493594695765
-0.5513241291046143 | [0.09] | -0.0008764553916455003
-0.5598119497299194 | [0.09] | -0.0008985061488240078
-0.567886471748352 | [0.1] | -0.0009288903480872655
-0.5754852890968323 | [0.1] | -0.0009678314505160461
-0.5825489163398743 | [0.1] | -0.001015578478366452
-0.5890215635299683 | [0.1] | -0.0010723924793882547
-0.5948513746261597 | [0.11] | -0.0011385316524868828
-0.5999907851219177 | [0.11] | -0.001214234359652446
-0.6043969988822937 | [0.11] | -0.0012997002157605873
-0.6080321073532104 | [0.12] | -0.0013950710940589138
-0.6108635663986206 | [0.12] | -0.0015004110239686904
-0.6128642559051514 | [0.13] | -0.0016156869873392118
-0.6140127182006836 | [0.13] | -0.0017407500434009652
-0.6142934560775757 | [0.14] | -0.0018753173305743596
-0.6136969327926636 | [0.14] | -0.0020189567230671224
-0.6122197508811951 | [0.15] | -0.002171073150615423
-0.6098647117614746 | [0.15] | -0.002330898023485559
-0.6066408753395081 | [0.16] | -0.0024974822510074185
-0.6025635600090027 | [0.16] | -0.00266969306578424
-0.5976544618606567 | [0.17] | -0.002846215447980027
-0.5919414758682251 | [0.17] | -0.003025559116044097
-0.5854585766792297 | [0.18] | -0.0032060709768729073
-0.5782458186149597 | [0.18] | -0.003385952739539032
-0.5703489780426025 | [0.19] | -0.003563285346801306
-0.5618195533752441 | [0.19] | -0.0037360578829436168
-0.5527141690254211 | [0.2] | -0.003902203720850806
-0.5430943369865417 | [0.2] | -0.0040596387240064554
-0.5330261588096619 | [0.21] | -0.004206304386733284
-0.5225796699523926 | [0.21] | -0.0043402122310250485
-0.5118283033370972 | [0.21] | -0.004459490293422084
-0.5008484125137329 | [0.21] | -0.0045624258571199785
-0.48971864581108093 | [0.22] | -0.004647506670763249
-0.47851917147636414 | [0.22] | -0.004713458874903532
-0.4673311114311218 | [0.22] | -0.004759275934713641
-0.4562358260154724 | [0.22] | -0.004784242383301687
-0.4453142285346985 | [0.22] | -0.0047879492957098695
-0.4346461594104767 | [0.22] | -0.004770299710495393
-0.42430973052978516 | [0.22] | -0.004731507780083135
-0.4143807291984558 | [0.22] | -0.004672087843972049
-0.40493205189704895 | [0.21] | -0.004592837943165566
-0.39603322744369507 | [0.21] | -0.004494815057388686
-0.38774996995925903 | [0.21] | -0.004379307959897395
-0.3801437020301819 | [0.21] | -0.004247804664639052
-0.37327128648757935 | [0.2] | -0.0041019583404244475
-0.36718469858169556 | [0.2] | -0.003943552109909628
-0.3619307577610016 | [0.19] | -0.0037744643793517006
-0.3575509190559387 | [0.19] | -0.0035966346334223437
-0.35408109426498413 | [0.18] | -0.0034120310203686003
-0.35155147314071655 | [0.18] | -0.0032226204284661712
-0.34998640418052673 | [0.17] | -0.0030303402772880635
-0.3494042456150055 | [0.17] | -0.002837073099021604
-0.3498172163963318 | [0.16] | -0.0026446234383013974
-0.3512313663959503 | [0.16] | -0.002454696506290253
-0.3536464273929596 | [0.15] | -0.0022688796245426434
-0.3570556640625 | [0.14] | -0.002088625737997769
-0.3614458739757538 | [0.14] | -0.0019152384715154323
-0.36679723858833313 | [0.13] | -0.0017498604556254551
-0.37308332324028015 | [0.13] | -0.0015934633381966769
-0.38027092814445496 | [0.12] | -0.001446841786425396
-0.38832026720046997 | [0.11] | -0.001310609891934161
-0.3971848487854004 | [0.11] | -0.0011852023982340783
-0.4068116545677185 | [0.1] | -0.001070879929725752
-0.4171413481235504 | [0.1] | -0.000967738949274213
-0.4281083941459656 | [0.09] | -0.000875727136063006
-0.4396415054798126 | [0.09] | -0.0007946631223623831
-0.45166394114494324 | [0.09] | -0.0007242612256051651
-0.46409404277801514 | [0.08] | -0.0006641597273903902
-0.4768458306789398 | [0.08] | -0.0006139521872066422
-0.48982957005500793 | [0.08] | -0.0005732205127703985
-0.5029525756835938 | [0.07] | -0.0005415674515741142
-0.5161199569702148 | [0.07] | -0.0005186482288849439
-0.5292353630065918 | [0.07] | -0.0005041986470883948
-0.5422019958496094 | [0.07] | -0.0004980579648234187
-0.5549233555793762 | [0.07] | -0.0005001868821054026
-0.5673040151596069 | [0.07] | -0.0005106780356529287
-0.5792506337165833 | [0.07] | -0.0005297588213875819
-0.5906726121902466 | [0.07] | -0.0005577877308139082
-0.6014829277992249 | [0.08] | -0.0005952427912955327
-0.6115986704826355 | [0.08] | -0.000642704402844975
-0.6209418177604675 | [0.08] | -0.0007008315554922574
-0.629439651966095 | [0.09] | -0.000770334832439429
-0.6370252966880798 | [0.09] | -0.0008519446371612604
-0.6436380743980408 | [0.1] | -0.0009463781902690508
-0.6492239832878113 | [0.1] | -0.001054304039483213
-0.6537358164787292 | [0.11] | -0.0011763069047943428
-0.6571335792541504 | [0.11] | -0.0013128515469421223
-0.6593844890594482 | [0.12] | -0.0014642482124631521
-0.6604634523391724 | [0.13] | -0.0016306179249442974
-0.6603530049324036 | [0.13] | -0.0018118608747056772
-0.6590434908866882 | [0.14] | -0.0020076262512911443
-0.6565333604812622 | [0.15] | -0.0022172847119356974
-0.6528290510177612 | [0.16] | -0.002439906205673024
-0.6479453444480896 | [0.16] | -0.002674241052562365
-0.6419051885604858 | [0.17] | -0.0029187090158752874
-0.6347399950027466 | [0.18] | -0.0031713949140913297
-0.6264894604682922 | [0.19] | -0.003430054073692969
-0.6172016263008118 | [0.19] | -0.003692128389129803
-0.6069327592849731 | [0.2] | -0.003954773597280827
-0.5957470536231995 | [0.21] | -0.0042148999328902054
-0.5837165117263794 | [0.21] | -0.004469224314937674
-0.5709204077720642 | [0.22] | -0.004714335486748381
-0.5574449300765991 | [0.22] | -0.00494676876896193
-0.5433824062347412 | [0.23] | -0.005163090725337159
-0.5288307666778564 | [0.23] | -0.005359986864351442
-0.5138925909996033 | [0.24] | -0.005534352533483186
-0.49867433309555054 | [0.24] | -0.005683379860805408
-0.48328524827957153 | [0.24] | -0.005804638430726979
-0.4678363800048828 | [0.24] | -0.0058961438557628
-0.452439546585083 | [0.24] | -0.005956411912527839
-0.43720629811286926 | [0.24] | -0.005984494789031149
-0.4222468137741089 | [0.24] | -0.005979999833289923
-0.40766897797584534 | [0.24] | -0.00594308698653347
-0.393577516078949 | [0.24] | -0.005874450232636631
-0.3800731301307678 | [0.24] | -0.0057752811822240485
-0.36725175380706787 | [0.24] | -0.005647221043530337
-0.3552039861679077 | [0.23] | -0.005492301834242001
-0.34401461482048035 | [0.23] | -0.0053128819865321504
-0.33376216888427734 | [0.23] | -0.005111578951146759
-0.324518620967865 | [0.22] | -0.0048912033550015735
-0.31634923815727234 | [0.22] | -0.004654695193953495
-0.3093124032020569 | [0.21] | -0.004405065572336992
-0.30345943570137024 | [0.2] | -0.004145344990938454
-0.2988346815109253 | [0.2] | -0.0038785374561389565
-0.29547539353370667 | [0.19] | -0.0036075812366195394
-0.2934116721153259 | [0.18] | -0.0033353158924657
-0.2926664352416992 | [0.18] | -0.003064453272031237
-0.2932553291320801 | [0.17] | -0.0027975527119557474
-0.2951866686344147 | [0.16] | -0.0025369982741771983
-0.2984612286090851 | [0.15] | -0.0022849780561622463
-0.30307209491729736 | [0.14] | -0.0020434637893268354
-0.30900445580482483 | [0.13] | -0.001814191277166407
-0.31623533368110657 | [0.13] | -0.0015986411150055353
-0.3247334063053131 | [0.12] | -0.001398020553062922
-0.33445867896080017 | [0.11] | -0.0012132478165824481
-0.3453623652458191 | [0.1] | -0.0010449397921273385
-0.3573867082595825 | [0.09] | -0.0008934054765547061
-0.37046483159065247 | [0.09] | -0.0007586467712396771
-0.38452085852622986 | [0.08] | -0.0006403685033135404
-0.39946991205215454 | [0.07] | -0.0005379994285295476
-0.4152185618877411 | [0.07] | -0.000450724781114192
-0.4316650927066803 | [0.06] | -0.000377531081512492
-0.4487002491950989 | [0.06] | -0.0003172617354987651
-0.46620795130729675 | [0.05] | -0.0002686817651808452
-0.4840662181377411 | [0.05] | -0.00023054857226075171
-0.5021482706069946 | [0.04] | -0.00020168511408431768
-0.5203236937522888 | [0.04] | -0.00018105092358404484
-0.5384598970413208 | [0.04] | -0.0001678064245129743
-0.5564231872558594 | [0.04] | -0.00016136682665727006
-0.5740804672241211 | [0.04] | -0.00016144167366736545
-0.5913003087043762 | [0.04] | -0.00016805862013275082
-0.6079543828964233 | [0.04] | -0.00018156988399307128
-0.6239185929298401 | [0.05] | -0.0002026417218666745
-0.6390742063522339 | [0.05] | -0.00023222906683412637
-0.6533086895942688 | [0.05] | -0.00027153758823868224
-0.6665165424346924 | [0.06] | -0.0003219755691575775
-0.6785998940467834 | [0.06] | -0.000385099792218541
-0.6894690990447998 | [0.07] | -0.00046255716491438374
-0.6990429759025574 | [0.07] | -0.0005560255296310849
-0.707249104976654 | [0.08] | -0.0006671547397154465
-0.7140239477157593 | [0.09] | -0.0007975094572578948
-0.7193130850791931 | [0.1] | -0.0009485131691377023
-0.7230711579322815 | [0.11] | -0.001121394555804647
-0.7252620458602905 | [0.11] | -0.0013171346637627184
-0.7258589267730713 | [0.12] | -0.001536414697764435
-0.7248443365097046 | [0.13] | -0.0017795642905246694
-0.7222103476524353 | [0.14] | -0.0020465096217259014
-0.7179587483406067 | [0.15] | -0.002336722437295698
-0.7121013402938843 | [0.16] | -0.0026491708038642024
-0.704660177230835 | [0.17] | -0.0029822745669780097
-0.6956678032875061 | [0.18] | -0.0033338681532451807
-0.6851676106452942 | [0.19] | -0.003701174053368992
-0.6732139587402344 | [0.2] | -0.004080792711801532
-0.6598724722862244 | [0.21] | -0.0044687117550042555
-0.6452201008796692 | [0.22] | -0.004860339965220019
-0.6293449997901917 | [0.23] | -0.005250570676278131
-0.6123462915420532 | [0.24] | -0.005633873693126187
-0.5943337678909302 | [0.25] | -0.006004419148085138
-0.5754271745681763 | [0.25] | -0.006356227548025845
-0.5557552576065063 | [0.26] | -0.00668334473640181
-0.5354547500610352 | [0.26] | -0.0069800308206369845
-0.5146690607070923 | [0.27] | -0.007240953003791318
-0.4935466945171356 | [0.27] | -0.007461371918345507
-0.4722396731376648 | [0.28] | -0.007637306890895511
-0.4509017765522003 | [0.28] | -0.007765673444234647
-0.4296867847442627 | [0.28] | -0.007844379721239051
-0.40874674916267395 | [0.28] | -0.007872375722082436
-0.3882302939891815 | [0.28] | -0.007849658571912357
-0.36828115582466125 | [0.28] | -0.007777228728973004
-0.34903690218925476 | [0.28] | -0.007657009171653711
-0.33062776923179626 | [0.27] | -0.007491729408134822
-0.31317585706710815 | [0.27] | -0.007284792525637413
-0.29679450392723083 | [0.27] | -0.007040127559919635
-0.2815879285335541 | [0.26] | -0.006762042974933869
-0.2676510810852051 | [0.25] | -0.00645508763231517
-0.2550695836544037 | [0.25] | -0.006123927521376773
-0.2439199835062027 | [0.24] | -0.0057732398413578995
-0.23426997661590576 | [0.23] | -0.005407628159658395
-0.22617872059345245 | [0.22] | -0.005031560752081932
-0.21969722211360931 | [0.22] | -0.004649324727732012
-0.2148686647415161 | [0.21] | -0.004264999190308999
-0.21172867715358734 | [0.2] | -0.003882439766783136
-0.21030552685260773 | [0.19] | -0.003505271086560697
-0.21062026917934418 | [0.18] | -0.0031368837655194335
-0.2126866579055786 | [0.17] | -0.00278043145538673
-0.2165110558271408 | [0.16] | -0.0024388239522312206
-0.22209212183952332 | [0.15] | -0.0021147146058231986
-0.22942037880420685 | [0.13] | -0.0018104793129901605
-0.2384776920080185 | [0.12] | -0.0015281865144604302
-0.249236598610878 | [0.11] | -0.001269559001458591
-0.2616596221923828 | [0.1] | -0.0010359286878996142
-0.2756984829902649 | [0.09] | -0.0008281880921321056
-0.29129335284233093 | [0.08] | -0.0006467434327524832
-0.30837222933769226 | [0.07] | -0.0004914741558542956
-0.3268503248691559 | [0.06] | -0.0003617069576306899
-0.34662961959838867 | [0.05] | -0.00025621002707970706
-0.3675987720489502 | [0.04] | -0.00017321461709766408
-0.3896332383155823 | [0.03] | -0.00011046794104669113
-0.4125957787036896 | [0.03] | -6.531981707876947e-05
-0.4363372027873993 | [0.02] | -3.4842232053166094e-05
-0.46069762110710144 | [0.01] | -1.5976347264957696e-05
-0.4855080544948578 | [0.01] | -5.698274645516214e-06
-0.5105922222137451 | [0.] | -1.19204813487173e-06
-0.5357687473297119 | [0.] | -1.594759613704566e-08
-0.5608534216880798 | [-0.] | -2.484967043837691e-07
-0.5856615900993347 | [-0.] | -6.020686132615056e-07
-0.6100106835365295 | [-0.] | -4.954183352060687e-07
-0.6337222456932068 | [-0.] | -8.088496712978034e-08
-0.6566241979598999 | [0.] | -2.2690055978552895e-07
-0.6785524487495422 | [0.] | -2.4609783904029653e-06
-0.699352502822876 | [0.01] | -8.881755210637943e-06
-0.7188805341720581 | [0.01] | -2.2050587962682092e-05
-0.7370040416717529 | [0.02] | -4.487356718859221e-05
-0.7536023259162903 | [0.03] | -8.048397182761455e-05
-0.7685666680335999 | [0.04] | -0.0001321321545166843
-0.7818002104759216 | [0.05] | -0.00020308864162781905
-0.7932175993919373 | [0.05] | -0.00029656161231719216
-0.8027445673942566 | [0.06] | -0.00041562880758268033
-0.8103174567222595 | [0.08] | -0.0005631806235174536
-0.8158829212188721 | [0.09] | -0.0007418704725341176
-0.8193973898887634 | [0.1] | -0.0009540675842512477
-0.8208267688751221 | [0.11] | -0.001201807156564583
-0.820146381855011 | [0.12] | -0.001486732778572335
-0.8173409700393677 | [0.13] | -0.0018100279177734975
-0.8124049305915833 | [0.15] | -0.0021723338271358067
-0.8053427934646606 | [0.16] | -0.002573653262555264
-0.7961696982383728 | [0.17] | -0.0030132421736316466
-0.7849122881889343 | [0.19] | -0.003489492589358734
-0.7716094851493835 | [0.2] | -0.0039998153916440335
-0.7563135027885437 | [0.21] | -0.004540530773172408
-0.7390909194946289 | [0.23] | -0.005106780536466203
-0.7200233936309814 | [0.24] | -0.00569247766726102
-0.6992086172103882 | [0.25] | -0.0062903057690949496
-0.6767606735229492 | [0.26] | -0.006891787739157155
-0.6528102159500122 | [0.27] | -0.007487430568414112
-0.627504289150238 | [0.28] | -0.008066955924117516
-0.6010056138038635 | [0.29] | -0.008619613800370893
-0.5734912157058716 | [0.3] | -0.009134569022854283
-0.545150637626648 | [0.31] | -0.009601335858885706
-0.5161837339401245 | [0.32] | -0.01001023468120129
-0.48679786920547485 | [0.32] | -0.010352833677708569
-0.45720481872558594 | [0.33] | -0.010622333204071667
-0.42761754989624023 | [0.33] | -0.010813861376624262
-0.39824697375297546 | [0.33] | -0.010924653331877482
-0.3692987561225891 | [0.33] | -0.010954102827580282
-0.3409704267978668 | [0.33] | -0.010903679663805456
-0.3134489953517914 | [0.33] | -0.010776733087176082
-0.28690892457962036 | [0.33] | -0.010578205207175444
-0.2615106999874115 | [0.32] | -0.01031428464991524
-0.23740004003047943 | [0.32] | -0.009992036297627939
-0.21470753848552704 | [0.31] | -0.009619037601165685
-0.19354888796806335 | [0.3] | -0.009203048910574912
-0.17402546107769012 | [0.3] | -0.008751735905392306
-0.15622524917125702 | [0.29] | -0.008272452518576653
-0.14022402465343475 | [0.28] | -0.007772090880802113
-0.12608666718006134 | [0.27] | -0.007256992139709784
-0.11386848986148834 | [0.26] | -0.006732912759292518
-0.1036166399717331 | [0.25] | -0.006205033898271838
-0.09537132829427719 | [0.24] | -0.005678006286246106
-0.08916695415973663 | [0.23] | -0.005156017315601435
-0.08503306657075882 | [0.22] | -0.004642871657783637
-0.08299506455659866 | [0.2] | -0.004142075721517198
-0.08307468891143799 | [0.19] | -0.003656918338935112
-0.08529023081064224 | [0.18] | -0.0031905408093506056
-0.08965644985437393 | [0.17] | -0.002745990377993552
-0.09618421643972397 | [0.15] | -0.002326251685000265
-0.10487984120845795 | [0.14] | -0.0019342519524353412
-0.11574412137269974 | [0.13] | -0.0015728362455628875
-0.1287710815668106 | [0.11] | -0.0012447095017726227
-0.14394645392894745 | [0.1] | -0.0009523462110823172
-0.1612459272146225 | [0.08] | -0.0006978669255387097
-0.18063326179981232 | [0.07] | -0.00048288846215630005
-0.20205818116664886 | [0.06] | -0.0003083543179588674
-0.2254543900489807 | [0.04] | -0.000174361032649403
-0.25073760747909546 | [0.03] | -7.99963848961723e-05
-0.27780383825302124 | [0.02] | -2.321201095066856e-05
-0.30652809143066406 | [0.] | -7.543088726556097e-07
-0.3367636203765869 | [-0.01] | -8.176456204895371e-06
-0.36834174394607544 | [-0.02] | -3.9949094170415044e-05
-0.40107262134552 | [-0.03] | -8.967852353726654e-05
-0.43474680185317993 | [-0.04] | -0.0001504275600545793
-0.46913769841194153 | [-0.05] | -0.00021511943671960487
-0.5040048360824585 | [-0.05] | -0.0002769888569391665
-0.539097785949707 | [-0.06] | -0.00033003598169882407
-0.5741606950759888 | [-0.06] | -0.0003694317710802063
-0.6089370250701904 | [-0.06] | -0.0003918297830311859
-0.6431741714477539 | [-0.06] | -0.0003955507175006989
-0.6766279339790344 | [-0.06] | -0.0003806233651276524
-0.7090664505958557 | [-0.06] | -0.0003486889531493922
-0.7402731776237488 | [-0.06] | -0.0003027897491164177
-0.7700494527816772 | [-0.05] | -0.0002470807954487242
-0.7982157468795776 | [-0.04] | -0.00018650366120252397
-0.8246123790740967 | [-0.04] | -0.00012646432886807618
-0.849099338054657 | [-0.03] | -7.254568771972765e-05
-0.8715553283691406 | [-0.02] | -3.027722596181705e-05
-0.8918765187263489 | [-0.01] | -4.971216721211258e-06
-0.9099748134613037 | [0.] | -1.6259365501954067e-06
-0.925775945186615 | [0.02] | -2.4887751509333232e-05
-0.9392174482345581 | [0.03] | -7.905965225049564e-05
-0.9502468109130859 | [0.04] | -0.00016814157156737377
-0.9588196277618408 | [0.05] | -0.0002958873906919754
-0.9648982286453247 | [0.07] | -0.0004658642110277767
-0.9684502482414246 | [0.08] | -0.0006815022035515455
-0.969447910785675 | [0.1] | -0.0009461228633641157
-0.967867374420166 | [0.11] | -0.001262937414232988
-0.9636887311935425 | [0.13] | -0.0016350061811372784
-0.9568963050842285 | [0.14] | -0.0020651526414661877
-0.9474794864654541 | [0.16] | -0.0025558255978500055
-0.9354339241981506 | [0.18] | -0.0031089065893588064
-0.9207630753517151 | [0.19] | -0.003725461896521642
-0.9034804105758667 | [0.21] | -0.00440544104756177
-0.8836116790771484 | [0.23] | -0.005147334934819947
-0.8611977100372314 | [0.24] | -0.005947807436139308
-0.8362971544265747 | [0.26] | -0.006801334350323037
-0.8089892864227295 | [0.28] | -0.0076998841906818025
-0.7793768644332886 | [0.29] | -0.008632692957275413
-0.7475881576538086 | [0.31] | -0.009586187150360331
-0.7137787342071533 | [0.32] | -0.010544108710730055
-0.6781319975852966 | [0.34] | -0.01148788961619613
-0.6408589482307434 | [0.35] | -0.01239729612395734
-0.6021962761878967 | [0.36] | -0.013251326798216681
-0.5624035596847534 | [0.37] | -0.014029324570729843
-0.5217586159706116 | [0.38] | -0.014712191523699642
-0.48055213689804077 | [0.39] | -0.015283593269792652
-0.43908119201660156 | [0.4] | -0.015731007343930802
-0.39764243364334106 | [0.4] | -0.016046481582567367
-0.35652515292167664 | [0.4] | -0.016227018368253923
-0.3160048723220825 | [0.4] | -0.016274540647682068
-0.27633771300315857 | [0.4] | -0.01619545698722209
-0.2377558946609497 | [0.4] | -0.01599991309654592
-0.2004646509885788 | [0.4] | -0.015700829837881358
-0.164640411734581 | [0.39] | -0.015312862265436947
-0.1304304003715515 | [0.39] | -0.014851389390973004
-0.09795337170362473 | [0.38] | -0.014331631057420602
-0.06730132550001144 | [0.37] | -0.013767940640071953
-0.03854191303253174 | [0.36] | -0.013173298574980733
-0.011721383780241013 | [0.35] | -0.012559009706578509
0.013132271356880665 | [0.35] | -0.011934566654258969
0.03600606322288513 | [0.34] | -0.011307656713819303
0.056898828595876694 | [0.33] | -0.010684263844759397
0.07581822574138641 | [0.32] | -0.010068839520853893
0.09277798980474472 | [0.31] | -0.009464509564717408
0.10779543220996857 | [0.3] | -0.008873292333260814
0.12088928371667862 | [0.29] | -0.00829631691858421
0.13207779824733734 | [0.28] | -0.0077340272497306356
0.14137716591358185 | [0.27] | -0.0071863695777051526
0.14880014955997467 | [0.26] | -0.0066529608766595335
0.1543550193309784 | [0.25] | -0.00613323795451977
0.15804465115070343 | [0.24] | -0.0056265894654595125
0.1598658710718155 | [0.23] | -0.005132474291605507
0.1598089635372162 | [0.22] | -0.004650527588148318
0.15785738825798035 | [0.2] | -0.0041806575126958154
0.15398764610290527 | [0.19] | -0.00372313418046883
0.1481693834066391 | [0.18] | -0.0032786715299586004
0.14036567509174347 | [0.17] | -0.0028485016077569327
0.13053353130817413 | [0.16] | -0.002434438771142694
0.11862467229366302 | [0.14] | -0.0020389295482448797
0.1045866459608078 | [0.13] | -0.0016650832919775775
0.08836422860622406 | [0.11] | -0.0013166734339481458
0.06990125775337219 | [0.1] | -0.000998098801075287
0.04914291203022003 | [0.08] | -0.0007142934987842246
0.026038460433483124 | [0.07] | -0.0004705689278421619
0.0005445295246317983 | [0.05] | -0.00027237598808779826
-0.027371114119887352 | [0.04] | -0.00012497749426870173
-0.05772530660033226 | [0.02] | -3.302634882671747e-05
-0.09051484614610672 | [0.] | -5.9164713320572277e-08
-0.1257116198539734 | [-0.02] | -2.7930741239433767e-05
-0.16325777769088745 | [-0.03] | -0.00011623662801597232
-0.20306117832660675 | [-0.05] | -0.00026179411273847836
-0.24499161541461945 | [-0.07] | -0.000458270441983233
-0.2888782024383545 | [-0.08] | -0.0006960576279000017
-0.33450841903686523 | [-0.1] | -0.000962481921762113
-0.3816291391849518 | [-0.11] | -0.0012424020605650275
-0.42994993925094604 | [-0.12] | -0.0015191930083476633
-0.4791487753391266 | [-0.13] | -0.0017760387873906837
-0.5288798809051514 | [-0.14] | -0.001997374728851284
-0.578783392906189 | [-0.15] | -0.002170280199097206
-0.6284958720207214 | [-0.15] | -0.0022856012996025055
-0.6776613593101501 | [-0.15] | -0.002338630365866534
-0.7259414196014404 | [-0.15] | -0.0023292443564378053
-0.7730243802070618 | [-0.15] | -0.002261519102479076
-0.8186319470405579 | [-0.15] | -0.002142918420140917
-0.862524151802063 | [-0.14] | -0.0019832301047609355
-0.9045015573501587 | [-0.13] | -0.0017934327464473794
-0.9444054365158081 | [-0.13] | -0.0015846545907525944
-0.9821161031723022 | [-0.12] | -0.0013673397601060662
-1.0175496339797974 | [-0.11] | -0.0011506737839940139
-1.0506539344787598 | [-0.1] | -0.0009422671171213662
-1.0814039707183838 | [-0.09] | -0.0007480647569809481
-1.1097968816757202 | [-0.08] | -0.0005724250534656954
-1.1358473300933838 | [-0.06] | -0.00041831141903569984
-1.1595826148986816 | [-0.05] | -0.00028754249475769803
-1.1810390949249268 | [-0.04] | -0.00018106314501899635
-1.2000000476837158 | [0.08] | -0.0006399999237060572
-1.1976381540298462 | [0.09] | -0.000882381828466837
-1.1928856372833252 | [0.11] | -0.0011723649695135423
-1.1857057809829712 | [0.12] | -0.0015146905238122522
-1.1760540008544922 | [0.14] | -0.001914758389672369
-1.163879156112671 | [0.15] | -0.0023785707466881753
-1.1491246223449707 | [0.17] | -0.0029126221542368877
-1.131730079650879 | [0.19] | -0.003523717042119545
-1.1116338968276978 | [0.21] | -0.004218695959703953
-1.0887761116027832 | [0.22] | -0.005004046997478417
-1.0631022453308105 | [0.24] | -0.005885387084249753
-1.0345673561096191 | [0.26] | -0.006866798154745519
-1.003141164779663 | [0.28] | -0.007950018498204493
-0.9688138365745544 | [0.3] | -0.00913351614604614
-0.9316020011901855 | [0.32] | -0.01041149533570943
-0.8915549516677856 | [0.34] | -0.011772942611817744
-0.8487608432769775 | [0.36] | -0.013200839321654593
-0.8033518195152283 | [0.38] | -0.014671741311741971
-0.7555078864097595 | [0.4] | -0.016155903266217166
-0.7054586410522461 | [0.42] | -0.017618132015189365
-0.6534825563430786 | [0.44] | -0.019019471181044665
-0.5999026298522949 | [0.45] | -0.02031966750017385
-0.545079231262207 | [0.46] | -0.021480239115902806
-0.48939964175224304 | [0.47] | -0.02246775894094205
-0.4332650899887085 | [0.48] | -0.02325688156061194
-0.3770763874053955 | [0.49] | -0.02383263237920459
-0.3212192952632904 | [0.49] | -0.02419157041220628
-0.2660507261753082 | [0.49] | -0.024341659279174983
-0.2118871659040451 | [0.49] | -0.024300947422406835
-0.1589958667755127 | [0.49] | -0.02409533061125669
-0.10758921504020691 | [0.49] | -0.023755840610295842
-0.057822369039058685 | [0.48] | -0.023315906202440728
-0.009793705306947231 | [0.48] | -0.02280892219437983
0.03645241633057594 | [0.47] | -0.022266389458246865
0.08092128485441208 | [0.47] | -0.021716675943672187
0.12366247177124023 | [0.46] | -0.021184401097535933
0.1647641360759735 | [0.45] | -0.020690313852145814
0.20434734225273132 | [0.45] | -0.02025155778989885
0.24256081879138947 | [0.45] | -0.019882165917195244
0.2795763313770294 | [0.44] | -0.01959369414731171
0.31558480858802795 | [0.44] | -0.019395885895513817
0.35079309344291687 | [0.44] | -0.019297336699287196
0.3854215443134308 | [0.44] | -0.019306106571653207
0.4197021722793579 | [0.44] | 99.980569726617
Total reward: 97.04302160457297
0.1, 5.8, 0.2
parameter ends

state | action | reward
[-0.4] | [0.16] | -0.0025559025388622925
-0.4019381105899811 | [0.16] | -0.0024334396789956977
-0.40325358510017395 | [0.15] | -0.0023117666234836105
-0.405224084854126 | [0.15] | -0.002191840628506787
-0.4078417718410492 | [0.14] | -0.0020745553893296033
-0.4110942482948303 | [0.14] | -0.0019607331653729632
-0.41496455669403076 | [0.14] | -0.0018511186274318674
-0.4194311797618866 | [0.13] | -0.001746374553964032
-0.42446818947792053 | [0.13] | -0.0016470790093579745
-0.4300452470779419 | [0.12] | -0.0015537252766507058
-0.43612781167030334 | [0.12] | -0.0014667230380017795
-0.44267722964286804 | [0.12] | -0.0013864020307413833
-0.44965100288391113 | [0.11] | -0.0013130174083420488
-0.4570029675960541 | [0.11] | -0.0012467569884479232
-0.4646835923194885 | [0.11] | -0.001187750191387406
-0.4726403057575226 | [0.11] | -0.0011360779159556409
-0.48081785440444946 | [0.1] | -0.001091783363577573
-0.48915866017341614 | [0.1] | -0.0010548839090775738
-0.49760323762893677 | [0.1] | -0.0010253822404067557
-0.5060907006263733 | [0.1] | -0.0010032771921523627
-0.5145591497421265 | [0.1] | -0.0009885738897310293
-0.5229462385177612 | [0.1] | -0.0009812920376287132
-0.5311896204948425 | [0.1] | -0.0009814723714200412
-0.5392274856567383 | [0.1] | -0.0009891810115746312
-0.5469989776611328 | [0.1] | -0.0010045112938144177
-0.5544447898864746 | [0.1] | -0.0010275828544404006
-0.561507523059845 | [0.1] | -0.001058538344505886
-0.568132221698761 | [0.1] | -0.0010975370856809977
-0.574266791343689 | [0.11] | -0.0011447466919137302
-0.5798622965812683 | [0.11] | -0.001200332894262631
-0.5848734974861145 | [0.11] | -0.0012644465462656775
-0.5892590880393982 | [0.12] | -0.0013372103525323097
-0.5929819345474243 | [0.12] | -0.0014187040668617468
-0.5960094928741455 | [0.12] | -0.0015089488695806518
-0.5983139872550964 | [0.13] | -0.001607892060907925
-0.5998725891113281 | [0.13] | -0.0017153919357924007
-0.6006676554679871 | [0.14] | -0.0018312033584126097
-0.6006868481636047 | [0.14] | -0.0019549646858206702
-0.5999232530593872 | [0.14] | -0.0020861863707393887
-0.5983755588531494 | [0.15] | -0.002224241462105936
-0.5960480570793152 | [0.15] | -0.0023683592567189903
-0.5929505825042725 | [0.16] | -0.002517622157692399
-0.5890987515449524 | [0.16] | -0.002670964794423766
-0.5845136642456055 | [0.17] | -0.0028271790113052597
-0.5792220234870911 | [0.17] | -0.002984921254647059
-0.5732560157775879 | [0.18] | -0.0031427254450158053
-0.5666530132293701 | [0.18] | -0.0032990205016421785
-0.5594555735588074 | [0.19] | -0.0034521512746973483
-0.5517110228538513 | [0.19] | -0.0036004051145950215
-0.5434712767601013 | [0.19] | -0.003742040530058403
-0.5347923636436462 | [0.2] | -0.00387532042450598
-0.5257342457771301 | [0.2] | -0.003998545845906993
-0.5163601636886597 | [0.2] | -0.004110092365209733
-0.5067362785339355 | [0.21] | -0.0042084447989559496
-0.4969310760498047 | [0.21] | -0.004292231686524608
-0.48701491951942444 | [0.21] | -0.00436025618220312
-0.47705936431884766 | [0.21] | -0.004411524048372261
-0.4671366810798645 | [0.21] | -0.004445265199861466
-0.4573191702365875 | [0.21] | -0.004460951450741044
-0.44767868518829346 | [0.21] | -0.004458306193623054
-0.4382859468460083 | [0.21] | -0.00443730951002015
-0.4292101263999939 | [0.21] | -0.004398194560454409
-0.4205182194709778 | [0.21] | -0.004341439659741402
-0.41227462887763977 | [0.21] | -0.0042677545498591915
-0.40454062819480896 | [0.2] | -0.0041780609880615474
-0.39737409353256226 | [0.2] | -0.004073470517021449
-0.39082905650138855 | [0.2] | -0.003955258936260042
-0.38495534658432007 | [0.2] | -0.0038248393085105106
-0.37979838252067566 | [0.19] | -0.0036837332112868385
-0.3753988742828369 | [0.19] | -0.0035335427055139586
-0.37179264426231384 | [0.18] | -0.0033759220412248134
-0.36901041865348816 | [0.18] | -0.0032125509453880654
-0.36707761883735657 | [0.17] | -0.003045109328791774
-0.3660143315792084 | [0.17] | -0.0028752529520381285
-0.365835040807724 | [0.16] | -0.0027045920254153183
-0.3665485978126526 | [0.16] | -0.002534670667601032
-0.36815813183784485 | [0.15] | -0.0023669488062793135
-0.3706609010696411 | [0.15] | -0.0022027862518659773
-0.37404826283454895 | [0.14] | -0.002043428362961622
-0.3783055543899536 | [0.14] | -0.0018899944724576933
-0.3834121525287628 | [0.13] | -0.0017434679200385309
-0.3893413841724396 | [0.13] | -0.001604689434440742
-0.3960605263710022 | [0.12] | -0.0014743530070774641
-0.40353089570999146 | [0.12] | -0.0013530050195348872
-0.41170796751976013 | [0.11] | -0.001241046526573134
-0.4205414354801178 | [0.11] | -0.0011387399399372146
-0.4299755096435547 | [0.1] | -0.0010462186384927604
-0.4399491250514984 | [0.1] | -0.0009635006610663855
-0.450396329164505 | [0.09] | -0.0008905062224895564
-0.4612465798854828 | [0.09] | -0.0008270779926122225
-0.47242534160614014 | [0.09] | -0.0007730037470536919
-0.4838545322418213 | [0.09] | -0.0007280408750248981
-0.4954530894756317 | [0.08] | -0.0006919412334077259
-0.5071377158164978 | [0.08] | -0.0006644752681454437
-0.518823504447937 | [0.08] | -0.0006454546824921012
-0.5304245948791504 | [0.08] | -0.000634752073571489
-0.541854977607727 | [0.08] | -0.00063231658286252
-0.5530292391777039 | [0.08] | -0.0006381847611305117
-0.563863217830658 | [0.08] | -0.0006524866416740599
-0.5742747783660889 | [0.08] | -0.0006754455204519009
-0.584184467792511 | [0.08] | -0.0007073728835950413
-0.5935161113739014 | [0.09] | -0.000748657689472532
-0.6021974086761475 | [0.09] | -0.0007997509231661411
-0.6101605296134949 | [0.09] | -0.0008611461201455952
-0.617342472076416 | [0.1] | -0.0009333562619601781
-0.6236856579780579 | [0.1] | -0.0010168880426071416
-0.629138171672821 | [0.11] | -0.0011122145804669165
-0.6336541175842285 | [0.11] | -0.0012197468026054295
-0.6371939182281494 | [0.12] | -0.001339804298206385
-0.6397244930267334 | [0.12] | -0.0014725866284146635
-0.6412196159362793 | [0.13] | -0.0016181448224410187
-0.6416599750518799 | [0.13] | -0.0017763549978882594
-0.6410333514213562 | [0.14] | -0.0019468934973773376
-0.6393347978591919 | [0.15] | -0.0021292146042519488
-0.6365666389465332 | [0.15] | -0.002322532126340877
-0.6327387690544128 | [0.16] | -0.0025258041599819474
-0.6278684735298157 | [0.17] | -0.002737724477981774
-0.6219806671142578 | [0.17] | -0.0029567186283179997
-0.6151077747344971 | [0.18] | -0.0031809481551165076
-0.6072896122932434 | [0.18] | -0.0034083228052412956
-0.5985733866691589 | [0.19] | -0.0036365210686701505
-0.5890135765075684 | [0.2] | -0.003863019438992594
-0.5786714553833008 | [0.2] | -0.004085133422895399
-0.5676149725914001 | [0.21] | -0.004300064688007722
-0.555918276309967 | [0.21] | -0.004504958296819235
-0.5436612367630005 | [0.22] | -0.004696965425150662
-0.5309287309646606 | [0.22] | -0.004873311651045015
-0.5178101062774658 | [0.22] | -0.005031365284554614
-0.5043984055519104 | [0.23] | -0.0051687067368230595
-0.49078962206840515 | [0.23] | -0.005283191872915826
-0.4770817458629608 | [0.23] | -0.005373010697699316
-0.46337389945983887 | [0.23] | -0.005436733906066346
-0.44976553320884705 | [0.23] | -0.005473348931983127
-0.43635547161102295 | [0.23] | -0.0054822820111122515
-0.4232410788536072 | [0.23] | -0.005463406536149533
-0.41051745414733887 | [0.23] | -0.005417037443390128
-0.3982766568660736 | [0.23] | -0.0053439122358223375
-0.38660702109336853 | [0.23] | -0.0052451616963883245
-0.3755926191806793 | [0.23] | -0.0051222696823365966
-0.3653126657009125 | [0.22] | -0.004977028347288868
-0.35584110021591187 | [0.22] | -0.004811487164567117
-0.3472462296485901 | [0.22] | -0.004627901650938121
-0.33959048986434937 | [0.21] | -0.0044286807309619125
-0.3329301178455353 | [0.21] | -0.004216337898969304
-0.3273150324821472 | [0.2] | -0.003993444199306727
-0.32278868556022644 | [0.19] | -0.003762585726322844
-0.3193880021572113 | [0.19] | -0.00352632524235934
-0.31714320182800293 | [0.18] | -0.0032871683884059645
-0.31607773900032043 | [0.17] | -0.0030475337083870394
-0.31620821356773376 | [0.17] | -0.00280972575182117
-0.31754428148269653 | [0.16] | -0.002575911204148863
-0.3200884461402893 | [0.15] | -0.0023480976099413153
-0.32383599877357483 | [0.15] | -0.0021281131011694743
-0.3287748694419861 | [0.14] | -0.0019175883562552094
-0.3348854184150696 | [0.13] | -0.0017179399056521
-0.3421403169631958 | [0.12] | -0.0015303555581392533
-0.3505043685436249 | [0.12] | -0.0013557825259052907
-0.35993441939353943 | [0.11] | -0.0011949187403986158
-0.370379239320755 | [0.1] | -0.0010482094171768341
-0.38177958130836487 | [0.1] | -0.0009158485658275703
-0.39406824111938477 | [0.09] | -0.0007977885262010581
-0.4071701169013977 | [0.08] | -0.000693756728555493
-0.4210026264190674 | [0.08] | -0.0006032809181016949
-0.43547600507736206 | [0.07] | -0.0005257230254512567
-0.45049387216567993 | [0.07] | -0.00046032073294870966
-0.46595388650894165 | [0.06] | -0.0004062351218769368
-0.48174846172332764 | [0.06] | -0.0003626033226800954
-0.49776577949523926 | [0.06] | -0.0003285926395502983
-0.5138906836509705 | [0.06] | -0.00030345342011895294
-0.5300057530403137 | [0.05] | -0.0002865686658069189
-0.5459924340248108 | [0.05] | -0.0002774956474897141
-0.561732292175293 | [0.05] | -0.00027599851800548997
-0.5771079659461975 | [0.05] | -0.0002820698327807298
-0.5920043587684631 | [0.05] | -0.00029593963944981905
-0.606309711933136 | [0.06] | -0.0003180721231866749
-0.6199164986610413 | [0.06] | -0.0003491508397927456
-0.6327222585678101 | [0.06] | -0.0003900532399444857
-0.644630491733551 | [0.07] | -0.0004418168706426893
-0.6555510759353638 | [0.07] | -0.000505599039967552
-0.6654009819030762 | [0.08] | -0.0005826314904463511
-0.6741046905517578 | [0.08] | -0.000674172796385569
-0.6815944314002991 | [0.09] | -0.000781459542755566
-0.687810480594635 | [0.1] | -0.0009056570955362996
-0.6927013993263245 | [0.1] | -0.0010478108850742634
-0.6962242126464844 | [0.11] | -0.0012087987543483746
-0.6983444690704346 | [0.12] | -0.0013892843379098455
-0.6990365982055664 | [0.13] | -0.0015896710644075923
-0.6982837319374084 | [0.13] | -0.0018100587082244405
-0.6960780620574951 | [0.14] | -0.002050200168098366
-0.6924209594726562 | [0.15] | -0.0023094613631585163
-0.6873231530189514 | [0.16] | -0.002586784681702995
-0.680804967880249 | [0.17] | -0.0028806576991219617
-0.6728963851928711 | [0.18] | -0.0031890901510421062
-0.6636372208595276 | [0.19] | -0.0035096003732337277
-0.6530774235725403 | [0.2] | -0.003839215345382691
-0.6412768363952637 | [0.2] | -0.004174487893508073
-0.6283054351806641 | [0.21] | -0.004511530753630348
-0.6142429709434509 | [0.22] | -0.004846074181106116
-0.5991787910461426 | [0.23] | -0.005173542640735121
-0.5832114219665527 | [0.23] | -0.0054891545077800225
-0.566447913646698 | [0.24] | -0.00578804062603834
-0.5490030646324158 | [0.25] | -0.0060653759307833805
-0.5309984683990479 | [0.25] | -0.006316523667950232
-0.5125613808631897 | [0.26] | -0.0065371785226174045
-0.4938235282897949 | [0.26] | -0.006723505063689655
-0.47491973638534546 | [0.26] | -0.006872261568265663
-0.45598652958869934 | [0.26] | -0.006980903234000482
-0.4371606111526489 | [0.27] | -0.00704765686013363
-0.41857752203941345 | [0.27] | -0.007071563261760879
-0.4003702402114868 | [0.27] | -0.007052485238092371
-0.3826679289340973 | [0.26] | -0.0069910868167795655
-0.3655947744846344 | [0.26] | -0.00688877752049249
-0.3492690622806549 | [0.26] | -0.006747637963017314
-0.33380240201950073 | [0.26] | -0.00657032289348354
-0.31929904222488403 | [0.25] | -0.006359958556504643
-0.30585551261901855 | [0.25] | -0.006120032048205243
-0.293560266494751 | [0.24] | -0.005854286855533364
-0.2824936509132385 | [0.24] | -0.005566623732537748
-0.2727278172969818 | [0.23] | -0.005261014028475162
-0.264326810836792 | [0.22] | -0.004941425217881162
-0.2573466897010803 | [0.21] | -0.004611761289879754
-0.2518356442451477 | [0.21] | -0.004275815698626723
-0.247834250330925 | [0.2] | -0.003937235628316482
-0.24537546932697296 | [0.19] | -0.0035994959965664182
-0.2444847971200943 | [0.18] | -0.0032658797275900322
-0.24518020451068878 | [0.17] | -0.0029394619248881396
-0.2474721074104309 | [0.16] | -0.0026230949600054647
-0.2513631582260132 | [0.15] | -0.0023193925998753816
-0.256848007440567 | [0.14] | -0.0020307112959906688
-0.26391294598579407 | [0.13] | -0.0017591273857779808
-0.27253544330596924 | [0.12] | -0.001506410536986427
-0.28268375992774963 | [0.11] | -0.0012739937945073368
-0.2943163812160492 | [0.1] | -0.0010629421984482631
-0.3073815405368805 | [0.09] | -0.0008739228502017536
-0.3218167722225189 | [0.08] | -0.0007071800029716512
-0.33754846453666687 | [0.08] | -0.0005625189376726232
-0.3544917106628418 | [0.07] | -0.0004393035721654443
-0.3725501298904419 | [0.06] | -0.0003364711568190751
-0.3916160464286804 | [0.05] | -0.0002525681121288278
-0.41157078742980957 | [0.04] | -0.0001858084050406808
-0.432285338640213 | [0.04] | -0.00013415421920017767
-0.4536212682723999 | [0.03] | -9.541607227777931e-05
-0.4754318594932556 | [0.03] | -6.736859346001946e-05
-0.49756351113319397 | [0.02] | -4.787402723951174e-05
-0.5198574066162109 | [0.02] | -3.5005360577398155e-05
-0.5421512722969055 | [0.02] | -2.716024435707095e-05
-0.5642813444137573 | [0.02] | -2.315677425687963e-05
-0.586084246635437 | [0.01] | -2.230468547595361e-05
-0.6073988676071167 | [0.02] | -2.4446736071373645e-05
-0.6280680894851685 | [0.02] | -2.9969098636166235e-05
-0.6479406356811523 | [0.02] | -3.978162105615257e-05
-0.6668721437454224 | [0.02] | -5.527204029342002e-05
-0.6847265958786011 | [0.03] | -7.823967558955555e-05
-0.7013771533966064 | [0.03] | -0.00011081522890276945
-0.7167067527770996 | [0.04] | -0.00015537386493158576
-0.7306085824966431 | [0.05] | -0.00021444668856199537
-0.7429863214492798 | [0.05] | -0.0002906358116743433
-0.7537540197372437 | [0.06] | -0.0003865361859298568
-0.762836217880249 | [0.07] | -0.0005046640397965034
-0.7701677083969116 | [0.08] | -0.0006473927769678852
-0.7756932973861694 | [0.09] | -0.0008168943072607726
-0.7793677449226379 | [0.1] | -0.001015082802061309
-0.7811555862426758 | [0.11] | -0.0012435586386120875
-0.7810310125350952 | [0.12] | -0.0015035497945154368
-0.7789780497550964 | [0.13] | -0.0017958478591862557
-0.7749906778335571 | [0.15] | -0.0021207382217269684
-0.7690731883049011 | [0.16] | -0.0024779241025132273
-0.7612404227256775 | [0.17] | -0.002866446245798273
-0.7515186071395874 | [0.18] | -0.0032846009411843223
-0.739945650100708 | [0.19] | -0.003729863188116293
-0.7265719771385193 | [0.2] | -0.004198820887901425
-0.7114609479904175 | [0.22] | -0.00468712968144746
-0.6946896314620972 | [0.23] | -0.005189496891217702
-0.6763490438461304 | [0.24] | -0.005699706425768499
-0.6565443873405457 | [0.25] | -0.006210692070072332
-0.6353950500488281 | [0.26] | -0.006714665500046519
-0.613034188747406 | [0.27] | -0.007203302285708335
-0.5896079540252686 | [0.28] | -0.007667982683140837
-0.5652745366096497 | [0.28] | -0.008100078433594948
-0.5402024388313293 | [0.29] | -0.00849126929981371
-0.5145688056945801 | [0.3] | -0.008833872407296339
-0.48855704069137573 | [0.3] | -0.009121157005854119
-0.4623546004295349 | [0.31] | -0.009347620153624376
-0.43615028262138367 | [0.31] | -0.009509204617804528
-0.4101317822933197 | [0.31] | -0.009603436788732874
-0.38448309898376465 | [0.31] | -0.00962947982639252
-0.359382301568985 | [0.31] | -0.009588092998546807
-0.3349994421005249 | [0.31] | -0.00948151741985779
-0.311494916677475 | [0.31] | -0.009313287205360654
-0.2890182137489319 | [0.3] | -0.009088001297981953
-0.2677069902420044 | [0.3] | -0.008811065301633367
-0.24768668413162231 | [0.29] | -0.008488432105072675
-0.22907035052776337 | [0.29] | -0.008126358733817727
-0.21195895969867706 | [0.28] | -0.0077311885488020385
-0.1964418739080429 | [0.27] | -0.007309177162500537
-0.1825975477695465 | [0.26] | -0.006866356872191158
-0.17049434781074524 | [0.25] | -0.006408445759927547
-0.16019147634506226 | [0.24] | -0.00594079590875779
-0.15173982083797455 | [0.23] | -0.005468375624225233
-0.14518281817436218 | [0.22] | -0.00499577717367868
-0.14055714011192322 | [0.21] | -0.004527244146831029
-0.13789331912994385 | [0.2] | -0.0040667092991824435
-0.13721612095832825 | [0.19] | -0.003617836554796135
-0.13854476809501648 | [0.18] | -0.003184059640445173
-0.1418929100036621 | [0.17] | -0.0027686120747675343
-0.1472683697938919 | [0.15] | -0.002374543194909196
-0.15467263758182526 | [0.14] | -0.002004716306883548
-0.16410017013549805 | [0.13] | -0.0016617858373675761
-0.17553746700286865 | [0.12] | -0.001348152496635585
-0.18896187841892242 | [0.1] | -0.0010658956102716551
-0.2043403685092926 | [0.09] | -0.0008166864217350908
-0.2216280847787857 | [0.08] | -0.0006016859091306353
-0.24076692759990692 | [0.06] | -0.00042143533829706176
-0.2616840898990631 | [0.05] | -0.00027575062841858616
-0.2842908799648285 | [0.04] | -0.0001636327122789374
-0.3084815442562103 | [0.03] | -8.320906706802767e-05
-0.3341326415538788 | [0.02] | -3.1720971843717935e-05
-0.36110273003578186 | [0.01] | -5.569972150058522e-06
-0.3892326354980469 | [-0.] | -4.31292563600962e-07
-0.4183463454246521 | [-0.01] | -1.143641963022968e-05
-0.44825243949890137 | [-0.02] | -3.3417837548219434e-05
-0.478746235370636 | [-0.02] | -6.120029615212262e-05
-0.509612500667572 | [-0.03] | -8.991452533854363e-05
-0.5406286120414734 | [-0.03] | -0.00011530410683993991
-0.5715680122375488 | [-0.04] | -0.00013399512069918844
-0.6022037863731384 | [-0.04] | -0.00014370105989137995
-0.6323123574256897 | [-0.04] | -0.00014334448275122542
-0.6616767048835754 | [-0.04] | -0.00013308660599300245
-0.6900895833969116 | [-0.03] | -0.00011426848134681069
-0.7173557281494141 | [-0.03] | -8.927770163032513e-05
-0.7432940006256104 | [-0.02] | -6.136223585905082e-05
-0.7677384614944458 | [-0.02] | -3.441634789738291e-05
-0.7905390858650208 | [-0.01] | -1.2763100934282125e-05
-0.8115618228912354 | [-0.] | -9.535695957679088e-07
-0.8306882381439209 | [0.01] | -3.5975098387643966e-06
-0.8478147387504578 | [0.02] | -2.523272460389208e-05
-0.8628514409065247 | [0.03] | -7.023476803144156e-05
-0.8757210969924927 | [0.04] | -0.00014276280887446223
-0.8863576054573059 | [0.05] | -0.0002467342882696509
-0.894705057144165 | [0.06] | -0.00038581830968850294
-0.9007164239883423 | [0.08] | -0.000563437730341323
-0.9043527245521545 | [0.09] | -0.0007827690841240385
-0.9055823683738708 | [0.1] | -0.0010467304839673
-0.9043807983398438 | [0.12] | -0.0013579493796108649
-0.9007303714752197 | [0.13] | -0.0017187027411097345
-0.8946207761764526 | [0.15] | -0.0021308239687368355
-0.8860496282577515 | [0.16] | -0.0025955736414863826
-0.8750233054161072 | [0.18] | -0.003113474413950743
-0.8615584373474121 | [0.19] | -0.0036841103353694735
-0.8456834554672241 | [0.21] | -0.004305899941132119
-0.8274403214454651 | [0.22] | -0.004975857260230156
-0.8068864941596985 | [0.24] | -0.00568935606575017
-0.784096896648407 | [0.25] | -0.006439925549990427
-0.7591657638549805 | [0.27] | -0.007219105950627078
-0.7322083115577698 | [0.28] | -0.008016401267033185
-0.7033616900444031 | [0.3] | -0.008819359404698445
-0.6727858185768127 | [0.31] | -0.00961381034257798
-0.6406629085540771 | [0.32] | -0.010384275160847271
-0.6071966290473938 | [0.33] | -0.011114545464947842
-0.5726098418235779 | [0.34] | -0.011788405043019014
-0.537141740322113 | [0.35] | -0.01239044670548072
-0.5010440945625305 | [0.36] | -0.012906902994765379
-0.4645766019821167 | [0.37] | -0.013326422720926247
-0.42800191044807434 | [0.37] | -0.013640694339397075
-0.39158040285110474 | [0.37] | -0.013844856336522866
-0.35556522011756897 | [0.37] | -0.013937648554677606
-0.32019758224487305 | [0.37] | -0.013921298470113808
-0.2857028543949127 | [0.37] | -0.013801159206209515
-0.25228744745254517 | [0.37] | -0.013585167013745389
-0.22013665735721588 | [0.36] | -0.013283177563680942
-0.18941351771354675 | [0.36] | -0.01290625928107255
-0.16025862097740173 | [0.35] | -0.012466019488988551
-0.1327907145023346 | [0.35] | -0.011974008067150533
-0.1071079894900322 | [0.34] | -0.011441239745119744
-0.08328993618488312 | [0.33] | -0.010877841335089039
-0.06139951944351196 | [0.32] | -0.010292833744237777
-0.04148557409644127 | [0.31] | -0.009694027065862438
-0.023585263639688492 | [0.3] | -0.009088010574275208
-0.007726503070443869 | [0.29] | -0.008480219145683135
0.006069740746170282 | [0.28] | -0.007875049625844748
0.01778733730316162 | [0.27] | -0.007276009436169101
0.027413103729486465 | [0.26] | -0.0066858832881725285
0.034935176372528076 | [0.25] | -0.006106904968188937
0.04034164547920227 | [0.24] | -0.005540925062577662
0.043619491159915924 | [0.22] | -0.0049895698170655525
0.044753771275281906 | [0.21] | -0.004454387467096478
0.04372712969779968 | [0.2] | -0.003936978152474483
0.0405195951461792 | [0.19] | -0.0034391059814056937
0.03510868176817894 | [0.17] | -0.0029627901485069752
0.02746981382369995 | [0.16] | -0.0025103724768058954
0.017577093094587326 | [0.14] | -0.0020845563921320677
0.0054044174030423164 | [0.13] | -0.0016884123640062228
-0.00907302089035511 | [0.12] | -0.001325343310216767
-0.0258768480271101 | [0.1] | -0.0009990026049055479
-0.045023221522569656 | [0.08] | -0.0007131584886521753
-0.06652015447616577 | [0.07] | -0.0004714989923216107
-0.090364471077919 | [0.05] | -0.0002773761970992888
-0.11653848737478256 | [0.04] | -0.00013349426899318193
-0.145006462931633 | [0.02] | -4.1555343897463665e-05
-0.1757110059261322 | [0.] | -1.8857553188006153e-06
-0.20856967568397522 | [-0.01] | -1.3081024281862437e-05
-0.24347186088562012 | [-0.03] | -7.171632299412433e-05
-0.28027647733688354 | [-0.04] | -0.00017217817732985256
-0.31881043314933777 | [-0.06] | -0.00030667238402509874
-0.3588685691356659 | [-0.07] | -0.0004654511558138852
-0.400214821100235 | [-0.08] | -0.0006372794847424079
-0.4425852298736572 | [-0.09] | -0.0008101229276205404
-0.48569226264953613 | [-0.1] | -0.0009720004108085099
-0.5292308926582336 | [-0.11] | -0.0011119081806664616
-0.5728854537010193 | [-0.11] | -0.001220691599874456
-0.6163374185562134 | [-0.11] | -0.0012917495308800233
-0.6592732667922974 | [-0.11] | -0.0013214708686039233
-0.701391875743866 | [-0.11] | -0.0013093536006906015
-0.7424109578132629 | [-0.11] | -0.0012578058685927679
-0.7820725440979004 | [-0.11] | -0.0011716871363304038
-0.8201464414596558 | [-0.1] | -0.0010576760498054517
-0.8564324975013733 | [-0.1] | -0.0009235678899406977
-0.8907610774040222 | [-0.09] | -0.0007776030972156778
-0.9229922294616699 | [-0.08] | -0.0006278952252809257
-0.9530137777328491 | [-0.07] | -0.00048200251501881116
-0.9807385802268982 | [-0.06] | -0.0003466601565837318
-1.0061012506484985 | [-0.05] | -0.00022765878832613966
-1.0290545225143433 | [-0.04] | -0.0001298456721210788
-1.0495654344558716 | [-0.02] | -5.721744184928481e-05
-1.0676122903823853 | [-0.01] | -1.3072099637265894e-05
-1.0831810235977173 | [0.] | -1.913082786794761e-07
-1.0962622165679932 | [0.01] | -2.103269687539801e-05
-1.1068487167358398 | [0.03] | -7.791567125635997e-05
-1.1149332523345947 | [0.04] | -0.00017319090717068326
-1.1205068826675415 | [0.06] | -0.0003093869592271066
-1.123557209968567 | [0.07] | -0.0004893308542675045
-1.1240679025650024 | [0.08] | -0.0007162389860194906
-1.1220178604125977 | [0.1] | -0.0009937764514903128
-1.117380976676941 | [0.12] | -0.0013260805629008148
-1.1101266145706177 | [0.13] | -0.0017177416694547341
-1.1002200841903687 | [0.15] | -0.0021737349445134137
-1.087623953819275 | [0.16] | -0.0026992901627513736
-1.0722997188568115 | [0.18] | -0.003299688614983673
-1.0542100667953491 | [0.2] | -0.003979972475283289
-1.033321738243103 | [0.22] | -0.0047445529799829515
-1.0096088647842407 | [0.24] | -0.005596711740515701
-0.9830570220947266 | [0.26] | -0.006537992555344374
-0.9536677598953247 | [0.28] | -0.007567497439858179
-0.921463668346405 | [0.29] | -0.008681125274637852
-0.8864933252334595 | [0.31] | -0.009870813381144372
-0.8488367199897766 | [0.33] | -0.01112387709057982
-0.8086095452308655 | [0.35] | -0.012422568129800839
-0.7659671902656555 | [0.37] | -0.01374398666819955
-0.721107006072998 | [0.39] | -0.015060490333542332
-0.6742685437202454 | [0.4] | -0.016340692744066933
-0.6257317662239075 | [0.42] | -0.017551070819103766
-0.5758125185966492 | [0.43] | -0.018658104123453447
-0.524855375289917 | [0.44] | -0.019630746270140633
-0.4732241928577423 | [0.45] | -0.020442916785934552
-0.42129117250442505 | [0.46] | -0.021075663088469185
-0.36942484974861145 | [0.46] | -0.02151866834241209
-0.31797823309898376 | [0.47] | -0.021770869140791495
-0.26727789640426636 | [0.47] | -0.021840115949825694
-0.2176150381565094 | [0.47] | -0.021741986481946814
-0.16923865675926208 | [0.46] | -0.021497978403016933
-0.12235143035650253 | [0.46] | -0.021133397228061162
-0.07710811495780945 | [0.45] | -0.020675248961176274
-0.03361615538597107 | [0.45] | -0.02015038031983701
0.008061843924224377 | [0.44] | -0.01958403999158693
0.04790438339114189 | [0.44] | -0.018998890021854474
0.08592651039361954 | [0.43] | -0.01841448220449147
0.12217492610216141 | [0.42] | -0.017847100012593067
0.15672308206558228 | [0.42] | -0.017309892652982994
0.18966658413410187 | [0.41] | -0.016813195725556847
0.22111904621124268 | [0.4] | -0.016364950722480957
0.25120848417282104 | [0.4] | -0.015971180940681687
0.2800743579864502 | [0.4] | -0.015636445839291465
0.30786511301994324 | [0.39] | -0.015364280616863396
0.3347364366054535 | [0.39] | -0.015157582975042772
0.36084988713264465 | [0.39] | -0.015018953635406413
0.3863719403743744 | [0.39] | -0.014950993517206204
0.4114736318588257 | [0.39] | -0.01495656081710562
0.43633025884628296 | [0.39] | 99.98496100592676
Total reward: 98.01850562137713
0.1, 5.8, 0.2
parameter ends

state | action | reward
[-0.53] | [0.15] | -0.002162415279192264
-0.5292199850082397 | [0.15] | -0.0022085934770543145
-0.5286901593208313 | [0.15] | -0.002256118250771736
-0.5278968811035156 | [0.15] | -0.0023046692300857535
-0.5268436670303345 | [0.15] | -0.00235390506084884
-0.5255359411239624 | [0.16] | -0.002403465097222887
-0.5239811539649963 | [0.16] | -0.002452971311341955
-0.5221885442733765 | [0.16] | -0.0025020320766659557
-0.5201692581176758 | [0.16] | -0.0025502449482443907
-0.5179361701011658 | [0.16] | -0.002597200948759114
-0.5155038237571716 | [0.16] | -0.002642488786250267
-0.5128883123397827 | [0.16] | -0.0026856995864093097
-0.5101073384284973 | [0.17] | -0.0027264310445827386
-0.5071797966957092 | [0.17] | -0.002764293725721623
-0.5041259527206421 | [0.17] | -0.0027989148429350247
-0.5009671449661255 | [0.17] | -0.0028299441549330395
-0.49772560596466064 | [0.17] | -0.0028570587924956294
-0.49442437291145325 | [0.17] | -0.002879967863689919
-0.4910871088504791 | [0.17] | -0.002898416723133437
-0.4877379238605499 | [0.17] | -0.002912190891883458
-0.4844011962413788 | [0.17] | -0.0029211194191830167
-0.4811014235019684 | [0.17] | -0.002925077427039231
-0.4778629541397095 | [0.17] | -0.0029239885709914037
-0.47470995783805847 | [0.17] | -0.0029178256459104035
-0.4716660678386688 | [0.17] | -0.002906611892866044
-0.468754380941391 | [0.17] | -0.0028904200516898394
-0.4659971594810486 | [0.17] | -0.0028693718194055923
-0.4634157121181488 | [0.17] | -0.0028436360552702346
-0.4610302448272705 | [0.17] | -0.0028134262947514983
-0.4588596820831299 | [0.17] | -0.002778997934480892
-0.4569215774536133 | [0.17] | -0.0027406443796281228
-0.4552318751811981 | [0.16] | -0.002698693536166006
-0.45380493998527527 | [0.16] | -0.0026535027916204466
-0.45265328884124756 | [0.16] | -0.002605455022207837
-0.4517875909805298 | [0.16] | -0.002554953258370011
-0.45121657848358154 | [0.16] | -0.002502415863910134
-0.4509468972682953 | [0.16] | -0.0024482718421794053
-0.45098307728767395 | [0.15] | -0.002392955844066318
-0.45132753252983093 | [0.15] | -0.0023369033100259485
-0.45198050141334534 | [0.15] | -0.0022805461829647827
-0.4529399573802948 | [0.15] | -0.002224309023580721
-0.45420166850090027 | [0.15] | -0.0021686049852853518
-0.4557592272758484 | [0.15] | -0.002113832456438183
-0.45760399103164673 | [0.14] | -0.0020603725051730054
-0.45972517132759094 | [0.14] | -0.002008586282336899
-0.46210989356040955 | [0.14] | -0.0019588130956099676
-0.4647432267665863 | [0.14] | -0.001911369289961205
-0.46760833263397217 | [0.14] | -0.001866546969630309
-0.4706864356994629 | [0.14] | -0.0018246141815823772
-0.4739571213722229 | [0.13] | -0.001785814205923636
-0.4773982763290405 | [0.13] | -0.0017503667057696187
-0.4809863865375519 | [0.13] | -0.0017184677868751987
-0.48469656705856323 | [0.13] | -0.0016902916441196279
-0.4885028600692749 | [0.13] | -0.0016659911093814571
-0.49237826466560364 | [0.13] | -0.0016456995420375403
-0.4962950646877289 | [0.13] | -0.0016295317212962684
-0.5002249479293823 | [0.13] | -0.0016175851978537312
-0.5041391849517822 | [0.13] | -0.0016099416066902334
-0.5080089569091797 | [0.13] | -0.0016066670716934892
-0.5118054747581482 | [0.13] | -0.0016078131808532092
-0.5155002474784851 | [0.13] | -0.0016134169362832821
-0.5190652012825012 | [0.13] | -0.0016235010415504775
-0.5224730372428894 | [0.13] | -0.0016380727970424604
-0.5256973505020142 | [0.13] | -0.001657123425280755
-0.528712809085846 | [0.13] | -0.0016806268540984532
-0.5314954519271851 | [0.13] | -0.001708537595194323
-0.5340228080749512 | [0.13] | -0.001740788997268131
-0.5362740755081177 | [0.13] | -0.001777290964509347
-0.5382303595542908 | [0.13] | -0.0018179272206063507
-0.5398746728897095 | [0.14] | -0.0018625533489106544
-0.5411922931671143 | [0.14] | -0.0019109935194572482
-0.5421706438064575 | [0.14] | -0.0019630389848125473
-0.5427995920181274 | [0.14] | -0.002018445339058901
-0.5430715084075928 | [0.14] | -0.002076930881125408
-0.5429813265800476 | [0.15] | -0.0021381755108721852
-0.5425264835357666 | [0.15] | -0.0022018204123867183
-0.5417072176933289 | [0.15] | -0.002267467218971976
-0.5405263304710388 | [0.15] | -0.002334679765305642
-0.5389893054962158 | [0.16] | -0.0024029853071810114
-0.5371043682098389 | [0.16] | -0.0024718768191761384
-0.5348823666572571 | [0.16] | -0.002540816851237673
-0.5323366522789001 | [0.16] | -0.0026092421492570086
-0.5294831395149231 | [0.16] | -0.0026765685318325843
-0.5263400673866272 | [0.17] | -0.002742197550475116
-0.5229280591011047 | [0.17] | -0.0028055227866998094
-0.5192698240280151 | [0.17] | -0.002865938179831154
-0.5153900980949402 | [0.17] | -0.0029228456179138254
-0.5113155245780945 | [0.17] | -0.0029756634463494118
-0.5070742964744568 | [0.17] | -0.0030238356711028216
-0.5026960968971252 | [0.18] | -0.003066839900557926
-0.49821189045906067 | [0.18] | -0.003104195806278838
-0.4936535954475403 | [0.18] | -0.0031354733506404175
-0.48905399441719055 | [0.18] | -0.0031602993541776214
-0.48444634675979614 | [0.18] | -0.003178364473746511
-0.4798642694950104 | [0.18] | -0.0031894282700610913
-0.4753413498401642 | [0.18] | -0.003193323567200878
-0.47091105580329895 | [0.18] | -0.003189959053975921
-0.46660637855529785 | [0.18] | -0.0031793211183407523
-0.46245959401130676 | [0.18] | -0.0031614740724727566
-0.4585020840167999 | [0.18] | -0.003136559164438971
-0.4547640383243561 | [0.18] | -0.003104791976797004
-0.4512743055820465 | [0.18] | -0.0030664588462950694
-0.4480600953102112 | [0.17] | -0.003021912562776931
-0.4451468288898468 | [0.17] | -0.0029715662530075604
-0.4425579607486725 | [0.17] | -0.0029158870502351275
-0.44031476974487305 | [0.17] | -0.0028553890959722404
-0.43843626976013184 | [0.17] | -0.002790625533962725
-0.436939001083374 | [0.16] | -0.0027221809815105727
-0.43583688139915466 | [0.16] | -0.0026506634501875393
-0.4351411759853363 | [0.16] | -0.0025766958860327545
-0.43486037850379944 | [0.16] | -0.0025009084828522214
-0.43500006198883057 | [0.16] | -0.0024239312183156306
-0.4355629086494446 | [0.15] | -0.0023463863337622633
-0.4365486204624176 | [0.15] | -0.0022688818382130653
-0.4379538595676422 | [0.15] | -0.0021920056000956497
-0.4397723078727722 | [0.15] | -0.0021163197414112655
-0.44199463725090027 | [0.14] | -0.002042356247651668
-0.44460853934288025 | [0.14] | -0.0019706133998328187
-0.44759875535964966 | [0.14] | -0.0019015528193632846
-0.45094722509384155 | [0.14] | -0.0018355975482587683
-0.45463302731513977 | [0.13] | -0.0017731313479126343
-0.4586326777935028 | [0.13] | -0.0017144980651233024
-0.46292006969451904 | [0.13] | -0.0016600030028309906
-0.4674667716026306 | [0.13] | -0.0016099138748045352
-0.47224217653274536 | [0.13] | -0.0015644630805053612
-0.477213591337204 | [0.12] | -0.0015238509195198689
-0.48234662413597107 | [0.12] | -0.0014882479665123808
-0.4876052737236023 | [0.12] | -0.0014577992820445365
-0.49295222759246826 | [0.12] | -0.0014326275523667358
-0.4983491599559784 | [0.12] | -0.001412836602580395
-0.5037569999694824 | [0.12] | -0.0013985147826949549
-0.5091361999511719 | [0.12] | -0.001389737816609594
-0.5144469738006592 | [0.12] | -0.0013865711916602195
-0.5196497440338135 | [0.12] | -0.0013890714939384546
-0.5247053503990173 | [0.12] | -0.0013972873626175142
-0.5295753479003906 | [0.12] | -0.001411259588919387
-0.5342223048210144 | [0.12] | -0.001431019960612176
-0.5386102199554443 | [0.12] | -0.0014565892742872959
-0.5427045226097107 | [0.12] | -0.0014879750858302384
-0.5464726090431213 | [0.12] | -0.001525167424341696
-0.5498840808868408 | [0.13] | -0.0015681346246256295
-0.5529107451438904 | [0.13] | -0.00161681908885533
-0.5555271506309509 | [0.13] | -0.0016711309537602997
-0.5577105283737183 | [0.13] | -0.0017309434082985568
-0.5594411492347717 | [0.13] | -0.0017960864815220502
-0.5607024431228638 | [0.14] | -0.0018663417823336676
-0.5614811182022095 | [0.14] | -0.0019414374353562082
-0.5617672801017761 | [0.14] | -0.0020210436126703096
-0.5615545511245728 | [0.15] | -0.0021047687646794894
-0.5608401894569397 | [0.15] | -0.002192156801180693
-0.559624969959259 | [0.15] | -0.0022826861953878347
-0.5579134821891785 | [0.15] | -0.0023757689173040494
-0.5557138919830322 | [0.16] | -0.002470752829056863
-0.5530380010604858 | [0.16] | -0.002566924452305025
-0.5499013066291809 | [0.16] | -0.0026635133103416423
-0.546322762966156 | [0.17] | -0.0027596992946824824
-0.5423247218132019 | [0.17] | -0.002854620901648511
-0.5379328727722168 | [0.17] | -0.002947384676350662
-0.5331760048866272 | [0.17] | -0.003037077456808269
-0.5280859470367432 | [0.18] | -0.0031227786287687004
-0.5226971507072449 | [0.18] | -0.0032035748587431728
-0.5170466303825378 | [0.18] | -0.003278574130171897
-0.511173665523529 | [0.18] | -0.003346921116644159
-0.5051194429397583 | [0.18] | -0.0034078123179867807
-0.4989268183708191 | [0.19] | -0.00346051056125566
-0.49264004826545715 | [0.19] | -0.003504358383646095
-0.48630431294441223 | [0.19] | -0.0035387913603301805
-0.47996553778648376 | [0.19] | -0.0035633479855627717
-0.4736699163913727 | [0.19] | -0.0035776791710233793
-0.4674636423587799 | [0.19] | -0.0035815546463817288
-0.46139252185821533 | [0.19] | -0.003574867219805256
-0.45550164580345154 | [0.19] | -0.0035576344260572685
-0.44983503222465515 | [0.19] | -0.0035299980597276815
-0.4444352984428406 | [0.19] | -0.003492220872757015
-0.4393434226512909 | [0.19] | -0.003444680903716098
-0.4345983564853668 | [0.18] | -0.0033878644545898523
-0.43023681640625 | [0.18] | -0.0033223567501263805
-0.42629295587539673 | [0.18] | -0.0032488311000329153
-0.42279818654060364 | [0.18] | -0.0031680372366759122
-0.419780969619751 | [0.18] | -0.0030807882010592293
-0.4172665774822235 | [0.17] | -0.0029879474860456828
-0.4152769446372986 | [0.17] | -0.002890415515355385
-0.4138304889202118 | [0.17] | -0.0027891160759749727
-0.41294196248054504 | [0.16] | -0.00268498344527401
-0.4126224219799042 | [0.16] | -0.0025789493526360567
-0.41287901997566223 | [0.16] | -0.002471931529869003
-0.4137150049209595 | [0.15] | -0.002364822377049911
-0.4151296019554138 | [0.15] | -0.002258479182343985
-0.41711801290512085 | [0.15] | -0.002153715109814838
-0.4196713864803314 | [0.14] | -0.002051291637563696
-0.42277681827545166 | [0.14] | -0.0019519123179108358
-0.42641735076904297 | [0.14] | -0.0018562181789705966
-0.43057212233543396 | [0.13] | -0.001764784118538912
-0.4352163076400757 | [0.13] | -0.0016781175931497338
-0.44032129645347595 | [0.13] | -0.0015966583926958012
-0.4458548426628113 | [0.12] | -0.0015207800845820592
-0.4517812132835388 | [0.12] | -0.0014507931501946845
-0.4580613970756531 | [0.12] | -0.0013869492727335052
-0.46465328335762024 | [0.12] | -0.0013294474276640952
-0.4715120196342468 | [0.11] | -0.0012784402096994983
-0.4785902202129364 | [0.11] | -0.001234041908798783
-0.4858383238315582 | [0.11] | -0.001196336339811361
-0.4932049512863159 | [0.11] | -0.001165385271719406
-0.5006372928619385 | [0.11] | -0.0011412364299926495
-0.5080814957618713 | [0.11] | -0.0011239312139883996
-0.5154829621315002 | [0.11] | -0.0011135114713994897
-0.5227870345115662 | [0.11] | -0.0011100243463635616
-0.5299391746520996 | [0.11] | -0.001113526824129348
-0.5368854403495789 | [0.11] | -0.0011240876843797746
-0.5435730814933777 | [0.11] | -0.001141787439129007
-0.5499507188796997 | [0.11] | -0.0011667172821340954
-0.5559688806533813 | [0.11] | -0.0011989749421360003
-0.5615804195404053 | [0.11] | -0.0012386594479495295
-0.5667407512664795 | [0.11] | -0.001285863953591241
-0.5714083313941956 | [0.12] | -0.0013406668669406418
-0.5755448937416077 | [0.12] | -0.001403122086225894
-0.5791157484054565 | [0.12] | -0.001473248189689044
-0.5820900797843933 | [0.12] | -0.0015510168125592875
-0.5844411849975586 | [0.13] | -0.0016363410130357013
-0.5861465930938721 | [0.13] | -0.001729063991264495
-0.5871884226799011 | [0.14] | -0.001828947440474934
-0.5875533819198608 | [0.14] | -0.00193566185156215
-0.5872328877449036 | [0.14] | -0.002048777622945328
-0.5862233638763428 | [0.15] | -0.0021677570988969034
-0.5845260620117188 | [0.15] | -0.002291950122560141
-0.5821472406387329 | [0.16] | -0.0024205906530332384
-0.5790981650352478 | [0.16] | -0.0025527965263398168
-0.5753951072692871 | [0.16] | -0.0026875721467112205
-0.5710592269897461 | [0.17] | -0.002823814619464608
-0.5661165714263916 | [0.17] | -0.0029603228688067865
-0.5605977773666382 | [0.18] | -0.003095810890724999
-0.5545381307601929 | [0.18] | -0.0032289230214055144
-0.5479772686958313 | [0.18] | -0.0033582534715715755
-0.540958821773529 | [0.19] | -0.0034823690236794862
-0.5335302948951721 | [0.19] | -0.0035998329062595503
-0.5257427096366882 | [0.19] | -0.0037092311135452152
-0.5176501870155334 | [0.2] | -0.0038092000496421593
-0.5093094706535339 | [0.2] | -0.003898454183855904
-0.5007797479629517 | [0.2] | -0.003975812052987868
-0.49212193489074707 | [0.2] | -0.00404022247852226
-0.48339834809303284 | [0.2] | -0.004090786387390827
-0.4746721684932709 | [0.2] | -0.0041267767127369645
-0.46600690484046936 | [0.2] | -0.004147654386726531
-0.4574659466743469 | [0.2] | -0.004153078289607869
-0.44911202788352966 | [0.2] | -0.004142912650002863
-0.4410068094730377 | [0.2] | -0.004117227371792732
-0.4332103729248047 | [0.2] | -0.0040762954115279235
-0.425780713558197 | [0.2] | -0.0040205852917630895
-0.41877344250679016 | [0.2] | -0.003950748255713551
-0.4122413098812103 | [0.2] | -0.0038676039136575865
-0.40623390674591064 | [0.19] | -0.003772121375106713
-0.4007973372936249 | [0.19] | -0.0036653994119226173
-0.39597392082214355 | [0.19] | -0.003548644466822018
-0.3918018937110901 | [0.19] | -0.003423148443117814
-0.38831526041030884 | [0.18] | -0.003290265658473063
-0.385543555021286 | [0.18] | -0.0031513904286747936
-0.38351163268089294 | [0.17] | -0.0030079355569139644
-0.38223955035209656 | [0.17] | -0.002861311143849001
-0.3817424476146698 | [0.16] | -0.002712905192315877
-0.3820303678512573 | [0.16] | -0.002564065651251794
-0.3831082284450531 | [0.16] | -0.0024160835915021115
-0.38497570157051086 | [0.15] | -0.0022701785837133982
-0.38762712478637695 | [0.15] | -0.0021274856287755183
-0.3910515010356903 | [0.14] | -0.001989043937840843
-0.3952324390411377 | [0.14] | -0.0018557880061388261
-0.4001481533050537 | [0.13] | -0.0017285406659416484
-0.40577152371406555 | [0.13] | -0.0016080087034855554
-0.412070095539093 | [0.12] | -0.001494780984028673
-0.41900622844696045 | [0.12] | -0.0013893292508152847
-0.4265371859073639 | [0.11] | -0.0012920118945906095
-0.4346153736114502 | [0.11] | -0.0012030802991258942
-0.44318851828575134 | [0.11] | -0.0011226884892677307
-0.4521999657154083 | [0.1] | -0.0010509049861567176
-0.4615890383720398 | [0.1] | -0.0009877271674825958
-0.4712914228439331 | [0.1] | -0.0009330976383530482
-0.4812396168708801 | [0.09] | -0.0008869215592668279
-0.49136337637901306 | [0.09] | -0.0008490849047044788
-0.5015903115272522 | [0.09] | -0.0008194725543171095
-0.5118464231491089 | [0.09] | -0.0007979849276387703
-0.5220566391944885 | [0.09] | -0.0007845535762464206
-0.5321455597877502 | [0.09] | -0.0007791532164226882
-0.5420379638671875 | [0.09] | -0.0007818114668305614
-0.5516595244407654 | [0.09] | -0.0007926144856991053
-0.5609373450279236 | [0.09] | -0.0008117085290389388
-0.5698005557060242 | [0.09] | -0.0008392979084785181
-0.5781809687614441 | [0.09] | -0.0008756382662119177
-0.5860134959220886 | [0.1] | -0.0009210265452563923
-0.5932366847991943 | [0.1] | -0.000975787407427761
-0.5997931957244873 | [0.1] | -0.001040256504736337
-0.6056302189826965 | [0.11] | -0.0011147615783219345
-0.6106998324394226 | [0.11] | -0.0011996017911863228
-0.6149592995643616 | [0.11] | -0.0012950256356798573
-0.6183714270591736 | [0.12] | -0.0014012083347996575
-0.6209047436714172 | [0.12] | -0.0015182292880482424
-0.6225337386131287 | [0.13] | -0.0016460499741700785
-0.6232390999794006 | [0.13] | -0.0017844925748157958
-0.6230078935623169 | [0.14] | -0.0019332206017869673
-0.6218335628509521 | [0.14] | -0.002091722035374373
-0.6197161078453064 | [0.15] | -0.002259294658970582
-0.6166622638702393 | [0.16] | -0.002435034899520981
-0.6126854419708252 | [0.16] | -0.0026178315048142197
-0.6078056693077087 | [0.17] | -0.0028063638943896943
-0.6020497679710388 | [0.17] | -0.002999105296153634
-0.5954511165618896 | [0.18] | -0.0031943332446717435
-0.5880496501922607 | [0.18] | -0.0033901455079157782
-0.5798916220664978 | [0.19] | -0.0035844838150385946
-0.5710294246673584 | [0.19] | -0.0037751640234359295
-0.5615212321281433 | [0.2] | -0.003959913009319263
-0.5514307618141174 | [0.2] | -0.004136410720979754
-0.5408267378807068 | [0.21] | -0.004302338381895983
-0.5297824144363403 | [0.21] | -0.004455428807024339
-0.5183750987052917 | [0.21] | -0.004593518812804412
-0.5066854357719421 | [0.22] | -0.0047146016197860095
-0.49479690194129944 | [0.22] | -0.004816875627258504
-0.4827949106693268 | [0.22] | -0.004898790633835478
-0.47076618671417236 | [0.22] | -0.004959085377573468
-0.45879799127578735 | [0.22] | -0.004996818833648989
-0.4469774663448334 | [0.22] | -0.005011390491110103
-0.43539074063301086 | [0.22] | -0.005002552443675263
-0.4241223931312561 | [0.22] | -0.004970409365747214
-0.41325467824935913 | [0.22] | -0.004915410775475429
-0.4028669595718384 | [0.22] | -0.004838332516400506
-0.3930351138114929 | [0.22] | -0.004740252068146658
-0.38383105397224426 | [0.22] | -0.004622516204579966
-0.3753223121166229 | [0.21] | -0.004486705802513517
-0.3675715923309326 | [0.21] | -0.0043345966908551045
-0.36063653230667114 | [0.2] | -0.004168119315660374
-0.35456934571266174 | [0.2] | -0.003989319315010645
-0.3494166433811188 | [0.19] | -0.0038003185671481297
-0.345219224691391 | [0.19] | -0.0036032783860631304
-0.3420119881629944 | [0.18] | -0.0034003652073354286
-0.3398236930370331 | [0.18] | -0.0031937199067558933
-0.3386768698692322 | [0.17] | -0.002985428830679172
-0.3385877311229706 | [0.17] | -0.00277749819616559
-0.33956602215766907 | [0.16] | -0.002571830945643469
-0.3416149616241455 | [0.15] | -0.002370205698135855
-0.34473103284835815 | [0.15] | -0.0021742583634327657
-0.34890398383140564 | [0.14] | -0.0019854651473316764
-0.35411661863327026 | [0.13] | -0.0018051282601059745
-0.3603447675704956 | [0.13] | -0.0016343637075242037
-0.36755719780921936 | [0.12] | -0.0014740919937939376
-0.37571555376052856 | [0.12] | -0.001325032244295897
-0.3847743272781372 | [0.11] | -0.001187700323316396
-0.3946809768676758 | [0.1] | -0.0010624113438459026
-0.40537598729133606 | [0.1] | -0.000949288090892593
-0.4167930483818054 | [0.09] | -0.0008482743600314452
-0.4288593530654907 | [0.09] | -0.0007591551222074646
-0.44149598479270935 | [0.08] | -0.0006815818396137094
-0.45461833477020264 | [0.08] | -0.0006151032819741707
-0.468136727809906 | [0.07] | -0.0005592007811552657
-0.48195698857307434 | [0.07] | -0.0005133264655434977
-0.49598127603530884 | [0.07] | -0.0004769420935385186
-0.5101088881492615 | [0.07] | -0.00044955783724306476
-0.5242370367050171 | [0.07] | -0.0004307682481733636
-0.5382619500160217 | [0.06] | -0.0004202827242787675
-0.5520796775817871 | [0.06] | -0.00041795059918522595
-0.5655871033668518 | [0.07] | -0.00042377775582038454
-0.5786827802658081 | [0.07] | -0.0004379351165145276
-0.5912679433822632 | [0.07] | -0.0004607579215543681
-0.6032472848892212 | [0.07] | -0.0004927365935152751
-0.6145296096801758 | [0.07] | -0.00053449991697684
-0.6250287294387817 | [0.08] | -0.0005867906155076071
-0.6346638798713684 | [0.08] | -0.0006504359571176389
-0.643360435962677 | [0.09] | -0.0007263136841807109
-0.6510501503944397 | [0.09] | -0.0008153149065438482
-0.6576716303825378 | [0.1] | -0.0009183050973134749
-0.6631706953048706 | [0.1] | -0.0010360841502398306
-0.6675006151199341 | [0.11] | -0.0011693460162700334
-0.6706222891807556 | [0.11] | -0.0013186392430478413
-0.6725044250488281 | [0.12] | -0.0014843281365555308
-0.673123836517334 | [0.13] | -0.0016665548257085207
-0.6724653840065002 | [0.14] | -0.0018652041394501787
-0.6705223321914673 | [0.14] | -0.0020798696573118293
-0.6672963500022888 | [0.15] | -0.0023098240651694235
-0.662797749042511 | [0.16] | -0.0025539930569200286
-0.6570454835891724 | [0.17] | -0.002810935885061783
-0.6500674486160278 | [0.18] | -0.0030788316603661027
-0.6419002413749695 | [0.18] | -0.003355477362743937
-0.6325895190238953 | [0.19] | -0.0036382937406585765
-0.6221897602081299 | [0.2] | -0.003924346360910867
-0.6107641458511353 | [0.21] | -0.004210380236482893
-0.598384439945221 | [0.21] | -0.004492868755645948
-0.5851305723190308 | [0.22] | -0.00476807883422631
-0.5710902810096741 | [0.22] | -0.00503214907442478
-0.5563585162162781 | [0.23] | -0.005281181647582755
-0.5410367846488953 | [0.23] | -0.005511342110535108
-0.5252321362495422 | [0.24] | -0.005718965426634109
-0.509056568145752 | [0.24] | -0.0059006602276543965
-0.4926256537437439 | [0.25] | -0.006053410310326305
-0.47605764865875244 | [0.25] | -0.006174664329322991
-0.4594722390174866 | [0.25] | -0.0062624099738997525
-0.4429894685745239 | [0.25] | -0.006315228635228156
-0.42672842741012573 | [0.25] | -0.006332328609346828
-0.410806268453598 | [0.25] | -0.0063135549680175575
-0.3953371047973633 | [0.25] | -0.00625937626050703
-0.38043105602264404 | [0.25] | -0.0061708507777998075
-0.3661934435367584 | [0.25] | -0.006049575120755383
-0.3527240455150604 | [0.24] | -0.005897619136549918
-0.3401165306568146 | [0.24] | -0.005717451655662666
-0.3284580111503601 | [0.23] | -0.005511863114766865
-0.3178287148475647 | [0.23] | -0.0052838854362686925
-0.308301717042923 | [0.22] | -0.005036718448307631
-0.29994288086891174 | [0.22] | -0.00477365854881306
-0.2928106486797333 | [0.21] | -0.00449803891939933
-0.28695619106292725 | [0.21] | -0.004213174747025496
-0.2824232876300812 | [0.2] | -0.003922319030209369
-0.2792483866214752 | [0.19] | -0.0036286251443629677
-0.27746060490608215 | [0.18] | -0.0033351163530838963
-0.277081698179245 | [0.17] | -0.003044659774576195
-0.27812594175338745 | [0.17] | -0.0027599443106404126
-0.28060007095336914 | [0.16] | -0.0024834596712586684
-0.28450313210487366 | [0.15] | -0.002217476352496748
-0.2898261845111847 | [0.14] | -0.0019640254911148674
-0.2965520918369293 | [0.13] | -0.001724877464767213
-0.30465519428253174 | [0.12] | -0.0015015205057976016
-0.3141010105609894 | [0.11] | -0.0012951392781970468
-0.32484593987464905 | [0.11] | -0.0011065957267056496
-0.33683693408966064 | [0.1] | -0.0009364135725669518
-0.35001134872436523 | [0.09] | -0.0007847692150522088
-0.36429673433303833 | [0.08] | -0.0006514914423682586
-0.3796108663082123 | [0.07] | -0.000536072541665915
-0.39586180448532104 | [0.07] | -0.00043769295665664935
-0.41294825077056885 | [0.06] | -0.00035526062100244563
-0.4307600259780884 | [0.05] | -0.0002874646890388735
-0.44917869567871094 | [0.05] | -0.0002328433670055007
-0.46807852387428284 | [0.04] | -0.00018986264166409583
-0.4873274564743042 | [0.04] | -0.00015700174152584985
-0.506788432598114 | [0.04] | -0.00013284112453739954
-0.52632075548172 | [0.03] | -0.00011614668808157675
-0.5457815527915955 | [0.03] | -0.00010594454141548933
-0.5650272965431213 | [0.03] | -0.00010158223053206762
-0.5839152932167053 | [0.03] | -0.00010277128206121797
-0.6023052930831909 | [0.03] | -0.00010960960827810989
-0.6200608015060425 | [0.04] | -0.00012258282787008657
-0.6370503902435303 | [0.04] | -0.00014254588321973606
-0.6531488299369812 | [0.04] | -0.0001706870196377453
-0.6682379245758057 | [0.05] | -0.00020847841899471108
-0.682207465171814 | [0.05] | -0.00025761648596599017
-0.6949557065963745 | [0.06] | -0.00031995700955621004
-0.7063897848129272 | [0.06] | -0.00039744798530646743
-0.7164260149002075 | [0.07] | -0.0004920625764197889
-0.7249901294708252 | [0.08] | -0.0006057347932266071
-0.7320173382759094 | [0.09] | -0.0007402977110530009
-0.7374522089958191 | [0.09] | -0.000897425357165689
-0.7412488460540771 | [0.1] | -0.0010785760592158448
-0.7433708906173706 | [0.11] | -0.001284937098227328
-0.7437914609909058 | [0.12] | -0.0015173696494861862
-0.7424933314323425 | [0.13] | -0.0017763522743955902
-0.739469051361084 | [0.14] | -0.0020619233044566554
-0.7347211837768555 | [0.15] | -0.00237362215981147
-0.7282625436782837 | [0.16] | -0.0027104313492183722
-0.7201166152954102 | [0.18] | -0.003070721196306479
-0.710317850112915 | [0.19] | -0.0034522015255264563
-0.6989120841026306 | [0.2] | -0.003851884558847623
-0.6859568953514099 | [0.21] | -0.004266065603823391
-0.671521782875061 | [0.22] | -0.004690326889465759
-0.6556884050369263 | [0.23] | -0.005119569841521471
-0.6385506987571716 | [0.24] | -0.0055480805096163295
-0.6202145218849182 | [0.24] | -0.005969635418050961
-0.6007973551750183 | [0.25] | -0.006377641555244268
-0.5804275274276733 | [0.26] | -0.0067653157034659964
-0.559243381023407 | [0.27] | -0.007125888718741889
-0.5373920202255249 | [0.27] | -0.007452830866652115
-0.5150277614593506 | [0.28] | -0.007740085236833189
-0.49231043457984924 | [0.28] | -0.007982289149781085
-0.46940362453460693 | [0.29] | -0.008174972751067827
-0.4464726150035858 | [0.29] | -0.008314720587871608
-0.42368239164352417 | [0.29] | -0.00839928107056878
-0.4011956453323364 | [0.29] | -0.008427619694769363
-0.3791709542274475 | [0.29] | -0.008399914445744524
-0.3577611744403839 | [0.29] | -0.008317493407500364
-0.3371118903160095 | [0.29] | -0.0081827267872543
-0.3173603415489197 | [0.28] | -0.00799888019755016
-0.29863452911376953 | [0.28] | -0.0077699452933831644
-0.2810526490211487 | [0.27] | -0.007500461501834423
-0.2647227346897125 | [0.27] | -0.007195339206077048
-0.24974264204502106 | [0.26] | -0.0068596988343991375
-0.2362002283334732 | [0.25] | -0.006498727287157007
-0.22417360544204712 | [0.25] | -0.006117562542008045
-0.21373160183429718 | [0.24] | -0.005721205842134779
-0.2049342691898346 | [0.23] | -0.005314457922044838
-0.1978333592414856 | [0.22] | -0.0049018813842603365
-0.19247281551361084 | [0.21] | -0.004487781697925631
-0.18888919055461884 | [0.2] | -0.0040762023867324726
-0.187111958861351 | [0.19] | -0.003670930295230196
-0.18716369569301605 | [0.18] | -0.0032755041166897462
-0.18906012177467346 | [0.17] | -0.0028932224542202486
-0.19280995428562164 | [0.16] | -0.0025271465293814927
-0.1984146237373352 | [0.15] | -0.00218009409405225
-0.20586785674095154 | [0.14] | -0.001854621529294157
-0.2151549756526947 | [0.12] | -0.0015529942800372018
-0.2262522131204605 | [0.11] | -0.0012771432681141053
-0.2391258329153061 | [0.1] | -0.001028611074348015
-0.2537311315536499 | [0.09] | -0.0008084900312712797
-0.2700116038322449 | [0.08] | -0.000617357496141299
-0.28789791464805603 | [0.07] | -0.00045521579118450476
-0.30730709433555603 | [0.06] | -0.00032144431268013064
-0.3281419575214386 | [0.05] | -0.00021477310569065824
-0.3502906560897827 | [0.04] | -0.00013328700974911517
-0.37362661957740784 | [0.03] | -7.446735079372343e-05
-0.39800888299942017 | [0.02] | -3.527629174313071e-05
-0.42328277230262756 | [0.01] | -1.2283678170132035e-05
-0.44928109645843506 | [0.] | -1.833200131462552e-06
-0.47582578659057617 | [-0.] | -2.3769567146758086e-07
-0.5027298331260681 | [-0.01] | -3.989908252879377e-06
-0.5297998189926147 | [-0.01] | -9.971474515172186e-06
-0.5568382740020752 | [-0.01] | -1.564179253013223e-05
-0.5836465954780579 | [-0.01] | -1.9190111183747553e-05
-0.6100277304649353 | [-0.01] | -1.9637808174034027e-05
-0.6357889175415039 | [-0.01] | -1.6884048150957064e-05
-0.6607439517974854 | [-0.01] | -1.169373169798739e-05
-0.6847154498100281 | [-0.01] | -5.634110791628153e-06
-0.7075362801551819 | [-0.] | -9.700770955946223e-07
-0.7290512323379517 | [0.] | -5.327625249364137e-07
-0.7491175532341003 | [0.01] | -7.575236537466207e-06
-0.7676055431365967 | [0.02] | -2.562921107547439e-05
-0.7843985557556152 | [0.02] | -5.837307260588853e-05
-0.7993928790092468 | [0.03] | -0.00010951823895949433
-0.8124971985816956 | [0.04] | -0.0001827166867320589
-0.8236318826675415 | [0.05] | -0.0002814896778580427
-0.8327285051345825 | [0.06] | -0.0004091733355216691
-0.8397290706634521 | [0.08] | -0.0005688769066119252
-0.8445852994918823 | [0.09] | -0.0007634466112553482
-0.8472582101821899 | [0.1] | -0.0009954281251053037
-0.8477178812026978 | [0.11] | -0.0012670213369395632
-0.8459431529045105 | [0.13] | -0.0015800222847395361
-0.841921865940094 | [0.14] | -0.0019357468121235255
-0.835651159286499 | [0.15] | -0.002334934374214803
-0.8271380662918091 | [0.17] | -0.0027776313302679914
-0.8164002299308777 | [0.18] | -0.0032630563881974658
-0.8034671545028687 | [0.19] | -0.0037894520250967936
-0.7883810997009277 | [0.21] | -0.00435393485829236
-0.771198570728302 | [0.22] | -0.004952353200388073
-0.751991331577301 | [0.24] | -0.005579174226700996
-0.7308477759361267 | [0.25] | -0.006227412161472875
-0.7078737616539001 | [0.26] | -0.006888625812458332
-0.6831933259963989 | [0.27] | -0.0075530010431885605
-0.6569488644599915 | [0.29] | -0.008209533120295227
-0.6293010115623474 | [0.3] | -0.0088463175395857
-0.6004274487495422 | [0.31] | -0.009450947952825419
-0.5705215930938721 | [0.32] | -0.010011000554445034
-0.5397903919219971 | [0.32] | -0.010514576266277803
-0.5084514021873474 | [0.33] | -0.010950865120048451
-0.4767296016216278 | [0.34] | -0.011310671532793106
-0.44485369324684143 | [0.34] | -0.011586864330596379
-0.4130523204803467 | [0.34] | -0.01177469628069374
-0.38155022263526917 | [0.34] | -0.011871967100293472
-0.3505646884441376 | [0.34] | -0.011879026018236481
-0.32030242681503296 | [0.34] | -0.011798601815690375
-0.29095685482025146 | [0.34] | -0.011635507677406906
-0.2627061903476715 | [0.34] | -0.011396240401946428
-0.23571211099624634 | [0.33] | -0.011088530315714721
-0.2101190984249115 | [0.33] | -0.010720878783490765
-0.18605449795722961 | [0.32] | -0.010302126928446268
-0.16362901031970978 | [0.31] | -0.009841078139074306
-0.14293774962425232 | [0.31] | -0.009346197639575202
-0.12406156957149506 | [0.3] | -0.008825396401378728
-0.10706861317157745 | [0.29] | -0.008285893844164604
-0.09201601892709732 | [0.28] | -0.007734153197695741
-0.07895161956548691 | [0.27] | -0.007175881851229377
-0.06791560351848602 | [0.26] | -0.0066160759030787185
-0.058942049741744995 | [0.25] | -0.006059101009715558
-0.05206028372049332 | [0.23] | -0.005508794597781702
-0.04729602858424187 | [0.22] | -0.004968578652187561
-0.044672295451164246 | [0.21] | -0.0044415744621762515
-0.04421001672744751 | [0.2] | -0.003930710994389116
-0.04592839255928993 | [0.19] | -0.003438820855087447
-0.04984491318464279 | [0.17] | -0.002968718098686124
-0.055975086987018585 | [0.16] | -0.002523252379211253
-0.06433182209730148 | [0.15] | -0.0021053356692015777
-0.07492449879646301 | [0.13] | -0.0017179354355013284
-0.08775767683982849 | [0.12] | -0.0013640319421905605
-0.10282953083515167 | [0.1] | -0.0010465352310399182
-0.12012991309165955 | [0.09] | -0.0007681605707722675
-0.13963823020458221 | [0.07] | -0.0005312651465743757
-0.16132104396820068 | [0.06] | -0.00033764916178656915
-0.1851295828819275 | [0.04] | -0.00018833415830002838
-0.21099726855754852 | [0.03] | -8.33343261640946e-05
-0.23883730173110962 | [0.01] | -2.1444805426103023e-05
-0.268540620803833 | [0.] | -7.510906945397796e-08
-0.2999742925167084 | [-0.01] | -1.5160479774168275e-05
-0.3329806327819824 | [-0.02] | -6.11808945730541e-05
-0.36737704277038574 | [-0.04] | -0.0001313113198203486
-0.4029570519924164 | [-0.05] | -0.00021771330807308757
-0.43949222564697266 | [-0.06] | -0.00031195929291809023
-0.47673532366752625 | [-0.06] | -0.00040555855331144466
-0.5144242644309998 | [-0.07] | -0.0004905358040963128
-0.5522870421409607 | [-0.07] | -0.0005599966359528751
-0.5900471806526184 | [-0.08] | -0.0006086119640042999
-0.6274293065071106 | [-0.08] | -0.0006329651882153197
-0.6641645431518555 | [-0.08] | -0.0006317205272142367
-0.699995756149292 | [-0.08] | -0.0006056023956211078
-0.7346816062927246 | [-0.07] | -0.0005572022841897863
-0.7680000066757202 | [-0.07] | -0.0004906531279669232
-0.7997503280639648 | [-0.06] | -0.00041122589006641866
-0.829754650592804 | [-0.06] | -0.0003249041367662496
-0.8578577637672424 | [-0.05] | -0.00023798623415331472
-0.8839266300201416 | [-0.04] | -0.00015675342297564207
-0.9078488349914551 | [-0.03] | -8.722371633344493e-05
-0.9295306205749512 | [-0.02] | -3.4996912157853056e-05
-0.9488946199417114 | [-0.01] | -5.184994700935909e-06
-0.96587735414505 | [0.] | -2.4131734734034183e-06
-0.9804267287254333 | [0.02] | -3.0873464770402415e-05
-0.9924997687339783 | [0.03] | -9.441160878414758e-05
-1.0020602941513062 | [0.04] | -0.00019662981881247543
-1.0090771913528442 | [0.06] | -0.0003409896644369026
-1.0135228633880615 | [0.07] | -0.0005309026537693272
-1.0153719186782837 | [0.09] | -0.0007697981373599683
-1.0146007537841797 | [0.1] | -0.001061158330477265
-1.0111870765686035 | [0.12] | -0.0014085141857060844
-1.0051099061965942 | [0.13] | -0.0018153937615668116
-0.9963505268096924 | [0.15] | -0.0022852147206103854
-0.9848934412002563 | [0.17] | -0.0028211157532411517
-0.9707279801368713 | [0.19] | -0.0034257211711156313
-0.9538503289222717 | [0.2] | -0.004100834440282953
-0.9342663288116455 | [0.22] | -0.004847064705497707
-0.911994218826294 | [0.24] | -0.005663394773178978
-0.887067973613739 | [0.26] | -0.006546711011624171
-0.8595408797264099 | [0.27] | -0.00749133158673623
-0.8294890522956848 | [0.29] | -0.008488577804440742
-0.7970147132873535 | [0.31] | -0.009526455414721434
-0.7622491121292114 | [0.33] | -0.010589521240699645
-0.7253545522689819 | [0.34] | -0.011659007194344083
-0.6865254044532776 | [0.36] | -0.012713265758978085
-0.6459875106811523 | [0.37] | -0.013728578772036518
-0.6039963960647583 | [0.38] | -0.014680292288519673
-0.5608334541320801 | [0.39] | -0.015544242138136783
-0.5168004035949707 | [0.4] | -0.016298304623355322
-0.4722127914428711 | [0.41] | -0.016923921124141855
-0.4273919463157654 | [0.42] | -0.017407389879148097
-0.38265684247016907 | [0.42] | -0.01774076315717864
-0.33831581473350525 | [0.42] | -0.017922223012739383
-0.294658899307251 | [0.42] | -0.01795590903492258
-0.25195157527923584 | [0.42] | -0.01785123822299278
-0.21042971312999725 | [0.42] | -0.01762184450777335
-0.1702963411808014 | [0.42] | -0.017284297373574294
-0.1317201405763626 | [0.41] | -0.01685677011319331
-0.09483541548252106 | [0.4] | -0.016357805721339658
-0.059743523597717285 | [0.4] | -0.015805285679118312
-0.02651524730026722 | [0.39] | -0.015215654636144682
0.004806044977158308 | [0.38] | -0.014603410674805847
0.03420081362128258 | [0.37] | -0.013980848319281225
0.061669591814279556 | [0.37] | -0.013357992314387302
0.08722925931215286 | [0.36] | -0.012742688054407364
0.11090949922800064 | [0.35] | -0.012140787650385712
0.1327494978904724 | [0.34] | -0.011556395277699494
0.15279507637023926 | [0.33] | -0.010992131148270017
0.1710960417985916 | [0.32] | -0.010449393368052298
0.18770405650138855 | [0.32] | -0.009928604386326036
0.20267072319984436 | [0.31] | -0.009429427133620914
0.2160460352897644 | [0.3] | -0.008950951504176012
0.22787709534168243 | [0.29] | -0.008491853960815424
0.23820705711841583 | [0.28] | -0.008050525435505322
0.24707426130771637 | [0.28] | -0.007625177389937646
0.2545115649700165 | [0.27] | -0.007213926193895147
0.2605457603931427 | [0.26] | -0.006814862437523735
0.26519712805747986 | [0.25] | -0.006426107121422927
0.2684790790081024 | [0.25] | -0.0060458594089357835
0.2703978717327118 | [0.24] | -0.005672438461017849
0.27095234394073486 | [0.23] | -0.0053043224215897295
0.27013370394706726 | [0.22] | -0.0049401867166689465
0.2679254412651062 | [0.21] | -0.004578944153640367
0.26430317759513855 | [0.21] | -0.0042197877989361
0.25923460721969604 | [0.2] | -0.0038622383090386736
0.2526795268058777 | [0.19] | -0.0035061968305044877
0.24458983540534973 | [0.18] | -0.0031520029492666636
0.2349098175764084 | [0.17] | -0.002800498311713329
0.2235763520002365 | [0.16] | -0.0024530938439717015
0.21051940321922302 | [0.15] | -0.002111837829430474
0.19566266238689423 | [0.13] | -0.0017794809130321646
0.17892448604106903 | [0.12] | -0.0014595306564768274
0.16021911799907684 | [0.11] | -0.0011562870359232858
0.1394583135843277 | [0.09] | -0.0008748459158582818
0.11655344069004059 | [0.08] | -0.0006210554357450075
0.09141805022954941 | [0.06] | -0.00040140539432379787
0.0639711320400238 | [0.05] | -0.00022283098442628442
0.03414091840386391 | [0.03] | -9.240895917379672e-05
0.0018694027094170451 | [0.01] | -1.693160454978451e-05
-0.032882556319236755 | [-0.] | -2.3518801276658296e-06
-0.0701296329498291 | [-0.02] | -5.311194692206027e-05
-0.10985615849494934 | [-0.04] | -0.0001713915620414006
-0.1520102322101593 | [-0.06] | -0.0003563456489676396
-0.19649837911128998 | [-0.08] | -0.0006034348377045987
-0.24318109452724457 | [-0.1] | -0.0009039803355037415
-0.2918701171875 | [-0.11] | -0.0012450856933816203
-0.3423278331756592 | [-0.13] | -0.00161004687375165
-0.3942694067955017 | [-0.14] | -0.0019793126306418495
-0.4473678171634674 | [-0.15] | -0.002331961264435671
-0.5012620687484741 | [-0.16] | -0.0026475455689917507
-0.5555678009986877 | [-0.17] | -0.0029080445945114004
-0.6098899245262146 | [-0.18] | -0.0030996137981298758
-0.6638361215591431 | [-0.18] | -0.0032138321400796963
-0.7170302271842957 | [-0.18] | -0.0032482409724687595
-0.7691239714622498 | [-0.18] | -0.003206113063396867
-0.8198069334030151 | [-0.18] | -0.00309555349298074
-0.8688132762908936 | [-0.17] | -0.0029281439331390762
-0.9159258604049683 | [-0.16] | -0.002717401337041901
-0.9609770774841309 | [-0.16] | -0.0024773071809074407
-1.0038474798202515 | [-0.15] | -0.0022210949553972
-1.0444625616073608 | [-0.14] | -0.0019603899190019968
-1.0827877521514893 | [-0.13] | -0.001704723312353312
-1.1188230514526367 | [-0.12] | -0.0014613681927895892
-1.152597188949585 | [-0.11] | -0.0012354245041288547
-1.1841620206832886 | [-0.1] | -0.0010300623719593552
-1.2000000476837158 | [0.08] | -0.0006399999237060572
-1.1976381540298462 | [0.09] | -0.000882381828466837
-1.1928856372833252 | [0.11] | -0.0011723649695135423
-1.1857057809829712 | [0.12] | -0.0015146905238122522
-1.1760540008544922 | [0.14] | -0.001914758389672369
-1.163879156112671 | [0.15] | -0.0023785707466881753
-1.1491246223449707 | [0.17] | -0.0029126221542368877
-1.131730079650879 | [0.19] | -0.003523717042119545
-1.1116338968276978 | [0.21] | -0.004218695959703953
-1.0887761116027832 | [0.22] | -0.005004046997478417
-1.0631022453308105 | [0.24] | -0.005885387084249753
-1.0345673561096191 | [0.26] | -0.006866798154745519
-1.003141164779663 | [0.28] | -0.007950018498204493
-0.9688138365745544 | [0.3] | -0.00913351614604614
-0.9316020011901855 | [0.32] | -0.01041149533570943
-0.8915549516677856 | [0.34] | -0.011772942611817744
-0.8487608432769775 | [0.36] | -0.013200839321654593
-0.8033518195152283 | [0.38] | -0.014671741311741971
-0.7555078864097595 | [0.4] | -0.016155903266217166
-0.7054586410522461 | [0.42] | -0.017618132015189365
-0.6534825563430786 | [0.44] | -0.019019471181044665
-0.5999026298522949 | [0.45] | -0.02031966750017385
-0.545079231262207 | [0.46] | -0.021480239115902806
-0.48939964175224304 | [0.47] | -0.02246775894094205
-0.4332650899887085 | [0.48] | -0.02325688156061194
-0.3770763874053955 | [0.49] | -0.02383263237920459
-0.3212192952632904 | [0.49] | -0.02419157041220628
-0.2660507261753082 | [0.49] | -0.024341659279174983
-0.2118871659040451 | [0.49] | -0.024300947422406835
-0.1589958667755127 | [0.49] | -0.02409533061125669
-0.10758921504020691 | [0.49] | -0.023755840610295842
-0.057822369039058685 | [0.48] | -0.023315906202440728
-0.009793705306947231 | [0.48] | -0.02280892219437983
0.03645241633057594 | [0.47] | -0.022266389458246865
0.08092128485441208 | [0.47] | -0.021716675943672187
0.12366247177124023 | [0.46] | -0.021184401097535933
0.1647641360759735 | [0.45] | -0.020690313852145814
0.20434734225273132 | [0.45] | -0.02025155778989885
0.24256081879138947 | [0.45] | -0.019882165917195244
0.2795763313770294 | [0.44] | -0.01959369414731171
0.31558480858802795 | [0.44] | -0.019395885895513817
0.35079309344291687 | [0.44] | -0.019297336699287196
0.3854215443134308 | [0.44] | -0.019306106571653207
0.4197021722793579 | [0.44] | 99.980569726617
Total reward: 97.04319552227525
0.1, 5.8, 0.2
parameter ends

state | action | reward
[-0.6] | [0.14] | -0.001973677730075085
-0.5943805575370789 | [0.14] | -0.0020987808427660334
-0.5928933024406433 | [0.15] | -0.0022301457839372075
-0.5906660556793213 | [0.15] | -0.002367023125587831
-0.5877084136009216 | [0.16] | -0.0025085295507909565
-0.584035336971283 | [0.16] | -0.002653648572592639
-0.5796671509742737 | [0.17] | -0.0028012346452945306
-0.5746293663978577 | [0.17] | -0.0029500216497624545
-0.5689526796340942 | [0.18] | -0.0030986345554831116
-0.5626728534698486 | [0.18] | -0.003245605422197353
-0.5558304190635681 | [0.18] | -0.0033893940216835105
-0.5484704971313477 | [0.19] | -0.003528411033391657
-0.5406424403190613 | [0.19] | -0.0036610455300350175
-0.532399594783783 | [0.19] | -0.003785693747588848
-0.5237988829612732 | [0.2] | -0.0039007909990440154
-0.5149004459381104 | [0.2] | -0.004004842904396927
-0.5057670474052429 | [0.2] | -0.004096458332643516
-0.49646371603012085 | [0.2] | -0.004174379051904678
-0.4870572090148926 | [0.21] | -0.004237507628921975
-0.4776154160499573 | [0.21] | -0.004284932597176141
-0.46820691227912903 | [0.21] | -0.0043159484556478875
-0.4589003324508667 | [0.21] | -0.004330070346724431
-0.44976380467414856 | [0.21] | -0.0043270442432133465
-0.4408645033836365 | [0.21] | -0.004306850563799702
-0.43226805329322815 | [0.21] | -0.0042697022368078895
-0.4240381121635437 | [0.21] | -0.004216037282593591
-0.4162358045578003 | [0.2] | -0.004146506723919807
-0.40891942381858826 | [0.2] | -0.004061957693188207
-0.4021439552307129 | [0.2] | -0.003963413587581912
-0.3959607779979706 | [0.2] | -0.0038520509885905333
-0.3904172480106354 | [0.19] | -0.0037291755169080276
-0.38555654883384705 | [0.19] | -0.0035961958188546273
-0.3814173638820648 | [0.19] | -0.0034545975508375806
-0.37803369760513306 | [0.18] | -0.00330591778011439
-0.37543466687202454 | [0.18] | -0.0031517202504880285
-0.3736443519592285 | [0.17] | -0.0029935714671849942
-0.3726816177368164 | [0.17] | -0.0028330185921460523
-0.3725599944591522 | [0.16] | -0.002671568712725951
-0.3732876479625702 | [0.16] | -0.002510669624237636
-0.37486711144447327 | [0.15] | -0.0023516933937573485
-0.3772954046726227 | [0.15] | -0.0021959203340841367
-0.38056379556655884 | [0.14] | -0.0020445265712678825
-0.3846578598022461 | [0.14] | -0.0018985724599186239
-0.3895573616027832 | [0.13] | -0.0017589941042254172
-0.39523637294769287 | [0.13] | -0.0016265968228843146
-0.4016631841659546 | [0.12] | -0.001502051854763468
-0.4088003933429718 | [0.12] | -0.00138589564489402
-0.4166050851345062 | [0.11] | -0.0012785322587292587
-0.425028920173645 | [0.11] | -0.0011802394719754037
-0.4340183436870575 | [0.1] | -0.001091178117390135
-0.443514883518219 | [0.1] | -0.001011404375532568
-0.45345544815063477 | [0.1] | -0.0009408856700891491
-0.463772714138031 | [0.09] | -0.0008795187594777161
-0.4743955731391907 | [0.09] | -0.0008271502517826616
-0.48524969816207886 | [0.09] | -0.0007835978388869161
-0.496258020401001 | [0.09] | -0.0007486723298076977
-0.5073413848876953 | [0.08] | -0.0007221992039894778
-0.5184191465377808 | [0.08] | -0.0007040377893197242
-0.5294098854064941 | [0.08] | -0.0006940984215423624
-0.5402321219444275 | [0.08] | -0.0006923560400751263
-0.550804853439331 | [0.08] | -0.0006988596049197663
-0.5610483288764954 | [0.08] | -0.0007137365216677309
-0.5708848237991333 | [0.09] | -0.0007371924469558995
-0.5802390575408936 | [0.09] | -0.0007695065481417005
-0.5890389680862427 | [0.09] | -0.0008110212683591251
-0.5972161293029785 | [0.09] | -0.0008621288744269954
-0.604706346988678 | [0.1] | -0.0009232531351320577
-0.6114501357078552 | [0.1] | -0.000994828668704245
-0.6173930168151855 | [0.1] | -0.0010772780115297514
-0.6224859952926636 | [0.11] | -0.0011709862308658665
-0.6266858577728271 | [0.11] | -0.001276275237995045
-0.6299553513526917 | [0.12] | -0.001393377452295446
-0.6322636008262634 | [0.12] | -0.0015224093896391263
-0.6335861086845398 | [0.13] | -0.0016633467862878816
-0.6339051723480225 | [0.13] | -0.001816000012207458
-0.633209764957428 | [0.14] | -0.001979992893284134
-0.6314959526062012 | [0.15] | -0.0021547424377983946
-0.6287667751312256 | [0.15] | -0.0023394436021559445
-0.6250324845314026 | [0.16] | -0.0025330568379507705
-0.620310366153717 | [0.17] | -0.0027343020119362255
-0.6146250367164612 | [0.17] | -0.0029416562290733193
-0.6080081462860107 | [0.18] | -0.0031533602909086566
-0.6004985570907593 | [0.18] | -0.003367430705721341
-0.5921421051025391 | [0.19] | -0.0035816810595001077
-0.5829913020133972 | [0.19] | -0.003793751461382971
-0.5731052160263062 | [0.2] | -0.0040011453330703
-0.5625491738319397 | [0.2] | -0.004201274424602052
-0.5513942241668701 | [0.21] | -0.004391511230977413
-0.5397167205810547 | [0.21] | -0.004569245946518553
-0.5275977253913879 | [0.22] | -0.004731947473313714
-0.5151224136352539 | [0.22] | -0.004877224634735033
-0.5023794174194336 | [0.22] | -0.005002887517491707
-0.48945996165275574 | [0.23] | -0.005107004293714701
-0.4764571189880371 | [0.23] | -0.0051879513894211755
-0.46346500515937805 | [0.23] | -0.005244454162811836
-0.4505779445171356 | [0.23] | -0.005275618773489738
-0.43788963556289673 | [0.23] | -0.005280951135987377
-0.42549237608909607 | [0.23] | -0.0052603630394164385
-0.4134763181209564 | [0.23] | -0.005214167924869136
-0.40192872285842896 | [0.23] | -0.005143063288847276
-0.3909333348274231 | [0.22] | -0.005048104815569974
-0.3805698752403259 | [0.22] | -0.0049306710063721235
-0.37091341614723206 | [0.22] | -0.0047924234978158516
-0.3620341122150421 | [0.22] | -0.00463526121022446
-0.3539966940879822 | [0.21] | -0.004461274626040883
-0.34686028957366943 | [0.21] | -0.00427269853893164
-0.3406781256198883 | [0.2] | -0.004071867531300063
-0.3354973793029785 | [0.2] | -0.0038611727992771574
-0.331358939409256 | [0.19] | -0.0036430229492817596
-0.3282974064350128 | [0.18] | -0.0034198079500765335
-0.32634085416793823 | [0.18] | -0.0031938669700651394
-0.32551079988479614 | [0.17] | -0.0029674594748571696
-0.325822114944458 | [0.17] | -0.002742739334733135
-0.3272828161716461 | [0.16] | -0.0025217319806314286
-0.3298940360546112 | [0.15] | -0.0023063130748584857
-0.3336498439311981 | [0.14] | -0.0020981897608659352
-0.3385371267795563 | [0.14] | -0.001898883428975596
-0.3445354700088501 | [0.13] | -0.001709714428864382
-0.3516169786453247 | [0.12] | -0.0015317894490679508
-0.3597462475299835 | [0.12] | -0.0013659913336931519
-0.3688802123069763 | [0.11] | -0.0012129731151798888
-0.37896811962127686 | [0.1] | -0.001073156256296223
-0.3899516761302948 | [0.1] | -0.0009467345589465146
-0.40176498889923096 | [0.09] | -0.0008336845946208276
-0.41433489322662354 | [0.09] | -0.0007337832962857231
-0.42758116126060486 | [0.08] | -0.0006466324397210383
-0.44141703844070435 | [0.08] | -0.0005716906081659267
-0.45574963092803955 | [0.07] | -0.0005083115833362508
-0.47048065066337585 | [0.07] | -0.00045578765545456837
-0.4855071008205414 | [0.06] | -0.0004133960751814196
-0.5007221698760986 | [0.06] | -0.0003804467585069687
-0.5160161852836609 | [0.06] | -0.0003563282012413686
-0.5312774777412415 | [0.06] | -0.00034054952063835024
-0.5463936924934387 | [0.06] | -0.0003327755198021012
-0.5612525343894958 | [0.06] | -0.0003328539477695572
-0.5757430195808411 | [0.06] | -0.0003408322563027617
-0.589756429195404 | [0.06] | -0.0003569637842398368
-0.6031873226165771 | [0.06] | -0.0003817034147043821
-0.6159342527389526 | [0.06] | -0.0004156930354650942
-0.6279007792472839 | [0.07] | -0.00045973762989774534
-0.6389960646629333 | [0.07] | -0.0005147744126682602
-0.649135410785675 | [0.08] | -0.0005818358453142605
-0.6582409143447876 | [0.08] | -0.0006620084466639978
-0.6662418246269226 | [0.09] | -0.0007563891375089789
-0.6730747818946838 | [0.09] | -0.0008660406458051643
-0.6786842942237854 | [0.1] | -0.0009919454005207788
-0.6830227971076965 | [0.11] | -0.0011349610217493357
-0.6860508322715759 | [0.11] | -0.0012957760701521508
-0.6877374053001404 | [0.12] | -0.0014748662073518573
-0.68805992603302 | [0.13] | -0.0016724527547877768
-0.6870044469833374 | [0.14] | -0.00188846218671174
-0.6845657825469971 | [0.15] | -0.00212248806856175
-0.6807477474212646 | [0.15] | -0.002373755880927672
-0.6755631566047668 | [0.16] | -0.0026410929395420347
-0.6690341234207153 | [0.17] | -0.002922903458775082
-0.6611921787261963 | [0.18] | -0.003217152270020361
-0.6520782709121704 | [0.19] | -0.003521359580493601
-0.6417429447174072 | [0.2] | -0.003832607818456907
-0.6302463412284851 | [0.2] | -0.004147563694037453
-0.6176579594612122 | [0.21] | -0.004462519085753439
-0.6040565967559814 | [0.22] | -0.0047734483868701535
-0.5895299315452576 | [0.23] | -0.0050760864622377815
-0.5741740465164185 | [0.23] | -0.005366022685246396
-0.5580928325653076 | [0.24] | -0.005638811200474323
-0.5413971543312073 | [0.24] | -0.005890091655927842
-0.5242040157318115 | [0.25] | -0.006115716015929081
-0.5066354274749756 | [0.25] | -0.006311873941650789
-0.48881712555885315 | [0.25] | -0.006475213949418239
-0.4708775281906128 | [0.26] | -0.006602944638428367
-0.4529462456703186 | [0.26] | -0.0066929221226046665
-0.4351528286933899 | [0.26] | -0.006743707432643526
-0.4176254868507385 | [0.26] | -0.006754597656758678
-0.40048977732658386 | [0.26] | -0.006725629197957749
-0.3838675320148468 | [0.26] | -0.006657551948796674
-0.3678758144378662 | [0.26] | -0.00655177917388414
-0.3526260554790497 | [0.25] | -0.006410318980859028
-0.33822330832481384 | [0.25] | -0.00623568833544784
-0.32476574182510376 | [0.25] | -0.006030821593133226
-0.31234419345855713 | [0.24] | -0.005798975499303231
-0.3010418713092804 | [0.24] | -0.005543635899383204
-0.2909342646598816 | [0.23] | -0.005268431381916353
-0.28208908438682556 | [0.22] | -0.004977056953258193
-0.2745662033557892 | [0.22] | -0.0046732077212006656
-0.2684178352355957 | [0.21] | -0.004360523829761217
-0.2636885643005371 | [0.2] | -0.004042546981664236
-0.2604154348373413 | [0.19] | -0.003722685808909186
-0.2586279809474945 | [0.18] | -0.003404189057343923
-0.258348286151886 | [0.18] | -0.003090123516795766
-0.25959086418151855 | [0.17] | -0.0027833555226184706
-0.26236262917518616 | [0.16] | -0.002486532810300182
-0.2666626572608948 | [0.15] | -0.0022020662446414966
-0.27248188853263855 | [0.14] | -0.0019321093016319174
-0.2798028290271759 | [0.13] | -0.001678535031010118
-0.2885991930961609 | [0.12] | -0.0014429105645295786
-0.2988354563713074 | [0.11] | -0.001226471310179149
-0.3104664385318756 | [0.1] | -0.0010300948688036166
-0.323436975479126 | [0.09] | -0.0008542789104891372
-0.33768147230148315 | [0.08] | -0.000699126002439186
-0.3531237542629242 | [0.08] | -0.0005643375793436883
-0.3696768879890442 | [0.07] | -0.0004492224614353653
-0.3872433304786682 | [0.06] | -0.0003527212927854573
-0.40571504831314087 | [0.05] | -0.000273450096553011
-0.42497414350509644 | [0.05] | -0.00020976188144479678
-0.444893479347229 | [0.04] | -0.00015982756137297217
-0.46533769369125366 | [0.03] | -0.00012173032981248708
-0.48616430163383484 | [0.03] | -9.357044781291387e-05
-0.5072252154350281 | [0.03] | -7.357298453739578e-05
-0.5283681750297546 | [0.02] | -6.0192010307567295e-05
-0.5494385361671448 | [0.02] | -5.2202804007226084e-05
-0.5702810287475586 | [0.02] | -4.8776332666375494e-05
-0.5907414555549622 | [0.02] | -4.953076631188073e-05
-0.6106683015823364 | [0.02] | -5.4557006297635874e-05
-0.6299145221710205 | [0.03] | -6.441764004485225e-05
-0.6483387351036072 | [0.03] | -8.012152281605198e-05
-0.6658065915107727 | [0.03] | -0.00010307723796893806
-0.682191789150238 | [0.04] | -0.0001350307785459378
-0.6973767876625061 | [0.04] | -0.00017799267922765941
-0.7112534642219543 | [0.05] | -0.0002341601486198706
-0.723723292350769 | [0.06] | -0.0003058387435459595
-0.7346977591514587 | [0.06] | -0.00039536630040294554
-0.744098424911499 | [0.07] | -0.0005050420744721234
-0.7518567442893982 | [0.08] | -0.0006370611573718298
-0.7579140663146973 | [0.09] | -0.0007934533541289863
-0.76222163438797 | [0.1] | -0.0009760252529524799
-0.7647403478622437 | [0.11] | -0.0011863040335708178
-0.7654407620429993 | [0.12] | -0.0014254803474834767
-0.7643032670021057 | [0.13] | -0.0016943480595068762
-0.7613180875778198 | [0.14] | -0.001993241154714612
-0.7564855813980103 | [0.15] | -0.0023219663366541403
-0.7498165369033813 | [0.16] | -0.0026797329503610036
-0.7413325905799866 | [0.18] | -0.0030650828746182973
-0.7310667037963867 | [0.19] | -0.0034758241975327998
-0.7190636396408081 | [0.2] | -0.003908974750943953
-0.7053806185722351 | [0.21] | -0.004360721502867092
-0.690087616443634 | [0.22] | -0.004826405558087589
-0.673267662525177 | [0.23] | -0.005300539690187141
-0.6550171971321106 | [0.24] | -0.005776864011730959
-0.6354458928108215 | [0.25] | -0.006248450505670215
-0.6146764159202576 | [0.26] | -0.006707853887499782
-0.5928438305854797 | [0.27] | -0.007147309529152295
-0.570094645023346 | [0.27] | -0.0075589742170216806
-0.5465854406356812 | [0.28] | -0.007935194105742335
-0.5224814414978027 | [0.29] | -0.008268790105618606
-0.49795448780059814 | [0.29] | -0.008553335525022705
-0.47318097949028015 | [0.3] | -0.008783410773905818
-0.4483396112918854 | [0.3] | -0.0089548120878911
-0.42360904812812805 | [0.3] | -0.009064698848687002
-0.3991656005382538 | [0.3] | -0.009111673031147814
-0.37518107891082764 | [0.3] | -0.009095777930145982
-0.3518208861351013 | [0.3] | -0.009018429249261063
-0.3292422890663147 | [0.3] | -0.008882280984342397
-0.30759313702583313 | [0.29] | -0.00869104664031241
-0.2870107889175415 | [0.29] | -0.008449286354674432
-0.26762154698371887 | [0.29] | -0.008162184609327388
-0.24954040348529816 | [0.28] | -0.007835331658880675
-0.232870951294899 | [0.27] | -0.007474522976334323
-0.21770574152469635 | [0.27] | -0.007085586102753675
-0.2041267305612564 | [0.26] | -0.006674243298325545
-0.19220590591430664 | [0.25] | -0.006246008904983259
-0.18200598657131195 | [0.24] | -0.0058061212855317085
-0.17358112335205078 | [0.23] | -0.005359506921390549
-0.1669776290655136 | [0.22] | -0.004910767813845421
-0.16223455965518951 | [0.21] | -0.004464190657005307
-0.15938426554203033 | [0.2] | -0.004023766532648676
-0.15845268964767456 | [0.19] | -0.0035932170799494005
-0.15945960581302643 | [0.18] | -0.0031760202095709373
-0.16241855919361115 | [0.17] | -0.002775430182645914
-0.16733667254447937 | [0.15] | -0.002394486813575552
-0.1742142140865326 | [0.14] | -0.002036010515993509
-0.18304398655891418 | [0.13] | -0.0017025802541375838
-0.19381047785282135 | [0.12] | -0.0013964935856736276
-0.20648889243602753 | [0.11] | -0.0011197083793250354
-0.22104406356811523 | [0.09] | -0.0008737693045966461
-0.2374291867017746 | [0.08] | -0.0006597235371930671
-0.2555846571922302 | [0.07] | -0.000478032165904217
-0.2754368185997009 | [0.06] | -0.00032848671277516307
-0.2968969941139221 | [0.05] | -0.00021014212100188857
-0.3198606073856354 | [0.03] | -0.00012127831534501678
-0.34420663118362427 | [0.02] | -5.9401435247126835e-05
-0.3697975277900696 | [0.01] | -2.1295796385406655e-05
-0.3964795470237732 | [0.01] | -3.1319193190327403e-06
-0.4240836203098297 | [-0.] | -6.310079140883191e-07
-0.4524267911911011 | [-0.01] | -9.279562578850022e-06
-0.48131415247917175 | [-0.02] | -2.4580281695680185e-05
-0.5105413198471069 | [-0.02] | -4.231936192902248e-05
-0.5398972630500793 | [-0.02] | -5.882608258869027e-05
-0.5691673755645752 | [-0.03] | -7.120044624715271e-05
-0.598136842250824 | [-0.03] | -7.748673784307816e-05
-0.6265936493873596 | [-0.03] | -7.677801649751709e-05
-0.6543318033218384 | [-0.03] | -6.92447517302009e-05
-0.6811538338661194 | [-0.02] | -5.608997690710904e-05
-0.7068732380867004 | [-0.02] | -3.944208050329587e-05
-0.731316089630127 | [-0.01] | -2.220195589999098e-05
-0.754322350025177 | [-0.01] | -7.864879620689068e-06
-0.7757463455200195 | [-0.] | -3.363289190749854e-07
-0.7954572439193726 | [0.01] | -3.758836706069496e-06
-0.8133386969566345 | [0.01] | -2.2361839371626568e-05
-0.829288125038147 | [0.02] | -6.034148873936829e-05
-0.8432161808013916 | [0.03] | -0.00012177190453642
-0.8550455570220947 | [0.05] | -0.00021054528146825975
-0.8647100925445557 | [0.06] | -0.00033033474550674173
-0.8721537590026855 | [0.07] | -0.0004845721699167428
-0.8773298859596252 | [0.08] | -0.0006764316389771289
-0.8802003264427185 | [0.1] | -0.00090881062842382
-0.8807349801063538 | [0.11] | -0.0011842995094480803
-0.8789116740226746 | [0.12] | -0.001505132453729162
-0.8747162818908691 | [0.14] | -0.0018731140504393022
-0.86814284324646 | [0.15] | -0.0022895185701922918
-0.8591945767402649 | [0.17] | -0.0027549578004758823
-0.8478845357894897 | [0.18] | -0.0032692224847233747
-0.8342370390892029 | [0.2] | -0.003831098560214693
-0.8182889819145203 | [0.21] | -0.004438170588393633
-0.8000916242599487 | [0.23] | -0.005086623792136192
-0.7797120213508606 | [0.24] | -0.005771067503013223
-0.7572347521781921 | [0.25] | -0.006484400413218069
-0.7327632308006287 | [0.27] | -0.007217746557377398
-0.7064208984375 | [0.28] | -0.007960490124026082
-0.678351879119873 | [0.29] | -0.008700432248171273
-0.6487210392951965 | [0.31] | -0.009424086851305795
-0.617713212966919 | [0.32] | -0.010117121111701268
-0.5855317115783691 | [0.33] | -0.010764923521978931
-0.5523962378501892 | [0.34] | -0.011353264668801323
-0.5185396671295166 | [0.34] | -0.011869008437448031
-0.4842042326927185 | [0.35] | -0.012300804782175913
-0.4496375024318695 | [0.36] | -0.012639683709570557
-0.41508764028549194 | [0.36] | -0.01287951366284635
-0.38079899549484253 | [0.36] | -0.01301724681965426
-0.347007691860199 | [0.36] | -0.01305295443113738
-0.31393781304359436 | [0.36] | -0.012989647631887778
-0.2817981243133545 | [0.36] | -0.012832902221440548
-0.2507796883583069 | [0.35] | -0.012590363664429616
-0.22105422616004944 | [0.35] | -0.012271166448483129
-0.19277343153953552 | [0.34] | -0.011885342026598545
-0.16606897115707397 | [0.34] | -0.011443267095241592
-0.1410531997680664 | [0.33] | -0.010955186279835149
-0.11782043427228928 | [0.32] | -0.010430833370808267
-0.09644866734743118 | [0.31] | -0.009879165128730579
-0.07700150460004807 | [0.31] | -0.009308196555786725
-0.05953029915690422 | [0.3] | -0.008724932812922134
-0.044076260179281235 | [0.29] | -0.008135376009685806
-0.030672557651996613 | [0.27] | -0.0075445926524507784
-0.019346266984939575 | [0.26] | -0.0069568208274172014
-0.010120130144059658 | [0.25] | -0.006375603823483811
-0.003014091867953539 | [0.24] | -0.005803936883939272
0.001953419065102935 | [0.23] | -0.005244416206492639
0.004764482844620943 | [0.22] | -0.004699383701511976
0.005400973372161388 | [0.2] | -0.004171060405089811
0.0038441393990069628 | [0.19] | -0.003661665064076678
7.450383418472484e-05 | [0.18] | -0.003173512965843768
-0.0059279161505401134 | [0.16] | -0.0027090912216527433
-0.014183050952851772 | [0.15] | -0.002271106578328163
-0.024709871038794518 | [0.14] | -0.0018625004301121993
-0.03752511367201805 | [0.12] | -0.0014864259765424185
-0.05264165624976158 | [0.11] | -0.0011461821808472648
-0.07006649672985077 | [0.09] | -0.0008450991701768456
-0.08979841321706772 | [0.08] | -0.0005863733909417258
-0.11182530224323273 | [0.06] | -0.00037285097409564495
-0.1361212283372879 | [0.05] | -0.00020676558766301894
-0.16264338791370392 | [0.03] | -8.944393484875952e-05
-0.19132894277572632 | [0.01] | -2.0998582119546862e-05
-0.22209212183952332 | [-0.] | -4.0402441288611e-08
-0.2548215687274933 | [-0.02] | -2.3448706337960706e-05
-0.2893783748149872 | [-0.03] | -8.624377913847954e-05
-0.32559484243392944 | [-0.04] | -0.0001816043445623299
-0.3632744550704956 | [-0.05] | -0.00030106384611976785
-0.40219298005104065 | [-0.07] | -0.00043489814474452444
-0.44210097193717957 | [-0.08] | -0.0005726934915488368
-0.48272764682769775 | [-0.08] | -0.000704046866607804
-0.5237859487533569 | [-0.09] | -0.0008193285225956636
-0.5649785995483398 | [-0.1] | -0.0009104095849752227
-0.6060048341751099 | [-0.1] | -0.0009712640724388433
-0.646567165851593 | [-0.1] | -0.0009983628839594426
-0.6863778829574585 | [-0.1] | -0.0009908179642976924
-0.7251650094985962 | [-0.1] | -0.0009502691283154695
-0.7626770734786987 | [-0.09] | -0.000880549367343378
-0.7986866235733032 | [-0.09] | -0.0007871953730008507
-0.832992434501648 | [-0.08] | -0.0006768841336134579
-0.8654203414916992 | [-0.07] | -0.0005568715984678052
-0.8958227634429932 | [-0.07] | -0.0004344977391666588
-0.9240774512290955 | [-0.06] | -0.0003168003556216813
-0.9500851631164551 | [-0.05] | -0.00021025319895763062
-0.9737670421600342 | [-0.03] | -0.00012062774700374328
-0.9950613975524902 | [-0.02] | -5.2962209672655125e-05
-1.013920783996582 | [-0.01] | -1.1613663832022343e-05
-1.0303088426589966 | [0.] | -3.680910661674795e-07
-1.0441972017288208 | [0.02] | -2.2583533875187315e-05
-1.0555630922317505 | [0.03] | -8.134694260701812e-05
-1.0643869638442993 | [0.04] | -0.00017962820173725657
-1.070650577545166 | [0.06] | -0.0003204200594619369
-1.0743355751037598 | [0.07] | -0.0005068550379548588
-1.0754220485687256 | [0.09] | -0.0007422936015406808
-1.0738881826400757 | [0.1] | -0.0010303764771253743
-1.0697101354599 | [0.12] | -0.001375035836991236
-1.0628618001937866 | [0.13] | -0.0017804599860971296
-1.0533161163330078 | [0.15] | -0.002250999457341374
-1.0410457849502563 | [0.17] | -0.0027910110214165035
-1.0260252952575684 | [0.18] | -0.0034046237017048148
-1.0082330703735352 | [0.2] | -0.004095422403651931
-0.9876543879508972 | [0.22] | -0.004866041085317543
-0.9642845988273621 | [0.24] | -0.005717667506993776
-0.9381330609321594 | [0.26] | -0.0066494697014825846
-0.9092273712158203 | [0.28] | -0.007657971631903008
-0.8776176571846008 | [0.3] | -0.00873642659142816
-0.8433812260627747 | [0.31] | -0.009874257156779013
-0.8066263794898987 | [0.33] | -0.011056653923489257
-0.7674960494041443 | [0.35] | -0.012264436845195917
-0.7261701226234436 | [0.37] | -0.013474291732228956
-0.682866096496582 | [0.38] | -0.014659463256813358
-0.6378381848335266 | [0.4] | -0.015790936419530326
-0.5913740992546082 | [0.41] | -0.016839074679009466
-0.5437896251678467 | [0.42] | -0.017775575163940304
-0.4954214096069336 | [0.43] | -0.01857554050523527
-0.4466177821159363 | [0.44] | -0.01921939122524379
-0.3977288007736206 | [0.44] | -0.01969435773486645
-0.34909588098526 | [0.45] | -0.019995323131258097
-0.30104202032089233 | [0.45] | -0.02012492498170852
-0.2538631558418274 | [0.45] | -0.020092904721178063
-0.20782126486301422 | [0.45] | -0.019914873838033382
-0.16313964128494263 | [0.44] | -0.01961068190737781
-0.12000026553869247 | [0.44] | -0.01920265604412369
-0.07854332029819489 | [0.43] | -0.018713925627225507
-0.03886840119957924 | [0.43] | -0.018167004427854794
-0.0010371638927608728 | [0.42] | -0.017582712432513987
0.03492306172847748 | [0.41] | -0.0169794764355634
0.06901508569717407 | [0.4] | -0.016372968359072964
0.10126745700836182 | [0.4] | -0.015776029273873126
0.1317300945520401 | [0.39] | -0.015198796554078485
0.16047021746635437 | [0.38] | -0.014648968794021847
0.18756859004497528 | [0.38] | -0.014132142507815727
0.21311631798744202 | [0.37] | -0.013652170955616608
0.23721206188201904 | [0.36] | -0.013211519686301515
0.25995978713035583 | [0.36] | -0.01281158864214027
0.28146693110466003 | [0.35] | -0.01245299776240886
0.30184295773506165 | [0.35] | -0.012135830240559344
0.32119834423065186 | [0.34] | -0.011859834045593057
0.3396438658237457 | [0.34] | -0.011624587109151891
0.357290118932724 | [0.34] | -0.01142963056395594
0.374247282743454 | [0.34] | -0.011274575990551476
0.39062508940696716 | [0.33] | -0.011159194022040029
0.4065329134464264 | [0.33] | -0.011083485573613551
0.42208006978034973 | [0.33] | -0.011047744552351897
0.43737611174583435 | [0.33] | 99.9889473881102
Total reward: 98.1312201409576
0.1, 5.8, 0.2
parameter ends

state | action | reward
[-0.52] | [0.15] | -0.0021889241174462243
-0.520300030708313 | [0.15] | -0.0022237463586841895
-0.5199024081230164 | [0.15] | -0.0022594883076792463
-0.519307017326355 | [0.15] | -0.002295905083887654
-0.5185165405273438 | [0.15] | -0.002332738454321817
-0.5175350904464722 | [0.15] | -0.0023697186203280895
-0.5163682103157043 | [0.16] | -0.0024065659632522365
-0.515022873878479 | [0.16] | -0.0024429931955219906
-0.5135073661804199 | [0.16] | -0.0024787079987948555
-0.5118314027786255 | [0.16] | -0.0025134151147167185
-0.5100058317184448 | [0.16] | -0.0025468201431159236
-0.5080428123474121 | [0.16] | -0.0025786316173808128
-0.5059555768966675 | [0.16] | -0.002608564938232227
-0.5037583112716675 | [0.16] | -0.0026363455650343106
-0.5014662146568298 | [0.16] | -0.0026617118127345535
-0.49909526109695435 | [0.16] | -0.0026844186078014694
-0.4966621696949005 | [0.16] | -0.002704240323687823
-0.4941841959953308 | [0.16] | -0.002720974082177954
-0.4916791319847107 | [0.17] | -0.0027344420298431233
-0.4891650676727295 | [0.17] | -0.002744494236139317
-0.48666027188301086 | [0.17] | -0.002751010821052328
-0.4841831624507904 | [0.17] | -0.0027539031885423417
-0.48175206780433655 | [0.17] | -0.002753115952585048
-0.479385107755661 | [0.17] | -0.0027486275508795776
-0.47710010409355164 | [0.17] | -0.00274045067662375
-0.4749143719673157 | [0.17] | -0.002728632387907515
-0.4728447198867798 | [0.16] | -0.0027132532126410195
-0.47090718150138855 | [0.16] | -0.002694426701149388
-0.4691169559955597 | [0.16] | -0.002672297753162408
-0.4674883186817169 | [0.16] | -0.00264704071431478
-0.466034471988678 | [0.16] | -0.0026188574544689304
-0.4647674858570099 | [0.16] | -0.0025879746901294235
-0.4636981189250946 | [0.16] | -0.002554641535604529
-0.4628358483314514 | [0.16] | -0.0025191261483514453
-0.462188720703125 | [0.16] | -0.002481712972386002
-0.46176326274871826 | [0.16] | -0.0024426995302430504
-0.46156448125839233 | [0.15] | -0.0024023930123572472
-0.4615957736968994 | [0.15] | -0.002361107212822859
-0.46185892820358276 | [0.15] | -0.002319159245564547
-0.46235403418540955 | [0.15] | -0.0022768667428604695
-0.463079571723938 | [0.15] | -0.002234544618599662
-0.46403229236602783 | [0.15] | -0.0021925028385239138
-0.4652072787284851 | [0.15] | -0.0021510437663907088
-0.4665979743003845 | [0.15] | -0.0021104599459872034
-0.46819618344306946 | [0.14] | -0.002071032351393358
-0.46999213099479675 | [0.14] | -0.002033028700037408
-0.47197452187538147 | [0.14] | -0.0019967020803617285
-0.4741306006908417 | [0.14] | -0.0019622900556690278
-0.4764461815357208 | [0.14] | -0.001930013933576628
-0.4789058566093445 | [0.14] | -0.0019000779894753534
-0.4814929664134979 | [0.14] | -0.0018726696484000303
-0.4841897487640381 | [0.14] | -0.0018479592026292278
-0.4869775176048279 | [0.14] | -0.0018260997737868094
-0.4898366928100586 | [0.13] | -0.0018072279709801674
-0.4927469789981842 | [0.13] | -0.0017914638948090173
-0.4956875741481781 | [0.13] | -0.0017789114156824067
-0.49863719940185547 | [0.13] | -0.0017696588865699359
-0.5015742778778076 | [0.13] | -0.0017637792825131102
-0.5044772624969482 | [0.13] | -0.0017613300104964988
-0.5073244571685791 | [0.13] | -0.0017623539737535194
-0.5100945830345154 | [0.13] | -0.0017668782790644048
-0.5127665400505066 | [0.13] | -0.0017749152510869153
-0.5153198838233948 | [0.13] | -0.0017864609850263156
-0.5177348256111145 | [0.13] | -0.001801495390729879
-0.5199924111366272 | [0.13] | -0.0018199812797874883
-0.5220746994018555 | [0.14] | -0.001841863385279496
-0.5239648222923279 | [0.14] | -0.0018670675640632018
-0.5256472826004028 | [0.14] | -0.0018954992563738852
-0.527107834815979 | [0.14] | -0.0019270430795782516
-0.528333842754364 | [0.14] | -0.0019615608597108123
-0.5293142795562744 | [0.14] | -0.001998891062107696
-0.5300397872924805 | [0.14] | -0.0020388478629609704
-0.5305027961730957 | [0.14] | -0.0020812203626209016
-0.5306976437568665 | [0.15] | -0.002125771926093169
-0.5306205153465271 | [0.15] | -0.0021722404388656576
-0.5302696824073792 | [0.15] | -0.0022203378794567706
-0.5296452641487122 | [0.15] | -0.002269751920604382
-0.5287495255470276 | [0.15] | -0.0023201460402917954
-0.5275866985321045 | [0.15] | -0.002371161841660414
-0.5261629819869995 | [0.16] | -0.0024224211627057127
-0.5244865417480469 | [0.16] | -0.002473528619840823
-0.5225675702095032 | [0.16] | -0.0025240744606050158
-0.5204179883003235 | [0.16] | -0.002573639198757476
-0.5180516242980957 | [0.16] | -0.002621796874855471
-0.5154839754104614 | [0.16] | -0.0026681200938165547
-0.512732207775116 | [0.16] | -0.0027121847703067622
-0.5098148584365845 | [0.17] | -0.0027535758850756684
-0.5067519545555115 | [0.17] | -0.002791891811186735
-0.503564715385437 | [0.17] | -0.0028267504970230783
-0.5002754330635071 | [0.17] | -0.002857794534034383
-0.49690738320350647 | [0.17] | -0.0028846960765525616
-0.4934845566749573 | [0.17] | -0.002907162103175284
-0.49003151059150696 | [0.17] | -0.0029249387459493233
-0.4865732491016388 | [0.17] | -0.0029378149420943873
-0.48313501477241516 | [0.17] | -0.0029456259744963273
-0.4797420799732208 | [0.17] | -0.0029482561181258344
-0.4764195680618286 | [0.17] | -0.0029456404657239865
-0.4731922745704651 | [0.17] | -0.002937766228252171
-0.4700844883918762 | [0.17] | -0.0029246727911081414
-0.46711981296539307 | [0.17] | -0.002906451353417567
-0.46432098746299744 | [0.17] | -0.002883243602298126
-0.4617096781730652 | [0.17] | -0.0028552399609451714
-0.45930641889572144 | [0.17] | -0.0028226762913934607
-0.4571303725242615 | [0.17] | -0.002785831043067177
-0.4551991820335388 | [0.17] | -0.0027450212603757455
-0.45352885127067566 | [0.16] | -0.002700598208641769
-0.4521336853504181 | [0.16] | -0.0026529424221587786
-0.4510261118412018 | [0.16] | -0.0026024589820192318
-0.4502165615558624 | [0.16] | -0.00254957249881531
-0.44971340894699097 | [0.16] | -0.002494721714406343
-0.4495229721069336 | [0.16] | -0.0024383541564591844
-0.44964930415153503 | [0.15] | -0.0023809216326835143
-0.4500942528247833 | [0.15] | -0.002322874991351066
-0.4508574306964874 | [0.15] | -0.0022646596123354137
-0.45193612575531006 | [0.15] | -0.00220671149291279
-0.4533253312110901 | [0.15] | -0.0021494532969084357
-0.4550177752971649 | [0.14] | -0.0020932910679121756
-0.4570039212703705 | [0.14] | -0.0020386114243373683
-0.4592720568180084 | [0.14] | -0.0019857792075393004
-0.4618082642555237 | [0.14] | -0.0019351359796787233
-0.46459659934043884 | [0.14] | -0.0018869984291008217
-0.4676190912723541 | [0.14] | -0.0018416580147967863
-0.4708558917045593 | [0.13] | -0.0017993805903834988
-0.47428539395332336 | [0.13] | -0.00176040660287838
-0.4778843820095062 | [0.13] | -0.0017249517608417635
-0.4816281497478485 | [0.13] | -0.001693208086506982
-0.48549067974090576 | [0.13] | -0.001665345012160993
-0.4894448220729828 | [0.13] | -0.0016415108475793892
-0.4934625029563904 | [0.13] | -0.001621834067168881
-0.49751487374305725 | [0.13] | -0.0016064250456987476
-0.5015725493431091 | [0.13] | -0.0015953772879074455
-0.5056058168411255 | [0.13] | -0.0015887683884358264
-0.509584903717041 | [0.13] | -0.0015866611421668717
-0.5134801268577576 | [0.13] | -0.00158910397551165
-0.5172621607780457 | [0.13] | -0.0015961312938424475
-0.5209022164344788 | [0.13] | -0.0016077631376902363
-0.5243722796440125 | [0.13] | -0.0016240044654328763
-0.5276454091072083 | [0.13] | -0.0016448438236478743
-0.5306957960128784 | [0.13] | -0.0016702522281546784
-0.5334990620613098 | [0.13] | -0.0017001808163649606
-0.5360325574874878 | [0.13] | -0.0017345583494234457
-0.5382752418518066 | [0.13] | -0.0017732896279846902
-0.5402081608772278 | [0.13] | -0.0018162517475659975
-0.541814386844635 | [0.14] | -0.0018632920523037483
-0.5430793166160583 | [0.14] | -0.001914224979070174
-0.5439906716346741 | [0.14] | -0.0019688298787995328
-0.5445387363433838 | [0.14] | -0.0020268484179068987
-0.5447162985801697 | [0.14] | -0.0020879832786900175
-0.5445188283920288 | [0.15] | -0.002151896495221504
-0.5439445376396179 | [0.15] | -0.0022182088711072555
-0.5429943203926086 | [0.15] | -0.0022865004366858445
-0.5416719317436218 | [0.15] | -0.0023563109011377637
-0.5399838089942932 | [0.16] | -0.0024271421962919273
-0.5379391312599182 | [0.16] | -0.0024984610495653024
-0.5355498194694519 | [0.16] | -0.002569702651485235
-0.5328304767608643 | [0.16] | -0.002640275617628148
-0.529798150062561 | [0.16] | -0.0027095683817810324
-0.5264724493026733 | [0.17] | -0.002776954955724219
-0.522875189781189 | [0.17] | -0.0028418034470290526
-0.5190305113792419 | [0.17] | -0.0029034831286711767
-0.5149645209312439 | [0.17] | -0.0029613740405010362
-0.5107051134109497 | [0.17] | -0.0030148757848410352
-0.5062819719314575 | [0.18] | -0.0030634160861820977
-0.5017260909080505 | [0.18] | -0.0031064607734995796
-0.49706974625587463 | [0.18] | -0.0031435215266736915
-0.49234622716903687 | [0.18] | -0.003174164675792592
-0.4875895082950592 | [0.18] | -0.0031980183294474766
-0.4828340709209442 | [0.18] | -0.0032147789282159986
-0.47811466455459595 | [0.18] | -0.0032242163872091036
-0.47346600890159607 | [0.18] | -0.0032261782879173476
-0.46892249584198 | [0.18] | -0.0032205926218699405
-0.4645180404186249 | [0.18] | -0.003207468874821041
-0.4602857232093811 | [0.18] | -0.0031868980265066732
-0.4562576413154602 | [0.18] | -0.003159050745661351
-0.45246458053588867 | [0.18] | -0.0031241747632676105
-0.4489358365535736 | [0.18] | -0.0030825905042417712
-0.4456990361213684 | [0.17] | -0.0030346857437084807
-0.44277986884117126 | [0.17] | -0.0029809094205633783
-0.4402019679546356 | [0.17] | -0.002921764511373973
-0.4379866421222687 | [0.17] | -0.002857800480553802
-0.43615278601646423 | [0.17] | -0.0027896050206315643
-0.43471673130989075 | [0.16] | -0.0027177954857310026
-0.43369215726852417 | [0.16] | -0.0026430103627216707
-0.43308985233306885 | [0.16] | -0.0025659012347256926
-0.4329178035259247 | [0.16] | -0.0024871238690467516
-0.43318092823028564 | [0.16] | -0.0024073310727381427
-0.43388116359710693 | [0.15] | -0.002327164699904299
-0.4350173771381378 | [0.15] | -0.002247249113512695
-0.43658527731895447 | [0.15] | -0.00216818528934988
-0.4385775327682495 | [0.14] | -0.002090545065968384
-0.44098368287086487 | [0.14] | -0.002014867082917775
-0.4437901973724365 | [0.14] | -0.0019416531583115008
-0.4469805657863617 | [0.14] | -0.0018713655783349674
-0.4505353271961212 | [0.13] | -0.0018044255476470689
-0.4544321894645691 | [0.13] | -0.001741212491643853
-0.45864614844322205 | [0.13] | -0.0016820642677355332
-0.46314963698387146 | [0.13] | -0.0016272783039068045
-0.4679126739501953 | [0.13] | -0.0015771135179164543
-0.4729030430316925 | [0.12] | -0.0015317929323959757
-0.4780865013599396 | [0.12] | -0.0014915068746909836
-0.4834270477294922 | [0.12] | -0.0014564163870411755
-0.48888713121414185 | [0.12] | -0.001426657278604591
-0.4944279193878174 | [0.12] | -0.0014023439509484362
-0.5000095963478088 | [0.12] | -0.0013835730377291604
-0.5055915713310242 | [0.12] | -0.0013704273441803125
-0.5111329555511475 | [0.12] | -0.0013629780043346394
-0.5165926814079285 | [0.12] | -0.0013612877220908796
-0.5219299793243408 | [0.12] | -0.0013654116027654783
-0.5271044969558716 | [0.12] | -0.0013753985232567616
-0.5320767760276794 | [0.12] | -0.0013912902197194062
-0.5368085503578186 | [0.12] | -0.0014131201982205681
-0.5412629842758179 | [0.12] | -0.0014409115212751416
-0.5454049706459045 | [0.12] | -0.0014746735767153067
-0.5492013692855835 | [0.12] | -0.0015143981663862324
-0.5526213049888611 | [0.12] | -0.0015600544524209674
-0.5556365251541138 | [0.13] | -0.0016115833182263157
-0.5582213997840881 | [0.13] | -0.001668892186332751
-0.5603532791137695 | [0.13] | -0.001731848470080127
-0.5620126724243164 | [0.13] | -0.001800273612241483
-0.5631833076477051 | [0.14] | -0.0018739374871218875
-0.5638524293899536 | [0.14] | -0.0019525525326907708
-0.5640107989311218 | [0.14] | -0.002035769477981304
-0.5636528134346008 | [0.15] | -0.0021231733871463674
-0.5627765655517578 | [0.15] | -0.0022142810208028705
-0.5613839626312256 | [0.15] | -0.0023085391948526996
-0.5594806671142578 | [0.16] | -0.00240532528451602
-0.5570761561393738 | [0.16] | -0.0025039487661604153
-0.5541836023330688 | [0.16] | -0.002603655128866212
-0.5508199334144592 | [0.16] | -0.002703630897160441
-0.5470057129859924 | [0.17] | -0.002803011218877334
-0.5427649617195129 | [0.17] | -0.0029008891910689925
-0.5381250381469727 | [0.17] | -0.0029963269026630503
-0.5331165790557861 | [0.18] | -0.003088367437434271
-0.5277731418609619 | [0.18] | -0.003176049465159802
-0.5221310257911682 | [0.18] | -0.003258422226684331
-0.5162291526794434 | [0.18] | -0.003334560476079145
-0.5101086497306824 | [0.18] | -0.0034035812478865114
-0.5038125514984131 | [0.19] | -0.0034646598863321987
-0.49738559126853943 | [0.19] | -0.003517044646529917
-0.4908737242221832 | [0.19] | -0.0035600716467515735
-0.4843238592147827 | [0.19] | -0.0035931773794181028
-0.47778356075286865 | [0.19] | -0.0036159094376079282
-0.47130054235458374 | [0.19] | -0.0036279357745957704
-0.4649224579334259 | [0.19] | -0.003629050456822231
-0.4586964249610901 | [0.19] | -0.0036191777965071184
-0.4526687264442444 | [0.19] | -0.0035983733796352184
-0.4468844532966614 | [0.19] | -0.003566822353871719
-0.4413871765136719 | [0.19] | -0.003524835293585689
-0.43621864914894104 | [0.19] | -0.003472841942033381
-0.43141844868659973 | [0.18] | -0.003411382702602447
-0.4270237684249878 | [0.18] | -0.003341098108080938
-0.42306914925575256 | [0.18] | -0.003262717171031989
-0.419586181640625 | [0.18] | -0.00317704459059562
-0.41660332679748535 | [0.18] | -0.0030849471704727464
-0.4141457676887512 | [0.17] | -0.0029873393687172164
-0.41223517060279846 | [0.17] | -0.0028851694994973635
-0.41088956594467163 | [0.17] | -0.002779405471566535
-0.41012319922447205 | [0.16] | -0.002671021230360034
-0.40994641184806824 | [0.16] | -0.0025609837457696463
-0.4103655517101288 | [0.16] | -0.00245024074282806
-0.41138291358947754 | [0.15] | -0.0023397094255485067
-0.4129966199398041 | [0.15] | -0.0022302665465313417
-0.41520071029663086 | [0.15] | -0.002122739120550606
-0.4179849922657013 | [0.14] | -0.002017897316197357
-0.4213351011276245 | [0.14] | -0.0019164482802515492
-0.42523255944252014 | [0.13] | -0.0018190314411426376
-0.4296548068523407 | [0.13] | -0.0017262158979004572
-0.43457525968551636 | [0.13] | -0.0016384989840198584
-0.4399634599685669 | [0.12] | -0.0015563069049559384
-0.445785254240036 | [0.12] | -0.0014799966036033775
-0.4520028829574585 | [0.12] | -0.0014098598456250724
-0.4585752487182617 | [0.12] | -0.0013461283140031764
-0.4654581546783447 | [0.11] | -0.00128898010676358
-0.4726046323776245 | [0.11] | -0.0012385472787070201
-0.47996512055397034 | [0.11] | -0.001194924683784753
-0.4874879717826843 | [0.11] | -0.0011581784181861632
-0.49511969089508057 | [0.11] | -0.0011283550935331736
-0.5028054118156433 | [0.11] | -0.001105490419294772
-0.510489284992218 | [0.1] | -0.0010896172131720685
-0.5181148648262024 | [0.1] | -0.0010807724119053846
-0.5256256461143494 | [0.1] | -0.0010790024279850412
-0.532965362071991 | [0.1] | -0.001084367166915576
-0.5400786399841309 | [0.1] | -0.0010969414540904392
-0.5469112992286682 | [0.11] | -0.001116815339568162
-0.5534107089042664 | [0.11] | -0.0011440917224189585
-0.5595263838768005 | [0.11] | -0.0011788816641844259
-0.5652102828025818 | [0.11] | -0.0012212983647521157
-0.5704171061515808 | [0.11] | -0.001271448981078819
-0.575104832649231 | [0.12] | -0.0013294247140994715
-0.5792348384857178 | [0.12] | -0.0013952902320969215
-0.5827723145484924 | [0.12] | -0.001469071706077363
-0.5856865048408508 | [0.12] | -0.0015507443229361155
-0.5879509449005127 | [0.13] | -0.0016402198481096813
-0.5895436406135559 | [0.13] | -0.0017373343557810742
-0.5904472470283508 | [0.14] | -0.0018418364358177457
-0.5906493067741394 | [0.14] | -0.0019533762886248312
-0.5901421904563904 | [0.14] | -0.0020714969539203446
-0.588923454284668 | [0.15] | -0.002195625972137302
-0.5869956016540527 | [0.15] | -0.00232507108883342
-0.5843664407730103 | [0.16] | -0.0024590163916565857
-0.581048846244812 | [0.16] | -0.002596523468382848
-0.5770607590675354 | [0.17] | -0.0027365345694122657
-0.5724253058433533 | [0.17] | -0.0028778788985574333
-0.5671705007553101 | [0.17] | -0.0030192838326945407
-0.561329185962677 | [0.18] | -0.003159388712015353
-0.5549388527870178 | [0.18] | -0.003296762611393582
-0.5480414628982544 | [0.19] | -0.0034299252840155354
-0.5406831502914429 | [0.19] | -0.003557371505264086
-0.532913863658905 | [0.19] | -0.0036775976621710484
-0.5247870683670044 | [0.19] | -0.0037891298326094315
-0.5163593292236328 | [0.2] | -0.003890553143435902
-0.5076900124549866 | [0.2] | -0.003980540627543943
-0.49884071946144104 | [0.2] | -0.0040578816361601785
-0.48987478017807007 | [0.2] | -0.004121508893954935
-0.4808568060398102 | [0.2] | -0.004170520864323594
-0.47185218334198 | [0.21] | -0.004204202176141287
-0.46292656660079956 | [0.21] | -0.0042220382737909205
-0.45414525270462036 | [0.21] | -0.004223726537044583
-0.44557279348373413 | [0.21] | -0.004209181459513567
-0.43727245926856995 | [0.2] | -0.004178534001815645
-0.429305762052536 | [0.2] | -0.00413212739297487
-0.42173194885253906 | [0.2] | -0.004070506912643866
-0.4146076738834381 | [0.2] | -0.003994406511180305
-0.4079865515232086 | [0.2] | -0.003904731108005474
-0.40191882848739624 | [0.2] | -0.0038025368890129635
-0.39645105600357056 | [0.19] | -0.0036890088271232108
-0.39162585139274597 | [0.19] | -0.003565437598167226
-0.38748154044151306 | [0.19] | -0.003433195673815851
-0.384052038192749 | [0.18] | -0.0032937132795883145
-0.3813666105270386 | [0.18] | -0.0031484547093113442
-0.3794496953487396 | [0.17] | -0.002998896092028935
-0.37832075357437134 | [0.17] | -0.00284650374938765
-0.3779941499233246 | [0.16] | -0.0026927142862285865
-0.3784790337085724 | [0.16] | -0.002538916074347195
-0.37977924942970276 | [0.15] | -0.0023864325362163417
-0.38189324736595154 | [0.15] | -0.002236507215449546
-0.38481396436691284 | [0.14] | -0.0020902908784200913
-0.38852888345718384 | [0.14] | -0.0019488300327982202
-0.3930199444293976 | [0.13] | -0.0018130583348932913
-0.39826351404190063 | [0.13] | -0.0016837901404772116
-0.4042304754257202 | [0.12] | -0.001561716197124201
-0.4108862280845642 | [0.12] | -0.001447402614434724
-0.4181908369064331 | [0.12] | -0.0013412921726684785
-0.42609918117523193 | [0.11] | -0.0012437092276807683
-0.4345611035823822 | [0.11] | -0.0011548671435530897
-0.4435217082500458 | [0.1] | -0.0010748792085272802
-0.452921599149704 | [0.1] | -0.001003772251883317
-0.4626973271369934 | [0.1] | -0.0009415020541255419
-0.4727817475795746 | [0.09] | -0.0008879718239863352
-0.4831044673919678 | [0.09] | -0.0008430511364505277
-0.49359241127967834 | [0.09] | -0.000806595513759976
-0.5041703581809998 | [0.09] | -0.0007784657252288627
-0.5147616267204285 | [0.09] | -0.0007585456879710884
-0.5252885222434998 | [0.09] | -0.0007467585331233815
-0.5356731414794922 | [0.09] | -0.0007430792653570124
-0.5458378791809082 | [0.09] | -0.0007475443477403953
-0.555706262588501 | [0.09] | -0.0007602567170815724
-0.5652034282684326 | [0.09] | -0.0007813866963704958
-0.5742567777633667 | [0.09] | -0.0008111686311930992
-0.582796573638916 | [0.09] | -0.0008498928726084981
-0.5907564163208008 | [0.09] | -0.0008978943443011839
-0.5980738401412964 | [0.1] | -0.0009555368641669829
-0.6046907305717468 | [0.1] | -0.0010231948585018278
-0.6105536818504333 | [0.1] | -0.001101232775726546
-0.6156144142150879 | [0.11] | -0.0011899826164048996
-0.6198301315307617 | [0.11] | -0.00128972006102242
-0.6231637597084045 | [0.12] | -0.001400640570816724
-0.6255841851234436 | [0.12] | -0.0015228353228328912
-0.6270664930343628 | [0.13] | -0.001656267725442253
-0.627592146396637 | [0.13] | -0.0018007512411205616
-0.6271491646766663 | [0.14] | -0.001955928859946741
-0.6257321834564209 | [0.15] | -0.002121255353307596
-0.6233426332473755 | [0.15] | -0.0022959820183013485
-0.6199888586997986 | [0.16] | -0.0024791454786078776
-0.6156859993934631 | [0.16] | -0.0026695614793878063
-0.6104561686515808 | [0.17] | -0.0028658230686593312
-0.6043283343315125 | [0.18] | -0.0030663053085575264
-0.5973382592201233 | [0.18] | -0.003269176702370394
-0.5895284414291382 | [0.19] | -0.0034724173577311565
-0.5809478163719177 | [0.19] | -0.0036738450020112005
-0.5716516971588135 | [0.2] | -0.0038711478227841534
-0.5617012977600098 | [0.2] | -0.004061925085742707
-0.5511634349822998 | [0.21] | -0.004243733448088244
-0.5401100516319275 | [0.21] | -0.004414137946366473
-0.5286177396774292 | [0.21] | -0.004570767463999543
-0.5167670845985413 | [0.22] | -0.004711370571426926
-0.504642128944397 | [0.22] | -0.0048338704862772065
-0.4923294484615326 | [0.22] | -0.0049364191081334476
-0.4799176752567291 | [0.22] | -0.005017441545688414
-0.4674965739250183 | [0.23] | -0.005075677783147711
-0.4551563262939453 | [0.23] | -0.005110212081367591
-0.44298672676086426 | [0.23] | -0.005120493509421561
-0.43107640743255615 | [0.23] | -0.005106345495488083
-0.41951215267181396 | [0.23] | -0.005067963875951482
-0.4083782434463501 | [0.22] | -0.0050059046036411954
-0.39775577187538147 | [0.22] | -0.00492106286680026
-0.3877221345901489 | [0.22] | -0.004814643468122638
-0.3783504366874695 | [0.22] | -0.0046881258637035085
-0.36970916390419006 | [0.21] | -0.004543224772824867
-0.36186179518699646 | [0.21] | -0.004381847276757119
-0.3548664152622223 | [0.21] | -0.00420605112220707
-0.3487755358219147 | [0.2] | -0.004018001879577163
-0.3436358571052551 | [0.2] | -0.0038199328899930435
-0.33948811888694763 | [0.19] | -0.003614107306001654
-0.3363668918609619 | [0.18] | -0.0034027833503865188
-0.33430054783821106 | [0.18] | -0.003188182334254214
-0.33331099152565 | [0.17] | -0.0029724606232747193
-0.3334137201309204 | [0.17] | -0.002757683105117742
-0.33461761474609375 | [0.16] | -0.002545800472310107
-0.33692482113838196 | [0.15] | -0.0023386283520020717
-0.34033066034317017 | [0.15] | -0.002137828413707182
-0.3448234796524048 | [0.14] | -0.001944891670744409
-0.35038456320762634 | [0.13] | -0.001761123667849204
-0.35698798298835754 | [0.13] | -0.0015876322699279269
-0.36460059881210327 | [0.12] | -0.0014253182398063697
-0.37318193912506104 | [0.11] | -0.001274869246502583
-0.3826841413974762 | [0.11] | -0.0011367586191263262
-0.3930520713329315 | [0.1] | -0.0010112483035145386
-0.40422341227531433 | [0.09] | -0.0008983981083605028
-0.41612887382507324 | [0.09] | -0.0007980814268277268
-0.42869246006011963 | [0.08] | -0.0007100066849956123
-0.44183188676834106 | [0.08] | -0.0006337458823682043
-0.45545902848243713 | [0.08] | -0.0005687684676760188
-0.4694805443286896 | [0.07] | -0.0005144796195403698
-0.4837985634803772 | [0.07] | -0.0004702618864365944
-0.49831151962280273 | [0.07] | -0.00043551758875258354
-0.5129149556159973 | [0.06] | -0.0004097103292363902
-0.5275024771690369 | [0.06] | -0.0003924029342155553
-0.5419667959213257 | [0.06] | -0.0003832901800268355
-0.5562005043029785 | [0.06] | -0.00038222427980631214
-0.5700973868370056 | [0.06] | -0.0003892310686761147
-0.5835530757904053 | [0.06] | -0.0004045180606341517
-0.5964661240577698 | [0.07] | -0.0004284715732916095
-0.6087388396263123 | [0.07] | -0.000461645445243262
-0.620278000831604 | [0.07] | -0.0005047413530753967
-0.6309956312179565 | [0.07] | -0.0005585815023130186
-0.6408095359802246 | [0.08] | -0.0006240762371984114
-0.6496438384056091 | [0.08] | -0.0007021869714392186
-0.6574295163154602 | [0.09] | -0.0007938861080034436
-0.6641045212745667 | [0.09] | -0.0009001160539321906
-0.6696143746376038 | [0.1] | -0.0010217464618467748
-0.6739121675491333 | [0.11] | -0.0011595325354876967
-0.6769589185714722 | [0.11] | -0.001314072921337553
-0.6787236332893372 | [0.12] | -0.0014857695783832099
-0.6791836619377136 | [0.13] | -0.0016747877720647737
-0.6783245801925659 | [0.14] | -0.0018810193815647286
-0.676140546798706 | [0.15] | -0.002104047076459402
-0.6726343631744385 | [0.15] | -0.0023431127913649315
-0.6678177118301392 | [0.16] | -0.002597089780993424
-0.6617110967636108 | [0.17] | -0.002864462144313653
-0.6543441414833069 | [0.18] | -0.0031433099016141735
-0.6457556486129761 | [0.19] | -0.003431305523024517
-0.635993480682373 | [0.19] | -0.0037257220767805254
-0.6251146793365479 | [0.2] | -0.004023454668171441
-0.6131853461265564 | [0.21] | -0.004321057430878383
-0.6002804040908813 | [0.21] | -0.0046147967539694025
-0.5864831805229187 | [0.22] | -0.004900722335013597
-0.5718850493431091 | [0.23] | -0.005174751762405897
-0.5565847754478455 | [0.23] | -0.0054327698884553905
-0.5406879186630249 | [0.24] | -0.005670736641883529
-0.5243057608604431 | [0.24] | -0.0058848021746144355
-0.5075544118881226 | [0.25] | -0.0060714192837812864
-0.49055373668670654 | [0.25] | -0.006227450741514865
-0.4734261631965637 | [0.25] | -0.006350265509816801
-0.4562954604625702 | [0.25] | -0.0064378150393308315
-0.4392855167388916 | [0.25] | -0.006488690904433648
-0.42251911759376526 | [0.25] | -0.0065021544739312515
-0.4061167538166046 | [0.25] | -0.006478145506043507
-0.3901956081390381 | [0.25] | -0.006417261778686768
-0.3748684823513031 | [0.25] | -0.0063207194815510116
-0.3602430820465088 | [0.25] | -0.006190293418230014
-0.34642118215560913 | [0.25] | -0.006028245056063947
-0.33349815011024475 | [0.24] | -0.005837240297097562
-0.32156240940093994 | [0.24] | -0.00562026544673423
-0.31069526076316833 | [0.23] | -0.005380541943750995
-0.30097058415412903 | [0.23] | -0.005121446969890725
-0.2924547493457794 | [0.22] | -0.004846441812634628
-0.2852066457271576 | [0.21] | -0.0045590074218774534
-0.27927765250205994 | [0.21] | -0.004262591608097767
-0.27471163868904114 | [0.2] | -0.00396056438534971
-0.27154508233070374 | [0.19] | -0.0036561814393222905
-0.2698070704936981 | [0.18] | -0.003352555138220534
-0.269519180059433 | [0.17] | -0.003052630736861809
-0.2706955671310425 | [0.17] | -0.0027591646226370965
-0.2733427584171295 | [0.16] | -0.0024747052123953546
-0.2774595022201538 | [0.15] | -0.002201573108345923
-0.283036470413208 | [0.14] | -0.0019418408827856133
-0.290056049823761 | [0.13] | -0.00169731084886669
-0.2984919548034668 | [0.12] | -0.0014694922400952095
-0.308308869600296 | [0.11] | -0.0012595779581736227
-0.3194621801376343 | [0.1] | -0.0010684229878267146
-0.3318975567817688 | [0.09] | -0.0008965265661224728
-0.3455507159233093 | [0.09] | -0.0007440212223301843
-0.3603472411632538 | [0.08] | -0.0006106708150488642
-0.3762025833129883 | [0.07] | -0.0004958810494725602
-0.3930220901966095 | [0.06] | -0.0003987252414288034
-0.41070133447647095 | [0.06] | -0.0003179855390893338
-0.42912665009498596 | [0.05] | -0.0002522107743299139
-0.44817569851875305 | [0.04] | -0.00019978989445678871
-0.46771857142448425 | [0.04] | -0.00015903720637510147
-0.4876187741756439 | [0.04] | -0.00012828559872462902
-0.5077345967292786 | [0.03] | -0.00010598221624669507
-0.5279204845428467 | [0.03] | -9.077997742059641e-05
-0.5480287671089172 | [0.03] | -8.161882628149057e-05
-0.5679111480712891 | [0.03] | -7.779120987449066e-05
-0.5874203443527222 | [0.03] | -7.89875531491683e-05
-0.6064116358757019 | [0.03] | -8.531896558688088e-05
-0.6247443556785583 | [0.03] | -9.731705468797453e-05
-0.6422833204269409 | [0.03] | -0.00011591173733070785
-0.65889972448349 | [0.04] | -0.0001423911688387902
-0.674472451210022 | [0.04] | -0.00017834636877909875
-0.6888884902000427 | [0.05] | -0.00022560677580084167
-0.7020437717437744 | [0.05] | -0.00028616971816124035
-0.7138435244560242 | [0.06] | -0.00036212876779128354
-0.7242023944854736 | [0.07] | -0.00045560362991789693
-0.7330446839332581 | [0.08] | -0.0005686728225251688
-0.7403043508529663 | [0.08] | -0.0007033105571378453
-0.7459250092506409 | [0.09] | -0.0008613271049850382
-0.7498599290847778 | [0.1] | -0.0010443115728635338
-0.7520719170570374 | [0.11] | -0.0012535759908360558
-0.752533495426178 | [0.12] | -0.0014900986642430365
-0.7512267827987671 | [0.13] | -0.0017544665380544407
-0.7481437921524048 | [0.14] | -0.0020468144548334726
-0.7432866096496582 | [0.15] | -0.002366763050006464
-0.7366677522659302 | [0.16] | -0.002713355373487523
-0.7283104062080383 | [0.18] | -0.0030849967477896254
-0.7182489633560181 | [0.19] | -0.0034793986093054523
-0.706529438495636 | [0.2] | -0.0038935354219510076
-0.6932097673416138 | [0.21] | -0.004323618071248859
-0.6783602833747864 | [0.22] | -0.004765090891987112
-0.6620638966560364 | [0.23] | -0.005212659859523551
-0.6444162130355835 | [0.24] | -0.005660358726063554
-0.6255252361297607 | [0.25] | -0.006101654997838119
-0.6055111289024353 | [0.26] | -0.006529596534116383
-0.584505558013916 | [0.26] | -0.006937000596038601
-0.5626506209373474 | [0.27] | -0.007316673794064316
-0.540097713470459 | [0.28] | -0.0076616558350024915
-0.5170059204101562 | [0.28] | -0.007965472620352996
-0.4935402572154999 | [0.29] | -0.008222378261272464
-0.46986958384513855 | [0.29] | -0.008427576349696179
-0.44616469740867615 | [0.29] | -0.008577394582496957
-0.4225960373878479 | [0.29] | -0.008669407808060865
-0.3993317186832428 | [0.29] | -0.008702495907471066
-0.37653544545173645 | [0.29] | -0.008676841325777215
-0.35436487197875977 | [0.29] | -0.00859385806476805
-0.33296999335289 | [0.29] | -0.008456072883644703
-0.3124919831752777 | [0.29] | -0.008266965030051783
-0.2930622398853302 | [0.28] | -0.008030778158941057
-0.2748018503189087 | [0.28] | -0.007752326424845199
-0.25782132148742676 | [0.27] | -0.007436801107488346
-0.2422204613685608 | [0.27] | -0.0070895948823692274
-0.22808870673179626 | [0.26] | -0.006716149234021531
-0.2155054211616516 | [0.25] | -0.006321831190855483
-0.2045404613018036 | [0.24] | -0.0059118403817005425
-0.19525469839572906 | [0.23] | -0.005491146007832468
-0.18770065903663635 | [0.23] | -0.005064450157916806
-0.1819230616092682 | [0.22] | -0.004636172102232944
-0.17795930802822113 | [0.21] | -0.004210449533466338
-0.1758398711681366 | [0.19] | -0.0037911496030455156
-0.17558851838111877 | [0.18] | -0.0033818843032332236
-0.17722241580486298 | [0.17] | -0.002986025050420943
-0.1807520091533661 | [0.16] | -0.0026067114706472536
-0.18618080019950867 | [0.15] | -0.002246850275827778
-0.19350481033325195 | [0.14] | -0.0019091016323137219
-0.2027120143175125 | [0.13] | -0.0015958506646391675
-0.21378152072429657 | [0.11] | -0.0013091642609966707
-0.2266826331615448 | [0.1] | -0.0010507338897225522
-0.24137383699417114 | [0.09] | -0.0008218078432255913
-0.25780177116394043 | [0.08] | -0.000623118042185747
-0.27590012550354004 | [0.07] | -0.00045480832284205746
-0.29558876156806946 | [0.06] | -0.0003163731339671207
-0.31677281856536865 | [0.05] | -0.00020661691653591004
-0.33934226632118225 | [0.04] | -0.0001236436427704286
-0.3631715774536133 | [0.03] | -6.488643590381177e-05
-0.38811996579170227 | [0.02] | -2.7183167626294668e-05
-0.414031982421875 | [0.01] | -6.900871646984071e-06
-0.4407385587692261 | [0.] | -1.0567200561097455e-07
-0.46805867552757263 | [-0.01] | -2.7694036140668354e-06
-0.49580129981040955 | [-0.01] | -1.0998543364246924e-05
-0.52376788854599 | [-0.01] | -2.126661973306278e-05
-0.5517550706863403 | [-0.02] | -3.06296017259337e-05
-0.5795575976371765 | [-0.02] | -3.690425763561943e-05
-0.6069712042808533 | [-0.02] | -3.879394831482252e-05
-0.6337955594062805 | [-0.02] | -3.595182663476361e-05
-0.6598368883132935 | [-0.02] | -2.897941890311846e-05
-0.6849101781845093 | [-0.01] | -1.936563099670385e-05
-0.7088411450386047 | [-0.01] | -9.377719681294943e-06
-0.7314677834510803 | [-0.] | -1.919439378081714e-06
-0.7526410222053528 | [0.] | -3.7285298675726184e-07
-0.7722256183624268 | [0.01] | -8.439911855520968e-06
-0.7900998592376709 | [0.02] | -2.9996070835475176e-05
-0.8061556220054626 | [0.03] | -6.896465171271972e-05
-0.8202975988388062 | [0.04] | -0.00012921608870979318
-0.8324428200721741 | [0.05] | -0.00021449192364395055
-0.8425197601318359 | [0.06] | -0.0003283503557040941
-0.8504673838615417 | [0.07] | -0.0004741276140395435
-0.8562346696853638 | [0.08] | -0.00065490747033545
-0.8597797155380249 | [0.09] | -0.0008734924728957204
-0.8610694408416748 | [0.11] | -0.0011323676904193174
-0.8600792288780212 | [0.12] | -0.0014336519530782088
-0.8567931056022644 | [0.13] | -0.0017790295507184217
-0.8512037992477417 | [0.15] | -0.0021696602748768903
-0.8433133959770203 | [0.16] | -0.0026060644678691175
-0.8331340551376343 | [0.18] | -0.0030879856405151966
-0.8206892013549805 | [0.19] | -0.0036142325642413912
-0.8060144782066345 | [0.2] | -0.00418251273989229
-0.78915935754776 | [0.22] | -0.004789264035577141
-0.7701883316040039 | [0.23] | -0.00542950574590674
-0.7491825222969055 | [0.25] | -0.006096725671542587
-0.7262406945228577 | [0.26] | -0.00678282906606935
-0.7014802694320679 | [0.27] | -0.007478169349873322
-0.6750379800796509 | [0.29] | -0.008171682294186336
-0.6470697522163391 | [0.3] | -0.008851141560685585
-0.6177502870559692 | [0.31] | -0.009503529794053457
-0.5872716307640076 | [0.32] | -0.010115528335428002
-0.5558412075042725 | [0.33] | -0.010674086457966147
-0.5236793160438538 | [0.33] | -0.011167035542010165
-0.49101555347442627 | [0.34] | -0.011583697264304244
-0.45808523893356323 | [0.35] | -0.01191542425541648
-0.4251253306865692 | [0.35] | -0.01215602032690174
-0.3923703134059906 | [0.35] | -0.01230200140437089
-0.36004817485809326 | [0.35] | -0.012352669791242485
-0.328376829624176 | [0.35] | -0.0123100001354755
-0.29756107926368713 | [0.35] | -0.01217836757984671
-0.26779019832611084 | [0.35] | -0.01196413750194505
-0.23923617601394653 | [0.34] | -0.011675183700788213
-0.21205291152000427 | [0.34] | -0.011320374547448081
-0.1863759160041809 | [0.33] | -0.010909079761621976
-0.1623227894306183 | [0.32] | -0.010450729251452762
-0.13999412953853607 | [0.32] | -0.00995445294944304
-0.11947495490312576 | [0.31] | -0.00942881265404777
-0.10083631426095963 | [0.3] | -0.008881622193996238
-0.08413711935281754 | [0.29] | -0.008319856730132658
-0.0694260448217392 | [0.28] | -0.0077496330695509
-0.05674336850643158 | [0.27] | -0.007176247275938913
-0.046122729778289795 | [0.26] | -0.006604254280001886
-0.03759271651506424 | [0.25] | -0.006037577084051254
-0.031178247183561325 | [0.23] | -0.005479630099800389
-0.026901720091700554 | [0.22] | -0.004933448791941066
-0.02478388510644436 | [0.21] | -0.004401815915345212
-0.02484443597495556 | [0.2] | -0.003887378484337393
-0.02710229903459549 | [0.18] | -0.00339274886883921
-0.03157561272382736 | [0.17] | -0.0029205859574750873
-0.03828137367963791 | [0.16] | -0.0024736513096331346
-0.04723474755883217 | [0.14] | -0.002054835000799272
-0.05844804272055626 | [0.13] | -0.001667147956158717
-0.07192932814359665 | [0.11] | -0.0013136739690933637
-0.08768071234226227 | [0.1] | -0.000997480029969638
-0.10569629073143005 | [0.08] | -0.0007214806363894158
-0.1259598284959793 | [0.07] | -0.0004882586746739316
-0.14844217896461487 | [0.05] | -0.0002998458473546607
-0.17309856414794922 | [0.04] | -0.00015747500387449135
-0.19986584782600403 | [0.02] | -6.13215117787704e-05
-0.22865989804267883 | [0.01] | -1.0258755243021826e-05
-0.2593732476234436 | [-0.] | -1.6603606557197283e-06
-0.2918733060359955 | [-0.02] | -3.128513556492906e-05
-0.32600119709968567 | [-0.03] | -9.328029557868374e-05
-0.3615715801715851 | [-0.04] | -0.00018033121546067585
-0.3983735740184784 | [-0.05] | -0.00028397137830119765
-0.436172753572464 | [-0.06] | -0.00039504442965084154
-0.4747144281864166 | [-0.07] | -0.0005042865196650661
-0.5137279629707336 | [-0.08] | -0.0006029700599250459
-0.5529319643974304 | [-0.08] | -0.0006835391469256071
-0.5920402407646179 | [-0.09] | -0.000740153941268545
-0.6307678818702698 | [-0.09] | -0.0007690782505978041
-0.6688370704650879 | [-0.09] | -0.0007688666960541309
-0.7059826254844666 | [-0.09] | -0.0007403330959485553
-0.7419566512107849 | [-0.08] | -0.0006863271339893641
-0.7765318751335144 | [-0.08] | -0.0006113595762413157
-0.8095042705535889 | [-0.07] | -0.0005211429894367545
-0.8406940698623657 | [-0.06] | -0.0004221124049764159
-0.8699458837509155 | [-0.06] | -0.0003209816057285694
-0.8971279263496399 | [-0.05] | -0.00022437767694878687
-0.9221301078796387 | [-0.04] | -0.0001385750839396388
-0.9448620676994324 | [-0.03] | -6.933449475827494e-05
-0.9652503728866577 | [-0.01] | -2.1836968924528832e-05
-0.9832360148429871 | [-0.] | -6.971885711549106e-07
-0.9987715482711792 | [0.01] | -1.0033866106713494e-05
-1.0118184089660645 | [0.02] | -5.3576656159855654e-05
-1.0223445892333984 | [0.04] | -0.00013479025785451926
-1.0303226709365845 | [0.05] | -0.0002569994472592278
-1.035727858543396 | [0.07] | -0.00042350242467476733
-1.0385369062423706 | [0.08] | -0.0006376620797342281
-1.038727045059204 | [0.1] | -0.0009029668155697016
-1.0362753868103027 | [0.11] | -0.001223053837860001
-1.0311592817306519 | [0.13] | -0.0016016861697959333
-1.0233561992645264 | [0.14] | -0.002042678969604451
-1.0128451585769653 | [0.16] | -0.0025497630227466735
-0.9996078014373779 | [0.18] | -0.0031263823110306305
-0.9836306571960449 | [0.19] | -0.003775415075867358
-0.9649074077606201 | [0.21] | -0.0044988183840665155
-0.9434418082237244 | [0.23] | -0.005297198546264555
-0.9192510843276978 | [0.25] | -0.0061693165951148795
-0.8923696875572205 | [0.27] | -0.007111557444317303
-0.8628531694412231 | [0.28] | -0.008117401086959762
-0.8307819366455078 | [0.3] | -0.009176957480947368
-0.7962649464607239 | [0.32] | -0.010276639667284398
-0.7594426870346069 | [0.34] | -0.011399063199179639
-0.7204890847206116 | [0.35] | -0.012523255102613382
-0.6796123385429382 | [0.37] | -0.013625243315307546
-0.6370540857315063 | [0.38] | -0.014679057950732616
-0.5930865406990051 | [0.4] | -0.015658098318264882
-0.5480080246925354 | [0.41] | -0.016536786800302666
-0.5021366477012634 | [0.42] | -0.017292320915719424
-0.4558023512363434 | [0.42] | -0.017906323558798367
-0.4093382954597473 | [0.43] | -0.01836616785314203
-0.3630716800689697 | [0.43] | -0.018665789009491365
-0.3173149526119232 | [0.43] | -0.01880588293730562
-0.2723580002784729 | [0.43] | -0.018793487955802362
-0.22846166789531708 | [0.43] | -0.018641029261584008
-0.18585313856601715 | [0.43] | -0.01836500753400496
-0.14472316205501556 | [0.42] | -0.017984512232746754
-0.10522512346506119 | [0.42] | -0.017519760776314574
-0.06747569888830185 | [0.41] | -0.016990809198673802
-0.031556930392980576 | [0.41] | -0.01641652930150397
0.0024807925801724195 | [0.4] | -0.01581389468559282
0.034615084528923035 | [0.39] | -0.015197555042284622
0.06484761089086533 | [0.38] | -0.01457967395376929
0.09320004284381866 | [0.37] | -0.013969960963368581
0.11971020698547363 | [0.37] | -0.013375841294587888
0.14442846179008484 | [0.36] | -0.012802707527219032
0.16741445660591125 | [0.35] | -0.012254212428602702
0.1887342780828476 | [0.34] | -0.01173256773799632
0.20845802128314972 | [0.34] | -0.011238823453127803
0.22665777802467346 | [0.33] | -0.010773122084539573
0.24340589344501495 | [0.32] | -0.010334917101090114
0.25877365469932556 | [0.32] | -0.009923154338023321
0.27283018827438354 | [0.31] | -0.009536419368023545
0.2856416404247284 | [0.3] | -0.009173056272749284
0.2972704768180847 | [0.3] | -0.00883125670559199
0.30777508020401 | [0.29] | -0.008509130064651128
0.31720930337905884 | [0.29] | -0.008204752858042345
0.3256222903728485 | [0.28] | -0.007916205777048024
0.33305826783180237 | [0.28] | -0.007641598730068422
0.33955639600753784 | [0.27] | -0.007379087640330815
0.34515073895454407 | [0.27] | -0.007126884985972243
0.3498701751232147 | [0.26] | -0.006883265967329161
0.353738397359848 | [0.26] | -0.006646572036672869
0.3567737936973572 | [0.25] | -0.00641521150393318
0.35898950695991516 | [0.25] | -0.006187661012137294
0.36039334535598755 | [0.24] | -0.005962465770312512
0.36098775267601013 | [0.24] | -0.005738241217147557
0.36076968908309937 | [0.23] | -0.005513675669693685
0.35973060131073 | [0.23] | -0.005287535448261819
0.3578563332557678 | [0.22] | -0.005058672539839051
0.3551269769668579 | [0.22] | -0.004826035338071764
0.3515167236328125 | [0.21] | -0.004588683436916928
0.34699371457099915 | [0.21] | -0.004345807087203633
0.3415199816226959 | [0.2] | -0.004096752298960455
0.33505117893218994 | [0.2] | -0.003841051437957395
0.3275364637374878 | [0.19] | -0.003578461236232188
0.3189183473587036 | [0.18] | -0.0033090079064719232
0.3091326653957367 | [0.17] | -0.003033040566313672
0.29810842871665955 | [0.17] | -0.0027512921426660984
0.28576788306236267 | [0.16] | -0.0024649489431486163
0.2720266282558441 | [0.15] | -0.0021757254945170474
0.25679391622543335 | [0.14] | -0.0018859453826216529
0.23997309803962708 | [0.13] | -0.0015986204798635142
0.22146229445934296 | [0.11] | -0.0013175257718614835
0.201155424118042 | [0.1] | -0.0010472589932663107
0.17894361913204193 | [0.09] | -0.0007932733294890599
0.1547170728445053 | [0.07] | -0.0005618667467283848
0.12836746871471405 | [0.06] | -0.00036010826388238777
0.09979097545146942 | [0.04] | -0.00019567728970331513
0.06889203190803528 | [0.03] | -7.659233279996352e-05
0.03558780252933502 | [0.01] | -1.0804043007876876e-05
-0.00018660096975509077 | [-0.01] | -5.640300723669345e-06
-0.03847226873040199 | [-0.03] | -6.710227450275668e-05
-0.07928016036748886 | [-0.04] | -0.00019903900379372968
-0.12258459627628326 | [-0.06] | -0.0004022627610601467
-0.1683170050382614 | [-0.08] | -0.000673707953842072
-0.21636053919792175 | [-0.1] | -0.0010057789337641985
-0.2665461003780365 | [-0.12] | -0.001386055654597422
-0.31865066289901733 | [-0.13] | -0.0017975192245742397
-0.3723984360694885 | [-0.15] | -0.0022194099323859097
-0.42746517062187195 | [-0.16] | -0.0026287303948265327
-0.483486145734787 | [-0.17] | -0.0030022609007797664
-0.5400671362876892 | [-0.18] | -0.003318830151618268
-0.5967979431152344 | [-0.19] | -0.0035614670550565726
-0.6532672643661499 | [-0.19] | -0.003719059735014392
-0.7090776562690735 | [-0.19] | -0.00378722971222652
-0.7638595700263977 | [-0.19] | -0.003768295113676354
-0.8172827363014221 | [-0.19] | -0.003670386579808391
-0.8690647482872009 | [-0.19] | -0.003505959634529056
-0.9189761877059937 | [-0.18] | -0.0032900112276777454
-0.9668423533439636 | [-0.17] | -0.0030383322676235565
-1.0125422477722168 | [-0.17] | -0.0027660303933579877
-1.0560051202774048 | [-0.16] | -0.0024864681785712623
-1.097205400466919 | [-0.15] | -0.002210643763295114
-1.1361567974090576 | [-0.14] | -0.001946970646934003
-1.1729060411453247 | [-0.13] | -0.001701356745393047
-1.2000000476837158 | [0.08] | -0.0006399999237060572
-1.1976381540298462 | [0.09] | -0.000882381828466837
-1.1928856372833252 | [0.11] | -0.0011723649695135423
-1.1857057809829712 | [0.12] | -0.0015146905238122522
-1.1760540008544922 | [0.14] | -0.001914758389672369
-1.163879156112671 | [0.15] | -0.0023785707466881753
-1.1491246223449707 | [0.17] | -0.0029126221542368877
-1.131730079650879 | [0.19] | -0.003523717042119545
-1.1116338968276978 | [0.21] | -0.004218695959703953
-1.0887761116027832 | [0.22] | -0.005004046997478417
-1.0631022453308105 | [0.24] | -0.005885387084249753
-1.0345673561096191 | [0.26] | -0.006866798154745519
-1.003141164779663 | [0.28] | -0.007950018498204493
-0.9688138365745544 | [0.3] | -0.00913351614604614
-0.9316020011901855 | [0.32] | -0.01041149533570943
-0.8915549516677856 | [0.34] | -0.011772942611817744
-0.8487608432769775 | [0.36] | -0.013200839321654593
-0.8033518195152283 | [0.38] | -0.014671741311741971
-0.7555078864097595 | [0.4] | -0.016155903266217166
-0.7054586410522461 | [0.42] | -0.017618132015189365
-0.6534825563430786 | [0.44] | -0.019019471181044665
-0.5999026298522949 | [0.45] | -0.02031966750017385
-0.545079231262207 | [0.46] | -0.021480239115902806
-0.48939964175224304 | [0.47] | -0.02246775894094205
-0.4332650899887085 | [0.48] | -0.02325688156061194
-0.3770763874053955 | [0.49] | -0.02383263237920459
-0.3212192952632904 | [0.49] | -0.02419157041220628
-0.2660507261753082 | [0.49] | -0.024341659279174983
-0.2118871659040451 | [0.49] | -0.024300947422406835
-0.1589958667755127 | [0.49] | -0.02409533061125669
-0.10758921504020691 | [0.49] | -0.023755840610295842
-0.057822369039058685 | [0.48] | -0.023315906202440728
-0.009793705306947231 | [0.48] | -0.02280892219437983
0.03645241633057594 | [0.47] | -0.022266389458246865
0.08092128485441208 | [0.47] | -0.021716675943672187
0.12366247177124023 | [0.46] | -0.021184401097535933
0.1647641360759735 | [0.45] | -0.020690313852145814
0.20434734225273132 | [0.45] | -0.02025155778989885
0.24256081879138947 | [0.45] | -0.019882165917195244
0.2795763313770294 | [0.44] | -0.01959369414731171
0.31558480858802795 | [0.44] | -0.019395885895513817
0.35079309344291687 | [0.44] | -0.019297336699287196
0.3854215443134308 | [0.44] | -0.019306106571653207
0.4197021722793579 | [0.44] | 99.980569726617
Total reward: 96.73640556320518
0.1, 5.8, 0.2
parameter ends

state | action | reward
[-0.43] | [0.16] | -0.0024774111753880002
-0.4265059232711792 | [0.15] | -0.0023880906490820124
-0.4274773895740509 | [0.15] | -0.0022987932308860862
-0.42893239855766296 | [0.15] | -0.002210209042510646
-0.4308649003505707 | [0.15] | -0.002122995378524294
-0.43326541781425476 | [0.14] | -0.002037770953195709
-0.43612104654312134 | [0.14] | -0.001955111490728117
-0.43941551446914673 | [0.14] | -0.0018755461868165764
-0.4431292414665222 | [0.13] | -0.001799555459600347
-0.4472394287586212 | [0.13] | -0.0017275698600341238
-0.45172014832496643 | [0.13] | -0.0016599700554185397
-0.4565425217151642 | [0.13] | -0.0015970880676556898
-0.46167486906051636 | [0.12] | -0.0015392093006139542
-0.4670828878879547 | [0.12] | -0.0014865757520081543
-0.4727298617362976 | [0.12] | -0.0014393900904791255
-0.4785768985748291 | [0.12] | -0.001397820042631571
-0.4845832288265228 | [0.12] | -0.0013620033576246656
-0.4907064735889435 | [0.12] | -0.001332053064122851
-0.4969028830528259 | [0.11] | -0.001308062833797018
-0.5031277537345886 | [0.11] | -0.0012901116063399672
-0.5093356966972351 | [0.11] | -0.00127826831270233
-0.5154809355735779 | [0.11] | -0.0012725955723137017
-0.5215178728103638 | [0.11] | -0.0012731519107563316
-0.5274011492729187 | [0.11] | -0.0012799945420091247
-0.5330861806869507 | [0.11] | -0.0012931790250940278
-0.5385295152664185 | [0.11] | -0.001312758851133639
-0.5436890721321106 | [0.12] | -0.0013387834817586881
-0.5485244393348694 | [0.12] | -0.0013712952308637418
-0.5529974102973938 | [0.12] | -0.0014103240534754488
-0.5570720434188843 | [0.12] | -0.001455882888370445
-0.5607150793075562 | [0.12] | -0.0015079607016572829
-0.563896119594574 | [0.13] | -0.0015665156900242648
-0.5665879249572754 | [0.13] | -0.0016314673914260731
-0.5687665939331055 | [0.13] | -0.0017026891296220972
-0.5704118013381958 | [0.13] | -0.0017800000155540415
-0.571506917476654 | [0.14] | -0.001863157661553374
-0.5720392465591431 | [0.14] | -0.0019518511333524169
-0.5719999670982361 | [0.14] | -0.0020456954706482944
-0.5713844299316406 | [0.15] | -0.0021442262614455344
-0.5701920390129089 | [0.15] | -0.0022468968614780082
-0.5684264898300171 | [0.15] | -0.0023530760634452
-0.5660956501960754 | [0.16] | -0.0024620487148397513
-0.5632116198539734 | [0.16] | -0.002573017818358813
-0.5597905516624451 | [0.16] | -0.002685109512849012
-0.5558528304100037 | [0.17] | -0.0027973790254174815
-0.551422655582428 | [0.17] | -0.002908820867785092
-0.5465282201766968 | [0.17] | -0.0030183795052472285
-0.5412013530731201 | [0.18] | -0.003124963544778007
-0.535477340221405 | [0.18] | -0.003227461487408443
-0.529394805431366 | [0.18] | -0.00332475837225865
-0.5229952931404114 | [0.18] | -0.0034157551799726994
-0.5163230895996094 | [0.19] | -0.0034993874892868776
-0.5094248652458191 | [0.19] | -0.0035746456621062192
-0.502349317073822 | [0.19] | -0.0036405934984592666
-0.49514681100845337 | [0.19] | -0.0036963872260698688
-0.4878690242767334 | [0.19] | -0.0037412917429798876
-0.4805685877799988 | [0.19] | -0.003774695417941991
-0.4732985496520996 | [0.19] | -0.0037961232738630314
-0.46611207723617554 | [0.2] | -0.0038052454559652014
-0.45906201004981995 | [0.19] | -0.003801884120627468
-0.4522004723548889 | [0.19] | -0.0037860162035030357
-0.4455784559249878 | [0.19] | -0.0037577732815685886
-0.4392454922199249 | [0.19] | -0.0037174376577201146
-0.43324923515319824 | [0.19] | -0.003665436295955106
-0.42763516306877136 | [0.19] | -0.0036023313288992575
-0.42244622111320496 | [0.19] | -0.0035288084773171845
-0.41772255301475525 | [0.19] | -0.0034456636897777313
-0.41350123286247253 | [0.18] | -0.0033537877278543016
-0.40981602668762207 | [0.18] | -0.0032541504714088372
-0.4066971242427826 | [0.18] | -0.0031477841573746695
-0.4041709899902344 | [0.17] | -0.0030357663315970793
-0.4022601544857025 | [0.17] | -0.0029192031602261683
-0.40098312497138977 | [0.17] | -0.0027992128029678174
-0.40035414695739746 | [0.16] | -0.0026769101898080254
-0.4003831744194031 | [0.16] | -0.0025533917725867597
-0.40107572078704834 | [0.16] | -0.0024297220854743
-0.4024328291416168 | [0.15] | -0.002306921088607322
-0.4044509828090668 | [0.15] | -0.0021859532466598883
-0.40712204575538635 | [0.14] | -0.002067717941998909
-0.4104333221912384 | [0.14] | -0.0019530413274077855
-0.4143674969673157 | [0.14] | -0.001842670396333519
-0.418902724981308 | [0.13] | -0.0017372684015854207
-0.42401260137557983 | [0.13] | -0.0016374128199299913
-0.4296663701534271 | [0.12] | -0.0015435944623240331
-0.4358289837837219 | [0.12] | -0.0014562195199675514
-0.4424612820148468 | [0.12] | -0.001375613104729105
-0.44952020049095154 | [0.11] | -0.0013020248636587467
-0.45695897936820984 | [0.11] | -0.0012356366116732975
-0.4647274911403656 | [0.11] | -0.0011765711917364754
-0.4727725386619568 | [0.11] | -0.0011249029797350527
-0.4810382127761841 | [0.1] | -0.0010806688939213863
-0.4894663095474243 | [0.1] | -0.0010438804365913692
-0.4979966878890991 | [0.1] | -0.001014535282818022
-0.5065678358078003 | [0.1] | -0.0009926282628184748
-0.5151171684265137 | [0.1] | -0.0009781617895624568
-0.5235817432403564 | [0.1] | -0.000971153890247894
-0.5318986773490906 | [0.1] | -0.0009716452132662574
-0.5400055050849915 | [0.1] | -0.0009797033958389844
-0.5478408336639404 | [0.1] | -0.0009954244910418744
-0.5553448796272278 | [0.1] | -0.0010189320530937863
-0.5624597668647766 | [0.1] | -0.0010503737292191764
-0.5691301226615906 | [0.1] | -0.0010899146070456618
-0.5753034353256226 | [0.11] | -0.0011377288999773686
-0.5809305310249329 | [0.11] | -0.0011939886818846815
-0.5859658718109131 | [0.11] | -0.0012588515765850935
-0.59036785364151 | [0.12] | -0.0013324466398303642
-0.5940992832183838 | [0.12] | -0.0014148587569997265
-0.5971274375915527 | [0.12] | -0.0015061137096046842
-0.5994245409965515 | [0.13] | -0.0016061616400889645
-0.6009677052497864 | [0.13] | -0.0017148623581931628
-0.6017394065856934 | [0.14] | -0.0018319699039521541
-0.6017273664474487 | [0.14] | -0.0019571199929285226
-0.6009248495101929 | [0.14] | -0.002089817834046417
-0.599330723285675 | [0.15] | -0.0022294288758680217
-0.5969495177268982 | [0.15] | -0.002375172104648879
-0.5937914848327637 | [0.16] | -0.002526116508226764
-0.5898724794387817 | [0.16] | -0.002681181500919146
-0.5852140188217163 | [0.17] | -0.0028391407352638745
-0.5798433423042297 | [0.17] | -0.0029986298026887996
-0.5737931132316589 | [0.18] | -0.0031581601409604006
-0.567101240158081 | [0.18] | -0.0033161365549325434
-0.5598108768463135 | [0.19] | -0.003470878690589134
-0.5519700050354004 | [0.19] | -0.003620647709900832
-0.5436311960220337 | [0.19] | -0.003763676540191696
-0.5348512530326843 | [0.2] | -0.0038982027729569484
-0.5256907343864441 | [0.2] | -0.004022504631966614
-0.5162137150764465 | [0.2] | -0.004134935825446774
-0.5064870715141296 | [0.21] | -0.0042339630521804235
-0.4965800344944 | [0.21] | -0.004318200163473963
-0.48656371235847473 | [0.21] | -0.004386439352624664
-0.4765104353427887 | [0.21] | -0.0044376795647811445
-0.466493159532547 | [0.21] | -0.004471149222766137
-0.4565849006175995 | [0.21] | -0.004486322686137379
-0.44685816764831543 | [0.21] | -0.004482930532189436
-0.43738430738449097 | [0.21] | -0.0044609642129258805
-0.4282330572605133 | [0.21] | -0.00442067213851275
-0.41947194933891296 | [0.21] | -0.004362551342097361
-0.41116586327552795 | [0.21] | -0.004287333069532773
-0.4033765196800232 | [0.2] | -0.0041959625060817435
-0.3961621820926666 | [0.2] | -0.00408957635812747
-0.38957715034484863 | [0.2] | -0.003969476569141011
-0.3836715519428253 | [0.2] | -0.00383710229837584
-0.37849104404449463 | [0.19] | -0.0036940012317454407
-0.3740764856338501 | [0.19] | -0.0035418006434067154
-0.3704638183116913 | [0.18] | -0.0033821791422526826
-0.3676838278770447 | [0.18] | -0.003216839330415961
-0.36576199531555176 | [0.17] | -0.003047482112165838
-0.36471834778785706 | [0.17] | -0.0028757826224075815
-0.3645673096179962 | [0.16] | -0.002703368160923105
-0.3653176426887512 | [0.16] | -0.0025317977652986132
-0.36697229743003845 | [0.15] | -0.002362544133149111
-0.3695283532142639 | [0.15] | -0.002196977267611627
-0.3729768991470337 | [0.14] | -0.0020363504943342946
-0.37730300426483154 | [0.14] | -0.0018817883958216243
-0.38248565793037415 | [0.13] | -0.0017342771412086795
-0.38849779963493347 | [0.13] | -0.0015946577188993465
-0.395306259393692 | [0.12] | -0.0014636217802189164
-0.40287187695503235 | [0.12] | -0.0013417108113476521
-0.4111495316028595 | [0.11] | -0.0012293190382159898
-0.42008835077285767 | [0.11] | -0.001126699457991124
-0.4296318590641022 | [0.1] | -0.0010339744907515778
-0.4397182762622833 | [0.1] | -0.0009511499112868909
-0.45028090476989746 | [0.09] | -0.0008781324878221777
-0.4612484276294708 | [0.09] | -0.0008147510708552332
-0.47254544496536255 | [0.09] | -0.0007607799559021387
-0.48409304022789 | [0.08] | -0.0007159636058699188
-0.49580931663513184 | [0.08] | -0.0006800421893233797
-0.5076100826263428 | [0.08] | -0.0006527767001892212
-0.5194095373153687 | [0.08] | -0.0006339714241440988
-0.5311209559440613 | [0.08] | -0.0006234944627351506
-0.5426574945449829 | [0.08] | -0.0006212933633810394
-0.5539329648017883 | [0.08] | -0.0006274061028054903
-0.5648624300956726 | [0.08] | -0.0006419672419903044
-0.575363039970398 | [0.08] | -0.0006652075352200366
-0.5853546261787415 | [0.08] | -0.0006974483834862406
-0.5947604179382324 | [0.09] | -0.000739090940297268
-0.6035075783729553 | [0.09] | -0.0007906000894920655
-0.6115278005599976 | [0.09] | -0.0008524842140607172
-0.6187576651573181 | [0.1] | -0.0009252720934662868
-0.6251391768455505 | [0.1] | -0.0010094861966099163
-0.6306201815605164 | [0.11] | -0.001105614802557753
-0.6351544857025146 | [0.11] | -0.0012140830936816591
-0.638702392578125 | [0.12] | -0.0013352231494344023
-0.6412307620048523 | [0.12] | -0.001469244919486399
-0.6427132487297058 | [0.13] | -0.0016162076454746708
-0.6431306004524231 | [0.13] | -0.0017759922722731772
-0.64247065782547 | [0.14] | -0.0019482767015506297
-0.6407285928726196 | [0.15] | -0.0021325129264823817
-0.6379069685935974 | [0.15] | -0.00232790801816644
-0.6340158581733704 | [0.16] | -0.0025334091908452852
-0.629072904586792 | [0.17] | -0.0027476941153747967
-0.6231034398078918 | [0.17] | -0.0029691672263403262
-0.6161402463912964 | [0.18] | -0.003195964630510615
-0.6082236766815186 | [0.19] | -0.0034259651353919715
-0.599401593208313 | [0.19] | -0.0036568117166501366
-0.5897290110588074 | [0.2] | -0.0038859422724959384
-0.5792680382728577 | [0.2] | -0.004110629578571217
-0.5680873394012451 | [0.21] | -0.004328031576149186
-0.5562618970870972 | [0.21] | -0.004535247852491181
-0.5438724756240845 | [0.22] | -0.00472938484197812
-0.5310048460960388 | [0.22] | -0.004907625662451366
-0.5177494287490845 | [0.23] | -0.005067298954882845
-0.5042002201080322 | [0.23] | -0.005205951088379065
-0.49045413732528687 | [0.23] | -0.005321410355212032
-0.4766102135181427 | [0.23] | -0.005411845295156527
-0.4627685844898224 | [0.23] | -0.005475813798929043
-0.4490296542644501 | [0.23] | -0.005512298735255366
-0.4354931712150574 | [0.23] | -0.005520730309015113
-0.42225736379623413 | [0.23] | -0.005500993740734591
-0.40941813588142395 | [0.23] | -0.005453423373958977
-0.3970683217048645 | [0.23] | -0.005378782328287864
-0.3852970004081726 | [0.23] | -0.0052782318539532766
-0.3741888105869293 | [0.23] | -0.005153291596340575
-0.3638235330581665 | [0.22] | -0.005005790999333933
-0.3542756140232086 | [0.22] | -0.004837818858542068
-0.3456137776374817 | [0.22] | -0.004651670484696259
-0.3379007577896118 | [0.21] | -0.0044497943054604165
-0.33119314908981323 | [0.21] | -0.004234741476569035
-0.32554107904434204 | [0.2] | -0.00400911918132101
-0.3209882378578186 | [0.19] | -0.0037755471126443454
-0.31757164001464844 | [0.19] | -0.0035366194914228954
-0.3153216540813446 | [0.18] | -0.0032948703970737043
-0.314261794090271 | [0.17] | -0.0030527442622273696
-0.31440868973731995 | [0.17] | -0.0028125687576945335
-0.3157719671726227 | [0.16] | -0.0025765311286870003
-0.31835412979125977 | [0.15] | -0.0023466564774979586
-0.32215040922164917 | [0.15] | -0.002124787938114205
-0.32714858651161194 | [0.14] | -0.0019125683335948721
-0.33332887291908264 | [0.13] | -0.0017114231691306024
-0.34066373109817505 | [0.12] | -0.0015225459129010398
-0.3491176664829254 | [0.12] | -0.0013468857753935824
-0.3586471676826477 | [0.11] | -0.0011851390058131
-0.3692006468772888 | [0.1] | -0.0010377446083574048
-0.3807183504104614 | [0.1] | -0.0009048866016383268
-0.39313244819641113 | [0.09] | -0.0007865029016624387
-0.4063672125339508 | [0.08] | -0.0006823022930254843
-0.42033931612968445 | [0.08] | -0.0005917905113769981
-0.4349581301212311 | [0.07] | -0.0005143044469894709
-0.45012637972831726 | [0.07] | -0.0004490545945386073
-0.46574071049690247 | [0.06] | -0.00039517404134342145
-0.48169249296188354 | [0.06] | -0.00035177224568769174
-0.49786877632141113 | [0.06] | -0.00031799037911799945
-0.514153242111206 | [0.05] | -0.0002930559742500061
-0.5304273366928101 | [0.05] | -0.00027633291576694503
-0.5465713739395142 | [0.05] | -0.00026736477418467527
-0.5624657273292542 | [0.05] | -0.00026590795863538214
-0.5779919028282166 | [0.05] | -0.00027195348130888344
-0.5930336713790894 | [0.05] | -0.00028573615729065536
-0.6074782609939575 | [0.06] | -0.0003077310413902467
-0.6212171912193298 | [0.06] | -0.0003386379836421983
-0.6341471076011658 | [0.06] | -0.0003793556633173782
-0.6461706161499023 | [0.07] | -0.0004309467529360709
-0.6571969389915466 | [0.07] | -0.0004945964653896227
-0.667142391204834 | [0.08] | -0.0005715666941486472
-0.6759308576583862 | [0.08] | -0.0006631474013830175
-0.6834940314292908 | [0.09] | -0.0007706067629349851
-0.6897717714309692 | [0.09] | -0.0008951414392254459
-0.6947122812271118 | [0.1] | -0.0010378271993655003
-0.6982722282409668 | [0.11] | -0.001199570715763056
-0.7004169821739197 | [0.12] | -0.0013810621506207587
-0.7011206746101379 | [0.13] | -0.0015827291463344714
-0.7003662586212158 | [0.13] | -0.0018046921306266964
-0.698145866394043 | [0.14] | -0.0020467203448105062
-0.6944608092308044 | [0.15] | -0.0023081912870922274
-0.689321756362915 | [0.16] | -0.002588053212509166
-0.6827490329742432 | [0.17] | -0.002884792555773586
-0.6747727394104004 | [0.18] | -0.0031964096204505133
-0.6654329895973206 | [0.19] | -0.0035204043709163406
-0.654779851436615 | [0.2] | -0.003853776036254987
-0.6428735852241516 | [0.2] | -0.004193038830711293
-0.6297845244407654 | [0.21] | -0.004534257006162809
-0.6155930757522583 | [0.22] | -0.004873100770581127
-0.600389301776886 | [0.23] | -0.005204925898041918
-0.5842724442481995 | [0.24] | -0.005524874621807602
-0.567350447177887 | [0.24] | -0.005827995105015665
-0.5497391819953918 | [0.25] | -0.006109378022231147
-0.5315612554550171 | [0.25] | -0.00636430219175834
-0.5129452347755432 | [0.26] | -0.00658838103029577
-0.4940240681171417 | [0.26] | -0.006777706356880877
-0.474933922290802 | [0.26] | -0.006928973953592349
-0.45581263303756714 | [0.27] | -0.00703959003664845
-0.43679824471473694 | [0.27] | -0.007107747131494373
-0.4180276393890381 | [0.27] | -0.007132467617867181
-0.39963504672050476 | [0.27] | -0.007113613739553768
-0.38175082206726074 | [0.27] | -0.007051862502679824
-0.3645003139972687 | [0.26] | -0.00694865197930037
-0.3480028510093689 | [0.26] | -0.006806101716558603
-0.33237093687057495 | [0.26] | -0.006626914609355605
-0.31770971417427063 | [0.25] | -0.006414270911918942
-0.304116427898407 | [0.25] | -0.0061717156747053414
-0.2916802167892456 | [0.24] | -0.005903050590952364
-0.2804819941520691 | [0.24] | -0.005612233732979153
-0.27059438824653625 | [0.23] | -0.005303290886055112
-0.2620818614959717 | [0.22] | -0.0049802409156762106
-0.25500085949897766 | [0.22] | -0.004647034270688893
-0.24939994513988495 | [0.21] | -0.004307506864501406
-0.24531999230384827 | [0.2] | -0.003965344048249791
-0.24279430508613586 | [0.19] | -0.003624055578011822
-0.24184869229793549 | [0.18] | -0.003286956278397946
-0.24250148236751556 | [0.17] | -0.002957150996577375
-0.24476341903209686 | [0.16] | -0.002637520617577057
-0.24863751232624054 | [0.15] | -0.002330706544780071
-0.25411877036094666 | [0.14] | -0.002039092359179553
-0.2611938714981079 | [0.13] | -0.0017647809611622154
-0.26984068751335144 | [0.12] | -0.0015095678967277889
-0.2800278067588806 | [0.11] | -0.0012749105856592108
-0.291714072227478 | [0.1] | -0.001061895915758067
-0.30484795570373535 | [0.09] | -0.0008712093100140319
-0.3193672299385071 | [0.08] | -0.000703107540245325
-0.33519840240478516 | [0.07] | -0.0005574015114824673
-0.35225656628608704 | [0.07] | -0.0004334518163945373
-0.370445191860199 | [0.06] | -0.0003301824729346101
-0.38965627551078796 | [0.05] | -0.0002461159687573881
-0.4097706973552704 | [0.04] | -0.00017943089042650324
-0.4306587874889374 | [0.04] | -0.00012804342005380524
-0.45218124985694885 | [0.03] | -8.970934099243678e-05
-0.474190354347229 | [0.02] | -6.214168575902025e-05
-0.49653124809265137 | [0.02] | -4.313769423028543e-05
-0.5190438032150269 | [0.02] | -3.070523048513974e-05
-0.5415642261505127 | [0.02] | -2.3180605657615198e-05
-0.5639271140098572 | [0.01] | -1.9327848834986312e-05
-0.5859674215316772 | [0.01] | -1.8412828509149872e-05
-0.6075223684310913 | [0.01] | -2.0246953995748473e-05
-0.6284331679344177 | [0.02] | -2.519877400847862e-05
-0.6485467553138733 | [0.02] | -3.417453440219384e-05
-0.6677173376083374 | [0.02] | -4.8571643483094384e-05
-0.6858073472976685 | [0.03] | -7.021106763897735e-05
-0.702688455581665 | [0.03] | -0.00010125538155065077
-0.718242347240448 | [0.04] | -0.0001441195459784419
-0.7323610186576843 | [0.04] | -0.00020138062521107668
-0.744947075843811 | [0.05] | -0.0002756911096311837
-0.7559135556221008 | [0.06] | -0.00036969939224647117
-0.7651841640472412 | [0.07] | -0.0004859771327726651
-0.7726927995681763 | [0.08] | -0.0006269553129547635
-0.7783835530281067 | [0.09] | -0.0007948648546661032
-0.7822104096412659 | [0.1] | -0.000991681159696184
-0.7841371297836304 | [0.11] | -0.0012190681573617645
-0.7841371297836304 | [0.12] | -0.001478320054434669
-0.7821937203407288 | [0.13] | -0.0017702971340421245
-0.7783000469207764 | [0.14] | -0.0020953560806083412
-0.7724595069885254 | [0.16] | -0.0024532726539819743
-0.7646861672401428 | [0.17] | -0.0028431596916279837
-0.7550053000450134 | [0.18] | -0.0032633827760324705
-0.7434540390968323 | [0.19] | -0.0037114799894284417
-0.7300818562507629 | [0.2] | -0.00418409188727932
-0.7149513959884644 | [0.22] | -0.004676911240581077
-0.6981388926506042 | [0.23] | -0.005184662678843398
-0.6797348260879517 | [0.24] | -0.005701120873499599
-0.659843921661377 | [0.25] | -0.00621918076237904
-0.6385853290557861 | [0.26] | -0.006730981835688427
-0.6160921454429626 | [0.27] | -0.007228092513927308
-0.5925108790397644 | [0.28] | -0.007701750516812909
-0.5680001378059387 | [0.29] | -0.008143155376027786
-0.542729377746582 | [0.29] | -0.00854378997195213
-0.516876757144928 | [0.3] | -0.008895759559895241
-0.49062713980674744 | [0.3] | -0.009192115184347106
-0.4641696512699127 | [0.31] | -0.009427143935763114
-0.4376949667930603 | [0.31] | -0.009596596439522988
-0.41139277815818787 | [0.31] | -0.009697835620240725
-0.38544920086860657 | [0.31] | -0.009729897000102135
-0.3600444495677948 | [0.31] | -0.00969345472101245
-0.3353506922721863 | [0.31] | -0.00959070516766862
-0.3115304112434387 | [0.31] | -0.009425179767023402
-0.2887350022792816 | [0.3] | -0.009201509746441808
-0.2671038806438446 | [0.3] | -0.008925161974915292
-0.24676404893398285 | [0.29] | -0.008602172721119199
-0.2278299629688263 | [0.29] | -0.008238894513251226
-0.21040375530719757 | [0.28] | -0.007841772528926491
-0.19457578659057617 | [0.27] | -0.0074171626418675215
-0.18042533099651337 | [0.26] | -0.006971190434602994
-0.16802145540714264 | [0.26] | -0.006509658119180643
-0.1574239432811737 | [0.25] | -0.00603798924979149
-0.14868418872356415 | [0.24] | -0.005561210273543021
-0.14184609055519104 | [0.23] | -0.005083959271747307
-0.13694681227207184 | [0.21] | -0.004610515095907337
-0.13401742279529572 | [0.2] | -0.004144836831105769
-0.1330832988023758 | [0.19] | -0.0036906094422544133
-0.13416439294815063 | [0.18] | -0.003251285635490441
-0.13727523386478424 | [0.17] | -0.0028301196262203038
-0.14242471754550934 | [0.16] | -0.0024301868602286773
-0.1496156007051468 | [0.14] | -0.0020543859637923733
-0.15884386003017426 | [0.13] | -0.0017054193286866943
-0.1700977087020874 | [0.12] | -0.00138575030455776
-0.18335647881031036 | [0.1] | -0.0010975378837916631
-0.19858932495117188 | [0.09] | -0.0008425499943019437
-0.21575379371643066 | [0.08] | -0.0006220594417363493
-0.23479428887367249 | [0.07] | -0.00043673153551588195
-0.2556406855583191 | [0.05] | -0.0002865119288845193
-0.2782069146633148 | [0.04] | -0.0001705289191740108
-0.30238986015319824 | [0.03] | -8.702484280474141e-05
-0.32806849479675293 | [0.02] | -3.333209844052404e-05
-0.3551035523414612 | [0.01] | -5.907921081377666e-06
-0.38333767652511597 | [-0.] | -4.374841989734923e-07
-0.41259610652923584 | [-0.01] | -1.2008977186150659e-05
-0.4426881968975067 | [-0.02] | -3.5355150905223426e-05
-0.47340938448905945 | [-0.03] | -6.514651666915162e-05
-0.5045438408851624 | [-0.03] | -9.631288696827135e-05
-0.5358676910400391 | [-0.04] | -0.00012436303260207474
-0.5671524405479431 | [-0.04] | -0.00014567088985040024
-0.5981687307357788 | [-0.04] | -0.00015769900922456552
-0.6286899447441101 | [-0.04] | -0.00015913831334614324
-0.6584958434104919 | [-0.04] | -0.00014995240566712117
-0.6873754858970642 | [-0.04] | -0.0001313293285021197
-0.7151299715042114 | [-0.03] | -0.00010555374133314321
-0.7415744662284851 | [-0.03] | -7.582028578353983e-05
-0.7665395140647888 | [-0.02] | -4.6014873064115236e-05
-0.7898717522621155 | [-0.01] | -2.0489199125344282e-05
-0.8114340901374817 | [-0.01] | -3.8503111225582715e-06
-0.8311054706573486 | [0.] | -7.815423917257947e-07
-0.8487797975540161 | [0.01] | -1.590326854952204e-05
-0.8643652200698853 | [0.02] | -5.367599965762395e-05
-0.8777825832366943 | [0.03] | -0.00011834211958952687
-0.8889643549919128 | [0.05] | -0.00021389886758140715
-0.8978531956672668 | [0.06] | -0.00034409276393506077
-0.9044007658958435 | [0.07] | -0.0005124249705128574
-0.9085668921470642 | [0.08] | -0.0007221557709344307
-0.9103186726570129 | [0.1] | -0.0009762993423797274
-0.9096300601959229 | [0.11] | -0.0012775988934639114
-0.9064818024635315 | [0.13] | -0.0016284745567640285
-0.9008616209030151 | [0.14] | -0.002030938560409733
-0.8927647471427917 | [0.16] | -0.0024864734301432395
-0.8821948766708374 | [0.17] | -0.002995871621346704
-0.8691654205322266 | [0.19] | -0.0035590387143420695
-0.8537011742591858 | [0.2] | -0.004174765758094936
-0.8358399868011475 | [0.22] | -0.00484048291218774
-0.8156347274780273 | [0.24] | -0.005552013352947926
-0.7931553721427917 | [0.25] | -0.006303346837828756
-0.7684910297393799 | [0.27] | -0.007086468856094589
-0.741751492023468 | [0.28] | -0.007891278279318127
-0.7130687832832336 | [0.3] | -0.008705626951335478
-0.6825977563858032 | [0.31] | -0.009515515937575585
-0.6505162119865417 | [0.32] | -0.010305468449837998
-0.6170240640640259 | [0.33] | -0.01105907663914141
-0.5823415517807007 | [0.34] | -0.01175971106769172
-0.5467063784599304 | [0.35] | -0.012391344126184568
-0.5103700160980225 | [0.36] | -0.012939412100632873
-0.47359326481819153 | [0.37] | -0.013391635118324552
-0.43664121627807617 | [0.37] | -0.013738711090821747
-0.39977800846099854 | [0.37] | -0.013974799122303056
-0.36326149106025696 | [0.38] | -0.014097742698592278
-0.32733845710754395 | [0.38] | -0.014109014880742546
-0.2922403812408447 | [0.37] | -0.014013406306502572
-0.2581799626350403 | [0.37] | -0.013818498467673246
-0.2253488004207611 | [0.37] | -0.013533997478193184
-0.1939159482717514 | [0.36] | -0.013171016255400646
-0.16402748227119446 | [0.36] | -0.01274135787695526
-0.13580696284770966 | [0.35] | -0.012256883112611753
-0.10935666412115097 | [0.34] | -0.011728987072069007
-0.08475930988788605 | [0.33] | -0.011168209573672455
-0.06208028644323349 | [0.33] | -0.010583980184115636
-0.04137003794312477 | [0.32] | -0.009984490081243424
-0.022666586562991142 | [0.31] | -0.009376662144347887
-0.005998037289828062 | [0.3] | -0.008766205142750835
0.008615032769739628 | [0.29] | -0.008157724909878665
0.021157363429665565 | [0.27] | -0.007554871201362067
0.031617019325494766 | [0.26] | -0.00696050642213936
0.039983656257390976 | [0.25] | -0.006376880483253345
0.04624704271554947 | [0.24] | -0.005805803681688284
0.05039588361978531 | [0.23] | -0.005248811807897823
0.05241689458489418 | [0.22] | -0.004707318335473619
0.05229419842362404 | [0.2] | -0.0041827519711136055
0.05000897869467735 | [0.19] | -0.0036766769672750264
0.04553946107625961 | [0.18] | -0.003190894460350856
0.03886118531227112 | [0.17] | -0.0027275221551154197
0.029947606846690178 | [0.15] | -0.002289048294026691
0.018771056085824966 | [0.14] | -0.001878355528838371
0.005304047837853432 | [0.12] | -0.001498708657363543
-0.010479011572897434 | [0.11] | -0.0011536985362725822
-0.02859971858561039 | [0.09] | -0.0008471347253921409
-0.049073170870542526 | [0.08] | -0.0005828812441291692
-0.07190506160259247 | [0.06] | -0.00036462924774420747
-0.09708843380212784 | [0.04] | -0.00019560813682972661
-0.12460016459226608 | [0.03] | -7.824291003509397e-05
-0.15439730882644653 | [0.01] | -1.3775374570908036e-05
-0.18641342222690582 | [-0.] | -1.8790490566245045e-06
-0.22055518627166748 | [-0.02] | -4.031151809206434e-05
-0.25669950246810913 | [-0.04] | -0.0001246577029395378
-0.29469138383865356 | [-0.05] | -0.00024822280874794766
-0.33434298634529114 | [-0.06] | -0.00040212920200630896
-0.37543410062789917 | [-0.08] | -0.0005756537818965915
-0.41771402955055237 | [-0.09] | -0.0007568120889323101
-0.4609052836894989 | [-0.1] | -0.0009331530167665478
-0.5047088861465454 | [-0.1] | -0.0010926884594706287
-0.5488108992576599 | [-0.11] | -0.0012248432432260701
-0.5928899645805359 | [-0.11] | -0.0013212974878062497
-0.6366255283355713 | [-0.12] | -0.0013766047545524024
-0.6797055602073669 | [-0.12] | -0.0013884985421327657
-0.7218338251113892 | [-0.12] | -0.0013578641240417203
-0.7627362608909607 | [-0.11] | -0.001288398069943037
-0.8021653294563293 | [-0.11] | -0.0011860346301035638
-0.8399033546447754 | [-0.1] | -0.0010582418272409898
-0.8757637143135071 | [-0.1] | -0.0009132964320010834
-0.9095908403396606 | [-0.09] | -0.0007596248205798259
-0.9412587285041809 | [-0.08] | -0.0006052778164399241
-0.9706684947013855 | [-0.07] | -0.0004575655355213307
-0.9977453351020813 | [-0.06] | -0.0003228540929113566
-1.0224348306655884 | [-0.05] | -0.00020650495819140322
-1.0446994304656982 | [-0.03] | -0.00011292706121821539
-1.0645145177841187 | [-0.02] | -4.570570832308635e-05
-1.0818650722503662 | [-0.01] | -7.77837048243434e-06
-1.0967422723770142 | [0.] | -1.6302967420306293e-06
-1.1091409921646118 | [0.02] | -2.9491459214709505e-05
-1.119057059288025 | [0.03] | -9.352118971527572e-05
-1.1264851093292236 | [0.04] | -0.00019597313321975974
-1.131417155265808 | [0.06] | -0.0003393356479416566
-1.1338411569595337 | [0.07] | -0.0005264454746690741
-1.1337403059005737 | [0.09] | -0.0007605724006126376
-1.1310924291610718 | [0.1] | -0.0010454727909751606
-1.1258699893951416 | [0.12] | -0.0013854075154796257
-1.1180403232574463 | [0.13] | -0.0017851188295266427
-1.107566475868225 | [0.15] | -0.002249756344671596
-1.0944085121154785 | [0.17] | -0.002784741827950313
-1.0785253047943115 | [0.18] | -0.0033955582854276675
-1.0598766803741455 | [0.2] | -0.004087449983162214
-1.0384266376495361 | [0.22] | -0.004865018303742716
-1.0141465663909912 | [0.24] | -0.0057317047102775085
-0.9870196580886841 | [0.26] | -0.006689161007200297
-0.9570454359054565 | [0.28] | -0.007736520281896588
-0.9242448806762695 | [0.3] | -0.008869606163470422
-0.8886657357215881 | [0.32] | -0.01008014941463535
-0.8503878116607666 | [0.34] | -0.011355099576076742
-0.8095276355743408 | [0.36] | -0.012676173990061835
-0.7662424445152283 | [0.37] | -0.014019777136503798
-0.7207322716712952 | [0.39] | -0.015357441010007104
-0.6732404828071594 | [0.41] | -0.016656878431677236
-0.6240515112876892 | [0.42] | -0.01788367726013324
-0.5734861493110657 | [0.44] | -0.019003540618347102
-0.5218941569328308 | [0.45] | -0.01998486177444683
-0.46964436769485474 | [0.46] | -0.02080130047685682
-0.417113333940506 | [0.46] | -0.02143400023534472
-0.3646729588508606 | [0.47] | -0.021873095675161863
-0.31267836689949036 | [0.47] | -0.022118287995549407
-0.26145675778388977 | [0.47] | -0.022178420132379823
-0.21129831671714783 | [0.47] | -0.022070184369326232
-0.16244950890541077 | [0.47] | -0.021816200383498338
-0.11510902643203735 | [0.46] | -0.02144281915135988
-0.06942635774612427 | [0.46] | -0.020977942810864736
-0.025502635166049004 | [0.45] | -0.020449147676821124
0.016606712713837624 | [0.45] | -0.01988222520137834
0.05688800662755966 | [0.44] | -0.01930023212114082
0.09536460041999817 | [0.43] | -0.01872298992751048
0.13209186494350433 | [0.43] | -0.018166971051854188
0.16715221107006073 | [0.42] | -0.017645476000837917
0.2006504386663437 | [0.41] | -0.017168987038740507
0.2327096164226532 | [0.41] | -0.016745625544889016
0.2634674906730652 | [0.4] | -0.01638164700462648
0.2930735945701599 | [0.4] | -0.016081922969604912
0.32168683409690857 | [0.4] | -0.015850396080197362
0.34947386384010315 | [0.4] | -0.01569048167480831
0.3766077160835266 | [0.4] | -0.015605427925025287
0.4032670557498932 | [0.39] | -0.015598623683663222
0.42963582277297974 | [0.4] | 99.98432612907818
Total reward: 97.82982298586073
0.1, 5.8, 0.2
parameter ends

state | action | reward
[-0.6] | [0.14] | -0.0019618406943729427
-0.5985694527626038 | [0.14] | -0.002091731882615214
-0.5970216393470764 | [0.15] | -0.0022283041931698768
-0.5947036743164062 | [0.15] | -0.0023707892423082445
-0.5916255116462708 | [0.16] | -0.0025182744852160505
-0.5878026485443115 | [0.16] | -0.002669703772519471
-0.5832561254501343 | [0.17] | -0.0028238812237222862
-0.5780125260353088 | [0.17] | -0.0029794793253375236
-0.5721036791801453 | [0.18] | -0.003135052331799792
-0.5655667781829834 | [0.18] | -0.003289051900923967
-0.5584439039230347 | [0.19] | -0.0034398498030732416
-0.5507819652557373 | [0.19] | -0.0035857623791715125
-0.5426323413848877 | [0.19] | -0.0037250796671850876
-0.5340505242347717 | [0.2] | -0.0038560975443178653
-0.5250957608222961 | [0.2] | -0.00397715090280977
-0.5158306360244751 | [0.2] | -0.004086648481119454
-0.5063205361366272 | [0.2] | -0.004183107984345197
-0.4966331720352173 | [0.21] | -0.00426518835059175
-0.48683804273605347 | [0.21] | -0.004331720803814128
-0.47700586915016174 | [0.21] | -0.004381735094024132
-0.46720802783966064 | [0.21] | -0.004414481110334981
-0.4575159549713135 | [0.21] | -0.004429445824803427
-0.44800055027008057 | [0.21] | -0.004426363156023665
-0.43873170018196106 | [0.21] | -0.004405217769173361
-0.42977768182754517 | [0.21] | -0.00436624237471543
-0.4212046265602112 | [0.21] | -0.004309910147437281
-0.41307610273361206 | [0.21] | -0.004236920250825446
-0.4054526388645172 | [0.2] | -0.004148180008849737
-0.39839133620262146 | [0.2] | -0.0040447828161548445
-0.391945481300354 | [0.2] | -0.003927983297680849
-0.38616427779197693 | [0.19] | -0.00379917049134782
-0.38109248876571655 | [0.19] | -0.0036598403589103764
-0.3767702877521515 | [0.19] | -0.003511567831808224
-0.3732329308986664 | [0.18] | -0.003355979692464118
-0.37051066756248474 | [0.18] | -0.003194727789153417
-0.36862853169441223 | [0.17] | -0.003029464240093375
-0.36760616302490234 | [0.17] | -0.0028618181323057613
-0.3674577474594116 | [0.16] | -0.0026933735801717654
-0.3681918680667877 | [0.16] | -0.0025256500644802713
-0.36981138586997986 | [0.15] | -0.0023600846577658276
-0.37231338024139404 | [0.15] | -0.0021980160099385475
-0.3756890892982483 | [0.14] | -0.0020406704748982666
-0.3799237906932831 | [0.14] | -0.0018891507333272486
-0.38499683141708374 | [0.13] | -0.0017444261702622224
-0.39088156819343567 | [0.13] | -0.0016073263556007353
-0.3975454270839691 | [0.12] | -0.001478537032273557
-0.4049499034881592 | [0.12] | -0.00135859949526444
-0.41305074095726013 | [0.11] | -0.001247912976819308
-0.4217980206012726 | [0.11] | -0.0011467412041290652
-0.4311363697052002 | [0.1] | -0.0010552220801948915
-0.44100522994995117 | [0.1] | -0.000973381181650989
-0.4513392448425293 | [0.09] | -0.0009011487313939752
-0.4620685577392578 | [0.09] | -0.0008383796778233268
-0.4731194078922272 | [0.09] | -0.0007848754828482897
-0.4844145178794861 | [0.09] | -0.0007404082854487659
-0.49587374925613403 | [0.08] | -0.000704744673776176
-0.5074147582054138 | [0.08] | -0.0006776693972921758
-0.5189536213874817 | [0.08] | -0.0006590071119576883
-0.5304055213928223 | [0.08] | -0.0006486412254787816
-0.5416855812072754 | [0.08] | -0.0006465287889200381
-0.5527094602584839 | [0.08] | -0.0006527113854305215
-0.5633941292762756 | [0.08] | -0.0006673202874329718
-0.5736584663391113 | [0.08] | -0.0006905764264364179
-0.5834241509437561 | [0.09] | -0.0007227849488345048
-0.5926160216331482 | [0.09] | -0.0007643248138052632
-0.6011627912521362 | [0.09] | -0.0008156336977639007
-0.6089975833892822 | [0.09] | -0.0008771886531381276
-0.6160584092140198 | [0.1] | -0.0009494833608767869
-0.6222884654998779 | [0.1] | -0.0010330036914888551
-0.6276366710662842 | [0.11] | -0.0011282001149164416
-0.6320578455924988 | [0.11] | -0.0012354602609463553
-0.6355131268501282 | [0.12] | -0.0013550801237056957
-0.6379701495170593 | [0.12] | -0.0014872359070096611
-0.6394031643867493 | [0.13] | -0.0016319570520345356
-0.6397933959960938 | [0.13] | -0.0017890995529097184
-0.639129102230072 | [0.14] | -0.0019583222507379055
-0.6374056339263916 | [0.15] | -0.0021390656102246806
-0.6346257328987122 | [0.15] | -0.0023305331402705795
-0.6307994723320007 | [0.16] | -0.0025316780492628914
-0.6259443163871765 | [0.17] | -0.002741194547241892
-0.6200852394104004 | [0.17] | -0.0029575149910130803
-0.6132546067237854 | [0.18] | -0.0031788146428742728
-0.6054921746253967 | [0.18] | -0.003403023869662219
-0.5968449711799622 | [0.19] | -0.0036278492157299385
-0.5873671770095825 | [0.2] | -0.0038508029591564777
-0.5771196484565735 | [0.2] | -0.004069243401471529
-0.5661698579788208 | [0.21] | -0.004280421648231879
-0.5545912981033325 | [0.21] | -0.004481537662836799
-0.5424631237983704 | [0.22] | -0.00466980143828486
-0.5298693776130676 | [0.22] | -0.004842500276177899
-0.516898512840271 | [0.22] | -0.004997064735051699
-0.5036425590515137 | [0.23] | -0.005131136205541323
-0.49019643664360046 | [0.23] | -0.005242628627229649
-0.476656973361969 | [0.23] | -0.0053297847274516846
-0.46312209963798523 | [0.23] | -0.005391221283097353
-0.449690043926239 | [0.23] | -0.005425963075846773
-0.4364583492279053 | [0.23] | -0.0054334647258917285
-0.4235231578350067 | [0.23] | -0.005413617894239817
-0.4109782874584198 | [0.23] | -0.0053667454055483154
-0.3989146053791046 | [0.23] | -0.005293583303666627
-0.38741928339004517 | [0.23] | -0.005195250811864121
-0.376575231552124 | [0.23] | -0.00507321294771627
-0.3664605915546417 | [0.22] | -0.004929235182355687
-0.35714828968048096 | [0.22] | -0.004765335024956198
-0.3487056791782379 | [0.21] | -0.004583731018687009
-0.3411942720413208 | [0.21] | -0.004386792541195293
-0.33466947078704834 | [0.2] | -0.004176991291784965
-0.32918041944503784 | [0.2] | -0.003956855422241882
-0.32476985454559326 | [0.19] | -0.0037289279705052508
-0.32147398591041565 | [0.19] | -0.0034957293362666724
-0.3193223774433136 | [0.18] | -0.0032597237571473318
-0.31833791732788086 | [0.17] | -0.003023289341817962
-0.318536639213562 | [0.17] | -0.002788691986340631
-0.3199276328086853 | [0.16] | -0.002558061564634549
-0.32251298427581787 | [0.15] | -0.002333370261987239
-0.32628750801086426 | [0.15] | -0.0021164134153261855
-0.3312387466430664 | [0.14] | -0.0019087910963492634
-0.3373466730117798 | [0.13] | -0.0017118921807208172
-0.3445836901664734 | [0.12] | -0.0015268799238790662
-0.35291433334350586 | [0.12] | -0.001354680915664719
-0.36229532957077026 | [0.11] | -0.001195976737087107
-0.3726753890514374 | [0.1] | -0.0010512014592447807
-0.38399529457092285 | [0.1] | -0.0009205438288488499
-0.396187961101532 | [0.09] | -0.0008039571384327201
-0.40917861461639404 | [0.08] | -0.000701176333701204
-0.42288506031036377 | [0.08] | -0.0006117434163294593
-0.4372180998325348 | [0.07] | -0.0005350409082185198
-0.4520820677280426 | [0.07] | -0.00047033292348868603
-0.46737542748451233 | [0.06] | -0.0004168119630555278
-0.48299163579940796 | [0.06] | -0.0003736497709885007
-0.4988199472427368 | [0.06] | -0.00034005029225694954
-0.5147464275360107 | [0.06] | -0.00031530056754112664
-0.5306550860404968 | [0.05] | -0.0002988180278708633
-0.5464288592338562 | [0.05] | -0.00029019101879818515
-0.56195068359375 | [0.05] | -0.0002892094118149262
-0.5771048665046692 | [0.05] | -0.0002958845841464332
-0.5917778611183167 | [0.06] | -0.0003104578867425215
-0.6058595180511475 | [0.06] | -0.0003333964416537855
-0.619243860244751 | [0.06] | -0.000365378321684843
-0.6318299770355225 | [0.06] | -0.0004072674417307692
-0.6435227990150452 | [0.07] | -0.000460080129133889
-0.6542337536811829 | [0.07] | -0.0005249453029119664
-0.6638811230659485 | [0.08] | -0.0006030607041532403
-0.6723906993865967 | [0.08] | -0.0006956457746550892
-0.6796959042549133 | [0.09] | -0.0008038938339411483
-0.685738205909729 | [0.1] | -0.0009289237803600594
-0.6904672980308533 | [0.1] | -0.001071732282168499
-0.6938412189483643 | [0.11] | -0.0012331469287116094
-0.695826530456543 | [0.12] | -0.001413780475470746
-0.6963984966278076 | [0.13] | -0.0016139858505829362
-0.6955412030220032 | [0.14] | -0.0018338130265342192
-0.6932476162910461 | [0.14] | -0.0020729677186110164
-0.6895199418067932 | [0.15] | -0.002330771839373342
-0.6843695640563965 | [0.16] | -0.002606129309619171
-0.6778174638748169 | [0.17] | -0.002897495775984537
-0.6698942184448242 | [0.18] | -0.003202857825250458
-0.6606402397155762 | [0.19] | -0.003519721338981803
-0.6501057147979736 | [0.2] | -0.003845114716329349
-0.6383508443832397 | [0.2] | -0.0041756062432452955
-0.6254457235336304 | [0.21] | -0.004507341257247994
-0.6114701628684998 | [0.22] | -0.004836099667008265
-0.5965132713317871 | [0.23] | -0.0051573747391553
-0.5806732177734375 | [0.23] | -0.00546647071435955
-0.5640565156936646 | [0.24] | -0.005758619703501699
-0.5467771887779236 | [0.25] | -0.0060291127987135065
-0.5289558172225952 | [0.25] | -0.006273437896391768
-0.510718584060669 | [0.25] | -0.00648741974795293
-0.49219587445259094 | [0.26] | -0.0066673531087251894
-0.47352102398872375 | [0.26] | -0.006810122072356578
-0.4548288881778717 | [0.26] | -0.006913296742491651
-0.43625447154045105 | [0.26] | -0.006975204015274114
-0.41793152689933777 | [0.26] | -0.0069949665665054025
-0.39999115467071533 | [0.26] | -0.0069725083092164455
-0.3825606405735016 | [0.26] | -0.006908531962518963
-0.3657623827457428 | [0.26] | -0.006804463607241396
-0.34971287846565247 | [0.26] | -0.006662380202991498
-0.33452197909355164 | [0.25] | -0.006484914540767529
-0.3202923536300659 | [0.25] | -0.0062751548761650665
-0.3071189820766449 | [0.25] | -0.006036538626438973
-0.29508891701698303 | [0.24] | -0.005772750878325128
-0.2842811644077301 | [0.23] | -0.005487628381331026
-0.27476662397384644 | [0.23] | -0.005185076180188597
-0.26660820841789246 | [0.22] | -0.00486899482784351
-0.2598608732223511 | [0.21] | -0.0045432230100568355
-0.2545718550682068 | [0.21] | -0.004211490597118652
-0.2507806718349457 | [0.2] | -0.003877384652072081
-0.24851936101913452 | [0.19] | -0.003544322088462402
-0.247812420129776 | [0.18] | -0.0032155304470647393
-0.2486768662929535 | [0.17] | -0.0028940306902435105
-0.2511221170425415 | [0.16] | -0.0025826218248620886
-0.255149781703949 | [0.15] | -0.002283864203543266
-0.26075342297554016 | [0.14] | -0.0020000600386678225
-0.26791825890541077 | [0.13] | -0.00173323042509889
-0.27662062644958496 | [0.12] | -0.0014850889872397362
-0.28682762384414673 | [0.11] | -0.0012570125650223857
-0.29849663376808167 | [0.1] | -0.0010500110461343357
-0.311574786901474 | [0.09] | -0.0008646999488443361
-0.32599854469299316 | [0.08] | -0.0007012771288782696
-0.3416934013366699 | [0.07] | -0.0005595102190331184
-0.35857364535331726 | [0.07] | -0.0004387369335599172
-0.37654227018356323 | [0.06] | -0.00033788301760898635
-0.39549121260643005 | [0.05] | -0.0002555005952321889
-0.415301650762558 | [0.04] | -0.00018982824050012864
-0.435844749212265 | [0.04] | -0.0001388720714994402
-0.4569825232028961 | [0.03] | -0.00010050558181711745
-0.47856906056404114 | [0.03] | -7.258293599994513e-05
-0.5004518628120422 | [0.02] | -5.305875018409893e-05
-0.5224735736846924 | [0.02] | -4.01066035061328e-05
-0.5444737076759338 | [0.02] | -3.222709326201847e-05
-0.5662904381752014 | [0.02] | -2.833793836532576e-05
-0.5877625942230225 | [0.02] | -2.783934785872699e-05
-0.6087315082550049 | [0.02] | -3.0650627607830336e-05
-0.6290425658226013 | [0.02] | -3.721686990617649e-05
-0.6485469937324524 | [0.02] | -4.848697949204732e-05
-0.6671030521392822 | [0.03] | -6.586705450875985e-05
-0.6845772862434387 | [0.03] | -9.115460918261606e-05
-0.7008452415466309 | [0.04] | -0.0001264600101183674
-0.7157922983169556 | [0.04] | -0.0001741215861813205
-0.729313850402832 | [0.05] | -0.0002366198444665292
-0.7413156628608704 | [0.06] | -0.0003164950080054386
-0.7517138719558716 | [0.06] | -0.0004162706247038504
-0.7604348659515381 | [0.07] | -0.0005383840202049135
-0.7674152851104736 | [0.08] | -0.0006851228997949779
-0.7726016640663147 | [0.09] | -0.0008585670334685807
-0.7759504318237305 | [0.1] | -0.0010605318992761193
-0.7774277329444885 | [0.11] | -0.0012925122486351472
-0.7770095467567444 | [0.12] | -0.001555622491695325
-0.7746815085411072 | [0.14] | -0.0018505332421313852
-0.7704394459724426 | [0.15] | -0.0021774007622331953
-0.7642893195152283 | [0.16] | -0.0025357928980605316
-0.7562479972839355 | [0.17] | -0.0029246098424701252
-0.7463435530662537 | [0.18] | -0.0033420065079425884
-0.7346158623695374 | [0.19] | -0.003785320588143105
-0.7211173176765442 | [0.21] | -0.004251012347544643
-0.7059133052825928 | [0.22] | -0.004734627880128467
-0.689082682132721 | [0.23] | -0.005230792544015948
-0.670718252658844 | [0.24] | -0.005733244842992997
-0.6509267091751099 | [0.25] | -0.00623491831218979
-0.6298287510871887 | [0.26] | -0.0067280786064127605
-0.6075583696365356 | [0.27] | -0.0072045145299782475
-0.5842623114585876 | [0.28] | -0.0076557803816153965
-0.5600987672805786 | [0.28] | -0.008073479532979575
-0.5352358222007751 | [0.29] | -0.008449577796668007
-0.5098496079444885 | [0.3] | -0.008776716316212454
-0.48412206768989563 | [0.3] | -0.00904851421261626
-0.45823872089385986 | [0.3] | -0.009259825565933572
-0.43238598108291626 | [0.31] | -0.009406937670760446
-0.40674877166748047 | [0.31] | -0.009487691121375113
-0.3815080523490906 | [0.31] | -0.009501516619995504
-0.3568386733531952 | [0.31] | -0.00944938501212649
-0.33290737867355347 | [0.31] | -0.009333683796585529
-0.30987125635147095 | [0.3] | -0.009158030065806013
-0.28787654638290405 | [0.3] | -0.008927043060680725
-0.2670578956604004 | [0.29] | -0.00864609620753404
-0.24753783643245697 | [0.29] | -0.00832106671500043
-0.22942683100700378 | [0.28] | -0.007958103962412975
-0.2128235250711441 | [0.28] | -0.007563424045505396
-0.19781522452831268 | [0.27] | -0.007143146674965102
-0.18447856605052948 | [0.26] | -0.00670316816734767
-0.1728803515434265 | [0.25] | -0.00624907859272006
-0.1630784124135971 | [0.24] | -0.005786115082074291
-0.15512238442897797 | [0.23] | -0.005319146079353663
-0.14905454218387604 | [0.22] | -0.004852680461591937
-0.14491046965122223 | [0.21] | -0.004390893856430406
-0.14271953701972961 | [0.2] | -0.00393766369908163
-0.14250527322292328 | [0.19] | -0.003496607411680178
-0.14428551495075226 | [0.18] | -0.0030711162608782414
-0.14807231724262238 | [0.16] | -0.002664379868925238
-0.15387165546417236 | [0.15] | -0.0022793965506591476
-0.1616828590631485 | [0.14] | -0.0019189655816500763
-0.1714978963136673 | [0.13] | -0.0015856589614301354
-0.18330040574073792 | [0.11] | -0.0012817720533833735
-0.19706453382968903 | [0.1] | -0.00100925283915953
-0.21275366842746735 | [0.09] | -0.0007696144802438346
-0.2303190380334854 | [0.08] | -0.0005638349162382879
-0.24969837069511414 | [0.06] | -0.00039225238017946825
-0.2708145081996918 | [0.05] | -0.00025446876975843255
-0.2935743033885956 | [0.04] | -0.00014927217626599642
-0.317867636680603 | [0.03] | -7.459424189785611e-05
-0.3435668647289276 | [0.02] | -2.7515444677096523e-05
-0.3705267608165741 | [0.01] | -4.329557636340404e-06
-0.39858490228652954 | [-0.] | -6.737602151543476e-07
-0.4275627136230469 | [-0.01] | -1.172361922139773e-05
-0.4572671055793762 | [-0.02] | -3.244399365665865e-05
-0.48749274015426636 | [-0.02] | -5.787830978711403e-05
-0.518024742603302 | [-0.03] | -8.345141650537794e-05
-0.5486418604850769 | [-0.03] | -0.00010525780292541829
-0.5791199803352356 | [-0.03] | -0.00012030616832723329
-0.6092356443405151 | [-0.04] | -0.00012669678100562
-0.6387695074081421 | [-0.04] | -0.00012371536101334936
-0.6675093770027161 | [-0.03] | -0.0001118390332011867
-0.695253312587738 | [-0.03] | -9.266084595669438e-05
-0.7218116521835327 | [-0.03] | -6.874679746330315e-05
-0.7470088005065918 | [-0.02] | -4.34488775447748e-05
-0.7706843018531799 | [-0.01] | -2.0696796428769396e-05
-0.7926933765411377 | [-0.01] | -4.791173609777906e-06
-0.812906801700592 | [0.] | -2.165526334603395e-07
-0.8312105536460876 | [0.01] | -1.1486126089197925e-05
-0.8475049138069153 | [0.02] | -4.3023967752336795e-05
-0.8617035150527954 | [0.03] | -9.908474140949177e-05
-0.8737320899963379 | [0.04] | -0.00018370608886953316
-0.8835273385047913 | [0.05] | -0.0003006859195699414
-0.8910356760025024 | [0.07] | -0.0004535751553149448
-0.8962123990058899 | [0.08] | -0.0006456751258055904
-0.8990206718444824 | [0.09] | -0.000880030678499125
-0.8994311690330505 | [0.11] | -0.0011594084350161217
-0.8974218368530273 | [0.12] | -0.0014862534348035865
-0.892977774143219 | [0.14] | -0.001862617878196883
-0.8860918283462524 | [0.15] | -0.002290055951709805
-0.876765251159668 | [0.17] | -0.002769484307926152
-0.8650087714195251 | [0.18] | -0.0033010080492319005
-0.8508439660072327 | [0.2] | -0.0038837166176131505
-0.8343048691749573 | [0.21] | -0.004515459789543019
-0.8154398202896118 | [0.23] | -0.005192617753266085
-0.7943133115768433 | [0.24] | -0.005909884933830796
-0.7710077166557312 | [0.26] | -0.006660098586225682
-0.7456251978874207 | [0.27] | -0.007434137236153451
-0.7182888984680176 | [0.29] | -0.00822092469795984
-0.68914395570755 | [0.3] | -0.009007572104611151
-0.6583576798439026 | [0.31] | -0.009779674953056993
-0.6261188983917236 | [0.32] | -0.010521780066860905
-0.59263676404953 | [0.33] | -0.011218000223279824
-0.5581381320953369 | [0.34] | -0.011852757439579595
-0.5228644609451294 | [0.35] | -0.012411577992993427
-0.4870678782463074 | [0.36] | -0.012881885385357936
-0.45100635290145874 | [0.36] | -0.013253692528461904
-0.41493889689445496 | [0.37] | -0.01352013608746118
-0.37912046909332275 | [0.37] | -0.013677774076202279
-0.3437972664833069 | [0.37] | -0.01372663687161386
-0.3092024028301239 | [0.37] | -0.013670026588410168
-0.27555230259895325 | [0.37] | -0.013514098280674777
-0.24304413795471191 | [0.36] | -0.013267290443097605
-0.2118539959192276 | [0.36] | -0.012939663305537375
-0.18213611841201782 | [0.35] | -0.01254222622313346
-0.15402300655841827 | [0.35] | -0.012086311354123773
-0.12762625515460968 | [0.34] | -0.011583034620479694
-0.10303796827793121 | [0.33] | -0.01104287771743084
-0.08033272624015808 | [0.32] | -0.010475392458710762
-0.05956975370645523 | [0.31] | -0.009889028989640832
-0.04079526290297508 | [0.3] | -0.0092910672574243
-0.024044854566454887 | [0.29] | -0.008687631447118585
-0.009345822967588902 | [0.28] | -0.008083774922740976
0.0032806708477437496 | [0.27] | -0.007483602226232915
0.013817628845572472 | [0.26] | -0.006890421121492342
0.022250479087233543 | [0.25] | -0.006306907648244541
0.028565598651766777 | [0.24] | -0.0057352710184793475
0.03274912014603615 | [0.23] | -0.005177414850830341
0.034786004573106766 | [0.22] | -0.00463508776019252
0.034659430384635925 | [0.2] | -0.004110018776212234
0.03235045447945595 | [0.19] | -0.0036040362617993506
0.027838008478283882 | [0.18] | -0.0031191663168175718
0.021099193021655083 | [0.16] | -0.002657708292224543
0.01210992131382227 | [0.15] | -0.002222282379594942
0.0008459090604446828 | [0.13] | -0.0018158457297932436
-0.012715965509414673 | [0.12] | -0.0014416692180009973
-0.02859591692686081 | [0.11] | -0.0011032706264248952
-0.0468091182410717 | [0.09] | -0.0008042952555081771
-0.0673631876707077 | [0.07] | -0.0005483414131934256
-0.09025530517101288 | [0.06] | -0.000338726188103872
-0.11546903848648071 | [0.04] | -0.00017819747632984322
-0.1429709494113922 | [0.03] | -6.860120895884094e-05
-0.17270711064338684 | [0.01] | -1.0525777894804959e-05
-0.2045997679233551 | [-0.01] | -2.9564964345541276e-06
-0.23854424059391022 | [-0.02] | -4.298309812412194e-05
-0.2744064927101135 | [-0.04] | -0.00012561210434686022
-0.3120215833187103 | [-0.05] | -0.00024373656846074068
-0.3511931300163269 | [-0.06] | -0.00038830726642758025
-0.3916943073272705 | [-0.07] | -0.0005487295368698523
-0.43327027559280396 | [-0.08] | -0.0007134775498076636
-0.4756421446800232 | [-0.09] | -0.0008708815306048636
-0.5185124278068542 | [-0.1] | -0.0010100025869420816
-0.5615715980529785 | [-0.11] | -0.0011214892696654653
-0.6045054197311401 | [-0.11] | -0.0011982993209088003
-0.647002637386322 | [-0.11] | -0.0012361871468129382
-0.6887620687484741 | [-0.11] | -0.0012338968294353088
-0.7294994592666626 | [-0.11] | -0.001193050094646848
-0.7689527869224548 | [-0.11] | -0.0011177686624992632
-0.8068862557411194 | [-0.1] | -0.001014105149802937
-0.8430927991867065 | [-0.09] | -0.0008893866215223992
-0.8773950338363647 | [-0.09] | -0.0007515564644007891
-0.9096447229385376 | [-0.08] | -0.0006085959682053921
-0.9397212862968445 | [-0.07] | -0.0004680761107410313
-0.967529296875 | [-0.06] | -0.0003368562134121481
-0.9929954409599304 | [-0.05] | -0.00022092867232611937
-1.016065001487732 | [-0.04] | -0.00012538830069621642
-1.036698579788208 | [-0.02] | -5.4498150755125443e-05
-1.054868459701538 | [-0.01] | -1.18202929310736e-05
-1.070555329322815 | [0.] | -3.844636683375067e-07
-1.0837453603744507 | [0.02] | -2.2871257113031185e-05
-1.0944277048110962 | [0.03] | -8.179321409535335e-05
-1.1025922298431396 | [0.04] | -0.0001796621285976318
-1.1082276105880737 | [0.06] | -0.0003191349523635978
-1.1113200187683105 | [0.07] | -0.0005031336500575201
-1.1118521690368652 | [0.09] | -0.0007349349245613055
-1.1098026037216187 | [0.1] | -0.001018226973445302
-1.1051456928253174 | [0.12] | -0.0013571277758024779
-1.0978516340255737 | [0.13] | -0.0017561600380609048
-1.0878876447677612 | [0.15] | -0.002220172010254649
-1.0752187967300415 | [0.17] | -0.002754196656495328
-1.0598098039627075 | [0.18] | -0.003363235177875063
-1.0416275262832642 | [0.2] | -0.004051951967656764
-1.0206435918807983 | [0.22] | -0.004824271547208487
-0.9968381524085999 | [0.24] | -0.0056828690974545125
-0.9702036380767822 | [0.26] | -0.006628562531692374
-0.9407492876052856 | [0.28] | -0.007659620605715291
-0.9085062146186829 | [0.3] | -0.008771028564464255
-0.8735321760177612 | [0.32] | -0.009953780164471803
-0.8359165787696838 | [0.33] | -0.011194290524133642
-0.7957847118377686 | [0.35] | -0.01247404959494197
-0.7533010840415955 | [0.37] | -0.01376964935148916
-0.7086712718009949 | [0.39] | -0.01505330690398881
-0.6621416211128235 | [0.4] | -0.016293954187478456
-0.6139971017837524 | [0.42] | -0.01745890678639349
-0.5645561218261719 | [0.43] | -0.018515994717780895
-0.5141632556915283 | [0.44] | -0.019435950865479813
-0.4631798565387726 | [0.45] | -0.020194749497828655
-0.4119730591773987 | [0.46] | -0.020775561087621335
-0.36090418696403503 | [0.46] | -0.021170034870243104
-0.3103174865245819 | [0.46] | -0.021378706694638327
-0.26052990555763245 | [0.46] | -0.021410517183506877
-0.2118227332830429 | [0.46] | -0.021281552041590608
-0.16443556547164917 | [0.46] | -0.021013240896864405
-0.1185627207159996 | [0.45] | -0.020630327748214633
-0.07435208559036255 | [0.45] | -0.020158883548305747
-0.03190603852272034 | [0.44] | -0.019624587167055372
0.008715947158634663 | [0.44] | -0.019051401020681112
0.04749350622296333 | [0.43] | -0.018460700837205912
0.08444088697433472 | [0.42] | -0.017870815681563467
0.11960215866565704 | [0.42] | -0.01729691431757258
0.15304648876190186 | [0.41] | -0.016751152650709585
0.1848636418581009 | [0.4] | -0.016242987232841788
0.2151600569486618 | [0.4] | -0.015779578887322798
0.24405528604984283 | [0.39] | -0.01536623456091111
0.27167919278144836 | [0.39] | -0.015006837780388534
0.2981695830821991 | [0.38] | -0.01470425005327284
0.3236704170703888 | [0.38] | -0.014460666075332444
0.3483304977416992 | [0.38] | -0.014277927754818915
0.3723025918006897 | [0.38] | -0.014157788800246344
0.39574292302131653 | [0.38] | -0.014102143904570215
0.41881096363067627 | [0.38] | -0.01411322798879339
0.4416694939136505 | [0.38] | 99.98580621230849
Total reward: 98.08550696639948
