3.6, 0.3, 0.9, 4.6, 2.5, 0.5, -1.4, -2.5, 3.2, -4.2, 0.2, 4.5, -5.5, 3.0, 4.5, -0.4, -4.8, -3.8, -1.5, 2.5, -2.5, -2.5, -1.0, -4.5, 2.2, -3.0, -0.5, 5.3, 1.8, 3.2, 6.0, 1.8, -5.0, 6.0, 2.0, -0.4
parameter ends

state | action | reward
[1.25] | [10.46  2.41  0.78] | 0.8932698492603053
1.2457958352801015 | [17.26  3.98 -4.85] | 0.6701040834209597
1.2447887050916306 | [8.84 1.45 2.78] | 0.9195014370267168
1.243153632287895 | [17.44  3.58 -4.42] | 0.6709640735331228
1.2408915322379992 | [8.99 1.07 3.24] | 0.9144444519243808
1.2380021088076605 | [17.57  3.21 -3.95] | 0.6717931623447617
1.2344858963961043 | [9.11 0.71 3.7 ] | 0.9079722127801458
1.23034307587885 | [17.64  2.83 -3.5 ] | 0.6732340021089863
1.2255734837069954 | [9.22 0.34 4.15] | 0.9010845034573312
1.2201774897433806 | [17.7   2.45 -3.07] | 0.6786973318153895
1.2142927007459232 | [ 8.38 -0.19  5.02] | 0.9406749712051763
1.2092766940508102 | [11.52  0.86 -1.57] | 0.9772323231206718
1.2052954257351811 | [ 4.68 -1.3   7.82] | 1.040274240008451
1.2022927326305142 | [ 7.02  0.15 -0.87] | 0.9987982534166187
1.200724978109353 | [3.83 0.03 4.05] | 1.018509527924011
1.2001596109375692 | [10.03  1.77 -3.04] | 1.0120622409771183
1.2002717342187383 | [8.32 1.31 4.53] | 1.1759671856204732
1.2009109180531279 | [18.3   3.54 -1.22] | 0.969571437141495
1.2019480924793324 | [8.87 1.57 4.59] | 1.0989989422625135
1.2032207105156925 | [13.4   2.89 -2.98] | 0.9402111189597357
1.2046131741475892 | [5.59 1.24 3.23] | 1.0507975589274974
1.2060286630483086 | [12.51  2.99 -3.93] | 0.8978833045048629
1.207381344625321 | [5.51 1.34 2.77] | 1.0247163169996525
1.2086328123799106 | [13.12  3.2  -4.33] | 0.869960844574929
1.2096543756262288 | [5.32 0.99 3.08] | 1.0444138516516601
1.2103171196663653 | [13.06  2.88 -3.94] | 0.9071143368934708
1.2106517855232266 | [4.83 0.41 3.75] | 1.077301350534154
1.2106316612685877 | [12.39  2.29 -3.2 ] | 0.936106925469324
1.2106527515085443 | [6.29 1.01 3.21] | 1.0417480863953845
1.2107200485227612 | [13.8   2.84 -3.8 ] | 0.876793121019267
1.210797125165159 | [7.34 1.4  2.71] | 1.0167428142052672
1.2108966144082005 | [14.71  3.2  -4.31] | 0.8340526173442451
1.21097918442446 | [8.01 1.65 2.34] | 0.9997420883901462
1.2110666234747296 | [15.28  3.43 -4.67] | 0.823827372120862
1.2109111993439725 | [6.91 0.96 3.06] | 1.048852164199315
1.21049875101528 | [14.1   2.75 -3.83] | 0.8823955678657397
1.210165206993051 | [7.59 1.32 2.71] | 1.0271674539435371
1.2099388552995622 | [14.69  3.07 -4.22] | 0.8496975959179837
1.2097946038293725 | [8.09 1.59 2.33] | 1.0120523562629593
1.209741160371319 | [15.15  3.33 -4.61] | 0.8435914174172003
1.2095160666836546 | [6.88 0.94 3.09] | 1.0619449596484114
1.2091228525788527 | [13.91  2.69 -3.78] | 0.9011191802974563
1.2088875163792103 | [7.54 1.33 2.64] | 1.04147568385022
1.2087979360192804 | [14.56  3.06 -4.28] | 0.8679491519414683
1.2088033231996866 | [7.92 1.55 2.29] | 1.0313979472215153
1.2088990743400183 | [14.96  3.29 -4.65] | 0.8649124316323205
1.208837520447939 | [6.72 0.91 3.02] | 1.0803968383512141
1.2086006436652441 | [13.77  2.67 -3.86] | 0.9213878553512951
1.2084991546360249 | [7.34 1.26 2.59] | 1.0627811589363065
1.2085204552182065 | [14.4   3.   -4.34] | 0.8960325808055916
1.2085487669347605 | [7.35 1.27 2.51] | 1.067866944000115
1.2085984868917659 | [14.44  3.01 -4.43] | 0.9104509925777133
1.208504284102464 | [6.64 0.87 2.95] | 1.099050277119434
1.2083463926358964 | [13.72  2.62 -3.97] | 0.9398766342947157
1.2083048132668532 | [7.28 1.21 2.47] | 1.0824063148007967
1.2083706096095497 | [14.39  2.96 -4.48] | 0.9101390659947245
1.208473299713404 | [7.57 1.34 2.19] | 1.0787861783948585
1.2086080055307018 | [14.7   3.09 -4.77] | 0.91481346946902
1.208545663751162 | [6.31 0.62 2.98] | 1.1301951779340607
1.2082491937014002 | [13.39  2.38 -3.93] | 0.9749747950546979
1.2080898928702835 | [7.11 1.04 2.43] | 1.1096806819387552
1.2080582249535554 | [14.25  2.79 -4.53] | 0.9372175047587971
1.2081012494882108 | [7.67 1.31 1.97] | 1.0984120955153776
1.20821818594029 | [14.8   3.05 -5.  ] | 0.9250742594428796
1.2081945922058523 | [6.77 0.77 2.49] | 1.139750695697471
1.2079721912934018 | [13.87  2.52 -4.43] | 0.9723794707178754
1.2078576669110939 | [7.46 1.12 1.99] | 1.1233994233845648
1.2078470532802532 | [14.59  2.86 -4.97] | 0.9426700878808066
1.2078698207916625 | [7.78 1.25 1.69] | 1.1213122802717255
1.2079246384292863 | [14.91  2.99 -5.28] | 0.9484394625197956
1.207779465690165 | [6.52 0.53 2.46] | 1.1754935385475027
1.2073997673164156 | [13.58  2.27 -4.45] | 1.0127387272069315
1.2071608007475105 | [7.32 0.94 1.87] | 1.1576832628572074
1.2070536073536844 | [14.44  2.67 -5.08] | 0.9771191570242936
1.2070236250892814 | [7.87 1.19 1.39] | 1.1494209597734624
1.2070710416747452 | [15.    2.93 -5.58] | 0.9663820853574316
1.2069875008871003 | [7.16 0.75 1.77] | 1.1871980585052722
1.2067611100671052 | [14.25  2.49 -5.17] | 1.0075908169040428
1.2066247858215575 | [7.76 1.04 1.28] | 1.1769723522329283
1.2065777263981177 | [14.89  2.77 -5.68] | 0.9985881972564111
1.206363918350579 | [7.08 0.62 1.66] | 1.2139816113830653
1.206072853402248 | [14.14  2.35 -5.29] | 1.0354803426094652
1.205884058627162 | [7.72 0.93 1.11] | 1.2040001879541753
1.2057944373293796 | [14.84  2.66 -5.86] | 1.015566287122108
1.2056636917584058 | [7.65 0.83 1.04] | 1.2209964398258921
1.2055096568347186 | [14.76  2.56 -5.93] | 1.0410671736326214
1.2052090391835353 | [7.17 0.53 1.27] | 1.251822597024009
1.2048812129293527 | [14.24  2.25 -5.69] | 1.0682142379110784
1.2046521315541476 | [7.82 0.82 0.68] | 1.2338623947830087
1.204484785848002 | [12.63  1.91 -4.  ] | 1.1083982920739093
1.2044029460205157 | [6.43 0.6  2.13] | 1.2332452546285817
1.2044017914777725 | [13.73  2.35 -4.95] | 1.0628564739858075
1.204429798772298 | [7.31 0.92 1.36] | 1.2210411456568722
1.2044882861985375 | [14.67  2.68 -5.7 ] | 1.0268658668771409
1.2045271685691343 | [8.   1.13 0.77] | 1.2064493008841464
1.2045373956677607 | [13.63  2.43 -4.6 ] | 1.0546385242156506
1.2045316846355427 | [7.13 0.96 1.73] | 1.2076293936547375
1.2045253286928383 | [14.55  2.73 -5.36] | 1.0279311482143354
1.2043224834355462 | [7.13 0.77 1.6 ] | 1.225061787371904
1.2040076550993348 | [14.47  2.54 -5.44] | 1.0359939329659198
1.2037123336910798 | [7.99 1.08 0.92] | 1.2106701076933308
1.2034470680969085 | [14.69  2.66 -5.52] | 1.0259672492777963
1.203185597633002 | [8.1  1.15 0.87] | 1.2060160301668712
1.2029379633363908 | [14.42  2.64 -5.22] | 1.043424954052916
1.2025200253300456 | [7.13 0.74 1.66] | 1.2339039014759638
1.2020605147392855 | [14.39  2.49 -5.38] | 1.0496239019240874
1.2016553339528466 | [8.   1.07 0.89] | 1.2215308277519636
1.20130780103464 | [14.41  2.57 -5.31] | 1.0475346594851027
1.2009945315604915 | [7.93 1.11 0.97] | 1.2229722332043442
1.200728441540942 | [14.96  2.78 -5.84] | 1.028959496716706
1.2004653650541706 | [8.32 1.23 0.56] | 1.2106647883920105
1.2001864413875503 | [12.33  2.09 -3.27] | 1.1031423953463861
1.1999559039388115 | [6.18 0.78 2.71] | 1.2176795223581545
1.199777405389579 | [13.63  2.55 -4.42] | 1.0548748080715296
1.199605167700313 | [7.27 1.14 1.73] | 1.2068510194626556
1.1994509386826562 | [14.73  2.9  -5.37] | 1.015931748078739
1.1992666970583001 | [8.14 1.38 0.96] | 1.1996132294201962
1.1990732061684786 | [15.21  3.05 -5.81] | 1.000758234359254
1.1988325040388854 | [8.49 1.45 0.62] | 1.1903723707920717
1.1985441431777797 | [13.04  2.45 -3.68] | 1.0678776101335377
1.1982611188647303 | [6.73 1.05 2.4 ] | 1.2016768158088404
1.19799909925717 | [14.21  2.82 -4.71] | 1.0269106197577509
1.197715717926053 | [7.71 1.34 1.51] | 1.1868338488252421
1.197341761580571 | [15.43  3.19 -5.59] | 0.9765114188574374
1.19688772929521 | [8.74 1.61 0.74] | 1.1734961816403398
1.1964377639737238 | [14.06  2.8  -4.45] | 1.0303194565426055
1.1959783466622766 | [7.5  1.28 1.81] | 1.1969176294661021
1.1955527212612942 | [14.81  3.   -5.25] | 1.01187562764683
1.1951330654620993 | [8.23 1.47 1.04] | 1.2006896681267292
1.1947451822175295 | [15.48  3.18 -6.01] | 1.0121055967412738
1.1940896417621678 | [7.19 0.76 1.57] | 1.2639329442575318
1.1931994890742672 | [14.36  2.46 -5.41] | 1.0858871637367635
1.1924273316018874 | [8.11 1.09 0.68] | 1.2544547181185692
1.1917540066829326 | [12.92  2.15 -4.01] | 1.1325230317781374
1.1911987149053083 | [6.86 0.87 1.84] | 1.269048737465177
1.1907554528442272 | [14.16  2.59 -5.24] | 1.0945205994191238
1.1903606755501455 | [7.82 1.17 0.82] | 1.263480232621757
1.1900078181308122 | [13.86  2.54 -4.96] | 1.1069914499352493
1.1896803731089787 | [7.51 1.12 1.08] | 1.2728338343870895
1.189384260179973 | [14.93  2.86 -6.01] | 1.074911284694826
1.1890593458009076 | [8.33 1.31 0.25] | 0.24753535983013925
Total reward: 146.44073094901086
3.6, 0.3, 0.9, 4.6, 2.5, 0.5, -1.4, -2.5, 3.2, -4.2, 0.2, 4.5, -5.5, 3.0, 4.5, -0.4, -4.8, -3.8, -1.5, 2.5, -2.5, -2.5, -1.0, -4.5, 2.2, -3.0, -0.5, 5.3, 1.8, 3.2, 6.0, 1.8, -5.0, 6.0, 2.0, -0.4
parameter ends

state | action | reward
[1.25] | [10.58  2.35  0.72] | 0.9384200178961959
1.2470423619548494 | [18.65  4.25 -3.78] | 0.6605466758586387
1.2460036534148766 | [9.14 1.54 3.58] | 0.9226720588421866
1.2443564017288165 | [17.17  3.54 -3.79] | 0.6897070546976847
1.2420922126386353 | [8.45 0.97 3.76] | 0.9200312904528459
1.2392052564606635 | [16.92  3.07 -3.49] | 0.6969736547560983
1.2356929207546254 | [8.44 0.54 4.13] | 0.9146539774088733
1.231554206268319 | [16.97  2.64 -3.1 ] | 0.6991656280433088
1.2267878905418859 | [8.6  0.14 4.55] | 0.908528800141894
1.2213942447064245 | [17.1   2.24 -2.7 ] | 0.6994153633608802
1.2153723558071556 | [ 8.79 -0.24  4.97] | 0.9129926509744968
1.2097031507775098 | [11.74  0.76 -1.71] | 0.9376250087152737
1.2052632807084762 | [ 6.8  -0.38  6.29] | 1.015632778101238
1.2023639125955488 | [11.29  1.35 -1.52] | 0.9844435228870587
1.2008053100578824 | [7.   0.8  4.78] | 1.0318835623478007
1.200244869608392 | [12.78  2.39 -2.1 ] | 0.9179611933562348
1.2004119633748869 | [6.58 1.35 3.73] | 1.0131844554829972
1.2010654810385284 | [13.09  3.   -3.09] | 0.8771006119830186
1.2020472957459165 | [6.76 1.71 3.17] | 0.9948748519730191
1.203229030837342 | [13.73  3.45 -3.75] | 0.8377088730528273
1.2044963285092984 | [7.03 1.91 2.86] | 0.9819590762842648
1.2057912139735376 | [14.27  3.69 -4.13] | 0.8108237092312087
1.207030893827551 | [7.23 1.96 2.76] | 0.9752588164209065
1.208193221522528 | [14.6   3.77 -4.27] | 0.8056506578888114
1.2091251989149732 | [6.42 1.39 3.29] | 1.0098106058682714
1.2097342280906822 | [13.85  3.23 -3.66] | 0.8630982086574097
1.2100832839546845 | [5.5  0.76 4.06] | 1.0433154899782717
1.2101328338397532 | [12.86  2.6  -2.86] | 0.9245811366849912
1.2099512869639357 | [4.68 0.22 4.82] | 1.067118538645373
1.209550426985713 | [11.9   2.03 -2.11] | 0.9476352332207154
1.2093253169452045 | [6.07 0.93 4.03] | 1.0269727430833107
1.2092597457273848 | [13.34  2.72 -2.96] | 0.8798870292284237
1.2093032932379166 | [7.11 1.42 3.34] | 0.9972136912995158
1.2094461455784569 | [14.35  3.2  -3.67] | 0.8277220147043366
1.209634340244179 | [7.8  1.73 2.83] | 0.9754640345598639
1.2098696440359975 | [15.02  3.51 -4.18] | 0.7912717359207697
1.2101002572913022 | [8.21 1.91 2.51] | 0.9620049560105134
1.21034039096512 | [15.41  3.69 -4.48] | 0.7856587492160295
1.2103631134207475 | [7.05 1.23 3.23] | 1.0106978466046777
1.2101355155491889 | [14.22  3.02 -3.65] | 0.8620723093363458
1.209771048645717 | [6.63 1.   3.63] | 1.0269980634209648
1.2094126441378035 | [13.72  2.77 -3.26] | 0.8730264468102906
1.2092026721904723 | [7.4  1.43 3.11] | 1.0020435098818525
1.2091336370221644 | [14.46  3.18 -3.83] | 0.833573733147712
1.2091525926012523 | [7.86 1.69 2.72] | 0.9877900875106503
1.2092589611444908 | [14.93  3.44 -4.23] | 0.8161562354900719
1.2093100379922677 | [7.48 1.49 2.9 ] | 1.005830725211272
1.2093014106707836 | [14.56  3.24 -4.02] | 0.8530259745317554
1.209127610187937 | [6.3  0.85 3.69] | 1.050860576552813
1.2087860367404604 | [13.35  2.61 -3.19] | 0.9044191275238782
1.2086118893624829 | [7.07 1.29 3.17] | 1.0272615664453089
1.2085884211464029 | [14.14  3.04 -3.77] | 0.8649173121655265
1.208661376783396 | [7.58 1.56 2.75] | 1.0134553341402195
1.2088241709420717 | [14.67  3.31 -4.2 ] | 0.8444472336340055
1.20895326014018 | [7.34 1.42 2.83] | 1.0270403864559647
1.2090262018749138 | [14.45  3.18 -4.1 ] | 0.8745429711040092
1.208919931191929 | [6.2  0.78 3.58] | 1.0715208123755982
1.2086327688404253 | [13.27  2.54 -3.31] | 0.9247077755337085
1.2084979142965326 | [7.   1.22 3.05] | 1.048363442560577
1.2085015918562778 | [14.11  2.97 -3.9 ] | 0.8847490255588585
1.2085897196869497 | [7.54 1.5  2.61] | 1.034701501520049
1.2087582735780171 | [14.66  3.24 -4.36] | 0.8654758789463196
1.2088605688904337 | [7.24 1.3  2.74] | 1.05221080766493
1.2088907190552283 | [14.37  3.06 -4.2 ] | 0.8972393464688512
1.208766714727643 | [6.58 0.92 3.17] | 1.0809177908755547
1.208575246158675 | [13.69  2.68 -3.75] | 0.9237491803726517
1.2085005934680884 | [7.28 1.28 2.67] | 1.0622271372127916
1.2085362373932056 | [14.4   3.03 -4.29] | 0.8903916718797354
1.2086298964651736 | [7.73 1.5  2.28] | 1.0523938955794527
1.2087839439746801 | [14.85  3.25 -4.69] | 0.886803866795645
1.2087375279530501 | [6.47 0.78 3.06] | 1.104873397719898
1.208456076713346 | [13.57  2.54 -3.85] | 0.9480599495879691
1.2083026379869781 | [7.22 1.17 2.55] | 1.0853227921281652
1.2082703080683166 | [14.34  2.92 -4.4 ] | 0.9132949560081338
1.2083073422309418 | [7.72 1.41 2.13] | 1.0754301120860512
1.2084150553906938 | [14.84  3.15 -4.84] | 0.9089720489524404
1.2083252475550927 | [6.45 0.69 2.91] | 1.1287700263245144
1.2080025893065087 | [13.53  2.44 -4.  ] | 0.9713562463689962
1.207818836531152 | [7.23 1.1  2.35] | 1.1097259550012661
1.2077648062180484 | [14.35  2.84 -4.6 ] | 0.9354664381093962
1.2077867214447535 | [7.76 1.34 1.9 ] | 1.100089447041896
1.207884369982388 | [14.88  3.08 -5.07] | 0.9264461744443183
1.207829024193682 | [6.95 0.86 2.35] | 1.1393012291011926
1.2076321817927378 | [14.06  2.61 -4.57] | 0.9685806576817225
1.207532921038096 | [7.57 1.17 1.88] | 1.1262011038395647
1.2075289428716505 | [14.7   2.91 -5.08] | 0.9552113567503824
1.2073908444664028 | [6.99 0.82 2.19] | 1.1575739940817988
1.2071786854220532 | [14.09  2.56 -4.75] | 0.9852745512279834
1.2070658964162015 | [7.61 1.12 1.68] | 1.1459733733655872
1.2070496534841009 | [14.74  2.86 -5.29] | 0.9690830208862292
1.206939195269143 | [7.31 0.9  1.8 ] | 1.1691407007756325
1.2067934752126481 | [14.42  2.64 -5.15] | 0.992015284820439
1.206663488338005 | [7.51 0.97 1.56] | 1.1735035650322871
1.2065654106432864 | [14.63  2.71 -5.4 ] | 0.9970119015852636
1.206380579389661 | [7.23 0.77 1.66] | 1.195925769796372
1.2061683101611864 | [14.32  2.51 -5.29] | 1.0150883002471442
1.2060405394693892 | [7.8  1.04 1.15] | 1.1883632490003389
1.2059969122497982 | [14.93  2.77 -5.82] | 1.0084463107366344
1.2057729050746602 | [6.91 0.5  1.66] | 1.2335958392104875
1.205408520221502 | [13.97  2.23 -5.29] | 1.0577843440636963
1.2051606949766718 | [7.63 0.84 1.05] | 1.2224916732881344
1.2050237790875153 | [14.75  2.57 -5.92] | 1.0291367988693696
1.204941493889221 | [8.13 1.04 0.57] | 1.2068045116055515
1.204871408012689 | [12.13  1.91 -3.29] | 1.0995408583894664
1.204868710187163 | [5.93 0.6  2.81] | 1.2077400410711012
1.2049300835489447 | [13.29  2.37 -4.3 ] | 1.0504529900932797
1.2050090893328929 | [6.91 0.95 1.97] | 1.1930019799385119
1.2051068059995533 | [14.34  2.73 -5.11] | 1.0093853011752298
1.2051775545010737 | [7.72 1.2  1.32] | 1.1822476609869854
1.2052368120843302 | [15.11  2.97 -5.75] | 0.9908287559790819
1.2050751578993673 | [7.25 0.78 1.53] | 1.2163201194211841
1.2047009258275547 | [14.55  2.55 -5.47] | 1.0255679038953545
1.2043663811964216 | [8.08 1.1  0.9 ] | 1.2007340522591625
1.2040789963107197 | [14.61  2.65 -5.4 ] | 1.0203210919059502
1.203814193764967 | [8.05 1.15 0.99] | 1.2007640389074692
1.2035906301422528 | [15.19  2.86 -5.94] | 1.0161892584151686
1.2031232714033444 | [7.12 0.56 1.52] | 1.2494883641252932
1.2024907844735746 | [14.26  2.29 -5.45] | 1.067608104163547
1.2019692696551507 | [7.98 0.93 0.77] | 1.232227440582855
1.201540947735899 | [13.42  2.18 -4.52] | 1.0888193970336688
1.201207878467867 | [7.21 0.86 1.56] | 1.2352608951617092
1.2009716959233065 | [14.47  2.59 -5.49] | 1.0496816819795374
1.2007751929399406 | [8.   1.13 0.79] | 1.222749132279554
1.200606932588977 | [13.7   2.44 -4.7 ] | 1.07084224862841
1.2004664311472952 | [7.31 1.02 1.49] | 1.2268755920543157
1.2003615260417573 | [14.69  2.78 -5.59] | 1.0348309749852418
1.2002402475809661 | [8.07 1.24 0.78] | 1.2147921630617193
1.2001003495290037 | [13.77  2.55 -4.66] | 1.0619206347393284
1.1999500108629273 | [7.3  1.08 1.58] | 1.2202435554021287
1.199805288688272 | [14.73  2.85 -5.52] | 1.0279086709356355
1.199620310585461 | [8.07 1.28 0.87] | 1.2121133239379098
1.1994097970261666 | [14.51  2.79 -5.27] | 1.0497847590238911
1.1989341324936575 | [6.92 0.72 1.78] | 1.249924472333585
1.1983567792814493 | [14.26  2.48 -5.27] | 1.0689197911755544
1.1978297499710493 | [7.93 1.08 0.91] | 1.2385514844217804
1.1973610680588347 | [14.56  2.63 -5.47] | 1.0593917366193009
1.196920579306413 | [8.11 1.17 0.75] | 1.233732438653921
1.196506096576125 | [13.53  2.4  -4.46] | 1.090681331035722
1.1961303757801023 | [7.24 1.01 1.6 ] | 1.2420088278139993
1.1958034765498708 | [14.64  2.76 -5.49] | 1.0535019247023483
1.1954730640429734 | [8.11 1.26 0.74] | 1.230746320346047
1.1951390553334296 | [13.58  2.5  -4.46] | 1.0862954127225444
1.1948161252545557 | [7.24 1.08 1.61] | 1.2394366077694852
1.194517109691048 | [14.69  2.84 -5.49] | 1.0492980554688034
1.194191680320587 | [8.13 1.32 0.76] | 1.2288820341929143
1.1938460929941754 | [13.76  2.59 -4.58] | 1.079621692511969
1.1934930579263963 | [7.37 1.15 1.53] | 1.2362525984198247
1.193129207942838 | [14.9   2.94 -5.58] | 1.040222050041622
1.1927187784149296 | [8.31 1.39 0.68] | 1.2234672454052942
1.1922827925697868 | [13.28  2.49 -4.04] | 1.0926144833329094
1.1918575151383484 | [7.01 1.1  1.95] | 1.2201424886518113
1.191289861230105 | [15.11  3.07 -5.17] | 1.0111831441280992
1.1906154673159477 | [8.61 1.57 0.89] | 1.203002697823684
1.1899997688057682 | [14.92  3.01 -5.36] | 1.0301940167566432
1.1894161403391483 | [8.43 1.5  0.79] | 1.21690182329883
1.1888737637612485 | [14.11  2.78 -4.75] | 0.06673841336772313
Total reward: 159.11684719181355
3.6, 0.3, 0.9, 4.6, 2.5, 0.5, -1.4, -2.5, 3.2, -4.2, 0.2, 4.5, -5.5, 3.0, 4.5, -0.4, -4.8, -3.8, -1.5, 2.5, -2.5, -2.5, -1.0, -4.5, 2.2, -3.0, -0.5, 5.3, 1.8, 3.2, 6.0, 1.8, -5.0, 6.0, 2.0, -0.4
parameter ends

state | action | reward
[1.25] | [10.49  2.37  0.71] | 0.9682008504183465
1.2462269468942089 | [19.24  2.21 -5.86] | 0.6598864667012325
1.2451872113983984 | [9.34 0.62 2.69] | 0.934907050178539
1.243552858725485 | [17.09  3.22 -4.06] | 0.6906391690535146
1.2413096514799598 | [8.31 0.97 3.83] | 0.9160243815909408
1.2384468673666587 | [16.75  3.2  -3.27] | 0.6956355701154601
1.2349598722477846 | [8.28 0.73 4.4 ] | 0.9076654443213389
1.230846175544358 | [16.84  2.84 -2.83] | 0.6971988960195221
1.226104487594634 | [8.46 0.32 4.79] | 0.9022300358797917
1.2207349499258107 | [16.99  2.39 -2.47] | 0.6978684835675015
1.214736792456118 | [ 8.58 -0.14  5.2 ] | 0.9195779377608366
1.2092278426783705 | [11.85  0.9  -1.33] | 0.9341631762200976
1.2049311309094775 | [ 6.26 -0.37  6.46] | 1.0094755589080364
1.2021477685353497 | [10.84  1.36 -1.37] | 0.9911912443757086
1.200676499209384 | [6.92 0.84 5.04] | 1.031828540551256
1.2001798879607746 | [12.64  2.4  -1.89] | 0.9212170926542584
1.2003958069011254 | [6.42 1.35 3.91] | 1.0110637965884015
1.2010850369021084 | [12.94  3.   -2.93] | 0.8783231471399437
1.2020917064081933 | [6.61 1.71 3.3 ] | 0.9916224399160192
1.2032913029331904 | [13.61  3.45 -3.63] | 0.8372433254230108
1.2045710292071752 | [6.93 1.91 2.97] | 0.9779506520825036
1.2058737990113506 | [14.19  3.7  -4.03] | 0.8087472119177617
1.2071177363372416 | [7.17 1.97 2.84] | 0.9704571601873603
1.2082810019316166 | [14.56  3.78 -4.19] | 0.8021038278338348
1.2092096719658512 | [6.39 1.4  3.36] | 1.0045031928212906
1.209810904608558 | [13.84  3.25 -3.6 ] | 0.8586855086490685
1.210148246418977 | [5.48 0.77 4.12] | 1.0377503766054377
1.2101835432596681 | [12.86  2.62 -2.8 ] | 0.9180529710604589
1.2100062700357532 | [5.15 0.5  4.58] | 1.0477760277075072
1.2097379614037524 | [12.4   2.31 -2.36] | 0.9191257848191001
1.2096049868472782 | [6.37 1.1  3.88] | 1.011837162251673
1.209597403202689 | [13.65  2.89 -3.11] | 0.8590229569865534
1.2096674463962103 | [7.26 1.52 3.29] | 0.9855536905536042
1.2098122727185634 | [14.5   3.29 -3.72] | 0.8141241166290402
1.2099819155263398 | [7.84 1.78 2.86] | 0.9672315054501787
1.2101844044613546 | [15.05  3.55 -4.14] | 0.7894753173487917
1.210303832295171 | [7.68 1.64 2.92] | 0.9771530199632993
1.2103332169738472 | [14.86  3.41 -4.03] | 0.8165014405133051
1.2101581823955219 | [6.48 0.95 3.73] | 1.0238117171610566
1.2097537759055361 | [13.6   2.73 -3.14] | 0.8714259284312404
1.2094942719992599 | [7.3  1.41 3.25] | 0.9962763193523873
1.2093753650820587 | [14.38  3.16 -3.68] | 0.830368444857889
1.2093470893536076 | [7.79 1.68 2.86] | 0.9808591610513262
1.2094101015109533 | [14.86  3.43 -4.09] | 0.8160411339404586
1.2093731252763005 | [7.21 1.37 3.19] | 1.0060454369343366
1.209268488782994 | [14.28  3.12 -3.72] | 0.8527573218017923
1.2091120741792116 | [6.9  1.21 3.4 ] | 1.0200666428243825
1.2089559014139384 | [13.96  2.96 -3.51] | 0.862744113324627
1.2089155090339359 | [7.44 1.52 2.99] | 1.0036466305725422
1.2089827871516492 | [14.5   3.26 -3.95] | 0.8465212070039383
1.208960124266477 | [6.89 1.22 3.31] | 1.0279005381690163
1.2088748951331643 | [13.96  2.97 -3.6 ] | 0.869419308289901
1.2088886753152013 | [7.4  1.5  2.93] | 1.012713537033858
1.2089954802515785 | [14.49  3.25 -4.02] | 0.8604980776488547
1.2089351433594022 | [6.27 0.87 3.64] | 1.0572621008884415
1.2086919227935151 | [13.35  2.63 -3.26] | 0.9102735600016068
1.2085923576177589 | [7.02 1.28 3.13] | 1.0352780115549478
1.208623323916062 | [14.12  3.03 -3.82] | 0.8725867173422376
1.2087315849115263 | [7.52 1.54 2.72] | 1.0224184081085559
1.208913996750049 | [14.64  3.29 -4.24] | 0.8615722652636748
1.2089463745555113 | [6.71 1.07 3.2 ] | 1.0576864345888624
1.208837841377055 | [13.84  2.83 -3.71] | 0.8985228691838737
1.208824339873118 | [7.33 1.39 2.78] | 1.040245575984841
1.2089025243853955 | [14.45  3.14 -4.17] | 0.8850706098172828
1.2088211975748786 | [6.64 0.99 3.19] | 1.0706033497794734
1.208666449976553 | [13.76  2.75 -3.73] | 0.912739600616659
1.2086192063688352 | [7.31 1.33 2.72] | 1.0528148405327145
1.2086743043630441 | [14.42  3.08 -4.24] | 0.8824830882660192
1.2087622052319373 | [7.6  1.46 2.44] | 1.048626606288947
1.208880707632649 | [14.72  3.21 -4.52] | 0.8870471139955509
1.2088026121583504 | [6.34 0.75 3.22] | 1.0999571236204149
1.2084927284913483 | [13.43  2.51 -3.68] | 0.9469743781162777
1.2083216447831322 | [7.13 1.16 2.69] | 1.079141892323065
1.2082804857316378 | [14.25  2.91 -4.26] | 0.9098709298869131
1.2083167127405035 | [7.66 1.42 2.25] | 1.0679494508912084
1.2084298723270104 | [14.78  3.16 -4.72] | 0.9004586329929432
1.2083835232317044 | [6.66 0.84 2.84] | 1.1123696967113361
1.2081424790067803 | [13.76  2.59 -4.07] | 0.9508575738919007
1.2080209179142398 | [7.36 1.2  2.34] | 1.094948282630161
1.2080128247529818 | [14.48  2.94 -4.62] | 0.9186243889955308
1.2080654507627233 | [7.82 1.42 1.93] | 1.0868470257592975
1.2081814465003502 | [14.94  3.16 -5.04] | 0.9162793664933646
1.2080976330580422 | [6.55 0.69 2.7 ] | 1.1412649227587373
1.2077791154598283 | [13.64  2.44 -4.21] | 0.9803732412656545
1.2075910198994027 | [7.3  1.08 2.17] | 1.124080227575455
1.2075258572187981 | [14.42  2.81 -4.79] | 0.9471155530383497
1.207530697865588 | [7.81 1.31 1.73] | 1.1162238619298575
1.207606872336014 | [14.93  3.04 -5.24] | 0.9439307693031047
1.2074829462360723 | [6.65 0.64 2.42] | 1.1676762676952306
1.2071619094552242 | [13.73  2.38 -4.51] | 1.0027156416598202
1.206967903674442 | [7.39 1.01 1.85] | 1.1523853393065435
1.2068937157852462 | [14.52  2.75 -5.11] | 0.9706027778770028
1.2068852155465672 | [7.9  1.24 1.4 ] | 1.1459776897356209
1.2069443822685195 | [15.03  2.97 -5.58] | 0.9682260804138905
1.2067986398784636 | [6.75 0.57 2.08] | 1.1987324133421384
1.2064519757641388 | [13.82  2.31 -4.85] | 1.0289057146972223
1.2062277585813854 | [7.49 0.93 1.5 ] | 1.1849310989525175
1.2061197897085358 | [14.62  2.66 -5.47] | 0.9981047874609155
1.2060732833105787 | [8.   1.14 1.03] | 1.1802872211243167
1.2060913879700221 | [15.13  2.87 -5.95] | 0.9967181250485571
1.2059007295424482 | [6.74 0.41 1.78] | 1.2384527030769155
1.2054680250196241 | [13.79  2.14 -5.16] | 1.0661617960969678
1.2051662899709075 | [7.52 0.79 1.15] | 1.2249476998516489
1.2049879291764092 | [14.63  2.51 -5.82] | 1.0344479855531772
1.20487634849232 | [8.07 1.01 0.63] | 1.209875451571638
1.204794204625144 | [12.54  2.01 -3.69] | 1.09123215652117
1.2047792018171042 | [6.28 0.67 2.46] | 1.2115122154100382
1.2048290624064422 | [13.61  2.43 -4.63] | 1.0459959007864246
1.20489532169929 | [7.16 0.99 1.69] | 1.198878760466943
1.2049809454085865 | [14.55  2.76 -5.38] | 1.00968242464635
1.2050388997350379 | [7.87 1.2  1.1 ] | 1.1906994291255177
1.2050858791971166 | [15.22  2.96 -5.96] | 1.0011095170205682
1.2048453208483338 | [6.81 0.47 1.7 ] | 1.2446498299609259
1.2043038588058839 | [14.04  2.24 -5.27] | 1.0641333170172895
1.2038516253182134 | [7.78 0.89 0.99] | 1.2278482735339094
1.2034954777470073 | [14.9   2.6  -5.91] | 1.0319202517039672
1.2031854899986292 | [8.37 1.11 0.47] | 1.2069195930241927
1.2028874417757391 | [11.7   1.8  -2.71] | 1.1137840311649931
1.2026806036748043 | [5.73 0.6  3.16] | 1.2073199623089261
1.2025607242279956 | [13.15  2.37 -3.98] | 1.0554893388290616
1.2024799414728282 | [6.96 1.04 2.09] | 1.1902420491452292
1.2024392041333163 | [14.44  2.82 -5.01] | 1.0056108446089622
1.2023884865749421 | [7.96 1.36 1.25] | 1.177122609099362
1.2023436902917561 | [15.37  3.12 -5.83] | 0.9694593922844685
1.2022537943860785 | [8.65 1.54 0.63] | 1.159595036712472
1.2021118580442183 | [13.23  2.55 -3.71] | 1.0322153626258888
1.2019670306431691 | [6.9  1.16 2.43] | 1.1567394011392387
1.2017122116631165 | [14.87  3.1  -4.7 ] | 0.9560530466831911
1.2013440003237816 | [8.32 1.6  1.52] | 1.136654979542244
1.201026414305796 | [15.54  3.3  -5.56] | 0.9373490478562565
1.2007085813684475 | [8.82 1.72 0.87] | 1.1384197464364403
1.2004105901613096 | [15.07  3.17 -5.24] | 0.9758246498595151
1.199873827950559 | [7.22 0.99 2.04] | 1.1948213361111373
1.199238022498136 | [14.42  2.71 -4.94] | 1.0192051804762403
1.1987025915527243 | [8.05 1.3  1.26] | 1.1920136240743118
1.198276935973208 | [15.19  3.   -5.75] | 0.9976848767065535
1.1979019590785123 | [8.57 1.46 0.63] | 1.1869162477467525
1.1975603877205476 | [12.95  2.42 -3.66] | 1.0710259947076728
1.1972899134508228 | [6.68 1.05 2.4 ] | 1.2047264731704856
1.197092349963932 | [14.03  2.79 -4.68] | 1.0370274166221551
1.196913847558968 | [7.54 1.3  1.55] | 1.2032553516132256
1.1967655459878912 | [14.87  3.04 -5.51] | 1.0128035490170655
1.196592988521231 | [8.17 1.45 0.89] | 1.20348571082885
1.1964098712472966 | [14.68  2.97 -5.38] | 1.0410588746014475
1.1959401807666956 | [6.61 0.65 2.02] | 1.2601173819475553
1.1952690408632383 | [13.89  2.39 -5.  ] | 1.0905125277720715
1.1946842028547617 | [7.65 1.03 1.1 ] | 1.254896980923
1.1941921560134654 | [14.93  2.75 -5.93] | 1.060858964331137
1.1937331574884262 | [8.4  1.24 0.34] | 1.2353464042900921
1.1933071464831126 | [10.94  1.74 -2.03] | 1.161919097819394
1.193001832230879 | [5.12 0.58 3.59] | 1.2411072251978812
1.1927799251645579 | [12.67  2.36 -3.59] | 1.1035798495322078
1.192589084434773 | [6.62 1.07 2.25] | 1.2197790522444318
1.1923326112472934 | [14.71  3.03 -4.89] | 1.0167595302347454
1.1919498274251945 | [8.34 1.58 1.09] | 1.1972177573999105
1.1916090749055357 | [15.66  3.29 -6.02] | 0.9896699995062843
1.1912500628415719 | [9.04 1.74 0.23] | 1.1748326177184503
1.1909061927122941 | [11.04  2.12 -1.54] | 1.1072023897311796
1.1906850613730098 | [5.23 0.96 4.01] | 1.1684340392893062
1.190378679649438 | [13.87  3.1  -3.23] | 0.9833930741213619
1.1898782907326562 | [7.74 1.77 2.42] | 1.115224899880436
1.189317476046394 | [15.56  3.65 -4.79] | 0.9150530234572251
1.1887561861939733 | [9.17 2.19 1.16] | 1.1129909694825497
1.1883001530641917 | [16.26  3.83 -5.91] | -0.09350950017667609
Total reward: 166.06062940091547
3.6, 0.3, 0.9, 4.6, 2.5, 0.5, -1.4, -2.5, 3.2, -4.2, 0.2, 4.5, -5.5, 3.0, 4.5, -0.4, -4.8, -3.8, -1.5, 2.5, -2.5, -2.5, -1.0, -4.5, 2.2, -3.0, -0.5, 5.3, 1.8, 3.2, 6.0, 1.8, -5.0, 6.0, 2.0, -0.4
parameter ends

state | action | reward
[1.25] | [10.48  2.37  0.72] | 0.9891970376983175
1.2541419771206883 | [20.77 -0.44 -8.66] | 0.6161912643003393
1.253055957122235 | [ 9.82 -0.59  1.37] | 0.9306721799096951
1.2514240677298696 | [15.28  2.43 -5.09] | 0.7219082887673656
1.2492048752760454 | [7.67 0.86 3.61] | 0.9219486390309756
1.2463469152899 | [16.7   3.41 -3.12] | 0.6996424278121699
1.2428549401094982 | [8.51 1.06 4.7 ] | 0.9078582528431463
1.238730835824857 | [17.23  3.2  -2.48] | 0.6928008647360504
1.233976874314838 | [8.84 0.64 5.1 ] | 0.9023249141397333
1.2285945384016788 | [17.39  2.68 -2.2 ] | 0.6936569524737256
1.2225841989837798 | [8.98 0.1  5.36] | 0.8979780499022265
1.2159471269911741 | [17.42  2.13 -1.96] | 0.7224966778876243
1.2094548525570883 | [ 6.53 -0.85  6.64] | 0.9416068373723913
1.20422643317854 | [ 7.49 -0.01 -1.18] | 0.9014143272293136
1.2009349808200582 | [ 3.15 -0.1   3.98] | 0.9044757115133768
1.1992400634002123 | [ 9.06  1.8  -3.61] | 0.8949934873320936
1.1986675109846014 | [7.49 1.53 3.68] | 1.0655135379021359
1.1989310904779817 | [17.1   3.69 -2.03] | 0.9885497224617877
1.1997473690752234 | [13.73  2.48  6.35] | 1.1356820793218367
1.2008772534053673 | [16.89  3.47 -1.26] | 0.9284782178927792
1.20230682305183 | [6.71 1.43 4.32] | 1.063390189234712
1.203874195646406 | [12.23  2.95 -3.09] | 0.9154930054418018
1.2054605954006088 | [4.7  1.26 3.39] | 1.0174479939718786
1.2069849622279936 | [12.03  3.08 -3.75] | 0.8770395806874121
1.2083757251540412 | [5.07 1.38 3.1 ] | 0.9995567022368217
1.2096101051894312 | [12.87  3.27 -4.01] | 0.8638458979595769
1.2104724062075332 | [4.67 0.79 3.65] | 1.0356718087247325
1.2109293364071267 | [12.47  2.7  -3.34] | 0.9151562272651063
1.211055528097813 | [4.3  0.24 4.37] | 1.065093029944923
1.210830260552663 | [11.87  2.12 -2.59] | 0.9388073065776269
1.2106861287591508 | [6.   0.96 3.69] | 1.0265564894080244
1.2106252600515433 | [13.51  2.78 -3.32] | 0.8714092063790034
1.2106098695687184 | [7.22 1.44 3.06] | 0.9980656216531191
1.210648066039831 | [14.59  3.23 -3.97] | 0.8207434307237895
1.2106965003846195 | [8.01 1.75 2.58] | 0.9775969477413969
1.2107722750500602 | [15.28  3.53 -4.43] | 0.7865385108042304
1.2108311439923738 | [8.46 1.92 2.27] | 0.9657196998339029
1.2108990630935903 | [15.66  3.69 -4.71] | 0.7843278725626976
1.2107457173123546 | [7.27 1.22 3.04] | 1.0181757333096446
1.2103548496038885 | [14.4   3.   -3.84] | 0.867440149239002
1.2098271307431423 | [6.62 0.88 3.58] | 1.0440568333852658
1.2092794004643037 | [13.64  2.63 -3.3 ] | 0.89225522389739
1.2089231994442677 | [7.42 1.35 3.  ] | 1.0193669361713982
1.2087439169563268 | [14.44  3.08 -3.92] | 0.8512729365670079
1.2086881085048082 | [7.92 1.64 2.55] | 1.00548849711265
1.208747575830177 | [14.95  3.38 -4.38] | 0.8255149385817648
1.2088676343581408 | [8.17 1.79 2.28] | 0.9998011893815848
1.2090494334114776 | [15.23  3.53 -4.66] | 0.8291352592770358
1.209056097708029 | [6.84 1.07 3.1 ] | 1.055064611181457
1.2088470311282324 | [13.91  2.83 -3.77] | 0.9134969256315992
1.20853509030456 | [6.32 0.81 3.5 ] | 1.0760251304724073
1.208247509181653 | [13.35  2.55 -3.39] | 0.9290418522798995
1.2081246934433405 | [7.06 1.23 2.94] | 1.0558832655524464
1.208147907992606 | [14.14  2.97 -4.01] | 0.8913156842649452
1.2082605579116008 | [7.57 1.49 2.5 ] | 1.043827037735816
1.2084559636121281 | [14.68  3.24 -4.47] | 0.8694197775644305
1.2086378245201708 | [7.55 1.45 2.42] | 1.051000402543832
1.2087894690291192 | [14.68  3.21 -4.53] | 0.8894410466866611
1.2087466251568197 | [6.3  0.74 3.22] | 1.1014731843928514
1.20847190851118 | [13.4   2.5  -3.68] | 0.9488058355233967
1.208330549725485 | [7.08 1.15 2.7 ] | 1.0807425390828223
1.2083135856657392 | [14.21  2.9  -4.25] | 0.9122007666594983
1.2083690999032435 | [7.61 1.4  2.28] | 1.0695944009919223
1.2084967846147479 | [14.74  3.15 -4.69] | 0.9051496252998483
1.2084359850141253 | [6.51 0.77 2.94] | 1.116621196504194
1.2081768941327173 | [13.61  2.52 -3.97] | 0.9581412534354015
1.2080430691439443 | [7.26 1.15 2.41] | 1.097899367399257
1.2080274375083218 | [14.39  2.9  -4.55] | 0.9234542742358255
1.2080770561125922 | [7.76 1.39 1.98] | 1.0884268499247352
1.2081935819700418 | [14.89  3.13 -4.99] | 0.918059673497094
1.2081188649009134 | [6.66 0.75 2.64] | 1.137044987426594
1.2078442004546843 | [13.75  2.5  -4.28] | 0.9734570857521492
1.2076891911078111 | [7.38 1.12 2.11] | 1.1203389499939138
1.2076484096991467 | [14.51  2.86 -4.84] | 0.9412923591817891
1.2076691305367062 | [7.86 1.33 1.69] | 1.1129016628198052
1.2077544130195357 | [14.99  3.07 -5.28] | 0.9390131660219762
1.2076377762048498 | [6.59 0.6  2.46] | 1.1682433013163358
1.2072849072853573 | [13.67  2.35 -4.46] | 1.0044601965277025
1.207064436306247 | [7.36 0.99 1.89] | 1.1520283942600187
1.206968746695243 | [14.48  2.73 -5.06] | 0.9712843070064137
1.2069439939595585 | [7.88 1.23 1.43] | 1.145034246817754
1.2069915815323675 | [15.01  2.96 -5.54] | 0.9671923981196595
1.206848011977442 | [6.77 0.58 2.08] | 1.1963454288772462
1.2065043695186477 | [13.84  2.32 -4.85] | 1.0263833131785118
1.2062842815082417 | [7.5  0.94 1.5 ] | 1.1825577986130906
1.2061812076651428 | [14.63  2.67 -5.46] | 0.9956256811766443
1.2061401767708246 | [8.01 1.15 1.04] | 1.1778555623368367
1.2061641058380148 | [15.14  2.88 -5.94] | 0.994317068688022
1.205980112046036 | [6.74 0.42 1.79] | 1.2360043432123187
1.2055546109249475 | [13.8   2.15 -5.14] | 1.0637374903577697
1.2052598119942017 | [7.52 0.8  1.17] | 1.2224593245934718
1.2050880367104195 | [14.63  2.52 -5.8 ] | 1.032124680567006
1.2049827859338906 | [8.06 1.02 0.66] | 1.2080275659993698
1.2049089582123425 | [12.69  2.06 -3.83] | 1.0851244569037561
1.204898538301277 | [6.4  0.71 2.35] | 1.2101092537741014
1.204950336271861 | [13.72  2.47 -4.73] | 1.0419469584106222
1.205015839977244 | [7.24 1.   1.62] | 1.1984492823048782
1.2050992157483595 | [14.61  2.77 -5.45] | 1.0079001940342154
1.2051536076959086 | [7.91 1.2  1.05] | 1.1913447770236292
1.2051964912863595 | [15.24  2.96 -6.  ] | 1.0012748544041448
1.204956921101929 | [6.83 0.47 1.67] | 1.2457227915026208
1.2044204545328998 | [14.05  2.24 -5.3 ] | 1.065182054034265
1.2039711036247824 | [7.77 0.87 0.98] | 1.2296254347758204
1.2036153241816343 | [14.81  2.56 -5.85] | 1.03654242146217
1.203306076134463 | [8.28 1.08 0.53] | 1.2116484391194633
1.203011621473237 | [12.03  1.87 -3.07] | 1.1096657788693394
1.2028004570892812 | [5.98 0.63 2.88] | 1.2133293242414065
1.2026710291718858 | [13.37  2.4  -4.25] | 1.0556342230311637
1.2025755046020044 | [7.11 1.03 1.88] | 1.1982448004599722
1.20251726050225 | [14.55  2.81 -5.21] | 1.0105109586966783
1.202446718542408 | [8.02 1.32 1.11] | 1.1875573717652206
1.2023812099406574 | [15.4   3.08 -5.97] | 0.9789055425962394
1.202270531795932 | [8.64 1.48 0.52] | 1.1691134831574184
1.2020985547915413 | [12.45  2.28 -3.06] | 1.062719724374762
1.2019422718029538 | [6.24 0.95 2.98] | 1.1731061821975661
1.2017785807608228 | [13.94  2.79 -4.17] | 1.0013772359162478
1.201564895027877 | [7.53 1.36 2.  ] | 1.1452438500114832
1.2012517079917229 | [15.3   3.23 -5.12] | 0.9406695279663951
1.200878877315495 | [8.68 1.7  1.16] | 1.134915328055024
1.2005535245343302 | [15.86  3.4  -5.89] | 0.9299764336477266
1.2001848156571508 | [8.81 1.64 0.79] | 1.1480427193983465
1.1997766525089393 | [14.41  2.92 -4.69] | 1.0053234277223848
1.1992004570710415 | [7.04 0.99 2.25] | 1.1941378029359224
1.198621249642726 | [14.24  2.7  -4.76] | 1.0237438274337587
1.198138806929938 | [7.89 1.3  1.41] | 1.191668772433066
1.1977614392213372 | [15.06  3.   -5.61] | 1.0004164026981124
1.1974287955516094 | [8.46 1.47 0.74] | 1.1891817290193454
1.1971336845578566 | [13.7   2.66 -4.38] | 1.0496636742109637
1.1968839217342184 | [7.28 1.21 1.81] | 1.2064028095146464
1.1966878486083161 | [14.58  2.94 -5.25] | 1.0245403843309138
1.1964903931104938 | [7.94 1.38 1.1 ] | 1.20988275614092
1.1963093439435488 | [15.23  3.1  -5.95] | 1.0246920635332013
1.1958538710249182 | [6.82 0.61 1.71] | 1.2729604052766863
1.195109486093866 | [14.02  2.34 -5.28] | 1.0995278742863632
1.1944699724655443 | [7.77 0.97 0.86] | 1.265318840129625
1.1939268247005348 | [13.92  2.39 -5.1 ] | 1.1066349236221376
1.193456059329294 | [7.6  0.99 1.  ] | 1.2745766302133847
1.1930623536442884 | [14.84  2.7  -6.03] | 1.0811250214981611
1.1926856700575155 | [8.27 1.17 0.25] | 1.252464530942028
1.1923408027999043 | [10.37  1.58 -1.63] | 1.1858162313303893
1.1921325180114244 | [4.59 0.43 3.93] | 1.2514182536303333
1.191990222529722 | [12.22  2.23 -3.28] | 1.123280833733221
1.1918632155196123 | [6.24 0.97 2.5 ] | 1.2211720014918133
1.1915991223566418 | [14.9   3.13 -4.67] | 0.9985678935359568
1.1910901946169454 | [8.55 1.69 1.18] | 1.1796910885844252
1.1906204647806162 | [15.87  3.39 -5.96] | 0.9720231902318595
1.1901521098835068 | [9.29 1.85 0.22] | 1.1595900405510873
1.1897412726985208 | [11.15  2.21 -1.5 ] | 1.0948346417419763
1.189489679273276 | [5.38 1.06 4.01] | 1.1603153236553643
1.189185825425303 | [13.94  3.18 -3.22] | 0.9751034617254829
1.188695401894482 | [7.82 1.86 2.42] | 0.12447409224749356
Total reward: 154.49760303284106
3.6, 0.3, 0.9, 4.6, 2.5, 0.5, -1.4, -2.5, 3.2, -4.2, 0.2, 4.5, -5.5, 3.0, 4.5, -0.4, -4.8, -3.8, -1.5, 2.5, -2.5, -2.5, -1.0, -4.5, 2.2, -3.0, -0.5, 5.3, 1.8, 3.2, 6.0, 1.8, -5.0, 6.0, 2.0, -0.4
parameter ends

state | action | reward
[1.25] | [10.46  2.4   0.76] | 0.930733481488381
1.2480844835441878 | [16.95 -0.13 -9.01] | 0.6715915431170625
1.2470675867251064 | [ 8.32 -0.37  1.07] | 0.9199407735248628
1.2454633106256492 | [14.91  2.57 -5.4 ] | 0.7440335895672381
1.2432150060059055 | [10.41  1.49  4.04] | 0.9057427269873035
1.240305605956075 | [18.19  3.71 -3.11] | 0.6611183903833447
1.2367856550037157 | [9.28 1.19 4.49] | 0.8989351767285214
1.2326469288614466 | [17.62  3.26 -2.79] | 0.6737048468222728
1.2278852374448874 | [9.05 0.68 4.75] | 0.8956267009717953
1.222498320937235 | [17.53  2.72 -2.55] | 0.6793880153016405
1.2164845889858498 | [9.1  0.15 5.02] | 0.9304509205407403
1.2108457660264802 | [13.62  1.38 -1.24] | 0.9120037326161341
1.206324185730475 | [ 3.66 -1.38  7.31] | 0.9883374421950868
1.2028468484083223 | [ 6.25  0.17 -1.54] | 0.9336556394553456
1.2009515810072136 | [2.81 0.06 3.99] | 0.9481284095946764
1.2001722292468173 | [ 9.4   1.92 -3.26] | 0.9443566124129039
1.2001440148283005 | [7.91 1.55 4.12] | 1.1067762665118313
1.200699208224816 | [17.86  3.77 -1.67] | 1.012322293799562
1.2015955001185783 | [14.01  2.41  6.62] | 1.0779613407367006
1.2026247543994621 | [15.34  3.11 -1.67] | 0.9425005837502272
1.2038948700645864 | [6.05 1.27 4.02] | 1.0531023853523505
1.2052705452630013 | [12.1   2.88 -3.33] | 0.9042740443407892
1.2066451492379988 | [4.9  1.28 3.15] | 1.0089648470372448
1.2079548696873699 | [12.39  3.12 -3.98] | 0.8606622872905217
1.2091344686859251 | [5.56 1.47 2.83] | 0.991345351252293
1.2101724692695248 | [13.36  3.35 -4.27] | 0.8448997377044711
1.2108424687063175 | [5.16 0.87 3.39] | 1.0302313513941015
1.2111210715909884 | [12.92  2.78 -3.58] | 0.8999710786413743
1.2110862764597299 | [4.86 0.4  4.07] | 1.058147623664537
1.2107641302759076 | [12.37  2.26 -2.87] | 0.9215583931273962
1.2105418354841782 | [6.47 1.09 3.4 ] | 1.0202188640442635
1.2104227169871813 | [13.89  2.9  -3.6 ] | 0.856705114637159
1.2103639485409576 | [7.58 1.54 2.8 ] | 0.9932987400001246
1.210374110438784 | [14.87  3.33 -4.21] | 0.8100620498580855
1.2104053746129813 | [8.25 1.82 2.36] | 0.9755853255314785
1.210474822939769 | [15.47  3.59 -4.63] | 0.7820841663853513
1.2105182303087745 | [8.5  1.9  2.19] | 0.9720229214557564
1.2105555052239714 | [15.64  3.66 -4.77] | 0.7910844083575481
1.2103908359816866 | [7.26 1.2  2.99] | 1.0256897815103854
1.2100026972897087 | [14.35  2.97 -3.87] | 0.8764291348204395
1.209492175018543 | [6.56 0.84 3.55] | 1.0529754081478504
1.2089693395055165 | [13.56  2.59 -3.32] | 0.9029449580722997
1.2086442086390614 | [7.34 1.31 2.97] | 1.0297023875307794
1.2084977890253958 | [14.36  3.04 -3.95] | 0.8629704583637066
1.2084757098007177 | [7.83 1.59 2.53] | 1.0165038970411275
1.2085674027035025 | [14.87  3.33 -4.41] | 0.8374809224996465
1.2087174113683303 | [8.09 1.75 2.25] | 1.0110034398984271
1.208925881818587 | [15.16  3.49 -4.7 ] | 0.8408178128044423
1.2089545572430724 | [6.77 1.03 3.06] | 1.065894730956832
1.20876290247951 | [13.86  2.79 -3.81] | 0.9243851544391735
1.208462715615609 | [6.27 0.77 3.45] | 1.0864136595362652
1.2081828902893754 | [13.31  2.51 -3.45] | 0.9392242450809204
1.2080643285028447 | [7.04 1.19 2.87] | 1.0661327993192458
1.2080893695461488 | [14.13  2.93 -4.08] | 0.9007660193416527
1.208201436758258 | [7.57 1.46 2.42] | 1.053881182620355
1.2083944441326242 | [14.69  3.2  -4.55] | 0.8750685578523036
1.208613811784322 | [7.89 1.6  2.11] | 1.0481952749648307
1.2088647567756443 | [15.03  3.35 -4.86] | 0.876835904270885
1.2089078354678657 | [6.64 0.88 2.88] | 1.1011871630605379
1.2087089343099977 | [13.78  2.65 -4.02] | 0.9589528465049615
1.20836073070139 | [6.02 0.53 3.36] | 1.1270325892442283
1.2079739762848496 | [13.07  2.27 -3.56] | 0.9814579487502554
1.2077588394674672 | [6.94 1.01 2.67] | 1.1045755832680562
1.2076997279745738 | [14.08  2.76 -4.29] | 0.9371395913871138
1.2077392350155916 | [7.61 1.33 2.12] | 1.0903962393565585
1.2078713790651243 | [14.75  3.07 -4.86] | 0.9065367270785172
1.2080389478824192 | [8.03 1.51 1.73] | 1.0832815735568408
1.2082470772906786 | [15.18  3.26 -5.26] | 0.9041290599892593
1.2082504125163764 | [6.82 0.81 2.45] | 1.1367024418574463
1.2080065153851927 | [13.95  2.57 -4.46] | 0.9693282615046497
1.2078371212382597 | [7.39 1.09 2.07] | 1.1248177789281084
1.2077595262333405 | [14.52  2.83 -4.89] | 0.951595096700097
1.2076488677887074 | [7.39 1.05 2.  ] | 1.1354812890174428
1.2075456633347128 | [14.51  2.79 -4.95] | 0.9640214725968572
1.2073856489196013 | [7.27 0.95 2.  ] | 1.1499757387306193
1.2072341826398818 | [14.38  2.69 -4.94] | 0.9716694066586059
1.2071629026089894 | [7.8  1.2  1.54] | 1.1413174226694411
1.2071725299373606 | [14.92  2.93 -5.43] | 0.9675215659686283
1.2069850455944413 | [6.64 0.53 2.23] | 1.19348049302296
1.2066038839753948 | [13.69  2.27 -4.7 ] | 1.0274334895694262
1.2063608884068069 | [7.41 0.92 1.62] | 1.1784408741971324
1.2062467153141194 | [14.53  2.65 -5.34] | 0.9942204400116358
1.2062052731800457 | [7.95 1.15 1.13] | 1.1724767810332801
1.2062372085697504 | [15.09  2.89 -5.85] | 0.985960313404092
1.2061252627404064 | [7.04 0.6  1.63] | 1.21869337174218
1.2058120607574185 | [14.12  2.34 -5.3 ] | 1.0398704052320986
1.2056028026431125 | [7.71 0.92 1.09] | 1.208120224398245
1.2054941774829828 | [14.83  2.65 -5.88] | 1.0215652390694254
1.2053182300315894 | [7.53 0.76 1.1 ] | 1.2296010045031414
1.2051107678156192 | [14.63  2.49 -5.86] | 1.0449557361987893
1.2048709365208594 | [7.54 0.71 0.98] | 1.2434010827806414
1.20463729449435 | [14.5   2.4  -5.85] | 1.0558196022477562
1.2044718756286856 | [7.96 0.91 0.59] | 1.227631297958713
1.2043333794400781 | [12.08  1.81 -3.41] | 1.1187417512022102
1.2042726756214563 | [5.93 0.52 2.66] | 1.2274109150942876
1.2042847385881768 | [13.28  2.28 -4.45] | 1.0690302891994286
1.204321912630156 | [6.94 0.88 1.8 ] | 1.2128927966508138
1.2043842651907857 | [14.35  2.66 -5.29] | 1.0272956076322166
1.2044246047460236 | [7.77 1.14 1.11] | 1.2025118719889993
1.2044574317652215 | [15.16  2.91 -5.96] | 1.00380684811255
1.2043341938451155 | [7.72 0.94 1.03] | 1.2224774320217573
1.204070082672599 | [15.04  2.71 -5.98] | 1.034154047976529
1.2035784002101537 | [7.26 0.56 1.29] | 1.2562413822935656
1.202978352375889 | [14.44  2.3  -5.69] | 1.0672057066327776
1.2024695204276346 | [8.14 0.93 0.56] | 1.2304372603618567
1.2020226125881626 | [12.08  1.78 -3.23] | 1.1245700032066872
1.2016913551816415 | [6.15 0.6  2.62] | 1.2297852653234165
1.201469925440334 | [13.52  2.35 -4.5 ] | 1.0672599299128698
1.2013048956101755 | [7.33 1.03 1.56] | 1.2142227458986155
1.20119679473185 | [14.75  2.79 -5.52] | 1.0200552716713502
1.201090289570529 | [8.26 1.32 0.75] | 1.1957344930330511
1.2009770799536812 | [13.79  2.59 -4.51] | 1.0441391123987975
1.200867378360097 | [7.42 1.18 1.65] | 1.1976223020654102
1.2007743120340961 | [14.88  2.95 -5.46] | 1.0016295676652076
1.2006479704705693 | [8.28 1.43 0.89] | 1.1853296553671315
1.200501967626197 | [14.83  2.96 -5.36] | 1.001571176845552
1.2003166435749326 | [8.2  1.42 1.01] | 1.188177562427796
1.2001203734640362 | [15.57  3.17 -6.07] | 0.9877576220348272
1.1996897261299329 | [7.51 0.86 1.33] | 1.235789598356711
1.1989939990014882 | [14.79  2.61 -5.66] | 1.0425491650220264
1.1983639380400015 | [8.39 1.19 0.59] | 1.2161220935549968
1.1977835745335104 | [12.57  2.09 -3.43] | 1.105188798630117
1.1973045568965284 | [6.54 0.84 2.44] | 1.2252097191159994
1.196927236304991 | [13.91  2.59 -4.66] | 1.0577068134845145
1.1965973018967273 | [7.63 1.21 1.4 ] | 1.2172752270184062
1.1963235210172942 | [14.99  2.95 -5.68] | 1.0212323228287719
1.1960484311572908 | [8.44 1.44 0.6 ] | 1.2023100521294743
1.1957599255766678 | [12.79  2.38 -3.53] | 1.0859044359855201
1.1955081705459143 | [6.63 1.05 2.41] | 1.2128974705532103
1.1952971830062677 | [14.14  2.83 -4.72] | 1.038767549844313
1.1950760788151829 | [7.73 1.38 1.41] | 1.202646611974348
1.1948410390895745 | [15.25  3.16 -5.7 ] | 0.9988601388384224
1.194552091136028 | [8.6  1.6  0.62] | 1.1875489730141988
1.1942255151780778 | [13.15  2.58 -3.68] | 1.0651081445453987
1.193910078222491 | [6.89 1.21 2.31] | 1.183193076382624
1.1934297910441314 | [15.15  3.24 -4.82] | 0.97134464342459
1.1928081130572676 | [8.66 1.74 1.22] | 1.163557753483734
1.192265012884603 | [15.78  3.39 -5.86] | 0.9633683375681308
1.1917428723568446 | [9.11 1.81 0.45] | 1.1627410444717377
1.1912319999140575 | [12.15  2.39 -2.55] | 1.080099926967279
1.1908180472171266 | [6.13 1.12 3.22] | 1.1896266154463009
1.190495242344498 | [13.56  2.86 -3.89] | 1.039046712750421
1.1902079180413505 | [7.28 1.47 2.09] | 1.1881012440276006
1.189964942474126 | [14.7   3.21 -5.02] | 1.0061474788097784
1.1897069894166796 | [8.16 1.68 1.18] | 1.1905946078823022
1.1894556214510386 | [15.53  3.41 -5.9 ] | -0.013788613569712782
Total reward: 149.76284361740872
3.6, 0.3, 0.9, 4.6, 2.5, 0.5, -1.4, -2.5, 3.2, -4.2, 0.2, 4.5, -5.5, 3.0, 4.5, -0.4, -4.8, -3.8, -1.5, 2.5, -2.5, -2.5, -1.0, -4.5, 2.2, -3.0, -0.5, 5.3, 1.8, 3.2, 6.0, 1.8, -5.0, 6.0, 2.0, -0.4
parameter ends

state | action | reward
[1.25] | [10.51  2.36  0.73] | 0.8967266180353702
1.2471674387635876 | [16.91  3.94 -4.33] | 0.6904581780810616
1.246152434199335 | [8.52 1.45 3.35] | 0.924924496341305
1.244509453332913 | [17.11  3.57 -3.86] | 0.6900125571863791
1.2422395043859924 | [8.65 1.05 3.76] | 0.9197777646438156
1.2393423158070156 | [17.22  3.16 -3.47] | 0.6908063757501173
1.2358184146318842 | [8.76 0.63 4.15] | 0.913677435383777
1.2316681451806832 | [17.26  2.72 -3.09] | 0.6924733853725018
1.226891153701912 | [8.85 0.21 4.54] | 0.9071167173870259
1.221487903527245 | [17.31  2.3  -2.71] | 0.6937890408941471
1.2154575326390744 | [ 8.95 -0.2   4.94] | 0.9139568214229639
1.2097833929060147 | [12.09  0.85 -1.66] | 0.9468224694022274
1.2052723583781013 | [ 6.54 -0.62  6.86] | 1.0137050176191718
1.20224484606133 | [10.41  1.13 -1.42] | 0.9993416192235938
1.2006199964505615 | [7.25 0.77 5.18] | 1.0369905702514137
1.20001917067841 | [12.76  2.33 -1.83] | 0.9228180886317753
1.200175117761851 | [6.5  1.33 3.88] | 1.0106737652971676
1.2008343043220837 | [12.94  2.97 -2.96] | 0.8762857540146823
1.2018324774856837 | [6.66 1.72 3.22] | 0.9884186254266103
1.2030392274102342 | [13.64  3.46 -3.71] | 0.8320631566759157
1.2043370113522687 | [7.   1.94 2.87] | 0.9733220846342608
1.205665651116239 | [14.26  3.73 -4.13] | 0.8015236719749586
1.206939625503112 | [7.26 2.01 2.74] | 0.965341681036682
1.2081352628607742 | [14.65  3.83 -4.29] | 0.7895795076368026
1.2091445252457251 | [6.75 1.6  3.13] | 0.9894517694079479
1.2098557363032756 | [14.19  3.44 -3.85] | 0.8348846704736892
1.2102956320015028 | [5.83 0.96 3.86] | 1.0257175675413337
1.2104268054301273 | [13.24  2.81 -3.06] | 0.8973751351779117
1.2103202196985403 | [4.91 0.35 4.69] | 1.0548438124452473
1.2099441994770226 | [12.14  2.17 -2.22] | 0.9303854432364906
1.2097178518381333 | [6.18 1.   4.01] | 1.016132586454515
1.2096320212580054 | [13.45  2.79 -2.97] | 0.8678549840483588
1.209640584135988 | [7.13 1.44 3.4 ] | 0.9884833984304462
1.2097391347925113 | [14.35  3.22 -3.6 ] | 0.8208420330274699
1.2098776233548394 | [7.74 1.73 2.95] | 0.9689434530459367
1.2100615305873095 | [14.94  3.5  -4.05] | 0.7884942848118239
1.2102423191677683 | [8.11 1.89 2.67] | 0.9571741533704224
1.2104360065968571 | [15.29  3.66 -4.31] | 0.7863173749500627
1.2104127160848224 | [6.9  1.19 3.43] | 1.0069474847199413
1.2101480525766868 | [14.04  2.98 -3.45] | 0.8655319685410937
1.2097386548105948 | [6.27 0.85 3.96] | 1.0295634760458152
1.2092975321114883 | [13.32  2.61 -2.92] | 0.8855349082958001
1.2090334009538937 | [7.11 1.33 3.38] | 1.0023983029089734
1.2089325989699664 | [14.18  3.08 -3.55] | 0.8411329239922026
1.2089409098735866 | [7.66 1.64 2.93] | 0.9854494199272504
1.209052434200766 | [14.74  3.39 -4.02] | 0.8113712902533634
1.2092126853032874 | [7.98 1.82 2.64] | 0.9763834690441965
1.2094252103351246 | [15.07  3.57 -4.31] | 0.8112323629863307
1.2094499588404481 | [6.69 1.1  3.44] | 1.0284127112693708
1.209250095250283 | [13.79  2.87 -3.43] | 0.8897745220077593
1.208961830424008 | [6.39 0.95 3.72] | 1.0406234549956035
1.2087249457955642 | [13.45  2.71 -3.18] | 0.893450079260047
1.2086358084168158 | [7.11 1.36 3.19] | 1.0189079591097847
1.2086801967346343 | [14.19  3.1  -3.76] | 0.8557486336552256
1.2088034021147136 | [7.58 1.61 2.79] | 1.0057301874067723
1.209001683809905 | [14.69  3.36 -4.17] | 0.8406874914463482
1.2090991617768716 | [6.94 1.24 3.14] | 1.0342253491844342
1.209061204586375 | [14.07  3.   -3.77] | 0.883211719633942
1.2089506774298395 | [6.77 1.13 3.29] | 1.0443369691051636
1.20885707524525 | [13.88  2.89 -3.64] | 0.8860771864194801
1.2088605609064624 | [7.36 1.44 2.85] | 1.027614010803465
1.2089569182355397 | [14.47  3.19 -4.1 ] | 0.8684465543649214
1.208946764173678 | [6.86 1.14 3.13] | 1.0514377804627006
1.2088617027762287 | [13.97  2.9  -3.79] | 0.8900467565794458
1.208865092835135 | [7.42 1.43 2.72] | 1.035838843615523
1.2089548707422633 | [14.54  3.18 -4.23] | 0.8792308557688279
1.2088761462362558 | [6.52 0.92 3.27] | 1.0739371266826476
1.2086649497567652 | [13.63  2.68 -3.63] | 0.9188686803174866
1.2085754707897969 | [7.23 1.29 2.78] | 1.0546365220249105
1.2086005670511508 | [14.34  3.04 -4.17] | 0.8849258976521212
1.2086882131981613 | [7.69 1.51 2.39] | 1.0443430671562097
1.2088399388708397 | [14.81  3.26 -4.58] | 0.8809089328513062
1.208793682568926 | [6.42 0.8  3.17] | 1.0965021873622347
1.2085141652923952 | [13.52  2.56 -3.73] | 0.9416166860273301
1.2083660847376603 | [7.18 1.19 2.66] | 1.0764031776850471
1.2083415370810255 | [14.3   2.94 -4.29] | 0.9061435611942834
1.2083884883674347 | [7.68 1.44 2.24] | 1.0659389059929651
1.2085074802340603 | [14.8   3.18 -4.73] | 0.9012251998342129
1.2084293014625735 | [6.53 0.78 2.94] | 1.1149838052564327
1.2081563055757714 | [13.62  2.53 -3.97] | 0.956495613086772
1.2080116902961284 | [7.27 1.16 2.41] | 1.096593752728609
1.207987891824799 | [14.39  2.91 -4.54] | 0.9223450921015157
1.208031877557209 | [7.77 1.39 1.99] | 1.0874858267222738
1.2081448559634909 | [14.89  3.14 -4.98] | 0.9184266188506658
1.208057833394548 | [6.62 0.73 2.68] | 1.1376917987419684
1.207773647123393 | [13.71  2.48 -4.24] | 0.9753970946138645
1.2076139755892539 | [7.35 1.11 2.14] | 1.1208521374674172
1.2075721678977598 | [14.47  2.85 -4.81] | 0.9426869818006671
1.2075949890408673 | [7.84 1.33 1.71] | 1.1132076650142066
1.207684573992304 | [14.96  3.07 -5.26] | 0.9399262392065448
1.2075721814570113 | [6.57 0.6  2.48] | 1.1684817666978526
1.2072231996790859 | [13.65  2.35 -4.44] | 1.005139073551597
1.2070079172645056 | [7.35 0.99 1.9 ] | 1.1520205044755754
1.2069182524437754 | [14.47  2.73 -5.05] | 0.971406794666971
1.206899843935371 | [7.88 1.23 1.43] | 1.144788506480191
1.2069538025083633 | [15.01  2.96 -5.54] | 0.9668815322796604
1.2068153290674613 | [6.77 0.58 2.08] | 1.1960149978826005
1.206475762016135 | [13.84  2.32 -4.85] | 1.0258667661767404
1.2062592704546038 | [7.51 0.95 1.5 ] | 1.1820499137300904
1.2061594412046972 | [14.64  2.68 -5.46] | 0.9948329839579526
1.2061210559140638 | [8.02 1.16 1.03] | 1.1772287906126797
1.2061471477410262 | [15.15  2.89 -5.94] | 0.9933805486276832
1.2059645074621974 | [6.87 0.49 1.71] | 1.231536599875011
1.2055781381190207 | [13.93  2.22 -5.23] | 1.0563658362143018
1.2053105294319142 | [7.6  0.84 1.11] | 1.2194091715279851
1.205156247682368 | [14.72  2.56 -5.86] | 1.027172321294958
1.2050597301513353 | [8.11 1.04 0.63] | 1.205212103565629
1.2049848010055046 | [12.54  2.03 -3.66] | 1.0873039647511076
1.2049714487793208 | [6.26 0.68 2.51] | 1.2076330501186254
1.2050189291825149 | [13.59  2.44 -4.58] | 1.0432388575937803
1.205080181951191 | [7.12 0.99 1.75] | 1.1954256267511596
1.2051591611879156 | [14.51  2.76 -5.32] | 1.0078152184378029
1.2052100249430016 | [7.83 1.2  1.17] | 1.1875461244913155
1.205250012190885 | [15.17  2.96 -5.89] | 0.9997675637545482
1.2050041583499778 | [6.77 0.47 1.78] | 1.2413167144450776
1.204458941044687 | [13.99  2.24 -5.2 ] | 1.0625805672564324
1.2040044851372411 | [7.74 0.89 1.06] | 1.2250347629268328
1.2036490541178 | [14.95  2.62 -5.94] | 1.0269118477285644
1.2033394261283152 | [8.41 1.13 0.46] | 1.2031475685311537
1.2030405486406146 | [11.63  1.79 -2.62] | 1.112453538154772
1.202834860209498 | [5.66 0.59 3.25] | 1.2037300078930044
1.202717904449788 | [13.08  2.36 -3.89] | 1.0540513097275854
1.202642177724593 | [6.9  1.04 2.18] | 1.1865609775025812
1.2026079974402344 | [14.38  2.82 -4.93] | 1.0037860865455857
1.2025655676576372 | [7.91 1.36 1.33] | 1.1731496688843168
1.2025301667325878 | [15.32  3.13 -5.76] | 0.96702511591658
1.2024509093904674 | [8.61 1.55 0.7 ] | 1.1575100544416064
1.2023270627621887 | [13.73  2.71 -4.17] | 1.0149601411500986
1.2021885687070692 | [7.29 1.26 2.07] | 1.1650068471794435
1.202056696638174 | [14.74  3.03 -5.03] | 0.9769936533446286
1.2018881646615585 | [8.11 1.49 1.35] | 1.1580666722487822
1.2017115821828317 | [15.47  3.25 -5.73] | 0.967301414642397
1.201250406514564 | [7.22 0.84 1.82] | 1.2113468016391071
1.2005290746605024 | [14.48  2.59 -5.16] | 1.0281864116519668
1.199899567944546 | [8.18 1.22 1.03] | 1.2016896164729218
1.1993771662859283 | [15.36  2.93 -5.97] | 1.0000922982622504
1.198904928427449 | [8.78 1.42 0.39] | 1.1841109860949213
1.1984629436405105 | [11.46  1.93 -2.2 ] | 1.1062339029535027
1.198138249942524 | [5.57 0.75 3.55] | 1.1941808782330012
1.1979184835929932 | [13.01  2.51 -3.59] | 1.051752457403484
1.1977519080374632 | [6.87 1.2  2.37] | 1.1822934311664703
1.1976385998941643 | [14.35  2.97 -4.75] | 1.0045499390223473
1.1975235557674473 | [7.92 1.52 1.43] | 1.1736249726116315
1.197421963920148 | [15.33  3.27 -5.67] | 0.9704490335368401
1.1972777940735668 | [8.65 1.7  0.72] | 1.1630213183405658
1.1970960297639273 | [13.93  2.89 -4.3 ] | 1.0176284351170382
1.1968974296018335 | [7.47 1.42 1.89] | 1.175932426093685
1.1967025184733924 | [14.92  3.18 -5.21] | 0.9853616009921176
1.196463184103457 | [8.26 1.61 1.15] | 1.1749778865441112
1.1962104565087655 | [15.62  3.35 -5.92] | 0.981440631676642
1.1956548351800442 | [7.32 0.92 1.64] | 1.2341354956477775
1.19483609689021 | [14.6   2.66 -5.35] | 1.0498702873438377
1.1941023318679609 | [8.27 1.25 0.81] | 1.2251191736751852
1.1934544925220845 | [14.06  2.58 -4.82] | 1.071443020396206
1.1928816163761629 | [7.75 1.18 1.24] | 1.2385839515415136
1.1923942126161189 | [15.    2.89 -5.8 ] | 1.0458338116767119
1.191931849491571 | [8.44 1.37 0.45] | 1.226974434837703
1.1914779183338535 | [11.66  2.01 -2.62] | 1.1415585302568838
1.191112862349058 | [5.72 0.78 3.09] | 1.2411687205080866
1.1908249485558444 | [13.22  2.54 -4.05] | 1.0913625425421747
1.1905602160479898 | [7.03 1.18 1.87] | 1.2340087797400072
1.190323669642145 | [14.55  2.95 -5.25] | 1.048340624138258
1.1900591518168335 | [8.08 1.46 0.89] | 1.224438138623133
1.1897577505616979 | [14.87  3.05 -5.44] | 0.036020047225468976
Total reward: 165.84023146292168
3.6, 0.3, 0.9, 4.6, 2.5, 0.5, -1.4, -2.5, 3.2, -4.2, 0.2, 4.5, -5.5, 3.0, 4.5, -0.4, -4.8, -3.8, -1.5, 2.5, -2.5, -2.5, -1.0, -4.5, 2.2, -3.0, -0.5, 5.3, 1.8, 3.2, 6.0, 1.8, -5.0, 6.0, 2.0, -0.4
parameter ends

state | action | reward
[1.25] | [10.49  2.35  0.71] | 0.9485140223457231
1.250782722394655 | [19.92  4.42 -3.48] | 0.6320126440124703
1.2497572569192514 | [9.62 1.5  3.61] | 0.9193102340728221
1.2481348358556867 | [17.22  3.42 -3.88] | 0.6862467847533532
1.245902391501028 | [8.3  0.83 3.64] | 0.9179799061979309
1.243050982044385 | [16.66  2.91 -3.63] | 0.6982301712313733
1.2395755990173893 | [8.18 0.41 4.01] | 0.9123143696108693
1.235474092174792 | [16.7   2.53 -3.21] | 0.7005925120440781
1.2307446278456926 | [8.37 0.05 4.47] | 0.9059360324745738
1.2253872527763299 | [16.89  2.17 -2.75] | 0.6999738201267043
1.2194010565267102 | [ 8.62 -0.3   4.93] | 0.8837318862025983
1.212977358185895 | [13.62  1.11 -2.35] | 0.8507621344522482
1.2074148020609026 | [ 6.22 -1.13  7.23] | 0.974490947798135
1.2031136277924601 | [ 8.09  0.28 -1.34] | 0.9280993118547387
1.2006220959735228 | [4.59 0.19 4.51] | 0.9710937054950932
1.199454708453354 | [11.19  2.05 -2.37] | 0.9657529268529803
1.1992079102612325 | [9.27 1.6  5.21] | 1.1294423161370595
1.1996668249457356 | [18.59  3.72 -0.56] | 0.8899505989346046
1.2006025053450413 | [10.74  2.21  2.11] | 1.045743832944175
1.2017983284043707 | [15.34  3.55 -5.16] | 0.8522879014628342
1.2031699807632414 | [7.35 1.73 1.47] | 1.039139804047585
1.2046037663305575 | [14.02  3.44 -5.52] | 0.8556264333635737
1.2059972184552565 | [6.68 1.59 1.53] | 1.0397717673879978
1.2073121914577654 | [14.    3.41 -5.43] | 0.8715113322646064
1.208381691146193 | [5.73 0.95 2.31] | 1.0857643541275042
1.2091398444433197 | [13.23  2.81 -4.59] | 0.9392679141864639
1.2096502051990712 | [5.01 0.37 3.17] | 1.1219611180101519
1.2098620942347567 | [12.4   2.21 -3.74] | 1.001505303122911
1.209839345021337 | [ 4.23 -0.22  4.04] | 1.1314499710318568
1.2095299247035962 | [10.2   1.37 -3.25] | 1.0293018630258353
1.2093414806962788 | [5.38 0.42 3.22] | 1.1259945226839287
1.209289575189505 | [13.8   2.41 -3.45] | 0.9682292915007773
1.209342679449834 | [7.26 1.02 2.83] | 1.0960643947930961
1.2094868338898535 | [14.33  2.76 -4.23] | 0.9195226714647525
1.2096731635911346 | [7.66 1.28 2.25] | 1.0725449023284026
1.209900244465927 | [14.84  3.05 -4.78] | 0.8830822529457403
1.2101206850896904 | [8.03 1.46 1.88] | 1.0570877287413043
1.2103462902444493 | [15.24  3.23 -5.12] | 0.8761541027333073
1.2103344278534494 | [6.83 0.76 2.6 ] | 1.1055412843196608
1.2100611914107198 | [14.    2.54 -4.31] | 0.9488112523674478
1.2096879512254308 | [6.83 0.74 2.71] | 1.1077804077977433
1.2093839129289106 | [13.92  2.5  -4.22] | 0.9398874722869297
1.209203780109907 | [7.6  1.15 2.17] | 1.0846322518354168
1.2091455263831608 | [14.71  2.9  -4.78] | 0.9006953000903919
1.2091569335020544 | [8.09 1.41 1.77] | 1.071148647457528
1.2092421581827664 | [15.19  3.16 -5.19] | 0.8882143057553868
1.2092027893270436 | [7.33 0.98 2.21] | 1.105929745137111
1.209029268888643 | [14.43  2.74 -4.69] | 0.9327803751808748
1.208872353067342 | [7.49 1.07 2.1 ] | 1.1046187695860812
1.2087753840876507 | [14.57  2.82 -4.82] | 0.9308365618863064
1.2086644907844803 | [7.43 1.04 2.09] | 1.112781023306716
1.208575276657249 | [14.5   2.78 -4.83] | 0.9401383977139499
1.2084732422437403 | [7.37 1.   2.07] | 1.1212606475867688
1.2083928770937855 | [14.44  2.75 -4.85] | 0.949370118390743
1.2082989635497794 | [7.32 0.97 2.05] | 1.129800350761155
1.208225605728169 | [14.4   2.71 -4.88] | 0.9553799269031655
1.2081757309567125 | [7.46 1.04 1.88] | 1.1317022190646724
1.2081616853607215 | [14.56  2.78 -5.06] | 0.9639237259743023
1.2080157032189265 | [6.95 0.74 2.17] | 1.1577260099683202
1.2078483562720803 | [14.01  2.48 -4.76] | 0.9857626114476198
1.207783967763245 | [7.55 1.05 1.68] | 1.1442961495612345
1.2078171764492032 | [14.67  2.79 -5.27] | 0.9658072612404585
1.207785032583489 | [7.35 0.9  1.75] | 1.1616422491491962
1.2077201175424452 | [14.46  2.65 -5.2 ] | 0.9889626941881096
1.2075740153522978 | [7.08 0.73 1.87] | 1.1801635969655582
1.2074040448038355 | [14.17  2.47 -5.08] | 1.002645705307249
1.2073244886667205 | [7.68 1.02 1.38] | 1.168596785283766
1.2073331150594058 | [14.82  2.76 -5.59] | 0.987504305563982
1.207225914721064 | [7.2  0.71 1.62] | 1.1971723551764335
1.2070371679829708 | [14.29  2.45 -5.33] | 1.0150901804890895
1.2069311812686954 | [7.78 0.98 1.14] | 1.1870398318500748
1.2069078066691956 | [14.92  2.72 -5.83] | 1.0066269515519408
1.2067043424985544 | [6.9  0.46 1.66] | 1.2304687102092442
1.2063605927867476 | [13.95  2.19 -5.28] | 1.0539956797565861
1.2061338174293013 | [7.62 0.81 1.07] | 1.2170738404870505
1.2060185020222385 | [14.73  2.54 -5.9 ] | 1.0234441798867042
1.2059594025110654 | [8.12 1.02 0.61] | 1.2007168802966417
1.2059165370957527 | [12.4   1.97 -3.53] | 1.0856342193185688
1.2059354611106041 | [6.15 0.64 2.64] | 1.200702909211446
1.2060151530937306 | [13.48  2.4  -4.46] | 1.038298938210255
1.2061097754456818 | [7.05 0.96 1.87] | 1.1858864924827701
1.2062219626777628 | [14.45  2.74 -5.2 ] | 0.9996026668458323
1.2063068760993803 | [7.78 1.19 1.28] | 1.1754683740157634
1.2063807385457423 | [15.14  2.96 -5.78] | 0.9889530426957696
1.2061664787667752 | [6.85 0.54 1.81] | 1.2237797630381686
1.2056904492798428 | [14.09  2.31 -5.16] | 1.0428684752235369
1.2052957617162228 | [7.8  0.95 1.13] | 1.2061932335050616
1.204992436982587 | [15.02  2.69 -5.87] | 1.0067790669086585
1.204728790450069 | [8.44 1.19 0.56] | 1.186491297859902
1.2044766353976577 | [12.42  2.05 -3.27] | 1.0768654523232832
1.2042958406364868 | [6.28 0.77 2.77] | 1.189381162975938
1.204189928148395 | [13.65  2.53 -4.33] | 1.0261512627725076
1.2041122351068576 | [7.3  1.13 1.88] | 1.1748286343043555
1.2040696977010668 | [14.69  2.9  -5.2 ] | 0.9855172573670221
1.204013788415347 | [8.09 1.38 1.19] | 1.1656435665670084
1.203963931242924 | [15.43  3.14 -5.87] | 0.9600882490072246
1.2038458123117353 | [8.43 1.41 0.82] | 1.1660204038212052
1.2036545146553796 | [14.36  2.79 -4.88] | 1.0177264556705135
1.203195541984996 | [6.55 0.62 2.38] | 1.2131714690427904
1.2026176449279729 | [13.8   2.37 -4.63] | 1.0454879698795838
1.2021408333452142 | [7.62 1.05 1.5 ] | 1.1988400798175
1.2017717044757372 | [14.87  2.79 -5.52] | 1.00714861716382
1.201454047282113 | [8.38 1.32 0.79] | 1.1872837515532388
1.201182622142433 | [14.    2.62 -4.68] | 1.0336793020611297
1.200955389193865 | [7.59 1.19 1.54] | 1.195133014944695
1.2007837806511135 | [14.89  2.93 -5.52] | 1.0027952453807514
1.2006136731970967 | [8.25 1.39 0.87] | 1.1895699461910185
1.2004527758251617 | [14.59  2.87 -5.25] | 1.016161375719336
1.2002605686666452 | [7.82 1.25 1.24] | 1.2029679747402038
1.2000523292874539 | [15.12  2.99 -5.81] | 1.0199897805418692
1.199572177121923 | [6.83 0.57 1.77] | 1.2584125797906447
1.1988490754144876 | [14.02  2.3  -5.21] | 1.0837015384494315
1.1982391928032743 | [7.82 0.96 0.93] | 1.24806695732754
1.1977402567845377 | [14.47  2.53 -5.54] | 1.0704190217909924
1.197310866902004 | [8.07 1.09 0.66] | 1.2412810974741926
1.196931502429864 | [12.81  2.14 -3.91] | 1.1185559780850605
1.196630678701367 | [6.66 0.83 2.04] | 1.249658127247577
1.1964055402393963 | [14.04  2.58 -5.07] | 1.075177712733255
1.1961997524384158 | [7.65 1.14 1.09] | 1.2434022687579864
1.1960216319318362 | [15.04  2.89 -5.99] | 1.0423605217643739
1.1958148775708357 | [8.4  1.33 0.36] | 1.2209124970198466
1.1955681852308568 | [11.09  1.84 -2.09] | 1.142802949947372
1.1953801140942388 | [5.19 0.65 3.61] | 1.2121268844325361
1.1951226712413703 | [13.64  2.74 -3.61] | 1.0280322102364914
1.1946589953909859 | [7.5  1.4  2.16] | 1.1699788252946626
1.1942298849766293 | [14.99  3.16 -4.99] | 0.982028723875666
1.1938153018886581 | [8.6  1.72 1.05] | 1.1679215874775117
1.19346330037793 | [15.85  3.42 -6.03] | 0.9588883006389777
1.1931101593898763 | [9.19 1.85 0.29] | 1.1512622376940342
1.1927653254920463 | [11.38  2.25 -1.74] | 1.08218790665692
1.1925280003862264 | [5.51 1.06 3.9 ] | 1.166869202893397
1.1923629939064675 | [13.11  2.84 -3.26] | 1.0260343494040929
1.1922180451540267 | [6.95 1.51 2.61] | 1.1372061061222236
1.1919161298389638 | [15.58  3.67 -4.53] | 0.902942112921443
1.1913505017744306 | [9.11 2.18 1.4 ] | 1.1008393421648406
1.190880155393948 | [16.17  3.81 -5.69] | 0.8992413488246871
1.1904407725604358 | [9.49 2.22 0.59] | 1.109161214950048
1.190032642395641 | [13.54  3.07 -3.44] | 0.9987683279573268
1.1896962190280027 | [7.27 1.67 2.53] | 1.1445063635749926
1.1894364388319243 | [14.58  3.38 -4.55] | 0.9736155664842002
1.1891902489959179 | [8.05 1.86 1.66] | 1.1526760216222098
1.1889757647132677 | [15.34  3.57 -5.41] | -0.03977300715227591
Total reward: 147.66078887616874
3.6, 0.3, 0.9, 4.6, 2.5, 0.5, -1.4, -2.5, 3.2, -4.2, 0.2, 4.5, -5.5, 3.0, 4.5, -0.4, -4.8, -3.8, -1.5, 2.5, -2.5, -2.5, -1.0, -4.5, 2.2, -3.0, -0.5, 5.3, 1.8, 3.2, 6.0, 1.8, -5.0, 6.0, 2.0, -0.4
parameter ends

state | action | reward
[1.25] | [10.55  2.39  0.68] | 0.9601130590313292
1.2543855316416181 | [19.15  3.27 -4.49] | 0.6658343861622902
1.253358175162672 | [9.19 0.97 3.3 ] | 0.9341020386474158
1.2517333176525334 | [16.97  3.22 -3.83] | 0.6999363658823361
1.2494981482564977 | [8.14 0.79 3.87] | 0.9224034257080214
1.2466440155176228 | [16.53  2.95 -3.32] | 0.7077364342686683
1.243165957845773 | [8.07 0.47 4.34] | 0.9149128271711823
1.2390617205422194 | [16.59  2.59 -2.88] | 0.7091656579199965
1.2343295679355684 | [8.25 0.1  4.78] | 0.9084724114470292
1.228969658456051 | [16.77  2.2  -2.47] | 0.7086794215808143
1.2229809984311628 | [ 8.48 -0.29  5.2 ] | 0.8827218933781604
1.216384047561323 | [15.35  1.47 -2.53] | 0.762799277313185
1.20958623525888 | [ 7.82 -0.84  6.64] | 0.9334956100104315
1.2042128174229172 | [ 9.98  0.63 -1.74] | 0.9118429782247337
1.2009066577668732 | [7.32 0.62 4.69] | 1.026021486407454
1.1991273603679435 | [14.9   2.54 -1.42] | 0.961665629684302
1.198476944947658 | [8.93 1.52 4.85] | 1.0316052986725468
1.1986869100880333 | [13.47  2.84 -2.3 ] | 0.900511653076843
1.199496893538712 | [6.49 1.59 3.54] | 1.0038737924607994
1.2006768697383319 | [12.89  3.22 -3.4 ] | 0.8619276314149908
1.202070034946424 | [6.28 1.81 2.98] | 0.984092957342812
1.2035695464932636 | [13.43  3.58 -3.98] | 0.8274116930618017
1.2050680868772454 | [6.59 1.93 2.78] | 0.9751119591380908
1.206517985485799 | [14.02  3.75 -4.24] | 0.8059561091581804
1.2078454596595285 | [6.9  1.95 2.77] | 0.9720318735727633
1.2090394361678143 | [14.43  3.78 -4.28] | 0.8087891742956947
1.209925000697972 | [6.09 1.29 3.38] | 1.0131942371772211
1.2104590032734022 | [13.64  3.16 -3.57] | 0.8700550721573894
1.2107159686892228 | [5.31 0.69 4.15] | 1.0447681141793408
1.2106628890754187 | [12.72  2.54 -2.77] | 0.9292275103947211
1.2103700534390944 | [4.44 0.09 4.99] | 1.071722714345305
1.2098131655043254 | [11.65  1.9  -1.95] | 0.9575614095841838
1.209452916091958 | [5.97 0.87 4.12] | 1.030509005290551
1.2092738046424631 | [13.24  2.65 -2.86] | 0.8863821913278048
1.2092252976809923 | [7.11 1.4  3.36] | 0.9999244239764555
1.2092969549675752 | [14.35  3.18 -3.65] | 0.8309100747754642
1.2094326435256788 | [7.87 1.75 2.79] | 0.9772533647403877
1.2096325489555975 | [15.08  3.52 -4.21] | 0.791853237881651
1.2098415953257309 | [8.32 1.95 2.43] | 0.9632939900840246
1.2100723125181387 | [15.51  3.72 -4.56] | 0.7791850170856343
1.2101531149432943 | [7.51 1.47 2.91] | 0.99960440350812
1.2100269094861302 | [14.67  3.25 -4.  ] | 0.8415038482174604
1.209739445974815 | [6.84 1.1  3.43] | 1.0266665786218525
1.2093992402500762 | [13.93  2.86 -3.46] | 0.8681334790356698
1.2091954645718075 | [7.53 1.48 2.97] | 1.0047162828047767
1.209123032933426 | [14.58  3.23 -3.96] | 0.8338656521724674
1.2091312644929673 | [7.92 1.71 2.62] | 0.9937022522065116
1.209221119235665 | [14.98  3.45 -4.32] | 0.8312918878921309
1.2091367774385324 | [6.59 0.99 3.44] | 1.0471875586797688
1.2088394700596148 | [13.66  2.75 -3.43] | 0.8941254194992301
1.2086885780743966 | [7.26 1.37 3.  ] | 1.027092630782967
1.2086714388593673 | [14.32  3.11 -3.93] | 0.8612143155404003
1.208736651625045 | [7.67 1.59 2.64] | 1.0169481070765047
1.2088807996239734 | [14.75  3.33 -4.3 ] | 0.8584474653017142
1.2088445014215057 | [6.36 0.87 3.45] | 1.0691821405197965
1.2085871434226019 | [13.44  2.63 -3.43] | 0.9193514424700439
1.2084706624252555 | [7.08 1.26 2.97] | 1.0489954870799376
1.208482573357546 | [14.17  3.01 -3.97] | 0.8844396772018491
1.2085705285241448 | [7.55 1.5  2.58] | 1.0380594160352548
1.2087320999171431 | [14.66  3.25 -4.39] | 0.8795389735007118
1.208700834955116 | [6.39 0.85 3.28] | 1.0856958444189113
1.2084762272948026 | [13.49  2.61 -3.62] | 0.9327262789963093
1.2083785299789265 | [7.13 1.23 2.78] | 1.0660204076627346
1.2083989906440433 | [14.25  2.98 -4.17] | 0.8977717472635479
1.2084853729668628 | [7.62 1.47 2.37] | 1.05548463452739
1.208637987095759 | [14.75  3.21 -4.6 ] | 0.8928537450961274
1.2085899900954016 | [6.36 0.75 3.14] | 1.107464041322225
1.2083060910356902 | [13.46  2.51 -3.76] | 0.9531394695238231
1.2081557624303318 | [7.15 1.16 2.6 ] | 1.087175595570585
1.2081306244465018 | [14.28  2.9  -4.35] | 0.9164182907931213
1.2081777135927725 | [7.68 1.41 2.16] | 1.0764317830097254
1.208297279409747 | [14.81  3.15 -4.81] | 0.9087750626403829
1.2082360806581407 | [6.78 0.88 2.69] | 1.1175843658671245
1.2080321327857002 | [13.9   2.63 -4.24] | 0.952405068278142
1.2079335757541358 | [7.45 1.22 2.19] | 1.1019978040492062
1.2079369286437283 | [14.58  2.96 -4.77] | 0.9289440808941017
1.2079051231198235 | [7.38 1.14 2.16] | 1.1143483060751087
1.2078547008653988 | [14.5   2.88 -4.79] | 0.9481154489826403
1.2076947282192103 | [7.01 0.9  2.35] | 1.13710399807675
1.207511376990993 | [14.11  2.64 -4.59] | 0.9662210192015513
1.2074242336003764 | [7.61 1.2  1.86] | 1.125273142151178
1.2074310450466534 | [14.73  2.93 -5.11] | 0.9515328482355401
1.2073273063986287 | [7.11 0.88 2.1 ] | 1.1541260027159113
1.2071471549363986 | [14.22  2.62 -4.84] | 0.9789455207096777
1.2070554860047393 | [7.69 1.16 1.62] | 1.1439902534637576
1.2070514146212963 | [14.82  2.9  -5.35] | 0.9710829658038385
1.2068723665264662 | [6.8  0.63 2.14] | 1.1873696951868484
1.2065570504077952 | [13.87  2.37 -4.8 ] | 1.0178831200996858
1.206362534972845 | [7.51 0.98 1.56] | 1.1743720078643607
1.206282486443838 | [14.64  2.71 -5.41] | 0.9877734862985186
1.2062617760111622 | [8.   1.19 1.1 ] | 1.1698048897486955
1.206303528428001 | [15.14  2.92 -5.88] | 0.9868581466508003
1.2061368009788356 | [6.74 0.45 1.85] | 1.2277791464412637
1.2057280863621556 | [13.8   2.19 -5.08] | 1.0560011150474442
1.2054471495313555 | [7.51 0.83 1.24] | 1.2143093429644776
1.2052869298627553 | [14.63  2.55 -5.73] | 1.0248353003350963
1.2051915202078942 | [8.05 1.05 0.74] | 1.2024980802445655
1.2051352529576793 | [13.29  2.26 -4.36] | 1.062787032636459
1.2051287765044132 | [6.87 0.84 1.94] | 1.2060829562807622
1.205175091633394 | [14.15  2.59 -5.12] | 1.0279345957775636
1.205225387421918 | [7.54 1.06 1.33] | 1.198517795513652
1.2052886274108467 | [14.85  2.82 -5.71] | 1.019242358202121
1.2050805680808705 | [6.57 0.4  1.88] | 1.2475962230901856
1.204621063609485 | [13.77  2.16 -5.1 ] | 1.0739645532457023
1.204256410865849 | [7.53 0.81 1.15] | 1.2313248541556425
1.2039897595460194 | [14.75  2.55 -5.85] | 1.0370308159236163
1.2037671570449475 | [8.22 1.07 0.55] | 1.2113513670152356
1.2035543162488598 | [12.1   1.9  -3.17] | 1.1062109590468516
1.2034150863758053 | [6.01 0.64 2.82] | 1.2118401668016703
1.20334789283805 | [13.41  2.41 -4.31] | 1.0521204951117433
1.2033053443807562 | [7.12 1.03 1.86] | 1.196056638397027
1.2032911311343573 | [14.57  2.81 -5.24] | 1.0071698332947325
1.2032568094367586 | [8.01 1.31 1.11] | 1.1847972955460682
1.2032203350272148 | [15.39  3.07 -5.97] | 0.9757658895215018
1.2031330827831956 | [8.62 1.46 0.55] | 1.1667586524036104
1.2029815317132884 | [12.65  2.33 -3.24] | 1.0545013349713235
1.2028362123110654 | [6.39 0.97 2.85] | 1.172076732508724
1.2026960015218253 | [13.99  2.79 -4.29] | 1.0003342214489244
1.202515408830872 | [7.53 1.33 1.94] | 1.143907720399167
1.2021951853672872 | [15.37  3.23 -5.18] | 0.9360558959990863
1.2018074716032043 | [8.72 1.68 1.14] | 1.1328357020182478
1.201467276380349 | [15.88  3.38 -5.91] | 0.9372543130451743
1.200936714125031 | [7.93 1.14 1.45] | 1.1864022508940804
1.200255313009279 | [15.04  2.85 -5.51] | 0.9966117184629677
1.199676535039251 | [8.55 1.38 0.8 ] | 1.1820333557454854
1.199191828884047 | [14.1   2.66 -4.7 ] | 1.0315731390548049
1.1987929689274344 | [7.7  1.23 1.51] | 1.1978760307857945
1.1984883744299317 | [14.87  2.94 -5.51] | 1.0108972905625018
1.1982199759542282 | [8.23 1.39 0.87] | 1.1999762865177146
1.1979906091753247 | [14.45  2.84 -5.21] | 1.0449726622853177
1.197561623261617 | [6.86 0.78 1.87] | 1.246337073352182
1.197074834768692 | [14.07  2.5  -5.14] | 1.0743044162403625
1.1966655269282551 | [7.69 1.07 1.07] | 1.245401446136059
1.196338380605238 | [14.92  2.79 -5.96] | 1.0518264125378454
1.1960337349243344 | [8.28 1.23 0.42] | 1.2325277369580587
1.1957218845748756 | [11.21  1.8  -2.37] | 1.1531511663312417
1.1954954218583742 | [5.26 0.57 3.4 ] | 1.2405934560544722
1.1953412110717638 | [12.75  2.35 -3.76] | 1.1001305583184253
1.1952093988242514 | [6.6  1.01 2.2 ] | 1.2301648800396385
1.195100002090427 | [14.16  2.79 -4.93] | 1.0525514033133672
1.1949621620644104 | [7.72 1.32 1.23] | 1.221480606812655
1.1948129622902213 | [15.21  3.09 -5.88] | 1.0167036296665939
1.1946002554341202 | [8.54 1.51 0.47] | 1.192973372732879
1.1942119304309995 | [12.62  2.41 -2.86] | 1.0708176227798862
1.1937199949859756 | [6.56 1.13 2.89] | 1.1721623251707103
1.1931252613577918 | [14.68  3.1  -4.31] | 0.9810281752424672
1.1924741926125475 | [8.37 1.7  1.58] | 1.1557556926903687
1.1919345648388668 | [15.51  3.36 -5.5 ] | 0.9630483542000189
1.191443084960542 | [8.98 1.85 0.69] | 1.1579620797784052
1.1910002455555295 | [13.81  2.91 -4.07] | 1.0276939999035553
1.1906222861582703 | [7.51 1.51 1.94] | 1.183662597513312
1.1903159697558998 | [14.82  3.22 -5.14] | 1.0011109231912156
1.190018272319292 | [8.27 1.69 1.09] | 1.1903360779098606
1.1897483259265278 | [15.55  3.4  -5.97] | 0.9873722569953645
1.1894438160442016 | [8.77 1.76 0.46] | 1.1864242584594893
1.1890972549334677 | [12.06  2.41 -2.67] | 0.09922174420043264
Total reward: 158.37083788558272
3.6, 0.3, 0.9, 4.6, 2.5, 0.5, -1.4, -2.5, 3.2, -4.2, 0.2, 4.5, -5.5, 3.0, 4.5, -0.4, -4.8, -3.8, -1.5, 2.5, -2.5, -2.5, -1.0, -4.5, 2.2, -3.0, -0.5, 5.3, 1.8, 3.2, 6.0, 1.8, -5.0, 6.0, 2.0, -0.4
parameter ends

state | action | reward
[1.25] | [10.52  2.33  0.71] | 0.8982244639567559
1.2532602674721427 | [16.59  3.73 -4.35] | 0.7023118192596252
1.2522393661900795 | [8.17 1.21 3.29] | 0.9314938235326137
1.2505907176036681 | [16.77  3.33 -3.92] | 0.7026810510571322
1.2483147984323737 | [8.34 0.83 3.73] | 0.9256884532292196
1.2454114946690036 | [16.92  2.96 -3.48] | 0.7027665015929657
1.2418809597716634 | [8.5  0.47 4.18] | 0.9187604216163744
1.2377235558806527 | [17.02  2.58 -3.05] | 0.7031133727402312
1.2329388601815678 | [8.65 0.09 4.61] | 0.9115075767185353
1.2275273785338106 | [17.11  2.19 -2.63] | 0.7031769510650763
1.2214883434066883 | [ 8.79 -0.29  5.04] | 0.886727466299525
1.214891273934789 | [14.58  1.27 -2.43] | 0.8359865881556716
1.2089466394555481 | [ 7.18 -0.99  7.22] | 0.9863847708180554
1.2041830685211306 | [ 7.69 -0.19 -0.68] | 0.9454257462548336
1.201176974227869 | [ 4.2  -0.08  2.46] | 0.9536536044384213
1.199607924444509 | [ 9.77  1.69 -4.76] | 0.9236839379923053
1.1990800373364172 | [7.87 1.31 2.79] | 1.1175908456888148
1.199367995793503 | [17.46  3.5  -2.86] | 1.0256797411101066
1.2001923322287233 | [13.83  2.19  5.7 ] | 1.1759815131203433
1.201301457069279 | [16.4   3.1  -2.04] | 0.9809464407145629
1.2026881022972402 | [6.42 1.08 3.69] | 1.1160577041709856
1.2041981779557718 | [12.07  2.62 -3.65] | 0.9643766782677696
1.2057214646355776 | [4.59 0.93 2.9 ] | 1.0715925335243852
1.2071819489833808 | [11.93  2.76 -4.22] | 0.9409352377475563
1.2083686815323025 | [3.79 0.37 3.31] | 1.0941359666047228
1.2091640838646447 | [11.51  2.28 -3.7 ] | 0.9824152661299015
1.2096638307250163 | [4.19 0.27 3.58] | 1.1003923442850005
1.2100038354629088 | [11.89  2.16 -3.44] | 0.9666742751238693
1.2103414247257858 | [5.79 0.84 3.03] | 1.0702989717620044
1.2106749616012171 | [13.45  2.7  -4.03] | 0.9074929144321962
1.2109702882901325 | [6.99 1.24 2.53] | 1.0462897584333102
1.211239280174964 | [14.52  3.07 -4.53] | 0.8647964350611093
1.211411134004718 | [7.55 1.35 2.31] | 1.0378232884582577
1.2114987282592007 | [14.95  3.16 -4.71] | 0.8646533582714764
1.2113155825181117 | [6.59 0.68 3.  ] | 1.0817953632208748
1.210851437038548 | [13.83  2.49 -3.91] | 0.9135063860240715
1.2104974567928215 | [7.6  1.2  2.46] | 1.0489181177948175
1.210264055303084 | [14.78  2.97 -4.49] | 0.8648769348501709
1.2101049946622238 | [8.24 1.51 2.03] | 1.0295388581758245
1.2100326404188253 | [15.34  3.27 -4.92] | 0.8360134465133131
1.209981309978197 | [8.44 1.62 1.84] | 1.0256588143854548
1.2099615490008364 | [15.51  3.37 -5.1 ] | 0.8449027162942799
1.2097669700716323 | [7.11 0.91 2.68] | 1.0810544208465136
1.2093651931861629 | [14.14  2.67 -4.18] | 0.9244675703380614
1.208967231059126 | [7.13 0.97 2.7 ] | 1.083264506991515
1.2086951472884535 | [14.14  2.7  -4.2 ] | 0.9161583489134669
1.208565952824896 | [7.68 1.3  2.25] | 1.0674798304948883
1.208566399709106 | [14.71  3.03 -4.68] | 0.8876253786054907
1.208643769116559 | [8.   1.48 1.93] | 1.060029461155503
1.20879476625869 | [15.06  3.22 -5.01] | 0.8882911710290625
1.2087696437163553 | [6.66 0.76 2.75] | 1.114564466598364
1.208525970629984 | [13.71  2.51 -4.13] | 0.9564545467343697
1.208372564733497 | [7.12 1.02 2.45] | 1.1032005430530682
1.208329762560009 | [14.21  2.77 -4.48] | 0.9322458019203714
1.2083726451861692 | [7.61 1.27 2.06] | 1.0922156015840319
1.2084965638677774 | [14.7   3.02 -4.9 ] | 0.9272101823097084
1.2084318257678828 | [6.44 0.62 2.77] | 1.1404979693322168
1.2081761735814691 | [13.5   2.37 -4.14] | 0.9819054878491322
1.2080538626464807 | [7.18 1.01 2.24] | 1.121328190243453
1.2080542544053872 | [14.31  2.76 -4.71] | 0.9459215954748972
1.208124204625849 | [7.7  1.26 1.82] | 1.1107990619265986
1.208262644946336 | [14.83  3.   -5.16] | 0.9390758779482862
1.2082086803399779 | [6.6  0.62 2.48] | 1.1583080988607626
1.2079522518533943 | [13.69  2.37 -4.45] | 0.9931333455637447
1.207815352591258 | [7.35 1.   1.94] | 1.140211258415243
1.2077915094893457 | [14.49  2.75 -5.02] | 0.9586289744985871
1.2078278161395632 | [7.86 1.23 1.51] | 1.131183604811883
1.2079267123584754 | [15.    2.98 -5.46] | 0.9543953789445586
1.2078185616622135 | [6.61 0.51 2.27] | 1.1855937764086606
1.2074698746466204 | [13.68  2.26 -4.65] | 1.0187243749481794
1.2072518665828365 | [7.39 0.91 1.7 ] | 1.1676065887085967
1.207157462750726 | [14.52  2.65 -5.26] | 0.9834837248152404
1.2071325494804834 | [7.93 1.15 1.23] | 1.1594545069985147
1.2071788951809697 | [15.07  2.89 -5.74] | 0.9772163425367847
1.2070404400471193 | [7.04 0.62 1.75] | 1.2035110281544847
1.2067566516451003 | [14.12  2.36 -5.19] | 1.0253732159405562
1.2065761338457248 | [7.7  0.94 1.22] | 1.1911800900615053
1.2064961584569425 | [14.82  2.68 -5.74] | 1.0037841831593788
1.2063773516852776 | [7.64 0.85 1.16] | 1.2066995789050006
1.2062374602048231 | [14.74  2.59 -5.8 ] | 1.0258906741816263
1.2059830484455714 | [7.26 0.61 1.33] | 1.2328329423226096
1.2057021957405274 | [14.33  2.33 -5.62] | 1.0482240990506746
1.2055136759357352 | [7.86 0.89 0.79] | 1.2181362121781263
1.2053926581046341 | [13.44  2.19 -4.65] | 1.070322337249074
1.2053367690923076 | [7.05 0.78 1.64] | 1.2187921381925904
1.2053474880431023 | [14.29  2.53 -5.4 ] | 1.0357912855163942
1.205373771003899 | [7.68 1.01 1.06] | 1.2116863606004153
1.2054233624976654 | [14.96  2.76 -5.97] | 1.0279943219656067
1.2052128391884942 | [6.69 0.35 1.64] | 1.2618993208182823
1.2047594474215146 | [13.85  2.1  -5.34] | 1.0846574146989856
1.2044045504191967 | [7.6  0.75 0.93] | 1.2439148958621085
1.204142851902152 | [14.3   2.35 -5.58] | 1.0641439863223936
1.2039367159231964 | [7.86 0.91 0.76] | 1.232029111158865
1.2037688231597548 | [13.29  2.16 -4.49] | 1.088326900881831
1.203648869886979 | [6.98 0.79 1.7 ] | 1.2316891652732747
1.203581238958662 | [14.31  2.54 -5.38] | 1.046929846098319
1.2035163879924602 | [7.78 1.05 0.97] | 1.2213444115283685
1.2034636972506356 | [14.94  2.76 -5.9 ] | 1.0231079523293354
1.2033811457910928 | [8.23 1.19 0.58] | 1.205256015482397
1.2032498875617936 | [12.48  2.11 -3.43] | 1.0904371861380364
1.2031327690842881 | [6.23 0.76 2.66] | 1.2074435031090518
1.2030395336210697 | [13.71  2.55 -4.48] | 1.0405109734234224
1.2029303858125315 | [7.29 1.11 1.76] | 1.1933588421700139
1.2028212879757454 | [14.77  2.89 -5.34] | 1.000433889712414
1.202670132069483 | [8.14 1.35 1.05] | 1.1827986476700634
1.2024811065373606 | [15.6   3.13 -6.03] | 0.9830284713431208
1.2020014910702397 | [7.55 0.83 1.37] | 1.2266699503779157
1.2013237698646912 | [14.79  2.58 -5.62] | 1.0337447786829808
1.200720704359762 | [8.41 1.17 0.64] | 1.206990008235817
1.2001774152265108 | [12.9   2.16 -3.71] | 1.0863965371284856
1.1997333853151375 | [6.81 0.89 2.23] | 1.2143759045950364
1.1993920324759828 | [14.14  2.63 -4.85] | 1.0407761004326201
1.1990991569981186 | [7.8  1.23 1.29] | 1.206146601280658
1.1988645705260357 | [15.12  2.97 -5.78] | 1.0071171774045307
1.1986312206825747 | [8.51 1.44 0.57] | 1.190650512918783
1.198382030272476 | [12.59  2.31 -3.32] | 1.080121012843374
1.1981758085125627 | [6.44 0.99 2.64] | 1.2004869282591257
1.198016083499063 | [13.93  2.77 -4.48] | 1.0319150713281005
1.197853980237505 | [7.53 1.33 1.66] | 1.190390667312626
1.1977041211530348 | [14.98  3.1  -5.44] | 0.9948724563217914
1.19751524941123 | [8.36 1.55 0.9 ] | 1.1832015930007855
1.197306218937077 | [14.98  3.1  -5.43] | 0.9975261254781389
1.1970530704610503 | [8.32 1.52 0.94] | 1.1886259983039689
1.196781846345712 | [15.22  3.15 -5.68] | 1.0081428123116842
1.196226069691145 | [7.19 0.85 1.68] | 1.2418500554077836
1.1954631013257155 | [14.48  2.59 -5.32] | 1.058888912255328
1.194775727022707 | [8.17 1.2  0.82] | 1.2316199941799493
1.1941660545119694 | [14.09  2.56 -4.91] | 1.0743101835351765
1.1936214381526629 | [7.77 1.16 1.16] | 1.2423691065698457
1.1931536402209315 | [15.05  2.87 -5.89] | 1.0467819599321608
1.1927033868788839 | [8.48 1.35 0.38] | 1.2257336065724103
1.1922652479581746 | [11.22  1.88 -2.2 ] | 1.1491591452372578
1.1919257629621496 | [5.36 0.69 3.45] | 1.2356748540528277
1.1916638611780388 | [12.91  2.47 -3.72] | 1.0932151701203605
1.1914273431339106 | [6.81 1.15 2.14] | 1.2133612725508611
1.1911007937033349 | [14.96  3.13 -5.  ] | 1.004140122054321
1.1906394163859046 | [8.54 1.67 0.99] | 1.1915543724724325
1.1902271284540524 | [15.72  3.34 -6.03] | 0.9864873009394395
1.1898057750353812 | [9.1  1.77 0.23] | 1.1739514289721602
1.1894112203906262 | [11.    2.13 -1.49] | 1.1093829817795262
1.1891520163112492 | [5.21 0.97 4.05] | 0.1710871234715658
Total reward: 147.36590727557044
3.6, 0.3, 0.9, 4.6, 2.5, 0.5, -1.4, -2.5, 3.2, -4.2, 0.2, 4.5, -5.5, 3.0, 4.5, -0.4, -4.8, -3.8, -1.5, 2.5, -2.5, -2.5, -1.0, -4.5, 2.2, -3.0, -0.5, 5.3, 1.8, 3.2, 6.0, 1.8, -5.0, 6.0, 2.0, -0.4
parameter ends

state | action | reward
[1.25] | [10.45  2.33  0.69] | 0.9769579725474138
1.2490351067340764 | [20.81  2.93 -4.79] | 0.633574235655671
1.247961932215602 | [9.93 0.88 3.21] | 0.9342713630512789
1.246307821816884 | [17.19  3.25 -3.81] | 0.6950156220581934
1.2440537033114107 | [8.12 0.88 3.92] | 0.9201630613072438
1.2411852602492601 | [16.42  3.06 -3.25] | 0.7074569761421428
1.237694631745948 | [7.91 0.57 4.4 ] | 0.9128037217032555
1.2335779126466362 | [16.46  2.68 -2.83] | 0.7101053442985602
1.2288328051165207 | [8.12 0.17 4.81] | 0.9075737182092349
1.2234592140660472 | [16.66  2.26 -2.45] | 0.7100014300413708
1.217456200752567 | [ 8.39 -0.24  5.2 ] | 0.9009216858347825
1.2113941131310526 | [12.29  0.93 -1.7 ] | 0.9047537726949418
1.206413250754379 | [ 4.61 -1.39  7.6 ] | 0.9784564782172762
1.2027079217497727 | [ 7.57  0.42 -1.52] | 0.9372942455967338
1.200665128759503 | [4.71 0.35 4.5 ] | 0.9963709950762633
1.1997850713522378 | [11.96  2.25 -2.16] | 0.9884836788711193
1.1997071226757117 | [9.97 1.72 5.46] | 1.1423263857976877
1.2002378263324545 | [17.32  3.47 -0.93] | 0.897934454508777
1.20122987150028 | [8.16 1.74 3.95] | 1.035842742086483
1.2024775864127417 | [13.41  3.19 -3.36] | 0.8758395405260107
1.2038642799811965 | [6.04 1.6  2.97] | 0.9983798106424258
1.2052972917530214 | [13.05  3.37 -4.11] | 0.8398224625352666
1.2066823880400117 | [6.09 1.7  2.68] | 0.9816373629537685
1.2079826232274036 | [13.63  3.54 -4.37] | 0.8166864680600296
1.2091141900705518 | [6.12 1.49 2.9 ] | 0.9940529497896105
1.2099685255559685 | [13.75  3.36 -4.11] | 0.8437417696316339
1.2105126874802856 | [5.5  0.89 3.58] | 1.0321472320899066
1.2107140229236082 | [13.06  2.76 -3.35] | 0.9030057355520198
1.2106481231279482 | [4.81 0.31 4.4 ] | 1.0625876954862394
1.2102892393752227 | [12.15  2.14 -2.52] | 0.9340232314293342
1.2100616577744914 | [6.24 0.98 3.73] | 1.024097614787087
1.2099609616045186 | [13.58  2.78 -3.25] | 0.8701472896345335
1.2099428051565526 | [7.27 1.44 3.13] | 0.9964781571449701
1.210007353608164 | [14.52  3.22 -3.87] | 0.8226720322786263
1.210105736999579 | [7.92 1.73 2.68] | 0.9771809932903017
1.2102473498222264 | [15.13  3.5  -4.31] | 0.7908144198581326
1.2103841947982232 | [8.29 1.89 2.41] | 0.9660890636171252
1.2105353713347557 | [15.46  3.65 -4.56] | 0.7897276657827927
1.2104731363345111 | [7.07 1.19 3.19] | 1.0173474900196577
1.210174575413599 | [14.2   2.97 -3.69] | 0.8726283869273692
1.2097180100774403 | [5.96 0.59 4.03] | 1.056040772082742
1.20910981954571 | [12.96  2.34 -2.83] | 0.9178321566062313
1.2087256833754734 | [6.95 1.16 3.36] | 1.0254361824460014
1.2085434876982604 | [14.    2.91 -3.56] | 0.8664961054557281
1.2085063592431398 | [7.62 1.54 2.82] | 1.0055261555561765
1.20860050600488 | [14.69  3.28 -4.13] | 0.8306349306707118
1.208766223684284 | [8.01 1.76 2.46] | 0.993944120593248
1.2090012997400112 | [15.11  3.51 -4.49] | 0.8134666110961435
1.2091978711895999 | [7.65 1.55 2.63] | 1.0120490334104573
1.209293762806093 | [14.76  3.31 -4.29] | 0.8517760380667851
1.2092133423347222 | [6.38 0.86 3.48] | 1.0613900109142669
1.2089169562560014 | [13.45  2.62 -3.39] | 0.910873811757547
1.2087666074298917 | [7.11 1.27 3.02] | 1.0389617072164135
1.2087499943783135 | [14.19  3.01 -3.91] | 0.8744861234139654
1.2088158339733341 | [7.57 1.51 2.65] | 1.026652552260265
1.2089610392395826 | [14.67  3.26 -4.31] | 0.8689242802611764
1.2089197651921462 | [6.4  0.86 3.37] | 1.0737786754425398
1.2086903843782226 | [13.49  2.62 -3.53] | 0.9216356368147368
1.2085936023672978 | [7.13 1.25 2.88] | 1.052980467000018
1.2086190954681093 | [14.23  3.   -4.07] | 0.8859225795953268
1.2087146439791532 | [7.6  1.49 2.49] | 1.0414145820303782
1.208879280526227 | [14.72  3.24 -4.48] | 0.880486655273384
1.2088474360766222 | [6.45 0.84 3.19] | 1.0887980453009516
1.2086200159110227 | [13.56  2.6  -3.71] | 0.9334855001108054
1.208516400808857 | [7.19 1.22 2.7 ] | 1.0686629458935548
1.2085291475839433 | [14.31  2.97 -4.25] | 0.898407404444652
1.2086065025566972 | [7.67 1.45 2.3 ] | 1.0579073593134443
1.2087495927785645 | [14.79  3.2  -4.67] | 0.8936077310551838
1.2086932207798196 | [6.41 0.74 3.07] | 1.1099853671444475
1.2084022679097377 | [13.5   2.49 -3.83] | 0.9542381423062429
1.208244987843339 | [7.19 1.14 2.54] | 1.089654137841801
1.208213224596651 | [14.31  2.89 -4.41] | 0.9177844221367845
1.2082543563143566 | [7.71 1.39 2.11] | 1.0789218497300956
1.2083686703449992 | [14.83  3.14 -4.86] | 0.9111070323143204
1.208295201467607 | [6.6  0.75 2.77] | 1.126858707826279
1.2080243810888711 | [13.69  2.51 -4.14] | 0.965422671104114
1.2078789786813142 | [7.34 1.14 2.24] | 1.1088829710790127
1.2078521546457035 | [14.46  2.88 -4.71] | 0.9316498565532778
1.2078905705197196 | [7.83 1.36 1.82] | 1.100247341609561
1.2079960863758057 | [14.95  3.1  -5.15] | 0.9281569675652557
1.2079002825391925 | [6.68 0.7  2.51] | 1.1510241628321831
1.2076063530385446 | [13.77  2.45 -4.41] | 0.9860692146495365
1.207434936543681 | [7.41 1.07 1.97] | 1.134892261605757
1.207379939147464 | [14.53  2.81 -4.98] | 0.954102781666242
1.2073881370384862 | [7.89 1.29 1.54] | 1.1279454955725654
1.2074621708292526 | [15.02  3.02 -5.43] | 0.9519884128100964
1.2073338897688544 | [6.62 0.56 2.31] | 1.1838741740276255
1.2069687570380268 | [13.69  2.3  -4.61] | 1.0182772094742412
1.2067364326418233 | [7.39 0.94 1.73] | 1.1681383261794729
1.2066289836737822 | [14.51  2.68 -5.23] | 0.9852987798718243
1.2065919080403062 | [7.92 1.18 1.26] | 1.1617629926468778
1.2066266320392565 | [15.05  2.91 -5.72] | 0.9812889103979875
1.2064682459844784 | [6.81 0.53 1.91] | 1.2136661701266014
1.2061081923799444 | [13.88  2.26 -5.03] | 1.0413066959151382
1.2058706519054005 | [7.55 0.89 1.31] | 1.2003984682890654
1.2057492412623072 | [14.67  2.62 -5.65] | 1.0108412581335553
1.2056884075383234 | [8.06 1.1  0.84] | 1.191392485706817
1.2056733920097367 | [14.01  2.51 -4.97] | 1.0388959109996911
1.2055586853684406 | [6.81 0.67 1.9 ] | 1.216306343395919
1.2054192100815755 | [14.    2.41 -5.11] | 1.0408664406310575
1.205334549631485 | [7.53 0.96 1.28] | 1.2061888503069367
1.2053079788791463 | [14.77  2.71 -5.73] | 1.0222957073446428
1.2051454007239788 | [7.34 0.75 1.3 ] | 1.2289657443353712
1.204916099594954 | [14.53  2.49 -5.69] | 1.0393143231582882
1.2047333168524557 | [7.98 1.   0.75] | 1.2142850264322422
1.204580663654396 | [13.37  2.24 -4.45] | 1.0710493547558966
1.2044700361114682 | [6.96 0.83 1.81] | 1.216611012828258
1.2044087887098884 | [14.27  2.58 -5.25] | 1.0351101320250218
1.2043497668228642 | [7.68 1.06 1.17] | 1.2092538334445015
1.2043061301470646 | [14.99  2.82 -5.88] | 1.025962142112577
1.203987977295652 | [6.71 0.4  1.71] | 1.2600561976987228
1.2034201223534862 | [13.9   2.15 -5.27] | 1.0832082927698756
1.2029551038401547 | [7.69 0.81 0.94] | 1.2432178739940623
1.2025909542294895 | [14.44  2.42 -5.61] | 1.0613873671869056
1.2022876154644146 | [8.02 0.99 0.67] | 1.230184053055537
1.2020228087161537 | [12.84  2.07 -3.97] | 1.1028851987656418
1.201826296209308 | [6.66 0.76 2.07] | 1.231920029758902
1.2016987450143894 | [14.03  2.52 -5.03] | 1.055673109938209
1.2015885430352706 | [7.62 1.08 1.2 ] | 1.220686638613863
1.2015041772479655 | [15.01  2.85 -5.87] | 1.0195109327000877
1.2013939143569874 | [8.35 1.29 0.54] | 1.2006469128929969
1.2012362110019879 | [12.29  2.13 -3.16] | 1.0928240659288282
1.2011022232231503 | [6.14 0.83 2.82] | 1.2038077381632712
1.2009978755476263 | [13.68  2.62 -4.33] | 1.0386932882869875
1.2008802954053686 | [7.32 1.2  1.82] | 1.1712808805816952
1.2005682300502851 | [15.58  3.23 -5.31] | 0.9441616494802227
1.200092695120795 | [8.97 1.7  0.89] | 1.1434926259218496
1.199672383232422 | [15.27  3.15 -5.37] | 0.9630969984214424
1.1992810267397447 | [8.66 1.62 0.94] | 1.158170649972611
1.1989402400327536 | [15.38  3.2  -5.65] | 0.9670005706859555
1.1986094478597926 | [8.67 1.62 0.77] | 1.1644735012997054
1.1982958598444295 | [14.17  2.87 -4.59] | 1.0280269239466644
1.1977801171999882 | [6.74 0.9  2.36] | 1.2120527010896323
1.1972462996781332 | [13.99  2.62 -4.67] | 1.0461944452384295
1.1967964368456032 | [7.67 1.22 1.47] | 1.209238519614883
1.1964377864634053 | [14.89  2.93 -5.56] | 1.02024668993749
1.1961105927416664 | [8.31 1.41 0.76] | 1.205920528858932
1.1958110039697636 | [13.72  2.63 -4.49] | 1.0629206425417446
1.195544441685027 | [7.3  1.18 1.68] | 1.221594025703971
1.1953203504848913 | [14.63  2.91 -5.39] | 1.0368098467280558
1.1950844761900685 | [8.   1.35 0.95] | 1.223268776151146
1.1948527395519632 | [14.94  2.98 -5.75] | 1.0482774892832452
1.1943390976612487 | [6.86 0.66 1.66] | 1.2781102945922225
1.193626893027784 | [14.12  2.4  -5.36] | 1.1019218185324535
1.1929957359322578 | [7.84 1.01 0.77] | 1.268234030941257
1.1924356268666192 | [13.38  2.26 -4.57] | 1.127210847498447
1.191947873788881 | [7.17 0.91 1.41] | 1.2784763778455868
1.1915347265551692 | [14.51  2.64 -5.67] | 1.0925088047044094
1.1911368647022125 | [8.05 1.15 0.51] | 1.2630582219127162
1.190736701139311 | [11.76  1.92 -2.98] | 1.1672895606591491
1.190402979421282 | [5.81 0.68 2.73] | 1.2709977984594978
1.1901250789385112 | [13.37  2.46 -4.44] | 1.1124278577775342
1.1898494491210627 | [7.18 1.1  1.49] | 1.243405881756806
1.1894185432161974 | [15.58  3.18 -5.63] | 0.007533954367773044
Total reward: 157.58338013296466
3.6, 0.3, 0.9, 4.6, 2.5, 0.5, -1.4, -2.5, 3.2, -4.2, 0.2, 4.5, -5.5, 3.0, 4.5, -0.4, -4.8, -3.8, -1.5, 2.5, -2.5, -2.5, -1.0, -4.5, 2.2, -3.0, -0.5, 5.3, 1.8, 3.2, 6.0, 1.8, -5.0, 6.0, 2.0, -0.4
parameter ends

state | action | reward
[1.25] | [10.56  2.37  0.69] | 0.9487778508638334
1.2511465369582264 | [21.05  4.64 -2.99] | 0.6059667130984029
1.2501099197696164 | [10.08  1.58  3.91] | 0.9143331969874485
1.2484899815023736 | [17.32  3.43 -3.68] | 0.6845020435975429
1.2462684129081707 | [8.21 0.8  3.78] | 0.9151929313406097
1.2434323005995491 | [16.48  2.87 -3.5 ] | 0.7006813017213509
1.2399740258782228 | [7.97 0.37 4.13] | 0.9095606635394984
1.2358902248054426 | [16.48  2.49 -3.09] | 0.7035513264313287
1.2311782492132615 | [8.17 0.02 4.59] | 0.9020171424222267
1.225839288435866 | [16.58  2.11 -2.67] | 0.70463745379582
1.219871633037419 | [ 8.41 -0.34  5.05] | 0.873716965598851
1.2132972552931596 | [14.8   1.33 -2.69] | 0.7914603901664105
1.2070847979955022 | [ 8.48 -0.4   6.35] | 0.9615865968820273
1.202690158477369 | [12.69  1.46 -1.59] | 0.8751791322761753
1.2001490372205372 | [7.3  0.93 4.13] | 0.9774429744106491
1.1989643251089273 | [13.52  2.63 -2.45] | 0.8649439353110417
1.198772367215684 | [7.34 1.63 3.51] | 0.9842097806640587
1.1992737705492784 | [13.62  3.24 -3.17] | 0.8483947755364077
1.2002475891174722 | [7.18 1.93 3.12] | 0.9789179780101563
1.2015065588800653 | [13.96  3.64 -3.73] | 0.8231386390487626
1.202912339912667 | [7.17 2.07 2.92] | 0.9728063889344883
1.2043762506787383 | [14.28  3.83 -4.03] | 0.8052989973579898
1.2058023385201488 | [7.15 2.05 2.9 ] | 0.9707737250831643
1.2071563855618659 | [14.45  3.85 -4.1 ] | 0.8064851112896614
1.2082868628482393 | [6.24 1.45 3.48] | 1.0061981328315492
1.209097160937362 | [13.66  3.3  -3.48] | 0.8645897126603377
1.2096474875492715 | [5.29 0.82 4.23] | 1.0389012256844155
1.2098892805480939 | [12.69  2.67 -2.7 ] | 0.9239457400088867
1.209889109473426 | [4.37 0.21 5.04] | 1.0651940480727566
1.2096082218521205 | [11.63  2.03 -1.89] | 0.9523719131636272
1.2094739092408788 | [5.73 0.88 4.31] | 1.026234546058382
1.2094712543392008 | [13.05  2.68 -2.69] | 0.8868461818180428
1.2095554962199073 | [6.78 1.36 3.63] | 0.9974512348238548
1.2097187352943704 | [14.08  3.14 -3.39] | 0.8353153937021771
1.209912661116017 | [7.51 1.67 3.11] | 0.9755437513112105
1.210140765874241 | [14.78  3.46 -3.91] | 0.7978377856300247
1.2103560634478927 | [7.99 1.87 2.77] | 0.9609600845569897
1.210574096582845 | [15.22  3.64 -4.24] | 0.7911974609503207
1.2105554755358146 | [6.83 1.17 3.48] | 1.0093135183267397
1.2102795829761777 | [14.02  2.96 -3.41] | 0.8628207318182821
1.209908322641316 | [6.81 1.14 3.61] | 1.0116878254820547
1.209608103914851 | [13.91  2.91 -3.3 ] | 0.854878310540405
1.2094321233935346 | [7.52 1.53 3.11] | 0.9889596991528321
1.2093788813080766 | [14.6   3.28 -3.84] | 0.818552543438145
1.2093969982929522 | [7.94 1.77 2.75] | 0.9763427425591938
1.209490792711342 | [15.02  3.51 -4.2 ] | 0.8131546274160677
1.2094138384043163 | [6.78 1.13 3.46] | 1.0234048673470582
1.20915572543765 | [13.86  2.89 -3.42] | 0.867209304314946
1.2090266953078315 | [7.4  1.48 3.05] | 1.0038855132553375
1.2090188332393224 | [14.46  3.23 -3.88] | 0.8434329229221903
1.20899312647368 | [7.29 1.43 3.07] | 1.0122042585856537
1.208983463035505 | [14.35  3.17 -3.85] | 0.8606264933056841
1.2088693124692116 | [6.67 1.09 3.46] | 1.0385217957070259
1.2087029643216698 | [13.74  2.85 -3.45] | 0.8850302237001627
1.208660141468381 | [7.27 1.43 3.01] | 1.0210926923479846
1.208730514210486 | [14.35  3.17 -3.94] | 0.8545385250590487
1.208861868347823 | [7.65 1.63 2.68] | 1.0119130620482362
1.2090542156953679 | [14.75  3.37 -4.28] | 0.8528547875904533
1.2090560917958726 | [6.37 0.91 3.47] | 1.063363255977657
1.2088291553736976 | [13.47  2.67 -3.42] | 0.9198635887307909
1.208641516947546 | [6.74 1.11 3.25] | 1.0549141086598022
1.208563860677096 | [13.85  2.86 -3.68] | 0.8975638999823212
1.2085845460127163 | [7.34 1.41 2.79] | 1.0398188202563097
1.2086980709465767 | [14.45  3.16 -4.18] | 0.8770802113658571
1.2087443210230024 | [7.11 1.26 2.86] | 1.0545272653199185
1.2087555065037234 | [14.24  3.01 -4.08] | 0.8998137204039715
1.208659230645809 | [6.75 1.04 3.08] | 1.073481413541374
1.208539836641117 | [13.87  2.79 -3.85] | 0.9130663139513195
1.2085182256177758 | [7.38 1.36 2.61] | 1.057514684563499
1.2085906696530675 | [14.5   3.1  -4.35] | 0.8919577845450315
1.2085963792569505 | [7.17 1.21 2.68] | 1.0726013324768031
1.208569028527524 | [14.29  2.96 -4.27] | 0.9128612386123918
1.2084620750905255 | [6.91 1.04 2.82] | 1.0891646341247039
1.2083333056589907 | [14.02  2.79 -4.12] | 0.9240157507692381
1.208297516988578 | [7.5  1.33 2.35] | 1.0751369800578268
1.208352575890689 | [14.62  3.08 -4.61] | 0.9083536281053917
1.208297528450571 | [7.   1.03 2.61] | 1.101834127768887
1.208165991779925 | [14.12  2.78 -4.32] | 0.9331946857197254
1.2081218173892299 | [7.57 1.31 2.17] | 1.0891949885762253
1.2081642086588877 | [14.69  3.05 -4.79] | 0.926141057901094
1.2080137742035215 | [6.42 0.65 2.88] | 1.138288886398689
1.207673328420847 | [13.49  2.4  -4.04] | 0.9815860260551956
1.2074787685428987 | [7.22 1.07 2.28] | 1.1197406494538997
1.2074193309651915 | [14.35  2.81 -4.68] | 0.9448130868371729
1.2074395088824472 | [7.78 1.33 1.8 ] | 1.1101855282470463
1.2075380874230786 | [14.91  3.06 -5.18] | 0.9304649249436476
1.2075403482253215 | [7.36 1.05 1.98] | 1.13635879693075
1.2074587666969097 | [14.5   2.8  -4.97] | 0.9679152631182736
1.2072689124130727 | [7.01 0.82 2.17] | 1.1588254544787102
1.2070574518048118 | [14.1   2.56 -4.77] | 0.9860736080646427
1.2069448263104146 | [7.63 1.13 1.65] | 1.1473824532332852
1.2069283395451025 | [14.76  2.86 -5.31] | 0.9678276913518615
1.206843465138851 | [7.43 0.96 1.69] | 1.1672006278587626
1.2067254536362642 | [14.55  2.7  -5.26] | 0.9931926513218705
1.2065252256144428 | [7.16 0.78 1.79] | 1.1883717075778828
1.2063020735107683 | [14.25  2.51 -5.16] | 1.009845274203539
1.2061698399888956 | [7.76 1.06 1.27] | 1.179753431523147
1.2061271775632818 | [14.89  2.79 -5.7 ] | 0.9971846045913434
1.2059683352889086 | [7.27 0.73 1.5 ] | 1.2111413355152614
1.2057287053779726 | [14.36  2.46 -5.46] | 1.0279197973422285
1.2055719931857773 | [7.84 0.99 0.99] | 1.2038829974397136
1.205497086736857 | [14.89  2.7  -5.9 ] | 1.024830778749941
1.2052389920007904 | [6.88 0.43 1.58] | 1.2502087110933349
1.2048393347157957 | [13.93  2.16 -5.38] | 1.0742352437422178
1.2045583578187204 | [7.62 0.78 0.94] | 1.237263563835377
1.2043830976827201 | [14.27  2.38 -5.57] | 1.059481623463207
1.2042718221699233 | [7.77 0.91 0.81] | 1.230039148532306
1.2042073366573922 | [13.57  2.27 -4.82] | 1.0769688782659845
1.2041828986102814 | [7.13 0.82 1.49] | 1.231316733031507
1.2042020497315422 | [14.42  2.58 -5.57] | 1.0440219706659206
1.2042147748929055 | [7.77 1.03 0.89] | 1.2222368480336956
1.2042218896045769 | [14.3   2.57 -5.37] | 1.062368612065488
1.2039574079442146 | [6.47 0.39 1.9 ] | 1.262011635908646
1.2035556532405287 | [13.72  2.15 -5.13] | 1.0887544764524628
1.2032262198128774 | [7.47 0.79 1.1 ] | 1.2463831797294351
1.2029737411591674 | [14.75  2.54 -5.94] | 1.0501174905164221
1.2027455701803977 | [8.23 1.05 0.44] | 1.2217828502742742
1.2025092359004044 | [11.38  1.69 -2.52] | 1.132733256500271
1.20235014116001 | [5.46 0.5  3.3 ] | 1.218306481693167
1.2022620357804819 | [12.95  2.29 -3.86] | 1.069472129790907
1.2021994468959645 | [6.81 0.98 2.16] | 1.1974476180581735
1.202148431051869 | [14.45  2.8  -4.98] | 1.0085361013625633
1.2020548838753 | [8.01 1.36 1.23] | 1.162010392386719
1.201769628707059 | [16.11  3.35 -5.89] | 0.9236560424173863
1.2013527251887928 | [9.42 1.78 0.41] | 1.123409423023344
1.2009473265943424 | [12.19  2.3  -2.37] | 1.040291859761504
1.2006416752838456 | [6.21 1.08 3.44] | 1.1414483524352181
1.200436290947158 | [13.64  2.84 -3.69] | 0.9875988263872214
1.2002798312371477 | [7.39 1.49 2.34] | 1.1288985065899588
1.2001792456734452 | [14.79  3.24 -4.76] | 0.9444086314699869
1.200078327113494 | [8.27 1.76 1.5 ] | 1.121605810446773
1.1999968155561103 | [15.62  3.51 -5.57] | 0.9161782271638415
1.1998780971430865 | [8.87 1.9  0.9 ] | 1.1196418839437914
1.1997449159160842 | [15.42  3.44 -5.43] | 0.937477262945523
1.1994400274590569 | [7.87 1.4  1.62] | 1.1612028203895282
1.1990039799811145 | [15.13  3.14 -5.38] | 0.981381675337339
1.1983810034604807 | [7.54 1.09 1.74] | 1.1975242852721724
1.1977198227951482 | [14.72  2.81 -5.24] | 1.0149301792006895
1.1971545357093933 | [8.3  1.37 0.99] | 1.1976937321422885
1.1966945999085903 | [15.33  3.04 -5.93] | 1.001434341683002
1.1962828766826088 | [8.68 1.48 0.47] | 1.191684258526921
1.1958902577474875 | [11.85  2.11 -2.64] | 1.1061185400050084
1.1955966517504764 | [5.81 0.85 3.21] | 1.2090337693599897
1.19539360183501 | [13.22  2.6  -3.9 ] | 1.0621255697211347
1.1952277990195936 | [6.94 1.21 2.14] | 1.2035031127041085
1.195101963803947 | [14.38  2.96 -4.96] | 1.0252411525913918
1.1949611220904233 | [7.85 1.45 1.28] | 1.2011672356992844
1.1948222959342976 | [15.24  3.2  -5.8 ] | 1.0000724201235154
1.1946308094084013 | [8.5  1.58 0.62] | 1.1928887719288535
1.1943868496776777 | [13.06  2.58 -3.7 ] | 1.0715749323929589
1.1941392012189804 | [6.72 1.15 2.38] | 1.2087498852876832
1.1939006436361397 | [14.22  2.92 -4.74] | 1.0348654542086084
1.1936259608094084 | [7.68 1.4  1.49] | 1.2060966064786038
1.1933403993701281 | [15.12  3.16 -5.61] | 1.0174665533972558
1.192842010761257 | [7.67 1.16 1.31] | 1.2351380203723146
1.192228059374903 | [15.03  2.91 -5.73] | 1.0396457385592768
1.1916229316601088 | [8.48 1.39 0.54] | 1.222514418883837
1.1910214552791127 | [12.34  2.19 -3.14] | 1.1217198267148065
1.1904923574890383 | [6.29 0.91 2.66] | 1.2390534225304228
1.1900357691665027 | [13.76  2.66 -4.46] | 1.0774240580456842
1.1895999710107379 | [7.48 1.26 1.53] | 0.23524759399816167
Total reward: 162.61064688474653
3.6, 0.3, 0.9, 4.6, 2.5, 0.5, -1.4, -2.5, 3.2, -4.2, 0.2, 4.5, -5.5, 3.0, 4.5, -0.4, -4.8, -3.8, -1.5, 2.5, -2.5, -2.5, -1.0, -4.5, 2.2, -3.0, -0.5, 5.3, 1.8, 3.2, 6.0, 1.8, -5.0, 6.0, 2.0, -0.4
parameter ends

state | action | reward
[1.25] | [10.56  2.38  0.68] | 0.9741458016116971
1.2544148605920598 | [18.94 -0.98 -9.01] | 0.6173507982267529
1.2534205401891716 | [ 6.08 -1.4   0.59] | 0.8682953253095242
1.2519777230625493 | [ 6.19  0.32 -3.38] | 0.7989919121672407
1.2499827405028854 | [-0.19 -1.01  5.61] | 0.7675395039888824
1.2473602338311134 | [ 3.27  0.71 -2.4 ] | 0.7636393246419773
1.2440725897211646 | [-1.19 -1.16  6.1 ] | 0.693462427199096
1.2401037106336275 | [2.67 5.5  3.45] | 0.7083683039936232
1.235191465219678 | [15.6   3.14 -8.37] | 0.6192350445650123
1.2296714165878668 | [11.99 -3.92 -5.38] | 0.7625837350440328
1.2237673084155276 | [-0.61 -5.75  2.43] | 0.7013815464642494
1.2179624075347615 | [ 7.94  0.72 -4.92] | 0.5306678012774149
1.2130155845879882 | [8.89 2.27 0.98] | 0.5924084163338085
1.2087095242106574 | [22.64  5.9  -6.03] | 0.19794600854588107
1.2046867991669301 | [22.26  6.08  0.67] | 0.38439843707420374
1.2018102459925228 | [27.6   7.27 -2.45] | 0.26966868033453784
1.200475938744332 | [22.62  5.85  6.06] | 0.6798530512942291
1.200421751352801 | [30.68  7.67  0.7 ] | 0.4832353217847922
1.2014555468324069 | [36.4   8.82 -2.21] | 0.22855768362021944
1.203162973549457 | [24.58  5.54  5.86] | 0.7316584971427812
1.2050649318011202 | [20.64  5.39 -3.39] | 0.7097084540790106
1.2071524273702192 | [6.28 1.91 3.13] | 1.0067698166113437
1.2091488311875154 | [11.45  3.5  -4.23] | 0.8507824676294425
1.210956004774408 | [2.04 0.87 3.32] | 0.9816548974113201
1.2124127960544913 | [ 9.75  2.84 -3.61] | 0.8895885477465248
1.2135295249813718 | [1.68 0.41 4.15] | 0.9993689014128628
1.2142369330682128 | [ 9.79  2.4  -2.75] | 0.9317646441422975
1.2145929592207667 | [1.96 0.01 5.04] | 1.021219702028861
1.2145637110948302 | [ 9.31  1.85 -2.05] | 0.9739781912516392
1.2142070766668875 | [ 1.89 -0.46  5.86] | 1.0121567398887987
1.2134971172614375 | [ 7.06  0.98 -1.79] | 1.015126854029022
1.212447761427594 | [ 2.81 -0.71  6.98] | 1.031054561185477
1.211075168490156 | [ 6.47  0.41 -0.99] | 1.0290790926366344
1.2096164939070877 | [ 2.48 -0.63  6.12] | 0.9903927520389367
1.2085265356534458 | [ 7.64  1.11 -2.48] | 0.9782566443345468
1.2078017875883944 | [7.1  0.99 4.62] | 1.1042240124506006
1.207380868107475 | [17.54  3.29 -1.37] | 1.0087050603173262
1.2071414488271404 | [14.47  2.2   6.52] | 1.048056527171334
1.20701051748245 | [16.21  2.99 -1.77] | 0.9000217483671609
1.2071800542589919 | [7.42 1.38 3.64] | 1.0234466010979215
1.207553665888942 | [13.4   2.97 -3.67] | 0.8541262785558594
1.2080306051023106 | [6.53 1.57 2.53] | 0.9788783687318181
1.2085692668551327 | [13.78  3.36 -4.54] | 0.8037603566544967
1.2090950501847542 | [7.18 1.85 2.05] | 0.9594942566659829
1.209606403565909 | [14.68  3.68 -4.96] | 0.7703452822949732
1.2100459168934619 | [7.91 2.03 1.85] | 0.9531619607310086
1.2104358812619216 | [15.37  3.85 -5.14] | 0.7688692700202007
1.2105595457305527 | [7.11 1.39 2.6 ] | 1.0064357813718405
1.2104027171605554 | [14.46  3.2  -4.28] | 0.8485450543490152
1.2100438287303852 | [6.19 0.77 3.51] | 1.0527770243972694
1.2094627215549645 | [13.34  2.55 -3.34] | 0.9036095182615502
1.2090570672422052 | [7.23 1.29 2.96] | 1.0273796066372232
1.2088208480899783 | [14.33  3.04 -3.96] | 0.8604954357581079
1.2087023425171832 | [7.86 1.61 2.49] | 1.0138593230433297
1.2086989981566232 | [14.93  3.35 -4.45] | 0.8337823909284405
1.2087571954502285 | [8.2  1.78 2.19] | 1.0088354220714015
1.208881204782469 | [15.27  3.52 -4.76] | 0.8371238393551832
1.2088290225859075 | [6.88 1.06 3.01] | 1.0657089351907063
1.2085622146647121 | [13.95  2.81 -3.86] | 0.9197904035082287
1.208242643815166 | [6.72 0.99 3.15] | 1.0772657530990544
1.2080158023743073 | [13.76  2.72 -3.76] | 0.9213443062668176
1.2079286005685737 | [7.34 1.33 2.64] | 1.06226470607751
1.2079673899314252 | [14.41  3.06 -4.31] | 0.8913713822418714
1.2080769050535392 | [7.74 1.53 2.25] | 1.055011907864742
1.208254960439403 | [14.85  3.27 -4.71] | 0.8900582060934554
1.208240815436379 | [6.46 0.8  3.03] | 1.1089927278784357
1.2079955587134923 | [13.55  2.56 -3.87] | 0.9530856040921739
1.2078783444073706 | [7.18 1.18 2.53] | 1.0914565940390137
1.2078797399120411 | [14.3   2.92 -4.42] | 0.9203409216609072
1.207946974068053 | [7.66 1.4  2.12] | 1.083060806528012
1.2080803702239566 | [14.79  3.15 -4.86] | 0.9171587740025666
1.2080130885196587 | [6.4  0.68 2.88] | 1.1365797466956227
1.2077092301969887 | [13.49  2.43 -4.03] | 0.9796962465498937
1.2075378458298 | [7.18 1.08 2.32] | 1.1186569122096912
1.2074905117978894 | [14.32  2.82 -4.64] | 0.9447440529607306
1.2075137758372816 | [7.72 1.32 1.86] | 1.1098664334968005
1.2076082165606499 | [14.86  3.06 -5.12] | 0.93894888910969
1.2075095735612291 | [6.63 0.68 2.51] | 1.1591813928900123
1.2072093178861543 | [13.72  2.42 -4.42] | 0.9950361711741097
1.2070326320299063 | [7.38 1.05 1.94] | 1.143285743391267
1.206973068282013 | [14.52  2.79 -5.02] | 0.9622382988637229
1.206976275705068 | [7.9  1.28 1.48] | 1.1364345386237955
1.2070449545920678 | [15.03  3.01 -5.5 ] | 0.958409253821833
1.2069177456285205 | [6.79 0.63 2.13] | 1.1876055447133265
1.2065871551787435 | [13.88  2.37 -4.8 ] | 1.0173865088608498
1.206374023891231 | [7.52 0.99 1.56] | 1.1740999986497378
1.206273509610596 | [14.65  2.72 -5.4 ] | 0.9874248695429317
1.2062314425617706 | [8.01 1.19 1.11] | 1.1696524397769754
1.2062519696122038 | [15.14  2.92 -5.87] | 0.9868880556131434
1.2060650444264296 | [6.75 0.45 1.86] | 1.2278502858276268
1.2056374782437063 | [13.8   2.19 -5.07] | 1.056464305641592
1.205339572279256 | [7.51 0.83 1.25] | 1.2147906095327163
1.2051641920457798 | [14.63  2.55 -5.72] | 1.0256935234120845
1.2050555386642934 | [8.05 1.05 0.74] | 1.2034251839488974
1.2049883462769693 | [13.31  2.27 -4.38] | 1.0632751753910497
1.204972261292526 | [6.89 0.84 1.91] | 1.2073773939229056
1.2050102660092707 | [14.17  2.59 -5.14] | 1.0290004088552462
1.205053235334773 | [7.55 1.06 1.31] | 1.200270099240031
1.2051101637852148 | [14.85  2.82 -5.73] | 1.020785063428948
1.2048970100061347 | [6.46 0.33 1.94] | 1.2534843504247917
1.2043934074778608 | [13.64  2.09 -5.03] | 1.0824621497354594
1.203996534529328 | [7.46 0.77 1.18] | 1.2363031354653087
1.203707465585514 | [14.67  2.51 -5.82] | 1.0436556265504824
1.203471083400261 | [8.18 1.04 0.55] | 1.2157878446398338
1.2032517106791552 | [12.08  1.88 -3.18] | 1.1105378795360856
1.2031114598756059 | [6.01 0.63 2.78] | 1.2158110805923348
1.2030470800284931 | [13.42  2.4  -4.34] | 1.05550901984491
1.2030097865562819 | [7.14 1.03 1.81] | 1.1997592337948861
1.2030021839942966 | [14.59  2.81 -5.29] | 1.0097483458661236
1.20297468352314 | [8.04 1.31 1.05] | 1.188262974560044
1.2029446370394588 | [15.43  3.07 -6.03] | 0.9777984498739052
1.2028625318278214 | [8.66 1.47 0.49] | 1.1680327351474113
1.202708664533624 | [12.21  2.2  -2.84] | 1.0672216816939726
1.202570202133152 | [6.04 0.89 3.17] | 1.1621579251942633
1.2023306774372131 | [14.16  2.87 -3.99] | 0.9769400104523941
1.2019644448160784 | [7.78 1.45 2.07] | 1.1345904306318972
1.2016636738443747 | [15.05  3.17 -5.02] | 0.9472265101863317
1.2013788122249598 | [8.49 1.66 1.28] | 1.1338480852087043
1.201135452170432 | [15.72  3.38 -5.78] | 0.9278849338346473
1.2008797554726005 | [8.95 1.77 0.72] | 1.1306819350759072
1.2006182664613458 | [14.08  2.93 -4.27] | 0.9991128357148222
1.2001844196472333 | [6.89 1.08 2.52] | 1.1717328162147866
1.1997561680949973 | [14.18  2.82 -4.51] | 1.0030533236978387
1.1993884158173203 | [7.77 1.39 1.7 ] | 1.1670854160264104
1.1990946262257403 | [15.01  3.11 -5.34] | 0.9777307811372398
1.1988188786362355 | [8.37 1.56 1.04] | 1.1704555455828147
1.1985826208602774 | [15.58  3.27 -5.98] | 0.9807697218837099
1.198101868417531 | [7.28 0.85 1.62] | 1.2335501262232007
1.1974002203557856 | [14.43  2.57 -5.34] | 1.054403995210494
1.196810045492679 | [8.07 1.16 0.88] | 1.229540896929646
1.196324425002685 | [14.29  2.61 -5.23] | 1.0643266521922654
1.195912748182531 | [7.85 1.15 0.99] | 1.2414749966481369
1.1955812682478932 | [14.98  2.84 -5.98] | 1.0483812748937158
1.195271546651833 | [8.31 1.27 0.41] | 1.231396264962079
1.1949533279160998 | [11.17  1.81 -2.32] | 1.154233742656477
1.1947217865165405 | [5.21 0.58 3.45] | 1.2411443670505544
1.1945629382114205 | [12.7   2.35 -3.71] | 1.102766578622102
1.1944266943084538 | [6.54 1.01 2.25] | 1.2319403127329625
1.1943127145844947 | [14.1   2.79 -4.88] | 1.0562832964611995
1.1941700158810922 | [7.66 1.32 1.27] | 1.2241738905332196
1.19401536393339 | [15.16  3.09 -5.84] | 1.0210734693249637
1.193796533648726 | [8.48 1.51 0.51] | 1.1989783448969755
1.1934237215145593 | [12.78  2.46 -3.04] | 1.0720534371102852
1.1929361572146107 | [6.67 1.15 2.74] | 1.1798582103254192
1.1923481553780977 | [14.75  3.11 -4.44] | 0.9865072702816713
1.1916936629796255 | [8.41 1.69 1.47] | 1.1650139843808758
1.1911412618081165 | [15.55  3.35 -5.61] | 0.9706984978705822
1.1906288140143253 | [8.99 1.82 0.59] | 1.1655279396757492
1.1901524440839606 | [13.15  2.7  -3.49] | 1.0548500349333736
1.1897544727414637 | [6.97 1.35 2.4 ] | 1.1922333009169241
1.1894355899498892 | [14.34  3.08 -4.69] | 1.0212833109377797
1.1891346758993502 | [7.9  1.61 1.42] | 1.1951968537141515
1.1888666046555012 | [15.25  3.33 -5.66] | -0.0010177208324653741
Total reward: 150.71571928818713
3.6, 0.3, 0.9, 4.6, 2.5, 0.5, -1.4, -2.5, 3.2, -4.2, 0.2, 4.5, -5.5, 3.0, 4.5, -0.4, -4.8, -3.8, -1.5, 2.5, -2.5, -2.5, -1.0, -4.5, 2.2, -3.0, -0.5, 5.3, 1.8, 3.2, 6.0, 1.8, -5.0, 6.0, 2.0, -0.4
parameter ends

state | action | reward
[1.25] | [10.51  2.37  0.75] | 0.8924142096480618
1.24494753384575 | [17.05  3.85 -4.64] | 0.6803365140810433
1.2439384963285833 | [8.65 1.32 2.99] | 0.9223134384905123
1.2423013104458824 | [17.25  3.45 -4.21] | 0.6802760581141382
1.2400371012582574 | [8.8  0.95 3.45] | 0.9164486012849986
1.2371457773893757 | [17.37  3.09 -3.74] | 0.6805996026772255
1.2336278012784527 | [8.92 0.6  3.92] | 0.9091652252734095
1.2294835129224646 | [17.43  2.72 -3.29] | 0.6816931645289697
1.2247125353047568 | [9.02 0.23 4.37] | 0.9017766605430386
1.219315247480666 | [17.49  2.34 -2.86] | 0.6841938906728249
1.2133458621638458 | [ 8.52 -0.23  5.09] | 0.9279937658530459
1.208128053973222 | [11.39  0.76 -1.55] | 0.962484284392423
1.2041568666131774 | [ 7.02 -0.2   6.34] | 1.0433568293150348
1.2016648582533467 | [11.92  1.48 -1.05] | 0.9565123670367555
1.2004479303087263 | [6.04 0.73 4.55] | 1.0287459156744778
1.2001442912671656 | [12.3   2.38 -2.21] | 0.9224342374021095
1.200492063598378 | [6.31 1.34 3.74] | 1.0155728339631458
1.2012702209769475 | [13.01  3.03 -3.07] | 0.8813085466274345
1.2023312804712023 | [6.68 1.7  3.24] | 0.9994566433390307
1.2035598952450008 | [13.72  3.45 -3.69] | 0.8432388146624155
1.2048485994489144 | [6.97 1.88 2.96] | 0.9873134715504419
1.2061447751667778 | [14.24  3.67 -4.04] | 0.8174281927782854
1.207370753245772 | [7.16 1.92 2.86] | 0.9803767431450001
1.2085077396437633 | [14.55  3.73 -4.18] | 0.8167579973025839
1.2093657339358581 | [6.18 1.25 3.48] | 1.020635898606909
1.2098910110013865 | [13.63  3.1  -3.47] | 0.8795507342217318
1.2101552051070872 | [5.27 0.63 4.25] | 1.0516543446073932
1.210120110985007 | [12.61  2.46 -2.68] | 0.9362377968420285
1.2098940754760588 | [5.16 0.49 4.55] | 1.0541417362574883
1.2096359627129813 | [12.41  2.29 -2.41] | 0.9251465992631899
1.2095160538451628 | [6.4  1.09 3.81] | 1.0183628099283821
1.2095229095125082 | [13.68  2.88 -3.19] | 0.8638591159035862
1.2096075495689615 | [7.31 1.51 3.19] | 0.9916214022075296
1.2097663754142736 | [14.56  3.29 -3.82] | 0.8178298391447323
1.2099484645148464 | [7.9  1.78 2.75] | 0.9728878592947736
1.2101616981970724 | [15.12  3.55 -4.25] | 0.7870162330876062
1.2103577471896194 | [8.25 1.92 2.49] | 0.9621856624580135
1.2105557691226387 | [15.44  3.69 -4.5 ] | 0.7864218167240463
1.210532390618916 | [7.05 1.22 3.24] | 1.012673601411698
1.21026506460692 | [14.2   3.01 -3.64] | 0.8680223665367716
1.2098310377878694 | [5.96 0.63 4.08] | 1.0507427793134214
1.2092385790809337 | [12.98  2.39 -2.79] | 0.912580597724965
1.2088588292746594 | [6.94 1.19 3.42] | 1.020406292864514
1.208673045576902 | [14.    2.94 -3.5 ] | 0.8621324458965032
1.2086255070226775 | [7.61 1.56 2.89] | 1.0009284297063474
1.2087050045870809 | [14.68  3.3  -4.06] | 0.8270816244844954
1.2088532493734063 | [8.   1.78 2.53] | 0.9897586561995166
1.2090695396540818 | [15.09  3.52 -4.43] | 0.8157187778647366
1.2091827851511863 | [7.3  1.39 2.92] | 1.0205749760849745
1.209162059498057 | [14.4   3.15 -3.98] | 0.8686563403306855
1.2089933672777522 | [6.57 0.99 3.44] | 1.0499305664395653
1.208773265787733 | [13.66  2.75 -3.45] | 0.8965379349517292
1.2086865448212014 | [7.25 1.37 2.97] | 1.029941526143217
1.2087222941083782 | [14.33  3.11 -3.97] | 0.8628549226785422
1.2088278015306486 | [7.66 1.59 2.61] | 1.0191376004672832
1.2090020683961133 | [14.76  3.33 -4.35] | 0.8591271168593059
1.20898623568678 | [6.38 0.87 3.4 ] | 1.070629603301869
1.2087422382993585 | [13.48  2.63 -3.49] | 0.9189343163771434
1.2086304230650804 | [7.11 1.26 2.92] | 1.0496810747701062
1.2086411219059419 | [14.22  3.01 -4.02] | 0.8835020099142258
1.2087227751475278 | [7.59 1.5  2.54] | 1.0383211749055925
1.2088747617343578 | [14.7   3.25 -4.43] | 0.8784037102021709
1.2088319986229459 | [6.32 0.78 3.32] | 1.0896579736850474
1.208557720439665 | [13.41  2.54 -3.58] | 0.9378706531029184
1.2084203980615522 | [7.1  1.19 2.79] | 1.0684382344415202
1.208410373967756 | [14.22  2.94 -4.16] | 0.900634901806732
1.2084750187189248 | [7.62 1.45 2.37] | 1.056749146522093
1.2086134909204844 | [14.74  3.19 -4.6 ] | 0.8924942076948453
1.2085740037845125 | [6.72 0.92 2.9 ] | 1.0968658780910885
1.2083932663056502 | [13.84  2.68 -4.01] | 0.9347163170996189
1.20831865171997 | [7.38 1.26 2.43] | 1.079995458133794
1.2083459950377824 | [14.5   3.01 -4.53] | 0.9104545107001448
1.2083391590755832 | [7.31 1.19 2.4 ] | 1.0910250525228038
1.2083139483671068 | [14.43  2.94 -4.54] | 0.9285027998997022
1.2081802308045677 | [6.93 0.96 2.61] | 1.1124719337047504
1.2080233306341177 | [14.04  2.7  -4.32] | 0.9449838760214962
1.207962984458867 | [7.54 1.26 2.13] | 1.099083228221242
1.2079965402284698 | [14.65  3.   -4.83] | 0.9293746576380397
1.2079208420880443 | [7.04 0.95 2.38] | 1.126548227441953
1.207769455452003 | [14.15  2.7  -4.55] | 0.9550524916116568
1.2077072814460263 | [7.62 1.23 1.92] | 1.1147098656398793
1.207733102727993 | [14.74  2.97 -5.04] | 0.9462842450664755
1.20758608010999 | [6.72 0.71 2.45] | 1.1565816674646754
1.2073042126014488 | [13.8   2.45 -4.48] | 0.9910503469276983
1.2071442542030566 | [7.43 1.07 1.89] | 1.1417989155117303
1.2070996482711693 | [14.56  2.8  -5.07] | 0.9597429604897323
1.2071160898048068 | [7.92 1.28 1.45] | 1.1355595743047602
1.2071961859696774 | [15.05  3.02 -5.53] | 0.9579157810804324
1.2070711146426045 | [6.65 0.55 2.21] | 1.1919548383990068
1.2067067700750775 | [13.73  2.29 -4.72] | 1.0247470058094956
1.2064719279084446 | [7.42 0.93 1.63] | 1.1767888214406157
1.2063592854908578 | [14.55  2.66 -5.34] | 0.9923312710197678
1.206314087744796 | [7.95 1.16 1.15] | 1.1710689530565408
1.2063384066341543 | [15.08  2.89 -5.83] | 0.9887871155417134
1.2061675931596396 | [6.85 0.51 1.8 ] | 1.2234866382294645
1.2057936806084821 | [13.91  2.24 -5.14] | 1.0495628366822907
1.2055402327233864 | [7.58 0.86 1.2 ] | 1.2109147638211168
1.2054013864609507 | [14.7   2.59 -5.77] | 1.0198061351762542
1.2053214869835267 | [8.09 1.07 0.72] | 1.1989922725320152
1.2052735584204681 | [13.18  2.24 -4.23] | 1.0631025756251464
1.205273931233719 | [6.77 0.82 2.06] | 1.2028267801904535
1.2053257680081113 | [14.06  2.58 -5.  ] | 1.0272013447204136
1.205381209417397 | [7.46 1.06 1.44] | 1.1945404591025193
1.2054489389550542 | [14.78  2.82 -5.61] | 1.0174015925613165
1.2052422984777063 | [6.5  0.4  1.98] | 1.24290376371892
1.2047820348044382 | [13.71  2.16 -5.  ] | 1.0709229260689193
1.2044185121100597 | [7.49 0.82 1.24] | 1.2257567477389872
1.204154600210695 | [14.72  2.56 -5.77] | 1.0325528158023842
1.2039364092826845 | [8.2  1.09 0.62] | 1.207166857560843
1.2037365651357643 | [12.61  2.06 -3.62] | 1.0886863546558543
1.2036000430298803 | [6.42 0.75 2.45] | 1.208986644237308
1.203528751382815 | [13.8   2.52 -4.65] | 1.039742930902276
1.2034744881330786 | [7.4  1.09 1.59] | 1.1955999243725663
1.203444859848648 | [14.81  2.86 -5.49] | 1.0011704032545186
1.2033910594156563 | [8.16 1.32 0.93] | 1.1853541649854813
1.2033264430321426 | [14.97  2.93 -5.6 ] | 0.9952318241944997
1.2032025209989288 | [8.12 1.28 0.97] | 1.1906950201903639
1.2030376844317414 | [15.22  2.97 -5.85] | 1.0063306312144085
1.2025895137881493 | [6.81 0.48 1.81] | 1.2493942621419811
1.2018499783271885 | [14.01  2.23 -5.16] | 1.0727988919916305
1.2012274394246534 | [7.85 0.92 0.99] | 1.23513108867061
1.2007273837697734 | [14.94  2.62 -5.91] | 1.0405816177773788
1.2002953872962248 | [8.48 1.16 0.38] | 1.2119716477450542
1.1999166218408386 | [11.22  1.72 -2.22] | 1.1314651645130893
1.1996664885733017 | [5.39 0.58 3.48] | 1.213050380485929
1.1995200766579384 | [12.86  2.35 -3.67] | 1.0699284171527372
1.1994249941960744 | [6.78 1.07 2.26] | 1.1964760889841304
1.199377315001969 | [14.31  2.85 -4.86] | 1.0154195613184516
1.1993228105928508 | [7.92 1.42 1.3 ] | 1.18269890235007
1.1992747515209328 | [15.38  3.2  -5.81] | 0.9746244145075746
1.1991779383766097 | [8.72 1.64 0.57] | 1.1558851676983481
1.1989421820358996 | [13.25  2.64 -3.4 ] | 1.0250070006084813
1.198653165658888 | [7.03 1.3  2.55] | 1.143807001240048
1.1982555604731717 | [15.    3.23 -4.6 ] | 0.9459009048728133
1.1977975632607114 | [8.54 1.77 1.49] | 1.128309263755129
1.197418969425386 | [15.7   3.45 -5.58] | 0.9287624183678065
1.1970607780014364 | [9.04 1.89 0.77] | 1.1305629558137869
1.1967318745927384 | [14.47  3.12 -4.56] | 0.9792693185333257
1.196432649403549 | [7.95 1.62 1.69] | 1.1530708553795792
1.1961823688481585 | [15.2   3.33 -5.36] | 0.9631409080988822
1.1959054057084435 | [8.34 1.66 1.16] | 1.1668987243720896
1.19562226228361 | [15.55  3.37 -5.87] | 0.9795700019799934
1.1950925890175048 | [7.14 0.88 1.81] | 1.2355288614909499
1.1943009875869859 | [14.3   2.59 -5.15] | 1.0622218404133468
1.1936275432776164 | [7.96 1.19 1.02] | 1.2384317238196978
1.1930742545469535 | [15.09  2.87 -5.98] | 1.0461480441109947
1.1925800709592231 | [8.48 1.33 0.36] | 1.2291610544215348
1.1921240120057188 | [10.94  1.78 -2.02] | 1.1609731221101014
1.191796140626273 | [5.07 0.59 3.63] | 1.2427812252992632
1.1915689749194331 | [12.53  2.34 -3.52] | 1.1111469069114397
1.1913875680166526 | [6.45 1.03 2.35] | 1.2364241538412117
1.1912466724503235 | [13.99  2.8  -4.78] | 1.065028888279366
1.1910903912088344 | [7.6  1.35 1.31] | 1.2304870216478156
1.190931391360336 | [15.1   3.12 -5.8 ] | 1.029499467662086
1.1907129452776641 | [8.46 1.54 0.5 ] | 1.2134808345111954
1.190427287872102 | [12.17  2.31 -2.92] | 1.1138589218416246
1.1901558338412173 | [6.09 1.01 2.88] | 1.2075608266536337
1.1897422234573969 | [14.73  3.16 -4.28] | -0.006582120719361512
Total reward: 160.7190813506173
3.6, 0.3, 0.9, 4.6, 2.5, 0.5, -1.4, -2.5, 3.2, -4.2, 0.2, 4.5, -5.5, 3.0, 4.5, -0.4, -4.8, -3.8, -1.5, 2.5, -2.5, -2.5, -1.0, -4.5, 2.2, -3.0, -0.5, 5.3, 1.8, 3.2, 6.0, 1.8, -5.0, 6.0, 2.0, -0.4
parameter ends

state | action | reward
[1.25] | [10.54  2.41  0.71] | 0.9256163292088931
1.2538301362698208 | [16.59 -0.97 -9.5 ] | 0.624515386485152
1.2528884271004406 | [ 3.8  -1.65 -0.19] | 0.8173736993751683
1.2515731759340445 | [-2.45 -1.86  1.5 ] | 0.6732883781108981
1.249579397009991 | [ 1.41  4.83 -1.13] | 0.6476233315397705
1.246847279089655 | [-1.88 -0.25  4.02] | 0.6900752770248378
1.243378292362399 | [5.78 7.56 2.84] | 0.6799949702132035
1.238971351884936 | [18.65  5.09 -9.12] | 0.5061321123585332
1.234009852856462 | [14.99 -1.95 -6.13] | 0.7416162434342456
1.2287032220747331 | [  1.29 -12.19  -6.98] | 0.6791786939980138
1.2229116191962113 | [-10.78 -10.52   4.55] | 0.3718093942400792
1.217386779104468 | [-0.13 -0.88 -0.9 ] | 0.3363394595278554
1.2130066999975104 | [-3.47  1.05  2.33] | 0.20201546230315093
1.2094594158355034 | [12.3  11.78  1.65] | 0.06431350263801039
1.2056650190031335 | [ 25.11  10.45 -10.27] | -0.3116019046310784
1.2020882889182936 | [22.67  4.3  -9.32] | 0.024811463725812555
1.1993477591617563 | [21.46  4.58 -1.76] | 0.21670503040238054
1.197808392013213 | [18.57  5.28  6.95] | 0.4209112260826283
1.1977063379186577 | [26.96  7.95  2.05] | 0.2608751157070818
1.1988824368254425 | [34.8  10.18 -2.93] | -0.09035775613642372
1.2011454993531825 | [28.54  8.24  6.86] | 0.4775042477501339
1.204125109692198 | [36.97 10.19  1.67] | 0.15226531528887932
1.2078071881330523 | [45.15 11.99 -3.35] | -0.495200972587704
1.211771740038467 | [26.9   7.49  2.95] | 0.533220433503307
1.2157257776581527 | [22.78  7.41 -6.68] | 0.4508911720901382
1.2197193841086185 | [ 8.11  3.91 -0.27] | 0.841206252991242
1.2236063594913666 | [3.26 2.71 1.43] | 0.855094906307394
1.2269653831644087 | [11.02  4.77 -5.77] | 0.6797263006339754
1.2297678310793736 | [2.61 2.26 1.85] | 0.8465940255423529
1.2319294341507203 | [11.66  4.45 -5.23] | 0.6909025454993699
1.2334384264244984 | [3.81 2.03 2.5 ] | 0.8629880412069814
1.2342953529138199 | [13.02  4.26 -4.53] | 0.692742358799934
1.2345045401607064 | [5.11 1.83 3.18] | 0.872662454209091
1.2340697938332008 | [14.17  4.04 -3.88] | 0.689392078214427
1.23299535879594 | [6.09 1.58 3.79] | 0.8749421142218671
1.2312838090671845 | [14.98  3.77 -3.3 ] | 0.6850518524558927
1.2289379801202598 | [6.76 1.28 4.33] | 0.8784627394344862
1.2261160075711202 | [14.36  3.23 -2.39] | 0.7431230700017397
1.2235185198681113 | [5.58 0.84 5.96] | 0.9247348777695147
1.221239334131891 | [11.82  2.47 -0.52] | 0.8939551246307889
1.2193898506463825 | [6.55 0.98 4.16] | 1.0248539302430624
1.2179005422717772 | [12.7   2.56 -2.37] | 0.9471861927405572
1.2167584965146923 | [3.91 0.09 5.75] | 1.0948602440912194
1.2157877587850499 | [10.08  1.67 -0.99] | 1.065213839882173
1.2149998641638005 | [ 1.79 -0.72  6.97] | 1.0815541362795311
1.214205307936982 | [ 4.95  0.33 -0.84] | 1.0989388362519787
1.2134075889933464 | [-0.49 -1.45  6.34] | 1.0335487640909269
1.2124665103254524 | [2.04 2.06 0.98] | 1.132040833421774
1.2116507573895956 | [11.48 -0.22 -9.49] | 1.0254832313067315
1.2109997098550747 | [ 2.16 -2.11 -0.96] | 1.1240733811068255
1.2101439218097774 | [-10.34  -4.81   5.93] | 0.8034988217749635
1.2088365827514786 | [-6.35  1.98  3.88] | 0.8748491341925402
1.2070798384970092 | [ 5.64 11.37  5.48] | 0.9313553174107372
1.2054578990414415 | [15.02  8.16 -6.32] | 1.023224693628464
1.2042992806210886 | [10.12  0.93 -3.74] | 1.4033708868331567
1.2038451525060156 | [ 7.39 -5.41 -2.76] | 1.431641242032045
1.2042514301880614 | [ -1.76 -13.62  -6.14] | 1.0746354789778045
1.2056951754476708 | [-8.42 -8.93  3.36] | 0.885223629776753
1.2075697362091504 | [-2.22 -1.29 -0.12] | 0.8172160458221168
1.209298642613872 | [-3.87  4.36  4.1 ] | 0.6870395248303569
1.210669854796199 | [10.14 14.17  5.04] | 0.55286810392768
1.2112934890514948 | [22.94 11.77 -7.25] | 0.356358057534818
1.211690780536644 | [19.06  4.8  -5.22] | 0.8342476493082946
1.2122493055614247 | [15.33 -2.14 -3.12] | 1.0466232754652998
1.2126016332516427 | [  2.42 -12.06  -4.46] | 0.99408564529416
1.2133506716525422 | [ -5.77 -13.38  -0.66] | 0.6508768223882452
1.2149691013132409 | [-9.85 -5.51  9.4 ] | 0.39345628530917975
1.2167910842326395 | [-3.77  2.02  5.91] | 0.49868190918751404
1.2179468058615026 | [10.22 11.88  6.74] | 0.3997304746809617
1.2184636418482004 | [23.14 11.03 -3.97] | 0.18196929097903525
1.2187506167381452 | [19.51  7.42  1.77] | 0.5696774979252799
1.2187870633968305 | [32.5   7.65 -7.44] | -0.027207322672819778
1.2183540954654581 | [29.23  6.83  2.36] | 0.3500431001473059
1.21729828140057 | [42.45 10.31 -2.91] | -0.5387851650716353
1.2155281380224916 | [37.21  8.46  6.42] | 0.10792305630603427
1.2145095240294934 | [42.72  9.4   0.57] | -0.11614657928061023
1.2145329199088555 | [36.9   8.21 -4.13] | 0.03214557518029704
1.2151454177531125 | [15.8   3.54  1.05] | 0.9771234805103985
1.216120274545942 | [16.74  4.42 -6.93] | 0.77900587649721
1.2172986564289134 | [5.48 1.61 0.42] | 1.0296165471640715
1.2183531625987865 | [ 7.47  2.18 -2.27] | 0.9736446951053709
1.2191860707982276 | [-0.91 -0.25  5.49] | 0.9565278383862352
1.2197128660038095 | [6.   7.08 4.2 ] | 0.9520082845969826
1.2200704191943448 | [13.92  3.27 -8.4 ] | 0.9213869069906728
1.2203004379489446 | [ 6.24 -5.08 -6.78] | 1.0292284285877993
1.2203140080966164 | [-6.36 -5.12  3.28] | 0.8792099757262744
1.2200452937190271 | [-2.26  1.8   1.17] | 0.9098590560374678
1.2193887734799642 | [ 9.84 11.23  2.8 ] | 0.8772064287335569
1.2187422744845915 | [19.26  7.97 -8.92] | 0.8281568158181604
1.2183237485214655 | [14.07  0.52 -5.89] | 1.2660421149743843
1.2178794461502163 | [ 7.31 -7.51 -3.81] | 1.3796291945693122
1.2171965151496362 | [ -5.6  -11.14   2.47] | 1.1592640226468127
1.216189294592464 | [-1.6  -4.01  0.64] | 1.1249491058214953
1.2147866596540597 | [-0.64  2.03  1.25] | 1.1153474052108237
1.213160832743779 | [10.75  9.13  0.48] | 1.1197207372588995
1.2117187878394227 | [16.26  4.78 -7.43] | 1.2033478740069155
1.2105730125238248 | [11.   -2.69 -4.44] | 1.4542600712041434
1.2093734372046865 | [ -2.36 -10.32  -2.41] | 1.3143145251942574
1.2079539613971815 | [-14.74  -8.14  10.1 ] | 0.8415524342721501
1.2062878631008556 | [-7.65 -0.09  6.35] | 0.9586981172217834
1.2047940267987383 | [3.8  9.32 3.87] | 1.0048356172983854
1.2029474658361696 | [15.78  6.69 -8.74] | 0.9594164762769262
1.2015061236601106 | [13.1   0.37 -7.77] | 1.2123731996945146
1.2009556789378186 | [ 8.96 -6.37 -8.37] | 1.2173982762374518
1.2013180973428057 | [  0.09 -13.74 -11.18] | 0.8505478937382036
1.2028164360683622 | [-6.28 -6.51  0.87] | 0.8208471187261691
1.2048361564814194 | [-1.07  0.91 -1.71] | 0.7845369573542939
1.2070639265835261 | [-0.57  7.53 11.74] | 0.6351774360620233
1.2093791536315157 | [13.17 14.75  9.59] | 0.5068124667446123
1.2110379735510532 | [25.96 12.34 -2.79] | 0.34990463751896084
1.2124169897480033 | [22.06  5.31 -0.77] | 0.8482188028269813
1.2137476905810638 | [20.16 -1.22 -0.39] | 1.0189021838866261
1.2146848200568332 | [11.6  -9.34 -5.21] | 1.0151693584296617
1.2152132591457432 | [ 1.71 -4.61  7.68] | 0.9566670198217765
1.215741098551385 | [6.56 0.62 2.76] | 0.9481553415739248
1.215505955993612 | [18.22  5.18 -1.76] | 0.7224299650926336
1.2148443505770994 | [15.95  4.95  6.96] | 0.8725855331216974
1.2137650005390688 | [29.28  8.26  1.19] | 0.41346691392675594
1.2116631487745602 | [42.46 11.31 -4.43] | -0.455804451888719
1.2091416211150212 | [35.19  8.46  4.5 ] | 0.22763761123771964
1.2074544615677882 | [30.28  7.59 -4.8 ] | 0.3311049743370881
1.2066134190986932 | [13.45  3.5   1.18] | 1.0143137430702232
1.2062851091856115 | [16.14  4.36 -6.5 ] | 0.8456417088143358
1.2063006143294308 | [5.83 1.52 0.99] | 1.1268044529179715
1.2064057631580265 | [12.02  3.   -5.91] | 0.9981653922600662
1.206558740865446 | [3.62 0.5  1.93] | 1.1970410850910869
1.206607817453674 | [10.73  2.15 -4.92] | 1.1067817463969685
1.206580484587384 | [ 2.79 -0.26  2.94] | 1.2344692907231745
1.2063816931077762 | [ 8.21  1.13 -4.48] | 1.1852160372223701
1.2060203219949004 | [ 1.67 -1.02  3.71] | 1.2192720436590936
1.2054253045797312 | [ 4.11 -0.12 -4.64] | 1.1372894146250954
1.2046496077256088 | [-4.44 -2.66  2.96] | 1.0390336611009214
1.2035520198809306 | [-0.84  4.14  0.86] | 1.0334690930262524
1.202213903474292 | [ 9.82 12.17  2.27] | 1.00621424324199
1.2009447305187195 | [19.01  8.8  -9.49] | 0.9721124209949265
1.2000136636518626 | [14.14  1.51 -6.99] | 1.4407295899905184
1.199455557601356 | [10.62 -5.33 -5.16] | 1.5563424299036677
1.199456234510254 | [  0.84 -13.85  -8.25] | 1.3261611343353699
1.2004255946570657 | [ -7.02 -15.74  -5.44] | 0.9729022901680366
1.2028475630613895 | [-12.86  -7.89   6.68] | 0.771390156111451
1.2061151618707013 | [-6.38 -0.07  2.89] | 0.865582375078861
1.2089478435369683 | [2.67 8.26 1.83] | 0.9010073060612871
1.2108543136229215 | [15.82  7.94 -7.95] | 0.7634363049365347
1.2121792233901336 | [12.53  4.59 -1.89] | 1.087316599878525
1.2134360771787664 | [9.99 2.42 4.66] | 1.2773360489007508
1.2143007548387972 | [23.32  4.9  -2.17] | 0.966037050810533
1.2145248929235015 | [20.05  3.09  6.19] | 1.2092672805479858
1.213907959572888 | [33.4   6.19  0.6 ] | 0.6329166308309118
1.2120431777921603 | [43.29  8.38 -1.72] | -0.2135657105468236
1.209365209298856 | [23.37  3.55  2.84] | 0.8890959613812335
1.2065829132786638 | [22.39  3.85 -6.72] | 0.7611903401881134
1.2040449422400867 | [9.08 0.58 0.12] | 1.1730037896168717
1.2017853438701693 | [ 7.01  0.08 -0.67] | 1.1904017092004842
1.1996430558368818 | [ 0.36 -1.79  4.62] | 1.1673193630134302
1.1976022823360746 | [ 2.31 -0.81 -3.51] | 1.0667824132061425
1.1959819016849156 | [-5.9  -2.29  1.08] | 0.8556113789707271
1.1953924403128493 | [ 0.58  5.74 -2.99] | 0.8160112777823527
1.1952985764077015 | [ 0.94  2.65 -0.3 ] | 0.9950329354252793
1.1955488022833825 | [ 4.8  -1.8  -4.32] | 0.9868161168467467
1.1964315087437964 | [-3.55 -7.11 -5.49] | 0.7111213542873768
1.1987414769657092 | [-9.98 -2.26  3.47] | 0.4513804486407559
1.2017142349705672 | [-3.83  5.36 -0.18] | 0.4458018067570559
1.204379567784919 | [ 2.01 13.06  8.43] | 0.36920622124417346
1.2064983829017375 | [14.94 10.57 -3.99] | 0.4618733053853311
1.2081909172700291 | [11.38  3.56 -2.24] | 0.8455787667303049
1.2100000165139968 | [ 8.38 -3.19 -0.86] | 0.9507597132337539
1.2121328278881405 | [ -1.01 -11.06  -3.94] | 0.6786651539269688
1.2149853872323515 | [-8.41 -4.46  8.5 ] | 0.4143122374701082
1.2180368420778844 | [-3.11  2.75  5.49] | 0.47455589572528645
1.2203053795223797 | [10.93 12.62  6.54] | 0.33564304913509174
1.2218201341671164 | [23.9  11.77 -3.99] | 0.09945645048337359
1.2229507930655032 | [20.22  6.4   0.38] | 0.5299166936617541
1.2237073094818192 | [28.36  7.28 -1.76] | 0.22583901212765323
1.2239672894077471 | [25.17  6.59  8.15] | 0.4544856082941645
1.223522367185615 | [38.49 10.11  2.95] | -0.26208505359112166
1.221941799909292 | [51.64 13.41 -2.19] | -1.4104991622520031
1.2192705081702693 | [48.17 11.98  7.59] | -1.0099401309351954
1.2157258376307305 | [45.53 11.41 -1.34] | -0.9509989218522876
1.2133096347170274 | [20.87  5.66  2.67] | 0.5935084212148282
1.212028077496713 | [19.21  5.7  -5.93] | 0.5594496133359852
1.2115764865353917 | [6.8  2.58 1.3 ] | 0.9276288261795056
1.2115564635206204 | [11.84  3.9  -5.67] | 0.8200113138249918
1.2118310521371005 | [3.01 1.42 2.29] | 1.0271265055623635
1.2121691583198013 | [ 9.94  3.05 -4.41] | 0.9626658745288909
1.2125501696863648 | [2.02 0.7  3.58] | 1.113965009900092
1.2128237524631695 | [ 9.34  2.4  -3.2 ] | 1.0722098635418629
1.213017285538455 | [1.54 0.05 4.7 ] | 1.1752658291714206
1.2130264366916614 | [ 8.25  1.66 -2.36] | 1.155772690393585
1.2128825994365278 | [ 0.85 -0.62  5.59] | 1.1782823551402748
1.212518797056836 | [ 4.95  0.61 -2.29] | 1.1928859690669302
1.211917137316954 | [-0.07 -1.26  6.25] | 1.1646765282663534
1.211016725335577 | [ 2.45 -0.14 -1.93] | 1.1335185633034859
1.2099199694443252 | [-6.18 -2.83  5.45] | 0.9655398583105324
1.2084942867119297 | [-2.51  3.97  3.3 ] | 0.9847421250647609
1.2067954117632052 | [ 9.05 13.2   4.86] | 0.9422611454523644
1.2051665324591165 | [18.12  9.79 -6.94] | 0.9996420622805733
1.2038427757889727 | [12.62  2.23 -4.01] | 1.495100740448016
1.2026678445075862 | [ 7.57 -5.26 -1.16] | 1.653154847415971
1.2013823173017226 | [ -5.98 -15.44  -2.01] | 1.3225124470033927
1.1998811489949497 | [-18.37 -13.29  10.36] | 0.7552391775079398
1.1987382196824454 | [-8.61 -4.07  4.89] | 1.0318768150854478
1.198204634699732 | [-0.63  4.4   0.25] | 1.0509349410414714
1.1977394011372131 | [ 8.89 11.01  2.88] | 1.00511554213026
1.196803294883992 | [21.74  8.56 -9.66] | 0.7698266865323595
1.1955812902931413 | [18.88  1.91 -8.41] | 1.1573012935567082
1.1947545896423635 | [15.83 -4.68 -7.3 ] | 1.3010820410348396
1.1946545699248068 | [  6.1  -13.16 -10.65] | 1.1760088600019223
1.1955120904104144 | [ -1.93 -15.27  -8.08] | 0.9085538425127585
1.1977649577764389 | [-7.95 -6.44  5.26] | 0.8226280337440601
1.200781910135006 | [-1.82  1.36  1.8 ] | 0.8867043840004852
1.203245521947399 | [12.22 11.24  2.88] | 0.7380182793552179
1.2048236596130897 | [25.31 11.16 -6.58] | 0.3703389306422352
1.2058182481467368 | [21.8   7.81 -0.24] | 0.7797879573919841
1.2064086132287564 | [24.68  6.99  1.59] | 0.7931979942398629
1.2061665702537845 | [37.94  9.56 -4.59] | 0.020903355699656734
1.2050065150713418 | [34.6   7.78  4.49] | 0.4553826840599047
1.2032098192094323 | [42.78  8.94 -1.8 ] | -0.21225941397140913
1.2018578227444934 | [19.69  3.55  2.2 ] | 1.0474234389184458
1.2010744896124912 | [18.85  3.88 -6.68] | 0.9214208820519955
1.2006673005992243 | [6.55 0.81 0.18] | 1.219239381986058
1.2002741275264526 | [ 6.1   0.74 -1.04] | 1.1937046066706167
1.199731474630981 | [-2.64 -1.77  6.53] | 1.0809011410638643
1.1990623045437099 | [1.01 5.13 4.31] | 1.1394000286499901
1.1981694200656559 | [10.97  1.77 -7.53] | 1.2003792447696664
1.1969603260283685 | [ 4.24 -6.36 -5.52] | 1.276973790321968
1.195577715815472 | [-8.59 -7.67  3.03] | 1.0507512314228804
1.194140136560103 | [-4.64 -0.75  0.81] | 1.0079939826040387
1.1926800848398889 | [ 1.09  6.97 -0.89] | 0.972171769914371
1.1916209952481913 | [ 1.84  1.44 -1.69] | 1.1658125643404749
1.191140402422607 | [ 1.8  -4.26 -1.92] | 1.1534860135207892
1.1917251349984255 | [-5.62 -6.47 -0.61] | 0.8705726155431796
1.1938350104683437 | [-9.22 -1.02  5.3 ] | 0.6065681048765326
1.1965846899364447 | [-3.    6.65  1.5 ] | 0.6058843796847624
1.1986504962089364 | [11.01 16.44  2.54] | 0.4028934616173379
1.1997305714984632 | [23.87 13.97 -9.62] | 0.13932311848734935
1.2002920318239276 | [19.99  6.85 -7.52] | 0.679350455565742
1.2007491929466274 | [16.21 -0.23 -5.56] | 0.9944307303052415
1.2012088763615003 | [ 7.7  -8.66 -6.45] | 1.0625608066584102
1.2020769280874206 | [ -1.86 -12.06  -3.88] | 0.8174289441726765
1.2039355759510495 | [-8.94 -5.11  8.39] | 0.5670801831677669
1.2062286896306762 | [-3.35  2.28  5.13] | 0.6434167242414351
1.207838709107825 | [10.71 12.15  6.16] | 0.5194692419037059
1.208639871677951 | [23.73 11.32 -4.32] | 0.2760012748447721
1.2089796936571882 | [20.19  7.65  1.75] | 0.6720101934089437
1.2087922484152112 | [33.31  7.92 -7.12] | 0.04516379107805912
1.2079615580416507 | [30.08  7.15  2.78] | 0.4151879630878931
1.206357692337199 | [43.38 10.67 -2.28] | -0.5133738480645824
1.2038032742970424 | [39.72  9.28  7.35] | 0.0010601578857247773
1.201314051389515 | [44.36  9.5   0.95] | -0.1178459795421678
1.1996434427772098 | [39.04  8.44 -7.61] | -0.0036007189320999
1.1991376834117011 | [17.86  3.78 -2.75] | 1.061099662655107
1.1993633324115789 | [3.32 0.37 3.51] | 0.27621153260013376
Total reward: 190.85846788313674
3.6, 0.3, 0.9, 4.6, 2.5, 0.5, -1.4, -2.5, 3.2, -4.2, 0.2, 4.5, -5.5, 3.0, 4.5, -0.4, -4.8, -3.8, -1.5, 2.5, -2.5, -2.5, -1.0, -4.5, 2.2, -3.0, -0.5, 5.3, 1.8, 3.2, 6.0, 1.8, -5.0, 6.0, 2.0, -0.4
parameter ends

state | action | reward
[1.25] | [10.51  2.4   0.71] | 0.9289223815849653
1.254465941280158 | [16.7  -0.16 -8.64] | 0.683813024363379
1.253453199906502 | [ 7.95 -0.45  1.37] | 0.9160287734516259
1.2518567941904684 | [14.12  2.38 -5.25] | 0.7724143995408665
1.2496059205255714 | [11.07  1.59  4.59] | 0.9227877136756848
1.2466618420855278 | [19.    3.83 -2.52] | 0.6478990438744803
1.2431267981785923 | [9.32 1.15 4.86] | 0.895784516922923
1.2389868546976142 | [17.28  3.13 -2.55] | 0.6822958759518412
1.2342308216156983 | [8.54 0.51 4.95] | 0.8943864117441103
1.228852661694106 | [16.94  2.54 -2.39] | 0.692322905674909
1.2228481977021564 | [ 8.53 -0.03  5.19] | 0.8878244034347251
1.21622009263148 | [16.7   1.95 -2.21] | 0.7249028013785934
1.2097331878129323 | [ 6.14 -0.94  6.53] | 0.9205360503143993
1.204478180866409 | [ 6.6  -0.22 -1.23] | 0.862284707930561
1.2011234892413778 | [ 1.77 -0.28  3.57] | 0.8264859262154749
1.1993820689638601 | [ 7.36  1.67 -4.4 ] | 0.8089539785475577
1.1987680586488787 | [6.1  1.53 2.75] | 0.978281105543325
1.1989951062926008 | [15.8   3.73 -2.99] | 0.910500530932763
1.1998184075285006 | [12.67  2.64  5.22] | 1.1409304653755927
1.2010753805587981 | [22.48  4.83 -0.5 ] | 0.920500710215363
1.2025805646162466 | [15.29  3.04  2.95] | 1.0499267011317333
1.204127948860082 | [17.07  3.89 -5.12] | 0.8733097829764206
1.205648420354701 | [5.89 0.94 2.05] | 1.1209478091452743
1.20696266789487 | [12.19  2.65 -5.05] | 0.9679395802077733
1.2080631379426794 | [3.42 0.13 2.62] | 1.1310222266718133
1.20884665797924 | [10.87  2.02 -4.3 ] | 1.0225081412602437
1.2093514001024352 | [ 2.81 -0.4   3.49] | 1.1216999157785903
1.209505969331563 | [ 8.33  1.13 -4.04] | 1.0577245516934515
1.2093449246085908 | [ 2.66 -0.59  3.75] | 1.0898910921753429
1.2090933183267458 | [ 7.68  0.95 -4.31] | 1.0450318055558052
1.2088945361496748 | [6.61 0.59 3.15] | 1.1700734034801141
1.208778269695815 | [15.73  2.67 -3.34] | 1.0486989556638997
1.2087122974195714 | [10.08  1.29  3.48] | 1.1428275035051008
1.2087712787642626 | [15.15  2.68 -4.06] | 0.9502414492153328
1.208951550005088 | [7.68 1.14 2.02] | 1.1008077878400988
1.2092182016007849 | [14.48  2.86 -5.12] | 0.9064057696283266
1.2095055379295394 | [7.65 1.34 1.38] | 1.0740992418084991
1.2098102534815112 | [14.92  3.13 -5.65] | 0.8719317553436762
1.2100784351425278 | [8.11 1.51 1.08] | 1.062267121584612
1.2103278707637455 | [15.43  3.31 -5.91] | 0.8682097396611221
1.2103266481992556 | [7.11 0.85 1.83] | 1.115294421538651
1.2100567566331946 | [14.37  2.65 -5.06] | 0.9506603979943968
1.2095948295819203 | [6.21 0.28 2.66] | 1.1570087304641645
1.208957804638317 | [13.27  2.04 -4.22] | 0.998787160410923
1.2085196768805018 | [7.31 0.86 1.99] | 1.1291745716007484
1.208268371645533 | [14.4   2.6  -4.93] | 0.9489154664782653
1.2081468861278832 | [8.05 1.23 1.45] | 1.1128879348870901
1.2081491955431451 | [15.14  2.97 -5.5 ] | 0.9159638420371731
1.2082160938227826 | [8.46 1.43 1.08] | 1.1053265017759315
1.2083503732712637 | [15.55  3.17 -5.87] | 0.9084286410419424
1.2083716494458039 | [7.58 0.93 1.59] | 1.148448886054495
1.2082088704278204 | [14.66  2.69 -5.3 ] | 0.9758287871550466
1.207935368267529 | [7.07 0.67 1.94] | 1.173518297153536
1.2076612263263022 | [14.09  2.4  -4.97] | 0.9984037877043852
1.2075144628913437 | [7.68 1.   1.45] | 1.1599208454247656
1.2074853605714921 | [14.77  2.73 -5.49] | 0.9699715228730239
1.2075195958978784 | [8.08 1.19 1.08] | 1.154653783762937
1.2076177056964312 | [15.18  2.93 -5.88] | 0.9706949594277896
1.2075215806395625 | [6.79 0.46 1.86] | 1.2115296450067208
1.2071927874996653 | [13.82  2.2  -5.05] | 1.0390682553701893
1.2069883302103193 | [7.47 0.82 1.35] | 1.1967269040382749
1.2068997601685951 | [14.57  2.55 -5.61] | 1.012704975150099
1.206818339714225 | [7.64 0.86 1.14] | 1.202881289593566
1.206759852009528 | [14.75  2.6  -5.82] | 1.025009541535314
1.2065385246125049 | [6.97 0.46 1.53] | 1.2385615994527315
1.2062429882844794 | [14.02  2.19 -5.42] | 1.059998575793875
1.206056504149981 | [7.65 0.79 0.95] | 1.2250427971214906
1.2059679857445191 | [14.41  2.42 -5.67] | 1.0421099130898763
1.2059336164806866 | [7.84 0.92 0.8 ] | 1.215659053925164
1.205934155439075 | [13.52  2.25 -4.72] | 1.0646274138520888
1.2059687631694465 | [7.04 0.8  1.65] | 1.2158073364758317
1.2060421226345552 | [14.32  2.56 -5.41] | 1.0411678777403843
1.2059579077668583 | [6.93 0.61 1.6 ] | 1.2336875915102394
1.2057862924708407 | [14.18  2.37 -5.42] | 1.0501563561249139
1.2056509097717352 | [7.7  0.91 0.99] | 1.2209453089996631
1.2055596578162304 | [14.88  2.64 -5.94] | 1.0339598668226002
1.2053054060784274 | [7.29 0.59 1.21] | 1.2495779245714818
1.2049375624589966 | [14.47  2.33 -5.78] | 1.0588072204988217
1.2046335166225026 | [8.03 0.9  0.59] | 1.2261644051444418
1.2043599484908925 | [12.21  1.81 -3.42] | 1.1144473713497454
1.2041703909293757 | [6.14 0.56 2.58] | 1.223800026341174
1.2040634926277072 | [13.5   2.33 -4.54] | 1.0601628523008915
1.203991310172417 | [7.22 0.96 1.65] | 1.2075525390066695
1.203956916933797 | [14.64  2.73 -5.44] | 1.0155331089907804
1.2039110787110114 | [8.08 1.23 0.92] | 1.1938427733864696
1.203862759712575 | [14.88  2.84 -5.59] | 1.002862825969522
1.2037826031505787 | [8.22 1.29 0.85] | 1.1868962497328863
1.2036797605186038 | [14.44  2.75 -5.1 ] | 1.0141364657113703
1.2035477902886913 | [7.83 1.22 1.29] | 1.1892764604495494
1.2034118611086007 | [15.2   2.98 -5.78] | 1.0028010256610218
1.2029796798767853 | [6.91 0.56 1.79] | 1.2403945465077477
1.2022868955061246 | [14.14  2.31 -5.19] | 1.0606665874708452
1.2016945809496475 | [7.93 0.98 0.98] | 1.2256932807941885
1.2012110255050197 | [14.99  2.67 -5.86] | 1.0306858437929132
1.200785646874332 | [8.5  1.2  0.44] | 1.2052224801690632
1.2003951497135419 | [11.59  1.83 -2.52] | 1.117765388846289
1.2001148726899702 | [5.7  0.66 3.25] | 1.2087342130205914
1.1999344541691095 | [13.14  2.42 -3.89] | 1.0589521827955033
1.1998022469711547 | [7.   1.12 2.09] | 1.1931897361121182
1.1997180868481965 | [14.49  2.89 -5.02] | 1.0084224785703686
1.199627888756792 | [8.04 1.44 1.19] | 1.1814909142908823
1.199547188175958 | [15.47  3.21 -5.91] | 0.9720677559988069
1.199421037216137 | [8.77 1.63 0.51] | 1.1618199739531272
1.1992350844178192 | [12.5   2.4  -2.97] | 1.0569953173646236
1.1990668963922602 | [6.35 1.09 2.98] | 1.1530697118696192
1.1987348530539466 | [14.9   3.22 -4.19] | 0.9391768008067586
1.1981767280841968 | [8.48 1.77 1.78] | 1.1165567002159646
1.197719986265097 | [15.59  3.43 -5.31] | 0.9242945194922894
1.197307161578998 | [8.99 1.9  0.96] | 1.126125854445013
1.1969612003691321 | [15.78  3.49 -5.76] | 0.9288286946578581
1.1966324058113451 | [9.03 1.88 0.69] | 1.1342256245965732
1.1963210001376847 | [13.85  2.95 -4.05] | 1.002929354033317
1.1960483609573225 | [7.38 1.48 2.16] | 1.1604245888007974
1.195828361558468 | [14.66  3.2  -4.9 ] | 0.9917784161085227
1.1954547729426266 | [7.25 1.23 2.03] | 1.192805518775805
1.1950094497043315 | [14.5   2.94 -4.99] | 1.0169302452221012
1.1946106724349421 | [7.98 1.45 1.29] | 1.1970667506206205
1.1942731477595374 | [15.19  3.15 -5.74] | 1.0160310790522449
1.193723841192629 | [7.37 0.98 1.5 ] | 1.2466737771920677
1.193073904222709 | [14.55  2.68 -5.48] | 1.0661799130374892
1.1925075809756773 | [8.1  1.21 0.74] | 1.2440569740377945
1.1920111419147892 | [13.3   2.38 -4.35] | 1.1114144105453052
1.1915908381699045 | [7.02 0.99 1.68] | 1.2617771445672
1.1912464588954592 | [14.33  2.71 -5.39] | 1.0836372370952383
1.1909183833887262 | [7.81 1.2  0.83] | 1.260814721597592
1.1906062574133465 | [13.87  2.58 -5.  ] | 1.1044342150863136
1.1902968916218624 | [7.4  1.09 1.17] | 1.2737497921688719
1.1900010706203676 | [14.79  2.83 -5.91] | 1.0802389163246926
1.1896642713919003 | [8.12 1.24 0.42] | 1.2603106588782471
1.1892733649641316 | [11.21  1.84 -2.42] | 0.17927455595314484
Total reward: 136.45772102437198
3.6, 0.3, 0.9, 4.6, 2.5, 0.5, -1.4, -2.5, 3.2, -4.2, 0.2, 4.5, -5.5, 3.0, 4.5, -0.4, -4.8, -3.8, -1.5, 2.5, -2.5, -2.5, -1.0, -4.5, 2.2, -3.0, -0.5, 5.3, 1.8, 3.2, 6.0, 1.8, -5.0, 6.0, 2.0, -0.4
parameter ends

state | action | reward
[1.25] | [10.51  2.4   0.69] | 0.980815946918647
1.2542438872555484 | [20.66  0.93 -6.96] | 0.6327236150975881
1.253167630227609 | [9.86 0.05 2.3 ] | 0.9406835664035336
1.2515181018323471 | [17.04  3.01 -4.1 ] | 0.6936525774247637
1.249272675011805 | [8.1  0.96 3.99] | 0.9138163128884179
1.2464126792344121 | [16.47  3.29 -3.02] | 0.699740179989661
1.2429301444536947 | [7.98 0.84 4.67] | 0.9036616174659419
1.2388206252008829 | [16.57  2.95 -2.55] | 0.7012674737417223
1.234082361884532 | [8.21 0.41 5.04] | 0.899239251778046
1.2287153476207404 | [16.77  2.47 -2.24] | 0.7020864601190306
1.2227188886639841 | [ 8.45 -0.07  5.36] | 0.8885543197449961
1.216100551024594 | [16.4   1.87 -2.09] | 0.73683769543016
1.209619530490715 | [ 6.01 -1.    6.67] | 0.9188570068826076
1.2043725150624929 | [ 6.54 -0.18 -1.33] | 0.8570629450423856
1.2010644260563694 | [ 1.9  -0.22  3.47] | 0.8294452027558841
1.1993543647825111 | [ 7.71  1.76 -4.41] | 0.8118794234143358
1.198761620443849 | [6.43 1.6  2.75] | 0.983316481002445
1.1990061316538083 | [16.12  3.8  -3.  ] | 0.9097882014189677
1.199840371588794 | [12.95  2.69  5.23] | 1.1440221448338663
1.2011000186192933 | [22.75  4.88 -0.48] | 0.8813773346910192
1.2025947533474632 | [14.42  2.92  2.43] | 1.0553860458110875
1.2041194910320823 | [16.97  3.91 -5.44] | 0.8667673675037428
1.2056060577760166 | [6.2  1.04 1.83] | 1.1206492515536413
1.206886550359949 | [12.63  2.77 -5.22] | 0.9621199392903559
1.2079620661796928 | [3.92 0.25 2.47] | 1.137642155422522
1.208733205911418 | [11.33  2.13 -4.45] | 1.0207472951628886
1.2092401500035945 | [ 3.22 -0.29  3.34] | 1.1378175421362031
1.2094132306200935 | [ 9.12  1.3  -4.05] | 1.065246891076583
1.2092731644706671 | [ 2.41 -0.86  4.07] | 1.0995748943629091
1.2088818184481762 | [ 6.61  0.65 -4.4 ] | 1.0238003814046093
1.2086573204385942 | [4.66 0.28 2.49] | 1.110864320977885
1.208548433713128 | [12.63  2.16 -4.42] | 1.0456835149411712
1.2084508802931033 | [10.86  1.45  3.39] | 1.2399409981985534
1.2084276963700926 | [20.94  3.67 -2.65] | 0.8930108045157157
1.2086246140126944 | [10.04  1.45  2.71] | 1.1331502967238507
1.2089480838034008 | [15.12  2.87 -4.85] | 0.9289112870839311
1.2093170221803986 | [7.38 1.19 1.49] | 1.0963897183982045
1.209702311347262 | [14.31  2.93 -5.64] | 0.9167433000515701
1.2098315088302694 | [5.94 0.52 1.94] | 1.131204414540188
1.2096966835762435 | [13.27  2.34 -5.  ] | 0.9589856736873398
1.209620633770687 | [7.05 1.   1.47] | 1.1064236851675855
1.2096108139064692 | [14.45  2.8  -5.48] | 0.9163548957224781
1.2096192000253552 | [7.92 1.3  1.13] | 1.0946241146477893
1.2096629702982882 | [15.22  3.08 -5.84] | 0.9080597251044662
1.209479669160634 | [6.92 0.63 1.92] | 1.1499516247961488
1.2090501340546598 | [14.08  2.4  -4.97] | 0.9721841568101617
1.208742863475435 | [7.78 1.04 1.45] | 1.1312705782726467
1.2085605352906519 | [14.91  2.79 -5.48] | 0.9384353829658334
1.208453024852081 | [8.3  1.28 1.08] | 1.1236024795558976
1.208426477061921 | [15.38  3.02 -5.86] | 0.9374604770521712
1.2082206823258281 | [7.   0.56 1.91] | 1.1823969213737389
1.2077993061113181 | [14.01  2.3  -4.98] | 1.0083397653383672
1.207527618838548 | [7.67 0.93 1.41] | 1.167324790110648
1.2073939573195371 | [14.73  2.66 -5.52] | 0.9783533268774103
1.207345510559795 | [8.1  1.15 1.01] | 1.1619686488636556
1.2073795248900763 | [15.18  2.88 -5.94] | 0.9784358522577172
1.2072307930705146 | [6.79 0.41 1.82] | 1.220182513511829
1.2068583608205006 | [13.79  2.14 -5.09] | 1.0484065179621072
1.2066279300403835 | [7.48 0.78 1.27] | 1.2054718665440298
1.2065265530006248 | [14.57  2.51 -5.68] | 1.0170916611763903
1.2064986381665836 | [7.98 1.01 0.82] | 1.194725514453831
1.2065221966922728 | [13.8   2.38 -4.85] | 1.0397337113430207
1.2065603942348166 | [7.13 0.84 1.66] | 1.2003094994115346
1.2066361085086075 | [14.35  2.59 -5.37] | 1.0318965896404335
1.2065016579184478 | [6.58 0.44 1.93] | 1.23137993287894
1.206256308914093 | [13.74  2.19 -5.06] | 1.0587948266699476
1.206094303322865 | [7.42 0.81 1.28] | 1.2154772738889688
1.206015335427097 | [14.64  2.56 -5.73] | 1.0231754703335447
1.205966913586454 | [8.04 1.05 0.75] | 1.2004103655441876
1.2059309796823519 | [13.42  2.29 -4.43] | 1.0556586139341908
1.205921050253691 | [6.98 0.86 1.88] | 1.2011687818954977
1.2059457597467773 | [14.31  2.62 -5.19] | 1.0182618050805086
1.2059602189768497 | [7.68 1.09 1.27] | 1.1915568975236426
1.2059786922439721 | [15.01  2.85 -5.78] | 1.0081137235576603
1.2057188848128824 | [6.61 0.37 1.89] | 1.244207833661474
1.205165565390873 | [13.8   2.13 -5.08] | 1.0693048932384803
1.2047188889289486 | [7.62 0.82 1.14] | 1.2255233390793783
1.204383444411189 | [14.83  2.55 -5.86] | 1.0297148824322409
1.2041049852767551 | [8.33 1.09 0.51] | 1.203115229916035
1.2038463843216272 | [11.95  1.85 -2.95] | 1.103093715280253
1.2036776296963565 | [5.94 0.63 2.97] | 1.202732522062595
1.2035954679210998 | [13.34  2.4  -4.15] | 1.0455953177712545
1.2035510785566825 | [7.1  1.06 1.97] | 1.1852202109779206
1.203545672100678 | [14.55  2.84 -5.13] | 0.9974048132757518
1.2035288698259545 | [8.03 1.36 1.19] | 1.1723006171566803
1.2035165981861486 | [15.42  3.12 -5.89] | 0.9633069503617477
1.2034582897786026 | [8.67 1.53 0.61] | 1.1548626980414332
1.2033445090608172 | [13.15  2.51 -3.63] | 1.0298284568433007
1.2032278856907523 | [6.8  1.12 2.54] | 1.1619821118313756
1.2031259200546254 | [14.28  2.9  -4.58] | 0.9853799254827712
1.2029977295559058 | [7.74 1.41 1.74] | 1.143014755352043
1.2027701129324353 | [15.45  3.27 -5.36] | 0.9331033175751622
1.2024586012490321 | [8.72 1.68 1.05] | 1.1338773564503348
1.202169741296376 | [15.92  3.39 -5.99] | 0.938201161825722
1.2016318529017367 | [7.5  0.91 1.7 ] | 1.201096277665055
1.200838301675006 | [14.63  2.63 -5.24] | 1.0190064830260728
1.200171441042239 | [8.27 1.23 0.99] | 1.197831056861887
1.1996374187557515 | [15.3   2.91 -5.94] | 1.0015970930271287
1.1991823646501587 | [8.68 1.38 0.46] | 1.1889665734181665
1.1987674199686984 | [11.74  1.99 -2.57] | 1.1048510982193602
1.1984722225223863 | [5.74 0.76 3.28] | 1.2028467066158732
1.1982872921022243 | [13.1   2.5  -3.83] | 1.0579980609213309
1.1981587006689196 | [6.87 1.15 2.22] | 1.1947223381857088
1.1980847205588658 | [14.29  2.9  -4.87] | 1.0181125833752007
1.198009900327599 | [7.79 1.41 1.37] | 1.18963405116573
1.1979471543492586 | [15.17  3.16 -5.71] | 0.989958390965904
1.1978414526513257 | [8.44 1.56 0.73] | 1.1821340302448233
1.197696073357918 | [13.81  2.78 -4.39] | 1.0367628930777946
1.1975295678668116 | [7.3  1.28 1.86] | 1.1951154971684548
1.1973612809574508 | [14.73  3.04 -5.23] | 1.0173712189066175
1.1969719194992163 | [7.13 0.97 1.81] | 1.2262883548077994
1.1964263211478186 | [14.49  2.72 -5.22] | 1.0431697234021087
1.1959165336633346 | [8.06 1.27 1.  ] | 1.2218068560692112
1.1954622199307434 | [15.34  2.99 -6.04] | 1.0193086250873666
1.1950081579597978 | [8.67 1.43 0.34] | 1.20497518836783
1.1945492314329247 | [11.11  1.87 -1.94] | 1.13364610015019
1.1941882236099781 | [5.23 0.69 3.74] | 1.2151019608869
1.1939073757773395 | [12.77  2.46 -3.43] | 1.0785868869140387
1.1936587960088896 | [6.67 1.15 2.44] | 1.19268067293741
1.1933234167719264 | [14.81  3.13 -4.69] | 0.9896651415956788
1.1928603666763051 | [8.42 1.68 1.29] | 1.1708657498678472
1.1924595691916187 | [15.66  3.37 -5.81] | 0.9685629215925045
1.192060830494181 | [9.04 1.82 0.46] | 1.1625643107926031
1.191655050187157 | [12.29  2.46 -2.67] | 1.0728908323244806
1.1913227297905251 | [6.27 1.19 3.1 ] | 1.1840166863742025
1.1910601685506033 | [13.78  2.95 -4.03] | 1.0258106809536354
1.1908122763392526 | [7.48 1.55 1.96] | 1.1785055132431617
1.1905916872377826 | [14.95  3.3  -5.16] | 0.988882519590891
1.1903400525683003 | [8.39 1.78 1.06] | 1.178330299058048
1.1900834759182695 | [15.79  3.51 -6.03] | 0.9670040789181427
1.1897636231426298 | [9.01 1.87 0.39] | 0.16674921248090752
Total reward: 136.99965261702994
3.6, 0.3, 0.9, 4.6, 2.5, 0.5, -1.4, -2.5, 3.2, -4.2, 0.2, 4.5, -5.5, 3.0, 4.5, -0.4, -4.8, -3.8, -1.5, 2.5, -2.5, -2.5, -1.0, -4.5, 2.2, -3.0, -0.5, 5.3, 1.8, 3.2, 6.0, 1.8, -5.0, 6.0, 2.0, -0.4
parameter ends

state | action | reward
[1.25] | [10.51  2.39  0.74] | 0.943206275676927
1.2466332813182863 | [19.65  4.51 -3.66] | 0.6309560605810769
1.2456185402247977 | [9.62 1.68 3.56] | 0.9139228265545065
1.2440026077199733 | [17.38  3.63 -3.89] | 0.6769980029556678
1.2417740631158563 | [8.52 1.04 3.63] | 0.9133611780311466
1.2389248297402506 | [16.93  3.12 -3.63] | 0.6878586719132719
1.2354510628509672 | [8.44 0.59 3.98] | 0.9086188175425325
1.2313509961680034 | [16.97  2.7  -3.25] | 0.690765198274226
1.2266232014446148 | [8.61 0.2  4.4 ] | 0.9028611898634539
1.2212677650120003 | [17.12  2.3  -2.83] | 0.6917818145462322
1.2153101246187932 | [ 8.41 -0.24  5.04] | 0.9199646064200758
1.209997007246412 | [11.33  0.77 -1.6 ] | 0.9500646973012465
1.2057212030939888 | [ 4.08 -1.46  7.69] | 0.9989185058688959
1.2025572537536124 | [ 7.06  0.3  -1.34] | 0.9518938039895524
1.200886071898963 | [3.86 0.16 4.53] | 0.9834887516612015
1.2002517811784972 | [10.63  2.01 -2.42] | 0.9804145902825776
1.2003189495503146 | [8.91 1.56 5.12] | 1.1366748342990145
1.2009358316558065 | [18.86  3.79 -0.62] | 0.8984696189271362
1.201913693021318 | [10.86  2.19  2.51] | 1.0499127459208164
1.2030641892122023 | [15.44  3.52 -4.86] | 0.8553366722386738
1.204341362279066 | [7.39 1.7  1.71] | 1.0369683757581163
1.205655489371428 | [14.08  3.41 -5.32] | 0.8521833058468543
1.2069139385636753 | [6.76 1.58 1.67] | 1.032219764726289
1.2080890330187464 | [14.09  3.4  -5.3 ] | 0.8633116753635643
1.2090064670314198 | [5.8  0.94 2.42] | 1.0769030354793219
1.2096090676767444 | [13.3   2.8  -4.48] | 0.9305636300582576
1.2099630664309782 | [5.07 0.35 3.28] | 1.1126394652695595
1.2100243895683225 | [12.44  2.2  -3.62] | 0.993469851474065
1.2098581669130786 | [ 4.27 -0.23  4.17] | 1.1212764900879957
1.2094174739417973 | [10.15  1.34 -3.13] | 1.0207577977758044
1.209133134222002 | [5.67 0.49 3.31] | 1.1196328532042363
1.2090096878228098 | [13.77  2.42 -3.43] | 0.9551734062156069
1.2090214805430897 | [7.35 1.09 2.78] | 1.081470775688203
1.2091492265020065 | [14.43  2.84 -4.26] | 0.9032290921734897
1.2093375631894852 | [7.83 1.39 2.2 ] | 1.057314359673561
1.2095821629814503 | [15.01  3.15 -4.82] | 0.8648820171574074
1.2098301698634688 | [8.21 1.57 1.83] | 1.0418593374676437
1.2100910899352393 | [15.41  3.35 -5.17] | 0.8548211363800622
1.2101519524275748 | [7.13 0.94 2.47] | 1.0873956493659782
1.2099559039977037 | [14.3   2.73 -4.43] | 0.9229170942366121
1.2096723877850941 | [7.11 0.92 2.59] | 1.0899962953297684
1.2094439994178483 | [14.21  2.68 -4.33] | 0.9167806379164707
1.2093191598192765 | [7.75 1.27 2.14] | 1.0697364744769517
1.2092985296850682 | [14.84  3.02 -4.81] | 0.8841426474522948
1.2093319198670527 | [8.13 1.47 1.81] | 1.0593917299767022
1.209426224211472 | [15.22  3.22 -5.14] | 0.8825330610583317
1.2093332227154583 | [6.83 0.76 2.62] | 1.1132492725004135
1.209017991693609 | [13.88  2.52 -4.26] | 0.9563640293339203
1.2087198711096965 | [7.02 0.88 2.52] | 1.1104848597583181
1.2085301736120773 | [14.07  2.62 -4.4 ] | 0.941694406686416
1.208458958576495 | [7.61 1.2  2.06] | 1.0952432225895554
1.2084982355303706 | [14.69  2.94 -4.89] | 0.9126191864496976
1.2085949763471737 | [7.97 1.39 1.72] | 1.0877271476678088
1.2087508765776567 | [15.07  3.13 -5.23] | 0.9124521479602095
1.2087153373186927 | [6.68 0.67 2.52] | 1.1418080227433105
1.20845025603709 | [13.74  2.42 -4.38] | 0.9888028150752436
1.20816083703404 | [6.78 0.73 2.46] | 1.143741940908215
1.2079745873204213 | [13.85  2.47 -4.47] | 0.9775792522056668
1.207906491218058 | [7.45 1.07 1.93] | 1.128339372090778
1.2079483225170635 | [14.58  2.82 -5.03] | 0.9455630129167567
1.2080457078624285 | [7.9  1.28 1.53] | 1.1202053510385943
1.2082001058264837 | [15.04  3.03 -5.44] | 0.9427309187672503
1.2081488016772526 | [6.65 0.56 2.3 ] | 1.1743096184651993
1.2078568398804743 | [13.72  2.31 -4.62] | 1.0067136449776732
1.2076859201274102 | [7.38 0.94 1.77] | 1.1563824771231794
1.2076299094403642 | [14.51  2.69 -5.18] | 0.9728688752043481
1.207636343858269 | [7.89 1.17 1.35] | 1.148121224905449
1.2077077280441701 | [15.03  2.91 -5.63] | 0.9692479208563708
1.2075744893213844 | [6.64 0.45 2.11] | 1.2032532737343349
1.2072024366085603 | [13.69  2.19 -4.81] | 1.034755125928087
1.2069634777930478 | [7.41 0.85 1.53] | 1.1859206944776892
1.206849853803124 | [14.53  2.58 -5.43] | 0.9999724928998395
1.206807051216347 | [7.96 1.09 1.05] | 1.1785055597321261
1.2068364561549787 | [15.1   2.82 -5.92] | 0.9938886147176997
1.2066806764254538 | [7.07 0.55 1.57] | 1.2231184382438562
1.2063791486599404 | [14.13  2.29 -5.38] | 1.0428260983005702
1.2061811414335528 | [7.73 0.87 1.02] | 1.211224097998154
1.206083569349495 | [14.85  2.61 -5.95] | 1.018223013034644
1.2059907870267639 | [7.92 0.92 0.78] | 1.2112074963629798
1.205884696892846 | [13.41  2.21 -4.57] | 1.06488289661775
1.2058359637591414 | [6.98 0.78 1.76] | 1.2117377957602553
1.205848075242243 | [14.23  2.53 -5.29] | 1.0353435722600657
1.2058011315572188 | [7.24 0.81 1.44] | 1.2172558685719455
1.2057232884989137 | [14.5   2.56 -5.58] | 1.0384353580696173
1.2055093024743688 | [7.13 0.63 1.44] | 1.2364525959758517
1.2052307808485025 | [14.32  2.37 -5.56] | 1.050412017269521
1.2050095040502575 | [7.87 0.93 0.82] | 1.2205126448339576
1.204835087429739 | [13.79  2.32 -4.9 ] | 1.0619692519053574
1.204700965481818 | [7.36 0.88 1.4 ] | 1.2203229368020467
1.2046163763147266 | [14.64  2.63 -5.64] | 1.0286771187373707
1.204532581129914 | [8.   1.09 0.81] | 1.2085931621614803
1.204446047179605 | [13.91  2.47 -4.86] | 1.0611835077576317
1.2041732775938419 | [6.7  0.62 1.97] | 1.2330263149546798
1.2038852492762648 | [13.99  2.38 -5.08] | 1.0565822719935514
1.203639875808023 | [7.61 0.96 1.19] | 1.2205026530279144
1.2034470981280465 | [14.92  2.72 -5.85] | 1.022311971987258
1.20325715563685 | [8.3  1.18 0.58] | 1.2023922185304095
1.2030488347377186 | [12.5   2.09 -3.42] | 1.0885964145981237
1.2028810818419906 | [6.3  0.78 2.63] | 1.2056378974919224
1.202760519124003 | [13.74  2.55 -4.49] | 1.0389085825937308
1.2026433609145386 | [7.35 1.13 1.72] | 1.192213797643288
1.2025420632120634 | [14.79  2.9  -5.37] | 0.9992906113248752
1.202410720139822 | [8.17 1.36 1.01] | 1.1842430662478398
1.2022739991856901 | [15.53  3.12 -6.06] | 0.9819344095778089
1.201946662056341 | [7.78 0.98 1.13] | 1.2200885083684647
1.2014204600846679 | [15.06  2.73 -5.86] | 1.0221094578185332
1.20089219295348 | [8.35 1.15 0.64] | 1.2097104895952746
1.2003747297306788 | [12.87  2.15 -3.72] | 1.0887310495691438
1.1999450305752735 | [6.74 0.86 2.26] | 1.2165340735379835
1.19960810251911 | [14.08  2.61 -4.82] | 1.0441907504676453
1.1993120845256071 | [7.71 1.2  1.34] | 1.2085933055431606
1.1990682356561553 | [15.04  2.94 -5.73] | 1.0112866313747408
1.1988218818335905 | [8.44 1.4  0.63] | 1.1951073850245846
1.1985622241386713 | [12.96  2.39 -3.69] | 1.0735971785144416
1.1983340690644873 | [6.71 1.03 2.34] | 1.205354365236158
1.1981453193804985 | [14.18  2.8  -4.77] | 1.0304344146823543
1.197947747044397 | [7.71 1.33 1.44] | 1.1978095658271646
1.1977594612720261 | [15.12  3.09 -5.65] | 0.998901621775531
1.1975301149867972 | [8.44 1.51 0.74] | 1.1884363862714145
1.1972674726862003 | [13.86  2.73 -4.42] | 1.0415619418179332
1.1969910967967219 | [7.4  1.26 1.78] | 1.2003667446046127
1.1967223714394482 | [14.82  3.02 -5.32] | 1.0131215906857072
1.1963685291610038 | [7.92 1.32 1.22] | 1.209255728694812
1.1959619259528949 | [15.27  3.06 -5.84] | 1.0213568678909712
1.195300563012634 | [7.46 0.89 1.38] | 1.2518723667034337
1.194514758379007 | [14.71  2.61 -5.63] | 1.0635733165171861
1.1938043869476391 | [8.35 1.19 0.54] | 1.235855692719998
1.1931543956218176 | [12.18  2.   -3.15] | 1.1361438933121761
1.192621465015924 | [6.25 0.78 2.58] | 1.2484582636507382
1.1921976503910054 | [13.65  2.52 -4.53] | 1.0876340988123174
1.1918249582829035 | [7.45 1.17 1.42] | 1.242262887906661
1.1915082641522032 | [14.87  2.92 -5.68] | 1.0484216349161521
1.1911869081688464 | [8.38 1.42 0.5 ] | 1.2243623025837946
1.1908478949761379 | [12.09  2.19 -2.96] | 1.1254312978395227
1.190560128745118 | [6.11 0.94 2.77] | 1.2217372944505787
1.1901945202677913 | [14.51  3.01 -4.39] | 1.015697511472137
1.1896325860445671 | [8.23 1.61 1.42] | 1.1886515170271719
1.1891507544153705 | [15.48  3.29 -5.69] | -0.008375577578820237
Total reward: 144.32587594244373
3.6, 0.3, 0.9, 4.6, 2.5, 0.5, -1.4, -2.5, 3.2, -4.2, 0.2, 4.5, -5.5, 3.0, 4.5, -0.4, -4.8, -3.8, -1.5, 2.5, -2.5, -2.5, -1.0, -4.5, 2.2, -3.0, -0.5, 5.3, 1.8, 3.2, 6.0, 1.8, -5.0, 6.0, 2.0, -0.4
parameter ends

state | action | reward
[1.25] | [10.44  2.36  0.68] | 0.9180764505836017
1.2530011001004944 | [16.43  2.63 -5.33] | 0.7188840358646036
1.2520471367926678 | [8.06 0.71 2.95] | 0.9440118516602523
1.250468084360582 | [16.62  3.14 -3.93] | 0.7132442088391397
1.2482634366566172 | [8.21 0.8  3.89] | 0.9295366051655152
1.2454320985124685 | [16.78  3.   -3.24] | 0.7107941366132663
1.241974092716164 | [8.35 0.53 4.43] | 0.9205826855962247
1.2378894737422237 | [16.86  2.64 -2.79] | 0.7107362275480009
1.2331778720295217 | [8.47 0.14 4.85] | 0.9132580817343031
1.2278397487561423 | [16.93  2.22 -2.41] | 0.7111518853825619
1.2218743020127385 | [ 8.59 -0.28  5.24] | 0.8883333747543115
1.2152988285342436 | [15.29  1.44 -2.42] | 0.8025681941007291
1.2090574168913566 | [ 6.95 -0.99  7.04] | 0.9601087383282312
1.2040494366725145 | [ 7.42 -0.18 -0.87] | 0.9090895020284911
1.2009081170845526 | [ 3.17 -0.17  3.35] | 0.8979425892229919
1.1993007467101118 | [ 8.78  1.7  -4.23] | 0.8766059713637668
1.198780766925982 | [7.2  1.44 3.14] | 1.0526342844804266
1.1990866529677697 | [16.84  3.65 -2.55] | 0.9724595429799197
1.1999495203285857 | [13.45  2.44  5.85] | 1.1724086303399421
1.201161224272515 | [18.63  3.8  -1.14] | 0.9007493788285509
1.2026552441103877 | [7.46 1.51 4.4 ] | 1.0714775455605081
1.2042598621720995 | [12.53  2.95 -3.1 ] | 0.9178471496909095
1.205863941139277 | [4.66 1.17 3.44] | 1.0227478037778501
1.207387503064858 | [11.89  2.98 -3.72] | 0.9014263880346095
1.208578045759307 | [3.46 0.47 3.89] | 1.0472215366380357
1.2093665782157978 | [11.21  2.39 -3.11] | 0.947461588936582
1.2098376615628232 | [3.69 0.27 4.28] | 1.0561491482087448
1.2101011357773797 | [11.43  2.17 -2.72] | 0.9366206304419828
1.2103817195502231 | [5.46 0.93 3.68] | 1.0229927061477626
1.210675389962845 | [13.15  2.79 -3.38] | 0.8718202573158207
1.2109473922233667 | [6.79 1.38 3.13] | 0.9962136254609231
1.2112064291101927 | [14.33  3.21 -3.94] | 0.8211714824219476
1.211416661522179 | [7.68 1.67 2.7 ] | 0.9749889859451266
1.2115995050108606 | [15.1   3.48 -4.35] | 0.8025846008108997
1.211513456983865 | [6.89 1.09 3.26] | 1.0145731523961294
1.2111744374131388 | [14.19  2.9  -3.66] | 0.8438229262907496
1.2109079958347264 | [7.78 1.52 2.83] | 0.9847198147719027
1.2107307828821925 | [14.95  3.29 -4.13] | 0.8027016480116922
1.2105995533176328 | [8.28 1.77 2.49] | 0.9684303822909694
1.2105333557878295 | [15.38  3.53 -4.45] | 0.796745801389533
1.2102826473807518 | [6.99 1.07 3.32] | 1.0211690119259202
1.209821959845914 | [14.05  2.83 -3.54] | 0.8599069824883825
1.2095149772368556 | [7.65 1.46 2.91] | 0.9984972153422952
1.2093546076890296 | [14.65  3.2  -3.99] | 0.8268301543635658
1.2092945618458262 | [7.99 1.69 2.61] | 0.9875386334714435
1.2093313436190585 | [15.    3.42 -4.31] | 0.8256908381866925
1.209213743778156 | [6.61 0.97 3.47] | 1.0413776126876697
1.208897713714682 | [13.63  2.72 -3.38] | 0.8896526356834982
1.2087419116157285 | [7.23 1.34 3.06] | 1.0211628115350946
1.2087282749634343 | [14.26  3.08 -3.86] | 0.8570894779222669
1.2088062367917525 | [7.6  1.57 2.73] | 1.0103986154985172
1.2089682156417816 | [14.67  3.31 -4.21] | 0.8542575922928565
1.208956999313749 | [6.28 0.85 3.55] | 1.0615292139268884
1.2087285167648132 | [13.35  2.61 -3.33] | 0.913861848521589
1.2086424529902826 | [6.99 1.24 3.09] | 1.0400468721556362
1.2086843297317627 | [14.08  2.99 -3.84] | 0.87780247448813
1.2088023207454996 | [7.46 1.49 2.72] | 1.0275706685904444
1.2089924684139992 | [14.57  3.24 -4.24] | 0.8717080566521735
1.2089895692149215 | [6.31 0.84 3.43] | 1.0734359779815994
1.20879214644648 | [13.41  2.6  -3.47] | 0.9225747343455513
1.2087197651677242 | [7.05 1.23 2.94] | 1.0517550278828924
1.2087633656725822 | [14.17  2.99 -4.01] | 0.8857399941168398
1.2088715858132035 | [7.54 1.48 2.55] | 1.039238756811564
1.209044309536023 | [14.68  3.23 -4.42] | 0.8792379360080589
1.2090154899375416 | [6.41 0.82 3.25] | 1.085635307292897
1.2087876095937855 | [13.53  2.59 -3.66] | 0.9308799862086106
1.2086816817367958 | [7.16 1.22 2.75] | 1.064456127007443
1.2086910873588241 | [14.29  2.97 -4.2 ] | 0.8945849641077204
1.2087645372737095 | [7.66 1.46 2.35] | 1.0527780099359598
1.2089036969013118 | [14.79  3.21 -4.62] | 0.8888933891787458
1.208842350215051 | [6.41 0.74 3.12] | 1.1044010030736258
1.2085461907236683 | [13.5   2.5  -3.78] | 0.9488711731066126
1.2083850455589733 | [7.19 1.16 2.59] | 1.0832221958725925
1.2083509528103809 | [14.31  2.9  -4.36] | 0.9115777843346307
1.2083912857068186 | [7.72 1.41 2.16] | 1.0718291272136204
1.208506267049764 | [14.84  3.16 -4.81] | 0.9022144307210714
1.2084606693571585 | [6.71 0.83 2.75] | 1.1162898770506995
1.2082198743026917 | [13.81  2.58 -4.16] | 0.9528749792541666
1.2080964744903333 | [7.41 1.19 2.26] | 1.0988632521066513
1.2080850622277601 | [14.52  2.93 -4.7 ] | 0.9209798897125332
1.2081332500214106 | [7.85 1.4  1.87] | 1.0908516864826985
1.2082440993063992 | [14.97  3.14 -5.1 ] | 0.9189980179555337
1.2081562147065927 | [6.58 0.67 2.64] | 1.145376510563853
1.207834532954755 | [13.66  2.42 -4.27] | 0.9834301256064844
1.2076427716377114 | [7.32 1.06 2.11] | 1.128348167467113
1.20757351866447 | [14.44  2.8  -4.84] | 0.9505333562869583
1.207574214867728 | [7.82 1.28 1.68] | 1.120602162641473
1.2076462172464872 | [14.94  3.02 -5.29] | 0.947621121698349
1.2075192092528824 | [6.54 0.55 2.45] | 1.1759212553960274
1.2071576260132866 | [13.61  2.3  -4.47] | 1.0129632921175666
1.206934452464028 | [7.32 0.95 1.86] | 1.1592471271852829
1.2068403188631478 | [14.45  2.69 -5.1 ] | 0.9785778146433275
1.2068203420788413 | [7.87 1.2  1.38] | 1.1518095003274798
1.2068747542766847 | [15.    2.93 -5.6 ] | 0.9706434986814374
1.2067720851476926 | [7.06 0.71 1.82] | 1.1929364846595387
1.2065246385281299 | [14.16  2.45 -5.12] | 1.0154245524654189
1.2063724877436484 | [7.69 1.01 1.31] | 1.182330878125658
1.2063137237761483 | [14.83  2.74 -5.66] | 1.0010046811911144
1.2061415144224312 | [7.22 0.7  1.54] | 1.2126675612435847
1.2058910478895672 | [14.3   2.43 -5.42] | 1.0305485608808265
1.2057283202172888 | [7.81 0.97 1.02] | 1.2047036486738292
1.2056527062082851 | [14.94  2.7  -5.96] | 1.0225709127195368
1.2054055945416249 | [7.14 0.55 1.38] | 1.243231910775907
1.2050780438335422 | [14.2   2.27 -5.58] | 1.0611256795005242
1.204849791914972 | [7.79 0.85 0.8 ] | 1.2284593160068675
1.204696305440587 | [13.44  2.17 -4.72] | 1.079690645168218
1.2046120179114537 | [7.07 0.77 1.56] | 1.22915288867789
1.2045974703049502 | [14.31  2.51 -5.49] | 1.0451709359735128
1.204600332435417 | [7.72 1.   0.95] | 1.221269919549884
1.2046229944320583 | [14.65  2.65 -5.73] | 1.0450591498022246
1.2044393391173573 | [6.94 0.54 1.47] | 1.2553024379813966
1.204126015163325 | [14.16  2.29 -5.54] | 1.0715961633937923
1.2038682849677316 | [7.75 0.86 0.81] | 1.2378371336073921
1.2036541706458632 | [13.58  2.22 -4.81] | 1.0838313527540975
1.2034815570006296 | [7.22 0.82 1.43] | 1.2371310438604308
1.2033584116530498 | [14.53  2.57 -5.64] | 1.0470842518999663
1.2032357295615907 | [7.95 1.05 0.76] | 1.2229017967883469
1.2031053227918496 | [13.52  2.33 -4.56] | 1.0743796180259118
1.2029808169611178 | [7.09 0.9  1.68] | 1.2247637833852187
1.2028754738719 | [14.49  2.66 -5.41] | 1.0366864497595794
1.202745175812249 | [7.88 1.13 0.98] | 1.2165097665395976
1.2026090575904946 | [15.11  2.86 -5.96] | 1.0310471931465524
1.202174041695625 | [6.83 0.43 1.61] | 1.2689936167661018
1.2014748091887162 | [14.06  2.18 -5.38] | 1.0885610449938457
1.200876015992472 | [7.88 0.86 0.77] | 1.2473670170437006
1.2003645251173312 | [13.42  2.13 -4.57] | 1.1017535928200657
1.1999434454964428 | [7.28 0.84 1.45] | 1.2477888417320453
1.1996165223575708 | [14.59  2.58 -5.62] | 1.0581807198735653
1.1993269074464532 | [8.17 1.14 0.59] | 1.2276281084125995
1.1990500508389363 | [12.48  2.07 -3.5 ] | 1.112682454248766
1.1988353710579907 | [6.42 0.81 2.38] | 1.230310467906466
1.1986811913882713 | [13.9   2.59 -4.75] | 1.057898451299705
1.1985352842615624 | [7.58 1.19 1.35] | 1.2165230611840634
1.1984072370695713 | [15.06  2.96 -5.76] | 1.0144651422486082
1.1982435803919034 | [8.47 1.44 0.55] | 1.191134109282733
1.1979896722947545 | [12.81  2.39 -3.29] | 1.067221658344303
1.1976922227562115 | [6.69 1.09 2.58] | 1.1724360908037093
1.197251071844222 | [15.09  3.16 -4.6 ] | 0.956646759928278
1.1966433004719133 | [8.7  1.73 1.35] | 1.1413488901997164
1.1961451335425113 | [15.79  3.39 -5.73] | 0.9415108930663922
1.195695135083618 | [9.2  1.85 0.53] | 1.1383850592732818
1.1952802584606663 | [12.86  2.61 -3.09] | 1.037494940619435
1.1949585529148767 | [6.75 1.31 2.79] | 1.1625413294638183
1.1947295336631965 | [14.11  3.04 -4.3 ] | 0.9978278764754487
1.194533900912279 | [7.73 1.61 1.81] | 1.16018149616039
1.1943824007215962 | [15.08  3.34 -5.27] | 0.9692541519754467
1.1942142214453109 | [8.44 1.78 1.06] | 1.1636955291013746
1.1940525489389 | [15.74  3.5  -6.  ] | 0.9552463882387006
1.1938385416842272 | [8.89 1.83 0.52] | 1.159520373681995
1.1935693721807614 | [12.59  2.6  -3.01] | 1.065939578320046
1.193203108337638 | [5.99 1.03 3.26] | 1.191149623918322
1.1928737152332016 | [13.48  2.8  -3.85] | 1.0405120622721329
1.192562460308443 | [7.15 1.38 2.2 ] | 1.18711162750167
1.192282997205724 | [14.58  3.13 -4.9 ] | 1.0075944773651444
1.1919828495906284 | [8.03 1.6  1.34] | 1.1882436631234716
1.19168708286419 | [15.4   3.33 -5.74] | 0.987440122857562
1.1913418499156019 | [8.65 1.71 0.66] | 1.1856083228816814
1.1909582573973634 | [13.47  2.77 -3.94] | 1.0668492358182686
1.1903962474849705 | [6.5  1.01 2.59] | 1.2242621425097189
1.1898396994806648 | [13.93  2.76 -4.49] | 1.0604842118309203
1.1893158830230952 | [7.61 1.34 1.55] | 0.22300832179038915
Total reward: 164.29546199795882
3.6, 0.3, 0.9, 4.6, 2.5, 0.5, -1.4, -2.5, 3.2, -4.2, 0.2, 4.5, -5.5, 3.0, 4.5, -0.4, -4.8, -3.8, -1.5, 2.5, -2.5, -2.5, -1.0, -4.5, 2.2, -3.0, -0.5, 5.3, 1.8, 3.2, 6.0, 1.8, -5.0, 6.0, 2.0, -0.4
parameter ends

state | action | reward
[1.25] | [10.54  2.39  0.7 ] | 0.9821626558166539
1.2518701024764032 | [20.64 -0.47 -8.53] | 0.6171665603045746
1.2508102460842943 | [ 9.65 -0.63  1.5 ] | 0.9240963527558368
1.2492072299254118 | [14.95  2.36 -5.01] | 0.7229719614830852
1.2470173710182233 | [7.45 0.81 3.71] | 0.9164469657611789
1.2441867042855983 | [16.53  3.37 -3.01] | 0.6990415461958662
1.2407209689007375 | [8.38 1.03 4.82] | 0.9024702126620741
1.236622506524882 | [17.12  3.17 -2.36] | 0.6912130400876619
1.2318939337058041 | [8.74 0.61 5.22] | 0.8966947285677367
1.2265369866870943 | [17.28  2.65 -2.09] | 0.6918193813171005
1.2205520497956928 | [8.87 0.07 5.47] | 0.89223107109187
1.2139404305831207 | [17.07  2.04 -1.81] | 0.7345951899604315
1.2076411471747253 | [ 6.17 -0.94  6.85] | 0.9117611970406149
1.2029269748895666 | [ 9.07  0.9  -2.28] | 0.8943471545466382
1.200169009646902 | [7.44 0.95 4.51] | 1.0390642404357229
1.1987937019863044 | [16.3   3.01 -1.18] | 0.9377646194580531
1.1984627499168707 | [9.35 1.75 4.87] | 1.0251014452267917
1.1989002469519863 | [13.66  3.01 -2.37] | 0.8889039126615949
1.1998638125959058 | [6.49 1.68 3.48] | 0.9954368533048458
1.2011437854403526 | [12.9   3.31 -3.49] | 0.8503720363415531
1.202591344694554 | [6.22 1.85 2.94] | 0.9752985356087109
1.20411230956659 | [13.42  3.62 -4.04] | 0.8175204960513215
1.2056050037471093 | [6.54 1.95 2.77] | 0.9673118509209354
1.2070282846327554 | [14.02  3.78 -4.26] | 0.7978939194997866
1.2083132405419867 | [6.89 1.95 2.78] | 0.965145191688245
1.209454484781556 | [14.43  3.79 -4.27] | 0.8019485004330105
1.2102846631967898 | [6.11 1.3  3.4 ] | 1.0064130123033521
1.2107639436390154 | [13.66  3.17 -3.55] | 0.8632929465964944
1.210967817881449 | [5.34 0.7  4.17] | 1.0383053850834107
1.2108655853769414 | [12.75  2.55 -2.74] | 0.9229857199317304
1.2105279874949828 | [4.47 0.1  5.02] | 1.0660041240018892
1.2099291364302276 | [11.66  1.91 -1.89] | 0.9526480962062212
1.2095313491951338 | [5.98 0.87 4.17] | 1.0251372712578288
1.2093202479497425 | [13.23  2.65 -2.8 ] | 0.8821785021605861
1.2092456215470393 | [7.1  1.41 3.42] | 0.9947011424562059
1.209296945009177 | [14.32  3.18 -3.58] | 0.8272318592578909
1.2094180038305675 | [7.84 1.76 2.86] | 0.9721680836351023
1.2096083761210668 | [15.04  3.52 -4.14] | 0.788476917066175
1.2098127138884656 | [8.29 1.96 2.5 ] | 0.9582478693048075
1.2100426439755043 | [15.46  3.73 -4.48] | 0.7759194757824572
1.2101263734775665 | [7.47 1.47 2.99] | 0.994401519745114
1.2100057667941275 | [14.62  3.25 -3.92] | 0.8381135893609861
1.2097264226034374 | [6.79 1.1  3.51] | 1.0211866593836645
1.2093956446350884 | [13.88  2.86 -3.37] | 0.8643086163742066
1.209202626830635 | [7.48 1.49 3.05] | 0.9989006140479039
1.2091413370234727 | [14.54  3.23 -3.88] | 0.8296097833060909
1.2091609961904424 | [7.88 1.72 2.71] | 0.9874102208116395
1.2092619660623956 | [14.94  3.46 -4.23] | 0.8265502352162404
1.209188155762422 | [6.55 1.   3.53] | 1.0402862762829135
1.2089006675507055 | [13.62  2.76 -3.34] | 0.8884843158285822
1.2087588826247817 | [7.23 1.38 3.09] | 1.0195105149003358
1.2087501225821125 | [14.29  3.13 -3.84] | 0.8548853739235682
1.2088230017524175 | [7.64 1.61 2.74] | 1.0087146608201318
1.2089741425320493 | [14.72  3.35 -4.21] | 0.8515461939322126
1.2089441319350074 | [6.33 0.89 3.54] | 1.0603711235918596
1.2086925783260707 | [13.42  2.65 -3.34] | 0.9116060011922891
1.2085814870605371 | [7.06 1.29 3.06] | 1.0394535977002355
1.208598500089857 | [14.15  3.03 -3.88] | 0.8760809064071072
1.2086914611988173 | [7.53 1.53 2.67] | 1.0278957432621219
1.2088579152719134 | [14.64  3.27 -4.29] | 0.8707291307440468
1.2088317319485922 | [6.37 0.87 3.38] | 1.0750306771878633
1.2086124730711116 | [13.48  2.63 -3.52] | 0.9231948968947014
1.2085202502543302 | [7.11 1.26 2.89] | 1.0546740091993958
1.2085462917150707 | [14.23  3.01 -4.06] | 0.8877810293784174
1.2086385678655776 | [7.59 1.5  2.49] | 1.0435665152637559
1.2087972758267227 | [14.72  3.25 -4.48] | 0.8825364751735841
1.2087563344728165 | [6.34 0.78 3.26] | 1.095051427829687
1.208480352768815 | [13.44  2.54 -3.64] | 0.9421016668172685
1.2083381782125902 | [7.13 1.19 2.73] | 1.074092836099688
1.2083213381487583 | [14.25  2.94 -4.23] | 0.9050132999578475
1.2083771442690223 | [7.65 1.44 2.29] | 1.0627765479139963
1.208505655903716 | [14.78  3.19 -4.68] | 0.8970933553456943
1.2084546617821903 | [6.75 0.92 2.82] | 1.1033772550337373
1.2082617510508933 | [13.87  2.67 -4.09] | 0.9399636244825547
1.2081745604302667 | [7.42 1.26 2.34] | 1.087087605283004
1.2081894377737599 | [14.54  3.   -4.62] | 0.9167121655007776
1.2081636031894454 | [7.37 1.19 2.3 ] | 1.0977345771614426
1.2081367049211684 | [14.49  2.94 -4.65] | 0.935629867724135
1.2079712080641098 | [6.89 0.9  2.57] | 1.1235209390590486
1.207782665676688 | [13.99  2.65 -4.36] | 0.9565790110612745
1.207697608952624 | [7.52 1.22 2.06] | 1.1099635533575087
1.207712349167874 | [14.64  2.96 -4.9 ] | 0.9324800132032901
1.2077204913253712 | [7.63 1.24 1.89] | 1.1159046027274304
1.2077408041859832 | [14.76  2.98 -5.07] | 0.9482137622862661
1.2075661559996387 | [6.49 0.58 2.59] | 1.1657293921731484
1.2071998187157553 | [13.55  2.32 -4.33] | 1.0052082275653098
1.2069765778401405 | [7.29 0.99 1.98] | 1.1486183372490861
1.2068864599668443 | [14.42  2.73 -4.97] | 0.9696473210820725
1.206873855500256 | [7.85 1.24 1.49] | 1.1404915569712306
1.2069383761788643 | [14.98  2.97 -5.49] | 0.9563661775972456
1.2069047393021806 | [7.43 0.96 1.66] | 1.1680227937728755
1.2067860825581498 | [14.56  2.7  -5.28] | 0.9975967528578197
1.2065279523965997 | [6.98 0.67 1.92] | 1.1953609442430304
1.2062490525533396 | [14.05  2.41 -5.03] | 1.0209332225614716
1.2060776749596471 | [7.65 0.99 1.35] | 1.184408244900331
1.2060096814749652 | [14.78  2.73 -5.62] | 0.9933790278846524
1.2059899601762576 | [8.1  1.18 0.91] | 1.1785040127995428
1.2060133432133051 | [14.56  2.72 -5.4 ] | 1.0177065403402976
1.2058076623870944 | [6.29 0.32 2.23] | 1.2355702279109952
1.2053849146969013 | [13.38  2.06 -4.73] | 1.073167241726842
1.2050947236713565 | [7.22 0.75 1.49] | 1.2186028988549766
1.204929137085294 | [14.39  2.49 -5.5 ] | 1.0341094786249418
1.2048307129820608 | [7.91 1.03 0.88] | 1.2073920306358101
1.2047892932524114 | [14.25  2.53 -5.26] | 1.0354583908012782
1.2047785038808996 | [7.69 1.04 1.14] | 1.2082319881177377
1.2048062679798996 | [14.94  2.79 -5.89] | 1.0182289271477265
1.2046931079539038 | [7.4  0.77 1.2 ] | 1.2342936596455296
1.2044608421328624 | [14.61  2.52 -5.8 ] | 1.0501606281309113
1.2041344767493867 | [7.43 0.68 1.09] | 1.2494629634924257
1.203792069728952 | [14.59  2.42 -5.89] | 1.057319601206032
1.2035092600608013 | [8.1  0.95 0.5 ] | 1.227519963836811
1.2032451877220751 | [11.6   1.68 -2.86] | 1.1323201355038568
1.2030745413766992 | [5.62 0.47 3.05] | 1.225674129103882
1.2029907789129701 | [13.02  2.24 -4.09] | 1.0747054295093676
1.2029460693729541 | [6.83 0.91 2.01] | 1.2084844496054337
1.2029389145129554 | [14.31  2.69 -5.1 ] | 1.024837198282905
1.2029200823494772 | [7.83 1.23 1.18] | 1.1950289555637947
1.2029034053256884 | [15.26  3.   -5.91] | 0.9878266394194237
1.2028393188573232 | [8.54 1.42 0.56] | 1.1744215926328099
1.2027125208361733 | [12.67  2.31 -3.31] | 1.0595080895730773
1.2025901605930525 | [6.44 0.97 2.75] | 1.1634494230947627
1.202309141375785 | [14.67  2.99 -4.41] | 0.9626212245491741
1.2018882608713262 | [8.21 1.53 1.69] | 1.1355015594897833
1.2015401600702773 | [15.4   3.23 -5.39] | 0.9406792228142309
1.2012129514493823 | [8.77 1.69 0.96] | 1.1381843357474857
1.2009306210292008 | [15.66  3.32 -5.8 ] | 0.9410642483528886
1.2005982862312763 | [8.57 1.54 0.93] | 1.1597733970232493
1.2002322793423932 | [15.22  3.11 -5.57] | 0.987195745196514
1.199648892270447 | [7.15 0.82 1.89] | 1.2198601658224353
1.1989246294878053 | [14.26  2.52 -5.07] | 1.0465064121022059
1.1983348325146552 | [7.97 1.15 1.1 ] | 1.2177153315774638
1.1978791681208356 | [15.08  2.84 -5.89] | 1.0245696643541626
1.1974965315916535 | [8.5  1.33 0.46] | 1.2074636033781527
1.1971488873707812 | [11.62  1.95 -2.6 ] | 1.1231116169435444
1.1969132127972522 | [5.64 0.72 3.22] | 1.2197786436320293
1.1967760634929006 | [13.04  2.47 -3.9 ] | 1.0744044903805827
1.1966823284655657 | [6.82 1.11 2.12] | 1.2111781230259202
1.19662952128564 | [14.29  2.88 -4.99] | 1.0323841525116617
1.1965621120790833 | [7.79 1.39 1.24] | 1.205285668969859
1.1964938671750935 | [15.22  3.15 -5.85] | 1.0023020428719298
1.1963700145651344 | [8.49 1.54 0.58] | 1.1919392780629336
1.1961836079828223 | [12.73  2.45 -3.4 ] | 1.0779496891681084
1.1959962438933942 | [6.46 1.07 2.62] | 1.1982910093601171
1.195758092721269 | [14.37  2.97 -4.52] | 1.009790953040049
1.19539661486807 | [7.89 1.49 1.6 ] | 1.180892520143009
1.195059623231035 | [15.23  3.21 -5.5 ] | 0.9856360456908355
1.1946970240024608 | [8.58 1.64 0.83] | 1.180067826537036
1.1943277591265418 | [14.58  3.02 -4.97] | 1.015016061453111
1.193945683542501 | [8.01 1.49 1.3 ] | 1.1965044648307648
1.1935776491464156 | [15.34  3.21 -5.77] | 1.011062245929398
1.1929280717118453 | [7.26 0.89 1.63] | 1.2508534054064804
1.1920875978074303 | [14.51  2.62 -5.37] | 1.0700537800680292
1.1913356059986697 | [8.19 1.21 0.74] | 1.2434311584043531
1.1906661956424782 | [13.5   2.4  -4.42] | 1.1065753906685105
1.1900843174310018 | [7.3  1.05 1.53] | 1.2594479726022625
1.18959281733304 | [14.61  2.77 -5.54] | 1.075362337214147
1.189130036834397 | [8.15 1.29 0.61] | 1.2507596843507058
1.188683516689855 | [12.55  2.23 -3.6 ] | 0.1387094874233661
Total reward: 160.06228436855554
3.6, 0.3, 0.9, 4.6, 2.5, 0.5, -1.4, -2.5, 3.2, -4.2, 0.2, 4.5, -5.5, 3.0, 4.5, -0.4, -4.8, -3.8, -1.5, 2.5, -2.5, -2.5, -1.0, -4.5, 2.2, -3.0, -0.5, 5.3, 1.8, 3.2, 6.0, 1.8, -5.0, 6.0, 2.0, -0.4
parameter ends

state | action | reward
[1.25] | [10.53  2.39  0.71] | 0.9286769326316582
1.2484500728280696 | [16.59 -0.23 -8.66] | 0.6820687350246664
1.247431347961051 | [ 7.47 -0.58  1.26] | 0.9060441871770791
1.2458443726403612 | [12.99  2.13 -5.54] | 0.7755089781302941
1.243608481202734 | [9.96 1.35 4.31] | 0.9684511206775251
1.2406343752051552 | [20.94  4.23 -1.91] | 0.6034175273791963
1.2370518670126833 | [10.16  1.32  5.16] | 0.889868950292605
1.2328863314251817 | [17.53  3.18 -2.41] | 0.6775573673850155
1.2281171984176908 | [8.5 0.5 5. ] | 0.8932630484250265
1.2227319966080816 | [16.77  2.5  -2.37] | 0.6951227777283377
1.216722654668857 | [ 8.32 -0.07  5.19] | 0.9020547945147666
1.2106579338400358 | [12.95  1.21 -1.54] | 0.8800627253511425
1.2057196507186376 | [ 4.54 -0.89  6.41] | 0.93085684120559
1.20233475040605 | [ 7.97  0.96 -2.58] | 0.9144336580818523
1.2004922972166552 | [6.71 0.95 4.39] | 1.0559298496543432
1.1997172195116657 | [15.94  3.06 -1.34] | 0.9662548126342678
1.1997400954347486 | [9.45 1.76 4.97] | 1.0409053532922992
1.200337097343997 | [13.75  3.   -2.37] | 0.8989644278962228
1.2013377485638348 | [6.44 1.6  3.51] | 1.0056619160327434
1.2025797858323624 | [12.94  3.26 -3.53] | 0.8571167643143396
1.2039341653681248 | [6.19 1.76 2.94] | 0.982764464055406
1.2053271132777474 | [13.46  3.55 -4.08] | 0.8226931005366346
1.2066689993505328 | [6.57 1.88 2.74] | 0.9730152319284928
1.2079299652868778 | [14.09  3.71 -4.3 ] | 0.8023503945576556
1.2090373418200262 | [6.64 1.7  2.91] | 0.9829190525310842
1.2099055438095858 | [14.19  3.55 -4.11] | 0.8257949079198843
1.2104730114164473 | [5.88 1.07 3.57] | 1.0226138811199086
1.2107059033650769 | [13.4   2.93 -3.36] | 0.887692556648317
1.2106792733075615 | [5.09 0.47 4.38] | 1.053966720434488
1.210365364350958 | [12.41  2.3  -2.54] | 0.9329899043060264
1.210035575356506 | [5.94 0.85 4.06] | 1.031310476502926
1.2098291693450003 | [13.21  2.64 -2.91] | 0.8872267464775665
1.2097313025724437 | [6.99 1.34 3.41] | 1.0026332233650483
1.2097388519350658 | [14.23  3.12 -3.59] | 0.8371702395540161
1.2098024613879765 | [7.7  1.67 2.9 ] | 0.982245357575584
1.20992709789065 | [14.9   3.44 -4.1 ] | 0.8020997143480276
1.2100630299932589 | [8.13 1.86 2.57] | 0.9698061850893867
1.210224998614598 | [15.3   3.62 -4.42] | 0.7980891114492725
1.210171402808009 | [6.91 1.15 3.33] | 1.0207852604974101
1.2098783319588966 | [14.05  2.93 -3.56] | 0.8736404036145684
1.2095084033350954 | [6.83 1.11 3.47] | 1.0259550134002953
1.2092208023160553 | [13.91  2.87 -3.44] | 0.8689393590296492
1.2090670271626398 | [7.5  1.49 2.98] | 1.0054649033661234
1.2090407323178005 | [14.56  3.23 -3.96] | 0.8348609075683755
1.2090894500878369 | [7.9  1.71 2.62] | 0.9944645605854888
1.2092142857799073 | [14.97  3.45 -4.33] | 0.8307868755719994
1.2091693653645788 | [6.62 1.01 3.4 ] | 1.046159437986231
1.2089055834891929 | [13.7   2.77 -3.47] | 0.8916107184173064
1.2087781380267677 | [7.29 1.38 2.97] | 1.0260716535699936
1.208776515193653 | [14.35  3.13 -3.96] | 0.8591414401634736
1.2088497039788955 | [7.68 1.6  2.63] | 1.0159962968233802
1.2089962180918954 | [14.77  3.34 -4.32] | 0.8567414285901462
1.2089599820983041 | [6.38 0.88 3.44] | 1.068040557716797
1.2087013682711394 | [13.46  2.64 -3.45] | 0.9175627792130587
1.208579709109533 | [7.09 1.27 2.97] | 1.0479585719081355
1.208583808094477 | [14.19  3.01 -3.98] | 0.8832067424644476
1.208662265105433 | [7.55 1.5  2.58] | 1.0371696406456565
1.208813456689569 | [14.66  3.25 -4.38] | 0.878737969806908
1.2087729564234488 | [6.28 0.78 3.37] | 1.088564709042883
1.2085026884241759 | [13.37  2.54 -3.53] | 0.9382874706208547
1.2083708814521747 | [7.05 1.19 2.84] | 1.0676590227049552
1.208366958500906 | [14.17  2.94 -4.11] | 0.9012302299586749
1.208438278820732 | [7.57 1.45 2.41] | 1.0560481380350821
1.2085834240018207 | [14.7   3.19 -4.56] | 0.8930156063929351
1.2085500909306115 | [6.68 0.92 2.95] | 1.0959565796271424
1.2083748278140831 | [13.8   2.68 -3.97] | 0.9348578360846462
1.208305539253936 | [7.35 1.26 2.47] | 1.078956469712826
1.2083378330230339 | [14.47  3.01 -4.49] | 0.9087901488103404
1.2083552419672003 | [7.42 1.27 2.34] | 1.0844808712006018
1.2083791923972695 | [14.55  3.01 -4.61] | 0.9233554515871077
1.20823348435479 | [6.54 0.76 2.88] | 1.1234077578040942
1.2079563597731815 | [13.63  2.5  -4.04] | 0.9644964679005433
1.2078088912584806 | [7.29 1.14 2.32] | 1.1055779575709415
1.2077833390513795 | [14.42  2.88 -4.64] | 0.9299387555441178
1.2078256563240186 | [7.8  1.38 1.88] | 1.0966159951194288
1.2079370394302367 | [14.93  3.12 -5.1 ] | 0.9245960181014478
1.2078569884349541 | [6.7  0.73 2.54] | 1.1459466423038
1.2075767757316611 | [13.79  2.48 -4.38] | 0.9808155241265631
1.2074168812515882 | [7.42 1.1  2.  ] | 1.1298248349732023
1.2073716084069872 | [14.55  2.84 -4.96] | 0.9489703941531347
1.2073874176958652 | [7.9  1.32 1.57] | 1.1229828792711063
1.2074673812839556 | [15.03  3.05 -5.4 ] | 0.9470285888406965
1.2073442112015491 | [6.64 0.59 2.33] | 1.1789886170772368
1.206983761168104 | [13.71  2.33 -4.58] | 1.0133824605091948
1.2067543625762729 | [7.4  0.97 1.76] | 1.163488884012645
1.2066485834621141 | [14.52  2.7  -5.2 ] | 0.9808688304874642
1.206612141274816 | [7.92 1.2  1.29] | 1.1573047604067417
1.206646815165438 | [15.05  2.93 -5.68] | 0.9773084762962456
1.2064889471920708 | [6.81 0.55 1.94] | 1.2093035760359276
1.206129944939791 | [13.88  2.28 -4.99] | 1.037480343531612
1.2058930264867325 | [7.54 0.91 1.36] | 1.1963291184270863
1.205771931343724 | [14.66  2.63 -5.61] | 1.0074784651152933
1.2057113854765777 | [8.04 1.11 0.89] | 1.1890031722849288
1.2057020561974094 | [14.35  2.62 -5.27] | 1.0309897887248711
1.205513275260685 | [6.76 0.57 1.89] | 1.2252028680878215
1.2052739336590843 | [13.9   2.31 -5.1 ] | 1.051800177735904
1.2051161121209812 | [7.51 0.9  1.25] | 1.2139346872316799
1.2050396687736453 | [14.71  2.64 -5.75] | 1.0217170378515021
1.2049906374328772 | [8.06 1.09 0.74] | 1.202134835905892
1.2049510865470272 | [13.35  2.31 -4.38] | 1.0626208222020181
1.2049069571128244 | [6.78 0.81 2.02] | 1.2096847404594313
1.2048868729762623 | [14.1   2.57 -5.05] | 1.0325246495491691
1.2048669217934171 | [7.52 1.05 1.37] | 1.2008752679366166
1.2048590505875194 | [14.85  2.81 -5.68] | 1.0217564937846821
1.2045722635530187 | [6.58 0.39 1.91] | 1.2499575667613196
1.2040314878866012 | [13.78  2.15 -5.08] | 1.0763935275348997
1.2035932693898508 | [7.59 0.83 1.12] | 1.233386190171893
1.203261461621913 | [14.81  2.56 -5.88] | 1.037977195108466
1.202980887464868 | [8.31 1.09 0.48] | 1.210848788790855
1.2027157154144057 | [11.68  1.79 -2.73] | 1.1172188377575494
1.2025419638538495 | [5.72 0.59 3.13] | 1.2104206634544465
1.2024535199385133 | [13.15  2.36 -4.01] | 1.0578121057978844
1.2024015470376426 | [6.96 1.04 2.06] | 1.1927428489399192
1.2023861021444895 | [14.46  2.82 -5.05] | 1.0069096577263081
1.2023566853630023 | [7.97 1.36 1.21] | 1.1790204203285262
1.2023289956635486 | [15.4   3.13 -5.88] | 0.9699656200386266
1.202251907068823 | [8.68 1.54 0.58] | 1.159688564384967
1.2021148992603998 | [12.96  2.48 -3.45] | 1.039835361398137
1.201978109514467 | [6.69 1.11 2.64] | 1.1507228090316197
1.2016756972675433 | [14.92  3.13 -4.51] | 0.9447623673901395
1.2012277595993748 | [8.41 1.65 1.62] | 1.1244663132291348
1.2008542087190746 | [15.57  3.34 -5.45] | 0.9278630625091278
1.2005020749211581 | [8.89 1.77 0.93] | 1.1295135649702646
1.20019391488996 | [15.49  3.32 -5.56] | 0.9480164957528004
1.1997497194492512 | [7.91 1.28 1.53] | 1.1761465966996298
1.1992155356660508 | [15.04  2.99 -5.45] | 0.9871499834447007
1.1987535247823555 | [8.47 1.48 0.91] | 1.1781509315078351
1.1983693336584957 | [14.9   2.98 -5.42] | 1.0146327827061297
1.1978044356671118 | [7.11 0.83 1.83] | 1.2332442857054924
1.197167372974394 | [14.21  2.53 -5.14] | 1.0614032577811077
1.1966522764448955 | [7.87 1.13 1.04] | 1.2347971270139009
1.1962569688515974 | [15.    2.82 -5.96] | 1.0424594400732627
1.1959188602528545 | [8.38 1.28 0.4 ] | 1.2241010501814635
1.1956026887162974 | [11.11  1.8  -2.25] | 1.1492607912491535
1.1953961427491657 | [5.19 0.59 3.5 ] | 1.2342027937403321
1.1952799852284204 | [12.65  2.35 -3.65] | 1.0976139073973323
1.1952006157422526 | [6.5  1.02 2.31] | 1.2248500160817795
1.1951531328065375 | [14.05  2.8  -4.82] | 1.0508138668029021
1.1950838132423105 | [7.61 1.33 1.34] | 1.216749179531961
1.1950057192248265 | [15.1   3.1  -5.77] | 1.0151650264606424
1.1948650136798666 | [8.42 1.52 0.59] | 1.2011941727942976
1.1946578653132067 | [12.85  2.48 -3.53] | 1.082405185380728
1.1944416609240427 | [6.6  1.1  2.46] | 1.1929913599129487
1.194045298780475 | [15.23  3.26 -4.68] | 0.9642098109281361
1.1933749733737804 | [8.72 1.76 1.3 ] | 1.157377442830692
1.1927893455409007 | [15.81  3.39 -5.79] | 0.9591298822213381
1.1922330364976796 | [9.16 1.82 0.48] | 1.158948435233435
1.1916987766765113 | [12.41  2.46 -2.76] | 1.0709263240240012
1.1912636200573805 | [6.36 1.18 3.04] | 1.1870174923465475
1.1909240509502406 | [13.76  2.91 -4.07] | 1.031881693355521
1.1906230641069995 | [7.45 1.5  1.94] | 1.1865423817662801
1.1903704365013423 | [14.83  3.23 -5.15] | 1.0015730038366872
1.1901057194027629 | [8.27 1.7  1.08] | 1.1905109592894831
1.1898508277947617 | [15.61  3.42 -6.  ] | 0.9845257294373149
1.1895457410986157 | [8.82 1.78 0.43] | 0.18321643495689482
Total reward: 157.48919228607815
