-2.8, 1.5, -2.0, 0.4, -2.4, 5.6, 4.9, 0.0, -0.6, -4.1, -5.5, 2.1, -3.0, -1.3, 5.5, -2.1, 2.2, -0.4
parameter ends

state | action | reward
[6.22] | 0 | 5.0
2.8736425386315676 | 0 | 5.0
1.5264219465569324 | 0 | 5.0
1.5527321670157859 | 0 | 5.0
1.5486010490713131 | 0 | 5.0
1.5361883388149464 | 0 | 5.0
1.6383123017978947 | 0 | 5.0
1.5911945775623026 | 0 | 5.0
1.5799233858547796 | 0 | 5.0
1.6117764684560962 | 2 | -0.5
1.6152864763746697 | 2 | -0.5
1.7008797657630637 | 2 | -0.5
1.896919731420296 | 2 | -0.5
2.1416843991118575 | 2 | -0.5
5.544687925976012 | 2 | -0.5
4.955400521765993 | 2 | -0.5
4.664766726528587 | 2 | -0.5
4.579470215384999 | 2 | -0.5
4.742268348769344 | 2 | -0.5
4.028037538205034 | 2 | -0.5
2.7987835918519925 | 2 | -0.5
2.2321687691412557 | 2 | -0.5
1.9654815694837653 | 2 | -0.5
1.777038066685206 | 2 | -0.5
1.7252369977547948 | 2 | -0.5
1.7680956523973448 | 2 | -0.5
1.8470539713679819 | 2 | -0.5
2.0036864290028342 | 2 | -0.5
2.298971730715737 | 2 | -0.5
2.8566176073490337 | 2 | -0.5
3.7696871215325984 | 2 | -0.5
7.458434898676915 | 2 | -0.5
7.22793682714484 | 2 | -0.5
7.260256280184217 | 2 | -0.5
5.020127252363573 | 2 | -0.5
3.014669637387456 | 2 | -0.5
2.338487544994812 | 2 | -0.5
1.9980737290773145 | 2 | -0.5
1.9452251179217317 | 2 | -0.5
1.7897291538465345 | 2 | -0.5
1.7381137830464333 | 0 | 5.0
1.710937036838272 | 2 | -0.5
1.7370765955258094 | 2 | -0.5
1.8473227683243665 | 2 | -0.5
2.005271759333082 | 2 | -0.5
2.3029531232773124 | 2 | -0.5
6.144034660810652 | 2 | -0.5
5.358399640878051 | 2 | -0.5
5.098075960998173 | 2 | -0.5
4.955396585742198 | 2 | -0.5
5.003369208961975 | 2 | -0.5
4.406939449030298 | 2 | -0.5
2.892879695422949 | 2 | -0.5
2.3033129388000777 | 2 | -0.5
1.9625731644354205 | 2 | -0.5
1.7788083975060232 | 2 | -0.5
1.7104321456192828 | 2 | -0.5
1.7091339378918615 | 2 | -0.5
1.7127729883034233 | 2 | -0.5
1.833203162530494 | 2 | -0.5
2.0879151748803384 | 2 | -0.5
2.4117120141737547 | 2 | -0.5
3.299120093298281 | 2 | -0.5
7.353230986711731 | 2 | -0.5
7.0779680681720505 | 2 | -0.5
7.064313405214526 | 2 | -0.5
6.531607185737641 | 2 | -0.5
3.692884001832702 | 2 | -0.5
2.580928056482279 | 2 | -0.5
2.212251765405381 | 2 | -0.5
1.8967365234186644 | 2 | -0.5
1.817316577091751 | 2 | -0.5
1.7033042835042858 | 2 | -0.5
1.701441482778154 | 2 | -0.5
1.7819449174461013 | 2 | -0.5
1.9350665191331535 | 2 | -0.5
2.121031496310699 | 2 | -0.5
6.366157203667816 | 2 | -0.5
5.692657988412845 | 2 | -0.5
5.229106056747964 | 2 | -0.5
4.918590832564671 | 2 | -0.5
4.8767735378238815 | 2 | -0.5
5.0247388849035275 | 2 | -0.5
3.555045513780063 | 2 | -0.5
2.577006997712052 | 2 | -0.5
2.147081024001856 | 2 | -0.5
1.954571839676143 | 2 | -0.5
1.7903375640488368 | 2 | -0.5
1.7677319052696587 | 2 | -0.5
1.7168827377848563 | 2 | -0.5
1.7566480036780145 | 2 | -0.5
1.9168879896286997 | 2 | -0.5
2.1720546855881464 | 2 | -0.5
2.481323396493613 | 2 | -0.5
3.1499346289073067 | 2 | -0.5
7.536678576617314 | 2 | -0.5
7.133740558461366 | 2 | -0.5
7.083260002017659 | 2 | -0.5
5.060054208355 | 2 | -0.5
3.144341193613099 | 2 | -0.5
2.381068998027087 | 2 | -0.5
1.9864819365940511 | 2 | -0.5
1.780121946361846 | 2 | -0.5
1.6617950301024766 | 2 | -0.5
1.6490994867844806 | 2 | -0.5
1.6573816849048204 | 2 | -0.5
1.7823647917261711 | 2 | -0.5
1.9576411886582337 | 2 | -0.5
2.3565305358807214 | 2 | -0.5
5.586014846309467 | 2 | -0.5
5.091182209435559 | 2 | -0.5
4.8188862775714005 | 2 | -0.5
4.857479531835244 | 2 | -0.5
5.023320808124001 | 2 | -0.5
3.3015350239262036 | 2 | -0.5
2.5362177614367627 | 2 | -0.5
2.1639650643074004 | 2 | -0.5
1.9663654228690743 | 2 | -0.5
1.8132341161236156 | 2 | -0.5
1.7966980591664419 | 2 | -0.5
1.8164272155821848 | 2 | -0.5
1.8709996303155427 | 2 | -0.5
2.054709324271094 | 2 | -0.5
2.2661431150665825 | 2 | -0.5
2.7132465802474273 | 2 | -0.5
3.6109862838602504 | 2 | -0.5
7.523338486367164 | 2 | -0.5
7.247738887616418 | 2 | -0.5
7.265545800411794 | 2 | -0.5
5.920436988320349 | 2 | -0.5
3.6740659383832317 | 2 | -0.5
2.7737172900539706 | 2 | -0.5
2.2079328670585645 | 2 | -0.5
1.8854790112608486 | 2 | -0.5
1.7354555769530702 | 2 | -0.5
1.6643076668812775 | 2 | -0.5
1.6495190215940383 | 0 | 5.0
1.6091187395134112 | 2 | -0.5
1.6836638144973488 | 2 | -0.5
1.8521535458051728 | 2 | -0.5
2.0571438585093405 | 2 | -0.5
6.008931304022481 | 2 | -0.5
5.371591387847921 | 2 | -0.5
4.984730952690985 | 2 | -0.5
4.800134004910865 | 2 | -0.5
4.80280743539599 | 2 | -0.5
4.995671113796511 | 2 | -0.5
3.677520697116102 | 2 | -0.5
2.8427254863960814 | 2 | -0.5
2.3145747882254675 | 2 | -0.5
2.048093679852286 | 2 | -0.5
1.9129875428801433 | 2 | -0.5
1.815109753646039 | 2 | -0.5
1.853858191542041 | 2 | -0.5
1.9223820840001777 | 2 | -0.5
1.9763704762792909 | 2 | -0.5
2.3006586364229795 | 2 | -0.5
2.686959932942227 | 2 | -0.5
3.4821787140827856 | 2 | -0.5
7.53288335663972 | 2 | -0.5
7.219119389206418 | 2 | -0.5
7.199089081154616 | 2 | -0.5
5.024381887793258 | 2 | -0.5
3.1807525517045945 | 2 | -0.5
2.481918913706925 | 2 | -0.5
2.0811020099056736 | 2 | -0.5
1.8082162009361684 | 2 | -0.5
1.680953042935547 | 2 | -0.5
1.656054322579141 | 0 | 5.0
1.6148505448054242 | 2 | -0.5
1.688575342135539 | 2 | -0.5
1.7597247848221078 | 2 | -0.5
1.9117392839460667 | 2 | -0.5
2.2376365095752973 | 2 | -0.5
5.861717304118952 | 2 | -0.5
5.2328063775563765 | 2 | -0.5
4.917301035521829 | 2 | -0.5
4.875021038777914 | 2 | -0.5
4.92047587731355 | 2 | -0.5
4.412589815631848 | 2 | -0.5
2.9949574956159273 | 2 | -0.5
2.3715159165240975 | 2 | -0.5
2.0918647650143405 | 2 | -0.5
1.9699064364051424 | 2 | -0.5
1.8280547952578723 | 2 | -0.5
1.8000401712137288 | 2 | -0.5
1.7986664166949276 | 2 | -0.5
1.8966287139637965 | 2 | -0.5
2.057309167421493 | 2 | -0.5
2.437963756867308 | 2 | -0.5
3.0697936970912236 | 2 | -0.5
4.31207880618625 | 2 | -0.5
7.2521994291330065 | 2 | -0.5
7.138750259413666 | 2 | -0.5
7.258220275890164 | 2 | -0.5
4.246895147284385 | 2 | -0.5
2.962091173166272 | 2 | -0.5
2.3147742828894535 | 2 | -0.5
1.932687602692056 | 2 | -0.5
1.7593912469936581 | 2 | -0.5
1.691699409655713 | 2 | -0.5
1.6778065061575214 | 2 | -0.5
1.6899039384440944 | 2 | -0.5
1.8515090462940045 | 2 | -0.5
2.038588137192465 | 2 | -0.5
6.323437160953582 | 2 | -0.5
5.548926110841737 | 2 | -0.5
5.073712814210629 | 2 | -0.5
4.895403893523082 | 2 | -0.5
4.817653908198653 | 2 | -0.5
5.005085035459697 | 2 | -0.5
3.2492380156152167 | 2 | -0.5
2.567969832598715 | 2 | -0.5
2.1027626756628104 | 2 | -0.5
1.9158962103905008 | 2 | -0.5
1.746068391833738 | 2 | -0.5
1.6931369063801278 | 2 | -0.5
1.6970301022739833 | 2 | -0.5
1.736519472069815 | 2 | -0.5
1.957133458891024 | 2 | -0.5
2.204163372076342 | 2 | -0.5
2.6598833471288197 | 2 | -0.5
3.3903948894438547 | 2 | -0.5
7.3911299727378745 | 2 | -0.5
7.035945214444023 | 2 | -0.5
7.036982942963732 | 2 | -0.5
5.654608839661028 | 2 | -0.5
3.363405893173003 | 2 | -0.5
2.5467967557823052 | 2 | -0.5
2.0779144371539426 | 2 | -0.5
1.83208811397965 | 2 | -0.5
1.6868320533175534 | 2 | -0.5
1.6426691828134714 | 2 | -0.5
1.6553314141582447 | 2 | -0.5
1.7142295219897283 | 2 | -0.5
1.9329903990624389 | 2 | -0.5
2.249574789849878 | 2 | -0.5
5.757352080321252 | 2 | -0.5
5.182874266645306 | 2 | -0.5
4.970979884854827 | 2 | -0.5
4.857222302633133 | 2 | -0.5
4.884860253560951 | 2 | -0.5
4.423307380787075 | 2 | -0.5
3.0631102574073457 | 2 | -0.5
2.535499260785542 | 2 | -0.5
2.1335885938667087 | 2 | -0.5
1.8971459999629834 | 2 | -0.5
1.8514446752819367 | 2 | -0.5
1.812877944338582 | 2 | -0.5
1.882569411918539 | 2 | -0.5
2.0388898390839683 | 2 | -0.5
2.3280968985022605 | 2 | -0.5
2.8559721582803785 | 2 | -0.5
4.06365456588944 | 2 | -0.5
7.252315843448533 | 2 | -0.5
7.014594911058522 | 2 | -0.5
7.112937677718441 | 2 | -0.5
4.1986035972040865 | 2 | -0.5
2.839087764845576 | 2 | -0.5
2.1588120446918517 | 2 | -0.5
1.9309960977119391 | 2 | -0.5
1.7613535922073915 | 2 | -0.5
1.6081723398745 | 2 | -0.5
1.5569639500692907 | 2 | -0.5
1.5761829225271318 | 2 | -0.5
1.657732042917035 | 2 | -0.5
1.7769258745611605 | 2 | -0.5
1.9375845128090514 | 2 | -0.5
6.145385157373961 | 2 | -0.5
5.402188411367509 | 2 | -0.5
5.047446656220697 | 2 | -0.5
4.940178589210808 | 2 | -0.5
5.071272383707453 | 2 | -0.5
4.334887136667786 | 2 | -0.5
3.001398223212816 | 2 | -0.5
2.482655094912335 | 2 | -0.5
2.062663496128602 | 2 | -0.5
1.898052234180423 | 2 | -0.5
1.7439747843656357 | 2 | -0.5
1.8121239788960977 | 2 | -0.5
1.86779493398448 | 2 | -0.5
2.0362970199628085 | 2 | -0.5
2.2923758711915987 | 2 | -0.5
2.839539674010303 | 2 | -0.5
3.7593362832895383 | 2 | -0.5
7.042535675774381 | 2 | -0.5
6.803224772210983 | 2 | -0.5
6.885125076813566 | 2 | -0.5
3.814829754249079 | 2 | -0.5
2.5185040282875315 | 2 | -0.5
1.990568719986978 | 2 | -0.5
1.7456991587063169 | 2 | -0.5
1.5578767891786347 | 2 | -0.5
1.5095741181330629 | 2 | -0.5
1.469610050690739 | 2 | -0.5
1.5287260644798804 | 2 | -0.5
1.6417148966806372 | 2 | -0.5
1.797180557507928 | 2 | -0.5
2.1851041794867303 | 2 | -0.5
5.686747081789282 | 2 | -0.5
5.300149822128001 | 2 | -0.5
5.132277944819309 | 2 | -0.5
5.073659745994889 | 2 | -0.5
5.251550895981024 | 2 | -0.5
3.9335370297344463 | 2 | -0.5
3.020797584690024 | 2 | -0.5
2.457042497536136 | 2 | -0.5
2.2214847105992015 | 2 | -0.5
2.0417625298530475 | 2 | -0.5
1.9840526506898453 | 2 | -0.5
1.938479268644764 | 2 | -0.5
2.0540353209621696 | 2 | -0.5
2.1444834939094126 | 2 | -0.5
2.409188524620812 | 2 | -0.5
2.9010609532037295 | 2 | -0.5
3.6616656210338965 | 2 | -0.5
7.203485609188268 | 2 | -0.5
6.821565572102781 | 2 | -0.5
6.741198616159951 | 2 | -0.5
5.389031088326932 | 2 | -0.5
2.9652285009854524 | 2 | -0.5
2.153582197640506 | 2 | -0.5
1.7196971778674215 | 2 | -0.5
1.5306625867264523 | 2 | -0.5
1.4314275710083968 | 2 | -0.5
1.355790361197713 | 2 | -0.5
1.372229088594628 | 2 | -0.5
1.4334592250350306 | 2 | -0.5
1.5215095372224645 | 2 | -0.5
1.6881809185009553 | 2 | -0.5
2.060295483514637 | 2 | -0.5
5.716014556643402 | 2 | -0.5
5.354248356437658 | 2 | -0.5
5.15408330101389 | 2 | -0.5
5.064566876373676 | 2 | -0.5
5.299938679012578 | 2 | -0.5
3.9627861045361112 | 2 | -0.5
3.038596000745357 | 2 | -0.5
2.499093473294927 | 2 | -0.5
2.24646571727732 | 2 | -0.5
2.029443261598998 | 2 | -0.5
2.012406545825 | 2 | -0.5
1.9797324118345507 | 2 | -0.5
2.1134367890707284 | 2 | -0.5
2.312101328426867 | 2 | -0.5
2.6364523620178955 | 2 | -0.5
3.0791589351331634 | 2 | -0.5
4.127788460332221 | 2 | -0.5
7.017260020919679 | 2 | -0.5
6.805036417043467 | 2 | -0.5
5.6606596220829335 | 2 | -0.5
2.8918118935857042 | 2 | -0.5
2.1422661920011516 | 2 | -0.5
1.735711442482387 | 2 | -0.5
1.4741001955043032 | 2 | -0.5
1.3550519731737178 | 2 | -0.5
1.275801590890027 | 2 | -0.5
1.2553022734334154 | 2 | -0.5
1.249880625771385 | 2 | -0.5
1.3156268416793993 | 2 | -0.5
1.441689472334804 | 2 | -0.5
1.6890364287141624 | 2 | -0.5
1.9864727238673703 | 2 | -0.5
5.382206162250295 | 2 | -0.5
5.097776052686049 | 2 | -0.5
5.020147754001965 | 2 | -0.5
5.148778399295069 | 2 | -0.5
4.463562314239505 | 2 | -0.5
3.2441614686738114 | 2 | -0.5
2.5976372349199655 | 2 | -0.5
2.345453563856574 | 2 | -0.5
2.2244941546745904 | 2 | -0.5
2.135445699054653 | 2 | -0.5
2.1250614951987163 | 2 | -0.5
2.3049281384107783 | 2 | -0.5
2.6162536553244213 | 2 | -0.5
3.1608997122626983 | 2 | -0.5
4.088156060262928 | 2 | -0.5
7.224396960430618 | 2 | -0.5
6.8505517071706405 | 2 | -0.5
6.906480322039581 | 2 | -0.5
3.730402840346901 | 2 | -0.5
2.534502872189166 | 2 | -0.5
2.007088787197005 | 2 | -0.5
1.672811578171493 | 2 | -0.5
1.5610045998621134 | 2 | -0.5
1.4278154931144311 | 2 | -0.5
1.341178784561179 | 2 | -0.5
1.4307047662993122 | 2 | -0.5
1.4390267955973592 | 2 | -0.5
1.5415657804928569 | 2 | -0.5
1.7864727356670174 | 2 | -0.5
2.2954889287617144 | 2 | -0.5
5.598437271478205 | 2 | -0.5
5.234440855512153 | 2 | -0.5
5.082433508718854 | 2 | -0.5
5.136177901375227 | 2 | -0.5
5.385813031930881 | 2 | -0.5
3.5019411923287436 | 2 | -0.5
2.7318364516709113 | 2 | -0.5
2.376553106918051 | 2 | -0.5
2.1283983289901194 | 2 | -0.5
2.0557347584024375 | 2 | -0.5
2.021251157056707 | 2 | -0.5
2.166877940072306 | 2 | -0.5
2.3111268719059397 | 2 | -0.5
2.596861784228157 | 2 | -0.5
3.0096656948186595 | 2 | -0.5
4.01500184995739 | 2 | -0.5
7.166994667158308 | 2 | -0.5
6.884098862230904 | 2 | -0.5
6.82790257122756 | 2 | -0.5
3.9135883465617667 | 2 | -0.5
2.628318165920257 | 2 | -0.5
2.0242803550846142 | 2 | -0.5
1.656680957366588 | 2 | -0.5
1.5146653551071898 | 2 | -0.5
1.3815354040603742 | 2 | -0.5
1.3180057315222533 | 2 | -0.5
1.336337094720404 | 2 | -0.5
1.379893385032733 | 2 | -0.5
1.47289720495447 | 2 | -0.5
1.6012743035829011 | 2 | -0.5
1.8874511358387747 | 2 | -0.5
5.853247650914542 | 2 | -0.5
5.254841598072089 | 2 | -0.5
5.1100839352613106 | 2 | -0.5
5.1175130051458595 | 2 | -0.5
5.346802569999788 | 2 | -0.5
3.7661357274440954 | 2 | -0.5
2.8525838835274984 | 2 | -0.5
2.4295124316886327 | 2 | -0.5
2.1959751572896624 | 2 | -0.5
2.116292304907886 | 2 | -0.5
2.135172120375644 | 2 | -0.5
2.1343781786314056 | 2 | -0.5
2.2907198620610636 | 2 | -0.5
2.5924762218524022 | 2 | -0.5
3.1235943953330687 | 2 | -0.5
4.244404341846297 | 2 | -0.5
7.15388493785785 | 2 | -0.5
6.883666051091774 | 2 | -0.5
6.835628844700736 | 2 | -0.5
4.2862106335395005 | 2 | -0.5
2.615250054733125 | 2 | -0.5
1.904374898241669 | 2 | -0.5
1.578404129273162 | 2 | -0.5
1.3657966085431363 | 2 | -0.5
1.289170453733198 | 2 | -0.5
1.2739859953237052 | 2 | -0.5
1.2548551050954717 | 2 | -0.5
1.345243785938216 | 2 | -0.5
1.4624670416226062 | 2 | -0.5
1.6471794856650515 | 2 | -0.5
1.9253408957950973 | 2 | -0.5
5.681080294954306 | 2 | -0.5
5.323909991284293 | 2 | -0.5
5.123000471966264 | 2 | -0.5
5.0972234053807055 | 2 | -0.5
5.2561284041877645 | 2 | -0.5
5.128711545565695 | 2 | -0.5
3.834450976836205 | 2 | -0.5
3.157608097888071 | 2 | -0.5
2.662986975788578 | 2 | -0.5
2.395225200658963 | 2 | -0.5
2.265280538285391 | 2 | -0.5
2.242894751357306 | 2 | -0.5
2.229566190063226 | 2 | -0.5
2.394878519722541 | 2 | -0.5
2.6198478675877968 | 2 | -0.5
3.1893930899760328 | 2 | -0.5
4.07409123711056 | 2 | -0.5
7.341925929022893 | 2 | -0.5
6.965898051356507 | 2 | -0.5
6.943234001731989 | 2 | -0.5
4.134160110064085 | 2 | -0.5
2.376840054430755 | 2 | -0.5
1.803425893378106 | 2 | -0.5
1.52327775573723 | 2 | -0.5
1.3076457572093998 | 2 | -0.5
1.2413448063705872 | 2 | -0.5
1.1929166328652274 | 2 | -0.5
1.190117370218271 | 2 | -0.5
1.2226628576893817 | 2 | -0.5
1.3165172450722922 | 2 | -0.5
1.4599158805421015 | 2 | -0.5
1.6480280759580477 | 2 | -0.5
1.9655690775383516 | 2 | -0.5
5.418627348099001 | 2 | -0.5
5.123632466567336 | 2 | -0.5
5.054267331568227 | 2 | -0.5
5.224590752015655 | 2 | -0.5
4.524714789423847 | 2 | -0.5
3.3298619489741554 | 2 | -0.5
2.71449499070541 | 2 | -0.5
2.426753970125948 | 2 | -0.5
2.2376495002525014 | 2 | -0.5
2.14107093829219 | 2 | -0.5
2.117637794773875 | 2 | -0.5
2.214029341584372 | 2 | -0.5
2.4338217065713637 | 2 | -0.5
2.751636846665916 | 2 | -0.5
3.476738712060487 | 2 | -0.5
7.4975752708244965 | 2 | -0.5
6.947553561515787 | 2 | -0.5
6.838792362075215 | 2 | -0.5
5.161804391198394 | 2 | -0.5
2.639470570226355 | 2 | -0.5
1.9018457712190315 | 2 | -0.5
1.6132944536634728 | 2 | -0.5
1.3928747729077777 | 2 | -0.5
1.3000692938740732 | 2 | -0.5
1.232225715169497 | 2 | -0.5
1.2459526574329542 | 2 | -0.5
1.2499049975324426 | 2 | -0.5
1.3344349141650453 | 2 | -0.5
1.4684172411669574 | 2 | -0.5
1.805680265139359 | 2 | -0.5
2.1645700644480175 | 2 | -0.5
5.3014812912273435 | 2 | -0.5
5.1039224136276315 | 2 | -0.5
5.078136664404422 | 2 | -0.5
5.2407145738245955 | 2 | -0.5
4.751350391471328 | 2 | -0.5
3.602924521493058 | 2 | -0.5
2.908864597942782 | 2 | -0.5
2.5090158176875055 | 2 | -0.5
2.3159948457779804 | 2 | -0.5
2.2293287737644776 | 2 | -0.5
2.2268860886078636 | 2 | -0.5
2.3016867075930882 | 2 | -0.5
2.445717017650627 | 2 | -0.5
2.697706501374288 | 2 | -0.5
3.1308480154446423 | 2 | -0.5
3.9628939390535773 | 2 | -0.5
7.288368462978709 | 2 | -0.5
6.879464668075938 | 2 | -0.5
6.806680673467216 | 2 | -0.5
4.272835855883527 | 2 | -0.5
2.2937524673372707 | 2 | -0.5
1.7546486490885287 | 2 | -0.5
1.4037237762293906 | 2 | -0.5
1.2080850286762181 | 2 | -0.5
1.1624515518236465 | 2 | -0.5
1.1169219411570772 | 2 | -0.5
1.1246262078412115 | 2 | -0.5
1.1082057399805576 | 2 | -0.5
1.1993198309380702 | 2 | -0.5
1.369696597723454 | 2 | -0.5
1.5189049833169066 | 2 | -0.5
1.9535522447716716 | 2 | -0.5
5.331809572295154 | 2 | -0.5
5.0382395136280405 | 2 | -0.5
5.044786122509574 | 2 | -0.5
5.162993106486407 | 2 | -0.5
4.805891604873858 | 2 | -0.5
3.5026914068793644 | 2 | -0.5
2.8194039262702733 | 2 | -0.5
2.5347136853837338 | 2 | -0.5
2.344004393129509 | 2 | -0.5
2.298175781984922 | 2 | -0.5
2.3069272902166484 | 2 | -0.5
2.4330649700511797 | 2 | -0.5
2.651747407853846 | 2 | -0.5
3.085375639134656 | 2 | -0.5
3.7565396505379343 | 2 | -0.5
7.633941462271942 | 2 | -0.5
7.069012986632587 | 2 | -0.5
6.859987136137334 | 2 | -0.5
5.699804790756654 | 2 | -0.5
3.017195846351266 | 2 | -0.5
1.9522051401504743 | 2 | -0.5
1.5324079877689647 | 2 | -0.5
1.3290367713622573 | 2 | -0.5
1.187028963216476 | 2 | -0.5
1.0986181245128614 | 2 | -0.5
1.0271882488528714 | 2 | -0.5
1.1436335231689534 | 2 | -0.5
1.1381314614347555 | 2 | -0.5
1.2040392639609026 | 2 | -0.5
1.3904331544232957 | 2 | -0.5
1.6668226092392253 | 2 | -0.5
5.620007510885607 | 2 | -0.5
5.215784777221921 | 2 | -0.5
5.086442281353108 | 2 | -0.5
5.114726049218667 | 2 | -0.5
5.442615110625914 | 2 | -0.5
4.015003816300793 | 2 | -0.5
3.10774150005574 | 2 | -0.5
2.767144412078737 | 2 | -0.5
2.545696866921051 | 2 | -0.5
2.379697608954529 | 2 | -0.5
2.334721873521442 | 2 | -0.5
2.4370195320820107 | 2 | -0.5
2.5793227384028765 | 2 | -0.5
2.825437558621378 | 2 | -0.5
3.268585624627706 | 2 | -0.5
3.9743810657738843 | 2 | -0.5
7.362066188623522 | 2 | -0.5
6.949449807093539 | 2 | -0.5
6.823526959148934 | 2 | -0.5
3.171372969026025 | 2 | -0.5
1.937452867706884 | 2 | -0.5
1.4787788770039112 | 2 | -0.5
1.1839058408737222 | 2 | -0.5
1.0650650245668571 | 2 | -0.5
1.0182082605949678 | 2 | -0.5
0.9811489877685211 | 2 | -0.5
0.9801996877218337 | 2 | -0.5
1.0274603997297806 | 2 | -0.5
1.0517278944836144 | 2 | -0.5
1.1700158067820134 | 2 | -0.5
1.3533999209531467 | 2 | -0.5
1.8362869683601246 | 2 | -0.5
5.375877427318341 | 2 | -0.5
5.193166359689369 | 2 | -0.5
5.20984231928688 | 2 | -0.5
5.333001167203179 | 2 | -0.5
5.166945316800521 | 2 | -0.5
3.9192208447965924 | 2 | -0.5
3.2386031027150666 | 2 | -0.5
2.816317869098961 | 2 | -0.5
2.6165052929917834 | 2 | -0.5
2.4886744255026167 | 2 | -0.5
2.4956462088764972 | 2 | -0.5
2.5722025956622434 | 2 | -0.5
2.7225643887712585 | 2 | -0.5
3.1721322560094967 | 2 | -0.5
3.8153783637143595 | 2 | -0.5
7.385218617869649 | 2 | -0.5
6.887739222036051 | 2 | -0.5
6.749086569837397 | 2 | -0.5
4.050980181054502 | 2 | -0.5
2.161808339527904 | 2 | -0.5
1.4138127734916774 | 2 | -0.5
1.1117477271848033 | 2 | -0.5
0.9765854103645983 | 2 | -0.5
0.8737128371098207 | 2 | -0.5
0.8630537950003481 | 2 | -0.5
0.8367900791734819 | 2 | -0.5
0.8596310159363523 | 2 | -0.5
0.9080266134804078 | 2 | -0.5
1.0074822247806863 | 2 | -0.5
1.1491041893095761 | 2 | -0.5
1.412766573079855 | 2 | -0.5
2.122368575841791 | 2 | -0.5
5.2973801475398 | 2 | -0.5
5.223177990469564 | 2 | -0.5
5.340870927131139 | 2 | -0.5
5.660194950124998 | 2 | -0.5
4.457570540269368 | 2 | -0.5
3.5364895889987076 | 2 | -0.5
2.9289662396636134 | 2 | -0.5
2.638370709396096 | 2 | -0.5
2.54620233025256 | 2 | -0.5
2.5953537087783953 | 2 | -0.5
2.6347432030302755 | 2 | -0.5
2.858467329632766 | 2 | -0.5
3.237538588772914 | 2 | -0.5
3.931653798962487 | 2 | -0.5
7.3271369921937115 | 2 | -0.5
6.839028098988081 | 2 | -0.5
6.6788903745528225 | 2 | -0.5
3.833745241666345 | 2 | -0.5
2.1354395879851222 | 2 | -0.5
1.5739115757314344 | 2 | -0.5
1.3090458365821835 | 2 | -0.5
1.1234601467420624 | 2 | -0.5
1.0220989321880605 | 2 | -0.5
0.949102173636374 | 2 | -0.5
0.9325095728117389 | 2 | -0.5
0.9403315369610337 | 2 | -0.5
0.9632548393297747 | 2 | -0.5
1.0388757004773352 | 2 | -0.5
1.1563188561684195 | 2 | -0.5
1.2894753220771187 | 2 | -0.5
1.6378873090719688 | 2 | -0.5
2.3640851252642774 | 2 | -0.5
5.280245202521827 | 2 | -0.5
5.198762902338998 | 2 | -0.5
5.379274655260201 | 2 | -0.5
5.4984722145959966 | 2 | -0.5
3.996408379357976 | 2 | -0.5
3.2726789895572286 | 2 | -0.5
2.9291890155217124 | 2 | -0.5
2.578933808575341 | 2 | -0.5
2.4433830544035544 | 2 | -0.5
2.44799620130839 | 2 | -0.5
2.5318819458743906 | 2 | -0.5
2.6973922722495978 | 2 | -0.5
3.0466169960264 | 2 | -0.5
3.534079396601857 | 2 | -0.5
7.831332384151807 | 2 | -0.5
7.059595342750665 | 2 | -0.5
6.674987598037067 | 2 | -0.5
6.62865411970961 | 2 | -0.5
3.2977677767342373 | 2 | -0.5
1.8485899307123093 | 2 | -0.5
1.4242927209829428 | 2 | -0.5
1.2279580388829079 | 2 | -0.5
1.0839529837403818 | 2 | -0.5
0.9844772090953551 | 2 | -0.5
0.9592254008504376 | 2 | -0.5
0.9478604731062188 | 2 | -0.5
0.95557228244228 | 2 | -0.5
0.9703432341707886 | 2 | -0.5
1.0945376448994455 | 2 | -0.5
1.2228397467225691 | 2 | -0.5
1.5054271288789929 | 2 | -0.5
2.2521966933526527 | 2 | -0.5
5.368719730235725 | 2 | -0.5
5.269912315722149 | 2 | -0.5
5.396842882689347 | 2 | -0.5
5.647115557075823 | 2 | -0.5
4.340831631945246 | 2 | -0.5
3.3819596707115878 | 2 | -0.5
2.876913777612436 | 2 | -0.5
2.625943779171707 | 2 | -0.5
2.5234086406535683 | 2 | -0.5
2.4782667194675843 | 2 | -0.5
2.514405882096102 | 2 | -0.5
2.6771586251731065 | 2 | -0.5
3.020879809778852 | 2 | -0.5
3.559100256466131 | 2 | -0.5
7.688123020960987 | 2 | -0.5
7.073050662051955 | 2 | -0.5
6.710737187593635 | 2 | -0.5
6.674602936327769 | 2 | -0.5
3.0433840504212437 | 2 | -0.5
1.870205796315995 | 2 | -0.5
1.405947342235804 | 2 | -0.5
1.2275839129093271 | 2 | -0.5
1.0700051559618724 | 2 | -0.5
0.9960702183774085 | 2 | -0.5
0.9435374418374576 | 2 | -0.5
0.9617444945362288 | 2 | -0.5
0.9718645271287948 | 2 | -0.5
1.0194424116264922 | 2 | -0.5
1.256498948262031 | 2 | -0.5
1.4971216987973133 | 2 | -0.5
2.1020443797138135 | 2 | -0.5
5.464291120892297 | 2 | -0.5
5.373055616332317 | 2 | -0.5
5.4324165978913594 | 2 | -0.5
5.755968020994026 | 2 | -0.5
4.477520764096505 | 2 | -0.5
3.463948421229949 | 2 | -0.5
2.9239282585115713 | 2 | -0.5
2.595993987050013 | 2 | -0.5
2.4495114231060136 | 2 | -0.5
2.4544172971619678 | 2 | -0.5
2.465960202008102 | 2 | -0.5
2.570122189519461 | 2 | -0.5
2.8690205410914738 | 2 | -0.5
3.2982987166727593 | 2 | -0.5
4.158834904763308 | 2 | -0.5
7.117414893533522 | 2 | -0.5
6.7008388521721844 | 2 | -0.5
6.598639977016153 | 2 | -0.5
3.5156088925204743 | 2 | -0.5
1.8814914533745943 | 2 | -0.5
1.3936729489387005 | 2 | -0.5
1.1898925825644915 | 2 | -0.5
1.0904080556741442 | 2 | -0.5
1.0106355245581564 | 2 | -0.5
1.0040789439447888 | 2 | -0.5
0.9899461844538192 | 2 | -0.5
1.011513212432733 | 2 | -0.5
1.098819924665029 | 2 | -0.5
1.16923994888326 | 2 | -0.5
1.2811246894682131 | 2 | -0.5
1.633370585934442 | 2 | -0.5
5.649054555244404 | 2 | -0.5
5.36912319879792 | 2 | -0.5
5.332817319444078 | 2 | -0.5
5.558207823325469 | 2 | -0.5
4.8051742351631725 | 2 | -0.5
3.6544260434049605 | 2 | -0.5
3.051006792523998 | 2 | -0.5
2.7197874401164253 | 2 | -0.5
2.493115098835999 | 2 | -0.5
2.4419436378240564 | 2 | -0.5
2.3951899656010163 | 2 | -0.5
2.537634313095888 | 2 | -0.5
2.8087957720232257 | 2 | -0.5
3.167139477231463 | 2 | -0.5
3.933439041668318 | 2 | -0.5
7.362025106204705 | 2 | -0.5
6.816726758369378 | 2 | -0.5
6.584885625592512 | 2 | -0.5
5.323749378489552 | 2 | -0.5
2.379065090668734 | 2 | -0.5
1.6108934729914943 | 2 | -0.5
1.2787078555727043 | 2 | -0.5
1.092804401018795 | 2 | -0.5
1.0151490617554655 | 2 | -0.5
0.9781458310750527 | 2 | -0.5
0.9595528723809582 | 2 | -0.5
0.9480417376430786 | 2 | -0.5
0.990991453635168 | 2 | -0.5
1.0564044799436294 | 2 | -0.5
1.3160710662990491 | 2 | -0.5
1.6440620945150983 | 2 | -0.5
2.3910133876671544 | 2 | -0.5
5.374000757495876 | 2 | -0.5
5.30576728191539 | 2 | -0.5
5.482528452793279 | 2 | -0.5
5.16411921272954 | 2 | -0.5
3.7940172288480736 | 2 | -0.5
3.1232916695806985 | 2 | -0.5
2.6961264784743078 | 2 | -0.5
2.4593700881886598 | 2 | -0.5
2.3980884836123786 | 2 | -0.5
2.382946429528858 | 2 | -0.5
2.456948739981625 | 2 | -0.5
2.6473520003068005 | 2 | -0.5
2.9539589131596395 | 2 | -0.5
3.5265657334873395 | 2 | -0.5
7.520383735407153 | 2 | -0.5
6.892291706820794 | 2 | -0.5
6.607862856453298 | 2 | -0.5
6.510563806622119 | 2 | -0.5
3.265418589165192 | 2 | -0.5
1.8196088947428866 | 2 | -0.5
1.4587714237397202 | 2 | -0.5
1.1981231103456607 | 2 | -0.5
1.0784210332161506 | 2 | -0.5
0.9812165819224119 | 2 | -0.5
0.9646998776380435 | 2 | -0.5
0.9295895152394683 | 2 | -0.5
0.9775789816381674 | 2 | -0.5
1.0711874657421538 | 2 | -0.5
1.1485352057959917 | 2 | -0.5
1.3941052492494201 | 2 | -0.5
1.679643976635684 | 2 | -0.5
5.6890138326302235 | 2 | -0.5
5.442353037493709 | 2 | -0.5
5.398454466494279 | 2 | -0.5
5.581866598699439 | 2 | -0.5
5.447350142378074 | 2 | -0.5
3.9345264460016947 | 2 | -0.5
3.2379831704654496 | 2 | -0.5
2.83526038603732 | 2 | -0.5
2.6279271801400395 | 2 | -0.5
2.50487363352327 | 2 | -0.5
2.4540435709622783 | 2 | -0.5
2.5355903232260166 | 2 | -0.5
2.675383905448686 | 2 | -0.5
2.9618047366515 | 2 | -0.5
3.461175636330632 | 2 | -0.5
7.544602843482756 | 2 | -0.5
6.839788218673365 | 2 | -0.5
6.562469113103651 | 2 | -0.5
6.487379661666853 | 2 | -0.5
3.427587658536969 | 2 | -0.5
2.010066469668248 | 2 | -0.5
1.5541151229637302 | 2 | -0.5
1.269970184278862 | 2 | -0.5
1.074635823551769 | 2 | -0.5
1.001117436479391 | 2 | -0.5
1.0211500160858882 | 2 | -0.5
1.0131937116227776 | 2 | -0.5
1.0582407035792107 | 2 | -0.5
1.1453427476997593 | 2 | -0.5
1.3493581095838447 | 2 | -0.5
1.7352597800093656 | 2 | -0.5
2.373122298240812 | 2 | -0.5
5.563908830372359 | 2 | -0.5
5.523491342929082 | 2 | -0.5
5.6288805634404815 | 2 | -0.5
5.532885896442672 | 2 | -0.5
4.211762435682369 | 2 | -0.5
3.397215020772109 | 2 | -0.5
2.8346891782904895 | 2 | -0.5
2.6015338960105625 | 2 | -0.5
2.483080080265988 | 2 | -0.5
2.42552888094702 | 2 | -0.5
2.476837594801876 | 2 | -0.5
2.690970137328578 | 2 | -0.5
2.9199653591113957 | 2 | -0.5
3.372884111516748 | 2 | -0.5
7.630807352649882 | 2 | -0.5
6.919400132085684 | 2 | -0.5
6.513064360383189 | 2 | -0.5
6.406299542499278 | 2 | -0.5
5.225559606178648 | 2 | -0.5
2.661491274994249 | 2 | -0.5
1.780264572188099 | 2 | -0.5
1.437403189964859 | 2 | -0.5
1.1966701652250138 | 2 | -0.5
1.0778090136309415 | 2 | -0.5
1.016818525051273 | 2 | -0.5
0.9562405755163691 | 2 | -0.5
0.9903604557753966 | 2 | -0.5
1.072719882899086 | 2 | -0.5
1.1132048451545882 | 2 | -0.5
1.2893672668386367 | 2 | -0.5
1.4919930117145928 | 2 | -0.5
1.958217370475133 | 2 | -0.5
5.6325732623681875 | 2 | -0.5
5.526047930489117 | 2 | -0.5
5.547806682659208 | 2 | -0.5
5.859070313453366 | 2 | -0.5
4.40908628242565 | 2 | -0.5
3.473735823644331 | 2 | -0.5
2.937910713683448 | 2 | -0.5
2.6404450317968218 | 2 | -0.5
2.5254741489979278 | 2 | -0.5
2.515267494581295 | 2 | -0.5
2.544760776031062 | 2 | -0.5
2.670615068315252 | 2 | -0.5
2.883699282150835 | 2 | -0.5
3.2971940713518895 | 2 | -0.5
4.143512056842874 | 2 | -0.5
6.973769496874694 | 2 | -0.5
6.558812601496874 | 2 | -0.5
6.419155410858421 | 2 | -0.5
3.1969350527227753 | 2 | -0.5
1.6442583023183244 | 2 | -0.5
1.2777919453871214 | 2 | -0.5
1.1334625416109823 | 2 | -0.5
1.0181813373425168 | 2 | -0.5
0.9181304889868807 | 2 | -0.5
0.9402972267945876 | 2 | -0.5
0.8794469119529066 | 2 | -0.5
0.8924804232754165 | 2 | -0.5
0.9917215570384039 | 2 | -0.5
1.0691896233424723 | 2 | -0.5
1.2386062926563328 | 2 | -0.5
1.4785986502257595 | 2 | -0.5
2.064099274235338 | 2 | -0.5
5.678008211593738 | 2 | -0.5
5.5719659223233124 | 2 | -0.5
5.624186083788741 | 2 | -0.5
5.936294184751778 | 2 | -0.5
4.299012401827263 | 2 | -0.5
3.4646952339237744 | 2 | -0.5
3.007328576542426 | 2 | -0.5
2.6467787092543036 | 2 | -0.5
2.5450865386146457 | 2 | -0.5
2.538450736766529 | 2 | -0.5
2.6128729308005196 | 0 | 5.0
2.5695647787946223 | 2 | -0.5
2.7328639930961 | 2 | -0.5
3.04345921915279 | 2 | -0.5
3.522003042228484 | 2 | -0.5
7.429830223599582 | 2 | -0.5
6.8454603683702375 | 2 | -0.5
6.615178122088486 | 2 | -0.5
6.572021846365966 | 2 | -0.5
2.4646716005796447 | 2 | -0.5
1.676307088097383 | 2 | -0.5
1.3236420947119918 | 2 | -0.5
1.18302704291201 | 2 | -0.5
1.0801860438568762 | 2 | -0.5
0.9877012387940439 | 2 | -0.5
0.9960582491060717 | 2 | -0.5
0.9830979567923336 | 2 | -0.5
1.0371464581242047 | 2 | -0.5
1.1160335174027063 | 2 | -0.5
1.248475275528537 | 2 | -0.5
1.4230116655176783 | 2 | -0.5
1.8326618048762706 | 2 | -0.5
5.685744493293594 | 2 | -0.5
5.549199440976301 | 2 | -0.5
5.511481416312118 | 2 | -0.5
5.809386238238674 | 2 | -0.5
4.34902363101257 | 2 | -0.5
3.4861792960829314 | 2 | -0.5
2.9204834714387298 | 2 | -0.5
2.642511654078833 | 2 | -0.5
2.518520186920497 | 2 | -0.5
2.4752012906955434 | 2 | -0.5
2.515568892380391 | 2 | -0.5
2.6771848336959585 | 2 | -0.5
3.049758634996969 | 2 | -0.5
3.635210564966552 | 2 | -0.5
7.350692289621167 | 2 | -0.5
6.822142582618347 | 2 | -0.5
6.4936957336563355 | 2 | -0.5
6.507546813440228 | 2 | -0.5
2.689576823347498 | 2 | -0.5
1.814925495247842 | 2 | -0.5
1.3950702325833433 | 2 | -0.5
1.1872626676674927 | 2 | -0.5
1.027623369550306 | 2 | -0.5
1.0112460772144303 | 2 | -0.5
0.9689938258761526 | 2 | -0.5
0.9518590164519269 | 2 | -0.5
1.019963706465964 | 2 | -0.5
1.0599038091181432 | 2 | -0.5
1.1629378852067354 | 2 | -0.5
1.404155283824349 | 2 | -0.5
1.7355961585045327 | 2 | -0.5
2.430273451061211 | 2 | -0.5
5.549096118365598 | 2 | -0.5
5.514689499813524 | 2 | -0.5
5.59133530697906 | 2 | -0.5
5.921060528195011 | 2 | -0.5
4.289722802749253 | 2 | -0.5
Total reward: -428.5
-2.8, 1.5, -2.0, 0.4, -2.4, 5.6, 4.9, 0.0, -0.6, -4.1, -5.5, 2.1, -3.0, -1.3, 5.5, -2.1, 2.2, -0.4
parameter ends

state | action | reward
[4.21] | 2 | -0.5
9.33274920898374 | 2 | -0.5
9.220838610818753 | 2 | -0.5
6.399681091640649 | 2 | -0.5
4.11156013235665 | 2 | -0.5
3.043252700460436 | 2 | -0.5
2.406801379564999 | 2 | -0.5
2.0606008390892345 | 2 | -0.5
1.8791108598530832 | 2 | -0.5
4.044436056823113 | 0 | 5.0
2.369199996047633 | 0 | 5.0
1.8632914578977342 | 0 | 5.0
1.8717497049351934 | 0 | 5.0
1.8981482155733103 | 0 | 5.0
1.945314620557842 | 0 | 5.0
1.947377205986342 | 0 | 5.0
1.9783974596520424 | 0 | 5.0
1.9921580960505476 | 0 | 5.0
2.009095618875786 | 0 | 5.0
2.0234250670657024 | 0 | 5.0
2.0493804498518537 | 0 | 5.0
2.0618169468568603 | 0 | 5.0
2.0839503761179525 | 2 | -0.5
2.084517472489391 | 0 | 5.0
2.0858264427939845 | 2 | -0.5
2.163728901107615 | 2 | -0.5
2.3371060214451624 | 2 | -0.5
2.678232171087352 | 2 | -0.5
6.753228032020842 | 2 | -0.5
6.0087047297908756 | 2 | -0.5
5.660383409382382 | 2 | -0.5
5.541413787292673 | 2 | -0.5
5.579027616703457 | 2 | -0.5
3.1470329755981807 | 2 | -0.5
2.202791297146951 | 2 | -0.5
1.7959474398196433 | 2 | -0.5
1.6011523433780828 | 2 | -0.5
1.4766198164344764 | 2 | -0.5
1.4251230950902027 | 2 | -0.5
1.364205026356493 | 2 | -0.5
1.4111538515020634 | 2 | -0.5
1.4834447543323648 | 2 | -0.5
1.6742706877799256 | 2 | -0.5
1.9166136933430793 | 2 | -0.5
2.4163978464229103 | 2 | -0.5
6.779151658555861 | 2 | -0.5
6.450064309187356 | 2 | -0.5
6.493145368649391 | 2 | -0.5
6.618567972376303 | 2 | -0.5
4.448904579772814 | 2 | -0.5
3.194587796831058 | 2 | -0.5
2.4883626501534057 | 2 | -0.5
2.269159504781945 | 2 | -0.5
2.0842709983696626 | 2 | -0.5
1.9914234175485233 | 2 | -0.5
1.9879826229933877 | 2 | -0.5
2.0395456928852562 | 2 | -0.5
2.2000250387122695 | 2 | -0.5
2.460522374256683 | 2 | -0.5
2.94366288662873 | 2 | -0.5
6.102447972560432 | 2 | -0.5
5.533188908577306 | 2 | -0.5
5.371651547117452 | 2 | -0.5
5.374770999023744 | 2 | -0.5
3.907456954447267 | 2 | -0.5
2.4811706013180923 | 2 | -0.5
1.9948362818420564 | 2 | -0.5
1.7691390094133597 | 2 | -0.5
1.5361290227903048 | 2 | -0.5
1.3990187735819815 | 2 | -0.5
1.3891437506034887 | 2 | -0.5
1.4432908030656941 | 2 | -0.5
1.477333675787788 | 2 | -0.5
1.5718481563492908 | 2 | -0.5
1.79110267426678 | 2 | -0.5
2.2723686656682873 | 2 | -0.5
3.4378501561323094 | 2 | -0.5
6.607361346675805 | 2 | -0.5
6.55988663970197 | 2 | -0.5
6.651540107028225 | 2 | -0.5
4.242732726367769 | 2 | -0.5
3.184574651165669 | 2 | -0.5
2.679077579584358 | 2 | -0.5
2.389034048993006 | 2 | -0.5
2.2462919544316433 | 2 | -0.5
2.1828079060460084 | 2 | -0.5
2.138763867588586 | 0 | 5.0
2.120749606817825 | 2 | -0.5
2.158370433667741 | 0 | 5.0
2.134228736222884 | 2 | -0.5
2.243492956788635 | 2 | -0.5
2.50110555593194 | 2 | -0.5
2.9486497553908184 | 2 | -0.5
6.826806816332991 | 2 | -0.5
6.144919572213917 | 2 | -0.5
5.8932007817500525 | 2 | -0.5
5.822878856332133 | 2 | -0.5
4.6267300296275 | 2 | -0.5
2.948427605856234 | 2 | -0.5
1.919130333582218 | 2 | -0.5
1.5842745734853045 | 2 | -0.5
1.4128947679622168 | 2 | -0.5
1.3476935847841582 | 2 | -0.5
1.2960915455691893 | 2 | -0.5
1.2787007558229884 | 2 | -0.5
1.362393653231522 | 2 | -0.5
1.4247874748094875 | 2 | -0.5
1.6387861472958372 | 2 | -0.5
1.9780596287594692 | 2 | -0.5
2.5436329511336617 | 2 | -0.5
6.3324150845721325 | 2 | -0.5
6.090683626980177 | 2 | -0.5
6.103630409468157 | 2 | -0.5
6.201542325234739 | 2 | -0.5
4.154827057266903 | 2 | -0.5
3.3061596979947327 | 2 | -0.5
2.8501503436726066 | 2 | -0.5
2.526547063155966 | 2 | -0.5
2.299806106733459 | 2 | -0.5
2.1755049464446365 | 2 | -0.5
2.2027734852131347 | 2 | -0.5
2.25192503681337 | 0 | 5.0
2.232722611631127 | 2 | -0.5
2.355773416730348 | 2 | -0.5
2.6486018206118516 | 2 | -0.5
3.161296210578949 | 2 | -0.5
6.790555416174473 | 2 | -0.5
6.274038284754938 | 2 | -0.5
5.98230111214909 | 2 | -0.5
6.0031119179478 | 2 | -0.5
3.5912485450266307 | 2 | -0.5
2.536428632061407 | 2 | -0.5
1.8984162857153686 | 2 | -0.5
1.5564470014824536 | 2 | -0.5
1.3257242094726007 | 2 | -0.5
1.2926403222278393 | 2 | -0.5
1.2637269390875339 | 2 | -0.5
1.245836404386648 | 2 | -0.5
1.2983894503613793 | 2 | -0.5
1.4611116743528414 | 2 | -0.5
1.6437061939251534 | 2 | -0.5
2.0443936628060655 | 2 | -0.5
6.24535220153644 | 2 | -0.5
5.919030882448066 | 2 | -0.5
5.846266449383223 | 2 | -0.5
5.993023796106455 | 2 | -0.5
5.412098598391383 | 2 | -0.5
3.74280176292514 | 2 | -0.5
3.0446242780290893 | 2 | -0.5
2.453536215724109 | 2 | -0.5
2.2736544352495804 | 2 | -0.5
2.1423718223410275 | 2 | -0.5
2.1311176764281146 | 2 | -0.5
2.146609778905245 | 2 | -0.5
2.364103853546885 | 2 | -0.5
2.558167074530266 | 2 | -0.5
2.9861450469766795 | 2 | -0.5
7.01050771802404 | 2 | -0.5
6.360851551556666 | 2 | -0.5
6.127184581696976 | 2 | -0.5
6.075818830127484 | 2 | -0.5
4.415156622731741 | 2 | -0.5
2.39251397286598 | 2 | -0.5
1.8332694372603018 | 2 | -0.5
1.5369801077446572 | 2 | -0.5
1.4076732834745462 | 2 | -0.5
1.256585882472366 | 2 | -0.5
1.2330458053062756 | 2 | -0.5
1.266915206516753 | 2 | -0.5
1.384553072750642 | 2 | -0.5
1.5204087559111852 | 2 | -0.5
1.7351762456530107 | 2 | -0.5
2.136219063514132 | 2 | -0.5
6.207084049526531 | 2 | -0.5
5.864395084032037 | 2 | -0.5
5.839292858400102 | 2 | -0.5
6.027867120995626 | 2 | -0.5
4.577360085371525 | 2 | -0.5
3.350549343954686 | 2 | -0.5
2.692783726484815 | 2 | -0.5
2.391497173248834 | 2 | -0.5
2.19966250186987 | 2 | -0.5
2.1421206069750642 | 2 | -0.5
2.1888082714315744 | 2 | -0.5
2.2584906660352813 | 2 | -0.5
2.479922243764936 | 2 | -0.5
2.914074707298249 | 2 | -0.5
3.6798821432267568 | 2 | -0.5
6.627899866797494 | 2 | -0.5
6.222834833686532 | 2 | -0.5
6.081893326799726 | 2 | -0.5
5.45570576859359 | 2 | -0.5
3.040733193617563 | 2 | -0.5
2.099088004090998 | 2 | -0.5
1.7426309213749882 | 2 | -0.5
1.5264237768553846 | 2 | -0.5
1.3902655610067534 | 2 | -0.5
1.3633804390472515 | 2 | -0.5
1.3802942149539754 | 2 | -0.5
1.3620743965915665 | 2 | -0.5
1.4419099352365041 | 2 | -0.5
1.6030012660632547 | 2 | -0.5
1.8688258932912358 | 2 | -0.5
2.5737492108379176 | 2 | -0.5
6.045529471547549 | 2 | -0.5
5.75414057454437 | 2 | -0.5
5.815675157021023 | 2 | -0.5
6.020931433759519 | 2 | -0.5
3.6702673713411573 | 2 | -0.5
2.931540975951084 | 2 | -0.5
2.444466222693821 | 2 | -0.5
2.237352518302074 | 2 | -0.5
2.106298007800517 | 2 | -0.5
2.061805344022224 | 2 | -0.5
2.064547397416652 | 2 | -0.5
2.1977418093354375 | 2 | -0.5
2.337867528612015 | 2 | -0.5
2.8301526365235015 | 2 | -0.5
3.5972649195164554 | 2 | -0.5
6.521933918815643 | 2 | -0.5
6.212208373095025 | 2 | -0.5
6.10346809932867 | 2 | -0.5
5.126271872797229 | 2 | -0.5
2.953487178781418 | 2 | -0.5
2.0785461254850297 | 2 | -0.5
1.6599623183946213 | 2 | -0.5
1.4798363614278287 | 2 | -0.5
1.354271393076508 | 2 | -0.5
1.2760856300809305 | 2 | -0.5
1.2912177252469708 | 2 | -0.5
1.2760846019302674 | 2 | -0.5
1.382513956854365 | 2 | -0.5
1.5381917424437135 | 2 | -0.5
1.861892438240224 | 2 | -0.5
2.579470893048066 | 2 | -0.5
5.942681326770058 | 2 | -0.5
5.739363457344892 | 2 | -0.5
5.81366752504465 | 2 | -0.5
5.129133811837028 | 2 | -0.5
3.3781224841813686 | 2 | -0.5
2.7139417649171906 | 2 | -0.5
2.255005687367119 | 2 | -0.5
2.0944637734227562 | 2 | -0.5
2.0277225006656487 | 2 | -0.5
2.0163039596217183 | 2 | -0.5
2.167602603447401 | 2 | -0.5
2.3411650908820363 | 2 | -0.5
2.7122305854842397 | 2 | -0.5
3.327015755085119 | 2 | -0.5
6.8717074383303185 | 2 | -0.5
6.419623624415899 | 2 | -0.5
6.312359993476768 | 2 | -0.5
5.44919930345803 | 2 | -0.5
2.868060363464348 | 2 | -0.5
2.06295863203698 | 2 | -0.5
1.7571565070044062 | 2 | -0.5
1.5732066693733417 | 2 | -0.5
1.429995610741169 | 2 | -0.5
1.398333481505205 | 2 | -0.5
1.4108728240559654 | 2 | -0.5
1.4211053729491467 | 2 | -0.5
1.5050433361629714 | 2 | -0.5
1.7238059141143878 | 2 | -0.5
2.1478704252481227 | 2 | -0.5
2.771022932572487 | 2 | -0.5
5.829990081979852 | 2 | -0.5
5.62036385363378 | 2 | -0.5
5.628233845130733 | 2 | -0.5
5.264713003899604 | 2 | -0.5
3.665453246259514 | 2 | -0.5
2.7375442460532313 | 2 | -0.5
2.346738128825782 | 2 | -0.5
2.093284568334926 | 2 | -0.5
1.9961971625307668 | 2 | -0.5
1.9590536030098558 | 2 | -0.5
1.9843112344771343 | 2 | -0.5
2.166892853104503 | 2 | -0.5
2.401393763312223 | 2 | -0.5
2.9879276569772926 | 2 | -0.5
7.000352264268899 | 2 | -0.5
6.461407816774677 | 2 | -0.5
6.29465615503114 | 2 | -0.5
6.344786609870049 | 2 | -0.5
3.8722130984921614 | 2 | -0.5
2.467390198056181 | 2 | -0.5
1.8771847931953214 | 2 | -0.5
1.6182530350201714 | 2 | -0.5
1.5078362260350853 | 2 | -0.5
1.4169085204324288 | 2 | -0.5
1.3821186980971525 | 2 | -0.5
1.373297599964556 | 2 | -0.5
1.4488476977285139 | 2 | -0.5
1.5741505621614582 | 2 | -0.5
1.7635441788085335 | 2 | -0.5
2.140310547546389 | 2 | -0.5
2.7345659577455046 | 2 | -0.5
5.8875202927596835 | 2 | -0.5
5.6043980404363065 | 2 | -0.5
5.664084796370563 | 2 | -0.5
5.858172568246707 | 2 | -0.5
4.26789252324097 | 2 | -0.5
3.127580837509928 | 2 | -0.5
2.500044765866998 | 2 | -0.5
2.26732449278667 | 2 | -0.5
2.0959801385657877 | 2 | -0.5
1.9845944332049215 | 2 | -0.5
2.0129876367358945 | 2 | -0.5
2.1287196920624702 | 2 | -0.5
2.3277117602953914 | 2 | -0.5
2.6645603415128485 | 2 | -0.5
3.2902049349572824 | 2 | -0.5
6.821144826566012 | 2 | -0.5
6.3421964096993 | 2 | -0.5
6.26171453154802 | 2 | -0.5
4.670339595136689 | 2 | -0.5
2.7295832751245532 | 2 | -0.5
1.9894098587938387 | 2 | -0.5
1.6759862476133773 | 2 | -0.5
1.51659165604002 | 2 | -0.5
1.3976828702360564 | 2 | -0.5
1.3103016219406023 | 2 | -0.5
1.3051562957339384 | 2 | -0.5
1.3387472828889957 | 2 | -0.5
1.4405269149685012 | 2 | -0.5
1.5362102368309225 | 2 | -0.5
1.8257589499378613 | 2 | -0.5
2.254782235251783 | 2 | -0.5
6.221924022007895 | 2 | -0.5
5.8377210206374714 | 2 | -0.5
5.735972536795815 | 2 | -0.5
5.785644154974291 | 2 | -0.5
5.502033254512161 | 2 | -0.5
3.410783151521916 | 2 | -0.5
2.649722708028157 | 2 | -0.5
2.306466456483522 | 2 | -0.5
2.144382547621038 | 2 | -0.5
2.0752027979107326 | 2 | -0.5
2.067663331399481 | 2 | -0.5
2.154252930885213 | 2 | -0.5
2.361666177552284 | 2 | -0.5
2.689656624884025 | 2 | -0.5
3.380093245172317 | 2 | -0.5
6.67634314682139 | 2 | -0.5
6.225222244056453 | 2 | -0.5
6.077203422114278 | 2 | -0.5
6.0794789358572645 | 2 | -0.5
3.447501432546691 | 2 | -0.5
2.264071865398036 | 2 | -0.5
1.7866877387691085 | 2 | -0.5
1.556629682423578 | 2 | -0.5
1.381302816145547 | 2 | -0.5
1.3431285797380879 | 2 | -0.5
1.2905355130465588 | 2 | -0.5
1.3393943904081902 | 2 | -0.5
1.4284124085331107 | 2 | -0.5
1.5535763552384068 | 2 | -0.5
1.7990521978017266 | 2 | -0.5
2.4970046633752006 | 2 | -0.5
5.95618648798692 | 2 | -0.5
5.71523769733977 | 2 | -0.5
5.6894159112776395 | 2 | -0.5
5.9355886701579585 | 2 | -0.5
3.9910549099603165 | 2 | -0.5
3.0385408844202106 | 2 | -0.5
2.4963103013402295 | 2 | -0.5
2.1989161807922093 | 2 | -0.5
2.067723862778214 | 2 | -0.5
2.027845570446282 | 2 | -0.5
2.0415993356961306 | 2 | -0.5
2.074643596949931 | 2 | -0.5
2.1666374364998013 | 2 | -0.5
2.45793747585897 | 2 | -0.5
2.8967777487463304 | 2 | -0.5
7.15938497486287 | 2 | -0.5
6.545651425865124 | 2 | -0.5
6.245175640666939 | 2 | -0.5
6.206894230232913 | 2 | -0.5
5.239906266766986 | 2 | -0.5
2.8746096022645578 | 2 | -0.5
2.029973917355549 | 2 | -0.5
1.6283460691915028 | 2 | -0.5
1.4709573178497932 | 2 | -0.5
1.400974407980136 | 2 | -0.5
1.3230615174812412 | 2 | -0.5
1.3497157711616148 | 2 | -0.5
1.3658943751882129 | 2 | -0.5
1.5022784352295764 | 2 | -0.5
1.6908291706341785 | 2 | -0.5
1.8956375409961017 | 2 | -0.5
2.5128272758345083 | 2 | -0.5
5.945536981311322 | 2 | -0.5
5.7019655990203235 | 2 | -0.5
5.798486399234463 | 2 | -0.5
4.967675499865059 | 2 | -0.5
3.5571298072695727 | 2 | -0.5
2.742994924550526 | 2 | -0.5
2.2807229447605715 | 2 | -0.5
2.085982179901997 | 2 | -0.5
2.043046050078941 | 2 | -0.5
2.020033107327843 | 2 | -0.5
2.1071587736112365 | 2 | -0.5
2.2290535516552104 | 2 | -0.5
2.3870495359052253 | 2 | -0.5
2.8015974389126845 | 2 | -0.5
3.6088210750021674 | 2 | -0.5
6.6388866671413975 | 2 | -0.5
6.237500998553935 | 2 | -0.5
6.230429721458006 | 2 | -0.5
4.412424374299749 | 2 | -0.5
2.5267919577606204 | 2 | -0.5
1.883709367424533 | 2 | -0.5
1.6501481807160077 | 2 | -0.5
1.4594973705133838 | 2 | -0.5
1.3769658919985617 | 2 | -0.5
1.281909680150856 | 2 | -0.5
1.2759008211778144 | 2 | -0.5
1.3307190903004031 | 2 | -0.5
1.464624212427762 | 2 | -0.5
1.6283272149893682 | 2 | -0.5
1.9680018197912093 | 2 | -0.5
2.6135063368989715 | 2 | -0.5
5.879417911856058 | 2 | -0.5
5.6397695569195045 | 2 | -0.5
5.691129003041251 | 2 | -0.5
5.8512613558694895 | 2 | -0.5
4.151501585863318 | 2 | -0.5
3.145056927652251 | 2 | -0.5
2.5426350206431994 | 2 | -0.5
2.3453966884582047 | 2 | -0.5
2.199381834618548 | 2 | -0.5
2.071431660745722 | 2 | -0.5
2.1344605019781913 | 2 | -0.5
2.215763439309681 | 2 | -0.5
2.3923902624346707 | 2 | -0.5
2.6695118523193853 | 2 | -0.5
3.3473975955898734 | 2 | -0.5
6.90327477398333 | 2 | -0.5
6.385906648699234 | 2 | -0.5
6.225172252771782 | 2 | -0.5
5.919398594418048 | 2 | -0.5
2.9944274001754296 | 2 | -0.5
2.137982226511729 | 2 | -0.5
1.7273257179779626 | 2 | -0.5
1.4147965630650878 | 2 | -0.5
1.3031714642362566 | 2 | -0.5
1.26518975242129 | 2 | -0.5
1.2008020934706818 | 2 | -0.5
1.237996856584946 | 2 | -0.5
1.3407923329457512 | 2 | -0.5
1.4426824072261382 | 2 | -0.5
1.7021706737027364 | 2 | -0.5
2.1589662472055644 | 2 | -0.5
6.120731024527119 | 2 | -0.5
5.80015909168079 | 2 | -0.5
5.655185204985093 | 2 | -0.5
5.726510289026353 | 2 | -0.5
5.393322046511741 | 2 | -0.5
3.779053145692157 | 2 | -0.5
2.864011093283542 | 2 | -0.5
2.524284284204308 | 2 | -0.5
2.2986541042548994 | 2 | -0.5
2.177704793856184 | 2 | -0.5
2.143319730532263 | 2 | -0.5
2.1871383610366264 | 2 | -0.5
2.293356254471985 | 2 | -0.5
2.561240330065832 | 2 | -0.5
3.019631635121714 | 2 | -0.5
7.396610998409295 | 2 | -0.5
6.667641287916967 | 2 | -0.5
6.369320557363605 | 2 | -0.5
6.27877087061051 | 2 | -0.5
4.999948881532121 | 2 | -0.5
2.878017689729194 | 2 | -0.5
2.138919419825847 | 2 | -0.5
1.673958922861852 | 2 | -0.5
1.5031317174920917 | 2 | -0.5
1.4126871791714894 | 2 | -0.5
1.324376293700351 | 2 | -0.5
1.3274421523063988 | 2 | -0.5
1.3347206847135764 | 2 | -0.5
1.3942765493996054 | 2 | -0.5
1.577698667796614 | 2 | -0.5
1.9503581323653956 | 2 | -0.5
2.5457507950311067 | 2 | -0.5
5.8547289188504745 | 2 | -0.5
5.6604819272113565 | 2 | -0.5
5.618789104604936 | 2 | -0.5
5.862336584276975 | 2 | -0.5
4.5686930819138665 | 2 | -0.5
3.276446614462411 | 2 | -0.5
2.6999402184088876 | 2 | -0.5
2.337484999140158 | 2 | -0.5
2.1857868088678183 | 2 | -0.5
2.1522972760068284 | 2 | -0.5
2.1663989434755524 | 2 | -0.5
2.3254517576515856 | 2 | -0.5
2.558531832410815 | 2 | -0.5
2.9548321901983674 | 2 | -0.5
7.354242727130041 | 2 | -0.5
6.670924277668355 | 2 | -0.5
6.343794225047291 | 2 | -0.5
6.2739941203492595 | 2 | -0.5
4.538078074291415 | 2 | -0.5
2.7202353150050635 | 2 | -0.5
2.0419756838153145 | 2 | -0.5
1.5469734814815632 | 2 | -0.5
1.3482065578193525 | 2 | -0.5
1.2409376738870355 | 2 | -0.5
1.2172600409259817 | 2 | -0.5
1.2015032761761246 | 2 | -0.5
1.2593478745819344 | 2 | -0.5
1.417226357967279 | 2 | -0.5
1.598770832750211 | 2 | -0.5
1.8830682428093377 | 2 | -0.5
2.6544061892128963 | 2 | -0.5
5.757299511204223 | 2 | -0.5
5.588163129803118 | 2 | -0.5
5.640703209690817 | 2 | -0.5
5.88477911928797 | 2 | -0.5
4.104448910139444 | 2 | -0.5
3.132637563989857 | 2 | -0.5
2.549069006516466 | 2 | -0.5
2.3362026241347587 | 2 | -0.5
2.161425660497336 | 2 | -0.5
2.1077677826485988 | 2 | -0.5
2.2025832256549487 | 2 | -0.5
2.304835548499993 | 2 | -0.5
2.5811365076542296 | 2 | -0.5
3.0032576471224663 | 2 | -0.5
3.7057619262234756 | 2 | -0.5
6.734170984094057 | 2 | -0.5
6.427869045110761 | 2 | -0.5
6.311683120592146 | 2 | -0.5
5.224628446205939 | 2 | -0.5
3.1901562833881525 | 2 | -0.5
2.3605063423823682 | 2 | -0.5
1.8620589881867022 | 2 | -0.5
1.5855139682894257 | 2 | -0.5
1.5008137757262787 | 2 | -0.5
1.4182837338682803 | 2 | -0.5
1.3731667654041586 | 2 | -0.5
1.3985795921999538 | 2 | -0.5
1.503250216937134 | 2 | -0.5
1.6630663118786957 | 2 | -0.5
1.9137668747335252 | 2 | -0.5
2.395490729050239 | 2 | -0.5
5.967955188849658 | 2 | -0.5
5.64267565989812 | 2 | -0.5
5.565115905989739 | 2 | -0.5
5.746398615927497 | 2 | -0.5
4.241711105808775 | 2 | -0.5
3.1463712409143363 | 2 | -0.5
2.5480523697704505 | 2 | -0.5
2.2115230160777677 | 2 | -0.5
2.102880639362547 | 2 | -0.5
2.011033863282515 | 2 | -0.5
2.0186324759000818 | 2 | -0.5
2.0585311931442067 | 2 | -0.5
2.155943383960344 | 2 | -0.5
2.5115583351769475 | 2 | -0.5
2.9410400988107863 | 2 | -0.5
7.190020725416377 | 2 | -0.5
6.505110453338452 | 2 | -0.5
6.3176180956121 | 2 | -0.5
6.4355929162718954 | 2 | -0.5
3.5206489687442786 | 2 | -0.5
2.5092339875913137 | 2 | -0.5
1.9697277053557896 | 2 | -0.5
1.7232445369467622 | 2 | -0.5
1.563787877385959 | 2 | -0.5
1.4931797048322502 | 2 | -0.5
1.5082282399067666 | 2 | -0.5
1.4921641183448884 | 2 | -0.5
1.6017190875605911 | 2 | -0.5
1.7779745218916567 | 2 | -0.5
2.0255913503008665 | 2 | -0.5
2.6615252827954827 | 2 | -0.5
6.037868592299065 | 2 | -0.5
5.783917828388805 | 2 | -0.5
5.637565753644564 | 2 | -0.5
5.7922216353528775 | 2 | -0.5
4.325146942530039 | 2 | -0.5
2.9729045716865943 | 2 | -0.5
2.528952248952976 | 2 | -0.5
2.1086607846200947 | 2 | -0.5
1.9777557296448673 | 2 | -0.5
1.8958468004120717 | 2 | -0.5
1.904159130271849 | 2 | -0.5
2.042641090246323 | 2 | -0.5
2.252866682169039 | 2 | -0.5
2.503127660058943 | 2 | -0.5
3.027694753999767 | 2 | -0.5
7.064906308909866 | 2 | -0.5
6.623008424029684 | 2 | -0.5
6.437042559222608 | 2 | -0.5
6.379108043013249 | 2 | -0.5
4.696750884700409 | 2 | -0.5
2.8994505198028877 | 2 | -0.5
2.2865980327607156 | 2 | -0.5
1.9609387975131443 | 2 | -0.5
1.7063437287818737 | 2 | -0.5
1.5874997870443175 | 2 | -0.5
1.5112364887814813 | 2 | -0.5
1.5640366206487264 | 2 | -0.5
1.6194523244404906 | 2 | -0.5
1.746843162657785 | 2 | -0.5
1.9652423268500283 | 2 | -0.5
2.3818727021388475 | 2 | -0.5
6.170320135259531 | 2 | -0.5
5.699814629991703 | 2 | -0.5
5.523904783790062 | 2 | -0.5
5.5376925281413785 | 2 | -0.5
4.74501544578541 | 2 | -0.5
3.456194366760426 | 2 | -0.5
2.714073518770062 | 2 | -0.5
2.3176270715500893 | 2 | -0.5
2.045351211998921 | 2 | -0.5
1.929320579828643 | 2 | -0.5
1.88288438524579 | 2 | -0.5
1.9288258817898118 | 2 | -0.5
1.9575608080982954 | 2 | -0.5
2.0785549513922716 | 2 | -0.5
2.2778883618183947 | 2 | -0.5
2.635918608706019 | 2 | -0.5
3.381782147061752 | 2 | -0.5
6.813103833664444 | 2 | -0.5
6.507581267184148 | 2 | -0.5
6.404222376753752 | 2 | -0.5
6.469761378100903 | 2 | -0.5
3.7896768203812194 | 2 | -0.5
2.770164815325252 | 2 | -0.5
2.2562387795809706 | 2 | -0.5
1.9235340962384675 | 2 | -0.5
1.7122423592171447 | 2 | -0.5
1.5811986090617602 | 2 | -0.5
1.5298176612351857 | 2 | -0.5
1.5603002515822175 | 2 | -0.5
1.6554778608561642 | 2 | -0.5
1.8047878302225957 | 2 | -0.5
2.0968057094753725 | 2 | -0.5
2.5119345223704475 | 2 | -0.5
6.024465434946304 | 2 | -0.5
5.663943787004483 | 2 | -0.5
5.578656759517739 | 2 | -0.5
5.757780466515388 | 2 | -0.5
3.7364387822607417 | 2 | -0.5
2.863841050916934 | 2 | -0.5
2.3556876953728088 | 2 | -0.5
2.051416259648516 | 2 | -0.5
1.9015509631426255 | 2 | -0.5
1.8260750640233248 | 2 | -0.5
1.8286252265124874 | 2 | -0.5
1.911641193320098 | 2 | -0.5
2.0497090511659257 | 2 | -0.5
2.347919004433745 | 2 | -0.5
2.9873967629752496 | 2 | -0.5
6.805339089652999 | 2 | -0.5
6.372482363685135 | 2 | -0.5
6.286831101614755 | 2 | -0.5
5.984693133594943 | 2 | -0.5
3.027199503127766 | 2 | -0.5
2.248812239519738 | 2 | -0.5
2.016400354004521 | 2 | -0.5
1.7198460853984316 | 2 | -0.5
1.589092979924939 | 2 | -0.5
1.5824711489388599 | 2 | -0.5
1.5354654132401033 | 2 | -0.5
1.5525887873341655 | 2 | -0.5
1.636831457482314 | 2 | -0.5
1.8411190323862507 | 2 | -0.5
2.2330891617617388 | 2 | -0.5
2.8204471028112366 | 2 | -0.5
5.8695150110050935 | 2 | -0.5
5.599465825861393 | 2 | -0.5
5.586399688049096 | 2 | -0.5
5.750820535984229 | 2 | -0.5
3.862243487880548 | 2 | -0.5
2.934502208380144 | 2 | -0.5
2.4321397747823297 | 2 | -0.5
2.122919075813148 | 2 | -0.5
1.9795534850674525 | 2 | -0.5
1.9036847891320705 | 2 | -0.5
1.930631448570511 | 2 | -0.5
2.017909864492543 | 2 | -0.5
2.2632616349015597 | 2 | -0.5
2.52732229951099 | 2 | -0.5
3.1626745917831878 | 2 | -0.5
6.922655124098794 | 2 | -0.5
6.4554449527475155 | 2 | -0.5
6.421476916657179 | 2 | -0.5
6.076901033576382 | 2 | -0.5
3.303608873515013 | 2 | -0.5
2.3223003123652255 | 2 | -0.5
1.909871445077567 | 2 | -0.5
1.6797024436345938 | 2 | -0.5
1.573445260082978 | 2 | -0.5
1.4833445280629365 | 2 | -0.5
1.4727379415558914 | 2 | -0.5
1.5372548551362815 | 2 | -0.5
1.656152816972843 | 2 | -0.5
1.8168902114785068 | 2 | -0.5
2.136735171354178 | 2 | -0.5
2.8004369687824657 | 2 | -0.5
5.8042677689044195 | 2 | -0.5
5.615134746081492 | 2 | -0.5
5.599852292696709 | 2 | -0.5
5.823882401106924 | 2 | -0.5
3.8938793471311666 | 2 | -0.5
2.905671123513478 | 2 | -0.5
2.406523065739326 | 2 | -0.5
2.1665283973016827 | 2 | -0.5
1.9879900893454856 | 2 | -0.5
1.9466225123772325 | 2 | -0.5
1.9261289822521261 | 2 | -0.5
2.002433059335274 | 2 | -0.5
2.165967120989595 | 2 | -0.5
2.4696664740363903 | 2 | -0.5
3.0615558354238277 | 2 | -0.5
7.155843456195792 | 2 | -0.5
6.531794894526465 | 2 | -0.5
6.298129701318967 | 2 | -0.5
6.36479520474608 | 2 | -0.5
3.783062065960131 | 2 | -0.5
2.5409399141183266 | 2 | -0.5
2.045693014827419 | 2 | -0.5
1.756627701141758 | 2 | -0.5
1.6098185099736309 | 2 | -0.5
1.4956597346329072 | 2 | -0.5
1.459228728692409 | 2 | -0.5
1.4591894124300573 | 2 | -0.5
1.5462253661249485 | 2 | -0.5
1.672638777929591 | 2 | -0.5
1.9101232623501336 | 2 | -0.5
2.442095988151235 | 2 | -0.5
6.160552605917168 | 2 | -0.5
5.766763239758413 | 2 | -0.5
5.644025954271452 | 2 | -0.5
5.7893594463525595 | 2 | -0.5
4.86147839449422 | 2 | -0.5
3.4073585755434017 | 2 | -0.5
2.6683166616235963 | 2 | -0.5
2.27429375551901 | 2 | -0.5
2.1021085046371044 | 2 | -0.5
2.025310735739338 | 2 | -0.5
1.9842297879336166 | 2 | -0.5
2.0270632613290895 | 2 | -0.5
2.1849696995558454 | 2 | -0.5
2.503797965256865 | 2 | -0.5
3.0315311783734105 | 2 | -0.5
7.188158754236161 | 2 | -0.5
6.553517700607575 | 2 | -0.5
6.293156963932305 | 2 | -0.5
6.285895869576697 | 2 | -0.5
3.917374904137379 | 2 | -0.5
2.495334998559059 | 2 | -0.5
1.9615992703797123 | 2 | -0.5
1.674731242163096 | 2 | -0.5
1.5205063895906665 | 2 | -0.5
1.3983381341736294 | 2 | -0.5
1.3942828980925923 | 2 | -0.5
1.4028033972371188 | 2 | -0.5
1.4254476404091956 | 2 | -0.5
1.590940932903449 | 2 | -0.5
1.7794066127082586 | 2 | -0.5
2.221344045380364 | 2 | -0.5
6.241618436784722 | 2 | -0.5
5.8429739281644375 | 2 | -0.5
5.661643869533093 | 2 | -0.5
5.678320017125701 | 2 | -0.5
5.9610734395476355 | 2 | -0.5
3.803526333787706 | 2 | -0.5
2.876798282883307 | 2 | -0.5
2.453320889379379 | 2 | -0.5
2.169013139913027 | 2 | -0.5
2.029238143136989 | 2 | -0.5
1.9914722045637965 | 2 | -0.5
2.008518694196813 | 2 | -0.5
2.1401437423549527 | 2 | -0.5
2.344999495539468 | 2 | -0.5
2.6861150655570727 | 2 | -0.5
3.3907082371034516 | 2 | -0.5
6.800601367785812 | 2 | -0.5
6.426273637075661 | 2 | -0.5
6.259460909059677 | 2 | -0.5
6.179451468539903 | 2 | -0.5
3.151344688417792 | 2 | -0.5
2.202058065658969 | 2 | -0.5
1.745433894092333 | 2 | -0.5
1.5704506014760875 | 2 | -0.5
1.4775467038916217 | 2 | -0.5
1.3555560664888053 | 2 | -0.5
1.3958590802608366 | 2 | -0.5
1.407373668289204 | 2 | -0.5
1.4785864514008624 | 2 | -0.5
1.688862247078009 | 2 | -0.5
2.000645318477915 | 2 | -0.5
2.5631214726214426 | 2 | -0.5
5.988410586772007 | 2 | -0.5
5.666327369636781 | 2 | -0.5
5.662413206036046 | 2 | -0.5
5.91273770846338 | 2 | -0.5
4.05307594760899 | 2 | -0.5
3.1189444341428283 | 2 | -0.5
2.5060277092865175 | 2 | -0.5
2.210444116487938 | 2 | -0.5
2.105593569388284 | 2 | -0.5
2.0273274392171876 | 2 | -0.5
2.104899614905679 | 2 | -0.5
2.228179564830983 | 2 | -0.5
2.463016466109241 | 2 | -0.5
2.845069800915502 | 2 | -0.5
3.6617853771611766 | 2 | -0.5
6.714566372939843 | 2 | -0.5
6.360775536491014 | 2 | -0.5
6.233216799395381 | 2 | -0.5
5.476581341009218 | 2 | -0.5
2.954949925717443 | 2 | -0.5
2.1203773244915647 | 2 | -0.5
1.77871244551794 | 2 | -0.5
1.6232417920057252 | 2 | -0.5
1.4196047976030843 | 2 | -0.5
1.3802697495046754 | 2 | -0.5
1.337856148321178 | 2 | -0.5
1.3730013347171366 | 2 | -0.5
1.5128555340426748 | 2 | -0.5
1.7160326008076203 | 2 | -0.5
2.1345166760765304 | 2 | -0.5
2.726544488067324 | 2 | -0.5
5.914221137394485 | 2 | -0.5
5.703884559667586 | 2 | -0.5
5.685436002352902 | 2 | -0.5
5.915676943456891 | 2 | -0.5
4.189830264942377 | 2 | -0.5
3.183050554178202 | 2 | -0.5
2.6737476909078084 | 2 | -0.5
2.4392199264608676 | 2 | -0.5
2.2173563399048324 | 2 | -0.5
2.13768545710983 | 2 | -0.5
2.1007594561781726 | 2 | -0.5
2.1668923166899936 | 2 | -0.5
2.279470371088103 | 2 | -0.5
2.4622489961635545 | 2 | -0.5
2.8590420932325777 | 2 | -0.5
3.546772082363395 | 2 | -0.5
6.784497105623458 | 2 | -0.5
6.408232328219863 | 2 | -0.5
6.270197546989073 | 2 | -0.5
5.690694204095638 | 2 | -0.5
2.712656400001784 | 2 | -0.5
1.8190431422618452 | 2 | -0.5
1.4623629096266542 | 2 | -0.5
1.3202550018034986 | 2 | -0.5
1.1734698935505667 | 2 | -0.5
1.1226457844142885 | 2 | -0.5
1.1851237011689817 | 2 | -0.5
1.259015276635543 | 2 | -0.5
1.3548918175838967 | 2 | -0.5
1.5249546025107648 | 2 | -0.5
1.8918587303723768 | 2 | -0.5
5.981372548366959 | 2 | -0.5
5.709094000800461 | 2 | -0.5
5.546553180000326 | 2 | -0.5
5.644923635947802 | 2 | -0.5
5.584662315806231 | 2 | -0.5
3.82508694079401 | 2 | -0.5
3.00198803581583 | 2 | -0.5
2.5925197472495296 | 2 | -0.5
2.33927863805411 | 2 | -0.5
2.187888080439619 | 2 | -0.5
2.219039038712028 | 2 | -0.5
2.2549332391154757 | 2 | -0.5
2.4529854393369783 | 2 | -0.5
2.8167944675562873 | 2 | -0.5
3.4259497835794854 | 2 | -0.5
7.172211108022763 | 2 | -0.5
6.568365109102485 | 2 | -0.5
6.26939510950688 | 2 | -0.5
6.271487513988322 | 2 | -0.5
3.939050543807646 | 2 | -0.5
2.3069540356178733 | 2 | -0.5
1.7919542480808104 | 2 | -0.5
1.5281788446240157 | 2 | -0.5
1.3438659503265817 | 2 | -0.5
1.2833888123903554 | 2 | -0.5
1.2317806915105771 | 2 | -0.5
1.2582278419552768 | 2 | -0.5
1.2949933722127294 | 2 | -0.5
1.3748089477505594 | 2 | -0.5
1.5234466034106189 | 2 | -0.5
1.759378285967655 | 2 | -0.5
2.231131016094899 | 2 | -0.5
6.183255316905217 | 2 | -0.5
5.924598276346225 | 2 | -0.5
5.820848441573418 | 2 | -0.5
5.957670856370115 | 2 | -0.5
5.266191609005429 | 2 | -0.5
3.511224403050778 | 2 | -0.5
2.870186810541945 | 2 | -0.5
2.4642494842606766 | 2 | -0.5
2.2941929766018134 | 2 | -0.5
2.2281452297608038 | 2 | -0.5
2.1974056515615445 | 2 | -0.5
2.304172334433407 | 2 | -0.5
2.5269509747616383 | 2 | -0.5
2.8198396654068643 | 2 | -0.5
3.345207505278501 | 2 | -0.5
6.92735565987415 | 2 | -0.5
6.303005250101164 | 2 | -0.5
6.11862709118325 | 2 | -0.5
6.148092151094063 | 2 | -0.5
3.075719272630199 | 2 | -0.5
2.133601164398284 | 2 | -0.5
1.573495458523544 | 2 | -0.5
1.3391696429980944 | 2 | -0.5
1.2573893032664927 | 2 | -0.5
1.1685729595258403 | 2 | -0.5
1.1515960394926055 | 2 | -0.5
1.1450904801686803 | 2 | -0.5
1.2003631512000295 | 2 | -0.5
1.2828728399727634 | 2 | -0.5
1.4423996721708081 | 2 | -0.5
1.7728175913320625 | 2 | -0.5
2.2731737722813796 | 2 | -0.5
6.057588699074094 | 2 | -0.5
5.893909328630103 | 2 | -0.5
5.933012065961321 | 2 | -0.5
6.190972509158337 | 2 | -0.5
4.203491951753152 | 2 | -0.5
3.2811709006178775 | 2 | -0.5
2.7344548768080745 | 2 | -0.5
2.4856096240795944 | 2 | -0.5
2.355724474861247 | 2 | -0.5
2.2567942675973374 | 2 | -0.5
2.3247726778701274 | 2 | -0.5
2.4912697359756466 | 2 | -0.5
2.6947219008212646 | 2 | -0.5
3.1634594318420315 | 2 | -0.5
7.24543917753313 | 2 | -0.5
6.55433895685182 | 2 | -0.5
6.119611507848479 | 2 | -0.5
6.0331906851810055 | 2 | -0.5
4.534220446068034 | 2 | -0.5
2.3782426787758397 | 2 | -0.5
1.7962062145215802 | 2 | -0.5
1.3887816743358659 | 2 | -0.5
1.1607610215755144 | 2 | -0.5
1.1152922449067646 | 2 | -0.5
1.0976883728904874 | 2 | -0.5
1.0834789035628276 | 2 | -0.5
1.1246073269769894 | 2 | -0.5
1.1823466982500916 | 2 | -0.5
1.2764638776164707 | 2 | -0.5
1.530071673388788 | 2 | -0.5
1.975269609843801 | 2 | -0.5
2.7909466629236266 | 2 | -0.5
5.886769440141777 | 2 | -0.5
5.798410044834701 | 2 | -0.5
5.90504845477379 | 2 | -0.5
5.797387492598222 | 2 | -0.5
4.066972316486439 | 2 | -0.5
3.2082801314925478 | 2 | -0.5
2.757652659004355 | 2 | -0.5
2.4815318736766914 | 2 | -0.5
2.3649180358799993 | 2 | -0.5
2.310417084395301 | 2 | -0.5
2.3725748836718297 | 2 | -0.5
2.515186032266288 | 2 | -0.5
2.7712161597279574 | 2 | -0.5
3.268234885299021 | 2 | -0.5
7.218285632445932 | 2 | -0.5
6.574478977244509 | 2 | -0.5
6.263121718878234 | 2 | -0.5
6.223918749758068 | 2 | -0.5
4.059119457744799 | 2 | -0.5
2.4414866586114723 | 2 | -0.5
1.7424921523638701 | 2 | -0.5
1.4494734980940793 | 2 | -0.5
1.2570944276757532 | 2 | -0.5
1.1566283195407292 | 2 | -0.5
1.1076269342900413 | 2 | -0.5
1.0851496238410607 | 2 | -0.5
1.175549446630705 | 2 | -0.5
1.2780248811623405 | 2 | -0.5
1.4410655467241154 | 2 | -0.5
1.7317293942754277 | 2 | -0.5
2.2476815861691617 | 2 | -0.5
5.872592266301891 | 2 | -0.5
5.695014736739336 | 2 | -0.5
5.744569319462804 | 2 | -0.5
6.066499228439023 | 2 | -0.5
4.203211697156774 | 2 | -0.5
3.2720466742599466 | 2 | -0.5
2.765226384656274 | 2 | -0.5
2.525952165845665 | 2 | -0.5
2.3443226886366695 | 2 | -0.5
2.315699779969026 | 2 | -0.5
2.389476350317103 | 2 | -0.5
2.479343625872016 | 2 | -0.5
2.742628045842809 | 2 | -0.5
3.162925191846624 | 2 | -0.5
Total reward: -406.5
-2.8, 1.5, -2.0, 0.4, -2.4, 5.6, 4.9, 0.0, -0.6, -4.1, -5.5, 2.1, -3.0, -1.3, 5.5, -2.1, 2.2, -0.4
parameter ends

state | action | reward
[1.58] | 2 | -0.5
1.508103215717007 | 2 | -0.5
1.4754037999483043 | 2 | -0.5
1.6225724495906264 | 2 | -0.5
1.7334728746619148 | 2 | -0.5
1.931344135766332 | 2 | -0.5
2.2716709285749106 | 2 | -0.5
2.05545458379473 | 2 | -0.5
1.8805627396138997 | 2 | -0.5
1.8000186731639307 | 2 | -0.5
1.8263302629084035 | 2 | -0.5
1.9233180747774448 | 2 | -0.5
2.1247720721539856 | 2 | -0.5
2.4247439970669733 | 2 | -0.5
3.0251446383757776 | 2 | -0.5
4.025974204823428 | 2 | -0.5
10.590001618924145 | 1 | -0.5
3.9572609598893402 | 2 | -0.5
6.444806850673539 | 2 | -0.5
10.365516289803342 | 1 | -0.5
6.52030589753684 | 2 | -0.5
10.355997525844243 | 1 | -0.5
6.444795375317696 | 2 | -0.5
10.401200766587234 | 1 | -0.5
6.218294460522887 | 2 | -0.5
10.37509683703092 | 1 | -0.5
5.624997054395212 | 2 | -0.5
10.41600552087153 | 1 | -0.5
5.3896505172665945 | 2 | -0.5
10.400638106399617 | 1 | -0.5
6.305336063900555 | 2 | -0.5
10.404159186903621 | 1 | -0.5
4.430947869753915 | 2 | -0.5
10.41986581749885 | 1 | -0.5
5.115041768212369 | 2 | -0.5
10.459448861872207 | 1 | -0.5
5.376413608071169 | 2 | -0.5
10.459526472212747 | 1 | -0.5
4.7006697238883355 | 2 | -0.5
10.43454729919707 | 1 | -0.5
4.260895711197596 | 2 | -0.5
10.449713847957458 | 1 | -0.5
3.4904306107323237 | 2 | -0.5
10.479027691916777 | 1 | -0.5
2.749234782750386 | 2 | -0.5
10.485299578337186 | 1 | -0.5
2.281078345831548 | 2 | -0.5
6.888684555453478 | 1 | -0.5
1.8282831884134263 | 2 | -0.5
10.52631806794179 | 1 | -0.5
1.857757241801691 | 2 | -0.5
10.500409386833974 | 1 | -200.0
Total reward: -225.5
-2.8, 1.5, -2.0, 0.4, -2.4, 5.6, 4.9, 0.0, -0.6, -4.1, -5.5, 2.1, -3.0, -1.3, 5.5, -2.1, 2.2, -0.4
parameter ends

state | action | reward
[1.64] | 2 | -0.5
1.806896701701731 | 2 | -0.5
2.138603767958131 | 2 | -0.5
2.835416011973413 | 2 | -0.5
4.100031963168423 | 2 | -0.5
8.086868020862521 | 2 | -0.5
7.9712673102754605 | 2 | -0.5
6.5679772671813295 | 2 | -0.5
3.8513980143692046 | 2 | -0.5
2.8893980241075883 | 2 | -0.5
2.3573302878290048 | 2 | -0.5
2.1053562438744198 | 2 | -0.5
1.9378589738888237 | 2 | -0.5
1.8858985816461828 | 0 | 5.0
1.9142158378799587 | 0 | 5.0
1.9458867390725378 | 0 | 5.0
1.9844199411267807 | 0 | 5.0
1.99050561855185 | 0 | 5.0
1.9801916651290763 | 0 | 5.0
2.0675578736339673 | 0 | 5.0
2.0966436690845183 | 2 | -0.5
2.0731118975697354 | 0 | 5.0
2.029982523830368 | 2 | -0.5
2.1188579672235117 | 2 | -0.5
2.2751123721757542 | 2 | -0.5
2.5558078797369554 | 2 | -0.5
3.149817219117576 | 2 | -0.5
4.223051607749025 | 2 | -0.5
5.698507838072086 | 2 | -0.5
5.465746607100066 | 2 | -0.5
5.431080730598937 | 2 | -0.5
5.615111491967106 | 2 | -0.5
2.5964336631415863 | 2 | -0.5
1.9189161582245478 | 2 | -0.5
1.6086804279029163 | 2 | -0.5
1.3788670452631187 | 2 | -0.5
1.2550405886637293 | 2 | -0.5
1.2574489454740878 | 2 | -0.5
1.287091459894114 | 2 | -0.5
1.3122398615228494 | 2 | -0.5
1.388240225037345 | 2 | -0.5
1.671759394691747 | 2 | -0.5
2.017034724250351 | 2 | -0.5
2.8595210774049535 | 2 | -0.5
6.662137562589098 | 2 | -0.5
6.592899833236184 | 2 | -0.5
6.785655683856185 | 2 | -0.5
4.8105089647538595 | 2 | -0.5
3.5326654693773665 | 2 | -0.5
2.805807237507567 | 2 | -0.5
2.5257739371458463 | 2 | -0.5
2.324541622564922 | 2 | -0.5
2.2632659726685596 | 0 | 5.0
2.2759622451721433 | 2 | -0.5
2.232782621338356 | 0 | 5.0
2.23102195245332 | 2 | -0.5
2.305325012226387 | 2 | -0.5
2.532998498809393 | 2 | -0.5
2.8353058484138978 | 2 | -0.5
3.7283239969116972 | 2 | -0.5
4.962471998193156 | 2 | -0.5
5.971776787741894 | 2 | -0.5
5.796505857412305 | 2 | -0.5
5.839704576548613 | 2 | -0.5
2.813235806846188 | 2 | -0.5
1.7736002092837047 | 2 | -0.5
1.3870191088154127 | 2 | -0.5
1.2272535531255684 | 2 | -0.5
1.0635061519389988 | 2 | -0.5
1.0678672975203012 | 2 | -0.5
1.0298875694637595 | 2 | -0.5
1.030495772907325 | 2 | -0.5
1.0598931009090728 | 2 | -0.5
1.1288068378863534 | 2 | -0.5
1.232140313094861 | 2 | -0.5
1.5068509767589335 | 2 | -0.5
2.0454176043601615 | 2 | -0.5
2.709022477620714 | 2 | -0.5
6.146813401125946 | 2 | -0.5
6.140211113311979 | 2 | -0.5
6.3852513751527225 | 2 | -0.5
5.114884156292833 | 2 | -0.5
3.7207253805269147 | 2 | -0.5
3.0240137863716443 | 2 | -0.5
2.722534014495597 | 2 | -0.5
2.4914456067590693 | 2 | -0.5
2.3942732890851657 | 2 | -0.5
2.384856426678962 | 0 | 5.0
2.371489859984621 | 2 | -0.5
2.4215670726760736 | 0 | 5.0
2.365042878533197 | 2 | -0.5
2.574148501398879 | 2 | -0.5
2.8546784352463814 | 2 | -0.5
3.4480709251392256 | 2 | -0.5
4.445696035138403 | 2 | -0.5
6.397054764407517 | 2 | -0.5
6.190305511519807 | 2 | -0.5
6.1610807902116695 | 2 | -0.5
6.293060280109495 | 2 | -0.5
2.2753780932643863 | 2 | -0.5
1.5496630000197684 | 2 | -0.5
1.3184569063448266 | 2 | -0.5
1.163095253791233 | 2 | -0.5
1.0495877509291616 | 2 | -0.5
1.033719062972646 | 2 | -0.5
1.0020056728117266 | 2 | -0.5
1.0119288301559488 | 2 | -0.5
1.0648931585096864 | 2 | -0.5
1.1746049858450516 | 2 | -0.5
1.3723408461794755 | 2 | -0.5
1.721952988248292 | 2 | -0.5
2.559578701035201 | 2 | -0.5
5.8984808661000505 | 2 | -0.5
5.839177797215662 | 2 | -0.5
5.972625599009177 | 2 | -0.5
5.675684222744218 | 2 | -0.5
4.116918873176871 | 2 | -0.5
3.300826736971208 | 2 | -0.5
2.814977965755254 | 2 | -0.5
2.5724392237206346 | 2 | -0.5
2.463686631600716 | 2 | -0.5
2.459128205394584 | 2 | -0.5
2.5587565234628546 | 0 | 5.0
2.505043848348213 | 2 | -0.5
2.6785166996232186 | 2 | -0.5
2.994614114313811 | 2 | -0.5
3.475115393364138 | 2 | -0.5
4.405513171352439 | 2 | -0.5
6.139041473652296 | 2 | -0.5
6.446179766243394 | 2 | -0.5
6.358611773870048 | 2 | -0.5
6.415031815414776 | 2 | -0.5
2.185081070352185 | 2 | -0.5
1.6248035633974416 | 2 | -0.5
1.3794572442236184 | 2 | -0.5
1.1293919903785423 | 2 | -0.5
1.0473936056150148 | 2 | -0.5
0.9855386096968152 | 2 | -0.5
0.9542138686798816 | 2 | -0.5
0.9965373887084791 | 2 | -0.5
1.0367671170097723 | 2 | -0.5
1.1359784708062972 | 2 | -0.5
1.4069425878457071 | 2 | -0.5
1.7559845189046812 | 2 | -0.5
5.8303432670602735 | 2 | -0.5
5.575198219754615 | 2 | -0.5
5.595669014618887 | 2 | -0.5
5.7657996222819135 | 2 | -0.5
5.169977603317748 | 2 | -0.5
3.855497626584487 | 2 | -0.5
3.175911192817486 | 2 | -0.5
2.77536180863294 | 2 | -0.5
2.5768558052832486 | 2 | -0.5
2.4330849498847273 | 2 | -0.5
2.443610842956582 | 2 | -0.5
2.445547799409351 | 2 | -0.5
2.6272491912690223 | 2 | -0.5
3.0038065373001777 | 2 | -0.5
3.5904903113886957 | 2 | -0.5
4.8948504575708185 | 2 | -0.5
6.724886497344509 | 2 | -0.5
6.4361537556021995 | 2 | -0.5
6.394758268116079 | 2 | -0.5
2.6702524897342785 | 2 | -0.5
1.629754688402392 | 2 | -0.5
1.275121542988723 | 2 | -0.5
1.1065100475191638 | 2 | -0.5
0.9483045836316549 | 2 | -0.5
0.9266576944076712 | 2 | -0.5
0.9217186555171758 | 2 | -0.5
0.9148129897283389 | 2 | -0.5
0.9635461251248066 | 2 | -0.5
1.0651468742219843 | 2 | -0.5
1.2281198322112055 | 2 | -0.5
1.4824978460819356 | 2 | -0.5
2.102604442978014 | 2 | -0.5
5.6940465106970395 | 2 | -0.5
5.580028892232765 | 2 | -0.5
5.599140063295734 | 2 | -0.5
5.8265570849846675 | 2 | -0.5
5.043907101943633 | 2 | -0.5
3.751959023033553 | 2 | -0.5
3.0803562153860513 | 2 | -0.5
2.7547859455453017 | 2 | -0.5
2.5749770308686273 | 2 | -0.5
2.4845895685345125 | 2 | -0.5
2.513104133811991 | 0 | 5.0
2.47495220421602 | 2 | -0.5
2.621563898770876 | 2 | -0.5
2.9651025929277535 | 2 | -0.5
3.4520741124050778 | 2 | -0.5
4.4347584583089095 | 2 | -0.5
6.04975023480393 | 2 | -0.5
6.60046291007218 | 2 | -0.5
6.463814135418553 | 2 | -0.5
6.549388587285221 | 2 | -0.5
2.315903502994343 | 2 | -0.5
1.6093743264304212 | 2 | -0.5
1.3081102378111655 | 2 | -0.5
1.1478687288650424 | 2 | -0.5
1.0420123755548871 | 2 | -0.5
1.0539504804450759 | 2 | -0.5
1.018225566354356 | 2 | -0.5
1.0174975155669532 | 2 | -0.5
1.0448789929599953 | 2 | -0.5
1.1332195605358713 | 2 | -0.5
1.2693754694281372 | 2 | -0.5
1.5548128559533039 | 2 | -0.5
2.2087660161719462 | 2 | -0.5
5.631873307595616 | 2 | -0.5
5.541056813920522 | 2 | -0.5
5.62481876922143 | 2 | -0.5
5.584522957807102 | 2 | -0.5
4.2428549293863105 | 2 | -0.5
3.4337856520712853 | 2 | -0.5
2.9243962608419163 | 2 | -0.5
2.6249888098722356 | 2 | -0.5
2.4792975775641892 | 2 | -0.5
2.392152454633145 | 2 | -0.5
2.42264117785785 | 2 | -0.5
2.5114252673547424 | 2 | -0.5
2.7846358361714456 | 2 | -0.5
3.1834097481975756 | 2 | -0.5
3.868372267835337 | 2 | -0.5
5.2517698063931695 | 2 | -0.5
6.501917041713467 | 2 | -0.5
6.375949530990482 | 2 | -0.5
6.478340351861428 | 2 | -0.5
2.317390079326485 | 2 | -0.5
1.6956388904017798 | 2 | -0.5
1.439035411459284 | 2 | -0.5
1.2118310278408386 | 2 | -0.5
1.1474626071853429 | 2 | -0.5
1.075628936587574 | 2 | -0.5
1.1123507765760379 | 2 | -0.5
1.1299231804017935 | 2 | -0.5
1.1625402383069652 | 2 | -0.5
1.3625048393478343 | 2 | -0.5
1.5525642887915672 | 2 | -0.5
2.1097000215622037 | 2 | -0.5
5.7018374689606155 | 2 | -0.5
5.5110958626133595 | 2 | -0.5
5.602706744800752 | 2 | -0.5
5.905226975017831 | 2 | -0.5
3.904857628259785 | 2 | -0.5
3.1086999567272993 | 2 | -0.5
2.677311494342773 | 2 | -0.5
2.4313315763463597 | 2 | -0.5
2.261186061806353 | 2 | -0.5
2.196182309196622 | 2 | -0.5
2.2566416004400116 | 2 | -0.5
2.3651439309541384 | 2 | -0.5
2.5209521543772055 | 2 | -0.5
2.935327552353345 | 2 | -0.5
3.7079076743234833 | 2 | -0.5
5.346514588695559 | 2 | -0.5
6.482116583585181 | 2 | -0.5
6.337560060084632 | 2 | -0.5
6.445114955941433 | 2 | -0.5
2.905894635259173 | 2 | -0.5
1.9417589079667201 | 2 | -0.5
1.492315562119937 | 2 | -0.5
1.358631876798995 | 2 | -0.5
1.2269966182223218 | 2 | -0.5
1.1822514297367481 | 2 | -0.5
1.1458838223974428 | 2 | -0.5
1.1786924448740794 | 2 | -0.5
1.3165372877659283 | 2 | -0.5
1.4056885574563784 | 2 | -0.5
1.7321446118699655 | 2 | -0.5
2.406345843682066 | 2 | -0.5
5.672218265159188 | 2 | -0.5
5.423674626309521 | 2 | -0.5
5.504217679546783 | 2 | -0.5
5.780315422186192 | 2 | -0.5
4.208916088767381 | 2 | -0.5
3.2902747589807553 | 2 | -0.5
2.766630200235989 | 2 | -0.5
2.5397607605621553 | 2 | -0.5
2.4015089841795154 | 2 | -0.5
2.278397340800616 | 2 | -0.5
2.3478405523728036 | 2 | -0.5
2.3818013535138456 | 2 | -0.5
2.5950937359150203 | 2 | -0.5
2.9357327542584586 | 2 | -0.5
3.5909403664147157 | 2 | -0.5
4.980820390375386 | 2 | -0.5
6.639023541356421 | 2 | -0.5
6.546990726288243 | 2 | -0.5
6.625224589326794 | 2 | -0.5
2.6885626028042644 | 2 | -0.5
1.881440754242138 | 2 | -0.5
1.5066423235270765 | 2 | -0.5
1.368707244371663 | 2 | -0.5
1.2361521437140528 | 2 | -0.5
1.2195792401850183 | 2 | -0.5
1.1738208126316894 | 2 | -0.5
1.2045566721076906 | 2 | -0.5
1.311810755507847 | 2 | -0.5
1.43150531890547 | 2 | -0.5
1.71655725559219 | 2 | -0.5
2.214515943933308 | 2 | -0.5
5.670198318580905 | 2 | -0.5
5.460794552159995 | 2 | -0.5
5.421727237755128 | 2 | -0.5
5.598380825578774 | 2 | -0.5
4.619436838670218 | 2 | -0.5
3.383284849508957 | 2 | -0.5
2.8086469736591138 | 2 | -0.5
2.555618168203901 | 2 | -0.5
2.276460160131737 | 2 | -0.5
2.2188828701660763 | 2 | -0.5
2.2191375369593658 | 2 | -0.5
2.2397882744814614 | 2 | -0.5
2.3964760344737357 | 2 | -0.5
2.7212847391731274 | 2 | -0.5
3.149826121303482 | 2 | -0.5
4.181225702531502 | 2 | -0.5
6.523467280308815 | 2 | -0.5
6.551475791256434 | 2 | -0.5
6.470290358434698 | 2 | -0.5
6.692881749266911 | 2 | -0.5
2.4822672107688 | 2 | -0.5
1.8786404905504406 | 2 | -0.5
1.5329522792263788 | 2 | -0.5
1.404868244660992 | 2 | -0.5
1.2926600437644162 | 2 | -0.5
1.2645813615321513 | 2 | -0.5
1.2757042952384956 | 2 | -0.5
1.3126448839107328 | 2 | -0.5
1.4097290767392847 | 2 | -0.5
1.5765767914951294 | 2 | -0.5
1.8943246256072597 | 2 | -0.5
6.01081429826129 | 2 | -0.5
5.63986328588404 | 2 | -0.5
5.545110315272755 | 2 | -0.5
5.666016716243331 | 2 | -0.5
4.760640609711875 | 2 | -0.5
3.487215946522844 | 2 | -0.5
2.918435410656212 | 2 | -0.5
2.541231371315235 | 2 | -0.5
2.3229486118906766 | 2 | -0.5
2.1786618068986936 | 2 | -0.5
2.184564819781237 | 2 | -0.5
2.184883551933597 | 2 | -0.5
2.314059196418539 | 2 | -0.5
2.5091598991858364 | 2 | -0.5
2.9428402435808363 | 2 | -0.5
3.5674749291718983 | 2 | -0.5
5.308148178657462 | 2 | -0.5
6.490953193432969 | 2 | -0.5
6.402908663234505 | 2 | -0.5
6.461540672293207 | 2 | -0.5
2.9074204603593734 | 2 | -0.5
2.196541212585605 | 2 | -0.5
1.8424347760452378 | 2 | -0.5
1.581468539960496 | 2 | -0.5
1.4355723114020238 | 2 | -0.5
1.308280878945823 | 2 | -0.5
1.309409493315813 | 2 | -0.5
1.4196035343367548 | 2 | -0.5
1.4386305370798218 | 2 | -0.5
1.5729323620631033 | 2 | -0.5
1.8591024132949465 | 2 | -0.5
2.4795908983916877 | 2 | -0.5
5.780457923084257 | 2 | -0.5
5.515773927254207 | 2 | -0.5
5.457508809375783 | 2 | -0.5
5.617961426491383 | 2 | -0.5
4.493854993510113 | 2 | -0.5
3.327738006378736 | 2 | -0.5
2.6485883311376655 | 2 | -0.5
2.2813229151739565 | 2 | -0.5
2.0540923712747614 | 2 | -0.5
1.965527825614751 | 2 | -0.5
1.944081350397612 | 2 | -0.5
2.0308198355661946 | 2 | -0.5
2.1664233721223076 | 2 | -0.5
2.358470354770398 | 2 | -0.5
2.8673931209841816 | 2 | -0.5
3.6262092697773287 | 2 | -0.5
5.336126460088132 | 2 | -0.5
6.401989329558088 | 2 | -0.5
6.375022887746471 | 2 | -0.5
6.607450196934342 | 2 | -0.5
2.852650448514965 | 2 | -0.5
2.129139360271785 | 2 | -0.5
1.7387774012209896 | 2 | -0.5
1.580061618107046 | 2 | -0.5
1.4550479083607892 | 2 | -0.5
1.3985167366281832 | 2 | -0.5
1.401241220711533 | 2 | -0.5
1.5105363624702253 | 2 | -0.5
1.7145985992783006 | 2 | -0.5
1.9040126844714513 | 2 | -0.5
2.220364223841317 | 2 | -0.5
6.10834725012972 | 2 | -0.5
5.682471226942538 | 2 | -0.5
5.538926850116059 | 2 | -0.5
5.51715230397482 | 2 | -0.5
5.691629191838948 | 2 | -0.5
4.049600933090643 | 2 | -0.5
3.031804562506926 | 2 | -0.5
2.4813112904551247 | 2 | -0.5
2.1812322856207373 | 2 | -0.5
2.048273093402618 | 2 | -0.5
2.0114027916791697 | 2 | -0.5
2.0162434580790656 | 2 | -0.5
2.1060871194854283 | 2 | -0.5
2.299032513622452 | 2 | -0.5
2.691959079315567 | 2 | -0.5
3.2853565708040238 | 2 | -0.5
4.583996378251338 | 2 | -0.5
6.609401123425174 | 2 | -0.5
6.415088432801886 | 2 | -0.5
6.485095489193496 | 2 | -0.5
6.704511856062996 | 2 | -0.5
2.6414848488357427 | 2 | -0.5
2.0197991339706736 | 2 | -0.5
1.5920385465106002 | 2 | -0.5
1.445770055876104 | 2 | -0.5
1.4049219905964454 | 2 | -0.5
1.3326459696034132 | 2 | -0.5
1.3589435443001607 | 2 | -0.5
1.4468394614817461 | 2 | -0.5
1.6232632787258057 | 2 | -0.5
1.8930079084991056 | 2 | -0.5
2.5050227667597507 | 2 | -0.5
5.836040985039965 | 2 | -0.5
5.552711225766585 | 2 | -0.5
5.535090413918602 | 2 | -0.5
5.699442433427894 | 2 | -0.5
4.646279659846666 | 2 | -0.5
3.438801188880094 | 2 | -0.5
2.652732247393297 | 2 | -0.5
2.3780043748321584 | 2 | -0.5
2.1490561392468543 | 2 | -0.5
2.0599657578267894 | 2 | -0.5
2.0887244962045375 | 2 | -0.5
2.180717785494089 | 2 | -0.5
2.341627566065464 | 2 | -0.5
2.600655023675021 | 2 | -0.5
3.2038645005838715 | 2 | -0.5
4.501529126987842 | 2 | -0.5
6.496861634470457 | 2 | -0.5
6.371171595645036 | 2 | -0.5
6.4649625616216495 | 2 | -0.5
3.12555537860134 | 2 | -0.5
2.2776960478701356 | 2 | -0.5
1.7758964686366834 | 2 | -0.5
1.5863142941247341 | 2 | -0.5
1.3896189535595755 | 2 | -0.5
1.343944163920456 | 2 | -0.5
1.394051005282778 | 2 | -0.5
1.3670450686067803 | 2 | -0.5
1.485459909045213 | 2 | -0.5
1.5464495436918584 | 2 | -0.5
1.9573815061553925 | 2 | -0.5
2.488231781587847 | 2 | -0.5
5.857816644873922 | 2 | -0.5
5.563948149176704 | 2 | -0.5
5.491309673543979 | 2 | -0.5
5.639449489510412 | 2 | -0.5
4.3965382815378895 | 2 | -0.5
3.3339424209626083 | 2 | -0.5
2.6786288703444807 | 2 | -0.5
2.3412928293339554 | 2 | -0.5
2.1090831745064453 | 2 | -0.5
2.11624242907622 | 2 | -0.5
2.082797272756197 | 2 | -0.5
2.1418668033002564 | 2 | -0.5
2.276494282023266 | 2 | -0.5
2.6270587282731093 | 2 | -0.5
3.182466668213422 | 2 | -0.5
4.25644977893097 | 2 | -0.5
6.587896015687532 | 2 | -0.5
6.3718244603593766 | 2 | -0.5
6.35258446445634 | 2 | -0.5
6.572980761284788 | 2 | -0.5
2.6723764954204237 | 2 | -0.5
1.978883572101424 | 2 | -0.5
1.6468246947500087 | 2 | -0.5
1.490608697198929 | 2 | -0.5
1.3988981653858104 | 2 | -0.5
1.3373249198744124 | 2 | -0.5
1.3552886954853924 | 2 | -0.5
1.365320357354522 | 2 | -0.5
1.4118165553074808 | 2 | -0.5
1.6336575937801803 | 2 | -0.5
1.7956083855679925 | 2 | -0.5
2.2286913700113398 | 2 | -0.5
6.060405053571094 | 2 | -0.5
5.672912293020514 | 2 | -0.5
5.6030653704820415 | 2 | -0.5
5.778522765072722 | 2 | -0.5
4.3980033512495025 | 2 | -0.5
3.219169331530429 | 2 | -0.5
2.6517545200967882 | 2 | -0.5
2.3844601401511807 | 2 | -0.5
2.143510480001948 | 2 | -0.5
2.0234329127980875 | 2 | -0.5
1.999028437847299 | 2 | -0.5
2.018555991437003 | 2 | -0.5
2.179794649206039 | 2 | -0.5
2.4248708300695228 | 2 | -0.5
2.845897703727108 | 2 | -0.5
3.455968412716707 | 2 | -0.5
4.673220280432662 | 2 | -0.5
6.4708181935007 | 2 | -0.5
6.356745519633712 | 2 | -0.5
6.457397826170395 | 2 | -0.5
3.3485562510267712 | 2 | -0.5
2.5284331089535423 | 2 | -0.5
2.017080972487183 | 2 | -0.5
1.7006494466976267 | 2 | -0.5
1.5597861554245582 | 2 | -0.5
1.510337871314551 | 2 | -0.5
1.4687681255102578 | 2 | -0.5
1.489506118325601 | 2 | -0.5
1.600126109571644 | 2 | -0.5
1.7520756418145473 | 2 | -0.5
2.0256193141691354 | 2 | -0.5
2.633670521523527 | 2 | -0.5
6.000288741366453 | 2 | -0.5
5.764556360026733 | 2 | -0.5
5.652935924607359 | 2 | -0.5
5.841919624576661 | 2 | -0.5
4.454235349997373 | 2 | -0.5
3.008847986152853 | 2 | -0.5
2.423813614281566 | 2 | -0.5
2.100867960386126 | 2 | -0.5
1.9839446011383148 | 2 | -0.5
1.9271597771467008 | 2 | -0.5
1.9312172617192405 | 2 | -0.5
2.0475816785018006 | 2 | -0.5
2.1353104626238086 | 2 | -0.5
2.5339371556426387 | 2 | -0.5
3.134644726640396 | 2 | -0.5
4.107568678398349 | 2 | -0.5
6.387279443068498 | 2 | -0.5
6.1772203262887855 | 2 | -0.5
6.2296950710093135 | 2 | -0.5
6.578633842743498 | 2 | -0.5
2.8804111758461666 | 2 | -0.5
2.2140244200201056 | 2 | -0.5
1.894494112024614 | 2 | -0.5
1.6774061930278514 | 2 | -0.5
1.5914681710841592 | 2 | -0.5
1.554760090881716 | 2 | -0.5
1.4705643767366992 | 2 | -0.5
1.5172016831159223 | 2 | -0.5
1.6139104051267943 | 2 | -0.5
1.7789571077941038 | 2 | -0.5
2.132376785804053 | 2 | -0.5
2.5869231316190167 | 2 | -0.5
6.10185174599859 | 2 | -0.5
5.792326507598641 | 2 | -0.5
5.744151695171878 | 2 | -0.5
5.922777066525974 | 2 | -0.5
4.195736465330684 | 2 | -0.5
2.9779118653159897 | 2 | -0.5
2.453177719128745 | 2 | -0.5
2.104658868840182 | 2 | -0.5
1.9819403914250242 | 2 | -0.5
1.8993364898751512 | 2 | -0.5
1.9264679022692297 | 2 | -0.5
2.040133846537737 | 2 | -0.5
2.2150616453772143 | 2 | -0.5
2.4387108219993903 | 2 | -0.5
3.050050563756008 | 2 | -0.5
3.8471754626024923 | 2 | -0.5
6.054340970793445 | 2 | -0.5
6.117834626708511 | 2 | -0.5
6.18168338780559 | 2 | -0.5
6.387622667810069 | 2 | -0.5
2.529411386357879 | 2 | -0.5
1.9903157353198095 | 2 | -0.5
1.6854244255081376 | 2 | -0.5
1.5248344588596623 | 2 | -0.5
1.3834336789859358 | 2 | -0.5
1.3531082278521103 | 2 | -0.5
1.3715979161890022 | 2 | -0.5
1.422984269032959 | 2 | -0.5
1.568912208572589 | 2 | -0.5
1.7058373686962596 | 2 | -0.5
2.019950457250117 | 2 | -0.5
2.4782537376065834 | 2 | -0.5
6.144400760261374 | 2 | -0.5
5.815568881091174 | 2 | -0.5
5.819680656541566 | 2 | -0.5
5.990647745873109 | 2 | -0.5
4.763689021790905 | 2 | -0.5
3.4379708856903384 | 2 | -0.5
2.783097506462642 | 2 | -0.5
2.425645224507987 | 2 | -0.5
2.2393158573819107 | 2 | -0.5
2.1778443308147546 | 2 | -0.5
2.127599721544248 | 2 | -0.5
2.1627382539823365 | 2 | -0.5
2.2757020636731227 | 2 | -0.5
2.5118522999326225 | 2 | -0.5
2.951093096797344 | 2 | -0.5
3.5698243983106273 | 2 | -0.5
5.2727667753578125 | 2 | -0.5
6.253960398303143 | 2 | -0.5
6.170016052565778 | 2 | -0.5
6.336288138124313 | 2 | -0.5
2.8104766242500707 | 2 | -0.5
2.0334928712135296 | 2 | -0.5
1.6479017793711954 | 2 | -0.5
1.4227061184431593 | 2 | -0.5
1.3223097644325517 | 2 | -0.5
1.2883483909355518 | 2 | -0.5
1.2647299991467598 | 2 | -0.5
1.3068999734181879 | 2 | -0.5
1.4314580940983357 | 2 | -0.5
1.6240533200227967 | 2 | -0.5
1.9553814002849033 | 2 | -0.5
2.777039918971637 | 2 | -0.5
5.693500908459652 | 2 | -0.5
5.607591129941793 | 2 | -0.5
5.719597948569006 | 2 | -0.5
4.746413493297434 | 2 | -0.5
3.290669366493662 | 2 | -0.5
2.675383768075156 | 2 | -0.5
2.3778016170580214 | 2 | -0.5
2.1840556475224657 | 2 | -0.5
2.122498203723167 | 2 | -0.5
2.1079541359753113 | 2 | -0.5
2.247345494903946 | 2 | -0.5
2.3654421286102676 | 2 | -0.5
2.691643474955677 | 2 | -0.5
3.3685245119146585 | 2 | -0.5
4.253476032185753 | 2 | -0.5
6.592729085803224 | 2 | -0.5
6.376735874967914 | 2 | -0.5
6.42829803021314 | 2 | -0.5
6.774312468669625 | 2 | -0.5
2.4989724056028972 | 2 | -0.5
1.9899325103913719 | 2 | -0.5
1.59497889139883 | 2 | -0.5
1.4718585687351804 | 2 | -0.5
1.4010946781988762 | 2 | -0.5
1.338783597097433 | 2 | -0.5
1.3915946482779329 | 2 | -0.5
1.4922103289733795 | 2 | -0.5
1.6757300054198108 | 2 | -0.5
2.1493966094653953 | 2 | -0.5
6.018263453298185 | 2 | -0.5
5.598502959579374 | 2 | -0.5
5.442520541025286 | 2 | -0.5
5.492235101028797 | 2 | -0.5
5.063060060139964 | 2 | -0.5
3.291326147663677 | 2 | -0.5
2.6923872187075264 | 2 | -0.5
2.2583865184974536 | 2 | -0.5
1.9950960526305077 | 2 | -0.5
1.9426515380745695 | 2 | -0.5
1.9122416053299107 | 2 | -0.5
1.9476236073546451 | 2 | -0.5
2.055036932201168 | 2 | -0.5
2.328295845141417 | 2 | -0.5
2.6753115994976935 | 2 | -0.5
3.515405933855049 | 2 | -0.5
5.252057325625532 | 2 | -0.5
6.481479504450921 | 2 | -0.5
6.437130050970667 | 2 | -0.5
6.637736555815559 | 2 | -0.5
2.969211044986814 | 2 | -0.5
2.16651806246291 | 2 | -0.5
1.8355862989035507 | 2 | -0.5
1.5778300866691286 | 2 | -0.5
1.5042114348153446 | 2 | -0.5
1.4529035999694766 | 2 | -0.5
1.50073791710132 | 2 | -0.5
1.532291494343564 | 2 | -0.5
1.6625538371320867 | 2 | -0.5
1.9019138987975217 | 2 | -0.5
2.253432738936795 | 2 | -0.5
2.7653522907100934 | 2 | -0.5
5.788983806395933 | 2 | -0.5
5.6083497852766016 | 2 | -0.5
5.60619225805242 | 2 | -0.5
5.835312410109319 | 2 | -0.5
3.7145363540113934 | 2 | -0.5
2.960526169308583 | 2 | -0.5
2.4769217944289426 | 2 | -0.5
2.1737771688230745 | 2 | -0.5
2.040906145364097 | 2 | -0.5
1.9785400736443604 | 2 | -0.5
1.9838332958808014 | 2 | -0.5
2.0727479442087193 | 2 | -0.5
2.2050625297907382 | 2 | -0.5
2.621881317822622 | 2 | -0.5
3.1305769079193446 | 2 | -0.5
4.480330591922886 | 2 | -0.5
6.417139653233058 | 2 | -0.5
6.254584244921009 | 2 | -0.5
6.289371183112399 | 2 | -0.5
6.523994435264183 | 2 | -0.5
2.6089948605178828 | 2 | -0.5
2.0185326731637137 | 2 | -0.5
1.7183868409595848 | 2 | -0.5
1.5122153169453918 | 2 | -0.5
1.4438390687885785 | 2 | -0.5
1.3971539635503656 | 2 | -0.5
1.3669339038505472 | 2 | -0.5
1.456891297164381 | 2 | -0.5
1.5522897173005872 | 2 | -0.5
1.7045935462384534 | 2 | -0.5
2.005215737110932 | 2 | -0.5
2.6823892248598162 | 2 | -0.5
5.845362024721119 | 2 | -0.5
5.655213510777118 | 2 | -0.5
5.7143785869942425 | 2 | -0.5
5.229424397753021 | 2 | -0.5
3.352246352589514 | 2 | -0.5
2.6247800498456337 | 2 | -0.5
2.255595944018736 | 2 | -0.5
2.1236310748301803 | 2 | -0.5
2.002857505718317 | 2 | -0.5
1.9932110301236186 | 2 | -0.5
2.0321197894379748 | 2 | -0.5
2.2223570610158805 | 2 | -0.5
2.5268165786663395 | 2 | -0.5
3.011161295946626 | 2 | -0.5
3.9755304342640545 | 2 | -0.5
6.445582237941713 | 2 | -0.5
6.1930143535144575 | 2 | -0.5
6.264376038653118 | 2 | -0.5
3.229989946095556 | 2 | -0.5
2.367174437416774 | 2 | -0.5
1.7912494829871466 | 2 | -0.5
1.581660600705186 | 2 | -0.5
1.4248344398773771 | 2 | -0.5
1.3847376355995633 | 2 | -0.5
1.3219216489107788 | 2 | -0.5
1.357759664645012 | 2 | -0.5
1.432522084874063 | 2 | -0.5
1.4985945036401302 | 2 | -0.5
1.703436426068504 | 2 | -0.5
2.01677101747837 | 2 | -0.5
2.784517377103275 | 2 | -0.5
5.939699738787095 | 2 | -0.5
5.704797418650283 | 2 | -0.5
5.73144702941154 | 2 | -0.5
5.87336035507107 | 2 | -0.5
3.823308123307183 | 2 | -0.5
2.883800550768903 | 2 | -0.5
2.523075557953991 | 2 | -0.5
2.2877936886407855 | 2 | -0.5
2.1238188078548754 | 2 | -0.5
2.0689073998705814 | 2 | -0.5
2.0974673899770324 | 2 | -0.5
2.236685139993517 | 2 | -0.5
2.451325758407016 | 2 | -0.5
2.78048567002447 | 2 | -0.5
3.383952807232707 | 2 | -0.5
5.071773692190605 | 2 | -0.5
6.330272232834497 | 2 | -0.5
6.146891960921215 | 2 | -0.5
6.297163744590026 | 2 | -0.5
3.0592241020456328 | 2 | -0.5
2.1243908366004436 | 2 | -0.5
1.828283658695789 | 2 | -0.5
1.558489688472306 | 2 | -0.5
1.4341075348793042 | 2 | -0.5
1.3925006261834874 | 2 | -0.5
1.3733469294447718 | 2 | -0.5
1.3937571605959447 | 2 | -0.5
1.4410167844675326 | 2 | -0.5
1.5421508194831874 | 2 | -0.5
1.782545552989012 | 2 | -0.5
1.987835136335241 | 2 | -0.5
2.5673727261561963 | 2 | -0.5
6.111567577242712 | 2 | -0.5
5.902301808138404 | 2 | -0.5
5.90875675240954 | 2 | -0.5
5.2510840684785505 | 2 | -0.5
3.476332679870659 | 2 | -0.5
2.7145823520567367 | 2 | -0.5
2.3305464420135826 | 2 | -0.5
2.0999317517609555 | 2 | -0.5
1.991043827126205 | 2 | -0.5
2.0118372215486366 | 2 | -0.5
2.040571939386279 | 2 | -0.5
2.244207020826407 | 2 | -0.5
2.465168569977818 | 2 | -0.5
2.861401921780526 | 2 | -0.5
3.7523956392490003 | 2 | -0.5
5.457603904547767 | 2 | -0.5
6.040682025414822 | 2 | -0.5
5.9681525462726235 | 2 | -0.5
6.120236204272807 | 2 | -0.5
6.471295336740646 | 2 | -0.5
2.218607017417422 | 2 | -0.5
1.7879116138841467 | 2 | -0.5
1.5525772387207877 | 2 | -0.5
1.4499797996140065 | 2 | -0.5
1.4573667918799862 | 2 | -0.5
1.4131912613495414 | 2 | -0.5
1.509949388573344 | 2 | -0.5
1.655358895147528 | 2 | -0.5
1.8975217935198636 | 2 | -0.5
2.2472916670799106 | 2 | -0.5
6.413063903996168 | 2 | -0.5
6.011435008410981 | 2 | -0.5
5.866766735323665 | 2 | -0.5
5.923116809318326 | 2 | -0.5
5.027915777769513 | 2 | -0.5
3.7543232986700015 | 2 | -0.5
2.886869364067747 | 2 | -0.5
2.5152648941782347 | 2 | -0.5
2.242514738853408 | 2 | -0.5
2.0978277535526972 | 2 | -0.5
1.996586439784797 | 2 | -0.5
2.029783875134248 | 2 | -0.5
2.1227130610046263 | 2 | -0.5
2.3199923862875944 | 2 | -0.5
2.573776613294873 | 2 | -0.5
3.025759931833089 | 2 | -0.5
3.9107069163484156 | 2 | -0.5
6.037857053853983 | 2 | -0.5
6.124775084160711 | 2 | -0.5
6.116530995905898 | 2 | -0.5
6.267093292073582 | 2 | -0.5
2.78420728717896 | 2 | -0.5
2.0313750888917586 | 2 | -0.5
1.7146160233379464 | 2 | -0.5
1.5248205808484023 | 2 | -0.5
1.4523422166327682 | 2 | -0.5
1.4261315661499803 | 2 | -0.5
1.4294428736102256 | 2 | -0.5
1.4870494673962138 | 2 | -0.5
1.6828349736978658 | 2 | -0.5
1.9534632459597787 | 2 | -0.5
2.381766812268831 | 2 | -0.5
6.425300832865189 | 2 | -0.5
5.9904744887288555 | 2 | -0.5
5.863871005199383 | 2 | -0.5
5.966321608480527 | 2 | -0.5
5.166256202038208 | 2 | -0.5
3.603889117577596 | 2 | -0.5
2.8236335949231783 | 2 | -0.5
2.394572185622414 | 2 | -0.5
2.173347336000207 | 2 | -0.5
2.057858695379036 | 2 | -0.5
1.9939848121133839 | 2 | -0.5
2.0306969816098204 | 2 | -0.5
2.160112635175041 | 2 | -0.5
2.3206355857898924 | 2 | -0.5
2.5361153359423207 | 2 | -0.5
3.2067986544512923 | 2 | -0.5
4.631124566662951 | 2 | -0.5
6.241213865427206 | 2 | -0.5
6.1073423018781305 | 2 | -0.5
6.237231671817875 | 2 | -0.5
6.584193488973296 | 2 | -0.5
2.432960821015255 | 2 | -0.5
1.8651930973817292 | 2 | -0.5
1.7155623336822328 | 2 | -0.5
1.587607290876806 | 2 | -0.5
1.4701605393385166 | 2 | -0.5
1.4753509669022615 | 2 | -0.5
1.5138636293572134 | 2 | -0.5
1.6186700911144236 | 2 | -0.5
1.8216516770742803 | 2 | -0.5
2.106644109073498 | 2 | -0.5
2.654684154023755 | 2 | -0.5
6.133656984281928 | 2 | -0.5
5.934090154611403 | 2 | -0.5
5.794078304359618 | 2 | -0.5
5.873484680347794 | 2 | -0.5
4.811323037121154 | 2 | -0.5
3.3162421545423073 | 2 | -0.5
2.612131631048562 | 2 | -0.5
2.2781657231470276 | 2 | -0.5
2.098604231185734 | 2 | -0.5
2.021343465937884 | 2 | -0.5
1.967718131086643 | 2 | -0.5
1.9888408856820083 | 2 | -0.5
2.157735757288404 | 2 | -0.5
2.441892332649394 | 2 | -0.5
2.815350558820913 | 2 | -0.5
3.4131259749906806 | 2 | -0.5
4.930045702013782 | 2 | -0.5
6.239525156124245 | 2 | -0.5
6.145023488725288 | 2 | -0.5
6.374560599049667 | 2 | -0.5
3.128074311105392 | 2 | -0.5
2.2424400016784807 | 2 | -0.5
1.8251748163510226 | 2 | -0.5
1.579915839862566 | 2 | -0.5
1.5143774914212134 | 2 | -0.5
1.4789474074334168 | 2 | -0.5
1.4945698657511517 | 2 | -0.5
1.528686898146252 | 2 | -0.5
1.6805709068690535 | 2 | -0.5
1.8824492075831443 | 2 | -0.5
2.240663430929898 | 2 | -0.5
2.792285293683586 | 2 | -0.5
5.992853707811372 | 2 | -0.5
5.771244784151962 | 2 | -0.5
5.8204253767488945 | 2 | -0.5
5.795576702013179 | 2 | -0.5
3.7054009918398605 | 2 | -0.5
2.7311021455250177 | 2 | -0.5
2.302025450948446 | 2 | -0.5
2.067122324869397 | 2 | -0.5
1.9519011284944727 | 2 | -0.5
1.9137673047774266 | 2 | -0.5
1.937063359137023 | 2 | -0.5
1.9678104950499105 | 2 | -0.5
2.124928826951106 | 2 | -0.5
2.3808996459789333 | 2 | -0.5
2.763081101855944 | 2 | -0.5
3.648039301187628 | 2 | -0.5
6.246729704539009 | 2 | -0.5
6.148155306969164 | 2 | -0.5
6.233905665322785 | 2 | -0.5
6.4835920420900734 | 2 | -0.5
2.6480255421165784 | 2 | -0.5
2.0424252894956765 | 2 | -0.5
1.8021706453789963 | 2 | -0.5
1.6589350627615547 | 2 | -0.5
1.4881387520658025 | 2 | -0.5
1.492237262226119 | 2 | -0.5
1.5069271604899275 | 2 | -0.5
1.5940776087800004 | 2 | -0.5
1.728642031086067 | 2 | -0.5
1.999304772301372 | 2 | -0.5
2.3919130237667807 | 2 | -0.5
3.105844866658697 | 2 | -0.5
6.017736071345648 | 2 | -0.5
5.864135164938317 | 2 | -0.5
5.915786771007278 | 2 | -0.5
6.079824268625822 | 2 | -0.5
3.791212225308846 | 2 | -0.5
2.9785274234845236 | 2 | -0.5
2.484152747522818 | 2 | -0.5
2.156653570004427 | 2 | -0.5
2.0089170562558625 | 2 | -0.5
1.9567896981958481 | 2 | -0.5
1.9595627187398605 | 2 | -0.5
2.0299705028020987 | 2 | -0.5
2.1700066965249842 | 2 | -0.5
2.4645810831632384 | 2 | -0.5
3.135850871820744 | 2 | -0.5
3.981686770811789 | 2 | -0.5
6.201750114826799 | 2 | -0.5
6.176899532094838 | 2 | -0.5
6.209776946802553 | 2 | -0.5
6.613419468917714 | 2 | -0.5
2.6310389721996352 | 2 | -0.5
2.132777647317192 | 2 | -0.5
1.859959577354752 | 2 | -0.5
1.688366762466432 | 2 | -0.5
1.6195026708133675 | 2 | -0.5
1.5352648274259078 | 2 | -0.5
1.5839235593967178 | 2 | -0.5
1.6574566393212062 | 2 | -0.5
1.7847765950378278 | 2 | -0.5
2.1653402569717692 | 2 | -0.5
2.7724720362140163 | 2 | -0.5
6.073527701473942 | 2 | -0.5
5.76941174826494 | 2 | -0.5
5.693501995767925 | 2 | -0.5
5.807569265827476 | 2 | -0.5
3.943195394950607 | 2 | -0.5
2.855575447068957 | 2 | -0.5
2.245768423187092 | 2 | -0.5
1.9335311984945351 | 2 | -0.5
1.7858060479188789 | 2 | -0.5
1.6846432601067831 | 2 | -0.5
1.6971928525058027 | 2 | -0.5
1.6649149198231403 | 2 | -0.5
1.7797442204682972 | 2 | -0.5
1.9893107753534778 | 2 | -0.5
2.290699416456354 | 2 | -0.5
2.8926574113395938 | 2 | -0.5
4.264401730519533 | 2 | -0.5
6.234293982436131 | 2 | -0.5
6.1390928412151675 | 2 | -0.5
6.21961428215843 | 2 | -0.5
6.414186772714505 | 2 | -0.5
3.1970793595676232 | 2 | -0.5
2.3524852658141717 | 2 | -0.5
2.0319953388644016 | 2 | -0.5
1.7756859090569876 | 2 | -0.5
1.66586210741453 | 2 | -0.5
1.6814522514565233 | 2 | -0.5
1.675513756773063 | 2 | -0.5
1.8387943897595844 | 2 | -0.5
1.9870506725896 | 2 | -0.5
2.308159890297939 | 2 | -0.5
2.95401825907414 | 2 | -0.5
6.162599153256543 | 2 | -0.5
5.803433868457528 | 2 | -0.5
5.774561099083237 | 2 | -0.5
5.914151849938585 | 2 | -0.5
Total reward: -423.0
-2.8, 1.5, -2.0, 0.4, -2.4, 5.6, 4.9, 0.0, -0.6, -4.1, -5.5, 2.1, -3.0, -1.3, 5.5, -2.1, 2.2, -0.4
parameter ends

state | action | reward
[3.3] | 2 | -0.5
3.838257543848041 | 2 | -0.5
4.72216670192213 | 2 | -0.5
6.372741806190705 | 2 | -0.5
10.21464861234451 | 2 | -0.5
18.702733963812438 | 1 | -0.5
10.851226522989396 | 2 | -0.5
18.663830958960997 | 1 | -0.5
10.60794769722662 | 2 | -0.5
18.699941668960072 | 1 | -0.5
10.478033610527158 | 2 | -0.5
18.666930560778315 | 1 | -0.5
10.52382892170981 | 2 | -0.5
18.70369738403668 | 1 | -0.5
8.730502065923861 | 2 | -0.5
18.739923774967334 | 1 | -0.5
9.073333234344188 | 2 | -0.5
18.7414109949125 | 1 | -0.5
9.128996180357626 | 2 | -0.5
18.834765141374003 | 1 | -0.5
8.461812126914644 | 2 | -0.5
18.822399933442092 | 1 | -0.5
7.857286944310154 | 2 | -0.5
18.81569698100564 | 1 | -0.5
8.411675847875827 | 2 | -0.5
18.803036428973307 | 1 | -0.5
8.249978716769446 | 2 | -0.5
18.816482499957427 | 1 | -0.5
6.319574700495286 | 2 | -0.5
18.831882646740915 | 1 | -0.5
5.910152619488424 | 2 | -0.5
16.96981456057112 | 1 | -0.5
5.319592842637519 | 2 | -0.5
18.92030278972517 | 1 | -0.5
6.596707403819747 | 2 | -0.5
18.868285324867603 | 1 | -0.5
6.456789097622417 | 2 | -0.5
18.87919754846414 | 1 | -0.5
5.368173445052039 | 2 | -0.5
18.841405049328866 | 1 | -0.5
6.168214261265034 | 2 | -0.5
18.886344534242845 | 1 | -0.5
4.971188614772694 | 2 | -0.5
14.004948349181298 | 1 | -0.5
4.081619485568187 | 2 | -0.5
11.424123326037053 | 1 | -0.5
3.8948130282393665 | 2 | -0.5
10.003918718432118 | 1 | -0.5
3.7482202956187414 | 2 | -0.5
9.870460121423559 | 1 | -0.5
3.7677402852197432 | 2 | -0.5
15.377128949301648 | 1 | -0.5
3.171486797450007 | 2 | -0.5
7.171963546580956 | 1 | -0.5
3.0354379867159573 | 2 | -0.5
7.6621863421964544 | 1 | -0.5
2.964464012484509 | 2 | -0.5
6.2594239533698355 | 1 | -0.5
2.4468436511619465 | 2 | -0.5
4.65640840113252 | 2 | -0.5
19.024217862268394 | 1 | -0.5
3.1466579301621342 | 2 | -0.5
19.02037834331312 | 1 | -0.5
2.9262364978319537 | 2 | -0.5
19.06354324788291 | 1 | -0.5
3.060193224313287 | 2 | -0.5
19.087531373501033 | 1 | -0.5
2.6936312554071695 | 2 | -200.0
Total reward: -233.5
-2.8, 1.5, -2.0, 0.4, -2.4, 5.6, 4.9, 0.0, -0.6, -4.1, -5.5, 2.1, -3.0, -1.3, 5.5, -2.1, 2.2, -0.4
parameter ends

state | action | reward
[2.8] | 2 | -0.5
2.5133708803910992 | 2 | -0.5
2.355207502345976 | 2 | -0.5
2.3550435833429044 | 2 | -0.5
2.3090222055235428 | 2 | -0.5
2.401603765888397 | 2 | -0.5
2.5146619233162752 | 2 | -0.5
2.7438922561802026 | 2 | -0.5
2.5887319277164336 | 2 | -0.5
2.1384317429213455 | 2 | -0.5
1.9640925031154968 | 2 | -0.5
1.8880838433347908 | 2 | -0.5
1.8643237278142575 | 2 | -0.5
1.9132897314860502 | 2 | -0.5
2.0013051373448083 | 2 | -0.5
2.239650187382329 | 2 | -0.5
2.6271729707152476 | 2 | -0.5
3.2820917226220163 | 2 | -0.5
4.67534011996014 | 2 | -0.5
9.726193391832986 | 2 | -0.5
9.524576267037354 | 2 | -0.5
6.1516657386223335 | 2 | -0.5
3.445449093064427 | 2 | -0.5
2.4517542447534675 | 2 | -0.5
1.9079785194219394 | 2 | -0.5
2.1321066290605555 | 2 | -0.5
3.3315729414221416 | 2 | -0.5
10.033818159062843 | 0 | 5.0
7.809186329577149 | 0 | 5.0
8.343200616804916 | 0 | 5.0
4.211621129233082 | 0 | 5.0
2.2328907121795396 | 0 | 5.0
1.5853360134252146 | 0 | 5.0
1.5551848336944176 | 0 | 5.0
1.5673066407948866 | 0 | 5.0
1.5956725170979962 | 0 | 5.0
1.6201831256214374 | 0 | 5.0
1.5575535027493126 | 0 | 5.0
1.5703645841684057 | 0 | 5.0
1.6419603323060405 | 0 | 5.0
1.6278244375861288 | 2 | -0.5
1.6734841840891057 | 2 | -0.5
1.7627994194585341 | 2 | -0.5
1.848840941330149 | 2 | -0.5
2.1493946483436135 | 2 | -0.5
6.153187649619124 | 2 | -0.5
5.514113126479559 | 2 | -0.5
5.056253030425721 | 2 | -0.5
4.870829104058188 | 2 | -0.5
4.839727999286782 | 2 | -0.5
5.0604594168749335 | 2 | -0.5
3.176740899917968 | 2 | -0.5
2.418072285764824 | 2 | -0.5
2.1067288113401945 | 2 | -0.5
1.8763979058302993 | 2 | -0.5
1.739000415927907 | 2 | -0.5
1.732829542724018 | 2 | -0.5
1.7393741772644156 | 2 | -0.5
1.8029453841539145 | 2 | -0.5
2.025113462520282 | 2 | -0.5
2.294302261261709 | 2 | -0.5
2.8104839973774975 | 2 | -0.5
3.8879443758200147 | 2 | -0.5
7.221788082894257 | 2 | -0.5
7.045713726991858 | 2 | -0.5
7.22625382653771 | 2 | -0.5
4.261146505406898 | 2 | -0.5
3.0247893350181876 | 2 | -0.5
2.495244295176349 | 2 | -0.5
2.121257703833791 | 2 | -0.5
1.9509875330518476 | 2 | -0.5
1.8650331296945435 | 2 | -0.5
1.7926991112597328 | 0 | 5.0
1.7996799405530495 | 2 | -0.5
1.8419255388216706 | 2 | -0.5
2.01893616030949 | 2 | -0.5
2.123124383585624 | 2 | -0.5
2.576053055520145 | 2 | -0.5
5.880849454627674 | 2 | -0.5
5.361747216916202 | 2 | -0.5
5.082948733167313 | 2 | -0.5
5.036082774544082 | 2 | -0.5
5.152669825550801 | 2 | -0.5
3.5686525962444393 | 2 | -0.5
2.546844171541607 | 2 | -0.5
2.0086001063962216 | 2 | -0.5
1.769613965417437 | 2 | -0.5
1.6710664765487055 | 2 | -0.5
1.6022807408748299 | 2 | -0.5
1.6375902385395453 | 2 | -0.5
1.6710711416211717 | 2 | -0.5
1.7701545780868757 | 2 | -0.5
2.0357956904259313 | 2 | -0.5
2.3732091249408542 | 2 | -0.5
3.2398159674956823 | 2 | -0.5
7.249964311070645 | 2 | -0.5
6.952955184274022 | 2 | -0.5
6.975234308608401 | 2 | -0.5
5.769939822131157 | 2 | -0.5
3.725101949713716 | 2 | -0.5
2.798499568311035 | 2 | -0.5
2.3394993982362924 | 2 | -0.5
2.07318126380829 | 2 | -0.5
1.8880551575369104 | 2 | -0.5
1.8539451976327534 | 2 | -0.5
1.8304051117514786 | 0 | 5.0
1.8133951653490092 | 2 | -0.5
1.8241935375049354 | 2 | -0.5
2.0229402570011517 | 2 | -0.5
2.2387995479810727 | 2 | -0.5
2.750173044200204 | 2 | -0.5
5.915871851016923 | 2 | -0.5
5.503176046603379 | 2 | -0.5
5.247498069646148 | 2 | -0.5
5.227128016348175 | 2 | -0.5
4.730209724131559 | 2 | -0.5
3.1637209122596723 | 2 | -0.5
2.4113202834118144 | 2 | -0.5
2.115593982785845 | 2 | -0.5
1.8202882166325454 | 2 | -0.5
1.6401363997436869 | 2 | -0.5
1.6236575767566244 | 2 | -0.5
1.5975532559002836 | 2 | -0.5
1.6651824519522112 | 2 | -0.5
1.774752808723437 | 2 | -0.5
1.9758674242402878 | 2 | -0.5
2.339490066172439 | 2 | -0.5
2.934064608636763 | 2 | -0.5
7.152496396667945 | 2 | -0.5
6.81144447335125 | 2 | -0.5
6.660873260572872 | 2 | -0.5
6.747705498365424 | 2 | -0.5
4.8404884546274864 | 2 | -0.5
3.23428122061938 | 2 | -0.5
2.4851834805946798 | 2 | -0.5
2.1577803505551136 | 2 | -0.5
1.969128675146748 | 2 | -0.5
1.8665963479466654 | 2 | -0.5
1.8228791503120634 | 2 | -0.5
1.8694021632930704 | 2 | -0.5
1.9399186959508992 | 2 | -0.5
2.137424540833691 | 2 | -0.5
2.4140338819181872 | 2 | -0.5
6.739820461339805 | 2 | -0.5
5.898551912603434 | 2 | -0.5
5.5141281646119715 | 2 | -0.5
5.334746546347271 | 2 | -0.5
5.338579409387273 | 2 | -0.5
4.0895992360537985 | 2 | -0.5
2.6875952481522227 | 2 | -0.5
2.096435273065586 | 2 | -0.5
1.7965018841884395 | 2 | -0.5
1.6225475135826035 | 2 | -0.5
1.5672311241678907 | 2 | -0.5
1.5094153700898334 | 2 | -0.5
1.5515661133778698 | 2 | -0.5
1.6427208729372729 | 2 | -0.5
1.85603420787006 | 2 | -0.5
2.1557747112888666 | 2 | -0.5
2.6365244736014946 | 2 | -0.5
3.706644586963389 | 2 | -0.5
6.82079709080474 | 2 | -0.5
6.6781365625987 | 2 | -0.5
6.747403137293252 | 2 | -0.5
4.69953821569938 | 2 | -0.5
3.39184351314276 | 2 | -0.5
2.652733862208953 | 2 | -0.5
2.2514620370159655 | 2 | -0.5
1.9893244042526583 | 2 | -0.5
1.902673840996742 | 2 | -0.5
1.8854053349702544 | 2 | -0.5
1.9119619653462745 | 2 | -0.5
2.0534882040941578 | 2 | -0.5
2.25609932096065 | 2 | -0.5
2.6413468000234763 | 2 | -0.5
6.313412507308197 | 2 | -0.5
5.684413624991253 | 2 | -0.5
5.3946107148451095 | 2 | -0.5
5.268840900116247 | 2 | -0.5
5.342851021970282 | 2 | -0.5
3.9573932762352553 | 2 | -0.5
2.6439750480363022 | 2 | -0.5
2.0820738609701963 | 2 | -0.5
1.813750288889532 | 2 | -0.5
1.6128476336599424 | 2 | -0.5
1.5707575626873984 | 2 | -0.5
1.5532249766774355 | 2 | -0.5
1.545914498986776 | 2 | -0.5
1.6385940341995022 | 2 | -0.5
1.759721190805281 | 2 | -0.5
2.066934686617921 | 2 | -0.5
2.481884993040146 | 2 | -0.5
3.4309579677013016 | 2 | -0.5
6.854915606970603 | 2 | -0.5
6.743921044633224 | 2 | -0.5
6.853113146783549 | 2 | -0.5
4.662179262573865 | 2 | -0.5
3.233428118624606 | 2 | -0.5
2.562340554245873 | 2 | -0.5
2.167451859250028 | 2 | -0.5
1.9484951450139953 | 2 | -0.5
1.8163385901246658 | 2 | -0.5
1.8305040389919753 | 2 | -0.5
1.8942705521441134 | 2 | -0.5
2.0100034803003037 | 2 | -0.5
2.3114064815954687 | 2 | -0.5
6.572641402063929 | 2 | -0.5
5.7698588558627835 | 2 | -0.5
5.346122288239344 | 2 | -0.5
5.12960644201833 | 2 | -0.5
5.148857621023251 | 2 | -0.5
4.3870464938346405 | 2 | -0.5
2.8399865438471497 | 2 | -0.5
2.223393845986179 | 2 | -0.5
1.8076383144709598 | 2 | -0.5
1.641084305441168 | 2 | -0.5
1.5379097410767144 | 2 | -0.5
1.518585902508669 | 2 | -0.5
1.5346902368968758 | 2 | -0.5
1.5809251365664827 | 2 | -0.5
1.7111570159673193 | 2 | -0.5
1.9952846298145799 | 2 | -0.5
2.3537623420021108 | 2 | -0.5
3.206259006294663 | 2 | -0.5
6.990142048363656 | 2 | -0.5
6.753330626550947 | 2 | -0.5
6.808111680047037 | 2 | -0.5
5.112498102998056 | 2 | -0.5
3.4126515762347855 | 2 | -0.5
2.6888300195635857 | 2 | -0.5
2.1883851876393203 | 2 | -0.5
2.044122868699039 | 2 | -0.5
1.9027364934660882 | 2 | -0.5
1.8633751240115672 | 2 | -0.5
1.896125633375617 | 2 | -0.5
1.9673360588113498 | 2 | -0.5
2.1954972723833266 | 2 | -0.5
2.6123830597363984 | 2 | -0.5
5.959668517103773 | 2 | -0.5
5.477851442257462 | 2 | -0.5
5.194489154599216 | 2 | -0.5
5.123010330760736 | 2 | -0.5
5.11912529352687 | 2 | -0.5
3.109653544999452 | 2 | -0.5
2.229415272657639 | 2 | -0.5
1.9016699955866128 | 2 | -0.5
1.678680354790743 | 2 | -0.5
1.6580818869767162 | 2 | -0.5
1.582035004120966 | 2 | -0.5
1.6343654264988898 | 2 | -0.5
1.6938154635557414 | 2 | -0.5
1.9208345624476777 | 2 | -0.5
2.2802200389371174 | 2 | -0.5
2.889995895487401 | 2 | -0.5
7.259041943821962 | 2 | -0.5
6.879178341961836 | 2 | -0.5
6.825213323829381 | 2 | -0.5
6.690717703681545 | 2 | -0.5
3.7808230704946117 | 2 | -0.5
2.784872273868245 | 2 | -0.5
2.269590800244625 | 2 | -0.5
2.0083977300857425 | 2 | -0.5
1.859817687509015 | 2 | -0.5
1.8648943933173459 | 2 | -0.5
1.811971720610614 | 2 | -0.5
1.898208935068735 | 2 | -0.5
2.093344345875742 | 2 | -0.5
2.3404626545514358 | 2 | -0.5
6.442756009530555 | 2 | -0.5
5.807740735129359 | 2 | -0.5
5.3021266984065 | 2 | -0.5
5.110214558843202 | 2 | -0.5
5.0949655271447565 | 2 | -0.5
4.990503155673011 | 2 | -0.5
3.1028554968151143 | 2 | -0.5
2.385469617267164 | 2 | -0.5
1.9945592017725982 | 2 | -0.5
1.7524668777324217 | 2 | -0.5
1.6178473867691472 | 2 | -0.5
1.5922721393728099 | 2 | -0.5
1.59591783307343 | 2 | -0.5
1.6533034971530416 | 2 | -0.5
1.7239397159793242 | 2 | -0.5
2.026869497318656 | 2 | -0.5
2.526753810793673 | 2 | -0.5
3.2296057822590734 | 2 | -0.5
7.040362632988668 | 2 | -0.5
6.797986338273477 | 2 | -0.5
6.79146558850115 | 2 | -0.5
5.566163079627498 | 2 | -0.5
3.4841455615431354 | 2 | -0.5
2.7595410883509452 | 2 | -0.5
2.2438356273653417 | 2 | -0.5
2.0241096697620544 | 2 | -0.5
1.8596967404160778 | 2 | -0.5
1.8403583869897024 | 2 | -0.5
1.8402486498914477 | 2 | -0.5
1.889360501368592 | 2 | -0.5
2.0923658056479044 | 2 | -0.5
2.3903799526996505 | 2 | -0.5
2.739389322060883 | 2 | -0.5
5.886009678868333 | 2 | -0.5
5.369193516154249 | 2 | -0.5
5.21056670807038 | 2 | -0.5
5.247923592654105 | 2 | -0.5
5.217917163666054 | 2 | -0.5
2.9013012460167387 | 2 | -0.5
2.279811475724066 | 2 | -0.5
1.950953130341481 | 2 | -0.5
1.7091829784867811 | 2 | -0.5
1.5637588364346684 | 2 | -0.5
1.5741264103655406 | 2 | -0.5
1.5747667256814688 | 2 | -0.5
1.5882332098668734 | 2 | -0.5
1.7435404924171094 | 2 | -0.5
2.029792333091899 | 2 | -0.5
2.4537795208355173 | 2 | -0.5
3.6387660893175973 | 2 | -0.5
6.812487849057875 | 2 | -0.5
6.706055864581974 | 2 | -0.5
6.836413238413613 | 2 | -0.5
3.95492280221926 | 2 | -0.5
2.8806373137058796 | 2 | -0.5
2.437603502532876 | 2 | -0.5
2.1211391961458888 | 2 | -0.5
1.9685352151149669 | 2 | -0.5
1.8866113504971034 | 2 | -0.5
1.9235187120766726 | 2 | -0.5
2.0415362239056036 | 2 | -0.5
2.2180518099058366 | 2 | -0.5
2.5160964381213113 | 2 | -0.5
6.48672080914254 | 2 | -0.5
5.890028113875396 | 2 | -0.5
5.4458957425187355 | 2 | -0.5
5.298485607408751 | 2 | -0.5
5.346979141713182 | 2 | -0.5
3.6969384999591695 | 2 | -0.5
2.6389605981266238 | 2 | -0.5
1.9478804162414258 | 2 | -0.5
1.6645955563336097 | 2 | -0.5
1.5723429253852288 | 2 | -0.5
1.4806799982473744 | 2 | -0.5
1.4680698546060695 | 2 | -0.5
1.5527363593830172 | 2 | -0.5
1.6350318974431384 | 2 | -0.5
1.8565736632312326 | 2 | -0.5
2.3420258348727327 | 2 | -0.5
3.244092008515815 | 2 | -0.5
6.717418123705613 | 2 | -0.5
6.534582819430094 | 2 | -0.5
6.59319793966353 | 2 | -0.5
5.333768119527338 | 2 | -0.5
3.5208359553388364 | 2 | -0.5
2.8264191892989006 | 2 | -0.5
2.325342159947809 | 2 | -0.5
2.173167021115008 | 2 | -0.5
2.056419938942604 | 2 | -0.5
2.0207203514089076 | 2 | -0.5
2.0512499782813984 | 2 | -0.5
2.1953794739338957 | 2 | -0.5
2.3632403995057985 | 2 | -0.5
2.7915802771983946 | 2 | -0.5
6.4821328326961805 | 2 | -0.5
5.902501270854383 | 2 | -0.5
5.556842369799855 | 2 | -0.5
5.477329918930576 | 2 | -0.5
5.560107117709168 | 2 | -0.5
3.232740571553074 | 2 | -0.5
2.2688144926713716 | 2 | -0.5
1.7572830618687205 | 2 | -0.5
1.5835655993497644 | 2 | -0.5
1.4144228247150676 | 2 | -0.5
1.3568244554706455 | 2 | -0.5
1.395876171695615 | 2 | -0.5
1.3917813490169826 | 2 | -0.5
1.5673636375080229 | 2 | -0.5
1.6964347369370765 | 2 | -0.5
2.117619730614293 | 2 | -0.5
2.9480613228155588 | 2 | -0.5
6.537413248086341 | 2 | -0.5
6.384404985138738 | 2 | -0.5
6.462617017637624 | 2 | -0.5
5.177075213456481 | 2 | -0.5
3.6037865362231383 | 2 | -0.5
2.8044932558598124 | 2 | -0.5
2.3675940493501457 | 2 | -0.5
2.1903149414357617 | 2 | -0.5
2.080212036880525 | 2 | -0.5
2.0380399055916794 | 2 | -0.5
2.0964129478225892 | 2 | -0.5
2.2465851141480457 | 2 | -0.5
2.470979428122768 | 2 | -0.5
2.8427195675873813 | 2 | -0.5
6.5897367360936165 | 2 | -0.5
5.898388190709052 | 2 | -0.5
5.587328349623882 | 2 | -0.5
5.493336036409689 | 2 | -0.5
5.626370160696265 | 2 | -0.5
3.136853120167419 | 2 | -0.5
2.240848089749143 | 2 | -0.5
1.8614850730148242 | 2 | -0.5
1.5665083863902334 | 2 | -0.5
1.4845861273652803 | 2 | -0.5
1.405647729955252 | 2 | -0.5
1.419565406672855 | 2 | -0.5
1.439239340989117 | 2 | -0.5
1.5114567043618776 | 2 | -0.5
1.6875258041042278 | 2 | -0.5
1.87198973336607 | 2 | -0.5
2.2851076931754832 | 2 | -0.5
2.904124315620313 | 2 | -0.5
6.631699731205511 | 2 | -0.5
6.468555779425091 | 2 | -0.5
6.5662875381118395 | 2 | -0.5
6.163117964495867 | 2 | -0.5
3.825093354174865 | 2 | -0.5
2.972316734076199 | 2 | -0.5
2.437230245708715 | 2 | -0.5
2.2531940643396555 | 2 | -0.5
2.1607451368477655 | 2 | -0.5
2.1141494656490565 | 2 | -0.5
2.0924178598936054 | 0 | 5.0
2.0711368103002723 | 2 | -0.5
2.1553587153871696 | 2 | -0.5
2.407085737799015 | 2 | -0.5
2.74634972126463 | 2 | -0.5
6.867525732584942 | 2 | -0.5
6.198957661616468 | 2 | -0.5
5.795736715386077 | 2 | -0.5
5.724621828532356 | 2 | -0.5
4.7302420446982065 | 2 | -0.5
2.5177893949876484 | 2 | -0.5
1.8332365155680364 | 2 | -0.5
1.5727781869726836 | 2 | -0.5
1.3992138462127228 | 2 | -0.5
1.2994303822493904 | 2 | -0.5
1.2642158421521208 | 2 | -0.5
1.2386100666034905 | 2 | -0.5
1.2626863250187472 | 2 | -0.5
1.3496010762298245 | 2 | -0.5
1.54865100994474 | 2 | -0.5
1.845114827212811 | 2 | -0.5
2.317113686819123 | 2 | -0.5
3.1902747823009543 | 2 | -0.5
6.245217962652241 | 2 | -0.5
6.194356300249185 | 2 | -0.5
6.3840800692476165 | 2 | -0.5
5.481856291408289 | 2 | -0.5
3.5218802153816116 | 2 | -0.5
2.8592871580789807 | 2 | -0.5
2.4595438350578975 | 2 | -0.5
2.2583187111394203 | 2 | -0.5
2.1617021149291067 | 2 | -0.5
2.1423265710236707 | 0 | 5.0
2.1476302936536547 | 2 | -0.5
2.2531641198083374 | 2 | -0.5
2.3296032082337375 | 2 | -0.5
2.5348834253578496 | 2 | -0.5
3.0602979322495028 | 2 | -0.5
6.843250867450551 | 2 | -0.5
6.318348827312221 | 2 | -0.5
5.956832220214305 | 2 | -0.5
5.882080342105573 | 2 | -0.5
5.9354581514566025 | 2 | -0.5
3.0281476628477306 | 2 | -0.5
2.155266419212789 | 2 | -0.5
1.7078874658861711 | 2 | -0.5
1.532258656784342 | 2 | -0.5
1.3522987070391952 | 2 | -0.5
1.333325386426034 | 2 | -0.5
1.2730920632412135 | 2 | -0.5
1.292237037712647 | 2 | -0.5
1.347942961971036 | 2 | -0.5
1.4579543795291936 | 2 | -0.5
1.7069194163339083 | 2 | -0.5
2.0145560836290763 | 2 | -0.5
2.744589035479292 | 2 | -0.5
6.179093758985118 | 2 | -0.5
6.106097708268459 | 2 | -0.5
6.2447989729877555 | 2 | -0.5
5.5396481578255585 | 2 | -0.5
3.8118255184669354 | 2 | -0.5
2.9737242688610515 | 2 | -0.5
2.593072156930486 | 2 | -0.5
2.3051315811613944 | 2 | -0.5
2.1616929686354736 | 2 | -0.5
2.1166831985196177 | 2 | -0.5
2.2098366633594355 | 2 | -0.5
2.357742299374279 | 2 | -0.5
2.6999695158975507 | 2 | -0.5
3.243456455390285 | 2 | -0.5
6.440946614527332 | 2 | -0.5
6.020883453289564 | 2 | -0.5
5.793949726270461 | 2 | -0.5
5.756380815809399 | 2 | -0.5
3.5078786219807387 | 2 | -0.5
2.183135297781038 | 2 | -0.5
1.5909837131830626 | 2 | -0.5
1.3990292288794135 | 2 | -0.5
1.2089126992375212 | 2 | -0.5
1.2123070036120556 | 2 | -0.5
1.143090491935822 | 2 | -0.5
1.1586042445335385 | 2 | -0.5
1.1863627455009436 | 2 | -0.5
1.2202745544694718 | 2 | -0.5
1.382164390292611 | 2 | -0.5
1.679122530635085 | 2 | -0.5
2.1095028778904816 | 2 | -0.5
3.1831648590441355 | 2 | -0.5
6.210695235419682 | 2 | -0.5
6.198931028419137 | 2 | -0.5
6.4483329662801525 | 2 | -0.5
4.614740932096201 | 2 | -0.5
3.3221365248782697 | 2 | -0.5
2.8922395886548324 | 2 | -0.5
2.5460463516485485 | 2 | -0.5
2.449080224599631 | 2 | -0.5
2.2865513708974903 | 2 | -0.5
2.3047524846469356 | 0 | 5.0
2.2286883892453733 | 2 | -0.5
2.3491636461386913 | 2 | -0.5
2.5963776034340684 | 2 | -0.5
2.808755525555417 | 2 | -0.5
3.3608313769033424 | 2 | -0.5
6.853387809768697 | 2 | -0.5
6.323400883982442 | 2 | -0.5
6.062477772013121 | 2 | -0.5
6.054996723146851 | 2 | -0.5
3.901558437575591 | 2 | -0.5
2.5809049021831956 | 2 | -0.5
1.799659882842711 | 2 | -0.5
1.499318765104465 | 2 | -0.5
1.2794858290644953 | 2 | -0.5
1.1935628219263852 | 2 | -0.5
1.15186254032115 | 2 | -0.5
1.1333468115959684 | 2 | -0.5
1.169330053635401 | 2 | -0.5
1.2705122476278474 | 2 | -0.5
1.4035525402402873 | 2 | -0.5
1.617213106317301 | 2 | -0.5
1.9618306056325314 | 2 | -0.5
2.6952523166635993 | 2 | -0.5
5.992490327255085 | 2 | -0.5
5.938838343998122 | 2 | -0.5
6.074238245896813 | 2 | -0.5
5.166449155680933 | 2 | -0.5
3.683615181928031 | 2 | -0.5
2.964799260538397 | 2 | -0.5
2.59115905142541 | 2 | -0.5
2.4315846928023714 | 2 | -0.5
2.28119308508111 | 2 | -0.5
2.2651805440205925 | 2 | -0.5
2.3779229597645934 | 2 | -0.5
2.6653533450811433 | 2 | -0.5
2.9189931334031156 | 2 | -0.5
3.5761217395575384 | 2 | -0.5
6.694233709147109 | 2 | -0.5
6.155845722233433 | 2 | -0.5
5.965752097138874 | 2 | -0.5
6.009020008764442 | 2 | -0.5
3.1412847319657407 | 2 | -0.5
2.0409847276605526 | 2 | -0.5
1.6523968307605095 | 2 | -0.5
1.421472098287835 | 2 | -0.5
1.3032240773345747 | 2 | -0.5
1.245179229055401 | 2 | -0.5
1.2161497529605376 | 2 | -0.5
1.2074652732223017 | 2 | -0.5
1.279665957959995 | 2 | -0.5
1.4619368405104698 | 2 | -0.5
1.76077459276109 | 2 | -0.5
2.3385347397077476 | 2 | -0.5
6.166373824365599 | 2 | -0.5
5.907801453211037 | 2 | -0.5
5.841139312200901 | 2 | -0.5
5.973296274534993 | 2 | -0.5
4.798392007804488 | 2 | -0.5
3.7772624961211974 | 2 | -0.5
3.079258003216202 | 2 | -0.5
2.6528776288543034 | 2 | -0.5
2.4211545370079826 | 2 | -0.5
2.347349710425627 | 2 | -0.5
2.2849294888484786 | 2 | -0.5
2.3527726075656066 | 2 | -0.5
2.5108044512268655 | 2 | -0.5
2.7799488889886828 | 2 | -0.5
3.3230116465567967 | 2 | -0.5
7.072189587173464 | 2 | -0.5
6.48156503029241 | 2 | -0.5
6.216202376118155 | 2 | -0.5
6.118397943217895 | 2 | -0.5
4.321605520844062 | 2 | -0.5
2.6362125917844046 | 2 | -0.5
1.966545877728822 | 2 | -0.5
1.6349548234143578 | 2 | -0.5
1.3893496024502825 | 2 | -0.5
1.252501098542591 | 2 | -0.5
1.1959663484678493 | 2 | -0.5
1.2213455920181195 | 2 | -0.5
1.204371973458081 | 2 | -0.5
1.2750425352715118 | 2 | -0.5
1.4585782896431974 | 2 | -0.5
1.704872456978914 | 2 | -0.5
2.136354918252859 | 2 | -0.5
2.9663533145252945 | 2 | -0.5
5.907674526169045 | 2 | -0.5
5.8572498179100405 | 2 | -0.5
5.988358899432029 | 2 | -0.5
5.454118004456505 | 2 | -0.5
3.773743449525206 | 2 | -0.5
3.071715738192679 | 2 | -0.5
2.724670521426092 | 2 | -0.5
2.4146358727309187 | 2 | -0.5
2.2644900051947934 | 2 | -0.5
2.1531543268578917 | 2 | -0.5
2.235750387446929 | 2 | -0.5
2.375910576884705 | 2 | -0.5
2.604579857536227 | 2 | -0.5
2.9679929075694367 | 2 | -0.5
7.093132477253469 | 2 | -0.5
6.530320091250561 | 2 | -0.5
6.063511326310413 | 2 | -0.5
5.955090399095951 | 2 | -0.5
5.977344480490396 | 2 | -0.5
3.1000033222059162 | 2 | -0.5
2.0595068070838805 | 2 | -0.5
1.644474458011275 | 2 | -0.5
1.3923073091350342 | 2 | -0.5
1.2879635690336835 | 2 | -0.5
1.2171205749957195 | 2 | -0.5
1.2007480705981088 | 2 | -0.5
1.2361936447533 | 2 | -0.5
1.2857682807592234 | 2 | -0.5
1.449010187325721 | 2 | -0.5
1.6884901281327591 | 2 | -0.5
2.1685325969021543 | 2 | -0.5
6.275481558809061 | 2 | -0.5
5.970033540070912 | 2 | -0.5
5.949268211336186 | 2 | -0.5
6.2256774179258585 | 2 | -0.5
4.21257522420668 | 2 | -0.5
3.280436611822215 | 2 | -0.5
2.715793079485227 | 2 | -0.5
2.360099021805846 | 2 | -0.5
2.2487136292706236 | 2 | -0.5
2.2009956533054242 | 2 | -0.5
2.2590989883966595 | 2 | -0.5
2.4010190884204534 | 2 | -0.5
2.682996238862804 | 2 | -0.5
3.102066856697782 | 2 | -0.5
7.197847114926723 | 2 | -0.5
6.464006171115935 | 2 | -0.5
6.031488212126282 | 2 | -0.5
5.9539179373073905 | 2 | -0.5
4.517993449016267 | 2 | -0.5
2.5589845199566295 | 2 | -0.5
1.8803419286387593 | 2 | -0.5
1.503462747163477 | 2 | -0.5
1.3810209909613227 | 2 | -0.5
1.251935350266189 | 2 | -0.5
1.2478692601372328 | 2 | -0.5
1.2298111016946593 | 2 | -0.5
1.248891563110334 | 2 | -0.5
1.2956126242486012 | 2 | -0.5
1.4670065225149636 | 2 | -0.5
1.7251692800300413 | 2 | -0.5
2.244274613917118 | 2 | -0.5
6.381151330538709 | 2 | -0.5
6.106052655699649 | 2 | -0.5
6.030712279649562 | 2 | -0.5
6.193259540835703 | 2 | -0.5
4.844643372131056 | 2 | -0.5
3.445284835016292 | 2 | -0.5
2.8365515639260312 | 2 | -0.5
2.4832809135730702 | 2 | -0.5
2.271060304326245 | 2 | -0.5
2.165499464161532 | 2 | -0.5
2.196240523723332 | 2 | -0.5
2.2711496954542154 | 2 | -0.5
2.496475231717608 | 2 | -0.5
2.8311721509306906 | 2 | -0.5
3.3510422132555084 | 2 | -0.5
6.6310210192742645 | 2 | -0.5
6.186579529522958 | 2 | -0.5
5.970042521033635 | 2 | -0.5
5.958426200128313 | 2 | -0.5
3.8479177878168196 | 2 | -0.5
2.541437035281351 | 2 | -0.5
1.897903691993919 | 2 | -0.5
1.5991510017281492 | 2 | -0.5
1.4656971405940042 | 2 | -0.5
1.375666605988372 | 2 | -0.5
1.3717886164138688 | 2 | -0.5
1.391301032468974 | 2 | -0.5
1.4272169525517373 | 2 | -0.5
1.5319981622674188 | 2 | -0.5
1.688007921765838 | 2 | -0.5
1.990951789428291 | 2 | -0.5
2.607350228547576 | 2 | -0.5
6.350098116632596 | 2 | -0.5
6.081161264890487 | 2 | -0.5
6.028785029732242 | 2 | -0.5
6.222940829032992 | 2 | -0.5
4.290221097225689 | 2 | -0.5
3.187517901355874 | 2 | -0.5
2.664355091705778 | 2 | -0.5
2.3563701957366887 | 2 | -0.5
2.144781588499039 | 2 | -0.5
2.0993164644264777 | 2 | -0.5
2.048032188283464 | 2 | -0.5
2.082374881331078 | 2 | -0.5
2.2043296350105956 | 2 | -0.5
2.4506549150541104 | 2 | -0.5
2.827889073635398 | 2 | -0.5
6.934796620946842 | 2 | -0.5
6.316941827045802 | 2 | -0.5
5.935154950703549 | 2 | -0.5
5.878399764533627 | 2 | -0.5
5.920190298781603 | 2 | -0.5
3.564389756472241 | 2 | -0.5
2.3037769701941366 | 2 | -0.5
1.9485241755934102 | 2 | -0.5
1.649329407613704 | 2 | -0.5
1.4406775542712809 | 2 | -0.5
1.387382279853812 | 2 | -0.5
1.379412175411788 | 2 | -0.5
1.3894841366899697 | 2 | -0.5
1.455018743353258 | 2 | -0.5
1.5747650830688342 | 2 | -0.5
1.7557521790488408 | 2 | -0.5
2.0481290832139525 | 2 | -0.5
2.7231160591283112 | 2 | -0.5
6.435326735668013 | 2 | -0.5
6.108108986639645 | 2 | -0.5
6.064210475480573 | 2 | -0.5
6.196409804413098 | 2 | -0.5
4.606901039990134 | 2 | -0.5
3.195191583898094 | 2 | -0.5
2.5929653856602206 | 2 | -0.5
2.244360343086754 | 2 | -0.5
2.0746652575953473 | 2 | -0.5
1.9645965933522898 | 2 | -0.5
1.9913848112738946 | 2 | -0.5
2.0512374495724006 | 2 | -0.5
2.227325674233056 | 2 | -0.5
2.526397307273115 | 2 | -0.5
3.1262796972224716 | 2 | -0.5
6.307893010325283 | 2 | -0.5
5.8780209009475 | 2 | -0.5
5.756214514342228 | 2 | -0.5
4.96532201463688 | 2 | -0.5
2.7604462669684753 | 2 | -0.5
2.008413815110148 | 2 | -0.5
1.6201605016774816 | 2 | -0.5
1.4726494127238299 | 2 | -0.5
1.4107356663334147 | 2 | -0.5
1.3324568828326533 | 2 | -0.5
1.3245615202608771 | 2 | -0.5
1.4344571603539247 | 2 | -0.5
1.5444822377111866 | 2 | -0.5
1.7909388240182336 | 2 | -0.5
2.204341910109941 | 2 | -0.5
3.041726602371366 | 2 | -0.5
6.176809909882919 | 2 | -0.5
6.083685479875107 | 2 | -0.5
6.263380964970259 | 2 | -0.5
4.382483234465614 | 2 | -0.5
3.3296896031560834 | 2 | -0.5
2.6850939441855886 | 2 | -0.5
2.409551654802854 | 2 | -0.5
2.206598024019017 | 2 | -0.5
2.1381978433318776 | 2 | -0.5
2.122487413711743 | 2 | -0.5
2.1742581728603816 | 2 | -0.5
2.3047285983697754 | 2 | -0.5
2.596641042070307 | 2 | -0.5
2.9171103631333892 | 2 | -0.5
6.956657393971762 | 2 | -0.5
6.275748932970954 | 2 | -0.5
5.9762673794529455 | 2 | -0.5
5.864710480867706 | 2 | -0.5
5.919586270010668 | 2 | -0.5
3.4279979543754906 | 2 | -0.5
2.280279302302683 | 2 | -0.5
1.8192058788569045 | 2 | -0.5
1.5344052114723687 | 2 | -0.5
1.421667201323968 | 2 | -0.5
1.2736838495719471 | 2 | -0.5
1.2977223358686023 | 2 | -0.5
1.2965136080921065 | 2 | -0.5
1.3729659775513225 | 2 | -0.5
1.4706322179186921 | 2 | -0.5
1.6758024750564966 | 2 | -0.5
1.9762219032232244 | 2 | -0.5
2.805178128290512 | 2 | -0.5
6.143152573222884 | 2 | -0.5
6.022846807911611 | 2 | -0.5
6.153879869259035 | 2 | -0.5
5.190841456333996 | 2 | -0.5
3.5791269486257566 | 2 | -0.5
2.876075475693404 | 2 | -0.5
2.4083758283911783 | 2 | -0.5
2.2525783163027433 | 2 | -0.5
2.1184338614992857 | 2 | -0.5
2.054663837124532 | 2 | -0.5
2.063482182848975 | 2 | -0.5
2.1789286640614423 | 2 | -0.5
2.4027923273095166 | 2 | -0.5
2.8397284541409302 | 2 | -0.5
6.853701035927488 | 2 | -0.5
6.214463465646643 | 2 | -0.5
5.885793443029331 | 2 | -0.5
5.861482498695962 | 2 | -0.5
3.4949805555864795 | 2 | -0.5
2.2387158967819243 | 2 | -0.5
1.6576031135663851 | 2 | -0.5
1.446210069077566 | 2 | -0.5
1.2945003513800228 | 2 | -0.5
1.2726564121562476 | 2 | -0.5
1.2348073836995574 | 2 | -0.5
1.25779438431381 | 2 | -0.5
1.3692497770466507 | 2 | -0.5
1.5058670973434345 | 2 | -0.5
1.7716781398150199 | 2 | -0.5
2.1110420505755547 | 2 | -0.5
2.966283678779467 | 2 | -0.5
6.165228314440615 | 2 | -0.5
6.107417895704451 | 2 | -0.5
6.253763597120006 | 2 | -0.5
4.5579423737218 | 2 | -0.5
3.2464323222920264 | 2 | -0.5
2.772909076951339 | 2 | -0.5
2.388093249258459 | 2 | -0.5
2.226834785703489 | 2 | -0.5
2.1843634448067797 | 2 | -0.5
2.13154780341688 | 2 | -0.5
2.1768381552069895 | 2 | -0.5
2.4023899208543287 | 2 | -0.5
2.72531624579206 | 2 | -0.5
3.221357978321513 | 2 | -0.5
6.583838156175963 | 2 | -0.5
6.0929996698723725 | 2 | -0.5
5.873097800548189 | 2 | -0.5
5.880293505918982 | 2 | -0.5
3.9090661605152848 | 2 | -0.5
2.3640561793787267 | 2 | -0.5
1.975687962131475 | 2 | -0.5
1.654062433306937 | 2 | -0.5
1.4862577094647054 | 2 | -0.5
1.3685866519964252 | 2 | -0.5
1.3555328115246486 | 2 | -0.5
1.383097504061517 | 2 | -0.5
1.5235289360817659 | 2 | -0.5
1.6121246303137373 | 2 | -0.5
1.8283387410384546 | 2 | -0.5
2.3030892789270285 | 2 | -0.5
3.0642784032902 | 2 | -0.5
6.219550380316946 | 2 | -0.5
6.010760140031234 | 2 | -0.5
6.12757479627011 | 2 | -0.5
5.284516129264124 | 2 | -0.5
3.4347915660138484 | 2 | -0.5
2.6418905510227795 | 2 | -0.5
2.329479103363177 | 2 | -0.5
2.1401474073409625 | 2 | -0.5
2.0718421787654284 | 2 | -0.5
2.0210098695377128 | 2 | -0.5
2.0505010174158036 | 2 | -0.5
2.2215652347986308 | 2 | -0.5
2.490343472780077 | 2 | -0.5
2.913719511730665 | 2 | -0.5
6.794605265492967 | 2 | -0.5
6.184676457175883 | 2 | -0.5
5.952770092297596 | 2 | -0.5
5.858268240635599 | 2 | -0.5
5.021931286862364 | 2 | -0.5
2.7358953697842283 | 2 | -0.5
2.1527327005013377 | 2 | -0.5
1.80935645261882 | 2 | -0.5
1.6543757335129352 | 2 | -0.5
1.531666458170999 | 2 | -0.5
1.4688471594648662 | 2 | -0.5
1.41733969704587 | 2 | -0.5
1.5174734845724602 | 2 | -0.5
1.5797520900022195 | 2 | -0.5
1.7996387890609156 | 2 | -0.5
2.114355815117785 | 2 | -0.5
2.9916482163717273 | 2 | -0.5
6.187969970424959 | 2 | -0.5
6.014732451136741 | 2 | -0.5
6.0226726560360735 | 2 | -0.5
5.5446244986777 | 2 | -0.5
3.438771917594789 | 2 | -0.5
2.7602382606460716 | 2 | -0.5
2.366026196993124 | 2 | -0.5
2.1287864387496613 | 2 | -0.5
1.9518056136145954 | 2 | -0.5
1.945037766633731 | 2 | -0.5
1.9783502958964454 | 2 | -0.5
2.006747341921501 | 2 | -0.5
2.202726867802191 | 2 | -0.5
2.5018492906606005 | 2 | -0.5
2.9771721758380103 | 2 | -0.5
6.6298546779549685 | 2 | -0.5
6.1747446414775675 | 2 | -0.5
5.926577942286309 | 2 | -0.5
6.059693618439532 | 2 | -0.5
3.528886668752412 | 2 | -0.5
2.426227511271154 | 2 | -0.5
2.1161369599662057 | 2 | -0.5
1.824300876422369 | 2 | -0.5
1.601786543623743 | 2 | -0.5
1.5067635054441983 | 2 | -0.5
1.5066538667027052 | 2 | -0.5
1.561838778654131 | 2 | -0.5
1.5619063176577581 | 2 | -0.5
1.8202705816113338 | 2 | -0.5
2.0841142171997187 | 2 | -0.5
2.646499315294067 | 2 | -0.5
6.505512589993535 | 2 | -0.5
6.15322398660334 | 2 | -0.5
5.995091838054777 | 2 | -0.5
6.009981057603088 | 2 | -0.5
5.436886651962212 | 2 | -0.5
3.5700190166250394 | 2 | -0.5
2.780961142940849 | 2 | -0.5
2.332942472919368 | 2 | -0.5
2.062817668380465 | 2 | -0.5
1.9505038800443866 | 2 | -0.5
1.9306695156644111 | 2 | -0.5
1.9238410161791395 | 2 | -0.5
2.0090901934553926 | 2 | -0.5
2.1545405177337704 | 2 | -0.5
2.4131937734500357 | 2 | -0.5
2.924216859525844 | 2 | -0.5
6.667106036140678 | 2 | -0.5
6.164988248518616 | 2 | -0.5
5.923676511485563 | 2 | -0.5
6.011523098594521 | 2 | -0.5
3.577797808812994 | 2 | -0.5
2.4076960136706766 | 2 | -0.5
1.9364502442180855 | 2 | -0.5
1.6327841621679928 | 2 | -0.5
1.5495252799637618 | 2 | -0.5
1.3911716406251489 | 2 | -0.5
1.4190371422884962 | 2 | -0.5
1.441910001232495 | 2 | -0.5
1.5732266516311035 | 2 | -0.5
1.6747532704897852 | 2 | -0.5
1.9576344802788124 | 2 | -0.5
2.460184912664365 | 2 | -0.5
6.300928673342539 | 2 | -0.5
6.06925135864122 | 2 | -0.5
5.913447979181795 | 2 | -0.5
5.982404256264602 | 2 | -0.5
5.125052644592075 | 2 | -0.5
3.7180403036916077 | 2 | -0.5
2.8940391347628394 | 2 | -0.5
2.4241580310402533 | 2 | -0.5
2.178874933905031 | 2 | -0.5
2.0495856519682354 | 2 | -0.5
2.002524255032302 | 2 | -0.5
2.0005420789143096 | 2 | -0.5
2.027393072299284 | 2 | -0.5
2.1847669041556252 | 2 | -0.5
2.3889302993793575 | 2 | -0.5
2.8220216009266843 | 2 | -0.5
7.027161488345235 | 2 | -0.5
6.408550188512217 | 2 | -0.5
6.064002425245846 | 2 | -0.5
6.017168568975187 | 2 | -0.5
4.447887238498643 | 2 | -0.5
2.7096826337792383 | 2 | -0.5
1.962317342686057 | 2 | -0.5
1.5702054736817215 | 2 | -0.5
1.4636691143310616 | 2 | -0.5
1.316119331781603 | 2 | -0.5
1.262253084864785 | 2 | -0.5
1.3041179278286128 | 2 | -0.5
1.356172647512904 | 2 | -0.5
1.49320498352153 | 2 | -0.5
1.6414583797691085 | 2 | -0.5
1.9617945437988218 | 2 | -0.5
2.517832344123018 | 2 | -0.5
6.162771944543754 | 2 | -0.5
5.950495389207053 | 2 | -0.5
5.903142115836274 | 2 | -0.5
6.183836269770576 | 2 | -0.5
4.330264360260961 | 2 | -0.5
3.2970282753493727 | 2 | -0.5
2.6854566740578942 | 2 | -0.5
2.332262304145468 | 2 | -0.5
2.1702572869528067 | 2 | -0.5
2.1157772912133295 | 2 | -0.5
2.1834998413089584 | 2 | -0.5
2.3015000421738856 | 2 | -0.5
2.537855557710301 | 2 | -0.5
3.009090979145128 | 2 | -0.5
6.96193488732774 | 2 | -0.5
6.405427643466856 | 2 | -0.5
Total reward: -401.0
-2.8, 1.5, -2.0, 0.4, -2.4, 5.6, 4.9, 0.0, -0.6, -4.1, -5.5, 2.1, -3.0, -1.3, 5.5, -2.1, 2.2, -0.4
parameter ends

state | action | reward
[2.02] | 2 | -0.5
1.8179181966055085 | 2 | -0.5
1.6278252650593639 | 2 | -0.5
1.5444106331550438 | 0 | 5.0
1.5492156551822696 | 0 | 5.0
1.618439029486303 | 0 | 5.0
1.6466542862924158 | 0 | 5.0
1.669383672444212 | 0 | 5.0
1.7045345349034424 | 0 | 5.0
1.7480878464642526 | 0 | 5.0
1.7611955207281056 | 0 | 5.0
1.7882491745088398 | 0 | 5.0
1.8217252689183203 | 0 | 5.0
1.8152994205034028 | 0 | 5.0
1.8884087303934058 | 0 | 5.0
1.908641922213021 | 0 | 5.0
1.9527944825149273 | 2 | -0.5
1.9413315007567804 | 0 | 5.0
1.9349196048010413 | 0 | 5.0
1.9448144751902365 | 0 | 5.0
1.891743562736335 | 0 | 5.0
1.9041417835261483 | 0 | 5.0
1.915004213845893 | 0 | 5.0
1.9165424150082848 | 0 | 5.0
1.887940923078958 | 0 | 5.0
1.908401799302624 | 0 | 5.0
1.8843214698307829 | 0 | 5.0
1.900668810664296 | 0 | 5.0
1.9539531270156945 | 0 | 5.0
1.9598649732939748 | 0 | 5.0
1.9708219033370027 | 0 | 5.0
1.999958320620243 | 0 | 5.0
2.026633306801639 | 0 | 5.0
2.009146418717698 | 0 | 5.0
2.078308577102957 | 0 | 5.0
2.080570198823811 | 0 | 5.0
2.067125253563239 | 2 | -0.5
2.0733776077070125 | 0 | 5.0
2.0470501070355294 | 0 | 5.0
2.078850486283254 | 0 | 5.0
2.0661926925508993 | 0 | 5.0
2.1010607115103626 | 0 | 5.0
2.1008079746161963 | 0 | 5.0
2.0782389435874076 | 0 | 5.0
2.063101728941589 | 0 | 5.0
2.085597654693317 | 0 | 5.0
2.076276031324642 | 0 | 5.0
2.1224802644667324 | 2 | -0.5
2.134026749959188 | 0 | 5.0
2.107909655904466 | 2 | -0.5
2.1826614018006225 | 2 | -0.5
2.4158259319099127 | 2 | -0.5
2.8088286428189106 | 2 | -0.5
3.4828112901966337 | 2 | -0.5
4.768111701152652 | 2 | -0.5
11.285134061828563 | 2 | -0.5
14.285773754292189 | 2 | -0.5
4.901287988185283 | 2 | -0.5
2.959406948872606 | 2 | -0.5
2.1952133941931526 | 2 | -0.5
1.7904643132643705 | 2 | -0.5
1.5639445078945022 | 2 | -0.5
1.4138884142152062 | 2 | -0.5
1.4122610574161594 | 0 | 5.0
1.3920076319113361 | 0 | 5.0
1.4225154941519018 | 0 | 5.0
1.4859274546766705 | 0 | 5.0
1.5193200352679215 | 0 | 5.0
1.5671504172820754 | 2 | -0.5
1.5603257926765044 | 0 | 5.0
1.55781496314315 | 0 | 5.0
1.5739000798739833 | 0 | 5.0
1.544551272106865 | 0 | 5.0
1.5612904002382495 | 0 | 5.0
1.5447251491032696 | 0 | 5.0
1.5560131614568131 | 0 | 5.0
1.568371466339937 | 0 | 5.0
1.5657341767225461 | 0 | 5.0
1.520816149317526 | 0 | 5.0
1.5442689062799502 | 0 | 5.0
1.5789008042523511 | 0 | 5.0
1.551883289693107 | 0 | 5.0
1.5153344787988268 | 0 | 5.0
1.5344756899586771 | 0 | 5.0
1.5581699514309792 | 0 | 5.0
1.5063502820400314 | 0 | 5.0
1.510512533798249 | 0 | 5.0
1.537974522979223 | 0 | 5.0
1.4967109273298163 | 0 | 5.0
1.5104897648395748 | 0 | 5.0
1.5145062035631554 | 0 | 5.0
1.522281640012321 | 0 | 5.0
1.5502303533514565 | 0 | 5.0
1.5676079460333388 | 0 | 5.0
1.5700965817898862 | 0 | 5.0
1.580259107257155 | 0 | 5.0
1.5577225363059788 | 0 | 5.0
1.6027410014117374 | 0 | 5.0
1.6367984873798667 | 0 | 5.0
1.6248031715383202 | 0 | 5.0
1.6080292378326146 | 2 | -0.5
1.6551989677804337 | 2 | -0.5
1.785260484356056 | 2 | -0.5
2.0269780993046314 | 2 | -0.5
2.465322592725212 | 2 | -0.5
3.1099878961750704 | 2 | -0.5
4.5189885213183905 | 2 | -0.5
12.483993285080166 | 2 | -0.5
13.26232492608299 | 2 | -0.5
4.985662141115461 | 2 | -0.5
3.165676289430937 | 2 | -0.5
2.519231215395299 | 2 | -0.5
2.212026386043287 | 2 | -0.5
1.9450381493828588 | 2 | -0.5
1.8483627446013482 | 2 | -0.5
1.7506565584118141 | 0 | 5.0
1.7931334341321714 | 0 | 5.0
1.8073754122764834 | 0 | 5.0
1.837282539708416 | 0 | 5.0
1.895218252198508 | 2 | -0.5
1.8769540670145544 | 0 | 5.0
1.8826830195217266 | 0 | 5.0
1.8421225728839037 | 0 | 5.0
1.879876358826622 | 0 | 5.0
1.8561967140821125 | 0 | 5.0
1.8552587253943698 | 0 | 5.0
1.8630117536408197 | 0 | 5.0
1.854205400420784 | 0 | 5.0
1.8468072163041764 | 0 | 5.0
1.8173819407532665 | 0 | 5.0
1.8239885098870392 | 0 | 5.0
1.799952511831365 | 0 | 5.0
1.8002510980699773 | 0 | 5.0
1.7485035306385237 | 0 | 5.0
1.728564997936928 | 0 | 5.0
1.7143820081304593 | 0 | 5.0
1.680054382863559 | 0 | 5.0
1.6925484126575854 | 0 | 5.0
1.6619662458194364 | 0 | 5.0
1.6903355226480614 | 0 | 5.0
1.6417765194487106 | 0 | 5.0
1.6757580942798478 | 0 | 5.0
1.6910019277814963 | 0 | 5.0
1.6509146599600364 | 0 | 5.0
1.6679263641098134 | 0 | 5.0
1.5946616039021815 | 0 | 5.0
1.612968956017431 | 2 | -0.5
1.6305827436634717 | 2 | -0.5
1.7534851137716039 | 2 | -0.5
1.9336094175315128 | 2 | -0.5
2.3925216172363153 | 2 | -0.5
2.95835400119737 | 2 | -0.5
4.506346262733729 | 2 | -0.5
13.436747376087402 | 2 | -0.5
13.35635326707534 | 2 | -0.5
6.260921288160756 | 2 | -0.5
3.7962694112000817 | 2 | -0.5
2.804090894931827 | 2 | -0.5
2.2991701571063548 | 2 | -0.5
1.993382851820939 | 2 | -0.5
1.8796349349799144 | 2 | -0.5
1.7898343200988431 | 0 | 5.0
1.8381282485131767 | 0 | 5.0
1.8646877183330386 | 2 | -0.5
1.8751888347841525 | 0 | 5.0
1.865501586567398 | 0 | 5.0
1.8771575858633187 | 0 | 5.0
1.828618745418234 | 0 | 5.0
1.8908494480834626 | 0 | 5.0
1.8379291540480593 | 0 | 5.0
1.8306631557071882 | 0 | 5.0
1.8627945473625271 | 0 | 5.0
1.841624841065362 | 0 | 5.0
1.764106202943 | 0 | 5.0
1.7922677613115663 | 0 | 5.0
1.7870934280338673 | 0 | 5.0
1.7728408608779023 | 0 | 5.0
1.7449066676555036 | 0 | 5.0
1.6821509008260733 | 0 | 5.0
1.6447451049141442 | 0 | 5.0
1.5925135719248478 | 0 | 5.0
1.6576582854080568 | 0 | 5.0
1.59355778988656 | 0 | 5.0
1.5348419804437305 | 0 | 5.0
1.5219072980702333 | 0 | 5.0
1.4838474272099362 | 0 | 5.0
1.4808821664315248 | 0 | 5.0
1.45583358493986 | 0 | 5.0
1.4617722069945236 | 0 | 5.0
1.4549404863880384 | 0 | 5.0
1.4494318633314767 | 0 | 5.0
1.4270951782480716 | 0 | 5.0
1.4680774662976037 | 2 | -0.5
1.4911051261396666 | 2 | -0.5
1.5559203017289274 | 2 | -0.5
1.8190001865509884 | 2 | -0.5
2.295625922247783 | 2 | -0.5
3.094513744649846 | 2 | -0.5
5.59579475417817 | 2 | -0.5
13.03013729598543 | 2 | -0.5
8.035244398222835 | 2 | -0.5
4.459830866627078 | 2 | -0.5
3.108410033325683 | 2 | -0.5
2.517172315817107 | 2 | -0.5
2.2644323051224715 | 2 | -0.5
2.089532685811523 | 2 | -0.5
2.0305061096234427 | 0 | 5.0
2.049181266479398 | 0 | 5.0
2.0480607546211753 | 0 | 5.0
2.0442163609631803 | 0 | 5.0
2.035690177071188 | 0 | 5.0
2.0904109004460074 | 0 | 5.0
1.9980275607801488 | 0 | 5.0
2.0421686275328694 | 0 | 5.0
2.0153495721221617 | 0 | 5.0
2.0478897267990077 | 0 | 5.0
2.0356951758800688 | 0 | 5.0
2.026595726036851 | 0 | 5.0
2.0943507774143035 | 0 | 5.0
2.0814774981420308 | 0 | 5.0
2.101636757574114 | 0 | 5.0
2.0973647209635855 | 0 | 5.0
2.143627809120444 | 0 | 5.0
2.146096523586015 | 0 | 5.0
2.216554795165251 | 2 | -0.5
2.1472017250600044 | 0 | 5.0
2.1314803779002185 | 0 | 5.0
2.173049011767833 | 0 | 5.0
2.1774958926990577 | 0 | 5.0
2.212078220182468 | 0 | 5.0
2.192200950030933 | 0 | 5.0
2.166581586721905 | 0 | 5.0
2.1518775329091158 | 0 | 5.0
2.207771654390997 | 0 | 5.0
2.1429210881207608 | 0 | 5.0
2.183392096359177 | 0 | 5.0
2.187439957272142 | 0 | 5.0
2.16095430127871 | 0 | 5.0
2.17345750572831 | 0 | 5.0
2.185599612263406 | 0 | 5.0
2.2039973700563484 | 0 | 5.0
2.163964486526174 | 2 | -0.5
2.251015912475398 | 2 | -0.5
2.357186324889094 | 2 | -0.5
2.5858567113807145 | 2 | -0.5
2.954995857703523 | 2 | -0.5
3.733259728302616 | 2 | -0.5
5.081659465746661 | 2 | -0.5
8.877595870817961 | 2 | -0.5
14.316561615998083 | 2 | -0.5
5.684953047824077 | 2 | -0.5
2.9902576560517433 | 2 | -0.5
2.065186515167285 | 2 | -0.5
1.660016761033317 | 2 | -0.5
1.4051453993603311 | 2 | -0.5
1.33199432158752 | 2 | -0.5
1.25371442269849 | 0 | 5.0
1.323205613368785 | 0 | 5.0
1.3501532743843403 | 0 | 5.0
1.375783786542985 | 0 | 5.0
1.3955759959944174 | 0 | 5.0
1.429453129892056 | 0 | 5.0
1.4572285740052688 | 0 | 5.0
1.524221419262616 | 0 | 5.0
1.5213883134550472 | 0 | 5.0
1.5801956839370221 | 0 | 5.0
1.614410713263792 | 0 | 5.0
1.6318133471115086 | 0 | 5.0
1.6201919181861062 | 0 | 5.0
1.6609707955871094 | 0 | 5.0
1.7352453436129172 | 0 | 5.0
1.7059469615966254 | 0 | 5.0
1.7437619400857476 | 0 | 5.0
1.8075566879780642 | 0 | 5.0
1.8019314624269902 | 0 | 5.0
1.8304761319485 | 0 | 5.0
1.8038717472614316 | 0 | 5.0
1.8139441036857757 | 0 | 5.0
1.8691078101152816 | 0 | 5.0
1.8891579681760924 | 0 | 5.0
1.843275506260645 | 0 | 5.0
1.8469681456253981 | 0 | 5.0
1.8466256764336535 | 0 | 5.0
1.919047901172664 | 0 | 5.0
1.8478705916457194 | 0 | 5.0
1.8801920901485898 | 0 | 5.0
1.9066140148167012 | 0 | 5.0
1.925627105835674 | 0 | 5.0
1.8938663524070694 | 0 | 5.0
1.9570330587921454 | 0 | 5.0
1.9365993012890823 | 0 | 5.0
1.91620088315673 | 0 | 5.0
1.9522142703271033 | 0 | 5.0
1.9521935383444027 | 0 | 5.0
1.9500940556605932 | 0 | 5.0
1.9280300106838315 | 0 | 5.0
1.9315810039430241 | 2 | -0.5
1.985710995813316 | 2 | -0.5
2.087056910670415 | 2 | -0.5
2.2855555374551257 | 2 | -0.5
2.7069655997386226 | 2 | -0.5
3.203230334324751 | 2 | -0.5
4.479824879686775 | 2 | -0.5
7.66850948024073 | 2 | -0.5
13.7349006609658 | 2 | -0.5
6.542371266092476 | 2 | -0.5
3.1966453400094 | 2 | -0.5
2.4259735671379685 | 2 | -0.5
1.934665514386513 | 2 | -0.5
1.6861538667169498 | 2 | -0.5
1.6013501147160731 | 2 | -0.5
1.5396561503197437 | 2 | -0.5
1.4939421829656787 | 0 | 5.0
1.5568091661891734 | 0 | 5.0
1.532305957450692 | 0 | 5.0
1.53879866683271 | 0 | 5.0
1.5467032687392235 | 0 | 5.0
1.5297919572060943 | 0 | 5.0
1.57017747936011 | 0 | 5.0
1.5779218056831628 | 0 | 5.0
1.619054136474481 | 0 | 5.0
1.6128881581794572 | 0 | 5.0
1.6397706022890775 | 0 | 5.0
1.647533994936641 | 0 | 5.0
1.594872498417529 | 0 | 5.0
1.6199359386881815 | 0 | 5.0
1.584450439182153 | 0 | 5.0
1.5636058131083537 | 0 | 5.0
1.5346212301035123 | 0 | 5.0
1.5565544549659769 | 0 | 5.0
1.5452197874287714 | 0 | 5.0
1.5457237395767083 | 0 | 5.0
1.5632679364924897 | 0 | 5.0
1.5343523913956911 | 0 | 5.0
1.5396296578122743 | 0 | 5.0
1.5532527037586321 | 0 | 5.0
1.5367835628171034 | 0 | 5.0
1.544040904816878 | 0 | 5.0
1.552987331827663 | 0 | 5.0
1.5452069380297564 | 0 | 5.0
1.5562706280920962 | 0 | 5.0
1.5245463945134372 | 0 | 5.0
1.5425737665016888 | 0 | 5.0
1.5606478395587497 | 0 | 5.0
1.5167565619371863 | 2 | -0.5
1.5904964751132353 | 2 | -0.5
1.707566242347177 | 2 | -0.5
1.836685344438166 | 2 | -0.5
2.0176153657892755 | 2 | -0.5
2.586200742403803 | 2 | -0.5
4.002750709813126 | 2 | -0.5
8.033374609174738 | 2 | -0.5
13.226394490415787 | 2 | -0.5
8.235776540837344 | 2 | -0.5
4.505980225833726 | 2 | -0.5
3.1508444549484564 | 2 | -0.5
2.4822564860442986 | 2 | -0.5
2.114853996553925 | 2 | -0.5
1.9417421571270597 | 2 | -0.5
1.854752571998128 | 0 | 5.0
1.8608113604107988 | 0 | 5.0
1.8635266510035189 | 0 | 5.0
1.8901564533076591 | 0 | 5.0
1.916735902510853 | 0 | 5.0
1.918617841806447 | 0 | 5.0
1.9047085768594296 | 0 | 5.0
1.9022876735065346 | 0 | 5.0
1.8685978518578084 | 0 | 5.0
1.912953059852398 | 0 | 5.0
1.8869086167950482 | 0 | 5.0
1.8629992427825732 | 0 | 5.0
1.8699920434768103 | 0 | 5.0
1.8278363967343947 | 0 | 5.0
1.8575200924613733 | 0 | 5.0
1.8435941787802068 | 0 | 5.0
1.8481599753435622 | 0 | 5.0
1.8234156920321862 | 0 | 5.0
1.8244040508755344 | 0 | 5.0
1.8305379424042825 | 0 | 5.0
1.7777552018418554 | 0 | 5.0
1.7669590758464537 | 0 | 5.0
1.7698778171708849 | 0 | 5.0
1.7648283543382652 | 0 | 5.0
1.7720076607095787 | 0 | 5.0
1.8057399626577573 | 0 | 5.0
1.7795096708961053 | 0 | 5.0
1.7914930727133638 | 0 | 5.0
1.784732451835183 | 0 | 5.0
1.8357793517274235 | 0 | 5.0
1.8213637938782612 | 0 | 5.0
1.8258486419079132 | 0 | 5.0
1.8519708858537505 | 2 | -0.5
1.8224703368810884 | 2 | -0.5
1.9400279144876835 | 2 | -0.5
2.108230747839208 | 2 | -0.5
2.371390674405952 | 2 | -0.5
2.8974119509764185 | 2 | -0.5
3.8866370740950593 | 2 | -0.5
6.109422307315974 | 2 | -0.5
13.648751072627133 | 2 | -0.5
13.651806560306088 | 2 | -0.5
4.982752448207772 | 2 | -0.5
3.139396664369351 | 2 | -0.5
2.5450454544059027 | 2 | -0.5
2.0591787881931913 | 2 | -0.5
1.8322686245641566 | 2 | -0.5
1.6793998688670508 | 2 | -0.5
1.5923083100609765 | 0 | 5.0
1.6235316948843852 | 0 | 5.0
1.6379620175794896 | 0 | 5.0
1.6704894485413386 | 0 | 5.0
1.656031861052116 | 0 | 5.0
1.721488794172175 | 0 | 5.0
1.7156994468460705 | 0 | 5.0
1.719324026583141 | 0 | 5.0
1.779997449516174 | 0 | 5.0
1.766493647948595 | 0 | 5.0
1.8207765025985176 | 0 | 5.0
1.8512332857730565 | 0 | 5.0
1.903624775252086 | 0 | 5.0
1.8990951782240926 | 0 | 5.0
1.943694190674761 | 0 | 5.0
1.9950831949970245 | 0 | 5.0
1.9693767497017327 | 0 | 5.0
1.996174397815029 | 0 | 5.0
2.042369670464528 | 2 | -0.5
2.0640321729689544 | 0 | 5.0
2.0201785692616516 | 0 | 5.0
2.0130123696596463 | 0 | 5.0
2.008099443621737 | 0 | 5.0
2.0434370594650475 | 0 | 5.0
2.064959668292163 | 0 | 5.0
2.057845681193142 | 0 | 5.0
2.056328089293095 | 0 | 5.0
2.0556948873775265 | 0 | 5.0
2.0311631202466356 | 0 | 5.0
2.0289666349380306 | 0 | 5.0
2.0956815798848747 | 0 | 5.0
2.085470642226659 | 0 | 5.0
2.061510679780042 | 0 | 5.0
2.080847100445665 | 0 | 5.0
2.0558222215542905 | 0 | 5.0
2.095381002930566 | 0 | 5.0
2.075908675061072 | 0 | 5.0
2.1179615733618475 | 2 | -0.5
2.083563078230646 | 2 | -0.5
2.1884634215318624 | 2 | -0.5
2.410580151665837 | 2 | -0.5
2.7761602495679725 | 2 | -0.5
3.4653455225493253 | 2 | -0.5
4.371027372264603 | 2 | -0.5
8.197037041093692 | 2 | -0.5
14.00082859741974 | 2 | -0.5
9.264692746843489 | 2 | -0.5
3.7620933583348264 | 2 | -0.5
2.5004827191379078 | 2 | -0.5
1.9913235210041926 | 2 | -0.5
1.64896483077576 | 2 | -0.5
1.484007931549191 | 2 | -0.5
1.4054671671611723 | 0 | 5.0
1.4653062423873282 | 0 | 5.0
1.4845944290860589 | 0 | 5.0
1.5133755796566746 | 0 | 5.0
1.5402969079349966 | 0 | 5.0
1.623791658528171 | 0 | 5.0
1.6589812688477803 | 0 | 5.0
1.6516630907597416 | 0 | 5.0
1.669730119157204 | 0 | 5.0
1.7467401382660626 | 0 | 5.0
1.7681661839367102 | 0 | 5.0
1.7758223201135852 | 0 | 5.0
1.80325391298598 | 0 | 5.0
1.8615911548614552 | 0 | 5.0
1.8508033525292522 | 0 | 5.0
1.9320087968089164 | 2 | -0.5
1.8815797853049339 | 0 | 5.0
1.8920590008186993 | 0 | 5.0
1.8744814001056773 | 0 | 5.0
1.8737072204867098 | 0 | 5.0
1.8352182873847795 | 0 | 5.0
1.879199323172167 | 0 | 5.0
1.8473192387824273 | 0 | 5.0
1.8569856503335596 | 0 | 5.0
1.8616396534841875 | 0 | 5.0
1.8916867134134112 | 0 | 5.0
1.9254932697661313 | 0 | 5.0
1.8901400259033148 | 0 | 5.0
1.8723453269106871 | 0 | 5.0
1.857508486132105 | 0 | 5.0
1.9080242163676495 | 0 | 5.0
1.8995456276605975 | 0 | 5.0
1.8732656396620717 | 0 | 5.0
1.88800315238472 | 0 | 5.0
1.9109489307616212 | 0 | 5.0
1.8892373760003804 | 0 | 5.0
1.9339607804383114 | 0 | 5.0
1.875530176735188 | 0 | 5.0
1.8899448659678855 | 0 | 5.0
1.8808142640033991 | 2 | -0.5
1.9407975775381738 | 2 | -0.5
2.0697459713164794 | 2 | -0.5
2.326799056243501 | 2 | -0.5
2.695676447331959 | 2 | -0.5
3.353510196848046 | 2 | -0.5
5.159026873184501 | 2 | -0.5
10.809755604728503 | 2 | -0.5
13.875639075143777 | 2 | -0.5
5.801083691461599 | 2 | -0.5
3.2587062665383875 | 2 | -0.5
2.394022445811692 | 2 | -0.5
1.923377413258648 | 2 | -0.5
1.7403709666551186 | 2 | -0.5
1.5976566460902513 | 2 | -0.5
1.6069946803147355 | 0 | 5.0
1.597976608879918 | 0 | 5.0
1.6471414200598313 | 0 | 5.0
1.645280004725613 | 0 | 5.0
1.6580672355264812 | 0 | 5.0
1.6733249304180993 | 0 | 5.0
1.6943218798961295 | 0 | 5.0
1.6597788040256312 | 0 | 5.0
1.6770341369862665 | 0 | 5.0
1.702784664620078 | 0 | 5.0
1.678819343861506 | 0 | 5.0
1.6742614543258785 | 0 | 5.0
1.6731381155201355 | 0 | 5.0
1.7135963133233572 | 0 | 5.0
1.737908049452073 | 0 | 5.0
1.7322982635933757 | 0 | 5.0
1.7703578302184564 | 0 | 5.0
1.8029845087004805 | 0 | 5.0
1.7782528481900997 | 0 | 5.0
1.835725553991878 | 0 | 5.0
1.8223750255021425 | 0 | 5.0
1.815474699889369 | 0 | 5.0
1.8609658250085672 | 0 | 5.0
1.8698226846580268 | 0 | 5.0
1.8730341428737802 | 0 | 5.0
1.839729993226044 | 0 | 5.0
1.8784790074701323 | 0 | 5.0
1.8917675495694108 | 0 | 5.0
1.9508948381183422 | 0 | 5.0
1.9403157695108073 | 0 | 5.0
1.96414711619368 | 0 | 5.0
2.034784729263804 | 0 | 5.0
2.023653646275274 | 0 | 5.0
2.0213442035953793 | 0 | 5.0
2.0714069897731973 | 0 | 5.0
2.103974682898592 | 0 | 5.0
2.1234167894997813 | 0 | 5.0
2.1454451730831763 | 2 | -0.5
2.1721055436401135 | 0 | 5.0
2.1392905598643335 | 0 | 5.0
2.1233843792495937 | 2 | -0.5
2.2389426559160808 | 2 | -0.5
2.4591833051386542 | 2 | -0.5
2.858421853156038 | 2 | -0.5
3.4358310060208073 | 2 | -0.5
5.0093749048867835 | 2 | -0.5
9.319432438135726 | 2 | -0.5
14.266756901157931 | 2 | -0.5
7.13634108589442 | 2 | -0.5
3.329786919323637 | 2 | -0.5
2.2066016884296555 | 2 | -0.5
1.8421191563677684 | 2 | -0.5
1.6349127041422018 | 2 | -0.5
1.4862786114771036 | 2 | -0.5
1.3824686126755095 | 0 | 5.0
1.455644005614368 | 0 | 5.0
1.464054697775804 | 2 | -0.5
1.4103311431794743 | 0 | 5.0
1.4903653265617895 | 0 | 5.0
1.491886672329311 | 0 | 5.0
1.497144538590691 | 0 | 5.0
1.5039298794739988 | 0 | 5.0
1.5275600673866288 | 0 | 5.0
1.5384513759746563 | 0 | 5.0
1.5640419477966065 | 0 | 5.0
1.5396076198798387 | 0 | 5.0
1.6050690900499374 | 0 | 5.0
1.6565909331245101 | 0 | 5.0
1.6115411160572621 | 0 | 5.0
1.6069498930090882 | 0 | 5.0
1.6634148414551277 | 0 | 5.0
1.7188640426398287 | 0 | 5.0
1.7054443572242612 | 0 | 5.0
1.7573041153014315 | 0 | 5.0
1.7552567681375395 | 0 | 5.0
1.7985218524468578 | 0 | 5.0
1.8160443436997697 | 0 | 5.0
1.842682221895957 | 0 | 5.0
1.9258108683359871 | 0 | 5.0
1.882522938993742 | 2 | -0.5
1.9038125979744203 | 0 | 5.0
1.86883451779357 | 0 | 5.0
1.8327349964517323 | 0 | 5.0
1.9197983503240954 | 0 | 5.0
1.8735725928977989 | 0 | 5.0
1.8360329731223466 | 0 | 5.0
1.8536234604060835 | 0 | 5.0
1.8349609679923553 | 0 | 5.0
1.8132669219312065 | 0 | 5.0
1.8209264990279423 | 0 | 5.0
1.7521111926273556 | 0 | 5.0
1.790751124010332 | 0 | 5.0
1.7369231598283472 | 0 | 5.0
1.6858859135287163 | 2 | -0.5
1.8132979832316154 | 2 | -0.5
1.931617470503887 | 2 | -0.5
2.183717086313123 | 2 | -0.5
2.8232447772641733 | 2 | -0.5
3.757730569585801 | 2 | -0.5
6.651684114687624 | 2 | -0.5
13.319986601786395 | 2 | -0.5
9.25427192817542 | 2 | -0.5
4.064407214732805 | 2 | -0.5
2.8513654483800988 | 2 | -0.5
2.4040007421279252 | 2 | -0.5
2.0332591073084227 | 2 | -0.5
1.8737760942456978 | 2 | -0.5
1.8025205933557382 | 0 | 5.0
1.7890286403112887 | 0 | 5.0
1.8334543487302886 | 0 | 5.0
1.818009370478979 | 0 | 5.0
1.8804408687734728 | 0 | 5.0
1.924297013940399 | 0 | 5.0
1.9379772967105073 | 2 | -0.5
1.9129254413566121 | 0 | 5.0
1.944653702479333 | 0 | 5.0
1.9252439258332652 | 0 | 5.0
1.916618318692537 | 0 | 5.0
1.9068154878509849 | 0 | 5.0
1.8884655171437572 | 0 | 5.0
1.8974300995239881 | 0 | 5.0
1.8757447960002132 | 0 | 5.0
1.8597237687279482 | 0 | 5.0
1.8304461534874372 | 0 | 5.0
1.7290450832164137 | 0 | 5.0
1.7771281221143729 | 0 | 5.0
1.7386553088631578 | 0 | 5.0
1.7451566204912097 | 0 | 5.0
1.7047096952541734 | 0 | 5.0
1.6714485550675062 | 0 | 5.0
1.6546971438970872 | 0 | 5.0
1.6363451924955412 | 0 | 5.0
1.619527078767337 | 0 | 5.0
1.578326578899775 | 0 | 5.0
1.5889320431464244 | 0 | 5.0
1.591560002771424 | 0 | 5.0
1.59267520930292 | 0 | 5.0
1.5585601839575876 | 0 | 5.0
1.5423244976370851 | 2 | -0.5
1.5908927946463476 | 2 | -0.5
1.799342072358162 | 2 | -0.5
2.0811443696638436 | 2 | -0.5
2.516827388365273 | 2 | -0.5
3.3254113404017924 | 2 | -0.5
6.080822001750819 | 2 | -0.5
13.0704725483389 | 2 | -0.5
9.420256501777091 | 2 | -0.5
5.259193966876175 | 2 | -0.5
3.682850889270875 | 2 | -0.5
2.8270875798804833 | 2 | -0.5
2.4312224693904425 | 2 | -0.5
2.123743258913605 | 2 | -0.5
1.9947529315724526 | 2 | -0.5
1.94108133970537 | 0 | 5.0
2.017757176464518 | 0 | 5.0
1.9848618969460892 | 0 | 5.0
1.9668833202289422 | 0 | 5.0
1.9824868526680122 | 0 | 5.0
1.9933248611056722 | 0 | 5.0
2.0302276593131907 | 0 | 5.0
2.048250696341241 | 0 | 5.0
2.0488483752389666 | 0 | 5.0
2.032132900380239 | 0 | 5.0
2.030900451273082 | 0 | 5.0
2.0834604190938673 | 0 | 5.0
2.1408706163260556 | 0 | 5.0
2.148836543865664 | 0 | 5.0
2.1322917800875083 | 0 | 5.0
2.1556609128121034 | 0 | 5.0
2.1689754561272228 | 0 | 5.0
2.171705241755957 | 0 | 5.0
2.2147795538740214 | 0 | 5.0
2.219922620060126 | 0 | 5.0
2.2135586225546033 | 0 | 5.0
2.246882193463923 | 0 | 5.0
2.262818831793095 | 0 | 5.0
2.2333376410303822 | 0 | 5.0
2.301461273391936 | 0 | 5.0
2.2903077126477376 | 0 | 5.0
2.3141627249860908 | 0 | 5.0
2.3038079248173875 | 0 | 5.0
2.2888838509706333 | 0 | 5.0
2.29514436388821 | 0 | 5.0
2.2784634619870956 | 0 | 5.0
2.2401188778665952 | 0 | 5.0
2.24002059278518 | 0 | 5.0
2.234480055486799 | 0 | 5.0
2.237185294652276 | 0 | 5.0
2.217181104025337 | 2 | -0.5
2.333331482447613 | 2 | -0.5
2.497474557571959 | 2 | -0.5
2.726716267905814 | 2 | -0.5
3.273308907197791 | 2 | -0.5
4.434471805923892 | 2 | -0.5
7.387157269089654 | 2 | -0.5
14.50968408666932 | 2 | -0.5
10.005022523510549 | 2 | -0.5
2.9856036591841644 | 2 | -0.5
1.9170567436166746 | 2 | -0.5
1.5195376674733045 | 2 | -0.5
1.2908236258467825 | 2 | -0.5
1.178303518424465 | 2 | -0.5
1.1185236584786051 | 0 | 5.0
1.1263909060404214 | 2 | -0.5
1.122507617041883 | 0 | 5.0
1.1461039664152792 | 0 | 5.0
1.1797625634038833 | 0 | 5.0
1.2142303134091619 | 0 | 5.0
1.1928735800798682 | 0 | 5.0
1.1741036433732768 | 0 | 5.0
1.1771151337586108 | 0 | 5.0
1.2263167042098748 | 0 | 5.0
1.2057816611269352 | 0 | 5.0
1.1597382563476257 | 0 | 5.0
1.1330784444835278 | 0 | 5.0
1.154859989129018 | 0 | 5.0
1.1332391725792847 | 0 | 5.0
1.1474654027640356 | 0 | 5.0
1.1157603248928551 | 0 | 5.0
1.1116405671730365 | 0 | 5.0
1.1027639482323965 | 0 | 5.0
1.0714617391815675 | 2 | -0.5
1.0811274869921559 | 2 | -0.5
1.1865323768090603 | 2 | -0.5
1.33855656378553 | 2 | -0.5
1.564608641192242 | 2 | -0.5
2.0767267896839043 | 2 | -0.5
3.0992494018200105 | 2 | -0.5
9.513925830898952 | 2 | -0.5
9.524591850947246 | 2 | -0.5
7.5484861637012965 | 2 | -0.5
4.751502157384447 | 2 | -0.5
3.522943814127704 | 2 | -0.5
2.868767674395321 | 2 | -0.5
2.5497937356702853 | 2 | -0.5
2.3691075224010096 | 2 | -0.5
2.3306056099998917 | 0 | 5.0
2.3482729379157274 | 0 | 5.0
2.3428627182704758 | 0 | 5.0
2.3540639680764266 | 0 | 5.0
2.328535028344776 | 0 | 5.0
2.3410036800366307 | 0 | 5.0
2.384087992590718 | 0 | 5.0
2.429447548984618 | 0 | 5.0
2.363781367650653 | 0 | 5.0
2.392100544371524 | 0 | 5.0
2.404232182681023 | 0 | 5.0
2.4464289202244855 | 0 | 5.0
2.4373493177053653 | 0 | 5.0
2.450610045470911 | 0 | 5.0
2.472751046715145 | 0 | 5.0
2.448219034383533 | 0 | 5.0
2.4693858196931684 | 0 | 5.0
2.522867974350952 | 0 | 5.0
2.4844426942910482 | 0 | 5.0
2.4856234456372555 | 2 | -0.5
2.533873123258307 | 0 | 5.0
2.472459520092988 | 2 | -0.5
2.6605492502701 | 2 | -0.5
2.9492707409753693 | 2 | -0.5
3.5511560790490675 | 2 | -0.5
4.427136267466859 | 2 | -0.5
5.981120779522848 | 2 | -0.5
12.040808337022296 | 2 | -0.5
14.868699387917136 | 2 | -0.5
3.469685671252438 | 2 | -0.5
1.8618801630926964 | 2 | -0.5
1.3905756259335547 | 2 | -0.5
1.143507001951113 | 2 | -0.5
1.01246926202265 | 2 | -0.5
0.9237289035706792 | 2 | -0.5
0.8984382995963014 | 0 | 5.0
0.9318488563608173 | 0 | 5.0
0.9752179189349287 | 0 | 5.0
0.9815156241129326 | 0 | 5.0
1.0226013833323522 | 0 | 5.0
1.0309989785341884 | 0 | 5.0
1.0723604615632572 | 0 | 5.0
1.0869203381971444 | 0 | 5.0
1.0744301801136666 | 0 | 5.0
1.1185704768016786 | 0 | 5.0
1.1321165732477596 | 0 | 5.0
1.147253240329404 | 0 | 5.0
1.19867284372667 | 0 | 5.0
1.2220731526354078 | 0 | 5.0
1.2109468429514885 | 0 | 5.0
1.2726954247770927 | 0 | 5.0
1.273139538698689 | 0 | 5.0
1.3128579343122435 | 0 | 5.0
1.343198324093307 | 0 | 5.0
1.32371282976196 | 0 | 5.0
1.3757418507259676 | 0 | 5.0
1.3436065347869812 | 0 | 5.0
1.3578193966813896 | 0 | 5.0
1.4427213321308539 | 0 | 5.0
1.4617466603900253 | 0 | 5.0
1.4730053658294462 | 0 | 5.0
1.5055234757029576 | 0 | 5.0
1.571555109192189 | 0 | 5.0
1.563678803798969 | 0 | 5.0
1.6398195977050947 | 0 | 5.0
1.6422077746044303 | 0 | 5.0
1.70305441340778 | 0 | 5.0
1.6788553420440815 | 0 | 5.0
1.709877443541415 | 0 | 5.0
1.740035143386971 | 2 | -0.5
1.7159933236627067 | 0 | 5.0
1.7365011116130384 | 0 | 5.0
1.7855863450847735 | 0 | 5.0
1.7134587596112119 | 0 | 5.0
1.738491400310399 | 0 | 5.0
1.70408519973655 | 0 | 5.0
1.707616045952899 | 2 | -0.5
1.8240133719504064 | 2 | -0.5
1.885017409576074 | 2 | -0.5
2.1480730459228097 | 2 | -0.5
2.6283022426179037 | 2 | -0.5
3.5633290718187176 | 2 | -0.5
5.405576214978936 | 2 | -0.5
13.608757596535197 | 2 | -0.5
13.54493496334031 | 2 | -0.5
6.178394104119902 | 2 | -0.5
3.8022067885632254 | 2 | -0.5
2.723022606934063 | 2 | -0.5
2.180783639343957 | 2 | -0.5
1.8877121476135152 | 2 | -0.5
1.7967208821310146 | 2 | -0.5
1.7580476602147708 | 0 | 5.0
1.7486421081881889 | 0 | 5.0
1.7888466409004222 | 0 | 5.0
1.8432004963838355 | 0 | 5.0
1.8382664168828862 | 0 | 5.0
1.8163528737018073 | 0 | 5.0
1.9178298752105802 | 0 | 5.0
1.9037648273188656 | 0 | 5.0
1.9176810711095176 | 0 | 5.0
1.904473125597552 | 0 | 5.0
1.9326873341412583 | 0 | 5.0
1.9808430375476909 | 0 | 5.0
2.003954122185359 | 0 | 5.0
2.0033162998603298 | 0 | 5.0
2.03762711669921 | 0 | 5.0
2.050708939254485 | 0 | 5.0
2.0937633032225134 | 0 | 5.0
2.0965525658819777 | 0 | 5.0
2.092089096187972 | 0 | 5.0
2.1771746963994953 | 0 | 5.0
2.1208765406516727 | 0 | 5.0
2.1255426751443913 | 0 | 5.0
2.1834923127994084 | 0 | 5.0
2.211166234909931 | 0 | 5.0
2.2394074081038724 | 0 | 5.0
2.2762021313344944 | 2 | -0.5
2.2778215481299684 | 0 | 5.0
2.2207375486442547 | 0 | 5.0
2.2223713699821324 | 0 | 5.0
2.1882741203292313 | 0 | 5.0
2.198477272964349 | 0 | 5.0
2.203683726680601 | 0 | 5.0
2.1766967509096715 | 0 | 5.0
2.1394481516677457 | 0 | 5.0
2.1210195813978436 | 0 | 5.0
2.0987695452321904 | 0 | 5.0
2.064237713418131 | 0 | 5.0
2.0360470727988376 | 2 | -0.5
2.1126878902612654 | 2 | -0.5
2.3292882080199946 | 2 | -0.5
2.647923711085816 | 2 | -0.5
3.4013281297857003 | 2 | -0.5
4.993476245887541 | 2 | -0.5
8.482632913366121 | 2 | -0.5
13.969486560377616 | 2 | -0.5
6.999682936179669 | 2 | -0.5
3.5754697436999816 | 2 | -0.5
2.4090808414159843 | 2 | -0.5
1.9359205731747453 | 2 | -0.5
1.696874304998952 | 2 | -0.5
1.5321399470638293 | 2 | -0.5
1.462475060946447 | 0 | 5.0
1.476328159339196 | 0 | 5.0
1.4783227953779903 | 0 | 5.0
1.531210262830083 | 0 | 5.0
1.5444302268262073 | 0 | 5.0
1.6052575167916445 | 0 | 5.0
1.5600012756434884 | 0 | 5.0
1.6272662856494522 | 0 | 5.0
1.6545873327802807 | 0 | 5.0
1.6465737236464328 | 0 | 5.0
1.652733767503949 | 0 | 5.0
1.6845515574590122 | 0 | 5.0
1.7234055944271853 | 0 | 5.0
1.6877010502131025 | 0 | 5.0
1.7447310321558744 | 0 | 5.0
1.7186562668528866 | 0 | 5.0
1.7901201740822972 | 0 | 5.0
1.7280125669040522 | 0 | 5.0
1.813840096603679 | 0 | 5.0
1.8198919743156137 | 0 | 5.0
1.806226179765785 | 0 | 5.0
1.8193146515145708 | 0 | 5.0
1.8561376502745501 | 0 | 5.0
1.864695088673999 | 0 | 5.0
1.9110090932854118 | 0 | 5.0
1.85569758488226 | 0 | 5.0
1.9001058937218998 | 0 | 5.0
1.932602625596715 | 0 | 5.0
1.9293096171932098 | 0 | 5.0
1.9121146081432505 | 0 | 5.0
1.9066032064070075 | 0 | 5.0
1.901748341349947 | 0 | 5.0
1.8501201964781986 | 0 | 5.0
1.8881496086364726 | 0 | 5.0
1.8195860921186804 | 0 | 5.0
1.8631647085392329 | 0 | 5.0
1.8325043802071743 | 2 | -0.5
1.9006671714475663 | 2 | -0.5
2.0188218220730465 | 2 | -0.5
2.258743934411669 | 2 | -0.5
2.539908997079696 | 2 | -0.5
3.362670778580697 | 2 | -0.5
5.361764548778752 | 2 | -0.5
13.807726452712322 | 2 | -0.5
13.711802111455293 | 2 | -0.5
6.773083599848369 | 2 | -0.5
3.8731488342564613 | 2 | -0.5
2.601217125839589 | 2 | -0.5
2.1350351333934374 | 2 | -0.5
1.8383332171042115 | 2 | -0.5
1.692987327602101 | 2 | -0.5
1.6495151196304023 | 2 | -0.5
1.587726362294543 | 0 | 5.0
1.5762623189615068 | 0 | 5.0
1.5927757535613727 | 0 | 5.0
1.5721354703613604 | 0 | 5.0
1.5636990733513398 | 0 | 5.0
1.573125303993392 | 0 | 5.0
1.5586877093153566 | 0 | 5.0
1.5973240011384837 | 0 | 5.0
1.5563151120041299 | 0 | 5.0
1.5294252072634422 | 0 | 5.0
1.5434999441137078 | 0 | 5.0
1.5332602771987112 | 0 | 5.0
1.548098627355937 | 0 | 5.0
1.5248050021946793 | 0 | 5.0
1.4918229354341663 | 0 | 5.0
1.5089344771989712 | 0 | 5.0
1.4992969086598227 | 0 | 5.0
1.4911585556704228 | 0 | 5.0
1.4802470692217893 | 0 | 5.0
1.4526922316581146 | 0 | 5.0
1.4849971919581786 | 0 | 5.0
1.453935334769509 | 0 | 5.0
1.4306866157020526 | 0 | 5.0
1.4164539088879888 | 0 | 5.0
1.4431080429985557 | 0 | 5.0
1.4239588925874271 | 0 | 5.0
1.4322698564651184 | 0 | 5.0
1.4223030940942976 | 0 | 5.0
1.426472209029811 | 0 | 5.0
1.4559251951865808 | 0 | 5.0
1.4393011878071953 | 0 | 5.0
1.4226872394936831 | 0 | 5.0
1.4458042420320303 | 2 | -0.5
1.4677932787357144 | 2 | -0.5
1.516280605180667 | 2 | -0.5
1.7411861324248565 | 2 | -0.5
2.007870874253307 | 2 | -0.5
2.5321512101633243 | 2 | -0.5
4.15195595675543 | 2 | -0.5
11.168126378873419 | 2 | -0.5
13.01713621557574 | 2 | -0.5
6.434514779267555 | 2 | -0.5
3.758210977593952 | 2 | -0.5
2.8105720221026447 | 2 | -0.5
2.349699973095733 | 2 | -0.5
2.038612425484694 | 2 | -0.5
1.9700612935313517 | 2 | -0.5
1.9224153466161535 | 0 | 5.0
1.912798162259544 | 0 | 5.0
1.9481605805636146 | 0 | 5.0
1.9996378881533101 | 0 | 5.0
1.9623829655381295 | 0 | 5.0
2.026254495968602 | 0 | 5.0
2.0529436306398114 | 0 | 5.0
2.070322688236784 | 0 | 5.0
2.0857159109322945 | 0 | 5.0
2.0552761262070867 | 0 | 5.0
Total reward: 3262.0
-2.8, 1.5, -2.0, 0.4, -2.4, 5.6, 4.9, 0.0, -0.6, -4.1, -5.5, 2.1, -3.0, -1.3, 5.5, -2.1, 2.2, -0.4
parameter ends

state | action | reward
[1.67] | 2 | -0.5
1.8430075434189852 | 2 | -0.5
2.166434399956904 | 2 | -0.5
2.7647659110244582 | 2 | -0.5
4.089280963027963 | 2 | -0.5
12.561045641639643 | 2 | -0.5
12.476429801039282 | 2 | -0.5
6.882896535477917 | 2 | -0.5
4.280880691267273 | 2 | -0.5
3.18697058501122 | 2 | -0.5
2.6297046982940033 | 2 | -0.5
2.2551009856407283 | 2 | -0.5
2.018473649990224 | 2 | -0.5
1.938934754063107 | 0 | 5.0
1.957675887539567 | 0 | 5.0
1.9726142535064555 | 0 | 5.0
2.0504885997440034 | 0 | 5.0
2.021067915039431 | 0 | 5.0
2.0513834857993944 | 0 | 5.0
2.029174276324903 | 0 | 5.0
2.0847187969270906 | 0 | 5.0
2.0814866108505017 | 0 | 5.0
2.096077121236716 | 0 | 5.0
2.081199859945088 | 0 | 5.0
2.116793427563155 | 0 | 5.0
2.1144319634710875 | 0 | 5.0
2.176623449118298 | 0 | 5.0
2.155384489085241 | 0 | 5.0
2.1317389383617007 | 0 | 5.0
2.1862955437786753 | 0 | 5.0
2.177882163937972 | 0 | 5.0
2.201951008743524 | 0 | 5.0
2.2228767509723477 | 0 | 5.0
2.2087962405393124 | 0 | 5.0
2.186169733013431 | 0 | 5.0
2.1764797302508336 | 0 | 5.0
2.19396646452746 | 0 | 5.0
2.229407597715316 | 0 | 5.0
2.2152352226092753 | 0 | 5.0
2.252451354465008 | 0 | 5.0
2.2141153559261633 | 0 | 5.0
2.291328015463019 | 0 | 5.0
2.303919465874695 | 0 | 5.0
2.2948228785764653 | 0 | 5.0
2.2997210753713686 | 0 | 5.0
2.370155284237943 | 0 | 5.0
2.3981626756709797 | 2 | -0.5
2.360329711140371 | 0 | 5.0
2.36950656989082 | 2 | -0.5
2.4307427194797824 | 2 | -0.5
2.6043689973551754 | 2 | -0.5
3.0549758119210835 | 2 | -0.5
3.7821870683011576 | 2 | -0.5
5.085999906475931 | 2 | -0.5
8.03638207446311 | 2 | -0.5
14.643513187728981 | 2 | -0.5
5.233307461528428 | 2 | -0.5
2.6736691972128988 | 2 | -0.5
1.8509025764428244 | 2 | -0.5
1.5336230444353092 | 2 | -0.5
1.3390306929475209 | 2 | -0.5
1.1834081818899667 | 2 | -0.5
1.1735049835338736 | 0 | 5.0
1.1800398980775502 | 0 | 5.0
1.2214517249547643 | 0 | 5.0
1.267673526816122 | 0 | 5.0
1.2849753882902308 | 0 | 5.0
1.3735629219313807 | 0 | 5.0
1.403319329790582 | 0 | 5.0
1.4017874509046715 | 0 | 5.0
1.4771896728193032 | 0 | 5.0
1.5171412089582192 | 2 | -0.5
1.4907122032348434 | 0 | 5.0
1.490901690859679 | 0 | 5.0
1.4965968493461084 | 0 | 5.0
1.498263094669145 | 0 | 5.0
1.5087202365721835 | 0 | 5.0
1.4677036387405438 | 0 | 5.0
1.481811963990186 | 0 | 5.0
1.4776280849536125 | 0 | 5.0
1.4838009487139705 | 0 | 5.0
1.500027306058629 | 0 | 5.0
1.5152769490650397 | 0 | 5.0
1.4852583842045548 | 0 | 5.0
1.466441391867355 | 0 | 5.0
1.461731289549613 | 0 | 5.0
1.4691522130060237 | 0 | 5.0
1.481038432579263 | 0 | 5.0
1.4957904971133278 | 0 | 5.0
1.4473644202883538 | 0 | 5.0
1.4201913289910344 | 0 | 5.0
1.378107238090734 | 0 | 5.0
1.447653909084109 | 0 | 5.0
1.434603714391936 | 0 | 5.0
1.423304825883741 | 0 | 5.0
1.400269171823348 | 0 | 5.0
1.3762555645453562 | 0 | 5.0
1.3976636610476536 | 0 | 5.0
1.3928475754881513 | 0 | 5.0
1.4015647026975102 | 2 | -0.5
1.422726722350344 | 2 | -0.5
1.4821802298737692 | 2 | -0.5
1.6349400888847192 | 2 | -0.5
1.8399770333047767 | 2 | -0.5
2.1529215944955373 | 2 | -0.5
2.826713499203639 | 2 | -0.5
4.715120715695338 | 2 | -0.5
12.989693155932427 | 2 | -0.5
12.969669197686295 | 2 | -0.5
6.598889982028838 | 2 | -0.5
3.804806624776697 | 2 | -0.5
2.904654168173961 | 2 | -0.5
2.4750530264184767 | 2 | -0.5
2.201823965664689 | 2 | -0.5
2.026313996224565 | 2 | -0.5
1.949829434422508 | 0 | 5.0
1.9627328888976572 | 0 | 5.0
1.993686790204469 | 0 | 5.0
1.9670851948652466 | 0 | 5.0
1.9699464856104965 | 0 | 5.0
1.9830536131548853 | 0 | 5.0
2.025370345949377 | 0 | 5.0
2.043283273127436 | 0 | 5.0
2.101882118112941 | 0 | 5.0
2.0382148814799024 | 0 | 5.0
2.0685784432460985 | 0 | 5.0
2.0571405540200915 | 0 | 5.0
2.0885271504613145 | 0 | 5.0
2.1161759408722296 | 0 | 5.0
2.158128916324342 | 0 | 5.0
2.176800318531228 | 0 | 5.0
2.1726415283839215 | 0 | 5.0
2.1888335459312747 | 0 | 5.0
2.2382575488008576 | 0 | 5.0
2.2450043681062284 | 0 | 5.0
2.2506947526144314 | 0 | 5.0
2.2933701801574573 | 0 | 5.0
2.2414285097617874 | 0 | 5.0
2.2590685941538835 | 0 | 5.0
2.3021533908786687 | 0 | 5.0
2.309237557804264 | 0 | 5.0
2.2971068950715146 | 0 | 5.0
2.2747299000473906 | 0 | 5.0
2.313180958626931 | 0 | 5.0
2.3167462176464535 | 0 | 5.0
2.3150722838998905 | 0 | 5.0
2.3390871775007085 | 0 | 5.0
2.335942467842055 | 0 | 5.0
2.330259629960559 | 0 | 5.0
2.3465465195262127 | 0 | 5.0
2.3822568519968894 | 2 | -0.5
2.396492683401221 | 0 | 5.0
2.3671509818028014 | 2 | -0.5
2.5034062478553216 | 2 | -0.5
2.8256765374079205 | 2 | -0.5
3.1858739358642953 | 2 | -0.5
4.174808056296444 | 2 | -0.5
6.09395016700707 | 2 | -0.5
12.410917665945664 | 2 | -0.5
14.636377696070609 | 2 | -0.5
4.841037660140097 | 2 | -0.5
2.4678197343936965 | 2 | -0.5
1.6926444097311433 | 2 | -0.5
1.3722572061774396 | 2 | -0.5
1.2100453049762006 | 2 | -0.5
1.1266786080023101 | 0 | 5.0
1.1765257912116283 | 2 | -0.5
1.1348078890739264 | 0 | 5.0
1.1894901462072127 | 0 | 5.0
1.1904240586450567 | 0 | 5.0
1.2001374488720131 | 0 | 5.0
1.2410258525681486 | 0 | 5.0
1.2786824349819468 | 0 | 5.0
1.2830779809494692 | 0 | 5.0
1.2864403126868522 | 0 | 5.0
1.2917817370433966 | 0 | 5.0
1.3152582162592017 | 0 | 5.0
1.3164677608593327 | 0 | 5.0
1.3558409036461112 | 0 | 5.0
1.35573911971919 | 0 | 5.0
1.4174923905791494 | 0 | 5.0
1.4098979992891991 | 0 | 5.0
1.4447001062404745 | 0 | 5.0
1.4470374818303937 | 0 | 5.0
1.4694915954072714 | 0 | 5.0
1.477712891014546 | 0 | 5.0
1.5302942556821775 | 0 | 5.0
1.5596703684038566 | 0 | 5.0
1.5161991888629098 | 0 | 5.0
1.5733781730713947 | 0 | 5.0
1.5693880489478629 | 0 | 5.0
1.5928710571997806 | 0 | 5.0
1.5894834987375293 | 0 | 5.0
1.5924546711336292 | 0 | 5.0
1.5850397061864445 | 0 | 5.0
1.6085572929161067 | 0 | 5.0
1.5797632630071625 | 0 | 5.0
1.5953857662943165 | 0 | 5.0
1.5630842367078939 | 0 | 5.0
1.634282591902606 | 0 | 5.0
1.5962915182245871 | 0 | 5.0
1.5598303273490564 | 0 | 5.0
1.5851031272069047 | 2 | -0.5
1.5956104396495776 | 2 | -0.5
1.7023274482233404 | 2 | -0.5
1.872553830482215 | 2 | -0.5
2.215730238027671 | 2 | -0.5
2.7759164034682713 | 2 | -0.5
4.2882998306417 | 2 | -0.5
9.581112614629284 | 2 | -0.5
13.134393786126031 | 2 | -0.5
6.7294992377620195 | 2 | -0.5
3.89991603967953 | 2 | -0.5
2.8726944878686353 | 2 | -0.5
2.362900198551783 | 2 | -0.5
2.069890170586772 | 2 | -0.5
1.9133956824513834 | 2 | -0.5
1.815929893169083 | 2 | -0.5
1.7785086672943422 | 0 | 5.0
1.7887578267216904 | 0 | 5.0
1.8021090050849211 | 0 | 5.0
1.7547739945913974 | 0 | 5.0
1.765460271534601 | 0 | 5.0
1.761668937678795 | 0 | 5.0
1.6993440659554953 | 0 | 5.0
1.6862226494312706 | 0 | 5.0
1.7267277413724265 | 0 | 5.0
1.6865176575983674 | 0 | 5.0
1.6729750885409302 | 0 | 5.0
1.627865707988672 | 0 | 5.0
1.6219925582932342 | 0 | 5.0
1.5997012185806299 | 0 | 5.0
1.5771594576934411 | 0 | 5.0
1.5369167914792434 | 0 | 5.0
1.5551341358156263 | 0 | 5.0
1.499553253524253 | 0 | 5.0
1.464755961484667 | 0 | 5.0
1.456904402323762 | 0 | 5.0
1.4124504300500405 | 0 | 5.0
1.3779843589679748 | 0 | 5.0
1.383841887819206 | 0 | 5.0
1.3200374807221782 | 0 | 5.0
1.2809272023970442 | 0 | 5.0
1.2770584001222671 | 2 | -0.5
1.3496459508750822 | 2 | -0.5
1.4280765727128146 | 2 | -0.5
1.6594103948562466 | 2 | -0.5
2.1911240591127457 | 2 | -0.5
3.161565912778045 | 2 | -0.5
5.595674383242388 | 2 | -0.5
12.298388445712396 | 2 | -0.5
8.408267067144036 | 2 | -0.5
4.650579413034988 | 2 | -0.5
3.284216807530029 | 2 | -0.5
2.7206890736695906 | 2 | -0.5
2.4321492397092084 | 2 | -0.5
2.2069915549752843 | 2 | -0.5
2.172335507982889 | 2 | -0.5
2.1672395489507386 | 0 | 5.0
2.124014006695887 | 0 | 5.0
2.125833864882436 | 0 | 5.0
2.113751228065829 | 0 | 5.0
2.127326912107866 | 0 | 5.0
2.1223510583543064 | 0 | 5.0
2.117938156900997 | 0 | 5.0
2.111465111942483 | 0 | 5.0
2.0969735579687914 | 0 | 5.0
2.11771287406203 | 0 | 5.0
2.1555577334991765 | 0 | 5.0
2.10033264426358 | 0 | 5.0
2.1007605695721314 | 0 | 5.0
2.118849179408319 | 0 | 5.0
2.0910809125262437 | 0 | 5.0
2.080579716563196 | 0 | 5.0
2.047591772537375 | 0 | 5.0
2.0673115890916107 | 0 | 5.0
2.0689344584568414 | 0 | 5.0
2.053549880064417 | 0 | 5.0
2.0062259111162986 | 0 | 5.0
2.0189589183227654 | 0 | 5.0
2.0145184328806036 | 0 | 5.0
1.976861433453675 | 0 | 5.0
1.9731083555181153 | 0 | 5.0
1.9687444112503016 | 0 | 5.0
1.906199627073058 | 0 | 5.0
1.9515393688399776 | 0 | 5.0
1.9287666209199619 | 2 | -0.5
2.0204981134150195 | 2 | -0.5
2.2154471039451002 | 2 | -0.5
2.5466914635186844 | 2 | -0.5
3.1878481789735673 | 2 | -0.5
4.519389835793411 | 2 | -0.5
9.440238919910628 | 2 | -0.5
13.814395271815393 | 2 | -0.5
5.811757227705272 | 2 | -0.5
3.1209567409495564 | 2 | -0.5
2.391646510792609 | 2 | -0.5
1.892268282412376 | 2 | -0.5
1.6863517040680052 | 2 | -0.5
1.555084314473601 | 2 | -0.5
1.507848021171965 | 0 | 5.0
1.5082921746133 | 0 | 5.0
1.5368239839034652 | 0 | 5.0
1.5817923330590746 | 0 | 5.0
1.5987305622832355 | 0 | 5.0
1.610946870418292 | 0 | 5.0
1.665812307016486 | 0 | 5.0
1.6975242015670948 | 0 | 5.0
1.6992257981791707 | 0 | 5.0
1.7519326184760426 | 0 | 5.0
1.72042800415353 | 0 | 5.0
1.7434156597840527 | 0 | 5.0
1.721046547604653 | 0 | 5.0
1.7357894755220336 | 0 | 5.0
1.7585439027559127 | 0 | 5.0
1.821546549373492 | 0 | 5.0
1.830279463481162 | 0 | 5.0
1.8612737297642112 | 0 | 5.0
1.8882356354407182 | 0 | 5.0
1.9014546700467256 | 0 | 5.0
1.8996174804444734 | 0 | 5.0
1.9019204217121766 | 0 | 5.0
1.9118469801757567 | 0 | 5.0
1.9159678346377347 | 0 | 5.0
1.9385881175163147 | 0 | 5.0
1.9111687363951366 | 0 | 5.0
1.927021605771377 | 0 | 5.0
1.936952544605507 | 0 | 5.0
1.9354035948611625 | 0 | 5.0
1.9404279912206475 | 0 | 5.0
1.9200417318834244 | 0 | 5.0
1.9344892808101264 | 0 | 5.0
1.8954540563945388 | 0 | 5.0
1.9375439244205117 | 0 | 5.0
1.928499989961366 | 0 | 5.0
1.8375741719935639 | 0 | 5.0
1.8635487224060385 | 2 | -0.5
1.9332156656544082 | 2 | -0.5
2.05672762760303 | 2 | -0.5
2.280831202818769 | 2 | -0.5
2.599508680114749 | 2 | -0.5
3.1880013185247384 | 2 | -0.5
4.54598537092547 | 2 | -0.5
9.851114934066894 | 2 | -0.5
13.654660867629671 | 2 | -0.5
6.188075906941368 | 2 | -0.5
3.5793743114131127 | 2 | -0.5
2.5559561269135065 | 2 | -0.5
2.0572792584547384 | 2 | -0.5
1.8270328307670567 | 2 | -0.5
1.7255324578348281 | 2 | -0.5
1.6409481316373882 | 0 | 5.0
1.6742925878480726 | 0 | 5.0
1.705340034435548 | 0 | 5.0
1.7621817528501815 | 0 | 5.0
1.7951779889634965 | 2 | -0.5
1.7665612703038576 | 0 | 5.0
1.758714073773604 | 0 | 5.0
1.8017385834684507 | 0 | 5.0
1.8258990861951825 | 0 | 5.0
1.8341770992035824 | 0 | 5.0
1.8524331233373683 | 0 | 5.0
1.8772766540653318 | 0 | 5.0
1.9344603415266965 | 2 | -0.5
1.8644545902092442 | 0 | 5.0
1.905382852690857 | 0 | 5.0
1.8525113268688151 | 0 | 5.0
1.8508471848353683 | 0 | 5.0
1.8554982401996922 | 0 | 5.0
1.8528336843181825 | 0 | 5.0
1.8791116837840753 | 0 | 5.0
1.8630117183374868 | 0 | 5.0
1.8710611430493869 | 0 | 5.0
1.8670970758707328 | 0 | 5.0
1.8728536710497157 | 0 | 5.0
1.8760456225973745 | 0 | 5.0
1.8728186403504414 | 0 | 5.0
1.8855298182277975 | 0 | 5.0
1.8690790512165707 | 0 | 5.0
1.8913836342541805 | 0 | 5.0
1.9288243108195562 | 0 | 5.0
1.9934535295545037 | 0 | 5.0
1.9182103643685988 | 0 | 5.0
1.9337224928245467 | 0 | 5.0
1.9595721451693258 | 0 | 5.0
2.023847859927801 | 0 | 5.0
1.974851570335769 | 0 | 5.0
2.040399656618119 | 0 | 5.0
2.065043637693228 | 2 | -0.5
2.065018282971461 | 0 | 5.0
2.0482824278457494 | 0 | 5.0
2.0061062294350207 | 2 | -0.5
2.1126151505916972 | 2 | -0.5
2.334481811032468 | 2 | -0.5
2.7058634615299937 | 2 | -0.5
3.1717902386979238 | 2 | -0.5
4.131217665736938 | 2 | -0.5
6.880801606956373 | 2 | -0.5
14.189139175420738 | 2 | -0.5
8.658432187034784 | 2 | -0.5
3.559286831460582 | 2 | -0.5
2.387320510388934 | 2 | -0.5
1.8705237798217593 | 2 | -0.5
1.6490443067891019 | 2 | -0.5
1.524048590341275 | 2 | -0.5
1.3983225451092316 | 2 | -0.5
1.3929509852057462 | 0 | 5.0
1.3955466455094505 | 0 | 5.0
1.440152786144625 | 0 | 5.0
1.402666576079574 | 0 | 5.0
1.4421238708384772 | 0 | 5.0
1.4586018570740722 | 0 | 5.0
1.472434602542253 | 0 | 5.0
1.4869039920368141 | 0 | 5.0
1.528499388347482 | 0 | 5.0
1.5219450049295966 | 0 | 5.0
1.5251494461533754 | 0 | 5.0
1.5926965510906927 | 0 | 5.0
1.578548270306867 | 0 | 5.0
1.6159536642816952 | 0 | 5.0
1.6713361008645857 | 0 | 5.0
1.685008550109406 | 0 | 5.0
1.733515007884702 | 2 | -0.5
1.697175899481152 | 0 | 5.0
1.7208413787994965 | 0 | 5.0
1.695435029803076 | 0 | 5.0
1.693771969067236 | 0 | 5.0
1.6568772412943358 | 0 | 5.0
1.677670861957073 | 0 | 5.0
1.699022930399026 | 0 | 5.0
1.6993390683513414 | 0 | 5.0
1.6524175223478776 | 0 | 5.0
1.6786302000001814 | 0 | 5.0
1.6473327875298633 | 0 | 5.0
1.6537367237101663 | 0 | 5.0
1.671886975980323 | 0 | 5.0
1.6646905033816823 | 0 | 5.0
1.6292425647424131 | 0 | 5.0
1.629054116568497 | 0 | 5.0
1.6393023405791773 | 0 | 5.0
1.5889307600571132 | 0 | 5.0
1.6404033255391803 | 0 | 5.0
1.6224608904888698 | 0 | 5.0
1.6254682177774848 | 2 | -0.5
1.6602862905907048 | 2 | -0.5
1.7917421924792607 | 2 | -0.5
1.9777860967044925 | 2 | -0.5
2.3889133280588593 | 2 | -0.5
3.177680989495586 | 2 | -0.5
5.663102385843148 | 2 | -0.5
13.308545372502541 | 2 | -0.5
13.501053873556064 | 2 | -0.5
5.014072340532413 | 2 | -0.5
3.426955653285752 | 2 | -0.5
2.6287244729526336 | 2 | -0.5
2.238013495121748 | 2 | -0.5
2.038245791963552 | 2 | -0.5
1.9063490385299255 | 2 | -0.5
1.8348818337808708 | 0 | 5.0
1.8508384653728347 | 0 | 5.0
1.8189281197916707 | 0 | 5.0
1.8322841923002164 | 0 | 5.0
1.8640247932486353 | 0 | 5.0
1.8638454268533786 | 0 | 5.0
1.8684831070852597 | 0 | 5.0
1.8423213941022731 | 0 | 5.0
1.883823348707176 | 0 | 5.0
1.8790679257961471 | 0 | 5.0
1.9207232595483186 | 0 | 5.0
1.903842316565142 | 0 | 5.0
1.892847614130172 | 0 | 5.0
1.894975375564109 | 0 | 5.0
1.9034064992693747 | 0 | 5.0
1.9140534177164772 | 0 | 5.0
1.85897499284063 | 0 | 5.0
1.8781760495345659 | 0 | 5.0
1.8765153257496074 | 0 | 5.0
1.8820578629572444 | 0 | 5.0
1.8816014658358822 | 0 | 5.0
1.8484898760130914 | 0 | 5.0
1.8406255665880726 | 0 | 5.0
1.7982420644270094 | 0 | 5.0
1.7096074559177972 | 0 | 5.0
1.7299314124275977 | 0 | 5.0
1.7095769471072657 | 0 | 5.0
1.692496567822315 | 0 | 5.0
1.6611977243320186 | 0 | 5.0
1.6288267803058365 | 0 | 5.0
1.6295425635866414 | 2 | -0.5
1.7073098549064765 | 2 | -0.5
1.8626493125085184 | 2 | -0.5
2.159513799609373 | 2 | -0.5
2.697614809860055 | 2 | -0.5
3.8205171371711844 | 2 | -0.5
8.785736061376802 | 2 | -0.5
13.030910192974538 | 2 | -0.5
6.556297200061356 | 2 | -0.5
4.064195477593557 | 2 | -0.5
2.8832267924880144 | 2 | -0.5
2.354071670450819 | 2 | -0.5
2.0320121373333335 | 2 | -0.5
1.8579164239869665 | 2 | -0.5
1.7950153941754863 | 0 | 5.0
1.8617937212277382 | 0 | 5.0
1.8839490922359492 | 2 | -0.5
1.8586429503525135 | 0 | 5.0
1.8667291776735693 | 0 | 5.0
1.7898295144983027 | 0 | 5.0
1.831436380921021 | 0 | 5.0
1.7990964155716505 | 0 | 5.0
1.8243274479346299 | 0 | 5.0
1.823014040002498 | 0 | 5.0
1.8768936143882473 | 0 | 5.0
1.8904148278071808 | 0 | 5.0
1.8929034803489686 | 0 | 5.0
1.8954913976947294 | 0 | 5.0
1.9144281416940863 | 0 | 5.0
1.9467670322259873 | 0 | 5.0
1.9431369547494435 | 0 | 5.0
1.9967764683622091 | 0 | 5.0
1.9806497451878715 | 0 | 5.0
2.0071126035524647 | 0 | 5.0
2.025192732793588 | 0 | 5.0
2.022690114466725 | 0 | 5.0
2.0205223262559215 | 0 | 5.0
2.050722323152271 | 0 | 5.0
2.0158688067231143 | 0 | 5.0
2.056997879909699 | 0 | 5.0
2.011563161218664 | 0 | 5.0
2.012018086532429 | 0 | 5.0
1.9957356899732233 | 0 | 5.0
1.9678626289761558 | 0 | 5.0
1.962024868305792 | 0 | 5.0
1.974776805079877 | 0 | 5.0
1.9546560653398233 | 0 | 5.0
1.9757804189878774 | 2 | -0.5
1.9848712032885591 | 2 | -0.5
2.0886351164758654 | 2 | -0.5
2.298530076619754 | 2 | -0.5
2.5887351918784445 | 2 | -0.5
3.3278163873036934 | 2 | -0.5
4.728452447321834 | 2 | -0.5
9.3711434252223 | 2 | -0.5
13.760923715142335 | 2 | -0.5
6.4104499517942095 | 2 | -0.5
3.40603461735449 | 2 | -0.5
2.3492981785336484 | 2 | -0.5
1.9127514737028464 | 2 | -0.5
1.683908444223542 | 2 | -0.5
1.5529354551993493 | 2 | -0.5
1.4792265383789351 | 0 | 5.0
1.5382156316298345 | 2 | -0.5
1.5316174921601806 | 0 | 5.0
1.533605156397364 | 0 | 5.0
1.4969095668498726 | 0 | 5.0
1.497860484935514 | 0 | 5.0
1.5488845313432011 | 0 | 5.0
1.535373522291161 | 0 | 5.0
1.4914682023812287 | 0 | 5.0
1.5112343524371563 | 0 | 5.0
1.5173966054879402 | 0 | 5.0
1.4871356223293422 | 0 | 5.0
1.4857770405372193 | 0 | 5.0
1.5189260363687709 | 0 | 5.0
1.4501980324528552 | 0 | 5.0
1.5031878377894317 | 0 | 5.0
1.5098694970050635 | 0 | 5.0
1.4557194039510373 | 0 | 5.0
1.4604599909797324 | 0 | 5.0
1.4689768265737222 | 0 | 5.0
1.3986774216026043 | 0 | 5.0
1.4275902872300208 | 0 | 5.0
1.3892878724135809 | 0 | 5.0
1.3558892375451117 | 0 | 5.0
1.3632334861557138 | 0 | 5.0
1.3492749013649075 | 0 | 5.0
1.3322712989205832 | 0 | 5.0
1.328668086588688 | 0 | 5.0
1.3119565632943104 | 0 | 5.0
1.2635752174736827 | 0 | 5.0
1.2825857496402286 | 0 | 5.0
1.2626226576641542 | 2 | -0.5
1.3014240054257504 | 2 | -0.5
1.396947560143678 | 2 | -0.5
1.4930298741187351 | 2 | -0.5
1.722200843604087 | 2 | -0.5
2.2369040192365635 | 2 | -0.5
3.2686129870990723 | 2 | -0.5
7.079042330786578 | 2 | -0.5
12.679912673922125 | 2 | -0.5
9.501645481603108 | 2 | -0.5
5.3414225789870295 | 2 | -0.5
3.64757255968961 | 2 | -0.5
2.931633365964926 | 2 | -0.5
2.6088547930595367 | 2 | -0.5
2.32585210305034 | 2 | -0.5
2.216108311202529 | 2 | -0.5
2.210409980465462 | 0 | 5.0
2.2237036484896504 | 0 | 5.0
2.197780727053473 | 0 | 5.0
2.198454265966807 | 0 | 5.0
2.175742474529918 | 0 | 5.0
2.1644770722271076 | 0 | 5.0
2.14324348871893 | 0 | 5.0
2.1888510710724827 | 0 | 5.0
2.179622306228881 | 0 | 5.0
2.1759084920874443 | 0 | 5.0
2.152724816980969 | 0 | 5.0
2.1823131317253472 | 0 | 5.0
2.1830707509553267 | 0 | 5.0
2.1635426459924982 | 0 | 5.0
2.202451747528831 | 0 | 5.0
2.1529490170048518 | 0 | 5.0
2.168305459404736 | 0 | 5.0
2.0965112821065914 | 0 | 5.0
2.1437771187381505 | 0 | 5.0
2.085217516023016 | 0 | 5.0
2.0637703327028345 | 0 | 5.0
2.0731145958074046 | 0 | 5.0
2.039558081478966 | 0 | 5.0
1.9972952111666051 | 0 | 5.0
2.000704867890804 | 0 | 5.0
2.0144637722493988 | 0 | 5.0
1.9784360305383475 | 0 | 5.0
1.9104050540060393 | 0 | 5.0
1.9525857757141636 | 0 | 5.0
1.9135485365811298 | 0 | 5.0
1.9324036449430513 | 0 | 5.0
1.921679604363799 | 2 | -0.5
2.0166629833796152 | 2 | -0.5
2.1860422490201676 | 2 | -0.5
2.517444701362414 | 2 | -0.5
3.0180831247496727 | 2 | -0.5
4.199902351501278 | 2 | -0.5
7.023059467073496 | 2 | -0.5
13.894485385256186 | 2 | -0.5
13.947668205208416 | 2 | -0.5
4.188608110244376 | 2 | -0.5
2.8011524581239344 | 2 | -0.5
2.1637873222190915 | 2 | -0.5
1.7848263384156406 | 2 | -0.5
1.6288389689150038 | 2 | -0.5
1.5219901883228029 | 2 | -0.5
1.4619046625134524 | 0 | 5.0
1.4890312558885062 | 0 | 5.0
1.4612903256343484 | 0 | 5.0
1.5186961381623012 | 0 | 5.0
1.5571706851261495 | 0 | 5.0
1.5235428375884232 | 0 | 5.0
1.5757014050766869 | 0 | 5.0
1.5541617741316414 | 0 | 5.0
1.5823237527340954 | 0 | 5.0
1.5845043232462461 | 0 | 5.0
1.5919165589560547 | 0 | 5.0
1.6270671997772232 | 0 | 5.0
1.603872335976423 | 0 | 5.0
1.5774916171758349 | 0 | 5.0
1.6184658606066304 | 0 | 5.0
1.6375240941577471 | 0 | 5.0
1.620258318630406 | 0 | 5.0
1.634096401372879 | 0 | 5.0
1.6348327661389965 | 0 | 5.0
1.6599273689444147 | 0 | 5.0
1.6367892421868522 | 0 | 5.0
1.6039574060105326 | 0 | 5.0
1.6278910849161636 | 0 | 5.0
1.6850552610750944 | 0 | 5.0
1.6780003870953095 | 0 | 5.0
1.6470181053346924 | 0 | 5.0
1.6911924649538677 | 0 | 5.0
1.6791146041008438 | 0 | 5.0
1.679080844394362 | 0 | 5.0
1.6924777821914532 | 0 | 5.0
1.6972302874060983 | 0 | 5.0
1.687504906699987 | 0 | 5.0
1.7280281227601753 | 0 | 5.0
1.7615377958087923 | 0 | 5.0
1.7814363373427269 | 0 | 5.0
1.825802887823765 | 2 | -0.5
1.7904314684413254 | 2 | -0.5
1.8862359868136074 | 2 | -0.5
2.032033000732024 | 2 | -0.5
2.2811171142554425 | 2 | -0.5
2.740957108772421 | 2 | -0.5
3.642220779030045 | 2 | -0.5
6.275469696237852 | 2 | -0.5
13.517921016337832 | 2 | -0.5
10.033701914355014 | 2 | -0.5
4.102031640508709 | 2 | -0.5
2.786226892900243 | 2 | -0.5
2.1433833246218494 | 2 | -0.5
1.7857172896148354 | 2 | -0.5
1.5801535356505125 | 2 | -0.5
1.5270861438840866 | 2 | -0.5
1.4378336716443625 | 0 | 5.0
1.4898975251414515 | 0 | 5.0
1.5018655051226428 | 0 | 5.0
1.5249744153368008 | 0 | 5.0
1.525026813283118 | 0 | 5.0
1.584776443085006 | 0 | 5.0
1.5842644670800952 | 0 | 5.0
1.6206861914217428 | 0 | 5.0
1.6541019797782621 | 0 | 5.0
1.6597467836466673 | 0 | 5.0
1.6676719938366658 | 0 | 5.0
1.67480467338142 | 0 | 5.0
1.6887988885591851 | 0 | 5.0
1.6774474469614584 | 0 | 5.0
1.7254356840297698 | 0 | 5.0
1.7155408877473173 | 0 | 5.0
1.7405498703746665 | 0 | 5.0
1.752357128688503 | 0 | 5.0
1.7550069080299167 | 0 | 5.0
1.8281387722878486 | 0 | 5.0
1.8501151848867 | 0 | 5.0
1.846144577408389 | 0 | 5.0
1.8716587873959851 | 0 | 5.0
1.9507253005711145 | 0 | 5.0
1.9136405798683613 | 0 | 5.0
1.9546972591894733 | 0 | 5.0
1.9869132091503683 | 0 | 5.0
2.0252396693345003 | 0 | 5.0
2.061645205908852 | 0 | 5.0
2.0789157074223796 | 0 | 5.0
2.1286087236509528 | 0 | 5.0
2.1357326831472534 | 0 | 5.0
2.1392203931129727 | 0 | 5.0
2.184679419349701 | 0 | 5.0
2.2214976108886133 | 0 | 5.0
2.1967392430736674 | 0 | 5.0
2.2608813417708795 | 0 | 5.0
2.235892276565686 | 2 | -0.5
2.2639584574125204 | 0 | 5.0
2.2514791859712493 | 0 | 5.0
2.2451381868816513 | 2 | -0.5
2.297355492215666 | 2 | -0.5
2.4556448269285918 | 2 | -0.5
2.85763469715434 | 2 | -0.5
3.372314029581962 | 2 | -0.5
4.492398410182059 | 2 | -0.5
6.7392522621908135 | 2 | -0.5
14.624768836950695 | 2 | -0.5
14.497720444580974 | 2 | -0.5
4.2991211691362565 | 2 | -0.5
2.36348306034122 | 2 | -0.5
1.8770508871854816 | 2 | -0.5
1.530415781497624 | 2 | -0.5
1.3573973285643341 | 2 | -0.5
1.2253829307623796 | 2 | -0.5
1.1898418830712434 | 0 | 5.0
1.2018458208692433 | 0 | 5.0
1.2089835569250158 | 0 | 5.0
1.2844787768294064 | 0 | 5.0
1.2663760963537363 | 0 | 5.0
1.3207891580157256 | 0 | 5.0
1.3405316412605006 | 0 | 5.0
1.3317361330451662 | 0 | 5.0
1.4036227108505372 | 0 | 5.0
1.3888634695724054 | 0 | 5.0
1.4443618428169793 | 0 | 5.0
1.4408879703866502 | 0 | 5.0
1.4843681417444061 | 0 | 5.0
1.4881427387341681 | 0 | 5.0
1.5049517464332436 | 0 | 5.0
1.530866792744028 | 0 | 5.0
1.5278196821496526 | 0 | 5.0
1.5158115140521806 | 0 | 5.0
1.536044951904109 | 0 | 5.0
1.6027715455615923 | 0 | 5.0
1.6072091183983277 | 0 | 5.0
1.5865971469117448 | 0 | 5.0
1.6410383147922523 | 0 | 5.0
1.6816737637658694 | 0 | 5.0
1.7055203313717537 | 0 | 5.0
1.6788679235000603 | 0 | 5.0
1.7114594096636062 | 0 | 5.0
1.754211197687223 | 0 | 5.0
1.738958343124924 | 0 | 5.0
1.752432850412395 | 0 | 5.0
1.8126947159124949 | 0 | 5.0
1.7898414341771811 | 0 | 5.0
1.8280849797497132 | 0 | 5.0
1.8345009956941254 | 0 | 5.0
1.8031617323014664 | 0 | 5.0
1.8438537579336918 | 0 | 5.0
1.8353799886955553 | 0 | 5.0
1.86375051862601 | 0 | 5.0
1.8852754492000958 | 2 | -0.5
1.922254726134863 | 0 | 5.0
1.843887262965466 | 2 | -0.5
1.9584898919935176 | 2 | -0.5
2.0401669154548188 | 2 | -0.5
2.285102227631008 | 2 | -0.5
2.716280840438744 | 2 | -0.5
3.408894655768998 | 2 | -0.5
4.947524313861794 | 2 | -0.5
13.936446878127196 | 2 | -0.5
13.865927293982196 | 2 | -0.5
5.633435074466075 | 2 | -0.5
3.0670427963942415 | 2 | -0.5
2.3876976174050206 | 2 | -0.5
2.0386345572618083 | 2 | -0.5
1.7571024908076815 | 2 | -0.5
1.6369540939392162 | 2 | -0.5
1.5473544511761466 | 0 | 5.0
1.610168099291807 | 0 | 5.0
1.6364558645534917 | 0 | 5.0
1.7038334221287426 | 0 | 5.0
1.7191114646910346 | 0 | 5.0
1.7722640782991064 | 0 | 5.0
1.7923806619709572 | 2 | -0.5
1.752230963325323 | 0 | 5.0
1.7634285263792566 | 0 | 5.0
1.7667396351919924 | 0 | 5.0
1.7572023694870083 | 0 | 5.0
1.764646740914386 | 0 | 5.0
1.7349851398852827 | 0 | 5.0
1.7063255984215993 | 0 | 5.0
1.7005236993592 | 0 | 5.0
1.7419063463535172 | 0 | 5.0
1.7677577093698726 | 0 | 5.0
1.7363890253826892 | 0 | 5.0
1.7525104255133406 | 0 | 5.0
1.7305869895676091 | 0 | 5.0
1.7298240872771091 | 0 | 5.0
1.698838606894777 | 0 | 5.0
1.6987191963056811 | 0 | 5.0
1.6924233171948369 | 0 | 5.0
1.6881115393062895 | 0 | 5.0
1.7072684220555632 | 0 | 5.0
1.6634956571897024 | 0 | 5.0
1.6549992214675242 | 0 | 5.0
1.6157673805415003 | 0 | 5.0
1.5905812685574503 | 0 | 5.0
1.5309889780388504 | 0 | 5.0
1.4948354040230085 | 0 | 5.0
1.4920957127788608 | 2 | -0.5
1.5599957006444791 | 2 | -0.5
1.6519056613739793 | 2 | -0.5
1.841216071006438 | 2 | -0.5
2.22683473353248 | 2 | -0.5
2.9544553855743216 | 2 | -0.5
5.664921410751447 | 2 | -0.5
12.991247241863297 | 2 | -0.5
13.217440748660742 | 2 | -0.5
5.282551488821369 | 2 | -0.5
3.374878249668913 | 2 | -0.5
2.6444166454341937 | 2 | -0.5
2.2459234089250515 | 2 | -0.5
2.074447325188936 | 2 | -0.5
2.0141704615005036 | 0 | 5.0
2.0255697976654554 | 2 | -0.5
2.0406494823788126 | 0 | 5.0
1.9992705725983961 | 0 | 5.0
2.0140206477132194 | 0 | 5.0
2.0113664007034324 | 0 | 5.0
1.9536345863573217 | 0 | 5.0
1.94704870745751 | 0 | 5.0
1.9161569052391136 | 0 | 5.0
1.9612048833162046 | 0 | 5.0
1.886084899938593 | 0 | 5.0
1.949126931027227 | 0 | 5.0
1.920337290921334 | 0 | 5.0
1.8901036616222557 | 0 | 5.0
1.8341101114551095 | 0 | 5.0
1.8308953002164887 | 0 | 5.0
1.8612413990016365 | 0 | 5.0
1.8831145479935596 | 0 | 5.0
1.8682652050309994 | 0 | 5.0
1.8858534735790562 | 0 | 5.0
1.8461368890164525 | 0 | 5.0
1.8330628766726267 | 0 | 5.0
1.8128339973917533 | 0 | 5.0
1.8197179773150052 | 0 | 5.0
1.8028961713367953 | 0 | 5.0
1.817492599884383 | 0 | 5.0
1.7909547213828176 | 0 | 5.0
1.8228903120057256 | 0 | 5.0
1.767327394168294 | 0 | 5.0
1.7540081101348073 | 0 | 5.0
1.7657342114874057 | 0 | 5.0
1.7842441019971198 | 2 | -0.5
1.7758276532467032 | 2 | -0.5
1.8787903834452397 | 2 | -0.5
2.102482034363162 | 2 | -0.5
2.4000463336474254 | 2 | -0.5
3.0083427363330664 | 2 | -0.5
4.146775275657776 | 2 | -0.5
8.565536503280521 | 2 | -0.5
13.527709563952923 | 2 | -0.5
7.452226851438557 | 2 | -0.5
4.157315323818791 | 2 | -0.5
3.0561505436800114 | 2 | -0.5
2.3722072059274844 | 2 | -0.5
1.985607457435668 | 2 | -0.5
1.8232336443311599 | 2 | -0.5
1.725781057727043 | 2 | -0.5
1.7191527553866592 | 0 | 5.0
1.7122630553662284 | 0 | 5.0
1.722934315301524 | 0 | 5.0
1.728653782606167 | 0 | 5.0
1.7539760935310693 | 0 | 5.0
1.7410011618993275 | 0 | 5.0
1.7308357552062754 | 0 | 5.0
1.7140593278628442 | 0 | 5.0
1.7464952640285958 | 0 | 5.0
1.714605734733131 | 0 | 5.0
1.729903998527186 | 0 | 5.0
1.7247197740127191 | 0 | 5.0
1.7687196076331597 | 0 | 5.0
1.8055797109623015 | 0 | 5.0
1.8170653490395483 | 0 | 5.0
1.7970276985149385 | 0 | 5.0
1.8045340401962542 | 0 | 5.0
1.8177647835773032 | 0 | 5.0
1.854697306491326 | 0 | 5.0
1.8618503453438908 | 0 | 5.0
1.9203825702795048 | 0 | 5.0
1.910720078799807 | 0 | 5.0
1.9721585457562507 | 0 | 5.0
1.9947399838060886 | 0 | 5.0
1.9790508331129975 | 0 | 5.0
2.0138906094463955 | 0 | 5.0
2.0581618353789413 | 0 | 5.0
2.0531720271713616 | 0 | 5.0
2.0023871903062225 | 0 | 5.0
2.0727040929172444 | 0 | 5.0
2.090615202582776 | 0 | 5.0
2.0589753905773223 | 0 | 5.0
2.050008537568109 | 0 | 5.0
2.036157853585706 | 0 | 5.0
2.047334524673553 | 0 | 5.0
2.0893234153416222 | 0 | 5.0
2.070269159561375 | 2 | -0.5
2.1208500630601486 | 2 | -0.5
2.2964397340432483 | 2 | -0.5
2.624161289765467 | 2 | -0.5
3.1573342978710897 | 2 | -0.5
3.787450826280891 | 2 | -0.5
5.761333922041912 | 2 | -0.5
12.351534906494058 | 2 | -0.5
13.926049533788493 | 2 | -0.5
5.105847893175185 | 2 | -0.5
2.9228440782957126 | 2 | -0.5
2.0389054064886265 | 2 | -0.5
1.6879993046845934 | 2 | -0.5
1.5222279212179746 | 2 | -0.5
1.3811738141119279 | 2 | -0.5
1.296026819128925 | 0 | 5.0
1.351630531657328 | 0 | 5.0
1.3513777406733907 | 0 | 5.0
1.3534253355183385 | 0 | 5.0
1.399171616537087 | 0 | 5.0
1.3987683037417145 | 0 | 5.0
1.4212513943516665 | 0 | 5.0
1.4582868974623941 | 0 | 5.0
1.4772600850863238 | 0 | 5.0
1.4964032314578077 | 0 | 5.0
1.5333886127620406 | 0 | 5.0
1.5990562931951016 | 0 | 5.0
1.6501602139485503 | 0 | 5.0
1.6460093615908522 | 0 | 5.0
1.6937433019811856 | 0 | 5.0
1.7642707449914763 | 0 | 5.0
1.7679614489945048 | 2 | -0.5
1.7249431376979054 | 0 | 5.0
1.7851672244934982 | 0 | 5.0
1.7111069654917357 | 0 | 5.0
1.748746862407315 | 0 | 5.0
1.7720950530650081 | 0 | 5.0
1.741154031646384 | 0 | 5.0
1.7543895207032176 | 0 | 5.0
1.7492960228057244 | 0 | 5.0
1.7454567702586583 | 0 | 5.0
1.806267084479127 | 0 | 5.0
1.771777551171252 | 0 | 5.0
1.861625382971628 | 0 | 5.0
1.8187747876552987 | 0 | 5.0
1.8144944380291916 | 0 | 5.0
1.8937803616090725 | 0 | 5.0
1.8781885655899626 | 0 | 5.0
1.8657383087602681 | 0 | 5.0
1.9528999268158322 | 0 | 5.0
1.9172030175636567 | 0 | 5.0
1.9511792189012709 | 0 | 5.0
1.9510991394466721 | 0 | 5.0
1.955892755016561 | 2 | -0.5
2.0180621408076886 | 0 | 5.0
1.974775876022877 | 2 | -0.5
2.050304450981323 | 2 | -0.5
2.1335121743839323 | 2 | -0.5
2.4230618431941946 | 2 | -0.5
2.8043788787030044 | 2 | -0.5
3.805087696682937 | 2 | -0.5
6.029250924326432 | 2 | -0.5
14.023959854827748 | 2 | -0.5
13.964919379498058 | 2 | -0.5
4.545743275296883 | 2 | -0.5
2.714174201542991 | 2 | -0.5
2.130870555773738 | 2 | -0.5
Total reward: 3212.5
-2.8, 1.5, -2.0, 0.4, -2.4, 5.6, 4.9, 0.0, -0.6, -4.1, -5.5, 2.1, -3.0, -1.3, 5.5, -2.1, 2.2, -0.4
parameter ends

state | action | reward
[1.54] | 2 | -0.5
1.5152030007347377 | 2 | -0.5
1.5103665892409277 | 2 | -0.5
1.617886392054326 | 2 | -0.5
1.7250311834231769 | 2 | -0.5
1.9913768631895814 | 2 | -0.5
2.429960299326007 | 2 | -0.5
3.0160644154899607 | 2 | -0.5
4.658797852010953 | 2 | -0.5
13.892738507265367 | 1 | -0.5
4.264933413151146 | 2 | -0.5
11.498598001103987 | 1 | -0.5
3.664658777058327 | 2 | -0.5
6.596163380392018 | 2 | -0.5
18.031620065482876 | 1 | -0.5
6.295108515545974 | 2 | -0.5
18.040444616259276 | 1 | -0.5
6.182746048872292 | 2 | -0.5
18.11793445706797 | 1 | -0.5
7.3986999019545605 | 2 | -0.5
18.150206389164257 | 1 | -0.5
9.263004902456236 | 1 | -0.5
2.5292899626657506 | 2 | -0.5
7.61388482632235 | 1 | -0.5
2.0528215461340267 | 2 | -0.5
5.682658266995409 | 2 | -0.5
18.184360743410537 | 1 | -0.5
6.843164598898661 | 1 | -0.5
1.4948065831174557 | 2 | -0.5
2.943606030187202 | 2 | -0.5
18.150211173355792 | 1 | -200.0
Total reward: -215.0
-2.8, 1.5, -2.0, 0.4, -2.4, 5.6, 4.9, 0.0, -0.6, -4.1, -5.5, 2.1, -3.0, -1.3, 5.5, -2.1, 2.2, -0.4
parameter ends

state | action | reward
[8.58] | 2 | -0.5
8.674110305517347 | 2 | -0.5
4.680902058376679 | 2 | -0.5
3.3207021245966204 | 2 | -0.5
2.5119155179122776 | 2 | -0.5
2.129261381970342 | 2 | -0.5
1.9393578100452926 | 2 | -0.5
1.8317371809920409 | 2 | -0.5
1.74647909334417 | 0 | 5.0
1.7831680184304617 | 0 | 5.0
1.7741819757672093 | 0 | 5.0
1.7997121350500587 | 0 | 5.0
1.794096647755409 | 0 | 5.0
1.8044483913924538 | 0 | 5.0
1.825933185741718 | 0 | 5.0
1.8554336881123454 | 0 | 5.0
1.8599909817363525 | 2 | -0.5
1.8303396190892698 | 2 | -0.5
1.897681135296286 | 2 | -0.5
2.1101934536038427 | 2 | -0.5
2.363630226409064 | 2 | -0.5
6.392561228882396 | 2 | -0.5
5.67023991027667 | 2 | -0.5
5.23520525143197 | 2 | -0.5
5.109791945009805 | 2 | -0.5
5.161974542509574 | 2 | -0.5
4.178685611809897 | 2 | -0.5
2.7634839012130246 | 2 | -0.5
2.1266581312209585 | 2 | -0.5
1.9386444862995726 | 2 | -0.5
1.7450459817710628 | 2 | -0.5
1.657946892489184 | 2 | -0.5
1.6459367714065911 | 2 | -0.5
1.6975703880331783 | 2 | -0.5
1.80078019139148 | 2 | -0.5
1.986843884006941 | 2 | -0.5
2.362152701707898 | 2 | -0.5
2.884462541108185 | 2 | -0.5
7.347714406459879 | 2 | -0.5
6.9477764814996705 | 2 | -0.5
6.924724338704926 | 2 | -0.5
6.00113927761175 | 2 | -0.5
3.6102965125279947 | 2 | -0.5
2.713897124820035 | 2 | -0.5
2.210315781546528 | 2 | -0.5
1.927646963653642 | 2 | -0.5
1.8273299932561493 | 2 | -0.5
1.7688243015841436 | 2 | -0.5
1.784464294882452 | 2 | -0.5
1.8655863742582466 | 2 | -0.5
2.040946607269369 | 2 | -0.5
2.3349447915300634 | 2 | -0.5
6.159834687684994 | 2 | -0.5
5.520378994302018 | 2 | -0.5
5.174567513361335 | 2 | -0.5
5.024090430228524 | 2 | -0.5
5.061531953646056 | 2 | -0.5
4.742661292665438 | 2 | -0.5
2.9925941496094386 | 2 | -0.5
2.320340601445121 | 2 | -0.5
1.9915806580648625 | 2 | -0.5
1.7733970388521423 | 2 | -0.5
1.647669456903659 | 2 | -0.5
1.5667653160799835 | 2 | -0.5
1.6078325287541275 | 2 | -0.5
1.6716090982989342 | 2 | -0.5
1.799746960596622 | 2 | -0.5
1.9505761488840974 | 2 | -0.5
2.338336863756599 | 2 | -0.5
3.0544846537878563 | 2 | -0.5
7.212532167460154 | 2 | -0.5
6.879423595475534 | 2 | -0.5
6.950523062121962 | 2 | -0.5
5.30311197788699 | 2 | -0.5
3.4952869746966204 | 2 | -0.5
2.784584261327841 | 2 | -0.5
2.4245190122164937 | 2 | -0.5
2.192272958821602 | 2 | -0.5
2.0221972785338003 | 2 | -0.5
1.903605610575378 | 2 | -0.5
1.9422289525287388 | 0 | 5.0
1.9428565591182174 | 2 | -0.5
2.0072337362233466 | 2 | -0.5
2.153718761042393 | 2 | -0.5
2.423186694060932 | 2 | -0.5
6.809579854187163 | 2 | -0.5
5.877643107750248 | 2 | -0.5
5.40289309503762 | 2 | -0.5
5.280264904957319 | 2 | -0.5
5.216456117003164 | 2 | -0.5
4.604210119449176 | 2 | -0.5
3.0383218806481023 | 2 | -0.5
2.128299616678201 | 2 | -0.5
1.7726691930688585 | 2 | -0.5
1.5838671237914586 | 2 | -0.5
1.4953669223840678 | 2 | -0.5
1.4556323481811078 | 2 | -0.5
1.4354192496869105 | 2 | -0.5
1.4971657684739965 | 2 | -0.5
1.5899694412674943 | 2 | -0.5
1.7186011003441581 | 2 | -0.5
2.101920347660412 | 2 | -0.5
2.891260348479696 | 2 | -0.5
6.928600574296649 | 2 | -0.5
6.735179504436354 | 2 | -0.5
6.832610814267961 | 2 | -0.5
4.876146984651261 | 2 | -0.5
3.2693045739945945 | 2 | -0.5
2.670753022858776 | 2 | -0.5
2.2769636882073607 | 2 | -0.5
2.099213145424003 | 2 | -0.5
1.9061606303973102 | 2 | -0.5
1.9107620775436553 | 0 | 5.0
1.8975453215160552 | 2 | -0.5
1.967892149455965 | 2 | -0.5
2.037766249090949 | 2 | -0.5
2.2600587557530623 | 2 | -0.5
2.6313323494496244 | 2 | -0.5
6.1404892597981515 | 2 | -0.5
5.595022389771217 | 2 | -0.5
5.328497814262738 | 2 | -0.5
5.196364403985893 | 2 | -0.5
5.331685315621957 | 2 | -0.5
3.537223661432189 | 2 | -0.5
2.4751948872871625 | 2 | -0.5
2.0484640099632134 | 2 | -0.5
1.8040347292609407 | 2 | -0.5
1.6604941962098712 | 2 | -0.5
1.5260519073408656 | 2 | -0.5
1.4932887465706517 | 2 | -0.5
1.5384678299809085 | 2 | -0.5
1.6047566469044816 | 2 | -0.5
1.7849470358957067 | 2 | -0.5
2.042632567241456 | 2 | -0.5
2.6811962735406403 | 2 | -0.5
3.8974266113459066 | 2 | -0.5
6.775038815285176 | 2 | -0.5
6.741368464540569 | 2 | -0.5
6.926922479474019 | 2 | -0.5
4.516559525590429 | 2 | -0.5
3.16947849611965 | 2 | -0.5
2.5804252781648946 | 2 | -0.5
2.260666506344488 | 2 | -0.5
2.009593857599155 | 2 | -0.5
1.9300640345888183 | 2 | -0.5
1.9567983626439829 | 0 | 5.0
1.9077261938613002 | 2 | -0.5
1.9667410531019895 | 2 | -0.5
2.11340536492835 | 2 | -0.5
2.321760713239756 | 2 | -0.5
2.7933194531673813 | 2 | -0.5
6.388436179107343 | 2 | -0.5
5.743329082884628 | 2 | -0.5
5.514959899744963 | 2 | -0.5
5.4496084867376 | 2 | -0.5
4.624195333572605 | 2 | -0.5
2.93968831463064 | 2 | -0.5
2.196719807222123 | 2 | -0.5
1.8186556329169787 | 2 | -0.5
1.5675877807841785 | 2 | -0.5
1.4605370197127578 | 2 | -0.5
1.3983743238457076 | 2 | -0.5
1.4497451181501901 | 2 | -0.5
1.4440246158018377 | 2 | -0.5
1.5690243719306551 | 2 | -0.5
1.6896101396567618 | 2 | -0.5
2.0112341952618475 | 2 | -0.5
2.5304643727542784 | 2 | -0.5
6.9186283492979435 | 2 | -0.5
6.594629170231986 | 2 | -0.5
6.573442778320111 | 2 | -0.5
6.59134084774999 | 2 | -0.5
3.8977342181274715 | 2 | -0.5
2.9514204534077826 | 2 | -0.5
2.4318925741537023 | 2 | -0.5
2.127944458165619 | 2 | -0.5
2.0147097675317096 | 2 | -0.5
2.031442020744213 | 0 | 5.0
2.0284095931865576 | 2 | -0.5
2.032743862636598 | 2 | -0.5
2.1436575585295765 | 2 | -0.5
2.341698338649944 | 2 | -0.5
2.6581779822701654 | 2 | -0.5
6.969072525947287 | 2 | -0.5
6.109193324235149 | 2 | -0.5
5.687039260198388 | 2 | -0.5
5.636803210739206 | 2 | -0.5
5.725028994989293 | 2 | -0.5
3.048890248468318 | 2 | -0.5
2.155407358127582 | 2 | -0.5
1.701708940080785 | 2 | -0.5
1.5460478182772028 | 2 | -0.5
1.4638409506808856 | 2 | -0.5
1.399703759842159 | 2 | -0.5
1.3773689308385866 | 2 | -0.5
1.443583853229239 | 2 | -0.5
1.5668452838777787 | 2 | -0.5
1.776499618937506 | 2 | -0.5
2.086635455304458 | 2 | -0.5
2.841737579914108 | 2 | -0.5
6.5566276138103 | 2 | -0.5
6.3312442052838165 | 2 | -0.5
6.368054554601501 | 2 | -0.5
6.065053118281464 | 2 | -0.5
4.198378434562307 | 2 | -0.5
3.046696836690948 | 2 | -0.5
2.620443342260877 | 2 | -0.5
2.3028882067935905 | 2 | -0.5
2.1188503650238304 | 2 | -0.5
2.0698762195917473 | 2 | -0.5
2.0731151170134163 | 2 | -0.5
2.1800625069237975 | 2 | -0.5
2.2614357333421 | 2 | -0.5
2.6358159160438066 | 2 | -0.5
3.195436748980818 | 2 | -0.5
6.284064757426647 | 2 | -0.5
5.7863195657160125 | 2 | -0.5
5.557147820781198 | 2 | -0.5
5.611899846821627 | 2 | -0.5
3.258094267043443 | 2 | -0.5
2.0107132660618277 | 2 | -0.5
1.6293888009620818 | 2 | -0.5
1.4254610450863558 | 2 | -0.5
1.2831345999879038 | 2 | -0.5
1.2715876897880534 | 2 | -0.5
1.257730540606729 | 2 | -0.5
1.2917855082989502 | 2 | -0.5
1.4340711359980278 | 2 | -0.5
1.5851939845043665 | 2 | -0.5
1.9164331768893375 | 2 | -0.5
2.4508728804296385 | 2 | -0.5
6.603447934724616 | 2 | -0.5
6.407296214062671 | 2 | -0.5
6.45301657191624 | 2 | -0.5
6.241588509048511 | 2 | -0.5
4.271041482734016 | 2 | -0.5
3.2947043608210467 | 2 | -0.5
2.662925707392059 | 2 | -0.5
2.4306499797737384 | 2 | -0.5
2.29279605212948 | 2 | -0.5
2.1950889306749413 | 0 | 5.0
2.2308769904091226 | 2 | -0.5
2.2560271353151244 | 0 | 5.0
2.164201080928846 | 2 | -0.5
2.3663563280341964 | 2 | -0.5
2.5552694290648983 | 2 | -0.5
2.8224034493647068 | 2 | -0.5
3.5569510407165064 | 2 | -0.5
6.624886802152588 | 2 | -0.5
6.165318574180265 | 2 | -0.5
5.936561441455065 | 2 | -0.5
5.204465289437684 | 2 | -0.5
2.349853309934183 | 2 | -0.5
1.8210275757088683 | 2 | -0.5
1.4801502997979998 | 2 | -0.5
1.3149265925276046 | 2 | -0.5
1.144777769447362 | 2 | -0.5
1.1292707736727148 | 2 | -0.5
1.1183964264804995 | 2 | -0.5
1.166971104650609 | 2 | -0.5
1.1580995984171194 | 2 | -0.5
1.3142457429573786 | 2 | -0.5
1.5616283981013568 | 2 | -0.5
2.0201765854533025 | 2 | -0.5
2.8702007065992463 | 2 | -0.5
5.93663742714699 | 2 | -0.5
5.853337247884414 | 2 | -0.5
6.105614988938728 | 2 | -0.5
4.126649724319433 | 2 | -0.5
3.156379552866673 | 2 | -0.5
2.7057596110325344 | 2 | -0.5
2.423717993795034 | 2 | -0.5
2.2619356165439144 | 2 | -0.5
2.181692337001259 | 2 | -0.5
2.1840164587389292 | 2 | -0.5
2.310844145406757 | 2 | -0.5
2.543937121861538 | 2 | -0.5
3.0974532968602104 | 2 | -0.5
6.91824021141343 | 2 | -0.5
6.448153415040653 | 2 | -0.5
6.149098062468396 | 2 | -0.5
6.020381591910405 | 2 | -0.5
5.654261039877315 | 2 | -0.5
2.876235943755797 | 2 | -0.5
1.9769187763623686 | 2 | -0.5
1.6548059720836659 | 2 | -0.5
1.39565813196207 | 2 | -0.5
1.3434305342204063 | 2 | -0.5
1.2843281147101415 | 2 | -0.5
1.2552312724644135 | 2 | -0.5
1.282405136062472 | 2 | -0.5
1.330473256690002 | 2 | -0.5
1.5041537355704597 | 2 | -0.5
1.8090245610333926 | 2 | -0.5
2.4679179369255944 | 2 | -0.5
6.123650058121256 | 2 | -0.5
5.852147723694222 | 2 | -0.5
5.872432083015908 | 2 | -0.5
6.107177867269431 | 2 | -0.5
4.0118275005637924 | 2 | -0.5
3.0736762283631216 | 2 | -0.5
2.5808813737700085 | 2 | -0.5
2.31364218389038 | 2 | -0.5
2.2005816444568826 | 2 | -0.5
2.105041074531789 | 2 | -0.5
2.1590877187397393 | 2 | -0.5
2.3277674889943656 | 2 | -0.5
2.533388957025153 | 2 | -0.5
2.9849856623020634 | 2 | -0.5
7.0908378923146 | 2 | -0.5
6.501890386713659 | 2 | -0.5
6.184837108567422 | 2 | -0.5
6.100061233997849 | 2 | -0.5
4.361793191607463 | 2 | -0.5
2.5724985422367403 | 2 | -0.5
1.9790983007401834 | 2 | -0.5
1.559379086545975 | 2 | -0.5
1.3863077003479498 | 2 | -0.5
1.335947554880874 | 2 | -0.5
1.2509059141170624 | 2 | -0.5
1.2471893426186638 | 2 | -0.5
1.3728889075928083 | 2 | -0.5
1.5543498880122784 | 2 | -0.5
1.8776627020422179 | 2 | -0.5
2.3694067927790803 | 2 | -0.5
6.065343943587241 | 2 | -0.5
5.839448614676406 | 2 | -0.5
5.822539413107181 | 2 | -0.5
5.984134673114078 | 2 | -0.5
4.502762178682916 | 2 | -0.5
3.392756581408643 | 2 | -0.5
2.8478276141430765 | 2 | -0.5
2.5385985744617443 | 2 | -0.5
2.300767199680045 | 2 | -0.5
2.2203844191847626 | 2 | -0.5
2.218317379408049 | 2 | -0.5
2.2428185315108267 | 2 | -0.5
2.3843336101766988 | 2 | -0.5
2.6649635819704187 | 2 | -0.5
3.1077136260857614 | 2 | -0.5
7.260719398316504 | 2 | -0.5
6.517880572340764 | 2 | -0.5
6.150451188782082 | 2 | -0.5
6.113116014100215 | 2 | -0.5
4.913962874662683 | 2 | -0.5
2.8614013682607458 | 2 | -0.5
1.918686843955041 | 2 | -0.5
1.5453948750482893 | 2 | -0.5
1.3970396277101416 | 2 | -0.5
1.2523637623899524 | 2 | -0.5
1.2276708193312675 | 2 | -0.5
1.233490779023675 | 2 | -0.5
1.2341639126491524 | 2 | -0.5
1.3759887819966845 | 2 | -0.5
1.5265136242955497 | 2 | -0.5
1.7892708600685603 | 2 | -0.5
2.3871928039146795 | 2 | -0.5
6.008077699352826 | 2 | -0.5
5.767800029775109 | 2 | -0.5
5.867097923371802 | 2 | -0.5
5.989701171672959 | 2 | -0.5
4.058164246223782 | 2 | -0.5
3.031777218787559 | 2 | -0.5
2.6294069067397374 | 2 | -0.5
2.360094782064217 | 2 | -0.5
2.247026356703434 | 2 | -0.5
2.20643120868001 | 2 | -0.5
2.2259967409311088 | 2 | -0.5
2.297039343839638 | 2 | -0.5
2.543380055333255 | 2 | -0.5
2.9247464330791746 | 2 | -0.5
3.6099550858147804 | 2 | -0.5
6.771254021503444 | 2 | -0.5
6.341380177828234 | 2 | -0.5
6.182131628970145 | 2 | -0.5
6.12952833147309 | 2 | -0.5
3.8029801924949767 | 2 | -0.5
2.2360219204959972 | 2 | -0.5
1.7545647191987621 | 2 | -0.5
1.5457441344575857 | 2 | -0.5
1.346162165196739 | 2 | -0.5
1.2272123669859294 | 2 | -0.5
1.2163437777067978 | 2 | -0.5
1.2692238104969766 | 2 | -0.5
1.2833389171602623 | 2 | -0.5
1.4333097681972835 | 2 | -0.5
1.5894680179679346 | 2 | -0.5
2.0186756412332283 | 2 | -0.5
2.690606560535378 | 2 | -0.5
5.8181518154930245 | 2 | -0.5
5.739791063112167 | 2 | -0.5
5.831275235436828 | 2 | -0.5
5.340301216386279 | 2 | -0.5
3.559942285591942 | 2 | -0.5
2.9204162803921783 | 2 | -0.5
2.5003452528025885 | 2 | -0.5
2.2532771632566164 | 2 | -0.5
2.1862834749013116 | 2 | -0.5
2.1608239407777092 | 2 | -0.5
2.197634968349577 | 2 | -0.5
2.303984769869592 | 2 | -0.5
2.5358548975691177 | 2 | -0.5
3.0647453457491145 | 2 | -0.5
7.284794350996297 | 2 | -0.5
6.603211189367325 | 2 | -0.5
6.318342049048211 | 2 | -0.5
6.166316833612154 | 2 | -0.5
5.368795246969712 | 2 | -0.5
2.9924441085212745 | 2 | -0.5
2.1439983613706555 | 2 | -0.5
1.794191543107112 | 2 | -0.5
1.5077064564539213 | 2 | -0.5
1.4010300444346502 | 2 | -0.5
1.3254292486481511 | 2 | -0.5
1.333912419765311 | 2 | -0.5
1.3268588676695048 | 2 | -0.5
1.455599038131672 | 2 | -0.5
1.5762863406067762 | 2 | -0.5
1.9596406681522396 | 2 | -0.5
2.6910083168416454 | 2 | -0.5
5.88786870266496 | 2 | -0.5
5.684507119133034 | 2 | -0.5
5.6975968836009026 | 2 | -0.5
5.94727104968301 | 2 | -0.5
3.980702597039744 | 2 | -0.5
2.9632217587950316 | 2 | -0.5
2.5420524281702157 | 2 | -0.5
2.3095061219733175 | 2 | -0.5
2.241160542148087 | 2 | -0.5
2.1615005826575238 | 2 | -0.5
2.2138772659265613 | 2 | -0.5
2.275741844497215 | 2 | -0.5
2.473956420367259 | 2 | -0.5
2.8565499936407623 | 2 | -0.5
3.3103620362280783 | 2 | -0.5
7.162938511062659 | 2 | -0.5
6.743692115551661 | 2 | -0.5
6.381931751120603 | 2 | -0.5
6.306459744227342 | 2 | -0.5
3.5795621323347593 | 2 | -0.5
2.4001920158307475 | 2 | -0.5
1.7918235052333562 | 2 | -0.5
1.5631398251027915 | 2 | -0.5
1.3378553569861744 | 2 | -0.5
1.2387246165042702 | 2 | -0.5
1.2421511801409522 | 2 | -0.5
1.2083032511961551 | 2 | -0.5
1.277799540566166 | 2 | -0.5
1.4072765715617106 | 2 | -0.5
1.6273349331030098 | 2 | -0.5
1.9281205580750227 | 2 | -0.5
2.616418227278771 | 2 | -0.5
5.6454222502740175 | 2 | -0.5
5.483209219464289 | 2 | -0.5
5.540098864844849 | 2 | -0.5
5.818408778010731 | 2 | -0.5
3.9018126098312145 | 2 | -0.5
2.9494009969579476 | 2 | -0.5
2.5068013287015054 | 2 | -0.5
2.3097172178625835 | 2 | -0.5
2.1983200992228946 | 2 | -0.5
2.1534454461250045 | 2 | -0.5
2.1672717464175877 | 2 | -0.5
2.2820216228132795 | 2 | -0.5
2.6112392960437814 | 2 | -0.5
2.9091032984328753 | 2 | -0.5
3.5484519295098624 | 2 | -0.5
7.143725812007477 | 2 | -0.5
6.662796491086882 | 2 | -0.5
6.449424522196984 | 2 | -0.5
5.218361467761104 | 2 | -0.5
2.8253569563356633 | 2 | -0.5
1.9382096243989768 | 2 | -0.5
1.5984771952897388 | 2 | -0.5
1.4207904002879272 | 2 | -0.5
1.3070562619534152 | 2 | -0.5
1.2817102435109438 | 2 | -0.5
1.3237174757514993 | 2 | -0.5
1.3352775485933888 | 2 | -0.5
1.4283732887277993 | 2 | -0.5
1.6363816111181808 | 2 | -0.5
2.0438126602840216 | 2 | -0.5
2.7866966832864835 | 2 | -0.5
5.720499520740519 | 2 | -0.5
5.553230380117214 | 2 | -0.5
5.569999076357996 | 2 | -0.5
5.849543594372867 | 2 | -0.5
3.991431258278721 | 2 | -0.5
3.098677145350161 | 2 | -0.5
2.6281626710800325 | 2 | -0.5
2.3003976565699302 | 2 | -0.5
2.1257900538874717 | 2 | -0.5
2.063043042084164 | 2 | -0.5
2.09034568753754 | 2 | -0.5
2.1933995438716067 | 2 | -0.5
2.2787061300202827 | 2 | -0.5
2.615769370820833 | 2 | -0.5
3.251270563608155 | 2 | -0.5
7.182483141311497 | 2 | -0.5
6.611844484564423 | 2 | -0.5
6.345317914482867 | 2 | -0.5
6.345249847549694 | 2 | -0.5
4.298870462013611 | 2 | -0.5
2.5107182156089647 | 2 | -0.5
1.9335418935729458 | 2 | -0.5
1.5579086338429047 | 2 | -0.5
1.2962961455881283 | 2 | -0.5
1.2583350150060568 | 2 | -0.5
1.2029951122106095 | 2 | -0.5
1.1971915961827206 | 2 | -0.5
1.2519048473210697 | 2 | -0.5
1.3062795943811303 | 2 | -0.5
1.4798342154543094 | 2 | -0.5
1.86872234300456 | 2 | -0.5
2.3386818319892813 | 2 | -0.5
5.760315598735613 | 2 | -0.5
5.476817043623016 | 2 | -0.5
5.455698756741638 | 2 | -0.5
5.5615612434901385 | 2 | -0.5
4.908929730514982 | 2 | -0.5
3.4568529239332646 | 2 | -0.5
2.7039209030017854 | 2 | -0.5
2.429605840606851 | 2 | -0.5
2.2471877903547584 | 2 | -0.5
2.1394135426444296 | 2 | -0.5
2.1292739440955954 | 2 | -0.5
2.1646170880907363 | 2 | -0.5
2.364321886649421 | 2 | -0.5
2.722127226461409 | 2 | -0.5
3.3331009017729527 | 2 | -0.5
7.247487053424096 | 2 | -0.5
6.742704148175579 | 2 | -0.5
6.546558980631504 | 2 | -0.5
6.571601969775506 | 2 | -0.5
3.6411866530927943 | 2 | -0.5
2.3950232786369328 | 2 | -0.5
1.8660563943522677 | 2 | -0.5
1.5667683241978054 | 2 | -0.5
1.3890194206785949 | 2 | -0.5
1.3373799057384628 | 2 | -0.5
1.3033859973611994 | 2 | -0.5
1.3339449222937059 | 2 | -0.5
1.4032508628235005 | 2 | -0.5
1.498213112115018 | 2 | -0.5
1.6981213402379416 | 2 | -0.5
2.0135281096361015 | 2 | -0.5
6.027097636992197 | 2 | -0.5
5.571537981843558 | 2 | -0.5
5.426490867193591 | 2 | -0.5
5.483764619751643 | 2 | -0.5
5.772793494313636 | 2 | -0.5
3.940664855704735 | 2 | -0.5
3.0932763019982676 | 2 | -0.5
2.6375786660744898 | 2 | -0.5
2.3217086159042823 | 2 | -0.5
2.121509695231404 | 2 | -0.5
2.0586147675189963 | 2 | -0.5
2.113066015322583 | 2 | -0.5
2.1290490054616664 | 2 | -0.5
2.2939570474863706 | 2 | -0.5
2.623378046766539 | 2 | -0.5
3.1773874227255763 | 2 | -0.5
7.254317116552701 | 2 | -0.5
6.7006405827149935 | 2 | -0.5
6.498987190122542 | 2 | -0.5
6.484733681617587 | 2 | -0.5
4.391506627828684 | 2 | -0.5
2.572995438041607 | 2 | -0.5
1.9015194546231282 | 2 | -0.5
1.605153523660979 | 2 | -0.5
1.5021440118157567 | 2 | -0.5
1.381789282389795 | 2 | -0.5
1.368304556281741 | 2 | -0.5
1.3851479960280242 | 2 | -0.5
1.4626011877091987 | 2 | -0.5
1.5323347690897713 | 2 | -0.5
1.7788672305991375 | 2 | -0.5
2.169644145559973 | 2 | -0.5
6.026484260524237 | 2 | -0.5
5.630781965134755 | 2 | -0.5
5.435832157592334 | 2 | -0.5
5.434436407902868 | 2 | -0.5
5.675426457899277 | 2 | -0.5
3.7509311487699 | 2 | -0.5
2.778717086845295 | 2 | -0.5
2.376508701844985 | 2 | -0.5
2.12784791980857 | 2 | -0.5
1.980884993190848 | 2 | -0.5
1.9863356216258587 | 2 | -0.5
2.0410598743901747 | 2 | -0.5
2.17332781650107 | 2 | -0.5
2.433845285495865 | 2 | -0.5
2.9921583969924397 | 2 | -0.5
3.6475107351050045 | 2 | -0.5
6.92016090156807 | 2 | -0.5
6.684401854291818 | 2 | -0.5
6.511493414887856 | 2 | -0.5
5.176781532578773 | 2 | -0.5
2.7664858207986893 | 2 | -0.5
2.25061809562447 | 2 | -0.5
1.8149029734305608 | 2 | -0.5
1.70859908195695 | 2 | -0.5
1.5381710179945747 | 2 | -0.5
1.4477172088243069 | 2 | -0.5
1.4823453628426424 | 2 | -0.5
1.5158388126373157 | 2 | -0.5
1.678231641473113 | 2 | -0.5
1.869309412448358 | 2 | -0.5
2.3452712682073935 | 2 | -0.5
6.001724846018593 | 2 | -0.5
5.506217784573577 | 2 | -0.5
5.3547726222510175 | 2 | -0.5
5.418986326677069 | 2 | -0.5
4.830427294746973 | 2 | -0.5
3.2109210487033932 | 2 | -0.5
2.576131689849288 | 2 | -0.5
2.2193340293877526 | 2 | -0.5
1.99105784224447 | 2 | -0.5
1.8989419869446096 | 2 | -0.5
1.8710580441096105 | 2 | -0.5
1.9479496069321314 | 2 | -0.5
2.036139522162278 | 2 | -0.5
2.254917480905476 | 2 | -0.5
2.6451981181789983 | 2 | -0.5
3.3967674288277823 | 2 | -0.5
6.962783618279872 | 2 | -0.5
6.625828905769328 | 2 | -0.5
6.543250297800458 | 2 | -0.5
5.611723390162473 | 2 | -0.5
3.297468991872309 | 2 | -0.5
2.2999140514275087 | 2 | -0.5
1.9360745999880553 | 2 | -0.5
1.6829615054391802 | 2 | -0.5
1.559916091757676 | 2 | -0.5
1.547591954822384 | 2 | -0.5
1.5338384421347215 | 2 | -0.5
1.5339068707255807 | 2 | -0.5
1.6484594092051514 | 2 | -0.5
1.9079085173988204 | 2 | -0.5
2.321302707280332 | 2 | -0.5
5.826352198089419 | 2 | -0.5
5.402889736968835 | 2 | -0.5
5.275487990662672 | 2 | -0.5
5.333779236008823 | 2 | -0.5
5.2220333256193765 | 2 | -0.5
3.4996806827001397 | 2 | -0.5
2.892192224231739 | 2 | -0.5
2.374160026049566 | 2 | -0.5
2.103568924486661 | 2 | -0.5
1.963500016719577 | 2 | -0.5
1.9386206787604645 | 2 | -0.5
1.898938115742611 | 2 | -0.5
1.9933738706658815 | 2 | -0.5
2.1866245330915133 | 2 | -0.5
2.454514236721073 | 2 | -0.5
3.1297151150921 | 2 | -0.5
7.287553201859499 | 2 | -0.5
6.861657397251686 | 2 | -0.5
6.647218899884378 | 2 | -0.5
6.766133219453776 | 2 | -0.5
3.955489199808848 | 2 | -0.5
2.7605161358116757 | 2 | -0.5
2.205969528036399 | 2 | -0.5
1.8475053795149412 | 2 | -0.5
1.6119854262207314 | 2 | -0.5
1.5645923134105943 | 2 | -0.5
1.5334649450362174 | 2 | -0.5
1.5242572261832024 | 2 | -0.5
1.623985420787343 | 2 | -0.5
1.7225012166996936 | 2 | -0.5
1.9667846461325404 | 2 | -0.5
2.419823128828562 | 2 | -0.5
5.8351328413363115 | 2 | -0.5
5.455124045500233 | 2 | -0.5
5.344624918241216 | 2 | -0.5
5.34713888811933 | 2 | -0.5
5.400837373796879 | 2 | -0.5
3.591659829377032 | 2 | -0.5
2.769020227160498 | 2 | -0.5
2.3085223797933856 | 2 | -0.5
2.045180344622192 | 2 | -0.5
1.9711527667822293 | 2 | -0.5
1.9325732443883423 | 2 | -0.5
1.9728726906475007 | 2 | -0.5
2.1148462430602724 | 2 | -0.5
2.2635363464292504 | 2 | -0.5
2.7541023124466757 | 2 | -0.5
3.500482691073241 | 2 | -0.5
6.895481554810165 | 2 | -0.5
6.548311761743355 | 2 | -0.5
6.591821214966445 | 2 | -0.5
4.90625182117216 | 2 | -0.5
2.9674644649683026 | 2 | -0.5
2.061946078639978 | 2 | -0.5
1.70432318201621 | 2 | -0.5
1.525582631855308 | 2 | -0.5
1.4416123791825302 | 2 | -0.5
1.4776681934832476 | 2 | -0.5
1.4756553214372805 | 2 | -0.5
1.549715890556929 | 2 | -0.5
1.6586829204306939 | 2 | -0.5
2.0370682699610443 | 2 | -0.5
2.631064099781705 | 2 | -0.5
5.5454827589373075 | 2 | -0.5
5.3228420177770435 | 2 | -0.5
5.296886221512762 | 2 | -0.5
5.475360613652524 | 2 | -0.5
3.9949727695896646 | 2 | -0.5
2.958948593007401 | 2 | -0.5
2.3841971136973417 | 2 | -0.5
2.1363012900190164 | 2 | -0.5
1.985708952209682 | 2 | -0.5
1.9003654005796777 | 2 | -0.5
1.9050688838113263 | 2 | -0.5
1.9958119651987054 | 2 | -0.5
2.0576165866450533 | 2 | -0.5
2.3243269073256116 | 2 | -0.5
2.751036713293128 | 2 | -0.5
3.4547865113147025 | 2 | -0.5
7.006826687654501 | 2 | -0.5
6.632686305132579 | 2 | -0.5
6.597451740091315 | 2 | -0.5
5.217916997184268 | 2 | -0.5
3.250859622875895 | 2 | -0.5
2.5154945497192776 | 2 | -0.5
1.968815473087914 | 2 | -0.5
1.7220024018229232 | 2 | -0.5
1.5630868977240757 | 2 | -0.5
1.4570585743660798 | 2 | -0.5
1.4635765614162162 | 2 | -0.5
1.523123108372542 | 2 | -0.5
1.6001203166638949 | 2 | -0.5
1.7740279235884977 | 2 | -0.5
2.0983544331681827 | 2 | -0.5
6.136208598652819 | 2 | -0.5
5.593347175705089 | 2 | -0.5
5.337010956654453 | 2 | -0.5
5.266867884951696 | 2 | -0.5
5.400320811685743 | 2 | -0.5
4.294054758882798 | 2 | -0.5
3.071753914364492 | 2 | -0.5
2.47411236456647 | 2 | -0.5
2.174425488162708 | 2 | -0.5
2.0629882628922873 | 2 | -0.5
1.9557136628107028 | 2 | -0.5
1.951645921167283 | 2 | -0.5
2.06962774606414 | 2 | -0.5
2.1818506826352593 | 2 | -0.5
2.534847840207453 | 2 | -0.5
3.00770141907372 | 2 | -0.5
4.033264873776992 | 2 | -0.5
6.942353850769615 | 2 | -0.5
6.74896143457324 | 2 | -0.5
6.787342165091361 | 2 | -0.5
4.185461911942066 | 2 | -0.5
2.8371961565235067 | 2 | -0.5
2.2631171976539104 | 2 | -0.5
1.8430936209008295 | 2 | -0.5
1.653036148088553 | 2 | -0.5
1.5755669653695288 | 2 | -0.5
1.5527025043236773 | 2 | -0.5
1.541107221422392 | 2 | -0.5
1.6009174302054654 | 2 | -0.5
1.8105253484546553 | 2 | -0.5
2.0432524750113465 | 2 | -0.5
2.4740165254855544 | 2 | -0.5
5.816875379105444 | 2 | -0.5
5.372331677969075 | 2 | -0.5
5.198773727231989 | 2 | -0.5
5.221631979706805 | 2 | -0.5
4.958790725125074 | 2 | -0.5
3.254883005276518 | 2 | -0.5
2.6278634609557665 | 2 | -0.5
2.212480051535602 | 2 | -0.5
1.9954259617844003 | 2 | -0.5
1.9239769255762502 | 2 | -0.5
1.822681119266056 | 2 | -0.5
1.8003405829802699 | 2 | -0.5
1.8272262543876483 | 2 | -0.5
1.9282659017491264 | 2 | -0.5
2.1116987168332493 | 2 | -0.5
2.4498903988516085 | 2 | -0.5
3.20200254520479 | 2 | -0.5
7.207279797375531 | 2 | -0.5
6.862505303039295 | 2 | -0.5
6.793390906767208 | 2 | -0.5
6.944356296185365 | 2 | -0.5
3.678245283652684 | 2 | -0.5
2.7768277071430854 | 2 | -0.5
2.2128717698041265 | 2 | -0.5
1.9285917859612833 | 2 | -0.5
1.751272793474842 | 2 | -0.5
1.677594397203661 | 2 | -0.5
1.6051702907052496 | 2 | -0.5
1.6175877394626283 | 2 | -0.5
1.6836398990104466 | 2 | -0.5
1.829167601447767 | 2 | -0.5
2.1444457614361947 | 2 | -0.5
6.1813283353463335 | 2 | -0.5
5.495586934107731 | 2 | -0.5
5.201597528122394 | 2 | -0.5
5.122420534104 | 2 | -0.5
5.243986441668499 | 2 | -0.5
3.882556609261411 | 2 | -0.5
2.7204154155191187 | 2 | -0.5
2.214039871911769 | 2 | -0.5
1.9387532824686393 | 2 | -0.5
1.8045605975774621 | 2 | -0.5
1.7483205494808052 | 2 | -0.5
1.72761526145407 | 2 | -0.5
1.8000616878579037 | 2 | -0.5
1.9758956511544896 | 2 | -0.5
2.1611280949890848 | 2 | -0.5
2.5818772048444663 | 2 | -0.5
3.4837301575191693 | 2 | -0.5
7.054366787117495 | 2 | -0.5
6.83511540996501 | 2 | -0.5
6.775017304257658 | 2 | -0.5
4.823661250226318 | 2 | -0.5
3.221915212223951 | 2 | -0.5
2.485411325343061 | 2 | -0.5
2.0623467776068 | 2 | -0.5
1.821183978321012 | 2 | -0.5
1.7278223784503248 | 2 | -0.5
1.698467844426367 | 2 | -0.5
1.6577297504350068 | 2 | -0.5
1.7317874978889285 | 2 | -0.5
1.8347451960180179 | 2 | -0.5
2.0583209799843663 | 2 | -0.5
2.4174171678229275 | 2 | -0.5
5.971857920312097 | 2 | -0.5
5.475337262531038 | 2 | -0.5
5.153847754413139 | 2 | -0.5
5.115629525258279 | 2 | -0.5
5.212239758913045 | 2 | -0.5
3.7277325554011744 | 2 | -0.5
2.8660689119184366 | 2 | -0.5
2.236485044951417 | 2 | -0.5
2.0235701359308815 | 2 | -0.5
1.844199214445616 | 2 | -0.5
1.7500355617330292 | 2 | -0.5
1.7713081189384765 | 2 | -0.5
1.761686620047024 | 2 | -0.5
1.808529470994403 | 2 | -0.5
1.9475882164621576 | 2 | -0.5
2.2562125403026037 | 2 | -0.5
2.677727414793478 | 2 | -0.5
3.6353185920288786 | 2 | -0.5
7.077348659729256 | 2 | -0.5
6.859674541882915 | 2 | -0.5
6.818193818448673 | 2 | -0.5
5.429902912334094 | 2 | -0.5
3.3148300116658085 | 2 | -0.5
2.684499087044478 | 2 | -0.5
2.136816971665266 | 2 | -0.5
1.9148072573629402 | 2 | -0.5
1.7869735273930671 | 2 | -0.5
1.6961642792688703 | 2 | -0.5
1.7058374832591117 | 2 | -0.5
1.7757880240171788 | 2 | -0.5
1.8458540937642445 | 2 | -0.5
2.112213616625954 | 2 | -0.5
2.4930820516825816 | 2 | -0.5
5.895937702980576 | 2 | -0.5
5.427353854721854 | 2 | -0.5
5.17654488087497 | 2 | -0.5
5.181920594341592 | 2 | -0.5
5.3528734581934305 | 2 | -0.5
3.5365817863320963 | 2 | -0.5
2.651684543321079 | 2 | -0.5
2.21415519418609 | 2 | -0.5
1.9636238620630575 | 2 | -0.5
1.834503256981283 | 2 | -0.5
1.745480035849392 | 2 | -0.5
1.7708887923056302 | 2 | -0.5
1.8442158025400814 | 2 | -0.5
2.0118373506201643 | 2 | -0.5
2.2373260665407124 | 2 | -0.5
2.6217531402887695 | 2 | -0.5
3.5706732511017107 | 2 | -0.5
7.063709660823078 | 2 | -0.5
6.858385941030531 | 2 | -0.5
6.861257655432192 | 2 | -0.5
5.426081436406799 | 2 | -0.5
3.092437075163942 | 2 | -0.5
2.3568979390626987 | 2 | -0.5
1.9916598617179246 | 2 | -0.5
1.8062810543949162 | 2 | -0.5
1.6795533430717438 | 2 | -0.5
1.6491080132699298 | 2 | -0.5
1.7006885131855105 | 2 | -0.5
1.7939220606121016 | 2 | -0.5
1.937543293714538 | 2 | -0.5
2.3060013656360723 | 2 | -0.5
5.884493128694376 | 2 | -0.5
5.407411071758144 | 2 | -0.5
5.1525519743959745 | 2 | -0.5
5.0935964445332615 | 2 | -0.5
5.219969093847415 | 2 | -0.5
4.025824143078772 | 2 | -0.5
2.803966262465488 | 2 | -0.5
2.2300920330609446 | 2 | -0.5
1.9548229224921916 | 2 | -0.5
1.773266920831574 | 2 | -0.5
1.669780903457736 | 2 | -0.5
1.6599501824238223 | 2 | -0.5
1.6771600555445998 | 2 | -0.5
1.812022665751425 | 2 | -0.5
2.0380333384126392 | 2 | -0.5
2.374861734086306 | 2 | -0.5
3.187496813295045 | 2 | -0.5
7.093641022216738 | 2 | -0.5
6.765379813486615 | 2 | -0.5
6.838360505569575 | 2 | -0.5
4.777142406903843 | 2 | -0.5
3.11697358874828 | 2 | -0.5
2.408176016539425 | 2 | -0.5
2.001920642657358 | 2 | -0.5
1.7565330597061777 | 2 | -0.5
1.6855954796442654 | 2 | -0.5
1.674669138935094 | 2 | -0.5
1.7019072618826268 | 2 | -0.5
1.8239337435072287 | 2 | -0.5
2.009223438321168 | 2 | -0.5
2.457077219988186 | 2 | -0.5
5.741123838807168 | 2 | -0.5
5.278662223940268 | 2 | -0.5
5.102518024906931 | 2 | -0.5
5.147073839895272 | 2 | -0.5
4.80923535355965 | 2 | -0.5
3.1467401393389074 | 2 | -0.5
2.382457062737594 | 2 | -0.5
1.9226924385449073 | 2 | -0.5
1.7622386534851424 | 2 | -0.5
1.689699532279025 | 2 | -0.5
1.679342323866065 | 2 | -0.5
1.7130233530420311 | 2 | -0.5
1.8435901382275646 | 2 | -0.5
2.050344131725555 | 2 | -0.5
2.5018637210690624 | 2 | -0.5
3.4529362989105503 | 2 | -0.5
7.001727176935393 | 2 | -0.5
6.6992252286246 | 2 | -0.5
6.761827066272235 | 2 | -0.5
5.5748743958147 | 2 | -0.5
3.4556176227583384 | 2 | -0.5
2.6950496416485215 | 2 | -0.5
2.2656862969974694 | 2 | -0.5
2.029776755298531 | 2 | -0.5
1.8239027192623247 | 2 | -0.5
1.7697790853055486 | 2 | -0.5
1.7528651740487322 | 2 | -0.5
1.8550295997901365 | 2 | -0.5
1.9909101273916474 | 2 | -0.5
2.3560689419026737 | 2 | -0.5
2.738556144106613 | 2 | -0.5
5.751413521496001 | 2 | -0.5
5.394633103606588 | 2 | -0.5
5.25829625161177 | 2 | -0.5
5.338835433005191 | 2 | -0.5
4.657138416022719 | 2 | -0.5
3.2325766241841807 | 2 | -0.5
2.445294983688919 | 2 | -0.5
2.0950444332929337 | 2 | -0.5
1.8846423615046335 | 2 | -0.5
1.8082908907213344 | 2 | -0.5
1.7737481378594202 | 2 | -0.5
1.7674728938337838 | 2 | -0.5
1.8489915211038 | 2 | -0.5
2.0976213599822056 | 2 | -0.5
2.421952448469382 | 2 | -0.5
3.3395798885292924 | 2 | -0.5
6.927472512771204 | 2 | -0.5
6.663212910821486 | 2 | -0.5
6.687418073253998 | 2 | -0.5
5.533029174537599 | 2 | -0.5
3.61310244366456 | 2 | -0.5
2.657183865866594 | 2 | -0.5
2.171173654182065 | 2 | -0.5
1.8713332084727818 | 2 | -0.5
1.7827548579994081 | 2 | -0.5
1.6923105060909365 | 2 | -0.5
1.7035161807581143 | 2 | -0.5
1.7681671613583172 | 2 | -0.5
1.8673217370012958 | 2 | -0.5
2.137601608766697 | 2 | -0.5
2.554001573359105 | 2 | -0.5
5.926861010685242 | 2 | -0.5
5.454440673742852 | 2 | -0.5
5.299804173483064 | 2 | -0.5
5.254656569391125 | 2 | -0.5
5.205195591625368 | 2 | -0.5
3.2803379170438025 | 2 | -0.5
2.5503946613376964 | 2 | -0.5
2.09518008525236 | 2 | -0.5
1.8629964110287456 | 2 | -0.5
1.813792118416068 | 2 | -0.5
1.7713696793890237 | 2 | -0.5
1.738418818844176 | 2 | -0.5
1.8787205242686318 | 2 | -0.5
Total reward: -423.0
-2.8, 1.5, -2.0, 0.4, -2.4, 5.6, 4.9, 0.0, -0.6, -4.1, -5.5, 2.1, -3.0, -1.3, 5.5, -2.1, 2.2, -0.4
parameter ends

state | action | reward
[10.19] | 0 | 5.0
10.130744335464664 | 0 | 5.0
10.061177612855891 | 0 | 5.0
10.180447605456264 | 2 | -0.5
5.7223475051168595 | 2 | -0.5
4.0819523543657485 | 2 | -0.5
3.1837885183995707 | 2 | -0.5
2.7760167271610143 | 2 | -0.5
2.53994903662066 | 2 | -0.5
2.4826243757316755 | 2 | -0.5
2.483766643476778 | 2 | -0.5
2.6301286455535617 | 0 | 5.0
2.5850688759951335 | 2 | -0.5
2.7911527723686826 | 2 | -0.5
3.0606653291280317 | 2 | -0.5
2.6674284705373292 | 2 | -0.5
2.4270105328575204 | 2 | -0.5
2.231318827781727 | 2 | -0.5
2.1429757956567257 | 2 | -0.5
2.141363547947791 | 2 | -0.5
2.240643899462451 | 2 | -0.5
2.446601492690404 | 2 | -0.5
2.8647558701309395 | 2 | -0.5
3.4908964172298824 | 2 | -0.5
4.933445092863641 | 2 | -0.5
8.910222659224756 | 2 | -0.5
9.48739637516204 | 2 | -0.5
4.873708754920513 | 2 | -0.5
2.7428879900865826 | 2 | -0.5
2.121913135019083 | 2 | -0.5
1.6697619072874432 | 2 | -0.5
1.7734745653192778 | 2 | -0.5
2.7280337776243035 | 2 | -0.5
5.3865552774181795 | 0 | 5.0
4.6355543603655 | 0 | 5.0
4.4665392542845925 | 0 | 5.0
2.3028165731115897 | 0 | 5.0
1.3817925366901276 | 0 | 5.0
1.4192149071935687 | 0 | 5.0
1.415679500300968 | 0 | 5.0
1.4525305618692737 | 0 | 5.0
1.4779686515700214 | 0 | 5.0
1.4842544133098092 | 0 | 5.0
1.5044831633631581 | 0 | 5.0
1.5319467947809497 | 0 | 5.0
1.5277809947365224 | 2 | -0.5
1.5586616077470898 | 2 | -0.5
1.6220113913834784 | 2 | -0.5
1.7281757230854682 | 2 | -0.5
1.9957702002933384 | 2 | -0.5
6.11472196393643 | 2 | -0.5
5.355916091679099 | 2 | -0.5
4.936668989961169 | 2 | -0.5
4.759879529583901 | 2 | -0.5
4.773382913014777 | 2 | -0.5
4.652589312326568 | 2 | -0.5
3.01932305070222 | 2 | -0.5
2.4339586282749788 | 2 | -0.5
2.0537862438613113 | 2 | -0.5
1.8751374886852483 | 2 | -0.5
1.755892974883901 | 2 | -0.5
1.698350330183243 | 2 | -0.5
1.756351168699768 | 2 | -0.5
1.820322357914362 | 2 | -0.5
1.9832487180220442 | 2 | -0.5
2.3758359403268705 | 2 | -0.5
3.0107248726479248 | 2 | -0.5
4.596732204955908 | 2 | -0.5
7.266266100094619 | 2 | -0.5
7.201774493575541 | 2 | -0.5
7.4727925109257765 | 2 | -0.5
3.4100443175355752 | 2 | -0.5
2.5137099518217982 | 2 | -0.5
2.071708221810557 | 2 | -0.5
1.8874829336490684 | 2 | -0.5
1.7739358801256966 | 2 | -0.5
1.723437555063034 | 0 | 5.0
1.6968880414042629 | 2 | -0.5
1.7221153273066845 | 2 | -0.5
1.8212937124610482 | 2 | -0.5
1.9854212809984144 | 2 | -0.5
2.3029527038606368 | 2 | -0.5
5.940842425496077 | 2 | -0.5
5.400912030807383 | 2 | -0.5
4.983593390165757 | 2 | -0.5
4.881687145166382 | 2 | -0.5
4.894658160941658 | 2 | -0.5
4.782154623399949 | 2 | -0.5
3.1790317280468114 | 2 | -0.5
2.4234762077205443 | 2 | -0.5
2.0327712808819025 | 2 | -0.5
1.7974496027764675 | 2 | -0.5
1.7022834843505756 | 2 | -0.5
1.6269514294408023 | 2 | -0.5
1.676896464965947 | 2 | -0.5
1.7841744785435192 | 2 | -0.5
1.9882365601980956 | 2 | -0.5
2.277362012192194 | 2 | -0.5
2.979764385209397 | 2 | -0.5
4.403180650899869 | 2 | -0.5
7.090455304432922 | 2 | -0.5
7.029159305035824 | 2 | -0.5
7.228115549766145 | 2 | -0.5
3.240630216083093 | 2 | -0.5
2.5342465848124194 | 2 | -0.5
2.138819539296761 | 2 | -0.5
1.9127348963532522 | 2 | -0.5
1.8094523519825452 | 2 | -0.5
1.7360525005318017 | 2 | -0.5
1.7090011131790008 | 2 | -0.5
1.7607084111931959 | 2 | -0.5
1.8524970746112863 | 2 | -0.5
2.119542606960387 | 2 | -0.5
2.4310076632237747 | 2 | -0.5
5.6073710652633295 | 2 | -0.5
5.173055025318239 | 2 | -0.5
4.907424686309198 | 2 | -0.5
4.839931708028268 | 2 | -0.5
4.942440603912742 | 2 | -0.5
3.5751739812451184 | 2 | -0.5
2.5711544881318837 | 2 | -0.5
2.1167557925629295 | 2 | -0.5
1.8097468435346213 | 2 | -0.5
1.7022787013345841 | 2 | -0.5
1.6644775559395646 | 2 | -0.5
1.6755037520522205 | 2 | -0.5
1.6828412052013626 | 2 | -0.5
1.8984676877233837 | 2 | -0.5
2.1970801361737156 | 2 | -0.5
2.6694231195899074 | 2 | -0.5
3.9285143872432213 | 2 | -0.5
7.096982612253331 | 2 | -0.5
6.96780169504483 | 2 | -0.5
7.130558520004651 | 2 | -0.5
3.767090874184275 | 2 | -0.5
2.870418064388748 | 2 | -0.5
2.4046016311488096 | 2 | -0.5
2.019021091436581 | 2 | -0.5
1.855790495045268 | 2 | -0.5
1.7104531098476357 | 2 | -0.5
1.7257136430837388 | 2 | -0.5
1.7045482632950086 | 2 | -0.5
1.8568038514154743 | 2 | -0.5
2.1248675658768508 | 2 | -0.5
6.131943072490756 | 2 | -0.5
5.394365295378388 | 2 | -0.5
4.929881102551587 | 2 | -0.5
4.827125711159898 | 2 | -0.5
4.9034303813952205 | 2 | -0.5
4.111911662966979 | 2 | -0.5
2.9178103790374665 | 2 | -0.5
2.403348871685156 | 2 | -0.5
2.0628366992247247 | 2 | -0.5
1.8307176889578824 | 2 | -0.5
1.7229903719150736 | 2 | -0.5
1.7125262889033894 | 2 | -0.5
1.7523028396170421 | 2 | -0.5
1.8072602365862476 | 2 | -0.5
2.0344463493232605 | 2 | -0.5
2.3980204815622757 | 2 | -0.5
3.214026321533048 | 2 | -0.5
4.519359496993074 | 2 | -0.5
7.20133544497187 | 2 | -0.5
7.108678115910565 | 2 | -0.5
7.184955213867329 | 2 | -0.5
4.118601632980594 | 2 | -0.5
2.79023124838203 | 2 | -0.5
2.200190839405418 | 2 | -0.5
1.8963487669054504 | 2 | -0.5
1.72132011852667 | 2 | -0.5
1.6895877889323874 | 2 | -0.5
1.6681992499763068 | 2 | -0.5
1.6925434679090487 | 2 | -0.5
1.856950540098336 | 2 | -0.5
2.075384246931389 | 2 | -0.5
6.423372575954253 | 2 | -0.5
5.647854881529185 | 2 | -0.5
5.183655933850642 | 2 | -0.5
4.9361655774926945 | 2 | -0.5
4.848319415679625 | 2 | -0.5
4.902558602343641 | 2 | -0.5
4.375516627208804 | 2 | -0.5
3.077026863344983 | 2 | -0.5
2.526427761564784 | 2 | -0.5
2.095243386411826 | 2 | -0.5
1.8525771925912868 | 2 | -0.5
1.79882448699177 | 2 | -0.5
1.7433260225806528 | 2 | -0.5
1.8276760640357648 | 2 | -0.5
1.954483739251065 | 2 | -0.5
2.2066745149491784 | 2 | -0.5
2.817930786999469 | 2 | -0.5
3.8277356553541835 | 2 | -0.5
7.106429091084827 | 2 | -0.5
7.085362463327158 | 2 | -0.5
7.223638869610348 | 2 | -0.5
7.6313206673165945 | 2 | -0.5
3.0218861445600926 | 2 | -0.5
2.3788284899499157 | 2 | -0.5
2.053599878779381 | 2 | -0.5
1.8270297899405241 | 2 | -0.5
1.7349412101175847 | 2 | -0.5
1.722754665951167 | 0 | 5.0
1.7373499314825418 | 2 | -0.5
1.7543527727616481 | 2 | -0.5
1.897218263070064 | 2 | -0.5
2.101146385574516 | 2 | -0.5
2.405373248197207 | 2 | -0.5
5.781520278709293 | 2 | -0.5
5.309298055976897 | 2 | -0.5
5.059810158236091 | 2 | -0.5
4.95563284072644 | 2 | -0.5
5.054891253393786 | 2 | -0.5
3.6140422179527967 | 2 | -0.5
2.640785372639882 | 2 | -0.5
2.1662007891700608 | 2 | -0.5
1.8714086387558186 | 2 | -0.5
1.7250862727596288 | 2 | -0.5
1.6764644172186403 | 2 | -0.5
1.6428217259494207 | 2 | -0.5
1.6987508762121661 | 2 | -0.5
1.8310532361240168 | 2 | -0.5
1.9757246787500145 | 2 | -0.5
2.3493959858810474 | 2 | -0.5
2.944614485131497 | 2 | -0.5
4.196692622699182 | 2 | -0.5
7.059596977668962 | 2 | -0.5
6.991032665320999 | 2 | -0.5
7.176210804518934 | 2 | -0.5
3.7164626160358494 | 2 | -0.5
2.67984540134558 | 2 | -0.5
2.202425340592243 | 2 | -0.5
1.9625461104902902 | 2 | -0.5
1.820792125078602 | 2 | -0.5
1.7730836340890888 | 2 | -0.5
1.8034184256307189 | 2 | -0.5
1.8717230592023082 | 2 | -0.5
2.0314373173915223 | 2 | -0.5
2.3267947281639376 | 2 | -0.5
5.999876718824953 | 2 | -0.5
5.490838241647834 | 2 | -0.5
5.113415280351955 | 2 | -0.5
4.945507728006644 | 2 | -0.5
4.953883790840423 | 2 | -0.5
4.853984605816992 | 2 | -0.5
3.0809947104831914 | 2 | -0.5
2.335618018670181 | 2 | -0.5
1.9373073474046705 | 2 | -0.5
1.7262654379738294 | 2 | -0.5
1.62138403646496 | 2 | -0.5
1.5471287001006926 | 2 | -0.5
1.6074428291389709 | 2 | -0.5
1.6889978117623714 | 2 | -0.5
1.748441803683051 | 2 | -0.5
1.9326369295151091 | 2 | -0.5
2.380294254011318 | 2 | -0.5
3.1534351448596656 | 2 | -0.5
5.279925387274535 | 2 | -0.5
6.924664497411719 | 2 | -0.5
6.934765416135993 | 2 | -0.5
7.227406825606138 | 2 | -0.5
3.55179926723428 | 2 | -0.5
2.711501496920767 | 2 | -0.5
2.324963234342209 | 2 | -0.5
2.0611989221755884 | 2 | -0.5
1.9193584695050616 | 2 | -0.5
1.8588836936077318 | 2 | -0.5
1.8600488995552895 | 0 | 5.0
1.8735559100421268 | 2 | -0.5
1.9009173713344956 | 2 | -0.5
2.061571419118952 | 2 | -0.5
2.260075642151768 | 2 | -0.5
2.68396889270349 | 2 | -0.5
6.0180119989556715 | 2 | -0.5
5.531994850151428 | 2 | -0.5
5.2919328115461 | 2 | -0.5
5.220007676567569 | 2 | -0.5
5.365762557688914 | 2 | -0.5
3.2780618658886316 | 2 | -0.5
2.3399694730825806 | 2 | -0.5
1.9600647572134913 | 2 | -0.5
1.73392022955103 | 2 | -0.5
1.6022822852596728 | 2 | -0.5
1.6071620253722538 | 2 | -0.5
1.5879617322337207 | 2 | -0.5
1.6816150885996561 | 2 | -0.5
1.8589370096460474 | 2 | -0.5
2.1626518584872345 | 2 | -0.5
2.6758279676092216 | 2 | -0.5
3.5592516513604546 | 2 | -0.5
5.565872411544916 | 2 | -0.5
6.767588120566641 | 2 | -0.5
6.79271389421704 | 2 | -0.5
7.155634350828367 | 2 | -0.5
3.5966333263657235 | 2 | -0.5
2.8956048795162266 | 2 | -0.5
2.45074640275939 | 2 | -0.5
2.1258686862999543 | 2 | -0.5
1.9617814416155535 | 2 | -0.5
1.8974336494393156 | 2 | -0.5
1.8902554868727575 | 2 | -0.5
1.8980886845089269 | 2 | -0.5
2.041826354452451 | 2 | -0.5
2.2582974285618582 | 2 | -0.5
2.6969974614784 | 2 | -0.5
6.075617389168313 | 2 | -0.5
5.546741714539451 | 2 | -0.5
5.183839605382728 | 2 | -0.5
5.143098672994865 | 2 | -0.5
5.280059996533898 | 2 | -0.5
3.029583491532166 | 2 | -0.5
2.2570083343938787 | 2 | -0.5
1.882541681081224 | 2 | -0.5
1.6490664689781078 | 2 | -0.5
1.539099897337324 | 2 | -0.5
1.4847524209882403 | 2 | -0.5
1.5128731583196855 | 2 | -0.5
1.527894516332246 | 2 | -0.5
1.6764313302370124 | 2 | -0.5
2.0775067382504107 | 2 | -0.5
2.52607472826102 | 2 | -0.5
3.6180307110514454 | 2 | -0.5
6.871106477270495 | 2 | -0.5
6.675710636884662 | 2 | -0.5
6.86862941935876 | 2 | -0.5
7.206902987966921 | 2 | -0.5
3.1746834587373094 | 2 | -0.5
2.509368310389712 | 2 | -0.5
2.1903669330879745 | 2 | -0.5
1.9935787426340656 | 2 | -0.5
1.8887928442438602 | 2 | -0.5
1.8732608804620152 | 2 | -0.5
1.9116008886068994 | 2 | -0.5
2.02622581781641 | 2 | -0.5
2.278353346715912 | 2 | -0.5
2.695563281578048 | 2 | -0.5
6.242935181556679 | 2 | -0.5
5.6636571294459275 | 2 | -0.5
5.387668655383172 | 2 | -0.5
5.2740734437493275 | 2 | -0.5
5.423011493348879 | 2 | -0.5
3.4878712154555336 | 2 | -0.5
2.5003454583685416 | 2 | -0.5
2.1140652608681094 | 2 | -0.5
1.8083011663898636 | 2 | -0.5
1.7040741885566426 | 2 | -0.5
1.598508272037947 | 2 | -0.5
1.5774966810585973 | 2 | -0.5
1.6029829711162091 | 2 | -0.5
1.679331051961388 | 2 | -0.5
1.8383672015732357 | 2 | -0.5
2.138191032760194 | 2 | -0.5
2.652702658759965 | 2 | -0.5
3.5903066265146637 | 2 | -0.5
6.537363699964853 | 2 | -0.5
6.730827102528373 | 2 | -0.5
6.86109480639161 | 2 | -0.5
7.209908722300765 | 2 | -0.5
3.113157777151587 | 2 | -0.5
2.4554652891044713 | 2 | -0.5
2.177043469262226 | 2 | -0.5
1.929023869550298 | 2 | -0.5
1.8404755760490636 | 2 | -0.5
1.8724793566607483 | 2 | -0.5
1.8892439239416752 | 2 | -0.5
2.0472112457060225 | 2 | -0.5
2.2900133043630673 | 2 | -0.5
2.7181169581791838 | 2 | -0.5
5.891743224625359 | 2 | -0.5
5.446617077277524 | 2 | -0.5
5.261868119869048 | 2 | -0.5
5.274830921436563 | 2 | -0.5
5.4077088822248305 | 2 | -0.5
3.253068287247869 | 2 | -0.5
2.4167595751960778 | 2 | -0.5
1.9778391247434308 | 2 | -0.5
1.7849750163959264 | 2 | -0.5
1.6877197407995683 | 2 | -0.5
1.6450293756369772 | 2 | -0.5
1.6624115331252778 | 2 | -0.5
1.7035267728008834 | 2 | -0.5
1.8854695278674374 | 2 | -0.5
2.1952487426215597 | 2 | -0.5
2.790088112649007 | 2 | -0.5
3.626659116060143 | 2 | -0.5
5.748949408884725 | 2 | -0.5
6.648499335274101 | 2 | -0.5
6.7140641697598955 | 2 | -0.5
6.904236922520027 | 2 | -0.5
3.354092246890505 | 2 | -0.5
2.5306190126445363 | 2 | -0.5
2.1933782728263522 | 2 | -0.5
1.8742845379166033 | 2 | -0.5
1.7804832485027213 | 2 | -0.5
1.6923300319872816 | 2 | -0.5
1.7411379757462941 | 2 | -0.5
1.7840704181228024 | 2 | -0.5
1.901252251063014 | 2 | -0.5
2.1120206598042035 | 2 | -0.5
2.5864561825487447 | 2 | -0.5
5.903354476929191 | 2 | -0.5
5.487835986388331 | 2 | -0.5
5.252070038607448 | 2 | -0.5
5.257514621017179 | 2 | -0.5
5.419871475980824 | 2 | -0.5
3.5328730858165924 | 2 | -0.5
2.5406579348081304 | 2 | -0.5
2.1810397192693722 | 2 | -0.5
1.936368835654403 | 2 | -0.5
1.8105785634364566 | 2 | -0.5
1.7348280920997354 | 2 | -0.5
1.7254234701842277 | 2 | -0.5
1.7790258432946442 | 2 | -0.5
1.8857279855250946 | 2 | -0.5
2.0320029863662223 | 2 | -0.5
2.419623237028764 | 2 | -0.5
3.0221209579588035 | 2 | -0.5
4.463128226739745 | 2 | -0.5
6.769541241110715 | 2 | -0.5
6.640840045730923 | 2 | -0.5
6.835453237865794 | 2 | -0.5
7.188414850866163 | 2 | -0.5
2.9543827952064023 | 2 | -0.5
2.3240122040361584 | 2 | -0.5
1.9992947138680492 | 2 | -0.5
1.816740060148586 | 2 | -0.5
1.7367084364848784 | 2 | -0.5
1.7241517293626576 | 2 | -0.5
1.751586782121369 | 2 | -0.5
1.8708981628469377 | 2 | -0.5
2.043203848252116 | 2 | -0.5
2.3763896304529886 | 2 | -0.5
5.995763037363994 | 2 | -0.5
5.43654428389589 | 2 | -0.5
5.19480632848644 | 2 | -0.5
5.158371459777238 | 2 | -0.5
5.304807398992393 | 2 | -0.5
3.664035456925321 | 2 | -0.5
2.7274961329698595 | 2 | -0.5
2.198706907889897 | 2 | -0.5
1.9486540627680282 | 2 | -0.5
1.8249431026280953 | 2 | -0.5
1.7546867461343922 | 2 | -0.5
1.7287389223411782 | 2 | -0.5
1.74763919389213 | 2 | -0.5
1.842097919910193 | 2 | -0.5
1.9087135105105029 | 2 | -0.5
2.2184680049896106 | 2 | -0.5
2.6403769220436035 | 2 | -0.5
3.2783329043217653 | 2 | -0.5
5.0863054002974195 | 2 | -0.5
6.825220534852993 | 2 | -0.5
6.894268272148222 | 2 | -0.5
7.148324891132232 | 2 | -0.5
3.108264370274021 | 2 | -0.5
2.342558914493254 | 2 | -0.5
2.0511033353329937 | 2 | -0.5
1.8589675691612064 | 2 | -0.5
1.7121421853448786 | 2 | -0.5
1.683920527241709 | 2 | -0.5
1.7143892011033126 | 2 | -0.5
1.7822085975360682 | 2 | -0.5
2.016440918042288 | 2 | -0.5
2.287738334081837 | 2 | -0.5
5.9928764327067885 | 2 | -0.5
5.356360615231305 | 2 | -0.5
5.113994158408299 | 2 | -0.5
5.081664006655907 | 2 | -0.5
5.234481431699748 | 2 | -0.5
3.8454552111097673 | 2 | -0.5
2.8315641866862813 | 2 | -0.5
2.4869279779220754 | 2 | -0.5
2.118140970844767 | 2 | -0.5
1.9105066860096145 | 2 | -0.5
1.8019241812554865 | 2 | -0.5
1.7810220631990243 | 2 | -0.5
1.8372434136753546 | 2 | -0.5
1.9635261321646276 | 2 | -0.5
2.1836643271233225 | 2 | -0.5
2.6286220246984664 | 2 | -0.5
3.391084816397141 | 2 | -0.5
5.399207687043405 | 2 | -0.5
6.87551313792645 | 2 | -0.5
6.865202353337832 | 2 | -0.5
7.124538710432192 | 2 | -0.5
3.2217953729050275 | 2 | -0.5
2.400806243657377 | 2 | -0.5
1.9787708634630963 | 2 | -0.5
1.7446488637477147 | 2 | -0.5
1.5723390963217359 | 2 | -0.5
1.5648514372983178 | 2 | -0.5
1.543756554148525 | 2 | -0.5
1.6279725263881983 | 2 | -0.5
1.8322281261233344 | 2 | -0.5
2.061887638694584 | 2 | -0.5
6.178772841279079 | 2 | -0.5
5.678860891847055 | 2 | -0.5
5.245478149273485 | 2 | -0.5
5.098175034105 | 2 | -0.5
5.028030619898742 | 2 | -0.5
5.255769948296328 | 2 | -0.5
3.427552814180049 | 2 | -0.5
2.583760028468905 | 2 | -0.5
2.1630385651730655 | 2 | -0.5
1.9045731041132283 | 2 | -0.5
1.828564545459345 | 2 | -0.5
1.7548243360977467 | 2 | -0.5
1.7788793747160787 | 2 | -0.5
1.8652477258987392 | 2 | -0.5
2.005970224660739 | 2 | -0.5
2.3053577112586594 | 2 | -0.5
2.757819506499804 | 2 | -0.5
3.651612139052632 | 2 | -0.5
6.5033370339857255 | 2 | -0.5
6.824822463855708 | 2 | -0.5
6.956720164592171 | 2 | -0.5
3.775205928181123 | 2 | -0.5
2.551069342219093 | 2 | -0.5
2.068195048172593 | 2 | -0.5
1.7869163164597064 | 2 | -0.5
1.6957270207194999 | 2 | -0.5
1.591549391406071 | 2 | -0.5
1.6229012125112237 | 2 | -0.5
1.683147237253731 | 2 | -0.5
1.835461603325503 | 2 | -0.5
2.120243326420211 | 2 | -0.5
5.946959257032194 | 2 | -0.5
5.367318392034794 | 2 | -0.5
5.054947285070741 | 2 | -0.5
5.010033906661234 | 2 | -0.5
5.123592398703406 | 2 | -0.5
3.830853481704867 | 2 | -0.5
2.6801462486428265 | 2 | -0.5
2.1430734980351467 | 2 | -0.5
1.915297708640626 | 2 | -0.5
1.7611063802584002 | 2 | -0.5
1.6954816341437382 | 2 | -0.5
1.6994108879747731 | 2 | -0.5
1.7853478906483342 | 2 | -0.5
1.9221685386692875 | 2 | -0.5
2.1984919192108427 | 2 | -0.5
2.6231407674484597 | 2 | -0.5
3.514281973136201 | 2 | -0.5
5.5005438853631174 | 2 | -0.5
6.8955585961513295 | 2 | -0.5
6.891903645186328 | 2 | -0.5
7.111368992388868 | 2 | -0.5
3.839641658443623 | 2 | -0.5
2.8153235197951076 | 2 | -0.5
2.31025084695021 | 2 | -0.5
1.993806987054633 | 2 | -0.5
1.7955949122781083 | 2 | -0.5
1.7596238489526044 | 2 | -0.5
1.6770079598606202 | 2 | -0.5
1.7203050523856733 | 2 | -0.5
1.8108718571405562 | 2 | -0.5
1.9305023772301246 | 2 | -0.5
2.2334975917435216 | 2 | -0.5
6.135451814589774 | 2 | -0.5
5.494294856337948 | 2 | -0.5
5.212143154361138 | 2 | -0.5
5.068982246070706 | 2 | -0.5
5.14590118928902 | 2 | -0.5
4.614406882424984 | 2 | -0.5
3.1496931159437156 | 2 | -0.5
2.4088156524736903 | 2 | -0.5
2.0465320609995525 | 2 | -0.5
1.827216848847264 | 2 | -0.5
1.6553152487471257 | 2 | -0.5
1.7357515023525156 | 2 | -0.5
1.6948696727574393 | 2 | -0.5
1.8296924243217714 | 2 | -0.5
2.074847257265347 | 2 | -0.5
2.5676681744840115 | 2 | -0.5
3.599596248169441 | 2 | -0.5
5.7401943287993715 | 2 | -0.5
6.750827460982751 | 2 | -0.5
6.842101479324272 | 2 | -0.5
3.9911347083785316 | 2 | -0.5
2.8935171731960567 | 2 | -0.5
2.3804309572159164 | 2 | -0.5
2.0480350516781054 | 2 | -0.5
1.8596566179484924 | 2 | -0.5
1.7582388985296569 | 2 | -0.5
1.7097386261793976 | 2 | -0.5
1.711925298352629 | 2 | -0.5
1.8159760309841442 | 2 | -0.5
1.9572747667668744 | 2 | -0.5
2.185579256751463 | 2 | -0.5
6.3600756168710735 | 2 | -0.5
5.768195125692514 | 2 | -0.5
5.318730970395904 | 2 | -0.5
5.2116914665457985 | 2 | -0.5
5.3423244276360595 | 2 | -0.5
3.7416638991144957 | 2 | -0.5
2.848250405392132 | 2 | -0.5
2.374151930147469 | 2 | -0.5
2.0227952845902677 | 2 | -0.5
1.8999826297237135 | 2 | -0.5
1.8405786400203552 | 2 | -0.5
1.7903078034288507 | 2 | -0.5
1.8111486531727459 | 2 | -0.5
1.903784085001288 | 2 | -0.5
2.0680679844141503 | 2 | -0.5
2.4520313794847564 | 2 | -0.5
3.199327271005151 | 2 | -0.5
5.139886794332301 | 2 | -0.5
6.808994821765581 | 2 | -0.5
6.743359315537303 | 2 | -0.5
7.0526620291719135 | 2 | -0.5
2.9869530999310006 | 2 | -0.5
2.334378730482053 | 2 | -0.5
1.9087869222278775 | 2 | -0.5
1.7084490466293958 | 2 | -0.5
1.5793773364450496 | 2 | -0.5
1.546943919458627 | 2 | -0.5
1.5589952181173232 | 2 | -0.5
1.6911614098978975 | 2 | -0.5
1.8764849918849997 | 2 | -0.5
2.168770198546629 | 2 | -0.5
6.287444234990186 | 2 | -0.5
5.651068548065761 | 2 | -0.5
5.277214797152459 | 2 | -0.5
5.169378727803959 | 2 | -0.5
5.249759042580985 | 2 | -0.5
4.279881082149302 | 2 | -0.5
2.9194048840395004 | 2 | -0.5
2.370285438734825 | 2 | -0.5
2.1143869329929106 | 2 | -0.5
1.936941938839484 | 2 | -0.5
1.915608435454705 | 2 | -0.5
1.882779554819418 | 2 | -0.5
1.9188101938801867 | 2 | -0.5
2.0654121398584433 | 2 | -0.5
2.343504521343371 | 2 | -0.5
2.7765216209101826 | 2 | -0.5
3.6669946375323095 | 2 | -0.5
6.112443421468705 | 2 | -0.5
6.7237585016459045 | 2 | -0.5
6.745590570596105 | 2 | -0.5
7.0635009041473555 | 2 | -0.5
2.725801489781006 | 2 | -0.5
2.209017950571718 | 2 | -0.5
1.8804854437031213 | 2 | -0.5
1.6831493854903787 | 2 | -0.5
1.576904278713396 | 2 | -0.5
1.536852747055467 | 2 | -0.5
1.5303698157620764 | 2 | -0.5
1.5840252740364698 | 2 | -0.5
1.7424661635308953 | 2 | -0.5
1.919220985014931 | 2 | -0.5
2.282994966542642 | 2 | -0.5
5.9587785913757845 | 2 | -0.5
5.454255681352174 | 2 | -0.5
5.265826642369894 | 2 | -0.5
5.249910591855162 | 2 | -0.5
5.492870850082764 | 2 | -0.5
3.6900379552923144 | 2 | -0.5
2.7996878039395527 | 2 | -0.5
2.219213863167483 | 2 | -0.5
2.0427564152659494 | 2 | -0.5
1.8971414720829272 | 2 | -0.5
1.8284354465198431 | 2 | -0.5
1.8903958971504633 | 2 | -0.5
1.9267105930126658 | 2 | -0.5
2.026514985672415 | 2 | -0.5
2.2624341073962024 | 2 | -0.5
2.6884045537942622 | 2 | -0.5
3.351447221258252 | 2 | -0.5
5.248940786345332 | 2 | -0.5
6.7647187004480385 | 2 | -0.5
6.722529006790393 | 2 | -0.5
6.964480674239604 | 2 | -0.5
2.943548142103738 | 2 | -0.5
2.1736717131321863 | 2 | -0.5
1.8873659518197414 | 2 | -0.5
1.7171006733915248 | 2 | -0.5
1.6298904012970288 | 2 | -0.5
1.5859108817498766 | 2 | -0.5
1.6281531465759755 | 2 | -0.5
1.7032178772228734 | 2 | -0.5
1.8017336478347752 | 2 | -0.5
2.0304209722436295 | 2 | -0.5
2.3120190128449507 | 2 | -0.5
5.93310578999679 | 2 | -0.5
5.4877879238993446 | 2 | -0.5
5.244945335662751 | 2 | -0.5
5.2319436421436 | 2 | -0.5
5.432213328410766 | 2 | -0.5
3.9395852471456885 | 2 | -0.5
2.975079215568092 | 2 | -0.5
2.5093693791803395 | 2 | -0.5
2.189619594874602 | 2 | -0.5
1.9563445650253564 | 2 | -0.5
1.8436948617070703 | 2 | -0.5
1.869180154391646 | 2 | -0.5
1.9424113130845722 | 2 | -0.5
2.118521588372279 | 2 | -0.5
2.3883891093282767 | 2 | -0.5
2.965270936918541 | 2 | -0.5
4.357587913052521 | 2 | -0.5
6.796708159429017 | 2 | -0.5
6.650649645511603 | 2 | -0.5
6.798669992660378 | 2 | -0.5
3.490052262750322 | 2 | -0.5
2.573855556702202 | 2 | -0.5
2.048532249702981 | 2 | -0.5
1.7527576755804097 | 2 | -0.5
1.574809122419745 | 2 | -0.5
1.556183435224822 | 2 | -0.5
1.5149706184922402 | 2 | -0.5
1.5282414526516879 | 2 | -0.5
1.6387119101784304 | 2 | -0.5
1.8260185290106623 | 2 | -0.5
2.277602565833873 | 2 | -0.5
5.810604491246497 | 2 | -0.5
5.405741020642008 | 2 | -0.5
5.2133117747503634 | 2 | -0.5
5.174483679692279 | 2 | -0.5
5.448408652352375 | 2 | -0.5
3.639269328945541 | 2 | -0.5
2.8535355031817153 | 2 | -0.5
2.2831043852379787 | 2 | -0.5
2.0763234053657933 | 2 | -0.5
1.9711608369571918 | 2 | -0.5
1.8313603599094193 | 2 | -0.5
1.8864348094742622 | 2 | -0.5
1.96650897280314 | 2 | -0.5
2.1513716665020186 | 2 | -0.5
2.495900702557741 | 2 | -0.5
3.168767612724203 | 2 | -0.5
4.7526865531647875 | 2 | -0.5
6.7728745512733655 | 2 | -0.5
6.676029454596395 | 2 | -0.5
6.823917780131773 | 2 | -0.5
3.38412378511889 | 2 | -0.5
2.339175695257775 | 2 | -0.5
1.8775782110468566 | 2 | -0.5
1.7007519584964603 | 2 | -0.5
1.5548237731600885 | 2 | -0.5
1.523120786589567 | 2 | -0.5
1.532770485075836 | 2 | -0.5
1.616249713447806 | 2 | -0.5
1.6861510364396066 | 2 | -0.5
1.8645583013824731 | 2 | -0.5
2.2373158200857257 | 2 | -0.5
6.063705989337861 | 2 | -0.5
5.496261647097709 | 2 | -0.5
5.311628331372706 | 2 | -0.5
5.285981820720324 | 2 | -0.5
5.462914038437367 | 2 | -0.5
3.809035146298343 | 2 | -0.5
3.067468242319841 | 2 | -0.5
2.4825693820857935 | 2 | -0.5
2.17897628395364 | 2 | -0.5
2.0049309410241833 | 2 | -0.5
1.8947569060954446 | 2 | -0.5
1.9194612275694978 | 2 | -0.5
1.9853969485521907 | 2 | -0.5
2.197671579123959 | 2 | -0.5
2.5625855528541965 | 2 | -0.5
3.1077342577472433 | 2 | -0.5
4.26010072685168 | 2 | -0.5
6.680654236608168 | 2 | -0.5
6.52801976434702 | 2 | -0.5
6.660010627747613 | 2 | -0.5
3.1955932973896335 | 2 | -0.5
2.2922528958361377 | 2 | -0.5
1.9492544267515661 | 2 | -0.5
1.665997979139562 | 2 | -0.5
1.528696934264647 | 2 | -0.5
1.4279773552519623 | 2 | -0.5
1.443086461083031 | 2 | -0.5
1.4432549710379075 | 2 | -0.5
1.5337027685014142 | 2 | -0.5
1.6007962427064093 | 2 | -0.5
1.8904084254198272 | 2 | -0.5
2.318311189566099 | 2 | -0.5
5.96959410805075 | 2 | -0.5
5.5734759033500385 | 2 | -0.5
5.369763229263995 | 2 | -0.5
5.442433935633544 | 2 | -0.5
5.295107186462269 | 2 | -0.5
3.4578535945941624 | 2 | -0.5
2.733793190235004 | 2 | -0.5
2.3643070264625425 | 2 | -0.5
2.136360857490308 | 2 | -0.5
2.036946138943782 | 2 | -0.5
1.9904030522021665 | 2 | -0.5
2.0185321524311295 | 2 | -0.5
2.148991228885532 | 2 | -0.5
2.463562203286809 | 2 | -0.5
2.987721815548448 | 2 | -0.5
3.9610529974267017 | 2 | -0.5
6.618721934397481 | 2 | -0.5
6.546999164842841 | 2 | -0.5
6.620057676232157 | 2 | -0.5
3.3358645922974643 | 2 | -0.5
2.306535805024124 | 2 | -0.5
1.8504437101477023 | 2 | -0.5
1.5664144579263406 | 2 | -0.5
1.458957569216456 | 2 | -0.5
1.4369107786249373 | 2 | -0.5
1.359587022460296 | 2 | -0.5
1.3872663333975315 | 2 | -0.5
1.447966061370737 | 2 | -0.5
1.629244219174274 | 2 | -0.5
1.8282456879637345 | 2 | -0.5
2.1941828177353457 | 2 | -0.5
5.923162780240742 | 2 | -0.5
5.488535730169188 | 2 | -0.5
5.375143578844687 | 2 | -0.5
5.431198316154254 | 2 | -0.5
5.650222465562113 | 2 | -0.5
4.014422880674083 | 2 | -0.5
3.0865314775275525 | 2 | -0.5
2.5622983676551487 | 2 | -0.5
2.2801038979516037 | 2 | -0.5
2.1091456248313003 | 2 | -0.5
2.0156550158786684 | 2 | -0.5
2.053221727842117 | 2 | -0.5
2.11843269812027 | 2 | -0.5
2.331558728230662 | 2 | -0.5
2.6213961285417318 | 2 | -0.5
3.2419990147993105 | 2 | -0.5
4.375056729095598 | 2 | -0.5
6.681897955633438 | 2 | -0.5
6.574780318241995 | 2 | -0.5
6.587769107459397 | 2 | -0.5
6.959789085176198 | 2 | -0.5
2.5004801389278004 | 2 | -0.5
1.990839389231431 | 2 | -0.5
1.6866870131560021 | 2 | -0.5
1.5183038030271518 | 2 | -0.5
1.4508236213843333 | 2 | -0.5
1.4099054510404723 | 2 | -0.5
1.4257900592910582 | 2 | -0.5
1.5218137334269906 | 2 | -0.5
1.624283876024933 | 2 | -0.5
1.9006263945529078 | 2 | -0.5
2.3057251435057733 | 2 | -0.5
5.717172391152975 | 2 | -0.5
5.409335235934519 | 2 | -0.5
5.31953625336043 | 2 | -0.5
5.469232389203095 | 2 | -0.5
4.696195954259062 | 2 | -0.5
3.3822528035971064 | 2 | -0.5
2.712767210458214 | 2 | -0.5
2.386202785623544 | 2 | -0.5
2.1365912704434793 | 2 | -0.5
2.0470174937137355 | 2 | -0.5
2.034090120174057 | 2 | -0.5
2.066558500452597 | 2 | -0.5
2.168274880525297 | 2 | -0.5
2.3687642017628376 | 2 | -0.5
2.8444952709327627 | 2 | -0.5
3.7070411220918427 | 2 | -0.5
5.5281671906222085 | 2 | -0.5
6.621442000917812 | 2 | -0.5
6.5524401723454595 | 2 | -0.5
6.799607309147957 | 2 | -0.5
2.7743459278895415 | 2 | -0.5
2.0982017429908186 | 2 | -0.5
1.6704515827456197 | 2 | -0.5
1.4948649781248609 | 2 | -0.5
1.4060464949251654 | 2 | -0.5
1.3884856741867833 | 2 | -0.5
1.3820472006894438 | 2 | -0.5
1.4492255057678396 | 2 | -0.5
1.590417366432466 | 2 | -0.5
1.7217646182871853 | 2 | -0.5
2.185369416727089 | 2 | -0.5
5.976621914550726 | 2 | -0.5
5.5919503113359745 | 2 | -0.5
5.421687945601375 | 2 | -0.5
5.453479382993805 | 2 | -0.5
5.708352353353987 | 2 | -0.5
3.968116628531989 | 2 | -0.5
2.968963227478574 | 2 | -0.5
2.4403423778849866 | 2 | -0.5
2.220120801775648 | 2 | -0.5
2.074555266770834 | 2 | -0.5
2.0179878816777337 | 2 | -0.5
2.0770480788683363 | 2 | -0.5
2.2150409723432682 | 2 | -0.5
2.341071487183027 | 2 | -0.5
2.6619170857093137 | 2 | -0.5
3.1850402927109775 | 2 | -0.5
4.552100899469998 | 2 | -0.5
6.728426650185506 | 2 | -0.5
6.529146728856876 | 2 | -0.5
6.619622403083519 | 2 | -0.5
3.484149216310449 | 2 | -0.5
2.484072022328665 | 2 | -0.5
1.9811290955059018 | 2 | -0.5
1.707177202457654 | 2 | -0.5
1.5652525110686224 | 2 | -0.5
1.4578841180524158 | 2 | -0.5
1.3993118479551718 | 2 | -0.5
1.4182588028702554 | 2 | -0.5
1.4579494847464942 | 2 | -0.5
1.5656054690092902 | 2 | -0.5
1.7618261963830641 | 2 | -0.5
2.103356200116079 | 2 | -0.5
6.141281533384284 | 2 | -0.5
5.709586830564297 | 2 | -0.5
5.502090645746459 | 2 | -0.5
5.501797904040625 | 2 | -0.5
5.768635464604283 | 2 | -0.5
3.861699374352537 | 2 | -0.5
2.9855355668467625 | 2 | -0.5
2.3938422414623832 | 2 | -0.5
2.1574071535087183 | 2 | -0.5
2.022350169950828 | 2 | -0.5
1.9907790220072088 | 2 | -0.5
2.0161396826245848 | 2 | -0.5
2.0949307468008707 | 2 | -0.5
2.346458058603703 | 2 | -0.5
2.797226079277746 | 2 | -0.5
3.4241160670724926 | 2 | -0.5
4.795305661100273 | 2 | -0.5
6.530289514746476 | 2 | -0.5
6.422384616428623 | 2 | -0.5
6.516045507918544 | 2 | -0.5
3.4877347634770937 | 2 | -0.5
2.41425451517473 | 2 | -0.5
2.0679724457112507 | 2 | -0.5
1.7402207567708083 | 2 | -0.5
1.5796468914276167 | 2 | -0.5
1.5323462283220273 | 2 | -0.5
1.543401726614909 | 2 | -0.5
1.5667677807348594 | 2 | -0.5
1.705473357453125 | 2 | -0.5
1.9441855695924066 | 2 | -0.5
2.3360426546985247 | 2 | -0.5
6.1547212336088215 | 2 | -0.5
5.725868576910173 | 2 | -0.5
5.5706957268901 | 2 | -0.5
5.579585487928952 | 2 | -0.5
5.670759995687921 | 2 | -0.5
3.686774495100742 | 2 | -0.5
2.7691712487980067 | 2 | -0.5
2.3399992557724736 | 2 | -0.5
2.099191225282427 | 2 | -0.5
2.0123297658648824 | 2 | -0.5
1.922555793211194 | 2 | -0.5
1.9470597471878193 | 2 | -0.5
2.091243735490073 | 2 | -0.5
2.2884332196135735 | 2 | -0.5
2.6875440866323657 | 2 | -0.5
3.7377178105760005 | 2 | -0.5
6.153089966002576 | 2 | -0.5
6.524113135063479 | 2 | -0.5
6.4536151847798084 | 2 | -0.5
6.660883026960078 | 2 | -0.5
3.0100731526548477 | 2 | -0.5
2.2255786015766788 | 2 | -0.5
1.844290496624384 | 2 | -0.5
1.5665665934739437 | 2 | -0.5
1.4842822999888752 | 2 | -0.5
1.4308396489430664 | 2 | -0.5
1.3817903610451168 | 2 | -0.5
1.458867728962715 | 2 | -0.5
1.5921798694382452 | 2 | -0.5
1.8489129663823236 | 2 | -0.5
2.1142686285620327 | 2 | -0.5
5.986182107005258 | 2 | -0.5
5.6061146841427325 | 2 | -0.5
5.412565397560443 | 2 | -0.5
5.5086544908943065 | 2 | -0.5
5.736648366764759 | 2 | -0.5
3.9504794182613563 | 2 | -0.5
3.0463021040818377 | 2 | -0.5
2.631576613683894 | 2 | -0.5
2.2954339462172837 | 2 | -0.5
2.1162230630914327 | 2 | -0.5
2.044259203897361 | 2 | -0.5
2.104858001405662 | 2 | -0.5
2.1371352399189334 | 2 | -0.5
2.386700089831599 | 2 | -0.5
2.6992595254986695 | 2 | -0.5
3.2038384337947328 | 2 | -0.5
4.857349595758717 | 2 | -0.5
6.73257861892379 | 2 | -0.5
6.533466504830643 | 2 | -0.5
6.594031511824361 | 2 | -0.5
3.4765978277490586 | 2 | -0.5
2.4388456510851904 | 2 | -0.5
1.895023487716721 | 2 | -0.5
1.6397091178513874 | 2 | -0.5
1.5016496589363846 | 2 | -0.5
1.3583241838278695 | 2 | -0.5
1.3806428476129666 | 2 | -0.5
1.386373861726553 | 2 | -0.5
1.490541209155915 | 2 | -0.5
1.6758034725422182 | 2 | -0.5
1.8660945675013256 | 2 | -0.5
2.347163516003821 | 2 | -0.5
5.7519649409996525 | 2 | -0.5
5.429251434551995 | 2 | -0.5
Total reward: -395.5
-2.8, 1.5, -2.0, 0.4, -2.4, 5.6, 4.9, 0.0, -0.6, -4.1, -5.5, 2.1, -3.0, -1.3, 5.5, -2.1, 2.2, -0.4
parameter ends

state | action | reward
[4.54] | 2 | -0.5
4.664198443932897 | 2 | -0.5
5.0008073294894535 | 2 | -0.5
5.622427764147955 | 2 | -0.5
6.620439679641826 | 2 | -0.5
1.919817906111282 | 2 | -0.5
1.773878842208305 | 2 | -0.5
1.6781320249334266 | 2 | -0.5
1.712037651326626 | 2 | -0.5
1.7342675718026508 | 2 | -0.5
1.868667951183617 | 2 | -0.5
2.048166146809221 | 2 | -0.5
2.4877559136798113 | 2 | -0.5
3.150032780560877 | 2 | -0.5
4.933528080934408 | 2 | -0.5
7.369477719442411 | 2 | -0.5
7.29974512043729 | 2 | -0.5
7.585904402535138 | 2 | -0.5
3.2235974405323393 | 2 | -0.5
2.3943025480205953 | 2 | -0.5
1.9931090162131093 | 2 | -0.5
1.794728331674559 | 2 | -0.5
1.6814845463414958 | 2 | -0.5
1.667510357637352 | 0 | 5.0
1.6564973278272628 | 2 | -0.5
1.6581892012468282 | 2 | -0.5
1.7040448161892037 | 2 | -0.5
1.8693942441008256 | 2 | -0.5
2.110465032158735 | 2 | -0.5
2.5055132178740434 | 2 | -0.5
3.3017977757171315 | 2 | -0.5
4.993720539415352 | 2 | -0.5
4.854479362897552 | 2 | -0.5
4.812241210332758 | 2 | -0.5
4.961605891467523 | 2 | -0.5
5.4397731034770915 | 2 | -0.5
6.025733794897215 | 2 | -0.5
2.2856955582609797 | 2 | -0.5
1.9795457070612579 | 2 | -0.5
1.818748485668086 | 2 | -0.5
1.743010612176872 | 2 | -0.5
1.7705462590160859 | 2 | -0.5
1.808039939483406 | 2 | -0.5
1.9573162345264894 | 2 | -0.5
2.1371849935725473 | 2 | -0.5
2.5107492500447006 | 2 | -0.5
3.288655904740295 | 2 | -0.5
5.153019014580846 | 2 | -0.5
7.248281190242984 | 2 | -0.5
7.132203441778857 | 2 | -0.5
7.327330373810897 | 2 | -0.5
3.740292261177753 | 2 | -0.5
2.7602984429392996 | 2 | -0.5
2.12523334635175 | 2 | -0.5
1.910789662817412 | 2 | -0.5
1.7368923375379255 | 2 | -0.5
1.692983158902353 | 2 | -0.5
1.6538151089974389 | 2 | -0.5
1.6984306388072414 | 2 | -0.5
1.7912404569779905 | 2 | -0.5
2.0169760758481754 | 2 | -0.5
2.360093226527355 | 2 | -0.5
2.9695974707718245 | 2 | -0.5
4.362226448228354 | 2 | -0.5
4.842015149632648 | 2 | -0.5
4.8154595596116545 | 2 | -0.5
4.984569442240976 | 2 | -0.5
5.340391581352664 | 2 | -0.5
5.966880540070386 | 2 | -0.5
2.0847724440838538 | 2 | -0.5
1.8482483349456627 | 2 | -0.5
1.7671998685503347 | 2 | -0.5
1.6991091977366968 | 2 | -0.5
1.70808480835696 | 2 | -0.5
1.7873079937544354 | 2 | -0.5
1.9525321147520738 | 2 | -0.5
2.313995391886475 | 2 | -0.5
2.6998432533892833 | 2 | -0.5
3.629145551778216 | 2 | -0.5
6.142844225110841 | 2 | -0.5
7.064339886554809 | 2 | -0.5
7.166393243455965 | 2 | -0.5
4.058346498980854 | 2 | -0.5
2.885866541557581 | 2 | -0.5
2.258871220754058 | 2 | -0.5
1.9525531048790488 | 2 | -0.5
1.7889599060085986 | 2 | -0.5
1.687432282506671 | 2 | -0.5
1.6619126200501682 | 2 | -0.5
1.6406397447566128 | 2 | -0.5
1.750816517971829 | 2 | -0.5
1.9367447044429666 | 2 | -0.5
2.238665799774455 | 2 | -0.5
2.817790493394687 | 2 | -0.5
3.964782657386676 | 2 | -0.5
4.865549691313449 | 2 | -0.5
4.7898612332245705 | 2 | -0.5
4.88406582723922 | 2 | -0.5
5.1486299520585925 | 2 | -0.5
5.634267912715682 | 2 | -0.5
2.342206951424932 | 2 | -0.5
2.0236138708913756 | 2 | -0.5
1.8485576015375915 | 2 | -0.5
1.7490223918291303 | 2 | -0.5
1.743623170746944 | 2 | -0.5
1.8133045195647333 | 2 | -0.5
1.8963901084146653 | 2 | -0.5
2.1210127533156697 | 2 | -0.5
2.4304681276455113 | 2 | -0.5
2.9913794109438125 | 2 | -0.5
4.4622260011284265 | 2 | -0.5
7.28153837021466 | 2 | -0.5
7.128217585921784 | 2 | -0.5
7.340411168922008 | 2 | -0.5
3.639101824841983 | 2 | -0.5
2.761555960092019 | 2 | -0.5
2.1099223678457606 | 2 | -0.5
1.8422434268526544 | 2 | -0.5
1.7354772487306132 | 2 | -0.5
1.641502576195801 | 2 | -0.5
1.6586784057158845 | 2 | -0.5
1.7077930344034942 | 2 | -0.5
1.7424730115951867 | 2 | -0.5
1.9452525156082205 | 2 | -0.5
2.202760855748341 | 2 | -0.5
2.8001270970715986 | 2 | -0.5
4.220745307126605 | 2 | -0.5
4.804950282237066 | 2 | -0.5
4.81042163077941 | 2 | -0.5
4.936434734055292 | 2 | -0.5
5.255741662765328 | 2 | -0.5
5.948058458948994 | 2 | -0.5
2.2987229949270462 | 2 | -0.5
2.0783634243655076 | 2 | -0.5
1.8777886587884032 | 2 | -0.5
1.7851292316082386 | 2 | -0.5
1.8221486034233527 | 2 | -0.5
1.8571228392907644 | 2 | -0.5
2.0139564734222275 | 2 | -0.5
2.2764416713979174 | 2 | -0.5
2.664378060506313 | 2 | -0.5
3.580273081319683 | 2 | -0.5
5.750357633683741 | 2 | -0.5
7.098719841175643 | 2 | -0.5
7.055051456334303 | 2 | -0.5
7.326537416020631 | 2 | -0.5
3.339950659426665 | 2 | -0.5
2.5864020591970602 | 2 | -0.5
2.020589225843438 | 2 | -0.5
1.821257759270403 | 2 | -0.5
1.7350661406889472 | 2 | -0.5
1.6505188327847469 | 2 | -0.5
1.6453033689366117 | 2 | -0.5
1.772429231775735 | 2 | -0.5
1.9485496282342742 | 2 | -0.5
2.2515123927676712 | 2 | -0.5
2.8691796693317677 | 2 | -0.5
3.94206937436586 | 2 | -0.5
4.863878739249876 | 2 | -0.5
4.765182622883677 | 2 | -0.5
4.846619925398267 | 2 | -0.5
5.242633951583468 | 2 | -0.5
5.808452451904505 | 2 | -0.5
2.375429334988446 | 2 | -0.5
1.996676647894311 | 2 | -0.5
1.8193256613548052 | 2 | -0.5
1.8196506360926463 | 2 | -0.5
1.7500336845559314 | 2 | -0.5
1.8140118834072414 | 2 | -0.5
1.9454528010065395 | 2 | -0.5
2.1439374935387043 | 2 | -0.5
2.5863654171077637 | 2 | -0.5
3.4326239823963496 | 2 | -0.5
5.594448416445716 | 2 | -0.5
7.144018277963746 | 2 | -0.5
7.0932366583507935 | 2 | -0.5
7.426975656906542 | 2 | -0.5
3.110449008342079 | 2 | -0.5
2.415394892924125 | 2 | -0.5
2.01318403168947 | 2 | -0.5
1.8083874739587706 | 2 | -0.5
1.6796142279141613 | 2 | -0.5
1.668823250762473 | 2 | -0.5
1.6777887274429435 | 2 | -0.5
1.7217776796150257 | 2 | -0.5
1.836405633320958 | 2 | -0.5
2.0808737352048707 | 2 | -0.5
2.5214722682514137 | 2 | -0.5
3.5507030422465493 | 2 | -0.5
5.0339955352807735 | 2 | -0.5
4.903776257431571 | 2 | -0.5
4.981922940636462 | 2 | -0.5
5.238882668298516 | 2 | -0.5
5.657416609999809 | 2 | -0.5
2.432915436631189 | 2 | -0.5
2.057689229334666 | 2 | -0.5
1.8751401690208613 | 2 | -0.5
1.7812837509835813 | 2 | -0.5
1.735688085154843 | 2 | -0.5
1.7941070005856021 | 2 | -0.5
1.8946222258723686 | 2 | -0.5
2.143998138637115 | 2 | -0.5
2.557705551223387 | 2 | -0.5
3.1701640533543296 | 2 | -0.5
4.659610083110227 | 2 | -0.5
7.100300720385678 | 2 | -0.5
7.071892842388236 | 2 | -0.5
7.261778861670612 | 2 | -0.5
3.119309916980858 | 2 | -0.5
2.2174319815276484 | 2 | -0.5
1.8916863505696109 | 2 | -0.5
1.7437546193429516 | 2 | -0.5
1.6276822669915836 | 2 | -0.5
1.6150574512653204 | 2 | -0.5
1.6100586331128182 | 2 | -0.5
1.688065049537329 | 2 | -0.5
1.9069782879211146 | 2 | -0.5
2.181063819840603 | 2 | -0.5
2.671082448293448 | 2 | -0.5
3.9009277143804684 | 2 | -0.5
5.025927366546369 | 2 | -0.5
4.945662559937772 | 2 | -0.5
5.084701982549044 | 2 | -0.5
5.456998738625275 | 2 | -0.5
6.15116403482553 | 2 | -0.5
2.307513689938391 | 2 | -0.5
2.119014840002335 | 2 | -0.5
1.9161422155377483 | 2 | -0.5
1.8465764707772325 | 2 | -0.5
1.8613184186782055 | 2 | -0.5
1.8961804118364292 | 2 | -0.5
2.0920272070219665 | 2 | -0.5
2.4063389995685456 | 2 | -0.5
2.971056589881819 | 2 | -0.5
4.0786187749417 | 2 | -0.5
6.936495307978257 | 2 | -0.5
6.858187145811666 | 2 | -0.5
6.953842089220078 | 2 | -0.5
4.020344278669176 | 2 | -0.5
2.847786814869962 | 2 | -0.5
2.271520674909036 | 2 | -0.5
1.9675908163964044 | 2 | -0.5
1.7676874694295575 | 2 | -0.5
1.5945528581581183 | 2 | -0.5
1.569439093558919 | 2 | -0.5
1.6189457030916479 | 2 | -0.5
1.687048396276218 | 2 | -0.5
1.8497841913038109 | 2 | -0.5
2.060880840704381 | 2 | -0.5
2.5247973001194453 | 2 | -0.5
3.773309259204888 | 2 | -0.5
5.080054569712324 | 2 | -0.5
4.963392207096085 | 2 | -0.5
5.028686963727004 | 2 | -0.5
5.245236090785415 | 2 | -0.5
5.785621216591176 | 2 | -0.5
6.57216291693893 | 2 | -0.5
2.285123264401988 | 2 | -0.5
2.0268483565811244 | 2 | -0.5
1.897312473750459 | 2 | -0.5
1.8402865986201506 | 2 | -0.5
1.9023333448605488 | 2 | -0.5
2.0225634735090727 | 2 | -0.5
2.3079888877643935 | 2 | -0.5
2.6723580294564577 | 2 | -0.5
3.404135662147585 | 2 | -0.5
5.073548105371944 | 2 | -0.5
6.979246748338145 | 2 | -0.5
6.924477231144549 | 2 | -0.5
7.145839901136923 | 2 | -0.5
3.1363553190202493 | 2 | -0.5
2.2989444834198953 | 2 | -0.5
1.9328308835880166 | 2 | -0.5
1.6922231643165337 | 2 | -0.5
1.6122343863070103 | 2 | -0.5
1.5852341120815368 | 2 | -0.5
1.5666982893943513 | 2 | -0.5
1.6240435264529824 | 2 | -0.5
1.7863943089195184 | 2 | -0.5
2.053549940255261 | 2 | -0.5
2.5450647916040254 | 2 | -0.5
3.559824346142269 | 2 | -0.5
5.066136629985898 | 2 | -0.5
4.950039887485477 | 2 | -0.5
5.0203220271789135 | 2 | -0.5
5.289523454828204 | 2 | -0.5
5.863866080760227 | 2 | -0.5
2.559582689205221 | 2 | -0.5
2.188607723979869 | 2 | -0.5
1.9523626716309497 | 2 | -0.5
1.8589922970369173 | 2 | -0.5
1.8473275162968685 | 2 | -0.5
1.9046256451915462 | 2 | -0.5
2.0374919041745114 | 2 | -0.5
2.33816767042012 | 2 | -0.5
2.8250159495387677 | 2 | -0.5
3.8077520036343357 | 2 | -0.5
6.183799582289507 | 2 | -0.5
6.903592577257343 | 2 | -0.5
6.921079121600889 | 2 | -0.5
7.16127169962727 | 2 | -0.5
2.959744609340567 | 2 | -0.5
2.24951650403861 | 2 | -0.5
1.8689071660206134 | 2 | -0.5
1.6183607461497131 | 2 | -0.5
1.5338953595069464 | 2 | -0.5
1.4865053444116878 | 2 | -0.5
1.4751994088072002 | 2 | -0.5
1.49167270597894 | 2 | -0.5
1.551134160270664 | 2 | -0.5
1.7487721776341534 | 2 | -0.5
2.0985424661224785 | 2 | -0.5
2.7598735778721464 | 2 | -0.5
4.0102598805644 | 2 | -0.5
5.131769927651521 | 2 | -0.5
5.152742015252643 | 2 | -0.5
5.417247286336842 | 2 | -0.5
5.887013996310561 | 2 | -0.5
6.690246951251459 | 2 | -0.5
2.3987396370344336 | 2 | -0.5
2.127134210447098 | 2 | -0.5
1.9839059919949444 | 2 | -0.5
1.9070083530475004 | 2 | -0.5
1.951309398580017 | 2 | -0.5
2.0360392323350527 | 2 | -0.5
2.2636286938066412 | 2 | -0.5
2.634557581440598 | 2 | -0.5
3.317061319427676 | 2 | -0.5
4.7777443093267555 | 2 | -0.5
6.8389575338704915 | 2 | -0.5
6.692552267797392 | 2 | -0.5
6.857346401918789 | 2 | -0.5
3.3922973538404384 | 2 | -0.5
2.5807047199949884 | 2 | -0.5
2.1404634303246617 | 2 | -0.5
1.8425614283243865 | 2 | -0.5
1.616949160831929 | 2 | -0.5
1.5441586287101559 | 2 | -0.5
1.5276441215521348 | 2 | -0.5
1.557331781881449 | 2 | -0.5
1.694838652193994 | 2 | -0.5
1.8326646521274126 | 2 | -0.5
2.1956899302010955 | 2 | -0.5
2.8300515432973437 | 2 | -0.5
4.561564840627561 | 2 | -0.5
5.239877592302299 | 2 | -0.5
5.19238935541385 | 2 | -0.5
5.4339622919199275 | 2 | -0.5
5.853672101933385 | 2 | -0.5
2.6358772327737334 | 2 | -0.5
2.2364075663098824 | 2 | -0.5
2.0443063757705184 | 2 | -0.5
1.8922063020015671 | 2 | -0.5
1.7873066484371019 | 2 | -0.5
1.8057952482704533 | 2 | -0.5
1.8200703101435798 | 2 | -0.5
1.9915380419113706 | 2 | -0.5
2.2310351288735473 | 2 | -0.5
2.6110366053794527 | 2 | -0.5
3.4360868923326437 | 2 | -0.5
5.044826429937605 | 2 | -0.5
6.753348264125957 | 2 | -0.5
6.687196502642215 | 2 | -0.5
7.052085665490368 | 2 | -0.5
3.16211448617374 | 2 | -0.5
2.541045595718545 | 2 | -0.5
2.1747256958329575 | 2 | -0.5
1.9194612196346543 | 2 | -0.5
1.739253010000856 | 2 | -0.5
1.6655842123385363 | 2 | -0.5
1.669026538438902 | 2 | -0.5
1.7168661291422982 | 2 | -0.5
1.8568998497403015 | 2 | -0.5
2.0991554249420767 | 2 | -0.5
2.5494290917825664 | 2 | -0.5
3.3249194317827495 | 2 | -0.5
5.383562638973679 | 2 | -0.5
5.2165542213915215 | 2 | -0.5
5.236430689283639 | 2 | -0.5
5.511971208605159 | 2 | -0.5
6.060293468947429 | 2 | -0.5
2.4595948511615853 | 2 | -0.5
2.1006694776344887 | 2 | -0.5
1.8575975708352206 | 2 | -0.5
1.7513776407345765 | 2 | -0.5
1.6619936919430915 | 2 | -0.5
1.7184802706957647 | 2 | -0.5
1.7626858182480984 | 2 | -0.5
1.880031630804142 | 2 | -0.5
2.2299920273207716 | 2 | -0.5
2.7898755272816524 | 2 | -0.5
4.2112573726535105 | 2 | -0.5
6.803798957046776 | 2 | -0.5
6.655375457736077 | 2 | -0.5
6.857105049940081 | 2 | -0.5
3.41566018073195 | 2 | -0.5
2.520623585667947 | 2 | -0.5
2.0746220944354388 | 2 | -0.5
1.8981367101407978 | 2 | -0.5
1.7504677761070166 | 2 | -0.5
1.6544733085766798 | 2 | -0.5
1.6997573913588588 | 2 | -0.5
1.7407961863347086 | 2 | -0.5
1.8971068584526187 | 2 | -0.5
2.1084111373572667 | 2 | -0.5
2.4661201602194383 | 2 | -0.5
3.1902309409766985 | 2 | -0.5
4.917823960694521 | 2 | -0.5
5.293634983048793 | 2 | -0.5
5.27198962983709 | 2 | -0.5
5.522757692697466 | 2 | -0.5
5.935222652794737 | 2 | -0.5
2.519169450002554 | 2 | -0.5
2.1450001665217444 | 2 | -0.5
1.8890248446016031 | 2 | -0.5
1.7977837588300107 | 2 | -0.5
1.7359938644364743 | 2 | -0.5
1.7385444240287489 | 2 | -0.5
1.80623288536791 | 2 | -0.5
1.893296113120407 | 2 | -0.5
2.181836941410252 | 2 | -0.5
2.6663694854888274 | 2 | -0.5
3.8665677601013253 | 2 | -0.5
6.744891009934684 | 2 | -0.5
6.585799703359268 | 2 | -0.5
6.72608375380312 | 2 | -0.5
3.671124953510433 | 2 | -0.5
2.564717645313083 | 2 | -0.5
2.1185046230159044 | 2 | -0.5
1.9136433367006112 | 2 | -0.5
1.762727171544163 | 2 | -0.5
1.6822199018146915 | 2 | -0.5
1.6763794721485217 | 2 | -0.5
1.7315420268639015 | 2 | -0.5
1.9014190223690075 | 2 | -0.5
2.116271504597764 | 2 | -0.5
2.683335435135041 | 2 | -0.5
4.0998206208923005 | 2 | -0.5
5.403432147812849 | 2 | -0.5
5.18941793713956 | 2 | -0.5
5.2735934756836516 | 2 | -0.5
5.5052722763516355 | 2 | -0.5
6.02851128010866 | 2 | -0.5
2.349206225821621 | 2 | -0.5
1.9612943996317436 | 2 | -0.5
1.7686991500102947 | 2 | -0.5
1.720762409655788 | 2 | -0.5
1.6710512436346703 | 2 | -0.5
1.6570133620195653 | 2 | -0.5
1.6700924800038248 | 2 | -0.5
1.8428393649081272 | 2 | -0.5
2.0581567010091404 | 2 | -0.5
2.42250629553499 | 2 | -0.5
3.1385728803343875 | 2 | -0.5
5.051487043703961 | 2 | -0.5
6.711790522040525 | 2 | -0.5
6.683056012331724 | 2 | -0.5
6.9275348707395885 | 2 | -0.5
3.4918845493405 | 2 | -0.5
2.619286018697987 | 2 | -0.5
2.159305011862045 | 2 | -0.5
1.8933369698606426 | 2 | -0.5
1.7590583234928168 | 2 | -0.5
1.7501520410063538 | 2 | -0.5
1.7006506194594835 | 2 | -0.5
1.8356941736518928 | 2 | -0.5
1.926763311417259 | 2 | -0.5
2.239951867379453 | 2 | -0.5
2.8364102012610974 | 2 | -0.5
3.733208891984919 | 2 | -0.5
5.488005310936125 | 2 | -0.5
5.311138914051884 | 2 | -0.5
5.363107500146859 | 2 | -0.5
5.749494525122236 | 2 | -0.5
2.667257390881358 | 2 | -0.5
2.238855991352483 | 2 | -0.5
1.9061726391468297 | 2 | -0.5
1.7530996812646615 | 2 | -0.5
1.6808658697700791 | 2 | -0.5
1.6495797073715806 | 2 | -0.5
1.7053301724862346 | 2 | -0.5
1.7855119732066755 | 2 | -0.5
2.0146614533094738 | 2 | -0.5
2.2920367656614102 | 2 | -0.5
2.955689441934205 | 2 | -0.5
3.934940281263177 | 2 | -0.5
6.780192878470915 | 2 | -0.5
6.662997209552518 | 2 | -0.5
6.895046532731447 | 2 | -0.5
3.8671698229714107 | 2 | -0.5
2.7716983142546394 | 2 | -0.5
2.255680489634571 | 2 | -0.5
2.016734095478706 | 2 | -0.5
1.815852145950304 | 2 | -0.5
1.740257047813383 | 2 | -0.5
1.7261961894297355 | 2 | -0.5
1.73054487078424 | 2 | -0.5
1.904298805155607 | 2 | -0.5
2.0979551284407156 | 2 | -0.5
2.410716403100046 | 2 | -0.5
2.912979854605514 | 2 | -0.5
4.0550046309822045 | 2 | -0.5
5.29959461086943 | 2 | -0.5
5.232239856782266 | 2 | -0.5
5.339956698511867 | 2 | -0.5
5.739333661215356 | 2 | -0.5
2.639618003224434 | 2 | -0.5
2.227106081610606 | 2 | -0.5
1.92119893122963 | 2 | -0.5
1.7925572074956506 | 2 | -0.5
1.7311859235465004 | 2 | -0.5
1.759135361350858 | 2 | -0.5
1.8134203947007983 | 2 | -0.5
1.8875565789705622 | 2 | -0.5
2.095356936760303 | 2 | -0.5
2.463167210147273 | 2 | -0.5
3.3477576367627857 | 2 | -0.5
5.1993650531006015 | 2 | -0.5
6.863006417022111 | 2 | -0.5
6.792464575533455 | 2 | -0.5
7.033210899464904 | 2 | -0.5
3.7138019451478255 | 2 | -0.5
2.5644988530308823 | 2 | -0.5
2.26065290860448 | 2 | -0.5
1.9747159188214505 | 2 | -0.5
1.7336417005407894 | 2 | -0.5
1.64687325036256 | 2 | -0.5
1.5813581004035902 | 2 | -0.5
1.6226019339906623 | 2 | -0.5
1.7485276036227964 | 2 | -0.5
1.9163454168691008 | 2 | -0.5
2.1472898020946096 | 2 | -0.5
2.786036396850118 | 2 | -0.5
3.864478492889288 | 2 | -0.5
5.112731228152259 | 2 | -0.5
5.028103523675351 | 2 | -0.5
5.142762513707348 | 2 | -0.5
5.521730038838261 | 2 | -0.5
6.1207487293829566 | 2 | -0.5
2.323085933019869 | 2 | -0.5
2.106068893459799 | 2 | -0.5
1.888425995871321 | 2 | -0.5
1.8353933712850454 | 2 | -0.5
1.7966246379666617 | 2 | -0.5
1.784867061005722 | 2 | -0.5
1.9138743987536866 | 2 | -0.5
2.0922898522115143 | 2 | -0.5
2.589349235552943 | 2 | -0.5
3.408909467899375 | 2 | -0.5
5.983656318883381 | 2 | -0.5
6.935977847545126 | 2 | -0.5
6.937028621955512 | 2 | -0.5
7.181745115657631 | 2 | -0.5
3.3943890212987062 | 2 | -0.5
2.4906135654140535 | 2 | -0.5
2.0900548824898473 | 2 | -0.5
1.820897777180509 | 2 | -0.5
1.693891024134941 | 2 | -0.5
1.677699517164262 | 2 | -0.5
1.6722561998664351 | 2 | -0.5
1.7616763292408086 | 2 | -0.5
1.8936961873517921 | 2 | -0.5
2.234485361699769 | 2 | -0.5
2.7218059466450626 | 2 | -0.5
4.13006965761013 | 2 | -0.5
5.01813906531528 | 2 | -0.5
5.025944851478095 | 2 | -0.5
5.170324920217573 | 2 | -0.5
5.589831200954429 | 2 | -0.5
6.420532704757321 | 2 | -0.5
2.215957799790088 | 2 | -0.5
1.9573986589799546 | 2 | -0.5
1.8662447598282548 | 2 | -0.5
1.750937207433112 | 2 | -0.5
1.804189503048588 | 2 | -0.5
1.8913834946800132 | 2 | -0.5
2.139187631735656 | 2 | -0.5
2.440771428282034 | 2 | -0.5
3.2217752282981333 | 2 | -0.5
4.721112355114347 | 2 | -0.5
6.989096708418745 | 2 | -0.5
6.933585499249886 | 2 | -0.5
7.179293894641246 | 2 | -0.5
3.4222315941996952 | 2 | -0.5
2.51958960543498 | 2 | -0.5
2.0395789204902153 | 2 | -0.5
1.8210675819874047 | 2 | -0.5
1.7077336123189808 | 2 | -0.5
1.6187772512335104 | 2 | -0.5
1.5786100228772555 | 2 | -0.5
1.6386949051723971 | 2 | -0.5
1.8021619987637312 | 2 | -0.5
2.078028507757284 | 2 | -0.5
2.51582315943668 | 2 | -0.5
3.438692579317528 | 2 | -0.5
5.143178242406327 | 2 | -0.5
4.976175817919748 | 2 | -0.5
5.013148638255102 | 2 | -0.5
5.220156888561024 | 2 | -0.5
5.6556106385305025 | 2 | -0.5
6.409085606268912 | 2 | -0.5
2.267664464773317 | 2 | -0.5
2.0827604040114807 | 2 | -0.5
1.9370950896401071 | 2 | -0.5
1.8560073834763575 | 2 | -0.5
1.8713128165402875 | 2 | -0.5
1.948076002860067 | 2 | -0.5
2.1247340043806524 | 2 | -0.5
2.3999800344672715 | 2 | -0.5
2.994810623958849 | 2 | -0.5
4.105051803543035 | 2 | -0.5
7.239388441609839 | 2 | -0.5
7.0316895249411635 | 2 | -0.5
7.188316135738571 | 2 | -0.5
3.847530578047105 | 2 | -0.5
2.7710784272114024 | 2 | -0.5
2.171725998386823 | 2 | -0.5
1.8697189482009846 | 2 | -0.5
1.700985832017156 | 2 | -0.5
1.664940213218828 | 2 | -0.5
1.5856251940139534 | 2 | -0.5
1.5787544418690442 | 2 | -0.5
1.6550238381880564 | 2 | -0.5
1.7445292914657196 | 2 | -0.5
1.95602898879853 | 2 | -0.5
2.1976303508385975 | 2 | -0.5
2.7629467962366556 | 2 | -0.5
4.23043482616896 | 2 | -0.5
4.9473767619998705 | 2 | -0.5
4.900269084374609 | 2 | -0.5
5.100399216413857 | 2 | -0.5
5.555589676961152 | 2 | -0.5
6.323179828780514 | 2 | -0.5
2.1935525144632995 | 2 | -0.5
1.964995763834615 | 2 | -0.5
1.8851443256755658 | 2 | -0.5
1.8276525556803516 | 2 | -0.5
1.783697144138685 | 2 | -0.5
1.8853495907746987 | 2 | -0.5
2.0260279277519477 | 2 | -0.5
2.3279200821557207 | 2 | -0.5
2.8429632248805725 | 2 | -0.5
3.855787613145186 | 2 | -0.5
5.8865022957001845 | 2 | -0.5
6.980593082192368 | 2 | -0.5
7.017950440812789 | 2 | -0.5
7.345298224750769 | 2 | -0.5
2.915078561732936 | 2 | -0.5
2.2442574501118426 | 2 | -0.5
1.8579011740667992 | 2 | -0.5
1.72859625606937 | 2 | -0.5
1.5921719760632544 | 2 | -0.5
1.5681465046121421 | 2 | -0.5
1.619367267878057 | 2 | -0.5
1.656131676276185 | 2 | -0.5
1.8120411467735895 | 2 | -0.5
2.05220496796694 | 2 | -0.5
2.4095081715805633 | 2 | -0.5
3.3162836354928382 | 2 | -0.5
5.140593696761102 | 2 | -0.5
5.01437544658867 | 2 | -0.5
5.044720994874968 | 2 | -0.5
5.2709672255851325 | 2 | -0.5
5.746754497446312 | 2 | -0.5
6.671471895888222 | 2 | -0.5
2.280059706344511 | 2 | -0.5
2.055361347417436 | 2 | -0.5
1.9838677445463742 | 2 | -0.5
1.9402011881084171 | 2 | -0.5
1.902675358096231 | 2 | -0.5
1.9495099465561416 | 2 | -0.5
2.1043884971150617 | 2 | -0.5
2.4545838147143932 | 2 | -0.5
2.892595637575845 | 2 | -0.5
3.8581146823047505 | 2 | -0.5
6.259758724199454 | 2 | -0.5
6.937407521558299 | 2 | -0.5
6.976527637913357 | 2 | -0.5
3.8808955114157517 | 2 | -0.5
2.6484394950331183 | 2 | -0.5
1.9493644307148474 | 2 | -0.5
1.700505749056573 | 2 | -0.5
1.5710167758750282 | 2 | -0.5
1.4393049234670154 | 2 | -0.5
1.4477973005435247 | 2 | -0.5
1.4708399198156932 | 2 | -0.5
1.592761649761569 | 2 | -0.5
1.8953961307936047 | 2 | -0.5
2.228374233358779 | 2 | -0.5
2.841640055717248 | 2 | -0.5
4.14073676707046 | 2 | -0.5
4.985456606846582 | 2 | -0.5
4.986410779701647 | 2 | -0.5
5.131958970262746 | 2 | -0.5
5.685826191964076 | 2 | -0.5
6.583238342177432 | 2 | -0.5
2.41282699553953 | 2 | -0.5
2.13881634764779 | 2 | -0.5
1.9573916822427548 | 2 | -0.5
1.9280261572408122 | 2 | -0.5
1.9834132187742997 | 2 | -0.5
2.1349337088283313 | 2 | -0.5
2.3846850322139166 | 2 | -0.5
2.7293954369058158 | 2 | -0.5
3.543241349427377 | 2 | -0.5
5.495329457547616 | 2 | -0.5
6.996834900740022 | 2 | -0.5
6.98036808533074 | 2 | -0.5
7.174942724241994 | 2 | -0.5
3.329391434108635 | 2 | -0.5
2.5522334507042994 | 2 | -0.5
2.0253034701896686 | 2 | -0.5
1.765982166509836 | 2 | -0.5
1.6042825905487248 | 2 | -0.5
1.5921776935496637 | 2 | -0.5
1.593959464884338 | 2 | -0.5
1.6017995002949454 | 2 | -0.5
1.665757126090498 | 2 | -0.5
1.9339954600555724 | 2 | -0.5
2.2550836116504867 | 2 | -0.5
2.9299576731772317 | 2 | -0.5
4.468639684145877 | 2 | -0.5
5.0975363746132265 | 2 | -0.5
5.066062137626031 | 2 | -0.5
5.252043494620643 | 2 | -0.5
5.658723787092673 | 2 | -0.5
6.470767320888605 | 2 | -0.5
2.2835590587157175 | 2 | -0.5
2.0466518118052637 | 2 | -0.5
1.869410199938509 | 2 | -0.5
1.8146605964594023 | 2 | -0.5
1.861865666609942 | 2 | -0.5
1.9684208484932562 | 2 | -0.5
2.134644314171436 | 2 | -0.5
2.5090035731146334 | 2 | -0.5
3.114252083089378 | 2 | -0.5
4.611161976308192 | 2 | -0.5
7.001127973090477 | 2 | -0.5
6.847256334849518 | 2 | -0.5
7.002448548528936 | 2 | -0.5
3.763760004870739 | 2 | -0.5
2.663077651584972 | 2 | -0.5
2.1096563988344847 | 2 | -0.5
1.8665409712737613 | 2 | -0.5
1.7221097184612841 | 2 | -0.5
1.6495500169892041 | 2 | -0.5
1.6415830041392176 | 2 | -0.5
1.7328113926142352 | 2 | -0.5
1.8614641535209595 | 2 | -0.5
2.193701141730774 | 2 | -0.5
2.617110878166556 | 2 | -0.5
3.48432698433729 | 2 | -0.5
5.149397966608487 | 2 | -0.5
5.036714600480789 | 2 | -0.5
5.1490681704158625 | 2 | -0.5
5.400687363820451 | 2 | -0.5
5.967774078567869 | 2 | -0.5
2.567200298474461 | 2 | -0.5
2.1730434798978497 | 2 | -0.5
1.9878677276144947 | 2 | -0.5
1.8999025688772764 | 2 | -0.5
1.9067110886637602 | 2 | -0.5
1.936178378546844 | 2 | -0.5
2.0860452469217226 | 2 | -0.5
2.3054807189192745 | 2 | -0.5
2.7698926796828895 | 2 | -0.5
3.49952372505813 | 2 | -0.5
5.928438244287661 | 2 | -0.5
6.972128757387116 | 2 | -0.5
7.057630687533324 | 2 | -0.5
4.093836284705121 | 2 | -0.5
2.8163743826187857 | 2 | -0.5
2.2146951603849705 | 2 | -0.5
1.8298132048768678 | 2 | -0.5
1.6510696724569842 | 2 | -0.5
1.5752663074983884 | 2 | -0.5
1.5392161219788714 | 2 | -0.5
1.591173960739764 | 2 | -0.5
1.6648431558517016 | 2 | -0.5
1.8169011654508012 | 2 | -0.5
2.0628861813053554 | 2 | -0.5
2.5902652655314053 | 2 | -0.5
3.4647814625146767 | 2 | -0.5
5.044834513429572 | 2 | -0.5
4.939477116206781 | 2 | -0.5
5.009380156668066 | 2 | -0.5
5.34280903881203 | 2 | -0.5
6.031935309039733 | 2 | -0.5
2.375132270433745 | 2 | -0.5
2.084436325065565 | 2 | -0.5
1.9120344229385104 | 2 | -0.5
1.878300557062033 | 2 | -0.5
1.8669002232265088 | 2 | -0.5
1.9765626058163166 | 2 | -0.5
2.1535703724962034 | 2 | -0.5
2.53424392757485 | 2 | -0.5
3.0878258508014316 | 2 | -0.5
4.200485301377808 | 2 | -0.5
7.1636704034064715 | 2 | -0.5
6.937525731325687 | 2 | -0.5
7.064897579267312 | 2 | -0.5
3.6808297476386014 | 2 | -0.5
2.463741312314238 | 2 | -0.5
2.059571260434207 | 2 | -0.5
1.7791498720730714 | 2 | -0.5
1.6127454495688252 | 2 | -0.5
1.5173259066208622 | 2 | -0.5
1.5463112666656553 | 2 | -0.5
1.60695731958959 | 2 | -0.5
1.6935354796404105 | 2 | -0.5
1.942491989129858 | 2 | -0.5
2.3073373903772763 | 2 | -0.5
3.0050027465428832 | 2 | -0.5
4.746402375276056 | 2 | -0.5
5.021843317144734 | 2 | -0.5
5.011417029499474 | 2 | -0.5
5.328733943682244 | 2 | -0.5
5.795284709713765 | 2 | -0.5
2.528247304086918 | 2 | -0.5
2.2395480824532807 | 2 | -0.5
2.0011755143825205 | 2 | -0.5
1.8612003121018492 | 2 | -0.5
1.8594896312096516 | 2 | -0.5
1.841971196951891 | 2 | -0.5
1.9893342634869964 | 2 | -0.5
2.272358454343133 | 2 | -0.5
2.76936476928694 | 2 | -0.5
3.537665532944605 | 2 | -0.5
5.067963813505453 | 2 | -0.5
6.915664140254015 | 2 | -0.5
6.859976261915467 | 2 | -0.5
7.022411062462078 | 2 | -0.5
3.7449771901949527 | 2 | -0.5
2.6615211517479374 | 2 | -0.5
2.238223480975137 | 2 | -0.5
1.980138250870544 | 2 | -0.5
1.8578135912568814 | 2 | -0.5
1.7771063798141942 | 2 | -0.5
1.727949410146543 | 2 | -0.5
1.7175174382323664 | 2 | -0.5
1.854956053748776 | 2 | -0.5
2.084873655337076 | 2 | -0.5
2.5474272530229487 | 2 | -0.5
3.4093655619524084 | 2 | -0.5
5.285337733892269 | 2 | -0.5
5.114912473342506 | 2 | -0.5
5.116999075131852 | 2 | -0.5
5.4351078198435845 | 2 | -0.5
5.989551414961278 | 2 | -0.5
2.348634213127249 | 2 | -0.5
2.0309650511581645 | 2 | -0.5
1.8131610680804815 | 2 | -0.5
1.6645594401581683 | 2 | -0.5
1.6870098095860733 | 2 | -0.5
1.7066210882053805 | 2 | -0.5
1.7579733193223894 | 2 | -0.5
2.0041980023284394 | 2 | -0.5
2.2812567037614033 | 2 | -0.5
2.9517325969187813 | 2 | -0.5
4.443083088993702 | 2 | -0.5
6.8638917188743545 | 2 | -0.5
6.7492865889549725 | 2 | -0.5
6.893258811132336 | 2 | -0.5
7.273077568324534 | 2 | -0.5
2.9949909096264955 | 2 | -0.5
2.418384479499767 | 2 | -0.5
2.108798455423257 | 2 | -0.5
1.9698033006875135 | 2 | -0.5
1.864658129985131 | 2 | -0.5
1.816117119729682 | 2 | -0.5
1.8467493042441177 | 2 | -0.5
1.9246586652555555 | 2 | -0.5
2.1849683040147814 | 2 | -0.5
2.4927235952465883 | 2 | -0.5
3.175427390092461 | 2 | -0.5
4.191831312247808 | 2 | -0.5
5.329685300037754 | 2 | -0.5
5.147378684424145 | 2 | -0.5
5.259637223249364 | 2 | -0.5
5.434566922092533 | 2 | -0.5
6.043447553292031 | 2 | -0.5
2.2966132599132254 | 2 | -0.5
1.9282202280482426 | 2 | -0.5
1.690639232314248 | 2 | -0.5
1.6289792524248108 | 2 | -0.5
1.6026404049191154 | 2 | -0.5
1.6286317210855537 | 2 | -0.5
1.741841303244225 | 2 | -0.5
2.014210286457373 | 2 | -0.5
2.2787863588066806 | 2 | -0.5
2.852948269739964 | 2 | -0.5
4.279544598477928 | 2 | -0.5
6.806916483534789 | 2 | -0.5
6.691854954241004 | 2 | -0.5
6.855837399114938 | 2 | -0.5
7.320897840998818 | 2 | -0.5
2.8898405738066737 | 2 | -0.5
2.3919868610256074 | 2 | -0.5
2.017260109466877 | 2 | -0.5
1.8557199752974487 | 2 | -0.5
1.80474279802777 | 2 | -0.5
1.7492744450914173 | 2 | -0.5
1.8062541549936328 | 2 | -0.5
1.8866262747034759 | 2 | -0.5
2.0914653117740194 | 2 | -0.5
2.4514731086113324 | 2 | -0.5
3.174125622955424 | 2 | -0.5
4.5647559196242575 | 2 | -0.5
5.2679496007887785 | 2 | -0.5
5.201190736148529 | 2 | -0.5
5.386988888907855 | 2 | -0.5
5.714573826258273 | 2 | -0.5
2.512286706193152 | 2 | -0.5
2.0061327573677636 | 2 | -0.5
1.7461572250697346 | 2 | -0.5
1.6143866105876479 | 2 | -0.5
1.5795769966320503 | 2 | -0.5
1.576303941674822 | 2 | -0.5
1.6296002948885446 | 2 | -0.5
1.8174078710234984 | 2 | -0.5
2.015197700275138 | 2 | -0.5
2.5668430369553916 | 2 | -0.5
3.461918558539471 | 2 | -0.5
5.989120803936085 | 2 | -0.5
6.671063099613558 | 2 | -0.5
6.726613731265991 | 2 | -0.5
7.094512996486923 | 2 | -0.5
3.3717205312096463 | 2 | -0.5
2.5634400524564764 | 2 | -0.5
2.1775662808344727 | 2 | -0.5
1.9964890985567445 | 2 | -0.5
1.857724197235745 | 2 | -0.5
1.8436532941321475 | 2 | -0.5
1.9032331205791415 | 2 | -0.5
2.0720828344517654 | 2 | -0.5
2.350128552620353 | 2 | -0.5
2.962302868638916 | 2 | -0.5
4.158980234209708 | 2 | -0.5
5.387987381560773 | 2 | -0.5
5.246885209088549 | 2 | -0.5
5.277179550667898 | 2 | -0.5
5.519800145407945 | 2 | -0.5
6.074745742704376 | 2 | -0.5
2.158842992788292 | 2 | -0.5
1.9075910348081222 | 2 | -0.5
1.687840175697339 | 2 | -0.5
1.6312312533265692 | 2 | -0.5
1.570491071354125 | 2 | -0.5
1.6230643430554101 | 2 | -0.5
1.6640805861386438 | 2 | -0.5
1.8041260109250212 | 2 | -0.5
2.0412018844794493 | 2 | -0.5
2.5625410617341187 | 2 | -0.5
3.3584389525975937 | 2 | -0.5
6.635674778330558 | 2 | -0.5
6.668027405430908 | 2 | -0.5
6.872429559288575 | 2 | -0.5
7.231351881887346 | 2 | -0.5
3.2251760635775115 | 2 | -0.5
2.604917747152581 | 2 | -0.5
2.2170636841412366 | 2 | -0.5
2.0084849009587793 | 2 | -0.5
1.8755804874156967 | 2 | -0.5
1.8600005544209275 | 2 | -0.5
1.900119476802464 | 2 | -0.5
2.0202865913752293 | 2 | -0.5
2.1825679900289723 | 2 | -0.5
2.4496636383342865 | 2 | -0.5
3.0827783691582527 | 2 | -0.5
4.183661783652871 | 2 | -0.5
5.2902785769705405 | 2 | -0.5
5.199715944742601 | 2 | -0.5
5.322719998504319 | 2 | -0.5
5.619230705799578 | 2 | -0.5
6.1736364873440115 | 2 | -0.5
2.1538482907854353 | 2 | -0.5
1.858601180554611 | 2 | -0.5
1.689068052680821 | 2 | -0.5
1.5672086954663065 | 2 | -0.5
1.5721593739951623 | 2 | -0.5
1.5483049733759529 | 2 | -0.5
1.662397940527381 | 2 | -0.5
1.8118065401346624 | 2 | -0.5
2.0563323042634245 | 2 | -0.5
2.583911993915868 | 2 | -0.5
3.4274869978056244 | 2 | -0.5
6.592984157235613 | 2 | -0.5
6.722575694015179 | 2 | -0.5
6.774577563159258 | 2 | -0.5
7.074510937326238 | 2 | -0.5
3.319282047764823 | 2 | -0.5
2.5107668510692065 | 2 | -0.5
2.20444433008164 | 2 | -0.5
1.953621547375409 | 2 | -0.5
1.9040886877199963 | 2 | -0.5
1.894061968801203 | 2 | -0.5
1.8690784322028817 | 2 | -0.5
1.9978111850490863 | 2 | -0.5
2.2034238001939346 | 2 | -0.5
2.535679717166887 | 2 | -0.5
Total reward: -494.5
-2.8, 1.5, -2.0, 0.4, -2.4, 5.6, 4.9, 0.0, -0.6, -4.1, -5.5, 2.1, -3.0, -1.3, 5.5, -2.1, 2.2, -0.4
parameter ends

state | action | reward
[3.02] | 2 | -0.5
5.369657469406093 | 2 | -0.5
12.718160777000094 | 2 | -0.5
17.590920932377124 | 1 | -0.5
17.58498305569607 | 1 | -0.5
4.8647172009090704 | 2 | -0.5
17.59540587660062 | 1 | -0.5
4.858561368489971 | 2 | -0.5
17.580341300048776 | 1 | -0.5
4.823959005255639 | 2 | -0.5
13.435852641688431 | 1 | -0.5
3.990270371853167 | 2 | -0.5
17.565895396937577 | 1 | -0.5
3.5530827444819386 | 2 | -0.5
11.708832195081426 | 1 | -0.5
3.441275390953578 | 2 | -0.5
17.625082624967835 | 1 | -0.5
3.0155613907158183 | 2 | -0.5
8.795022858375727 | 1 | -0.5
2.3472188530662974 | 2 | -0.5
7.409982187157536 | 2 | -0.5
17.75874331070734 | 1 | -0.5
8.051205033448442 | 1 | -0.5
1.952925244375434 | 2 | -0.5
12.071509187740018 | 1 | -0.5
1.9023695768961502 | 2 | -200.0
Total reward: -212.5
-2.8, 1.5, -2.0, 0.4, -2.4, 5.6, 4.9, 0.0, -0.6, -4.1, -5.5, 2.1, -3.0, -1.3, 5.5, -2.1, 2.2, -0.4
parameter ends

state | action | reward
[6.94] | 2 | -0.5
1.671205187336031 | 2 | -0.5
1.551472424860983 | 2 | -0.5
1.545933230376372 | 2 | -0.5
1.5166496596275025 | 2 | -0.5
1.6816500534669376 | 2 | -0.5
1.8122602300998831 | 2 | -0.5
2.114147208861967 | 2 | -0.5
2.5785965738936305 | 2 | -0.5
3.888623519664975 | 2 | -0.5
6.457681813408202 | 2 | -0.5
7.727567558502394 | 2 | -0.5
7.907155893130552 | 2 | -0.5
4.407305954994675 | 2 | -0.5
3.05491527293372 | 2 | -0.5
2.477131809971055 | 2 | -0.5
2.169576236481563 | 2 | -0.5
1.9723495542227518 | 2 | -0.5
1.8655721296345287 | 2 | -0.5
1.8675932510078923 | 0 | 5.0
1.846668761576404 | 0 | 5.0
1.8454190953629712 | 0 | 5.0
1.8297840829455911 | 0 | 5.0
1.826076632178838 | 0 | 5.0
1.8366319188613323 | 2 | -0.5
1.8335043812024414 | 2 | -0.5
1.9525675940338751 | 2 | -0.5
2.1418537234407604 | 2 | -0.5
2.5517398984019835 | 2 | -0.5
3.337964455561286 | 2 | -0.5
4.8638502786611655 | 2 | -0.5
5.179999161884697 | 2 | -0.5
5.120026502812712 | 2 | -0.5
5.32167698064292 | 2 | -0.5
5.574502036094547 | 2 | -0.5
2.4936365878684668 | 2 | -0.5
2.036252295705608 | 2 | -0.5
1.7271476028487558 | 2 | -0.5
1.6108184988854297 | 2 | -0.5
1.544693442746786 | 2 | -0.5
1.54142728000051 | 2 | -0.5
1.6440888029143679 | 2 | -0.5
1.8336484746962327 | 2 | -0.5
1.993674901138277 | 2 | -0.5
2.4371041628521977 | 2 | -0.5
3.10679139498451 | 2 | -0.5
4.707791784611845 | 2 | -0.5
6.767373834073123 | 2 | -0.5
6.728095917595228 | 2 | -0.5
6.962982069130048 | 2 | -0.5
3.8240309281794103 | 2 | -0.5
2.8814156678220875 | 2 | -0.5
2.383288835708372 | 2 | -0.5
2.1168170011219662 | 2 | -0.5
1.9861533856151012 | 2 | -0.5
1.91605684908445 | 2 | -0.5
1.9567050547312517 | 0 | 5.0
1.9166180629912242 | 2 | -0.5
2.013150224082307 | 2 | -0.5
2.0885853388019737 | 2 | -0.5
2.3221074615473993 | 2 | -0.5
2.8235209145721223 | 2 | -0.5
3.770424882273552 | 2 | -0.5
5.604855106857099 | 2 | -0.5
5.381860726788476 | 2 | -0.5
5.434277930931099 | 2 | -0.5
5.68224018843249 | 2 | -0.5
2.6236907851970286 | 2 | -0.5
2.033101955084262 | 2 | -0.5
1.6678408486419523 | 2 | -0.5
1.5290481214769587 | 2 | -0.5
1.4649106198795054 | 2 | -0.5
1.4282789702798944 | 2 | -0.5
1.4438326832846395 | 2 | -0.5
1.602384364988957 | 2 | -0.5
1.7540271056627876 | 2 | -0.5
2.045111336350942 | 2 | -0.5
2.4758436178778114 | 2 | -0.5
3.8190260241875857 | 2 | -0.5
6.530075795661471 | 2 | -0.5
6.4510463422336395 | 2 | -0.5
6.697184937406959 | 2 | -0.5
7.0884963601927655 | 2 | -0.5
3.213991453868658 | 2 | -0.5
2.543028810593371 | 2 | -0.5
2.2268801659152775 | 2 | -0.5
2.0682574907538744 | 2 | -0.5
1.989226696754702 | 2 | -0.5
1.9936391940030895 | 2 | -0.5
2.0739626876992774 | 2 | -0.5
2.2644690291811496 | 2 | -0.5
2.632911155602916 | 2 | -0.5
3.2112020248872764 | 2 | -0.5
4.431247198897657 | 2 | -0.5
5.668034672669102 | 2 | -0.5
5.507525737368781 | 2 | -0.5
5.5086376907977925 | 2 | -0.5
5.73331667525593 | 2 | -0.5
2.5116726282740194 | 2 | -0.5
1.820841405117103 | 2 | -0.5
1.5663496304897908 | 2 | -0.5
1.4168868980841953 | 2 | -0.5
1.3481374612481525 | 2 | -0.5
1.3371833053474764 | 2 | -0.5
1.3140652090004068 | 2 | -0.5
1.4252179504761318 | 2 | -0.5
1.5389618716582163 | 2 | -0.5
1.7949007293204617 | 2 | -0.5
2.1214118379322997 | 2 | -0.5
2.8789345936827635 | 2 | -0.5
4.367995515547787 | 2 | -0.5
6.419565720022242 | 2 | -0.5
6.409088898301092 | 2 | -0.5
6.678616259977309 | 2 | -0.5
3.883273510130957 | 2 | -0.5
3.0705059342602095 | 2 | -0.5
2.539015610092432 | 2 | -0.5
2.309710127095178 | 2 | -0.5
2.077844412900017 | 2 | -0.5
2.0779400146210483 | 2 | -0.5
2.081283515488198 | 0 | 5.0
2.0656262337439224 | 2 | -0.5
2.1258417017000535 | 2 | -0.5
2.367428485582261 | 2 | -0.5
2.7244986280581807 | 2 | -0.5
3.3544746463975157 | 2 | -0.5
4.583415602629507 | 2 | -0.5
5.864999845033969 | 2 | -0.5
5.706604973174222 | 2 | -0.5
5.743345949938056 | 2 | -0.5
6.0722917696535115 | 2 | -0.5
2.1716020268775136 | 2 | -0.5
1.730228122939233 | 2 | -0.5
1.5323904631163026 | 2 | -0.5
1.4260271695195588 | 2 | -0.5
1.302836985874614 | 2 | -0.5
1.2881419164575425 | 2 | -0.5
1.3678967610543904 | 2 | -0.5
1.4468179226918576 | 2 | -0.5
1.5695966937304182 | 2 | -0.5
1.8597234158081246 | 2 | -0.5
2.433910797748652 | 2 | -0.5
3.8960623641848002 | 2 | -0.5
6.2318428779269555 | 2 | -0.5
6.190990627642639 | 2 | -0.5
6.4157223106836465 | 2 | -0.5
6.914664612407244 | 2 | -0.5
3.371136748978508 | 2 | -0.5
2.7580388444256485 | 2 | -0.5
2.294573063575332 | 2 | -0.5
2.1492406640662174 | 2 | -0.5
2.0615425971568677 | 2 | -0.5
2.100444934419112 | 2 | -0.5
2.1868407323338888 | 2 | -0.5
2.4930288611799525 | 2 | -0.5
2.9108472784385775 | 2 | -0.5
3.5826595742468186 | 2 | -0.5
5.193203893141716 | 2 | -0.5
5.765482918694631 | 2 | -0.5
5.6952107900811395 | 2 | -0.5
5.851117797876235 | 2 | -0.5
2.716227667093948 | 2 | -0.5
1.958119388141632 | 2 | -0.5
1.6196674271138016 | 2 | -0.5
1.4475858850009222 | 2 | -0.5
1.317813716394985 | 2 | -0.5
1.2753902052911985 | 2 | -0.5
1.252548728726434 | 2 | -0.5
1.2962180169343538 | 2 | -0.5
1.3718497171493471 | 2 | -0.5
1.5340692234203945 | 2 | -0.5
1.8682279909721906 | 2 | -0.5
2.3191822830670556 | 2 | -0.5
3.7756901421608915 | 2 | -0.5
6.278946114690793 | 2 | -0.5
6.228444507456336 | 2 | -0.5
6.458802430989844 | 2 | -0.5
6.933206333687599 | 2 | -0.5
3.3971539951307155 | 2 | -0.5
2.726091214470588 | 2 | -0.5
2.394810098245787 | 2 | -0.5
2.204938485578904 | 2 | -0.5
2.0893610843140924 | 2 | -0.5
2.0889715166033636 | 2 | -0.5
2.1580112748278433 | 2 | -0.5
2.2926672400251666 | 2 | -0.5
2.547327984905674 | 2 | -0.5
3.1509673882235534 | 2 | -0.5
4.333256429180505 | 2 | -0.5
5.833301550169112 | 2 | -0.5
5.602543098834772 | 2 | -0.5
5.662540587962753 | 2 | -0.5
5.890134177798325 | 2 | -0.5
2.2380626282582243 | 2 | -0.5
1.7951901547433395 | 2 | -0.5
1.5705152740961896 | 2 | -0.5
1.4564328170529561 | 2 | -0.5
1.3556415203138017 | 2 | -0.5
1.3542537928779148 | 2 | -0.5
1.3511748863657818 | 2 | -0.5
1.4312614929483476 | 2 | -0.5
1.5894771024827417 | 2 | -0.5
1.791069239001762 | 2 | -0.5
2.21484563445245 | 2 | -0.5
2.8839389676651854 | 2 | -0.5
4.530397837118168 | 2 | -0.5
6.255627597277512 | 2 | -0.5
6.341650028577511 | 2 | -0.5
6.547492081182551 | 2 | -0.5
7.204996789397076 | 2 | -0.5
3.014436092964826 | 2 | -0.5
2.55755430211652 | 2 | -0.5
2.2530991440172783 | 2 | -0.5
2.110999962462414 | 2 | -0.5
2.090669137427363 | 2 | -0.5
2.136582284794831 | 2 | -0.5
2.2463514597442935 | 2 | -0.5
2.520468173721591 | 2 | -0.5
2.838661348566219 | 2 | -0.5
3.5485386833881916 | 2 | -0.5
4.778159094165773 | 2 | -0.5
5.8517755813829275 | 2 | -0.5
5.704889807955465 | 2 | -0.5
5.733275230090359 | 2 | -0.5
5.946431922056767 | 2 | -0.5
2.6465578521411666 | 2 | -0.5
2.035729851942238 | 2 | -0.5
1.7446922651574566 | 2 | -0.5
1.5203589260972075 | 2 | -0.5
1.4537152474299526 | 2 | -0.5
1.4047165683758485 | 2 | -0.5
1.4267206680344875 | 2 | -0.5
1.4714294451389307 | 2 | -0.5
1.664074642479291 | 2 | -0.5
1.9305827446339567 | 2 | -0.5
2.413374088493378 | 2 | -0.5
3.515726337875132 | 2 | -0.5
6.415452374577843 | 2 | -0.5
6.342858797258815 | 2 | -0.5
6.5282011721657645 | 2 | -0.5
7.016402493088341 | 2 | -0.5
3.492412544911323 | 2 | -0.5
2.8476716121195595 | 2 | -0.5
2.488711663254336 | 2 | -0.5
2.2565755830889387 | 2 | -0.5
2.089257715385367 | 2 | -0.5
2.0787660082999366 | 2 | -0.5
2.1079463516610666 | 2 | -0.5
2.2601705974118964 | 2 | -0.5
2.426196116442268 | 2 | -0.5
2.8089594569020515 | 2 | -0.5
3.5288895335275106 | 2 | -0.5
4.817241547612329 | 2 | -0.5
5.767458426742586 | 2 | -0.5
5.601988513715807 | 2 | -0.5
5.713555939924007 | 2 | -0.5
6.011000335919128 | 2 | -0.5
2.1489714707169707 | 2 | -0.5
1.708801879758478 | 2 | -0.5
1.4635816847693492 | 2 | -0.5
1.2737621572628117 | 2 | -0.5
1.2833689812054505 | 2 | -0.5
1.2364039626413859 | 2 | -0.5
1.2912596053073158 | 2 | -0.5
1.3292769339489987 | 2 | -0.5
1.4727986211360258 | 2 | -0.5
1.7084401011600425 | 2 | -0.5
2.17748684964082 | 2 | -0.5
3.34696958001161 | 2 | -0.5
6.285782085671904 | 2 | -0.5
6.282005020718264 | 2 | -0.5
6.415766492739588 | 2 | -0.5
7.036644606176391 | 2 | -0.5
3.3631194302918406 | 2 | -0.5
2.7723141801594533 | 2 | -0.5
2.3546174066119185 | 2 | -0.5
2.2565617696255793 | 2 | -0.5
2.162333025728562 | 2 | -0.5
2.1446997130469425 | 2 | -0.5
2.2456774076817405 | 2 | -0.5
2.3501015896192183 | 2 | -0.5
2.7116027525151103 | 2 | -0.5
3.2185067807537866 | 2 | -0.5
4.189585429167397 | 2 | -0.5
5.931167929729515 | 2 | -0.5
5.651386014376166 | 2 | -0.5
5.716799319137995 | 2 | -0.5
6.020236927648807 | 2 | -0.5
2.180802113787579 | 2 | -0.5
1.7429178225182071 | 2 | -0.5
1.4731999485042258 | 2 | -0.5
1.2818366858877173 | 2 | -0.5
1.2184825375735915 | 2 | -0.5
1.2139904592294253 | 2 | -0.5
1.2679846329813687 | 2 | -0.5
1.2571360373688918 | 2 | -0.5
1.347012419849556 | 2 | -0.5
1.4880582236112956 | 2 | -0.5
1.805290067876247 | 2 | -0.5
2.5606356217075295 | 2 | -0.5
4.254290134545783 | 2 | -0.5
6.276418609573608 | 2 | -0.5
6.3551512181405325 | 2 | -0.5
6.746678375268159 | 2 | -0.5
3.764316769078874 | 2 | -0.5
3.0047111716147246 | 2 | -0.5
2.5932439538043144 | 2 | -0.5
2.3417990229661774 | 2 | -0.5
2.1730658111834398 | 2 | -0.5
2.1719832342841308 | 2 | -0.5
2.1913200116021105 | 0 | 5.0
2.177293768498458 | 2 | -0.5
2.3171144137815842 | 2 | -0.5
2.5611907692384377 | 2 | -0.5
2.865403716743094 | 2 | -0.5
3.4767975602827743 | 2 | -0.5
4.946671739899662 | 2 | -0.5
6.029226460719476 | 2 | -0.5
5.938129497477404 | 2 | -0.5
6.075577992212609 | 2 | -0.5
2.8658472989962878 | 2 | -0.5
1.997903842374773 | 2 | -0.5
1.6304015469724888 | 2 | -0.5
1.4391347415723175 | 2 | -0.5
1.321553447085525 | 2 | -0.5
1.2827296546207478 | 2 | -0.5
1.2638763388512002 | 2 | -0.5
1.3522342314596647 | 2 | -0.5
1.4050033057626445 | 2 | -0.5
1.5253775653070212 | 2 | -0.5
1.7698740787715002 | 2 | -0.5
2.2063634854853396 | 2 | -0.5
3.0093424136665483 | 2 | -0.5
5.798937666310436 | 2 | -0.5
5.997785251305573 | 2 | -0.5
6.049522300214515 | 2 | -0.5
6.3977994893735035 | 2 | -0.5
7.14512152724085 | 2 | -0.5
2.927777895132791 | 2 | -0.5
2.512359331407597 | 2 | -0.5
2.2693399217779207 | 2 | -0.5
2.137195987980811 | 2 | -0.5
2.049490361842711 | 2 | -0.5
2.1319911953619726 | 2 | -0.5
2.2050935383084793 | 2 | -0.5
2.402437392509054 | 2 | -0.5
2.7702397587202614 | 2 | -0.5
3.4248572467186453 | 2 | -0.5
4.827054955274903 | 2 | -0.5
6.067945228357761 | 2 | -0.5
5.947062824910064 | 2 | -0.5
6.121136690743415 | 2 | -0.5
3.073618289642784 | 2 | -0.5
2.232374262598625 | 2 | -0.5
1.843074405002147 | 2 | -0.5
1.662967052811967 | 2 | -0.5
1.4834132512225788 | 2 | -0.5
1.442327328923468 | 2 | -0.5
1.4329480323761452 | 2 | -0.5
1.4287502040677023 | 2 | -0.5
1.5487043983139246 | 2 | -0.5
1.7183339290608568 | 2 | -0.5
2.076795627606684 | 2 | -0.5
2.718391960755897 | 2 | -0.5
3.9246209808012797 | 2 | -0.5
5.994610182513548 | 2 | -0.5
5.959546094024227 | 2 | -0.5
6.06249311118686 | 2 | -0.5
6.426934151125065 | 2 | -0.5
7.17315436356629 | 2 | -0.5
2.7025254472772966 | 2 | -0.5
2.400380451836712 | 2 | -0.5
2.2377104343295477 | 2 | -0.5
2.0843825330470667 | 2 | -0.5
2.1463958367817537 | 2 | -0.5
2.130341233761351 | 2 | -0.5
2.2294623572499064 | 2 | -0.5
2.418448356698811 | 2 | -0.5
2.7202526365680457 | 2 | -0.5
3.4791605957577594 | 2 | -0.5
5.232260286083372 | 2 | -0.5
6.10220516218964 | 2 | -0.5
5.998588981311488 | 2 | -0.5
6.176657701567117 | 2 | -0.5
2.866431437324342 | 2 | -0.5
2.0552787196046 | 2 | -0.5
1.7043561978374488 | 2 | -0.5
1.5679450521862495 | 2 | -0.5
1.362367710018854 | 2 | -0.5
1.2757212661981499 | 2 | -0.5
1.2742414353189442 | 2 | -0.5
1.3340283308218146 | 2 | -0.5
1.417906859491496 | 2 | -0.5
1.5650452368267966 | 2 | -0.5
1.8248830643068896 | 2 | -0.5
2.247173921308033 | 2 | -0.5
3.709255816601165 | 2 | -0.5
5.968892822676385 | 2 | -0.5
5.9244822468771625 | 2 | -0.5
6.155342540015334 | 2 | -0.5
6.497415978014121 | 2 | -0.5
3.331253873182901 | 2 | -0.5
2.7281458669476333 | 2 | -0.5
2.3926324138437947 | 2 | -0.5
2.177136264734662 | 2 | -0.5
2.141157962014881 | 2 | -0.5
2.155066703529426 | 2 | -0.5
2.2949467641723063 | 2 | -0.5
2.491670457218259 | 2 | -0.5
2.897663281907611 | 2 | -0.5
3.780504733807488 | 2 | -0.5
5.780192485885255 | 2 | -0.5
5.934913631846958 | 2 | -0.5
5.937062060802756 | 2 | -0.5
6.197314423486373 | 2 | -0.5
2.2719692256525437 | 2 | -0.5
1.7189137694896952 | 2 | -0.5
1.5030864144900955 | 2 | -0.5
1.35557878991824 | 2 | -0.5
1.2711215250089087 | 2 | -0.5
1.2537707827835503 | 2 | -0.5
1.2409795135337633 | 2 | -0.5
1.3468893852527313 | 2 | -0.5
1.455732117463818 | 2 | -0.5
1.6207500884739678 | 2 | -0.5
2.018632429374318 | 2 | -0.5
2.8614291736984523 | 2 | -0.5
5.519081753967447 | 2 | -0.5
5.972334712375254 | 2 | -0.5
6.080910227176705 | 2 | -0.5
6.369187178531143 | 2 | -0.5
7.043384832006014 | 2 | -0.5
3.1583655691284425 | 2 | -0.5
2.6322347359746594 | 2 | -0.5
2.4079041039585105 | 2 | -0.5
2.2288008652804536 | 2 | -0.5
2.1971779884460556 | 2 | -0.5
2.16585579138697 | 2 | -0.5
2.219756544927261 | 2 | -0.5
2.418245356142825 | 2 | -0.5
2.6618240769766457 | 2 | -0.5
3.232288692265712 | 2 | -0.5
4.3711023613782585 | 2 | -0.5
6.21859957557927 | 2 | -0.5
5.993150418839923 | 2 | -0.5
5.972624486944772 | 2 | -0.5
6.1802939278965265 | 2 | -0.5
2.303723125708461 | 2 | -0.5
1.7430361709187574 | 2 | -0.5
1.4833604015996238 | 2 | -0.5
1.3140722120512407 | 2 | -0.5
1.244441454634069 | 2 | -0.5
1.2275519364487835 | 2 | -0.5
1.212481002392546 | 2 | -0.5
1.3165981175010502 | 2 | -0.5
1.4129010217674964 | 2 | -0.5
1.629115516386943 | 2 | -0.5
1.9111240291433234 | 2 | -0.5
2.6680912060053963 | 2 | -0.5
4.18419072521503 | 2 | -0.5
5.913702151537806 | 2 | -0.5
5.946093950336497 | 2 | -0.5
6.296350908535857 | 2 | -0.5
7.125606838874924 | 2 | -0.5
2.911351983016646 | 2 | -0.5
2.50735996589807 | 2 | -0.5
2.315568922300224 | 2 | -0.5
2.1787089481270145 | 2 | -0.5
2.1819581683311755 | 2 | -0.5
2.1991098388067747 | 2 | -0.5
2.3551909827598356 | 2 | -0.5
2.6097488595124982 | 2 | -0.5
3.1619343383832272 | 2 | -0.5
4.130768565955068 | 2 | -0.5
6.09594705116607 | 2 | -0.5
6.090448043476914 | 2 | -0.5
6.0045896851755005 | 2 | -0.5
6.2467319232684115 | 2 | -0.5
2.3868007163353355 | 2 | -0.5
1.891830878008383 | 2 | -0.5
1.574914091580062 | 2 | -0.5
1.3987355065018576 | 2 | -0.5
1.2802453716615407 | 2 | -0.5
1.209288102863432 | 2 | -0.5
1.1572927663166326 | 2 | -0.5
1.2040977329052962 | 2 | -0.5
1.2093724575037974 | 2 | -0.5
1.3084205939064184 | 2 | -0.5
1.5201740161335582 | 2 | -0.5
1.8712083159302324 | 2 | -0.5
2.428670940811123 | 2 | -0.5
3.8979425069396196 | 2 | -0.5
5.934406888118984 | 2 | -0.5
5.960497858851449 | 2 | -0.5
6.234975048239869 | 2 | -0.5
6.872225123411268 | 2 | -0.5
3.181392702432339 | 2 | -0.5
2.704539968317962 | 2 | -0.5
2.3982665906428946 | 2 | -0.5
2.311941048956748 | 2 | -0.5
2.2632109912045966 | 2 | -0.5
2.265595329950785 | 2 | -0.5
2.397881005994206 | 2 | -0.5
2.5956488176000136 | 2 | -0.5
3.0044199673955205 | 2 | -0.5
3.5804047882735155 | 2 | -0.5
4.614469373377362 | 2 | -0.5
6.1190081769375215 | 2 | -0.5
5.889603658688295 | 2 | -0.5
5.948746975316826 | 2 | -0.5
3.0131207557396995 | 2 | -0.5
2.1408561431012414 | 2 | -0.5
1.6421252789386578 | 2 | -0.5
1.4137038071677102 | 2 | -0.5
1.3051762615618414 | 2 | -0.5
1.2133123802949841 | 2 | -0.5
1.2101594217933906 | 2 | -0.5
1.1656341794045046 | 2 | -0.5
1.234974722250768 | 2 | -0.5
1.2908992550440839 | 2 | -0.5
1.4627196428604685 | 2 | -0.5
1.746785049645216 | 2 | -0.5
2.1944143579772195 | 2 | -0.5
3.978002256295008 | 2 | -0.5
6.038236375830278 | 2 | -0.5
6.02163289236554 | 2 | -0.5
6.224070379815192 | 2 | -0.5
6.680536372736702 | 2 | -0.5
7.40011806574343 | 2 | -0.5
3.0170546197076846 | 2 | -0.5
2.6075941539856005 | 2 | -0.5
2.3731954593311553 | 2 | -0.5
2.2894604562619714 | 2 | -0.5
2.2929388694633013 | 0 | 5.0
2.2681572340250358 | 2 | -0.5
2.328397750275662 | 2 | -0.5
2.532261121067822 | 2 | -0.5
2.915542432722202 | 2 | -0.5
3.3865497252989996 | 2 | -0.5
4.649624507159345 | 2 | -0.5
6.359580870961814 | 2 | -0.5
6.1146771987173105 | 2 | -0.5
6.14445774334613 | 2 | -0.5
6.3781248168143945 | 2 | -0.5
2.1956724042840494 | 2 | -0.5
1.7518572385727387 | 2 | -0.5
1.5077093997996216 | 2 | -0.5
1.313734616596757 | 2 | -0.5
1.1665804646134774 | 2 | -0.5
1.1746901131827874 | 2 | -0.5
1.1464622793294148 | 2 | -0.5
1.169504785003271 | 2 | -0.5
1.3331718218012043 | 2 | -0.5
1.353920797569399 | 2 | -0.5
1.5961827402465465 | 2 | -0.5
2.0497167702074615 | 2 | -0.5
2.825081513091162 | 2 | -0.5
5.446045320644336 | 2 | -0.5
5.805734458440308 | 2 | -0.5
5.948702599410697 | 2 | -0.5
6.335080504504021 | 2 | -0.5
7.14029071193941 | 2 | -0.5
2.9901387741856484 | 2 | -0.5
2.638554553951945 | 2 | -0.5
2.391993402562479 | 2 | -0.5
2.2926891202656567 | 2 | -0.5
2.2836632956608214 | 2 | -0.5
2.367139825380297 | 2 | -0.5
2.535626082634614 | 2 | -0.5
2.8707885229938825 | 2 | -0.5
3.374404212688474 | 2 | -0.5
4.588167957818176 | 2 | -0.5
6.364270985003843 | 2 | -0.5
6.219294363211336 | 2 | -0.5
6.135361274529252 | 2 | -0.5
6.332667233981349 | 2 | -0.5
2.382814073247666 | 2 | -0.5
1.6858192866336859 | 2 | -0.5
1.38976420077923 | 2 | -0.5
1.2059642570014983 | 2 | -0.5
1.1053805352378163 | 2 | -0.5
1.07760435896362 | 2 | -0.5
1.0650190565117805 | 2 | -0.5
1.0950341872356966 | 2 | -0.5
1.14308591732169 | 2 | -0.5
1.252916732699861 | 2 | -0.5
1.4294340085134754 | 2 | -0.5
1.9130434587049643 | 2 | -0.5
3.010774358892922 | 2 | -0.5
5.767130113831909 | 2 | -0.5
5.797454363143973 | 2 | -0.5
6.049577334661259 | 2 | -0.5
6.661820949728813 | 2 | -0.5
3.2880279397080505 | 2 | -0.5
2.7600102772396453 | 2 | -0.5
2.4417100462073518 | 2 | -0.5
2.3617619188155614 | 2 | -0.5
2.3648738859381333 | 2 | -0.5
2.4152702881072825 | 2 | -0.5
2.599907477215874 | 2 | -0.5
2.9481850703516295 | 2 | -0.5
3.544576273280573 | 2 | -0.5
4.476725000021141 | 2 | -0.5
6.406360568785023 | 2 | -0.5
6.137607792334691 | 2 | -0.5
6.168527413242946 | 2 | -0.5
2.7878353247291563 | 2 | -0.5
1.8340084707093538 | 2 | -0.5
1.4880333674156494 | 2 | -0.5
1.3140904886614555 | 2 | -0.5
1.258664871722196 | 2 | -0.5
1.1315778775257725 | 2 | -0.5
1.137095783872399 | 2 | -0.5
1.153806590537473 | 2 | -0.5
1.1868691119235049 | 2 | -0.5
1.2883874243738573 | 2 | -0.5
1.5079980637766535 | 2 | -0.5
1.8624756095602748 | 2 | -0.5
2.6730455412723138 | 2 | -0.5
4.269044495817841 | 2 | -0.5
5.773652061948426 | 2 | -0.5
5.858171791440514 | 2 | -0.5
6.041011013906771 | 2 | -0.5
6.603841254886041 | 2 | -0.5
3.367074692201585 | 2 | -0.5
2.7986715588149154 | 2 | -0.5
2.5056455786069294 | 2 | -0.5
2.3761356745971765 | 2 | -0.5
2.3076801702051406 | 2 | -0.5
2.3374279658261967 | 2 | -0.5
2.4765237911268185 | 2 | -0.5
2.683517273922596 | 2 | -0.5
3.0789794132587973 | 2 | -0.5
3.93870921310686 | 2 | -0.5
5.444228686042181 | 2 | -0.5
6.1802916581390095 | 2 | -0.5
5.981759060238217 | 2 | -0.5
6.113761206252375 | 2 | -0.5
2.4729000379010464 | 2 | -0.5
1.7480404779641867 | 2 | -0.5
1.3322183197487056 | 2 | -0.5
1.2049359207522576 | 2 | -0.5
1.0863609437569393 | 2 | -0.5
1.0088742435310316 | 2 | -0.5
1.0164602082269698 | 2 | -0.5
1.0792943042544423 | 2 | -0.5
1.137846509314071 | 2 | -0.5
1.2685809194260171 | 2 | -0.5
1.4518507708612165 | 2 | -0.5
1.8631386324921257 | 2 | -0.5
2.7921843312070584 | 2 | -0.5
5.91080976625111 | 2 | -0.5
5.875314429070626 | 2 | -0.5
6.060057783074602 | 2 | -0.5
6.585407357590162 | 2 | -0.5
3.470075310191897 | 2 | -0.5
2.8546933200124807 | 2 | -0.5
2.5647837685842902 | 2 | -0.5
2.374044200109998 | 2 | -0.5
2.26841841035131 | 2 | -0.5
2.2557390267500597 | 2 | -0.5
2.3367459458333495 | 0 | 5.0
2.2846828818438487 | 2 | -0.5
2.500336993116999 | 2 | -0.5
2.792556650988934 | 2 | -0.5
3.2194726751371956 | 2 | -0.5
4.073594314852561 | 2 | -0.5
6.1816175725156794 | 2 | -0.5
6.190854520712653 | 2 | -0.5
6.156291839211803 | 2 | -0.5
6.320026120390964 | 2 | -0.5
2.534945425241838 | 2 | -0.5
1.9396991087165363 | 2 | -0.5
1.6764286669185646 | 2 | -0.5
1.4422121600205366 | 2 | -0.5
1.3587535209419452 | 2 | -0.5
1.2792031857515465 | 2 | -0.5
1.246825658501935 | 2 | -0.5
1.3186250791697294 | 2 | -0.5
1.3754456164737847 | 2 | -0.5
1.5497006028620202 | 2 | -0.5
1.9228608726548027 | 2 | -0.5
2.5519296625265855 | 2 | -0.5
4.528453995774852 | 2 | -0.5
5.719651839997158 | 2 | -0.5
5.73980525289794 | 2 | -0.5
6.019685070269582 | 2 | -0.5
6.5849228791723675 | 2 | -0.5
2.9207437553952413 | 2 | -0.5
2.5308540698208066 | 2 | -0.5
2.2424947394636257 | 2 | -0.5
2.076125590886978 | 2 | -0.5
2.0779993797479293 | 2 | -0.5
2.077704233307583 | 2 | -0.5
2.137876130425535 | 2 | -0.5
2.298134156817864 | 2 | -0.5
2.584453815478893 | 2 | -0.5
3.0663191655087183 | 2 | -0.5
3.864599295285064 | 2 | -0.5
5.460310289534859 | 2 | -0.5
6.285025454489825 | 2 | -0.5
6.269723696268239 | 2 | -0.5
6.432942705924724 | 2 | -0.5
2.8434250882696617 | 2 | -0.5
2.179179606116299 | 2 | -0.5
1.7814391270379855 | 2 | -0.5
1.5880163454493055 | 2 | -0.5
1.5352588706701848 | 2 | -0.5
1.4454078996284931 | 2 | -0.5
1.4154766513058437 | 2 | -0.5
1.4825220543998276 | 2 | -0.5
1.5393514595908806 | 2 | -0.5
1.7259335457177363 | 2 | -0.5
1.9955616116251662 | 2 | -0.5
2.684865139241797 | 2 | -0.5
3.800262031844531 | 2 | -0.5
5.793697761276878 | 2 | -0.5
5.710192797641558 | 2 | -0.5
5.861935514159926 | 2 | -0.5
6.182132848438796 | 2 | -0.5
6.70461054688426 | 2 | -0.5
2.906704834956566 | 2 | -0.5
2.4588567332223983 | 2 | -0.5
2.268717386876005 | 2 | -0.5
2.113611578410969 | 2 | -0.5
2.0332486748409577 | 2 | -0.5
2.0760394344081585 | 2 | -0.5
2.1699036434327907 | 2 | -0.5
2.4404241314465676 | 2 | -0.5
2.850342334078571 | 2 | -0.5
3.532100528735088 | 2 | -0.5
4.93669074984056 | 2 | -0.5
6.369581410823091 | 2 | -0.5
6.248106009530931 | 2 | -0.5
6.2685311577685745 | 2 | -0.5
6.586355330354055 | 2 | -0.5
2.6465976576942247 | 2 | -0.5
1.989736979146539 | 2 | -0.5
1.713047439179521 | 2 | -0.5
1.490916460993229 | 2 | -0.5
1.4017209878340873 | 2 | -0.5
1.3901075159661538 | 2 | -0.5
1.4084577437103984 | 2 | -0.5
1.4735712317380971 | 2 | -0.5
1.5737392980787976 | 2 | -0.5
1.8238536225563091 | 2 | -0.5
2.1890642695054052 | 2 | -0.5
3.0194851048542155 | 2 | -0.5
5.236599914116997 | 2 | -0.5
5.645257314007526 | 2 | -0.5
5.694561090062754 | 2 | -0.5
6.037640397563271 | 2 | -0.5
6.78053677246389 | 2 | -0.5
2.6796516405362154 | 2 | -0.5
2.331220479927513 | 2 | -0.5
2.1277783883936383 | 2 | -0.5
2.066456355063657 | 2 | -0.5
2.0196644906936845 | 2 | -0.5
2.071934958431826 | 2 | -0.5
2.2622062404788705 | 2 | -0.5
2.594607164498712 | 2 | -0.5
3.1193176279351555 | 2 | -0.5
4.253946607125077 | 2 | -0.5
6.544659622693234 | 2 | -0.5
6.298378043966961 | 2 | -0.5
6.349228494387429 | 2 | -0.5
6.625881476234395 | 2 | -0.5
2.5153711283402465 | 2 | -0.5
2.009457718065955 | 2 | -0.5
1.7585205695716954 | 2 | -0.5
1.537712439506527 | 2 | -0.5
1.4525400974002793 | 2 | -0.5
1.4088476324893024 | 2 | -0.5
1.4278961775965784 | 2 | -0.5
1.5113124913371316 | 2 | -0.5
1.5712561584884488 | 2 | -0.5
1.8242480655549225 | 2 | -0.5
2.1927541077231822 | 2 | -0.5
2.942828895397334 | 2 | -0.5
4.975440621401797 | 2 | -0.5
5.648677847758226 | 2 | -0.5
5.661876963715756 | 2 | -0.5
5.92320797003273 | 2 | -0.5
6.4723600853571215 | 2 | -0.5
2.924992217699873 | 2 | -0.5
2.4912017754232756 | 2 | -0.5
2.217364085070096 | 2 | -0.5
2.0961494558490177 | 2 | -0.5
2.046254391738662 | 2 | -0.5
2.00556869567313 | 2 | -0.5
2.0858429572386163 | 2 | -0.5
2.264661419657822 | 2 | -0.5
2.7188264767916523 | 2 | -0.5
3.5682215776345854 | 2 | -0.5
5.162044026427219 | 2 | -0.5
6.361786911713318 | 2 | -0.5
6.217716376750144 | 2 | -0.5
6.4313252630623605 | 2 | -0.5
2.912351491268198 | 2 | -0.5
2.117946033768589 | 2 | -0.5
1.7367582469180438 | 2 | -0.5
1.492238209128855 | 2 | -0.5
1.3934994971709567 | 2 | -0.5
1.318299515493374 | 2 | -0.5
1.3526689214071625 | 2 | -0.5
1.4058625384644599 | 2 | -0.5
1.5430397547557246 | 2 | -0.5
1.7556718141548369 | 2 | -0.5
2.0093323952342845 | 2 | -0.5
2.6485107986849763 | 2 | -0.5
4.460212254937545 | 2 | -0.5
5.740964867778366 | 2 | -0.5
5.702459786560783 | 2 | -0.5
5.919902272818261 | 2 | -0.5
6.498409308139289 | 2 | -0.5
3.142920441280512 | 2 | -0.5
2.5706951703462426 | 2 | -0.5
2.2597741746086357 | 2 | -0.5
2.1120832229633764 | 2 | -0.5
2.059187399118042 | 2 | -0.5
2.0943611097779034 | 2 | -0.5
2.2081500528099647 | 2 | -0.5
2.454319678972483 | 2 | -0.5
2.806491006572043 | 2 | -0.5
3.4641332516370675 | 2 | -0.5
5.06329091665576 | 2 | -0.5
6.285548509078139 | 2 | -0.5
6.165917283920623 | 2 | -0.5
6.32581994409569 | 2 | -0.5
3.0094750055360255 | 2 | -0.5
2.20863758229365 | 2 | -0.5
1.845652755955766 | 2 | -0.5
1.6013647607907031 | 2 | -0.5
1.4621664191706045 | 2 | -0.5
1.416084225814555 | 2 | -0.5
1.3808281599951895 | 2 | -0.5
1.423977977003615 | 2 | -0.5
1.4929810918271562 | 2 | -0.5
1.6756876569206334 | 2 | -0.5
2.0559931918447267 | 2 | -0.5
2.671958812670735 | 2 | -0.5
4.251349691617358 | 2 | -0.5
5.788952325473257 | 2 | -0.5
5.877167812575642 | 2 | -0.5
6.130959442753814 | 2 | -0.5
6.7297568486232215 | 2 | -0.5
2.9376692440924117 | 2 | -0.5
2.4751605037957574 | 2 | -0.5
2.196109200414799 | 2 | -0.5
2.0920907551237957 | 2 | -0.5
2.0959821820129623 | 2 | -0.5
2.1228408149598086 | 2 | -0.5
2.219602675316907 | 2 | -0.5
2.498808035551782 | 2 | -0.5
2.965247049851869 | 2 | -0.5
3.7525178453351242 | 2 | -0.5
5.57585889104455 | 2 | -0.5
6.396374940261581 | 2 | -0.5
6.266953235725563 | 2 | -0.5
6.403041412130126 | 2 | -0.5
3.0375547937230265 | 2 | -0.5
2.1741136704843513 | 2 | -0.5
1.7569090880171443 | 2 | -0.5
1.5659105863551284 | 2 | -0.5
1.4779822487714585 | 2 | -0.5
1.373534092868945 | 2 | -0.5
1.450785855616163 | 2 | -0.5
1.413460533849811 | 2 | -0.5
1.5543137344983282 | 2 | -0.5
1.7992399817016005 | 2 | -0.5
2.171660965496096 | 2 | -0.5
2.903434536567466 | 2 | -0.5
5.481572291710398 | 2 | -0.5
5.54497357710984 | 2 | -0.5
5.678951828151237 | 2 | -0.5
5.9677166484085875 | 2 | -0.5
6.618615082711883 | 2 | -0.5
2.8342524800976086 | 2 | -0.5
2.41448764060021 | 2 | -0.5
2.159387656658719 | 2 | -0.5
2.0356405360087932 | 2 | -0.5
1.986319776890508 | 2 | -0.5
2.016574652177305 | 2 | -0.5
2.1267215738377927 | 2 | -0.5
2.403089156802911 | 2 | -0.5
2.7799038356247197 | 2 | -0.5
3.5265398106468795 | 2 | -0.5
4.914264420151375 | 2 | -0.5
6.561306328524009 | 2 | -0.5
6.476310005209996 | 2 | -0.5
6.569146004199733 | 2 | -0.5
3.62522277255442 | 2 | -0.5
2.426760694937792 | 2 | -0.5
2.005231374665675 | 2 | -0.5
1.7117037826276815 | 2 | -0.5
1.549093095311306 | 2 | -0.5
1.507035305771569 | 2 | -0.5
1.5651286956207482 | 2 | -0.5
1.6080753943753405 | 2 | -0.5
1.6179047748818791 | 2 | -0.5
1.8487998740364362 | 2 | -0.5
2.10556989157807 | 2 | -0.5
2.758474593807508 | 2 | -0.5
3.797550996820038 | 2 | -0.5
5.507454014750831 | 2 | -0.5
5.415132537656638 | 2 | -0.5
5.494722111372952 | 2 | -0.5
5.89509665209416 | 2 | -0.5
6.691754892018186 | 2 | -0.5
2.41183324015012 | 2 | -0.5
2.090249881471296 | 2 | -0.5
1.8889361022186013 | 2 | -0.5
1.8439115088223483 | 2 | -0.5
1.8565985304944546 | 2 | -0.5
1.9426291791054446 | 2 | -0.5
2.0695574961986933 | 2 | -0.5
2.283128501627455 | 2 | -0.5
2.7672528856626926 | 2 | -0.5
3.5388904056960473 | 2 | -0.5
5.69866257779932 | 2 | -0.5
6.528997854918428 | 2 | -0.5
6.518571993431117 | 2 | -0.5
6.7710010993396885 | 2 | -0.5
3.1352747065670155 | 2 | -0.5
2.2996073010002114 | 2 | -0.5
1.9464628608876835 | 2 | -0.5
1.680484269235116 | 2 | -0.5
1.5349193035731612 | 2 | -0.5
1.498485025742509 | 2 | -0.5
1.49566104542477 | 2 | -0.5
1.556525388326551 | 2 | -0.5
1.6566275393565502 | 2 | -0.5
1.8056681317905063 | 2 | -0.5
2.1840199962354077 | 2 | -0.5
2.6423097084991607 | 2 | -0.5
4.28414924065909 | 2 | -0.5
5.4943946860345925 | 2 | -0.5
5.498960360281952 | 2 | -0.5
5.71723139728078 | 2 | -0.5
6.197257454848278 | 2 | -0.5
2.836469603342917 | 2 | -0.5
2.3429638968762747 | 2 | -0.5
2.179950985268821 | 2 | -0.5
1.9954062083628847 | 2 | -0.5
1.9397610018129219 | 2 | -0.5
2.0053485194514042 | 2 | -0.5
2.07834825373948 | 2 | -0.5
2.2929782916461234 | 2 | -0.5
2.6674577295172406 | 2 | -0.5
3.135586697654106 | 2 | -0.5
4.351106826007649 | 2 | -0.5
6.709643178539732 | 2 | -0.5
6.590616275399735 | 2 | -0.5
6.635439539708394 | 2 | -0.5
7.041818473131907 | 2 | -0.5
2.725726285636995 | 2 | -0.5
2.1662230060095053 | 2 | -0.5
1.8261461580508835 | 2 | -0.5
1.6600003840126127 | 2 | -0.5
1.5965445096426312 | 2 | -0.5
1.5777036453224214 | 2 | -0.5
1.6566744436838565 | 2 | -0.5
1.8787285351460226 | 2 | -0.5
2.109100827120413 | 2 | -0.5
2.6161531469413397 | 2 | -0.5
3.8907579977835303 | 2 | -0.5
5.435363394043393 | 2 | -0.5
5.343136214835116 | 2 | -0.5
5.458676525008238 | 2 | -0.5
5.842558971121492 | 2 | -0.5
6.37226812056172 | 2 | -0.5
2.6566620136603127 | 2 | -0.5
2.285463658763526 | 2 | -0.5
2.028277324947427 | 2 | -0.5
1.8917674636994137 | 2 | -0.5
1.902693413084631 | 2 | -0.5
1.9843895359993688 | 2 | -0.5
2.0883900368289368 | 2 | -0.5
2.233284204192648 | 2 | -0.5
2.4492544613048515 | 2 | -0.5
3.1103712745962953 | 2 | -0.5
4.236417817193269 | 2 | -0.5
6.836145038524451 | 2 | -0.5
6.599869969605836 | 2 | -0.5
6.710430514219447 | 2 | -0.5
3.5029125548313296 | 2 | -0.5
2.5087551755641675 | 2 | -0.5
1.9292920888542329 | 2 | -0.5
1.752509807415336 | 2 | -0.5
1.5873051546092865 | 2 | -0.5
1.5086714696822672 | 2 | -0.5
1.4872758762610923 | 2 | -0.5
1.4718198138047947 | 2 | -0.5
1.559206488638008 | 2 | -0.5
1.6369416096941443 | 2 | -0.5
1.9294813340828403 | 2 | -0.5
2.2599226339824128 | 2 | -0.5
3.242154773912216 | 2 | -0.5
4.980588491554589 | 2 | -0.5
5.311125910838639 | 2 | -0.5
Total reward: -445.0
-2.8, 1.5, -2.0, 0.4, -2.4, 5.6, 4.9, 0.0, -0.6, -4.1, -5.5, 2.1, -3.0, -1.3, 5.5, -2.1, 2.2, -0.4
parameter ends

state | action | reward
[1.64] | 2 | -0.5
1.8435697490713607 | 2 | -0.5
2.247864134458619 | 2 | -0.5
3.003205308462898 | 2 | -0.5
4.583279262551593 | 2 | -0.5
4.533161720862282 | 2 | -0.5
4.50038049649405 | 2 | -0.5
4.722760942829208 | 2 | -0.5
5.01899903901927 | 2 | -0.5
5.648775461613623 | 2 | -0.5
6.82234407410993 | 2 | -0.5
2.140348821019596 | 2 | -0.5
1.99750731171519 | 2 | -0.5
1.888966741042788 | 2 | -0.5
1.8770284528495937 | 2 | -0.5
1.9400416691071964 | 2 | -0.5
2.1914599715811565 | 2 | -0.5
2.4766105688260045 | 2 | -0.5
3.1423710045014235 | 2 | -0.5
4.3415865871983135 | 2 | -0.5
7.534901311833128 | 2 | -0.5
7.431989994226757 | 2 | -0.5
7.594943663165148 | 2 | -0.5
3.4178311486678528 | 2 | -0.5
2.4158156602232004 | 2 | -0.5
2.0785682831064816 | 2 | -0.5
1.8148217506579731 | 2 | -0.5
1.6400353857446623 | 2 | -0.5
1.5753644833707294 | 2 | -0.5
1.5659270680618675 | 0 | 5.0
1.599742859742551 | 2 | -0.5
1.5982992191775942 | 2 | -0.5
1.6875859872472665 | 2 | -0.5
1.869137504107915 | 2 | -0.5
2.2295185499499905 | 2 | -0.5
2.8713761201936983 | 2 | -0.5
4.368761924870142 | 2 | -0.5
4.775180444597719 | 2 | -0.5
4.791748620781777 | 2 | -0.5
4.954618975983235 | 2 | -0.5
5.285034231540314 | 2 | -0.5
5.998040219172286 | 2 | -0.5
2.4101996989120265 | 2 | -0.5
2.0995222616488087 | 2 | -0.5
1.9323955010044935 | 2 | -0.5
1.819336632659939 | 2 | -0.5
1.849162222478171 | 2 | -0.5
1.9134901289031312 | 2 | -0.5
2.012532168795762 | 2 | -0.5
2.25240428090719 | 2 | -0.5
2.685534645004333 | 2 | -0.5
3.3895019527770263 | 2 | -0.5
4.954351121344736 | 2 | -0.5
7.215424869174612 | 2 | -0.5
7.123285326052802 | 2 | -0.5
7.336664107041476 | 2 | -0.5
3.6768098971283543 | 2 | -0.5
2.5834729331919846 | 2 | -0.5
2.095364767063448 | 2 | -0.5
1.8014493764226631 | 2 | -0.5
1.6859434454259385 | 2 | -0.5
1.6145956007316604 | 2 | -0.5
1.559959037653679 | 2 | -0.5
1.6349058839806303 | 2 | -0.5
1.757926401317259 | 2 | -0.5
1.971283906546977 | 2 | -0.5
2.3779458974067946 | 2 | -0.5
3.2140020616583636 | 2 | -0.5
4.899298318068836 | 2 | -0.5
4.730135915068137 | 2 | -0.5
4.731900444081124 | 2 | -0.5
4.936386459773728 | 2 | -0.5
5.32953634091055 | 2 | -0.5
6.018748655373656 | 2 | -0.5
2.286602404209162 | 2 | -0.5
2.0422721068234178 | 2 | -0.5
1.8648277102239084 | 2 | -0.5
1.7937065504868073 | 2 | -0.5
1.7638773229021416 | 2 | -0.5
1.8101205871560673 | 2 | -0.5
2.0192527141342236 | 2 | -0.5
2.271132572896558 | 2 | -0.5
2.7485837276260483 | 2 | -0.5
3.6338167402010826 | 2 | -0.5
5.661331387351758 | 2 | -0.5
7.171753609333533 | 2 | -0.5
7.163607595498393 | 2 | -0.5
7.491054403730944 | 2 | -0.5
3.183432980806884 | 2 | -0.5
2.4762820398163643 | 2 | -0.5
2.1280092591266992 | 2 | -0.5
1.8136399024155838 | 2 | -0.5
1.7408226281535895 | 2 | -0.5
1.7124002678004187 | 2 | -0.5
1.7578913543938444 | 2 | -0.5
1.8502938863306442 | 2 | -0.5
2.0523294290697662 | 2 | -0.5
2.4459983069265627 | 2 | -0.5
3.3089712879623057 | 2 | -0.5
4.9797304961137225 | 2 | -0.5
4.765007817394779 | 2 | -0.5
4.728909509168499 | 2 | -0.5
4.83755341620331 | 2 | -0.5
5.144588244508798 | 2 | -0.5
5.695159589167161 | 2 | -0.5
2.208388934834137 | 2 | -0.5
1.9272925529777802 | 2 | -0.5
1.7605286633821788 | 2 | -0.5
1.6877646592242592 | 2 | -0.5
1.6502920254370181 | 2 | -0.5
1.7006534264477846 | 2 | -0.5
1.817068036857877 | 2 | -0.5
2.0024188526318043 | 2 | -0.5
2.366616457966694 | 2 | -0.5
3.1675507599886528 | 2 | -0.5
4.889335829627538 | 2 | -0.5
7.151947996833793 | 2 | -0.5
7.128054386418385 | 2 | -0.5
7.251811184238191 | 2 | -0.5
3.751110739903395 | 2 | -0.5
2.7066647862667383 | 2 | -0.5
2.189150548277098 | 2 | -0.5
1.8877517892130977 | 2 | -0.5
1.774125996697468 | 2 | -0.5
1.7458002770047576 | 2 | -0.5
1.7212298577553253 | 2 | -0.5
1.804764180785411 | 2 | -0.5
1.9373563430751273 | 2 | -0.5
2.147905740216533 | 2 | -0.5
2.6806429949930215 | 2 | -0.5
3.705887635589782 | 2 | -0.5
4.937600871693155 | 2 | -0.5
4.77116857969898 | 2 | -0.5
4.848489698090566 | 2 | -0.5
5.1489340649820985 | 2 | -0.5
5.534199140533648 | 2 | -0.5
6.431074763313746 | 2 | -0.5
2.0028178245472144 | 2 | -0.5
1.8523483062381527 | 2 | -0.5
1.7661625277956283 | 2 | -0.5
1.723981124953486 | 2 | -0.5
1.745960547098645 | 2 | -0.5
1.8042348790329097 | 2 | -0.5
2.091349413787336 | 2 | -0.5
2.310076840538837 | 2 | -0.5
2.950573845590715 | 2 | -0.5
4.381383820146563 | 2 | -0.5
7.236563275763962 | 2 | -0.5
7.126904661238638 | 2 | -0.5
7.272049778117631 | 2 | -0.5
3.8104277320874234 | 2 | -0.5
2.683246932250841 | 2 | -0.5
2.1917689039601633 | 2 | -0.5
1.927631873617252 | 2 | -0.5
1.7848262365635552 | 2 | -0.5
1.7144244117379626 | 2 | -0.5
1.6847717758867522 | 2 | -0.5
1.7617479105034357 | 2 | -0.5
1.8986871230237767 | 2 | -0.5
2.0963997225256903 | 2 | -0.5
2.3719387885322867 | 2 | -0.5
2.978486068832818 | 2 | -0.5
4.17336902544721 | 2 | -0.5
4.907684500437011 | 2 | -0.5
4.841697337670868 | 2 | -0.5
4.982778227501931 | 2 | -0.5
5.339877640251795 | 2 | -0.5
5.968573336740798 | 2 | -0.5
2.1221005198011103 | 2 | -0.5
1.9181047194353908 | 2 | -0.5
1.7764406181080297 | 2 | -0.5
1.730121172742458 | 2 | -0.5
1.6976723059897902 | 2 | -0.5
1.7802925095433426 | 2 | -0.5
1.9049395418991324 | 2 | -0.5
2.18324232024312 | 2 | -0.5
2.5320776996286978 | 2 | -0.5
3.2933383571055934 | 2 | -0.5
5.485263115571087 | 2 | -0.5
7.078099140052865 | 2 | -0.5
7.080948275093074 | 2 | -0.5
7.313790903137569 | 2 | -0.5
3.328875687281145 | 2 | -0.5
2.5533686587827034 | 2 | -0.5
2.0912777514400043 | 2 | -0.5
1.9346065222991633 | 2 | -0.5
1.7602334557304404 | 2 | -0.5
1.7551062773972732 | 2 | -0.5
1.7616900108156366 | 2 | -0.5
1.8063078514628363 | 2 | -0.5
1.9925603359849147 | 2 | -0.5
2.2693966250843105 | 2 | -0.5
2.552359814068385 | 2 | -0.5
3.564384213861843 | 2 | -0.5
5.066013730801151 | 2 | -0.5
4.942358769113582 | 2 | -0.5
4.979451440013559 | 2 | -0.5
5.2973214976426775 | 2 | -0.5
5.872359569210781 | 2 | -0.5
2.2253529010199453 | 2 | -0.5
1.9870284249860302 | 2 | -0.5
1.7690346836385389 | 2 | -0.5
1.7035273382205756 | 2 | -0.5
1.6376037248331325 | 2 | -0.5
1.702278457206608 | 2 | -0.5
1.8102697552607407 | 2 | -0.5
1.9821376959248647 | 2 | -0.5
2.2612479649554875 | 2 | -0.5
2.9047335098875977 | 2 | -0.5
3.9526490089690576 | 2 | -0.5
7.134136807586962 | 2 | -0.5
6.990369036275165 | 2 | -0.5
7.117711377837259 | 2 | -0.5
7.498255183666494 | 2 | -0.5
2.7088889528344064 | 2 | -0.5
2.176604600291494 | 2 | -0.5
1.9246439587214417 | 2 | -0.5
1.7609033279614532 | 2 | -0.5
1.690665961072764 | 2 | -0.5
1.6825622677279282 | 2 | -0.5
1.7020287271421086 | 2 | -0.5
1.8998011601558478 | 2 | -0.5
2.1083063409103318 | 2 | -0.5
2.406657612213185 | 2 | -0.5
3.1884129645337818 | 2 | -0.5
5.008624628155472 | 2 | -0.5
4.838047523954614 | 2 | -0.5
4.909099337368971 | 2 | -0.5
5.051016668583266 | 2 | -0.5
5.419483780299036 | 2 | -0.5
6.138377992349834 | 2 | -0.5
2.3865796435723525 | 2 | -0.5
2.058108606279206 | 2 | -0.5
1.8964268154084802 | 2 | -0.5
1.8187260288989395 | 2 | -0.5
1.8574383190330945 | 2 | -0.5
1.9242682255923798 | 2 | -0.5
2.1386209131387233 | 2 | -0.5
2.385146180336326 | 2 | -0.5
2.906939729493074 | 2 | -0.5
3.778201601819579 | 2 | -0.5
5.641152492996478 | 2 | -0.5
7.170860127655931 | 2 | -0.5
7.2115886991911475 | 2 | -0.5
7.550969118631093 | 2 | -0.5
3.0423457295264735 | 2 | -0.5
2.2466723713410888 | 2 | -0.5
1.9061833229963423 | 2 | -0.5
1.6933541656779822 | 2 | -0.5
1.619707960035209 | 2 | -0.5
1.5508068247861055 | 2 | -0.5
1.5558060130693836 | 2 | -0.5
1.6524866797544207 | 2 | -0.5
1.727191173255289 | 2 | -0.5
1.9564825950827145 | 2 | -0.5
2.4252278631415343 | 2 | -0.5
3.0756078224526378 | 2 | -0.5
4.6977441599888925 | 2 | -0.5
4.766423674642746 | 2 | -0.5
4.728630680930534 | 2 | -0.5
4.883160891215625 | 2 | -0.5
5.2994610682666625 | 2 | -0.5
6.0088922930891195 | 2 | -0.5
2.1378618714905926 | 2 | -0.5
1.9242468271778743 | 2 | -0.5
1.8068037555210092 | 2 | -0.5
1.7475188821232959 | 2 | -0.5
1.7895619486553191 | 2 | -0.5
1.861220804228003 | 2 | -0.5
2.0604182063020535 | 2 | -0.5
2.478446336830985 | 2 | -0.5
3.1689724636731835 | 2 | -0.5
5.063208300366446 | 2 | -0.5
7.183438828406563 | 2 | -0.5
7.181902544666923 | 2 | -0.5
7.4816631529282835 | 2 | -0.5
3.0982186477422506 | 2 | -0.5
2.433871212031724 | 2 | -0.5
2.025018240294475 | 2 | -0.5
1.7821675414784248 | 2 | -0.5
1.6880938389004456 | 2 | -0.5
1.6260120096058932 | 2 | -0.5
1.6076063910290188 | 2 | -0.5
1.6790667844388267 | 2 | -0.5
1.8454576579261064 | 2 | -0.5
2.086703606195829 | 2 | -0.5
2.698926090675548 | 2 | -0.5
3.484456257769322 | 2 | -0.5
4.861403436239745 | 2 | -0.5
4.7377242452523785 | 2 | -0.5
4.737046749919975 | 2 | -0.5
4.916107741831445 | 2 | -0.5
5.285744961769131 | 2 | -0.5
6.066403168487471 | 2 | -0.5
2.1946190493809015 | 2 | -0.5
1.9772775738435855 | 2 | -0.5
1.8715485106175282 | 2 | -0.5
1.7170911000672608 | 2 | -0.5
1.7544272308341462 | 2 | -0.5
1.8449629599053916 | 2 | -0.5
2.023550578617533 | 2 | -0.5
2.2858647500672187 | 2 | -0.5
2.635999848960156 | 2 | -0.5
3.6403949601281886 | 2 | -0.5
6.082795018704337 | 2 | -0.5
7.21354354950592 | 2 | -0.5
7.267676005876273 | 2 | -0.5
7.56564491724183 | 2 | -0.5
3.03191460788373 | 2 | -0.5
2.4260040332570814 | 2 | -0.5
1.9737103148073702 | 2 | -0.5
1.7731555404841381 | 2 | -0.5
1.68849016682549 | 2 | -0.5
1.6424503131072488 | 0 | 5.0
1.6449267130207277 | 2 | -0.5
1.6539907644081027 | 2 | -0.5
1.7892934991962208 | 2 | -0.5
1.906572912341828 | 2 | -0.5
2.127700758400738 | 2 | -0.5
2.6002083454483023 | 2 | -0.5
3.130404857728419 | 2 | -0.5
5.015939792727017 | 2 | -0.5
4.984101779641721 | 2 | -0.5
4.95515231932796 | 2 | -0.5
5.1487610690267385 | 2 | -0.5
5.539387729533809 | 2 | -0.5
6.33375179731585 | 2 | -0.5
2.2513466252487278 | 2 | -0.5
1.9302836328870627 | 2 | -0.5
1.8175570107753245 | 2 | -0.5
1.7321979700006036 | 2 | -0.5
1.7592698212776892 | 2 | -0.5
1.8359765478052092 | 2 | -0.5
1.928698805911413 | 2 | -0.5
2.16443674841978 | 2 | -0.5
2.6024818095119664 | 2 | -0.5
3.4464275686922257 | 2 | -0.5
5.209465148922188 | 2 | -0.5
6.8510598913524285 | 2 | -0.5
6.888110980455317 | 2 | -0.5
7.170656799720538 | 2 | -0.5
3.235599891167957 | 2 | -0.5
2.314036532298726 | 2 | -0.5
1.9853048702163751 | 2 | -0.5
1.8290074159450873 | 2 | -0.5
1.689879202099361 | 2 | -0.5
1.5840649373117939 | 2 | -0.5
1.6207286104746896 | 2 | -0.5
1.7641820915761917 | 2 | -0.5
1.908746945079812 | 2 | -0.5
2.1930536495523563 | 2 | -0.5
2.74752527428132 | 2 | -0.5
3.787385737282885 | 2 | -0.5
5.113003888359686 | 2 | -0.5
5.078655672594704 | 2 | -0.5
5.0986384693076 | 2 | -0.5
5.26326088605136 | 2 | -0.5
5.752038932651664 | 2 | -0.5
6.479816630505287 | 2 | -0.5
2.302627120771005 | 2 | -0.5
1.97226322468394 | 2 | -0.5
1.9030506689690756 | 2 | -0.5
1.8489808149532054 | 2 | -0.5
1.8581103142470843 | 2 | -0.5
1.9810069502865648 | 2 | -0.5
2.1979464201034076 | 2 | -0.5
2.615696107791684 | 2 | -0.5
3.346829757280013 | 2 | -0.5
5.177412256041996 | 2 | -0.5
6.968026840877425 | 2 | -0.5
6.90609881099037 | 2 | -0.5
7.170348073246875 | 2 | -0.5
3.136667181927987 | 2 | -0.5
2.4535002766149323 | 2 | -0.5
2.0637181554575 | 2 | -0.5
1.7967237022518832 | 2 | -0.5
1.7395059533953485 | 2 | -0.5
1.623476396384599 | 2 | -0.5
1.6135393473040742 | 2 | -0.5
1.6605000687376368 | 2 | -0.5
1.8134714600034563 | 2 | -0.5
2.006479893870443 | 2 | -0.5
2.4068518250622657 | 2 | -0.5
3.3198371518092915 | 2 | -0.5
5.191927806252804 | 2 | -0.5
5.002621036716552 | 2 | -0.5
5.0884656420448104 | 2 | -0.5
5.378691482078738 | 2 | -0.5
6.019548730982293 | 2 | -0.5
2.442264305332491 | 2 | -0.5
2.168075225875886 | 2 | -0.5
1.9279528022916264 | 2 | -0.5
1.8393538939453271 | 2 | -0.5
1.8367134372673397 | 2 | -0.5
1.8664731409970192 | 2 | -0.5
1.994962180394747 | 2 | -0.5
2.1699283064164123 | 2 | -0.5
2.5646486506983956 | 2 | -0.5
3.235130293698524 | 2 | -0.5
4.638326188542798 | 2 | -0.5
7.121878254090704 | 2 | -0.5
6.928887835996795 | 2 | -0.5
7.019211394802027 | 2 | -0.5
4.1774935287671 | 2 | -0.5
2.706065672441856 | 2 | -0.5
2.0891314607499845 | 2 | -0.5
1.7754990843145408 | 2 | -0.5
1.61599998842068 | 2 | -0.5
1.5797729700943883 | 2 | -0.5
1.5754935330497113 | 2 | -0.5
1.5739524531353337 | 2 | -0.5
1.6831088247255832 | 2 | -0.5
1.8458700869292346 | 2 | -0.5
2.0831363858312844 | 2 | -0.5
2.5591216718562477 | 2 | -0.5
3.8442385281912896 | 2 | -0.5
5.092616786222688 | 2 | -0.5
4.991600432550059 | 2 | -0.5
5.099044722087651 | 2 | -0.5
5.302859167616941 | 2 | -0.5
5.679941124781271 | 2 | -0.5
6.352742248110961 | 2 | -0.5
2.4217285577919605 | 2 | -0.5
2.117191687365614 | 2 | -0.5
2.0606753833692757 | 2 | -0.5
1.9906728807142484 | 2 | -0.5
1.9678279484423489 | 2 | -0.5
1.9854301793082103 | 2 | -0.5
2.1753209105678795 | 2 | -0.5
2.3933170996829656 | 2 | -0.5
2.7700195725238044 | 2 | -0.5
3.5106494271723805 | 2 | -0.5
5.118619341169556 | 2 | -0.5
7.039444521680874 | 2 | -0.5
6.951426575522405 | 2 | -0.5
7.207235146366667 | 2 | -0.5
3.0379164239115424 | 2 | -0.5
2.3350646047436054 | 2 | -0.5
1.9264432247239442 | 2 | -0.5
1.7241220397760402 | 2 | -0.5
1.596791631538587 | 2 | -0.5
1.5262319559041582 | 2 | -0.5
1.5847408450511091 | 2 | -0.5
1.6959092839250482 | 2 | -0.5
1.8034277665577487 | 2 | -0.5
2.0815824083754038 | 2 | -0.5
2.6000352237277875 | 2 | -0.5
3.5296708440498388 | 2 | -0.5
5.096323798983203 | 2 | -0.5
5.03171336741744 | 2 | -0.5
4.9960431968855215 | 2 | -0.5
5.25414922028015 | 2 | -0.5
5.754531472384364 | 2 | -0.5
2.6403634361853974 | 2 | -0.5
2.200156808874963 | 2 | -0.5
2.0313322018728828 | 2 | -0.5
1.9297729806955197 | 2 | -0.5
1.8781895818756404 | 2 | -0.5
1.9424578589760055 | 2 | -0.5
2.023248460252192 | 2 | -0.5
2.1998144965969737 | 2 | -0.5
2.5439172994355608 | 2 | -0.5
3.2421265680857108 | 2 | -0.5
4.394105615551104 | 2 | -0.5
7.04364522864201 | 2 | -0.5
6.918709377309115 | 2 | -0.5
7.092061472235928 | 2 | -0.5
3.294398968733643 | 2 | -0.5
2.3606687068115306 | 2 | -0.5
1.9748998135735678 | 2 | -0.5
1.7208454415178676 | 2 | -0.5
1.6282224709377535 | 2 | -0.5
1.621964953467286 | 2 | -0.5
1.5967505711490577 | 2 | -0.5
1.5804285293332168 | 2 | -0.5
1.6666272032241825 | 2 | -0.5
1.8855131279879687 | 2 | -0.5
2.267624685288125 | 2 | -0.5
2.7677163020813014 | 2 | -0.5
4.678350727634231 | 2 | -0.5
5.013679865608641 | 2 | -0.5
5.00274068772896 | 2 | -0.5
5.137938248977697 | 2 | -0.5
5.6399064258089915 | 2 | -0.5
6.545099739914244 | 2 | -0.5
2.292757799660064 | 2 | -0.5
2.1003154855260076 | 2 | -0.5
1.955392931786743 | 2 | -0.5
1.850343548494391 | 2 | -0.5
1.8455111213342161 | 2 | -0.5
1.9157611939129275 | 2 | -0.5
2.106914279651568 | 2 | -0.5
2.3193122964722104 | 2 | -0.5
2.816090112923708 | 2 | -0.5
3.71941012029906 | 2 | -0.5
6.365894890144789 | 2 | -0.5
6.977134186698662 | 2 | -0.5
7.031981768870963 | 2 | -0.5
7.384930836795083 | 2 | -0.5
2.813226937719081 | 2 | -0.5
2.143401228895181 | 2 | -0.5
1.8020050595043187 | 2 | -0.5
1.6942980990173382 | 2 | -0.5
1.5859695477735107 | 2 | -0.5
1.500043362235194 | 2 | -0.5
1.5604656984985519 | 2 | -0.5
1.6574817194407998 | 2 | -0.5
1.8264532314201132 | 2 | -0.5
2.076888733101754 | 2 | -0.5
2.6878327256735894 | 2 | -0.5
4.126493273825608 | 2 | -0.5
5.003610159155605 | 2 | -0.5
4.872923193285139 | 2 | -0.5
5.057944851828108 | 2 | -0.5
5.4971685042162495 | 2 | -0.5
6.2082355273594265 | 2 | -0.5
2.240385006815903 | 2 | -0.5
2.013698111725611 | 2 | -0.5
1.8676399927322607 | 2 | -0.5
1.798539998249616 | 2 | -0.5
1.8149859793908087 | 2 | -0.5
1.8921768083568455 | 2 | -0.5
2.0141202308981576 | 2 | -0.5
2.3094906894057696 | 2 | -0.5
2.8857281271943576 | 2 | -0.5
3.9390339672358614 | 2 | -0.5
6.569487762583758 | 2 | -0.5
6.994043062474123 | 2 | -0.5
7.095906804164121 | 2 | -0.5
7.2742579097951605 | 2 | -0.5
3.3904648294691127 | 2 | -0.5
2.4448979269475215 | 2 | -0.5
2.0024962907552326 | 2 | -0.5
1.7587360770624978 | 2 | -0.5
1.6200130885355737 | 2 | -0.5
1.6060349225054613 | 2 | -0.5
1.6259635492812718 | 2 | -0.5
1.6991006944228413 | 2 | -0.5
1.8680473605133487 | 2 | -0.5
2.1298207710762154 | 2 | -0.5
2.6925370371229516 | 2 | -0.5
3.678546741204972 | 2 | -0.5
5.036288453154091 | 2 | -0.5
4.951977783245658 | 2 | -0.5
5.004702079744259 | 2 | -0.5
5.2798163994329395 | 2 | -0.5
5.897104781914417 | 2 | -0.5
2.598185934480348 | 2 | -0.5
2.1937711084846465 | 2 | -0.5
2.0367057017818593 | 2 | -0.5
1.9244471936147498 | 2 | -0.5
1.8707602234713616 | 2 | -0.5
1.8593790450623977 | 2 | -0.5
2.020538515372446 | 2 | -0.5
2.186117827697699 | 2 | -0.5
2.569400323079419 | 2 | -0.5
3.212302967623451 | 2 | -0.5
4.72095959358501 | 2 | -0.5
7.188243240448084 | 2 | -0.5
7.078502921131461 | 2 | -0.5
7.265267647144454 | 2 | -0.5
3.207339772610041 | 2 | -0.5
2.3193902988463955 | 2 | -0.5
1.9130003779503577 | 2 | -0.5
1.7152585108475762 | 2 | -0.5
1.6288778492727658 | 2 | -0.5
1.5792944306511263 | 2 | -0.5
1.6076029369016178 | 2 | -0.5
1.6486555008798962 | 2 | -0.5
1.8111690451923566 | 2 | -0.5
1.9772650213375926 | 2 | -0.5
2.5189840879977337 | 2 | -0.5
3.4254757559365627 | 2 | -0.5
5.015443141945684 | 2 | -0.5
4.858368101771031 | 2 | -0.5
4.967181665375615 | 2 | -0.5
5.266520962597512 | 2 | -0.5
5.897553951936938 | 2 | -0.5
2.4365188416455044 | 2 | -0.5
2.1184617319073697 | 2 | -0.5
1.936166835992319 | 2 | -0.5
1.8315152239213224 | 2 | -0.5
1.8128829521921304 | 2 | -0.5
1.824194163093106 | 2 | -0.5
1.9101293314556274 | 2 | -0.5
2.1715542203955374 | 2 | -0.5
2.5243570342828847 | 2 | -0.5
3.2722325399181784 | 2 | -0.5
5.070944266575519 | 2 | -0.5
7.180562299407797 | 2 | -0.5
7.039660234324587 | 2 | -0.5
7.235712682057643 | 2 | -0.5
4.1320828142839545 | 2 | -0.5
2.843247360543768 | 2 | -0.5
2.2208443521908796 | 2 | -0.5
1.8889765227666908 | 2 | -0.5
1.6972012173002373 | 2 | -0.5
1.617299028299385 | 2 | -0.5
1.5808322953511633 | 2 | -0.5
1.628639457020105 | 2 | -0.5
1.769576706877382 | 2 | -0.5
1.9867951096103371 | 2 | -0.5
2.3668438165005665 | 2 | -0.5
3.0747897571976432 | 2 | -0.5
4.926489330669298 | 2 | -0.5
4.808519772215783 | 2 | -0.5
4.828105683192611 | 2 | -0.5
4.953149633159029 | 2 | -0.5
5.280231934367442 | 2 | -0.5
6.148193474418995 | 2 | -0.5
2.3872952210107075 | 2 | -0.5
2.0725877554582355 | 2 | -0.5
1.94849594639432 | 2 | -0.5
1.9323805839929962 | 2 | -0.5
1.9092790213836908 | 2 | -0.5
2.0055764682294126 | 2 | -0.5
2.1805230289511677 | 2 | -0.5
2.428729849091755 | 2 | -0.5
3.0584867557860984 | 2 | -0.5
4.344076641184892 | 2 | -0.5
6.87680912591862 | 2 | -0.5
7.141722174433512 | 2 | -0.5
7.287003718615208 | 2 | -0.5
3.9495489218928532 | 2 | -0.5
2.7928861254534203 | 2 | -0.5
2.1808710874430477 | 2 | -0.5
1.8262162933518453 | 2 | -0.5
1.657689983231025 | 2 | -0.5
1.5546411040561414 | 2 | -0.5
1.5157248932686405 | 2 | -0.5
1.5137972454792963 | 2 | -0.5
1.5873012038947552 | 2 | -0.5
1.7522303158420416 | 2 | -0.5
1.965147069261047 | 2 | -0.5
2.3366370361206266 | 2 | -0.5
3.154696077448622 | 2 | -0.5
4.9640131428502245 | 2 | -0.5
4.818393291042595 | 2 | -0.5
4.880938279821124 | 2 | -0.5
5.078214463745447 | 2 | -0.5
5.498496695720258 | 2 | -0.5
6.547940037802143 | 2 | -0.5
2.236485336338804 | 2 | -0.5
2.04313208557718 | 2 | -0.5
1.915399355179337 | 2 | -0.5
1.8770252577666897 | 2 | -0.5
1.935163226281611 | 2 | -0.5
2.018127428594097 | 2 | -0.5
2.277611282653137 | 2 | -0.5
2.779010715321902 | 2 | -0.5
3.8068005828325866 | 2 | -0.5
5.998953590319036 | 2 | -0.5
7.203117878414266 | 2 | -0.5
7.191380283235571 | 2 | -0.5
7.399809286308457 | 2 | -0.5
3.2363609854508844 | 2 | -0.5
2.3312842213543075 | 2 | -0.5
1.9005235669888716 | 2 | -0.5
1.7441256490906873 | 2 | -0.5
1.5873505561323493 | 2 | -0.5
1.573523248238315 | 2 | -0.5
1.5633921176349606 | 2 | -0.5
1.640240848645181 | 2 | -0.5
1.7872343922013145 | 2 | -0.5
1.9677801277281064 | 2 | -0.5
2.2726168168508436 | 2 | -0.5
2.9807839323173 | 2 | -0.5
4.357031928910283 | 2 | -0.5
4.935034458582755 | 2 | -0.5
4.903769643049857 | 2 | -0.5
5.075730512185932 | 2 | -0.5
5.510725906778153 | 2 | -0.5
6.202499071294965 | 2 | -0.5
2.54753200390045 | 2 | -0.5
2.2382798998604425 | 2 | -0.5
2.0553219771684854 | 2 | -0.5
1.977232257535115 | 2 | -0.5
1.9314113775964252 | 2 | -0.5
2.052374410917401 | 2 | -0.5
2.13404291788708 | 2 | -0.5
2.4024156987987184 | 2 | -0.5
2.875628581001782 | 2 | -0.5
3.9304357436623842 | 2 | -0.5
6.431866226654143 | 2 | -0.5
6.961723002990003 | 2 | -0.5
6.9749905108967045 | 2 | -0.5
4.029380491400426 | 2 | -0.5
2.6353580288053258 | 2 | -0.5
2.008062228283336 | 2 | -0.5
1.7626650313392804 | 2 | -0.5
1.5693842121302446 | 2 | -0.5
1.4257442090248158 | 2 | -0.5
1.3879665665397476 | 2 | -0.5
1.4004269315578322 | 2 | -0.5
1.46460430648573 | 2 | -0.5
1.5563039165396366 | 2 | -0.5
1.8005721066096814 | 2 | -0.5
2.253822429219841 | 2 | -0.5
3.236093659002381 | 2 | -0.5
5.011860420452708 | 2 | -0.5
4.901507653145697 | 2 | -0.5
4.915303496387953 | 2 | -0.5
5.173553682997532 | 2 | -0.5
5.5799668734062315 | 2 | -0.5
6.390598731140257 | 2 | -0.5
2.6430007413083887 | 2 | -0.5
2.2657505528696023 | 2 | -0.5
2.1000573444669617 | 2 | -0.5
2.094074206717885 | 2 | -0.5
2.114436945884718 | 2 | -0.5
2.1787593907085676 | 2 | -0.5
2.403599795140904 | 2 | -0.5
2.7904274452355575 | 2 | -0.5
3.319668444113127 | 2 | -0.5
4.67912501490082 | 2 | -0.5
7.156538248947913 | 2 | -0.5
7.056014701913134 | 2 | -0.5
7.017369644977702 | 2 | -0.5
3.60670414547737 | 2 | -0.5
2.3691946890477333 | 2 | -0.5
1.809628682116377 | 2 | -0.5
1.5294128924747143 | 2 | -0.5
1.365290090129425 | 2 | -0.5
1.3214811144884528 | 2 | -0.5
1.3029206769726778 | 2 | -0.5
1.3234596271596029 | 2 | -0.5
1.408529719946189 | 2 | -0.5
1.5494878298628256 | 2 | -0.5
1.7587182919106767 | 2 | -0.5
2.133913014068599 | 2 | -0.5
3.062293767482992 | 2 | -0.5
5.00371611860609 | 2 | -0.5
4.915928236569296 | 2 | -0.5
5.007490519216318 | 2 | -0.5
5.233594346945973 | 2 | -0.5
5.760060785392253 | 2 | -0.5
7.004105412556682 | 2 | -0.5
2.3770140671179054 | 2 | -0.5
2.2009043584023864 | 2 | -0.5
2.0972201780732878 | 2 | -0.5
2.0802125969896443 | 2 | -0.5
2.1056659713858226 | 2 | -0.5
2.2635185341170754 | 2 | -0.5
2.516804256096671 | 2 | -0.5
2.8444653868478014 | 2 | -0.5
3.743628852284254 | 2 | -0.5
5.328555976813099 | 2 | -0.5
7.010681216349652 | 2 | -0.5
6.9241890734566205 | 2 | -0.5
7.119224920590892 | 2 | -0.5
2.7925836267139617 | 2 | -0.5
2.0835664082655527 | 2 | -0.5
1.7268819228038135 | 2 | -0.5
1.5280705157582728 | 2 | -0.5
1.4722067256422242 | 2 | -0.5
1.4386600878528266 | 2 | -0.5
1.397893729399223 | 2 | -0.5
1.4478727547743964 | 2 | -0.5
1.5294681523208293 | 2 | -0.5
1.6885687891982764 | 2 | -0.5
2.0400906429881625 | 2 | -0.5
2.698478099898774 | 2 | -0.5
4.059862638249501 | 2 | -0.5
4.974960287850511 | 2 | -0.5
4.9931127314848665 | 2 | -0.5
5.144166627586841 | 2 | -0.5
5.56724477589096 | 2 | -0.5
6.228386930180531 | 2 | -0.5
2.5124590860299376 | 2 | -0.5
2.2513264407446147 | 2 | -0.5
2.0588489098721148 | 2 | -0.5
2.001365213675357 | 2 | -0.5
1.9699925844075603 | 2 | -0.5
2.0579798989049016 | 2 | -0.5
2.2275595973664792 | 2 | -0.5
2.586553416976773 | 2 | -0.5
3.1627109288055677 | 2 | -0.5
4.5357118071842635 | 2 | -0.5
7.140407545748797 | 2 | -0.5
6.9424133670616985 | 2 | -0.5
7.064701834488792 | 2 | -0.5
3.326949834109266 | 2 | -0.5
2.2762928926594563 | 2 | -0.5
1.8061792986753815 | 2 | -0.5
1.6643513962507055 | 2 | -0.5
1.529490469097246 | 2 | -0.5
1.4404013121178485 | 2 | -0.5
1.4367051245061493 | 2 | -0.5
1.4544699910766747 | 2 | -0.5
1.5177834617996089 | 2 | -0.5
1.7115695071764594 | 2 | -0.5
2.003613446810048 | 2 | -0.5
2.643781007735136 | 2 | -0.5
3.4928006793177526 | 2 | -0.5
5.139857266259814 | 2 | -0.5
5.033445805949712 | 2 | -0.5
5.18975778868415 | 2 | -0.5
5.40723914792339 | 2 | -0.5
6.141668707340538 | 2 | -0.5
2.656730264896256 | 2 | -0.5
2.333722991861097 | 2 | -0.5
2.1228025966017885 | 2 | -0.5
2.0212270155115135 | 2 | -0.5
2.0115080138358428 | 2 | -0.5
2.0493002856419045 | 2 | -0.5
2.1503424016278934 | 2 | -0.5
2.4314020439212944 | 2 | -0.5
2.799155858275334 | 2 | -0.5
3.46473666279373 | 2 | -0.5
5.580978834726039 | 2 | -0.5
6.92774720124599 | 2 | -0.5
6.943844024532209 | 2 | -0.5
3.7967869353203993 | 2 | -0.5
2.6223757676216626 | 2 | -0.5
1.9735238597657387 | 2 | -0.5
1.637957995383813 | 2 | -0.5
1.4546578727108441 | 2 | -0.5
1.3902023989374492 | 2 | -0.5
1.377903335622905 | 2 | -0.5
1.3653728848989628 | 2 | -0.5
1.4383326968514103 | 2 | -0.5
1.605966777568798 | 2 | -0.5
1.8543689249743625 | 2 | -0.5
2.336599308999434 | 2 | -0.5
3.522471627614836 | 2 | -0.5
4.94980318890971 | 2 | -0.5
4.9720083899732215 | 2 | -0.5
5.1272609061820775 | 2 | -0.5
5.477942591570699 | 2 | -0.5
6.177635909216992 | 2 | -0.5
2.6481195793624566 | 2 | -0.5
2.3244347614634013 | 2 | -0.5
2.0927743989688143 | 2 | -0.5
2.0099671994443944 | 2 | -0.5
2.0387282595755694 | 2 | -0.5
2.148458753155104 | 2 | -0.5
2.2728954418381058 | 2 | -0.5
2.618921733280967 | 2 | -0.5
3.006019257541047 | 2 | -0.5
3.9757804293753654 | 2 | -0.5
6.945566686966593 | 2 | -0.5
6.952072515573563 | 2 | -0.5
7.019605409232964 | 2 | -0.5
3.703121467581863 | 2 | -0.5
2.556272313090875 | 2 | -0.5
1.9114095125143775 | 2 | -0.5
1.6499243593393178 | 2 | -0.5
1.501194654124803 | 2 | -0.5
1.4249370712870073 | 2 | -0.5
1.4064145377303598 | 2 | -0.5
1.458401894838294 | 2 | -0.5
1.5517414851516622 | 2 | -0.5
1.7439961441750529 | 2 | -0.5
1.9637561720861918 | 2 | -0.5
2.343921788600846 | 2 | -0.5
3.271935160724539 | 2 | -0.5
5.056925975045128 | 2 | -0.5
4.996501421141634 | 2 | -0.5
5.038421080876766 | 2 | -0.5
5.365551916343838 | 2 | -0.5
6.102589077140094 | 2 | -0.5
2.670296333078575 | 2 | -0.5
2.3499654052539793 | 2 | -0.5
2.1504498382394774 | 2 | -0.5
2.059065891396262 | 2 | -0.5
2.0490346581543224 | 2 | -0.5
2.0845320303028854 | 2 | -0.5
2.2252490133545972 | 2 | -0.5
2.4843394291727035 | 2 | -0.5
2.9863727248687395 | 2 | -0.5
3.8238353642613023 | 2 | -0.5
6.590614574853662 | 2 | -0.5
6.944836341854999 | 2 | -0.5
7.00943063157877 | 2 | -0.5
3.9286073092410687 | 2 | -0.5
2.4872877064745436 | 2 | -0.5
1.9462277468369147 | 2 | -0.5
1.7333383508143885 | 2 | -0.5
1.5864152478251428 | 2 | -0.5
1.472988947504661 | 2 | -0.5
1.4526223268468206 | 2 | -0.5
1.4486839608090247 | 2 | -0.5
1.527703424339476 | 2 | -0.5
1.6362086724366312 | 2 | -0.5
1.81028483475627 | 2 | -0.5
2.1635916236177537 | 2 | -0.5
3.038175547685878 | 2 | -0.5
5.116611814254127 | 2 | -0.5
4.958152693455818 | 2 | -0.5
5.047696410411947 | 2 | -0.5
5.27834061136583 | 2 | -0.5
5.916305848912858 | 2 | -0.5
2.5643012852295173 | 2 | -0.5
2.206272826664734 | 2 | -0.5
1.9921470707735414 | 2 | -0.5
1.842186353457937 | 2 | -0.5
1.8386846994719617 | 2 | -0.5
1.8223508424036565 | 2 | -0.5
1.9070903441675102 | 2 | -0.5
2.1570818203138926 | 2 | -0.5
2.5356446854894665 | 2 | -0.5
3.2973695095552307 | 2 | -0.5
4.980500036189112 | 2 | -0.5
6.894367403395716 | 2 | -0.5
6.824113173692358 | 2 | -0.5
6.9982460016342785 | 2 | -0.5
3.4239786969639168 | 2 | -0.5
2.5189766683286865 | 2 | -0.5
2.050655511672077 | 2 | -0.5
1.8300563712848184 | 2 | -0.5
1.636725905204041 | 2 | -0.5
1.566153654336245 | 2 | -0.5
1.5609431758457668 | 2 | -0.5
1.6208299062136087 | 2 | -0.5
1.6925702720370366 | 2 | -0.5
1.8797962997896582 | 2 | -0.5
2.1877405996240946 | 2 | -0.5
2.8377139295043485 | 2 | -0.5
4.317314043228217 | 2 | -0.5
5.106194086118093 | 2 | -0.5
5.080561277382918 | 2 | -0.5
5.2386451988178635 | 2 | -0.5
5.621954871552671 | 2 | -0.5
6.26100686270595 | 2 | -0.5
2.3270686684635127 | 2 | -0.5
2.0598355422184684 | 2 | -0.5
1.8543539841835488 | 2 | -0.5
1.8006870656061091 | 2 | -0.5
1.839450560301978 | 2 | -0.5
1.9065582516186979 | 2 | -0.5
2.13481289775129 | 2 | -0.5
2.3770082319544708 | 2 | -0.5
3.010535376465139 | 2 | -0.5
3.9486210374752377 | 2 | -0.5
7.0324685130048135 | 2 | -0.5
6.864939226317757 | 2 | -0.5
6.967784178103513 | 2 | -0.5
3.7780077474885827 | 2 | -0.5
2.783103118941945 | 2 | -0.5
2.2317335416837096 | 2 | -0.5
1.9002363055074356 | 2 | -0.5
1.71998173896476 | 2 | -0.5
1.6600391873507214 | 2 | -0.5
1.649172273407724 | 2 | -0.5
1.6600078413845307 | 2 | -0.5
1.77055157638062 | 2 | -0.5
1.9704271969728504 | 2 | -0.5
2.3168913732171066 | 2 | -0.5
2.9623274585848387 | 2 | -0.5
4.470684901582062 | 2 | -0.5
5.173075915866269 | 2 | -0.5
5.126342577644144 | 2 | -0.5
5.261511482331468 | 2 | -0.5
5.531055661104943 | 2 | -0.5
6.092914589770645 | 2 | -0.5
2.49873582369958 | 2 | -0.5
2.047373143705941 | 2 | -0.5
1.8816355912308973 | 2 | -0.5
1.7488785674161285 | 2 | -0.5
1.7864514209903093 | 2 | -0.5
1.7909587959705173 | 2 | -0.5
1.9032176473446862 | 2 | -0.5
2.1001530806602053 | 2 | -0.5
2.4638105858923085 | 2 | -0.5
3.1373014193971085 | 2 | -0.5
5.072335184216575 | 2 | -0.5
6.830242146327599 | 2 | -0.5
6.811539186079547 | 2 | -0.5
7.204596557471774 | 2 | -0.5
2.8945130064957567 | 2 | -0.5
2.288899560319948 | 2 | -0.5
1.9703860620137663 | 2 | -0.5
1.7518050666625886 | 2 | -0.5
1.6526560263654844 | 2 | -0.5
1.6602623437217117 | 2 | -0.5
1.6844623473803153 | 2 | -0.5
1.7940405723089707 | 2 | -0.5
1.9924913541058387 | 2 | -0.5
2.355985107919948 | 2 | -0.5
2.907299334639426 | 2 | -0.5
4.279215357695762 | 2 | -0.5
5.250987139932232 | 2 | -0.5
5.201280210554946 | 2 | -0.5
5.205868237248578 | 2 | -0.5
5.49111782162352 | 2 | -0.5
6.059446171722726 | 2 | -0.5
2.456930780915122 | 2 | -0.5
2.103811645191963 | 2 | -0.5
1.8732315291047235 | 2 | -0.5
1.7456968521877565 | 2 | -0.5
1.7450123348916162 | 2 | -0.5
1.8355027320530997 | 2 | -0.5
1.88221243867904 | 2 | -0.5
2.056829877690632 | 2 | -0.5
2.447657129653274 | 2 | -0.5
3.411400208792373 | 2 | -0.5
5.840392267460304 | 2 | -0.5
6.635635583346954 | 2 | -0.5
6.734913671450321 | 2 | -0.5
7.014701264178126 | 2 | -0.5
Total reward: -489.0
-2.8, 1.5, -2.0, 0.4, -2.4, 5.6, 4.9, 0.0, -0.6, -4.1, -5.5, 2.1, -3.0, -1.3, 5.5, -2.1, 2.2, -0.4
parameter ends

state | action | reward
[3.69] | 2 | -0.5
2.6901141791578236 | 2 | -0.5
2.194601865927617 | 2 | -0.5
1.924979033903105 | 2 | -0.5
1.8176535232279887 | 2 | -0.5
1.6995304932775976 | 2 | -0.5
1.7027253334660304 | 0 | 5.0
1.6965818147037581 | 0 | 5.0
1.6871763044738433 | 0 | 5.0
1.6996348109527184 | 0 | 5.0
1.720527595878096 | 0 | 5.0
1.707486315514714 | 0 | 5.0
1.728944368204741 | 0 | 5.0
1.730375338743986 | 0 | 5.0
1.7117109541207822 | 0 | 5.0
1.729786397941728 | 0 | 5.0
1.7341762887454064 | 0 | 5.0
1.7694143567183598 | 0 | 5.0
1.7551828154272795 | 0 | 5.0
1.800873381922362 | 0 | 5.0
1.7614780503429537 | 0 | 5.0
1.7663204276081732 | 0 | 5.0
1.7746360166867163 | 0 | 5.0
1.736949356850339 | 0 | 5.0
1.8115348239587767 | 0 | 5.0
1.8345292249203369 | 2 | -0.5
1.8674130310293728 | 2 | -0.5
1.8678297693317083 | 2 | -0.5
2.082528738912452 | 2 | -0.5
2.258006502715636 | 2 | -0.5
2.652263382901688 | 2 | -0.5
3.4459815640666562 | 2 | -0.5
5.802654402907972 | 2 | -0.5
13.717310298031581 | 2 | -0.5
13.68944680187913 | 2 | -0.5
5.670729426027887 | 2 | -0.5
3.560722822854154 | 2 | -0.5
2.6279139978192267 | 2 | -0.5
2.064164641549965 | 2 | -0.5
1.7886179378603633 | 2 | -0.5
1.708686409847326 | 2 | -0.5
1.5911616842030905 | 0 | 5.0
1.5852804462886814 | 0 | 5.0
1.668869469177323 | 0 | 5.0
1.687702195266498 | 0 | 5.0
1.7047969727024028 | 0 | 5.0
1.7328188483312457 | 0 | 5.0
1.742340404459252 | 0 | 5.0
1.7487501876530285 | 0 | 5.0
1.7914275023619344 | 0 | 5.0
1.8100455138550162 | 0 | 5.0
1.8377191759354197 | 0 | 5.0
1.822219957036384 | 0 | 5.0
1.8855480040405705 | 0 | 5.0
1.8882915662728377 | 0 | 5.0
1.9048694199043485 | 0 | 5.0
1.9551700489196537 | 0 | 5.0
1.913426442978628 | 0 | 5.0
1.9677454855672352 | 0 | 5.0
1.9848228941300485 | 0 | 5.0
1.9785365059777726 | 0 | 5.0
1.9901182656716307 | 0 | 5.0
1.9684132936935441 | 0 | 5.0
1.9908975044172885 | 0 | 5.0
2.0117492611705288 | 0 | 5.0
2.007197649280341 | 0 | 5.0
2.043796754731777 | 0 | 5.0
2.0179633373601025 | 0 | 5.0
2.0545719817175003 | 0 | 5.0
2.0592966370887633 | 0 | 5.0
2.0457582330645474 | 0 | 5.0
2.07389191233142 | 0 | 5.0
2.0970752666636736 | 0 | 5.0
2.0664523698564103 | 0 | 5.0
2.122538808212287 | 0 | 5.0
2.101856134016129 | 0 | 5.0
2.0873393627073282 | 0 | 5.0
2.0738254576095 | 0 | 5.0
2.051243559617538 | 2 | -0.5
2.088965440780314 | 2 | -0.5
2.1987162030669314 | 2 | -0.5
2.4284785536899594 | 2 | -0.5
2.875758501208107 | 2 | -0.5
3.4899223269030295 | 2 | -0.5
4.712733960872896 | 2 | -0.5
8.463029160160582 | 2 | -0.5
14.160083608943422 | 2 | -0.5
6.200484769303698 | 2 | -0.5
3.7321175630325585 | 2 | -0.5
2.3119482833647216 | 2 | -0.5
1.8485723933167086 | 2 | -0.5
1.6014524732711937 | 2 | -0.5
1.4113977646883649 | 2 | -0.5
1.385942339873681 | 0 | 5.0
1.422537142897151 | 0 | 5.0
1.4628369465313662 | 0 | 5.0
1.4310601834118626 | 0 | 5.0
1.483242092427235 | 0 | 5.0
1.473177690684835 | 0 | 5.0
1.5704751468966205 | 0 | 5.0
1.5825547050178665 | 0 | 5.0
1.6321710875881283 | 0 | 5.0
1.634430999034415 | 0 | 5.0
1.6752591190948634 | 0 | 5.0
1.685366626164917 | 0 | 5.0
1.7394829382088046 | 0 | 5.0
1.7718932576774957 | 2 | -0.5
1.7348040952224697 | 0 | 5.0
1.739308477282141 | 0 | 5.0
1.7418896232781884 | 0 | 5.0
1.781063231956782 | 0 | 5.0
1.746305862917789 | 0 | 5.0
1.7611222097473238 | 0 | 5.0
1.7460613845570991 | 0 | 5.0
1.7722182948618446 | 0 | 5.0
1.7649089801850353 | 0 | 5.0
1.7847890592022118 | 0 | 5.0
1.7782302691500453 | 0 | 5.0
1.8184655513480554 | 0 | 5.0
1.8041230166558733 | 0 | 5.0
1.7947185624123239 | 0 | 5.0
1.774544699566019 | 0 | 5.0
1.7902555478203659 | 0 | 5.0
1.7518675476680274 | 0 | 5.0
1.8252647953158947 | 0 | 5.0
1.8133410835475237 | 0 | 5.0
1.8088783094990994 | 0 | 5.0
1.782404362018836 | 0 | 5.0
1.8373784425049535 | 0 | 5.0
1.8439988104938703 | 0 | 5.0
1.8401565658095598 | 0 | 5.0
1.7844339855954219 | 2 | -0.5
1.9265951980365437 | 2 | -0.5
2.0123785178212366 | 2 | -0.5
2.2484032516866925 | 2 | -0.5
2.6942177285013096 | 2 | -0.5
3.407899944822073 | 2 | -0.5
5.385589909625336 | 2 | -0.5
13.526080725090676 | 2 | -0.5
8.450231768674513 | 2 | -0.5
3.7618114942578784 | 2 | -0.5
2.5302450146145157 | 2 | -0.5
2.160201515341829 | 2 | -0.5
1.822230124072561 | 2 | -0.5
1.698179720952286 | 2 | -0.5
1.5513053983085088 | 2 | -0.5
1.5210748634654296 | 0 | 5.0
1.5429911585906484 | 0 | 5.0
1.5851849131496087 | 0 | 5.0
1.6370056735330905 | 0 | 5.0
1.63962160511478 | 0 | 5.0
1.6766443960133213 | 0 | 5.0
1.6726890420139517 | 0 | 5.0
1.7092321310773155 | 0 | 5.0
1.7171389646377169 | 0 | 5.0
1.7497897571951098 | 0 | 5.0
1.7747832437793283 | 0 | 5.0
1.7867563653081548 | 0 | 5.0
1.8070152887743158 | 0 | 5.0
1.801059933065659 | 0 | 5.0
1.822195931940609 | 0 | 5.0
1.8541272218011522 | 0 | 5.0
1.8766537919729762 | 0 | 5.0
1.8500242805736808 | 0 | 5.0
1.8810579312154672 | 0 | 5.0
1.8979347821313468 | 0 | 5.0
1.9136156831931919 | 0 | 5.0
1.924289267659615 | 0 | 5.0
1.9616430414270347 | 0 | 5.0
1.9803310623501984 | 0 | 5.0
1.994665834511129 | 0 | 5.0
1.964776814333001 | 0 | 5.0
1.9949927645533947 | 0 | 5.0
2.006046219423525 | 0 | 5.0
2.0407350190517195 | 0 | 5.0
2.0831079900459595 | 0 | 5.0
2.0264109954985585 | 0 | 5.0
2.1143327609036424 | 0 | 5.0
2.1375117367920926 | 0 | 5.0
2.1201353616288254 | 0 | 5.0
2.1738577246333692 | 0 | 5.0
2.213148143923286 | 2 | -0.5
2.1894944499656375 | 0 | 5.0
2.2090591903768124 | 2 | -0.5
2.2359881578621277 | 0 | 5.0
2.223698155547871 | 2 | -0.5
2.3878489052413503 | 2 | -0.5
2.6807816755484093 | 2 | -0.5
3.108512972840456 | 2 | -0.5
4.050562622614465 | 2 | -0.5
6.505665965604685 | 2 | -0.5
14.362800387463592 | 2 | -0.5
10.71330694356809 | 2 | -0.5
4.022851459834024 | 2 | -0.5
2.4990583902598194 | 2 | -0.5
1.877782072181829 | 2 | -0.5
1.5456266574897717 | 2 | -0.5
1.3732824089634093 | 2 | -0.5
1.286286166248492 | 2 | -0.5
1.275929086948582 | 0 | 5.0
1.2774249776413704 | 0 | 5.0
1.28556413008215 | 0 | 5.0
1.2709413240704772 | 0 | 5.0
1.3443295885171038 | 0 | 5.0
1.333124834625417 | 0 | 5.0
1.337661363098076 | 0 | 5.0
1.3895028997540666 | 0 | 5.0
1.4299791167607478 | 0 | 5.0
1.4132697504566405 | 0 | 5.0
1.491978608715309 | 0 | 5.0
1.5097536137075172 | 0 | 5.0
1.558705716767967 | 0 | 5.0
1.5178056519748586 | 0 | 5.0
1.5634705604479227 | 0 | 5.0
1.587179439427697 | 0 | 5.0
1.585695262188307 | 0 | 5.0
1.6405735974204363 | 0 | 5.0
1.666114394719251 | 0 | 5.0
1.6429857749112595 | 0 | 5.0
1.6599600777332204 | 0 | 5.0
1.7330058648320348 | 0 | 5.0
1.7298083159169588 | 0 | 5.0
1.7235391216224352 | 0 | 5.0
1.8225974216998209 | 0 | 5.0
1.810511762004249 | 0 | 5.0
1.8392840020495629 | 0 | 5.0
1.8616625361219439 | 0 | 5.0
1.8750501157580037 | 0 | 5.0
1.91493214594872 | 0 | 5.0
1.9477597892146046 | 0 | 5.0
1.9726634351510326 | 0 | 5.0
1.977140359644206 | 0 | 5.0
1.974560598749868 | 0 | 5.0
2.0148419067409566 | 0 | 5.0
2.031767613677933 | 0 | 5.0
2.058147480151011 | 0 | 5.0
2.096254821747013 | 0 | 5.0
2.1219630993329224 | 0 | 5.0
2.1081982168394764 | 0 | 5.0
2.141905571963787 | 0 | 5.0
2.163504528157456 | 2 | -0.5
2.184018468372908 | 2 | -0.5
2.344053130448079 | 2 | -0.5
2.6352589293652673 | 2 | -0.5
3.1586513895685355 | 2 | -0.5
4.045517888266074 | 2 | -0.5
6.315713053007629 | 2 | -0.5
14.405459443749619 | 2 | -0.5
14.334619374564062 | 2 | -0.5
4.038218767147716 | 2 | -0.5
2.3401892988623674 | 2 | -0.5
1.8471000707365368 | 2 | -0.5
1.6147733772173871 | 2 | -0.5
1.376127562203527 | 2 | -0.5
1.3013475017715008 | 2 | -0.5
1.2835453888429889 | 0 | 5.0
1.290368787638225 | 0 | 5.0
1.2791561892339551 | 0 | 5.0
1.3222058626190056 | 0 | 5.0
1.3434529557625323 | 0 | 5.0
1.3371253980622568 | 0 | 5.0
1.4306366550893002 | 0 | 5.0
1.3766753708267563 | 0 | 5.0
1.459602533635408 | 0 | 5.0
1.436434140934809 | 0 | 5.0
1.5104969180264187 | 0 | 5.0
1.5056337201633145 | 0 | 5.0
1.4980219658377818 | 0 | 5.0
1.5559298732708526 | 0 | 5.0
1.5655037847924014 | 0 | 5.0
1.5745224461458653 | 0 | 5.0
1.6156472926000074 | 0 | 5.0
1.6133097084264556 | 0 | 5.0
1.622849512544063 | 0 | 5.0
1.6438082969083812 | 0 | 5.0
1.671356512886974 | 0 | 5.0
1.6880376811538844 | 0 | 5.0
1.7182574710159737 | 0 | 5.0
1.7803361056406606 | 0 | 5.0
1.7402593992595363 | 0 | 5.0
1.7591077370280275 | 0 | 5.0
1.8251039478333952 | 0 | 5.0
1.8304439219318138 | 0 | 5.0
1.8134143672882066 | 0 | 5.0
1.8128558017606675 | 0 | 5.0
1.8658382602543355 | 0 | 5.0
1.808724437866504 | 0 | 5.0
1.868252109707225 | 0 | 5.0
1.93369599522042 | 0 | 5.0
1.8552911202388733 | 0 | 5.0
1.8846579142671553 | 0 | 5.0
1.900134920705281 | 0 | 5.0
1.908203575229445 | 0 | 5.0
1.9193727851968694 | 2 | -0.5
1.9342772806978694 | 0 | 5.0
1.9251700121380548 | 2 | -0.5
1.9944648242168903 | 2 | -0.5
2.216958671475182 | 2 | -0.5
2.536090372339776 | 2 | -0.5
3.169880815437493 | 2 | -0.5
4.3169340486870835 | 2 | -0.5
8.490815883962297 | 2 | -0.5
13.9119986752501 | 2 | -0.5
6.789566438410789 | 2 | -0.5
3.6252469951534 | 2 | -0.5
2.545664668276842 | 2 | -0.5
2.12099754111583 | 2 | -0.5
1.8238492358213831 | 2 | -0.5
1.7116687231870344 | 2 | -0.5
1.639381697504752 | 0 | 5.0
1.6705930110773535 | 0 | 5.0
1.6845052459852117 | 0 | 5.0
1.7361895238554181 | 0 | 5.0
1.7701088522915511 | 0 | 5.0
1.7983311021263226 | 2 | -0.5
1.787108854003394 | 0 | 5.0
1.784280757337338 | 0 | 5.0
1.7611751128827324 | 0 | 5.0
1.7571591164205382 | 0 | 5.0
1.7309091410609594 | 0 | 5.0
1.7452620624318462 | 0 | 5.0
1.6937920164197235 | 0 | 5.0
1.7368228101184051 | 0 | 5.0
1.6872411092072988 | 0 | 5.0
1.6603190731357045 | 0 | 5.0
1.6815077868578556 | 0 | 5.0
1.6448933299830573 | 0 | 5.0
1.6435473903196205 | 0 | 5.0
1.6000057612050271 | 0 | 5.0
1.5576230498199037 | 0 | 5.0
1.5109896577379802 | 0 | 5.0
1.4576459038888343 | 0 | 5.0
1.4584572927932997 | 0 | 5.0
1.442304064368704 | 0 | 5.0
1.399385381778509 | 0 | 5.0
1.3520048248964667 | 0 | 5.0
1.3322326244088045 | 0 | 5.0
1.2836312081166208 | 0 | 5.0
1.251589054515979 | 2 | -0.5
1.3599805845818858 | 2 | -0.5
1.5137226568802156 | 2 | -0.5
1.6929999792035173 | 2 | -0.5
2.1633967935766445 | 2 | -0.5
3.2482750510072558 | 2 | -0.5
8.478790467783911 | 2 | -0.5
12.189820494368405 | 2 | -0.5
6.89561313434166 | 2 | -0.5
4.160483212136848 | 2 | -0.5
3.2097678395654397 | 2 | -0.5
2.6021305410330027 | 2 | -0.5
2.3643900867384717 | 2 | -0.5
2.164095545995745 | 2 | -0.5
2.1375942701151165 | 0 | 5.0
2.18336241117269 | 0 | 5.0
2.198970397772415 | 0 | 5.0
2.1873315787669334 | 0 | 5.0
2.165804634307693 | 0 | 5.0
2.182696790043269 | 0 | 5.0
2.1911703384349606 | 0 | 5.0
2.2335288351961764 | 0 | 5.0
2.212314994628816 | 0 | 5.0
2.2472471134641854 | 0 | 5.0
2.2678290887043686 | 0 | 5.0
2.269983192287397 | 0 | 5.0
2.2875345555530697 | 2 | -0.5
2.2847274875969337 | 0 | 5.0
2.310288126728035 | 0 | 5.0
2.2688726648892796 | 0 | 5.0
2.223214276338923 | 0 | 5.0
2.262962649149979 | 0 | 5.0
2.1897327205397743 | 0 | 5.0
2.2040980999184367 | 0 | 5.0
2.1790233523677807 | 0 | 5.0
2.149272931573375 | 0 | 5.0
2.1608014985116397 | 0 | 5.0
2.1256447871697643 | 0 | 5.0
2.0644330404616933 | 0 | 5.0
2.100374282111396 | 0 | 5.0
2.029007867863686 | 0 | 5.0
1.9784386669465093 | 0 | 5.0
1.9744965280222675 | 0 | 5.0
1.9310984369317563 | 2 | -0.5
2.014954507904267 | 2 | -0.5
2.2959013342448418 | 2 | -0.5
2.5863108027429393 | 2 | -0.5
3.158097968081055 | 2 | -0.5
4.624291778322499 | 2 | -0.5
8.146042028698318 | 2 | -0.5
13.733011008929523 | 2 | -0.5
7.14883253589168 | 2 | -0.5
3.416716064360052 | 2 | -0.5
2.4046536175156907 | 2 | -0.5
1.9349167691701592 | 2 | -0.5
1.7001395076714074 | 2 | -0.5
1.5974722711918483 | 2 | -0.5
1.5326097129257301 | 0 | 5.0
1.568079027725289 | 0 | 5.0
1.5804872886077388 | 0 | 5.0
1.6121345209869726 | 0 | 5.0
1.6494454180052882 | 2 | -0.5
1.6523323545480146 | 0 | 5.0
1.645308371770721 | 0 | 5.0
1.6292951789711394 | 0 | 5.0
1.598582066980258 | 0 | 5.0
1.5943403222753993 | 0 | 5.0
1.5473233278156415 | 0 | 5.0
1.5805767227902248 | 0 | 5.0
1.5312995290387517 | 0 | 5.0
1.4932931065411936 | 0 | 5.0
1.494177698477178 | 0 | 5.0
1.4789128030876866 | 0 | 5.0
1.423402314288983 | 0 | 5.0
1.411245905499048 | 0 | 5.0
1.3869651967777403 | 2 | -0.5
1.4708939279287383 | 2 | -0.5
1.604778853280977 | 2 | -0.5
1.8573613785271295 | 2 | -0.5
2.5036057311959983 | 2 | -0.5
3.8875301939823776 | 2 | -0.5
10.193294190817632 | 2 | -0.5
10.079479392709066 | 2 | -0.5
7.713646241457391 | 2 | -0.5
4.2204555402756725 | 2 | -0.5
3.1650422736700516 | 2 | -0.5
2.5958988722897556 | 2 | -0.5
2.31959070604508 | 2 | -0.5
2.1761762197586565 | 2 | -0.5
2.1085125100305824 | 0 | 5.0
2.165925057467117 | 0 | 5.0
2.1991697873518388 | 0 | 5.0
2.161484446714134 | 0 | 5.0
2.1775516654443114 | 0 | 5.0
2.177054241977929 | 0 | 5.0
2.2129393738406544 | 0 | 5.0
2.216074998643943 | 0 | 5.0
2.2382361094132013 | 0 | 5.0
2.236502266442663 | 0 | 5.0
2.223180294790431 | 0 | 5.0
2.2076415429638416 | 0 | 5.0
2.2439756046711365 | 0 | 5.0
2.256609044658645 | 0 | 5.0
2.2663088138529877 | 0 | 5.0
2.2546619106997516 | 0 | 5.0
2.2578333091450515 | 0 | 5.0
2.277242137480228 | 0 | 5.0
2.289408802132346 | 0 | 5.0
2.280478036434539 | 0 | 5.0
2.297040158131792 | 2 | -0.5
2.302962149726189 | 0 | 5.0
2.3045188414393776 | 2 | -0.5
2.3883302112063842 | 2 | -0.5
2.7503513345483803 | 2 | -0.5
3.2441288179483503 | 2 | -0.5
4.291391165850357 | 2 | -0.5
6.967561723852032 | 2 | -0.5
14.6625097953571 | 2 | -0.5
14.543392383290803 | 2 | -0.5
4.307039186811132 | 2 | -0.5
2.7477470002833746 | 2 | -0.5
2.052269894245255 | 2 | -0.5
1.6622710667538043 | 2 | -0.5
1.4244552722926875 | 2 | -0.5
1.3469334671826123 | 2 | -0.5
1.3112573645194052 | 0 | 5.0
1.304933354285411 | 0 | 5.0
1.3433804265884026 | 0 | 5.0
1.3345688961990916 | 0 | 5.0
1.4327657506848164 | 0 | 5.0
1.439514173099398 | 0 | 5.0
1.4597892578203202 | 0 | 5.0
1.5037049819869968 | 0 | 5.0
1.4941057873588233 | 0 | 5.0
1.5273904106522231 | 0 | 5.0
1.5971540868002714 | 0 | 5.0
1.5997357903962883 | 0 | 5.0
1.6409065193868684 | 0 | 5.0
1.6381659866956062 | 0 | 5.0
1.6931479030672851 | 0 | 5.0
1.6754105671268915 | 0 | 5.0
1.7062990408693068 | 0 | 5.0
1.7140616041182704 | 0 | 5.0
1.7349645717388273 | 0 | 5.0
1.7663009473000824 | 0 | 5.0
1.7686622025232253 | 0 | 5.0
1.7528388584165309 | 0 | 5.0
1.7533174099252897 | 0 | 5.0
1.777314822033095 | 0 | 5.0
1.7951715070240926 | 0 | 5.0
1.7987116662380307 | 0 | 5.0
1.8239444626303418 | 0 | 5.0
1.8089648701816818 | 0 | 5.0
1.8310756885334194 | 0 | 5.0
1.847807772333012 | 0 | 5.0
1.8370043550537973 | 0 | 5.0
1.8730481937968892 | 0 | 5.0
1.8751321584433558 | 0 | 5.0
1.8825837037788253 | 0 | 5.0
1.8975481341881726 | 0 | 5.0
1.8575198619462903 | 0 | 5.0
1.872699609270567 | 0 | 5.0
1.9282412870702812 | 0 | 5.0
1.863297329063208 | 0 | 5.0
1.9069222036760254 | 0 | 5.0
1.9097586447291492 | 2 | -0.5
1.9581751712910258 | 2 | -0.5
2.0486935299573434 | 2 | -0.5
2.2892471281274904 | 2 | -0.5
2.7823418646738785 | 2 | -0.5
3.587360143176389 | 2 | -0.5
5.831331877794297 | 2 | -0.5
13.730046844499132 | 2 | -0.5
11.568203984288125 | 2 | -0.5
4.563210886633326 | 2 | -0.5
2.624681178507738 | 2 | -0.5
2.0048938587177534 | 2 | -0.5
1.6805962499346472 | 2 | -0.5
1.5007916836966133 | 2 | -0.5
1.4621135671513663 | 2 | -0.5
1.4145528880806173 | 0 | 5.0
1.381546579394022 | 0 | 5.0
1.4523341781923855 | 0 | 5.0
1.4681340651885706 | 0 | 5.0
1.4533079405172493 | 0 | 5.0
1.4857739471644447 | 0 | 5.0
1.4820754837421477 | 0 | 5.0
1.5530076705519358 | 0 | 5.0
1.545467931046827 | 0 | 5.0
1.5575969732060007 | 0 | 5.0
1.5978117487314079 | 0 | 5.0
1.5908534644155636 | 0 | 5.0
1.586760988364549 | 0 | 5.0
1.6323928239174257 | 0 | 5.0
1.6681672446295115 | 0 | 5.0
1.6742657373177054 | 0 | 5.0
1.7030468839463668 | 0 | 5.0
1.6828399968497925 | 0 | 5.0
1.69105627858916 | 0 | 5.0
1.6794619922937872 | 0 | 5.0
1.7081870940994066 | 0 | 5.0
1.753146243089472 | 0 | 5.0
1.7243067486498063 | 0 | 5.0
1.694816442861394 | 0 | 5.0
1.7559925292688736 | 0 | 5.0
1.7168683688121935 | 0 | 5.0
1.742862001899407 | 0 | 5.0
1.7872209171307911 | 0 | 5.0
1.7570185312253086 | 0 | 5.0
1.7777290893256548 | 0 | 5.0
1.7633428954886314 | 0 | 5.0
1.7653546006548462 | 0 | 5.0
1.7928224085688995 | 0 | 5.0
1.7604656285398763 | 0 | 5.0
1.7590955194936404 | 2 | -0.5
1.8166764164967437 | 2 | -0.5
1.9889802713921056 | 2 | -0.5
2.1282499258529426 | 2 | -0.5
2.5472860049542208 | 2 | -0.5
3.294689334776968 | 2 | -0.5
4.9263428399528895 | 2 | -0.5
13.327231447505211 | 2 | -0.5
13.433140348465553 | 2 | -0.5
6.06015298783498 | 2 | -0.5
3.53915230185515 | 2 | -0.5
2.4158176357962993 | 2 | -0.5
2.009312787318844 | 2 | -0.5
1.7722451475168812 | 2 | -0.5
1.6836135743986753 | 2 | -0.5
1.608954144586922 | 0 | 5.0
1.5913117313692273 | 0 | 5.0
1.6247394879257628 | 0 | 5.0
1.6326212467092787 | 0 | 5.0
1.7481321315577434 | 0 | 5.0
1.700996733006756 | 0 | 5.0
1.7169201935813692 | 0 | 5.0
1.7292002628080045 | 0 | 5.0
1.7404317338022461 | 0 | 5.0
1.785255313753583 | 0 | 5.0
1.7992349481407142 | 0 | 5.0
1.8034723126345673 | 0 | 5.0
1.8922027103497252 | 0 | 5.0
1.8764384356488717 | 0 | 5.0
1.879604413704732 | 0 | 5.0
1.9074589067252394 | 0 | 5.0
1.9125769564447395 | 0 | 5.0
1.9841983861599461 | 0 | 5.0
1.9791089216064064 | 0 | 5.0
2.0618689039173606 | 0 | 5.0
2.052541012726711 | 0 | 5.0
2.0541893168774443 | 0 | 5.0
2.0828183318344604 | 0 | 5.0
2.1050716572352317 | 0 | 5.0
2.1080380360489914 | 0 | 5.0
2.140604061869503 | 0 | 5.0
2.1071759417759233 | 0 | 5.0
2.148288247551469 | 0 | 5.0
2.159065044851072 | 0 | 5.0
2.2023478581055462 | 0 | 5.0
2.182019439049496 | 2 | -0.5
2.1912834056254487 | 0 | 5.0
2.209980000363143 | 0 | 5.0
2.170394179919974 | 0 | 5.0
2.1880060002495156 | 0 | 5.0
2.1347190766846222 | 0 | 5.0
2.14448889923219 | 0 | 5.0
2.142071384172486 | 2 | -0.5
2.2100781687796243 | 2 | -0.5
2.4057662773414696 | 2 | -0.5
2.665864173879445 | 2 | -0.5
3.346816342122228 | 2 | -0.5
4.463148468600748 | 2 | -0.5
7.36049309027735 | 2 | -0.5
14.244561071487635 | 2 | -0.5
7.703576823265652 | 2 | -0.5
3.313568934580225 | 2 | -0.5
2.2793277340875937 | 2 | -0.5
1.7372691940995753 | 2 | -0.5
1.4604523265140963 | 2 | -0.5
1.3358569526302786 | 2 | -0.5
1.2567599871394508 | 0 | 5.0
1.3162971121938882 | 0 | 5.0
1.320307774426134 | 0 | 5.0
1.3795292941766735 | 0 | 5.0
1.3763017837636264 | 0 | 5.0
1.395240494384277 | 0 | 5.0
1.4193763912369513 | 0 | 5.0
1.4322285584921661 | 0 | 5.0
1.4571094416680908 | 0 | 5.0
1.4769861391100823 | 0 | 5.0
1.4879423967333272 | 0 | 5.0
1.515294591658444 | 0 | 5.0
1.5462117044435102 | 0 | 5.0
1.577243740088868 | 0 | 5.0
1.5892370781547647 | 0 | 5.0
1.5966032005762745 | 0 | 5.0
1.590462600798826 | 0 | 5.0
1.6034313338412778 | 0 | 5.0
1.5545325250067925 | 0 | 5.0
1.622032410973759 | 0 | 5.0
1.6673719123191468 | 0 | 5.0
1.5977653973008175 | 0 | 5.0
1.6510038704258896 | 0 | 5.0
1.6183489014870631 | 0 | 5.0
1.6449421065101497 | 0 | 5.0
1.6526940947164526 | 0 | 5.0
1.6731005717145648 | 0 | 5.0
1.620498953126761 | 0 | 5.0
1.657384795441092 | 0 | 5.0
1.62694580718133 | 0 | 5.0
1.6786127409392613 | 0 | 5.0
1.6981239879113783 | 0 | 5.0
1.704996883042857 | 0 | 5.0
1.6720476469951135 | 0 | 5.0
1.653835981358774 | 0 | 5.0
1.6846768165840342 | 0 | 5.0
1.6623508492392332 | 2 | -0.5
1.7444915985363054 | 2 | -0.5
1.7877336248667521 | 2 | -0.5
1.9985431244327587 | 2 | -0.5
2.371867179304129 | 2 | -0.5
2.9650880604840126 | 2 | -0.5
4.132028631963683 | 2 | -0.5
9.882437718140663 | 2 | -0.5
13.587733702527911 | 2 | -0.5
5.806730266980079 | 2 | -0.5
3.801931683010154 | 2 | -0.5
2.907001044805935 | 2 | -0.5
2.300610488542298 | 2 | -0.5
2.0540598908768093 | 2 | -0.5
1.9191838727781887 | 2 | -0.5
1.8241031035245796 | 0 | 5.0
1.8373879429421873 | 0 | 5.0
1.8593624030030325 | 0 | 5.0
1.9078714763340687 | 0 | 5.0
1.9105907437800862 | 0 | 5.0
1.9726756221108488 | 0 | 5.0
1.9418608516214069 | 0 | 5.0
1.9524012582006565 | 0 | 5.0
2.0357129459993444 | 0 | 5.0
2.0167894583665134 | 2 | -0.5
2.0100151920254845 | 0 | 5.0
2.014091278134456 | 0 | 5.0
2.003875906065145 | 0 | 5.0
1.9850348022910966 | 0 | 5.0
1.9500304827961012 | 0 | 5.0
1.91874986199083 | 0 | 5.0
1.9502731465657952 | 0 | 5.0
1.9692192614851358 | 0 | 5.0
1.9176382245817638 | 0 | 5.0
1.862087201361369 | 0 | 5.0
1.8485593905518753 | 0 | 5.0
1.846670063493503 | 0 | 5.0
1.8348603413922124 | 0 | 5.0
1.8455799284661223 | 0 | 5.0
1.8308392671674185 | 0 | 5.0
1.8444005285060256 | 0 | 5.0
1.791615211283885 | 0 | 5.0
1.786726198303938 | 0 | 5.0
1.772386242952137 | 0 | 5.0
1.7319229959641707 | 0 | 5.0
1.7196037745950652 | 0 | 5.0
1.6607234504682227 | 0 | 5.0
1.676130829502973 | 0 | 5.0
1.63579620256009 | 2 | -0.5
1.775898245197046 | 2 | -0.5
1.9765734244779862 | 2 | -0.5
2.300425627367584 | 2 | -0.5
2.960664771273339 | 2 | -0.5
4.14699861562712 | 2 | -0.5
9.383430904990588 | 2 | -0.5
13.139767265487816 | 2 | -0.5
7.395437180035346 | 2 | -0.5
4.427245781554468 | 2 | -0.5
3.146022502805468 | 2 | -0.5
2.57700145404265 | 2 | -0.5
2.2922886629588937 | 2 | -0.5
2.051888654508079 | 2 | -0.5
1.9623204109399823 | 2 | -0.5
1.966447265410415 | 0 | 5.0
1.9488911323610782 | 0 | 5.0
1.9354314334980822 | 0 | 5.0
1.9220772138261282 | 0 | 5.0
1.9500402851737086 | 0 | 5.0
1.9562838428255978 | 0 | 5.0
1.9312359665879963 | 0 | 5.0
1.9495112974604794 | 0 | 5.0
1.9933098152418984 | 0 | 5.0
1.9834210147302183 | 0 | 5.0
1.9812471179464228 | 0 | 5.0
2.0067302927034576 | 0 | 5.0
2.004403988056646 | 0 | 5.0
1.9815184976932474 | 0 | 5.0
1.964421215323291 | 0 | 5.0
1.968396383637358 | 0 | 5.0
1.9564465021896233 | 0 | 5.0
1.9142659246422757 | 0 | 5.0
1.9270889346893452 | 0 | 5.0
1.9438997359654477 | 0 | 5.0
1.9160232600033351 | 0 | 5.0
1.911799397039556 | 0 | 5.0
1.9010121963474926 | 0 | 5.0
1.889191413173726 | 0 | 5.0
1.8608256928244393 | 0 | 5.0
1.8217293755104416 | 0 | 5.0
1.8240525578973967 | 0 | 5.0
1.8162474342865516 | 0 | 5.0
1.8444102381908911 | 0 | 5.0
1.8319888826490816 | 0 | 5.0
1.815266995015288 | 0 | 5.0
1.809584822722211 | 2 | -0.5
1.7974902274165752 | 2 | -0.5
1.9470989338663816 | 2 | -0.5
2.1669468824227307 | 2 | -0.5
2.5408469690781375 | 2 | -0.5
3.1711592856564197 | 2 | -0.5
4.6100983461176686 | 2 | -0.5
8.570288785785099 | 2 | -0.5
13.758943377451764 | 2 | -0.5
9.212396920343506 | 2 | -0.5
4.220037739710498 | 2 | -0.5
2.8737355587607922 | 2 | -0.5
2.279925532770142 | 2 | -0.5
1.9499619688669425 | 2 | -0.5
1.7580812114401274 | 2 | -0.5
1.695688391429651 | 2 | -0.5
1.6921473590869676 | 0 | 5.0
1.7009937636139738 | 0 | 5.0
1.684604410011183 | 0 | 5.0
1.7241121254456628 | 0 | 5.0
1.714198688681888 | 0 | 5.0
1.7405641623814097 | 0 | 5.0
1.721919729947037 | 0 | 5.0
1.7977236399141008 | 0 | 5.0
1.7359414318325295 | 0 | 5.0
1.7380914114798192 | 0 | 5.0
1.7719805612471355 | 0 | 5.0
1.7722061542989498 | 0 | 5.0
1.7925470012698783 | 0 | 5.0
1.7437577250893899 | 0 | 5.0
1.7983459964169826 | 0 | 5.0
1.7757233806988948 | 0 | 5.0
1.8001162589468802 | 0 | 5.0
1.7808347278566639 | 0 | 5.0
1.7888022380660313 | 0 | 5.0
1.7380917279486627 | 0 | 5.0
1.7828840240385262 | 0 | 5.0
1.7161697263824318 | 0 | 5.0
1.738240569053717 | 0 | 5.0
1.7218036530845555 | 0 | 5.0
1.7102558990263268 | 0 | 5.0
1.7635836357938754 | 0 | 5.0
1.6941901974593871 | 0 | 5.0
1.7361346518295955 | 0 | 5.0
1.7160486335491036 | 0 | 5.0
1.7020785925414932 | 0 | 5.0
1.6905489098066517 | 0 | 5.0
1.692531703012943 | 0 | 5.0
1.6499923389420998 | 0 | 5.0
1.6689900136934626 | 2 | -0.5
1.6876958101741764 | 2 | -0.5
1.8218126993262933 | 2 | -0.5
2.019636991579566 | 2 | -0.5
2.301002289832596 | 2 | -0.5
3.1250223315189563 | 2 | -0.5
4.597743075966821 | 2 | -0.5
13.57805596824739 | 2 | -0.5
13.516645435670295 | 2 | -0.5
6.154053776978754 | 2 | -0.5
3.6755105679027045 | 2 | -0.5
2.7635902127951044 | 2 | -0.5
2.3492530262464233 | 2 | -0.5
2.0442712967662717 | 2 | -0.5
1.913296878949866 | 2 | -0.5
1.892546563933447 | 0 | 5.0
1.8403871038118316 | 0 | 5.0
1.884944749278381 | 0 | 5.0
1.883503336994225 | 0 | 5.0
1.8977314895635162 | 0 | 5.0
1.9040893383967976 | 0 | 5.0
1.9124323441095594 | 0 | 5.0
1.878202351923001 | 0 | 5.0
1.9502771023634544 | 0 | 5.0
1.9274255896629096 | 0 | 5.0
1.9359250976959992 | 0 | 5.0
1.912433607118964 | 0 | 5.0
1.9295544067906094 | 0 | 5.0
2.015162869830797 | 0 | 5.0
1.9399024025739573 | 0 | 5.0
1.960173502748379 | 0 | 5.0
1.9687705554667685 | 0 | 5.0
1.9907415510611899 | 0 | 5.0
1.9869924989207102 | 0 | 5.0
1.9575679955720364 | 0 | 5.0
1.9592193845807613 | 0 | 5.0
1.947636381065508 | 0 | 5.0
1.9654526899052427 | 0 | 5.0
1.968350770401983 | 0 | 5.0
1.974615568570948 | 0 | 5.0
1.9498647371323263 | 0 | 5.0
1.9464192739633324 | 0 | 5.0
1.95126501102634 | 0 | 5.0
2.0107820956775133 | 0 | 5.0
1.9821175212858744 | 0 | 5.0
1.977305705112194 | 0 | 5.0
2.045329531730592 | 0 | 5.0
1.9923104553047806 | 0 | 5.0
1.99435135127401 | 0 | 5.0
2.012219864029887 | 2 | -0.5
2.017299828271779 | 2 | -0.5
2.1738954142910956 | 2 | -0.5
2.3090190595037265 | 2 | -0.5
2.656984609577109 | 2 | -0.5
3.3336345624933035 | 2 | -0.5
4.927608702233597 | 2 | -0.5
10.63019756785496 | 2 | -0.5
13.998011342090987 | 2 | -0.5
3.9341115429446876 | 2 | -0.5
2.671757369205548 | 2 | -0.5
1.9973899842144442 | 2 | -0.5
1.6712129912294797 | 2 | -0.5
1.4955550981926018 | 2 | -0.5
1.383271622699053 | 2 | -0.5
1.3546616961292084 | 0 | 5.0
1.3676748336215427 | 0 | 5.0
1.3945789922991214 | 0 | 5.0
1.396614661981929 | 0 | 5.0
1.3933393792203557 | 0 | 5.0
1.415228313679024 | 0 | 5.0
1.4088269119272216 | 0 | 5.0
1.4269531949826348 | 0 | 5.0
1.4844625504421674 | 0 | 5.0
1.4177866370738048 | 0 | 5.0
1.4542716305841386 | 0 | 5.0
1.4843059194556105 | 0 | 5.0
1.4864438280711727 | 0 | 5.0
1.510481603537046 | 0 | 5.0
1.4921183127153368 | 0 | 5.0
1.4935852647898162 | 0 | 5.0
1.5045724619449905 | 0 | 5.0
1.5154493875338864 | 0 | 5.0
1.519767287243426 | 0 | 5.0
1.5910345192217126 | 0 | 5.0
1.5875911115300736 | 0 | 5.0
1.5629161692770306 | 0 | 5.0
1.5905149681653166 | 0 | 5.0
1.6008139464952893 | 0 | 5.0
1.6530027126703302 | 0 | 5.0
1.6611389955953522 | 0 | 5.0
1.6286848695314389 | 0 | 5.0
1.6390628090529988 | 0 | 5.0
1.6917633969152357 | 0 | 5.0
1.7059308629849879 | 0 | 5.0
1.7108321800489734 | 0 | 5.0
1.71841443295058 | 0 | 5.0
1.7341935918558142 | 0 | 5.0
1.7409457029035242 | 0 | 5.0
1.7550861921981906 | 0 | 5.0
1.7774117825816897 | 2 | -0.5
1.7604882802655322 | 2 | -0.5
1.8821536920171755 | 2 | -0.5
2.029617617717072 | 2 | -0.5
2.4327836831550558 | 2 | -0.5
2.924538621607211 | 2 | -0.5
3.9012073974872594 | 2 | -0.5
7.544491928147347 | 2 | -0.5
13.390868268477682 | 2 | -0.5
7.4639216156709285 | 2 | -0.5
4.252015808433538 | 2 | -0.5
2.8643614216285007 | 2 | -0.5
2.2819357837136196 | 2 | -0.5
1.9048468738540705 | 2 | -0.5
1.7658676682878318 | 2 | -0.5
1.6583514683960443 | 2 | -0.5
1.6147004225221286 | 0 | 5.0
1.643243369496922 | 0 | 5.0
1.6342957693734617 | 0 | 5.0
1.648783761397541 | 0 | 5.0
1.6397200213401777 | 0 | 5.0
1.6790988920685068 | 0 | 5.0
1.6695293501262751 | 0 | 5.0
1.6016857540025862 | 0 | 5.0
1.5956205253338476 | 0 | 5.0
1.6350872050260965 | 0 | 5.0
1.5758983028371547 | 0 | 5.0
1.5527410419598957 | 0 | 5.0
1.5544603896016214 | 0 | 5.0
1.5108730031009068 | 0 | 5.0
1.4842207382281432 | 0 | 5.0
1.4304891073568418 | 0 | 5.0
1.4649520886418625 | 0 | 5.0
1.4103595494697287 | 0 | 5.0
1.400486670481411 | 2 | -0.5
1.530089420340985 | 2 | -0.5
1.6773837216277248 | 2 | -0.5
1.8678024317519162 | 2 | -0.5
2.445820022340599 | 2 | -0.5
3.631991165831216 | 2 | -0.5
7.83808072173237 | 2 | -0.5
10.501064534806181 | 2 | -0.5
10.770510320598627 | 2 | -0.5
4.518174976439622 | 2 | -0.5
3.3158594459134525 | 2 | -0.5
2.6731826448420395 | 2 | -0.5
2.261014530594295 | 2 | -0.5
2.0859086635487567 | 2 | -0.5
2.03062712027431 | 0 | 5.0
2.027672697985747 | 0 | 5.0
2.0259887415136073 | 0 | 5.0
2.0828512670928925 | 0 | 5.0
2.081143372665053 | 0 | 5.0
2.093850901478685 | 0 | 5.0
2.1356891758866747 | 0 | 5.0
2.1385064348149854 | 0 | 5.0
2.137305051139635 | 0 | 5.0
2.1752940198498694 | 0 | 5.0
2.179655659743445 | 0 | 5.0
2.20707522925767 | 0 | 5.0
2.247532188790614 | 0 | 5.0
2.206222887756501 | 0 | 5.0
2.2314495091013473 | 0 | 5.0
2.242843524591406 | 0 | 5.0
2.27192563428665 | 0 | 5.0
2.284065584608611 | 0 | 5.0
2.314848363787813 | 0 | 5.0
2.293525387272901 | 0 | 5.0
2.28772121240415 | 0 | 5.0
2.3261756185620297 | 0 | 5.0
2.300927371088696 | 0 | 5.0
2.325585363928763 | 2 | -0.5
2.3745048023446387 | 0 | 5.0
2.3681645944034733 | 2 | -0.5
2.5512522574974983 | 2 | -0.5
2.8213338579829546 | 2 | -0.5
3.491646727468725 | 2 | -0.5
4.387653204722571 | 2 | -0.5
6.511894030798468 | 2 | -0.5
14.726701795703843 | 2 | -0.5
14.55798764893858 | 2 | -0.5
4.645345075901528 | 2 | -0.5
2.4490967884679686 | 2 | -0.5
1.7808989999197515 | 2 | -0.5
1.4712563900503641 | 2 | -0.5
1.2503073010790648 | 2 | -0.5
1.158173683674346 | 2 | -0.5
1.1333158950590267 | 0 | 5.0
1.176299772322421 | 0 | 5.0
1.1954783170381054 | 0 | 5.0
1.2089027441902707 | 0 | 5.0
1.2485517627093394 | 0 | 5.0
1.239720135685368 | 0 | 5.0
1.3125949282731704 | 0 | 5.0
1.3182642338863122 | 0 | 5.0
1.348107222123747 | 0 | 5.0
1.3931645513420472 | 0 | 5.0
1.4668729698284637 | 0 | 5.0
1.3995432222315862 | 0 | 5.0
1.4648912902346702 | 0 | 5.0
1.475587737263871 | 0 | 5.0
1.5371531340085225 | 0 | 5.0
1.5404265395894692 | 0 | 5.0
1.603303738298852 | 0 | 5.0
Total reward: 3207.0
-2.8, 1.5, -2.0, 0.4, -2.4, 5.6, 4.9, 0.0, -0.6, -4.1, -5.5, 2.1, -3.0, -1.3, 5.5, -2.1, 2.2, -0.4
parameter ends

state | action | reward
[4.41] | 2 | -0.5
4.002931063190546 | 2 | -0.5
3.717337609408122 | 2 | -0.5
3.566042291508032 | 2 | -0.5
3.5467511249290986 | 2 | -0.5
3.648560611599156 | 2 | -0.5
3.8159734469047297 | 2 | -0.5
3.1778982014577486 | 2 | -0.5
2.5271509636408167 | 2 | -0.5
2.1785234193933265 | 2 | -0.5
1.972276847330624 | 2 | -0.5
1.8597053992483552 | 2 | -0.5
1.8393275291412867 | 2 | -0.5
1.8796726174344949 | 2 | -0.5
1.9569204918847098 | 2 | -0.5
2.1236496918379135 | 2 | -0.5
2.408517662504125 | 2 | -0.5
3.0513302417538535 | 2 | -0.5
4.085847807669011 | 2 | -0.5
7.536547998729287 | 2 | -0.5
8.371157265655999 | 2 | -0.5
8.409354800673253 | 2 | -0.5
4.590736470291005 | 2 | -0.5
3.0120366415356585 | 2 | -0.5
2.4982666793297192 | 2 | -0.5
2.1922223317272156 | 2 | -0.5
1.9093994456363534 | 2 | -0.5
1.7852934871276225 | 2 | -0.5
1.7541704791717487 | 0 | 5.0
1.7835811302259164 | 0 | 5.0
1.75857398559821 | 0 | 5.0
1.7611980390144557 | 0 | 5.0
1.7935966639161818 | 0 | 5.0
1.8188871981453243 | 0 | 5.0
1.7635664754230138 | 0 | 5.0
1.7891373088781652 | 2 | -0.5
1.872996379093789 | 2 | -0.5
1.9291250014354926 | 2 | -0.5
2.136717535613663 | 2 | -0.5
2.475820760606651 | 2 | -0.5
5.962052476687131 | 2 | -0.5
5.465064097983393 | 2 | -0.5
5.140327505922098 | 2 | -0.5
5.06190893468369 | 2 | -0.5
5.119348215385699 | 2 | -0.5
4.238020317423216 | 2 | -0.5
2.8909219343530492 | 2 | -0.5
2.1695619935190145 | 2 | -0.5
1.854972492424679 | 2 | -0.5
1.7218650645963938 | 2 | -0.5
1.668390765899633 | 2 | -0.5
1.6371741749309905 | 2 | -0.5
1.6609777119947708 | 2 | -0.5
1.8006145288670834 | 2 | -0.5
2.0045056825782854 | 2 | -0.5
2.3080869670883155 | 2 | -0.5
3.1974084048392073 | 2 | -0.5
4.847083206801342 | 2 | -0.5
6.885061422804084 | 2 | -0.5
6.858781923006024 | 2 | -0.5
7.109635307055208 | 2 | -0.5
3.683963593679903 | 2 | -0.5
2.630632807474234 | 2 | -0.5
2.2897752962394238 | 2 | -0.5
2.038082686503276 | 2 | -0.5
1.9050339435952497 | 2 | -0.5
1.84099586194407 | 2 | -0.5
1.8408069856513773 | 2 | -0.5
1.933544686263842 | 2 | -0.5
2.121807140437566 | 2 | -0.5
2.405412735287823 | 2 | -0.5
6.14491354516496 | 2 | -0.5
5.532989824124896 | 2 | -0.5
5.14171376084302 | 2 | -0.5
5.0930053393896895 | 2 | -0.5
5.15546978916584 | 2 | -0.5
3.8789226784789346 | 2 | -0.5
2.66782654751896 | 2 | -0.5
2.169894279881449 | 2 | -0.5
1.9492844867036916 | 2 | -0.5
1.7509696911898418 | 2 | -0.5
1.669978162636918 | 2 | -0.5
1.6263633524045331 | 2 | -0.5
1.6922630416558362 | 2 | -0.5
1.8007187912146811 | 2 | -0.5
1.9141113406142736 | 2 | -0.5
2.258665982403657 | 2 | -0.5
2.9664002883938108 | 2 | -0.5
4.377066186318717 | 2 | -0.5
6.94872303585693 | 2 | -0.5
6.925718906598053 | 2 | -0.5
7.065811265957216 | 2 | -0.5
3.6395610629861164 | 2 | -0.5
2.59654748725851 | 2 | -0.5
2.1626233746876364 | 2 | -0.5
1.9143380462172803 | 2 | -0.5
1.7748051908923734 | 2 | -0.5
1.7362956889411134 | 2 | -0.5
1.7431636522823635 | 2 | -0.5
1.765558167698986 | 2 | -0.5
1.9278968551686597 | 2 | -0.5
2.1465901027031107 | 2 | -0.5
2.4598208795800804 | 2 | -0.5
5.843711417198687 | 2 | -0.5
5.310525218948972 | 2 | -0.5
5.082669801344681 | 2 | -0.5
5.061255200319294 | 2 | -0.5
5.244051915495385 | 2 | -0.5
3.416157115480904 | 2 | -0.5
2.559532821260463 | 2 | -0.5
2.1870041284634882 | 2 | -0.5
1.8401909768429385 | 2 | -0.5
1.7040038332658078 | 2 | -0.5
1.5973275795717214 | 2 | -0.5
1.5981831637439887 | 2 | -0.5
1.6175032946046033 | 2 | -0.5
1.7447026233764615 | 2 | -0.5
1.927752022691095 | 2 | -0.5
2.3129294204839272 | 2 | -0.5
2.9954886854410403 | 2 | -0.5
4.562269346477541 | 2 | -0.5
6.85227809463115 | 2 | -0.5
6.768982732615903 | 2 | -0.5
7.0378569383933645 | 2 | -0.5
3.30939960336905 | 2 | -0.5
2.5119803572543233 | 2 | -0.5
2.0561221352435846 | 2 | -0.5
1.874078205735631 | 2 | -0.5
1.7872072961767518 | 2 | -0.5
1.7240555977224314 | 2 | -0.5
1.7262908254496356 | 2 | -0.5
1.8120037192091467 | 2 | -0.5
1.9907860437771292 | 2 | -0.5
2.325483969902393 | 2 | -0.5
6.193516789852904 | 2 | -0.5
5.522626989050749 | 2 | -0.5
5.176648174097969 | 2 | -0.5
5.069406090374273 | 2 | -0.5
5.15111974126391 | 2 | -0.5
4.1514706841694045 | 2 | -0.5
2.8633813202057077 | 2 | -0.5
2.4142937415233625 | 2 | -0.5
2.0164653369673267 | 2 | -0.5
1.8542433919555414 | 2 | -0.5
1.7558895785738944 | 2 | -0.5
1.7257634766910475 | 2 | -0.5
1.7305709895479977 | 2 | -0.5
1.836489431318526 | 2 | -0.5
2.017547296899709 | 2 | -0.5
2.2415077809251214 | 2 | -0.5
2.7382041165583115 | 2 | -0.5
3.5757039363919683 | 2 | -0.5
5.732662809579061 | 2 | -0.5
6.814549679779753 | 2 | -0.5
6.906520425859654 | 2 | -0.5
4.0262326555003245 | 2 | -0.5
2.9466054632658114 | 2 | -0.5
2.31536706770312 | 2 | -0.5
2.0046104243805734 | 2 | -0.5
1.8546819807166792 | 2 | -0.5
1.7119777988670337 | 2 | -0.5
1.6802823736080965 | 2 | -0.5
1.6434853732282713 | 2 | -0.5
1.75780693540878 | 2 | -0.5
1.8561103525344242 | 2 | -0.5
2.10081854244775 | 2 | -0.5
2.547574214165575 | 2 | -0.5
5.816061128057832 | 2 | -0.5
5.368058952304738 | 2 | -0.5
5.12622708704688 | 2 | -0.5
5.086775308745365 | 2 | -0.5
5.179365949923041 | 2 | -0.5
4.018791183896313 | 2 | -0.5
3.0545764051049353 | 2 | -0.5
2.3874438152240143 | 2 | -0.5
2.0533981144431146 | 2 | -0.5
1.8799680181478902 | 2 | -0.5
1.744029450069163 | 2 | -0.5
1.7407985536546544 | 2 | -0.5
1.7511562400666447 | 2 | -0.5
1.9145437567531298 | 2 | -0.5
2.109250857940345 | 2 | -0.5
2.325425466510745 | 2 | -0.5
3.028929791506749 | 2 | -0.5
4.060803340221563 | 2 | -0.5
6.757885820221677 | 2 | -0.5
6.7782722267433595 | 2 | -0.5
6.769953873580613 | 2 | -0.5
7.070649057761049 | 2 | -0.5
3.2249014134878964 | 2 | -0.5
2.438122425112034 | 2 | -0.5
1.97278532588581 | 2 | -0.5
1.7803520728669757 | 2 | -0.5
1.6841183031083566 | 2 | -0.5
1.63565316923443 | 2 | -0.5
1.600650766086365 | 2 | -0.5
1.695564060738843 | 2 | -0.5
1.8125601916490852 | 2 | -0.5
2.0693520382135184 | 2 | -0.5
2.443661649472666 | 2 | -0.5
5.749039582036066 | 2 | -0.5
5.27101919810737 | 2 | -0.5
5.123583296619232 | 2 | -0.5
5.112180904718198 | 2 | -0.5
5.309564355105867 | 2 | -0.5
3.587232413597613 | 2 | -0.5
2.755425206284717 | 2 | -0.5
2.2786342009755707 | 2 | -0.5
2.00108697561358 | 2 | -0.5
1.8474309105124036 | 2 | -0.5
1.8224548002755632 | 2 | -0.5
1.7749214165319167 | 2 | -0.5
1.8509966055788072 | 2 | -0.5
2.035960537133994 | 2 | -0.5
2.244632488492298 | 2 | -0.5
2.6822146102369673 | 2 | -0.5
3.749211254719667 | 2 | -0.5
6.151681165314974 | 2 | -0.5
6.867087232094782 | 2 | -0.5
6.930613559113857 | 2 | -0.5
7.243202712976518 | 2 | -0.5
2.855180316920535 | 2 | -0.5
2.2586690600669055 | 2 | -0.5
1.9707661696884935 | 2 | -0.5
1.7353570953461814 | 2 | -0.5
1.6293315085689821 | 2 | -0.5
1.6187174924634589 | 2 | -0.5
1.61906138805604 | 2 | -0.5
1.682761054320868 | 2 | -0.5
1.7989224245011917 | 2 | -0.5
1.9563156315551615 | 2 | -0.5
2.4482048654877726 | 2 | -0.5
5.669832914917374 | 2 | -0.5
5.2236654497762265 | 2 | -0.5
5.007150342953684 | 2 | -0.5
5.039868234891389 | 2 | -0.5
5.021443283928803 | 2 | -0.5
3.3554061958992687 | 2 | -0.5
2.561704697437592 | 2 | -0.5
2.1719788109273273 | 2 | -0.5
1.8883962083584724 | 2 | -0.5
1.7583733894662799 | 2 | -0.5
1.6578155781742487 | 2 | -0.5
1.6734252336434092 | 2 | -0.5
1.7830233955592778 | 2 | -0.5
1.9313263596463972 | 2 | -0.5
2.1482016533478925 | 2 | -0.5
2.5046340158479397 | 2 | -0.5
3.4901711259888364 | 2 | -0.5
5.9473396147207 | 2 | -0.5
6.786038878294181 | 2 | -0.5
6.839602880340603 | 2 | -0.5
7.236935620258329 | 2 | -0.5
2.9666848211940784 | 2 | -0.5
2.4193398340578733 | 2 | -0.5
2.1186630446458454 | 2 | -0.5
1.9107756963440554 | 2 | -0.5
1.8161200363028125 | 2 | -0.5
1.7555299136900848 | 2 | -0.5
1.7152282219533974 | 2 | -0.5
1.8022984745719044 | 2 | -0.5
1.906516393679003 | 2 | -0.5
2.24296398266423 | 2 | -0.5
6.466685332925048 | 2 | -0.5
5.783952746198844 | 2 | -0.5
5.320334796154684 | 2 | -0.5
5.158234256767145 | 2 | -0.5
5.231503773088477 | 2 | -0.5
3.6648540276119443 | 2 | -0.5
2.692569616875993 | 2 | -0.5
2.2129261201620043 | 2 | -0.5
1.944855329868777 | 2 | -0.5
1.8213347098052912 | 2 | -0.5
1.7303275010699193 | 2 | -0.5
1.7216617379886443 | 2 | -0.5
1.7223644972631222 | 2 | -0.5
1.8903978648437532 | 2 | -0.5
2.1252143118841293 | 2 | -0.5
2.4408823397453734 | 2 | -0.5
3.05819636819312 | 2 | -0.5
4.26206758523089 | 2 | -0.5
6.747526647645341 | 2 | -0.5
6.626662733109728 | 2 | -0.5
6.72593978080278 | 2 | -0.5
7.165506890261037 | 2 | -0.5
3.018018873690173 | 2 | -0.5
2.5340844261131537 | 2 | -0.5
2.1722478744412754 | 2 | -0.5
1.9361109825562557 | 2 | -0.5
1.78051123614277 | 2 | -0.5
1.7365321997743226 | 2 | -0.5
1.7363585947326752 | 2 | -0.5
1.792638182800355 | 2 | -0.5
1.9163215165258292 | 2 | -0.5
2.1777044081454915 | 2 | -0.5
2.5995197388886564 | 2 | -0.5
5.9455333158105415 | 2 | -0.5
5.426004949819163 | 2 | -0.5
5.247152778864676 | 2 | -0.5
5.297985674074704 | 2 | -0.5
5.4587622017864375 | 2 | -0.5
3.537091491487313 | 2 | -0.5
2.6159728910979827 | 2 | -0.5
2.105840787320599 | 2 | -0.5
1.840351257689087 | 2 | -0.5
1.7512179431633978 | 2 | -0.5
1.7269856251186655 | 2 | -0.5
1.7088850985876414 | 2 | -0.5
1.8293636993116889 | 2 | -0.5
2.01182911447331 | 2 | -0.5
2.3063244815195016 | 2 | -0.5
2.833541762238018 | 2 | -0.5
4.042946158812962 | 2 | -0.5
6.668247100429363 | 2 | -0.5
6.532654787256773 | 2 | -0.5
6.583573991054367 | 2 | -0.5
6.894185795786992 | 2 | -0.5
2.9347203518685525 | 2 | -0.5
2.2459031749798006 | 2 | -0.5
1.9413840546122927 | 2 | -0.5
1.7565776308106231 | 2 | -0.5
1.6785946595596113 | 2 | -0.5
1.6580689879400925 | 2 | -0.5
1.6587631648385337 | 2 | -0.5
1.815458572291128 | 2 | -0.5
2.0181298368784057 | 2 | -0.5
2.286508148750567 | 2 | -0.5
6.383030685877299 | 2 | -0.5
5.895120982504964 | 2 | -0.5
5.557643760979259 | 2 | -0.5
5.399217666158567 | 2 | -0.5
5.435395873555585 | 2 | -0.5
4.609904129126673 | 2 | -0.5
3.1538839711961932 | 2 | -0.5
2.546552502530366 | 2 | -0.5
2.1008557835220856 | 2 | -0.5
1.846569924700696 | 2 | -0.5
1.7582207786599395 | 2 | -0.5
1.752842978527921 | 2 | -0.5
1.7526735021411028 | 2 | -0.5
1.8553368170868456 | 2 | -0.5
2.0358653287836894 | 2 | -0.5
2.334261447440971 | 2 | -0.5
2.9158453199572008 | 2 | -0.5
4.380360714878296 | 2 | -0.5
6.552009418345178 | 2 | -0.5
6.474203233948822 | 2 | -0.5
6.605977177673438 | 2 | -0.5
6.985054908414502 | 2 | -0.5
2.877505691771049 | 2 | -0.5
2.2075042309339703 | 2 | -0.5
1.9748185594945455 | 2 | -0.5
1.7516202408953212 | 2 | -0.5
1.7110359918119766 | 2 | -0.5
1.7088732799334725 | 2 | -0.5
1.7878222663824344 | 2 | -0.5
1.958435144953008 | 2 | -0.5
2.1621782474368847 | 2 | -0.5
2.644152353865491 | 2 | -0.5
6.027100743850667 | 2 | -0.5
5.645902140190733 | 2 | -0.5
5.401392833945787 | 2 | -0.5
5.446487964113302 | 2 | -0.5
4.709545775974435 | 2 | -0.5
2.94698958824077 | 2 | -0.5
2.312163882259331 | 2 | -0.5
1.937692155897733 | 2 | -0.5
1.7280782247438986 | 2 | -0.5
1.6365905643362963 | 2 | -0.5
1.5846355217800436 | 2 | -0.5
1.6078016269733595 | 2 | -0.5
1.7144303175458917 | 2 | -0.5
1.8860174871689035 | 2 | -0.5
2.1604809495552586 | 2 | -0.5
2.665948101224009 | 2 | -0.5
3.7446644998879384 | 2 | -0.5
6.5234880943545335 | 2 | -0.5
6.474848263317888 | 2 | -0.5
6.7240647879716535 | 2 | -0.5
3.793284753450348 | 2 | -0.5
2.81443365575778 | 2 | -0.5
2.3191831836942027 | 2 | -0.5
1.978180278863138 | 2 | -0.5
1.865608145617443 | 2 | -0.5
1.7990360762425526 | 2 | -0.5
1.7635577319582936 | 2 | -0.5
1.888558093178715 | 2 | -0.5
1.9692459049361601 | 2 | -0.5
2.1325962945355132 | 2 | -0.5
2.545776580092923 | 2 | -0.5
6.262644907415196 | 2 | -0.5
5.771522185135793 | 2 | -0.5
5.525989220554166 | 2 | -0.5
5.461343324976497 | 2 | -0.5
5.595811209471042 | 2 | -0.5
3.919664546152513 | 2 | -0.5
2.6423003887855283 | 2 | -0.5
2.23589174317014 | 2 | -0.5
1.9068505017034239 | 2 | -0.5
1.7566557452582954 | 2 | -0.5
1.6974186477739313 | 2 | -0.5
1.652039698589068 | 2 | -0.5
1.7354764691205673 | 2 | -0.5
1.9724014699691133 | 2 | -0.5
2.2154932788549475 | 2 | -0.5
2.56759957554842 | 2 | -0.5
3.4096488359729276 | 2 | -0.5
5.31321779269689 | 2 | -0.5
6.429586848095761 | 2 | -0.5
6.480783042416384 | 2 | -0.5
6.755708375076763 | 2 | -0.5
3.0491598303690846 | 2 | -0.5
2.4750757015617846 | 2 | -0.5
2.0284180865070764 | 2 | -0.5
1.8299975449599268 | 2 | -0.5
1.7880483958461797 | 2 | -0.5
1.719367202210097 | 2 | -0.5
1.6935826659231903 | 2 | -0.5
1.823313834447711 | 2 | -0.5
1.9720061866097485 | 2 | -0.5
2.1858805820058955 | 2 | -0.5
2.7130769730716815 | 2 | -0.5
5.95441914277883 | 2 | -0.5
5.556753125340426 | 2 | -0.5
5.359225973283555 | 2 | -0.5
5.467439666093822 | 2 | -0.5
4.188206602729619 | 2 | -0.5
3.0583543468342036 | 2 | -0.5
2.3705213206334155 | 2 | -0.5
1.9586273671631629 | 2 | -0.5
1.7569006138349876 | 2 | -0.5
1.6765705479910644 | 2 | -0.5
1.6130611769483258 | 2 | -0.5
1.6983492631368562 | 2 | -0.5
1.7480954735188425 | 2 | -0.5
1.9391018227639596 | 2 | -0.5
2.3033009035550616 | 2 | -0.5
2.8480408835102953 | 2 | -0.5
4.087795691500997 | 2 | -0.5
6.54709106105166 | 2 | -0.5
6.521219127716702 | 2 | -0.5
6.650269678655727 | 2 | -0.5
3.810316558523962 | 2 | -0.5
2.890622926696061 | 2 | -0.5
2.299366839828984 | 2 | -0.5
2.0259726299899414 | 2 | -0.5
1.8632935484729187 | 2 | -0.5
1.79810177139937 | 2 | -0.5
1.7837574276140857 | 2 | -0.5
1.8737932538366977 | 2 | -0.5
2.068845017166127 | 2 | -0.5
2.269619056994057 | 2 | -0.5
2.719500249227958 | 2 | -0.5
5.990420611283383 | 2 | -0.5
5.530710688969584 | 2 | -0.5
5.41043331286631 | 2 | -0.5
5.3821437079917755 | 2 | -0.5
4.640228430544241 | 2 | -0.5
2.9608426394108416 | 2 | -0.5
2.415993494010509 | 2 | -0.5
2.095202866401095 | 2 | -0.5
1.8003925332964101 | 2 | -0.5
1.6757393338166358 | 2 | -0.5
1.6074751220457613 | 2 | -0.5
1.6328752548362873 | 2 | -0.5
1.6718442896321344 | 2 | -0.5
1.81774194517043 | 2 | -0.5
1.960887751170355 | 2 | -0.5
2.3690542893756312 | 2 | -0.5
3.0804419154350833 | 2 | -0.5
5.082325654668273 | 2 | -0.5
6.592116839611477 | 2 | -0.5
6.577892824959617 | 2 | -0.5
6.845926670697024 | 2 | -0.5
3.597071398490176 | 2 | -0.5
2.733657726855024 | 2 | -0.5
2.250955480765873 | 2 | -0.5
2.0113492787216183 | 2 | -0.5
1.9124527016891038 | 2 | -0.5
1.8546718327005642 | 2 | -0.5
1.9161202752976143 | 2 | -0.5
1.9485402716306477 | 2 | -0.5
2.1319774641769214 | 2 | -0.5
2.5602973580249846 | 2 | -0.5
6.334879120388425 | 2 | -0.5
5.666357514430248 | 2 | -0.5
5.422840704369073 | 2 | -0.5
5.276089950147763 | 2 | -0.5
5.331926155574338 | 2 | -0.5
3.946952801150301 | 2 | -0.5
2.649593631894394 | 2 | -0.5
2.1542244487054862 | 2 | -0.5
1.8802231630500503 | 2 | -0.5
1.7771682210801187 | 2 | -0.5
1.692085582468229 | 2 | -0.5
1.6415207443729123 | 2 | -0.5
1.6331224183182376 | 2 | -0.5
1.8004658201027235 | 2 | -0.5
2.018456663433249 | 2 | -0.5
2.3681801889867686 | 2 | -0.5
2.9839848096701296 | 2 | -0.5
4.413678583181589 | 2 | -0.5
6.690294737145144 | 2 | -0.5
6.6986805925842505 | 2 | -0.5
6.96779039182714 | 2 | -0.5
3.329485083678554 | 2 | -0.5
2.5612363516448706 | 2 | -0.5
2.2066023447197276 | 2 | -0.5
1.992413530952288 | 2 | -0.5
1.812786114641648 | 2 | -0.5
1.7821671192803508 | 2 | -0.5
1.8420772554152873 | 2 | -0.5
1.8823827123400951 | 2 | -0.5
2.0191000865771964 | 2 | -0.5
2.29220401916036 | 2 | -0.5
2.6792647262560516 | 2 | -0.5
5.944836047429386 | 2 | -0.5
5.443609294416118 | 2 | -0.5
5.2724218996869086 | 2 | -0.5
5.357607667644978 | 2 | -0.5
4.132623860960449 | 2 | -0.5
2.8143111633950646 | 2 | -0.5
2.2019524140197726 | 2 | -0.5
1.7938830221457072 | 2 | -0.5
1.6372056709277119 | 2 | -0.5
1.577281040740667 | 2 | -0.5
1.5134386746077342 | 2 | -0.5
1.5531760306464426 | 2 | -0.5
1.6227409359017881 | 2 | -0.5
1.8105909363338109 | 2 | -0.5
2.17261285652735 | 2 | -0.5
2.670448246270499 | 2 | -0.5
3.905480465358428 | 2 | -0.5
6.6469264620942425 | 2 | -0.5
6.550273771515758 | 2 | -0.5
6.631540034916022 | 2 | -0.5
7.077664710994708 | 2 | -0.5
3.131400890472415 | 2 | -0.5
2.5415188534366258 | 2 | -0.5
2.139744459678982 | 2 | -0.5
1.9970612447652605 | 2 | -0.5
1.855976650663356 | 2 | -0.5
1.874233061142349 | 2 | -0.5
1.8777283451208953 | 2 | -0.5
1.9795394222297888 | 2 | -0.5
2.2866245186497913 | 2 | -0.5
2.7324218168484533 | 2 | -0.5
6.199164640347283 | 2 | -0.5
5.63827279053403 | 2 | -0.5
5.360792528698956 | 2 | -0.5
5.378204235489719 | 2 | -0.5
5.3430466584369505 | 2 | -0.5
3.418098643910243 | 2 | -0.5
2.683809357753292 | 2 | -0.5
2.146037729511814 | 2 | -0.5
1.8178672933496467 | 2 | -0.5
1.7343591075516391 | 2 | -0.5
1.6670327057015921 | 2 | -0.5
1.6401815734124472 | 2 | -0.5
1.678582922783077 | 2 | -0.5
1.7466168441983505 | 2 | -0.5
1.9001485400332443 | 2 | -0.5
2.208256774962899 | 2 | -0.5
2.7344502522581755 | 2 | -0.5
3.9818603491530182 | 2 | -0.5
6.739979114467672 | 2 | -0.5
6.649183657041574 | 2 | -0.5
6.861105431780704 | 2 | -0.5
4.01670248391121 | 2 | -0.5
2.8245059477762036 | 2 | -0.5
2.1915597424841033 | 2 | -0.5
1.97363909443777 | 2 | -0.5
1.871235345380638 | 2 | -0.5
1.773773698826466 | 2 | -0.5
1.7962515851410286 | 2 | -0.5
1.845511329560141 | 2 | -0.5
1.9892040318506718 | 2 | -0.5
2.1811844803551406 | 2 | -0.5
2.6077708749854716 | 2 | -0.5
6.093473392975687 | 2 | -0.5
5.555153185397107 | 2 | -0.5
5.34362388642747 | 2 | -0.5
5.334687933704063 | 2 | -0.5
4.5751306796385105 | 2 | -0.5
2.7401229601511945 | 2 | -0.5
2.3115095815181843 | 2 | -0.5
1.9781087783586815 | 2 | -0.5
1.703189939325862 | 2 | -0.5
1.63084438644921 | 2 | -0.5
1.5683344158822712 | 2 | -0.5
1.6320789440658403 | 2 | -0.5
1.703487397133196 | 2 | -0.5
1.8968612242257668 | 2 | -0.5
2.2400675760436353 | 2 | -0.5
2.822188135378879 | 2 | -0.5
3.7853191748782007 | 2 | -0.5
5.683847701513007 | 2 | -0.5
6.5516648942209 | 2 | -0.5
6.644529702984485 | 2 | -0.5
6.990338681815323 | 2 | -0.5
3.184460504734423 | 2 | -0.5
2.4444387476378022 | 2 | -0.5
2.167233022576967 | 2 | -0.5
1.9051962471486212 | 2 | -0.5
1.8060582577681146 | 2 | -0.5
1.8545227330904743 | 2 | -0.5
1.8665100685202825 | 2 | -0.5
2.034063729640162 | 2 | -0.5
2.2251926862627927 | 2 | -0.5
2.6571747832647277 | 2 | -0.5
6.179581367138582 | 2 | -0.5
5.753368040567982 | 2 | -0.5
5.47473606160209 | 2 | -0.5
5.470785753324522 | 2 | -0.5
5.653373237484987 | 2 | -0.5
3.731312063954789 | 2 | -0.5
2.7059611709313187 | 2 | -0.5
2.1601749238226056 | 2 | -0.5
1.85638007380608 | 2 | -0.5
1.7282164442903107 | 2 | -0.5
1.5883648283407028 | 2 | -0.5
1.622888819715834 | 2 | -0.5
1.7519719642962768 | 2 | -0.5
1.8557997762171288 | 2 | -0.5
2.224020626035792 | 2 | -0.5
2.5912973398623005 | 2 | -0.5
3.5543644002401296 | 2 | -0.5
6.496854763781424 | 2 | -0.5
6.346720865095378 | 2 | -0.5
6.494587585730768 | 2 | -0.5
6.924202976010882 | 2 | -0.5
2.8598449926589535 | 2 | -0.5
2.3171321738099095 | 2 | -0.5
2.078039970458535 | 2 | -0.5
1.8765223746924604 | 2 | -0.5
1.828620453681949 | 2 | -0.5
1.764401402601681 | 2 | -0.5
1.8396878749669276 | 2 | -0.5
1.8944859026060261 | 2 | -0.5
2.1200229567284627 | 2 | -0.5
2.4812464039003386 | 2 | -0.5
6.609518969330762 | 2 | -0.5
5.995425771906208 | 2 | -0.5
5.5823898510467584 | 2 | -0.5
5.564000460510927 | 2 | -0.5
5.714314343047351 | 2 | -0.5
3.386402146010273 | 2 | -0.5
2.654633859818831 | 2 | -0.5
2.1457462507373632 | 2 | -0.5
1.8558987098032735 | 2 | -0.5
1.6763916890529573 | 2 | -0.5
1.5849285209270623 | 2 | -0.5
1.604747944749656 | 2 | -0.5
1.5963546524276115 | 2 | -0.5
1.760469989130285 | 2 | -0.5
1.8776896987889873 | 2 | -0.5
2.1177173168600287 | 2 | -0.5
2.6034595354934287 | 2 | -0.5
3.6223424639295794 | 2 | -0.5
5.448912525219746 | 2 | -0.5
6.351386793519028 | 2 | -0.5
6.343236237279347 | 2 | -0.5
6.652341648444931 | 2 | -0.5
3.517582879093655 | 2 | -0.5
2.7990671458712644 | 2 | -0.5
2.3047950947925284 | 2 | -0.5
2.070440148442065 | 2 | -0.5
1.9173123966632075 | 2 | -0.5
1.9170502627646502 | 2 | -0.5
1.9558457690061937 | 2 | -0.5
2.0461467209707243 | 2 | -0.5
2.2183112237961597 | 2 | -0.5
2.5676085098259684 | 2 | -0.5
6.71727680359871 | 2 | -0.5
5.998279645753948 | 2 | -0.5
5.660410183575108 | 2 | -0.5
5.650105130622036 | 2 | -0.5
4.911738222135587 | 2 | -0.5
2.929326129351708 | 2 | -0.5
2.2815421984235043 | 2 | -0.5
1.8857313199801515 | 2 | -0.5
1.689771857362988 | 2 | -0.5
1.5178015502291364 | 2 | -0.5
1.4784330771297922 | 2 | -0.5
1.447771982859213 | 2 | -0.5
1.5416111236253787 | 2 | -0.5
1.6619672939336834 | 2 | -0.5
1.9205310541870748 | 2 | -0.5
2.272982273844768 | 2 | -0.5
3.126820121386372 | 2 | -0.5
4.534793012862726 | 2 | -0.5
6.310674952647407 | 2 | -0.5
6.27391638816976 | 2 | -0.5
6.567264291528794 | 2 | -0.5
3.4387904379582723 | 2 | -0.5
2.6961531461971777 | 2 | -0.5
2.272687604618193 | 2 | -0.5
2.126010984217725 | 2 | -0.5
1.9832631158701344 | 2 | -0.5
1.9192795768286026 | 2 | -0.5
1.9538286083831633 | 2 | -0.5
2.059894417732874 | 2 | -0.5
2.213402518147467 | 2 | -0.5
2.5245956874768885 | 2 | -0.5
3.125091066509109 | 2 | -0.5
6.44836027898892 | 2 | -0.5
5.950475222131086 | 2 | -0.5
5.713423736548141 | 2 | -0.5
5.75013712276283 | 2 | -0.5
4.130994726974949 | 2 | -0.5
2.800928649021555 | 2 | -0.5
2.2379183349790055 | 2 | -0.5
1.8233313501521535 | 2 | -0.5
1.6591506634571678 | 2 | -0.5
1.5150968202083108 | 2 | -0.5
1.4998296324428437 | 2 | -0.5
1.5252611696827705 | 2 | -0.5
1.642464197905955 | 2 | -0.5
1.7865178641049255 | 2 | -0.5
2.02093438917258 | 2 | -0.5
2.6375071108246466 | 2 | -0.5
3.598712972624759 | 2 | -0.5
6.2239939552692665 | 2 | -0.5
6.08119895160635 | 2 | -0.5
6.199966732087617 | 2 | -0.5
6.5448925559410185 | 2 | -0.5
3.310117798429462 | 2 | -0.5
2.630242250121265 | 2 | -0.5
2.2129314839433833 | 2 | -0.5
2.0392624593957023 | 2 | -0.5
1.9460225912846378 | 2 | -0.5
1.9152446521726185 | 2 | -0.5
1.9111719276055257 | 2 | -0.5
1.9784245729641827 | 2 | -0.5
2.100279461904664 | 2 | -0.5
2.4814174605272306 | 2 | -0.5
2.98335549295257 | 2 | -0.5
6.404378890637239 | 2 | -0.5
5.893302891978099 | 2 | -0.5
5.7720258398176805 | 2 | -0.5
5.842523660162688 | 2 | -0.5
3.308690815284759 | 2 | -0.5
2.3471233854469595 | 2 | -0.5
1.924245781304149 | 2 | -0.5
1.6767166944981307 | 2 | -0.5
1.568388504441701 | 2 | -0.5
1.4944927466104465 | 2 | -0.5
1.4868170563059988 | 2 | -0.5
1.5236184136148294 | 2 | -0.5
1.6080594622261366 | 2 | -0.5
1.8899528901615623 | 2 | -0.5
2.221993607139176 | 2 | -0.5
2.9031055559546233 | 2 | -0.5
4.681728948936081 | 2 | -0.5
6.1656137543801774 | 2 | -0.5
6.136700043865127 | 2 | -0.5
6.365208864147327 | 2 | -0.5
6.861527305584142 | 2 | -0.5
3.155409488819424 | 2 | -0.5
2.6009298190071006 | 2 | -0.5
2.3497105397380444 | 2 | -0.5
2.1219601274346283 | 2 | -0.5
2.0374442292454984 | 2 | -0.5
2.065043431268559 | 2 | -0.5
2.056091797339449 | 2 | -0.5
2.221456255166899 | 2 | -0.5
2.4591832192027057 | 2 | -0.5
2.8556356856974228 | 2 | -0.5
6.68303828518966 | 2 | -0.5
6.139325186986758 | 2 | -0.5
5.777665357130785 | 2 | -0.5
5.7339522685424384 | 2 | -0.5
4.332716875449874 | 2 | -0.5
2.7271195734588396 | 2 | -0.5
1.9904219248719648 | 2 | -0.5
1.705612968352594 | 2 | -0.5
1.5383749263203652 | 2 | -0.5
1.4215683688427527 | 2 | -0.5
1.3862722091901396 | 2 | -0.5
1.3523203790337903 | 2 | -0.5
1.4100867644979083 | 2 | -0.5
1.5078394561208583 | 2 | -0.5
1.7530599572691614 | 2 | -0.5
2.01578759512737 | 2 | -0.5
2.7545956472599156 | 2 | -0.5
4.2307551241103 | 2 | -0.5
6.182345309679509 | 2 | -0.5
6.174220269726775 | 2 | -0.5
6.332466880710592 | 2 | -0.5
6.9023384008759825 | 2 | -0.5
3.1103639348821814 | 2 | -0.5
2.610965287585135 | 2 | -0.5
2.2643204817414553 | 2 | -0.5
2.141776003898246 | 2 | -0.5
2.075820293681658 | 2 | -0.5
2.0623893585574957 | 2 | -0.5
2.140716805511072 | 2 | -0.5
2.2906112100679787 | 2 | -0.5
2.5717881321826264 | 2 | -0.5
3.0668983617401415 | 2 | -0.5
6.585554432449217 | 2 | -0.5
6.114977367191459 | 2 | -0.5
5.859475458035376 | 2 | -0.5
5.865813094891818 | 2 | -0.5
4.6287715574731285 | 2 | -0.5
2.8378762928021897 | 2 | -0.5
2.0143114741143635 | 2 | -0.5
1.6740211465566261 | 2 | -0.5
1.4795413525562382 | 2 | -0.5
1.4001593615899905 | 2 | -0.5
1.2888397430970928 | 2 | -0.5
1.322507174131471 | 2 | -0.5
1.3604909001409131 | 2 | -0.5
1.479421274036527 | 2 | -0.5
1.6223443451335182 | 2 | -0.5
1.9058330255199571 | 2 | -0.5
2.5816446813339686 | 2 | -0.5
3.8843465512692745 | 2 | -0.5
6.059584237533879 | 2 | -0.5
6.112806372416852 | 2 | -0.5
6.2918261084474105 | 2 | -0.5
6.923439844142124 | 2 | -0.5
2.956727021041919 | 2 | -0.5
2.5257141221409496 | 2 | -0.5
2.227233788372958 | 2 | -0.5
2.1065940648426453 | 2 | -0.5
2.0098022155462645 | 2 | -0.5
2.0536881149270907 | 2 | -0.5
2.2051218316555956 | 2 | -0.5
2.3621848117597795 | 2 | -0.5
2.7693509940232666 | 2 | -0.5
6.966111316892218 | 2 | -0.5
6.28450308253992 | 2 | -0.5
5.96747041068466 | 2 | -0.5
5.87462692995824 | 2 | -0.5
5.264581164995257 | 2 | -0.5
2.9345333413678243 | 2 | -0.5
2.0529989147110257 | 2 | -0.5
1.710191358577025 | 2 | -0.5
1.5056841241753232 | 2 | -0.5
1.3904677568110937 | 2 | -0.5
1.309509648114919 | 2 | -0.5
1.3156006981525636 | 2 | -0.5
1.3730471881709534 | 2 | -0.5
1.3950172532172516 | 2 | -0.5
1.5757605004635662 | 2 | -0.5
1.7685741698038253 | 2 | -0.5
2.3243516321480437 | 2 | -0.5
3.5583873430658053 | 2 | -0.5
6.078791179668426 | 2 | -0.5
6.06089678441835 | 2 | -0.5
6.283085424993111 | 2 | -0.5
6.807786537739214 | 2 | -0.5
3.087093328226875 | 2 | -0.5
2.605840153238584 | 2 | -0.5
2.3178014541054157 | 2 | -0.5
2.095676138555107 | 2 | -0.5
1.998193882508142 | 2 | -0.5
2.0019293709770123 | 2 | -0.5
2.088374350121454 | 2 | -0.5
2.23350320727708 | 2 | -0.5
2.5995340720596207 | 2 | -0.5
3.193774551019563 | 2 | -0.5
6.530284798557547 | 2 | -0.5
6.107546310834542 | 2 | -0.5
5.885357022894515 | 2 | -0.5
5.899671616283562 | 2 | -0.5
5.18308341111694 | 2 | -0.5
3.187902059195175 | 2 | -0.5
2.404462041139645 | 2 | -0.5
1.962370089330453 | 2 | -0.5
1.7046351938891082 | 2 | -0.5
1.5896505889049675 | 2 | -0.5
1.4920157735589976 | 2 | -0.5
1.5375178463185846 | 2 | -0.5
1.5521083282503156 | 2 | -0.5
1.6716018724436947 | 2 | -0.5
1.8458459099920643 | 2 | -0.5
2.233831614003118 | 2 | -0.5
2.8995616867021896 | 2 | -0.5
4.554487405029937 | 2 | -0.5
6.044519224587589 | 2 | -0.5
6.023557144977817 | 2 | -0.5
6.381566423484896 | 2 | -0.5
6.9352776047390226 | 2 | -0.5
2.8045738666571136 | 2 | -0.5
2.3953033711018064 | 2 | -0.5
2.147484667996698 | 2 | -0.5
1.9570385957341547 | 2 | -0.5
1.9068016828061363 | 2 | -0.5
1.9028304821505095 | 2 | -0.5
1.9670180837588167 | 2 | -0.5
2.1535830578791337 | 2 | -0.5
2.4481084408208718 | 2 | -0.5
2.9430071686952437 | 2 | -0.5
6.512525976495113 | 2 | -0.5
6.110999351751184 | 2 | -0.5
5.886646091911268 | 2 | -0.5
5.915779794638743 | 2 | -0.5
3.9355066193089736 | 2 | -0.5
2.5233994503902455 | 2 | -0.5
2.0210643564224844 | 2 | -0.5
1.6956058964391385 | 2 | -0.5
1.5521282073459723 | 2 | -0.5
1.4453995795162338 | 2 | -0.5
1.4340245838698726 | 2 | -0.5
1.4427153507634332 | 2 | -0.5
1.4403929042543941 | 2 | -0.5
1.5602330899981147 | 2 | -0.5
1.8978683786774948 | 2 | -0.5
2.2454460279462216 | 2 | -0.5
3.087840751860705 | 2 | -0.5
5.669558682431401 | 2 | -0.5
5.95978426417642 | 2 | -0.5
6.211641453367541 | 2 | -0.5
6.542312173865581 | 2 | -0.5
7.070363983456791 | 2 | -0.5
2.8949526251980324 | 2 | -0.5
2.496887317244987 | 2 | -0.5
2.2825114743629484 | 2 | -0.5
2.1148465984715945 | 2 | -0.5
2.0321210697376575 | 2 | -0.5
2.020849318626224 | 2 | -0.5
2.06532861518194 | 2 | -0.5
2.2307889363364746 | 2 | -0.5
2.466360442413914 | 2 | -0.5
2.9954594868282847 | 2 | -0.5
6.732022727133255 | 2 | -0.5
6.118230258834667 | 2 | -0.5
5.921107044981491 | 2 | -0.5
5.945822555992146 | 2 | -0.5
3.612134732643013 | 2 | -0.5
2.54136914350194 | 2 | -0.5
1.913909362921555 | 2 | -0.5
1.6023595062619425 | 2 | -0.5
1.4540653638385475 | 2 | -0.5
1.3514334983872163 | 2 | -0.5
1.3623609247102413 | 2 | -0.5
1.3659832663457763 | 2 | -0.5
1.4240169846163682 | 2 | -0.5
1.5160653478157893 | 2 | -0.5
1.711095838178874 | 2 | -0.5
2.0668316467745353 | 2 | -0.5
3.0940914985650654 | 2 | -0.5
5.791850010765018 | 2 | -0.5
5.934014171522683 | 2 | -0.5
6.015875201670095 | 2 | -0.5
6.393055023012659 | 2 | -0.5
7.043037098714708 | 2 | -0.5
2.9298126203850816 | 2 | -0.5
2.4625727833572006 | 2 | -0.5
2.2603070107315135 | 2 | -0.5
2.090786567019983 | 2 | -0.5
2.100633488079759 | 2 | -0.5
2.134593513737912 | 2 | -0.5
2.1719951331859675 | 2 | -0.5
2.446601762222876 | 2 | -0.5
2.9342784303720246 | 2 | -0.5
7.104392455335822 | 2 | -0.5
6.500110945576176 | 2 | -0.5
6.048104998071584 | 2 | -0.5
5.99681763369891 | 2 | -0.5
4.503745588368448 | 2 | -0.5
2.559286337551804 | 2 | -0.5
1.9201599082841057 | 2 | -0.5
1.5745359800003869 | 2 | -0.5
1.3316841399377464 | 2 | -0.5
1.219172043447338 | 2 | -0.5
1.1894653728536948 | 2 | -0.5
1.1884183821265666 | 2 | -0.5
1.28186742949716 | 2 | -0.5
1.3491425965427741 | 2 | -0.5
1.560446951042219 | 2 | -0.5
1.895957548591127 | 2 | -0.5
2.3972748839263773 | 2 | -0.5
4.120873149479281 | 2 | -0.5
5.865946492531039 | 2 | -0.5
5.893531621835799 | 2 | -0.5
6.086854845305784 | 2 | -0.5
6.701737143743328 | 2 | -0.5
3.451306600926707 | 2 | -0.5
2.855970444761453 | 2 | -0.5
2.5498154467970635 | 2 | -0.5
2.3541512255200714 | 2 | -0.5
2.3057050833957957 | 2 | -0.5
2.309240989984856 | 2 | -0.5
2.4512054574434394 | 2 | -0.5
2.667164354927125 | 2 | -0.5
3.1737618783867565 | 2 | -0.5
7.1403627602229385 | 2 | -0.5
6.400236019197369 | 2 | -0.5
6.084200276148593 | 2 | -0.5
6.014995543768168 | 2 | -0.5
4.2889271715755255 | 2 | -0.5
2.266086751554038 | 2 | -0.5
1.6546157567755406 | 2 | -0.5
1.3534448442728262 | 2 | -0.5
1.1333331660365942 | 2 | -0.5
1.0322713703547037 | 2 | -0.5
0.9836186483083668 | 2 | -0.5
Total reward: -461.5
-2.8, 1.5, -2.0, 0.4, -2.4, 5.6, 4.9, 0.0, -0.6, -4.1, -5.5, 2.1, -3.0, -1.3, 5.5, -2.1, 2.2, -0.4
parameter ends

state | action | reward
[1.54] | 2 | -0.5
1.5095791004676111 | 2 | -0.5
1.5439270720839349 | 2 | -0.5
1.6191876704200858 | 2 | -0.5
1.7978535099608492 | 2 | -0.5
2.2106506908139063 | 2 | -0.5
3.0493369499893355 | 2 | -0.5
5.090608114160875 | 2 | -0.5
8.102108111062494 | 2 | -0.5
8.065342625034072 | 2 | -0.5
6.7290303953819 | 2 | -0.5
3.935419477000413 | 2 | -0.5
3.0077899980990574 | 2 | -0.5
2.444767759109747 | 2 | -0.5
2.1171031881350952 | 2 | -0.5
1.9179241047375353 | 2 | -0.5
1.8954156795470567 | 0 | 5.0
1.8681290086691928 | 0 | 5.0
1.8718324433966549 | 0 | 5.0
1.9378210535098823 | 0 | 5.0
1.9260437541084432 | 0 | 5.0
1.9745569069800615 | 0 | 5.0
1.952536576049221 | 0 | 5.0
1.9963155201575427 | 2 | -0.5
1.9712641154418549 | 0 | 5.0
1.9721650729763593 | 2 | -0.5
2.049276013368644 | 2 | -0.5
2.282058315465685 | 2 | -0.5
2.594973580764822 | 2 | -0.5
6.510366047362461 | 2 | -0.5
5.871614617391197 | 2 | -0.5
5.580107923550704 | 2 | -0.5
5.444605111827313 | 2 | -0.5
5.471199016352199 | 2 | -0.5
4.047647389797146 | 2 | -0.5
2.67866437087527 | 2 | -0.5
2.1995949115007623 | 2 | -0.5
1.884663363718876 | 2 | -0.5
1.754302107167181 | 2 | -0.5
1.6117981817872802 | 2 | -0.5
1.5646304433176046 | 2 | -0.5
1.5948017377073782 | 2 | -0.5
1.6684085454428081 | 2 | -0.5
1.7578912352164158 | 2 | -0.5
2.014825649654288 | 2 | -0.5
2.3153292236954885 | 2 | -0.5
3.127678796567807 | 2 | -0.5
6.792863410530801 | 2 | -0.5
6.539613309780184 | 2 | -0.5
6.642776990205657 | 2 | -0.5
5.572568341512001 | 2 | -0.5
3.455611792582838 | 2 | -0.5
2.5182020893775965 | 2 | -0.5
2.1387831230311427 | 2 | -0.5
1.9108759520917789 | 2 | -0.5
1.854090574194564 | 2 | -0.5
1.8031004303045803 | 2 | -0.5
1.8356548391549519 | 2 | -0.5
1.9514325837373037 | 2 | -0.5
2.1318191071529062 | 2 | -0.5
2.466136327557892 | 2 | -0.5
6.321761666885439 | 2 | -0.5
5.679176240986588 | 2 | -0.5
5.366733890182238 | 2 | -0.5
5.3455064714344545 | 2 | -0.5
5.12052056761874 | 2 | -0.5
3.3895746860544045 | 2 | -0.5
2.4413542363508856 | 2 | -0.5
2.1248815558553553 | 2 | -0.5
1.8050318308377513 | 2 | -0.5
1.7258389935747427 | 2 | -0.5
1.6709461698430008 | 2 | -0.5
1.6598474035948538 | 2 | -0.5
1.7337662140594923 | 2 | -0.5
1.8386476939291276 | 2 | -0.5
2.0238668365636308 | 2 | -0.5
2.4811343485101096 | 2 | -0.5
3.235377160476721 | 2 | -0.5
6.8994189678118 | 2 | -0.5
6.670885896555629 | 2 | -0.5
6.681784936081431 | 2 | -0.5
5.487899232331822 | 2 | -0.5
3.214313033266344 | 2 | -0.5
2.486082734861815 | 2 | -0.5
2.1135578912996267 | 2 | -0.5
1.937375463819463 | 2 | -0.5
1.8070237104516922 | 2 | -0.5
1.717344737925582 | 2 | -0.5
1.7470177533065248 | 2 | -0.5
1.8529716327764936 | 2 | -0.5
1.9715541359404463 | 2 | -0.5
2.231967858417274 | 2 | -0.5
6.45806906349364 | 2 | -0.5
5.744519070530565 | 2 | -0.5
5.414721089407601 | 2 | -0.5
5.242945301012876 | 2 | -0.5
5.206441957640372 | 2 | -0.5
5.35206936252391 | 2 | -0.5
3.2234831079831103 | 2 | -0.5
2.4146491543815616 | 2 | -0.5
2.0018992521134 | 2 | -0.5
1.7425843249072872 | 2 | -0.5
1.6826645134448575 | 2 | -0.5
1.5952274783677094 | 2 | -0.5
1.5835059929919857 | 2 | -0.5
1.667782416291776 | 2 | -0.5
1.8390408311125575 | 2 | -0.5
2.1927963232174665 | 2 | -0.5
2.82033534759065 | 2 | -0.5
7.15811534656783 | 2 | -0.5
6.747684331588264 | 2 | -0.5
6.665799395525805 | 2 | -0.5
6.797820549203469 | 2 | -0.5
4.215301172772258 | 2 | -0.5
2.7133572423252366 | 2 | -0.5
2.1974119322905032 | 2 | -0.5
1.9037701883132263 | 2 | -0.5
1.812539898840887 | 2 | -0.5
1.7283299792467328 | 2 | -0.5
1.6969634493812624 | 2 | -0.5
1.728395573714804 | 2 | -0.5
1.8405430967813754 | 2 | -0.5
2.016070334128739 | 2 | -0.5
2.3037136428375087 | 2 | -0.5
6.114344838539056 | 2 | -0.5
5.5094420524590175 | 2 | -0.5
5.232812702197269 | 2 | -0.5
5.183992486958487 | 2 | -0.5
5.366668512342693 | 2 | -0.5
3.235037152583811 | 2 | -0.5
2.4673982886921926 | 2 | -0.5
2.0243151717702856 | 2 | -0.5
1.8474709955716357 | 2 | -0.5
1.7302417611218228 | 2 | -0.5
1.7003349411656237 | 2 | -0.5
1.6988300834115035 | 2 | -0.5
1.7958806460314567 | 2 | -0.5
1.9449166960713027 | 2 | -0.5
2.218500186086137 | 2 | -0.5
2.841232549893726 | 2 | -0.5
7.266819558098491 | 2 | -0.5
6.831014699083424 | 2 | -0.5
6.756743723674334 | 2 | -0.5
6.84571698051163 | 2 | -0.5
3.88059389354121 | 2 | -0.5
2.8567486244515092 | 2 | -0.5
2.326774599987868 | 2 | -0.5
1.9434719764496968 | 2 | -0.5
1.804979089235735 | 2 | -0.5
1.7443535406883135 | 2 | -0.5
1.77272406898857 | 2 | -0.5
1.812698463022143 | 2 | -0.5
1.8792408737424275 | 2 | -0.5
2.101498927503603 | 2 | -0.5
2.611968056311169 | 2 | -0.5
5.932886649128551 | 2 | -0.5
5.456865047038424 | 2 | -0.5
5.194510594365812 | 2 | -0.5
5.14963294264755 | 2 | -0.5
4.988537481010726 | 2 | -0.5
3.038248075909792 | 2 | -0.5
2.3948157311955134 | 2 | -0.5
1.923122205142658 | 2 | -0.5
1.7108735120999163 | 2 | -0.5
1.6314175568853913 | 2 | -0.5
1.5628400084156704 | 2 | -0.5
1.5753949961719826 | 2 | -0.5
1.637235167985631 | 2 | -0.5
1.7509267194190745 | 2 | -0.5
1.9713404738643772 | 2 | -0.5
2.312543618084681 | 2 | -0.5
3.086172615392002 | 2 | -0.5
7.084812218675535 | 2 | -0.5
6.773429961398728 | 2 | -0.5
6.824748540698748 | 2 | -0.5
4.941969462551132 | 2 | -0.5
3.1128007586138966 | 2 | -0.5
2.560883440079752 | 2 | -0.5
2.1275601729841918 | 2 | -0.5
1.959805255550206 | 2 | -0.5
1.8461273553052142 | 2 | -0.5
1.8662216184513085 | 2 | -0.5
1.9187449767181435 | 2 | -0.5
1.9963798075508203 | 2 | -0.5
2.256648949173757 | 2 | -0.5
2.652370268030916 | 2 | -0.5
6.267819861282009 | 2 | -0.5
5.657313354458824 | 2 | -0.5
5.304442633167585 | 2 | -0.5
5.228883561482726 | 2 | -0.5
5.309674224651637 | 2 | -0.5
3.761353432751534 | 2 | -0.5
2.372229750242197 | 2 | -0.5
1.9546791125718326 | 2 | -0.5
1.7104318362331643 | 2 | -0.5
1.569345477979632 | 2 | -0.5
1.5039936883902814 | 2 | -0.5
1.4868876743247337 | 2 | -0.5
1.5542664409575102 | 2 | -0.5
1.6668610456325441 | 2 | -0.5
1.9203911505082518 | 2 | -0.5
2.2721610708413604 | 2 | -0.5
3.129682733038303 | 2 | -0.5
6.790112761899559 | 2 | -0.5
6.6230896962183845 | 2 | -0.5
6.735207159507058 | 2 | -0.5
4.487299349784088 | 2 | -0.5
3.078161746863838 | 2 | -0.5
2.5502531395402372 | 2 | -0.5
2.199419068013545 | 2 | -0.5
2.0459450103893664 | 2 | -0.5
1.9377340982838123 | 2 | -0.5
1.9050873835098923 | 2 | -0.5
1.9511457571095874 | 2 | -0.5
2.1744109519132118 | 2 | -0.5
2.3163083754103635 | 2 | -0.5
6.786521198204821 | 2 | -0.5
5.8854843226238875 | 2 | -0.5
5.420244437726913 | 2 | -0.5
5.236843622659861 | 2 | -0.5
5.243306859941099 | 2 | -0.5
3.334834692281792 | 2 | -0.5
2.3842238545488446 | 2 | -0.5
1.9696808932464858 | 2 | -0.5
1.6505257639034494 | 2 | -0.5
1.5004950410000095 | 2 | -0.5
1.4220962451550156 | 2 | -0.5
1.446346230887432 | 2 | -0.5
1.4515001351255803 | 2 | -0.5
1.5297553509196273 | 2 | -0.5
1.727266615236641 | 2 | -0.5
2.0939125814365274 | 2 | -0.5
2.719073991506753 | 2 | -0.5
7.093060689516994 | 2 | -0.5
6.775868578598539 | 2 | -0.5
6.760962025184129 | 2 | -0.5
6.951608332834685 | 2 | -0.5
4.50590608661469 | 2 | -0.5
3.3207192508039167 | 2 | -0.5
2.818318205799136 | 2 | -0.5
2.3438469994407867 | 2 | -0.5
2.0984880087370463 | 2 | -0.5
1.9753331430634475 | 2 | -0.5
1.9458392886428069 | 0 | 5.0
1.98381173558392 | 2 | -0.5
1.9582449977423315 | 2 | -0.5
2.118625924163807 | 2 | -0.5
2.29576814647693 | 2 | -0.5
2.6246981204770012 | 2 | -0.5
6.572109867482247 | 2 | -0.5
5.88697250081721 | 2 | -0.5
5.498145301174348 | 2 | -0.5
5.372739143202572 | 2 | -0.5
5.472138922668524 | 2 | -0.5
3.3998820950956588 | 2 | -0.5
2.3634508292112733 | 2 | -0.5
1.9560646076257957 | 2 | -0.5
1.6539572078876073 | 2 | -0.5
1.5760865986884423 | 2 | -0.5
1.509509308331103 | 2 | -0.5
1.5261306977036457 | 2 | -0.5
1.5320810175262627 | 2 | -0.5
1.637600965834176 | 2 | -0.5
1.8789715652205687 | 2 | -0.5
2.169710235722447 | 2 | -0.5
2.7246259436351283 | 2 | -0.5
6.917566812702234 | 2 | -0.5
6.633272914117998 | 2 | -0.5
6.5435731268780275 | 2 | -0.5
6.733528187954594 | 2 | -0.5
4.00707011619387 | 2 | -0.5
2.863012153190812 | 2 | -0.5
2.470267425656937 | 2 | -0.5
2.219518151294811 | 2 | -0.5
2.0091628097227243 | 2 | -0.5
1.932889390805297 | 2 | -0.5
1.9065149857484684 | 2 | -0.5
1.9333188959824485 | 2 | -0.5
2.06693282057335 | 2 | -0.5
2.296356039490635 | 2 | -0.5
2.6504367195234657 | 2 | -0.5
6.44647497754776 | 2 | -0.5
5.807973870351679 | 2 | -0.5
5.528704118586058 | 2 | -0.5
5.42923329424459 | 2 | -0.5
4.849360073656365 | 2 | -0.5
2.996360474703635 | 2 | -0.5
2.2973331212415364 | 2 | -0.5
1.8999237331763768 | 2 | -0.5
1.657841534234149 | 2 | -0.5
1.5780304900691633 | 2 | -0.5
1.5128660459576697 | 2 | -0.5
1.5118480005274713 | 2 | -0.5
1.6032284027376684 | 2 | -0.5
1.7231033940176104 | 2 | -0.5
1.9464632080317943 | 2 | -0.5
2.452373644568346 | 2 | -0.5
3.4973906008721505 | 2 | -0.5
6.682805675644642 | 2 | -0.5
6.516833803862872 | 2 | -0.5
6.6025487501988565 | 2 | -0.5
4.9401380357339555 | 2 | -0.5
3.2161798892893336 | 2 | -0.5
2.6216923674754917 | 2 | -0.5
2.229743713246987 | 2 | -0.5
2.0207667211857467 | 2 | -0.5
1.9199121197948317 | 2 | -0.5
1.8819396644153934 | 2 | -0.5
1.9299151715647525 | 2 | -0.5
2.070084062998223 | 2 | -0.5
2.2541598014487136 | 2 | -0.5
2.700570322201542 | 2 | -0.5
6.2479912325862585 | 2 | -0.5
5.718318668063211 | 2 | -0.5
5.465014905586066 | 2 | -0.5
5.403694235595044 | 2 | -0.5
4.3821703308246915 | 2 | -0.5
2.6870745938246117 | 2 | -0.5
2.1602172238566153 | 2 | -0.5
1.8241670535722034 | 2 | -0.5
1.6192550784624702 | 2 | -0.5
1.52903762857222 | 2 | -0.5
1.4674420352423458 | 2 | -0.5
1.4543602979730896 | 2 | -0.5
1.5249142325624956 | 2 | -0.5
1.6785291273962837 | 2 | -0.5
1.841752555899596 | 2 | -0.5
2.122756974375514 | 2 | -0.5
2.8719241420487163 | 2 | -0.5
6.831156353250783 | 2 | -0.5
6.500793433120436 | 2 | -0.5
6.497962108595587 | 2 | -0.5
6.748474891774936 | 2 | -0.5
4.210223485623982 | 2 | -0.5
3.2338518868351733 | 2 | -0.5
2.7562492715042946 | 2 | -0.5
2.323606995492204 | 2 | -0.5
2.0776073177212293 | 2 | -0.5
2.0168089338248048 | 2 | -0.5
1.9617134473542082 | 2 | -0.5
2.026324037098642 | 2 | -0.5
2.128853239199057 | 2 | -0.5
2.353217126652303 | 2 | -0.5
2.803381550115735 | 2 | -0.5
6.216873182416457 | 2 | -0.5
5.739623253719088 | 2 | -0.5
5.487367953677226 | 2 | -0.5
5.413615331456537 | 2 | -0.5
4.359304026463932 | 2 | -0.5
2.547894844172191 | 2 | -0.5
2.0106313724466207 | 2 | -0.5
1.6736475185066393 | 2 | -0.5
1.5463624673698446 | 2 | -0.5
1.4103033540686418 | 2 | -0.5
1.3607687930531172 | 2 | -0.5
1.3831681459313132 | 2 | -0.5
1.4148411186125567 | 2 | -0.5
1.513339154871179 | 2 | -0.5
1.7177194854658924 | 2 | -0.5
2.0977769919428684 | 2 | -0.5
2.913283121985638 | 2 | -0.5
6.688383555499757 | 2 | -0.5
6.49316088235906 | 2 | -0.5
6.572245824128916 | 2 | -0.5
5.559101521511697 | 2 | -0.5
3.7396856395818934 | 2 | -0.5
2.9912975844880214 | 2 | -0.5
2.513612273519551 | 2 | -0.5
2.2312324249930544 | 2 | -0.5
2.114826149101444 | 2 | -0.5
2.051011077775339 | 0 | 5.0
2.0503223015028005 | 2 | -0.5
2.1196425706593187 | 2 | -0.5
2.2308766370926905 | 2 | -0.5
2.4700948324380407 | 2 | -0.5
2.806591361757586 | 2 | -0.5
6.463675587796042 | 2 | -0.5
5.87673398390967 | 2 | -0.5
5.568451396532903 | 2 | -0.5
5.544260754580838 | 2 | -0.5
4.520803206686345 | 2 | -0.5
2.7391030583101394 | 2 | -0.5
2.068210713252395 | 2 | -0.5
1.6708422936677394 | 2 | -0.5
1.5549585368695418 | 2 | -0.5
1.459361471329453 | 2 | -0.5
1.3933455182561552 | 2 | -0.5
1.4143101202092803 | 2 | -0.5
1.4304719603390728 | 2 | -0.5
1.5434477593149947 | 2 | -0.5
1.7319233068255075 | 2 | -0.5
1.9836775491410854 | 2 | -0.5
2.48810506323102 | 2 | -0.5
6.789728934542011 | 2 | -0.5
6.476785879411604 | 2 | -0.5
6.407894578745221 | 2 | -0.5
6.32412812407188 | 2 | -0.5
3.8549793787354742 | 2 | -0.5
2.904608420592633 | 2 | -0.5
2.469143673615058 | 2 | -0.5
2.223316181600718 | 2 | -0.5
2.091069747334949 | 2 | -0.5
2.024895701964507 | 2 | -0.5
2.0184789437742197 | 2 | -0.5
2.1238766817281873 | 2 | -0.5
2.2061118827911876 | 2 | -0.5
2.560392171420331 | 2 | -0.5
3.0152378082927678 | 2 | -0.5
6.317405413606182 | 2 | -0.5
5.852521725427658 | 2 | -0.5
5.585340078525713 | 2 | -0.5
5.513798114252987 | 2 | -0.5
4.545251536702607 | 2 | -0.5
2.6747041102740297 | 2 | -0.5
1.9748052819932747 | 2 | -0.5
1.6697700274843679 | 2 | -0.5
1.45171798272516 | 2 | -0.5
1.3613404874921184 | 2 | -0.5
1.3196847260538536 | 2 | -0.5
1.3219080730545307 | 2 | -0.5
1.4131903487672308 | 2 | -0.5
1.5057596622442713 | 2 | -0.5
1.7461275926016526 | 2 | -0.5
2.2667967065677375 | 2 | -0.5
3.1013772719625394 | 2 | -0.5
6.4841345775412425 | 2 | -0.5
6.355090864246275 | 2 | -0.5
6.4849296479697704 | 2 | -0.5
5.0229091904805365 | 2 | -0.5
3.3704213971147907 | 2 | -0.5
2.6419932702488556 | 2 | -0.5
2.3833607552685163 | 2 | -0.5
2.1562122470208003 | 2 | -0.5
2.059948582747187 | 2 | -0.5
2.0413579990064163 | 2 | -0.5
2.0695591348327804 | 2 | -0.5
2.2063596261724987 | 2 | -0.5
2.5051369132433563 | 2 | -0.5
3.059716518595296 | 2 | -0.5
6.122658849321382 | 2 | -0.5
5.656179444958581 | 2 | -0.5
5.489655732636769 | 2 | -0.5
5.5380861558863765 | 2 | -0.5
3.535312464203814 | 2 | -0.5
2.473333770888025 | 2 | -0.5
1.8852628995318672 | 2 | -0.5
1.5563554601143543 | 2 | -0.5
1.3740837286552152 | 2 | -0.5
1.3100497096729602 | 2 | -0.5
1.265320329356088 | 2 | -0.5
1.3055793872858241 | 2 | -0.5
1.3947200407146767 | 2 | -0.5
1.5978940463756972 | 2 | -0.5
1.9806146560427027 | 2 | -0.5
2.6650768816742745 | 2 | -0.5
6.571231606783187 | 2 | -0.5
6.434453654078711 | 2 | -0.5
6.416208292690398 | 2 | -0.5
6.574700755005823 | 2 | -0.5
4.451160983266739 | 2 | -0.5
3.3236058997691917 | 2 | -0.5
2.660654556311374 | 2 | -0.5
2.3075228057037735 | 2 | -0.5
2.1570345434563807 | 2 | -0.5
2.0920721199305388 | 2 | -0.5
2.103660861461876 | 0 | 5.0
2.0837252095731498 | 2 | -0.5
2.1601629720157463 | 2 | -0.5
2.356874566791894 | 2 | -0.5
2.7545431710326485 | 2 | -0.5
6.912181026243163 | 2 | -0.5
6.242232695297068 | 2 | -0.5
5.859461181873148 | 2 | -0.5
5.736138356365054 | 2 | -0.5
5.2706113736628755 | 2 | -0.5
2.904943065780739 | 2 | -0.5
2.0495969322944436 | 2 | -0.5
1.588307280112446 | 2 | -0.5
1.3896931597903746 | 2 | -0.5
1.2848413389568436 | 2 | -0.5
1.2255849263683953 | 2 | -0.5
1.2667505926944571 | 2 | -0.5
1.2878498954163355 | 2 | -0.5
1.3984530101885335 | 2 | -0.5
1.605385586991068 | 2 | -0.5
1.8779390573596093 | 2 | -0.5
2.623839001995059 | 2 | -0.5
6.351777954019408 | 2 | -0.5
6.172356804132744 | 2 | -0.5
6.155952542804554 | 2 | -0.5
6.3918455498451925 | 2 | -0.5
4.497003052135939 | 2 | -0.5
3.3716536106289845 | 2 | -0.5
2.7428191980865084 | 2 | -0.5
2.4047551392093185 | 2 | -0.5
2.2418139008076547 | 2 | -0.5
2.1891527997790563 | 2 | -0.5
2.2155777519335107 | 2 | -0.5
2.3164738100125404 | 2 | -0.5
2.5161547170332654 | 2 | -0.5
2.9816292705595226 | 2 | -0.5
6.821155632137068 | 2 | -0.5
6.090175512058621 | 2 | -0.5
5.778053802448259 | 2 | -0.5
5.695788242323584 | 2 | -0.5
5.010308758079205 | 2 | -0.5
2.6356720429257985 | 2 | -0.5
1.9932187736880558 | 2 | -0.5
1.5642977369089224 | 2 | -0.5
1.3783671442253729 | 2 | -0.5
1.2649596785601311 | 2 | -0.5
1.2159539376177602 | 2 | -0.5
1.2263055568424974 | 2 | -0.5
1.2651930829825402 | 2 | -0.5
1.3628514218276715 | 2 | -0.5
1.516025645981194 | 2 | -0.5
1.8578184257085089 | 2 | -0.5
2.5283000055188425 | 2 | -0.5
6.349935278968491 | 2 | -0.5
6.141177645115428 | 2 | -0.5
6.167770828352414 | 2 | -0.5
6.338549077961405 | 2 | -0.5
4.2370401928415315 | 2 | -0.5
3.246512535336786 | 2 | -0.5
2.753241880491733 | 2 | -0.5
2.3782043457250572 | 2 | -0.5
2.264420525159838 | 2 | -0.5
2.1580693184253317 | 2 | -0.5
2.116299440928012 | 2 | -0.5
2.236567547414625 | 2 | -0.5
2.4362932138596665 | 2 | -0.5
2.79535950878756 | 2 | -0.5
3.4071971590434487 | 2 | -0.5
6.338681652147519 | 2 | -0.5
5.938881621063098 | 2 | -0.5
5.829043289082586 | 2 | -0.5
5.871769932829636 | 2 | -0.5
3.40685865522379 | 2 | -0.5
2.258039497746082 | 2 | -0.5
1.7960038841462074 | 2 | -0.5
1.5613105851027964 | 2 | -0.5
1.433755109078234 | 2 | -0.5
1.353549208007977 | 2 | -0.5
1.3708720292789263 | 2 | -0.5
1.3809689418129127 | 2 | -0.5
1.4008245762092721 | 2 | -0.5
1.5333475688320373 | 2 | -0.5
1.7572763036511492 | 2 | -0.5
2.1251903345008016 | 2 | -0.5
2.7406920771689665 | 2 | -0.5
6.454920119872958 | 2 | -0.5
6.293584715857135 | 2 | -0.5
6.325028049958672 | 2 | -0.5
5.239162478948624 | 2 | -0.5
3.583493603159543 | 2 | -0.5
2.8543654320951166 | 2 | -0.5
2.366840705852467 | 2 | -0.5
2.188532128609908 | 2 | -0.5
2.0426988116385094 | 2 | -0.5
2.0220038691462956 | 2 | -0.5
2.053663858695029 | 2 | -0.5
2.219847628870762 | 2 | -0.5
2.4249210183993126 | 2 | -0.5
2.813028541046668 | 2 | -0.5
6.663633190792338 | 2 | -0.5
6.091466363788567 | 2 | -0.5
5.747776846691147 | 2 | -0.5
5.662513540045162 | 2 | -0.5
5.552294463894468 | 2 | -0.5
2.906793324319385 | 2 | -0.5
2.104144467611676 | 2 | -0.5
1.7114306422675873 | 2 | -0.5
1.5361559926588026 | 2 | -0.5
1.4027877243880895 | 2 | -0.5
1.3387371088971405 | 2 | -0.5
1.3563601465489956 | 2 | -0.5
1.4240728647627134 | 2 | -0.5
1.5109477451905946 | 2 | -0.5
1.691294108356823 | 2 | -0.5
2.0779586179855065 | 2 | -0.5
2.795968611030424 | 2 | -0.5
6.431172891561487 | 2 | -0.5
6.217787827649508 | 2 | -0.5
6.253511544163519 | 2 | -0.5
6.203237449729542 | 2 | -0.5
4.255463672277131 | 2 | -0.5
3.1434656423525733 | 2 | -0.5
2.5153304217979433 | 2 | -0.5
2.2383168603755283 | 2 | -0.5
2.045114908879962 | 2 | -0.5
1.9792016224714628 | 2 | -0.5
2.0169722119540863 | 2 | -0.5
2.125219941515732 | 2 | -0.5
2.3810256004978543 | 2 | -0.5
2.6664665803557033 | 2 | -0.5
6.755062677957125 | 2 | -0.5
6.0736950280105955 | 2 | -0.5
5.758043384304502 | 2 | -0.5
5.688514680665268 | 2 | -0.5
5.731577498725185 | 2 | -0.5
3.2980616358575827 | 2 | -0.5
2.3092121105922723 | 2 | -0.5
1.768552498273983 | 2 | -0.5
1.5572003645976982 | 2 | -0.5
1.425353933210498 | 2 | -0.5
1.389396684255416 | 2 | -0.5
1.3783666936108943 | 2 | -0.5
1.3608692724231148 | 2 | -0.5
1.452656836712124 | 2 | -0.5
1.6023628083746526 | 2 | -0.5
1.8872064783118891 | 2 | -0.5
2.4682086853305627 | 2 | -0.5
6.561510912030904 | 2 | -0.5
6.197919356133175 | 2 | -0.5
6.180038926821874 | 2 | -0.5
6.399644404904603 | 2 | -0.5
4.148163998916897 | 2 | -0.5
3.056826148772705 | 2 | -0.5
2.494265737502406 | 2 | -0.5
2.2243766600392654 | 2 | -0.5
2.021770626134338 | 2 | -0.5
1.9786424251894095 | 2 | -0.5
1.9243363652011451 | 2 | -0.5
2.066899015780841 | 2 | -0.5
2.2052744228902244 | 2 | -0.5
2.507043011887995 | 2 | -0.5
2.9999409883347448 | 2 | -0.5
6.5444975289926335 | 2 | -0.5
6.014327206320593 | 2 | -0.5
5.768407461583696 | 2 | -0.5
5.751295820969375 | 2 | -0.5
4.676124624077367 | 2 | -0.5
3.2216977481623643 | 2 | -0.5
2.4553213473218762 | 2 | -0.5
1.989803344810078 | 2 | -0.5
1.693734163677454 | 2 | -0.5
1.604746698654044 | 2 | -0.5
1.5514850168045977 | 2 | -0.5
1.519670159463624 | 2 | -0.5
1.5427880350608765 | 2 | -0.5
1.689684698575776 | 2 | -0.5
1.850573301040649 | 2 | -0.5
2.160193635177784 | 2 | -0.5
2.9848173893664556 | 2 | -0.5
6.418689680980394 | 2 | -0.5
6.170951886618427 | 2 | -0.5
6.166834757390562 | 2 | -0.5
5.62133275447796 | 2 | -0.5
3.3332485136780847 | 2 | -0.5
2.564547596191214 | 2 | -0.5
2.1883013793622297 | 2 | -0.5
1.994255244527811 | 2 | -0.5
1.850906649793473 | 2 | -0.5
1.8445833136067287 | 2 | -0.5
1.8624303161574092 | 2 | -0.5
1.9967865523954387 | 2 | -0.5
2.1821119586476283 | 2 | -0.5
2.541977443266661 | 2 | -0.5
3.1521685954154264 | 2 | -0.5
6.146120927852991 | 2 | -0.5
5.8246400094797846 | 2 | -0.5
5.7580397516565975 | 2 | -0.5
5.892773195041044 | 2 | -0.5
3.3158324070302743 | 2 | -0.5
2.5567200958895375 | 2 | -0.5
2.1114242981511895 | 2 | -0.5
1.851055839238822 | 2 | -0.5
1.65552042555684 | 2 | -0.5
1.5152936845909943 | 2 | -0.5
1.5163786071110574 | 2 | -0.5
1.4994719431164831 | 2 | -0.5
1.6091068987933468 | 2 | -0.5
1.708129821375751 | 2 | -0.5
2.0174563423775553 | 2 | -0.5
2.405540702965484 | 2 | -0.5
3.3644651116880695 | 2 | -0.5
6.394074321959925 | 2 | -0.5
6.168633118557894 | 2 | -0.5
6.207671906857703 | 2 | -0.5
5.099658114268131 | 2 | -0.5
3.2433020772476513 | 2 | -0.5
2.492111004013446 | 2 | -0.5
2.109359960393864 | 2 | -0.5
1.9867260648253144 | 2 | -0.5
1.8735121525679326 | 2 | -0.5
1.8540633449941424 | 2 | -0.5
1.8535019381035607 | 2 | -0.5
1.9962116659055686 | 2 | -0.5
2.2690515483358054 | 2 | -0.5
2.6571921071341187 | 2 | -0.5
6.677005982902865 | 2 | -0.5
6.117384145242328 | 2 | -0.5
5.793472618115855 | 2 | -0.5
5.713430680414002 | 2 | -0.5
5.85157313242381 | 2 | -0.5
3.536682380004297 | 2 | -0.5
2.3221775666010704 | 2 | -0.5
1.970805039880637 | 2 | -0.5
1.738725261570353 | 2 | -0.5
1.5848114082667462 | 2 | -0.5
1.5146906508469202 | 2 | -0.5
1.5209340097345352 | 2 | -0.5
1.5349656488627514 | 2 | -0.5
1.6254475664299861 | 2 | -0.5
1.8142926037300044 | 2 | -0.5
2.065109540468423 | 2 | -0.5
2.5243990344129545 | 2 | -0.5
6.691451708570964 | 2 | -0.5
6.378306361214624 | 2 | -0.5
6.21346357118716 | 2 | -0.5
6.328593617169092 | 2 | -0.5
4.646392635077806 | 2 | -0.5
3.1747773473947607 | 2 | -0.5
2.546838347837962 | 2 | -0.5
2.199892050662088 | 2 | -0.5
2.0457779607250974 | 2 | -0.5
1.9449872954875314 | 2 | -0.5
1.9262312789192648 | 2 | -0.5
2.0551532386657785 | 2 | -0.5
2.134988447650323 | 2 | -0.5
2.446408138816524 | 2 | -0.5
2.831730980237188 | 2 | -0.5
6.574247153363218 | 2 | -0.5
6.026027647707159 | 2 | -0.5
5.781730243938821 | 2 | -0.5
5.616707960109318 | 2 | -0.5
5.745294749789726 | 2 | -0.5
3.3196107362645937 | 2 | -0.5
2.42186443522963 | 2 | -0.5
1.902992177102172 | 2 | -0.5
1.6113031181843167 | 2 | -0.5
1.4997944743465526 | 2 | -0.5
1.380797867844187 | 2 | -0.5
1.4191896533719925 | 2 | -0.5
1.4350919996780134 | 2 | -0.5
1.5039751487627342 | 2 | -0.5
1.6942140056443942 | 2 | -0.5
2.0297506017587503 | 2 | -0.5
2.551212063559056 | 2 | -0.5
6.652961285438355 | 2 | -0.5
6.304678250253435 | 2 | -0.5
6.169803618048377 | 2 | -0.5
6.299800405925234 | 2 | -0.5
4.490778093552671 | 2 | -0.5
3.1140378510456843 | 2 | -0.5
2.5659206405815147 | 2 | -0.5
2.2069465125487304 | 2 | -0.5
2.023439041458712 | 2 | -0.5
1.9967351653314291 | 2 | -0.5
2.0211012121084675 | 2 | -0.5
2.1156024714766675 | 2 | -0.5
2.2990489285771054 | 2 | -0.5
2.641674409186767 | 2 | -0.5
3.3113976181735896 | 2 | -0.5
6.239759892448963 | 2 | -0.5
5.8587906704571875 | 2 | -0.5
5.7788015629004805 | 2 | -0.5
5.39100781211617 | 2 | -0.5
3.1629348044201455 | 2 | -0.5
2.325489171130941 | 2 | -0.5
1.8682546225394647 | 2 | -0.5
1.7054070073239407 | 2 | -0.5
1.5603735764510944 | 2 | -0.5
1.4637781766565292 | 2 | -0.5
1.389485662891697 | 2 | -0.5
1.4329601935233758 | 2 | -0.5
1.5949821314593406 | 2 | -0.5
1.7061245266441636 | 2 | -0.5
1.9374987064989226 | 2 | -0.5
2.3552183376719613 | 2 | -0.5
3.3840062626991534 | 2 | -0.5
6.282915743332617 | 2 | -0.5
6.14762604324745 | 2 | -0.5
6.268793046493091 | 2 | -0.5
4.870480439126997 | 2 | -0.5
3.366003150385561 | 2 | -0.5
2.751869065874263 | 2 | -0.5
2.355664266728802 | 2 | -0.5
2.0653913092142098 | 2 | -0.5
1.9621425098217087 | 2 | -0.5
1.902728792791642 | 2 | -0.5
1.961735799572779 | 2 | -0.5
2.135853453872275 | 2 | -0.5
2.3833705078896443 | 2 | -0.5
2.8618336325108964 | 2 | -0.5
6.322192497874069 | 2 | -0.5
5.76437856588913 | 2 | -0.5
5.596060922134043 | 2 | -0.5
5.705873417691016 | 2 | -0.5
4.422701846300907 | 2 | -0.5
2.656733798187324 | 2 | -0.5
2.1996498062645244 | 2 | -0.5
1.7778798785009633 | 2 | -0.5
1.640533359074235 | 2 | -0.5
1.4733749011097208 | 2 | -0.5
1.4520239542433422 | 2 | -0.5
1.4608801830813523 | 2 | -0.5
1.5279142366445821 | 2 | -0.5
1.6219182178547318 | 2 | -0.5
1.818695704748697 | 2 | -0.5
2.18817998053839 | 2 | -0.5
2.928395073623161 | 2 | -0.5
6.471025204757629 | 2 | -0.5
6.225777635550257 | 2 | -0.5
6.185529989340428 | 2 | -0.5
6.085323003905808 | 2 | -0.5
3.6449080476510862 | 2 | -0.5
2.8356521841359252 | 2 | -0.5
2.329834401174479 | 2 | -0.5
2.098640956680276 | 2 | -0.5
1.9432572019709762 | 2 | -0.5
1.8757256438856902 | 2 | -0.5
1.9001237092638137 | 2 | -0.5
1.9656340773558552 | 2 | -0.5
2.1240608800260414 | 2 | -0.5
2.5027186729765765 | 2 | -0.5
2.9896843539321134 | 2 | -0.5
6.341952065839989 | 2 | -0.5
5.895035549624574 | 2 | -0.5
5.759362763532207 | 2 | -0.5
5.822768713728067 | 2 | -0.5
3.418352502265112 | 2 | -0.5
2.4604808813548904 | 2 | -0.5
1.9602617230857078 | 2 | -0.5
1.7380310474546974 | 2 | -0.5
1.6112555755133249 | 2 | -0.5
1.5246420084509897 | 2 | -0.5
1.477886870832157 | 2 | -0.5
1.5076717085917941 | 2 | -0.5
1.6209518516323775 | 2 | -0.5
1.730851419720883 | 2 | -0.5
2.0365028535967773 | 2 | -0.5
2.755470821284991 | 2 | -0.5
6.561882685343997 | 2 | -0.5
6.20099127814721 | 2 | -0.5
6.129536165925484 | 2 | -0.5
6.3587556137008185 | 2 | -0.5
3.7254054226148265 | 2 | -0.5
2.9250333622830715 | 2 | -0.5
2.416014995590492 | 2 | -0.5
2.168322371713655 | 2 | -0.5
2.017273740968212 | 2 | -0.5
1.9830442747637345 | 2 | -0.5
2.00762622465047 | 2 | -0.5
2.126216049105741 | 2 | -0.5
2.2873009111489853 | 2 | -0.5
2.719793871280138 | 2 | -0.5
3.313378160326996 | 2 | -0.5
6.153728039121707 | 2 | -0.5
5.819690750480351 | 2 | -0.5
5.771207579042256 | 2 | -0.5
5.517833879634745 | 2 | -0.5
3.1037066014253276 | 2 | -0.5
2.248056220929514 | 2 | -0.5
1.7345053199025684 | 2 | -0.5
1.5456123792678504 | 2 | -0.5
1.4638843217405733 | 2 | -0.5
1.3481604299331713 | 2 | -0.5
1.3587429925817827 | 2 | -0.5
1.3349678294478997 | 2 | -0.5
1.4919241781451882 | 2 | -0.5
1.5850747609525364 | 2 | -0.5
1.97480411833006 | 2 | -0.5
2.4029244757526635 | 2 | -0.5
6.555686309524495 | 2 | -0.5
6.224543720600927 | 2 | -0.5
6.093791614941662 | 2 | -0.5
6.181534359871711 | 2 | -0.5
4.790706268617764 | 2 | -0.5
3.2725844825875043 | 2 | -0.5
2.647022493386479 | 2 | -0.5
2.282826197610213 | 2 | -0.5
2.10194255491357 | 2 | -0.5
2.070832017525265 | 2 | -0.5
2.0226415909123787 | 2 | -0.5
2.133235176195937 | 2 | -0.5
2.1469515865486453 | 2 | -0.5
2.439907663099716 | 2 | -0.5
2.773255330841147 | 2 | -0.5
6.982468701884749 | 2 | -0.5
6.350058428804786 | 2 | -0.5
6.024905978740492 | 2 | -0.5
5.98303274108114 | 2 | -0.5
5.77765969399156 | 2 | -0.5
3.092289581018391 | 2 | -0.5
2.1769221492013124 | 2 | -0.5
1.7550619590571526 | 2 | -0.5
1.6018210864477862 | 2 | -0.5
1.433074177004799 | 2 | -0.5
1.4189445590583394 | 2 | -0.5
1.3509966370242619 | 2 | -0.5
1.4675619581236896 | 2 | -0.5
1.5577736694381072 | 2 | -0.5
1.7406886229742216 | 2 | -0.5
2.093774669136956 | 2 | -0.5
2.9208489665560395 | 2 | -0.5
6.1268364169456895 | 2 | -0.5
6.0218588058645155 | 2 | -0.5
6.0331496198492545 | 2 | -0.5
5.320466863515345 | 2 | -0.5
3.6653940208428506 | 2 | -0.5
2.8791596088301463 | 2 | -0.5
2.4053182986128196 | 2 | -0.5
2.1899057077450377 | 2 | -0.5
2.0931663020421585 | 2 | -0.5
2.046657260463101 | 2 | -0.5
2.081055980439865 | 2 | -0.5
2.171604222121501 | 2 | -0.5
2.4147629404135174 | 2 | -0.5
2.8219504079311766 | 2 | -0.5
6.991413002178313 | 2 | -0.5
6.343756494902137 | 2 | -0.5
6.029532724756576 | 2 | -0.5
5.966006407879775 | 2 | -0.5
5.275500368274087 | 2 | -0.5
2.7913765555043635 | 2 | -0.5
2.1106684285702726 | 2 | -0.5
1.7917613195058344 | 2 | -0.5
1.568467692534333 | 2 | -0.5
1.4302490345751862 | 2 | -0.5
1.4185018740969635 | 2 | -0.5
1.376311576838165 | 2 | -0.5
1.485111512199139 | 2 | -0.5
1.5649750878833955 | 2 | -0.5
1.6724031447121683 | 2 | -0.5
1.9886466541635885 | 2 | -0.5
2.623917751834276 | 2 | -0.5
6.300151541828413 | 2 | -0.5
5.992131913747413 | 2 | -0.5
6.023202063086903 | 2 | -0.5
6.220245118171739 | 2 | -0.5
4.090965831250607 | 2 | -0.5
3.1568395128422404 | 2 | -0.5
2.665815680055726 | 2 | -0.5
2.418561621189558 | 2 | -0.5
2.154610175444086 | 2 | -0.5
2.014398068022121 | 2 | -0.5
1.9630611366786683 | 2 | -0.5
2.017480432853276 | 2 | -0.5
2.162461452673081 | 2 | -0.5
2.3805528568146235 | 2 | -0.5
2.739274850958945 | 2 | -0.5
3.4695710146881704 | 2 | -0.5
6.48129540151165 | 2 | -0.5
6.029396785113716 | 2 | -0.5
6.0181610061636235 | 2 | -0.5
5.292308095876036 | 2 | -0.5
3.0637905439868085 | 2 | -0.5
2.3400258914981813 | 2 | -0.5
1.9644203244421234 | 2 | -0.5
1.7887508140322956 | 2 | -0.5
1.6479382694473552 | 2 | -0.5
1.6099668660582704 | 2 | -0.5
1.538417414532512 | 2 | -0.5
1.634836809069309 | 2 | -0.5
1.7548699038178337 | 2 | -0.5
1.9139207249807488 | 2 | -0.5
2.265121507471816 | 2 | -0.5
3.0793981416815366 | 2 | -0.5
6.199931296872159 | 2 | -0.5
5.960162774915432 | 2 | -0.5
5.9165629016363885 | 2 | -0.5
6.115321079852711 | 2 | -0.5
4.101344719982433 | 2 | -0.5
2.836390041009676 | 2 | -0.5
2.3884917490329927 | 2 | -0.5
2.0429020799679685 | 2 | -0.5
1.9315157583013824 | 2 | -0.5
1.8721757866354973 | 2 | -0.5
1.8914116288324734 | 2 | -0.5
1.9748866664012292 | 2 | -0.5
2.2549972226360815 | 2 | -0.5
2.702740060103963 | 2 | -0.5
6.828626961116444 | 2 | -0.5
6.311426832527443 | 2 | -0.5
5.999216233887227 | 2 | -0.5
5.9621774750306615 | 2 | -0.5
6.133439348693019 | 2 | -0.5
3.9489788747409387 | 2 | -0.5
2.770920827163215 | 2 | -0.5
2.3311575369053448 | 2 | -0.5
1.972757105668902 | 2 | -0.5
1.7692519972318426 | 2 | -0.5
1.6830432941811488 | 2 | -0.5
1.636498416725582 | 2 | -0.5
1.6624664192910394 | 2 | -0.5
1.7781470212343344 | 2 | -0.5
1.9778691427482409 | 2 | -0.5
2.3961892060704937 | 2 | -0.5
3.0148968495425077 | 2 | -0.5
6.2330068443239615 | 2 | -0.5
5.960685252420671 | 2 | -0.5
5.931329261380467 | 2 | -0.5
5.6534021056240755 | 2 | -0.5
3.3573719703884253 | 2 | -0.5
2.4746107268281627 | 2 | -0.5
2.184192097322487 | 2 | -0.5
1.8540366185980859 | 2 | -0.5
1.7468247914719521 | 2 | -0.5
1.7260553239987388 | 2 | -0.5
Total reward: -439.5
-2.8, 1.5, -2.0, 0.4, -2.4, 5.6, 4.9, 0.0, -0.6, -4.1, -5.5, 2.1, -3.0, -1.3, 5.5, -2.1, 2.2, -0.4
parameter ends

state | action | reward
[1.93] | 2 | -0.5
2.305290123344061 | 2 | -0.5
2.6280979645430214 | 2 | -0.5
2.4746978143054656 | 2 | -0.5
2.3876227374996395 | 2 | -0.5
2.4410710084817175 | 2 | -0.5
2.546435888261127 | 2 | -0.5
2.7545244517699947 | 2 | -0.5
3.333599412294062 | 2 | -0.5
4.208534255069204 | 2 | -0.5
5.919286271341407 | 2 | -0.5
10.702246758980088 | 1 | -0.5
5.627878362485531 | 2 | -0.5
10.568873611137684 | 1 | -0.5
6.1871111802561485 | 2 | -0.5
10.625848014069565 | 1 | -0.5
6.029951461125461 | 2 | -0.5
10.610635952247154 | 1 | -0.5
6.313587576932525 | 2 | -0.5
10.671612266182326 | 1 | -0.5
6.182681125734784 | 2 | -0.5
10.54759743625357 | 1 | -0.5
6.693079882231388 | 2 | -0.5
10.547275506751907 | 1 | -0.5
6.772080606424347 | 2 | -0.5
10.527936755178619 | 1 | -0.5
6.326748647444703 | 2 | -0.5
10.595140583830014 | 1 | -0.5
6.533252072261648 | 2 | -0.5
10.595081156523696 | 1 | -0.5
6.494821620413244 | 2 | -0.5
10.629919006570049 | 1 | -0.5
4.899896636912019 | 2 | -0.5
10.689161276124775 | 1 | -0.5
4.619485460599378 | 2 | -0.5
10.687908599191488 | 1 | -0.5
4.69100004574117 | 2 | -0.5
10.718218797164306 | 1 | -0.5
4.179150798051307 | 2 | -0.5
10.656564104227945 | 1 | -0.5
4.3224559052586216 | 2 | -0.5
10.655849793904553 | 1 | -0.5
4.211034757595178 | 2 | -0.5
10.714270737657825 | 1 | -0.5
4.360091716036011 | 2 | -0.5
10.687434597664923 | 1 | -0.5
3.786343159724407 | 2 | -0.5
10.718654268655214 | 1 | -0.5
3.408774604354938 | 2 | -0.5
10.03798346282765 | 1 | -0.5
2.9706511655345804 | 2 | -0.5
10.724844630221211 | 1 | -0.5
2.4503253958254363 | 2 | -0.5
10.760934550747761 | 1 | -0.5
2.1937927986990227 | 2 | -0.5
9.82047691343241 | 1 | -0.5
2.110857480855495 | 2 | -0.5
10.793022753870307 | 1 | -0.5
1.6356230467490849 | 2 | -200.0
Total reward: -229.0
-2.8, 1.5, -2.0, 0.4, -2.4, 5.6, 4.9, 0.0, -0.6, -4.1, -5.5, 2.1, -3.0, -1.3, 5.5, -2.1, 2.2, -0.4
parameter ends

state | action | reward
[4.09] | 2 | -0.5
7.252184704238764 | 2 | -0.5
7.1765868716279995 | 2 | -0.5
7.5094141740547915 | 2 | -0.5
3.4630499779462034 | 2 | -0.5
2.532694456587336 | 2 | -0.5
2.1066508466774336 | 2 | -0.5
1.8617876122089234 | 2 | -0.5
1.762152569535036 | 2 | -0.5
1.7313336593090756 | 0 | 5.0
1.7062017734090302 | 2 | -0.5
1.782028037805578 | 2 | -0.5
1.8917943426326653 | 2 | -0.5
2.0929328588645983 | 2 | -0.5
2.444690864773514 | 2 | -0.5
3.1274046055151743 | 2 | -0.5
4.608390695564251 | 2 | -0.5
4.902390555467739 | 2 | -0.5
4.844395550381914 | 2 | -0.5
5.011317689330334 | 2 | -0.5
5.339087050573123 | 2 | -0.5
5.9195531333572236 | 2 | -0.5
2.2838393883885963 | 2 | -0.5
1.9425346734895081 | 2 | -0.5
1.8306754921976092 | 2 | -0.5
1.7037895135862378 | 2 | -0.5
1.6712255119263766 | 2 | -0.5
1.762368296267033 | 2 | -0.5
1.8026445818254473 | 2 | -0.5
2.014525148589239 | 2 | -0.5
2.3288913214152203 | 2 | -0.5
2.9971278154754253 | 2 | -0.5
4.443766478322167 | 2 | -0.5
7.222332557844539 | 2 | -0.5
7.141647058398135 | 2 | -0.5
7.343581014193807 | 2 | -0.5
3.605265445358196 | 2 | -0.5
2.5497362388476295 | 2 | -0.5
2.100229424514495 | 2 | -0.5
1.8612964375450107 | 2 | -0.5
1.672736738922237 | 2 | -0.5
1.6579589349227752 | 2 | -0.5
1.6593642464592728 | 2 | -0.5
1.7123562846699345 | 2 | -0.5
1.944193466070749 | 2 | -0.5
2.2349214698618765 | 2 | -0.5
2.7404792225717527 | 2 | -0.5
3.8752413812991096 | 2 | -0.5
4.766660904882389 | 2 | -0.5
4.681666453808758 | 2 | -0.5
4.8228289492099305 | 2 | -0.5
5.1127260867313575 | 2 | -0.5
5.534101105481041 | 2 | -0.5
6.399432908173809 | 2 | -0.5
2.1325767576212993 | 2 | -0.5
1.9134371519609086 | 2 | -0.5
1.8156727875925247 | 2 | -0.5
1.774835017946177 | 2 | -0.5
1.7659078850718624 | 2 | -0.5
1.898219525159576 | 2 | -0.5
2.0907511017437135 | 2 | -0.5
2.5309534496477135 | 2 | -0.5
3.1249472181071005 | 2 | -0.5
4.836463910635851 | 2 | -0.5
7.2423084897776695 | 2 | -0.5
7.191983687265471 | 2 | -0.5
7.5010908075029405 | 2 | -0.5
3.54774336213814 | 2 | -0.5
2.7114006758033975 | 2 | -0.5
2.099858698574278 | 2 | -0.5
1.926883110855118 | 2 | -0.5
1.7693017195289664 | 2 | -0.5
1.6678613515418839 | 2 | -0.5
1.63365200247029 | 0 | 5.0
1.636446590698913 | 2 | -0.5
1.6975040786941786 | 2 | -0.5
1.7570004707326066 | 2 | -0.5
1.9566748803024456 | 2 | -0.5
2.3746911773561563 | 2 | -0.5
3.2701104116937363 | 2 | -0.5
5.070330417912911 | 2 | -0.5
4.938581700066846 | 2 | -0.5
4.959305360450226 | 2 | -0.5
5.2633404996783995 | 2 | -0.5
5.718552438725399 | 2 | -0.5
2.3199326357215386 | 2 | -0.5
2.072055428652553 | 2 | -0.5
1.8555542268100556 | 2 | -0.5
1.7348965481213725 | 2 | -0.5
1.7298989958945896 | 2 | -0.5
1.7009956199311869 | 2 | -0.5
1.7774988868051556 | 2 | -0.5
1.9944323357667435 | 2 | -0.5
2.331897571834855 | 2 | -0.5
2.8718977246437527 | 2 | -0.5
4.137972095103193 | 2 | -0.5
7.038659700481212 | 2 | -0.5
6.99032488827894 | 2 | -0.5
7.212740143866542 | 2 | -0.5
3.625898877525525 | 2 | -0.5
2.639199261699704 | 2 | -0.5
2.152511104463968 | 2 | -0.5
1.8599375112344019 | 2 | -0.5
1.699527223720452 | 2 | -0.5
1.6628948006401472 | 2 | -0.5
1.6655492803961482 | 2 | -0.5
1.674199837045207 | 2 | -0.5
1.7797760598501646 | 2 | -0.5
1.9446193686184063 | 2 | -0.5
2.246524619621792 | 2 | -0.5
2.8155007114798813 | 2 | -0.5
4.080832093600913 | 2 | -0.5
4.99754496646243 | 2 | -0.5
4.939164091645138 | 2 | -0.5
5.019145523309423 | 2 | -0.5
5.428097791020996 | 2 | -0.5
6.0775518708211544 | 2 | -0.5
2.32484165465903 | 2 | -0.5
2.0055349759472305 | 2 | -0.5
1.8399208646572665 | 2 | -0.5
1.7800045802152877 | 2 | -0.5
1.7439257604957992 | 2 | -0.5
1.815795047445762 | 2 | -0.5
1.9515305695518508 | 2 | -0.5
2.2740690721672805 | 2 | -0.5
2.9301436429153305 | 2 | -0.5
3.904130164343327 | 2 | -0.5
7.109521401212754 | 2 | -0.5
6.986035729751632 | 2 | -0.5
7.119316481186681 | 2 | -0.5
3.712741105898915 | 2 | -0.5
2.5711132686330473 | 2 | -0.5
2.1425320095562146 | 2 | -0.5
1.7546255504858574 | 2 | -0.5
1.6471966169666157 | 2 | -0.5
1.6386916252567425 | 2 | -0.5
1.6249454769281233 | 2 | -0.5
1.7299724954300233 | 2 | -0.5
1.8410923674513877 | 2 | -0.5
2.143786542888105 | 2 | -0.5
2.569524295931334 | 2 | -0.5
3.344911618055346 | 2 | -0.5
5.141781845340901 | 2 | -0.5
4.925607931994047 | 2 | -0.5
4.930681368931214 | 2 | -0.5
5.185396318554961 | 2 | -0.5
5.6744439408890806 | 2 | -0.5
6.443439325360251 | 2 | -0.5
2.0679126734319953 | 2 | -0.5
1.8774949201828426 | 2 | -0.5
1.789940905333472 | 2 | -0.5
1.7641294437604265 | 2 | -0.5
1.7670075284268802 | 2 | -0.5
1.8723237523339487 | 2 | -0.5
2.093038278296003 | 2 | -0.5
2.4369168204218283 | 2 | -0.5
3.0538303293770634 | 2 | -0.5
4.039096168916659 | 2 | -0.5
7.135591413917213 | 2 | -0.5
6.952799126286799 | 2 | -0.5
7.136873416588921 | 2 | -0.5
3.6223978889294166 | 2 | -0.5
2.805508356398983 | 2 | -0.5
2.3114227787498693 | 2 | -0.5
1.913010719511863 | 2 | -0.5
1.7607525687606596 | 2 | -0.5
1.658934985631355 | 2 | -0.5
1.6490340096496536 | 2 | -0.5
1.683811124112575 | 2 | -0.5
1.7672410305027608 | 2 | -0.5
1.9731250976075463 | 2 | -0.5
2.2995855588249805 | 2 | -0.5
2.8895661411594036 | 2 | -0.5
4.145191239833224 | 2 | -0.5
5.01505003780341 | 2 | -0.5
4.936316094272859 | 2 | -0.5
5.079352413075123 | 2 | -0.5
5.3705344757031614 | 2 | -0.5
5.942828965317474 | 2 | -0.5
2.3583316988366763 | 2 | -0.5
2.024487344861355 | 2 | -0.5
1.8843335638733907 | 2 | -0.5
1.7638352313232728 | 2 | -0.5
1.8251420169653032 | 2 | -0.5
1.815390620117137 | 2 | -0.5
1.91217552626065 | 2 | -0.5
2.12364756220981 | 2 | -0.5
2.4216655763724804 | 2 | -0.5
3.0673370543614156 | 2 | -0.5
4.392749346395655 | 2 | -0.5
7.028342704888935 | 2 | -0.5
6.88855749204382 | 2 | -0.5
7.142754070981613 | 2 | -0.5
3.556363198068723 | 2 | -0.5
2.4544216429243626 | 2 | -0.5
2.029786074803335 | 2 | -0.5
1.7675104124882268 | 2 | -0.5
1.6673010343929424 | 2 | -0.5
1.5519685009092403 | 2 | -0.5
1.5837346415510263 | 2 | -0.5
1.605839930377521 | 2 | -0.5
1.7406609859452706 | 2 | -0.5
1.818300331659476 | 2 | -0.5
2.128650834387869 | 2 | -0.5
2.787608445123416 | 2 | -0.5
3.853454566733094 | 2 | -0.5
5.072990172651125 | 2 | -0.5
4.9611848206698985 | 2 | -0.5
5.106544695046105 | 2 | -0.5
5.430257763503351 | 2 | -0.5
5.959113027380058 | 2 | -0.5
2.4746013726841527 | 2 | -0.5
2.091834063225392 | 2 | -0.5
1.9713345529663482 | 2 | -0.5
1.8790577979941774 | 2 | -0.5
1.8698605500454528 | 2 | -0.5
1.8874759563769472 | 2 | -0.5
1.9528080096017308 | 2 | -0.5
2.182471690786323 | 2 | -0.5
2.4682575387788352 | 2 | -0.5
2.9519125859797195 | 2 | -0.5
3.9435882579763444 | 2 | -0.5
6.951960554621875 | 2 | -0.5
6.967065399950812 | 2 | -0.5
7.025979556449578 | 2 | -0.5
3.520252615857503 | 2 | -0.5
2.5949649139842235 | 2 | -0.5
2.1790362098039884 | 2 | -0.5
1.8349907366883005 | 2 | -0.5
1.6191863030238076 | 2 | -0.5
1.5028516599224189 | 2 | -0.5
1.4868440274052188 | 2 | -0.5
1.5244157127797815 | 2 | -0.5
1.6846095865054413 | 2 | -0.5
1.7812101383466261 | 2 | -0.5
2.026943196937174 | 2 | -0.5
2.69491218386694 | 2 | -0.5
4.27436284041913 | 2 | -0.5
5.016095601097595 | 2 | -0.5
4.932337826444715 | 2 | -0.5
5.135945773582971 | 2 | -0.5
5.56224808282052 | 2 | -0.5
6.311357229045149 | 2 | -0.5
2.3573941725149385 | 2 | -0.5
2.1058630854790845 | 2 | -0.5
1.985878770432225 | 2 | -0.5
1.916252824972543 | 2 | -0.5
1.884378744606015 | 2 | -0.5
1.9633646394698119 | 2 | -0.5
2.051708510044945 | 2 | -0.5
2.331310113843327 | 2 | -0.5
2.7238585069200245 | 2 | -0.5
3.670931657207505 | 2 | -0.5
6.107999968075907 | 2 | -0.5
7.022911149565593 | 2 | -0.5
7.060826502096173 | 2 | -0.5
7.322557253881699 | 2 | -0.5
2.6537246879181335 | 2 | -0.5
2.097440139742241 | 2 | -0.5
1.707877597766902 | 2 | -0.5
1.59154708516379 | 2 | -0.5
1.4914840418609174 | 2 | -0.5
1.4143074085201026 | 2 | -0.5
1.4804347611177429 | 2 | -0.5
1.5679946436137682 | 2 | -0.5
1.6937339084635472 | 2 | -0.5
1.889368338681792 | 2 | -0.5
2.2620173365512026 | 2 | -0.5
3.2061519361329074 | 2 | -0.5
5.011973167869251 | 2 | -0.5
4.8705312203331195 | 2 | -0.5
4.904896383097018 | 2 | -0.5
5.108573232690325 | 2 | -0.5
5.595456577422259 | 2 | -0.5
6.520764421065605 | 2 | -0.5
2.4187346943823003 | 2 | -0.5
2.211072043085347 | 2 | -0.5
2.1065954335574064 | 2 | -0.5
2.0807655154406635 | 2 | -0.5
2.0766907679634645 | 2 | -0.5
2.163146617939103 | 2 | -0.5
2.3574084495796117 | 2 | -0.5
2.6830828449211657 | 2 | -0.5
3.483357288748166 | 2 | -0.5
4.737755510473586 | 2 | -0.5
7.318080936041344 | 2 | -0.5
7.117066900746256 | 2 | -0.5
7.209140704762859 | 2 | -0.5
3.787109127324254 | 2 | -0.5
2.5053283735058893 | 2 | -0.5
1.9280081991929028 | 2 | -0.5
1.6263492594434883 | 2 | -0.5
1.5092505537890575 | 2 | -0.5
1.4169151018358777 | 2 | -0.5
1.4169346655987336 | 2 | -0.5
1.4366082506611273 | 2 | -0.5
1.4497740825923533 | 2 | -0.5
1.5983457038190485 | 2 | -0.5
1.7969025360264061 | 2 | -0.5
2.199034814002663 | 2 | -0.5
3.0252369764718376 | 2 | -0.5
4.635216165502096 | 2 | -0.5
4.8657274165610644 | 2 | -0.5
4.890690682446473 | 2 | -0.5
5.0810931038842115 | 2 | -0.5
5.667719404107942 | 2 | -0.5
6.355393987938481 | 2 | -0.5
2.4562606310493753 | 2 | -0.5
2.2134721989210493 | 2 | -0.5
2.05874788027643 | 2 | -0.5
2.0401869649966726 | 2 | -0.5
1.9866305773498725 | 2 | -0.5
2.077229803511089 | 2 | -0.5
2.177362501561443 | 2 | -0.5
2.43436182567724 | 2 | -0.5
2.9662283098708406 | 2 | -0.5
3.9533980389182926 | 2 | -0.5
6.4631034893297175 | 2 | -0.5
7.035872951782965 | 2 | -0.5
7.0610229345971876 | 2 | -0.5
3.7652573418385105 | 2 | -0.5
2.5963318380843625 | 2 | -0.5
1.8780337940840421 | 2 | -0.5
1.5726293820685822 | 2 | -0.5
1.4182244045530903 | 2 | -0.5
1.3841715962587777 | 2 | -0.5
1.32938122927426 | 2 | -0.5
1.3460978609239442 | 2 | -0.5
1.4473154383092586 | 2 | -0.5
1.550767773720832 | 2 | -0.5
1.7603935396932793 | 2 | -0.5
2.1866660798501782 | 2 | -0.5
2.9889200798089943 | 2 | -0.5
4.598852484954305 | 2 | -0.5
4.866284633490985 | 2 | -0.5
4.920355609629233 | 2 | -0.5
5.206515910982199 | 2 | -0.5
5.779534416194994 | 2 | -0.5
6.585414712115469 | 2 | -0.5
2.4163923321769203 | 2 | -0.5
2.1939138942905494 | 2 | -0.5
2.065141278082994 | 2 | -0.5
2.018922158825955 | 2 | -0.5
2.027205541743835 | 2 | -0.5
2.1005486190559783 | 2 | -0.5
2.261480667739478 | 2 | -0.5
2.6691526568944686 | 2 | -0.5
3.249352572846557 | 2 | -0.5
4.357978015539985 | 2 | -0.5
7.139795192797239 | 2 | -0.5
7.094248401301009 | 2 | -0.5
7.158072566240265 | 2 | -0.5
3.9868137712447673 | 2 | -0.5
2.4998992259498785 | 2 | -0.5
1.9622354227776284 | 2 | -0.5
1.6390612113887124 | 2 | -0.5
1.5178247077446794 | 2 | -0.5
1.4343858060990864 | 2 | -0.5
1.3845717657257037 | 2 | -0.5
1.4052949615097907 | 2 | -0.5
1.4290934964981312 | 2 | -0.5
1.5088402281918143 | 2 | -0.5
1.7132884146120388 | 2 | -0.5
2.0140499559912457 | 2 | -0.5
2.6615884792577793 | 2 | -0.5
3.934148006367292 | 2 | -0.5
4.885927695965271 | 2 | -0.5
4.847200644987972 | 2 | -0.5
5.001558379324812 | 2 | -0.5
5.377512974431339 | 2 | -0.5
6.067304474096667 | 2 | -0.5
7.200341879592894 | 2 | -0.5
2.44741165803288 | 2 | -0.5
2.2463850869790023 | 2 | -0.5
2.127353743577513 | 2 | -0.5
2.06211718957078 | 2 | -0.5
2.219951914852372 | 2 | -0.5
2.390527950129937 | 2 | -0.5
2.7231566209433464 | 2 | -0.5
3.3878845819447436 | 2 | -0.5
4.642352536409547 | 2 | -0.5
7.301204163690145 | 2 | -0.5
7.09153634492307 | 2 | -0.5
7.0786858255313225 | 2 | -0.5
3.5778796846204 | 2 | -0.5
2.4066053859494008 | 2 | -0.5
1.8070934380850743 | 2 | -0.5
1.4816507322609076 | 2 | -0.5
1.366158988733311 | 2 | -0.5
1.2742226036583666 | 2 | -0.5
1.2548284355850057 | 2 | -0.5
1.262191140823279 | 2 | -0.5
1.3506139492045572 | 2 | -0.5
1.4696917421261837 | 2 | -0.5
1.6531117834698428 | 2 | -0.5
2.0332014358203443 | 2 | -0.5
2.892340157177032 | 2 | -0.5
4.866851198633235 | 2 | -0.5
4.781044548554016 | 2 | -0.5
4.8463630780684905 | 2 | -0.5
5.137910373916872 | 2 | -0.5
5.632105126046313 | 2 | -0.5
6.445592377702827 | 2 | -0.5
2.5255290570850657 | 2 | -0.5
2.3221493161680695 | 2 | -0.5
2.169645093239049 | 2 | -0.5
2.1326294100858347 | 2 | -0.5
2.147892620507789 | 2 | -0.5
2.2824639466011702 | 2 | -0.5
2.4961206090895773 | 2 | -0.5
2.830493253293589 | 2 | -0.5
3.6369536021984916 | 2 | -0.5
5.299334374899302 | 2 | -0.5
7.228986858737582 | 2 | -0.5
7.138111348911053 | 2 | -0.5
7.285194264761902 | 2 | -0.5
2.7060515662868645 | 2 | -0.5
2.0143224005069476 | 2 | -0.5
1.7527202580995551 | 2 | -0.5
1.5060591532863645 | 2 | -0.5
1.3420636924897427 | 2 | -0.5
1.3009680655717248 | 2 | -0.5
1.3124662019589772 | 2 | -0.5
1.3526093706645812 | 2 | -0.5
1.4296280734982405 | 2 | -0.5
1.6216855852702468 | 2 | -0.5
1.8993694563495012 | 2 | -0.5
2.498136198121031 | 2 | -0.5
4.277278819806355 | 2 | -0.5
4.799498674948772 | 2 | -0.5
4.77133917334766 | 2 | -0.5
5.04631827874515 | 2 | -0.5
5.416833900067598 | 2 | -0.5
6.164275456739354 | 2 | -0.5
2.5842120639685406 | 2 | -0.5
2.258641777065462 | 2 | -0.5
2.200284874686667 | 2 | -0.5
2.105022081669334 | 2 | -0.5
2.137068009088129 | 2 | -0.5
2.3351343060315326 | 2 | -0.5
2.6139922572487997 | 2 | -0.5
2.961067773783472 | 2 | -0.5
4.0899891963871795 | 2 | -0.5
6.282288118613457 | 2 | -0.5
7.063911382434706 | 2 | -0.5
7.0538021315007295 | 2 | -0.5
7.194887183101782 | 2 | -0.5
2.485865632257952 | 2 | -0.5
1.718150905644938 | 2 | -0.5
1.4765506851143861 | 2 | -0.5
1.3400997073036272 | 2 | -0.5
1.2389422026298975 | 2 | -0.5
1.188478410358218 | 2 | -0.5
1.1806045470769486 | 2 | -0.5
1.2787601700081033 | 2 | -0.5
1.4246650432206083 | 2 | -0.5
1.6011408252994448 | 2 | -0.5
1.981012915129402 | 2 | -0.5
2.8084966439830192 | 2 | -0.5
4.743719948090674 | 2 | -0.5
4.900448644978557 | 2 | -0.5
5.017209898425367 | 2 | -0.5
5.293921154037306 | 2 | -0.5
5.961526588077427 | 2 | -0.5
6.8226544062896926 | 2 | -0.5
2.511650083898323 | 2 | -0.5
2.318620856197341 | 2 | -0.5
2.1797664998147432 | 2 | -0.5
2.156413826291277 | 2 | -0.5
2.204180597469981 | 2 | -0.5
2.305011989874602 | 2 | -0.5
2.519250067653068 | 2 | -0.5
2.898944690196972 | 2 | -0.5
3.648338402102444 | 2 | -0.5
5.524088336649653 | 2 | -0.5
7.048777856230854 | 2 | -0.5
6.9594213457755165 | 2 | -0.5
7.118782394123502 | 2 | -0.5
2.757865681862633 | 2 | -0.5
2.0345071869095785 | 2 | -0.5
1.6414431676611252 | 2 | -0.5
1.3964775037051693 | 2 | -0.5
1.3330468926243098 | 2 | -0.5
1.313285028047086 | 2 | -0.5
1.3025147870956246 | 2 | -0.5
1.3114662332221627 | 2 | -0.5
1.4338189867421 | 2 | -0.5
1.6259492425355129 | 2 | -0.5
1.9446879346480257 | 2 | -0.5
2.570062771712497 | 2 | -0.5
4.129698747803918 | 2 | -0.5
4.84308858723681 | 2 | -0.5
4.870972179611012 | 2 | -0.5
5.126186855983711 | 2 | -0.5
5.579855866277513 | 2 | -0.5
6.560284992718225 | 2 | -0.5
2.614299538979337 | 2 | -0.5
2.3472310175413833 | 2 | -0.5
2.245384590746736 | 2 | -0.5
2.1875618928807876 | 2 | -0.5
2.180536845219965 | 2 | -0.5
2.2719584636956127 | 2 | -0.5
2.4795625495535645 | 2 | -0.5
2.89609691531712 | 2 | -0.5
3.4698161015227695 | 2 | -0.5
5.107377742651291 | 2 | -0.5
7.1879348626489215 | 2 | -0.5
7.051971135481853 | 2 | -0.5
7.231029257924478 | 2 | -0.5
2.727051440061434 | 2 | -0.5
2.0989339575282315 | 2 | -0.5
1.6196315128905503 | 2 | -0.5
1.4343670950936618 | 2 | -0.5
1.3178904826724467 | 2 | -0.5
1.2749176806363618 | 2 | -0.5
1.2523265595401893 | 2 | -0.5
1.293037948202524 | 2 | -0.5
1.4150417469082364 | 2 | -0.5
1.565449220466589 | 2 | -0.5
1.8402579405457913 | 2 | -0.5
2.329272941133561 | 2 | -0.5
3.620329908551204 | 2 | -0.5
4.883418815222575 | 2 | -0.5
4.898380728007482 | 2 | -0.5
5.085849326247203 | 2 | -0.5
5.486067890998728 | 2 | -0.5
6.4169892018466115 | 2 | -0.5
2.686480098429371 | 2 | -0.5
2.34721830183362 | 2 | -0.5
2.2374569647870355 | 2 | -0.5
2.154628548981109 | 2 | -0.5
2.190241759553784 | 2 | -0.5
2.2771113422171827 | 2 | -0.5
2.5445263493934593 | 2 | -0.5
2.9968298714864585 | 2 | -0.5
3.9027459132250732 | 2 | -0.5
5.825764112424951 | 2 | -0.5
7.065486788985256 | 2 | -0.5
7.0109628671717035 | 2 | -0.5
7.252601014350971 | 2 | -0.5
2.445964110335466 | 2 | -0.5
1.8773933268927319 | 2 | -0.5
1.5213621765544185 | 2 | -0.5
1.3836905559432997 | 2 | -0.5
1.2729514705370524 | 2 | -0.5
1.2415720130232157 | 2 | -0.5
1.223596650880356 | 2 | -0.5
1.2752017659821562 | 2 | -0.5
1.3687680777571656 | 2 | -0.5
1.5427019046754997 | 2 | -0.5
1.8319120776975752 | 2 | -0.5
2.490869150378139 | 2 | -0.5
4.15110114742778 | 2 | -0.5
4.877786830096881 | 2 | -0.5
4.960203126623537 | 2 | -0.5
5.211187253231935 | 2 | -0.5
5.756671094732597 | 2 | -0.5
6.515805192939382 | 2 | -0.5
2.6568763873312924 | 2 | -0.5
2.3879752503941165 | 2 | -0.5
2.3344003230253767 | 2 | -0.5
2.2551854573931713 | 2 | -0.5
2.3318512753011835 | 2 | -0.5
2.4020339931929895 | 2 | -0.5
2.60454235119634 | 2 | -0.5
3.012484244098201 | 2 | -0.5
3.700652792820202 | 2 | -0.5
5.250240686195107 | 2 | -0.5
7.131758458393862 | 2 | -0.5
6.991682001665873 | 2 | -0.5
7.1587544833145405 | 2 | -0.5
2.5836247911316774 | 2 | -0.5
1.8819403140788413 | 2 | -0.5
1.531016097784594 | 2 | -0.5
1.314439918973887 | 2 | -0.5
1.2300727295705807 | 2 | -0.5
1.1806509989829261 | 2 | -0.5
1.1747300488562626 | 2 | -0.5
1.1848638579950903 | 2 | -0.5
1.3047460441842569 | 2 | -0.5
1.4403820974300874 | 2 | -0.5
1.6743281420969758 | 2 | -0.5
2.1265224546589967 | 2 | -0.5
3.392352431011531 | 2 | -0.5
4.845556134602639 | 2 | -0.5
4.855366533755167 | 2 | -0.5
5.07512844249312 | 2 | -0.5
5.43672175171371 | 2 | -0.5
6.247955919172335 | 2 | -0.5
2.67554342689914 | 2 | -0.5
2.436516798506561 | 2 | -0.5
2.280422533412775 | 2 | -0.5
2.138425682557548 | 2 | -0.5
2.1475570980800085 | 2 | -0.5
2.229487111861153 | 2 | -0.5
2.4260364050655117 | 2 | -0.5
2.689238789963308 | 2 | -0.5
3.2502197949496625 | 2 | -0.5
4.055997727254992 | 2 | -0.5
6.399545625247983 | 2 | -0.5
7.215383908512948 | 2 | -0.5
7.10815059226445 | 2 | -0.5
7.251060476725637 | 2 | -0.5
3.19357405826069 | 2 | -0.5
2.3184527279871485 | 2 | -0.5
1.7608265675722914 | 2 | -0.5
1.5631538914881016 | 2 | -0.5
1.4423618372389844 | 2 | -0.5
1.3687104613421301 | 2 | -0.5
1.3487110245560177 | 2 | -0.5
1.343128125255438 | 2 | -0.5
1.4168326713370747 | 2 | -0.5
1.5916046742721595 | 2 | -0.5
1.7663699379906597 | 2 | -0.5
2.281040851264167 | 2 | -0.5
3.2149146146588494 | 2 | -0.5
4.955924502351297 | 2 | -0.5
4.866925599753903 | 2 | -0.5
4.942339094054283 | 2 | -0.5
5.22207508689886 | 2 | -0.5
5.812639584167832 | 2 | -0.5
7.1027143931749945 | 2 | -0.5
2.4088960546968976 | 2 | -0.5
2.25355161142828 | 2 | -0.5
2.1933825745145654 | 2 | -0.5
2.194154101434842 | 2 | -0.5
2.2903623006132734 | 2 | -0.5
2.4976338654045276 | 2 | -0.5
3.073376079508529 | 2 | -0.5
3.940520412318333 | 2 | -0.5
5.909554240168275 | 2 | -0.5
7.161821838495968 | 2 | -0.5
7.02756304156311 | 2 | -0.5
7.219651822401081 | 2 | -0.5
2.5345871683294026 | 2 | -0.5
1.8931402474128243 | 2 | -0.5
1.5529902367504371 | 2 | -0.5
1.384609526491577 | 2 | -0.5
1.2925475933410975 | 2 | -0.5
1.2115844162025553 | 2 | -0.5
1.191149333328013 | 2 | -0.5
1.2172373333799593 | 2 | -0.5
1.3133942841318962 | 2 | -0.5
1.4945949752575634 | 2 | -0.5
1.7734635088860173 | 2 | -0.5
2.308965126524755 | 2 | -0.5
3.27580082991229 | 2 | -0.5
4.852950848604691 | 2 | -0.5
4.822259056246682 | 2 | -0.5
4.878421999878988 | 2 | -0.5
5.2633577759873855 | 2 | -0.5
5.917620175420462 | 2 | -0.5
7.065599117825099 | 2 | -0.5
2.4363466756739367 | 2 | -0.5
2.291549891099088 | 2 | -0.5
2.1750041184256865 | 2 | -0.5
2.164935964537262 | 2 | -0.5
2.2194079124358406 | 2 | -0.5
2.3910955452823117 | 2 | -0.5
2.6882453839894205 | 2 | -0.5
3.1679677906375905 | 2 | -0.5
4.268772332836806 | 2 | -0.5
5.928892779613135 | 2 | -0.5
7.194317196736932 | 2 | -0.5
7.172214970686593 | 2 | -0.5
7.32743403162398 | 2 | -0.5
2.5403261214682553 | 2 | -0.5
1.9689999938862333 | 2 | -0.5
1.6603753642893149 | 2 | -0.5
1.423647432421736 | 2 | -0.5
1.3703050735481146 | 2 | -0.5
1.2917483122497249 | 2 | -0.5
1.3010531698648158 | 2 | -0.5
1.3342212646697524 | 2 | -0.5
1.4382716312690935 | 2 | -0.5
1.6394986911817842 | 2 | -0.5
1.9406296413639434 | 2 | -0.5
2.6218408616524256 | 2 | -0.5
4.9056122964715465 | 2 | -0.5
4.781379993113522 | 2 | -0.5
4.859412862091423 | 2 | -0.5
5.143622063468109 | 2 | -0.5
5.59381747475828 | 2 | -0.5
6.489094984073444 | 2 | -0.5
2.6147258517039083 | 2 | -0.5
2.371563744350942 | 2 | -0.5
2.2046018412678974 | 2 | -0.5
2.130552873554909 | 2 | -0.5
2.143119132104418 | 2 | -0.5
2.2770187751961113 | 2 | -0.5
2.456597594876473 | 2 | -0.5
2.877377417800782 | 2 | -0.5
3.5017929262241565 | 2 | -0.5
5.063353608439178 | 2 | -0.5
7.210291626320831 | 2 | -0.5
7.117635559977807 | 2 | -0.5
7.234172660172844 | 2 | -0.5
2.7140351705008126 | 2 | -0.5
2.1362368502295164 | 2 | -0.5
1.712633211212332 | 2 | -0.5
1.4755705425858145 | 2 | -0.5
1.3824541251869666 | 2 | -0.5
1.3281111944756092 | 2 | -0.5
1.3129913650120375 | 2 | -0.5
1.3062982987764318 | 2 | -0.5
1.4373398069490928 | 2 | -0.5
1.6439866950962947 | 2 | -0.5
1.9646987248068515 | 2 | -0.5
2.625123439755881 | 2 | -0.5
4.188543347639956 | 2 | -0.5
4.795415225855809 | 2 | -0.5
4.8287667283935845 | 2 | -0.5
5.038958739231971 | 2 | -0.5
5.529681310218186 | 2 | -0.5
6.439115016016389 | 2 | -0.5
2.482204505610815 | 2 | -0.5
2.2807258661932583 | 2 | -0.5
2.177833911591194 | 2 | -0.5
2.1104267017697858 | 2 | -0.5
2.1234012216389644 | 2 | -0.5
2.2344460388255563 | 2 | -0.5
2.4180165288950963 | 2 | -0.5
2.7504540229433734 | 2 | -0.5
3.4222504932323026 | 2 | -0.5
4.718458424826171 | 2 | -0.5
7.181489944624625 | 2 | -0.5
7.066183202293373 | 2 | -0.5
7.059284671085462 | 2 | -0.5
3.2647212218503148 | 2 | -0.5
2.112261838597927 | 2 | -0.5
1.7241624651627583 | 2 | -0.5
1.4763130150342558 | 2 | -0.5
1.3165657635608234 | 2 | -0.5
1.227555258299247 | 2 | -0.5
1.1999496332941024 | 2 | -0.5
1.202044199244732 | 2 | -0.5
1.2846108996353645 | 2 | -0.5
1.3565553613340917 | 2 | -0.5
1.5629728297908374 | 2 | -0.5
1.9260620552534153 | 2 | -0.5
2.8009273973460043 | 2 | -0.5
4.932906688829984 | 2 | -0.5
4.846476914866774 | 2 | -0.5
4.955692099296795 | 2 | -0.5
5.297614777418971 | 2 | -0.5
5.96743431568303 | 2 | -0.5
7.257843629621994 | 2 | -0.5
2.396609912620335 | 2 | -0.5
2.2226709836007834 | 2 | -0.5
2.1428543194399006 | 2 | -0.5
2.1218533056073436 | 2 | -0.5
2.25444279534825 | 2 | -0.5
2.4037010843467823 | 2 | -0.5
2.639268083939324 | 2 | -0.5
3.1035919408756976 | 2 | -0.5
3.9041180123878356 | 2 | -0.5
5.868873547677585 | 2 | -0.5
7.112711518122819 | 2 | -0.5
7.0224629673748336 | 2 | -0.5
7.197719236043606 | 2 | -0.5
2.5825500142445867 | 2 | -0.5
1.8672967727696113 | 2 | -0.5
1.6005094668778868 | 2 | -0.5
1.403220886879072 | 2 | -0.5
1.266136470210578 | 2 | -0.5
1.2326958530887704 | 2 | -0.5
1.2539006280039826 | 2 | -0.5
1.27580787619521 | 2 | -0.5
1.3182018330963239 | 2 | -0.5
1.5019736526698129 | 2 | -0.5
1.8126099676175578 | 2 | -0.5
2.3674307909084042 | 2 | -0.5
3.6163093488054763 | 2 | -0.5
4.972159323445678 | 2 | -0.5
4.940250656718708 | 2 | -0.5
5.165720187132652 | 2 | -0.5
5.6501438988572055 | 2 | -0.5
6.352373186441583 | 2 | -0.5
2.6815533604480284 | 2 | -0.5
2.3523973714691486 | 2 | -0.5
2.279117504079509 | 2 | -0.5
2.236838727055086 | 2 | -0.5
2.1912408390858573 | 2 | -0.5
2.309479516572808 | 2 | -0.5
2.5410904325847072 | 2 | -0.5
2.8133730136913075 | 2 | -0.5
3.300124859491775 | 2 | -0.5
4.526369105183816 | 2 | -0.5
7.299526782485384 | 2 | -0.5
7.085993363069792 | 2 | -0.5
7.071045670912936 | 2 | -0.5
3.6677623727951403 | 2 | -0.5
2.3916217852291264 | 2 | -0.5
1.7652083775568403 | 2 | -0.5
1.5046240081068603 | 2 | -0.5
1.3217412773798605 | 2 | -0.5
1.2290206135173045 | 2 | -0.5
1.2136712459442651 | 2 | -0.5
1.170325374396286 | 2 | -0.5
1.2126867669697692 | 2 | -0.5
1.352959354498083 | 2 | -0.5
1.4884072977429945 | 2 | -0.5
1.8284328326586836 | 2 | -0.5
2.5542039736802495 | 2 | -0.5
4.499087148168709 | 2 | -0.5
4.73098557821826 | 2 | -0.5
4.787561266367186 | 2 | -0.5
4.954902997050676 | 2 | -0.5
5.472712306687033 | 2 | -0.5
6.274180620085071 | 2 | -0.5
2.631411432382253 | 2 | -0.5
2.383927925591257 | 2 | -0.5
2.184699276638357 | 2 | -0.5
2.14513104406108 | 2 | -0.5
2.158999753113622 | 2 | -0.5
2.1992377875850413 | 2 | -0.5
2.3829891872322038 | 2 | -0.5
2.71918115878396 | 2 | -0.5
3.304700688960279 | 2 | -0.5
4.008982023713493 | 2 | -0.5
6.408263701901501 | 2 | -0.5
7.233071720369683 | 2 | -0.5
7.131090541941001 | 2 | -0.5
4.128065383481282 | 2 | -0.5
2.4343939009138493 | 2 | -0.5
1.8895529171524015 | 2 | -0.5
1.510189656411967 | 2 | -0.5
1.3335763793965072 | 2 | -0.5
1.270059526512071 | 2 | -0.5
1.1727945303127416 | 2 | -0.5
1.1870457563404884 | 2 | -0.5
1.2246432754475862 | 2 | -0.5
1.2734206248983624 | 2 | -0.5
1.4461757544275686 | 2 | -0.5
1.7064714130272993 | 2 | -0.5
2.31966735987851 | 2 | -0.5
3.510714185561274 | 2 | -0.5
4.589119870977737 | 2 | -0.5
4.641630287296935 | 2 | -0.5
4.80208398880326 | 2 | -0.5
5.145774616375306 | 2 | -0.5
5.959015821609689 | 2 | -0.5
7.376286079913531 | 2 | -0.5
2.3576634240087007 | 2 | -0.5
2.1686471685278343 | 2 | -0.5
2.1034043538876315 | 2 | -0.5
2.098859095902469 | 2 | -0.5
2.274572104937113 | 2 | -0.5
2.5133336469135523 | 2 | -0.5
3.008794321420107 | 2 | -0.5
3.978485312556521 | 2 | -0.5
6.26389907371671 | 2 | -0.5
7.254166296190981 | 2 | -0.5
7.208978959983602 | 2 | -0.5
7.432326387320853 | 2 | -0.5
2.7691115955118977 | 2 | -0.5
2.0312567937181223 | 2 | -0.5
1.755586185522375 | 2 | -0.5
1.538395646200851 | 2 | -0.5
1.4258728203178916 | 2 | -0.5
1.3980964789316614 | 2 | -0.5
1.3534649421426093 | 2 | -0.5
1.3921855125120395 | 2 | -0.5
1.5464911957170488 | 2 | -0.5
1.6716898429934484 | 2 | -0.5
2.0190038565428967 | 2 | -0.5
2.8176719228801783 | 2 | -0.5
4.86706812077421 | 2 | -0.5
4.761420894412071 | 2 | -0.5
4.788957327595528 | 2 | -0.5
5.017566911765439 | 2 | -0.5
5.459814467761647 | 2 | -0.5
6.191595689852973 | 2 | -0.5
2.6876023171330043 | 2 | -0.5
2.4452811071889484 | 2 | -0.5
2.2216068307812953 | 2 | -0.5
2.189298850992222 | 2 | -0.5
2.1671729232996877 | 2 | -0.5
2.234106001769539 | 2 | -0.5
2.3734605835069287 | 2 | -0.5
2.607757189411833 | 2 | -0.5
3.069596284683356 | 2 | -0.5
3.87182643880552 | 2 | -0.5
5.349916971208767 | 2 | -0.5
7.323254445794193 | 2 | -0.5
7.224336978969783 | 2 | -0.5
7.409672393838062 | 2 | -0.5
2.7107312834989625 | 2 | -0.5
1.9820505770863472 | 2 | -0.5
1.6806044469371837 | 2 | -0.5
1.5370053503482075 | 2 | -0.5
1.4234733562380582 | 2 | -0.5
1.3500764038295079 | 2 | -0.5
1.3416342492723796 | 2 | -0.5
1.3741644267651698 | 2 | -0.5
1.4682598585637838 | 2 | -0.5
1.6299004892741435 | 2 | -0.5
2.1064936550793294 | 2 | -0.5
2.6649204640022046 | 2 | -0.5
4.244003529252106 | 2 | -0.5
4.734041030817988 | 2 | -0.5
4.763132263625283 | 2 | -0.5
4.915167494292664 | 2 | -0.5
5.496606092517578 | 2 | -0.5
6.38506727770267 | 2 | -0.5
2.501270469643233 | 2 | -0.5
2.2875561540746316 | 2 | -0.5
2.162733726006261 | 2 | -0.5
2.1087439639916217 | 2 | -0.5
2.142339902802742 | 2 | -0.5
2.3220644976820695 | 2 | -0.5
2.5580991540330045 | 2 | -0.5
2.953706883965408 | 2 | -0.5
3.5863151960743203 | 2 | -0.5
4.990766651552781 | 2 | -0.5
7.385079551556535 | 2 | -0.5
7.2780507644213595 | 2 | -0.5
7.456254443948081 | 2 | -0.5
2.9363097234965587 | 2 | -0.5
2.0416002978505317 | 2 | -0.5
1.6837398211559973 | 2 | -0.5
1.5045428399954524 | 2 | -0.5
1.382492350996102 | 2 | -0.5
1.300106195912653 | 2 | -0.5
1.2831446108587705 | 2 | -0.5
1.3483374446279852 | 2 | -0.5
1.4485009663231496 | 2 | -0.5
1.620893291515762 | 2 | -0.5
2.0126193994190444 | 2 | -0.5
2.8110284323444263 | 2 | -0.5
4.689768740559616 | 2 | -0.5
4.5533029610400835 | 2 | -0.5
4.658796557517947 | 2 | -0.5
5.005388760133379 | 2 | -0.5
5.445018685129596 | 2 | -0.5
6.250686583142427 | 2 | -0.5
2.457893830399181 | 2 | -0.5
2.2442768758325973 | 2 | -0.5
2.093838502523241 | 2 | -0.5
2.0419258472216515 | 2 | -0.5
2.0823319526411885 | 2 | -0.5
2.2243825636681387 | 2 | -0.5
2.4371063427949538 | 2 | -0.5
2.8097829188702903 | 2 | -0.5
3.6318585404054895 | 2 | -0.5
5.145498911946296 | 2 | -0.5
7.369028856842386 | 2 | -0.5
7.268886109139216 | 2 | -0.5
7.364500640812273 | 2 | -0.5
3.2373001554527128 | 2 | -0.5
2.190233085151633 | 2 | -0.5
1.6601453668418644 | 2 | -0.5
1.4540520196322924 | 2 | -0.5
1.3703082566112854 | 2 | -0.5
1.3546937813165048 | 2 | -0.5
1.274126335656613 | 2 | -0.5
1.3472278159927245 | 2 | -0.5
1.4539348430103682 | 2 | -0.5
1.602891267600038 | 2 | -0.5
1.820836359958115 | 2 | -0.5
2.5164272940992993 | 2 | -0.5
4.7807140663896535 | 2 | -0.5
4.656103511508559 | 2 | -0.5
4.662692589433836 | 2 | -0.5
4.97407320520685 | 2 | -0.5
5.608080114307134 | 2 | -0.5
6.386157380830585 | 2 | -0.5
2.4836265367787305 | 2 | -0.5
2.256062822713075 | 2 | -0.5
2.1189639644861518 | 2 | -0.5
2.111509730852514 | 2 | -0.5
2.1709100432524004 | 2 | -0.5
2.246863305089198 | 2 | -0.5
2.5121740596054964 | 2 | -0.5
3.0150925409301745 | 2 | -0.5
3.8533597422514134 | 2 | -0.5
5.56433795611509 | 2 | -0.5
7.413111902856939 | 2 | -0.5
7.336736583657651 | 2 | -0.5
7.441396580882942 | 2 | -0.5
3.0226735932183217 | 2 | -0.5
2.1248125543518688 | 2 | -0.5
1.759914472375636 | 2 | -0.5
1.5242432223476121 | 2 | -0.5
1.4145933833007935 | 2 | -0.5
1.3247096544247672 | 2 | -0.5
1.2590790070159397 | 2 | -0.5
1.32118549383091 | 2 | -0.5
1.3839070808691016 | 2 | -0.5
1.4973296986924476 | 2 | -0.5
1.8191214955087134 | 2 | -0.5
2.255080030138189 | 2 | -0.5
2.9867141843236826 | 2 | -0.5
4.713926868666992 | 2 | -0.5
4.641474219469036 | 2 | -0.5
4.737714120620802 | 2 | -0.5
5.082961502430967 | 2 | -0.5
5.9134806368893305 | 2 | -0.5
7.475128359485764 | 2 | -0.5
2.351140080157051 | 2 | -0.5
Total reward: -489.0
