3.5, 0.3, 0.9, 4.5, 2.5, -0.6, -1.5, -2.5, 3.2, -4.2, 0.2, 4.5, -5.5, 3.0, 4.5, -0.1, -4.8, -3.8, -1.5, 2.5, -2.5, -2.5, -1.0, -4.5, 2.2, -3.0, -0.5, 5.3, 1.8, 3.2, 6.0, 2.0, -4.0, 5.8, 2.2, 0.3
parameter ends

state | action | reward
[1.25] | [10.18  2.51  1.43] | 0.9582746615370844
1.2519821164257106 | [21.52  5.48 -3.57] | 0.5596168490486634
1.2508450947867276 | [11.47  2.36  2.25] | 0.894995382093178
1.249106292961808 | [19.22  4.62 -3.71] | 0.6183016482674808
1.246754790079191 | [10.33  1.75  2.41] | 0.9001146772655454
1.2437828144898082 | [18.72  4.13 -3.38] | 0.6337165131326823
1.240186680809636 | [10.19  1.34  2.84] | 0.8984431027442834
1.2359637456752923 | [18.77  3.76 -2.9 ] | 0.6376127000698412
1.2311134754193036 | [10.32  0.97  3.33] | 0.8946396144273968
1.225635071296698 | [18.93  3.4  -2.4 ] | 0.6388456301586929
1.219543538556326 | [10.21  0.56  3.91] | 0.945818961887074
1.2141206015271218 | [14.67  2.01 -1.27] | 0.9095019535753418
1.2098852548749517 | [ 4.48 -1.08  5.63] | 1.0445485210727468
1.2065010588304983 | [ 4.8  -0.29 -0.86] | 1.0157445482741247
1.2037824981797571 | [-4.64 -3.07  4.74] | 0.8801445102089739
1.2014524521280299 | [-1.15  4.39  3.83] | 0.8627973334890834
1.1999085536901337 | [ 9.78 13.97  6.59] | 0.7656128478630617
1.1991296049384315 | [18.14 10.78 -3.93] | 0.8777167601312343
1.1992428506491732 | [12.75  3.18 -2.87] | 1.3396550710252824
1.200084143653312 | [ 8.86 -3.95 -2.34] | 1.4400292548024052
1.2015607868886342 | [ -1.05 -12.65  -6.07] | 1.1238713066030113
1.2038777086224353 | [-8.33 -8.33  3.18] | 0.9222587161300123
1.2065201037823916 | [-2.55 -0.48  1.72] | 0.9084277556508124
1.208487791975312 | [4.45 7.52 1.64] | 0.8902000042784054
1.2095817269450528 | [17.43  5.35 -9.02] | 0.745839480155019
1.2102471841105078 | [13.78 -1.94 -8.3 ] | 0.9333502457157707
1.2109989997009625 | [  2.35 -10.67 -10.86] | 0.7434256532180763
1.2122258446466658 | [-5.86 -5.54  0.19] | 0.653121482408642
1.213766678126597 | [-5.76  0.62  3.2 ] | 0.5756407316248595
1.2147934304621921 | [ 6.4  10.13  4.99] | 0.5654642953051876
1.2150305844770903 | [19.45  9.72 -4.  ] | 0.40999821666937336
1.2149579596462112 | [15.86  4.16 -1.27] | 0.7657372442070103
1.2147913430783752 | [12.69  1.67  5.32] | 0.9559519295651666
1.214141904732867 | [26.15  5.87  1.6 ] | 0.5639791012435258
1.2126845757781366 | [39.43  9.72 -2.3 ] | -0.21523557367905033
1.21109469395519 | [31.6   6.76  4.66] | 0.607478090012918
1.2106605867765918 | [38.1   8.23 -0.31] | 0.38171261916272603
1.2111909440846735 | [35.04  6.76  2.97] | 0.4916062128451151
1.21219640235325 | [26.81  6.05 -5.62] | 0.6994974066298895
1.2136037248583877 | [10.39  2.02 -0.77] | 1.1833127152992957
1.2150728478250765 | [ 0.26 -0.68  3.46] | 1.1865058550340544
1.2163206538931155 | [ 5.02  1.29 -2.63] | 1.1259254652215493
1.2172498597320045 | [-2.34 -1.36  3.8 ] | 1.0449276327350285
1.2177809170586265 | [1.59 5.85 3.17] | 1.0586552832438771
1.21796556052647 | [12.16  3.   -7.48] | 1.088484521105157
1.217916591926081 | [ 6.35 -5.13 -6.76] | 1.173897285930003
1.217579141690978 | [-6.47 -6.86  0.41] | 1.0081621246207542
1.2169506667307628 | [-7.23 -1.21  3.25] | 0.8525886921316328
1.215726893529174 | [-3.21  5.86  2.53] | 0.8186037892908096
1.213493981091014 | [10.67 15.84  5.26] | 0.6536667414743205
1.2109933083422844 | [19.6  12.71 -5.36] | 0.7125622922237707
1.209084270151539 | [13.88  4.87 -4.03] | 1.2514730992303682
1.2076373237903917 | [ 8.58 -2.87 -2.8 ] | 1.4533677605541573
1.2062454966721339 | [ -5.02 -13.32  -4.93] | 1.157561388080163
1.2047468557529206 | [-13.5   -9.61   4.71] | 0.8145121675864111
1.2040247114149882 | [-5.16 -0.59  2.1 ] | 0.8878380554922505
1.2031681600305566 | [3.2  8.09 0.94] | 0.8767682721465707
1.2017638536789519 | [15.65  5.84 -9.95] | 0.7633299824025582
1.2004114071782397 | [ 12.9   -0.8  -10.17] | 0.9046769177350427
1.1998114767157066 | [  3.63  -9.28 -13.75] | 0.7670666641515005
1.2000037123354468 | [ -5.53 -17.62 -17.96] | 0.15602691744758523
1.2010307870523234 | [-12.06  -9.7   -5.15] | 0.21757539034755563
1.2029226452407047 | [-18.36  -4.31   4.53] | -0.14668607782651427
1.2047594305653164 | [-12.16   3.36   3.02] | 0.009278831765965473
1.205529254759473 | [ 1.96 13.42  5.32] | 0.11269019434354138
1.205648217854459 | [14.84 11.36 -5.75] | 0.13283711705962425
1.2058358161374174 | [10.86  4.2  -5.28] | 0.5195680729553517
1.2066163896306048 | [ 6.95 -2.87 -5.  ] | 0.596982858789686
1.2072146209606267 | [-5.32 -3.32  3.68] | -0.5508709302936882
Total reward: 52.269744539099044
3.5, 0.3, 0.9, 4.5, 2.5, -0.6, -1.5, -2.5, 3.2, -4.2, 0.2, 4.5, -5.5, 3.0, 4.5, -0.1, -4.8, -3.8, -1.5, 2.5, -2.5, -2.5, -1.0, -4.5, 2.2, -3.0, -0.5, 5.3, 1.8, 3.2, 6.0, 2.0, -4.0, 5.8, 2.2, 0.3
parameter ends

state | action | reward
[1.25] | [10.14  2.56  1.42] | 0.940050943063229
1.247717673426022 | [18.83  1.61 -7.91] | 0.6297231291204308
1.2465959799674873 | [10.43  0.77  0.43] | 0.9125386001225895
1.2449254420131235 | [14.18  2.73 -0.85] | 0.7966561370624604
1.2426840635821887 | [7.07 0.83 4.97] | 0.927838381408697
1.239799567740858 | [15.65  3.45 -0.6 ] | 0.7499689855237239
1.2362399510103053 | [10.65  1.77  3.26] | 0.8857734909743467
1.232003894329277 | [19.21  4.17 -2.51] | 0.6202549238196565
1.2271409419101187 | [10.71  1.32  3.66] | 0.8832948220181542
1.22165054068742 | [19.27  3.68 -2.15] | 0.624942574500706
1.2155624667410148 | [10.31  0.74  4.14] | 0.9448722911183487
1.2102360133246182 | [14.8   2.14 -1.08] | 0.9097988170939018
1.2060839007850168 | [ 4.55 -1.01  5.74] | 1.0469301632944
1.2027962155619671 | [ 5.51  0.06 -1.02] | 0.9912443559147397
1.2009154178575956 | [ 1.43 -0.37  3.57] | 0.962537894268393
1.200155037460064 | [ 6.57  1.59 -2.96] | 0.961755841516198
1.2001447450400384 | [5.36 1.08 3.11] | 1.11575585124324
1.2007075283703736 | [15.49  3.54 -1.68] | 1.0569416025920422
1.2016424824148073 | [12.43  2.08  5.15] | 1.2753752557194884
1.2028118168400141 | [21.17  4.26  0.08] | 0.9698989650403866
1.2040670605680528 | [14.99  3.02 -1.34] | 1.0503261148896188
1.205313105278092 | [ 3.84 -0.01  4.  ] | 1.1919907707881785
1.2063344230000952 | [ 9.86  1.91 -1.98] | 1.070737344160937
1.2073916165381782 | [3.04 0.28 3.26] | 1.1241666292201158
1.2084172981740293 | [10.58  2.4  -2.57] | 1.0106193460823591
1.2093602117787488 | [4.18 0.72 2.86] | 1.0987665201564647
1.210201851910169 | [12.09  2.88 -2.94] | 0.9802649354812926
1.210690214178713 | [4.53 0.48 3.04] | 1.1170099325177734
1.210929324674457 | [12.33  2.63 -2.71] | 0.9766360291087868
1.2111323769506224 | [6.1  1.04 2.64] | 1.0878286292680273
1.2112955957592706 | [13.88  3.17 -3.14] | 0.9188952940342966
1.2113823045465462 | [7.32 1.45 2.27] | 1.051714319921849
1.211259715336465 | [15.34  3.68 -3.5 ] | 0.8647205031577492
1.2108024503321295 | [7.55 1.25 2.48] | 1.0699888048937019
1.2102698943777341 | [14.64  3.23 -3.23] | 0.9000871101615749
1.2098595389715578 | [8.15 1.58 2.08] | 1.0559616967057355
1.2095806440446817 | [15.18  3.55 -3.62] | 0.8779373101059629
1.2093706458850664 | [8.3 1.7 1.9] | 1.0569686032887247
1.2092304177037592 | [15.31  3.67 -3.78] | 0.8921579568888098
1.2089495915007527 | [6.89 0.92 2.57] | 1.1179760438168995
1.208485183780659 | [13.88  2.9  -3.07] | 0.9618386812857559
1.2081988528295295 | [7.44 1.29 2.23] | 1.1036119189567046
1.2080696070976236 | [14.44  3.25 -3.45] | 0.9378836468060681
1.2080479896583127 | [7.73 1.49 1.97] | 1.0989044684344342
1.2081226770266407 | [14.77  3.46 -3.73] | 0.9424682632497161
1.2080393615583318 | [6.36 0.71 2.6 ] | 1.1563919349397789
1.2077492252862023 | [13.39  2.7  -3.06] | 1.006892252591198
1.20760834039681 | [6.99 1.09 2.22] | 1.141338193824145
1.2075988579369366 | [14.08  3.07 -3.48] | 0.9805706564522829
1.2076492598676687 | [7.28 1.24 1.98] | 1.1395794343081587
1.2077479273490297 | [14.4   3.23 -3.73] | 0.9875760623267966
1.2076587053851373 | [6.12 0.54 2.51] | 1.1891441575875221
1.2073778543924694 | [13.2   2.53 -3.17] | 1.0402189662693242
1.2072336232862577 | [6.89 0.97 2.06] | 1.1713840620061733
1.207213596345027 | [14.05  2.96 -3.66] | 1.0068350754524438
1.207262955902268 | [7.45 1.24 1.67] | 1.1621648351629235
1.2073798998099394 | [14.62  3.23 -4.06] | 0.9976650272037773
1.2073480016892046 | [6.57 0.67 2.04] | 1.2047376012882371
1.207108734990793 | [13.71  2.67 -3.65] | 1.0437018450252658
1.2069693304799547 | [7.27 1.04 1.62] | 1.190099588519365
1.206926384263008 | [14.45  3.03 -4.1 ] | 1.018667077348196
1.2068853224792135 | [7.5  1.1  1.41] | 1.1942797458785581
1.2068530727421856 | [14.67  3.09 -4.31] | 1.0322095515465086
1.2066137168559625 | [6.39 0.41 1.92] | 1.2452808918968101
1.2061738630513341 | [13.47  2.4  -3.78] | 1.087545427844209
1.2058726528069426 | [7.22 0.85 1.4 ] | 1.2288873442006647
1.2057015507784805 | [14.37  2.83 -4.33] | 1.054615201539514
1.20560358783346 | [7.82 1.13 0.96] | 1.221134637195955
1.2055755716030494 | [14.7   3.02 -4.54] | 1.0433432350867695
1.205571119627555 | [7.95 1.21 0.84] | 1.21718814741673
1.2055823008266946 | [13.93  2.83 -3.93] | 1.0810255656865226
1.205357203377397 | [6.1  0.39 2.02] | 1.262118372472193
1.2050208993088471 | [13.29  2.39 -3.72] | 1.1067381907007032
1.2047778317192432 | [7.03 0.82 1.42] | 1.2459754356048531
1.204625725733745 | [14.3   2.82 -4.34] | 1.071294715073312
1.20451095869158 | [7.75 1.11 0.92] | 1.2358937630281754
1.2044334370693723 | [14.42  2.92 -4.36] | 1.0652561982369446
1.204361092236122 | [7.75 1.15 0.94] | 1.2347136182867835
1.2043023077617174 | [14.59  3.01 -4.46] | 1.0753768968884334
1.2039826345342812 | [6.51 0.43 1.6 ] | 1.282667169127218
1.2034768870213608 | [13.72  2.44 -4.14] | 1.1174328934255553
1.2030637793809955 | [7.45 0.86 0.99] | 1.2682083854888164
1.2027457663683854 | [14.62  2.83 -4.7 ] | 1.0872432086252537
1.202469977140721 | [8.07 1.12 0.53] | 1.2494146422938628
1.2022021168626926 | [11.81  2.03 -2.4 ] | 1.152284287357407
1.2020109143099258 | [5.74 0.58 2.48] | 1.2525774809042773
1.2018926791133475 | [13.18  2.61 -3.36] | 1.1007415623384886
1.2017987549321363 | [6.9  1.02 1.66] | 1.2364287113955843
1.201732073223569 | [14.39  3.06 -4.15] | 1.0580468741258642
1.201643099510767 | [7.84 1.34 1.02] | 1.225175644294098
1.2015497888913487 | [15.27  3.37 -4.78] | 1.0287000414797463
1.2014021768284209 | [8.49 1.53 0.54] | 1.2069300966235585
1.2011877279519245 | [12.42  2.5  -2.47] | 1.1018446345380024
1.2009807905945784 | [6.18 0.94 2.49] | 1.2008148975484252
1.2006188239630224 | [14.42  3.24 -3.29] | 1.010421342022739
1.200119793412049 | [7.96 1.56 1.68] | 1.1739929581629767
1.199695526407726 | [15.17  3.5  -4.15] | 0.9932245309386278
1.1992938148263514 | [8.53 1.74 1.03] | 1.1795952319308483
1.1989420905184647 | [15.73  3.69 -4.75] | 0.9907188130308804
1.1984862932681533 | [8.26 1.46 0.95] | 1.2141184434052583
1.1979408837783023 | [15.01  3.29 -4.47] | 1.0513092362690166
1.1972365117744173 | [7.4  0.98 1.34] | 1.2608284249585877
1.1965122208232621 | [14.53  2.92 -4.39] | 1.089474286737534
1.1958999389462701 | [8.08 1.26 0.72] | 1.2559485594696576
1.1953781178278797 | [13.12  2.56 -3.35] | 1.1330063974052038
1.1949552940164285 | [6.85 0.98 1.59] | 1.2727060345129764
1.1946287559308113 | [14.14  2.95 -4.2 ] | 1.1060113022462672
1.1943373847738274 | [7.63 1.24 0.9 ] | 1.271234906911428
1.1940808785867452 | [14.18  2.99 -4.28] | 1.1098373244018014
1.19382599454825 | [7.6  1.24 0.86] | 1.2762828936414856
1.1935743005562816 | [13.9   2.91 -4.08] | 1.122437047604979
1.193308087362275 | [7.34 1.16 1.04] | 1.2863693962452287
1.1930419291448762 | [14.75  3.16 -4.76] | 1.1134991003682677
1.192527405443816 | [7.02 0.76 1.03] | 1.3243120824462593
1.1918557165660033 | [14.36  2.76 -4.73] | 1.1476967206337678
1.1912159528135486 | [7.92 1.07 0.36] | 1.3010798468591156
1.190617304469665 | [10.69  1.72 -1.7 ] | 1.2267781699287075
1.1901430948758307 | [4.91 0.38 2.85] | 1.3065074784788284
1.189751392259596 | [12.48  2.42 -3.02] | 1.1706072987217817
1.1893891758716666 | [6.48 0.94 1.7 ] | 0.27513834482760985
Total reward: 129.13710430941188
3.5, 0.3, 0.9, 4.5, 2.5, -0.6, -1.5, -2.5, 3.2, -4.2, 0.2, 4.5, -5.5, 3.0, 4.5, -0.1, -4.8, -3.8, -1.5, 2.5, -2.5, -2.5, -1.0, -4.5, 2.2, -3.0, -0.5, 5.3, 1.8, 3.2, 6.0, 2.0, -4.0, 5.8, 2.2, 0.3
parameter ends

state | action | reward
[1.25] | [10.17  2.59  1.42] | 0.9744382625257384
1.2479884311408787 | [20.5   1.51 -7.96] | 0.5921917247553743
1.2468867502333802 | [11.08  0.71  0.38] | 0.9058748310389512
1.2452613328720878 | [13.85  2.55 -0.59] | 0.8073426251831548
1.2430501748507594 | [8.71 1.36 3.68] | 0.9117531188457368
1.2401686403099126 | [17.21  4.   -1.84] | 0.6840099549803702
1.2366629109112357 | [8.72 1.27 4.43] | 0.9014571117565229
1.2325300919065527 | [17.31  3.67 -1.35] | 0.6843167143986613
1.227769543292107 | [8.87 0.83 4.8 ] | 0.8976395408286314
1.2223807909521427 | [17.45  3.18 -1.04] | 0.6855525522001892
1.21636387494895 | [9.03 0.33 5.11] | 0.9344026251571768
1.2107312020949434 | [13.78  1.79 -0.14] | 0.938470716942702
1.2063531863827701 | [9.94 0.62 1.59] | 1.1146776558429587
1.2031155814096748 | [14.85  2.14 -3.57] | 1.0043777407621004
1.201248083677759 | [7.73 0.64 1.71] | 1.1890283653880025
1.2004370238509061 | [13.45  2.33 -3.67] | 1.0692439599180745
1.2004284426557192 | [6.53 0.67 1.7 ] | 1.2250292516699237
1.2009702035883563 | [12.92  2.51 -3.85] | 1.0929612458610636
1.2018784969584764 | [6.08 0.72 1.64] | 1.2376165019473369
1.2029854308424877 | [12.93  2.66 -4.01] | 1.0938299948314776
1.2041870089329128 | [5.97 0.73 1.59] | 1.241423593275635
1.2054057797412652 | [13.11  2.74 -4.12] | 1.1028341449632015
1.2064149387960128 | [ 4.77 -0.02  2.15] | 1.2777816391333485
1.2071252515746977 | [11.61  1.97 -3.66] | 1.1657363407976093
1.2075821679097003 | [ 3.67 -0.71  2.71] | 1.2547600391555631
1.2077137186210813 | [ 7.79  0.86 -3.84] | 1.1996752759073617
1.2078234952014306 | [6.16 0.09 2.49] | 1.2907762779806833
1.2079271698057426 | [13.3   2.08 -3.32] | 1.2173452632658186
1.2079682135109184 | [9.64 0.72 2.86] | 1.293702165341667
1.2080311391787748 | [14.54  2.33 -3.44] | 1.1092479500932517
1.2082171145137774 | [6.99 0.58 1.5 ] | 1.2458000214079734
1.2084818775804835 | [13.76  2.54 -4.4 ] | 1.0659858055698306
1.2087619226223565 | [6.99 0.83 0.88] | 1.2129833253875155
1.2090334143253143 | [13.48  2.61 -4.2 ] | 1.050932620289898
1.2092752742705193 | [6.92 0.9  1.15] | 1.1993065715482338
1.2094979884200605 | [14.42  2.97 -4.63] | 1.0217293961628562
1.20954630816333 | [7.12 0.81 1.12] | 1.2095205887202454
1.2094731138340338 | [14.54  2.87 -4.61] | 1.0379146742211363
1.2091807760533921 | [7.01 0.58 1.28] | 1.2295392659494448
1.2088134537208752 | [14.29  2.61 -4.43] | 1.0494279010080545
1.2085122135515456 | [7.91 1.   0.86] | 1.2063106091051303
1.208274187310976 | [14.09  2.68 -4.  ] | 1.0456238813813747
1.2080868862359264 | [7.63 1.03 1.24] | 1.2006739143164586
1.2079650736796883 | [14.9   3.04 -4.51] | 1.0133350594084587
1.2078604124772225 | [8.2  1.27 0.86] | 1.1875992817652599
1.2077746667664349 | [14.38  2.95 -4.05] | 1.0389035350173574
1.2074847242667992 | [6.78 0.65 1.8 ] | 1.2231843712054487
1.207134109871401 | [13.98  2.66 -3.93] | 1.054494564448318
1.2068637447280404 | [7.59 1.04 1.29] | 1.2073624896972173
1.206680793901734 | [14.82  3.03 -4.45] | 1.0234447794341772
1.2065336364854562 | [8.15 1.28 0.88] | 1.1972357953797435
1.2064239841808795 | [14.49  3.   -4.17] | 1.0428586072003836
1.2061539242801937 | [6.98 0.75 1.62] | 1.230996041598504
1.2058286752152148 | [14.17  2.75 -4.11] | 1.0598112966462585
1.205575123595764 | [7.69 1.08 1.13] | 1.2202970810120128
1.2054007599113536 | [14.89  3.07 -4.61] | 1.04167883069644
1.2051593496160908 | [7.7  1.   1.01] | 1.2366299107595105
1.2049020425873727 | [14.87  2.99 -4.72] | 1.0653314538981051
1.2044870342587886 | [7.25 0.68 1.15] | 1.2689632069762085
1.2040416263194849 | [14.35  2.65 -4.57] | 1.0937564671651863
1.2036925613611649 | [7.88 0.99 0.66] | 1.2524611085038386
1.2034059591214166 | [12.52  2.19 -3.03] | 1.1367548172290352
1.2032120265038446 | [6.31 0.66 1.97] | 1.256070364692602
1.2031072981242958 | [13.62  2.67 -3.84] | 1.0955862687481803
1.2030387762706407 | [7.19 1.01 1.31] | 1.2452829730373731
1.2030086845436034 | [14.57  3.03 -4.48] | 1.0639116693999058
1.2029649769307293 | [7.89 1.25 0.8 ] | 1.2333820227906738
1.2029033591921106 | [13.75  2.8  -3.78] | 1.0844489505249078
1.202826262360897 | [7.18 1.08 1.42] | 1.2376164715962958
1.202749995236548 | [14.6   3.11 -4.38] | 1.0681914732369262
1.2024341584165246 | [6.88 0.72 1.46] | 1.2677722785948997
1.201967417922614 | [14.21  2.74 -4.29] | 1.0931162402983023
1.2015442845953785 | [7.78 1.08 0.87] | 1.2530298842998837
1.2011676170405805 | [14.12  2.79 -4.11] | 1.0929923586895967
1.200819718039771 | [7.64 1.11 1.03] | 1.2552243578290168
1.2005170016374775 | [14.96  3.1  -4.76] | 1.0676646963936571
1.2002082101145894 | [8.26 1.31 0.51] | 1.2392282957805307
1.1998724603759514 | [11.9   2.19 -2.31] | 1.144382947046879
1.1995889702903768 | [5.77 0.69 2.55] | 1.2482313503970748
1.1993602122131006 | [13.26  2.72 -3.29] | 1.0968080355485414
1.1991412224090223 | [6.95 1.12 1.72] | 1.23541667541842
1.198942343478045 | [14.45  3.15 -4.1 ] | 1.0580070744532306
1.1987159302197046 | [7.89 1.42 1.04] | 1.2277108058439843
1.198485522123499 | [15.32  3.43 -4.76] | 1.032341020370681
1.1982015490564386 | [8.55 1.59 0.52] | 1.2125971951162957
1.1978579563132936 | [12.37  2.52 -2.4 ] | 1.1116440128894798
1.1975328418890006 | [6.16 0.97 2.49] | 1.2104806724393804
1.1970631485919443 | [14.41  3.27 -3.27] | 1.0214042937476286
1.1964640023503248 | [7.98 1.6  1.64] | 1.1865292621826071
1.1959469420487376 | [15.18  3.53 -4.19] | 1.00714054622958
1.1954575913698553 | [8.57 1.77 0.93] | 1.1936280699769442
1.1950179512376908 | [15.25  3.56 -4.45] | 1.0165433722781405
1.1945867662993221 | [8.54 1.74 0.78] | 1.2040102603861111
1.19417363708166 | [14.08  3.18 -3.65] | 1.071099449312103
1.1936306539073511 | [6.96 1.13 1.8 ] | 1.2460638302266083
1.1930919481396003 | [14.25  3.1  -3.97] | 1.0805603267711956
1.1925985329987663 | [7.76 1.39 1.11] | 1.249843196950593
1.1921649779087042 | [15.02  3.35 -4.67] | 1.071167931999135
1.1916626106623458 | [7.94 1.32 0.76] | 1.2663559990343365
1.1911157328654207 | [13.41  2.74 -3.57] | 1.134115551049016
1.1906195055725564 | [7.04 1.1  1.41] | 1.2841963395898097
1.19018054573759 | [14.38  3.07 -4.38] | 1.1126930547607878
1.189742005644461 | [7.79 1.31 0.73] | 1.2816971715633325
1.189303632273955 | [13.15  2.68 -3.46] | 0.1535882545002715
Total reward: 115.18011946385282
3.5, 0.3, 0.9, 4.5, 2.5, -0.6, -1.5, -2.5, 3.2, -4.2, 0.2, 4.5, -5.5, 3.0, 4.5, -0.1, -4.8, -3.8, -1.5, 2.5, -2.5, -2.5, -1.0, -4.5, 2.2, -3.0, -0.5, 5.3, 1.8, 3.2, 6.0, 2.0, -4.0, 5.8, 2.2, 0.3
parameter ends

state | action | reward
[1.25] | [10.24  2.6   1.38] | 0.9659379226021115
1.2486590947578007 | [20.99  3.25 -6.12] | 0.5782084119742517
1.2475564096970913 | [11.32  1.44  1.12] | 0.9017514095057105
1.2458546386009797 | [19.25  4.38 -4.09] | 0.6090653436281088
1.2435420949666045 | [10.45  1.86  2.41] | 0.8885407195598566
1.2406101656610304 | [18.88  4.39 -3.22] | 0.6173451024617505
1.237054586833794 | [10.35  1.64  3.04] | 0.8834361855431279
1.2328723914897728 | [18.93  4.06 -2.7 ] | 0.6209768877815733
1.2280628764685382 | [10.47  1.25  3.5 ] | 0.8805481874263108
1.2226251099814778 | [19.07  3.64 -2.27] | 0.6238688544684214
1.2165885986859148 | [10.15  0.73  4.05] | 0.9413984667686922
1.211305137988388 | [14.7   2.15 -1.16] | 0.9065655662208413
1.20718596506842 | [ 4.5  -0.97  5.68] | 1.0459555006361694
1.2039052478812216 | [ 4.97 -0.19 -0.82] | 1.0167716028398919
1.2014991636051509 | [-0.85 -1.36  3.36] | 0.892496156871349
1.2002740377219434 | [3.39 5.54 0.95] | 0.9166865131144188
1.1997237870592952 | [12.02  2.31 -9.29] | 0.9481997950079383
1.1998819170143415 | [ 8.42 -2.81 -6.62] | 1.0008035452759696
1.2007576181637019 | [-0.23 -1.86 -0.15] | 0.8915024960405205
1.2022040577539932 | [-2.76 -0.15  0.4 ] | 0.7348646219020403
1.2036195990494554 | [2.07 7.33 3.95] | 0.7380072690731863
1.2046686938753213 | [13.04  5.31 -6.28] | 0.7827149108697784
1.2056839031903184 | [ 9.79 -0.25 -3.89] | 0.9164975405718722
1.206903140754096 | [ 3.23 -0.19  2.9 ] | 0.9477206705868194
1.2079387631803788 | [10.24  2.69 -2.34] | 0.8902972120666556
1.2087291572311831 | [8.42 2.17 4.74] | 1.0201425244198903
1.2092823979011555 | [21.88  5.84  0.32] | 0.7716919784520784
1.2096134069211053 | [26.28  6.61 -0.53] | 0.7242631202415093
1.2102930316181708 | [24.58  5.39  3.97] | 0.9947563186165724
1.2112581323540232 | [33.74  7.53 -0.72] | 0.6176903799425477
1.2124283678232608 | [26.31  4.99  4.18] | 0.8793721015893411
1.2135602277678934 | [22.15  5.1  -3.9 ] | 0.8488951752179836
1.21478340325946 | [7.45 1.28 1.11] | 1.2003557522568034
1.2158799407340872 | [12.6   3.16 -4.96] | 1.0129555265651846
1.2167605605773246 | [3.06 0.25 1.15] | 1.1772552360283917
1.2173029817365377 | [10.62  2.46 -4.47] | 1.05588809702246
1.2175204239402138 | [ 2.56 -0.23  1.9 ] | 1.1736375562089787
1.2173738136024617 | [ 8.93  1.73 -4.07] | 1.0957825132018515
1.2168814601228695 | [ 2.31 -0.7   2.63] | 1.1576472203563442
1.2160367162571788 | [ 6.41  0.84 -3.9 ] | 1.128189127652356
1.2148488819641259 | [ 2.48 -1.1   3.46] | 1.1623477292698854
1.2133268789651763 | [ 4.88  0.08 -3.46] | 1.0945707924658197
1.2115688190520475 | [-2.7  -2.53  3.01] | 1.0189064768437113
1.2094755952697922 | [0.57 4.47 2.44] | 1.053378998730715
1.2072968039583305 | [10.63  4.15 -5.34] | 1.1238247310849694
1.205658834916906 | [ 8.15 -2.46 -5.45] | 1.1927949482469107
1.2049050235299934 | [ -0.86 -10.16  -9.08] | 0.877525244182457
1.2053271980015867 | [-7.49 -5.17  0.05] | 0.7063932884747142
1.2066830599391685 | [-7.12  1.34  3.11] | 0.6403670652437314
1.2078794925873806 | [ 7.1  11.53  5.25] | 0.6378844417041849
1.2083097458245788 | [20.01  9.37 -5.75] | 0.5223515693123661
1.2084248537527333 | [16.32  2.11 -5.3 ] | 0.9189407532626024
1.2086812620248726 | [13.26 -4.41 -4.6 ] | 0.953781649774195
1.2092821415692099 | [ 4.03 -2.    3.86] | 0.9402976356687182
1.2097740709380098 | [ 8.03  1.81 -0.83] | 0.8774680950109605
1.2099717798618932 | [8.17 2.64 5.66] | 0.947911943348607
1.2099979597746908 | [21.64  6.58  1.36] | 0.6825592234575256
1.209238828044743 | [34.95 10.18 -2.94] | 0.008990888358427318
1.208218409746717 | [28.56  7.45  4.16] | 0.6681918248945434
1.2079691280640017 | [36.25  9.06 -0.83] | 0.36819626416033713
1.208363002061552 | [31.27  6.65  5.68] | 0.7488428915490302
1.209031643895317 | [27.58  6.53 -2.1 ] | 0.6917525332033597
1.2101022093025386 | [9.64 2.07 2.1 ] | 1.2185982193031977
1.2113079761907837 | [12.94  3.58 -4.39] | 1.0385351304293007
1.212472876550568 | [2.52 0.49 1.48] | 1.196589700764618
1.213385930918982 | [ 9.71  2.61 -4.24] | 1.0876689724234587
1.2140088104764732 | [ 1.48 -0.14  2.05] | 1.1949709014801773
1.2142683890829593 | [ 8.33  1.88 -3.85] | 1.1287739736693443
1.2141711212248858 | [ 1.43 -0.63  2.73] | 1.183946979028884
1.2137034552907198 | [ 5.98  0.98 -3.77] | 1.1551867954053825
1.2128422940422938 | [ 1.72 -1.03  3.47] | 1.1806824661592388
1.2116020211009257 | [ 4.31  0.19 -3.5 ] | 1.1220888735943888
1.2100825885152893 | [-2.71 -2.34  3.05] | 1.049936152352179
1.2082148003578603 | [0.69 4.72 2.42] | 1.0866435677374064
1.2061928143157132 | [10.78  3.62 -6.19] | 1.173024541306248
1.20424853939597 | [ 5.85 -4.19 -4.94] | 1.2991982037559764
1.2026690754821654 | [-2.97 -8.85 -5.2 ] | 1.006088779351202
1.2025843217102012 | [-8.93 -3.88  3.01] | 0.7649787096095624
1.2033161506702221 | [-2.24  4.4   0.9 ] | 0.7798653690065901
1.203524568635722 | [11.07 14.3   3.73] | 0.6074546751057948
1.2028924884937477 | [23.96 12.13 -7.16] | 0.3715760725901315
1.2018648064321982 | [20.2   4.81 -6.67] | 0.8624804699727524
1.2011172112203712 | [15.43 -2.68 -6.4 ] | 1.0998514865227813
1.2009137952295448 | [  4.81 -11.7  -10.15] | 0.942580854213704
1.2014507394638565 | [-3.03 -7.56 -0.89] | 0.8410816137426959
1.2030837777291281 | [-9.16 -2.45  7.71] | 0.5173472503276068
1.205113913942235 | [-3.25  5.41  6.07] | 0.5309338846245962
1.206436888030077 | [10.8  15.53  8.49] | 0.31919411456894436
1.2069820359159409 | [23.72 13.39 -2.36] | 0.19519494190033704
1.2072119964716603 | [19.9   6.07 -1.8 ] | 0.6831357741055071
1.2074647106088214 | [16.27 -1.23 -0.83] | 0.8870217341388621
1.2073378529564522 | [ 4.36 -5.4   2.38] | 0.9366519696515531
1.2065160858031616 | [ 8.74  0.32 -0.58] | 0.8256701771561202
1.2054556822069182 | [8.14 2.31 4.52] | 0.8685587335337503
1.2042477454785017 | [21.65  6.78  0.68] | 0.5984413938989976
1.2026243703177213 | [29.39  8.9  -1.96] | 0.36249899571396216
1.201791012203891 | [22.95  6.32  5.42] | 0.9161220226921312
1.2017298314529943 | [31.2   8.12  0.56] | 0.7096336641197789
1.2024655708345244 | [36.1   8.83 -1.44] | 0.5551996235226166
1.2036379323506696 | [30.36  6.13  6.21] | 0.9653503303678349
1.204879050342652 | [26.54  5.98 -1.76] | 0.9029395294618263
1.2065430868857692 | [8.04 1.39 2.15] | 1.3851118156363655
1.2083189149543248 | [11.53  2.98 -4.48] | 1.202441648077357
1.20997077910921 | [ 0.94 -0.17  1.22] | 1.3167829054512488
1.2112571093213809 | [ 8.34  2.08 -4.6 ] | 1.2118301733952148
1.2120961831862944 | [ 0.29 -0.68  1.63] | 1.2596257416655492
1.2124813225086626 | [ 5.38  1.23 -4.83] | 1.205274287244576
1.2122652453821596 | [ 0.25 -1.08  2.03] | 1.2260550103919023
1.2114584273009812 | [ 3.56  0.35 -5.16] | 1.1548972179034467
1.2100640903910835 | [-2.72 -2.21  1.35] | 1.1118428627014751
1.2080934494871873 | [1.02 4.83 0.23] | 1.1132161389318334
1.2052622695189754 | [ 7.85  0.58 -5.65] | 1.1951977014937047
1.2017012574987056 | [ 2.1  -7.55 -5.  ] | 1.1854794655395986
1.1980742269373919 | [-8.16 -7.91  1.29] | 0.9167618713907741
1.1954973129861648 | [-0.43  1.06 -1.5 ] | 0.9556776769616593
1.193900598070807 | [1.8  4.75 6.3 ] | 1.0272764428853534
1.1929320602759095 | [12.93  3.32 -3.84] | 1.109358991482311
1.1923238366912783 | [11.74 -0.16 -1.47] | 1.1679886555585397
1.1925555244845147 | [7.03 0.32 3.93] | 1.2360735272473513
1.1930799706196735 | [15.76  3.31 -1.09] | 1.131234527391281
1.1935520206059778 | [14.51  2.86  5.42] | 1.2893433668758967
1.1940060308066656 | [25.18  5.46  0.7 ] | 1.0803139297702955
1.1942783513163053 | [32.82  7.03 -2.12] | 0.783108721329766
1.194285819707365 | [27.26  4.55  5.29] | 0.9996379823193772
1.1941878192108162 | [22.24  4.5  -3.4 ] | 1.0330137676033568
1.1944087373846821 | [6.85 0.5  1.14] | 0.38796227438584413
Total reward: 115.68716585976097
3.5, 0.3, 0.9, 4.5, 2.5, -0.6, -1.5, -2.5, 3.2, -4.2, 0.2, 4.5, -5.5, 3.0, 4.5, -0.1, -4.8, -3.8, -1.5, 2.5, -2.5, -2.5, -1.0, -4.5, 2.2, -3.0, -0.5, 5.3, 1.8, 3.2, 6.0, 2.0, -4.0, 5.8, 2.2, 0.3
parameter ends

state | action | reward
[1.25] | [10.18  2.56  1.47] | 0.9054984003995661
1.2530037986562452 | [19.01  4.76 -4.49] | 0.6173992681062379
1.2518994782981745 | [10.54  1.97  1.74] | 0.9025739922979789
1.2501684644465798 | [19.08  4.41 -3.98] | 0.619804169745941
1.2478116452417654 | [10.56  1.65  2.29] | 0.897837191088499
1.2448285978261269 | [19.1   4.1  -3.42] | 0.6225790195410251
1.2412197245102787 | [10.59  1.33  2.83] | 0.8927109056243219
1.2369844068026337 | [19.14  3.77 -2.88] | 0.6248602987261267
1.2321229744126163 | [10.63  1.    3.35] | 0.887496880051203
1.2266348085170329 | [19.19  3.43 -2.37] | 0.6266293925436452
1.2205202628566432 | [10.69  0.65  3.85] | 0.9127906458983839
1.2145364800511613 | [15.75  2.24 -1.41] | 0.8550198821543538
1.2098200702288016 | [ 5.28 -0.9   5.52] | 1.0289863591246837
1.2060805665175829 | [ 5.78 -0.08 -0.82] | 1.0226202564804208
1.2031461589114814 | [-2.78 -2.68  4.82] | 0.9302330647234719
1.200784005812783 | [0.62 4.82 3.87] | 0.9602460966040705
1.1993478571475178 | [ 9.87  4.19 -4.13] | 1.0737980383680445
1.1989026469230464 | [ 6.68 -2.53 -3.99] | 1.143860276976801
1.1994515583384784 | [-2.16 -8.1  -5.13] | 0.85505169636937
1.2010830325192379 | [-8.9  -3.41  3.93] | 0.5883898782365998
1.20313932125245 | [-2.79  4.56  2.28] | 0.6074771266374156
1.2045245210659203 | [10.39 14.4   4.68] | 0.47932234062708784
1.2055253343769228 | [20.82 11.61 -6.35] | 0.4282832716093543
1.2065999192661838 | [16.26  4.04 -5.25] | 0.907168170960296
1.2077282733160073 | [12.17 -3.36 -4.41] | 1.0822346467709247
1.2087410478649765 | [  0.07 -12.47  -6.38] | 0.8344755494832878
1.2101757489700404 | [-7.23 -6.34  5.27] | 0.6532906210427398
1.2117231159623907 | [-1.63  1.37  3.97] | 0.6948815373870876
1.2125178437949926 | [12.41 11.52  6.49] | 0.5205699360047621
1.2125957307230755 | [25.42 11.08 -2.44] | 0.23647561347919288
1.2122968511858554 | [21.81  5.21  0.37] | 0.6593139315292625
1.2116036641847603 | [29.9   6.38 -1.  ] | 0.367752713594527
1.2108859797635412 | [23.17  4.34  6.63] | 0.9016098242600126
1.2108650828858931 | [31.26  6.62  2.09] | 0.7088722103466891
1.2116600573510183 | [39.19  8.68 -2.24] | 0.21149678479953593
1.2129395185435452 | [22.59  4.36  2.99] | 0.9830913588647137
1.2143377538247055 | [19.95  4.89 -4.53] | 0.8745169696839825
1.215860016294794 | [6.28 1.33 0.83] | 1.1670799529169928
1.2172433238819398 | [10.56  2.89 -4.04] | 1.027942622342813
1.2183921806746465 | [1.41 0.04 2.15] | 1.1455434109953728
1.2191872122592167 | [ 9.03  2.24 -3.5 ] | 1.0628064443190577
1.2196442177751963 | [ 1.19 -0.42  2.9 ] | 1.1290184805567456
1.219709258056524 | [ 6.84  1.41 -3.3 ] | 1.086413035933089
1.219383196954274 | [ 0.95 -0.9   3.53] | 1.1005498076819678
1.2186507008339957 | [ 4.32  0.51 -3.22] | 1.063770882227885
1.2175390290704582 | [-1.08 -1.71  3.73] | 1.0122122780044878
1.2160104158269844 | [2.34 5.35 3.11] | 1.0370873444263977
1.2143605200064909 | [12.16  2.36 -7.58] | 1.101082735563222
1.2128787150525806 | [ 7.23 -5.39 -6.26] | 1.2094759119302396
1.2112972799945407 | [-5.62 -7.3   0.85] | 1.0620344994553252
1.2093713984060532 | [-3.08 -0.58  1.23] | 0.9905199338185843
1.2070918905444727 | [3.1  7.45 1.01] | 1.0048489552980215
1.2049757321914145 | [12.74  4.48 -9.72] | 1.0148669423363799
1.203498314813833 | [ 9.56 -2.32 -9.56] | 1.1198216564645578
1.2028078614147804 | [ -0.02 -10.26 -12.83] | 0.8094404400210927
1.202996839880937 | [-7.16 -5.58 -3.39] | 0.6845633555884139
1.2042328740732962 | [-13.63  -0.99   5.3 ] | 0.3102774988408146
1.2056581256153105 | [-7.34  6.86  3.67] | 0.35578447146178904
1.2061311218581425 | [ 6.72 16.89  6.01] | 0.2502153765285318
1.2058326925307274 | [19.58 14.77 -4.97] | 0.1822092362816644
1.205449325275577 | [15.66  7.56 -4.5 ] | 0.6572866338466432
1.2055036709296585 | [11.86  0.44 -4.01] | 0.9513914414953688
1.2057619653776146 | [ 5.46 -7.67 -3.73] | 0.9997156244217272
1.2061101331541169 | [ -5.13 -16.69  -7.76] | 0.5132723824025689
1.207125922112402 | [-12.01  -9.67   4.11] | 0.35699475814928805
1.208051565626812 | [-6.08 -1.67  2.87] | 0.38478649305109774
1.2077809309779979 | [-1.15  5.45  1.91] | 0.3533285281121702
1.2064041468924611 | [12.82 15.61  4.32] | -0.8966050526271943
Total reward: 52.36695440198673
3.5, 0.3, 0.9, 4.5, 2.5, -0.6, -1.5, -2.5, 3.2, -4.2, 0.2, 4.5, -5.5, 3.0, 4.5, -0.1, -4.8, -3.8, -1.5, 2.5, -2.5, -2.5, -1.0, -4.5, 2.2, -3.0, -0.5, 5.3, 1.8, 3.2, 6.0, 2.0, -4.0, 5.8, 2.2, 0.3
parameter ends

state | action | reward
[1.25] | [10.13  2.61  1.44] | 0.9580076059900817
1.2473622936408166 | [22.59  5.67 -3.38] | 0.5251758225870493
1.2462540001814957 | [11.91  2.39  2.22] | 0.8875766226578559
1.244556383709106 | [19.32  4.57 -3.84] | 0.6108512532248487
1.242253589981432 | [10.26  1.68  2.25] | 0.8963597251486484
1.2393341883087434 | [18.58  4.07 -3.53] | 0.6309391411350609
1.235792271583376 | [10.03  1.29  2.69] | 0.8946600744212717
1.2316240029437584 | [18.61  3.73 -3.02] | 0.6351026260136312
1.226828265431934 | [10.17  0.96  3.22] | 0.8904401933970078
1.221404055996013 | [18.8   3.41 -2.48] | 0.6418649879354031
1.2155626160597301 | [9.16 0.4  4.1 ] | 0.9746473923158653
1.2107431552968708 | [13.79  1.88 -1.09] | 0.945253128742626
1.2070317509401212 | [ 3.76 -1.18  5.77] | 1.0582244822507956
1.2040943869219582 | [ 4.26 -0.36 -0.76] | 1.0254667765306567
1.201787837187921 | [-3.42 -2.34  3.59] | 0.8714682626855076
1.2003860421409658 | [1.46 5.73 2.04] | 0.9059811267932096
1.1996708427238008 | [10.59  2.66 -8.54] | 0.9775312807274206
1.1996937073694325 | [ 7.08 -4.29 -8.18] | 1.0065469714778001
1.2004875696493458 | [-1.45 -3.91 -2.5 ] | 0.8334907195353128
1.2022385830933937 | [-8.53  0.47  6.56] | 0.5913248614480281
1.2041810319900528 | [3.2  9.9  7.76] | 0.6687420927468108
1.2055178353563727 | [14.35  7.21 -3.37] | 0.7788966566969596
1.2067872975189156 | [10.9   0.03 -2.79] | 1.0152849933700019
1.2082624353795273 | [ 4.49 -6.43 -2.73] | 0.9264434972517608
1.210228274544498 | [-3.85 -3.48  5.9 ] | 0.7033020198938741
1.2121946320384835 | [1.19 3.98 4.75] | 0.7142646451262517
1.2133787834063463 | [14.58  6.51 -1.02] | 0.6318085560818787
1.214230349811468 | [11.71  4.49  4.98] | 0.8348352498965305
1.2147935243854437 | [25.05  7.59 -0.1 ] | 0.46743573765086854
1.2147308097269942 | [29.21  8.01  1.84] | 0.3635013925925963
1.2138974725182938 | [42.07 11.19 -2.63] | -0.43874561818874525
1.2131597298158774 | [33.93  7.85  4.19] | 0.43994709181962266
1.213241993490922 | [37.44  8.75 -1.55] | 0.007270258754530579
1.2138191432018366 | [16.38  3.7   2.23] | 0.9668685117743654
1.2146267499936771 | [17.23  4.77 -4.5 ] | 0.7982540801029393
1.2155753585859903 | [5.79 1.61 1.37] | 1.050390697871005
1.2164522482864202 | [11.89  3.56 -4.32] | 0.9066630697102422
1.2172170424420934 | [3.29 0.84 2.07] | 1.0725498715384187
1.2177631364695243 | [10.72  2.95 -3.46] | 0.9744469005309255
1.2181201923818537 | [2.8  0.32 3.  ] | 1.115430785346187
1.2182281305327833 | [10.34  2.42 -2.57] | 1.0399130547223263
1.2181418173924516 | [ 2.5  -0.22  3.88] | 1.1342714384692059
1.2178051462287587 | [ 8.33  1.58 -2.14] | 1.0936415364646623
1.217251723504424 | [ 1.61 -0.85  4.56] | 1.11104466756479
1.2164213730704303 | [ 4.73  0.48 -2.15] | 1.0905100910492445
1.2153381455130587 | [-0.86 -1.74  4.82] | 1.03303774754825
1.2139282500199833 | [2.19 4.36 3.24] | 1.085217117566548
1.212512614360418 | [11.86  1.35 -7.44] | 1.1523174038906352
1.211322012624159 | [ 7.06 -4.57 -4.09] | 1.2459914879959857
1.210056605397481 | [-5.72 -5.76  3.77] | 1.079402367719467
1.2084790504674225 | [-2.06  1.34  3.26] | 1.112602084362005
1.2067113936366487 | [ 9.61 10.95  6.02] | 1.074738102115647
1.2052801844323546 | [18.72  7.87 -4.67] | 1.1230848075959732
1.2044896835235863 | [14.17  0.5  -3.91] | 1.4813797216223943
1.2043071410084716 | [ 9.23 -6.91 -4.61] | 1.5230956245055738
1.2047719378256405 | [ -0.23 -15.42  -8.6 ] | 1.133070458778183
1.206262905140954 | [-6.87 -8.57  2.86] | 1.054444847030481
1.2083165950302805 | [-0.86 -0.54  1.22] | 1.026133378891171
1.2098838695965144 | [ 5.90e+00  6.63e+00 -5.24e-03] | 0.9740408937470029
1.2107947935416243 | [10.92  5.17 -1.51] | 1.0341435537427033
1.211553159561486 | [9.2  2.91 3.32] | 1.2075203866930762
1.2120504006938564 | [22.54  5.58 -2.27] | 0.9024666563741145
1.2120215593769625 | [19.48  3.55  4.  ] | 1.16805433276867
1.2113832469745465 | [32.79  6.71 -0.68] | 0.5918025724416516
1.209943148233125 | [30.16  4.96  4.68] | 0.7274329732819192
1.208722349443285 | [24.81  4.55 -3.78] | 0.8157749511830924
1.2078913726317455 | [9.51 0.63 1.1 ] | 1.263042257955447
1.2072188880944414 | [13.3   2.15 -5.11] | 1.1070203641945509
1.2066238253373753 | [ 3.55 -0.75  1.07] | 1.2413322145682277
1.2059669486790952 | [ 6.93  0.7  -5.4 ] | 1.172366670682141
1.2051838642120603 | [ 1.06 -1.55  1.64] | 1.2134753290062132
1.2041982278684207 | [ 3.75 -0.17 -5.35] | 1.0800637540482054
1.2037189420374497 | [-0.73 -0.83 -1.02] | 0.9460934772261127
1.2043965188634 | [-6.79  2.27  6.02] | 0.7761147960823418
1.2054123265121743 | [ 7.1  12.33  8.07] | 0.7464470590855388
1.205566920766018 | [19.88 10.06 -2.88] | 0.7184383531056524
1.2053550745549997 | [15.51  2.51 -2.5 ] | 1.156284328118371
1.2052771582108148 | [12.34 -4.58 -2.32] | 1.259184887852347
1.20562173013559 | [  2.42 -13.32  -6.26] | 1.0255066011142129
1.2069432583137083 | [-4.81 -8.63  3.1 ] | 0.8820299286243185
1.208871124621742 | [ 0.94 -0.25  1.99] | 0.8704671900101626
1.2102824642393395 | [ 8.35  3.92 -2.1 ] | 0.8084634852361018
1.2113442646960182 | [7.17 3.95 5.21] | 0.9134503898010594
1.212041230413092 | [20.62  7.56  0.76] | 0.6657432374131714
1.2117995009303937 | [31.89 10.26 -2.29] | 0.14166883051326207
1.2108055004220535 | [28.6   8.3   5.13] | 0.41508385755733945
1.209205732835394 | [30.63  9.01 -2.07] | 0.16804509086459296
1.2080138689160516 | [14.94  4.64  2.39] | 0.8644868450471495
1.207171521522334 | [18.    5.64 -4.22] | 0.7234640926481
1.2066204093375095 | [7.76 2.45 1.75] | 1.035748628617663
1.2061692033492217 | [13.82  4.08 -4.08] | 0.9096759507215375
1.2058255717703767 | [5.18 1.22 2.26] | 1.1321027284796288
1.2054525492945414 | [12.09  3.04 -3.4 ] | 1.0372407035735074
1.2050910137607438 | [3.86 0.28 3.  ] | 1.212039978761593
1.2046277952599718 | [10.87  2.15 -2.68] | 1.142408797230239
1.2041148485045357 | [ 2.77 -0.57  3.71] | 1.2288219995118757
1.2034643739359248 | [ 6.83  0.86 -2.76] | 1.215882359922917
1.2026748028708831 | [ 1.9 -1.3  4.4] | 1.2439057512457228
1.201683299197191 | [ 4.48 -0.01 -2.7 ] | 1.1608969883382172
1.2011800132038797 | [ 0.54 -0.68  1.73] | 1.117858018034334
1.2010971411976052 | [ 5.57  1.33 -5.24] | 1.0759871129837386
1.2011333835482365 | [5.01 0.78 0.67] | 1.2264540596805151
1.2012114040032909 | [12.81  2.46 -2.58] | 1.2023577576979674
1.2012519138452031 | [11.22  1.48  3.67] | 1.3861588429953742
1.201284760779099 | [21.8   3.9  -1.24] | 1.200542389451111
1.2011266119876174 | [17.66  1.96  5.7 ] | 1.2807616097058083
1.2008681062462208 | [17.01  2.66 -1.94] | 1.149675200291442
1.2009659663082626 | [6.57 0.5  2.15] | 1.295575354385936
1.201254908987612 | [12.23  2.34 -4.07] | 1.124601884343096
1.2015930218936755 | [5.09 0.63 0.9 ] | 1.2393470948550864
1.2019073235913387 | [11.86  2.5  -4.34] | 1.0937461416108198
1.2021467244867778 | [5.56 0.87 0.83] | 1.2086339594158417
1.2021896132165844 | [12.92  2.88 -3.83] | 1.0379543117733536
1.2019669558279824 | [6.73 1.25 1.19] | 1.1657057102974377
1.2015234473861796 | [15.53  3.7  -4.49] | 0.935028994592805
1.2008093984747017 | [9.01 1.92 0.54] | 1.1270298230663274
1.2001608714442282 | [12.67  2.76 -2.49] | 1.0369149184955389
1.1996377850855335 | [6.68 1.29 2.35] | 1.1624053399225007
1.1992500488640376 | [14.    3.25 -3.45] | 1.0062259267642737
1.1989388270239474 | [7.68 1.63 1.59] | 1.1633693323754288
1.1987147805953173 | [14.96  3.59 -4.19] | 0.9845969469692599
1.1985145539101085 | [8.35 1.82 1.03] | 1.1692289042350383
1.1983571694263357 | [15.58  3.78 -4.73] | 0.9766808396586335
1.1981815595662013 | [8.72 1.88 0.65] | 1.1714781475225529
1.197984436080432 | [13.37  3.07 -3.04] | 1.067212739123128
1.197544109689416 | [5.79 0.75 2.72] | 1.2295766942572803
1.1970381910697954 | [13.11  2.74 -3.05] | 1.0870574845918426
1.1966249842761705 | [6.91 1.19 1.92] | 1.222631939248747
1.1963052874787918 | [14.24  3.17 -3.86] | 1.0563351959054794
1.1960201420515173 | [7.74 1.47 1.25] | 1.222484797542836
1.1957819562610694 | [15.04  3.44 -4.54] | 1.038315708830952
1.1955312975059333 | [8.3  1.62 0.72] | 1.220314111804765
1.1952682438783933 | [13.5   2.96 -3.38] | 1.0896083361981477
1.1950106552289699 | [7.   1.25 1.71] | 1.2392996799213751
1.1947718671032996 | [14.41  3.25 -4.09] | 1.0769014947558961
1.1943275962143856 | [6.8  0.92 1.64] | 1.2733144199130024
1.1937374503995044 | [14.15  2.91 -4.12] | 1.105274873112435
1.193190975460475 | [7.72 1.24 0.95] | 1.2700829978331585
1.1926986843243361 | [14.63  3.1  -4.52] | 1.0971844540165332
1.1922166146468671 | [8.04 1.34 0.62] | 1.2667961484743018
1.1917372164286069 | [12.54  2.47 -2.9 ] | 1.157324384351339
1.1913053092751023 | [6.33 0.9  1.96] | 1.2831778434054406
1.1909225720698202 | [13.79  2.91 -3.86] | 1.1219873302328636
1.1905369985189542 | [7.37 1.23 1.14] | 1.2805159526316787
1.1901638084911688 | [14.82  3.23 -4.67] | 1.0961806275752726
1.1897491765403292 | [8.17 1.43 0.47] | 0.26630653744888066
Total reward: 143.55683510316695
3.5, 0.3, 0.9, 4.5, 2.5, -0.6, -1.5, -2.5, 3.2, -4.2, 0.2, 4.5, -5.5, 3.0, 4.5, -0.1, -4.8, -3.8, -1.5, 2.5, -2.5, -2.5, -1.0, -4.5, 2.2, -3.0, -0.5, 5.3, 1.8, 3.2, 6.0, 2.0, -4.0, 5.8, 2.2, 0.3
parameter ends

state | action | reward
[1.25] | [10.19  2.56  1.41] | 0.9394615408013632
1.2496309811005586 | [18.96  2.16 -7.33] | 0.6309335391723359
1.2485328754686869 | [10.54  1.01  0.68] | 0.9155564114976957
1.2468548476791759 | [16.39  3.46 -2.23] | 0.728755073957077
1.244594318769368 | [7.93 1.08 4.42] | 0.9261520019973895
1.2417092807443837 | [16.51  3.67 -1.16] | 0.7201656717246239
1.238198660940319 | [8.03 0.93 5.08] | 0.9150790444355513
1.2340612589498914 | [16.6   3.32 -0.71] | 0.7231891139404
1.2292618603169487 | [10.58  1.23  3.73] | 0.8874844252798076
1.2237998503152918 | [19.14  3.6  -2.07] | 0.6315336096277735
1.217710871991393 | [10.64  0.76  4.09] | 0.9162146666324101
1.211741900333215 | [15.75  2.3  -1.25] | 0.8621684139566579
1.207013268897682 | [ 5.27 -0.9   5.59] | 1.0368840220812794
1.2032557978228904 | [ 6.22  0.09 -0.96] | 0.9951803134819911
1.2009908147005182 | [ 2.26 -0.3   3.5 ] | 0.9852018447359652
1.1999572839057022 | [ 7.4   1.64 -2.9 ] | 0.9846182831019927
1.199770656128754 | [5.96 1.06 3.23] | 1.1454268657371585
1.200229964337622 | [15.93  3.49 -1.52] | 1.083559779479191
1.2011047252201112 | [12.71  1.97  5.36] | 1.2749432935188325
1.2022179185100985 | [18.03  3.58 -0.54] | 1.02040010954489
1.2034484620009085 | [9.68 1.73 1.61] | 1.1692145163112557
1.2046929242972937 | [14.45  3.37 -4.52] | 0.9958753684842847
1.2058283786090673 | [4.94 0.45 1.55] | 1.1994069599599655
1.206719040249497 | [11.85  2.48 -4.15] | 1.0704577691487376
1.2073882734010333 | [ 3.5  -0.26  2.16] | 1.2040074125677214
1.2077513534146043 | [ 9.45  1.61 -3.85] | 1.1011660666479441
1.2081051611474996 | [4.41 0.23 1.8 ] | 1.1976806657821435
1.2084854916226688 | [12.35  2.38 -3.83] | 1.061437515506623
1.2088610348502438 | [6.34 0.77 1.63] | 1.1938101142515072
1.209236304316318 | [13.97  2.85 -4.09] | 1.0252596612907805
1.2095538410359155 | [7.23 0.98 1.46] | 1.1888200001127849
1.2098198874773922 | [14.65  3.03 -4.28] | 1.0222487558620468
1.2098144415343894 | [6.28 0.26 1.97] | 1.2348596071260747
1.2095142391762705 | [13.5   2.31 -3.72] | 1.0704516797579662
1.2092987092184773 | [7.21 0.75 1.55] | 1.2066828214791807
1.2091725017305421 | [14.43  2.77 -4.18] | 1.0276890003610453
1.2090905062894695 | [7.86 1.07 1.17] | 1.1905445928859535
1.2090635715019318 | [15.07  3.08 -4.56] | 1.015411389354759
1.2088428897951433 | [7.23 0.65 1.44] | 1.2226987398845433
1.208527818800456 | [14.34  2.65 -4.26] | 1.045407348627519
1.2083001946697498 | [7.85 1.   1.05] | 1.2066701576200742
1.208165611650972 | [15.    2.99 -4.66] | 1.0284347120429742
1.2079363517721267 | [7.54 0.79 1.14] | 1.2283465352535423
1.207676334077151 | [14.63  2.77 -4.56] | 1.0481463578731127
1.207476536711066 | [7.88 0.97 0.87] | 1.2209616595163255
1.2073194319160023 | [14.05  2.66 -4.07] | 1.0699049191133305
1.2071140634185786 | [7.02 0.7  1.49] | 1.2365237838559027
1.20694171524549 | [14.16  2.68 -4.25] | 1.0646123144768922
1.206835530090104 | [7.61 0.99 1.05] | 1.2264197490814086
1.2067988251602548 | [14.81  2.98 -4.68] | 1.0562813681311136
1.2065739423345256 | [6.99 0.56 1.3 ] | 1.262209110814795
1.2062566335121507 | [14.1   2.54 -4.42] | 1.089626249848145
1.2060284201811338 | [7.65 0.89 0.85] | 1.246167633789301
1.2058733589353643 | [13.72  2.54 -3.99] | 1.0938565667745945
1.2057749405147773 | [7.24 0.87 1.24] | 1.2450664977580064
1.2057381203547919 | [14.49  2.87 -4.53] | 1.0676432888424152
1.2056811502028946 | [7.6  0.98 0.92] | 1.244401620986155
1.2056042868335364 | [14.27  2.8  -4.35] | 1.0921481778550481
1.205290672894371 | [6.43 0.36 1.61] | 1.2835459138888916
1.204867955740111 | [13.62  2.36 -4.13] | 1.119598820497916
1.204540405905984 | [7.35 0.79 1.01] | 1.2676209323726104
1.2043085790265469 | [14.59  2.78 -4.74] | 1.0852409328266952
1.20411759554685 | [8.03 1.07 0.52] | 1.2461552379298324
1.2039278388633117 | [11.73  1.97 -2.36] | 1.1491362197310648
1.2038100579672346 | [5.65 0.52 2.54] | 1.2461198603881374
1.2037608087061842 | [13.09  2.56 -3.3 ] | 1.0949890787131906
1.203733207891625 | [6.81 0.98 1.75] | 1.2272949448072306
1.2037290412267507 | [14.32  3.03 -4.06] | 1.0496469253771192
1.2037007099271089 | [7.77 1.31 1.13] | 1.2133624343271525
1.2036652607066756 | [15.21  3.34 -4.67] | 1.0176306744740273
1.2035747729622726 | [8.43 1.51 0.66] | 1.1965213517599342
1.2034259978338628 | [13.32  2.77 -3.11] | 1.0672758865654557
1.2032606757451423 | [6.88 1.12 2.  ] | 1.1972874835384617
1.2030160066670077 | [14.68  3.27 -3.79] | 1.0087820386792359
1.2026781645289304 | [8.05 1.52 1.38] | 1.1808226947032803
1.2023686773897564 | [15.33  3.49 -4.42] | 1.0053358644429677
1.201822747006706 | [7.49 1.05 1.49] | 1.224110089920021
1.2011650934708598 | [14.71  3.03 -4.24] | 1.0464114524047559
1.20058897495322 | [8.24 1.36 0.92] | 1.217798383411145
1.2001027549934933 | [14.76  3.13 -4.33] | 1.0481179437858037
1.199670803677472 | [8.18 1.4  0.87] | 1.2230918625106393
1.1992981516359391 | [14.38  3.05 -4.1 ] | 1.0646421734788902
1.198961614554917 | [7.79 1.31 1.09] | 1.2359855541087934
1.1986770447757313 | [15.02  3.28 -4.68] | 1.0669988849775311
1.1981471161283248 | [6.72 0.58 1.49] | 1.2963021653309073
1.1973937872171554 | [13.87  2.54 -4.23] | 1.1336400888124878
1.1967652848755228 | [7.61 0.97 0.81] | 1.2867984285885832
1.196243401278709 | [13.4   2.49 -3.8 ] | 1.1480257046465285
1.1958146095810245 | [7.13 0.92 1.17] | 1.295255175559641
1.1954777042387326 | [14.41  2.89 -4.62] | 1.1199636526441157
1.195170866158731 | [7.88 1.17 0.5 ] | 1.28025852936565
1.1948642386988582 | [11.52  2.04 -2.31] | 1.1894259684886406
1.1946283656222212 | [5.51 0.59 2.43] | 1.2879221284131663
1.1944516081418761 | [13.03  2.63 -3.42] | 1.138979205916068
1.1942810988034314 | [6.8  1.05 1.5 ] | 1.2755328050858568
1.194119879282143 | [14.38  3.09 -4.33] | 1.0962048194277838
1.193915319452743 | [7.87 1.37 0.75] | 1.2475457364381275
1.1935499008126487 | [14.1   3.06 -3.49] | 1.0774961662832852
1.193031325661969 | [7.72 1.41 1.37] | 1.2378051593016557
1.192562971152364 | [15.06  3.37 -4.47] | 1.0541579919322326
1.1920906004268899 | [8.49 1.62 0.61] | 1.2295315203592332
1.1916132608219365 | [12.92  2.73 -2.86] | 1.116885498699479
1.19117743829604 | [6.72 1.17 1.97] | 1.2479299815766212
1.1907892241523226 | [14.21  3.18 -3.86] | 1.079163158432286
1.1903946639124987 | [7.77 1.5  1.13] | 1.2442757797955044
1.1900139431466314 | [15.21  3.5  -4.68] | 1.0535042915876633
1.1895903142277606 | [8.54 1.69 0.48] | 0.2310963936845738
Total reward: 117.6446827037312
3.5, 0.3, 0.9, 4.5, 2.5, -0.6, -1.5, -2.5, 3.2, -4.2, 0.2, 4.5, -5.5, 3.0, 4.5, -0.1, -4.8, -3.8, -1.5, 2.5, -2.5, -2.5, -1.0, -4.5, 2.2, -3.0, -0.5, 5.3, 1.8, 3.2, 6.0, 2.0, -4.0, 5.8, 2.2, 0.3
parameter ends

state | action | reward
[1.25] | [10.16  2.59  1.45] | 0.9432836660998946
1.2491527438268641 | [ 18.65  -0.52 -10.2 ] | 0.5877203740528915
1.2481053072266712 | [ 8.1  -0.6  -1.17] | 0.8546616776264674
1.246740278773396 | [-2.88 -2.29  6.02] | 0.7353350627886815
1.2448276190546135 | [0.96 4.73 4.87] | 0.748776245556215
1.2420041254627743 | [14.19  5.31 -2.65] | 0.7227467178922229
1.238469986710477 | [10.82 -0.06  1.02] | 0.9076763721983463
1.234285749234888 | [18.85  2.93 -4.12] | 0.6954002135204088
1.229452752500148 | [15.75  1.66  3.99] | 0.9270608573263834
1.2239205717428443 | [29.09  5.27 -0.18] | 0.4436691481949949
1.2175208962381403 | [30.59  5.33  2.3 ] | 0.34290509176159667
1.2118325094965234 | [26.43  5.04 -4.77] | 0.5074985884924432
1.2078025490676627 | [11.58  1.09  1.25] | 1.106376358985061
1.2050200174561032 | [14.56  2.32 -4.3 ] | 1.0291499489365437
1.2032789940400848 | [ 3.93 -0.82  2.37] | 1.2071001050393446
1.2021974803909232 | [ 5.53  0.22 -3.98] | 1.1669995221571423
1.2015777289045662 | [-2.26 -2.41  2.94] | 1.1230943174711328
1.2010864216359347 | [0.18 4.48 2.53] | 1.1441701989482869
1.2008568313452985 | [10.16  6.56 -2.45] | 1.210519029497791
1.2011457229879625 | [ 6.67 -0.51 -2.  ] | 1.3655017478011302
1.2020242275782558 | [-1.04 -8.6  -4.95] | 1.1325374046998824
1.2038109758861475 | [-8.24 -4.23  4.13] | 0.8794792457855484
1.206017755902252 | [-2.38  3.66  2.55] | 0.9033243054828755
1.2075602128898393 | [10.88 13.51  4.97] | 0.777764136504268
1.208622027806238 | [21.4  10.7  -6.05] | 0.7158670779505258
1.2096214965848888 | [16.92  3.09 -4.93] | 1.1856172007355892
1.2104849828137267 | [12.61 -4.51 -3.77] | 1.3669469649345967
1.2110210256835372 | [ -1.05 -15.03  -6.06] | 1.115647590728569
1.2117597030225449 | [ -8.02 -10.19   3.6 ] | 0.9309653764100619
1.213082437560849 | [-1.51 -1.93  1.88] | 0.9027433752844828
1.2140381202330732 | [3.92 5.79 0.59] | 0.8537903798850194
1.2143264435983117 | [13.8   5.84 -4.36] | 0.7982677151975575
1.2143423592499876 | [11.56  3.42  0.66] | 1.029831385719191
1.2141572903673568 | [21.99  4.69 -3.57] | 0.7863508620043591
1.2136034861924407 | [19.13  3.3   3.19] | 1.0415926599579621
1.212562118150904 | [32.45  6.81 -1.23] | 0.45808139777542234
1.2108647868905698 | [27.33  4.52  6.29] | 0.8955926796255912
1.2095350010677246 | [28.15  5.13 -0.31] | 0.6817561494916179
1.2086523335363426 | [15.55  2.42  0.08] | 1.0772071509561563
1.2080171782133051 | [10.75  1.56 -0.86] | 1.1078426356659568
1.2074326196125662 | [ 1.31 -1.14  4.28] | 1.117100785236292
1.2067795354584865 | [ 3.73  0.17 -2.44] | 1.0706166831617918
1.2059896840248512 | [-3.14 -2.2   4.15] | 0.953980839028488
1.205318283653985 | [2.48 5.93 2.49] | 0.9767513396503241
1.2048198093321036 | [12.41  2.92 -8.21] | 1.0171765009701903
1.204539464942657 | [ 9.25 -4.11 -7.83] | 1.0613292153895921
1.2048489728776848 | [ 0.65 -3.7  -2.15] | 0.9470178637724749
1.206275413715616 | [-6.78 -2.19  3.71] | 0.6740256052459874
1.2081895590046585 | [-0.96  5.71  2.11] | 0.6429849707277783
1.2093821025560936 | [13.01 15.5   4.38] | 0.3948167286044195
1.2096211627635822 | [25.88 13.29 -6.26] | 0.128820904917478
1.2093578808237193 | [22.11  5.95 -5.47] | 0.6548936378868261
1.209132418718195 | [16.27 -2.06 -4.61] | 0.9922195073486737
1.2087901975302289 | [  2.49 -12.6   -6.89] | 0.9145530183876156
1.208200689199626 | [-7.36 -8.08  4.84] | 0.7298922709736817
1.208020652696146 | [-0.5   0.36  2.93] | 0.7728705297296504
1.2074300230439523 | [10.33  6.55  0.69] | 0.7313943753597076
1.206190257055866 | [19.66  7.65 -3.55] | 0.586316032862054
1.2052930578991738 | [15.93  5.35  2.32] | 0.929490646945007
1.204996900238026 | [25.26  7.15 -3.04] | 0.7020316074732716
1.2051994525207297 | [20.13  4.59  4.13] | 1.136232662869061
1.2057468007687038 | [29.39  6.59 -0.75] | 0.857532013463342
1.2065930731991958 | [26.06  4.68  5.29] | 1.0785479210570463
1.2074718154695936 | [24.48  5.01 -2.14] | 0.9174674359072729
1.208557918767971 | [7.8  0.77 2.32] | 1.3218253736904637
1.2096231528450772 | [11.85  2.45 -4.04] | 1.1520664710241246
1.210534107409566 | [ 1.68 -0.59  1.86] | 1.2442912039690486
1.211140880591212 | [ 6.92  1.28 -4.39] | 1.162960276435408
1.2113545668670278 | [ 0.27 -1.16  2.28] | 1.1754228782860163
1.2111492868676519 | [ 3.57  0.45 -4.41] | 1.1144110829215643
1.2105107639900217 | [-2.15 -1.94  2.34] | 1.0668008476158861
1.2093647620973962 | [1.65 5.15 1.41] | 1.0830910553497224
1.2075330740060055 | [12.67  2.41 -9.16] | 1.093921031153506
1.2056635018380923 | [ 7.89 -5.34 -7.87] | 1.180429213857197
1.2043627375983952 | [-0.01 -4.76 -2.82] | 1.0438388110858348
1.2044288069420603 | [-6.84 -2.91  2.66] | 0.7840206517126399
1.2051806885974095 | [-0.57  5.21  0.77] | 0.7703251196759967
1.205367380960357 | [11.38 12.06  1.55] | 0.6771826764991167
1.2047043300270222 | [24.28  9.89 -9.25] | 0.37697668455094857
1.203593883114666 | [20.04  2.42 -8.65] | 0.8733456057301348
1.2027876545134912 | [14.95 -5.23 -8.15] | 1.046962402258154
1.2024794927787408 | [ 5.4  -4.74 -1.63] | 1.0516815292578736
1.2030193510617724 | [-2.61 -2.33  5.68] | 0.8387366744455276
1.20388458283814 | [2.74 5.36 4.31] | 0.8175239752012887
1.204049643685321 | [16.11  7.27 -2.11] | 0.6955487191647319
1.203829849174329 | [13.56  5.01  3.28] | 0.9468934156775477
1.2035670434789756 | [24.1   7.   -2.37] | 0.7194581791935191
1.2035584033998654 | [19.11  4.39  4.56] | 1.1342385320748107
1.2037673975890997 | [28.48  6.37 -0.48] | 0.8857488603022828
1.2042319246572701 | [27.04  5.05  3.82] | 1.159980526287653
1.204759080070002 | [36.22  7.03 -0.78] | 0.4978376371129336
1.2055070600614926 | [16.    2.33  1.15] | 1.3278376892229027
1.2064856145549596 | [16.68  3.48 -5.95] | 1.1249852325087035
1.2075314956693306 | [ 4.57  0.16 -0.45] | 1.338562663314963
1.208479407471876 | [-0.72 -1.39  2.16] | 1.2491666802239194
1.2091410162553113 | [ 3.15  4.16 -0.44] | 1.2227532387590394
1.2092158742023555 | [ 2.71 -2.39 -2.95] | 1.236880159735416
1.2088023761516824 | [-10.45  -6.54   1.35] | 0.948719191506956
1.2080088471042005 | [-6.59  0.53  0.19] | 0.976289137428511
1.2064492895943193 | [-1.59  7.73  6.84] | 0.9359583884995704
1.203960132817791 | [13.09 18.06  9.53] | 0.5840386531442026
1.2004277810376873 | [25.99 15.79 -1.09] | 0.4384915006048594
1.1964758661205648 | [21.95  8.51 -0.73] | 1.0340852283301676
1.1934501196568963 | [18.68  1.57 -1.78] | 1.453106757914486
1.1913598265956429 | [14.95 -5.52 -1.67] | 1.597615804008143
1.1901826637228923 | [  5.48 -14.03  -5.97] | 1.4757469121109457
1.19010208689635 | [ -2.81 -22.11 -10.71] | 0.9273474616312786
1.1914681088131536 | [ -8.73 -15.33  -0.41] | 0.9282143224816202
1.194572254002446 | [-10.42  -6.58   7.4 ] | 0.8021686622713993
1.198607556835164 | [-4.02  1.67  5.3 ] | 0.9021773478915721
1.2022194984264072 | [10.05 11.76  7.82] | 0.7762427122406834
1.2047192739281491 | [23.15 11.15 -0.97] | 0.564196140090872
1.2063487348227093 | [17.17  6.67  2.74] | 0.8700004368496277
1.2074584714445131 | [22.34  5.71 -6.75] | 0.5979100965131965
1.2080475194694758 | [12.06  2.95 -0.64] | 0.9682272959247693
1.2083155680628404 | [5.89 1.17 3.36] | 1.0642359654432858
1.207943510229685 | [14.2   3.69 -2.29] | 0.8851724716783517
1.2069580647964062 | [5.68 0.94 3.9 ] | 1.0559571340735896
1.2053469054151382 | [14.37  3.44 -1.76] | 0.8724504051567186
1.2033857767898988 | [8.07 1.81 3.07] | 0.999725641901691
1.2013690182356982 | [16.8   4.27 -2.93] | 0.754170181650119
1.1992306961434975 | [10.97  2.92  1.55] | 0.9142665965513601
1.1970258682526658 | [19.63  5.37 -4.33] | 0.5991034972968313
1.1946433191846852 | [13.48  3.87  0.32] | 0.8221268371372126
1.192576270283426 | [15.39  4.34 -1.7 ] | 0.7684202159056623
1.1911295266051043 | [9.28 2.94 2.83] | 0.9424319996208101
1.1901735012884895 | [15.81  4.67 -2.9 ] | 0.7931255996621932
1.189614172793761 | [9.34 3.05 2.03] | 0.9880257937339709
1.1893642242673967 | [16.05  4.84 -3.7 ] | 0.8195337649357842
1.1893320921434876 | [9.21 2.99 1.56] | 1.032530410666332
1.1894581522936638 | [16.08  4.84 -4.17] | 0.8537815175546803
1.1896610594751698 | [8.93 2.8  1.33] | 1.0779908361506785
1.1899113506502972 | [15.92  4.68 -4.41] | 0.9052833035933845
1.190007719994427 | [7.46 1.91 1.87] | 1.1639715727501048
1.1898869938302425 | [14.54  3.83 -3.84] | 1.0165349915793855
1.1896103629108106 | [6.12 1.07 2.44] | 1.2388661650656854
1.1891166344579496 | [13.25  3.   -3.27] | 1.1181066943391598
1.1884638553473688 | [4.85 0.24 3.  ] | 1.304525881354866
1.187595313264374 | [11.9   2.16 -2.75] | 1.1928636605294076
1.186939767959699 | [6.   0.73 2.02] | 1.3103925075181697
1.186461521543799 | [13.2   2.65 -3.76] | 0.1684814468782813
Total reward: 131.2572302765797
3.5, 0.3, 0.9, 4.5, 2.5, -0.6, -1.5, -2.5, 3.2, -4.2, 0.2, 4.5, -5.5, 3.0, 4.5, -0.1, -4.8, -3.8, -1.5, 2.5, -2.5, -2.5, -1.0, -4.5, 2.2, -3.0, -0.5, 5.3, 1.8, 3.2, 6.0, 2.0, -4.0, 5.8, 2.2, 0.3
parameter ends

state | action | reward
[1.25] | [10.19  2.58  1.45] | 0.937751948343241
1.250662296198907 | [20.26  5.03 -4.17] | 0.5873546946255805
1.2495618037304457 | [10.95  2.06  1.83] | 0.8978292197684672
1.2478479202025883 | [19.08  4.42 -4.  ] | 0.6173384291189807
1.2455149473938303 | [10.39  1.63  2.21] | 0.8972488818117894
1.242558596581123 | [18.86  4.06 -3.51] | 0.6259366912122082
1.2389771591895644 | [10.35  1.3   2.74] | 0.8933021749766499
1.2347689794856422 | [18.93  3.75 -2.97] | 0.6284024020844285
1.2299339497862665 | [10.46  0.98  3.28] | 0.8883323275469113
1.224471388362353 | [19.05  3.42 -2.44] | 0.6300914428803057
1.2184109089796469 | [10.12  0.55  3.93] | 0.9451992592680439
1.2131115249671056 | [14.61  2.01 -1.23] | 0.9085769635738816
1.2089857248940596 | [ 4.43 -1.07  5.66] | 1.0415997135682105
1.2056975946349242 | [ 4.79 -0.27 -0.82] | 1.0157429317051863
1.2030686201986334 | [-4.27 -2.94  4.58] | 0.8810860970760883
1.200955329493603 | [-0.03  4.87  3.32] | 0.8939719227191594
1.1996794589287647 | [ 9.96  8.32 -0.37] | 0.9629478291381119
1.1991816158372648 | [ 9.93  2.46 -3.35] | 1.2003681557091637
1.1995369277930477 | [ 7.01 -4.25 -3.27] | 1.246455871108282
1.2007189961319857 | [ -2.32 -12.68  -7.3 ] | 0.8663377338612577
1.2029128043448114 | [-9.01 -6.51  3.5 ] | 0.6881541669444946
1.2055353978933219 | [-3.01  1.44  1.89] | 0.7514888364857351
1.2075039100873277 | [10.85 11.5   4.38] | 0.6366841927042417
1.2086630798305178 | [23.81 10.14 -5.41] | 0.3927378809346933
1.2094216998692304 | [19.58  2.69 -4.67] | 0.8469021631259551
1.2102275705244727 | [15.26  0.8   2.55] | 1.1516335260270685
1.2110175514539416 | [24.55  4.56 -1.02] | 0.9070026510468282
1.2118385437856043 | [20.2   3.21  7.27] | 1.218378495843767
1.2125648153699 | [30.08  5.88  2.98] | 0.7129526823736768
1.213340596897268 | [25.93  6.05 -4.83] | 0.6872426872712293
1.214209657919062 | [10.76  2.19  0.18] | 1.150284856488438
1.2149389775573411 | [ 9.12  2.   -1.13] | 1.1034059837362904
1.2154026048061943 | [-0.6  -1.    4.83] | 1.0596330743445932
1.2155284470649517 | [3.16 3.79 1.57] | 1.0819073233628718
1.215304396936027 | [13.12  2.13 -7.83] | 1.0020028254828124
1.2148262428269478 | [ 6.46 -1.08 -1.87] | 1.111547780620283
1.2141019054332207 | [-6.46 -3.89  4.14] | 0.9169348284231734
1.213024629903014 | [-2.44  3.26  3.36] | 0.9167307771306699
1.211118824230603 | [10.8  13.14  6.13] | 0.800234452647473
1.209187184274197 | [19.97 10.06 -4.45] | 0.8462873436566667
1.2077307271333655 | [14.41  2.21 -3.05] | 1.3389829297715752
1.2065583478743613 | [ 9.99 -5.26 -2.13] | 1.449188863902908
1.206063066781009 | [  0.85 -13.6   -6.29] | 1.196006051623897
1.2066617849253958 | [ -6.56 -15.33  -4.23] | 0.8131181023744776
1.2087384763630726 | [-12.1   -7.39   7.37] | 0.5807826848022495
1.2116898108611087 | [-5.36  0.95  5.27] | 0.7124000299499426
1.2141940443548527 | [ 8.48 11.    7.46] | 0.6550805833989397
1.2158241725225623 | [21.52 10.53 -1.47] | 0.49052081631302635
1.2168961774613842 | [18.07  6.63  3.05] | 0.8353722049449165
1.2173886893256114 | [31.19  7.81 -3.83] | 0.3077400592200683
1.2171043002874973 | [27.92  5.74  3.63] | 0.600568130300641
1.2159683320042067 | [33.2   7.81 -2.42] | 0.0615550615769469
1.2144221924301657 | [16.32  3.56  1.92] | 0.8400751439344414
1.213131566339205 | [18.51  4.69 -4.66] | 0.6994095200097525
1.2121223438577047 | [7.87 1.62 1.44] | 1.0158375423816077
1.2112248431174286 | [13.69  3.39 -4.25] | 0.8875425096780513
1.210470585021248 | [4.96 0.63 2.24] | 1.1013406837375477
1.209731063250618 | [11.72  2.53 -3.31] | 1.0130503376825393
1.2090594315651673 | [ 3.49 -0.17  3.22] | 1.1519493173374642
1.2083373671482358 | [ 8.99  1.53 -2.73] | 1.1104745858329597
1.2076026514916334 | [ 1.93 -0.98  4.  ] | 1.1410608418454387
1.2067328961610595 | [ 4.15  0.17 -2.85] | 1.0938774473234476
1.20572482844685 | [-2.81 -2.25  3.66] | 0.9904604319002365
1.204821040017268 | [2.68 5.81 1.98] | 1.012581532942877
1.2041146646475895 | [12.49  2.8  -8.76] | 1.0412135178594897
1.203739645022945 | [ 9.28 -4.19 -8.44] | 1.0856127026793847
1.2039980844936324 | [ 0.64 -3.85 -2.82] | 0.9788270975005587
1.2053184629568439 | [-6.85 -2.41  3.01] | 0.7136676657066938
1.207055230057466 | [-1.07  5.44  1.46] | 0.6838190684374192
1.2080401380678942 | [12.93 15.52  4.02] | 0.43367190614146006
1.2081225183456454 | [25.8  13.34 -6.65] | 0.16094649162487773
1.2077809706171156 | [22.01  6.03 -5.9 ] | 0.6877087936060439
1.2075633436407984 | [16.13 -1.96 -5.08] | 1.027174091851304
1.2072577697294844 | [  2.35 -12.51  -7.35] | 0.9640404912522164
1.206691574834824 | [-7.15 -9.36  2.49] | 0.7722068795302239
1.2065104233903972 | [-0.48 -0.79  0.96] | 0.7475257372438652
1.2059090312802287 | [ 5.27  3.9  -3.2 ] | 0.6657911802122704
1.2052702084101392 | [4.91 3.85 2.89] | 0.7808250562897228
1.2046639361704508 | [18.33  7.22 -2.22] | 0.5630543380614241
1.2038979138152412 | [15.76  5.79  3.73] | 0.8252192131581477
1.2036933066330167 | [25.07  7.8  -1.58] | 0.6118379997061547
1.2040529971043985 | [20.04  5.4   5.45] | 1.0215946191297764
1.2048902756071294 | [29.2   7.4   0.47] | 0.789872307396118
1.2062892177727762 | [34.14  8.12 -1.03] | 0.6374054290859643
1.2079493461951096 | [28.88  5.6   6.61] | 1.0654266177546443
1.2095029775542105 | [29.19  6.11 -0.27] | 0.7911935840452382
1.2111880210516712 | [15.02  3.1  -0.93] | 1.1980579145664438
1.2130616254232127 | [ 1.18 -0.52  3.54] | 1.2978093838598979
1.2147440449251758 | [ 6.72  1.46 -2.71] | 1.199990928812451
1.2160472955961494 | [-2.34 -1.43  3.33] | 1.1329171968961282
1.216937027491392 | [1.43 5.66 2.14] | 1.126690087301264
1.2169294525306078 | [13.63  3.13 -8.59] | 1.0347688195750513
1.2160634548487894 | [ 7.3  -5.18 -8.14] | 1.1206020005622988
1.2148483768295941 | [-5.65 -5.95 -0.16] | 1.0215326371731046
1.2133801400132314 | [-11.38  -1.94   5.57] | 0.7521830675351486
1.2113071656502068 | [-7.52  5.03  4.41] | 0.7539548117259417
1.208338098374617 | [ 8.34 15.83  7.04] | 0.5980157521799015
1.2044947169860956 | [21.45 13.65 -3.59] | 0.4896515572326202
1.2004407315109757 | [18.54  6.94 -3.46] | 0.9356606757779662
1.1976921808834682 | [14.83  0.11 -3.48] | 1.2288067366478752
1.1962570447370917 | [ 9.04 -7.29 -5.56] | 1.2530628023535595
1.1959751599975208 | [  0.39 -15.41 -10.15] | 0.9226756400765068
1.1969588051489566 | [ -6.99 -18.69 -10.16] | 0.4791320693709046
1.1995013855458754 | [-12.28  -8.31   3.85] | 0.469245694945957
1.202938431070029 | [-5.64  0.4   2.31] | 0.5668411335602179
1.2058895224738975 | [5.54 9.67 3.65] | 0.5538501316462996
1.2079418636759576 | [18.81 10.89 -3.38] | 0.3570366707796408
1.2094585194392904 | [15.45  7.8   1.96] | 0.6788943872863311
1.2104860357444782 | [28.76 10.43 -3.46] | 0.1664398276208222
1.2109499246066031 | [25.45  8.21  3.37] | 0.511875127234585
1.2107262774851983 | [38.73 11.34 -1.19] | -0.2705399437536553
1.2096914801612462 | [34.35  9.    6.13] | 0.28386304689304453
1.208836484136928 | [40.96  9.94  0.5 ] | -0.01834598525869935
1.2085584035280041 | [34.66  8.62 -3.98] | 0.18132585137038837
1.2089456037559683 | [15.28  3.96 -0.11] | 1.005859745435936
1.2096582923866888 | [ 8.94  2.67 -0.2 ] | 1.061894728093282
1.210327024501595 | [4.93 1.67 0.92] | 1.1028718942602764
1.2108086999957086 | [10.96  3.47 -4.35] | 0.9854407207335485
1.211122313366345 | [2.63 0.77 1.99] | 1.1460293081241288
1.2111760928532163 | [10.28  2.86 -3.59] | 1.0626277813248948
1.210998018764005 | [2.47 0.23 2.83] | 1.2057301242172922
1.2105472880154655 | [10.08  2.27 -2.79] | 1.140701095886687
1.2098804768961746 | [ 2.28 -0.37  3.61] | 1.2296183069813338
1.2089883536382424 | [ 7.47  1.29 -2.65] | 1.2017035477671985
1.2078788789374189 | [ 1.23 -1.07  4.15] | 1.212859923769918
1.206540104314159 | [ 3.66  0.13 -2.83] | 1.1675312699046456
1.2050211429785294 | [-3.64 -2.43  3.67] | 1.0739402305419103
1.2032408625855173 | [-0.31  4.62  2.99] | 1.0861662756364345
1.201323126845297 | [10.52  9.68  1.04] | 1.1497175182338841
1.1995416823916805 | [19.49  6.41 -9.69] | 1.0984936172392472
1.198067914746882 | [13.87 -1.56 -8.37] | 1.4206565257541603
1.196637529144183 | [  0.13 -12.   -10.48] | 1.3306472981724302
1.1950593173189503 | [-12.81 -15.11  -4.79] | 0.9509238058026153
1.1940442672038418 | [-18.6   -9.62   4.01] | 0.6457565497660758
1.1945190744880827 | [-9.85 -0.42  0.99] | 0.8282522593796278
1.195111269947476 | [-0.65  8.54  0.03] | 0.8239423693266931
1.1953932308869832 | [ 6.62 14.57  4.91] | 0.7592445368396847
1.195122131896229 | [19.56 12.37 -6.15] | 0.6648012704636528
1.194516808270251 | [16.21  5.22 -6.03] | 1.092978677749757
1.1941754732682128 | [13.51 -1.63 -6.23] | 1.2334272764151006
1.194368262487437 | [  3.22 -10.51 -10.38] | 1.1201480360918197
1.1954092556842488 | [ -5.83 -18.07 -13.98] | 0.554188982870349
1.1975687727879578 | [-12.15  -8.73  -0.19] | 0.6010074626444337
1.2007034291373464 | [-13.44  -2.41   4.44] | 0.3997753093069775
1.2037518920335766 | [-7.81  5.21  3.02] | 0.4512933469961258
1.2058764480069897 | [ 6.28 15.31  5.45] | 0.38838491352865107
1.2072328718433356 | [19.19 13.17 -5.51] | 0.3182886385576682
1.208390188068269 | [15.24  5.83 -4.98] | 0.7800855697065894
1.20974991369179 | [11.57 -1.42 -3.98] | 0.9628494172039593
1.210843069663569 | [-1.85 -8.05 -1.84] | 0.8523994010915229
1.2115108071915375 | [-10.97  -4.5    7.97] | 0.48962537496729086
1.2121272075603347 | [-5.23  3.13  6.37] | 0.5636470396781438
1.2119477167854011 | [ 8.71 13.27  8.44] | 0.4691437922662295
1.211322709105103 | [21.41 11.2  -2.91] | 0.40342561394960286
1.210809452865831 | [17.43  3.99 -2.73] | 0.8503538162127351
1.2109100232195775 | [14.3  -2.84 -2.97] | 0.9724774400094705
1.2115345371813744 | [ 4.53 -5.55  0.07] | 0.9215700539544427
1.2121194881312436 | [ 3.04 -1.14  2.65] | 0.7845045458146631
1.2118816166263626 | [ 7.03  2.48 -1.86] | 0.711760523112383
1.2114419695952718 | [6.25 3.19 5.07] | 0.8065736084986785
1.2113318236421327 | [19.54  7.1   0.25] | 0.5960372315191077
1.2109688540710144 | [26.41  8.72 -0.41] | 0.390440107883538
1.210509360020805 | [27.75  8.45  2.66] | 0.4545528222737403
1.2097026762242553 | [40.98 11.83 -2.03] | -0.4009515502540699
1.2083755819365871 | [37.6  10.02  5.55] | -0.005531262743772247
1.2063107083588422 | [50.85 13.33  1.33] | -1.0941559103577319
1.2029815996359057 | [63.97 16.61 -2.56] | -2.516118563049927
1.1993706143268656 | [52.61 12.03  4.25] | -0.7341396399981837
1.1973711870354844 | [55.5  11.84 -0.98] | -0.8388489141881532
1.1964142529944766 | [34.13  6.24  3.49] | -0.2696403084248147
Total reward: 130.38659300071967
3.5, 0.3, 0.9, 4.5, 2.5, -0.6, -1.5, -2.5, 3.2, -4.2, 0.2, 4.5, -5.5, 3.0, 4.5, -0.1, -4.8, -3.8, -1.5, 2.5, -2.5, -2.5, -1.0, -4.5, 2.2, -3.0, -0.5, 5.3, 1.8, 3.2, 6.0, 2.0, -4.0, 5.8, 2.2, 0.3
parameter ends

state | action | reward
[1.25] | [10.18  2.54  1.42] | 0.9566491320154287
1.2451140857109337 | [22.02  5.49 -3.56] | 0.5420587834229803
1.243974158909449 | [11.7   2.28  2.14] | 0.8904469240930135
1.24223703467738 | [19.29  4.5  -3.86] | 0.6125125510187636
1.2398901097854698 | [10.32  1.63  2.26] | 0.8967816030116071
1.2369242847434028 | [18.68  4.04 -3.51] | 0.6297178863694595
1.2333350385952924 | [10.14  1.26  2.72] | 0.8945813753026566
1.2291192619233082 | [18.72  3.7  -3.  ] | 0.6334669292695003
1.2242761819701342 | [10.28  0.93  3.25] | 0.8900921339059882
1.2188049943350843 | [18.69  3.32 -2.45] | 0.670389776716761
1.2135403812881163 | [8.02 0.11 4.39] | 1.0086917481760966
1.2093434359518194 | [12.46  1.57 -0.94] | 0.9915688939964347
1.2061401926317559 | [ 3.37 -1.26  5.56] | 1.0745342331572583
1.203609734164992 | [ 4.05 -0.41 -0.98] | 1.0191009949155916
1.20170788770093 | [-3.67 -2.11  4.  ] | 0.8333014073183214
1.2007697686742616 | [1.33 5.92 2.46] | 0.865118664557343
1.2003538822131903 | [10.66  2.89 -8.16] | 0.9410201282799855
1.2005668712870883 | [ 7.19 -4.08 -7.77] | 0.9723154158758064
1.2014661320589923 | [-1.44 -3.75 -2.  ] | 0.7953630519877382
1.2032655331973614 | [-8.61  0.59  7.14] | 0.5482236608903641
1.2052177220124798 | [ 3.59 10.14  8.57] | 0.6216424964502725
1.206563572064924 | [14.79  7.48 -2.59] | 0.7396646621295467
1.2078318054564106 | [11.3   0.27 -1.97] | 1.0012303988255493
1.209273517446978 | [ 5.66 -6.88 -2.42] | 0.9255822542707631
1.211152281768598 | [-2.74 -3.58  6.71] | 0.7134619247273399
1.2130080715939475 | [2.23 3.87 5.57] | 0.7156606956710254
1.2140850484335748 | [15.64  6.63  0.09] | 0.6223333450627047
1.214581925022762 | [21.36  7.3   0.25] | 0.5334286351360301
1.2145732965839948 | [28.46  8.55 -0.08] | 0.2846537685586594
1.2139396620727771 | [32.76  9.01  1.89] | 0.18338925423038654
1.213193749074485 | [40.48 10.62 -3.45] | -0.2020474777414465
1.2133923171025336 | [33.39  7.64  3.86] | 0.39256611699432
1.2140793901400473 | [29.06  7.42 -3.92] | 0.394019688322064
1.2150936176417113 | [12.41  3.26  0.82] | 0.9855765563108464
1.2161933352289374 | [14.43  4.35 -4.35] | 0.8314945612027781
1.2172736135469764 | [4.35 1.39 1.76] | 1.0301896252091118
1.2181810128495658 | [11.22  3.45 -3.85] | 0.9062976418531085
1.21890936671059 | [2.98 0.77 2.57] | 1.058016641465121
1.2193794057612886 | [10.59  2.91 -2.96] | 0.9683172578297434
1.2196351101329428 | [2.72 0.27 3.48] | 1.1002059026987085
1.2196286169853658 | [10.29  2.37 -2.1 ] | 1.0295315484198833
1.2194191859788859 | [ 2.43 -0.27  4.33] | 1.111966750795559
1.2189532813749209 | [ 8.04  1.49 -1.74] | 1.078194578383094
1.2182655650868435 | [ 1.43 -0.91  4.99] | 1.0813914159692546
1.2172941441880878 | [ 4.28  0.37 -1.77] | 1.0575771292336764
1.2160681437975207 | [-1.84 -1.95  5.06] | 0.9748251761038002
1.2144990378438898 | [1.37 5.05 4.48] | 1.01249631792028
1.2129078962693594 | [11.05  2.06 -6.2 ] | 1.125997608231971
1.2115751460080453 | [ 6.05 -5.7  -4.88] | 1.2149316614840324
1.2101633360159498 | [-6.76 -7.61  2.25] | 1.0184081800290608
1.2083945711383715 | [-3.1  -0.52  1.76] | 0.9697837926065588
1.20639374622819 | [3.68 7.77 1.42] | 0.9783427670854418
1.2046262195354305 | [13.22  4.8  -9.3 ] | 0.990472142415008
1.2035064772574646 | [ 9.8  -2.09 -9.01] | 1.1092917834537928
1.2031220360840342 | [  0.07 -10.1  -12.16] | 0.8110065865035956
1.2035534226450462 | [-7.18 -5.52 -2.67] | 0.6686059298700631
1.2049766270083475 | [-13.71  -0.96   6.13] | 0.2784374919183592
1.2065613073073007 | [-7.32  6.91  4.57] | 0.33011096416552477
1.2071998075410333 | [ 6.73 16.94  6.91] | 0.21919803305615787
1.2070812604234502 | [19.58 14.82 -4.08] | 0.17000659293517373
1.2068869370610602 | [15.67  7.62 -3.59] | 0.6416709945659727
1.207115832003618 | [11.9   0.49 -2.92] | 0.9360351849918382
1.207512643227351 | [ 5.76 -7.53 -2.54] | 0.9889149451158289
1.2079273146254426 | [ -5.12 -16.7   -6.43] | 0.5139707949824286
1.2090082413177283 | [-11.97  -9.66   5.4 ] | 0.32573820139618226
1.2100425920204565 | [-5.98 -1.61  4.07] | 0.35667116419733597
1.2099501657566518 | [-0.98  5.56  3.03] | 0.3264611549663768
1.2087957226468597 | [12.97 15.58  5.25] | -0.9278995381132058
Total reward: 50.86375859617077
3.5, 0.3, 0.9, 4.5, 2.5, -0.6, -1.5, -2.5, 3.2, -4.2, 0.2, 4.5, -5.5, 3.0, 4.5, -0.1, -4.8, -3.8, -1.5, 2.5, -2.5, -2.5, -1.0, -4.5, 2.2, -3.0, -0.5, 5.3, 1.8, 3.2, 6.0, 2.0, -4.0, 5.8, 2.2, 0.3
parameter ends

state | action | reward
[1.25] | [10.23  2.53  1.36] | 0.9374832308394875
1.2482151711216303 | [20.03  5.12 -4.14] | 0.5968082087064379
1.2471242407587766 | [10.9   2.17  1.9 ] | 0.9022847836407858
1.2454173043346666 | [19.12  4.52 -3.94] | 0.6214588985569196
1.243089855536221 | [10.46  1.7   2.26] | 0.9019886193051007
1.2401383743401064 | [18.95  4.12 -3.49] | 0.6294578950683145
1.2365615850947982 | [10.44  1.34  2.75] | 0.8986506383993698
1.2323580536492882 | [19.01  3.77 -2.98] | 0.6323469711743285
1.2275277696291673 | [10.53  0.99  3.25] | 0.8942028438222123
1.2220700557234938 | [19.11  3.42 -2.47] | 0.6383639721535856
1.2161330254524387 | [9.62 0.44 4.03] | 0.9727816809008487
1.2111560486477675 | [14.18  1.89 -1.18] | 0.9396380186520608
1.2072948016415 | [ 4.09 -1.18  5.67] | 1.0622866308376695
1.2042179446684944 | [ 4.55 -0.37 -0.86] | 1.0235474822944484
1.2018075957780334 | [-3.31 -2.29  3.83] | 0.8609688024258301
1.2004071515092685 | [1.68 5.82 2.23] | 0.8924831186526812
1.1996976040927598 | [10.83  2.76 -8.37] | 0.9627206051550798
1.1997312564735492 | [ 7.37 -4.16 -8.03] | 0.9928245615343962
1.2005413591747116 | [-1.14 -3.77 -2.35] | 0.8221072552479061
1.2023084666743789 | [-8.23  0.61  6.73] | 0.5898147546796805
1.204262948462354 | [ 4.08 10.21  8.19] | 0.6557738916860217
1.2056399631258852 | [15.15  7.52 -2.95] | 0.7611163676711283
1.206956048813473 | [11.59  0.28 -2.32] | 1.029818442493194
1.208437675632989 | [ 6.03 -6.86 -2.75] | 0.9585351882985408
1.210361274431135 | [-2.38 -3.57  6.35] | 0.7593200081098063
1.2122824192318837 | [2.58 3.87 5.22] | 0.756715613631614
1.2134241566584294 | [15.98  6.63 -0.25] | 0.6471911733697864
1.214020417672662 | [18.95  6.43  1.81] | 0.6807109604056343
1.2140437690364052 | [32.22  9.57 -2.97] | 0.06805052815842805
1.2134377551309652 | [28.76  7.63  4.53] | 0.48327054273229175
1.213085449330356 | [36.17  9.09 -0.93] | 0.20515156715504612
1.2133810290819893 | [30.37  6.45  6.03] | 0.5311046469446794
1.2138876996596368 | [24.67  6.08 -2.3 ] | 0.6230667305629702
1.214605272181085 | [9.03 2.09 2.55] | 1.0463123764231077
1.2153387146591013 | [13.11  3.72 -3.62] | 0.8815048434924007
1.216006006237544 | [3.31 0.79 2.51] | 1.0444062497572073
1.216468436441357 | [10.36  2.88 -3.1 ] | 0.9445277345879415
1.216729291833454 | [2.2  0.2  3.31] | 1.0695769087138551
1.2167257465981256 | [ 9.78  2.32 -2.25] | 1.0036935651691814
1.2165056344790088 | [ 1.98 -0.31  4.2 ] | 1.0774982346604163
1.2160199295235623 | [ 7.49  1.44 -1.91] | 1.049986764376932
1.2152942282732773 | [ 1.15 -0.92  4.89] | 1.0502011633546373
1.2142771532213088 | [ 3.97  0.35 -1.9 ] | 1.025579573863809
1.213000786160032 | [-2.24 -2.    4.91] | 0.9398445987229225
1.2113753012882993 | [0.98 5.   4.32] | 0.9798987369780191
1.2097110498807304 | [10.72  2.16 -6.19] | 1.0970725942922188
1.208288505267603 | [ 5.73 -5.61 -4.89] | 1.1804885022720208
1.2069540811147257 | [-4.21 -6.61  0.52] | 0.955507840326379
1.2062583889993195 | [-0.51  0.92  1.07] | 0.9622736718628553
1.2056464517380294 | [10.93  7.53  0.14] | 0.9645836259375742
1.2051449997933255 | [14.61  3.44 -4.69] | 1.0890567564827764
1.2050485443283885 | [11.81 -1.64 -2.59] | 1.1280547100902316
1.2055807356167012 | [ 3.12 -1.34  3.08] | 1.0692938380194799
1.2062482298834838 | [ 7.26  1.36 -3.07] | 0.9979573472689691
1.2068340434124594 | [6.49 1.39 3.66] | 1.129822289924376
1.207557783092981 | [17.73  4.33 -1.12] | 0.9987552581237205
1.208262024787773 | [15.18  3.06  5.67] | 1.2087720650670417
1.2089841344502201 | [25.59  5.54  0.81] | 0.9989920101507962
1.2098251744374398 | [33.79  7.34 -2.69] | 0.5932114014378316
1.2106992785609483 | [20.6   3.52  2.84] | 1.1151208549756877
1.211537258418349 | [19.53  4.22 -4.66] | 0.9640386947911952
1.2123714334782012 | [6.43 0.66 0.64] | 1.244590356478618
1.2129760383927586 | [ 9.64  1.8  -3.15] | 1.134766246446555
1.213252689695046 | [ 0.56 -1.08  2.95] | 1.1516754905864652
1.213154837337005 | [ 4.01  0.48 -3.91] | 1.0972774746556222
1.212519813604409 | [-1.57 -1.86  2.9 ] | 1.053215010335933
1.2112971110304191 | [2.22 5.2  1.75] | 1.054958634668066
1.2091533967054924 | [15.08  2.9  -8.77] | 0.9716883983867461
1.206909247846999 | [11.7  -4.04 -8.32] | 1.040788291021174
1.20555055788239 | [ 3.42 -3.5  -2.82] | 0.9706566922200415
1.205451891383777 | [-3.73 -1.91  2.77] | 0.7487540843937946
1.205979902494321 | [2.31 6.13 1.04] | 0.727122304954392
1.2059440100916246 | [15.12  7.08 -6.25] | 0.6072148656644685
1.2056005720930147 | [12.33  4.47 -1.23] | 0.8642242185952649
1.2055613341303235 | [10.49  2.33  3.6 ] | 1.06693704748368
1.2057247274661969 | [20.91  4.73 -1.45] | 0.8984813888510532
1.2059771183739716 | [17.29  3.05  5.69] | 1.1805291489283283
1.2062807904536248 | [27.26  5.45  1.02] | 0.9585575587380094
1.2067549633232597 | [34.57  7.33 -3.96] | 0.35288037002793016
1.207491968875906 | [15.25  2.67  0.06] | 1.1538825192582114
1.2083135988172211 | [10.26  1.82 -1.  ] | 1.1598820574885627
1.209034516817598 | [-0.76 -1.33  4.71] | 1.1191133089887315
1.2095427539697248 | [3.17 4.46 2.45] | 1.1230570760773435
1.2096093439166595 | [12.72  1.26 -8.69] | 1.0420690971457158
1.2092468825454767 | [ 5.76 -2.49 -3.37] | 1.141906879377148
1.2086934748629459 | [-7.17 -4.42  3.46] | 0.9465068939808405
1.20780690469725 | [-2.17  3.16  2.14] | 0.9381559821207701
1.2063690053846632 | [12.46 13.5   4.7 ] | 0.7368517715481784
1.2039738916547342 | [23.93 10.9  -5.96] | 0.6075261524161897
1.2018386611693443 | [18.39  3.14 -5.02] | 1.1659659404715943
1.2003442861269147 | [14.19 -4.18 -4.48] | 1.34012404292426
1.1995441064282801 | [  4.29 -12.88  -8.41] | 1.1502580384367205
1.1997918931844584 | [-3.   -9.44 -0.54] | 1.0174014373220708
1.20141795878987 | [-6.43 -3.25  6.25] | 0.7933063662689469
1.2036994082748698 | [-0.39  4.82  4.44] | 0.8017986434016108
1.2054133710950137 | [13.34 11.15  2.9 ] | 0.6828489648459768
1.2061083272054882 | [26.43 11.1  -5.3 ] | 0.30274470958610744
1.2060943261859065 | [22.87  5.91 -2.02] | 0.7340899071077716
1.2056407238639906 | [19.25  3.34  4.59] | 1.0681806505794023
1.204980221659425 | [27.96  5.66 -0.24] | 0.6422591246269462
1.2044509492166209 | [17.16  3.48 -0.15] | 0.992385740160316
1.2039863475199335 | [11.25  2.25  0.26] | 1.0998564058942335
1.203478032392289 | [10.68  2.28 -1.33] | 1.0725015856250255
1.2028577924402415 | [ 1.43 -0.57  4.78] | 1.1281692182646705
1.2020628734780967 | [ 5.92  1.04 -1.61] | 1.1138422916004267
1.2010366430219128 | [-0.35 -1.32  5.18] | 1.067112565262039
1.2000028693096236 | [ 4.19  2.49 -0.74] | 1.0630314144286375
1.1993196182150738 | [5.49 1.44 2.39] | 1.2136211245254964
1.1986979384090939 | [15.97  2.55 -3.93] | 1.1430397298704003
1.1981087892073718 | [13.2   1.43  2.76] | 1.2527818492235516
1.1976284745633925 | [16.45  2.87 -3.7 ] | 1.0676073294500157
1.1974701232689675 | [8.21 1.14 0.96] | 1.24267733186734
1.1975262029990876 | [14.22  2.97 -4.7 ] | 1.0627308848967778
1.1976820862895685 | [7.32 1.28 0.43] | 1.211526065792596
1.1978629399372673 | [10.36  2.05 -1.93] | 1.1304907004316918
1.1981163481946375 | [4.44 0.67 2.86] | 1.207198397443124
1.1984095901929361 | [12.17  2.77 -2.97] | 1.0725546757851978
1.1986823253769094 | [6.04 1.23 2.02] | 1.1916776897093666
1.1989302140557925 | [13.83  3.33 -3.8 ] | 1.0224920620655669
1.1991002663289487 | [7.37 1.62 1.36] | 1.1613912225287752
1.1990259976273696 | [16.08  4.07 -4.31] | 0.914867406564595
1.198609628230268 | [9.3  2.2  0.82] | 1.1223694878515194
1.19821157641066 | [15.08  3.7  -3.91] | 0.9668935915440205
1.1978245717789646 | [8.43 1.9  1.27] | 1.1531849186920118
1.1974810009384909 | [15.63  3.85 -4.51] | 0.9770598282251942
1.1969091828272511 | [7.38 1.17 1.65] | 1.2205396020160961
1.1961242134254577 | [14.53  3.11 -4.07] | 1.0522673849484905
1.195458427389046 | [8.11 1.46 1.04] | 1.2257297639902847
1.1949154824015513 | [15.2   3.38 -4.71] | 1.0440121675610015
1.1944362453804391 | [8.51 1.58 0.53] | 1.2260785919927941
1.193992194950227 | [12.17  2.46 -2.43] | 1.1349031485034027
1.193641993276205 | [5.99 0.92 2.44] | 1.251342414427434
1.1933786775466495 | [13.36  2.9  -3.37] | 1.1035683763634236
1.193146180689584 | [6.95 1.24 1.64] | 1.250766496237296
1.192949359201493 | [14.35  3.23 -4.16] | 1.0796269918287598
1.1927316932022765 | [7.71 1.44 1.  ] | 1.2541345976012521
1.1925112115433416 | [15.09  3.43 -4.8 ] | 1.0757785937656417
1.1920567360226524 | [7.01 0.84 1.2 ] | 1.306091424757334
1.1913298181299306 | [14.33  2.83 -4.54] | 1.1325021488115712
1.190656209510631 | [7.9  1.15 0.54] | 1.2917627068861897
1.1900176037076882 | [11.77  2.09 -2.46] | 1.1987260506747548
1.1894761137814973 | [5.79 0.65 2.23] | 1.3052871426053225
1.1890214749427876 | [13.25  2.66 -3.61] | 0.15489863139119894
Total reward: 138.24940374286396
3.5, 0.3, 0.9, 4.5, 2.5, -0.6, -1.5, -2.5, 3.2, -4.2, 0.2, 4.5, -5.5, 3.0, 4.5, -0.1, -4.8, -3.8, -1.5, 2.5, -2.5, -2.5, -1.0, -4.5, 2.2, -3.0, -0.5, 5.3, 1.8, 3.2, 6.0, 2.0, -4.0, 5.8, 2.2, 0.3
parameter ends

state | action | reward
[1.25] | [10.2   2.57  1.37] | 0.9374953099391505
1.2463919175245115 | [20.28  5.15 -4.11] | 0.5852704255914865
1.245306651415516 | [10.97  2.14  1.85] | 0.8969436160255332
1.243608027206877 | [19.1   4.47 -4.02] | 0.6163353849168671
1.2412903140825553 | [10.4   1.65  2.17] | 0.8974225758621116
1.238349217207561 | [18.88  4.07 -3.57] | 0.6254060351959139
1.2347830256715884 | [10.37  1.3   2.68] | 0.893930416929508
1.230590082581217 | [18.94  3.74 -3.04] | 0.6281211208096003
1.2257702788056892 | [10.47  0.97  3.2 ] | 0.8891689431660332
1.2203229473795136 | [19.06  3.41 -2.51] | 0.6405940271783328
1.2146111321060853 | [9.   0.32 4.17] | 0.9853456224147127
1.2099809472634186 | [13.66  1.82 -1.04] | 0.9541218943362842
1.206421077817354 | [ 3.68 -1.23  5.81] | 1.061164275281841
1.2035956482830374 | [ 4.24 -0.4  -0.72] | 1.0154613216248645
1.201534647980049 | [-1.66 -1.49  2.66] | 0.8650824362625127
1.2005156519651932 | [2.77 6.35 1.34] | 0.8736372894147002
1.2000735257774893 | [11.87  3.27 -9.21] | 0.9137006662594122
1.2002899711935655 | [ 7.92 -3.87 -8.61] | 0.9754622148581475
1.2011530946603812 | [-0.94 -3.69 -2.78] | 0.8256731415319941
1.2028680729623187 | [-8.3   0.2   6.03] | 0.5785674735245308
1.204715304159189 | [2.19 9.25 6.83] | 0.6584498646974597
1.2059231055640418 | [13.4   6.58 -4.29] | 0.7637847128914227
1.2070556418200842 | [ 9.97 -0.6  -3.68] | 0.9322831980456762
1.208414927133402 | [ 1.41 -4.82 -1.6 ] | 0.8050064458113343
1.2102942929185152 | [-6.85 -2.84  5.88] | 0.5158415786522356
1.2121329087935782 | [-1.65  4.63  4.71] | 0.5054955762829711
1.2130838882601696 | [12.37 14.74  7.26] | 0.2702006373668195
1.2133155108757339 | [25.22 12.63 -3.51] | 0.06910801481548567
1.2132735052361507 | [21.48  5.38 -2.23] | 0.5381744042330779
1.2131600232915383 | [17.87 -1.89 -0.79] | 0.7437224752584555
1.212648667600979 | [ 6.28 -6.64  1.51] | 0.8229429375223634
1.2112154107785622 | [10.04 -0.31 -0.04] | 0.7000217929901202
1.208883268135716 | [8.51 1.71 2.89] | 0.7755152426280001
1.2063677249120157 | [18.23  5.39 -0.8 ] | 0.6718707093542609
1.2047132933370772 | [14.06  4.02  5.77] | 0.9619884355780928
1.203921503180117 | [22.76  6.34  1.07] | 0.8676477118192916
1.2042700589997621 | [30.92  8.37 -3.61] | 0.5681503040982041
1.205585099247179 | [24.97  5.82  3.97] | 1.109944464644701
1.207528132240384 | [33.65  7.78 -0.65] | 0.7732202030659749
1.2099043729665822 | [29.74  5.81  4.71] | 0.8786472976425442
1.2122432421667617 | [23.08  5.3  -3.94] | 0.957927892003438
1.2146642052682022 | [7.03 1.16 0.71] | 1.3240927158435045
1.2169186186730288 | [ 9.49  2.23 -3.88] | 1.1877425925415042
1.2188674816301557 | [-0.36 -0.81  2.04] | 1.204238511076481
1.2204160963610482 | [ 4.36  2.75 -2.56] | 1.1487922921909197
1.2214313934790988 | [-1.41 -0.77  2.96] | 1.121623589445157
1.2218655220720507 | [3.6  6.65 2.36] | 1.1059225900102854
1.2213843915329365 | [16.61  4.41 -8.12] | 0.9996237405681458
1.2202363501247342 | [12.01 -3.3  -6.78] | 1.2108959217367594
1.218908877630059 | [-1.24 -9.82 -4.71] | 1.1067452488320342
1.217439537427863 | [-13.62  -7.7    6.63] | 0.7470873414911567
1.2155490558209907 | [-9.61 -0.66  5.55] | 0.7722438314534539
1.2127403876822318 | [-3.99  6.78  5.08] | 0.7803424333560416
1.208894699469687 | [10.93 17.2   7.49] | 0.5573950368742461
1.205009132742552 | [19.67 14.11 -2.93] | 0.6648532976011374
1.202276641488079 | [15.33  7.11 -2.42] | 1.1404605182848284
1.200847052709169 | [11.96  0.42 -2.37] | 1.4025195629223752
1.2005841242829813 | [ 7.62 -6.53 -3.79] | 1.3992093578234814
1.2013331698122915 | [ -1.24 -14.72  -8.13] | 1.007244055241399
1.2031945685301269 | [ -7.85 -10.08   0.67] | 0.8660371338474929
1.205648110536313 | [-3.71 -2.58  0.67] | 0.7969470375995408
1.2078274188999922 | [-0.41  4.49  1.12] | 0.7515744399329031
1.2093308083914802 | [13.31 10.99 -0.29] | 0.6261900255027887
1.2103195500087598 | [15.5   5.53 -3.82] | 0.8190910081938907
1.2113218097832814 | [12.16 -1.56 -3.51] | 0.9722539905348903
1.212643485663374 | [  1.3  -10.7   -7.11] | 0.8215320719516286
1.214554529165458 | [ -7.25 -11.2   -2.42] | 0.4981345353167964
1.2173156758853556 | [-14.03  -5.05   8.54] | 0.1314773593213398
1.2202683576567348 | [-8.13  2.69  7.  ] | 0.24869966879512523
1.222428813946073 | [ 5.94 12.81  9.3 ] | 0.2281868952659578
1.2239221341440698 | [18.88 11.59 -0.74] | 0.20331957756070107
1.2251957975725907 | [17.24  5.7  -0.88] | 0.5201456103708748
1.2265057212599828 | [14.96  2.91  4.26] | 0.7106243298927162
1.2273974389283233 | [28.44  7.72  1.15] | 0.2225755200859768
1.2275532023018443 | [41.72 11.9  -2.45] | -0.6835013391558022
1.2270983381063485 | [38.36 10.57  5.79] | -0.29699399161892415
1.2258521235199806 | [51.5  14.08  1.84] | -1.3951193446429353
1.223344709791354 | [63.91 17.25 -2.07] | -2.7336707794107014
1.221129651678556 | [44.66 11.33  2.5 ] | -0.7040425583000085
1.2202309205963933 | [33.64  9.78 -6.74] | -0.09941009309904292
1.2204694208404576 | [16.11  5.52 -1.88] | 0.6947483158515595
1.2211661969975267 | [3.71 2.19 3.84] | 0.902082635012936
1.2220513549528567 | [ 9.05  3.92 -1.98] | 0.8305320593548665
1.2230136591177585 | [0.45 1.2  4.44] | 0.9256007569371871
1.2238586481015217 | [ 7.74  3.32 -1.  ] | 0.9052376228236183
1.2245940016649632 | [0.03 0.64 5.38] | 0.976419457430406
1.2251108634585006 | [ 7.66  2.86 -0.03] | 0.9996899800354682
1.2255471716979929 | [7.25 2.34 0.51] | 1.0576264396872095
1.2259028805863048 | [10.74  3.11 -2.16] | 1.0062585410690958
1.2261355940256635 | [2.8  0.44 4.26] | 1.1340849625694738
1.226182613721262 | [10.01  2.42 -1.4 ] | 1.0781795908418998
1.2261036288617997 | [ 2.01 -0.23  5.02] | 1.1507124383156278
1.2258140463351397 | [ 7.68  1.53 -1.02] | 1.129075760601067
1.2253478739757684 | [ 0.76 -0.91  5.65] | 1.1150308511784406
1.2246191991267819 | [ 3.65  0.44 -1.08] | 1.108180629854526
1.2236423352216843 | [-2.1  -1.83  5.81] | 1.014036887655778
1.2223302048286426 | [1.14 5.19 5.19] | 1.0537941926802739
1.2209849813919174 | [10.8   2.16 -5.53] | 1.1890522221524933
1.2198544828975981 | [ 5.87 -5.59 -4.21] | 1.2740217003809036
1.2186386939086966 | [-6.9  -7.48  2.89] | 1.063575280853529
1.2170997287824397 | [-3.16 -0.35  2.37] | 1.036468038699543
1.2151913689314027 | [2.84 7.47 2.97] | 1.0773071331474104
1.2133138974375826 | [12.32  4.45 -7.72] | 1.152588875937269
1.2118335103861055 | [ 7.14 -3.3  -6.44] | 1.3384116777136368
1.2103265810449615 | [ -6.37 -13.18  -7.91] | 1.0099237937699366
1.2084396386825333 | [-18.75 -10.9    3.8 ] | 0.6089106528828478
1.2058522382930972 | [-14.28  -3.77   3.11] | 0.6522585971990624
1.2028313615565471 | [-5.57  5.28  0.66] | 0.7230815581618462
1.1995789130613903 | [ 7.38 15.3   4.13] | 0.6122588572024954
1.1958747621923775 | [20.2  13.19 -7.19] | 0.47897096984195875
1.1924677581833474 | [16.15  6.31 -7.35] | 0.9327505624663863
1.1905292012491633 | [12.56 -0.27 -7.69] | 1.1376845090119647
1.1898203148847362 | [  5.6   -7.95 -10.49] | 1.0613588537357694
1.1899820613061394 | [ -3.56 -16.27 -14.76] | 0.5498407216836301
1.1909243686300917 | [-10.54 -11.79  -5.64] | 0.45080834586755253
1.1926420157196675 | [-16.92  -6.45   3.98] | 0.13496528297351307
1.1942667598955092 | [-10.72   1.23   2.49] | 0.30291249138047216
1.1949378657608478 | [ 3.39 11.39  4.72] | 0.40622664580169265
1.1951845251500088 | [16.25  9.44 -6.44] | -0.6377815083188278
Total reward: 86.5708182102081
3.5, 0.3, 0.9, 4.5, 2.5, -0.6, -1.5, -2.5, 3.2, -4.2, 0.2, 4.5, -5.5, 3.0, 4.5, -0.1, -4.8, -3.8, -1.5, 2.5, -2.5, -2.5, -1.0, -4.5, 2.2, -3.0, -0.5, 5.3, 1.8, 3.2, 6.0, 2.0, -4.0, 5.8, 2.2, 0.3
parameter ends

state | action | reward
[1.25] | [10.23  2.57  1.43] | 0.9402066157178643
1.2505573744074607 | [20.29  4.92 -4.29] | 0.5897070496935812
1.2494450054087658 | [10.98  1.99  1.75] | 0.9006308123912181
1.247720482101888 | [19.12  4.38 -4.04] | 0.6187162695327789
1.245377594227565 | [10.42  1.6   2.19] | 0.8991362133253715
1.242411718470862 | [18.89  4.05 -3.52] | 0.6270449089039142
1.2388209455856374 | [10.38  1.29  2.73] | 0.8949658814266976
1.234603510536464 | [18.96  3.74 -2.97] | 0.6294513526830083
1.2297592439525722 | [10.49  0.97  3.27] | 0.8899561513324259
1.224287461790563 | [19.08  3.41 -2.45] | 0.6303223641725235
1.2181884784523576 | [10.61  0.63  3.78] | 0.92871657954564
1.2125219335387993 | [15.17  2.09 -1.4 ] | 0.8881326710087616
1.2080823867416255 | [ 4.87 -1.02  5.5 ] | 1.040164336043194
1.204540721191455 | [ 5.11 -0.25 -0.99] | 1.0089509718519418
1.2017664639574286 | [-3.25 -2.36  4.61] | 0.8505992229082809
1.2001361380753421 | [1.83 5.83 2.91] | 0.8844589441933158
1.1992987897530571 | [10.92  2.77 -7.71] | 0.9677905747641449
1.1992674826740948 | [ 7.53 -4.1  -7.43] | 0.9958162501979183
1.2000726201147354 | [-0.87 -3.65 -1.8 ] | 0.825556523377638
1.2018833837857352 | [-7.99 -0.03  6.36] | 0.5585348785101817
1.203951884791841 | [1.76 8.87 6.63] | 0.6305582810785226
1.2054011850182633 | [13.09  6.25 -4.44] | 0.7344038615758345
1.2067416867980703 | [ 9.82 -0.87 -3.89] | 0.8503709445281431
1.2083292809254529 | [ 0.62 -2.27  0.96] | 0.7754655469393212
1.209689953029326 | [ 4.29  1.31 -3.44] | 0.7151713898297642
1.2107392056705404 | [3.16 1.72 4.12] | 0.8186661155242215
1.211682285712448 | [16.66  5.68 -0.17] | 0.6709761914173411
1.2121435003415828 | [20.33  6.35  2.05] | 0.6561405496428452
1.2120672022918435 | [33.62  9.84 -2.38] | 0.008860516706762134
1.2115061847872086 | [28.55  7.53  4.86] | 0.5479388742392172
1.2115944131319996 | [36.12  9.16 -0.28] | 0.2705989605996124
1.2124516723490735 | [34.86  8.02  2.87] | 0.48293254782591677
1.2137524388102465 | [33.3   8.24 -4.11] | 0.27624950109484603
1.2153546342310426 | [14.24  3.63  0.05] | 1.0247497764314568
1.2169954904380926 | [ 9.49  2.77 -0.88] | 1.0197598802109444
1.2184742584594206 | [-0.15 -0.02  4.22] | 1.046830315233462
1.219594501779216 | [ 7.22  3.07 -0.59] | 0.9952930507514411
1.2202827593180126 | [2.45 0.85 2.71] | 1.0683775368169621
1.220558419184993 | [10.43  2.78 -3.16] | 0.9823698014577615
1.2205282433489903 | [ 2.6  -0.01  3.11] | 1.1032473358370802
1.2201716320484592 | [ 9.61  1.96 -2.74] | 1.0365160733081806
1.2195398280129794 | [ 2.39 -0.58  3.82] | 1.0969851571596194
1.218613100775397 | [ 6.8   1.   -2.57] | 1.0841574459755832
1.2174236355307977 | [ 2.78 -0.93  4.83] | 1.1149948235243796
1.2159676399942956 | [ 5.37  0.3  -1.98] | 1.0818706872381796
1.2143204465225972 | [-1.16 -2.08  4.81] | 1.0120809668325517
1.21239406160594 | [1.88 4.89 4.22] | 1.0514127934606394
1.2105077697969961 | [11.45  1.86 -6.44] | 1.1554120488279305
1.208911981850883 | [ 6.32 -5.94 -5.12] | 1.2494166068990236
1.207274200852673 | [-6.52 -7.82  2.03] | 1.040472808000384
1.205743008234471 | [0.11 0.68 0.09] | 1.0816994848156583
1.204649862593753 | [ 5.57  1.93 -1.05] | 1.1248860761305286
1.2042053427732489 | [5.52 1.01 3.55] | 1.2542327768056336
1.2042195992452096 | [16.22  3.13 -2.02] | 1.174377082224811
1.2045299857575633 | [14.17  1.88  4.01] | 1.380630347467751
1.2050945874181225 | [24.35  4.19 -0.95] | 1.1582431318772413
1.205679196025032 | [20.58  2.22  6.05] | 1.4120901805715294
1.2061148826072015 | [23.31  3.31 -0.42] | 1.1065061934186984
1.206548143143152 | [10.88  0.49  0.48] | 1.3686225890388153
1.2068710249792625 | [10.28  0.83 -2.9 ] | 1.27806976984422
1.2070118081421388 | [ 0.05 -2.14  2.88] | 1.2675278411727244
1.2070583741111915 | [ 4.8   0.27 -4.01] | 1.1588425459450358
1.2073186516061807 | [ 1.68 -0.47  1.12] | 1.152185011707619
1.2076108637383725 | [ 8.15  1.6  -5.65] | 1.061057429615317
1.2076802689740644 | [6.75 0.91 0.41] | 1.2115809384911587
1.2075135015412093 | [14.87  2.67 -1.14] | 1.0753994946613328
1.2071581645981848 | [8.55 1.2  3.45] | 1.143964778915627
1.2067995138142154 | [15.6   3.32 -2.87] | 0.9136452065921833
1.206317438538032 | [8.81 1.82 1.72] | 1.0697565953406174
1.2060461492526209 | [15.6   3.73 -4.16] | 0.8742293701634483
1.2058950392449255 | [9.09 2.14 0.92] | 1.0515408329953722
1.205854826552828 | [15.61  3.93 -4.34] | 0.8635568698610918
1.20586395287361 | [9.02 2.22 0.95] | 1.051710560546685
1.2059322116225746 | [15.87  4.1  -4.49] | 0.8569413330685084
1.205999869835622 | [9.06 2.25 0.97] | 1.0587359519978268
1.206088799482809 | [16.07  4.18 -4.59] | 0.8655528710979357
1.2060693194695287 | [8.17 1.7  1.45] | 1.1096144334052258
1.205838720312062 | [15.32  3.68 -4.22] | 0.9395546204576284
1.2054402831164128 | [6.93 0.95 2.12] | 1.173388895005956
1.2048397232806087 | [14.01  2.92 -3.53] | 1.014110832261985
1.2044025069916091 | [7.6  1.3  1.69] | 1.1675646459438838
1.2041152343170687 | [14.65  3.25 -4.02] | 1.0006692339529102
1.203869352538096 | [7.66 1.3  1.49] | 1.1836670130493752
1.2036741549266265 | [14.73  3.25 -4.22] | 1.0243558484381166
1.2033467444714108 | [6.89 0.83 1.77] | 1.229109201127886
1.2029664134028337 | [13.95  2.78 -3.94] | 1.0685313762891246
1.2027108968351694 | [7.47 1.12 1.28] | 1.2274945930157268
1.2025680914552848 | [14.59  3.07 -4.45] | 1.0603746835379555
1.2023671513960714 | [7.24 0.92 1.24] | 1.2550965550659154
1.202138451431305 | [14.37  2.88 -4.49] | 1.0922347088322488
1.2018274087613376 | [6.97 0.69 1.25] | 1.2833563979805158
1.2014910426495198 | [14.08  2.65 -4.49] | 1.1151082702671988
1.2012405040538696 | [7.58 0.96 0.74] | 1.2739189615519522
1.2010463597193717 | [12.81  2.33 -3.43] | 1.148072865575242
1.2009179165154098 | [6.47 0.72 1.64] | 1.2802998176583924
1.2008517323800105 | [13.79  2.72 -4.16] | 1.1158059740545205
1.200794333119645 | [7.24 0.99 1.03] | 1.2753460843643951
1.2007513472221822 | [14.62  3.   -4.75] | 1.1002772971397392
1.2005381806251438 | [7.09 0.72 0.98] | 1.3017500569837113
1.200179143463104 | [14.27  2.69 -4.67] | 1.1254236962020543
1.1998407448226025 | [7.75 0.98 0.54] | 1.2825744529622523
1.1994950116216057 | [11.65  1.93 -2.46] | 1.1851150564966657
1.1992127393225487 | [5.6  0.48 2.37] | 1.2847088921949361
1.1989908030385812 | [13.08  2.51 -3.48] | 1.1339763458361836
1.1987824915666012 | [6.84 0.93 1.49] | 1.2700505320361246
1.1985936366166907 | [14.37  2.97 -4.33] | 1.0910206632761819
1.198375961224641 | [7.86 1.26 0.79] | 1.250021351451665
1.1980930366167681 | [13.94  2.88 -3.75] | 1.0924061816191049
1.1977576359666258 | [7.52 1.22 1.26] | 1.2360315318867512
1.1973037788711105 | [15.42  3.4  -4.51] | 1.0288349980711375
1.1967562607004674 | [8.78 1.63 0.58] | 1.2108339056603108
1.1962232505987012 | [12.88  2.63 -2.72] | 1.1043769703491806
1.1957600740333014 | [6.7  1.1  2.12] | 1.2321904793960894
1.1953736214219381 | [14.11  3.1  -3.7 ] | 1.067387305490951
1.1950107230891156 | [7.69 1.44 1.3 ] | 1.2276331806869354
1.1946872006874132 | [15.06  3.43 -4.5 ] | 1.0411950475755267
1.1943460490042221 | [8.41 1.64 0.67] | 1.2192615004972438
1.1939881397878387 | [13.31  2.89 -3.15] | 1.0946477268967238
1.1936448760409875 | [6.95 1.26 1.82] | 1.2362127590289467
1.193328677087196 | [14.41  3.27 -3.99] | 1.0633072339846217
1.192988386535669 | [7.84 1.52 1.11] | 1.2350913323142663
1.192648533575724 | [15.25  3.51 -4.69] | 1.0453768599782391
1.192236851714855 | [8.35 1.59 0.63] | 1.2341425487570827
1.1917548472991728 | [12.92  2.74 -2.91] | 1.1196293434215747
1.1912914130074885 | [6.62 1.12 2.01] | 1.2532840041004631
1.1908582106884917 | [14.1   3.13 -3.81] | 1.087709125757169
1.1904072557343661 | [7.6  1.41 1.23] | 1.252520819853917
1.1899628161211042 | [15.02  3.41 -4.58] | 0.06696384877835693
Total reward: 130.39835428543594
3.5, 0.3, 0.9, 4.5, 2.5, -0.6, -1.5, -2.5, 3.2, -4.2, 0.2, 4.5, -5.5, 3.0, 4.5, -0.1, -4.8, -3.8, -1.5, 2.5, -2.5, -2.5, -1.0, -4.5, 2.2, -3.0, -0.5, 5.3, 1.8, 3.2, 6.0, 2.0, -4.0, 5.8, 2.2, 0.3
parameter ends

state | action | reward
[1.25] | [10.18  2.6   1.45] | 0.9336183230548397
1.2453749164659424 | [18.7   0.96 -8.63] | 0.6202157807178436
1.24426198654859 | [10.23  0.47  0.08] | 0.9025625977605606
1.2426461838219387 | [10.94  1.69  1.09] | 0.8885148161149743
1.2402789899083302 | [19.58  4.72 -3.98] | 0.5864232109428253
1.2372872604454195 | [11.14  2.2   2.55] | 0.87120544681145
1.2336688978129948 | [19.73  4.7  -3.1 ] | 0.5857558931310692
1.2294235849441744 | [11.24  1.9   3.12] | 0.8673067587376819
1.2245505428381576 | [19.81  4.27 -2.67] | 0.5899971443619819
1.2190501937411784 | [11.32  1.41  3.48] | 0.9086751983560273
1.21392551850658 | [16.1   2.86 -1.8 ] | 0.8441318080049387
1.2099156277143528 | [ 5.91 -0.28  5.  ] | 1.0728648296152614
1.20674500235439 | [ 9.29  0.99 -0.79] | 1.119522501406981
1.2043699152427807 | [ 4.98 -0.9   5.56] | 1.1901529360529308
1.2025811035052483 | [ 6.23  0.01 -0.99] | 1.1537113116630058
1.2014912929069947 | [ 0.76 -1.19  4.19] | 1.079000459696116
1.201223171043348 | [ 3.96  0.6  -3.08] | 1.0270569601845856
1.2015215211119377 | [1.93 0.06 2.39] | 1.0768348854679748
1.2021489433639145 | [ 8.79  2.   -3.5 ] | 1.0675106906950964
1.2029563943741917 | [7.27 1.16 2.84] | 1.2377691560199497
1.2039732149485474 | [17.84  3.71 -2.03] | 1.1212127236208826
1.2050405255039445 | [14.44  1.98  5.05] | 1.3560279533717885
1.2060665467605367 | [21.13  3.81 -0.59] | 1.0223728348505416
1.2070410479224891 | [9.66 0.97 1.76] | 1.269574637154959
1.20784057905162 | [13.95  2.61 -4.5 ] | 1.0896422645379549
1.2084816597619592 | [ 3.97 -0.4   1.49] | 1.247898676131173
1.2088404700335365 | [ 9.53  1.46 -4.57] | 1.1410658005878476
1.2088992480297247 | [ 2.22 -1.08  1.99] | 1.1824587821409933
1.208700786111351 | [ 5.95  0.69 -5.06] | 1.0878453762270117
1.208613070352432 | [4.14 0.09 0.86] | 1.1689234826224506
1.2085628954787946 | [10.61  1.86 -4.2 ] | 1.1236211582151856
1.2084619110308839 | [9.24 1.03 2.21] | 1.3054168887977675
1.208392092399411 | [19.97  3.57 -2.67] | 1.033154158615362
1.2084254386780118 | [10.6   1.32  2.1 ] | 1.225966132777564
1.208594647179322 | [15.47  2.95 -4.21] | 1.0201440942046984
1.2088268735026153 | [7.63 1.06 0.88] | 1.1849420042190213
1.2090757156891934 | [13.65  2.79 -4.28] | 1.015046994936814
1.2093045858483245 | [6.85 1.04 1.05] | 1.166258279668002
1.2095181572353164 | [14.31  3.11 -4.72] | 0.9969371857984723
1.2094516830178526 | [6.36 0.57 1.36] | 1.2012499047187324
1.2091657693845212 | [13.78  2.64 -4.32] | 1.0279791656189774
1.2089283982892043 | [7.5  1.04 0.99] | 1.1810422409553805
1.2087543961296623 | [14.79  3.05 -4.66] | 0.9941656295374077
1.2085988227027056 | [8.2  1.31 0.74] | 1.1647460810361412
1.2084530464355254 | [13.52  2.72 -3.41] | 1.0263598282455941
1.2083356385180468 | [7.09 1.07 1.84] | 1.1678200583245404
1.2082655275867171 | [14.43  3.09 -3.93] | 1.0008078799838431
1.2080792577145558 | [7.14 0.96 1.76] | 1.1819439591819447
1.2078280888685002 | [14.42  2.98 -3.96] | 1.0063621651274635
1.2076231860532065 | [7.86 1.28 1.35] | 1.1696436153104213
1.2074798758115002 | [15.07  3.27 -4.39] | 0.9981971113422197
1.207135252695757 | [7.04 0.73 1.7 ] | 1.2140180360362889
1.2066442020899673 | [14.17  2.72 -4.  ] | 1.0440421883504512
1.2062692532641706 | [7.78 1.11 1.23] | 1.2011519607820007
1.206013235757576 | [14.91  3.08 -4.49] | 1.0181452808655727
1.2058220481457278 | [8.24 1.32 0.85] | 1.1941073739745254
1.2056875754626937 | [14.25  2.95 -3.98] | 1.0496328605738672
1.2054135801547345 | [6.76 0.71 1.8 ] | 1.2319205579333143
1.205101283371252 | [13.91  2.7  -3.93] | 1.0676056704477948
1.2048778055145468 | [7.47 1.05 1.28] | 1.22242205157998
1.2047441278008852 | [14.67  3.03 -4.46] | 1.0428893642656156
1.2046452051099255 | [7.98 1.25 0.88] | 1.2167624931951102
1.204578017298967 | [14.24  2.95 -4.13] | 1.0721972656852619
1.2042838485796716 | [6.4  0.51 1.83] | 1.2630165386510863
1.2038867685683612 | [13.58  2.5  -3.91] | 1.1032246986137335
1.2035851313711945 | [7.27 0.91 1.24] | 1.250937236693649
1.203378508892889 | [14.5   2.89 -4.51] | 1.0730390873975548
1.2032111812197273 | [7.91 1.16 0.75] | 1.2394097375115904
1.2030673534548526 | [13.3   2.58 -3.51] | 1.10418331607577
1.2029573683955588 | [6.86 0.92 1.62] | 1.2452736669126885
1.2028880649901288 | [14.21  2.93 -4.17] | 1.0726571325426415
1.202810594566796 | [7.57 1.17 1.09] | 1.2393155360796337
1.2027393514904274 | [14.92  3.18 -4.7 ] | 1.0673833786736822
1.2023849650980734 | [6.62 0.47 1.46] | 1.2914606280419532
1.2017734661297417 | [13.85  2.47 -4.26] | 1.1234157705506267
1.2012544556269176 | [7.59 0.9  0.84] | 1.2740097354395632
1.2008191505751256 | [13.69  2.53 -3.98] | 1.123576663049371
1.2004517666740877 | [7.36 0.94 1.08] | 1.2749561821099333
1.2001589851932908 | [14.66  2.92 -4.7 ] | 1.0924953096445371
1.1998851127614212 | [8.08 1.19 0.5 ] | 1.2558942370199857
1.1995999041648557 | [11.66  2.05 -2.27] | 1.1628982903281213
1.1993802419532333 | [5.62 0.6  2.54] | 1.26070420886732
1.1992215946582283 | [13.12  2.64 -3.31] | 1.1100855016282059
1.1990755874207837 | [6.87 1.07 1.66] | 1.245036393906313
1.1989474145249739 | [14.42  3.11 -4.16] | 1.0659089653803608
1.1987873913700677 | [7.89 1.4  0.96] | 1.2214644238337113
1.1984852782494864 | [15.46  3.48 -4.55] | 1.0158358796458058
1.19807116192246 | [8.77 1.68 0.61] | 1.1995842263458947
1.1976487425080877 | [13.11  2.76 -2.84] | 1.0859739891211775
1.1972682588724208 | [6.84 1.18 2.07] | 1.2187926272553724
1.1969417586499504 | [14.27  3.19 -3.75] | 1.0500961874462122
1.196619006571037 | [7.78 1.49 1.32] | 1.2139525864005392
1.1963204416485993 | [15.15  3.49 -4.48] | 1.0258700036028636
1.1959925325053724 | [8.45 1.68 0.74] | 1.20822775322546
1.1956450975774757 | [13.88  3.09 -3.51] | 1.068493286932434
1.1952928884637095 | [7.38 1.38 1.57] | 1.2250042603828268
1.1949569609500514 | [14.78  3.38 -4.23] | 1.0523495693628506
1.194462560895747 | [7.46 1.21 1.34] | 1.250461070395147
1.1938745945152818 | [14.79  3.2  -4.43] | 1.0703006859814357
1.1933039018733806 | [8.22 1.45 0.72] | 1.2442033836102617
1.1927543228748196 | [13.42  2.79 -3.39] | 1.114942247934807
1.1922441497894194 | [7.07 1.16 1.58] | 1.2620742318643272
1.191785263296756 | [14.45  3.15 -4.22] | 1.0896644598667802
1.1913243938013438 | [7.88 1.4  0.88] | 1.2616430509636507
1.1908753972390378 | [14.35  3.11 -4.21] | 1.1002770929323118
1.1904147928953885 | [7.77 1.35 0.9 ] | 1.271592059814279
1.1899576580431048 | [14.37  3.1  -4.28] | 1.1169873625659128
1.18930545195636 | [7.05 0.93 1.25] | 0.3077743758468278
Total reward: 118.69099991079625
3.5, 0.3, 0.9, 4.5, 2.5, -0.6, -1.5, -2.5, 3.2, -4.2, 0.2, 4.5, -5.5, 3.0, 4.5, -0.1, -4.8, -3.8, -1.5, 2.5, -2.5, -2.5, -1.0, -4.5, 2.2, -3.0, -0.5, 5.3, 1.8, 3.2, 6.0, 2.0, -4.0, 5.8, 2.2, 0.3
parameter ends

state | action | reward
[1.25] | [10.15  2.6   1.39] | 0.9252971283118847
1.2481251485628815 | [19.65  5.16 -4.15] | 0.5987901720004962
1.247070731230993 | [10.72  2.26  1.95] | 0.8965949381248721
1.2453969199327473 | [19.04  4.62 -3.87] | 0.616798510502549
1.243100757587444 | [10.43  1.8   2.33] | 0.8956793876201453
1.2401796740426312 | [18.94  4.21 -3.43] | 0.6236026883617656
1.2366329305556947 | [10.44  1.42  2.79] | 0.8925645084980668
1.2324593704164464 | [19.    3.84 -2.94] | 0.6266368028724332
1.2276591142748376 | [10.52  1.05  3.28] | 0.8884541931450691
1.2222315083628412 | [19.09  3.47 -2.45] | 0.6326874311748178
1.2163237837352254 | [9.62 0.5  4.06] | 0.9645369571342803
1.2113696853889748 | [14.22  1.97 -1.13] | 0.9290436996930354
1.2075258660233292 | [ 4.14 -1.1   5.73] | 1.0513103117205143
1.2044630557548286 | [ 4.61 -0.28 -0.79] | 1.0226071171023035
1.2020443214603058 | [-2.99 -2.27  3.85] | 0.8776655988449537
1.200553345228531 | [1.87 5.8  2.3 ] | 0.907690666186848
1.1997784895074532 | [10.95  2.72 -8.28] | 0.9786589003659113
1.1997670257847848 | [ 7.41 -4.22 -7.9 ] | 1.0113204923857673
1.200538773360501 | [-1.11 -3.85 -2.23] | 0.839997484966819
1.2022750280558063 | [-8.19  0.54  6.84] | 0.6018440737156221
1.2042097436740982 | [ 3.81 10.05  8.17] | 0.6694793538449016
1.2055662793362332 | [14.87  7.35 -2.96] | 0.7797205211304745
1.2068638231833897 | [11.35  0.13 -2.35] | 1.0321305059473405
1.2083399966030173 | [ 5.24 -7.14 -3.06] | 0.9463750092517378
1.2102891396158288 | [-3.07 -3.73  6.1 ] | 0.7408475758796421
1.2122580682546882 | [1.94 3.74 4.95] | 0.7461341993761036
1.2134523282786294 | [15.36  6.54 -0.48] | 0.6484022985832114
1.2141459352087414 | [16.42  5.77  2.88] | 0.7522971879669753
1.2143263743540509 | [29.72  8.92 -1.97] | 0.2195357840863612
1.213898320082343 | [26.45  7.03  5.55] | 0.5465754494998367
1.2130486751286915 | [36.16  9.17  0.41] | 0.17504200591838326
1.2129588554064492 | [39.04  9.3  -1.02] | -0.032337983325916975
1.2133952563243038 | [19.69  4.36  3.14] | 0.8937693649907421
1.2140274692581794 | [19.02  5.09 -4.01] | 0.7615081393889469
1.214816267444044 | [6.68 1.73 1.63] | 1.047161431393221
1.2155526268798849 | [12.33  3.6  -4.18] | 0.8953714010344493
1.2161879474431465 | [3.47 0.83 2.15] | 1.0639586429389496
1.2166138056813427 | [10.79  2.92 -3.4 ] | 0.9635899882674255
1.216856217040568 | [2.81 0.27 3.05] | 1.1037946349872862
1.2168563918991933 | [10.32  2.36 -2.51] | 1.0293102375713932
1.2166695358068986 | [ 2.48 -0.28  3.94] | 1.1182686835513695
1.2162382371016427 | [ 8.04  1.48 -2.14] | 1.0820502547098287
1.2155950378161295 | [ 1.51 -0.92  4.62] | 1.0916428272400431
1.2146758823505404 | [ 4.3   0.35 -2.16] | 1.0617758872476968
1.21350931196424 | [-1.94 -2.    4.64] | 0.9833568176756868
1.212001830498239 | [1.27 5.   4.05] | 1.0223346871665833
1.2104581302356021 | [10.99  2.01 -6.63] | 1.1282546052280944
1.2091465685070477 | [ 6.01 -5.76 -5.32] | 1.2176168307989086
1.2077479952553825 | [-6.83 -7.68  1.79] | 1.0104995794079603
1.2062606750057974 | [-0.63  0.58  0.13] | 1.0148876615027855
1.2051327150082263 | [5.54 6.47 3.5 ] | 1.0689433721612966
1.2043242611534601 | [15.34  3.56 -7.34] | 1.072407302223731
1.204024888937169 | [12.04 -3.36 -7.08] | 1.1367861303337088
1.2043849975005887 | [ 3.29 -2.91 -1.16] | 1.0665649103145876
1.2056666678238237 | [-4.44 -2.1   4.19] | 0.8202030669996858
1.2072518410943445 | [1.2  5.67 2.73] | 0.8164624992891822
1.208140341528552 | [14.45  6.56 -4.88] | 0.7408538993417271
1.2087241437616538 | [11.57  1.95 -1.99] | 0.9852083065807703
1.2095733474815498 | [9.82 1.53 4.76] | 1.1186530165302508
1.2102562162390547 | [23.26  5.3   0.27] | 0.8082173918080183
1.210242046557612 | [30.53  7.04  0.13] | 0.5512909269250625
1.209946887895556 | [32.93  7.15  0.55] | 0.6152013506811933
1.2102349484722568 | [37.69  7.96 -1.4 ] | 0.38320553190454
1.2108507184936506 | [22.65  3.79  3.97] | 1.0424016801062796
1.2116117157106137 | [19.59  4.2  -3.81] | 0.9610309851883376
1.2125357401821957 | [5.6  0.57 1.38] | 1.236601072881655
1.2133658724405194 | [11.03  2.51 -4.6 ] | 1.0796890219638664
1.2139983081266532 | [ 1.8  -0.34  1.57] | 1.1882727093507295
1.2143141968396696 | [ 7.88  1.63 -4.42] | 1.1089736656501221
1.2142790484540569 | [ 1.11 -0.82  2.25] | 1.1498490996487873
1.2138634290201666 | [ 4.95  0.71 -4.38] | 1.108646329602905
1.2130407955260096 | [ 0.55 -1.31  2.84] | 1.1279162421094955
1.2118092392210107 | [ 3.26  0.04 -3.98] | 1.0566161305038317
1.2102667373821585 | [-4.51 -2.7   2.33] | 0.9583670999316893
1.2083072489303097 | [-0.83  4.41  1.69] | 0.9440855772000667
1.206197520355123 | [10.98 13.06  3.1 ] | 0.8728543067683836
1.2043204708139736 | [20.    9.91 -7.61] | 0.8605989416364763
1.2030018347825153 | [15.09  2.37 -6.74] | 1.326615201669432
1.2022940618117672 | [11.44 -4.7  -6.37] | 1.4400025140474948
1.202248847658799 | [  1.6  -13.37 -10.28] | 1.2067792283454324
1.2031164682283364 | [ -6.46 -15.98  -8.67] | 0.8242155482566174
1.2052861708050624 | [-12.46  -7.94   3.44] | 0.7023606141455521
1.208134057407261 | [-6.1   0.19  1.62] | 0.7808523384425348
1.210408129596459 | [4.05 9.12 2.61] | 0.7970585862000613
1.2117855726962372 | [17.22  9.2  -5.72] | 0.6487788693311161
1.2126987231784254 | [13.87  5.62 -1.05] | 0.9649988359283261
1.2136399945767822 | [11.21  3.18  4.15] | 1.172456135010957
1.2142914240480094 | [24.56  6.06 -1.23] | 0.8141748011579512
1.2143922695299987 | [21.34  4.07  5.87] | 1.069989728057112
1.2137431869129711 | [34.69  7.35  1.47] | 0.4536545639969398
1.2119048268836305 | [47.89 10.68 -2.61] | -0.5406796278386858
1.2094651049445222 | [38.87  7.05  4.09] | 0.20832275734053507
1.2077941036209554 | [28.88  5.77 -5.31] | 0.6324298380852866
1.2069722507341056 | [11.7   1.59 -0.73] | 1.2105255688704566
1.2064813819978752 | [ 1.59 -1.04  3.17] | 1.2358864883399767
1.2060868023245859 | [ 3.95  0.29 -3.57] | 1.1850819416121028
1.205620855900682 | [-2.57 -2.06  3.28] | 1.1185749038122623
1.2049628791935991 | [0.67 5.02 2.62] | 1.1529186602718917
1.2042293546753977 | [10.83  4.01 -5.8 ] | 1.242404602562216
1.2033879605559192 | [ 6.08 -3.83 -4.49] | 1.3935978917974674
1.2023427541923968 | [ -7.2  -10.66  -2.87] | 1.1169553627746465
1.2013091368712827 | [-17.63  -7.82   7.3 ] | 0.6196542092887225
1.201165619338325 | [-8.44  1.6   4.24] | 0.8664264669103233
1.2010691561247422 | [ 6.87 12.25  5.89] | 0.8673852263291193
1.2001575086402159 | [19.8  10.02 -5.21] | 0.7768643745236553
1.1988981894343216 | [16.5   2.94 -5.26] | 1.1748069978681852
1.198144424203532 | [13.61 -3.93 -5.46] | 1.2852968263747
1.1980784547103374 | [  4.   -12.51  -9.69] | 1.0667392891762886
1.1991109573445529 | [-3.16 -8.02 -0.84] | 0.965340740000625
1.2015914532481042 | [-8.53 -2.6   7.18] | 0.6724085476478694
1.204762454938573 | [-2.44  5.43  5.33] | 0.6798749055588231
1.2073368770090773 | [11.59 15.52  7.79] | 0.44732461945659313
1.2089795456538335 | [24.51 13.31 -2.94] | 0.28975424338630673
1.2100588294042924 | [20.73  5.89 -2.23] | 0.7871603318674141
1.21090626984658 | [17.05 -1.52 -1.57] | 0.9964555900417574
1.2113937567024113 | [ 3.8  -5.3   3.41] | 1.0711839159326566
1.2113884645658295 | [8.05 0.04 0.15] | 0.9739181105538283
1.210868945932381 | [10.56  2.59  1.12] | 0.9757251591680439
1.2096921944057932 | [24.06  6.93 -2.44] | 0.5816615134989475
1.207877018803781 | [20.98  5.58  5.09] | 0.8349028179364814
1.2052918518271238 | [34.34  9.04  0.91] | 0.2581716845829012
1.2022489630099742 | [41.26 10.28 -3.63] | -0.21394565580434421
1.2001457990393327 | [22.67  5.38  0.7 ] | 0.8768203924288815
1.1988950101510598 | [19.84  5.16 -4.71] | 0.8866819552951144
1.1982493034318766 | [7.66 1.71 0.91] | 1.2368379725746954
1.197872793063925 | [12.22  3.05 -4.53] | 1.1280823107155593
1.1976436316648051 | [3.22 0.15 1.71] | 1.314563396686407
1.1973674695975065 | [10.04  1.97 -4.02] | 1.2423587411506776
1.1970346928908673 | [ 1.98 -0.76  2.34] | 1.3206191858481173
1.196576620849201 | [ 5.35  0.56 -4.39] | 1.2858251952080626
1.1959321472116207 | [ 0.01 -1.68  2.61] | 1.3052119550287622
1.1950153332746711 | [ 2.48 -0.31 -4.19] | 1.2194881763906091
1.194015342692846 | [-5.33 -2.63  0.79] | 1.0599790364647441
1.1934940156866234 | [-0.16  5.31 -0.16] | 1.015509422400692
1.1930881413163574 | [5.4  7.9  2.39] | 1.1338432695147462
1.1925146621015117 | [15.59  4.86 -8.53] | 1.124671204276439
1.1919332534639138 | [12.31 -2.29 -8.25] | 1.2801263540193455
1.1918112205139004 | [  2.22 -11.12 -12.26] | 1.0705680178142236
1.192695973574269 | [-5.5  -8.57 -5.2 ] | 0.9433728283388659
1.1950343270112254 | [-12.09  -3.66   3.52] | 0.6691080382973991
1.1980546322399384 | [-6.04  4.31  1.75] | 0.722651987019665
1.2003786480486007 | [ 8.05 14.4   4.26] | 0.6289307004208107
1.2017433139177895 | [21.03 12.21 -6.49] | 0.4810587143843509
1.2025944771655372 | [17.25  4.8  -5.87] | 0.9443524729272461
1.2033255450475764 | [13.6  -2.57 -5.11] | 1.121757947899846
1.2037230131702306 | [ 0.47 -7.16 -1.16] | 1.0757397670434856
1.2045416311265869 | [-7.14 -4.16  6.18] | 0.8050443837863003
1.2057846064920785 | [-1.57  3.6   4.52] | 0.819531287231924
1.2063517745139927 | [12.45 13.74  6.9 ] | 0.6064018754424962
1.2061485070450912 | [25.35 11.59 -4.02] | 0.402266601171851
1.2055615593309432 | [21.53  4.21 -3.31] | 0.8750828968944226
1.2047741329343502 | [17.99 -3.14 -1.88] | 1.0559856579056341
1.203546760926984 | [ 4.96 -6.34  3.59] | 1.139101800356914
1.2019476421509208 | [ 9.94 -0.18  0.12] | 1.0112833477774301
1.200109261006465 | [12.01  2.78  0.59] | 0.9974143549812291
1.1979393184113047 | [22.07  6.15 -0.93] | 0.7406390009657239
1.195548331538707 | [21.03  5.74  5.06] | 0.8860895880339129
1.19280873835117 | [34.09  9.1   0.41] | 0.3574214815305534
1.1901895434658005 | [36.49  8.92 -1.11] | 0.42184473638608955
1.1884061814614277 | [29.58  5.8   6.25] | 1.1086961180489325
1.1870317802442714 | [37.68  7.24  1.52] | -0.44515961425687656
Total reward: 142.37990303854681
3.5, 0.3, 0.9, 4.5, 2.5, -0.6, -1.5, -2.5, 3.2, -4.2, 0.2, 4.5, -5.5, 3.0, 4.5, -0.1, -4.8, -3.8, -1.5, 2.5, -2.5, -2.5, -1.0, -4.5, 2.2, -3.0, -0.5, 5.3, 1.8, 3.2, 6.0, 2.0, -4.0, 5.8, 2.2, 0.3
parameter ends

state | action | reward
[1.25] | [10.16  2.58  1.45] | 0.907803918448133
1.2486547251140205 | [18.82  4.85 -4.45] | 0.6248031448322666
1.2475619408137866 | [10.37  2.    1.73] | 0.9080747564003443
1.2458413507317552 | [18.95  4.42 -4.02] | 0.6274172692325017
1.243494083419763 | [10.47  1.64  2.23] | 0.9042696551636313
1.2405199490057612 | [19.03  4.09 -3.48] | 0.6296791197484574
1.236919522890466 | [10.54  1.32  2.77] | 0.8994268279824125
1.2326923164551014 | [19.1   3.76 -2.95] | 0.6316053252018741
1.2278387545516638 | [10.6   0.98  3.29] | 0.8942587590332336
1.2223583201331374 | [19.16  3.42 -2.43] | 0.6398918133059098
1.2164618300174697 | [9.44 0.4  4.13] | 0.9791614297774627
1.2115884480538641 | [13.99  1.86 -1.08] | 0.9476358628116319
1.2078262103361876 | [ 3.92 -1.2   5.77] | 1.0637285235696112
1.204838057100106 | [ 4.4  -0.38 -0.75] | 1.031150985945045
1.2024501984865668 | [-4.51 -2.96  4.06] | 0.8775804544031222
1.2006928354191284 | [0.5  5.18 2.46] | 0.9109679391385349
1.199700251044418 | [10.05  5.24 -4.82] | 0.9947330371762712
1.1995094085032953 | [ 6.87 -1.55 -4.65] | 1.0855533076118142
1.2001781385250785 | [-2.44 -9.41 -8.03] | 0.7615832131119162
1.2018275835307972 | [-9.34 -4.46  1.53] | 0.5566447376226056
1.2037903299447872 | [-3.40e+00  3.40e+00 -6.05e-04] | 0.5648577559711807
1.2052830200715086 | [ 3.39 11.38  7.82] | 0.5135928505258385
1.2062887254784112 | [16.34  9.23 -3.16] | 0.5452779553516643
1.2070574831084384 | [12.73  2.04 -2.74] | 0.9008371729094203
1.208093640262235 | [ 9.69 -4.89 -2.61] | 0.9301665957235682
1.2095028391668377 | [ 0.32 -4.62  3.65] | 0.80725213669413
1.2106950002426065 | [4.61 0.56 0.44] | 0.7793125294390302
1.2110966338939666 | [11.34  3.81  0.28] | 0.751671311212763
1.2109907833293125 | [18.84  6.23  0.56] | 0.6295585790982927
1.2103973644637556 | [28.48  8.85 -1.14] | 0.2495201559049025
1.2094069540134609 | [24.22  6.89  6.31] | 0.6515252244329597
1.2090325174859113 | [32.01  8.62  1.15] | 0.46439336733555536
1.2097372670484354 | [39.6  10.32 -3.61] | 0.069315938454513
1.2112278579916553 | [33.35  7.6   4.1 ] | 0.6543031798559253
1.2130122664778502 | [31.67  7.78 -2.97] | 0.4467876261396271
1.215052223937278 | [12.11  3.02  0.98] | 1.1413987143423219
1.2171469026725237 | [14.59  4.42 -5.52] | 0.9273565518130944
1.2191416254565952 | [3.77 1.28 0.33] | 1.1127919482499296
1.220788607262157 | [ 5.94  1.88 -1.39] | 1.061325318747449
1.2219899509682688 | [-2.35 -0.9   4.81] | 0.9753185986991352
1.2227648056504303 | [2.22 6.48 4.28] | 0.9745192278547882
1.2230293449218153 | [12.82  3.59 -6.54] | 0.986184681106586
1.222893138027901 | [ 6.46 -4.71 -6.12] | 1.0743961138106188
1.2224219514773071 | [-6.41 -6.38  1.06] | 0.9190830402912529
1.221485377614686 | [-2.55  0.67 -0.05] | 0.9198475408550028
1.219788497196559 | [1.16 7.47 8.28] | 0.9091160746706375
1.217222287838642 | [14.21  5.24 -2.29] | 1.001409312278086
1.214347000194886 | [ 8.73 -2.61 -0.9 ] | 1.2149580316943658
1.2116090090516138 | [ -4.1  -12.19  -2.87] | 0.9677760805569623
1.208694707674505 | [-16.41  -9.83   8.86] | 0.45913969156359624
1.2060943696432722 | [-6.81 -0.14  5.67] | 0.6490495841035517
1.2041235117618818 | [3.59 9.45 4.87] | 0.6878785268263753
1.2024925514185543 | [13.71  6.66 -6.2 ] | 0.7567327311713445
1.2015386182367602 | [11.18  0.14 -6.42] | 0.9508266597157327
1.2014468148219237 | [ 6.26 -6.53 -7.83] | 0.832889865335084
1.2022124306007402 | [-1.33 -3.    0.57] | 0.7154592265441989
1.2033435128479262 | [1.45 3.98 1.43] | 0.6803540938861784
1.2039580930169917 | [14.85  6.72 -4.28] | 0.5469578720673942
1.2043851839086641 | [12.45  5.09  1.54] | 0.7725420427057221
1.2046853511308717 | [25.8   8.3  -3.53] | 0.34875807480120613
1.2048029795112218 | [21.01  6.    3.04] | 0.7934937166726175
1.2055210037556798 | [29.83  8.02 -2.09] | 0.5065399327172826
1.2068481193180258 | [24.35  5.6   5.31] | 0.9904197361583907
1.208556603910858 | [33.37  7.68  0.62] | 0.6852448827512079
1.2106894406118869 | [39.37  8.82 -1.52] | 0.33133995474450373
1.2129098302066226 | [23.94  4.56  3.77] | 1.029400068738014
1.2151287468474665 | [20.06  4.84 -4.36] | 0.9527568010065791
1.217431292207814 | [5.41 1.08 0.63] | 1.2364300587913744
1.219572805264993 | [ 8.12  2.2  -3.28] | 1.122346324750339
1.2213642904931927 | [-1.26 -0.7   2.75] | 1.1028232758099028
1.2227143531444506 | [4.06 6.85 2.2 ] | 1.0615449501052685
1.2231729601761667 | [15.06  3.99 -8.98] | 0.9271029079996255
1.2228300295756551 | [ 8.13 -4.48 -8.73] | 1.0567039036836892
1.2221282811685492 | [-4.88 -6.08 -1.61] | 0.9651272850806528
1.221258564130254 | [-17.49  -4.27   9.08] | 0.44086286530693514
1.219877691207619 | [-13.53   2.69   7.88] | 0.549150960721911
1.2174599890277873 | [ 0.64 12.69 10.56] | 0.6532380097776072
1.213910345137319 | [13.85 12.65  2.37] | 0.761014654091638
1.209390727721323 | [26.74 10.47 -8.12] | 0.4191629357831187
1.2044650651517248 | [21.16  2.7  -6.58] | 1.0394070262192863
1.200597468793909 | [14.08 -5.4  -5.07] | 1.344821636295582
1.1981595187946332 | [  4.15 -13.78  -9.3 ] | 1.1742988487125765
1.1971934993470068 | [ -3.79 -21.58 -14.11] | 0.5394265073708128
1.1977353261319592 | [ -8.94 -11.1   -0.06] | 0.6898283201693709
1.1997070390511513 | [-8.44 -2.94  4.71] | 0.5577953575153544
1.2021103688605024 | [-2.13  5.18  2.83] | 0.5595401675411606
1.2039102644843276 | [11.91 15.29  5.28] | 0.33556461567901774
1.2048117462837067 | [24.86 13.58 -4.91] | 0.09198936129202184
1.2052212901906043 | [21.16  7.2  -3.15] | 0.581118371518484
1.205525524218383 | [17.69  2.21 -0.05] | 0.9001701315846553
1.2055890554537814 | [21.16  4.15  3.01] | 0.9334012697283112
1.2058236055135751 | [30.27  7.07 -1.06] | 0.6238916925930851
1.2063260527868362 | [25.06  5.11  6.9 ] | 1.0678503615612918
1.2068486379128553 | [34.34  7.34  2.48] | 0.6010660965665915
1.2075213686704411 | [30.98  7.49 -5.13] | 0.5011748227206387
1.2086334043911626 | [13.05  3.14 -0.88] | 1.1579045432438027
1.2100207168088 | [ 1.02 -0.07  3.63] | 1.2332357503805338
1.2111890167488415 | [ 7.48  2.07 -2.37] | 1.1437000471627656
1.211985911659899 | [-1.37 -0.8   3.7 ] | 1.1028315419418284
1.2124067423790335 | [3.46 6.63 3.  ] | 1.070379236870965
1.2119283541912464 | [15.05  3.94 -7.92] | 0.9579948572386427
1.210582849435632 | [ 8.39 -4.47 -7.59] | 1.0774897184176646
1.2089905956207856 | [-4.42 -5.53  0.26] | 0.9940415473821005
1.20729517729402 | [-6.64 -0.35  3.58] | 0.8554795000713332
1.2049469230191712 | [0.47 7.64 3.71] | 0.8881674309770408
1.2017572153747162 | [11.98  8.21 -3.14] | 0.9487885182122415
1.1987806577890783 | [ 8.25  1.02 -2.45] | 1.2675900242962599
1.196709128210244 | [ 6.72 -5.26 -3.06] | 1.2803427135038106
1.1957455029181523 | [ -1.57 -12.64  -7.19] | 0.9226470306933401
1.196308922767754 | [-7.54 -6.01  2.88] | 0.7889350435599224
1.1977777802140788 | [-1.08  2.22  0.83] | 0.8205885956708194
1.1988019560113514 | [11.67 11.97  4.15] | 0.6658198276521685
1.1989538646399187 | [24.69 10.56 -5.76] | 0.3977641926602604
1.1985354622507622 | [20.96  3.17 -5.14] | 0.8371499039887061
1.198044170661604 | [17.31  1.87  1.92] | 1.1710371212040322
1.1977739030436974 | [26.93  5.27 -1.66] | 0.9003543499197849
1.1976212407356381 | [22.05  3.58  6.53] | 1.2901474678807163
1.197375591990096 | [31.6   5.96  2.19] | 0.8742471779940588
1.197230873776247 | [29.08  6.31 -5.3 ] | 0.734759425840267
1.1976118846138515 | [11.79  2.09 -0.98] | 1.3194573379942076
1.1983213079472996 | [-0.76 -1.35  4.1 ] | 1.3066092109678185
1.199012932418245 | [3.15 4.48 1.79] | 1.2836820824584192
1.1992509899090942 | [12.26  1.61 -9.09] | 1.1836987365291247
1.198934287191928 | [ 4.91 -2.5  -4.2 ] | 1.2911105988111302
1.1984520524376692 | [-8.15 -4.79  2.05] | 1.0922818529716039
1.1976763814708022 | [-4.35  2.3   0.87] | 1.1098042500892158
1.1960506429090987 | [ 8.65 12.03  4.49] | 1.0207323068839287
1.1932420783352657 | [21.69  9.78 -5.86] | 0.8458289242165381
1.1897904490033133 | [18.13  2.53 -5.33] | 1.2890443575481298
1.1868783908958949 | [14.39 -4.68 -5.11] | 1.4517765004839305
1.1847990401372062 | [  4.85 -13.25  -9.47] | 0.2819109648072212
Total reward: 111.40379256554002
3.5, 0.3, 0.9, 4.5, 2.5, -0.6, -1.5, -2.5, 3.2, -4.2, 0.2, 4.5, -5.5, 3.0, 4.5, -0.1, -4.8, -3.8, -1.5, 2.5, -2.5, -2.5, -1.0, -4.5, 2.2, -3.0, -0.5, 5.3, 1.8, 3.2, 6.0, 2.0, -4.0, 5.8, 2.2, 0.3
parameter ends

state | action | reward
[1.25] | [10.19  2.57  1.5 ] | 0.90140054933987
1.2539641174721499 | [18.76  4.96 -4.28] | 0.6190725601287795
1.2528860562670003 | [10.29  2.16  1.95] | 0.8995046814680763
1.2511807514847384 | [18.86  4.58 -3.8 ] | 0.6224666841615725
1.2488486447517295 | [10.39  1.79  2.43] | 0.8964898046534311
1.2458892411689617 | [18.97  4.21 -3.31] | 0.6250573348551465
1.2423030155108414 | [10.49  1.42  2.92] | 0.8927789353553697
1.2380894889171647 | [19.06  3.83 -2.82] | 0.627116284276551
1.2332491436704094 | [10.58  1.04  3.4 ] | 0.8885023629260109
1.2277815029741659 | [19.15  3.46 -2.34] | 0.6287185675475897
1.2216870492035616 | [10.66  0.66  3.87] | 0.9084325224683886
1.2155704355293833 | [16.09  2.33 -1.47] | 0.8381687680936354
1.2106662809532809 | [ 5.6  -0.83  5.44] | 1.0270488490859817
1.2067490925611246 | [ 6.37  0.03 -0.84] | 1.0295967009668265
1.2036661507455548 | [-1.89 -2.54  5.  ] | 0.9562840242507473
1.2011956918858333 | [1.36 4.93 4.08] | 0.9957944006271461
1.1996827134322172 | [10.2   1.86 -6.47] | 1.112926287608912
1.1991852824417213 | [ 6.83 -4.93 -6.23] | 1.1198194806244348
1.1996914478479284 | [-1.32 -4.41 -0.81] | 0.9217553268706458
1.201236169588334 | [-6.88  0.47  7.09] | 0.6993998554660907
1.2030243475889437 | [4.69 9.9  8.25] | 0.7437737827068555
1.2043794918340225 | [15.4   7.13 -2.78] | 0.8504341524052175
1.2057285678111664 | [11.84 -0.12 -2.17] | 1.0864149568519703
1.2072465321196426 | [ 4.82 -7.63 -3.32] | 0.9859166879012655
1.2092951470326547 | [-3.33 -4.04  5.91] | 0.780441372887056
1.2114558085791078 | [1.78 3.51 4.7 ] | 0.7906005085997428
1.2128618645831242 | [15.2   6.35 -0.63] | 0.693522926706752
1.2137355042742755 | [15.    5.19  3.66] | 0.8351271776896365
1.2140661507198305 | [28.31  8.32 -1.18] | 0.3512899657243326
1.2137302441323468 | [25.07  6.41  6.35] | 0.6645438872220407
1.2130637272418627 | [34.3   8.36  1.08] | 0.30216819390414384
1.213044665746547 | [34.1   8.67 -5.87] | 0.07366987332015329
1.213439626667292 | [17.17  4.37 -1.21] | 0.8373136374693908
1.2138658436297345 | [4.65 0.91 4.26] | 1.0393922572991066
1.214179615789522 | [10.31  2.75 -1.66] | 0.9391288364275042
1.2143464308045235 | [ 1.33 -0.08  4.56] | 1.0224330879151666
1.214268896789105 | [ 8.02  1.91 -1.22] | 0.9844968201095278
1.213961019176851 | [ 0.48 -0.68  5.29] | 0.9895351046714981
1.2133590027430314 | [ 4.55  0.95 -1.09] | 0.9999503384045149
1.2124596347512855 | [-0.47 -1.26  5.92] | 0.9458953618321522
1.2112196903230823 | [2.34 2.44 1.73] | 1.0300311979071106
1.2099733418262915 | [12.21  0.46 -7.83] | 0.9858546584994928
1.2088685897606837 | [ 5.78 -1.15  0.03] | 1.1081455228014054
1.207608896854973 | [ 1.67 -1.24 -0.46] | 0.9517947629437388
1.206779260840995 | [-2.19 -0.86  0.11] | 0.7256735413103177
1.2065128713753563 | [-1.2   5.79  3.4 ] | 0.6206889664440102
1.2061755417897675 | [11.13 15.47  5.88] | 0.4564036911902864
1.2057991633553733 | [20.76 12.51 -4.99] | 0.47239894197610666
1.2057633281527687 | [15.72  4.85 -3.91] | 0.9818351574212671
1.206058366246225 | [11.74 -2.4  -3.28] | 1.1371686030655352
1.2067802524795208 | [  1.32 -11.33  -6.76] | 0.9741496502727695
1.2081699250893692 | [ -7.36 -15.71  -6.42] | 0.5101753106088628
1.210507430176196 | [-13.61  -7.51   6.53] | 0.29361324393177674
1.2132038932537026 | [-7.42  0.51  4.97] | 0.40911785567836695
1.215175880215789 | [4.25 9.87 6.52] | 0.43509370283656135
1.2163460826580201 | [17.38 10.14 -1.72] | 0.34069101403873936
1.217197758328185 | [13.94  6.68  3.08] | 0.6433544906627996
1.2177745766678711 | [27.18  9.16 -2.69] | 0.18939046651905322
1.2179176850685984 | [23.9   7.01  4.38] | 0.5031116814206198
1.217530590788095 | [37.14 10.2  -0.29] | -0.21213068518088796
1.2163941778890761 | [39.65 10.2   3.15] | -0.21159492419722792
1.215550942159245 | [44.98 11.1  -2.51] | -0.4381653994547894
1.2158292797826618 | [37.17  7.94  4.91] | 0.15837284459251877
1.2165813830138734 | [28.43  7.05 -3.84] | 0.44428358729524964
1.2177272873099996 | [11.29  2.91  0.86] | 1.0109888190883165
1.2190033273149068 | [13.5   4.16 -4.52] | 0.8505156240135251
1.2202745299565037 | [3.43 1.26 1.63] | 1.0299868537334687
1.2213649761679517 | [10.41  3.38 -3.94] | 0.9163286776511512
1.2222581500581828 | [2.27 0.74 2.52] | 1.0562411590840004
1.22287031479439 | [10.03  2.92 -3.  ] | 0.9757077997169641
1.2232441390361795 | [2.26 0.31 3.47] | 1.1003608977375203
1.2233331635120632 | [ 9.95  2.44 -2.1 ] | 1.035212187554977
1.2231969706991455 | [ 2.15 -0.19  4.34] | 1.118959381758828
1.2227907319845193 | [ 8.19  1.65 -1.65] | 1.0841420844857022
1.22215118347685 | [ 1.38 -0.79  5.02] | 1.0962772539864927
1.2212289206077187 | [ 4.82  0.6  -1.61] | 1.0925604148527273
1.2200532828522588 | [-0.19 -1.5   5.5 ] | 1.0614726185881973
1.2185715566999178 | [ 2.3   0.45 -0.56] | 1.0681074255629088
1.2168905754329953 | [-0.43 -1.34  3.11] | 1.0334972011185555
1.2149868424118286 | [ 2.02  2.05 -1.25] | 1.069949328653052
1.2129374437635148 | [-2.34 -5.62 -0.02] | 1.0370082095653024
1.210590434784118 | [-6.73 -1.17  5.41] | 0.8194260158954927
1.2076971332355557 | [-3.41  5.72  4.93] | 0.8011327581961826
1.2045813073714566 | [ 8.31 15.39  7.46] | 0.7032333570539253
1.201943840025635 | [17.1  12.28 -3.3 ] | 0.8413620944789677
1.2002490300755746 | [12.7   5.17 -2.87] | 1.2694491552378293
1.199649165587944 | [ 9.48 -1.51 -2.9 ] | 1.3772152113882594
1.1999937993538154 | [ -0.13 -10.02  -6.92] | 1.1426835323836924
1.201242164653667 | [ -7.93 -11.05  -3.68] | 0.8199733875870125
1.2035228612326572 | [-14.34  -6.4    5.06] | 0.4893206494203016
1.2060615589358616 | [-8.01  1.53  3.36] | 0.6253668391261724
1.2078172806505276 | [ 6.1  11.65  5.66] | 0.6428977927392763
1.2089639575439624 | [18.99  9.6  -5.39] | 0.5567212529799926
1.2100979402548535 | [15.13  2.43 -4.92] | 0.950972258428268
1.2116250509887878 | [11.56 -4.63 -4.67] | 1.0649664306439723
1.2134786408674296 | [  0.38 -13.93  -8.14] | 0.8345886065795722
1.2157260463280664 | [ -8.76 -17.99  -7.  ] | 0.3588346455950886
1.2185613184116004 | [-15.28  -8.76   7.6 ] | 0.16431781251659766
1.2213717409339413 | [-9.37 -0.78  6.49] | 0.23429074022357121
1.2231012466081543 | [-3.53  6.66  5.92] | 0.24147448037359714
1.2237633259422587 | [10.49 16.77  8.38] | 0.015235720181487888
1.2238494218709244 | [23.26 14.71 -2.63] | -0.10541064945396517
1.2239172615276424 | [19.44  7.55 -1.4 ] | 0.37363810126538993
1.2242445040166945 | [15.75  0.42 -0.11] | 0.689127641899185
1.2245420649728815 | [16.77 -2.83 -2.26] | 0.5730710289292045
1.224111926200832 | [ 3.97 -2.08  8.09] | 0.6275562991193647
1.2225060081468089 | [7.61 1.51 3.75] | 0.645217045446814
1.2199761548819763 | [21.12  6.35  0.44] | 0.35759498195986716
1.217061543145449 | [29.76  9.04 -0.15] | -0.008415461549324377
1.2138806828386237 | [33.47  9.83  2.47] | -0.13880506083161603
1.210288280415452 | [46.6  13.35 -1.94] | -1.1463668028432696
1.2063856203215477 | [40.26 10.75  5.17] | -0.30505168502393487
1.2044698131857605 | [42.86 11.04 -0.58] | -0.24090992778852827
1.204891198271612 | [36.11  8.41  4.22] | 0.5539850421686399
1.2069944597296864 | [42.04  9.7  -0.19] | 0.3061003923394221
1.210258452251742 | [40.5   8.52  2.95] | 0.40597255736886884
1.2139396323067442 | [31.25  7.47 -5.58] | 0.6298377335180347
1.2179351446654263 | [10.88  2.72 -1.65] | 1.2866985523113796
1.222162063116556 | [-3.23 -0.92  3.46] | 1.2135745943002925
1.2262204010547975 | [1.46 6.56 3.04] | 1.1501006707829646
1.2296170327052156 | [10.29  3.09 -8.86] | 1.1041268515147755
1.2323623679365359 | [ 2.59 -5.2  -8.5 ] | 1.1244552333158853
1.2348054501568138 | [-10.11  -5.51   0.06] | 0.9179415846858833
1.2369073660187082 | [-13.93  -0.94   4.48] | 0.6697600930719726
1.2382734256256376 | [-9.73  6.07  3.46] | 0.702133966580079
1.2385260005602037 | [ 4.36 16.04  6.19] | 0.6712171569734333
1.2376569949141942 | [17.34 13.78 -4.37] | 0.6608673978997869
1.2361531445302576 | [13.72  6.4  -3.  ] | 1.0933307705899593
1.234398638834504 | [10.2  -0.93 -1.67] | 1.273770669082677
1.2323587137578194 | [ -3.17 -11.35  -3.94] | 1.0954964715568651
1.2298678049198901 | [-15.77  -9.63   6.94] | 0.6788934294226694
1.2265609806643616 | [-11.76  -2.74   5.86] | 0.7302202522792917
1.2220608863129814 | [-7.85  4.05  4.83] | 0.7677417855034196
1.2163337496520397 | [ 6.26 14.05  7.49] | 0.7165830599851002
1.2097191308412585 | [19.19 11.92 -3.22] | 0.6710891577382117
1.2028305493329614 | [15.48  4.68 -1.98] | 1.1124182854778928
1.1968284438541108 | [ 9.2  -2.71 -1.04] | 1.3049884721989202
1.19307061408545 | [  0.85 -10.18  -6.15] | 1.084067615721654
1.1912233330529887 | [ -5.91 -16.36 -10.6 ] | 0.5578633457610386
1.190948959002161 | [-11.1  -11.06  -2.6 ] | 0.39844499987230014
1.192092609169845 | [-16.22  -5.81   5.33] | 0.058540103233369944
1.1936597600789218 | [-9.08  2.41  3.2 ] | 0.22416660528817645
1.194497621648596 | [ 5.17 12.62  5.23] | 0.2564557719941525
1.1948465385423266 | [18.02 10.64 -5.97] | -0.8138055277353999
Total reward: 101.15490207751878
3.5, 0.3, 0.9, 4.5, 2.5, -0.6, -1.5, -2.5, 3.2, -4.2, 0.2, 4.5, -5.5, 3.0, 4.5, -0.1, -4.8, -3.8, -1.5, 2.5, -2.5, -2.5, -1.0, -4.5, 2.2, -3.0, -0.5, 5.3, 1.8, 3.2, 6.0, 2.0, -4.0, 5.8, 2.2, 0.3
parameter ends

state | action | reward
[1.25] | [10.16  2.6   1.41] | 0.9664893657706388
1.2489887745431263 | [20.16  2.56 -6.87] | 0.6043240200478817
1.24789679844301 | [10.94  1.17  0.83] | 0.9113776021205452
1.2462190925525871 | [17.67  3.88 -3.13] | 0.6781425341357968
1.2439471837423794 | [9.01 1.46 3.46] | 0.9127698254123734
1.2410538576878698 | [17.5   4.03 -2.13] | 0.677861931558813
1.2375359832428088 | [9.01 1.28 4.12] | 0.9044485530856526
1.233391166105337 | [17.59  3.68 -1.65] | 0.6787352632856337
1.2286189672174241 | [9.14 0.85 4.52] | 0.9002589296554864
1.223218894770729 | [17.71  3.22 -1.29] | 0.6798451538070851
1.217191024951947 | [9.19 0.38 4.9 ] | 0.9432926953215914
1.2116982661423796 | [13.77  1.81 -0.31] | 0.9436774136352069
1.207444570864255 | [8.68 0.26 2.44] | 1.1323582191435722
1.2042790009715105 | [13.63  1.8  -2.76] | 1.0735846254586388
1.2020513220779452 | [ 3.92 -1.21  4.03] | 1.1905942513268182
1.2005237169425778 | [ 5.87  0.21 -2.92] | 1.113385415387857
1.2000313435534875 | [ 1.92 -0.51  2.18] | 1.1113628475603585
1.2002279806872347 | [ 6.35  1.18 -4.3 ] | 1.0921406206905677
1.2008363683167902 | [5.05 0.51 1.95] | 1.2262242331999873
1.2017477430228563 | [13.46  2.69 -3.38] | 1.1731579838013462
1.2028205040793016 | [10.81  1.34  3.41] | 1.3911845474139535
1.2039999654573006 | [21.18  3.82 -1.37] | 1.115906070902874
1.2052849305692337 | [10.12  1.05  3.55] | 1.303279636900419
1.2066028918563192 | [13.61  2.48 -3.08] | 1.145757755235834
1.207706358904522 | [ 3.04 -0.68  2.66] | 1.25765351100685
1.2084548663247379 | [ 7.69  1.04 -3.77] | 1.1656012302708147
1.2089074715411527 | [ 2.06 -0.69  2.24] | 1.1706424033964828
1.2092803216251555 | [ 6.92  1.1  -4.43] | 1.1030744074249041
1.2095496180509484 | [5.37 0.36 1.83] | 1.2200250146978115
1.2097199335219293 | [14.01  2.61 -3.76] | 1.1281333895038443
1.2097134748034484 | [10.42  1.23  2.46] | 1.2235347886608583
1.209661883665829 | [15.72  2.91 -3.81] | 1.0200518991069216
1.2096770585232557 | [8.14 1.1  1.21] | 1.1861227552231035
1.2097421844330318 | [15.01  3.07 -4.67] | 0.9855388411051196
1.2097993929256696 | [8.09 1.28 0.68] | 1.1524565070398536
1.2098208433717832 | [12.99  2.59 -3.17] | 1.0194421929045383
1.209838629442537 | [6.6  0.98 2.05] | 1.1457039861486553
1.2098717135539505 | [14.1   3.05 -3.74] | 0.9719256009055172
1.2098811504696811 | [7.54 1.34 1.6 ] | 1.126926764036433
1.2098884886672574 | [14.97  3.39 -4.18] | 0.9473730148564544
1.2097260096943874 | [7.46 1.12 1.65] | 1.1468612901051913
1.2094307710540761 | [14.79  3.16 -4.06] | 0.971819052346253
1.2090378413674792 | [7.59 1.09 1.64] | 1.1563724513191476
1.208636971560596 | [14.8   3.09 -4.06] | 0.9745371537182633
1.2083090065721722 | [8.25 1.4  1.26] | 1.1441339294838628
1.2080708229155595 | [15.37  3.38 -4.46] | 0.9685380763484792
1.20767520235873 | [7.54 0.97 1.56] | 1.184650137705512
1.2072190309807513 | [14.61  2.94 -4.12] | 1.0088063310819577
1.2068829704483055 | [8.07 1.27 1.18] | 1.1766933994275033
1.2066661076305814 | [15.13  3.23 -4.53] | 1.0024602198287011
1.206369446450734 | [7.47 0.91 1.38] | 1.2127070899940526
1.2060227045412448 | [14.51  2.88 -4.31] | 1.0386121186507604
1.2057886909788675 | [7.92 1.16 1.01] | 1.2093494458864034
1.205660453881385 | [14.98  3.12 -4.7 ] | 1.0422129971199152
1.2053622262829171 | [6.69 0.44 1.55] | 1.2674856711522466
1.204888856926172 | [13.69  2.4  -4.14] | 1.1067607562412511
1.2045688200332945 | [7.37 0.82 1.05] | 1.257969648949428
1.204385431040218 | [14.46  2.78 -4.67] | 1.081818362998377
1.2042800935245257 | [7.86 1.04 0.64] | 1.2457528544208887
1.204210317330538 | [12.34  2.2  -2.94] | 1.1337819191520881
1.204210393565827 | [6.05 0.63 2.13] | 1.2499856324558989
1.2042750933853148 | [13.38  2.64 -3.68] | 1.093769495428273
1.2043543892232247 | [6.9  0.96 1.53] | 1.2383080447138641
1.2044492317221709 | [14.3   2.98 -4.27] | 1.0618468210687946
1.2045120851239308 | [7.6  1.18 1.05] | 1.231106158363809
1.2045582957089813 | [14.98  3.2  -4.73] | 1.0563782411429736
1.2043128412306916 | [6.56 0.42 1.49] | 1.284771647843097
1.203761055897874 | [13.81  2.45 -4.22] | 1.115694116185871
1.2032918980480753 | [7.53 0.87 0.93] | 1.2665694248660646
1.2029060544247285 | [14.25  2.7  -4.39] | 1.0978925878094195
1.2025692681764861 | [7.79 1.03 0.79] | 1.2572470315065853
1.2022737353021313 | [13.51  2.55 -3.72] | 1.1142070160218844
1.202021399201046 | [7.12 0.92 1.37] | 1.2597366896354365
1.201821164591614 | [14.47  2.93 -4.43] | 1.0810602616356564
1.2016224773360222 | [7.86 1.19 0.79] | 1.2471221501186676
1.2014217121349324 | [13.63  2.71 -3.72] | 1.1018066957693584
1.2012242927249022 | [7.15 1.03 1.4 ] | 1.251661287937417
1.2010449500754115 | [14.56  3.05 -4.4 ] | 1.0709552358779133
1.200837311541963 | [7.89 1.27 0.84] | 1.2418325629811735
1.2006101230663233 | [14.07  2.91 -3.99] | 1.0972817296229933
1.2001489570837327 | [6.67 0.7  1.65] | 1.274694403837774
1.1996252570218269 | [14.02  2.71 -4.12] | 1.1053956664318683
1.199146940727008 | [7.66 1.09 0.96] | 1.2636395674817777
1.1987247485238428 | [14.71  2.99 -4.58] | 1.0846619315293846
1.1983159859286376 | [8.15 1.27 0.58] | 1.2506031482931457
1.197906064909102 | [12.37  2.32 -2.7 ] | 1.1436037936465955
1.1975519674675312 | [6.23 0.81 2.16] | 1.2596508597427183
1.197256655032872 | [13.7   2.84 -3.67] | 1.0985331546687631
1.196970782550385 | [7.34 1.21 1.33] | 1.2492251274386534
1.1967072276288842 | [14.81  3.22 -4.48] | 1.0639020721863304
1.1964141355704905 | [8.21 1.47 0.68] | 1.2346437435471467
1.1960907766695588 | [13.2   2.75 -3.18] | 1.107286976254577
1.1957714135235245 | [6.89 1.14 1.78] | 1.2287868539139273
1.1953021937764303 | [15.    3.39 -3.98] | 1.0282707185223812
1.194720058778618 | [8.45 1.66 1.01] | 1.2117928444538029
1.1941981179478025 | [15.65  3.59 -4.81] | 1.0200300293276663
1.193680009007503 | [8.92 1.76 0.4 ] | 1.2056495501405495
1.1931549443158398 | [11.64  2.36 -1.77] | 1.1313199556219278
1.1927214392928076 | [5.65 0.91 2.94] | 1.2305398651543797
1.192373021107338 | [13.14  2.92 -2.9 ] | 1.0876782187230325
1.1920577214935324 | [6.9  1.35 1.97] | 1.2234541818135294
1.1917830573758303 | [14.39  3.36 -3.85] | 1.0518972095126027
1.1914928303064645 | [7.89 1.64 1.19] | 1.2208718413594337
1.1912080131765856 | [15.31  3.64 -4.62] | 1.0289194867738718
1.1908712047178267 | [8.58 1.81 0.59] | 1.2126306018918123
1.1904863640709118 | [12.9   2.87 -2.74] | 1.1022380012215174
1.1901088793735344 | [6.61 1.26 2.16] | 1.2249219000080631
1.1896579513314554 | [14.54  3.44 -3.62] | 0.040159370716983306
Total reward: 118.82992261227677
3.5, 0.3, 0.9, 4.5, 2.5, -0.6, -1.5, -2.5, 3.2, -4.2, 0.2, 4.5, -5.5, 3.0, 4.5, -0.1, -4.8, -3.8, -1.5, 2.5, -2.5, -2.5, -1.0, -4.5, 2.2, -3.0, -0.5, 5.3, 1.8, 3.2, 6.0, 2.0, -4.0, 5.8, 2.2, 0.3
parameter ends

state | action | reward
[1.25] | [10.12  2.57  1.42] | 0.9393490126157236
1.2470711324275985 | [18.81  1.6  -7.95] | 0.6294438432455826
1.2459882336329204 | [10.4   0.75  0.39] | 0.9117094372765643
1.2443611396379226 | [13.77  2.59 -0.63] | 0.8101549738853158
1.2421415344472786 | [8.53 1.27 3.89] | 0.9184911788512405
1.2392518869436162 | [17.13  3.9  -1.64] | 0.6946719993816108
1.2357363837641913 | [8.66 1.17 4.63] | 0.9073433877876178
1.2315937558353156 | [17.24  3.57 -1.15] | 0.693733932672019
1.226824078327057 | [8.77 0.73 4.99] | 0.9022755525934094
1.2214273128557902 | [17.3   3.08 -0.85] | 0.6985390672962232
1.2154144010828662 | [9.68 0.54 4.53] | 0.9488047332908474
1.2101263877614226 | [14.25  1.97 -0.7 ] | 0.9286147189845989
1.206017715215533 | [ 6.3  -0.48  4.33] | 1.0916568795393766
1.2028474442645 | [ 8.98  0.77 -1.71] | 1.0922021103893775
1.2009914149807703 | [6.32 0.13 4.23] | 1.1842463221666975
1.200165989276187 | [12.19  1.89 -1.33] | 1.0899638712044315
1.2001503944763674 | [5.68 0.54 3.53] | 1.1733594142044979
1.2006856937420756 | [11.84  2.34 -2.17] | 1.0581899890878683
1.2016010203682588 | [5.45 0.85 2.92] | 1.1534010068149976
1.2027437667628673 | [12.37  2.81 -2.79] | 1.0201053035430263
1.2040036146551907 | [5.78 1.11 2.55] | 1.136814481040864
1.20530873951718 | [13.07  3.15 -3.2 ] | 0.9868141824412933
1.206581307126259 | [6.17 1.26 2.34] | 1.124160557135571
1.2077859355575749 | [13.63  3.33 -3.43] | 0.9678657004098773
1.2087941412940817 | [5.69 0.81 2.59] | 1.1464651327687119
1.2094715944443153 | [13.21  2.92 -3.14] | 1.0086217521883194
1.2098511468756268 | [4.85 0.15 3.11] | 1.178232822363949
1.2098936187828595 | [12.26  2.25 -2.58] | 1.038115333710135
1.2099831384441981 | [6.05 0.73 2.72] | 1.1414620361836352
1.2101173542635548 | [13.48  2.8  -3.04] | 0.9830695997481839
1.2102593518988494 | [6.98 1.13 2.32] | 1.116588274930159
1.2104167244451898 | [14.37  3.18 -3.45] | 0.9455606694780248
1.2105094266170855 | [7.38 1.24 2.12] | 1.1089125818076786
1.2105561855548503 | [14.69  3.29 -3.63] | 0.9478011563086912
1.2103518432903877 | [6.41 0.59 2.59] | 1.1507423606933134
1.20991836408746 | [13.6   2.63 -3.09] | 0.9906318170551575
1.2096026033299898 | [7.34 1.1  2.15] | 1.121792991446182
1.2094094994379112 | [14.52  3.11 -3.56] | 0.9475735653227685
1.209289766035743 | [7.95 1.43 1.78] | 1.1052778017169613
1.2092523395983714 | [15.09  3.42 -3.94] | 0.9212267067294595
1.209246612681499 | [8.28 1.6  1.53] | 1.098393074451233
1.2092873046973522 | [15.4   3.6  -4.19] | 0.9250254031643722
1.2091355363130445 | [6.99 0.85 2.13] | 1.1558697679913978
1.2087607638410782 | [14.06  2.84 -3.52] | 1.0089969152581602
1.2082789286192455 | [6.48 0.57 2.42] | 1.1796597781835052
1.207826923520007 | [13.48  2.54 -3.26] | 1.0267827783183552
1.2075504378521125 | [7.23 1.02 1.93] | 1.161426620772826
1.2074323966393128 | [14.32  3.   -3.78] | 0.9924503797958548
1.2074156882262248 | [7.75 1.3  1.54] | 1.1518233680341738
1.2074937448597425 | [14.85  3.28 -4.18] | 0.9714884505359196
1.2076097591341106 | [8.04 1.45 1.28] | 1.1494823190072017
1.2077681944284626 | [15.17  3.44 -4.45] | 0.9777583286715192
1.2077270259479842 | [6.76 0.68 1.85] | 1.207208134857834
1.2074493494389598 | [13.85  2.68 -3.82] | 1.0622084886709828
1.2070271667160648 | [6.09 0.29 2.21] | 1.2382547195552416
1.2065690645932217 | [13.11  2.26 -3.48] | 1.0890232019572532
1.206283174601102 | [6.98 0.78 1.64] | 1.2196078260647107
1.2061520893717332 | [14.11  2.76 -4.08] | 1.0511705445591515
1.2061158767597382 | [7.64 1.1  1.17] | 1.2098757201658294
1.2061688435926399 | [14.81  3.08 -4.56] | 1.026243158384251
1.2062521557874928 | [8.06 1.28 0.83] | 1.2014876844512734
1.2063521235584962 | [13.99  2.89 -3.9 ] | 1.0581267084312025
1.2063099115228146 | [6.57 0.68 1.84] | 1.2325167961055106
1.2061937205662425 | [13.8   2.69 -3.9 ] | 1.0673587568045968
1.2061234994800472 | [7.29 1.01 1.37] | 1.2201048415326647
1.2061037450861833 | [14.57  3.01 -4.38] | 1.0530685198058862
1.2059001858295 | [6.86 0.64 1.52] | 1.2504378069864068
1.2055855104077968 | [14.06  2.64 -4.21] | 1.079498596443674
1.2053409627602014 | [7.6  0.99 1.03] | 1.238745660181685
1.2051725797289312 | [14.83  2.98 -4.71] | 1.059316908622783
1.2049399843985995 | [7.62 0.9  0.92] | 1.252387364188078
1.2046610666254653 | [14.18  2.7  -4.31] | 1.0865175772998448
1.2044342964557455 | [7.64 1.   0.94] | 1.2491671051840834
1.2042629578147563 | [14.41  2.85 -4.45] | 1.0916233706850509
1.2038994292856149 | [6.81 0.54 1.38] | 1.282906825952836
1.2034817090637515 | [13.98  2.53 -4.37] | 1.1134488250322572
1.2031462887806004 | [7.6 0.9 0.8] | 1.2670100010777534
1.202876781901496 | [13.37  2.44 -3.77] | 1.1247461724984846
1.2026683968133016 | [7.02 0.83 1.32] | 1.2678523346203738
1.2025246539390657 | [14.33  2.83 -4.47] | 1.0911989015143342
1.202392617775147 | [7.76 1.1  0.76] | 1.2540306145619213
1.2022599869571005 | [13.29  2.56 -3.57] | 1.11587677377493
1.2021388445764156 | [6.86 0.91 1.54] | 1.2569402942888948
1.2020389356519061 | [14.28  2.93 -4.27] | 1.0808520023373585
1.2019138040773032 | [7.66 1.17 0.96] | 1.247903064111539
1.2017780683709747 | [14.75  3.1  -4.58] | 1.0761623831194924
1.2014292529608115 | [7.12 0.76 1.2 ] | 1.2797700895008106
1.200928329220754 | [14.44  2.77 -4.55] | 1.099749833207491
1.2004612379457884 | [7.97 1.1  0.62] | 1.259595054899312
1.2000120564628243 | [12.49  2.24 -2.89] | 1.1460453300397404
1.1996279891489752 | [6.35 0.74 2.  ] | 1.2645170118984286
1.1993134562041317 | [13.77  2.76 -3.82] | 1.1011267600534926
1.1990192825166581 | [7.41 1.13 1.22] | 1.2535544746004252
1.1987573927101238 | [14.84  3.15 -4.59] | 1.067022458344772
1.1984762007954577 | [8.23 1.39 0.6 ] | 1.236118733362533
1.1981650235499643 | [12.62  2.49 -2.78] | 1.1233604731181706
1.1978788434844672 | [6.41 0.95 2.12] | 1.2407635913500965
1.1975804484054238 | [14.13  3.05 -3.69] | 1.0655086901487385
1.1972310298218563 | [7.7  1.39 1.31] | 1.2253618752764868
1.1969079495224892 | [15.1   3.39 -4.5 ] | 1.0370313412376864
1.1965594204638945 | [8.46 1.61 0.68] | 1.214471212649265
1.1961887270101481 | [13.39  2.87 -3.17] | 1.0870795213180386
1.1958292944133309 | [7.04 1.25 1.81] | 1.228832933903932
1.195497115083352 | [14.51  3.26 -4.01] | 1.0534690910100784
1.1951431995253827 | [7.94 1.52 1.11] | 1.2256192942452697
1.1947938329887926 | [15.34  3.52 -4.7 ] | 1.032918695870625
1.194397567656626 | [8.58 1.67 0.56] | 1.2162406748814163
1.1939562152515022 | [12.62  2.67 -2.57] | 1.1121829475972347
1.1935373935751796 | [6.37 1.08 2.32] | 1.2361582540706861
1.1931519697897903 | [13.88  3.11 -3.5 ] | 1.0756532224448798
1.1927543522516462 | [7.43 1.42 1.52] | 1.223349557018201
1.1922768305108724 | [15.16  3.53 -4.27] | 1.0291267247717952
1.191723664207332 | [8.51 1.73 0.84] | 1.2155695915021536
1.19118501013778 | [14.59  3.33 -4.01] | 1.059230093255299
1.190648625008651 | [8.01 1.57 1.08] | 1.237118365375113
1.1901410215567956 | [15.3   3.52 -4.71] | 1.06317642076711
1.1893648438581186 | [7.2  0.93 1.3 ] | 0.29631474325857676
Total reward: 127.14205818730049
3.5, 0.3, 0.9, 4.5, 2.5, -0.6, -1.5, -2.5, 3.2, -4.2, 0.2, 4.5, -5.5, 3.0, 4.5, -0.1, -4.8, -3.8, -1.5, 2.5, -2.5, -2.5, -1.0, -4.5, 2.2, -3.0, -0.5, 5.3, 1.8, 3.2, 6.0, 2.0, -4.0, 5.8, 2.2, 0.3
parameter ends

state | action | reward
[1.25] | [10.13  2.55  1.42] | 0.9196816913733583
1.2543721230621832 | [18.7   4.13 -5.22] | 0.6321765161347996
1.2533436544167562 | [10.23  1.73  1.44] | 0.9123027032770352
1.2516897114259908 | [18.81  4.37 -4.06] | 0.6301357039587773
1.2494100191972457 | [10.34  1.71  2.3 ] | 0.9032781025675647
1.2465036108503897 | [18.92  4.19 -3.37] | 0.6307633886123037
1.2429706740418456 | [10.45  1.43  2.89] | 0.8978532928952473
1.238810564065317 | [19.02  3.87 -2.83] | 0.6323727939988592
1.2340236735418708 | [10.54  1.08  3.39] | 0.8933402543342203
1.228609479963462 | [19.11  3.5  -2.35] | 0.6340052746646809
1.222568446073607 | [10.62  0.7   3.86] | 0.9038042450530517
1.2162723443051942 | [16.64  2.5  -1.58] | 0.8115766083208498
1.211135648468802 | [ 5.96 -0.7   5.35] | 1.028764244658025
1.2070830725821804 | [ 7.07  0.2  -0.78] | 1.0493812899075332
1.203971359535667 | [-0.28 -2.17  4.92] | 1.0409307006077002
1.2014848175349477 | [ 0.69  0.06 -0.14] | 1.0214893631569406
1.199907538162771 | [ 1.13 -0.08 -0.88] | 0.9685437104448471
1.1994699633317407 | [-2.1  -0.93  2.01] | 0.8259466776220598
1.199623443032258 | [2.82 6.83 0.85] | 0.8249326188014311
1.1998971628697515 | [11.48  3.53 -9.02] | 0.8722016986347286
1.2005942752289671 | [ 7.87 -3.56 -8.53] | 0.9472151893827511
1.2017764737818546 | [-1.49 -5.47 -4.66] | 0.7650747374152056
1.2036468861964793 | [-9.04 -1.33  4.71] | 0.4666038968701066
1.2055503095243711 | [-3.53  6.25  3.44] | 0.45424067364629234
1.2065093419106532 | [10.51 16.31  6.01] | 0.24749461786713023
1.2066728719690738 | [23.38 14.18 -4.73] | 0.07645077951524049
1.206613967881067 | [19.59  6.96 -3.71] | 0.5573036456594755
1.2066069397276058 | [15.96 -0.26 -2.35] | 0.8296128559515416
1.2064468778560755 | [ 5.47 -9.76 -3.42] | 0.9188877848428287
1.2058769193776753 | [ -7.67 -12.76   2.6 ] | 0.6254333616969016
1.2045874454125653 | [-1.52 -3.56  2.06] | 0.6358884008384666
1.2027392057950101 | [4.16 4.18 0.47] | 0.5973594302562467
1.2003711176597414 | [13.31  6.1  -2.11] | 0.5258775594858495
1.1983893747543006 | [11.21  5.03  3.36] | 0.7262476646890454
1.1974267428514451 | [20.55  7.13 -2.03] | 0.5717364176499037
1.1974408314469958 | [16.33  5.26  4.45] | 0.8909511659093943
1.198419638828063 | [25.36  7.39 -0.64] | 0.683752102011103
1.2002798032427437 | [22.46  5.81  4.47] | 1.000434980659657
1.2028796126538455 | [31.27  7.9  -0.29] | 0.7056829489563965
1.2061697196342822 | [30.73  7.05  3.04] | 0.9303884471414032
1.209885406526784 | [39.52  9.06 -1.41] | 0.460818092791361
1.213684063563135 | [34.36  6.59  6.51] | 0.7691199316415185
1.2170599095317405 | [26.68  5.83 -2.35] | 0.8689224414799582
1.220502559865659 | [6.62 1.05 1.38] | 1.3416194444264729
1.2239067551511773 | [ 9.69  2.65 -5.37] | 1.145575810090264
1.2270313004251399 | [-1.05 -0.47  0.39] | 1.172771830412632
1.2297776145772474 | [0.43 5.8  3.88] | 1.1112011537134034
1.2317360860512616 | [10.12  5.98 -4.2 ] | 1.08359637761888
1.2329543834474088 | [ 2.68 -2.68 -4.25] | 1.209389046288661
1.2337883729421508 | [-10.86 -12.63  -6.11] | 0.7822779134603435
1.2343620304991352 | [-23.31 -10.46   5.01] | 0.23680674410232394
1.2343900235967233 | [-19.22  -3.47   3.82] | 0.3587141572115559
1.2334252033450426 | [-15.25   3.39   2.71] | 0.4609717966168128
1.231206327369355 | [-1.1  13.32  5.4 ] | 0.578374289381315
1.2277102245861609 | [12.85 23.23  8.09] | 0.1573714408166773
1.2231166180113613 | [25.65 20.97 -2.56] | 0.008754029399489438
1.2180372213283084 | [21.84 13.62 -1.26] | 0.6104648790051741
1.2129224943497814 | [1.81e+01 6.36e+00 6.93e-03] | 1.0766359787398945
1.2077043295392924 | [22.82  1.76 -4.68] | 1.0579016352671893
1.2028551155250624 | [21.96 -4.02 -5.41] | 1.0849600084470232
1.1994027288547422 | [ 11.52 -12.37  -9.74] | 1.113014566550616
1.1978021183540362 | [  2.72 -20.26 -14.43] | 0.7223846566141546
1.1976715334341268 | [ -4.67 -27.79 -19.4 ] | -0.0576830749276509
1.198918755865496 | [ -9.82 -19.17  -7.31] | 0.20656401958414805
1.2018098259971812 | [-14.42  -7.53   7.63] | 0.10230692141049857
1.2055885867241896 | [-7.37  1.56  6.22] | 0.26436774994482726
1.208900720185908 | [ 6.8  11.74  8.42] | 0.23158431897930315
1.2114511680776558 | [20.01 12.91  1.15] | 0.08457106930976888
1.2132562663940691 | [33.18 14.92 -4.9 ] | -0.557126236801313
1.2146077728771987 | [29.72 12.3   1.41] | -0.11692114522406483
1.215431116790206 | [42.89 15.15 -3.53] | -1.0390597119746021
1.2155929554507778 | [39.46 13.06  3.9 ] | -0.49994643844598086
1.2159427699916079 | [45.36 13.74 -2.18] | -0.7606462197109689
1.2170794581376987 | [37.99 10.45  4.86] | 0.02772315628916111
1.2185568822670316 | [35.44 10.34 -2.63] | -0.08338393458664517
1.2204768245321136 | [15.47  5.56  1.12] | 0.7960994268800126
1.222606965938225 | [17.68  6.95 -5.56] | 0.5712522042544825
1.2247536725974935 | [6.74 3.86 0.29] | 0.8394244341566506
1.2266290641064928 | [ 8.45  4.39 -1.15] | 0.7806327987749703
1.228125003557757 | [0.14 1.66 5.12] | 0.8489752030327581
1.2291592572194752 | [ 8.61  4.18 -0.25] | 0.815715588840849
1.2296866031613884 | [7.11 3.36 1.6 ] | 0.8871052428568692
1.2298424872946954 | [14.7   5.34 -4.05] | 0.7252616988657543
1.2297940437572177 | [6.81 2.7  2.38] | 0.9576740794019608
1.229533674385224 | [14.15  4.69 -3.21] | 0.816403206659934
1.229151308019245 | [6.11 2.06 3.25] | 1.024175701319693
1.2286137183965633 | [13.23  4.01 -2.36] | 0.9092514505285765
1.2280096966634237 | [5.05 1.37 4.1 ] | 1.0867729784470033
1.2272849114125135 | [12.05  3.3  -1.53] | 1.0005881056489838
1.2265200808828518 | [3.79 0.64 4.89] | 1.1426099344746758
1.2256469334035227 | [10.69  2.55 -0.77] | 1.0924032243236517
1.224749920836767 | [4.19 0.42 4.31] | 1.2067365893071607
1.2237850635754008 | [10.92  2.29 -1.38] | 1.1458010095849835
1.22282345025546 | [ 2.62 -0.4   5.04] | 1.2254722319983675
1.22177659986614 | [ 7.29  1.15 -1.22] | 1.2598102534991402
1.2206667192087863 | [ 3.48 -0.8   6.31] | 1.2953964567436294
1.2194446602406694 | [ 6.37  0.43 -0.45] | 1.3131239483322381
1.2182174631055251 | [ 4.11 -0.69  3.09] | 1.3414320292631459
1.2169719347362327 | [ 7.32  0.6  -3.5 ] | 1.3173218597165404
1.2157168947991919 | [ 1.84 -1.62  3.62] | 1.3538107392837306
1.2143532273399542 | [ 3.93 -0.52 -3.32] | 1.2616288223441987
1.2129367589578228 | [-6.58 -3.66  2.45] | 1.0978021697154063
1.2112689760678659 | [-3.03  3.42  1.87] | 1.1128965503303971
1.2093761873636704 | [ 8.45 12.88  4.63] | 1.0834981891146946
1.2076235138870677 | [17.52  9.67 -6.13] | 1.153738001787997
1.2062417556928349 | [12.04  1.78 -4.89] | 1.6223940714518692
1.205067453707933 | [ 7.03 -6.01 -3.7 ] | 1.7586584276328914
1.2038022370615922 | [ -6.54 -16.47  -5.93] | 1.3693280976359838
1.202283769412444 | [-18.99 -14.59   5.12] | 0.9250112573802447
1.2003875140715112 | [-13.02  -6.65   3.62] | 1.073548557835505
1.198818694103213 | [-4.23  2.59  0.78] | 1.1861903521638604
1.1972697076381935 | [ 9.54 12.84  3.57] | 1.080399320702297
1.195120810860162 | [22.43 10.68 -7.62] | 0.8733192271161119
1.192883905519055 | [18.93  3.69 -7.79] | 1.3118576062220404
1.1915891701425587 | [15.61 -3.14 -8.09] | 1.463969140556251
1.1912043891675166 | [  5.91 -11.72 -12.36] | 1.3398515504771318
1.1918163037149172 | [ -2.85 -19.93 -16.98] | 0.7615540879471479
1.1936539636190053 | [ -9.14 -12.3   -5.25] | 0.8758513977829656
1.1970191952325557 | [-15.08  -6.06   4.43] | 0.6086902447188303
1.2010673264096985 | [-8.7   2.    2.52] | 0.7462102014689403
1.2044742701633744 | [ 5.42 12.13  4.86] | 0.7733930532380198
1.2070834937645931 | [18.44 10.58 -5.4 ] | 0.6835947242183702
1.2093360417535386 | [14.63  3.28 -4.76] | 1.0922561089720881
1.2116112585432273 | [11.35 -0.22 -0.23] | 1.2443998573993076
1.2136591565178698 | [8.9  0.58 2.43] | 1.3032906662233432
1.2150775306184083 | [20.32  4.5  -1.73] | 1.0411827936538005
1.2159204389359393 | [17.24  3.28  6.31] | 1.2443773069114532
1.2161035997325658 | [30.71  6.92  2.17] | 0.7289559050696716
1.2152031223136637 | [44.01 10.4  -1.88] | -0.21251876364944566
1.2132896318874213 | [40.67  8.6   6.1 ] | 0.1784373416486018
1.2101114598039207 | [53.85 11.85  2.26] | -1.131683687334922
1.205647077304541 | [46.93 10.93 -6.96] | -0.7482363649707846
1.2022954797780285 | [23.86  5.18 -4.06] | 0.8161782176738391
1.2000437339420127 | [8.35 1.1  0.67] | 1.296213052270916
1.1984007737899884 | [ 9.41  1.56 -3.75] | 1.2586989791725862
1.1971049012630885 | [-0.18 -1.4   2.4 ] | 1.301562818274024
1.1960131124166151 | [ 1.81  0.37 -3.87] | 1.2741933541796535
1.194960613385633 | [-4.55 -2.49  2.5 ] | 1.2039397881881067
1.193793899159184 | [-1.56  4.5   1.73] | 1.2045099250044202
1.1925965079749625 | [ 9.7  13.82  4.45] | 1.1413532404888016
1.191363275587171 | [18.76 10.45 -6.31] | 1.2042211630786166
1.1902000584906796 | [13.35  2.45 -5.05] | 1.7040333191987966
1.1889295866760392 | [ 8.47 -5.44 -3.82] | 1.8659532974543043
1.187453259371896 | [ -5.14 -15.9   -6.15] | 1.5337936060082593
1.185918949679252 | [-17.68 -13.98   4.72] | 1.129286145198015
1.1844419181298254 | [-10.55  -5.45   2.54] | 1.3005833056269809
1.1836479435115415 | [-2.48  3.5  -0.17] | 1.3384600108846125
1.1831987514955977 | [ 4.98 11.89  7.61] | 1.252696184871191
1.1823148759738356 | [18.02  9.65 -3.56] | 1.2408795230561662
1.180954158494186 | [15.8   2.83 -3.89] | 1.5739506354831625
1.1797448904128345 | [14.15 -3.76 -4.4 ] | 1.6544006442564638
1.1791441421734195 | [  4.73 -12.31  -9.15] | 1.5363701764483049
1.179733826309701 | [ -3.73 -20.49 -14.2 ] | -0.015594155525975428
Total reward: 126.87689408064247
